gene,score
CHI3L1_RNA,0.9843598008155823
NNMT_RNA,0.8751956820487976
S100A4_RNA,0.7458857297897339
SERPINE1_RNA,0.728884756565094
TGFBI_RNA,0.7245931029319763
TNFRSF12A_RNA,0.7156676650047302
S100A6_RNA,0.7061020135879517
SRPX2_RNA,0.7059807181358337
SOCS3_RNA,0.6889824867248535
TIMP1_RNA,0.6889256834983826
LGALS3_RNA,0.6844566464424133
EMP3_RNA,0.6778979301452637
IGFBP2_RNA,0.6752493381500244
GDF15_RNA,0.6741794943809509
IBSP_RNA,0.6681710481643677
LGALS1_RNA,0.6661847829818726
PCOLCE_RNA,0.661567747592926
TREM1_RNA,0.6613953113555908
ANXA2_RNA,0.6599278450012207
S100A11_RNA,0.6554006934165955
TAGLN2_RNA,0.6534268260002136
LIF_RNA,0.6440327167510986
VSIG4_RNA,0.6415615677833557
PLAU_RNA,0.6412948966026306
SRPX_RNA,0.641192615032196
CLIC1_RNA,0.6347560882568359
SERPINA1_RNA,0.6336101293563843
MT2A_RNA,0.6323453783988953
CSTA_RNA,0.6288906335830688
CHRNA9_RNA,0.6251999735832214
COL6A2_RNA,0.6182103157043457
ST14_RNA,0.6167310476303101
VAMP8_RNA,0.6149347424507141
FMOD_RNA,0.6135579347610474
CCL2_RNA,0.6125099658966064
PTX3_RNA,0.6104837656021118
EMP1_RNA,0.6069416403770447
HOXB7_RNA,0.6049440503120422
CD163_RNA,0.6045891046524048
S100A10_RNA,0.603633463382721
CEBPD_RNA,0.6034413576126099
CD63_RNA,0.6024691462516785
ARSI_RNA,0.6023560166358948
VAMP5_RNA,0.601035475730896
ABCC3_RNA,0.6002098321914673
POSTN_RNA,0.5991888642311096
TNFAIP6_RNA,0.5979705452919006
FZD7_RNA,0.5965850353240967
C1R_RNA,0.5963366627693176
SPOCD1_RNA,0.5853704214096069
FBLIM1_RNA,0.584861159324646
PRDX4_RNA,0.5803831219673157
RAB20_RNA,0.5759998559951782
SLPI_RNA,0.575650691986084
TMEM158_RNA,0.5752586722373962
PLAUR_RNA,0.5751980543136597
TYROBP_RNA,0.5750926733016968
FPR1_RNA,0.5726668238639832
STEAP3_RNA,0.57261061668396
ALOX5AP_RNA,0.5719578266143799
CA12_RNA,0.5698351860046387
MEOX2_RNA,0.5681585669517517
BCL3_RNA,0.5669534206390381
PLP2_RNA,0.5667464137077332
NKX2-5_RNA,0.5663844347000122
MRC2_RNA,0.5645167827606201
SERTAD1_RNA,0.5632103681564331
UPP1_RNA,0.5620003342628479
SRGN_RNA,0.560752809047699
MMP19_RNA,0.5587440729141235
MS4A4A_RNA,0.55853670835495
TMSB10_RNA,0.5569250583648682
HSPB1_RNA,0.5564964413642883
CARD16_RNA,0.5557951331138611
SLC16A3_RNA,0.5547234416007996
S100A9_RNA,0.5546922087669373
CD14_RNA,0.5540865659713745
SERPINH1_RNA,0.5537927746772766
CNN2_RNA,0.5529588460922241
LOXL2_RNA,0.5525318384170532
C5AR1_RNA,0.5498447418212891
NPC2_RNA,0.5493291616439819
GPX1_RNA,0.5491229891777039
SPP1_RNA,0.5488196611404419
SLC11A1_RNA,0.545939028263092
NAMPT_RNA,0.5439780354499817
CLCF1_RNA,0.5423285961151123
CNIH3_RNA,0.5415655970573425
ADM_RNA,0.5410822629928589
CCL20_RNA,0.5388764142990112
LRRN4CL_RNA,0.5383651852607727
MMP14_RNA,0.5382875800132751
FAM20C_RNA,0.5371144413948059
IGFBP3_RNA,0.5352310538291931
FOSL1_RNA,0.5339881181716919
VDR_RNA,0.532825767993927
PLIN2_RNA,0.531055212020874
PDPN_RNA,0.5280744433403015
TEAD2_RNA,0.5277854800224304
C1QA_RNA,0.5272989273071289
PI3_RNA,0.5269020199775696
EFEMP1_RNA,0.5265703201293945
THBS1_RNA,0.5258040428161621
C1QC_RNA,0.5232662558555603
C1QB_RNA,0.5218350887298584
SLC22A18_RNA,0.51976776123046875
CD44_RNA,0.5197027325630188
RGS1_RNA,0.5193349123001099
TSPO_RNA,0.5192505717277527
CPVL_RNA,0.5191608667373657
FCER1G_RNA,0.5179528594017029
C1S_RNA,0.5175973176956177
CYBA_RNA,0.5165978074073792
EMILIN1_RNA,0.5147675275802612
ADAM8_RNA,0.5141636729240417
CXCR4_RNA,0.5126368403434753
ANXA1_RNA,0.5121002793312073
ITGA5_RNA,0.5110587477684021
AGPAT2_RNA,0.5107535719871521
S100A8_RNA,0.5102416276931763
CTSB_RNA,0.5096983909606934
COL5A1_RNA,0.5072727203369141
IL2RA_RNA,0.506355345249176
PROS1_RNA,0.5055550932884216
MSR1_RNA,0.5053257346153259
TGFB1I1_RNA,0.5049039125442505
CASP4_RNA,0.5029317140579224
SAA1_RNA,0.5005646347999573
IGFBP7_RNA,0.49977970123291016
PRF1_RNA,0.4991297721862793
RRAS_RNA,0.4982900023460388
CD300A_RNA,0.4978637099266052
EIF4EBP1_RNA,0.4976361095905304
FCGR2A_RNA,0.4969852566719055
RPS18_RNA,0.49663329124450684
EREG_RNA,0.4960225820541382
LY96_RNA,0.4940614104270935
EFEMP2_RNA,0.4939286708831787
MMP7_RNA,0.4931296408176422
OSM_RNA,0.4926685094833374
ALOX15B_RNA,0.49186691641807556
MS4A6A_RNA,0.4917460083961487
CDKN1A_RNA,0.4914338290691376
SEC61G_RNA,0.49049675464630127
ZYX_RNA,0.48903751373291016
MDK_RNA,0.48841193318367004
IGFBP4_RNA,0.48776647448539734
CD48_RNA,0.4876185655593872
ITGA3_RNA,0.4873606562614441
PLTP_RNA,0.4858889877796173
PYGL_RNA,0.48367226123809814
HOXB3_RNA,0.4836660921573639
FCGBP_RNA,0.48358112573623657
CLDN23_RNA,0.4830928146839142
EHD2_RNA,0.48301205039024353
NOP10_RNA,0.48209404945373535
THBD_RNA,0.48149168491363525
RHOC_RNA,0.4813194274902344
TUBA1C_RNA,0.4805736541748047
ANPEP_RNA,0.4802732765674591
VMO1_RNA,0.47970646619796753
TNFRSF1A_RNA,0.4795531928539276
SIGLEC7_RNA,0.47925233840942383
S100A16_RNA,0.47924327850341797
PLBD1_RNA,0.47902292013168335
SECTM1_RNA,0.4788629710674286
GMFG_RNA,0.4779911935329437
SLAMF8_RNA,0.477213591337204
PLOD1_RNA,0.4767135977745056
PLA2G2A_RNA,0.4760836958885193
COL6A1_RNA,0.4758206605911255
PPIB_RNA,0.4750591218471527
ISG20_RNA,0.4749731719493866
PYCARD_RNA,0.47496822476387024
LAMB1_RNA,0.4741482436656952
TMSB4X_RNA,0.47390344738960266
BATF3_RNA,0.4738602340221405
RPS3A_RNA,0.47338178753852844
SHC1_RNA,0.47286364436149597
APOBEC3G_RNA,0.4727019965648651
RPL35_RNA,0.4719805121421814
ATF3_RNA,0.47180336713790894
TMEM176B_RNA,0.4710301458835602
CEBPB_RNA,0.47094079852104187
SNAI2_RNA,0.4707213342189789
COL3A1_RNA,0.4706321358680725
GNA15_RNA,0.47003060579299927
F13A1_RNA,0.46946674585342407
COL5A2_RNA,0.46917736530303955
IFI16_RNA,0.46900540590286255
CD248_RNA,0.46823805570602417
GADD45A_RNA,0.4681728482246399
SERINC2_RNA,0.46773725748062134
MREG_RNA,0.4676407277584076
RNASE6_RNA,0.467494934797287
IL1RAP_RNA,0.46730121970176697
GLIPR1_RNA,0.46724697947502136
GALK1_RNA,0.4671344757080078
DOK2_RNA,0.4670477509498596
CAPG_RNA,0.46653446555137634
CFD_RNA,0.46639347076416016
DUSP4_RNA,0.4660884439945221
SIGLEC9_RNA,0.46548205614089966
LAPTM5_RNA,0.46503785252571106
LRRC25_RNA,0.4649513065814972
MMP1_RNA,0.4642120897769928
C1orf162_RNA,0.46235451102256775
OLFML2B_RNA,0.4617254137992859
CRABP2_RNA,0.46146395802497864
RPL27_RNA,0.4607450067996979
KDELR3_RNA,0.45973771810531616
PLEKHA4_RNA,0.45902538299560547
RPLP0_RNA,0.4585493505001068
IER5L_RNA,0.4582050144672394
RPS3_RNA,0.4581005573272705
HSPA6_RNA,0.4572332799434662
ADAM12_RNA,0.45697832107543945
FKBP10_RNA,0.45653659105300903
CSF3_RNA,0.4561596214771271
TAGLN_RNA,0.45613613724708557
PDIA5_RNA,0.4561278223991394
CXCL10_RNA,0.4557247459888458
ANG_RNA,0.45565474033355713
PSMB8_RNA,0.4552626311779022
METRNL_RNA,0.45452526211738586
CATSPER1_RNA,0.45406240224838257
DPYD_RNA,0.45338693261146545
PDLIM4_RNA,0.45331987738609314
FCGRT_RNA,0.4532471001148224
DUSP23_RNA,0.45314067602157593
FCGR3A_RNA,0.4530557096004486
APOBEC3C_RNA,0.452994704246521
COL1A2_RNA,0.45282867550849915
LDHA_RNA,0.45263224840164185
CXCL13_RNA,0.452401340007782
SLC39A14_RNA,0.452225923538208
GPX7_RNA,0.4517873525619507
TMEM45A_RNA,0.451109915971756
SSR2_RNA,0.45072653889656067
SDC1_RNA,0.45011264085769653
TGFB1_RNA,0.4497343897819519
MMP11_RNA,0.4497150480747223
KCNE4_RNA,0.4490686357021332
AEBP1_RNA,0.44888222217559814
CASP1_RNA,0.4484756886959076
RGS2_RNA,0.4484565854072571
RAB13_RNA,0.44786176085472107
PLIN3_RNA,0.4471013844013214
LSP1_RNA,0.44635945558547974
NXT1_RNA,0.4454165995121002
CHPF_RNA,0.4449109435081482
HAMP_RNA,0.4448895752429962
SLC27A3_RNA,0.4441475570201874
GYPC_RNA,0.44393518567085266
GSDMD_RNA,0.44387561082839966
RAC2_RNA,0.44381240010261536
APOBEC3B_RNA,0.44355741143226624
COPZ2_RNA,0.4434099495410919
TEAD3_RNA,0.44338658452033997
BCL2L12_RNA,0.4430776834487915
RPS19_RNA,0.4429338276386261
TSKU_RNA,0.44282835721969604
FTL_RNA,0.4426954686641693
MYL6_RNA,0.4425889551639557
AIF1_RNA,0.44225654006004333
GPX8_RNA,0.4421309232711792
FPR2_RNA,0.4412877857685089
OLFML3_RNA,0.44092148542404175
CFI_RNA,0.44060394167900085
RPL8_RNA,0.44042548537254333
ROMO1_RNA,0.4402918219566345
IL32_RNA,0.43940073251724243
MMP9_RNA,0.4391598701477051
ID3_RNA,0.4389914870262146
BATF_RNA,0.4388082027435303
PFN1_RNA,0.4385611414909363
ANGPTL4_RNA,0.43846529722213745
CDCP1_RNA,0.4383203089237213
BGN_RNA,0.4380366802215576
RPS7_RNA,0.4379643499851227
TMEM176A_RNA,0.4378635287284851
HLA-DRA_RNA,0.4375994801521301
HEXB_RNA,0.43750816583633423
CD151_RNA,0.4369049370288849
NCF4_RNA,0.43653586506843567
LOXL1_RNA,0.436032235622406
COL1A1_RNA,0.43601131439208984
GEM_RNA,0.4359748959541321
SLC1A5_RNA,0.4356326162815094
PTGS2_RNA,0.43541932106018066
RHOH_RNA,0.43455439805984497
GNG5_RNA,0.43372082710266113
DDIT4_RNA,0.43348225951194763
ARSJ_RNA,0.43303167819976807
PHLDA2_RNA,0.43292173743247986
FHL3_RNA,0.43237829208374023
SSR4_RNA,0.4319457411766052
RPS5_RNA,0.4318019449710846
IKBIP_RNA,0.43102899193763733
AGTRAP_RNA,0.4309026598930359
TREM2_RNA,0.43079710006713867
MGP_RNA,0.42868736386299133
OSTC_RNA,0.42859694361686707
DPM3_RNA,0.4285658299922943
SIGLEC10_RNA,0.4282422363758087
PLOD3_RNA,0.4278833866119385
CIB1_RNA,0.42764905095100403
BCL2A1_RNA,0.42762163281440735
RPL18A_RNA,0.42736437916755676
MRPS12_RNA,0.4272305369377136
EPHB4_RNA,0.4270246922969818
FBLN7_RNA,0.42687535285949707
DTYMK_RNA,0.4261115491390228
SNRPD2_RNA,0.42507869005203247
HSD3B7_RNA,0.42488959431648254
RPS8_RNA,0.4247111678123474
TYMP_RNA,0.42465099692344666
SERTAD3_RNA,0.42434248328208923
HK3_RNA,0.4237149655818939
LSM10_RNA,0.42328763008117676
TDO2_RNA,0.42244192957878113
RDH10_RNA,0.42214229702949524
HLA-A_RNA,0.42197322845458984
RAB32_RNA,0.42138245701789856
SERF2_RNA,0.42109546065330505
FAU_RNA,0.4210469424724579
TMEM71_RNA,0.42079249024391174
RPL39_RNA,0.420602947473526
SUMF2_RNA,0.42036786675453186
C6orf141_RNA,0.42033329606056213
FBP1_RNA,0.42017462849617004
CD1D_RNA,0.4199310541152954
PPP1R3B_RNA,0.4196304380893707
TUBB6_RNA,0.41945913434028625
IFITM3_RNA,0.41945746541023254
SH3BGRL3_RNA,0.41921544075012207
BLVRB_RNA,0.41914302110671997
SNRPG_RNA,0.41870927810668945
SLC7A7_RNA,0.41794344782829285
GPC1_RNA,0.4179301857948303
SERPING1_RNA,0.4178631603717804
TMED3_RNA,0.41759514808654785
RPSA_RNA,0.41752246022224426
JUNB_RNA,0.4165385961532593
RPL36_RNA,0.416515588760376
ATP6V0E1_RNA,0.4159882068634033
CMTM7_RNA,0.4159265458583832
CACNA2D4_RNA,0.4156348705291748
HMOX1_RNA,0.41489964723587036
SMAGP_RNA,0.4148806929588318
CA9_RNA,0.4148705303668976
LILRA5_RNA,0.4141107201576233
SAT1_RNA,0.4139353334903717
IL1RN_RNA,0.41382548213005066
EEF1B2_RNA,0.4136090576648712
IL7R_RNA,0.4135053753852844
DIRAS3_RNA,0.4134061932563782
CAV1_RNA,0.4132692515850067
PITX1_RNA,0.4129910171031952
PLEK2_RNA,0.41226431727409363
CTSS_RNA,0.4122031033039093
LMNA_RNA,0.412136971950531
IFI35_RNA,0.4121306836605072
S100A3_RNA,0.4112972617149353
RPS16_RNA,0.4109945297241211
CDC42EP5_RNA,0.41081690788269043
CAPN6_RNA,0.4101155400276184
TRIP10_RNA,0.40938347578048706
POLR2L_RNA,0.40930405259132385
NPM3_RNA,0.4088171422481537
GALNT5_RNA,0.40835800766944885
HP_RNA,0.40793943405151367
MYO1G_RNA,0.4079265296459198
CLEC12A_RNA,0.4076712727546692
P4HB_RNA,0.40671461820602417
WWTR1_RNA,0.4066275656223297
ICAM1_RNA,0.4063596725463867
REEP4_RNA,0.40601080656051636
PSMB3_RNA,0.4054177403450012
GRN_RNA,0.40525081753730774
MARCO_RNA,0.4048596918582916
TIMM8B_RNA,0.4047761857509613
RPL27A_RNA,0.40462586283683777
OCIAD2_RNA,0.4042922854423523
MRPL36_RNA,0.4034816324710846
H19_RNA,0.403322696685791
RAB42_RNA,0.40321120619773865
ARHGDIB_RNA,0.40320292115211487
DMRTA2_RNA,0.4031902551651001
RPS14_RNA,0.4024789035320282
FKBP5_RNA,0.4023932218551636
CHST14_RNA,0.401894748210907
TK1_RNA,0.4018436074256897
FERMT3_RNA,0.4013544023036957
VIM_RNA,0.4012683629989624
CHCHD2_RNA,0.4011898934841156
TRMT112_RNA,0.40113672614097595
MRPL14_RNA,0.4007900655269623
PLA2G5_RNA,0.4007134437561035
LY86_RNA,0.4002344608306885
HOTAIR_RNA,0.39923012256622314
TXNDC17_RNA,0.3989638090133667
RPS9_RNA,0.3988729417324066
ZNHIT1_RNA,0.39844775199890137
SPINT1_RNA,0.3984188437461853
GADD45GIP1_RNA,0.39743027091026306
HLA-B_RNA,0.39718618988990784
RPLP1_RNA,0.39706745743751526
CXCL3_RNA,0.39660799503326416
PDIA4_RNA,0.39637264609336853
PODNL1_RNA,0.3960787057876587
PSMB9_RNA,0.3956623375415802
RPL41_RNA,0.39430710673332214
CMTM3_RNA,0.3941459655761719
RPL29_RNA,0.39409592747688293
PPIC_RNA,0.39381924271583557
SPAG4_RNA,0.3937699794769287
COL6A3_RNA,0.39346060156822205
ETV4_RNA,0.3931737542152405
IL1R2_RNA,0.3926798701286316
FOLR1_RNA,0.39237740635871887
ITGB2_RNA,0.3922526240348816
NEU1_RNA,0.392223596572876
RPL28_RNA,0.39188146591186523
FPR3_RNA,0.39185041189193726
CD300E_RNA,0.3910534083843231
LST1_RNA,0.3910464644432068
SAA2_RNA,0.3907938301563263
MANF_RNA,0.38971859216690063
RPL24_RNA,0.3894041180610657
MYL9_RNA,0.3889930546283722
PROCR_RNA,0.38896217942237854
TFPI_RNA,0.3887745141983032
STAB1_RNA,0.3883594274520874
ADORA3_RNA,0.3881840705871582
CCR2_RNA,0.3881537914276123
RPS11_RNA,0.38782626390457153
SPI1_RNA,0.38751861453056335
ARL11_RNA,0.38714563846588135
OSCAR_RNA,0.3870691657066345
NME1_RNA,0.38676396012306213
CD33_RNA,0.3862856328487396
RETN_RNA,0.38621002435684204
HSPA5_RNA,0.3861927390098572
TGIF1_RNA,0.3861594498157501
IGF2BP2_RNA,0.3859393894672394
GLRX_RNA,0.3851235806941986
MRPL17_RNA,0.38442131876945496
CYTL1_RNA,0.384335458278656
MXRA5_RNA,0.38419970870018005
VASP_RNA,0.38395294547080994
GADD45B_RNA,0.3837353587150574
GSTO1_RNA,0.3836509585380554
TNFRSF10B_RNA,0.38328832387924194
EFNA4_RNA,0.3830532431602478
RAB27A_RNA,0.3828662633895874
MT1X_RNA,0.3827661871910095
GUSB_RNA,0.38234034180641174
SLA_RNA,0.38227811455726624
GJA3_RNA,0.3816578984260559
HOXB9_RNA,0.3815147578716278
IL27RA_RNA,0.3813324272632599
RPS21_RNA,0.38121846318244934
SYDE1_RNA,0.38115745782852173
SNRPB_RNA,0.38059860467910767
RPL10A_RNA,0.3804459273815155
SLC16A10_RNA,0.38024279475212097
PPP1CA_RNA,0.3802296817302704
HAS2_RNA,0.3800771236419678
LMAN2_RNA,0.3800378143787384
MFAP4_RNA,0.37983930110931396
RPL32_RNA,0.37958839535713196
ADAM9_RNA,0.37948423624038696
KRT7_RNA,0.3791365921497345
UBTD1_RNA,0.3790839612483978
CTSC_RNA,0.3790571689605713
FABP5_RNA,0.3787529766559601
CSRP2_RNA,0.3786522448062897
ANAPC11_RNA,0.37856173515319824
NEK6_RNA,0.37848034501075745
CD53_RNA,0.37847888469696045
ST8SIA4_RNA,0.37830471992492676
SASH3_RNA,0.37807968258857727
B2M_RNA,0.3778248727321625
C1RL_RNA,0.3777957260608673
RPL9_RNA,0.377573698759079
DCN_RNA,0.37756744027137756
RPS2_RNA,0.37728843092918396
DNASE2_RNA,0.37661784887313843
DUSP1_RNA,0.37644532322883606
RCN3_RNA,0.37613940238952637
ANXA5_RNA,0.37610095739364624
FXYD5_RNA,0.3755505383014679
COL8A2_RNA,0.3753846287727356
GSC_RNA,0.3750841021537781
RAB34_RNA,0.3750818371772766
PSORS1C1_RNA,0.3749648332595825
IL10_RNA,0.3748769760131836
CALR_RNA,0.3748761713504791
CISH_RNA,0.37484923005104065
TNFRSF1B_RNA,0.3745841979980469
PRSS23_RNA,0.37440577149391174
OSMR_RNA,0.37410953640937805
HCLS1_RNA,0.3738633692264557
MRPL54_RNA,0.37381282448768616
BMP1_RNA,0.3737495243549347
TPT1_RNA,0.37319809198379517
C19orf53_RNA,0.37256279587745667
RPL13A_RNA,0.37236788868904114
RPL22L1_RNA,0.3720228374004364
RPS27_RNA,0.37195146083831787
TPM4_RNA,0.37193894386291504
EDEM2_RNA,0.3716936707496643
PDLIM7_RNA,0.37168949842453003
SP100_RNA,0.37158244848251343
RPL10_RNA,0.3715533912181854
EIF3I_RNA,0.37132251262664795
RPL12_RNA,0.3705744445323944
CD276_RNA,0.3703790009021759
TNFRSF8_RNA,0.3695351481437683
KIAA0040_RNA,0.3694014847278595
CD300C_RNA,0.3689853847026825
ARHGAP18_RNA,0.36839526891708374
RARRES1_RNA,0.3682841360569
CHI3L2_RNA,0.36822131276130676
RPL35A_RNA,0.36804088950157166
GPR84_RNA,0.3679857850074768
MRPL12_RNA,0.3677672743797302
CKS1B_RNA,0.367732971906662
ITPKC_RNA,0.36769238114356995
BST2_RNA,0.36767977476119995
CD70_RNA,0.3675451874732971
ARID5A_RNA,0.36733001470565796
CXCL16_RNA,0.3673242926597595
RPS15A_RNA,0.36726823449134827
UBL5_RNA,0.36711975932121277
SH2D2A_RNA,0.36711937189102173
TPST1_RNA,0.36680200695991516
TES_RNA,0.3666546642780304
TNFSF8_RNA,0.36665433645248413
MEST_RNA,0.3666435778141022
HLA-DPB1_RNA,0.3664655387401581
EHD4_RNA,0.36633020639419556
HSPB6_RNA,0.3662811815738678
LAIR1_RNA,0.36619478464126587
COL8A1_RNA,0.36609145998954773
CRYZ_RNA,0.36594995856285095
B4GALT1_RNA,0.3659338653087616
PGK1_RNA,0.36583930253982544
PRRX2_RNA,0.36579886078834534
SDF4_RNA,0.36566826701164246
TRIP6_RNA,0.3655928075313568
LTF_RNA,0.36544737219810486
SPRY4_RNA,0.3651346266269684
HLA-DMB_RNA,0.36486437916755676
ACP5_RNA,0.3647162616252899
SLC2A4RG_RNA,0.36460521817207336
CHST2_RNA,0.3645879924297333
TFPI2_RNA,0.3645288944244385
HLA-DMA_RNA,0.364399790763855
LOX_RNA,0.36424291133880615
PLSCR1_RNA,0.36422771215438843
CPXM1_RNA,0.36405226588249207
RPLP2_RNA,0.3640161454677582
P4HA1_RNA,0.36392155289649963
STC1_RNA,0.36374855041503906
PHPT1_RNA,0.36371883749961853
HOXB4_RNA,0.3635961711406708
PDIA6_RNA,0.36342838406562805
TMEM37_RNA,0.3634208142757416
GPNMB_RNA,0.3632587194442749
TP53I13_RNA,0.36241546273231506
IGFBP5_RNA,0.3623506426811218
BRI3_RNA,0.3622104227542877
ETHE1_RNA,0.36164891719818115
TLR2_RNA,0.361613005399704
DDOST_RNA,0.3614956736564636
ELK3_RNA,0.3614865243434906
LPL_RNA,0.36125674843788147
XBP1_RNA,0.3609190285205841
EPHA2_RNA,0.36075034737586975
CHCHD5_RNA,0.3606314957141876
RPL18AP3_RNA,0.3598356544971466
PSMG3_RNA,0.3595314025878906
RNF181_RNA,0.3592006266117096
ITPRIP_RNA,0.3586139976978302
FOLR2_RNA,0.35842862725257874
RELB_RNA,0.3582645356655121
CTSH_RNA,0.35818812251091003
SLAMF9_RNA,0.3580147624015808
CLEC11A_RNA,0.3578740954399109
MYL12A_RNA,0.35784733295440674
NCF2_RNA,0.35779446363449097
TNFAIP8L2_RNA,0.357253760099411
SDF2L1_RNA,0.3571171760559082
FKBP9_RNA,0.3570421636104584
KCNN4_RNA,0.35698401927948
CALU_RNA,0.35680440068244934
COL15A1_RNA,0.35660722851753235
EGFLAM_RNA,0.3565661311149597
NDUFA4L2_RNA,0.35648074746131897
RPS28_RNA,0.3562644124031067
CD74_RNA,0.3562552034854889
AQP9_RNA,0.35625386238098145
MAN2B1_RNA,0.35607898235321045
CTSZ_RNA,0.3554345667362213
CLPP_RNA,0.35503026843070984
VKORC1_RNA,0.3547390103340149
RGS19_RNA,0.35402512550354004
SPON2_RNA,0.3532434105873108
HOXA3_RNA,0.3531585931777954
UNC93B1_RNA,0.35260286927223206
PLOD2_RNA,0.3525371551513672
RGS16_RNA,0.35230764746665955
HAVCR2_RNA,0.3520619869232178
CHRNA1_RNA,0.35180652141571045
ELN_RNA,0.3516264855861664
DOK1_RNA,0.35131919384002686
RBM47_RNA,0.3510819673538208
GLB1_RNA,0.3510589301586151
GFPT2_RNA,0.35086768865585327
APOBEC3F_RNA,0.35062873363494873
ANKRD22_RNA,0.3504207730293274
DYNLT1_RNA,0.35020262002944946
CD86_RNA,0.3500783145427704
LAPTM4A_RNA,0.34990009665489197
ALOX5_RNA,0.34972086548805237
OAF_RNA,0.3496241271495819
HYAL2_RNA,0.34941211342811584
AK2_RNA,0.3493606150150299
RCAN1_RNA,0.3492690920829773
CD320_RNA,0.34917864203453064
SYNGR2_RNA,0.3487573266029358
SPARC_RNA,0.3486007750034332
WAS_RNA,0.34850889444351196
COL4A1_RNA,0.34850630164146423
HOXA1_RNA,0.34818795323371887
LYVE1_RNA,0.3477191925048828
CASP6_RNA,0.34763649106025696
LSM2_RNA,0.347444087266922
IL11_RNA,0.3473323881626129
RPS29_RNA,0.3471534252166748
AP2S1_RNA,0.3470345437526703
TCIRG1_RNA,0.34667232632637024
C1QTNF6_RNA,0.3465455174446106
IFITM2_RNA,0.34635889530181885
MRPS15_RNA,0.34605273604393005
GPSM3_RNA,0.3460210859775543
CD4_RNA,0.34598544239997864
TSPAN4_RNA,0.34587332606315613
NAT1_RNA,0.34586527943611145
CCL7_RNA,0.34560343623161316
BAX_RNA,0.34547683596611023
PLK3_RNA,0.3454746901988983
CCL5_RNA,0.34529241919517517
MRPL11_RNA,0.34500253200531006
RPS6_RNA,0.3447335958480835
COL4A2_RNA,0.3442455232143402
COL22A1_RNA,0.34407028555870056
C2_RNA,0.3440418839454651
ALDH3B1_RNA,0.3439178168773651
SLC16A4_RNA,0.3437489867210388
GNG11_RNA,0.3437105119228363
TRPM8_RNA,0.34366461634635925
CCL18_RNA,0.34357643127441406
PSME1_RNA,0.3435600996017456
ATP6V1F_RNA,0.3434630334377289
PSMA7_RNA,0.3433404266834259
PSMB4_RNA,0.3430688977241516
QSOX1_RNA,0.3428719937801361
MPZL2_RNA,0.34279125928878784
MAFB_RNA,0.34241169691085815
NDUFB7_RNA,0.3422602415084839
RARRES2_RNA,0.3421056568622589
TPM2_RNA,0.34199434518814087
RPL26L1_RNA,0.3418479859828949
SPRY1_RNA,0.34183329343795776
HOXC10_RNA,0.3413628935813904
G0S2_RNA,0.34134146571159363
IFNGR2_RNA,0.34125685691833496
ELF4_RNA,0.341132253408432
UXT_RNA,0.3410967290401459
ABI3_RNA,0.3409031927585602
FAM43B_RNA,0.34072113037109375
DUSP5_RNA,0.3402608036994934
TMED9_RNA,0.3401976227760315
HOXA2_RNA,0.3400331139564514
CSTB_RNA,0.3400030732154846
C6orf15_RNA,0.33996641635894775
HOXC11_RNA,0.33981484174728394
GSTP1_RNA,0.33962202072143555
CEACAM21_RNA,0.33956849575042725
HRH1_RNA,0.3394063115119934
PTPN22_RNA,0.33920201659202576
DRAM1_RNA,0.33918362855911255
PPP4C_RNA,0.339141309261322
ADAMTS9_RNA,0.33914098143577576
ORMDL2_RNA,0.3390982747077942
SNAPC2_RNA,0.3390611410140991
HCK_RNA,0.338698148727417
SOCS2_RNA,0.338693231344223
LEFTY2_RNA,0.3384844958782196
PKIB_RNA,0.3382043242454529
KDELR1_RNA,0.3379499614238739
HFE_RNA,0.3375571370124817
RPL7A_RNA,0.3369942307472229
EBF2_RNA,0.3369385302066803
C1orf53_RNA,0.33669474720954895
DHRS3_RNA,0.33665531873703003
SH2D4A_RNA,0.3365101218223572
RPS15_RNA,0.3364521265029907
C12orf57_RNA,0.3363642394542694
RPL18_RNA,0.336012601852417
CSF1_RNA,0.3357575833797455
SPHK1_RNA,0.3353492319583893
PHLDA3_RNA,0.3351745009422302
SCPEP1_RNA,0.33515429496765137
PHC2_RNA,0.33508366346359253
ALKBH7_RNA,0.3348832130432129
CXCL5_RNA,0.3346625566482544
MRPL52_RNA,0.33449113368988037
ARPC3_RNA,0.33428674936294556
CREB3L1_RNA,0.33394140005111694
TMEM54_RNA,0.3339151442050934
CD58_RNA,0.3339032828807831
NME4_RNA,0.3336513340473175
CTSD_RNA,0.3333740830421448
CYP2S1_RNA,0.33322539925575256
FAH_RNA,0.33319026231765747
APRT_RNA,0.3331632614135742
SERPINA5_RNA,0.33308011293411255
MOCOS_RNA,0.3330407440662384
SP140L_RNA,0.3329906165599823
FNDC3B_RNA,0.33273279666900635
CNN3_RNA,0.33268114924430847
MTMR11_RNA,0.3325771987438202
SEC11A_RNA,0.33252596855163574
S100A13_RNA,0.3325236439704895
PTPN7_RNA,0.3324023485183716
ACTB_RNA,0.3321976065635681
IL13RA1_RNA,0.3319612741470337
TCN2_RNA,0.3314272463321686
CKAP4_RNA,0.3313823640346527
LIMS1_RNA,0.3313809633255005
NENF_RNA,0.3311033546924591
NOS2_RNA,0.3309795558452606
EMILIN2_RNA,0.3309544324874878
NAGS_RNA,0.33088046312332153
BUD31_RNA,0.33041271567344666
NMI_RNA,0.33037474751472473
UQCRQ_RNA,0.33013588190078735
TMEM26_RNA,0.3300561010837555
LAMC1_RNA,0.330040842294693
TWF2_RNA,0.3297840356826782
EXOSC4_RNA,0.32968705892562866
ZC3H12A_RNA,0.3296249210834503
UFSP1_RNA,0.3295995891094208
ATP6V0B_RNA,0.32938408851623535
RPL34_RNA,0.3293423056602478
C3AR1_RNA,0.32932043075561523
CXCL6_RNA,0.3292926847934723
ENG_RNA,0.32922860980033875
COL18A1_RNA,0.3290179669857025
MLX_RNA,0.3290066123008728
ERGIC3_RNA,0.32889074087142944
DNAJB1_RNA,0.3288288116455078
CHID1_RNA,0.32882028818130493
LILRB2_RNA,0.32861849665641785
HK2_RNA,0.3284188210964203
RPL30_RNA,0.328417032957077
SF3B5_RNA,0.32795095443725586
TBXAS1_RNA,0.32736337184906006
TEAD4_RNA,0.3273499310016632
TMED1_RNA,0.32709091901779175
TRIM21_RNA,0.3268519341945648
IL6_RNA,0.326802521944046
PPP1R14B_RNA,0.32677480578422546
TNFAIP8_RNA,0.3265482783317566
SLC43A3_RNA,0.3265453279018402
MRPL13_RNA,0.326411634683609
NR1H3_RNA,0.326286643743515
FAM20A_RNA,0.3262702524662018
PSMB10_RNA,0.32624608278274536
BIRC5_RNA,0.32602426409721375
FCN3_RNA,0.32600390911102295
RCN1_RNA,0.32564839720726013
PSME2_RNA,0.3255046010017395
MYBPH_RNA,0.325377494096756
MAD2L2_RNA,0.32525140047073364
BANF1_RNA,0.32507357001304626
ITGA7_RNA,0.32502004504203796
SERPINB1_RNA,0.32471343874931335
TMEM179B_RNA,0.324371874332428
ZNF581_RNA,0.32405441999435425
RFC2_RNA,0.32358303666114807
VSTM1_RNA,0.322765052318573
TMEM106C_RNA,0.3226052522659302
MYL12B_RNA,0.3225909471511841
KANK2_RNA,0.3223496377468109
CD72_RNA,0.3220362663269043
SLN_RNA,0.32202571630477905
MAFF_RNA,0.3219779133796692
ORAI1_RNA,0.32189783453941345
TNFAIP2_RNA,0.32178419828414917
PLVAP_RNA,0.3217805325984955
TMEM147_RNA,0.32165905833244324
BDKRB2_RNA,0.32162392139434814
F2RL1_RNA,0.32135751843452454
LCP2_RNA,0.3213024437427521
SLC20A1_RNA,0.3212965130805969
KRT10_RNA,0.32114672660827637
PDIA3_RNA,0.3210310637950897
SERPINF1_RNA,0.32078513503074646
ACTG1_RNA,0.3206951916217804
RPN1_RNA,0.32033538818359375
HSCB_RNA,0.32022038102149963
LGALS3BP_RNA,0.32019710540771484
CHEK2_RNA,0.32015904784202576
SIVA1_RNA,0.32005175948143005
GAS5_RNA,0.31982165575027466
SMO_RNA,0.31973472237586975
RPL37A_RNA,0.3196420967578888
RHOG_RNA,0.31934747099876404
FN1_RNA,0.3190663456916809
SDC4_RNA,0.3190274238586426
PSMD8_RNA,0.3189273774623871
FZD1_RNA,0.31886130571365356
TOR3A_RNA,0.3187829852104187
GJB2_RNA,0.31874340772628784
MUC1_RNA,0.3185918927192688
MPG_RNA,0.3185274600982666
RAMP1_RNA,0.318243145942688
PPIA_RNA,0.3182382583618164
CXCL11_RNA,0.31818893551826477
CKS2_RNA,0.31799060106277466
SPSB1_RNA,0.31792885065078735
GPC4_RNA,0.3175264298915863
FGR_RNA,0.3174554705619812
RPL13_RNA,0.31739377975463867
RPL5_RNA,0.31734558939933777
PARVG_RNA,0.31733399629592896
MR1_RNA,0.31725946068763733
ZFP36_RNA,0.3172217607498169
KRT8_RNA,0.317169725894928
C14orf119_RNA,0.3171520531177521
MRPL32_RNA,0.31713971495628357
GJA4_RNA,0.31713688373565674
UBA52_RNA,0.3171271085739136
MXRA8_RNA,0.3169895112514496
RPS12_RNA,0.31690502166748047
TMEM150B_RNA,0.3168756663799286
MYOF_RNA,0.31673312187194824
OSR2_RNA,0.3165197968482971
ACTN1_RNA,0.3164122402667999
UBASH3B_RNA,0.31613004207611084
CASP8_RNA,0.3153722584247589
RAB3IL1_RNA,0.31533703207969666
LRRC42_RNA,0.3152698576450348
LSM7_RNA,0.31502965092658997
STXBP2_RNA,0.3149622678756714
TRIM38_RNA,0.3148539662361145
GPN1_RNA,0.31452423334121704
NECAP2_RNA,0.3137589693069458
HPD_RNA,0.31374391913414
HOXC13_RNA,0.3136434257030487
PTPN6_RNA,0.31356891989707947
PSPH_RNA,0.31341126561164856
GAA_RNA,0.31326520442962646
ZP3_RNA,0.31303367018699646
GLIPR2_RNA,0.31302952766418457
GPRC5A_RNA,0.31298843026161194
FADD_RNA,0.3128941059112549
PPM1M_RNA,0.31282567977905273
OAZ1_RNA,0.3127747178077698
ITGA4_RNA,0.31236863136291504
IAH1_RNA,0.3123290240764618
A2M_RNA,0.3123157024383545
COMMD5_RNA,0.3121705949306488
SEC61B_RNA,0.312045693397522
HCST_RNA,0.31201261281967163
TMEM134_RNA,0.31195616722106934
TPI1_RNA,0.3118809163570404
F2R_RNA,0.31162673234939575
RPS6KA1_RNA,0.3108605444431305
RPS27A_RNA,0.3108050525188446
SPR_RNA,0.3107188045978546
TMEM14C_RNA,0.3103818893432617
FZD2_RNA,0.3103485107421875
FOSL2_RNA,0.31027692556381226
S100A2_RNA,0.30981022119522095
HOXB6_RNA,0.30975213646888733
SNAPIN_RNA,0.30972790718078613
PDZK1IP1_RNA,0.30963394045829773
AHCY_RNA,0.3095681369304657
CISD3_RNA,0.3095172643661499
DAD1_RNA,0.3094113767147064
PSTPIP2_RNA,0.30931422114372253
TBL2_RNA,0.3092905879020691
RIN1_RNA,0.30914348363876343
TRIM6_RNA,0.30892592668533325
FLVCR2_RNA,0.3083222210407257
HAUS1_RNA,0.3082362413406372
TTC38_RNA,0.30816587805747986
NME3_RNA,0.30814701318740845
TNC_RNA,0.307842493057251
MRPL34_RNA,0.30743110179901123
MRPL33_RNA,0.3073841631412506
POLR2G_RNA,0.3073440194129944
UBE2C_RNA,0.30729663372039795
NDUFA2_RNA,0.3072909414768219
GSDMA_RNA,0.3072887659072876
DOK3_RNA,0.3072107136249542
FBL_RNA,0.30713698267936707
CENPM_RNA,0.306941956281662
VASN_RNA,0.30688443779945374
MOXD1_RNA,0.3067399263381958
RGS10_RNA,0.30664971470832825
KCNJ15_RNA,0.30656886100769043
STARD3NL_RNA,0.3064672648906708
SYTL3_RNA,0.306255966424942
TP53I3_RNA,0.30612048506736755
SNAI1_RNA,0.30584612488746643
PSMD13_RNA,0.30584341287612915
RFXANK_RNA,0.30571258068084717
JOSD2_RNA,0.30570951104164124
SNRPC_RNA,0.3055843412876129
MRPL49_RNA,0.30541789531707764
DPP4_RNA,0.3050422966480255
SP6_RNA,0.30490365624427795
CD52_RNA,0.3047672212123871
RPS13_RNA,0.30453917384147644
TMEM70_RNA,0.30451247096061707
GBP2_RNA,0.30445051193237305
CTSK_RNA,0.30438077449798584
ARPC5_RNA,0.304190993309021
ENPEP_RNA,0.30400538444519043
NAA38_RNA,0.30394551157951355
ENO1_RNA,0.30376359820365906
LYPD1_RNA,0.303519070148468
SIGLEC14_RNA,0.30347785353660583
AKR1A1_RNA,0.3032478988170624
SERPINB8_RNA,0.30315133929252625
RPS20_RNA,0.3025665879249573
ASGR2_RNA,0.3024618327617645
NTAN1_RNA,0.3024608790874481
CCRL2_RNA,0.30237582325935364
AUP1_RNA,0.3022651672363281
HMGA2_RNA,0.30226048827171326
RPL31_RNA,0.30220913887023926
PGLS_RNA,0.302116334438324
RIN3_RNA,0.3019466996192932
SSNA1_RNA,0.3018937408924103
SLC2A3_RNA,0.3018535375595093
YIF1A_RNA,0.3017842769622803
DENND2D_RNA,0.3016907274723053
IL10RA_RNA,0.30160364508628845
CPA4_RNA,0.30101191997528076
SUSD2_RNA,0.30092117190361023
LCP1_RNA,0.30089348554611206
SCNN1B_RNA,0.3006992042064667
ASF1B_RNA,0.30059167742729187
IFRD2_RNA,0.30042582750320435
SCAND1_RNA,0.3003651797771454
HMGCL_RNA,0.30033648014068604
ADAMTS12_RNA,0.3002501428127289
TRPV4_RNA,0.3000161051750183
TRIAP1_RNA,0.3000067472457886
C15orf48_RNA,0.2999228835105896
PTTG1_RNA,0.2999131679534912
PHF5A_RNA,0.29963386058807373
GNG12_RNA,0.29950934648513794
TWIST1_RNA,0.29949280619621277
CRISPLD2_RNA,0.2993084192276001
FUCA1_RNA,0.299282431602478
C1orf54_RNA,0.29920652508735657
ZNF436_RNA,0.2991786301136017
GAP43_RNA,0.2991558909416199
TPP1_RNA,0.2991127669811249
DPP7_RNA,0.299014687538147
CMKLR1_RNA,0.29894107580184937
NEDD9_RNA,0.2988460958003998
SLC47A2_RNA,0.29883790016174316
CCDC86_RNA,0.29867517948150635
CDC20_RNA,0.2985663414001465
EIF5A_RNA,0.298509418964386
FES_RNA,0.29816436767578125
CALHM2_RNA,0.2979365289211273
CYP19A1_RNA,0.29790279269218445
SNX20_RNA,0.29787302017211914
RPL19_RNA,0.29787012934684753
TYMS_RNA,0.2976897954940796
IL4I1_RNA,0.29766756296157837
STYXL1_RNA,0.2976461350917816
RPS25_RNA,0.2976260483264923
BACE2_RNA,0.29759615659713745
SIL1_RNA,0.29756006598472595
B4GALT3_RNA,0.2972885072231293
UROD_RNA,0.29717952013015747
BTG3_RNA,0.29702040553092957
BLVRA_RNA,0.2969532608985901
RPL14_RNA,0.29671669006347656
UBE2S_RNA,0.29671573638916016
CCL26_RNA,0.2967011630535126
HSPA7_RNA,0.2966495156288147
PHB2_RNA,0.29664039611816406
CCR1_RNA,0.29656392335891724
LYPLA1_RNA,0.2965417206287384
TM4SF1_RNA,0.296509712934494
RPL23_RNA,0.2961873412132263
NFKBIZ_RNA,0.2961500287055969
MYC_RNA,0.29604384303092957
WIPI1_RNA,0.2959927022457123
QPCTL_RNA,0.2958946228027344
MAGT1_RNA,0.2956041991710663
CDKN3_RNA,0.2954808175563812
BAK1_RNA,0.2954418957233429
SLC35F2_RNA,0.2953920364379883
PRMT1_RNA,0.2953518331050873
RPL38_RNA,0.29518356919288635
ERI1_RNA,0.29498788714408875
SCNM1_RNA,0.2949763238430023
MMP2_RNA,0.2948833405971527
NAGLU_RNA,0.29466307163238525
FBXO6_RNA,0.29436177015304565
C1orf43_RNA,0.2943204939365387
ARPC4_RNA,0.2942882478237152
FLNA_RNA,0.2942104637622833
PSMA5_RNA,0.2941323518753052
FUCA2_RNA,0.2938721776008606
COPS6_RNA,0.293864369392395
TRPC6_RNA,0.2938036024570465
BTK_RNA,0.2935371696949005
ZDHHC12_RNA,0.2934976816177368
GALM_RNA,0.293495237827301
EMG1_RNA,0.2933369278907776
TMEM208_RNA,0.29323726892471313
SIRPB2_RNA,0.2932189702987671
DUSP6_RNA,0.2932160496711731
KCNJ8_RNA,0.2929752469062805
IL18_RNA,0.292852520942688
RPS4X_RNA,0.2926845848560333
PDGFRL_RNA,0.29254475235939026
RBMS1_RNA,0.292049765586853
CD40_RNA,0.2920408546924591
STX11_RNA,0.29190829396247864
MRPL41_RNA,0.291734516620636
CYC1_RNA,0.29160118103027344
COTL1_RNA,0.2915988266468048
ZFP36L2_RNA,0.2915344834327698
KLF10_RNA,0.2911454439163208
HM13_RNA,0.290794312953949
SERPINB6_RNA,0.29051250219345093
HSD17B10_RNA,0.2904609143733978
JAGN1_RNA,0.2903326749801636
HMGA1_RNA,0.2903170585632324
IGF2BP1_RNA,0.29027849435806274
LAT2_RNA,0.2902674674987793
NFKBIA_RNA,0.28983545303344727
CASP7_RNA,0.28981471061706543
GAMT_RNA,0.2897784113883972
DRAP1_RNA,0.2896846830844879
MGAT1_RNA,0.28967952728271484
RNF7_RNA,0.2895990312099457
EIF4A3_RNA,0.28958261013031006
GATA4_RNA,0.2894870638847351
TRAPPC1_RNA,0.2894459664821625
PRELID1_RNA,0.2891389727592468
DKKL1_RNA,0.2889682650566101
S100A12_RNA,0.28876444697380066
MRPL51_RNA,0.28845396637916565
MYD88_RNA,0.2884539067745209
MAP3K6_RNA,0.2883492112159729
FAM114A1_RNA,0.28828421235084534
ADAMTS3_RNA,0.28800714015960693
ERP29_RNA,0.2878444790840149
FLOT1_RNA,0.2875575125217438
ARPC2_RNA,0.2874356210231781
MAP1LC3C_RNA,0.2872787117958069
DBI_RNA,0.2872683107852936
MTHFD2_RNA,0.2870978116989136
KDELR2_RNA,0.2870263159275055
IKBKE_RNA,0.2870213985443115
TRADD_RNA,0.2869347631931305
SHISA5_RNA,0.28692853450775146
TRAPPC3_RNA,0.2869186997413635
ANXA4_RNA,0.28685635328292847
ASB9_RNA,0.2868117094039917
MDFI_RNA,0.28658533096313477
ACTA2_RNA,0.28635916113853455
SDSL_RNA,0.2862723767757416
ADPGK_RNA,0.28621572256088257
ADAMTS2_RNA,0.2861879765987396
HOXB2_RNA,0.28617191314697266
NDUFB2_RNA,0.28594139218330383
ERRFI1_RNA,0.28588175773620605
IQGAP1_RNA,0.28579699993133545
SOCS1_RNA,0.2857828140258789
GAPDH_RNA,0.2856101393699646
FJX1_RNA,0.2854921221733093
HLA-DPA1_RNA,0.2853735089302063
LAYN_RNA,0.2853509783744812
NUP37_RNA,0.2852971851825714
TNIP2_RNA,0.28526902198791504
NUCB1_RNA,0.28522491455078125
PTGER4_RNA,0.28510308265686035
MRPL23_RNA,0.28504154086112976
RBX1_RNA,0.2849184274673462
ITGB5_RNA,0.2849128544330597
TM2D2_RNA,0.2846408188343048
AEN_RNA,0.2846044600009918
BOLA3_RNA,0.28446707129478455
YIPF1_RNA,0.28432759642601013
NFAM1_RNA,0.2842891812324524
SEC24D_RNA,0.28423628211021423
RPL11_RNA,0.2841918468475342
MAN1C1_RNA,0.28399357199668884
HDAC1_RNA,0.2839742600917816
SLC10A3_RNA,0.2837735414505005
NDUFB11_RNA,0.2837384343147278
WT1_RNA,0.2835530936717987
PTHLH_RNA,0.2834811210632324
ARF5_RNA,0.2833414077758789
AHR_RNA,0.2832481265068054
NPM1_RNA,0.2829824984073639
TMUB1_RNA,0.2828647792339325
CA3_RNA,0.2828460931777954
MVP_RNA,0.2827779948711395
GSTK1_RNA,0.28272348642349243
MAP3K8_RNA,0.28241774439811707
TBXA2R_RNA,0.28239497542381287
MGST2_RNA,0.2823740839958191
TMEM101_RNA,0.2821602523326874
RHOD_RNA,0.281917929649353
TBX2_RNA,0.28176140785217285
LCTL_RNA,0.28155216574668884
STK16_RNA,0.2814766764640808
SHOX2_RNA,0.2814735174179077
GNB2_RNA,0.2814249098300934
ATOX1_RNA,0.28131985664367676
HAX1_RNA,0.2812703251838684
DAP3_RNA,0.2811872363090515
PSENEN_RNA,0.2809327244758606
BCAM_RNA,0.28080788254737854
NIP7_RNA,0.2805135250091553
OCEL1_RNA,0.2804375886917114
MEA1_RNA,0.2804276943206787
JUN_RNA,0.2803315818309784
SLC25A39_RNA,0.2802652418613434
TBCA_RNA,0.2801383137702942
VENTX_RNA,0.28004419803619385
NDUFS5_RNA,0.28003865480422974
P4HA2_RNA,0.28001868724823
ALG5_RNA,0.28001585602760315
ZNF503_RNA,0.2798798382282257
TOMM22_RNA,0.2797909379005432
PTGES_RNA,0.27975818514823914
ADA_RNA,0.2797415256500244
ATF5_RNA,0.2796950042247772
ACTG2_RNA,0.27955108880996704
PDGFA_RNA,0.2794688045978546
GNGT2_RNA,0.2793627083301544
RPL39L_RNA,0.2791808247566223
VAV1_RNA,0.27910831570625305
MRPL24_RNA,0.2790861427783966
SLC2A5_RNA,0.27902674674987793
SAT2_RNA,0.2790209650993347
HMBS_RNA,0.278972864151001
GTF2E2_RNA,0.2787121832370758
CLIC4_RNA,0.2784784734249115
THOC6_RNA,0.27840766310691833
VEGFA_RNA,0.27837854623794556
SBNO2_RNA,0.27837273478507996
CNIH4_RNA,0.2783527374267578
TMEM165_RNA,0.27833685278892517
DNPEP_RNA,0.2783208191394806
UBE2L6_RNA,0.2779950797557831
SPRED3_RNA,0.27784547209739685
CCDC102B_RNA,0.2777925729751587
TMEM141_RNA,0.2777676284313202
P4HA3_RNA,0.27774423360824585
YIPF2_RNA,0.27769920229911804
ZFAND2A_RNA,0.2776935398578644
DUSP14_RNA,0.2776183485984802
GAPT_RNA,0.2773929238319397
PTGS1_RNA,0.27738288044929504
PDZD11_RNA,0.2773197591304779
RPL3_RNA,0.27730315923690796
MICB_RNA,0.27727460861206055
CCDC102A_RNA,0.27726447582244873
ROR2_RNA,0.27724435925483704
TNFAIP3_RNA,0.27714139223098755
HBB_RNA,0.27685675024986267
PTK7_RNA,0.27656784653663635
VPS25_RNA,0.27650803327560425
RPS27L_RNA,0.27636581659317017
SRA1_RNA,0.27633988857269287
RNASE1_RNA,0.2762410640716553
GPX3_RNA,0.2758767902851105
LZTS1_RNA,0.2756362557411194
C1QTNF1_RNA,0.27550429105758667
SURF4_RNA,0.2754639983177185
BRMS1_RNA,0.27541807293891907
MAPKAPK2_RNA,0.2753799855709076
BNIP1_RNA,0.2751537263393402
TNFSF12_RNA,0.2750566005706787
TLR8_RNA,0.2748807370662689
TMEM120A_RNA,0.27487361431121826
NDUFS8_RNA,0.27476978302001953
EGR1_RNA,0.2747085392475128
BIRC3_RNA,0.27459412813186646
TIMP4_RNA,0.27451440691947937
EXOC3L2_RNA,0.2744184732437134
APH1A_RNA,0.2742878198623657
TMEM223_RNA,0.27423641085624695
CALD1_RNA,0.2741537392139435
C1orf122_RNA,0.27414974570274353
GMPPA_RNA,0.27403315901756287
SNX17_RNA,0.2739381790161133
POLD4_RNA,0.27387535572052
CDCA4_RNA,0.2737217843532562
SLC25A19_RNA,0.2733314037322998
TNFRSF11B_RNA,0.2732687294483185
CD93_RNA,0.273235946893692
NCSTN_RNA,0.27302122116088867
TAP1_RNA,0.27284693717956543
OR51E1_RNA,0.2726062536239624
COMMD1_RNA,0.27236688137054443
MRPL4_RNA,0.27231553196907043
HOXB5_RNA,0.27230262756347656
SDHC_RNA,0.27223578095436096
MRPS6_RNA,0.2721940875053406
NUDT22_RNA,0.2720376253128052
CEACAM4_RNA,0.27189505100250244
QPRT_RNA,0.27185681462287903
CRELD2_RNA,0.27184638381004333
YBX1_RNA,0.27173641324043274
MICA_RNA,0.27170607447624207
GMNN_RNA,0.2715815007686615
NFIL3_RNA,0.2715480625629425
ADAMTS15_RNA,0.27145591378211975
TMCO4_RNA,0.2713674008846283
HSPA1B_RNA,0.270643025636673
VEGFB_RNA,0.2705087959766388
LAMA4_RNA,0.27040496468544006
SMS_RNA,0.27029478549957275
SLC35C1_RNA,0.2702944576740265
TNNI2_RNA,0.27009809017181396
MRPL40_RNA,0.26996463537216187
IGFBP6_RNA,0.26992088556289673
IL4R_RNA,0.26990172266960144
TCEA3_RNA,0.26989415287971497
PKIG_RNA,0.2698327600955963
LOXL3_RNA,0.269731730222702
TXN_RNA,0.26953837275505066
CCNB1_RNA,0.26940345764160156
LOXL4_RNA,0.2693287432193756
NINJ1_RNA,0.2692175507545471
RHBDF2_RNA,0.26919904351234436
IL1RL1_RNA,0.26914772391319275
C1QBP_RNA,0.26913943886756897
NOSIP_RNA,0.26911869645118713
ADAMTS14_RNA,0.2690291106700897
FAM167B_RNA,0.26895567774772644
COX6B1_RNA,0.26826006174087524
AURKAIP1_RNA,0.268238365650177
KCNE3_RNA,0.2682003974914551
VNN2_RNA,0.26815903186798096
SSBP1_RNA,0.26800376176834106
NSMCE2_RNA,0.2678258717060089
HAUS4_RNA,0.26773032546043396
MYADM_RNA,0.2677081823348999
PLEK_RNA,0.26769596338272095
EEF1A1_RNA,0.2675900459289551
ALAS2_RNA,0.26707354187965393
TMEM51_RNA,0.2669634222984314
CCR5_RNA,0.26692110300064087
COPE_RNA,0.26685747504234314
F2RL2_RNA,0.266762375831604
SRM_RNA,0.2667248249053955
TNFRSF4_RNA,0.26670292019844055
KRT18_RNA,0.266608864068985
ANP32B_RNA,0.2663671672344208
GLA_RNA,0.26633480191230774
REXO2_RNA,0.26631826162338257
EIF1_RNA,0.2662956714630127
CD9_RNA,0.26621997356414795
CCDC107_RNA,0.26617538928985596
FRRS1_RNA,0.2659951150417328
PRSS36_RNA,0.2659911811351776
MXRA7_RNA,0.26593533158302307
CD300LF_RNA,0.2658085525035858
EDA2R_RNA,0.2657434940338135
GBE1_RNA,0.26564332842826843
ABT1_RNA,0.26558753848075867
MAGOH_RNA,0.2655418813228607
SLC25A24_RNA,0.2652857005596161
IL17RC_RNA,0.2652692496776581
G6PC3_RNA,0.2647884488105774
NAGA_RNA,0.26440903544425964
RER1_RNA,0.26437485218048096
ARHGAP15_RNA,0.26436254382133484
GTF3A_RNA,0.264355331659317
HSP90B1_RNA,0.26434481143951416
PRDX6_RNA,0.26432541012763977
CORO1B_RNA,0.26428937911987305
NDUFS6_RNA,0.2642087936401367
CXCL1_RNA,0.2641391158103943
PILRA_RNA,0.2640800476074219
THNSL2_RNA,0.26400962471961975
IL1R1_RNA,0.26397547125816345
MFGE8_RNA,0.2638719081878662
IDH1_RNA,0.26383042335510254
FIS1_RNA,0.2637747824192047
RBPMS_RNA,0.2635898292064667
RPL21_RNA,0.26356029510498047
BTG1_RNA,0.26353946328163147
SNX11_RNA,0.263520747423172
PLAT_RNA,0.2635154128074646
LSM1_RNA,0.26348766684532166
TSEN34_RNA,0.26310503482818604
CNPY4_RNA,0.26306214928627014
CRTAP_RNA,0.2630225419998169
TMEM150A_RNA,0.26301783323287964
BTF3_RNA,0.26297420263290405
TRAM1_RNA,0.2628510296344757
DCTPP1_RNA,0.2627776563167572
PPDPF_RNA,0.26275065541267395
CAPNS1_RNA,0.2627085745334625
CLEC10A_RNA,0.262538343667984
POP7_RNA,0.2624957859516144
CDK2_RNA,0.26242145895957947
RP2_RNA,0.2623090147972107
ITGAM_RNA,0.2620049715042114
HEXA_RNA,0.2619818150997162
RNF149_RNA,0.2619244158267975
CEP55_RNA,0.2616461217403412
NLRC4_RNA,0.26161113381385803
TSC22D3_RNA,0.26157140731811523
F2RL3_RNA,0.26153409481048584
DES_RNA,0.26150086522102356
SCARF2_RNA,0.2612784802913666
EGR2_RNA,0.2612472474575043
MAP2K3_RNA,0.2611437737941742
MFSD10_RNA,0.2610655725002289
SHMT2_RNA,0.2608562409877777
PLEKHO2_RNA,0.26083165407180786
PNO1_RNA,0.2608277499675751
MNDA_RNA,0.26080644130706787
PRCP_RNA,0.2607789635658264
FAM162A_RNA,0.260649174451828
SNRNP40_RNA,0.2605776786804199
RPN2_RNA,0.26038217544555664
NRM_RNA,0.26022806763648987
TNFRSF10D_RNA,0.26009243726730347
KRT16_RNA,0.25995227694511414
SRPRB_RNA,0.25990211963653564
ALG3_RNA,0.2596619129180908
FKBP1A_RNA,0.2596209645271301
JTB_RNA,0.25960296392440796
FRMD8_RNA,0.2595105767250061
RIPK3_RNA,0.259355366230011
FAM3B_RNA,0.25925377011299133
TPM3_RNA,0.2590542435646057
EIF6_RNA,0.2589999735355377
CTNNAL1_RNA,0.2589399218559265
CLEC7A_RNA,0.25879713892936707
TIMM13_RNA,0.2587381899356842
TSPAN6_RNA,0.25867393612861633
IFI27L2_RNA,0.2586183547973633
CLDN7_RNA,0.25861603021621704
GALNT2_RNA,0.2585713267326355
TACSTD2_RNA,0.25839343667030334
UBE2J2_RNA,0.25824981927871704
LRRC15_RNA,0.258244127035141
HOXA4_RNA,0.25824108719825745
IL15RA_RNA,0.25809428095817566
PRICKLE3_RNA,0.2580929696559906
C11orf24_RNA,0.2580653131008148
KCNQ1_RNA,0.2579731345176697
PSMC2_RNA,0.25794583559036255
PARP9_RNA,0.2579295337200165
IMP3_RNA,0.25791090726852417
TULP1_RNA,0.2578083872795105
FNDC4_RNA,0.2577817142009735
SH3TC1_RNA,0.25773873925209045
ADH5_RNA,0.25769078731536865
GUK1_RNA,0.257598876953125
PFDN2_RNA,0.2575593888759613
CHPF2_RNA,0.25753718614578247
TP53_RNA,0.2573935091495514
RPS26_RNA,0.25726690888404846
BARX1_RNA,0.2572419047355652
ASCL2_RNA,0.2572310268878937
PLS3_RNA,0.25720155239105225
ABHD11_RNA,0.2569805085659027
LMF2_RNA,0.2569229006767273
CTSA_RNA,0.2568623125553131
TRIM5_RNA,0.2567236125469208
TIPARP_RNA,0.2566841244697571
MRPL55_RNA,0.2565523087978363
PPT1_RNA,0.2565503418445587
AIP_RNA,0.25654682517051697
ADCK2_RNA,0.25647979974746704
DAP_RNA,0.2564581334590912
ARF4_RNA,0.2564534544944763
CAPZA2_RNA,0.25618085265159607
RABEPK_RNA,0.25604990124702454
TRAM2_RNA,0.2559916079044342
CYTH4_RNA,0.2559258043766022
HOXC6_RNA,0.2559249997138977
ALDH16A1_RNA,0.25586429238319397
BCAP31_RNA,0.2558053433895111
UFC1_RNA,0.2557983100414276
ESM1_RNA,0.255649596452713
TWSG1_RNA,0.2555660605430603
LAMA2_RNA,0.2555416226387024
NFKBIE_RNA,0.2554873526096344
PLXND1_RNA,0.25548359751701355
WDR1_RNA,0.255357027053833
ARHGDIA_RNA,0.25533509254455566
ZNF524_RNA,0.25531673431396484
COX8A_RNA,0.25530296564102173
ARPC1A_RNA,0.2552947700023651
VNN1_RNA,0.25514596700668335
CAPZA1_RNA,0.25514036417007446
TTC39A_RNA,0.25511014461517334
SEC13_RNA,0.2550259828567505
HMG20B_RNA,0.25495001673698425
FGFRL1_RNA,0.25484710931777954
POP5_RNA,0.25478678941726685
RPS19BP1_RNA,0.254772812128067
TXNDC12_RNA,0.25460344552993774
PIK3R5_RNA,0.25441059470176697
STX10_RNA,0.25418055057525635
GPR132_RNA,0.25405606627464294
STEAP1_RNA,0.2539842426776886
CAP1_RNA,0.25388845801353455
DNTTIP1_RNA,0.25383904576301575
MANBA_RNA,0.25383612513542175
HRCT1_RNA,0.25366881489753723
TBRG4_RNA,0.2535742521286011
HINT1_RNA,0.25357145071029663
IQGAP2_RNA,0.25356391072273254
FBXO32_RNA,0.25317642092704773
TMEM9_RNA,0.2529833912849426
SIX5_RNA,0.2529529631137848
PCBP1_RNA,0.2528744637966156
NR2C2AP_RNA,0.25281384587287903
MRPL22_RNA,0.25280237197875977
SLC25A5_RNA,0.25268903374671936
KCNF1_RNA,0.2524334788322449
CCT6A_RNA,0.2524257004261017
HBEGF_RNA,0.25241193175315857
MRPL27_RNA,0.2520764470100403
MED31_RNA,0.25196778774261475
TMEM38B_RNA,0.25193583965301514
PIGT_RNA,0.2518996596336365
ILF2_RNA,0.2518741488456726
GPAA1_RNA,0.2518518269062042
CETN2_RNA,0.25182875990867615
FBXO39_RNA,0.2518242299556732
TEX264_RNA,0.2515662908554077
RPL26_RNA,0.2514634430408478
PRR13_RNA,0.25145766139030457
PBK_RNA,0.25142863392829895
GBGT1_RNA,0.25136029720306396
PCGF1_RNA,0.2513062357902527
SDF2_RNA,0.2512359917163849
MLKL_RNA,0.2511850893497467
PCK2_RNA,0.2508198618888855
BLOC1S1_RNA,0.25062763690948486
ITGAE_RNA,0.2506060302257538
B3GNT9_RNA,0.25056731700897217
STOML2_RNA,0.25054389238357544
PDLIM2_RNA,0.25034162402153015
FKBP7_RNA,0.2502799928188324
URM1_RNA,0.2502304017543793
MFAP2_RNA,0.25009894371032715
MSX1_RNA,0.24994869530200958
MICALL2_RNA,0.24991804361343384
MPDU1_RNA,0.24927295744419098
CSF3R_RNA,0.24910429120063782
CORO1A_RNA,0.24898821115493774
RHOA_RNA,0.2489650398492813
CREM_RNA,0.24894554913043976
BET1_RNA,0.24885399639606476
ALKBH2_RNA,0.24877020716667175
NT5C_RNA,0.24876917898654938
PDE6G_RNA,0.24859857559204102
DGUOK_RNA,0.2484389841556549
IL31RA_RNA,0.24826845526695251
C6orf226_RNA,0.24825292825698853
PLB1_RNA,0.24818122386932373
RRM2_RNA,0.24817565083503723
HAPLN3_RNA,0.24813979864120483
LYPLA2_RNA,0.2481231838464737
EXT2_RNA,0.24809198081493378
COX7A2_RNA,0.24797271192073822
GAL3ST4_RNA,0.24763351678848267
MMP3_RNA,0.24758189916610718
ZBTB42_RNA,0.24753324687480927
HOXA5_RNA,0.2475232183933258
TRPV2_RNA,0.24749653041362762
HSPA1A_RNA,0.2474483698606491
CD2_RNA,0.24744227528572083
SPCS1_RNA,0.2471783459186554
TGFB3_RNA,0.24711665511131287
RPL23A_RNA,0.24700301885604858
TSPAN9_RNA,0.2469930797815323
KLF17_RNA,0.24689346551895142
RPL13AP5_RNA,0.24683097004890442
BAD_RNA,0.2467605173587799
TMEM161A_RNA,0.24673780798912048
MRPL21_RNA,0.24664448201656342
MRTO4_RNA,0.24650946259498596
CPNE1_RNA,0.24645625054836273
FSTL1_RNA,0.24636980891227722
ITPA_RNA,0.24611295759677887
ADAMTS1_RNA,0.24603663384914398
NPR1_RNA,0.24597221612930298
BCL7C_RNA,0.24595467746257782
BST1_RNA,0.24592065811157227
RHOJ_RNA,0.2459004670381546
TAF12_RNA,0.2457846701145172
TIMM10_RNA,0.24564586579799652
IL18R1_RNA,0.2455633133649826
TMEM102_RNA,0.24552811682224274
SURF1_RNA,0.24542462825775146
PPY_RNA,0.24541497230529785
NOB1_RNA,0.24538198113441467
HERPUD1_RNA,0.2453605979681015
IRF1_RNA,0.24534223973751068
FUNDC2_RNA,0.24531058967113495
CSF1R_RNA,0.2452530413866043
EMID1_RNA,0.24509553611278534
TRIM47_RNA,0.24501244723796844
TBX15_RNA,0.24497438967227936
MYO1F_RNA,0.2449335753917694
MED18_RNA,0.24482735991477966
YDJC_RNA,0.2448253631591797
INTS10_RNA,0.24468569457530975
TNFRSF10A_RNA,0.24466314911842346
ASIP_RNA,0.24450629949569702
MIR155HG_RNA,0.24439623951911926
TREML2_RNA,0.244294211268425
CYB561D2_RNA,0.24422208964824677
VAT1_RNA,0.24420158565044403
PNP_RNA,0.24413906037807465
TMEM109_RNA,0.24401283264160156
STBD1_RNA,0.24399182200431824
PTGIR_RNA,0.2438361495733261
PITX2_RNA,0.24383573234081268
NUAK2_RNA,0.24362178146839142
MRPS7_RNA,0.24335792660713196
NDUFA1_RNA,0.24333687126636505
ADAP2_RNA,0.243291437625885
APOE_RNA,0.24319149553775787
PDGFD_RNA,0.2430499643087387
SPATA20_RNA,0.24296365678310394
GZMB_RNA,0.24293318390846252
MSN_RNA,0.24283432960510254
PIK3AP1_RNA,0.2428014725446701
ARL16_RNA,0.24267467856407166
TMEM64_RNA,0.24261964857578278
CFL1_RNA,0.24261805415153503
NSMCE1_RNA,0.24259275197982788
ITGB1_RNA,0.24255169928073883
CMC1_RNA,0.24254588782787323
FILIP1L_RNA,0.24247217178344727
DCTD_RNA,0.24209795892238617
PINX1_RNA,0.24189913272857666
SPRY2_RNA,0.2418694645166397
COL12A1_RNA,0.24182699620723724
DCAF13_RNA,0.24169525504112244
CASP5_RNA,0.24153514206409454
CD81_RNA,0.24151676893234253
GALE_RNA,0.24144484102725983
GPR108_RNA,0.2414388805627823
VWA1_RNA,0.24115018546581268
TNFSF13_RNA,0.24110296368598938
LRP10_RNA,0.24110214412212372
ANTXR2_RNA,0.241096630692482
EFNA1_RNA,0.24074961245059967
CD1A_RNA,0.24071946740150452
DOK5_RNA,0.24071313440799713
TMEM60_RNA,0.24063411355018616
MRPL20_RNA,0.2403840571641922
OASL_RNA,0.24035526812076569
CDK2AP2_RNA,0.24031709134578705
BOD1_RNA,0.24022993445396423
CLP1_RNA,0.24021565914154053
CD3E_RNA,0.24018417298793793
SEC61A1_RNA,0.2400825321674347
ELOF1_RNA,0.24001149833202362
CCNB2_RNA,0.2399377077817917
SYK_RNA,0.23982089757919312
MAPKAPK3_RNA,0.2397863268852234
RNASET2_RNA,0.2397347241640091
CELSR1_RNA,0.2395106554031372
HOXC9_RNA,0.2394806146621704
POLD2_RNA,0.2393561601638794
EIF3K_RNA,0.2393142133951187
ACTR3_RNA,0.23931410908699036
IGFBP1_RNA,0.23919738829135895
TIMM17B_RNA,0.23919636011123657
UCN2_RNA,0.2391572743654251
MUC12_RNA,0.23903042078018188
ZNHIT2_RNA,0.2390066683292389
GZMA_RNA,0.2389635145664215
MYBL2_RNA,0.23885273933410645
PDGFC_RNA,0.23884983360767365
GTF2A2_RNA,0.2386574000120163
NDUFA3_RNA,0.23865555226802826
BCL7B_RNA,0.23861846327781677
EBI3_RNA,0.23859527707099915
C5orf15_RNA,0.2385585606098175
ZMAT5_RNA,0.23855625092983246
ARMCX6_RNA,0.23849211633205414
PXDNL_RNA,0.23843157291412354
NQO2_RNA,0.23836860060691833
UCP2_RNA,0.23825804889202118
GINS4_RNA,0.2382575124502182
ISYNA1_RNA,0.23806726932525635
TADA3_RNA,0.23796238005161285
ABCD1_RNA,0.23794707655906677
HOPX_RNA,0.23789893090724945
ZDHHC4_RNA,0.23784902691841125
FAP_RNA,0.23782716691493988
RNPEPL1_RNA,0.23778073489665985
RPL6_RNA,0.23737172782421112
IL1B_RNA,0.23728854954242706
CAV2_RNA,0.23724964261054993
AURKB_RNA,0.23722076416015625
TRPT1_RNA,0.237192302942276
SPG21_RNA,0.23719045519828796
B9D2_RNA,0.23708303272724152
PSMB6_RNA,0.23707804083824158
TACO1_RNA,0.23706144094467163
SLFN11_RNA,0.23705309629440308
TMEM11_RNA,0.23690901696681976
GRWD1_RNA,0.23690347373485565
NHP2_RNA,0.23683704435825348
PALM3_RNA,0.2368232011795044
FGFR1_RNA,0.2368040382862091
SLC35D2_RNA,0.23669692873954773
KIRREL2_RNA,0.23657484352588654
RILPL2_RNA,0.23657286167144775
SHKBP1_RNA,0.23635941743850708
NDUFA6_RNA,0.23635168373584747
HMGN4_RNA,0.23634664714336395
KRCC1_RNA,0.2362903654575348
MCTP2_RNA,0.23623710870742798
PECAM1_RNA,0.23623085021972656
NRP1_RNA,0.2361796796321869
NKG7_RNA,0.2361288219690323
ALDH3A1_RNA,0.2360641360282898
FAS_RNA,0.23590457439422607
DGCR6L_RNA,0.23582823574543
ATP6V1G1_RNA,0.23577579855918884
BSG_RNA,0.23567205667495728
DNAJC22_RNA,0.23565223813056946
SSBP4_RNA,0.23556634783744812
ACTL6A_RNA,0.23553453385829926
NOD2_RNA,0.235495463013649
CCR7_RNA,0.23545177280902863
RUVBL1_RNA,0.2353096902370453
MRPL37_RNA,0.23525367677211761
IGF2BP3_RNA,0.23524275422096252
KIF20A_RNA,0.2352195829153061
SIPA1_RNA,0.2352103441953659
COX7B_RNA,0.23497314751148224
CMTM6_RNA,0.2349313646554947
CD164_RNA,0.23490524291992188
TUBA1B_RNA,0.2348671704530716
ADAMDEC1_RNA,0.23481903970241547
MYCBP_RNA,0.2347312867641449
APOL4_RNA,0.23466624319553375
MPST_RNA,0.23445498943328857
SLC25A43_RNA,0.23429031670093536
KLF6_RNA,0.23422817885875702
DPM2_RNA,0.2341948002576828
ZNF217_RNA,0.23391953110694885
EIF3D_RNA,0.23382063210010529
FABP7_RNA,0.23377452790737152
TMEM216_RNA,0.23374608159065247
CNPY3_RNA,0.233690083026886
SLC10A6_RNA,0.23358166217803955
SUCLG2_RNA,0.23349782824516296
RINL_RNA,0.23339349031448364
RSL24D1_RNA,0.23333454132080078
TXN2_RNA,0.23332297801971436
FBLN5_RNA,0.23321717977523804
PML_RNA,0.23319287598133087
RAP1B_RNA,0.23302674293518066
GBP3_RNA,0.23296286165714264
IRAK1_RNA,0.23285932838916779
GGH_RNA,0.23284779489040375
YIF1B_RNA,0.2327759861946106
ST6GALNAC4_RNA,0.23274272680282593
PSTPIP1_RNA,0.23270507156848907
OSBPL10_RNA,0.23269200325012207
ERGIC1_RNA,0.23236984014511108
DYRK3_RNA,0.2322426289319992
CLEC1A_RNA,0.23219944536685944
LYRM4_RNA,0.2319096028804779
TRIB3_RNA,0.23168693482875824
MAN1B1_RNA,0.23168449103832245
AP4M1_RNA,0.23165370523929596
ASL_RNA,0.23163309693336487
TMEM214_RNA,0.23153084516525269
SEPHS2_RNA,0.23149356245994568
S1PR4_RNA,0.23143470287322998
LRRC59_RNA,0.23139260709285736
LILRB1_RNA,0.23120030760765076
COMMD7_RNA,0.23091654479503632
RABAC1_RNA,0.23085057735443115
PEPD_RNA,0.23082856833934784
RNPEP_RNA,0.2306792438030243
DMBX1_RNA,0.23067127168178558
SDHAF2_RNA,0.23064756393432617
PLA2G15_RNA,0.23058487474918365
TNFSF10_RNA,0.23055820167064667
PCTP_RNA,0.23033758997917175
FBXW9_RNA,0.23030519485473633
PTBP1_RNA,0.23009926080703735
MDFIC_RNA,0.22980307042598724
LILRA2_RNA,0.22970017790794373
EIF2B3_RNA,0.22967326641082764
APEX2_RNA,0.2296621948480606
CD7_RNA,0.2296108603477478
DNAJC5B_RNA,0.22957225143909454
COQ2_RNA,0.22954925894737244
CD3D_RNA,0.22954615950584412
CSAG1_RNA,0.22952505946159363
TNFSF4_RNA,0.2293557971715927
ZC3HC1_RNA,0.22925804555416107
HJURP_RNA,0.2291669249534607
DEF6_RNA,0.2290785014629364
NDUFS3_RNA,0.22891947627067566
AOAH_RNA,0.22890445590019226
CHMP2A_RNA,0.22881531715393066
SLC17A9_RNA,0.22879621386528015
PECR_RNA,0.22868569195270538
TCTN3_RNA,0.22821441292762756
RPL7_RNA,0.2280847430229187
LATS2_RNA,0.2279539555311203
IRAK4_RNA,0.22793641686439514
ITPRIPL1_RNA,0.2279052883386612
CD180_RNA,0.22789867222309113
LENG9_RNA,0.2278333455324173
NCKAP1L_RNA,0.22772645950317383
MT1A_RNA,0.2276953160762787
POLE4_RNA,0.2276010662317276
P2RX4_RNA,0.2275816798210144
NAB2_RNA,0.2274482548236847
PSRC1_RNA,0.22731538116931915
KTI12_RNA,0.22729235887527466
COX5B_RNA,0.22701415419578552
CSPG4_RNA,0.22691377997398376
RCC1_RNA,0.22671934962272644
SGSH_RNA,0.22666607797145844
CCND3_RNA,0.22664383053779602
RPL36AL_RNA,0.22659897804260254
NEDD8_RNA,0.22658021748065948
GIMAP4_RNA,0.22646228969097137
POMGNT1_RNA,0.2263384759426117
BCKDK_RNA,0.22627782821655273
TMED2_RNA,0.22627507150173187
NOP16_RNA,0.22582460939884186
RRP9_RNA,0.22579288482666016
ULBP2_RNA,0.22573214769363403
ADRM1_RNA,0.22567181289196014
CTHRC1_RNA,0.2256300151348114
GNPDA1_RNA,0.2256072759628296
DSE_RNA,0.22555392980575562
RUVBL2_RNA,0.2255447804927826
CCT7_RNA,0.22553476691246033
IER5_RNA,0.22553201019763947
LEF1_RNA,0.22546181082725525
NDUFC1_RNA,0.22535397112369537
CYB5R1_RNA,0.225199356675148
MED30_RNA,0.22516469657421112
TMEM219_RNA,0.22497744858264923
CCL13_RNA,0.22496245801448822
TAF7_RNA,0.22492550313472748
HNRNPF_RNA,0.22477073967456818
UBE2T_RNA,0.22473672032356262
TMEM205_RNA,0.2247336208820343
P2RY6_RNA,0.2247249037027359
TMEM43_RNA,0.22450599074363708
HOMER3_RNA,0.22447696328163147
MME_RNA,0.22443099319934845
NEK2_RNA,0.22408868372440338
RPL17_RNA,0.2240801900625229
MRPL15_RNA,0.22407348453998566
EMB_RNA,0.22400131821632385
F11R_RNA,0.22397899627685547
CYBRD1_RNA,0.22397032380104065
ZFAND6_RNA,0.22390107810497284
CACNG6_RNA,0.22375670075416565
TICAM1_RNA,0.2237483412027359
GPR3_RNA,0.22368842363357544
POLR2H_RNA,0.2236349731683731
PSMB5_RNA,0.22357669472694397
PPCS_RNA,0.22346821427345276
ETFA_RNA,0.2234671264886856
GPX4_RNA,0.22338859736919403
HTATIP2_RNA,0.223308727145195
FIBP_RNA,0.22326594591140747
NDUFB3_RNA,0.2232242226600647
MFSD5_RNA,0.22318972647190094
GNS_RNA,0.22315943241119385
LSM4_RNA,0.22285832464694977
CHSY1_RNA,0.22254794836044312
ATP1B3_RNA,0.22227762639522552
CROT_RNA,0.22222180664539337
CCT4_RNA,0.2221522331237793
BMF_RNA,0.22206874191761017
EMP2_RNA,0.22205954790115356
MRPS34_RNA,0.22202607989311218
HOXC4_RNA,0.22200222313404083
YRDC_RNA,0.22198186814785004
HTRA3_RNA,0.22188332676887512
ERAP2_RNA,0.2218298316001892
IL1A_RNA,0.22181686758995056
PPP1R15A_RNA,0.2217760980129242
BHLHE40_RNA,0.22166305780410767
FOS_RNA,0.22154377400875092
EDNRA_RNA,0.22137954831123352
ERBB2_RNA,0.22137059271335602
F12_RNA,0.2211686372756958
STX8_RNA,0.22096137702465057
EBNA1BP2_RNA,0.22095437347888947
MPV17_RNA,0.22086094319820404
AIMP2_RNA,0.22084712982177734
HOXB8_RNA,0.22068414092063904
LMO2_RNA,0.22049619257450104
MS4A6E_RNA,0.2203337550163269
SLC35A2_RNA,0.22030824422836304
CLDN4_RNA,0.22024250030517578
POU2F3_RNA,0.22013984620571136
PLEKHF2_RNA,0.22003509104251862
RBM42_RNA,0.2198605239391327
NUDT1_RNA,0.21981513500213623
KCNMB1_RNA,0.21973031759262085
IRF7_RNA,0.21970422565937042
TSTD1_RNA,0.21967796981334686
CD37_RNA,0.2195950150489807
KPNA2_RNA,0.21956509351730347
RANGRF_RNA,0.2195553332567215
FLNC_RNA,0.2195184826850891
CST6_RNA,0.21946309506893158
NAAA_RNA,0.21934980154037476
GTF2B_RNA,0.2191656082868576
TP53TG1_RNA,0.21908706426620483
SMYD2_RNA,0.21906103193759918
SELPLG_RNA,0.21902605891227722
RIPK2_RNA,0.21896545588970184
CRYBB1_RNA,0.218922957777977
MRPL9_RNA,0.218853160738945
ARF1_RNA,0.21883822977542877
B3GAT3_RNA,0.21872754395008087
CARD6_RNA,0.21871481835842133
RAN_RNA,0.21869225800037384
SLC25A1_RNA,0.21864597499370575
COMT_RNA,0.21852359175682068
CASS4_RNA,0.2183317095041275
HIBADH_RNA,0.2183259129524231
RENBP_RNA,0.2182924747467041
UAP1_RNA,0.21826273202896118
ABHD14B_RNA,0.21814793348312378
WDR54_RNA,0.21814584732055664
MED11_RNA,0.21808479726314545
TMEM59_RNA,0.21804755926132202
SLC35B2_RNA,0.2180439680814743
MRPL47_RNA,0.21800844371318817
PSMD14_RNA,0.2178589552640915
SDCBP_RNA,0.21774423122406006
POLE3_RNA,0.21771353483200073
KRT80_RNA,0.21766397356987
TRIP4_RNA,0.2176440954208374
LTBP3_RNA,0.21764329075813293
SH3GL1_RNA,0.21758444607257843
PPIH_RNA,0.21750931441783905
CANT1_RNA,0.21736854314804077
HAUS8_RNA,0.2172834575176239
PDCL3_RNA,0.21705012023448944
WIPF1_RNA,0.21704964339733124
C15orf39_RNA,0.2170260101556778
SOAT1_RNA,0.21694260835647583
TMEM14B_RNA,0.21686597168445587
GANAB_RNA,0.21686425805091858
SLC39A1_RNA,0.21686379611492157
DHCR7_RNA,0.2167750895023346
FAM114A2_RNA,0.21664805710315704
RASSF5_RNA,0.2166300266981125
LILRB4_RNA,0.21651369333267212
DYNLL1_RNA,0.21648818254470825
DERA_RNA,0.21643194556236267
MANBAL_RNA,0.21642424166202545
POLR3K_RNA,0.21621185541152954
TSLP_RNA,0.21616849303245544
LMAN2L_RNA,0.21614107489585876
PPIL3_RNA,0.21610969305038452
RNH1_RNA,0.21609939634799957
C7orf50_RNA,0.2160596251487732
ATG4A_RNA,0.2160191535949707
COX17_RNA,0.21591980755329132
PDCD1LG2_RNA,0.2158581018447876
SKAP2_RNA,0.2157982736825943
SLC40A1_RNA,0.21578696370124817
PTP4A3_RNA,0.2157326340675354
PPIL1_RNA,0.2156742513179779
HLX_RNA,0.21558363735675812
RNF25_RNA,0.2155294418334961
PTPN9_RNA,0.21546751260757446
NRP2_RNA,0.21527521312236786
PARK7_RNA,0.2150118499994278
TM9SF1_RNA,0.2149834781885147
EPHA3_RNA,0.21481984853744507
CPM_RNA,0.2147255688905716
EMD_RNA,0.214512437582016
PVT1_RNA,0.21448329091072083
GLRX3_RNA,0.21447503566741943
DUSP11_RNA,0.21446575224399567
RPL4_RNA,0.214422807097435
EBP_RNA,0.21442191302776337
ARHGAP30_RNA,0.21435782313346863
PSMB1_RNA,0.21433164179325104
EFTUD2_RNA,0.21430271863937378
CUTA_RNA,0.21430058777332306
TIFA_RNA,0.21420882642269135
ISOC2_RNA,0.21416042745113373
SNRPF_RNA,0.21405881643295288
SLC35E4_RNA,0.21399664878845215
FAM83G_RNA,0.21389782428741455
SDHB_RNA,0.21382957696914673
ANGPTL2_RNA,0.21379880607128143
IMPDH1_RNA,0.21367447078227997
HOXB13_RNA,0.21364447474479675
UBE2A_RNA,0.21360525488853455
PUSL1_RNA,0.21350903809070587
THAP3_RNA,0.21349863708019257
LYN_RNA,0.21348990499973297
PARL_RNA,0.21342141926288605
GSR_RNA,0.21313069760799408
TNFSF14_RNA,0.21306389570236206
ARHGAP4_RNA,0.2130565196275711
PSMC3_RNA,0.21305429935455322
NFU1_RNA,0.21299265325069427
DPY30_RNA,0.21298697590827942
RPL13AP20_RNA,0.21297836303710938
CBY1_RNA,0.21285980939865112
PRRG4_RNA,0.21280011534690857
S1PR3_RNA,0.21278978884220123
ITPR3_RNA,0.21271120011806488
KCNK15_RNA,0.2125299721956253
TPRG1_RNA,0.21230724453926086
PTGR1_RNA,0.21225133538246155
FIBIN_RNA,0.21206215023994446
IL2RG_RNA,0.21205197274684906
SF3B4_RNA,0.21205013990402222
RUNX3_RNA,0.21188993752002716
LIMK1_RNA,0.21179509162902832
ORAI3_RNA,0.2116696685552597
IMMP2L_RNA,0.21165408194065094
BZW1_RNA,0.2116289734840393
COPZ1_RNA,0.2115577757358551
DECR1_RNA,0.21153739094734192
MT1M_RNA,0.21148160099983215
CHCHD1_RNA,0.21147911250591278
PGM2_RNA,0.2114446610212326
PMAIP1_RNA,0.2113891839981079
PRDX5_RNA,0.21137139201164246
MED27_RNA,0.21134303510189056
PMF1_RNA,0.21121200919151306
ZNF185_RNA,0.2112099677324295
NDRG1_RNA,0.21120651066303253
OSTF1_RNA,0.21120242774486542
ARL4C_RNA,0.21111811697483063
ZNF691_RNA,0.21102692186832428
DRG1_RNA,0.2110186070203781
LRG1_RNA,0.210978701710701
MED8_RNA,0.21096943318843842
PFKFB4_RNA,0.2109033614397049
FPGS_RNA,0.21065859496593475
CST7_RNA,0.2106005996465683
PRDX3_RNA,0.2105444222688675
TGFBR2_RNA,0.21046729385852814
XRCC6_RNA,0.21022114157676697
MRPS17_RNA,0.21019098162651062
GNAI2_RNA,0.21018555760383606
CAPZB_RNA,0.2100437432527542
SLC35B1_RNA,0.20998987555503845
ANKRD37_RNA,0.20997531712055206
BOC_RNA,0.2099403589963913
ARRB2_RNA,0.20992597937583923
FRG1_RNA,0.20983624458312988
TMCO1_RNA,0.20980791747570038
MT1G_RNA,0.20978251099586487
SQSTM1_RNA,0.20950599014759064
TARBP2_RNA,0.20945701003074646
NDUFA4_RNA,0.2093914896249771
RNF113A_RNA,0.2093472182750702
MX2_RNA,0.20934589207172394
MRPL16_RNA,0.2093079835176468
TST_RNA,0.20922109484672546
FBXO4_RNA,0.20906756818294525
MMADHC_RNA,0.2090476006269455
ZCCHC9_RNA,0.2089693397283554
KLHDC7A_RNA,0.2088547646999359
LTBR_RNA,0.20872282981872559
RAB1B_RNA,0.20863448083400726
SPATS2L_RNA,0.20860512554645538
WTAP_RNA,0.20854948461055756
NR1H2_RNA,0.2084883451461792
SEMA3F_RNA,0.2084551900625229
CABP4_RNA,0.20843158662319183
SNUPN_RNA,0.20838820934295654
ISL2_RNA,0.2083350121974945
IER3_RNA,0.20825092494487762
POR_RNA,0.20817382633686066
CDKN2AIPNL_RNA,0.20816898345947266
ROM1_RNA,0.20814429223537445
PREB_RNA,0.20806284248828888
VPS29_RNA,0.2080063819885254
RAB9A_RNA,0.2079889476299286
PSMA4_RNA,0.20795881748199463
RUNX2_RNA,0.2078036218881607
WDR18_RNA,0.20774036645889282
DHRS4_RNA,0.2076994627714157
C3_RNA,0.20756909251213074
DALRD3_RNA,0.20754967629909515
HBA2_RNA,0.20725320279598236
VPS28_RNA,0.20723114907741547
C16orf54_RNA,0.20719994604587555
C8orf76_RNA,0.20718567073345184
FCRLB_RNA,0.20717491209506989
NDUFB9_RNA,0.20709431171417236
RELA_RNA,0.20709173381328583
ZDHHC1_RNA,0.20699438452720642
DPH5_RNA,0.2069934904575348
POFUT1_RNA,0.2069745659828186
STRA6_RNA,0.20695063471794128
NDUFB4_RNA,0.20691601932048798
DLGAP5_RNA,0.20686011016368866
SNX6_RNA,0.20675159990787506
TWIST2_RNA,0.20667213201522827
UQCRH_RNA,0.20664016902446747
SH3BP1_RNA,0.20659558475017548
HEBP1_RNA,0.2065245360136032
ACOT9_RNA,0.2064681351184845
NOL3_RNA,0.2064571976661682
TSPAN10_RNA,0.20640957355499268
HMGN2_RNA,0.20637351274490356
SDHAF1_RNA,0.20624078810214996
CLEC4E_RNA,0.2062370330095291
BYSL_RNA,0.20619091391563416
SLC15A3_RNA,0.20610138773918152
CENPA_RNA,0.20604586601257324
CHRDL2_RNA,0.20594416558742523
FAM3A_RNA,0.20586979389190674
CD300LB_RNA,0.205868199467659
CAPN1_RNA,0.20550715923309326
NUBP2_RNA,0.20539490878582
IRF5_RNA,0.20539416372776031
PABPC1_RNA,0.20538167655467987
PXN_RNA,0.20530571043491364
CDK1_RNA,0.20512507855892181
FTSJ1_RNA,0.20507340133190155
ARL2_RNA,0.20507068932056427
MRPL39_RNA,0.20492418110370636
HNRNPC_RNA,0.20488719642162323
ETV7_RNA,0.2048354148864746
FSCN1_RNA,0.2048330008983612
PDRG1_RNA,0.2047925889492035
SHARPIN_RNA,0.20476748049259186
PTGFRN_RNA,0.20456160604953766
GPR4_RNA,0.20453500747680664
LGALS7_RNA,0.2045145034790039
SIGLEC12_RNA,0.2044665515422821
HSD17B11_RNA,0.2044283002614975
STAT3_RNA,0.2043534219264984
ABHD4_RNA,0.20428292453289032
COMMD6_RNA,0.2042783498764038
IFT57_RNA,0.20423457026481628
PRKCSH_RNA,0.20395272970199585
STT3A_RNA,0.2038058489561081
PEF1_RNA,0.20372051000595093
HLA-F_RNA,0.20371529459953308
ERLIN1_RNA,0.2036675363779068
HOXC8_RNA,0.20358678698539734
LCK_RNA,0.20341287553310394
PFDN6_RNA,0.20338362455368042
TMEM154_RNA,0.20335210859775543
GZMH_RNA,0.20332884788513184
ULBP3_RNA,0.20324374735355377
TIMM9_RNA,0.20305657386779785
HSPG2_RNA,0.2029530107975006
NUDT16L1_RNA,0.20295298099517822
TMX1_RNA,0.20288929343223572
MAMDC2_RNA,0.20280426740646362
TAPBPL_RNA,0.20278237760066986
FURIN_RNA,0.20261253416538239
USP39_RNA,0.2025788277387619
ZNF511_RNA,0.20256634056568146
SLC22A4_RNA,0.20247893035411835
AKR1B1_RNA,0.2024533897638321
GPBAR1_RNA,0.20245130360126495
RPP40_RNA,0.20244021713733673
PRKAG1_RNA,0.20234645903110504
CCL8_RNA,0.2022765725851059
TMEM203_RNA,0.20215485990047455
PPARG_RNA,0.20200461149215698
TINF2_RNA,0.20197811722755432
MPP4_RNA,0.20190595090389252
PIK3CG_RNA,0.2019043266773224
TPRA1_RNA,0.20170184969902039
RAB38_RNA,0.20166631042957306
KIAA2013_RNA,0.2016436904668808
MCAM_RNA,0.20158445835113525
SAP30_RNA,0.20154517889022827
IFI30_RNA,0.2014918178319931
DDX49_RNA,0.2014874964952469
EDF1_RNA,0.20148439705371857
RPIA_RNA,0.20127199590206146
ALG2_RNA,0.2012602537870407
CDC42_RNA,0.20124050974845886
CDC26_RNA,0.20122584700584412
TTC9C_RNA,0.20118124783039093
SH3PXD2B_RNA,0.20117035508155823
CREG1_RNA,0.20115447044372559
IRF3_RNA,0.20105546712875366
PSMB7_RNA,0.2010401487350464
RAD51_RNA,0.20101135969161987
TBC1D10A_RNA,0.20097525417804718
G6PD_RNA,0.20083144307136536
HS3ST3B1_RNA,0.20065006613731384
B4GALT7_RNA,0.20050430297851563
TFPT_RNA,0.20048050582408905
HSF1_RNA,0.2003011852502823
GOLGA7_RNA,0.20026563107967377
BOLA1_RNA,0.20024478435516357
HIGD2A_RNA,0.2001810371875763
CSNK2B_RNA,0.20015408098697662
MDH2_RNA,0.20013557374477386
PRPS2_RNA,0.2001343071460724
DEGS1_RNA,0.20011673867702484
TFB2M_RNA,0.20009373128414154
LYL1_RNA,0.20009028911590576
APBA3_RNA,0.2000657469034195
PSMD4_RNA,0.20003671944141388
NFKB2_RNA,0.20000424981117249
NFE2L2_RNA,0.19977957010269165
SLC37A2_RNA,0.19972677528858185
ISCA2_RNA,0.19970004260540009
VGLL2_RNA,0.1996622383594513
CD69_RNA,0.19926832616329193
COX6A1_RNA,0.19926071166992188
SLFN12_RNA,0.19920307397842407
TNFRSF9_RNA,0.19920064508914948
NLRP12_RNA,0.19912083446979523
SLC39A8_RNA,0.1990087777376175
COMMD10_RNA,0.19899840652942657
LIMA1_RNA,0.19895963370800018
GGN_RNA,0.1989426612854004
TWF1_RNA,0.1989041417837143
PTPN12_RNA,0.19888535141944885
SLC25A11_RNA,0.19877520203590393
PDCD5_RNA,0.19864721596240997
C1GALT1C1_RNA,0.1986427903175354
NDUFB1_RNA,0.19862553477287292
PNKD_RNA,0.1986146718263626
RSU1_RNA,0.19849783182144165
RPL15_RNA,0.19846703112125397
POLR1D_RNA,0.19839002192020416
SLC12A7_RNA,0.19838696718215942
NKX3-1_RNA,0.19829925894737244
STK17A_RNA,0.19828160107135773
NT5E_RNA,0.1982588768005371
MT3_RNA,0.19815309345722198
GIPC1_RNA,0.19804880023002625
POMP_RNA,0.1979299634695053
KCTD12_RNA,0.19787606596946716
NUDT8_RNA,0.1977657973766327
BFAR_RNA,0.19776315987110138
ABHD15_RNA,0.19771362841129303
POFUT2_RNA,0.19767971336841583
LTBP2_RNA,0.19764263927936554
MORC4_RNA,0.19760675728321075
BET1L_RNA,0.19756723940372467
C19orf38_RNA,0.1975073218345642
PIM3_RNA,0.1974298357963562
UNC45A_RNA,0.19736891984939575
BCL2L1_RNA,0.1973668336868286
COQ5_RNA,0.19729290902614594
AURKA_RNA,0.19728288054466248
TPD52L2_RNA,0.1971885859966278
RWDD2B_RNA,0.19716566801071167
SHROOM3_RNA,0.1971120685338974
TNIP1_RNA,0.1970873773097992
ILVBL_RNA,0.19705888628959656
CCT2_RNA,0.19687142968177795
SSR3_RNA,0.19684875011444092
EIF3G_RNA,0.1968313455581665
UTP18_RNA,0.19681456685066223
MYO1C_RNA,0.1967974156141281
SNX3_RNA,0.19670288264751434
MLPH_RNA,0.1965976506471634
ARHGAP9_RNA,0.19658184051513672
SCAMP3_RNA,0.19633540511131287
C8orf58_RNA,0.1963287591934204
ISG15_RNA,0.1963171660900116
TNFRSF21_RNA,0.19631066918373108
MT1H_RNA,0.19624297320842743
PTRH2_RNA,0.1962120682001114
ECH1_RNA,0.1961982101202011
FHOD1_RNA,0.19614599645137787
SH2B3_RNA,0.19612091779708862
HLA-G_RNA,0.19605164229869843
HIF1A_RNA,0.1960148811340332
LTC4S_RNA,0.19596055150032043
RFTN1_RNA,0.19590449333190918
RARA_RNA,0.19589044153690338
HEY1_RNA,0.19572338461875916
ZMYND10_RNA,0.19570304453372955
IRF2_RNA,0.19563984870910645
PDK1_RNA,0.19554953277111053
NT5DC2_RNA,0.19544827938079834
SP110_RNA,0.19540701806545258
PCDHB7_RNA,0.19522936642169952
GALNS_RNA,0.1951877921819687
TMEM126B_RNA,0.1951366662979126
C18orf21_RNA,0.19504177570343018
NANS_RNA,0.19501611590385437
IER2_RNA,0.19496452808380127
LTA4H_RNA,0.19496393203735352
EIF3E_RNA,0.1949561983346939
IL13RA2_RNA,0.19494403898715973
TMED4_RNA,0.1948765069246292
DOCK6_RNA,0.19469329714775085
ERCC1_RNA,0.19464686512947083
DNAJC8_RNA,0.1945067048072815
NOTCH3_RNA,0.1943047195672989
NUPR1_RNA,0.19428114593029022
DNALI1_RNA,0.1942790448665619
TNFRSF18_RNA,0.1940823197364807
NAA10_RNA,0.1940712034702301
NOX4_RNA,0.19397728145122528
MRPL44_RNA,0.1938842087984085
PHLDB3_RNA,0.19380122423171997
RCE1_RNA,0.193790465593338
MRPL18_RNA,0.19378378987312317
MIIP_RNA,0.19366082549095154
TRAPPC6A_RNA,0.19361849129199982
FOXA3_RNA,0.19353805482387543
MUL1_RNA,0.19352363049983978
HSD17B8_RNA,0.1934085488319397
GTSE1_RNA,0.1933675855398178
PPA2_RNA,0.1933014988899231
MOSPD3_RNA,0.19330137968063354
PGM1_RNA,0.19314424693584442
CCT3_RNA,0.19291532039642334
EDN1_RNA,0.19290322065353394
GEMIN6_RNA,0.19289234280586243
EBPL_RNA,0.19287344813346863
TMBIM6_RNA,0.19269734621047974
UBL4A_RNA,0.1926698386669159
OXSM_RNA,0.19256067276000977
HTRA2_RNA,0.1925363540649414
EDN2_RNA,0.19238317012786865
ASCC2_RNA,0.1922789067029953
ACSL1_RNA,0.19222362339496613
APEH_RNA,0.19218426942825317
SDC2_RNA,0.1921841949224472
PAPSS2_RNA,0.1921810507774353
PDLIM1_RNA,0.19217278063297272
ATF4_RNA,0.19208866357803345
MAEL_RNA,0.19205771386623383
GLB1L_RNA,0.1919989436864853
RAB5C_RNA,0.19197863340377808
CCDC59_RNA,0.19187031686306
MTFR1_RNA,0.19182637333869934
TRAPPC4_RNA,0.19177968800067902
RTP4_RNA,0.19176438450813293
PRMT5_RNA,0.19168290495872498
TMEM126A_RNA,0.19166631996631622
BZW2_RNA,0.19166003167629242
COX5A_RNA,0.19158777594566345
ZNF467_RNA,0.19151416420936584
LRRC32_RNA,0.19146794080734253
SNHG8_RNA,0.19145655632019043
TCF23_RNA,0.1914515197277069
COLEC11_RNA,0.19144973158836365
PCNA_RNA,0.1913737952709198
VTRNA1-2_RNA,0.19137106835842133
RPS6KB2_RNA,0.19132322072982788
MAPK13_RNA,0.19123844802379608
PI15_RNA,0.1912284791469574
TXNDC15_RNA,0.19102106988430023
NUP54_RNA,0.19098399579524994
CCDC124_RNA,0.19097334146499634
SNHG12_RNA,0.1909405142068863
LTBP4_RNA,0.1909312903881073
LHX8_RNA,0.19091364741325378
TLCD2_RNA,0.19082815945148468
NOD1_RNA,0.19080907106399536
RCSD1_RNA,0.19074901938438416
PHF19_RNA,0.19074368476867676
ID1_RNA,0.1907050758600235
PLK1_RNA,0.19068308174610138
POLR1C_RNA,0.19065316021442413
TMBIM1_RNA,0.19064271450042725
GYS1_RNA,0.19062580168247223
DENND1C_RNA,0.19040913879871368
TMEM138_RNA,0.190348282456398
PLXNB2_RNA,0.19033277034759521
FTH1_RNA,0.1902891844511032
UBAC2_RNA,0.19026243686676025
TIMP2_RNA,0.1902429163455963
C2orf76_RNA,0.19023357331752777
RAB43_RNA,0.19010710716247559
ITGB3_RNA,0.1900988221168518
IRAK2_RNA,0.19000941514968872
LGMN_RNA,0.1899293065071106
PLEKHG2_RNA,0.18988826870918274
MFSD1_RNA,0.18988054990768433
CCL11_RNA,0.1898469775915146
GNAI3_RNA,0.18982858955860138
TNFRSF11A_RNA,0.18981248140335083
MT1E_RNA,0.18960657715797424
TMEM42_RNA,0.18935026228427887
TNFRSF10C_RNA,0.18934999406337738
TANK_RNA,0.1893150955438614
ADIPOR1_RNA,0.18930292129516602
STK32B_RNA,0.18919482827186584
ASS1_RNA,0.18917623162269592
APCDD1L_RNA,0.189120814204216
MOGS_RNA,0.18900221586227417
XPNPEP2_RNA,0.18896444141864777
PRKD2_RNA,0.18888290226459503
TUBG1_RNA,0.18881067633628845
PFDN1_RNA,0.18879908323287964
VOPP1_RNA,0.18874356150627136
TRAPPC2L_RNA,0.1886468380689621
SLC35A4_RNA,0.18854482471942902
ANO6_RNA,0.1885363608598709
DPY19L1_RNA,0.18849866092205048
PYCR1_RNA,0.18833883106708527
PAMR1_RNA,0.18830983340740204
ARL4A_RNA,0.18822640180587769
DRAM2_RNA,0.18818944692611694
TRNAU1AP_RNA,0.18810300529003143
LITAF_RNA,0.1880401223897934
MRPS2_RNA,0.18800370395183563
CDH5_RNA,0.18800224363803864
UXS1_RNA,0.18799030780792236
HBD_RNA,0.18795251846313477
FGL2_RNA,0.18785418570041656
HDAC3_RNA,0.18775537610054016
FBXL12_RNA,0.1877094954252243
PRDM1_RNA,0.18770377337932587
MRPS18B_RNA,0.1875801831483841
PHF23_RNA,0.18754933774471283
LHFPL2_RNA,0.18750689923763275
SERPINF2_RNA,0.1874886006116867
MELK_RNA,0.1874559074640274
E2F5_RNA,0.18727624416351318
IL24_RNA,0.18722482025623322
BIN3_RNA,0.187224343419075
FOLR3_RNA,0.1872217357158661
AKR7A2_RNA,0.18702971935272217
SLAMF7_RNA,0.18694749474525452
MRPL3_RNA,0.18694591522216797
ERH_RNA,0.1867542862892151
RND3_RNA,0.18671748042106628
SIAE_RNA,0.18651817739009857
SULT2B1_RNA,0.18646740913391113
SUCLG1_RNA,0.18642057478427887
PIM1_RNA,0.18637624382972717
ALG8_RNA,0.18631404638290405
CHCHD3_RNA,0.186295747756958
SHMT1_RNA,0.1862514764070511
RIC8A_RNA,0.18624699115753174
CPNE3_RNA,0.18618223071098328
CCNA2_RNA,0.18616092205047607
MRPS26_RNA,0.18615536391735077
VPS72_RNA,0.18598954379558563
PRDX1_RNA,0.18596793711185455
ATF1_RNA,0.18594343960285187
GNL2_RNA,0.18590335547924042
B3GNT8_RNA,0.18582288920879364
HLA-E_RNA,0.185812309384346
TNFSF13B_RNA,0.18580327928066254
RGL3_RNA,0.1857810914516449
MBOAT1_RNA,0.18577462434768677
CH25H_RNA,0.18568265438079834
CPSF4_RNA,0.1856348067522049
TEC_RNA,0.18560752272605896
MRPL43_RNA,0.18559697270393372
WDR46_RNA,0.1855732649564743
PUF60_RNA,0.18554368615150452
UBC_RNA,0.18553294241428375
DAB2_RNA,0.18553274869918823
DOLK_RNA,0.18544597923755646
NACA_RNA,0.1854328066110611
TSPAN17_RNA,0.18543212115764618
SLC31A1_RNA,0.18538543581962585
STC2_RNA,0.1853518784046173
AP1S1_RNA,0.1853414922952652
FBXO17_RNA,0.1852981299161911
SPINK1_RNA,0.18524007499217987
SLC2A1_RNA,0.18519718945026398
LAMB2_RNA,0.18516774475574493
RPF2_RNA,0.1849185675382614
TXLNB_RNA,0.18469347059726715
PSMC4_RNA,0.18461982905864716
E2F8_RNA,0.18461431562900543
PIH1D1_RNA,0.18458865582942963
HIC1_RNA,0.18458488583564758
NLRP6_RNA,0.18456995487213135
FAM32A_RNA,0.18452124297618866
COPB1_RNA,0.18448510766029358
CARD9_RNA,0.18433089554309845
MAP3K14_RNA,0.18432968854904175
APOH_RNA,0.18428754806518555
HTRA1_RNA,0.1842842996120453
B3GNT5_RNA,0.18420515954494476
P2RY10_RNA,0.18417829275131226
EXOSC5_RNA,0.18414178490638733
SLC25A17_RNA,0.184088796377182
SPAG7_RNA,0.18403823673725128
COX4I2_RNA,0.1839814931154251
DLX4_RNA,0.1838589608669281
RANBP1_RNA,0.1838323026895523
SCNN1G_RNA,0.18368230760097504
SLC22A16_RNA,0.18367420136928558
LY6E_RNA,0.183551624417305
KIF9_RNA,0.18354648351669312
ZSWIM7_RNA,0.18354351818561554
COMTD1_RNA,0.18341341614723206
UHRF1_RNA,0.1833985298871994
AFAP1L1_RNA,0.1833655685186386
MORN2_RNA,0.18323078751564026
RNF114_RNA,0.18318741023540497
TM7SF3_RNA,0.1831289529800415
TMEM218_RNA,0.1830720454454422
LGALS12_RNA,0.18304699659347534
STAT5A_RNA,0.18303310871124268
DDX28_RNA,0.18299637734889984
CILP2_RNA,0.18280304968357086
ARMC7_RNA,0.18274667859077454
FKBPL_RNA,0.1827310025691986
OXA1L_RNA,0.18268170952796936
TRPC7_RNA,0.18261027336120605
DDIT3_RNA,0.18253810703754425
RDH5_RNA,0.18247953057289124
RNASE4_RNA,0.1824558675289154
CSF2RB_RNA,0.18244650959968567
RNF135_RNA,0.18244193494319916
SMPD1_RNA,0.1823122650384903
RNF215_RNA,0.18224407732486725
CDH11_RNA,0.1821661740541458
OAS1_RNA,0.1818648874759674
HADH_RNA,0.18185357749462128
SESN2_RNA,0.1817997694015503
SPATA2L_RNA,0.18158912658691406
MRPL10_RNA,0.1814364194869995
ISG20L2_RNA,0.18142712116241455
STAP2_RNA,0.1814168393611908
RDM1_RNA,0.18141038715839386
IFNGR1_RNA,0.1813390851020813
FHL2_RNA,0.18125855922698975
RAP1A_RNA,0.1811678260564804
MAP7D3_RNA,0.18102382123470306
RBBP8_RNA,0.18100418150424957
NFKB1_RNA,0.18096625804901123
SALL4_RNA,0.1807989627122879
CHMP6_RNA,0.18079684674739838
RAP2C_RNA,0.18074624240398407
NRBP1_RNA,0.18073351681232452
RRS1_RNA,0.1807088702917099
STIP1_RNA,0.18060454726219177
NDUFA8_RNA,0.18055260181427002
ARHGAP10_RNA,0.18044260144233704
GJD3_RNA,0.18042811751365662
FAM136A_RNA,0.18035157024860382
CORO1C_RNA,0.18015386164188385
PSMG2_RNA,0.18009527027606964
GYG2_RNA,0.18006204068660736
HPSE_RNA,0.18002822995185852
SNRPA1_RNA,0.18001282215118408
EGF_RNA,0.1799701452255249
GINS2_RNA,0.17990878224372864
SORBS3_RNA,0.17980903387069702
TCF19_RNA,0.1797720193862915
RASSF7_RNA,0.17972858250141144
HDGF_RNA,0.17970487475395203
CLU_RNA,0.17968988418579102
BRF2_RNA,0.17960751056671143
SCAMP4_RNA,0.17958927154541016
HEBP2_RNA,0.17957913875579834
CDCA2_RNA,0.1793709248304367
KRT75_RNA,0.17936889827251434
WDR38_RNA,0.17933587729930878
THG1L_RNA,0.17932917177677155
CREB3_RNA,0.17925183475017548
MCOLN1_RNA,0.1792454570531845
IFT52_RNA,0.17920011281967163
STK10_RNA,0.1791921854019165
NES_RNA,0.1791909635066986
ICAM3_RNA,0.17908865213394165
ZNF837_RNA,0.1790248304605484
KCNK13_RNA,0.17896659672260284
PPP1R8_RNA,0.17894376814365387
SYPL1_RNA,0.17883364856243134
C9orf50_RNA,0.1788131296634674
VCAM1_RNA,0.17876467108726501
MCM6_RNA,0.17874909937381744
SMPDL3A_RNA,0.17870211601257324
PMM1_RNA,0.1786849945783615
TOR1A_RNA,0.17853723466396332
SNRPB2_RNA,0.17852552235126495
PDLIM3_RNA,0.17850254476070404
ITGB4_RNA,0.17842264473438263
CTDSP1_RNA,0.17835170030593872
SKA1_RNA,0.17832601070404053
ERF_RNA,0.17823095619678497
MCHR1_RNA,0.17823003232479095
CLTA_RNA,0.17812083661556244
BATF2_RNA,0.1780930608510971
LENG1_RNA,0.17807820439338684
SLC39A3_RNA,0.17804864048957825
HLA-DOA_RNA,0.17803354561328888
CDA_RNA,0.17799070477485657
NDUFB10_RNA,0.17780835926532745
ZBTB8OS_RNA,0.17776019871234894
DTX3L_RNA,0.1777348518371582
ZNF395_RNA,0.1777072548866272
CWC15_RNA,0.17769718170166016
EIF2B2_RNA,0.17769686877727509
CAPN5_RNA,0.1776745617389679
MAGEA12_RNA,0.1776420921087265
TOR1B_RNA,0.17762057483196259
TMCO3_RNA,0.17751652002334595
ELF3_RNA,0.17746412754058838
SIRT6_RNA,0.17735853791236877
LMAN1_RNA,0.17728742957115173
RPF1_RNA,0.17725849151611328
FDXR_RNA,0.17720510065555573
NAA20_RNA,0.17719034850597382
DRG2_RNA,0.17709296941757202
THAP4_RNA,0.17706245183944702
FDX1_RNA,0.17703783512115479
RAB8A_RNA,0.17668794095516205
TGM2_RNA,0.17660528421401978
RPA1_RNA,0.17655685544013977
CDCA8_RNA,0.1765371710062027
CBR3_RNA,0.17649978399276733
RILP_RNA,0.17646142840385437
CCDC71_RNA,0.17642739415168762
TXNIP_RNA,0.1764192432165146
USE1_RNA,0.1763514280319214
PARP4_RNA,0.17632892727851868
GPC3_RNA,0.1762426346540451
LEPROT_RNA,0.17621536552906036
HCP5_RNA,0.17603501677513123
NMB_RNA,0.1760096549987793
CHMP5_RNA,0.17593315243721008
LAGE3_RNA,0.17573989927768707
PRR5_RNA,0.1756618171930313
C1QL4_RNA,0.17564944922924042
MRPS18A_RNA,0.17556780576705933
ARF6_RNA,0.17553387582302094
TCTA_RNA,0.1754900962114334
LYAR_RNA,0.17539407312870026
PRR7_RNA,0.17536139488220215
GHDC_RNA,0.17517629265785217
MGAT4B_RNA,0.17512232065200806
C12orf75_RNA,0.1747780293226242
PTMA_RNA,0.1747477650642395
DECR2_RNA,0.17472513020038605
PCSK5_RNA,0.17468170821666718
POP4_RNA,0.1746024787425995
CDC42SE1_RNA,0.1745823323726654
PODXL_RNA,0.17451250553131104
TMEM222_RNA,0.17450153827667236
CTLA4_RNA,0.17446386814117432
PPCDC_RNA,0.17443153262138367
KCNU1_RNA,0.1744224727153778
MTTP_RNA,0.17442135512828827
POPDC2_RNA,0.17438358068466187
TMEM115_RNA,0.17435695230960846
SIT1_RNA,0.17435556650161743
GPR39_RNA,0.1742289662361145
MRPS35_RNA,0.17422254383563995
XYLT2_RNA,0.1741805523633957
TNKS1BP1_RNA,0.17413125932216644
SLC2A10_RNA,0.17411158978939056
GSS_RNA,0.17406892776489258
KCTD14_RNA,0.1740245819091797
LACTB_RNA,0.17397503554821014
HHEX_RNA,0.17395766079425812
RALY_RNA,0.17390550673007965
RPUSD2_RNA,0.17384035885334015
TCN1_RNA,0.17375965416431427
DHRS7B_RNA,0.17370671033859253
RFNG_RNA,0.1736946403980255
ASPN_RNA,0.17363548278808594
RIPK1_RNA,0.1735379695892334
NIPSNAP3A_RNA,0.17342661321163177
STRADB_RNA,0.1734127700328827
SLC29A1_RNA,0.17339590191841125
SYS1_RNA,0.17331883311271667
SGMS2_RNA,0.17330123484134674
FAM181A_RNA,0.1732814610004425
RNF144B_RNA,0.17322294414043427
CDC25C_RNA,0.17306865751743317
MYL6B_RNA,0.1730441004037857
DPP3_RNA,0.17303849756717682
UBE2E1_RNA,0.17301087081432343
SND1_RNA,0.17299684882164001
SLC2A9_RNA,0.17296555638313293
ACADS_RNA,0.1729167103767395
ETV2_RNA,0.17287787795066833
DKK1_RNA,0.17286433279514313
GLT8D1_RNA,0.17273637652397156
GNPTG_RNA,0.17272032797336578
IL2RB_RNA,0.17271317541599274
ARAF_RNA,0.1726745069026947
ABHD3_RNA,0.17265643179416656
ACP2_RNA,0.17256984114646912
DHRS7_RNA,0.17248350381851196
C7orf57_RNA,0.17244355380535126
PABPC4_RNA,0.17243720591068268
SMPD2_RNA,0.17223943769931793
CEBPA_RNA,0.1722090244293213
SLC39A7_RNA,0.17218659818172455
APLN_RNA,0.1720481961965561
LAP3_RNA,0.17201581597328186
NCK2_RNA,0.17196501791477203
RIT1_RNA,0.17194430530071259
C1orf131_RNA,0.17192824184894562
COMMD9_RNA,0.17188574373722076
B4GALT5_RNA,0.1718449592590332
R3HCC1_RNA,0.17183361947536469
DPH3_RNA,0.17176954448223114
CCT5_RNA,0.1717681735754013
DPEP1_RNA,0.17175082862377167
COPS3_RNA,0.17152105271816254
RPA2_RNA,0.171462282538414
NCLN_RNA,0.17130257189273834
TUBB_RNA,0.17125371098518372
AVEN_RNA,0.17118898034095764
GORAB_RNA,0.17116574943065643
STK40_RNA,0.17111141979694366
SCAMP2_RNA,0.17105306684970856
PIGC_RNA,0.17103438079357147
TOMM40_RNA,0.1710202693939209
LYPD3_RNA,0.171000137925148
NUDT2_RNA,0.17092916369438171
ATP8B1_RNA,0.1708659529685974
SLC4A2_RNA,0.17083974182605743
HEPHL1_RNA,0.17083346843719482
SNRPA_RNA,0.17067749798297882
RAD23A_RNA,0.1706264764070511
TCTN1_RNA,0.17060837149620056
METTL5_RNA,0.1705029010772705
BPNT1_RNA,0.17048029601573944
TIMM17A_RNA,0.1704512983560562
TIMM22_RNA,0.17038856446743011
PLEKHO1_RNA,0.17038187384605408
UGCG_RNA,0.17037761211395264
WEE1_RNA,0.17027190327644348
UBXN8_RNA,0.1700972020626068
GYG1_RNA,0.16988913714885712
PARS2_RNA,0.16983892023563385
FAM118B_RNA,0.16983509063720703
COPS8_RNA,0.1697636991739273
LSM3_RNA,0.16976132988929749
TNFRSF19_RNA,0.1693483144044876
MEOX1_RNA,0.16923776268959045
LPXN_RNA,0.1691620796918869
LAMP3_RNA,0.16907793283462524
MPV17L2_RNA,0.16902178525924683
PAM_RNA,0.1689743995666504
NID2_RNA,0.1689281314611435
RASSF1_RNA,0.168923020362854
TOM1L1_RNA,0.16888229548931122
DPM1_RNA,0.16884198784828186
DDX56_RNA,0.16874894499778748
ANO1_RNA,0.16864840686321259
ITK_RNA,0.16859452426433563
ECSCR_RNA,0.16857042908668518
CAT_RNA,0.16852834820747375
SAC3D1_RNA,0.16840000450611115
PRND_RNA,0.1683775782585144
TIMM44_RNA,0.16836223006248474
DCBLD2_RNA,0.1681678593158722
PA2G4_RNA,0.16816666722297668
CAMK1_RNA,0.1680763065814972
HCCS_RNA,0.1679501086473465
MRPS21_RNA,0.16781312227249146
TMED10_RNA,0.16778749227523804
CARS2_RNA,0.16756989061832428
PRKCD_RNA,0.16753901541233063
ERP44_RNA,0.1675102412700653
INTS12_RNA,0.16750110685825348
NDUFAF2_RNA,0.16742165386676788
CITED1_RNA,0.16741205751895905
SLC6A6_RNA,0.16734497249126434
PPP1R13L_RNA,0.1673356145620346
PES1_RNA,0.16729623079299927
GLO1_RNA,0.16727827489376068
UNC50_RNA,0.16724830865859985
KIF23_RNA,0.16722626984119415
WDR53_RNA,0.16713665425777435
HSPE1_RNA,0.16708718240261078
CASZ1_RNA,0.16703273355960846
NUTF2_RNA,0.16701656579971313
NXF3_RNA,0.16700847446918488
TMEM217_RNA,0.1669904887676239
RRP7A_RNA,0.16691866517066956
MAF1_RNA,0.16683053970336914
FLAD1_RNA,0.16678141057491302
ALG1_RNA,0.16671854257583618
CD82_RNA,0.16671767830848694
SRP68_RNA,0.16670826077461243
SEMA4B_RNA,0.16664251685142517
C1orf174_RNA,0.16661454737186432
NUF2_RNA,0.16647833585739136
PMP22_RNA,0.16637162864208221
TMEM106A_RNA,0.16636858880519867
COMMD8_RNA,0.16636501252651215
RYK_RNA,0.16634511947631836
CDK2AP1_RNA,0.16634467244148254
SUMO2_RNA,0.1662926971912384
ELANE_RNA,0.1661938726902008
PDCD2L_RNA,0.1659218668937683
CCL23_RNA,0.16584642231464386
FARS2_RNA,0.16578027606010437
TTYH3_RNA,0.16577832400798798
RP9_RNA,0.16573603451251984
KCTD11_RNA,0.1656682789325714
PSMA6_RNA,0.16565784811973572
ZDHHC9_RNA,0.1655711978673935
C8orf33_RNA,0.165547177195549
NAT14_RNA,0.16544349491596222
SYCE1L_RNA,0.1654406189918518
APEX1_RNA,0.1654249131679535
MRPS23_RNA,0.16539953649044037
CMBL_RNA,0.1653856635093689
SPCS2_RNA,0.16522102057933807
APBB1IP_RNA,0.16516947746276855
GTF3C6_RNA,0.16504736244678497
COX7A2L_RNA,0.16491878032684326
IFI27L1_RNA,0.16469109058380127
ANGPT1_RNA,0.16468128561973572
IMPA2_RNA,0.16458241641521454
RASAL3_RNA,0.16453935205936432
C10orf55_RNA,0.16452887654304504
TRABD_RNA,0.16451328992843628
INSRR_RNA,0.16440999507904053
SHQ1_RNA,0.16434113681316376
UBB_RNA,0.16431139409542084
ARSK_RNA,0.16429884731769562
MAPK7_RNA,0.1642950475215912
NSA2_RNA,0.16421304643154144
SLC39A4_RNA,0.16418616473674774
MRPS33_RNA,0.16416853666305542
SRI_RNA,0.16408011317253113
CLEC4A_RNA,0.1640658974647522
SF3A3_RNA,0.16406191885471344
PPP1CB_RNA,0.1640467643737793
FMNL1_RNA,0.16401664912700653
RAB17_RNA,0.16383692622184753
CASP3_RNA,0.1638302206993103
ASAH1_RNA,0.16380472481250763
HBM_RNA,0.16371864080429077
THAP7_RNA,0.1637069433927536
PTMS_RNA,0.163644477725029
THTPA_RNA,0.16363045573234558
NRAS_RNA,0.1635415256023407
MAGED2_RNA,0.16352131962776184
PLEKHH3_RNA,0.16350111365318298
STAC3_RNA,0.16322225332260132
FBXO22_RNA,0.16306833922863007
ARHGAP6_RNA,0.16305623948574066
CELA1_RNA,0.16280212998390198
THAP8_RNA,0.16276957094669342
ZNF561_RNA,0.16275499761104584
LY9_RNA,0.16271638870239258
MINPP1_RNA,0.1626790463924408
NCK1_RNA,0.16266807913780212
PARP12_RNA,0.16262240707874298
CENPL_RNA,0.16255755722522736
RBM7_RNA,0.16254548728466034
CCDC51_RNA,0.16244255006313324
CCT8_RNA,0.1622685343027115
NDUFB6_RNA,0.162259042263031
ITGAV_RNA,0.16224490106105804
THOC7_RNA,0.16216535866260529
SLC16A13_RNA,0.1618979424238205
PXDN_RNA,0.1618962436914444
ARL6IP5_RNA,0.16174226999282837
SNAPC1_RNA,0.16173557937145233
ADI1_RNA,0.16152077913284302
DPAGT1_RNA,0.16145460307598114
CHIC2_RNA,0.16143932938575745
HS1BP3_RNA,0.16135671734809875
CYB5R3_RNA,0.16131074726581573
ELOVL1_RNA,0.1612797975540161
POLR2K_RNA,0.16111429035663605
C3orf38_RNA,0.1610765904188156
NDUFAF3_RNA,0.1610335260629654
CDK7_RNA,0.16088704764842987
PAK1IP1_RNA,0.16086792945861816
PLEKHJ1_RNA,0.1607372909784317
MRPS22_RNA,0.16070738434791565
PDCD10_RNA,0.16067905724048615
IGBP1_RNA,0.16053418815135956
GMDS_RNA,0.16047877073287964
M6PR_RNA,0.16043664515018463
LACTB2_RNA,0.1604333519935608
S100Z_RNA,0.16033536195755005
DDB2_RNA,0.16031822562217712
PALLD_RNA,0.16030021011829376
SHCBP1_RNA,0.160299614071846
CDCA3_RNA,0.16018563508987427
UBE2Q2_RNA,0.1601807177066803
RNF167_RNA,0.16017965972423553
NDUFS4_RNA,0.16001088917255402
CYB5A_RNA,0.15993210673332214
PTDSS1_RNA,0.159890815615654
RGS14_RNA,0.1598442643880844
ACTN4_RNA,0.1597403734922409
STK3_RNA,0.15973882377147675
SHPK_RNA,0.15953285992145538
TMEM68_RNA,0.1594930738210678
UAP1L1_RNA,0.15948817133903503
PDAP1_RNA,0.15944060683250427
CDC6_RNA,0.15943080186843872
EIF3H_RNA,0.15935365855693817
NRBF2_RNA,0.15931624174118042
RHBDF1_RNA,0.15929777920246124
RBP1_RNA,0.15912288427352905
PGAM5_RNA,0.15907476842403412
STX5_RNA,0.1589977890253067
B4GALT4_RNA,0.15899577736854553
DAPP1_RNA,0.1589854657649994
LRWD1_RNA,0.15896862745285034
CNN1_RNA,0.15893040597438812
HOXD13_RNA,0.15891438722610474
MPZL1_RNA,0.15882262587547302
GPN3_RNA,0.15882210433483124
KLK13_RNA,0.15874624252319336
PPIE_RNA,0.15862759947776794
FOXJ1_RNA,0.1585974246263504
PAFAH2_RNA,0.15859603881835938
GUCY2D_RNA,0.15858468413352966
MYO1B_RNA,0.15852385759353638
AXL_RNA,0.15850406885147095
SURF2_RNA,0.1584210991859436
TXNDC9_RNA,0.15840856730937958
POLR2I_RNA,0.15839770436286926
LSM12_RNA,0.15837179124355316
SCUBE2_RNA,0.1583012342453003
NUBP1_RNA,0.15829402208328247
COPS5_RNA,0.15827398002147675
MAD2L1_RNA,0.1582394391298294
SERPINB7_RNA,0.15820719301700592
COASY_RNA,0.15789607167243958
KIF2C_RNA,0.15779323875904083
PCBP2_RNA,0.1577444225549698
ZFYVE19_RNA,0.157659649848938
IL17B_RNA,0.1576007604598999
THAP11_RNA,0.15760022401809692
PIP5K1A_RNA,0.15759648382663727
SEC14L2_RNA,0.15750442445278168
C1D_RNA,0.15749585628509521
INTS9_RNA,0.1573874056339264
NUMBL_RNA,0.15738697350025177
ELL_RNA,0.15733292698860168
STON1_RNA,0.15729698538780212
TMEM119_RNA,0.15726470947265625
MATN2_RNA,0.15718995034694672
B3GALT6_RNA,0.1571786105632782
PRKAB1_RNA,0.15716810524463654
TGDS_RNA,0.15711510181427002
KCNK6_RNA,0.15704040229320526
RRAGC_RNA,0.1570269763469696
CXCL2_RNA,0.15700115263462067
EIF1AD_RNA,0.15699519217014313
PARP10_RNA,0.15698681771755219
LEMD1_RNA,0.1568780094385147
SWAP70_RNA,0.15681354701519012
MRPS11_RNA,0.15674154460430145
SMAD1_RNA,0.1567051112651825
C17orf58_RNA,0.15669050812721252
AKR1B10_RNA,0.15664975345134735
VWA5A_RNA,0.15657208859920502
ITGA1_RNA,0.1565626561641693
ENY2_RNA,0.15654495358467102
PTPN2_RNA,0.15653590857982635
BCL10_RNA,0.15648163855075836
CHIT1_RNA,0.15644262731075287
MERTK_RNA,0.15638884902000427
IL27_RNA,0.15633639693260193
HSPA8_RNA,0.15625835955142975
NIT2_RNA,0.15619111061096191
SCN7A_RNA,0.15618695318698883
NDUFA12_RNA,0.15595152974128723
FLII_RNA,0.15592588484287262
UPK3A_RNA,0.15560182929039001
ST3GAL4_RNA,0.15558956563472748
MAPKAP1_RNA,0.15555094182491302
PRCC_RNA,0.15550309419631958
CAST_RNA,0.15548467636108398
PSMB2_RNA,0.15544547140598297
CBX3_RNA,0.1553220897912979
MRPL28_RNA,0.15527041256427765
APLP2_RNA,0.15522357821464539
OLFML1_RNA,0.15519171953201294
CR1_RNA,0.15515339374542236
LPAR5_RNA,0.1551482081413269
CAMP_RNA,0.15503253042697906
ITGB1BP1_RNA,0.1549641191959381
DBNL_RNA,0.15487876534461975
TCF3_RNA,0.1548641175031662
NAGK_RNA,0.15485697984695435
PTPN1_RNA,0.15480396151542664
MFSD3_RNA,0.15472766757011414
NIT1_RNA,0.1547105312347412
CNBP_RNA,0.15466071665287018
SNX7_RNA,0.15462228655815125
TALDO1_RNA,0.15455658733844757
BAG3_RNA,0.15446844696998596
MOSPD1_RNA,0.15440163016319275
PER1_RNA,0.15435121953487396
TMEM92_RNA,0.15431535243988037
FLYWCH2_RNA,0.1542678326368332
FOXS1_RNA,0.15423369407653809
RDX_RNA,0.1542212814092636
FBXW5_RNA,0.1541503220796585
PRAF2_RNA,0.15408220887184143
PRRG2_RNA,0.15386098623275757
ADAM19_RNA,0.15385425090789795
YIPF3_RNA,0.15382981300354004
TKT_RNA,0.15381908416748047
RNF122_RNA,0.1538037806749344
SLCO2B1_RNA,0.1537884622812271
TMX2_RNA,0.15378831326961517
BID_RNA,0.15373830497264862
MED20_RNA,0.15373292565345764
NOC4L_RNA,0.15369565784931183
PDCD1_RNA,0.1536669135093689
PPM1G_RNA,0.15361696481704712
TECR_RNA,0.15354886651039124
NTHL1_RNA,0.15353651344776154
OXTR_RNA,0.1535077840089798
SELE_RNA,0.15349963307380676
CIAPIN1_RNA,0.15343332290649414
WARS2_RNA,0.1534319370985031
RCN2_RNA,0.15320277214050293
CLPTM1L_RNA,0.15319222211837769
ACSS3_RNA,0.15309496223926544
MAB21L1_RNA,0.1530785709619522
PRPF4_RNA,0.1530745029449463
NDUFB5_RNA,0.15305987000465393
PSMA3_RNA,0.15303660929203033
TMEM204_RNA,0.15301305055618286
CYP1B1_RNA,0.15290005505084991
NDUFAB1_RNA,0.15284623205661774
TMC8_RNA,0.1528017818927765
CCDC140_RNA,0.15279556810855865
NUP85_RNA,0.1527637094259262
ADAT3_RNA,0.15268279612064362
STK17B_RNA,0.15250006318092346
SNRPD1_RNA,0.1524714231491089
TERT_RNA,0.15239471197128296
TPST2_RNA,0.1523893028497696
LRPAP1_RNA,0.15237177908420563
TIMM50_RNA,0.1522875726222992
ATP6AP1_RNA,0.15227696299552917
ITGA11_RNA,0.15224352478981018
MED19_RNA,0.1522025167942047
RAC1_RNA,0.1521783322095871
MRPL2_RNA,0.15215761959552765
PCOLCE2_RNA,0.15198929607868195
DDAH2_RNA,0.15195180475711823
GGCT_RNA,0.15190167725086212
CDC34_RNA,0.15185979008674622
KLF16_RNA,0.15173590183258057
SPTLC1_RNA,0.15168392658233643
TMOD3_RNA,0.15150804817676544
TRIB1_RNA,0.15149801969528198
NUDT19_RNA,0.1514715850353241
ARFIP1_RNA,0.15144354104995728
ZNF414_RNA,0.15140721201896667
SLC16A1_RNA,0.15139292180538177
BCAT1_RNA,0.1513536423444748
MED10_RNA,0.15127778053283691
MIPEP_RNA,0.15124207735061646
CXorf38_RNA,0.15122179687023163
BUB1_RNA,0.15120244026184082
ADPRH_RNA,0.1511709839105606
MGST1_RNA,0.15116089582443237
SRP14_RNA,0.15109021961688995
GAL_RNA,0.15103495121002197
ARRDC3_RNA,0.15101823210716248
PTAFR_RNA,0.15096279978752136
TLR1_RNA,0.15092290937900543
CTBS_RNA,0.15090137720108032
LSM5_RNA,0.15088124573230743
ATP8B3_RNA,0.15086908638477325
EML3_RNA,0.15078632533550262
UQCRHL_RNA,0.15076206624507904
LAMB3_RNA,0.15068072080612183
SNRNP25_RNA,0.1506461203098297
WNK4_RNA,0.15062561631202698
CDR2_RNA,0.15057246387004852
KAZALD1_RNA,0.1504955291748047
TOP1MT_RNA,0.15042975544929504
MAK16_RNA,0.15040704607963562
CD28_RNA,0.15034694969654083
PCBD1_RNA,0.15025389194488525
PLCB3_RNA,0.15018372237682343
CHODL_RNA,0.15014421939849854
SEC31A_RNA,0.15013499557971954
CDC42EP4_RNA,0.14988712966442108
DLST_RNA,0.14985112845897675
DPP9_RNA,0.14984628558158875
POLR2E_RNA,0.1497751921415329
ARL9_RNA,0.1497700959444046
SAMHD1_RNA,0.149761363863945
PUS7_RNA,0.14962367713451385
EVC2_RNA,0.14961375296115875
CILP_RNA,0.14955782890319824
ECE1_RNA,0.1495487242937088
KIF4A_RNA,0.14939643442630768
EFNB1_RNA,0.1493687927722931
TOM1_RNA,0.14925101399421692
OSTM1_RNA,0.14913679659366608
PSMD3_RNA,0.14901773631572723
VSIG10L_RNA,0.1489977389574051
XKR8_RNA,0.14888866245746613
CD59_RNA,0.1488247811794281
MTHFD1L_RNA,0.14881815016269684
TBC1D7_RNA,0.14881280064582825
TOR2A_RNA,0.1487967073917389
NADK_RNA,0.14871421456336975
SOD3_RNA,0.14869393408298492
ARSD_RNA,0.14858931303024292
ASAP3_RNA,0.1485709547996521
CPD_RNA,0.14850930869579315
H6PD_RNA,0.1484689563512802
ZNF787_RNA,0.14843830466270447
BIN2_RNA,0.14843757450580597
ZNHIT3_RNA,0.1484321504831314
MAD2L1BP_RNA,0.1484166979789734
FLOT2_RNA,0.14841535687446594
CD36_RNA,0.14834772050380707
EIF4E2_RNA,0.1483428031206131
CLEC4D_RNA,0.14829784631729126
RARS2_RNA,0.1482917219400406
CTU2_RNA,0.1482362598180771
ESYT1_RNA,0.1481817066669464
FAM43A_RNA,0.14817512035369873
VDAC1_RNA,0.14811280369758606
CYB5B_RNA,0.14810031652450562
UQCRFS1_RNA,0.14802850782871246
CSK_RNA,0.14801397919654846
RAB7A_RNA,0.14797815680503845
TMOD1_RNA,0.1479136198759079
UBA2_RNA,0.14790838956832886
HSPBP1_RNA,0.14788785576820374
DCTN3_RNA,0.14783324301242828
HADHB_RNA,0.14774730801582336
ESR2_RNA,0.147744819521904
TRIP13_RNA,0.14772823452949524
FAM89B_RNA,0.14769110083580017
SDHD_RNA,0.14758902788162231
NIPSNAP1_RNA,0.14755131304264069
PTPMT1_RNA,0.1475118100643158
FBN2_RNA,0.14750060439109802
PSAP_RNA,0.1474946290254593
KATNA1_RNA,0.14749029278755188
C5orf46_RNA,0.14743633568286896
CRCP_RNA,0.14743030071258545
NDUFAF1_RNA,0.14736859500408173
CTNNB1_RNA,0.14730560779571533
ETF1_RNA,0.14726799726486206
GSTM4_RNA,0.14706258475780487
RHPN2_RNA,0.14699070155620575
NFATC4_RNA,0.14682884514331818
SERBP1_RNA,0.14666563272476196
SMARCD2_RNA,0.14658242464065552
ZP1_RNA,0.14652280509471893
FADS3_RNA,0.14649741351604462
EXOSC1_RNA,0.14645886421203613
TCTN2_RNA,0.14645618200302124
WDR77_RNA,0.1464550495147705
JAK3_RNA,0.14633099734783173
PLBD2_RNA,0.14632785320281982
SPC24_RNA,0.1463257223367691
ALPK1_RNA,0.14625440537929535
CPSF3_RNA,0.14618420600891113
RNF5_RNA,0.14617189764976501
LRRC17_RNA,0.14614839851856232
SNAP23_RNA,0.14613793790340424
F3_RNA,0.14609280228614807
ZWINT_RNA,0.14602193236351013
CLEC14A_RNA,0.14600302278995514
FAM50A_RNA,0.14597666263580322
MRPS28_RNA,0.14596691727638245
SGCE_RNA,0.1458619236946106
USF1_RNA,0.14581772685050964
YWHAE_RNA,0.14579461514949799
TSG101_RNA,0.14573806524276733
COX7C_RNA,0.1457330584526062
RNFT1_RNA,0.14567680656909943
ZNF579_RNA,0.14566360414028168
SLC37A4_RNA,0.14566083252429962
TTC23_RNA,0.14552418887615204
CTNNA1_RNA,0.14550474286079407
GCKR_RNA,0.1454940289258957
POLR2F_RNA,0.14548365771770477
GPR157_RNA,0.14542937278747559
TC2N_RNA,0.14538969099521637
EPOR_RNA,0.14538870751857758
SCIN_RNA,0.1453736275434494
PRPF31_RNA,0.14534009993076324
LIMD2_RNA,0.1452910453081131
PMPCA_RNA,0.14528533816337585
DNAJC4_RNA,0.1452370434999466
CSRNP1_RNA,0.14511308073997498
CHRNB1_RNA,0.14501594007015228
HPGDS_RNA,0.14496996998786926
DHX40_RNA,0.14496518671512604
DEDD2_RNA,0.14488273859024048
DNASE1L1_RNA,0.1448519378900528
SSU72_RNA,0.1447647362947464
COPS4_RNA,0.14476461708545685
ARMC6_RNA,0.1447482407093048
DDO_RNA,0.14472603797912598
POLR2C_RNA,0.14471875131130219
AGRN_RNA,0.144645094871521
MTHFS_RNA,0.1446269005537033
PSMG1_RNA,0.1445760577917099
HAL_RNA,0.14453217387199402
GIMAP1_RNA,0.14450295269489288
GINS1_RNA,0.14440804719924927
CCM2_RNA,0.14427627623081207
CCDC106_RNA,0.14427003264427185
THY1_RNA,0.14422325789928436
SLC35D1_RNA,0.14418406784534454
XRN2_RNA,0.14415381848812103
PTN_RNA,0.14414188265800476
FRZB_RNA,0.1441015750169754
TM6SF2_RNA,0.14407332241535187
SIAH2_RNA,0.14405730366706848
ARL6IP6_RNA,0.14404819905757904
FOXM1_RNA,0.14398112893104553
ARFGAP3_RNA,0.14390355348587036
ZNF703_RNA,0.14388538897037506
FST_RNA,0.14387808740139008
KLHL6_RNA,0.1438579261302948
SIRPB1_RNA,0.1438494324684143
PEX10_RNA,0.14380516111850739
CDCA5_RNA,0.1437794268131256
ZNF330_RNA,0.14346851408481598
C8orf48_RNA,0.14345072209835052
ACOX2_RNA,0.1434129774570465
HAAO_RNA,0.14341264963150024
PTTG1IP_RNA,0.14331437647342682
EIF3B_RNA,0.14327870309352875
ATL3_RNA,0.14322389662265778
GAB3_RNA,0.14317725598812103
SLC30A5_RNA,0.14317680895328522
NSDHL_RNA,0.14315901696681976
HSPD1_RNA,0.14310185611248016
CDK5_RNA,0.14298874139785767
DNAH9_RNA,0.14298319816589355
MCM5_RNA,0.14291919767856598
NID1_RNA,0.14260385930538177
DNMBP_RNA,0.1425999253988266
NR5A2_RNA,0.14250077307224274
MORF4L1_RNA,0.1424839198589325
ATG3_RNA,0.14243526756763458
PKN1_RNA,0.14241135120391846
C1orf94_RNA,0.1424030363559723
MKNK2_RNA,0.14238929748535156
PAK4_RNA,0.14235034584999084
UQCRC1_RNA,0.14226675033569336
CCR10_RNA,0.1421404778957367
MYH9_RNA,0.14212962985038757
SLCO4A1_RNA,0.14202333986759186
GNPAT_RNA,0.14200161397457123
MEFV_RNA,0.14196883141994476
HS3ST3A1_RNA,0.1418408304452896
MRPS18C_RNA,0.14173991978168488
MTFMT_RNA,0.14173632860183716
SAMD9_RNA,0.14173418283462524
TAPBP_RNA,0.14169013500213623
PTDSS2_RNA,0.14143185317516327
HSD17B1_RNA,0.14138591289520264
SNHG3_RNA,0.1413101851940155
MRGPRF_RNA,0.14124804735183716
NR2F6_RNA,0.14119136333465576
ALKBH1_RNA,0.14114737510681152
MAGOHB_RNA,0.14108218252658844
SLC3A2_RNA,0.14103542268276215
OSBPL3_RNA,0.14103317260742188
MGAT2_RNA,0.1409628987312317
ZDHHC18_RNA,0.14075961709022522
PACSIN2_RNA,0.1406945288181305
GGCX_RNA,0.14062665402889252
BNIP3L_RNA,0.1405804306268692
GPS1_RNA,0.1404903680086136
MAPK14_RNA,0.14047567546367645
COQ10B_RNA,0.1404343992471695
NUP88_RNA,0.14036956429481506
PELO_RNA,0.14034217596054077
SMOC2_RNA,0.1401670128107071
DYRK4_RNA,0.140163853764534
C1QTNF2_RNA,0.1401250660419464
ACE_RNA,0.14005863666534424
USP18_RNA,0.1399964839220047
SMTN_RNA,0.13996189832687378
DAXX_RNA,0.1398964673280716
CBFB_RNA,0.1398901790380478
TGM5_RNA,0.13980749249458313
ZCCHC10_RNA,0.13967327773571014
SLAMF1_RNA,0.13962648808956146
THBS3_RNA,0.13959957659244537
NUDT9_RNA,0.13959862291812897
SPAG1_RNA,0.13958708941936493
PNPLA2_RNA,0.13958598673343658
ETFB_RNA,0.13958269357681274
RNF19B_RNA,0.13953030109405518
ERLIN2_RNA,0.1394951343536377
DNAJB9_RNA,0.1394219696521759
LAPTM4B_RNA,0.1393807828426361
GNB1L_RNA,0.13929161429405212
POLDIP2_RNA,0.13919991254806519
PI4K2B_RNA,0.13919277489185333
HAS3_RNA,0.13918906450271606
SH2B2_RNA,0.13913707435131073
PLCG2_RNA,0.13900946080684662
BDKRB1_RNA,0.13900181651115417
THYN1_RNA,0.13899633288383484
TNFSF11_RNA,0.1389276087284088
CDKN2C_RNA,0.13885654509067535
NSUN4_RNA,0.13878005743026733
TFG_RNA,0.13875876367092133
APOL1_RNA,0.13874571025371552
NDC80_RNA,0.1386171579360962
LXN_RNA,0.13854947686195374
ETV6_RNA,0.13852737843990326
DUS1L_RNA,0.1385156512260437
ZBTB7B_RNA,0.1383390575647354
PUS3_RNA,0.13832204043865204
ACVRL1_RNA,0.13831982016563416
TROAP_RNA,0.1382809728384018
PHF13_RNA,0.13814778625965118
KCTD9_RNA,0.13810235261917114
VAMP3_RNA,0.13808372616767883
CAPN11_RNA,0.1380733847618103
ZNF32_RNA,0.1380426585674286
FCRL6_RNA,0.13803662359714508
ENTHD1_RNA,0.1380165070295334
MTX1_RNA,0.13792334496974945
DDX41_RNA,0.13790498673915863
EIF2S2_RNA,0.1378764659166336
HES2_RNA,0.1376531571149826
CCDC137_RNA,0.13761286437511444
PQBP1_RNA,0.13755322992801666
HRAS_RNA,0.1374414712190628
RFK_RNA,0.1374049335718155
FSTL3_RNA,0.1373375803232193
RBMX2_RNA,0.1370207667350769
PMVK_RNA,0.13693638145923615
DUT_RNA,0.1368851512670517
SNX8_RNA,0.13687048852443695
DDR2_RNA,0.13685674965381622
NFKBIB_RNA,0.13685135543346405
PNKP_RNA,0.13682988286018372
COX4I1_RNA,0.13668856024742126
ITPRIPL2_RNA,0.13668803870677948
CHRAC1_RNA,0.1366186887025833
TSEN15_RNA,0.1365974247455597
NUP35_RNA,0.1365761011838913
UFSP2_RNA,0.13653826713562012
ERMAP_RNA,0.1364092230796814
MSTO1_RNA,0.1363445371389389
CAPN2_RNA,0.13630454242229462
IL12RB1_RNA,0.1360570341348648
S1PR2_RNA,0.135971337556839
CTF1_RNA,0.1359487622976303
ZMYND15_RNA,0.1359056979417801
TAF13_RNA,0.13586905598640442
CARM1_RNA,0.1358649879693985
DUSP12_RNA,0.13578207790851593
MTCH2_RNA,0.13576078414916992
TMBIM4_RNA,0.13562911748886108
GABPB1_RNA,0.13558372855186462
PSMC5_RNA,0.13554918766021729
FAM78B_RNA,0.13552315533161163
UNC119_RNA,0.13551387190818787
CHAC2_RNA,0.13550502061843872
ALDOA_RNA,0.1355012208223343
MRPL1_RNA,0.13549241423606873
TSSC4_RNA,0.13548468053340912
ZNF627_RNA,0.13543859124183655
GORASP2_RNA,0.13541094958782196
CDT1_RNA,0.13536734879016876
MLST8_RNA,0.1351545751094818
CD1B_RNA,0.1351306438446045
HDHD3_RNA,0.13506832718849182
KEAP1_RNA,0.13506481051445007
NAALADL1_RNA,0.135005384683609
GRAMD1A_RNA,0.13498903810977936
MAP2K2_RNA,0.13497619330883026
DCXR_RNA,0.13496994972229004
IMP4_RNA,0.1349353790283203
PSMC1_RNA,0.13493527472019196
TNFAIP8L3_RNA,0.13491816818714142
SF3A2_RNA,0.1349099576473236
B4GALT2_RNA,0.13488057255744934
FAHD1_RNA,0.13482612371444702
AZGP1_RNA,0.1347438246011734
PSMD10_RNA,0.1346549689769745
CTU1_RNA,0.13459208607673645
GNL3_RNA,0.13452942669391632
PTS_RNA,0.13452784717082977
YIPF5_RNA,0.13442714512348175
JMJD8_RNA,0.13440154492855072
NEDD4_RNA,0.13437676429748535
HOXA10_RNA,0.1343487650156021
NIPA2_RNA,0.13430283963680267
YARS2_RNA,0.13428154587745667
MYBPC2_RNA,0.13425210118293762
ALDH9A1_RNA,0.13424880802631378
ARHGEF19_RNA,0.13424080610275269
MCRS1_RNA,0.13413935899734497
IL23A_RNA,0.1341371238231659
SLBP_RNA,0.1340678334236145
DGKA_RNA,0.1340574026107788
CBLC_RNA,0.13404510915279388
TRPM4_RNA,0.13398094475269318
WDR74_RNA,0.1339518129825592
CAPS_RNA,0.13390932977199554
RBM3_RNA,0.13387097418308258
GPR160_RNA,0.13386429846286774
ECHS1_RNA,0.13369737565517426
HMMR_RNA,0.1336926817893982
MARVELD1_RNA,0.13362759351730347
SCP2_RNA,0.13361962139606476
MAN1A1_RNA,0.13360846042633057
CTSO_RNA,0.133536234498024
METAP2_RNA,0.1333315223455429
SIRPG_RNA,0.13329945504665375
ADORA2B_RNA,0.1332804262638092
SLC39A13_RNA,0.13309697806835175
SCO2_RNA,0.13304343819618225
C4orf3_RNA,0.13299660384655
NLRP3_RNA,0.13295628130435944
CHCHD7_RNA,0.13288140296936035
RBBP7_RNA,0.13287638127803802
HMGB2_RNA,0.13285844027996063
UBE2F_RNA,0.13283875584602356
DEPDC1_RNA,0.13283248245716095
BRIX1_RNA,0.1328238993883133
XDH_RNA,0.1328185349702835
BBS4_RNA,0.13274401426315308
HEATR3_RNA,0.13274389505386353
TOE1_RNA,0.13258516788482666
SMARCAL1_RNA,0.13252106308937073
SSC5D_RNA,0.13246963918209076
PAEP_RNA,0.13239288330078125
PRDX2_RNA,0.1323741376399994
TMEM187_RNA,0.1323387175798416
C1QL1_RNA,0.13233087956905365
TCEA1_RNA,0.13219183683395386
HCFC1R1_RNA,0.13215431571006775
NFE2L3_RNA,0.13204391300678253
AMDHD1_RNA,0.13186685740947723
LAMP1_RNA,0.13172751665115356
TMEM87B_RNA,0.13167545199394226
IQCG_RNA,0.13165223598480225
VDAC3_RNA,0.13157519698143005
SUSD3_RNA,0.13139522075653076
TTC27_RNA,0.13123776018619537
PIGS_RNA,0.13121259212493896
SERPINB9_RNA,0.13117100298404694
SLC25A37_RNA,0.131051704287529
NOL11_RNA,0.13100945949554443
ARAP3_RNA,0.13099975883960724
ARHGEF1_RNA,0.13097457587718964
MLF1_RNA,0.1309668868780136
WRAP53_RNA,0.1309349685907364
MUS81_RNA,0.13081695139408112
ABCF2_RNA,0.1307586133480072
RFX1_RNA,0.13066674768924713
DNAL4_RNA,0.13065311312675476
EHBP1L1_RNA,0.13063843548297882
CYFIP1_RNA,0.13063308596611023
SLC38A10_RNA,0.13060450553894043
PPP3CC_RNA,0.1305181384086609
LPCAT3_RNA,0.1305130571126938
CHST7_RNA,0.1304803490638733
ABCA1_RNA,0.13045576214790344
CRISPLD1_RNA,0.13035564124584198
SLC43A1_RNA,0.13028044998645782
CLN6_RNA,0.13019636273384094
ERAL1_RNA,0.13016220927238464
FASTK_RNA,0.1300654262304306
RRP8_RNA,0.13002464175224304
PPHLN1_RNA,0.1298627108335495
MOV10_RNA,0.12983323633670807
ERP27_RNA,0.12981224060058594
YKT6_RNA,0.1297883689403534
CD274_RNA,0.12970180809497833
BTN3A2_RNA,0.1296822726726532
SNAPC5_RNA,0.12961338460445404
CPA2_RNA,0.12958143651485443
ALKBH4_RNA,0.12954939901828766
LCE1C_RNA,0.12952959537506104
LRRC41_RNA,0.1295279562473297
PNPLA4_RNA,0.12950041890144348
RECQL_RNA,0.12940169870853424
CALCOCO2_RNA,0.12930928170681
POLD1_RNA,0.1292220652103424
GCK_RNA,0.12914776802062988
CPNE4_RNA,0.12911933660507202
GMIP_RNA,0.12910522520542145
GAR1_RNA,0.12909910082817078
ALKBH3_RNA,0.12900398671627045
C6orf52_RNA,0.12898479402065277
HOXD11_RNA,0.1288960725069046
MFNG_RNA,0.12884248793125153
TNMD_RNA,0.12882915139198303
PPP1R16A_RNA,0.12882260978221893
ACAA1_RNA,0.12868574261665344
CD302_RNA,0.1286718100309372
RPS17_RNA,0.12864698469638824
PDF_RNA,0.12860342860221863
TMEM50B_RNA,0.12859635055065155
B3GNT7_RNA,0.12848787009716034
SPATA6_RNA,0.12840433418750763
AKT1S1_RNA,0.1283816695213318
HDLBP_RNA,0.12835542857646942
PTGER2_RNA,0.1283458173274994
HDAC7_RNA,0.12834078073501587
CD79B_RNA,0.12833696603775024
STUB1_RNA,0.1283256858587265
CBR1_RNA,0.12826670706272125
NDUFA11_RNA,0.12826457619667053
OTUB1_RNA,0.12826228141784668
TRUB2_RNA,0.12822246551513672
DERL2_RNA,0.12817265093326569
FAM120A_RNA,0.12815958261489868
DEDD_RNA,0.12811824679374695
NFE2_RNA,0.12808744609355927
ACBD6_RNA,0.12802673876285553
RALB_RNA,0.1280089169740677
NUDCD1_RNA,0.12797601521015167
FOXF1_RNA,0.12793229520320892
GLT8D2_RNA,0.1278999298810959
DCAF15_RNA,0.12787114083766937
SFT2D1_RNA,0.12783654034137726
MMAB_RNA,0.1278282254934311
CCS_RNA,0.1277247816324234
TPX2_RNA,0.12772302329540253
GOLT1B_RNA,0.12763088941574097
CCDC90B_RNA,0.1276226043701172
ARMC10_RNA,0.12759800255298615
TBCB_RNA,0.12759411334991455
DBF4_RNA,0.12757612764835358
UTP6_RNA,0.12749913334846497
DUS3L_RNA,0.12747657299041748
TMEM9B_RNA,0.12739111483097076
CCNB1IP1_RNA,0.127240851521492
MCEE_RNA,0.12721677124500275
TMEM39B_RNA,0.12718093395233154
GPR141_RNA,0.12703633308410645
NQO1_RNA,0.12699685990810394
LPAR6_RNA,0.1269102543592453
NSMAF_RNA,0.12689419090747833
DPF2_RNA,0.12681542336940765
CD1E_RNA,0.12677216529846191
THAP1_RNA,0.12673476338386536
SHH_RNA,0.1266312152147293
SPINK2_RNA,0.126596599817276
RSL1D1_RNA,0.12655285000801086
EIF4G2_RNA,0.1265421360731125
LRRFIP1_RNA,0.1264670193195343
ZCCHC17_RNA,0.12635567784309387
RHEB_RNA,0.12628884613513947
ZCRB1_RNA,0.12627315521240234
PGD_RNA,0.1262264996767044
MYL4_RNA,0.12616030871868134
ARL13B_RNA,0.12609955668449402
LAMC3_RNA,0.12608598172664642
NADSYN1_RNA,0.1260666847229004
RAB31_RNA,0.1259710043668747
CCL24_RNA,0.12592804431915283
BLMH_RNA,0.12590426206588745
VPS37C_RNA,0.125754714012146
NMD3_RNA,0.1257530152797699
UGDH_RNA,0.1257132887840271
CD109_RNA,0.12569333612918854
MEI1_RNA,0.12565389275550842
TMEM132E_RNA,0.12564155459403992
EEFSEC_RNA,0.12564051151275635
ICMT_RNA,0.12560993432998657
ARHGAP25_RNA,0.12550921738147736
UBXN1_RNA,0.1254730075597763
POLR3D_RNA,0.12542720139026642
C1orf74_RNA,0.1252448856830597
FDPS_RNA,0.12518645823001862
ZFPL1_RNA,0.1251782327890396
SS18L2_RNA,0.12514838576316833
TMEM128_RNA,0.12507767975330353
GIMAP7_RNA,0.12503325939178467
TMEM182_RNA,0.12491437047719955
TRIM4_RNA,0.12489096075296402
AZI2_RNA,0.12488633394241333
CCDC157_RNA,0.12482369691133499
MGST3_RNA,0.12478306889533997
HUS1_RNA,0.1247665286064148
ETV5_RNA,0.1246594488620758
RRBP1_RNA,0.12463974952697754
TRIM65_RNA,0.12461590021848679
FKBP11_RNA,0.12450393289327621
POLR3C_RNA,0.12448733299970627
CSNK1G2_RNA,0.12448364496231079
PSME3_RNA,0.1242096945643425
NAIF1_RNA,0.12419895827770233
HADHA_RNA,0.12410685420036316
IL15_RNA,0.12408341467380524
CDC42EP1_RNA,0.12407252192497253
LBX2_RNA,0.12402916699647903
SCCPDH_RNA,0.12398838251829147
CYP27A1_RNA,0.12395528703927994
A4GALT_RNA,0.1238803043961525
MBD2_RNA,0.12384726107120514
VCL_RNA,0.12383615970611572
TMOD4_RNA,0.1237509474158287
PEX11G_RNA,0.12373679131269455
HTR1D_RNA,0.12368925660848618
DAZAP2_RNA,0.12367711961269379
MLF2_RNA,0.1236392930150032
MRPL48_RNA,0.12361285090446472
SNRNP27_RNA,0.12360522896051407
ZNF688_RNA,0.12360136210918427
RPL37_RNA,0.12357137352228165
RGS3_RNA,0.12348459661006927
ADAMTSL4_RNA,0.12342651933431625
TCEAL8_RNA,0.12341932207345963
EIF2AK1_RNA,0.12337587773799896
HDDC2_RNA,0.12335559725761414
TMEM121_RNA,0.12335006892681122
ATP6AP2_RNA,0.12334247678518295
KIFC1_RNA,0.12328848987817764
LY75_RNA,0.12323927134275436
PAICS_RNA,0.12318647652864456
IFITM1_RNA,0.12317699939012527
RND2_RNA,0.1231403648853302
PEX19_RNA,0.12314028292894363
WNT5A_RNA,0.1231289878487587
CMTM8_RNA,0.12311311066150665
SUMO1_RNA,0.12310303002595901
SLC22A18AS_RNA,0.12300649285316467
RAVER1_RNA,0.12296780198812485
DNAJC30_RNA,0.12295053154230118
FNTA_RNA,0.12291838228702545
EIF2B4_RNA,0.12286820262670517
ANGPT2_RNA,0.1227712482213974
CCR4_RNA,0.12272099405527115
PSMD5_RNA,0.12270274013280869
ARSA_RNA,0.1226784959435463
ARFIP2_RNA,0.12263534218072891
GCH1_RNA,0.1226329654455185
BPGM_RNA,0.122529536485672
CRADD_RNA,0.1224353164434433
CCDC9_RNA,0.12240193784236908
HAT1_RNA,0.12235888838768005
DNAJA3_RNA,0.1223573088645935
IL19_RNA,0.12219018489122391
TMEM231_RNA,0.12212196737527847
FANCE_RNA,0.12208676338195801
PEX11B_RNA,0.12198273092508316
HBP1_RNA,0.12192323803901672
TPK1_RNA,0.12192019820213318
C19orf25_RNA,0.12189177423715591
TGIF2_RNA,0.12187334150075912
CREB3L2_RNA,0.12186058610677719
OPN3_RNA,0.12178182601928711
POLR3GL_RNA,0.12175685167312622
MPZ_RNA,0.12173990160226822
COL9A3_RNA,0.12173862010240555
NUP62_RNA,0.12173038721084595
HAUS2_RNA,0.12169473618268967
PDGFRB_RNA,0.12169168889522552
HNRNPAB_RNA,0.12168938666582108
RFT1_RNA,0.12168785184621811
BARD1_RNA,0.1216646134853363
GRB10_RNA,0.12164996564388275
DHX32_RNA,0.1216220036149025
LDLR_RNA,0.12161797285079956
CHPT1_RNA,0.12158484011888504
ING1_RNA,0.12157763540744781
NOP56_RNA,0.12156042456626892
SMARCB1_RNA,0.12154586613178253
CD1C_RNA,0.12152931094169617
TFRC_RNA,0.12152506411075592
IGDCC4_RNA,0.12150408327579498
IFT20_RNA,0.12146712094545364
OAS2_RNA,0.12143362313508987
SGK1_RNA,0.1213710829615593
ADAM15_RNA,0.12134997546672821
METAP1_RNA,0.12129946053028107
ZNF584_RNA,0.12127440422773361
AP1S2_RNA,0.12127082794904709
SLC30A7_RNA,0.12117382138967514
LCN2_RNA,0.12116396427154541
TXNDC11_RNA,0.12109291553497314
AIG1_RNA,0.12103493511676788
NMNAT1_RNA,0.1210319846868515
ADAM17_RNA,0.12093862891197205
EXOSC7_RNA,0.12074972689151764
IRX4_RNA,0.1207483559846878
NEIL3_RNA,0.12054674327373505
RAB1A_RNA,0.12053338438272476
SLC25A20_RNA,0.12052290141582489
IRX3_RNA,0.12040609866380692
GRPEL1_RNA,0.12035799026489258
BEST4_RNA,0.12033507972955704
ELL2_RNA,0.12032882869243622
CRYL1_RNA,0.12023408710956573
SLC15A4_RNA,0.12022092938423157
PTPN18_RNA,0.12021694332361221
TMEM79_RNA,0.12021137028932571
OLA1_RNA,0.12020193040370941
EYA2_RNA,0.12016700953245163
ADAMTS4_RNA,0.12010625004768372
PAQR7_RNA,0.12007580697536469
HBA1_RNA,0.11994370073080063
IFNAR2_RNA,0.11994247883558273
PROK2_RNA,0.11992456763982773
CTSW_RNA,0.11990838497877121
DEPDC1B_RNA,0.11990510672330856
STAMBP_RNA,0.11981874704360962
SERPINB2_RNA,0.1197843849658966
HSD17B14_RNA,0.11974265426397324
ENDOG_RNA,0.11955372244119644
MPI_RNA,0.11954180896282196
ODC1_RNA,0.11953278630971909
CENPK_RNA,0.1195317879319191
SNRPE_RNA,0.11951533704996109
MTDH_RNA,0.11951078474521637
CIB2_RNA,0.11941704899072647
ATG7_RNA,0.11939495801925659
MAP4K1_RNA,0.119181789457798
DERL1_RNA,0.11917503923177719
METTL13_RNA,0.1191420778632164
PGF_RNA,0.1190878301858902
ACRBP_RNA,0.11907986551523209
TRAF7_RNA,0.11905787885189056
PPARD_RNA,0.11905649304389954
ITIH1_RNA,0.1190277487039566
ZC3H3_RNA,0.1188640221953392
SPATA17_RNA,0.11885984241962433
NXPH4_RNA,0.1188080832362175
GART_RNA,0.11880141496658325
THBS4_RNA,0.11875997483730316
SNHG5_RNA,0.11870164424180984
GCNT1_RNA,0.11868603527545929
SSRP1_RNA,0.11866360902786255
STOM_RNA,0.1186230331659317
TMEM183A_RNA,0.11855216324329376
FAM177B_RNA,0.11853894591331482
TMED5_RNA,0.11853215843439102
GMPR2_RNA,0.11851673573255539
SLC12A4_RNA,0.11844930797815323
RPE_RNA,0.11843686550855637
NTRK1_RNA,0.11841482669115067
KLHDC7B_RNA,0.11838790029287338
BNC2_RNA,0.11836814135313034
FARSA_RNA,0.1183638945221901
NCAPH_RNA,0.11834854632616043
TNFSF15_RNA,0.1183205395936966
CXCL14_RNA,0.11826654523611069
EAF1_RNA,0.11819453537464142
BANP_RNA,0.11813445389270782
SMOX_RNA,0.11807803064584732
CCDC85B_RNA,0.11800791323184967
CCDC80_RNA,0.11797431856393814
HIGD2B_RNA,0.11797240376472473
UBXN11_RNA,0.11790149658918381
IQGAP3_RNA,0.11790138483047485
RAE1_RNA,0.11788936704397202
NHLRC4_RNA,0.11788608133792877
GIMAP8_RNA,0.11787968873977661
HS6ST1_RNA,0.11787880212068558
ELOVL2_RNA,0.11786269396543503
UBE2M_RNA,0.11786047369241714
DNAJB11_RNA,0.11785468459129333
PLAC8_RNA,0.11784803867340088
UBE2Q1_RNA,0.11782458424568176
BUD13_RNA,0.11780655384063721
INTS5_RNA,0.11775974184274673
ATP6V0D2_RNA,0.11766307055950165
TTC7A_RNA,0.11760181188583374
ILKAP_RNA,0.1174231767654419
ARL1_RNA,0.11739128828048706
DKC1_RNA,0.11735736578702927
EDARADD_RNA,0.11734111607074738
CCNG1_RNA,0.11724995821714401
AAMP_RNA,0.11724274605512619
RUFY1_RNA,0.117098867893219
EIF3IP1_RNA,0.11708751320838928
PCID2_RNA,0.11700744926929474
IMPDH2_RNA,0.11699485033750534
CFH_RNA,0.11698570847511292
PGAP2_RNA,0.11696892976760864
NMRAL1_RNA,0.1169457957148552
NUP160_RNA,0.11693919450044632
PF4_RNA,0.11680598556995392
STX4_RNA,0.11679957062005997
DSCC1_RNA,0.11679564416408539
TUFM_RNA,0.11678723245859146
PRR15_RNA,0.11676905304193497
EIF2B1_RNA,0.11668261140584946
C11orf68_RNA,0.1166008934378624
ATAD3A_RNA,0.11652477085590363
PIN4_RNA,0.11649449169635773
TMEM160_RNA,0.1164495050907135
ENOPH1_RNA,0.11639688909053802
WDR43_RNA,0.11633145809173584
PLAGL2_RNA,0.11624446511268616
ARL4D_RNA,0.11622582376003265
KIF18A_RNA,0.11607977002859116
PCDH12_RNA,0.11604636907577515
SCRG1_RNA,0.11602850258350372
KLHDC8A_RNA,0.11590743809938431
MRM1_RNA,0.1158708781003952
FAM3C_RNA,0.11583458632230759
EIF3M_RNA,0.11576797068119049
TFDP1_RNA,0.11568830907344818
MITD1_RNA,0.11561321467161179
SEC14L3_RNA,0.1155773177742958
PIR_RNA,0.11553531885147095
RHBDD2_RNA,0.1154806986451149
ERLEC1_RNA,0.11543312668800354
ACADVL_RNA,0.11536204069852829
FH_RNA,0.11535994708538055
LBP_RNA,0.11531680077314377
CITED2_RNA,0.11522160470485687
PRR11_RNA,0.11517094075679779
TXLNA_RNA,0.11511652171611786
INO80E_RNA,0.11511029303073883
PCNP_RNA,0.11510834842920303
NKIRAS2_RNA,0.11508812010288239
ATP13A1_RNA,0.11494716256856918
NGDN_RNA,0.11493463069200516
EIF4EBP3_RNA,0.11492463201284409
PRTN3_RNA,0.11483179777860641
GABRR1_RNA,0.11480990052223206
HNRNPL_RNA,0.11471016705036163
SRP72_RNA,0.11468292027711868
DSC2_RNA,0.11468256264925003
NUDT14_RNA,0.11466441303491592
INMT_RNA,0.11459966003894806
MCAT_RNA,0.11457427591085434
CDH17_RNA,0.11457262188196182
PEMT_RNA,0.11442071199417114
ESCO2_RNA,0.11438955366611481
MRS2_RNA,0.11438221484422684
ELOVL5_RNA,0.1143621951341629
DOCK2_RNA,0.11435268074274063
NEIL2_RNA,0.11434624344110489
HOXA6_RNA,0.11429964005947113
MSC_RNA,0.11426740139722824
COPS7A_RNA,0.11414679139852524
BIK_RNA,0.11409647017717361
EIF3F_RNA,0.11407003551721573
TMEM100_RNA,0.1140362098813057
DHX37_RNA,0.11400359869003296
NSL1_RNA,0.11400329321622849
TP53RK_RNA,0.11399617791175842
RNF126_RNA,0.11399342864751816
FZD5_RNA,0.11388915032148361
TEX261_RNA,0.11385487020015717
GLIS2_RNA,0.11382713168859482
PAX3_RNA,0.11377374082803726
PCDH18_RNA,0.11376230418682098
CCDC12_RNA,0.11375518143177032
SSH3_RNA,0.11374451965093613
DNAJC1_RNA,0.11374011635780334
VRK3_RNA,0.1137208640575409
RARG_RNA,0.11367721855640411
TTC1_RNA,0.1136765107512474
TRAF1_RNA,0.11362848430871964
VPS37A_RNA,0.11353021115064621
DHX58_RNA,0.11352337896823883
GALNT12_RNA,0.11349490284919739
SLC25A3_RNA,0.11347535997629166
DPH2_RNA,0.11347343027591705
ZDHHC16_RNA,0.11338220536708832
MRPS10_RNA,0.11334221810102463
SUMO3_RNA,0.11328212916851044
ACLY_RNA,0.11326663941144943
FCHO2_RNA,0.1132454201579094
EXTL3_RNA,0.1132107600569725
EDEM1_RNA,0.11317621171474457
CXCR2_RNA,0.11316277831792831
SLC5A6_RNA,0.11310242861509323
PSMD9_RNA,0.11307522654533386
POLA2_RNA,0.11302328109741211
UBE2L3_RNA,0.11298820376396179
ZNF408_RNA,0.11297348141670227
LILRA1_RNA,0.1129339188337326
SAAL1_RNA,0.11291737854480743
CXCR3_RNA,0.11290253698825836
HSBP1_RNA,0.11289918422698975
STK38_RNA,0.11288671940565109
ALDH1B1_RNA,0.1126721203327179
KLHL13_RNA,0.11259299516677856
CSNK1D_RNA,0.11256232112646103
IL22RA1_RNA,0.11253389716148376
GOLPH3_RNA,0.11245999485254288
RHBDD3_RNA,0.11238658428192139
CHRNA5_RNA,0.1123744398355484
COL13A1_RNA,0.11201774328947067
GLI1_RNA,0.111995168030262
AAGAB_RNA,0.11194600909948349
OGG1_RNA,0.1117371991276741
BBS12_RNA,0.11171602457761765
CRY1_RNA,0.11170659214258194
PRSS33_RNA,0.11169564723968506
DDIT4L_RNA,0.11166272312402725
SCG2_RNA,0.11166168749332428
APP_RNA,0.11150670796632767
PSKH1_RNA,0.11147988587617874
NACA2_RNA,0.11142110824584961
APOA1_RNA,0.11138167977333069
AGA_RNA,0.1112704947590828
TFE3_RNA,0.11126594245433807
E2F6_RNA,0.11124684661626816
SAE1_RNA,0.11124002188444138
TXNL4A_RNA,0.11113123595714569
WDR3_RNA,0.11109665036201477
DNAJC17_RNA,0.11098168045282364
AP1B1_RNA,0.11094768345355988
JMJD6_RNA,0.11090262234210968
MXD3_RNA,0.11089791357517242
VPS37B_RNA,0.11088773608207703
DDX23_RNA,0.11088009178638458
ARPC1B_RNA,0.11082010716199875
MAT1A_RNA,0.1107582151889801
COMMD2_RNA,0.11075574904680252
DPYSL3_RNA,0.11073561757802963
WDR76_RNA,0.11071498692035675
SSB_RNA,0.11060050129890442
DEFA4_RNA,0.11057647317647934
ADAM28_RNA,0.11057347804307938
SPTY2D1_RNA,0.11056455224752426
HGF_RNA,0.11052139848470688
GPA33_RNA,0.11051982641220093
LDLRAD2_RNA,0.11047278344631195
SKA3_RNA,0.11037129908800125
ZFP36L1_RNA,0.11031729727983475
TRMT1_RNA,0.11027427017688751
RBPMS2_RNA,0.11025089770555496
GATAD2A_RNA,0.11023269593715668
SCARA3_RNA,0.11020468920469284
PIGU_RNA,0.11018732190132141
ALPK2_RNA,0.11015871912240982
CHCHD10_RNA,0.11012670397758484
GNG10_RNA,0.11011281609535217
UBE2N_RNA,0.11006070673465729
TMEM14A_RNA,0.10997617244720459
PRIM2_RNA,0.10989891737699509
SPPL2A_RNA,0.10986872762441635
CLNS1A_RNA,0.1098301038146019
TMEM116_RNA,0.10980299860239029
STAT6_RNA,0.10966119170188904
APIP_RNA,0.10962250828742981
LEP_RNA,0.10954070091247559
TMEM199_RNA,0.10944711416959763
ING4_RNA,0.10937133431434631
ACP6_RNA,0.10934396088123322
TSHZ3_RNA,0.10932799428701401
ZNF468_RNA,0.10932145267724991
UNG_RNA,0.10926729440689087
PPP1CC_RNA,0.10923521220684052
SAMM50_RNA,0.10922356694936752
CDX1_RNA,0.10921493172645569
DTNBP1_RNA,0.1091914102435112
CXCR6_RNA,0.10909074544906616
PGPEP1_RNA,0.10906875133514404
TMEM107_RNA,0.10903249680995941
IDUA_RNA,0.10902257263660431
PTGES3_RNA,0.10899079591035843
WDR25_RNA,0.1088804230093956
FOXD3_RNA,0.10887867212295532
ZNF622_RNA,0.10886044055223465
ATIC_RNA,0.10885913670063019
ZNF394_RNA,0.10885128378868103
GDI2_RNA,0.10884857177734375
CYB561_RNA,0.10883112996816635
ARL2BP_RNA,0.10879349708557129
CDC37_RNA,0.10877865552902222
EIF2S3_RNA,0.10876678675413132
ABCE1_RNA,0.1087217703461647
PEX13_RNA,0.10850534588098526
UBXN6_RNA,0.10849909484386444
FCF1_RNA,0.10845113545656204
MBD4_RNA,0.1084093451499939
LSM6_RNA,0.10835341364145279
HECTD3_RNA,0.10832607746124268
PIAS3_RNA,0.1083039939403534
EIF2AK4_RNA,0.10827313363552094
AIFM2_RNA,0.10823303461074829
DHDDS_RNA,0.10820627212524414
TRIM14_RNA,0.10814717411994934
ISOC1_RNA,0.10804695636034012
GRAP2_RNA,0.10803132504224777
HNMT_RNA,0.10800518095493317
IGFL3_RNA,0.10790357738733292
SRD5A3_RNA,0.10789873450994492
SLC9A4_RNA,0.10789816081523895
RPUSD1_RNA,0.10789170116186142
UTP14A_RNA,0.1078857034444809
RPL21P28_RNA,0.10779956728219986
TBCC_RNA,0.10772782564163208
SOX18_RNA,0.10771294683218002
SYTL2_RNA,0.10768910497426987
CCR3_RNA,0.10762602835893631
EPSTI1_RNA,0.10759402811527252
FBXO8_RNA,0.1074373871088028
MLEC_RNA,0.10718225687742233
EEF2_RNA,0.10717364400625229
OSBPL5_RNA,0.10700096935033798
PSMD6_RNA,0.10698122531175613
PAFAH1B3_RNA,0.10694407671689987
FAM3D_RNA,0.10686970502138138
HPS3_RNA,0.10681779682636261
ZFAND2B_RNA,0.10677707195281982
CTNS_RNA,0.10671733319759369
CD79A_RNA,0.1067090854048729
TBX1_RNA,0.10665588825941086
OIP5_RNA,0.10665411502122879
YY2_RNA,0.10662589222192764
EI24_RNA,0.10661754757165909
HOXD10_RNA,0.10661385208368301
CD3G_RNA,0.10659795999526978
FANK1_RNA,0.1063045933842659
SCRN2_RNA,0.10626717656850815
TAF11_RNA,0.10624516755342484
TBX19_RNA,0.10622797161340714
CNFN_RNA,0.10622777044773102
ZNF576_RNA,0.10619135200977325
MGMT_RNA,0.10617505759000778
RINT1_RNA,0.10617397725582123
STX18_RNA,0.10615251958370209
CRTC2_RNA,0.1061432957649231
RABGGTA_RNA,0.10613458603620529
PRMT6_RNA,0.10609064251184464
TNN_RNA,0.10584622621536255
TPMT_RNA,0.10573038458824158
COL16A1_RNA,0.10564013570547104
CPA5_RNA,0.10562415421009064
CSF2_RNA,0.10560276359319687
TIPIN_RNA,0.10557623952627182
ADORA1_RNA,0.10557388514280319
NOL10_RNA,0.10551337152719498
TOP1_RNA,0.10550577193498611
BCAT2_RNA,0.1054573506116867
DAPK3_RNA,0.1053941622376442
DDRGK1_RNA,0.10527751594781876
SOX15_RNA,0.10523336380720139
DPT_RNA,0.10511422902345657
RRM1_RNA,0.10500982403755188
JDP2_RNA,0.10490040481090546
IKBKB_RNA,0.10480989515781403
ATPAF2_RNA,0.10469232499599457
PRPH_RNA,0.10467489063739777
TMEM53_RNA,0.10466837882995605
TLR5_RNA,0.10465171933174133
MRGPRX4_RNA,0.10454447567462921
EGFL6_RNA,0.10449341684579849
GUCA2A_RNA,0.10446172952651978
SKAP1_RNA,0.10444863885641098
LAIR2_RNA,0.10443434119224548
PARVB_RNA,0.10437934100627899
TIGD5_RNA,0.10432447493076324
PUS1_RNA,0.10430148243904114
C4BPA_RNA,0.10422307252883911
ESRRA_RNA,0.10416284948587418
SPRED2_RNA,0.10414987802505493
IL16_RNA,0.10409857332706451
GNB4_RNA,0.10398570448160172
MYEOV_RNA,0.10398051142692566
AIDA_RNA,0.10396405309438705
SYT8_RNA,0.10388308018445969
CYB5D2_RNA,0.10362366586923599
SCYL1_RNA,0.10360125452280045
NEXN_RNA,0.10359913110733032
ATG5_RNA,0.10359744727611542
CASP2_RNA,0.10349510610103607
AGBL2_RNA,0.10341359674930573
NOC2L_RNA,0.10338114947080612
YEATS4_RNA,0.10337603092193604
CMPK1_RNA,0.10335825383663177
SLC19A2_RNA,0.10333909094333649
RIOK3_RNA,0.10329355299472809
ENTPD1_RNA,0.10322955250740051
ZDHHC6_RNA,0.10321782529354095
FCN1_RNA,0.10319950431585312
MED16_RNA,0.10317011177539825
IDH3G_RNA,0.10310357809066772
TLE6_RNA,0.10298896580934525
ACSF2_RNA,0.10291172564029694
PPM1J_RNA,0.10286270081996918
SLC30A6_RNA,0.10282750427722931
RREB1_RNA,0.10279829055070877
ALDH18A1_RNA,0.10279649496078491
GM2A_RNA,0.10277542471885681
AFP_RNA,0.1026468425989151
LTBP1_RNA,0.10261698812246323
SLFN13_RNA,0.10253924876451492
DERL3_RNA,0.10244077444076538
AHSP_RNA,0.10237760096788406
LDLRAD3_RNA,0.10232123732566833
HES1_RNA,0.10222426056861877
ID2_RNA,0.10218393057584763
ZMPSTE24_RNA,0.10218308120965958
FUT11_RNA,0.10217708349227905
ZDHHC5_RNA,0.10211463272571564
PPP5C_RNA,0.10210555046796799
PLEKHA2_RNA,0.1021035760641098
BAG1_RNA,0.1020546704530716
SH3BGR_RNA,0.10195007920265198
SNX2_RNA,0.10193987190723419
TRMT2A_RNA,0.10192719846963882
SIPA1L2_RNA,0.10188664495944977
B3GNT2_RNA,0.10187620669603348
SIM1_RNA,0.1018749549984932
EYA4_RNA,0.10166336596012115
NFIC_RNA,0.10165980458259583
CRK_RNA,0.10165118426084518
LAMP2_RNA,0.10162336379289627
CAMK2D_RNA,0.10161683708429337
PRPS1_RNA,0.10161298513412476
SNX5_RNA,0.10157979279756546
APOBEC3D_RNA,0.10155584663152695
RBCK1_RNA,0.10143114626407623
CARHSP1_RNA,0.10140389949083328
PLEKHF1_RNA,0.10139687359333038
CANX_RNA,0.10130206495523453
TSR1_RNA,0.10129436105489731
MIER2_RNA,0.10125896334648132
NOL7_RNA,0.10121992230415344
TBC1D10C_RNA,0.10117023438215256
TGS1_RNA,0.10113806277513504
NFKBIL1_RNA,0.10113059729337692
DNAH11_RNA,0.10110238939523697
PPIF_RNA,0.1010972261428833
NUDC_RNA,0.10104899853467941
ETNK2_RNA,0.10103829205036163
PLCD3_RNA,0.10102950781583786
LRRC23_RNA,0.10099254548549652
COX18_RNA,0.1009354218840599
ISY1_RNA,0.10088392347097397
LYRM1_RNA,0.10086862742900848
TUBA1A_RNA,0.1008090004324913
ICAM2_RNA,0.10074623674154282
GRB2_RNA,0.10072668641805649
BTG4_RNA,0.10072019696235657
DIAPH1_RNA,0.10070911794900894
FBXO5_RNA,0.10066772252321243
SRBD1_RNA,0.10043378174304962
JMJD4_RNA,0.10043258219957352
ZNF143_RNA,0.10043083876371384
EPHX2_RNA,0.10042892396450043
IL18RAP_RNA,0.10039486736059189
UMPS_RNA,0.10039027035236359
CPT2_RNA,0.10037463903427124
MCOLN2_RNA,0.10020938515663147
TMEM123_RNA,0.10017991811037064
YWHAQ_RNA,0.10017742216587067
NKX6-1_RNA,0.10016791522502899
PSMD2_RNA,0.10015985369682312
PWP1_RNA,0.10009489953517914
STT3B_RNA,0.099948979914188385
SCARB1_RNA,0.0999215617775917
SLC35C2_RNA,0.09983573108911514
GALNT1_RNA,0.0997777059674263
TAF6_RNA,0.09975166618824005
RNF26_RNA,0.09973020106554031
APOBEC3H_RNA,0.09970661997795105
FERMT2_RNA,0.09966134279966354
CNDP2_RNA,0.099624402821064
E2F4_RNA,0.09962102770805359
GGPS1_RNA,0.09958042949438095
SPRED1_RNA,0.09944582730531693
DAGLB_RNA,0.09944453090429306
RPS23_RNA,0.09942520409822464
P2RY1_RNA,0.09938009083271027
FAM98C_RNA,0.09937621653079987
DTL_RNA,0.099346823990345
TPM1_RNA,0.0992845967411995
KRT32_RNA,0.09927121549844742
NIF3L1_RNA,0.0991773009300232
GZMM_RNA,0.09917723387479782
NPW_RNA,0.09914017468690872
KCTD20_RNA,0.09905198216438293
CASP10_RNA,0.09904348850250244
MSRA_RNA,0.09900759905576706
AIMP1_RNA,0.09898960590362549
TBL3_RNA,0.09898756444454193
ANAPC13_RNA,0.09898027777671814
DDX59_RNA,0.09897929430007935
CKM_RNA,0.09885898232460022
SPC25_RNA,0.09882376343011856
CHST12_RNA,0.09880739450454712
ASPH_RNA,0.09863707423210144
RING1_RNA,0.0986141562461853
GCAT_RNA,0.09847471863031387
SYAP1_RNA,0.09846954792737961
ZNF600_RNA,0.09846401959657669
MED15_RNA,0.09843545407056808
VPS37D_RNA,0.09843412786722183
SUV39H1_RNA,0.09841970354318619
OLFML2A_RNA,0.09840293228626251
RPUSD4_RNA,0.0983445942401886
TRIM56_RNA,0.09833963215351105
TDG_RNA,0.09833783656358719
GATA3_RNA,0.09829200804233551
ECHDC3_RNA,0.09825398027896881
ARC_RNA,0.09825239330530167
GEMIN8_RNA,0.09823666512966156
MYL5_RNA,0.09822908788919449
SNW1_RNA,0.09817597270011902
ATG4D_RNA,0.09814795851707458
EIF2S1_RNA,0.09802691638469696
GK_RNA,0.09798455983400345
DNAJB6_RNA,0.09793616086244583
IL21R_RNA,0.09789252281188965
CD96_RNA,0.09786412119865417
FAM124B_RNA,0.09781648218631744
HPS6_RNA,0.09772998839616776
FKBP14_RNA,0.09760824590921402
SBDS_RNA,0.09760411828756332
ESAM_RNA,0.09727047383785248
CENPB_RNA,0.0972587838768959
COPS7B_RNA,0.09722872078418732
MYH2_RNA,0.09722638875246048
EIF3L_RNA,0.09716295450925827
ABCB7_RNA,0.09714285284280777
SLC2A8_RNA,0.09712005406618118
COPB2_RNA,0.09704631567001343
MIF4GD_RNA,0.09704022109508514
SLC25A38_RNA,0.0970325767993927
YAP1_RNA,0.09703098237514496
UBAC1_RNA,0.09698891639709473
TULP3_RNA,0.09697847068309784
MRPS24_RNA,0.09693720936775208
WTIP_RNA,0.09693321585655212
IFI6_RNA,0.09692274779081345
ZFAND3_RNA,0.09692000597715378
GEMIN4_RNA,0.09690940380096436
ARPC5L_RNA,0.09687468409538269
RGL2_RNA,0.09684032946825027
PDHB_RNA,0.09671548753976822
HLA-DQB2_RNA,0.09670712053775787
OGFOD1_RNA,0.0966874361038208
HSP90B3P_RNA,0.09667263180017471
ARHGEF3_RNA,0.09663764387369156
TAF9_RNA,0.09654857963323593
UBE2D3_RNA,0.09652674943208694
PSMA1_RNA,0.09652139991521835
INO80C_RNA,0.09649658203125
TRIM29_RNA,0.096434086561203
POLE2_RNA,0.09639137983322144
SAP30BP_RNA,0.09636685252189636
USF2_RNA,0.0962648019194603
CUL7_RNA,0.0962534248828888
CD200R1_RNA,0.09614984691143036
NUCB2_RNA,0.09609648585319519
ACTR2_RNA,0.09605225920677185
DLL4_RNA,0.09596477448940277
WFDC3_RNA,0.09584398567676544
SLC2A14_RNA,0.09582535177469254
PTP4A2_RNA,0.09577152132987976
METTL9_RNA,0.0957166850566864
WDR55_RNA,0.09568852186203003
TBX4_RNA,0.09566618502140045
TMEM186_RNA,0.09566440433263779
TXNDC5_RNA,0.09561265259981155
ELAVL1_RNA,0.09550372511148453
MORF4L2_RNA,0.09546716511249542
ITM2B_RNA,0.09538497030735016
SH3GLB1_RNA,0.09534383565187454
SCNN1A_RNA,0.09531579911708832
RFX8_RNA,0.09527871012687683
EFHC2_RNA,0.09525743871927261
GSTZ1_RNA,0.09525742381811142
CCDC103_RNA,0.09524412453174591
STARD8_RNA,0.09523430466651917
AKIRIN2_RNA,0.0952221006155014
TRIM25_RNA,0.09499411284923553
TSC22D4_RNA,0.09498681873083115
RCAN3_RNA,0.09497659653425217
LAMA5_RNA,0.09496788680553436
BAALC_RNA,0.09495359659194946
NCAPG_RNA,0.09491057693958282
PVR_RNA,0.09488419443368912
CHAT_RNA,0.09488388150930405
SUSD1_RNA,0.0948728695511818
CENPQ_RNA,0.0948716476559639
ITGB3BP_RNA,0.09487131237983704
PARP3_RNA,0.09475841373205185
SIGLEC1_RNA,0.09468784183263779
UBA3_RNA,0.09466932713985443
UBE2E3_RNA,0.09465518593788147
DNM2_RNA,0.09459677338600159
ARV1_RNA,0.09459427744150162
LONRF1_RNA,0.09448173642158508
ITGBL1_RNA,0.0943022072315216
SOAT2_RNA,0.0942685529589653
DBR1_RNA,0.09425853192806244
PLXDC1_RNA,0.09425104409456253
SNX33_RNA,0.09421809762716293
RRM2B_RNA,0.09418703615665436
UBE2Z_RNA,0.094096839427948
CCDC28B_RNA,0.09408681839704514
KCMF1_RNA,0.09405894577503204
CCNE1_RNA,0.09393630176782608
TOB1_RNA,0.09391520917415619
DMP1_RNA,0.09378380328416824
ANXA7_RNA,0.09378240257501602
CCDC88B_RNA,0.0937613844871521
ROPN1L_RNA,0.0937575101852417
POLM_RNA,0.09374118596315384
TMEM39A_RNA,0.09373597055673599
IKZF1_RNA,0.09373552352190018
INSIG2_RNA,0.09371569007635117
RNF2_RNA,0.09365411847829819
ORAI2_RNA,0.09364142268896103
RAMP2_RNA,0.09350553154945374
MAN2B2_RNA,0.09349335730075836
BTBD6_RNA,0.09341004490852356
GALNT10_RNA,0.09334259480237961
FCER1A_RNA,0.09326623380184174
SH3KBP1_RNA,0.09326585382223129
FTSJ3_RNA,0.09324800223112106
PEX12_RNA,0.09322915971279144
IRAK3_RNA,0.09314648807048798
GIP_RNA,0.0929601714015007
UCK1_RNA,0.09295149147510529
TMEM185B_RNA,0.09295076131820679
TMEM156_RNA,0.09294912219047546
PSMC6_RNA,0.09293872117996216
PYCR2_RNA,0.09290146827697754
PSMD7_RNA,0.09289730340242386
ERI3_RNA,0.09289204329252243
DCK_RNA,0.09286710619926453
STARD3_RNA,0.09283991903066635
WNT10A_RNA,0.0928364172577858
FEZF1_RNA,0.0928153321146965
FGGY_RNA,0.09280520677566528
MCM3_RNA,0.09279828518629074
TFCP2L1_RNA,0.09279549866914749
QPCT_RNA,0.09278226643800735
MECR_RNA,0.0927681103348732
CSNK1A1_RNA,0.09269742667675018
PIPOX_RNA,0.09243890643119812
CCNDBP1_RNA,0.0924280509352684
UNC119B_RNA,0.09242390096187592
PPP2R2A_RNA,0.09238418936729431
MESP1_RNA,0.09231288731098175
CHSY3_RNA,0.09221585839986801
MCCC2_RNA,0.09219292551279068
CDYL_RNA,0.0921783596277237
SCFD2_RNA,0.09209363907575607
ADRA1D_RNA,0.09204620867967606
HIGD1B_RNA,0.09203606843948364
CLDN12_RNA,0.09196595847606659
HNRNPA1_RNA,0.09195826202630997
DENND2A_RNA,0.09185880422592163
SEH1L_RNA,0.09185196459293365
SLC26A2_RNA,0.09182069450616837
DDX20_RNA,0.09175334870815277
MCFD2_RNA,0.09174193441867828
POMC_RNA,0.09158351272344589
FOXA2_RNA,0.09158208966255188
FMO4_RNA,0.09152785688638687
WDR75_RNA,0.09137748926877975
EFNB2_RNA,0.09129347652196884
KRT79_RNA,0.09121434390544891
CHST8_RNA,0.09121353924274445
ALG12_RNA,0.09119893610477448
TLCD1_RNA,0.09119611978530884
B3GNTL1_RNA,0.09116123616695404
XRCC1_RNA,0.09105188399553299
XKRX_RNA,0.09099378436803818
MFAP1_RNA,0.0909794494509697
EID1_RNA,0.09091870486736298
SF3B2_RNA,0.09089191257953644
CINP_RNA,0.09087427705526352
MIDN_RNA,0.09084419906139374
ATG16L1_RNA,0.09082411974668503
TEKT1_RNA,0.09082333743572235
C20orf96_RNA,0.09080075472593307
UTF1_RNA,0.09079374372959137
TP53I11_RNA,0.09078462421894073
TUBD1_RNA,0.0907343327999115
VPS11_RNA,0.09066619724035263
ASGR1_RNA,0.09064411371946335
LEMD2_RNA,0.09060084074735641
DCPS_RNA,0.09053337574005127
IL17RA_RNA,0.09051619470119476
CREB3L4_RNA,0.09043856710195541
BTBD19_RNA,0.09040707349777222
TRPM2_RNA,0.09035582840442657
FEM1C_RNA,0.09030423313379288
ETS1_RNA,0.09029329568147659
LASP1_RNA,0.0902366116642952
HMGXB4_RNA,0.09021759778261185
TRIOBP_RNA,0.09020688384771347
PEX11A_RNA,0.09017407149076462
NDE1_RNA,0.09003552049398422
EPS8L1_RNA,0.08994778245687485
TRMT2B_RNA,0.08989075571298599
PKN3_RNA,0.08988915383815765
CDIPT_RNA,0.08987995237112045
KCTD18_RNA,0.08985476195812225
RPE65_RNA,0.0898282378911972
MMP13_RNA,0.08981823921203613
HERPUD2_RNA,0.0898161455988884
C11orf58_RNA,0.08980200439691544
CRAT_RNA,0.08970599621534348
EPS8L2_RNA,0.08970559388399124
TMEM98_RNA,0.08961772918701172
NPNT_RNA,0.08955597877502441
RAI14_RNA,0.0895385593175888
DHRS13_RNA,0.0895300805568695
BLZF1_RNA,0.0895257368683815
ELP3_RNA,0.08946690708398819
CHEK1_RNA,0.0894482210278511
DDX31_RNA,0.0894070640206337
VLDLR_RNA,0.08930551260709763
C2CD4B_RNA,0.08925098925828934
PAIP1_RNA,0.0892113596200943
MALT1_RNA,0.08915993571281433
MMEL1_RNA,0.08915334194898605
CDCA7_RNA,0.08912898600101471
UBASH3A_RNA,0.0891195759177208
CLINT1_RNA,0.08911249786615372
MSL3_RNA,0.08909331262111664
SOD1_RNA,0.089075468480587
DR1_RNA,0.08906430751085281
REST_RNA,0.0890498235821724
ANAPC7_RNA,0.08904490619897842
GFER_RNA,0.08903529495000839
PRAM1_RNA,0.0890333279967308
HOXC5_RNA,0.08901741355657578
SSR1_RNA,0.08900650590658188
HMHB1_RNA,0.08897371590137482
VPS18_RNA,0.088939368724823
MLH1_RNA,0.08893513679504395
LONP1_RNA,0.08892237395048141
MAP3K11_RNA,0.08868913352489471
ACVR1_RNA,0.08865155279636383
ELAC1_RNA,0.08858931064605713
DPEP2_RNA,0.0884583443403244
NOP58_RNA,0.08843133598566055
RAB35_RNA,0.08841507136821747
TTC4_RNA,0.08841179311275482
FN3KRP_RNA,0.08836100250482559
COPS2_RNA,0.08836054056882858
RALA_RNA,0.08835381269454956
GNA12_RNA,0.08834102004766464
MUC13_RNA,0.08823533356189728
ERCC6L_RNA,0.08814189583063126
EXOSC8_RNA,0.08809254318475723
PI4KB_RNA,0.08807004988193512
LRP5_RNA,0.0880623385310173
NUDT5_RNA,0.08800072968006134
SERP1_RNA,0.08798167109489441
TM2D1_RNA,0.08795010298490524
ZNF599_RNA,0.08794759213924408
WDR41_RNA,0.08794327080249786
RFC4_RNA,0.08793892711400986
EXOSC9_RNA,0.08785539865493774
RNASEL_RNA,0.08780163526535034
FBXO36_RNA,0.08772982656955719
PSMD11_RNA,0.08768468350172043
FER1L4_RNA,0.08767341822385788
RPL3L_RNA,0.08766379207372665
TRIM27_RNA,0.08765962719917297
PKD2L1_RNA,0.08758966624736786
C1orf35_RNA,0.08756393194198608
HNRNPK_RNA,0.08755773305892944
PCIF1_RNA,0.08753938227891922
ACBD4_RNA,0.08752186596393585
PEX6_RNA,0.08750686049461365
EED_RNA,0.08748127520084381
ZNF630_RNA,0.08748040348291397
NOP14_RNA,0.0874660313129425
UCKL1_RNA,0.08743959665298462
SFTA2_RNA,0.08741980791091919
UBXN4_RNA,0.08737661689519882
PPP1R11_RNA,0.08729813247919083
HGD_RNA,0.08728248625993729
CHMP4B_RNA,0.08724240958690643
APOBEC3A_RNA,0.0872393399477005
CENPN_RNA,0.08723101019859314
AQP3_RNA,0.08723002672195435
ESPNL_RNA,0.08721219748258591
TTC5_RNA,0.08720099180936813
ZNF771_RNA,0.08717803657054901
CCDC97_RNA,0.08711056411266327
GOLPH3L_RNA,0.08709865063428879
ESD_RNA,0.08709729462862015
BCAS2_RNA,0.08708377182483673
ALAS1_RNA,0.0870540514588356
BCS1L_RNA,0.08703362941741943
ATP10D_RNA,0.08697602897882462
TMEM44_RNA,0.08692878484725952
RB1_RNA,0.0868907943367958
PFKL_RNA,0.08688270300626755
COL2A1_RNA,0.08685369044542313
TMEM69_RNA,0.08683153986930847
SBK2_RNA,0.08681268244981766
PSMF1_RNA,0.08677083253860474
POLB_RNA,0.08676210790872574
LIPT1_RNA,0.08676089346408844
PRELID2_RNA,0.08673238754272461
CD55_RNA,0.0867253988981247
FEV_RNA,0.08671766519546509
ARCN1_RNA,0.08668798953294754
GTF3C2_RNA,0.0866858959197998
GPR137_RNA,0.08668036758899689
PRR14_RNA,0.08667855709791183
AMZ2_RNA,0.08666889369487762
EVC_RNA,0.08660388737916946
ZCCHC4_RNA,0.08656209707260132
CDKN2AIP_RNA,0.08654489368200302
PEX14_RNA,0.08651568740606308
USP4_RNA,0.08649003505706787
SEC22B_RNA,0.08632272481918335
POP1_RNA,0.08630211651325226
VGLL4_RNA,0.0862235277891159
PDGFB_RNA,0.08620386570692062
DDX18_RNA,0.08609501272439957
PHKG2_RNA,0.08608437329530716
ASH2L_RNA,0.08601070195436478
ZMYND19_RNA,0.08592680841684341
MCM7_RNA,0.08592621237039566
ASNSD1_RNA,0.08584665507078171
ZNF526_RNA,0.0858336016535759
TRIT1_RNA,0.08575309067964554
PAX8_RNA,0.08570143580436707
GOLGA5_RNA,0.08568771183490753
TLN1_RNA,0.08554207533597946
ADH1C_RNA,0.08540622889995575
RFX2_RNA,0.08537403494119644
CXCR1_RNA,0.08530793339014053
ENSA_RNA,0.08529927581548691
GCLM_RNA,0.08528072386980057
PACSIN3_RNA,0.08525962382555008
CD34_RNA,0.08525168895721436
MATN3_RNA,0.08524832129478455
CRIP2_RNA,0.08522321283817291
GCC1_RNA,0.08515365421772003
PRAME_RNA,0.08514404296875
AGBL5_RNA,0.08511911332607269
DSN1_RNA,0.08511023223400116
FARSB_RNA,0.08509372919797897
ZBTB48_RNA,0.08506981283426285
HYAL4_RNA,0.08503995090723038
FLI1_RNA,0.08503967523574829
MC5R_RNA,0.08503685891628265
ANKRD54_RNA,0.08501314371824265
MAT2B_RNA,0.08486824482679367
BOP1_RNA,0.08484067022800446
TBC1D23_RNA,0.08477231115102768
PIGO_RNA,0.08476607501506805
TMUB2_RNA,0.08473523706197739
MAPRE1_RNA,0.08472263813018799
TOR1AIP1_RNA,0.08471199870109558
TMEM177_RNA,0.08470366150140762
MAP1LC3B_RNA,0.0845288634300232
CHST3_RNA,0.08444196730852127
SLC16A2_RNA,0.08444161713123322
SGTA_RNA,0.08441106975078583
BUB1B_RNA,0.08432209491729736
ATP1A1_RNA,0.08432205766439438
RAB11B_RNA,0.084319107234478
CLDN19_RNA,0.08431461453437805
TLR7_RNA,0.08425906300544739
PLEKHG1_RNA,0.08422911912202835
CCDC47_RNA,0.08415047824382782
PGAP3_RNA,0.08414417505264282
AP2M1_RNA,0.08408891409635544
MACC1_RNA,0.08406384289264679
UBA7_RNA,0.0840374305844307
DDX19B_RNA,0.08403333276510239
EIF4H_RNA,0.0840277448296547
DAPL1_RNA,0.08397175371646881
DLC1_RNA,0.08384254574775696
LIMD1_RNA,0.08382026106119156
CPA6_RNA,0.08378376811742783
CCDC34_RNA,0.08375636488199234
LCE1E_RNA,0.08366809040307999
MRPS14_RNA,0.083654023706913
TIPRL_RNA,0.08358629047870636
AGPAT5_RNA,0.08352111279964447
ATG4B_RNA,0.08347146958112717
SIRT7_RNA,0.08343096822500229
GTSF1_RNA,0.08341360837221146
RIOK1_RNA,0.08330614864826202
TXNL4B_RNA,0.08326451480388641
IER3IP1_RNA,0.08319713920354843
SNX9_RNA,0.08312481641769409
ST3GAL2_RNA,0.08298446238040924
HKDC1_RNA,0.08296704292297363
COQ4_RNA,0.0829489454627037
TNS4_RNA,0.08289426565170288
UGP2_RNA,0.08283630758523941
RPUSD3_RNA,0.08277606219053268
AOX1_RNA,0.08267947286367416
TAF5L_RNA,0.08267276734113693
MRPL50_RNA,0.08264718949794769
CHMP1A_RNA,0.08263175934553146
NUDT18_RNA,0.0825500339269638
COX6C_RNA,0.0823841542005539
ATF6B_RNA,0.08228431642055511
APOL6_RNA,0.082248255610466
TAX1BP1_RNA,0.08215626329183578
HESX1_RNA,0.08210284262895584
TAS1R1_RNA,0.0820779874920845
SLC25A15_RNA,0.08205962926149368
ZRSR2_RNA,0.0820554569363594
PLD3_RNA,0.0820227712392807
UNC13D_RNA,0.08188766986131668
PDE6D_RNA,0.08188649266958237
KDR_RNA,0.0818140059709549
C1orf56_RNA,0.08178086578845978
SNF8_RNA,0.08175862580537796
DDX54_RNA,0.08162548393011093
TXNRD2_RNA,0.08159459382295609
PLXNA1_RNA,0.08157020807266235
SIGMAR1_RNA,0.08155941218137741
TYW1_RNA,0.08149361610412598
ZNF396_RNA,0.08146248757839203
TSNAX_RNA,0.08144085109233856
AP1S3_RNA,0.08138372749090195
DZIP1L_RNA,0.0813637375831604
AKIRIN1_RNA,0.08136093616485596
FGFBP2_RNA,0.08134375512599945
NEK11_RNA,0.08128266781568527
SLC35F5_RNA,0.08128069341182709
SULF2_RNA,0.08127633482217789
POLD3_RNA,0.08126275986433029
MPEG1_RNA,0.08125466108322144
CD84_RNA,0.0810961052775383
RRAS2_RNA,0.08104941248893738
SP140_RNA,0.08090785145759583
WNT16_RNA,0.08063662797212601
TNNT3_RNA,0.08062347024679184
DHRS1_RNA,0.080598384141922
ABHD12_RNA,0.08058531582355499
HSPA13_RNA,0.08056905120611191
ABCC1_RNA,0.08054046332836151
TTC39C_RNA,0.08053981512784958
RBBP4_RNA,0.08051060140132904
NXT2_RNA,0.08050583302974701
NRSN2_RNA,0.08049798756837845
HS2ST1_RNA,0.08048065751791
ARHGAP29_RNA,0.08042536675930023
MTMR14_RNA,0.08037207275629044
GATC_RNA,0.080329529941082
BTN2A2_RNA,0.0802968442440033
DGAT1_RNA,0.08028675615787506
LTB_RNA,0.0802796259522438
SCARF1_RNA,0.08025550842285156
EPS8_RNA,0.08017929643392563
EEF1D_RNA,0.08012247830629349
TBC1D1_RNA,0.08012158423662186
TFB1M_RNA,0.0800718441605568
PTGER1_RNA,0.08005663007497787
BIRC2_RNA,0.08001045137643814
TOMM40L_RNA,0.07999901473522186
TIMD4_RNA,0.07989028841257095
GTF2H3_RNA,0.07988973706960678
GATA6_RNA,0.07987511157989502
CCDC61_RNA,0.07982093095779419
GLOD4_RNA,0.07979395985603333
CMTM2_RNA,0.07978668063879013
TRIM28_RNA,0.07976138591766357
CLPTM1_RNA,0.07972536981105804
DNTTIP2_RNA,0.07959527522325516
YTHDF3_RNA,0.07959038019180298
CSTF1_RNA,0.07958395034074783
PHLDA1_RNA,0.07958140969276428
LIMK2_RNA,0.0795786902308464
NARF_RNA,0.07954593002796173
TMEM171_RNA,0.07952039688825607
HMGXB3_RNA,0.07947175204753876
GIPC3_RNA,0.07927799969911575
ZNF784_RNA,0.07923118025064468
RRP1_RNA,0.07919508218765259
CDC25B_RNA,0.07919146865606308
RELT_RNA,0.0791579857468605
ANKRD1_RNA,0.07914385199546814
SCGB3A2_RNA,0.07911702990531921
PARVA_RNA,0.07906056940555573
MAEA_RNA,0.07902110368013382
UTP3_RNA,0.07897093147039413
PCGF2_RNA,0.07894401252269745
BBC3_RNA,0.07894367724657059
METTL1_RNA,0.07892826199531555
POLR2D_RNA,0.07890976220369339
UBE2B_RNA,0.07888199388980865
RASSF3_RNA,0.07882558554410934
ACAP1_RNA,0.07879452407360077
ITGA10_RNA,0.07876639068126678
AIFM1_RNA,0.07875814288854599
PIN1_RNA,0.07873827964067459
TMEM104_RNA,0.07871662080287933
CKAP2L_RNA,0.07867657393217087
CCDC125_RNA,0.07867374271154404
KIAA1191_RNA,0.07863511890172958
SH3BGRL_RNA,0.07858315110206604
RASEF_RNA,0.07854056358337402
B3GALT4_RNA,0.07847721129655838
INPP5D_RNA,0.07845935225486755
ALKBH5_RNA,0.07844755053520203
ARMC9_RNA,0.07839488983154297
AGTR1_RNA,0.07834584265947342
TUSC2_RNA,0.07826133817434311
B3GALNT1_RNA,0.07799780368804932
OBSL1_RNA,0.07798775285482407
FBXO7_RNA,0.07798415422439575
EPB42_RNA,0.0779149979352951
NR4A3_RNA,0.07785604894161224
RBM38_RNA,0.07781960815191269
FAM120AOS_RNA,0.07771684974431992
LPCAT1_RNA,0.0775936096906662
GATM_RNA,0.07757389545440674
IVNS1ABP_RNA,0.07744787633419037
ICOS_RNA,0.07739222794771194
KLF2_RNA,0.07739149779081345
TNNC1_RNA,0.07728716731071472
MMRN1_RNA,0.07728372514247894
G3BP1_RNA,0.07728274166584015
NSFL1C_RNA,0.07722873985767365
ATRIP_RNA,0.07719354331493378
STRAP_RNA,0.07716835290193558
ZNF416_RNA,0.07716470956802368
DARS2_RNA,0.07704275846481323
IL6R_RNA,0.07703191787004471
ADAMTS7_RNA,0.07687290012836456
TBC1D22A_RNA,0.07684911042451859
SLC15A1_RNA,0.07681512832641602
ZWILCH_RNA,0.0768035277724266
WDR12_RNA,0.0767122134566307
RNF185_RNA,0.0766923800110817
ZC3H12D_RNA,0.07665085047483444
FOXC2_RNA,0.07664227485656738
PPP1R7_RNA,0.07663784176111221
YTHDF2_RNA,0.0765930786728859
EPHX1_RNA,0.07656791806221008
HMGN1_RNA,0.07654546201229095
ABHD5_RNA,0.07654225081205368
PRKD1_RNA,0.07653231918811798
FAM91A1_RNA,0.07652082294225693
SLC44A4_RNA,0.07651714980602264
CTTNBP2NL_RNA,0.07648319751024246
EPHX3_RNA,0.07646826654672623
SLC10A7_RNA,0.07646646350622177
CGRRF1_RNA,0.07636626809835434
MIR635_RNA,0.07632213830947876
ZNF672_RNA,0.07631204277276993
GLE1_RNA,0.07627607136964798
RNF19A_RNA,0.07626990973949432
FAM180A_RNA,0.07623504847288132
MIR320A_RNA,0.07621504366397858
TMEM200B_RNA,0.07618646323680878
ZNF140_RNA,0.07615871727466583
SELL_RNA,0.07613788545131683
NFKBID_RNA,0.07613585144281387
PRR16_RNA,0.07612887024879456
SMUG1_RNA,0.07610355317592621
SEC23B_RNA,0.07606600970029831
SYVN1_RNA,0.07601968944072723
STARD5_RNA,0.07601384818553925
TRMT61B_RNA,0.07596872001886368
EAPP_RNA,0.07595213502645493
SDK1_RNA,0.07588047534227371
PAPSS1_RNA,0.07585509866476059
FEN1_RNA,0.07568565011024475
HEYL_RNA,0.07563836127519608
SFXN4_RNA,0.0756288543343544
TRAF2_RNA,0.07559303194284439
MEX3C_RNA,0.07558116316795349
GMPPB_RNA,0.07554090023040771
CD207_RNA,0.07549398392438889
MORN5_RNA,0.07544946670532227
ESPL1_RNA,0.07539352774620056
RWDD1_RNA,0.07539311796426773
AP3S1_RNA,0.07538870722055435
BLOC1S3_RNA,0.07530674338340759
SAP18_RNA,0.07529555261135101
SCML1_RNA,0.07524578273296356
STK19_RNA,0.07523477077484131
KHDRBS3_RNA,0.07522562146186829
TYW1B_RNA,0.0751609280705452
NUDCD2_RNA,0.07513590902090073
ADH7_RNA,0.07502724230289459
BACH1_RNA,0.07502073794603348
GLIS3_RNA,0.07501154392957687
FANCF_RNA,0.07500632852315903
LEO1_RNA,0.07494804263114929
RBM22_RNA,0.0749407634139061
NARS2_RNA,0.07491489499807358
PRKRIP1_RNA,0.07489945739507675
YWHAZ_RNA,0.07486750930547714
ZNF628_RNA,0.07486685365438461
SEC22A_RNA,0.07477349042892456
APOM_RNA,0.07473203539848328
TFEB_RNA,0.0747283324599266
CDC123_RNA,0.07465088367462158
RANBP9_RNA,0.07462654262781143
TPRKB_RNA,0.07457765936851501
RNF121_RNA,0.07456443458795547
RBKS_RNA,0.07443645596504211
NPLOC4_RNA,0.07440129667520523
STYX_RNA,0.07430151849985123
TMEM62_RNA,0.07422446459531784
CER1_RNA,0.07407650351524353
DCAF12_RNA,0.07405948638916016
NME7_RNA,0.07404712587594986
RCC2_RNA,0.07403682172298431
CTNNBL1_RNA,0.07400204241275787
QTRT1_RNA,0.07392624765634537
ACTR1B_RNA,0.07383959740400314
ACSS2_RNA,0.0738016739487648
VTRNA1-1_RNA,0.07378042489290237
ABCD4_RNA,0.07354087382555008
ZDHHC24_RNA,0.07351355999708176
MAOB_RNA,0.07344792038202286
VBP1_RNA,0.07344725728034973
PRKD3_RNA,0.07335194945335388
TMEM67_RNA,0.073346346616745
DCLRE1B_RNA,0.07331720739603043
CHCHD6_RNA,0.07325056940317154
DNAJC19_RNA,0.07322753965854645
CUL1_RNA,0.07317598164081573
PATL1_RNA,0.0731738731265068
TELO2_RNA,0.07315122336149216
CYP26A1_RNA,0.07312365621328354
ALG14_RNA,0.07308189570903778
GRHPR_RNA,0.0730818510055542
MIR152_RNA,0.07301770150661469
HS3ST1_RNA,0.07298709452152252
FGD2_RNA,0.0728842243552208
MPP1_RNA,0.07284914702177048
LRFN3_RNA,0.07279381901025772
MPZL3_RNA,0.07267596572637558
TSN_RNA,0.07263131439685822
FPGT_RNA,0.07257845997810364
FAHD2A_RNA,0.07255513221025467
LSG1_RNA,0.07247885316610336
PTGIS_RNA,0.07244452834129333
UPRT_RNA,0.0724327340722084
TMLHE_RNA,0.07243272662162781
UIMC1_RNA,0.07239184528589249
FAM78A_RNA,0.07238542288541794
NCL_RNA,0.0722704753279686
DCBLD1_RNA,0.07220513373613358
LPAR1_RNA,0.07219165563583374
SYF2_RNA,0.07203823328018188
SMYD3_RNA,0.07203350961208344
URB2_RNA,0.072029009461402893
SYNC_RNA,0.07196784019470215
AP3B1_RNA,0.07196322828531265
ZNF280A_RNA,0.0719401091337204
VDAC2_RNA,0.0718865618109703
FZD8_RNA,0.07184062153100967
AGFG2_RNA,0.07182418555021286
RAD23B_RNA,0.07181472331285477
NFATC2_RNA,0.07180099189281464
ZDHHC3_RNA,0.0717601478099823
CD244_RNA,0.07159140706062317
SCMH1_RNA,0.07153218239545822
ACP1_RNA,0.0715252235531807
RBM18_RNA,0.07151815295219421
HNF4G_RNA,0.07143647968769073
MRPS27_RNA,0.07140669226646423
BTN3A3_RNA,0.07137422263622284
CLRN1_RNA,0.07136998325586319
ARHGAP27_RNA,0.07132319360971451
CNOT3_RNA,0.07130308449268341
PPP2CB_RNA,0.07123740762472153
TIMM8A_RNA,0.07119347155094147
MOCS2_RNA,0.07117679715156555
FUNDC1_RNA,0.0711672231554985
GPATCH3_RNA,0.0711137130856514
RNF145_RNA,0.07104193419218063
CCDC33_RNA,0.0710068941116333
TIMELESS_RNA,0.07096056640148163
TATDN3_RNA,0.07074442505836487
ARRDC4_RNA,0.07072679698467255
TMEM185A_RNA,0.07064758241176605
BTG2_RNA,0.07064064592123032
C2orf42_RNA,0.07056386023759842
RNF10_RNA,0.07053972780704498
CDK9_RNA,0.07053617388010025
FEZ2_RNA,0.07051520049571991
CFB_RNA,0.07043442130088806
C6orf47_RNA,0.07039190828800201
COX16_RNA,0.07030677795410156
NUP205_RNA,0.07028339058160782
EXO1_RNA,0.07020296901464462
MYO1E_RNA,0.07007208466529846
DDX21_RNA,0.07006248086690903
ANGPTL6_RNA,0.07004294544458389
SRF_RNA,0.07002318650484085
EEF2K_RNA,0.06989342719316483
IARS2_RNA,0.06988953799009323
LRCH4_RNA,0.06984038650989532
EFHD2_RNA,0.06979367882013321
HSPB2_RNA,0.06978204101324081
ZNF77_RNA,0.06974499672651291
ZNF267_RNA,0.06971844285726547
GALK2_RNA,0.06971443444490433
EPHA1_RNA,0.0696636363863945
NAT9_RNA,0.06961862742900848
IFI44_RNA,0.06959138810634613
PIGB_RNA,0.06955160200595856
NUP188_RNA,0.06950508058071136
PRSS21_RNA,0.06946327537298203
SENP3_RNA,0.06945083290338516
IRF8_RNA,0.0693204402923584
HEXIM1_RNA,0.06925740838050842
GATAD1_RNA,0.06919427961111069
EFHC1_RNA,0.0691833570599556
MIR221_RNA,0.06915242224931717
BCDIN3D_RNA,0.06914486736059189
HYOU1_RNA,0.069070003926754
CHCHD4_RNA,0.0690484270453453
SKI_RNA,0.06904786825180054
HDDC3_RNA,0.0690271183848381
C19orf44_RNA,0.06900113075971603
EIF2AK3_RNA,0.06891998648643494
SRP9_RNA,0.06891051679849625
KCTD21_RNA,0.06889867037534714
PREP_RNA,0.06889510899782181
FKBP15_RNA,0.06882689893245697
ZNF266_RNA,0.06882593035697937
AATF_RNA,0.06882019340991974
ZNF282_RNA,0.06881912052631378
VKORC1L1_RNA,0.06875208765268326
RAB33B_RNA,0.06873165816068649
HIGD1A_RNA,0.06872826814651489
PIM2_RNA,0.06867501139640808
STIL_RNA,0.06857101619243622
PSORS1C2_RNA,0.06856042146682739
RPP38_RNA,0.0685056746006012
HSPBAP1_RNA,0.06847696751356125
LMNB2_RNA,0.0683530792593956
SMARCA1_RNA,0.06835290044546127
ATP6V1E1_RNA,0.0683315321803093
CETP_RNA,0.06827571243047714
CAMLG_RNA,0.06822783499956131
IRS2_RNA,0.0682218000292778
FABP4_RNA,0.06820903718471527
RAB36_RNA,0.06819513440132141
ACAT1_RNA,0.06818370521068573
SHC4_RNA,0.06816800683736801
PHF11_RNA,0.06815782934427261
ITLN1_RNA,0.06814783811569214
ERN1_RNA,0.06813877075910568
ROR1_RNA,0.06811542809009552
ART5_RNA,0.06806380301713943
SLC24A1_RNA,0.06801915168762207
FBXL8_RNA,0.06798766553401947
KCTD5_RNA,0.06796566396951675
ZC3H15_RNA,0.0679333433508873
DDX10_RNA,0.06790774315595627
EXOSC2_RNA,0.0678185522556305
ALG6_RNA,0.06781376898288727
GALNT4_RNA,0.0677959993481636
SPTLC3_RNA,0.06778992712497711
OSGIN1_RNA,0.06776314228773117
BLOC1S2_RNA,0.06776106357574463
CCPG1_RNA,0.06775109469890594
RAB10_RNA,0.06774332374334335
WASF2_RNA,0.06771082431077957
PIGH_RNA,0.06769075244665146
UBXN2A_RNA,0.06768286228179932
GDPD2_RNA,0.06759591400623322
CPNE2_RNA,0.06756064295768738
APOO_RNA,0.06751162558794022
MYNN_RNA,0.06747642159461975
REXO4_RNA,0.06739816069602966
TAX1BP3_RNA,0.06739207357168198
TBC1D2_RNA,0.06736002117395401
FUZ_RNA,0.06729523837566376
INPPL1_RNA,0.06721508502960205
HPS5_RNA,0.06720168888568878
ECHDC1_RNA,0.06714340299367905
ZNF93_RNA,0.06708598136901855
XRCC5_RNA,0.06702914088964462
RNF13_RNA,0.06701801717281342
MRPS5_RNA,0.06697586178779602
FBLN1_RNA,0.06696672737598419
WFDC2_RNA,0.06686636805534363
PMEPA1_RNA,0.06683430075645447
TRAF3IP3_RNA,0.06681230664253235
PSD4_RNA,0.06675922870635986
MBNL3_RNA,0.06659011542797089
IP6K2_RNA,0.06658894568681717
ARNT_RNA,0.06652942299842834
PIF1_RNA,0.06652719527482986
CCDC69_RNA,0.06643083691596985
TOMM34_RNA,0.06638562679290771
CDC16_RNA,0.06632571667432785
U2AF2_RNA,0.06631176918745041
SEC24A_RNA,0.06623206287622452
DYNLRB1_RNA,0.0661953017115593
KCTD10_RNA,0.06612131744623184
IRF2BP1_RNA,0.06608270108699799
ZMYND12_RNA,0.06607716530561447
PNPT1_RNA,0.06606527417898178
MYH8_RNA,0.06604127585887909
PRG4_RNA,0.06604086607694626
NDUFV3_RNA,0.06603249907493591
PRRC1_RNA,0.06590946763753891
ANKRD49_RNA,0.06583791226148605
PGAM1_RNA,0.06579741090536118
SRP54_RNA,0.06573720276355743
DCUN1D3_RNA,0.06568066030740738
DDX19A_RNA,0.0656631588935852
NGLY1_RNA,0.06561458110809326
GNPNAT1_RNA,0.06558353453874588
NCAPH2_RNA,0.0655478984117508
CCDC22_RNA,0.06552386283874512
STK25_RNA,0.06540847569704056
CCDC8_RNA,0.0653860867023468
MT1F_RNA,0.06535401195287704
CCDC25_RNA,0.06532415002584457
IDH3B_RNA,0.06527204066514969
YY1AP1_RNA,0.06526091694831848
PDE4B_RNA,0.06504691392183304
LRRCC1_RNA,0.06500843912363052
NLRX1_RNA,0.06499078124761581
LAMB4_RNA,0.06491214036941528
TINAGL1_RNA,0.06488067656755447
TXNRD1_RNA,0.06488064676523209
AMFR_RNA,0.06487145274877548
CA2_RNA,0.06487125158309937
SARDH_RNA,0.0648321658372879
LIPG_RNA,0.06478084623813629
GTF2E1_RNA,0.06475338339805603
STOML3_RNA,0.06468603760004044
TADA1_RNA,0.06468024849891663
RIOK2_RNA,0.06460768729448318
SLC9A1_RNA,0.06458548456430435
SF3A1_RNA,0.06455856561660767
IL7_RNA,0.0644976943731308
PLEKHN1_RNA,0.06448619812726974
CIAO1_RNA,0.06443983316421509
GLCE_RNA,0.06443096697330475
ING2_RNA,0.06441659480333328
MIS12_RNA,0.06437355279922485
SERPINA6_RNA,0.06437195092439651
SLC38A6_RNA,0.06434904783964157
CCL22_RNA,0.06432660669088364
CDK4_RNA,0.06423040479421616
KRT36_RNA,0.06419826298952103
FBN1_RNA,0.06417018920183182
SMNDC1_RNA,0.06411629170179367
ASTE1_RNA,0.06411167234182358
RNF166_RNA,0.06408286839723587
PIK3R6_RNA,0.06403111666440964
MED26_RNA,0.06387308239936829
TBC1D8_RNA,0.06383931636810303
SLC34A2_RNA,0.06382565200328827
HOXA7_RNA,0.06375529617071152
VRK1_RNA,0.06374920159578323
FCRL5_RNA,0.0636451318860054
ACOT13_RNA,0.06362449377775192
DHX8_RNA,0.06360503286123276
DCTN6_RNA,0.06358431279659271
CUEDC2_RNA,0.06357881426811218
FRMD3_RNA,0.06355857104063034
HIVEP3_RNA,0.06352408975362778
FOXD1_RNA,0.06350790709257126
SLC25A13_RNA,0.06347974389791489
IMMT_RNA,0.06345615535974503
CSTF2_RNA,0.06329848617315292
DNAJC25_RNA,0.06329046934843063
POM121C_RNA,0.06317932903766632
GLI2_RNA,0.06317197531461716
SBSN_RNA,0.06312292814254761
PARP16_RNA,0.06311535835266113
PERP_RNA,0.06308743357658386
TAF1A_RNA,0.06303585320711136
CHMP1B_RNA,0.06302224844694138
VAX2_RNA,0.06290815025568008
LTV1_RNA,0.06274888664484024
TSPAN14_RNA,0.0627448782324791
FUT7_RNA,0.0627223551273346
AHSA1_RNA,0.06271149218082428
SNHG11_RNA,0.06270522624254227
GSN_RNA,0.0626988410949707
PYY_RNA,0.06254013627767563
STAC_RNA,0.06252101808786392
SGCB_RNA,0.06250905990600586
DVL2_RNA,0.0624704509973526
APOL2_RNA,0.062468044459819794
PRKACA_RNA,0.062404464930295944
MTRR_RNA,0.062374211847782135
ZBTB45_RNA,0.062352925539016724
CCNYL1_RNA,0.06234170123934746
PMPCB_RNA,0.06230107694864273
RACGAP1_RNA,0.062279533594846725
TRMU_RNA,0.062156159430742264
KRT6A_RNA,0.062126632779836655
SPACA3_RNA,0.06208345666527748
VGLL3_RNA,0.062080852687358856
ME2_RNA,0.06207246333360672
ELOVL6_RNA,0.06205780804157257
MRPS16_RNA,0.06200064718723297
CD5_RNA,0.06197134777903557
KPTN_RNA,0.061928797513246536
MS4A3_RNA,0.06189211830496788
RETSAT_RNA,0.0618908666074276
GTF3C5_RNA,0.061889972537755966
SLC19A1_RNA,0.061871662735939026
PYGO2_RNA,0.06186947971582413
TMEM87A_RNA,0.06186326593160629
CC2D1A_RNA,0.06185478717088699
COPA_RNA,0.06183062121272087
RNF14_RNA,0.06181996688246727
MATN4_RNA,0.061818528920412064
RSPRY1_RNA,0.061747945845127106
FIP1L1_RNA,0.061733178794384
TBCCD1_RNA,0.06172703579068184
GPR31_RNA,0.06171683594584465
MTPN_RNA,0.0616774708032608
SLC12A9_RNA,0.06159891188144684
IL17RE_RNA,0.06157398596405983
ADM2_RNA,0.06156996637582779
TCF7L1_RNA,0.061519473791122437
UBE2D2_RNA,0.06149429455399513
AMMECR1_RNA,0.0614822693169117
PLEKHG6_RNA,0.06147608160972595
WDR5_RNA,0.06144654005765915
GJA5_RNA,0.061440128833055496
ACTL7B_RNA,0.06136785075068474
ATF6_RNA,0.061323072761297226
ZBTB9_RNA,0.06132156029343605
RABGEF1_RNA,0.06122462451457977
SEC23A_RNA,0.06118221580982208
FAT1_RNA,0.06112844496965408
ALDH1A3_RNA,0.06110572814941406
ZNF2_RNA,0.06106540933251381
ELF5_RNA,0.06105602905154228
ASB6_RNA,0.060903094708919525
CLDND2_RNA,0.06085246056318283
ERCC3_RNA,0.060789842158555984
FAIM_RNA,0.060755327343940735
FASTKD3_RNA,0.06074095517396927
TFR2_RNA,0.060723837465047836
COQ9_RNA,0.06059344857931137
USP38_RNA,0.060586441308259964
ZNF358_RNA,0.06056252121925354
SLC25A26_RNA,0.06053038313984871
REG1B_RNA,0.06048693135380745
FOXO1_RNA,0.060464706271886826
COMMD3_RNA,0.06039294973015785
BBS9_RNA,0.06035681068897247
MOCS3_RNA,0.06029039993882179
TSPAN1_RNA,0.060262370854616165
DUSP15_RNA,0.06025734916329384
PPP1R2_RNA,0.06025635823607445
HEATR1_RNA,0.0602327398955822
LEPROTL1_RNA,0.060207534581422806
NUP98_RNA,0.060181476175785065
PTCRA_RNA,0.06017688661813736
DDA1_RNA,0.06015659123659134
BTF3L4_RNA,0.060089293867349625
EIF1B_RNA,0.06008197367191315
BCCIP_RNA,0.06004219502210617
ST7L_RNA,0.06003095954656601
GLRX5_RNA,0.06002066656947136
ADAM33_RNA,0.059931110590696335
SCARB2_RNA,0.05991869419813156
CRLS1_RNA,0.059899311512708664
IKBKG_RNA,0.05978609248995781
UBIAD1_RNA,0.05977791175246239
ZNF598_RNA,0.05977613106369972
VAV3_RNA,0.05970020964741707
GCG_RNA,0.059634752571582794
GRK6_RNA,0.05959043651819229
PPOX_RNA,0.05958741903305054
PAF1_RNA,0.0595521442592144
ITGA2_RNA,0.059544969350099564
IL20RB_RNA,0.05950726196169853
FFAR3_RNA,0.059504035860300064
NEDD1_RNA,0.059499140828847885
PHOX2A_RNA,0.05948897823691368
BTBD2_RNA,0.05947379395365715
SIGLEC8_RNA,0.05938265845179558
NPHP1_RNA,0.05928998440504074
HYAL3_RNA,0.05924132466316223
PTPRU_RNA,0.05915842950344086
NUP210_RNA,0.05912235751748085
OAZ2_RNA,0.059060607105493546
NANP_RNA,0.059002093970775604
SPIB_RNA,0.058982014656066895
UBQLNL_RNA,0.0589694045484066
DOCK8_RNA,0.05894035845994949
FBXO24_RNA,0.05893984064459801
CFDP1_RNA,0.05892631411552429
RHOB_RNA,0.05889403074979782
TRPC4AP_RNA,0.0587645024061203
FKBP3_RNA,0.05874750763177872
ZNF222_RNA,0.0587385892868042
THADA_RNA,0.05870451778173447
B3GALNT2_RNA,0.05869584530591965
UBL7_RNA,0.05865135416388512
RABIF_RNA,0.058636944741010666
ZNF205_RNA,0.058598633855581284
PCYT1A_RNA,0.058591365814208984
MEN1_RNA,0.058497194200754166
SEC11C_RNA,0.05846427008509636
ZNF574_RNA,0.05837658420205116
KIR3DL2_RNA,0.05829166993498802
EXOC4_RNA,0.05824347957968712
TNFAIP1_RNA,0.058214861899614334
YPEL5_RNA,0.05815691873431206
DSTN_RNA,0.058120422065258026
SNTB1_RNA,0.058074433356523514
HSPA9_RNA,0.05805279314517975
JOSD1_RNA,0.05803750082850456
GRPEL2_RNA,0.058026716113090515
CENPH_RNA,0.05798785388469696
TRAT1_RNA,0.057980213314294815
INHBA_RNA,0.05787147209048271
UBE2I_RNA,0.05787115916609764
UBAP2L_RNA,0.05783985182642937
NDUFS7_RNA,0.05782375484704971
CCHCR1_RNA,0.05780328810214996
ST13_RNA,0.057800546288490295
ACBD3_RNA,0.05776645615696907
SORD_RNA,0.05776309221982956
POLR1E_RNA,0.05772864818572998
STX12_RNA,0.05772532895207405
ERAP1_RNA,0.057662952691316605
DSPP_RNA,0.05759909003973007
STK11_RNA,0.057551879435777664
CARD11_RNA,0.05748948082327843
KLHL20_RNA,0.05748850479722023
GXYLT2_RNA,0.057467132806777954
PRMT3_RNA,0.05730341747403145
UBTD2_RNA,0.05728241801261902
ITGAX_RNA,0.05727972835302353
TRAF4_RNA,0.057263705879449844
CNOT10_RNA,0.05723971500992775
RNF139_RNA,0.05713946372270584
PKD2_RNA,0.05710775777697563
B9D1_RNA,0.057105276733636856
DENND3_RNA,0.05707422271370888
ARMCX5_RNA,0.05704817175865173
EHD1_RNA,0.05696966126561165
YTHDF1_RNA,0.056965164840221405
SYNPO_RNA,0.05693993717432022
RNASE10_RNA,0.05693788081407547
SLC17A5_RNA,0.0569009967148304
CTNNBIP1_RNA,0.05688468739390373
CNOT8_RNA,0.056842464953660965
RAG1_RNA,0.056831229478120804
ELAC2_RNA,0.056830234825611115
CHAF1B_RNA,0.056828323751688004
KLRG2_RNA,0.05682496353983879
ZNF777_RNA,0.056629057973623276
CLCA2_RNA,0.05662715435028076
SLC29A3_RNA,0.05661445111036301
LIX1L_RNA,0.0565122589468956
VPS26A_RNA,0.05647019296884537
ZNF683_RNA,0.05645603686571121
DFFB_RNA,0.056426916271448135
CEBPZ_RNA,0.056413717567920685
ANP32A_RNA,0.05632945895195007
S100P_RNA,0.05630478635430336
CACYBP_RNA,0.05624355375766754
HES4_RNA,0.056049883365631104
RAP2B_RNA,0.05597546696662903
TATDN1_RNA,0.05591161921620369
RIN2_RNA,0.05590962991118431
CA13_RNA,0.05590217560529709
RFWD3_RNA,0.05586348846554756
ZNF830_RNA,0.0557309165596962
EIF2A_RNA,0.055662114173173904
KHSRP_RNA,0.05560794472694397
CLIC3_RNA,0.0555914081633091
OSBP2_RNA,0.05558893457055092
HTRA4_RNA,0.055553849786520004
SHROOM2_RNA,0.05553516000509262
POLDIP3_RNA,0.055440980941057205
TMEM127_RNA,0.05543246865272522
TMEM209_RNA,0.05531434342265129
MTHFD1_RNA,0.05524243041872978
CLDN1_RNA,0.05522908270359039
EDC3_RNA,0.05522875860333443
HGSNAT_RNA,0.055175524204969406
GOSR2_RNA,0.05506586655974388
ACOT8_RNA,0.05506458505988121
SDCCAG8_RNA,0.05505280941724777
CDC73_RNA,0.05505089461803436
SNORA5A_RNA,0.05504881590604782
LIPA_RNA,0.05500252544879913
INTS8_RNA,0.05495399609208107
C6orf120_RNA,0.05489254742860794
CCDC40_RNA,0.05486602708697319
NPL_RNA,0.054851461201906204
ATP8B4_RNA,0.05477869510650635
SKP1_RNA,0.05456399917602539
WIPI2_RNA,0.054549749940633774
FFAR2_RNA,0.05450288951396942
SPEF1_RNA,0.054471977055072784
NTN1_RNA,0.05444538965821266
LRRN3_RNA,0.05444123595952988
NAT10_RNA,0.054424989968538284
PPAT_RNA,0.054335273802280426
KBTBD4_RNA,0.0541645847260952
BPHL_RNA,0.054159581661224365
WDR70_RNA,0.05410786718130112
COG2_RNA,0.05402185022830963
EPAS1_RNA,0.05399942398071289
TBC1D8B_RNA,0.05397576093673706
MTX2_RNA,0.05393276363611221
CDH6_RNA,0.05388765037059784
PCCB_RNA,0.053849171847105026
AGT_RNA,0.053814660757780075
SNORA80B_RNA,0.05377167835831642
PICALM_RNA,0.05370057001709938
KRT6B_RNA,0.05368872359395027
SLC25A30_RNA,0.05367719754576683
ACD_RNA,0.0536675788462162
ST3GAL1_RNA,0.053662125021219254
ECD_RNA,0.05366135761141777
GTF2F2_RNA,0.05364317446947098
RSAD1_RNA,0.053593624383211136
PPT2_RNA,0.0535571351647377
USO1_RNA,0.05355609208345413
SLC7A6OS_RNA,0.053543709218502045
KCNK7_RNA,0.05350741744041443
CTSF_RNA,0.053469929844141006
ZNF473_RNA,0.05345039442181587
BAZ1A_RNA,0.05344506725668907
GRTP1_RNA,0.053435198962688446
LCMT2_RNA,0.05340105667710304
PIGK_RNA,0.05339721590280533
MBD3_RNA,0.05339133366942406
LRRC8E_RNA,0.05338702350854874
PPP2R3C_RNA,0.05336013436317444
CCDC70_RNA,0.053324151784181595
TRIM15_RNA,0.05331793054938316
OSCP1_RNA,0.053227875381708145
TREML4_RNA,0.05319427326321602
GSTCD_RNA,0.053110651671886444
CLDN14_RNA,0.053086597472429276
SPRYD4_RNA,0.05304915830492973
KIF7_RNA,0.053045716136693954
LMNB1_RNA,0.05302439630031586
TTC31_RNA,0.05300000682473183
NUB1_RNA,0.052998144179582596
TSEN54_RNA,0.052969176322221756
LRRC18_RNA,0.05295116826891899
PHF1_RNA,0.05294681340456009
LCMT1_RNA,0.052930403500795364
FASLG_RNA,0.05292859673500061
CCDC28A_RNA,0.052917372435331345
TASP1_RNA,0.052915822714567184
MPHOSPH6_RNA,0.05289917439222336
GTF2IRD1_RNA,0.05288104712963104
ZNF530_RNA,0.0528717041015625
CLEC1B_RNA,0.05285285413265228
UBA1_RNA,0.052747055888175964
LBH_RNA,0.05265439674258232
ACAD9_RNA,0.05263436958193779
RPL13P5_RNA,0.052596285939216614
KPNB1_RNA,0.052548445761203766
SPA17_RNA,0.05251462012529373
IFIH1_RNA,0.05251089110970497
HERC5_RNA,0.0524786151945591
MEX3D_RNA,0.052414871752262115
PNPO_RNA,0.05232587084174156
NBN_RNA,0.052300840616226196
ELL3_RNA,0.0521853044629097
CA6_RNA,0.05216680467128754
MDS2_RNA,0.05212965980172157
SLC35A1_RNA,0.05207369849085808
PXMP2_RNA,0.05207260698080063
EZH2_RNA,0.05203501507639885
JPH2_RNA,0.0520268939435482
SRR_RNA,0.05200517922639847
WDR45_RNA,0.05198124796152115
EDEM3_RNA,0.05197737738490105
PI4K2A_RNA,0.05197297781705856
AQP5_RNA,0.051965195685625076
IFITM5_RNA,0.05196153372526169
DOLPP1_RNA,0.05187114328145981
TLR3_RNA,0.05181940644979477
THUMPD3_RNA,0.05179959163069725
TEX19_RNA,0.0517909936606884
RGMA_RNA,0.051761992275714874
RPS6KA4_RNA,0.05169638991355896
RBMX_RNA,0.05155669152736664
TGM7_RNA,0.051540929824113846
XPNPEP1_RNA,0.051504895091056824
TMEM201_RNA,0.05150268226861954
ZNF513_RNA,0.051366548985242844
CD2BP2_RNA,0.051355212926864624
DDX50_RNA,0.0512891486287117
PRDM13_RNA,0.05123646557331085
IL22RA2_RNA,0.051233891397714615
GTF2F1_RNA,0.051221366971731186
GDE1_RNA,0.051216501742601395
HOXB1_RNA,0.0511656254529953
CTPS2_RNA,0.0511111356317997
ST7_RNA,0.05110974237322807
SLC35B3_RNA,0.051085010170936584
FBXL6_RNA,0.0510392040014267
ACTBL2_RNA,0.050953760743141174
MIOS_RNA,0.050945721566677094
KLK1_RNA,0.05094096064567566
PGRMC2_RNA,0.05092886462807655
CCDC159_RNA,0.050861358642578125
ENOX2_RNA,0.050830788910388947
UBE2J1_RNA,0.05081755667924881
MYLK2_RNA,0.05080869048833847
MPPE1_RNA,0.05078231543302536
ARHGAP24_RNA,0.05076782777905464
XAB2_RNA,0.05072879046201706
RAB11FIP1_RNA,0.050692688673734665
CEACAM3_RNA,0.05067136138677597
KCTD3_RNA,0.050670795142650604
TDRD7_RNA,0.05066883563995361
TIGD6_RNA,0.05065673217177391
CEPT1_RNA,0.05065145716071129
ECSIT_RNA,0.05064656585454941
TM6SF1_RNA,0.050645872950553894
CDC23_RNA,0.05062440410256386
FOXL1_RNA,0.05060458928346634
SLC2A7_RNA,0.05058441683650017
KIF18B_RNA,0.05054435878992081
GEMIN5_RNA,0.05042729899287224
RAD51C_RNA,0.05038486048579216
SIRPD_RNA,0.05024087429046631
TRIM69_RNA,0.050167884677648544
ANO10_RNA,0.05016453564167023
EPN1_RNA,0.05012314394116402
AKT1_RNA,0.0501045398414135
CCDC42_RNA,0.05001601204276085
ZW10_RNA,0.0499739944934845
TYK2_RNA,0.049936842173337936
IL20_RNA,0.049933914095163345
DOCK11_RNA,0.04990476742386818
RELL1_RNA,0.049866218119859695
TMEM129_RNA,0.0498289093375206
FKBP4_RNA,0.04982804134488106
THOP1_RNA,0.049796268343925476
UACA_RNA,0.04977776110172272
TMEM41A_RNA,0.04975308105349541
MKS1_RNA,0.049720484763383865
INSL3_RNA,0.04968446120619774
PPP4R1_RNA,0.049678854644298553
SPATA24_RNA,0.049677301198244095
UBR7_RNA,0.049553439021110535
FMO1_RNA,0.04952891543507576
ESYT2_RNA,0.049511902034282684
ACAA2_RNA,0.04949358478188515
RAB14_RNA,0.04948810860514641
GAS1_RNA,0.049476753920316696
ZNF3_RNA,0.049467120319604874
RNF8_RNA,0.0494464747607708
C4orf46_RNA,0.049334898591041565
MRPL30_RNA,0.049330517649650574
PLAG1_RNA,0.04931383952498436
MCM2_RNA,0.04929429292678833
FMO3_RNA,0.04928617924451828
TNPO3_RNA,0.049267131835222244
CLDN2_RNA,0.04925362765789032
TRAF5_RNA,0.04923668131232262
OGFR_RNA,0.049214236438274384
PRMT2_RNA,0.04905719682574272
UBE3C_RNA,0.04902789369225502
REEP3_RNA,0.04898429661989212
HARS2_RNA,0.04897719994187355
RNF138_RNA,0.04897323623299599
SART1_RNA,0.048972394317388535
CEBPG_RNA,0.04897112026810646
ANKRD13D_RNA,0.0489562526345253
CEBPE_RNA,0.04895620420575142
S100B_RNA,0.048894066363573074
SIGLEC11_RNA,0.04880012199282646
DYNLT3_RNA,0.04877535626292229
CWF19L1_RNA,0.04876597598195076
C9orf78_RNA,0.04876578971743584
SNX12_RNA,0.048747144639492035
PODN_RNA,0.04874120280146599
CHRNB4_RNA,0.048615626990795135
CHERP_RNA,0.048593487590551376
OAS3_RNA,0.04856261983513832
IGF2R_RNA,0.04849034920334816
SLC4A1_RNA,0.0484306775033474
ATG12_RNA,0.04837179556488991
INTS7_RNA,0.04835641756653786
HSD17B12_RNA,0.04831935092806816
PEX16_RNA,0.048300620168447495
ANKRD10_RNA,0.048227764666080475
SLC27A5_RNA,0.04807933047413826
TMEM167B_RNA,0.04790021851658821
ACTR10_RNA,0.047890957444906235
NOC3L_RNA,0.04789023473858833
COIL_RNA,0.04782387986779213
RABEP2_RNA,0.04779590666294098
ZNF16_RNA,0.047778598964214325
TTC12_RNA,0.047764889895915985
LBR_RNA,0.047709718346595764
CD80_RNA,0.04768839478492737
RAB23_RNA,0.04768376052379608
PIGN_RNA,0.04766080528497696
CDCA7L_RNA,0.047606825828552246
NUDT17_RNA,0.047594424337148666
CHRNE_RNA,0.04756920412182808
PANK4_RNA,0.0474998913705349
TRA2A_RNA,0.04746071621775627
NTF4_RNA,0.04744170978665352
AOC3_RNA,0.04742817208170891
LYSMD1_RNA,0.047414593398571014
C11orf54_RNA,0.047412849962711334
GLUL_RNA,0.047397345304489136
C1orf226_RNA,0.04735390841960907
FGD3_RNA,0.04732676222920418
PLCB2_RNA,0.04730304703116417
ATP6V0D1_RNA,0.04722337797284126
VPS16_RNA,0.047214020043611526
DCTN4_RNA,0.04720279574394226
ULK4_RNA,0.04718778654932976
CD19_RNA,0.047166917473077774
HNRNPUL1_RNA,0.04713943600654602
ARMCX2_RNA,0.047081153839826584
API5_RNA,0.0470760315656662
SIGLEC16_RNA,0.047019120305776596
CIR1_RNA,0.04701249301433563
INPP5K_RNA,0.046974532306194305
MIR574_RNA,0.04695868119597435
PPID_RNA,0.04689618945121765
INTS4_RNA,0.0468713641166687
EXT1_RNA,0.04687023162841797
RASD1_RNA,0.04685112461447716
MED22_RNA,0.04683610424399376
AP1M1_RNA,0.04679419845342636
C19orf47_RNA,0.04678938910365105
NRN1_RNA,0.046656183898448944
GJC1_RNA,0.04665392264723778
BEND5_RNA,0.04659738019108772
HACL1_RNA,0.046558935195207596
OCIAD1_RNA,0.04653171822428703
ELMOD3_RNA,0.04650343954563141
NCAPD2_RNA,0.04645462706685066
PDCD2_RNA,0.04644809663295746
RAB4A_RNA,0.04640717804431915
PLAC1_RNA,0.04638894274830818
LGALS2_RNA,0.04637353494763374
LPCAT2_RNA,0.04636363685131073
IRGM_RNA,0.0463351272046566
ENO3_RNA,0.04629706218838692
RBM46_RNA,0.04625924676656723
FBXO46_RNA,0.04608317092061043
NUDT15_RNA,0.046048302203416824
MYO9B_RNA,0.04601949080824852
RNF41_RNA,0.045998454093933105
PPP2R1A_RNA,0.04594680666923523
SLC35E1_RNA,0.04594257473945618
AXIN1_RNA,0.04590882733464241
RBBP9_RNA,0.04590584710240364
PLSCR2_RNA,0.045833759009838104
AMDHD2_RNA,0.04580603912472725
SHISA4_RNA,0.04580020159482956
PITPNB_RNA,0.04579905420541763
FAM117A_RNA,0.04573212191462517
ATXN10_RNA,0.04572536051273346
CPXCR1_RNA,0.04571709781885147
SEC23IP_RNA,0.04566434770822525
TOP2A_RNA,0.04559820890426636
OSBPL9_RNA,0.04537050053477287
TMX3_RNA,0.045300379395484924
CIITA_RNA,0.045292533934116364
TRMT12_RNA,0.04527373984456062
SNAP47_RNA,0.045267555862665176
SLC26A6_RNA,0.0452020987868309
THEM4_RNA,0.04513676464557648
CTSG_RNA,0.04510730877518654
ALX1_RNA,0.04508735612034798
NDUFS2_RNA,0.04502012953162193
NUMB_RNA,0.045008037239313126
XRCC4_RNA,0.044985100626945496
DLAT_RNA,0.044977135956287384
FGG_RNA,0.044949036091566086
TARS2_RNA,0.0449368916451931
CCR8_RNA,0.04492899775505066
TTLL12_RNA,0.04492451250553131
NVL_RNA,0.044912103563547134
BTN2A1_RNA,0.04490998014807701
TBC1D22B_RNA,0.044819049537181854
ZNF552_RNA,0.044817544519901276
RMI1_RNA,0.0447717159986496
RNF216_RNA,0.04473254457116127
TMEM117_RNA,0.04469883814454079
BAG2_RNA,0.0446908213198185
PTPN14_RNA,0.04463690146803856
TXNL1_RNA,0.04443956911563873
BCL2L11_RNA,0.04442014545202255
TMEM105_RNA,0.044414643198251724
GPR156_RNA,0.044377077370882034
SNED1_RNA,0.044337332248687744
MEPCE_RNA,0.044215425848960876
FAM110A_RNA,0.04418281465768814
PPEF1_RNA,0.04414159804582596
MARS2_RNA,0.04410991817712784
MUCL1_RNA,0.044032782316207886
DNAJC3_RNA,0.04399754852056503
AGXT_RNA,0.04395521804690361
ABL1_RNA,0.04385747015476227
SOST_RNA,0.04382990300655365
TLR6_RNA,0.04379301145672798
BCL2L13_RNA,0.043706901371479034
ABCB10_RNA,0.04365971311926842
UBE2H_RNA,0.04360923916101456
NAP1L4_RNA,0.04360610619187355
GTPBP8_RNA,0.04360513016581535
ACSM3_RNA,0.04356846958398819
DBX2_RNA,0.0434894785284996
DONSON_RNA,0.04348256438970566
ARSB_RNA,0.04345770925283432
MYO7A_RNA,0.04340384900569916
MYL10_RNA,0.043395835906267166
DNAJC10_RNA,0.04339168593287468
ANKRD33_RNA,0.04329962283372879
KLHL21_RNA,0.04326658323407173
TREML1_RNA,0.043237969279289246
GRINA_RNA,0.04321796074509621
TRIM11_RNA,0.04316921904683113
ZNF207_RNA,0.04314474016427994
NR2F2_RNA,0.04314074665307999
CWH43_RNA,0.043121643364429474
FMNL3_RNA,0.04306347295641899
OSBPL11_RNA,0.04301895201206207
MVK_RNA,0.04287988692522049
RHOQ_RNA,0.042792677879333496
ZNF502_RNA,0.04278171434998512
DDX52_RNA,0.042733084410429
C3orf33_RNA,0.04266977310180664
JAM2_RNA,0.04250503331422806
TCP1_RNA,0.04249483719468117
ANKLE2_RNA,0.04249473661184311
RASSF8_RNA,0.04247665032744408
FHAD1_RNA,0.04245708882808685
CD6_RNA,0.04239407181739807
PON2_RNA,0.04237464815378189
FDFT1_RNA,0.04233982041478157
SAMD9L_RNA,0.042286381125450134
BECN1_RNA,0.04224441200494766
ASB7_RNA,0.042186934500932693
C1orf127_RNA,0.042170945554971695
MAX_RNA,0.0421416200697422
RIBC1_RNA,0.04213622212409973
PLXDC2_RNA,0.04203584045171738
FANCI_RNA,0.0420345775783062
MANEA_RNA,0.04201573505997658
PIGW_RNA,0.04197196289896965
CLDN5_RNA,0.04195385426282883
LMCD1_RNA,0.04188395291566849
ISCU_RNA,0.04182262718677521
SEL1L3_RNA,0.04178918898105621
WNT6_RNA,0.041775207966566086
PSMD12_RNA,0.04174179956316948
TRMT61A_RNA,0.041739534586668015
KRTAP1-5_RNA,0.0417221263051033
MYOZ2_RNA,0.04171274974942207
PELI1_RNA,0.04169931635260582
PEX7_RNA,0.0416942797601223
GSTM3_RNA,0.0416477732360363
SIGLEC15_RNA,0.041626010090112686
ZNF765_RNA,0.04157527908682823
CRNN_RNA,0.041545137763023376
USP29_RNA,0.04147820547223091
NME2_RNA,0.04140888899564743
ISLR_RNA,0.04138465225696564
EGLN3_RNA,0.04136424511671066
CD46_RNA,0.04130946844816208
CD209_RNA,0.041309017688035965
MTCH1_RNA,0.0413067527115345
TRAFD1_RNA,0.041256967931985855
SEMA7A_RNA,0.04124939441680908
CTDP1_RNA,0.04120023921132088
DENR_RNA,0.04118334874510765
PNPLA8_RNA,0.041115786880254745
CDK6_RNA,0.04108810052275658
SMPD4_RNA,0.041086845099925995
ORMDL1_RNA,0.04104786366224289
ZBTB22_RNA,0.041043978184461594
MRPS9_RNA,0.04103648662567139
RAB12_RNA,0.040990859270095825
MTIF3_RNA,0.04098796471953392
ZBTB2_RNA,0.040933795273303986
TFAP2C_RNA,0.04090222343802452
SNX21_RNA,0.040801335126161575
MAF_RNA,0.04078000783920288
TMEM168_RNA,0.040746334940195084
HIPK3_RNA,0.040734920650720596
AFMID_RNA,0.04073043912649155
LGALS8_RNA,0.04072238504886627
AAAS_RNA,0.040631089359521866
KHDRBS1_RNA,0.04062027484178543
VTRNA1-3_RNA,0.040603797882795334
PHYH_RNA,0.04045511409640312
PAPLN_RNA,0.04040663689374924
EBAG9_RNA,0.040386080741882324
TUT1_RNA,0.040375057607889175
TMEM164_RNA,0.04032828286290169
SDAD1_RNA,0.040324218571186066
TRIM35_RNA,0.04029926285147667
JAG1_RNA,0.04028913378715515
UBAP1_RNA,0.040259260684251785
PPFIBP2_RNA,0.04024820029735565
NDP_RNA,0.040243156254291534
TTK_RNA,0.04022254794836044
HINFP_RNA,0.04020571708679199
CCR6_RNA,0.040204256772994995
REG1A_RNA,0.040185168385505676
VPS33A_RNA,0.04015650972723961
MRRF_RNA,0.040116287767887115
PABPC4L_RNA,0.040055304765701294
PTPRE_RNA,0.04004005715250969
GNLY_RNA,0.040035586804151535
POLRMT_RNA,0.040031060576438904
CCIN_RNA,0.040024664252996445
SPIN2B_RNA,0.04002440348267555
DYNC1I2_RNA,0.039960604161024094
PPP2CA_RNA,0.039950091391801834
IDO2_RNA,0.03990371525287628
PIGF_RNA,0.0398532934486866
MCM10_RNA,0.03985249251127243
ZNF613_RNA,0.03978714346885681
ZC3HAV1_RNA,0.03977629914879799
TCEAL1_RNA,0.039760179817676544
AGPAT1_RNA,0.039709869772195816
LSM14A_RNA,0.039707791060209274
DCTN2_RNA,0.03967510536313057
MX1_RNA,0.039663344621658325
PHTF2_RNA,0.03963622823357582
AQP10_RNA,0.039611611515283585
RDH14_RNA,0.0395936518907547
FOXI1_RNA,0.03957700729370117
ACAT2_RNA,0.03940653055906296
TPH1_RNA,0.039392776787281036
FAM111B_RNA,0.039392419159412384
AMD1_RNA,0.03932955488562584
C2orf66_RNA,0.03930628299713135
ZNF558_RNA,0.03924914449453354
ZFAND1_RNA,0.03924749046564102
SLC16A12_RNA,0.03918656334280968
STARD10_RNA,0.03906455263495445
ZMAT2_RNA,0.03898080438375473
OSGEP_RNA,0.03886439651250839
TSPAN2_RNA,0.03885404020547867
HS6ST2_RNA,0.038789376616477966
OR52E2_RNA,0.03878045082092285
TSNAX-DISC1_RNA,0.03875867277383804
SNIP1_RNA,0.03875568509101868
MCM4_RNA,0.03874410688877106
MYOM3_RNA,0.03855090215802193
KRI1_RNA,0.03853446617722511
RNASEK_RNA,0.0385252982378006
GPI_RNA,0.03852437436580658
MBOAT7_RNA,0.03849330171942711
CHD4_RNA,0.038455910980701447
CCL17_RNA,0.03843344375491142
ADCK5_RNA,0.038361888378858566
TESK1_RNA,0.038357991725206375
CHST13_RNA,0.03831476345658302
LTK_RNA,0.03829808160662651
DHX34_RNA,0.03818567097187042
IGSF6_RNA,0.03815826028585434
ZNF35_RNA,0.03814169019460678
FASTKD2_RNA,0.03812965750694275
EIF3J_RNA,0.03812699764966965
LIN9_RNA,0.038105882704257965
SLC16A5_RNA,0.03802650049328804
EIF4E_RNA,0.03802015632390976
MBIP_RNA,0.037965089082717896
NLN_RNA,0.03788760304450989
ZNF7_RNA,0.03786191716790199
DNAJA2_RNA,0.037817999720573425
C9orf40_RNA,0.037804700434207916
LRFN4_RNA,0.03779234737157822
UBE2G1_RNA,0.0377286821603775
HSDL2_RNA,0.037716835737228394
RAB28_RNA,0.037674471735954285
WDR72_RNA,0.03764195740222931
TSPAN3_RNA,0.03760075196623802
TUBGCP2_RNA,0.03751453384757042
RAB11A_RNA,0.03738822415471077
FIZ1_RNA,0.037367645651102066
NR1I2_RNA,0.03728519380092621
GTF3C3_RNA,0.03727928176522255
CCDC63_RNA,0.03719806671142578
HAP1_RNA,0.03717241808772087
BCORL1_RNA,0.03707585856318474
BDH2_RNA,0.037031471729278564
CRTC3_RNA,0.036998484283685684
ARFRP1_RNA,0.03695733845233917
SH3BP2_RNA,0.03694838285446167
CORO2B_RNA,0.03692934289574623
KRT15_RNA,0.03672461956739426
SLC26A11_RNA,0.03670922666788101
GDF5_RNA,0.03654548525810242
TBC1D16_RNA,0.03653111308813095
BCAR1_RNA,0.03650990128517151
SEL1L2_RNA,0.03646983578801155
RAB3GAP2_RNA,0.036468662321567535
MMP25_RNA,0.036405425518751144
ZNF200_RNA,0.036367177963256836
PIK3CD_RNA,0.036364179104566574
CAD_RNA,0.03635149076581001
STRN4_RNA,0.036349546164274216
AGR3_RNA,0.03633124753832817
FAM89A_RNA,0.036293499171733856
BCL6_RNA,0.03627021238207817
SPESP1_RNA,0.03626846522092819
NAPA_RNA,0.036264143884181976
ORMDL3_RNA,0.03618187457323074
RAB3D_RNA,0.03611370548605919
ELF2_RNA,0.036108147352933884
EIF2B5_RNA,0.03609040006995201
ACADM_RNA,0.036041099578142166
NAB1_RNA,0.03603653982281685
GSX2_RNA,0.03603194281458855
KRT85_RNA,0.03600656986236572
IPO7_RNA,0.035949721932411194
EXOSC10_RNA,0.03591814264655113
CHST11_RNA,0.03582075238227844
WDR24_RNA,0.035762760788202286
C1orf52_RNA,0.03574178367853165
C6orf118_RNA,0.03572447970509529
PRDM5_RNA,0.03565644472837448
VCP_RNA,0.035636551678180695
SETMAR_RNA,0.035588525235652924
MSRB2_RNA,0.035562802106142044
DDX1_RNA,0.03542035073041916
TSSK6_RNA,0.0353875569999218
HELQ_RNA,0.03537411615252495
RPL7L1_RNA,0.03533081337809563
MMP12_RNA,0.03531724214553833
EIF4B_RNA,0.035313405096530914
BCAR3_RNA,0.03528548404574394
PRPF19_RNA,0.035271212458610535
SLC6A18_RNA,0.035248398780822754
METTL4_RNA,0.03516927361488342
IL4_RNA,0.035103753209114075
KDSR_RNA,0.03502138704061508
IFITM4P_RNA,0.03502046689391136
ZNF79_RNA,0.035017214715480804
STX2_RNA,0.034930091351270676
ACO1_RNA,0.03489064425230026
COG4_RNA,0.03488468751311302
TRA2B_RNA,0.034852247685194016
CCDC126_RNA,0.03483113273978233
RABGGTB_RNA,0.03482288867235184
GPBP1L1_RNA,0.0348135307431221
PADI1_RNA,0.034794606268405914
GNB1_RNA,0.03477402403950691
PRDM14_RNA,0.03475930914282799
ACSL4_RNA,0.034758396446704865
STAT1_RNA,0.03460526466369629
PRPF38A_RNA,0.0345311239361763
MPHOSPH10_RNA,0.034509219229221344
UEVLD_RNA,0.03449229151010513
COX11_RNA,0.03440570831298828
CHMP2B_RNA,0.03437415882945061
SNX16_RNA,0.03435080125927925
PAIP2_RNA,0.03429815545678139
ZNF22_RNA,0.034276507794857025
AURKC_RNA,0.03425958380103111
ABCF1_RNA,0.034232113510370255
SMARCD3_RNA,0.03421992436051369
TDP1_RNA,0.03413756564259529
SYMPK_RNA,0.03408072888851166
CERCAM_RNA,0.03406976908445358
NSUN2_RNA,0.03405784070491791
ZNF114_RNA,0.03400633856654167
SLC47A1_RNA,0.03398873284459114
NOL6_RNA,0.03398521989583969
PRKRA_RNA,0.03396539017558098
DTD1_RNA,0.03391599282622337
CAPRIN1_RNA,0.03385526314377785
EIF5B_RNA,0.0338260643184185
AR_RNA,0.033781930804252625
OLFM2_RNA,0.03368368372321129
SNX10_RNA,0.03366672620177269
DPY19L4_RNA,0.033517226576805115
SEC14L4_RNA,0.033352237194776535
CHST4_RNA,0.03334490582346916
TRIM61_RNA,0.033320385962724686
NSMCE4A_RNA,0.033290766179561615
SLC36A1_RNA,0.033279579132795334
TBC1D25_RNA,0.033265601843595505
VAC14_RNA,0.033247772604227066
HNRNPM_RNA,0.03314904496073723
SH2D3A_RNA,0.03312942013144493
MYO19_RNA,0.03312511742115021
ZSWIM3_RNA,0.03309625759720802
USP21_RNA,0.033005472272634506
ATP12A_RNA,0.033003807067871094
PNRC2_RNA,0.03294888511300087
KLF1_RNA,0.03283287212252617
ZFP64_RNA,0.0326077863574028
SIKE1_RNA,0.032595761120319366
TCF7_RNA,0.03259069845080376
C16orf74_RNA,0.03258321061730385
DUSP2_RNA,0.0325658917427063
SYPL2_RNA,0.03253234922885895
TMEM140_RNA,0.03253106772899628
SNX4_RNA,0.03252469003200531
S100PBP_RNA,0.0325111523270607
ADAM10_RNA,0.032510869204998016
ENDOD1_RNA,0.03249797597527504
CCDC115_RNA,0.03249579295516014
KAT5_RNA,0.03249199315905571
FKBP2_RNA,0.03246741369366646
GTPBP10_RNA,0.03245699778199196
IK_RNA,0.03242729231715202
GTSF1L_RNA,0.03238886222243309
ZSCAN21_RNA,0.03238314390182495
FSIP1_RNA,0.032367557287216187
CIZ1_RNA,0.03230501338839531
PSMC3IP_RNA,0.03229981288313866
BRD2_RNA,0.0322684645652771
MKNK1_RNA,0.0321355015039444
SNRNP35_RNA,0.03212263062596321
SFRP4_RNA,0.0320839025080204
C3orf52_RNA,0.03208380565047264
FBXL5_RNA,0.0319083109498024
GPATCH4_RNA,0.03188140317797661
RAD18_RNA,0.031805891543626785
DDX27_RNA,0.03179948776960373
PRPF40A_RNA,0.03179923817515373
FOXC1_RNA,0.031762007623910904
DYSF_RNA,0.031684838235378265
CISD2_RNA,0.03163838014006615
HMGB1_RNA,0.03156944364309311
KCTD17_RNA,0.031404655426740646
ARHGEF2_RNA,0.0313899926841259
PRPSAP1_RNA,0.03132658451795578
ZBP1_RNA,0.03129638731479645
KCNE1_RNA,0.03127561882138252
PALMD_RNA,0.031187882646918297
RNPS1_RNA,0.0311619583517313
TM9SF4_RNA,0.031064117327332497
PHKG1_RNA,0.031029151752591133
RPS10_RNA,0.030989762395620346
PFN4_RNA,0.030788259580731392
ERCC2_RNA,0.030778521671891212
CTTN_RNA,0.03075987659394741
PLD2_RNA,0.030729664489626884
CRB2_RNA,0.030706064775586128
SLC44A2_RNA,0.030702967196702957
ARHGAP1_RNA,0.030699273571372032
CD8A_RNA,0.03066556341946125
RAD54L_RNA,0.030650973320007324
TIRAP_RNA,0.030624447390437126
CXXC5_RNA,0.030587350949645042
CTR9_RNA,0.030585257336497307
ACAN_RNA,0.030560720711946487
DUSP22_RNA,0.03041534498333931
LFNG_RNA,0.030309710651636124
SLC22A11_RNA,0.030264902859926224
FLJ30679_RNA,0.030205314978957176
MAP2K5_RNA,0.030069399625062943
ZNF45_RNA,0.030061224475502968
PDE6B_RNA,0.030056046321988106
CUL4A_RNA,0.03003750741481781
MOCS1_RNA,0.029956910759210587
SNX24_RNA,0.029936479404568672
MKRN2_RNA,0.029928183183073997
POT1_RNA,0.029855169355869293
RAMP3_RNA,0.029810667037963867
DNAJC2_RNA,0.029767537489533424
MED14_RNA,0.029747003689408302
RHBDD1_RNA,0.02972857467830181
RAD51AP1_RNA,0.029696108773350716
CHFR_RNA,0.029652265831828117
SLC33A1_RNA,0.029630834236741066
ARL8A_RNA,0.029572928324341774
CYB5R2_RNA,0.029565248638391495
CCDC117_RNA,0.029564641416072845
PMS2CL_RNA,0.029500791803002357
RIPPLY1_RNA,0.029448918998241425
MAP1S_RNA,0.029330365359783173
ABCD3_RNA,0.029258999973535538
RBP5_RNA,0.029255270957946777
METTL6_RNA,0.02924341894686222
AP4B1_RNA,0.02919427677989006
HELB_RNA,0.029173435643315315
UTP23_RNA,0.029142266139388084
TRAIP_RNA,0.029126333072781563
OLR1_RNA,0.028931304812431335
VEGFC_RNA,0.028909627348184586
GLG1_RNA,0.02890416793525219
DLX3_RNA,0.028897110372781754
CUTC_RNA,0.028870131820440292
IGF1_RNA,0.028803961351513863
WDR62_RNA,0.028801849111914635
MEAF6_RNA,0.028768589720129967
PARP14_RNA,0.028721606358885765
ANAPC10_RNA,0.02871386520564556
KLHDC8B_RNA,0.028601568192243576
MRFAP1_RNA,0.028523484244942665
ADIG_RNA,0.028515437617897987
FAM83D_RNA,0.02847832813858986
GTF2H5_RNA,0.02840946987271309
PLA2G2F_RNA,0.02833748608827591
IQCC_RNA,0.02831445261836052
GTF2H1_RNA,0.028294842690229416
SAR1B_RNA,0.028255632147192955
TCEA2_RNA,0.02813306264579296
ACOT12_RNA,0.028105078265070915
TFF3_RNA,0.028055785223841667
DHX15_RNA,0.028045715764164925
MIER1_RNA,0.02804459258913994
LYRM2_RNA,0.02799263596534729
NUS1_RNA,0.027976838871836662
NCR1_RNA,0.027966707944869995
GPKOW_RNA,0.027896178886294365
RNF187_RNA,0.027866628021001816
ADAM32_RNA,0.02783115766942501
STAU1_RNA,0.02782650850713253
KCNK5_RNA,0.027790002524852753
ODF2_RNA,0.02775774523615837
PRR19_RNA,0.02774396724998951
SLAIN2_RNA,0.02774042822420597
CGB7_RNA,0.027709098532795906
CPSF1_RNA,0.0276729017496109
USP14_RNA,0.02760264277458191
ZNF516_RNA,0.027576524764299393
PDE12_RNA,0.027566857635974884
TEKT3_RNA,0.027542954310774803
TATDN2_RNA,0.027514496818184853
FOXF2_RNA,0.027449985966086388
KLHL8_RNA,0.027425380423665047
DAG1_RNA,0.027343934401869774
ZNF761_RNA,0.02732843905687332
CFLAR_RNA,0.027319928631186485
TAF15_RNA,0.02727515809237957
SOHLH2_RNA,0.02723151259124279
PRPS1L1_RNA,0.02721317857503891
MED25_RNA,0.02717641182243824
RBMS2_RNA,0.027174651622772217
CLTC_RNA,0.027133191004395485
ZNF277_RNA,0.027127472683787346
PEX3_RNA,0.027114801108837128
P4HTM_RNA,0.02709030732512474
HMOX2_RNA,0.027078386396169662
ABCB8_RNA,0.02695634961128235
VAV2_RNA,0.026909513399004936
R3HDML_RNA,0.026890896260738373
HSF2BP_RNA,0.02687559649348259
NFATC1_RNA,0.026815639808773994
MIR222_RNA,0.026814894750714302
CCNC_RNA,0.026798328384757042
STARD7_RNA,0.026790019124746323
C1orf159_RNA,0.02676837332546711
ARRDC2_RNA,0.026699570938944817
ENPP1_RNA,0.02666069008409977
KIR2DL4_RNA,0.02664783224463463
CSDE1_RNA,0.026634013280272484
PTGES2_RNA,0.026564834639430046
SMYD5_RNA,0.02652844600379467
TNNI1_RNA,0.026522845029830933
DYNC2LI1_RNA,0.026511400938034058
ELP2_RNA,0.02649267204105854
MRPL46_RNA,0.0264907069504261
PLAC9_RNA,0.026373600587248802
TRIB2_RNA,0.02636697329580784
RFC3_RNA,0.026358921080827713
STIM1_RNA,0.026354022324085236
BNIP3_RNA,0.026334751397371292
DCP1B_RNA,0.02629043161869049
SNHG1_RNA,0.026207145303487778
NLE1_RNA,0.026189180091023445
TG_RNA,0.026142258197069168
MFSD11_RNA,0.0260465070605278
TRAF3IP2_RNA,0.026030397042632103
BTLA_RNA,0.026016516610980034
DUSP3_RNA,0.026008713990449905
UBL4B_RNA,0.026000484824180603
DLD_RNA,0.02599637769162655
FBXO38_RNA,0.025985611602663994
RNF4_RNA,0.02597626857459545
KAAG1_RNA,0.025949565693736076
TRIM26_RNA,0.025943459942936897
RNF34_RNA,0.02567007578909397
CATSPER3_RNA,0.025658050552010536
NACC1_RNA,0.025551650673151016
TMEM132A_RNA,0.025551382452249527
CATSPERB_RNA,0.02552558295428753
LYPD6_RNA,0.02551504410803318
SPATA8_RNA,0.025496553629636765
KLF5_RNA,0.025476839393377304
HEXIM2_RNA,0.02545657940208912
ARHGAP17_RNA,0.02544570527970791
AKAP13_RNA,0.025438638404011726
DUSP18_RNA,0.025414245203137398
BICC1_RNA,0.025349130854010582
EME1_RNA,0.025289345532655716
C5_RNA,0.02519722655415535
ZFPM1_RNA,0.025157380849123
USP15_RNA,0.025127101689577103
TMEM163_RNA,0.025108011439442635
ZNF101_RNA,0.025089044123888016
RAD9A_RNA,0.02508409321308136
POLR3F_RNA,0.025082074105739594
WBP11_RNA,0.02507435344159603
RNU4ATAC_RNA,0.025053977966308594
GSK3A_RNA,0.02504042349755764
RASSF6_RNA,0.025008169934153557
OVOL1_RNA,0.024955125525593758
ZCCHC8_RNA,0.02485661208629608
TMPO_RNA,0.024826934561133385
POLR2B_RNA,0.024821236729621887
RRP15_RNA,0.02471606619656086
DOK7_RNA,0.024686040356755257
XKR5_RNA,0.024677958339452744
OGDH_RNA,0.024602089077234268
MACROD1_RNA,0.024581223726272583
GGA2_RNA,0.02456665225327015
RANBP3_RNA,0.024558329954743385
CWC22_RNA,0.02442346327006817
TM9SF2_RNA,0.024364516139030457
E2F7_RNA,0.024319836869835854
CSTF3_RNA,0.024310430511832237
SNX1_RNA,0.024242887273430824
ACYP2_RNA,0.024209298193454742
RRAGA_RNA,0.024123331531882286
ADK_RNA,0.024059902876615524
HNRNPA2B1_RNA,0.024037880823016167
ZNF880_RNA,0.024027712643146515
NMT1_RNA,0.024019772186875343
ELSPBP1_RNA,0.023926127701997757
RBM15B_RNA,0.023824209347367287
MED9_RNA,0.0237928107380867
PUS10_RNA,0.02379116788506508
TYSND1_RNA,0.023749319836497307
EPDR1_RNA,0.0237298384308815
PHEX_RNA,0.023688193410634995
ZDHHC13_RNA,0.023678027093410492
MAZ_RNA,0.023668739944696426
NRTN_RNA,0.02365686185657978
AKR1D1_RNA,0.023586323484778404
HOXD8_RNA,0.023540040478110313
MYH13_RNA,0.0235090684145689
CD27_RNA,0.02347297966480255
CPLX4_RNA,0.023465899750590324
SIGIRR_RNA,0.023351604118943214
PLCD1_RNA,0.023339485749602318
PPME1_RNA,0.023303184658288956
PARP1_RNA,0.02325902134180069
MTA2_RNA,0.023228129372000694
PCGF6_RNA,0.023216117173433304
TMEM184C_RNA,0.02303679846227169
TBC1D15_RNA,0.023020394146442413
EPS15L1_RNA,0.02301400527358055
MFSD2A_RNA,0.022968340665102005
EGFR_RNA,0.022947954013943672
MAPK12_RNA,0.02289487235248089
HDAC2_RNA,0.02278982289135456
TM4SF19_RNA,0.022784749045968056
EID2_RNA,0.022783778607845306
SPCS3_RNA,0.022747954353690147
RBM23_RNA,0.022738337516784668
RFC5_RNA,0.022730786353349686
SLC25A31_RNA,0.022692739963531494
RAD54B_RNA,0.022633885964751244
HSP90AB1_RNA,0.022594742476940155
MBTPS2_RNA,0.0225788913667202
IMMP1L_RNA,0.022577712312340736
CRLF3_RNA,0.022575298324227333
CYP51A1_RNA,0.022531893104314804
MARVELD3_RNA,0.022426022216677666
ZNF799_RNA,0.022423874586820602
ZNF689_RNA,0.022360222414135933
LARP4_RNA,0.022345904260873795
STK24_RNA,0.022338127717375755
KLHL12_RNA,0.022326232865452766
NLRC5_RNA,0.02229703962802887
DCAKD_RNA,0.022283663973212242
NPPC_RNA,0.02223227731883526
EAF2_RNA,0.02213025838136673
PIGV_RNA,0.022122366353869438
KPNA4_RNA,0.02202250063419342
IPO5_RNA,0.022022061049938202
CDH2_RNA,0.02200867421925068
KRBA1_RNA,0.021950922906398773
CST3_RNA,0.021947631612420082
ZNF174_RNA,0.021926574409008026
EIF4G1_RNA,0.021859653294086456
CARD8_RNA,0.02183414250612259
GRSF1_RNA,0.021787574514746666
CCNK_RNA,0.021765997633337975
FHDC1_RNA,0.02175877057015896
RASSF4_RNA,0.021705035120248795
GAS2L1_RNA,0.021673310548067093
RPGR_RNA,0.021661777049303055
NAF1_RNA,0.02159835398197174
GALNT7_RNA,0.02159542217850685
RAET1L_RNA,0.0215922724455595
KHNYN_RNA,0.021559040993452072
SLC17A1_RNA,0.021526558324694633
AADAC_RNA,0.021385863423347473
BBOX1_RNA,0.021240729838609695
AKAP12_RNA,0.02119636908173561
POLR1B_RNA,0.021193191409111023
NCCRP1_RNA,0.0211745947599411
APPL2_RNA,0.02114780806005001
SENP1_RNA,0.02108478546142578
DFFA_RNA,0.021049674600362778
SRFBP1_RNA,0.020956171676516533
GGT7_RNA,0.02089478261768818
PPTC7_RNA,0.020854100584983826
NDUFV1_RNA,0.020852673798799515
GCDH_RNA,0.02085265703499317
SLFN5_RNA,0.02082889713346958
SET_RNA,0.020816951990127563
VPS45_RNA,0.020807519555091858
ATP6V1B2_RNA,0.02076544053852558
OOEP_RNA,0.020700931549072266
WHAMM_RNA,0.020694037899374962
PDX1_RNA,0.020657850429415703
GSPT2_RNA,0.02060561254620552
FCAMR_RNA,0.0205950029194355
LMLN_RNA,0.020589223131537437
LAD1_RNA,0.020498786121606827
LRRC69_RNA,0.020483054220676422
AEBP2_RNA,0.020465705543756485
SNORA14A_RNA,0.02046486735343933
TMED7_RNA,0.02046033926308155
SP3_RNA,0.0203902255743742
C19orf12_RNA,0.020368345081806183
PAK2_RNA,0.02034994587302208
IGSF3_RNA,0.020336033776402473
C15orf40_RNA,0.020323380827903748
IMPA1_RNA,0.02027204819023609
SAV1_RNA,0.02025468833744526
SF1_RNA,0.020249364897608757
FAM174A_RNA,0.02022910863161087
FUS_RNA,0.020215198397636414
TNPO1_RNA,0.020204881206154823
ZSWIM4_RNA,0.020188823342323303
PSMD1_RNA,0.02017049677670002
LRRC8A_RNA,0.02015119418501854
OR1J4_RNA,0.020139753818511963
FHL5_RNA,0.020121362060308456
MAGEB6_RNA,0.02009589970111847
SHBG_RNA,0.02003324218094349
LMF1_RNA,0.020031196996569633
RPL10L_RNA,0.020027926191687584
PARN_RNA,0.020021289587020874
TMCO6_RNA,0.020017199218273163
JSRP1_RNA,0.020005041733384132
CLK3_RNA,0.019985398277640343
ARID5B_RNA,0.019973261281847954
ASPSCR1_RNA,0.019937418401241302
ALPI_RNA,0.019861014559864998
TRIM10_RNA,0.01984231360256672
IQCD_RNA,0.01979527808725834
BRCC3_RNA,0.019761789590120316
GANC_RNA,0.019740931689739227
ZNF813_RNA,0.0197113249450922
ANKRA2_RNA,0.01967807672917843
LCA5L_RNA,0.019641650840640068
DHX16_RNA,0.019603649154305458
CYB5R4_RNA,0.01959487795829773
METRN_RNA,0.01949922740459442
CES2_RNA,0.019490377977490425
DNAJC14_RNA,0.019458767026662827
HSPB9_RNA,0.019385088235139847
ITLN2_RNA,0.019346022978425026
CC2D1B_RNA,0.019298851490020752
TFIP11_RNA,0.019245222210884094
FAM110C_RNA,0.01920870877802372
CRYAB_RNA,0.019205376505851746
SERTAD2_RNA,0.01918119192123413
RBM8A_RNA,0.019173381850123405
NCBP2_RNA,0.019168060272932053
RPRD1B_RNA,0.019156981259584427
BBS5_RNA,0.01898830756545067
C6orf62_RNA,0.0189448781311512
UQCRC2_RNA,0.018943961709737778
OMA1_RNA,0.0188605859875679
CDK15_RNA,0.01876613311469555
BUB3_RNA,0.01867985539138317
GCA_RNA,0.018676351755857468
TTF2_RNA,0.018642142415046692
ELMOD2_RNA,0.018615497276186943
SLC6A14_RNA,0.01861267350614071
CST1_RNA,0.018609371036291122
SLC4A1AP_RNA,0.018519194796681404
TSKS_RNA,0.018501002341508865
TNFAIP8L1_RNA,0.018482495099306107
MCPH1_RNA,0.018346436321735382
OXNAD1_RNA,0.01801455207169056
ZNF230_RNA,0.017989033833146095
KDM1A_RNA,0.017972508445382118
JAM3_RNA,0.017890984192490578
C2orf81_RNA,0.017883308231830597
TSPAN31_RNA,0.017864448949694633
GTPBP2_RNA,0.017818935215473175
VCX_RNA,0.017807336524128914
COL7A1_RNA,0.01777968369424343
PHLDB2_RNA,0.017744040116667747
IL18BP_RNA,0.017718981951475143
SNORD124_RNA,0.017712049186229706
PGM3_RNA,0.017660941928625107
SLC37A3_RNA,0.017642203718423843
ZNF845_RNA,0.01763482391834259
CYCS_RNA,0.01760748028755188
CASP14_RNA,0.01760513335466385
NFE2L1_RNA,0.0175265334546566
DHODH_RNA,0.01752016693353653
MYBBP1A_RNA,0.017511112615466118
ROBO4_RNA,0.017397373914718628
SMAD6_RNA,0.017375396564602852
PNPLA6_RNA,0.01732143573462963
HARBI1_RNA,0.01729753240942955
APTX_RNA,0.01727563515305519
PAGE5_RNA,0.01723831705749035
ARRDC5_RNA,0.01722211390733719
SNORD83A_RNA,0.017200659960508347
MARK4_RNA,0.017141643911600113
CYTH2_RNA,0.017076896503567696
ZNF317_RNA,0.017037514597177505
TAP2_RNA,0.017036251723766327
PIH1D2_RNA,0.017036233097314835
KBTBD2_RNA,0.0170265045017004
METTL3_RNA,0.01701243594288826
FAF2_RNA,0.016969755291938782
ACTR5_RNA,0.016895655542612076
MITF_RNA,0.016894031316041946
ATXN2L_RNA,0.01679769717156887
CSNK1G3_RNA,0.016717461869120598
CENPI_RNA,0.016712650656700134
FAR2_RNA,0.01670510694384575
PRKAA1_RNA,0.01669302023947239
TIA1_RNA,0.0165451318025589
UFM1_RNA,0.016484322026371956
GPR107_RNA,0.016473375260829926
ZNF212_RNA,0.01644584909081459
ZNF428_RNA,0.016443058848381042
GMPR_RNA,0.016421949490904808
CIDEC_RNA,0.016415057703852654
SDS_RNA,0.016400108113884926
RSRC1_RNA,0.016379842534661293
UTP15_RNA,0.016375504434108734
ATP6V0A2_RNA,0.016338977962732315
ACOX3_RNA,0.016293039545416832
NPS_RNA,0.016279658302664757
TRAK2_RNA,0.016252262517809868
CTAG2_RNA,0.01624109596014023
HMGN3_RNA,0.01621004194021225
CCDC43_RNA,0.016198836266994476
MIR583_RNA,0.01619761809706688
FAM185A_RNA,0.016144366934895515
RECQL4_RNA,0.015985142439603806
IPP_RNA,0.01591556891798973
SLC25A10_RNA,0.015909014269709587
ELFN1_RNA,0.015895899385213852
WDR81_RNA,0.01589425839483738
WDFY4_RNA,0.015837127342820168
ATP7A_RNA,0.015805630013346672
UTP20_RNA,0.01572299562394619
CTDSPL2_RNA,0.015677986666560173
RDH8_RNA,0.015647709369659424
SYTL4_RNA,0.015588010661303997
ZCCHC7_RNA,0.015540994703769684
RBM10_RNA,0.015496838837862015
BTNL8_RNA,0.015429109334945679
FAM98A_RNA,0.015392948873341084
KCNJ5_RNA,0.015389987267553806
TBC1D10B_RNA,0.015382937155663967
ATP6V1C2_RNA,0.015332210808992386
SERGEF_RNA,0.015277422964572906
TCF25_RNA,0.015118520706892014
PPFIBP1_RNA,0.015091602690517902
PLRG1_RNA,0.015079997479915619
TOR1AIP2_RNA,0.015056983567774296
ZNRF2_RNA,0.015056178905069828
NXF1_RNA,0.01504881028085947
HOXD12_RNA,0.01500037219375372
TICAM2_RNA,0.014971903525292873
SIX1_RNA,0.014846564270555973
CLEC4C_RNA,0.014823727309703827
SRXN1_RNA,0.01476944051682949
CRISP2_RNA,0.014747080393135548
CXCL12_RNA,0.01472913846373558
DGCR11_RNA,0.014698980376124382
CRYBA4_RNA,0.014665776863694191
NKAP_RNA,0.014662090688943863
C11orf21_RNA,0.014618122018873692
FNDC3A_RNA,0.014599432237446308
NCOA4_RNA,0.014587814919650555
RASL11A_RNA,0.014577306807041168
OTOP2_RNA,0.014572340063750744
SP5_RNA,0.014545636251568794
SMAP2_RNA,0.014506390318274498
MCTS1_RNA,0.014487027190625668
SNORA5C_RNA,0.014477231539785862
CADM1_RNA,0.014476497657597065
CRTAM_RNA,0.014462316408753395
GABARAPL2_RNA,0.0144492881372571
PITX3_RNA,0.014437182806432247
RGS17_RNA,0.014414557255804539
CLCN1_RNA,0.0143957594409585
UQCRB_RNA,0.014330155216157436
AMPD3_RNA,0.01430843211710453
SDCBP2_RNA,0.014296088367700577
STOML1_RNA,0.014290411956608295
WDR26_RNA,0.014287549071013927
KLRC1_RNA,0.014282348565757275
CCNJL_RNA,0.014245307072997093
FAF1_RNA,0.014177544973790646
INVS_RNA,0.014117373153567314
TRNT1_RNA,0.014115364290773869
PMFBP1_RNA,0.014103182591497898
ZNF124_RNA,0.014060351997613907
ARMC1_RNA,0.01402537152171135
PLXNA3_RNA,0.014013608917593956
SCAF1_RNA,0.013912661001086235
DNAJB12_RNA,0.013800563290715218
XPO7_RNA,0.013745241798460484
ABHD10_RNA,0.013743642717599869
CAPN10_RNA,0.013713357970118523
SLC38A2_RNA,0.01368179451674223
WDR4_RNA,0.013616594485938549
AKNA_RNA,0.013615450821816921
GABPA_RNA,0.013518990948796272
MGC12916_RNA,0.013501010835170746
TRAP1_RNA,0.013483863323926926
SLC38A7_RNA,0.01346948929131031
PDCD7_RNA,0.01346383523195982
TADA2B_RNA,0.013428229838609695
SRRT_RNA,0.01342179998755455
WDR13_RNA,0.01339330431073904
MIR199A1_RNA,0.013242458924651146
TEX10_RNA,0.013200613670051098
FAM83A_RNA,0.013192991726100445
STAP1_RNA,0.013088341802358627
SP1_RNA,0.013038759119808674
PPM1D_RNA,0.012964381836354733
BTBD1_RNA,0.012955582700669765
CLK2_RNA,0.012891318649053574
TLE1_RNA,0.012869243510067463
ASB15_RNA,0.012865647673606873
QSOX2_RNA,0.012801163829863071
AQP1_RNA,0.012781601399183273
EML4_RNA,0.012746783904731274
GTPBP4_RNA,0.012646155431866646
SMC4_RNA,0.012625230476260185
ZNF444_RNA,0.012623075395822525
IFNAR1_RNA,0.012604820542037487
KRT78_RNA,0.01257882360368967
ATG10_RNA,0.01256775762885809
AZIN1_RNA,0.012555877678096294
GGA1_RNA,0.012545610778033733
CPSF2_RNA,0.012516066431999207
THOC5_RNA,0.012511870823800564
PIGR_RNA,0.012474092654883862
TMEM198_RNA,0.012468681670725346
ALDH3A2_RNA,0.012467429041862488
KIF22_RNA,0.01238283235579729
ADH4_RNA,0.012357865460216999
ZNF746_RNA,0.012334085069596767
IGFL2_RNA,0.012278355658054352
ZNF362_RNA,0.012230806052684784
SSBP2_RNA,0.012176225893199444
PDCD6IP_RNA,0.012163840234279633
RDH11_RNA,0.012133619748055935
EXTL2_RNA,0.012127360329031944
HNRNPA0_RNA,0.01210013683885336
SH2D1A_RNA,0.012082419358193874
ILDR1_RNA,0.012066062539815903
APLF_RNA,0.011961064301431179
FANCD2_RNA,0.011945106089115143
CXXC1_RNA,0.011932416819036007
DDX5_RNA,0.011919667012989521
TAF1B_RNA,0.011906380765140057
FREM1_RNA,0.011854516342282295
ANKK1_RNA,0.011676943860948086
ZNF76_RNA,0.01167580671608448
RAPGEF1_RNA,0.01164984330534935
CDSN_RNA,0.011639192700386047
C9orf152_RNA,0.011595567688345909
FANCC_RNA,0.011580674909055233
MYOD1_RNA,0.011532406322658062
POLG2_RNA,0.011411533690989017
PKMYT1_RNA,0.011377770453691483
CCNI_RNA,0.011376882903277874
PRKCH_RNA,0.011337697505950928
ARHGAP19_RNA,0.01132936030626297
IRF6_RNA,0.0112271374091506
RAB2A_RNA,0.011207456700503826
RMND1_RNA,0.011195124126970768
SEC24B_RNA,0.01116179022938013
HEPH_RNA,0.011146548204123974
MIR210_RNA,0.01114603690803051
MYOC_RNA,0.011137167923152447
TBC1D2B_RNA,0.011133392341434956
C12orf43_RNA,0.011125246994197369
MAGEA4_RNA,0.011121509596705437
MIR193A_RNA,0.011120420880615711
SVIL_RNA,0.011098005808889866
LAMA1_RNA,0.011086149141192436
AMPD2_RNA,0.011038994416594505
MED4_RNA,0.010933519341051579
IQCH_RNA,0.010932245291769505
SLC39A9_RNA,0.010929725132882595
NDFIP1_RNA,0.010926659218966961
SGPL1_RNA,0.010871325619518757
SIX2_RNA,0.010759471915662289
USP5_RNA,0.010649202391505241
SFT2D2_RNA,0.010612822137773037
ZNF735_RNA,0.010609169490635395
TRMT6_RNA,0.010602103546261787
SH3BP4_RNA,0.010524393059313297
SKP2_RNA,0.010476001538336277
HCFC2_RNA,0.01047505997121334
PRKCI_RNA,0.010463342070579529
SLC16A6_RNA,0.010461757890880108
RHOT2_RNA,0.01045724656432867
LMO4_RNA,0.010384663939476013
FKBP8_RNA,0.01034914143383503
IWS1_RNA,0.010346116498112679
DMC1_RNA,0.01034360658377409
CLPX_RNA,0.010316319763660431
CBX8_RNA,0.0103089464828372
LRRC28_RNA,0.010203134268522263
SPOP_RNA,0.0101855443790555
PABPC1L_RNA,0.010182151570916176
TMEM81_RNA,0.010170454159379005
SPAG5_RNA,0.010168260894715786
URGCP_RNA,0.01010225061327219
E2F1_RNA,0.009996920824050903
ARID3A_RNA,0.009985031560063362
SNORD105B_RNA,0.009973092004656792
FKBP1B_RNA,0.009965239092707634
LCN1_RNA,0.009954843670129776
ARAP1_RNA,0.009952508844435215
MAFK_RNA,0.009943701326847076
SLC4A11_RNA,0.009921899065375328
ASCC1_RNA,0.009895121678709984
NUDCD3_RNA,0.009809385053813457
LTB4R_RNA,0.00970504991710186
ZNF614_RNA,0.0096990205347538
PBX3_RNA,0.009642246179282665
ALPK3_RNA,0.009619488380849361
TMTC3_RNA,0.009600384160876274
STK39_RNA,0.009552697651088238
UROS_RNA,0.009469829499721527
TMEM40_RNA,0.009460097178816795
KCND1_RNA,0.009385592304170132
TCEAL7_RNA,0.009384188801050186
DPPA4_RNA,0.009380491450428963
DVL3_RNA,0.0093739815056324
PPP1R3G_RNA,0.009358545765280724
LYSMD2_RNA,0.009328525513410568
MED21_RNA,0.009293741546571255
FGD5_RNA,0.00927351601421833
ALG13_RNA,0.009228978306055069
STX3_RNA,0.009197181090712547
ZC3H18_RNA,0.00911642238497734
SCFD1_RNA,0.00893468502908945
EXOC7_RNA,0.00892941839993
RBM34_RNA,0.008774769492447376
CD68_RNA,0.008766856975853443
C2orf49_RNA,0.008766102604568005
MIR1827_RNA,0.008579785004258156
UBE2D4_RNA,0.00852685421705246
OTOS_RNA,0.008449030108749866
ARSF_RNA,0.008408761583268642
ARHGEF6_RNA,0.00840146467089653
PCYT2_RNA,0.008322114124894142
COQ6_RNA,0.008301139809191227
CCDC24_RNA,0.008280275389552116
RBM43_RNA,0.008276556618511677
INPP5B_RNA,0.008248657919466496
SF3B3_RNA,0.008240306749939919
MSH6_RNA,0.008220236748456955
PRKAR2A_RNA,0.00811792816966772
CHMP4C_RNA,0.008071152493357658
PHTF1_RNA,0.008004210889339447
WFDC11_RNA,0.007992960512638092
LIN37_RNA,0.00797309074550867
THRAP3_RNA,0.00784875825047493
PHKB_RNA,0.00781724788248539
CLTB_RNA,0.007787548005580902
GAS2L3_RNA,0.007722663693130016
CBX4_RNA,0.007702965755015612
STAM2_RNA,0.007675030268728733
RHEBL1_RNA,0.007660652510821819
FKRP_RNA,0.007660001516342163
ERG_RNA,0.007629551459103823
CSRP3_RNA,0.007577474229037762
CEACAM6_RNA,0.007463972549885511
TRIM63_RNA,0.007449862081557512
CDV3_RNA,0.007425881922245026
TANC1_RNA,0.007367722690105438
SNORD99_RNA,0.0073558492586016655
SAFB_RNA,0.007317677140235901
MIA2_RNA,0.007201623637229204
ZNF486_RNA,0.007148485165089369
NOL8_RNA,0.007136552128940821
POLR3H_RNA,0.007115121930837631
CYYR1_RNA,0.007113175932317972
MAGEA1_RNA,0.007078192662447691
ALKBH8_RNA,0.0070564900524914265
PGS1_RNA,0.007021111436188221
PCDHGB2_RNA,0.006991964764893055
PRR5L_RNA,0.006986720487475395
SLC44A3_RNA,0.0069601451978087425
MNAT1_RNA,0.0069342018105089664
EIF1AX_RNA,0.006922856904566288
UGT1A6_RNA,0.006890506017953157
FBP2_RNA,0.006856129504740238
TMEM86A_RNA,0.006770107429474592
PPA1_RNA,0.006733448710292578
CENPO_RNA,0.006706694606691599
IVD_RNA,0.0067063565365970135
WDHD1_RNA,0.006652797572314739
TSPAN15_RNA,0.006650080438703299
DCAF8L1_RNA,0.00664817588403821
DHFR_RNA,0.006568355485796928
VPS4B_RNA,0.006547329947352409
NT5C1B_RNA,0.006480976473540068
MGC27382_RNA,0.006456559523940086
PRPF3_RNA,0.006452794652432203
SLC39A11_RNA,0.006408363115042448
SS18_RNA,0.00638618366792798
PGLYRP2_RNA,0.006363270804286003
ZNF700_RNA,0.006336659658700228
RXRB_RNA,0.006297831889241934
UBQLN1_RNA,0.006261090282350779
ZNF665_RNA,0.006163615267723799
CSGALNACT2_RNA,0.006132469046860933
RPA4_RNA,0.006092905532568693
PADI3_RNA,0.006073953118175268
ERGIC2_RNA,0.006059027276933193
MRI1_RNA,0.006023239344358444
MFF_RNA,0.006005182862281799
PTPRJ_RNA,0.0060002608224749565
NCEH1_RNA,0.005993603728711605
EFS_RNA,0.005933363456279039
ZFP42_RNA,0.005894443951547146
SERPINA11_RNA,0.005888727493584156
GRK5_RNA,0.005868541542440653
SNORD46_RNA,0.005864912644028664
FOXD2_RNA,0.005841179750859737
SFN_RNA,0.00579570047557354
VAPA_RNA,0.005700842943042517
DSG4_RNA,0.00569166662171483
JUP_RNA,0.0056317574344575405
ARHGEF18_RNA,0.005610954482108355
ZNF580_RNA,0.005591983441263437
C5orf24_RNA,0.005482753273099661
FZR1_RNA,0.005476865917444229
MIR1205_RNA,0.00547516904771328
KCNIP1_RNA,0.005473478231579065
VSIG8_RNA,0.005463478155434132
RNF130_RNA,0.005419460125267506
GMEB1_RNA,0.005391791928559542
RBBP5_RNA,0.005358471535146236
TBL1X_RNA,0.0053476085886359215
GFM1_RNA,0.0052864886820316315
PDCL_RNA,0.00527402525767684
ULBP1_RNA,0.0052421060390770435
L3MBTL2_RNA,0.005229765549302101
BAIAP2L1_RNA,0.005181849934160709
MIR760_RNA,0.0051231528632342815
SMARCA5_RNA,0.005082647316157818
CYSLTR1_RNA,0.005041278433054686
RPP30_RNA,0.005023887846618891
SACM1L_RNA,0.0050193434581160545
TMCC3_RNA,0.004983626306056976
DCAF4_RNA,0.004979679826647043
BPI_RNA,0.004962635692209005
LMO1_RNA,0.004919154103845358
ECT2_RNA,0.00491723045706749
PLA2G4E_RNA,0.004884589929133654
MLXIP_RNA,0.004881708882749081
GFAP_RNA,0.004870974458754063
BAZ1B_RNA,0.004777025897055864
MED28_RNA,0.004767433740198612
JKAMP_RNA,0.004739219788461924
BAMBI_RNA,0.004720935598015785
VWF_RNA,0.004713288974016905
MYOZ1_RNA,0.004696129355579615
MFSD8_RNA,0.004691841080784798
AQP2_RNA,0.004670656286180019
NDEL1_RNA,0.004641721025109291
PFDN4_RNA,0.004608314484357834
MFSD2B_RNA,0.004588690586388111
SERHL2_RNA,0.004568574484437704
TAF8_RNA,0.0045670331455767155
PCDHB2_RNA,0.004554452374577522
ANKRD53_RNA,0.004532488062977791
GADL1_RNA,0.004516574088484049
SLC25A35_RNA,0.0044549452140927315
TNS1_RNA,0.0044509111903607845
FNDC8_RNA,0.0044392310082912445
MAGEA10_RNA,0.004426737315952778
ZNF12_RNA,0.004296225495636463
SLC25A45_RNA,0.004289777018129826
CCDC89_RNA,0.004258634988218546
NDUFA10_RNA,0.004232496023178101
REPIN1_RNA,0.004191400483250618
MCOLN3_RNA,0.004190663807094097
ST6GALNAC2_RNA,0.0041629597544670105
MAGED1_RNA,0.004159239120781422
PRIM1_RNA,0.004127061925828457
C4orf36_RNA,0.004112723283469677
FAM83B_RNA,0.0040742745622992516
KRTAP11-1_RNA,0.0040321084670722485
PARD6G_RNA,0.00395806273445487
IDH2_RNA,0.003933470230549574
MTHFD2L_RNA,0.0038949137087911367
INSC_RNA,0.0038629616610705853
NFYC_RNA,0.0038158316165208817
CENPP_RNA,0.003809646237641573
AKAP8_RNA,0.0037888088263571262
AMBP_RNA,0.003772473195567727
NMUR1_RNA,0.0037709507159888744
PLEKHB2_RNA,0.0037250081077218056
PGRMC1_RNA,0.0037073472049087286
OTUD6B_RNA,0.003649290418252349
GPN2_RNA,0.003646139521151781
CFHR5_RNA,0.003632686333730817
MIR196A2_RNA,0.0036263533402234316
SLC18A3_RNA,0.003554105758666992
MIR548H3_RNA,0.0033728410489857197
CDR2L_RNA,0.00335247116163373
AGFG1_RNA,0.0032659017015248537
OSBP_RNA,0.003256285097450018
SFXN3_RNA,0.0032159683760255575
CFL2_RNA,0.003140062326565385
CD5L_RNA,0.003056003013625741
PLEKHG4B_RNA,0.0030190199613571167
STK11IP_RNA,0.002988341962918639
ISM2_RNA,0.002946377731859684
LMBR1L_RNA,0.002936161123216152
BTBD10_RNA,0.002905905479565263
RTKN_RNA,0.002898462815210223
ZNF684_RNA,0.0028568850830197334
B4GALNT3_RNA,0.0027824616990983486
CD47_RNA,0.0026995709631592035
SERPINC1_RNA,0.002696528797969222
SLCO6A1_RNA,0.0026642351876944304
LCE1D_RNA,0.0026032072491943836
BIRC7_RNA,0.0025612246245145798
PF4V1_RNA,0.002519446425139904
CTNND1_RNA,0.0024716262705624104
NAA15_RNA,0.002328864997252822
ASCC3_RNA,0.0022838867735117674
CYB5RL_RNA,0.002255536848679185
FIGNL2_RNA,0.0022458683233708143
CYP4F22_RNA,0.0022348996717482805
HHIPL2_RNA,0.002198179252445698
RAD21_RNA,0.0021736163180321455
FLJ12825_RNA,0.0021502054296433926
ANAPC5_RNA,0.0021442726720124483
HNRNPD_RNA,0.002134668407961726
TMEM192_RNA,0.0017815666506066918
ABCC4_RNA,0.0017319598700851202
RFFL_RNA,0.0016900377813726664
NUDT6_RNA,0.0016589639708399773
IL10RB_RNA,0.001638183370232582
HOXA11_RNA,0.0015849694609642029
NT5M_RNA,0.0015738423680886626
SLC25A14_RNA,0.0014972211793065071
USP36_RNA,0.0014705556677654386
LRRC36_RNA,0.001463523251004517
STX6_RNA,0.0013871388509869576
CASP9_RNA,0.0013061299687251449
SPATS2_RNA,0.0012976456200703979
YME1L1_RNA,0.0012927550124004483
SCGB3A1_RNA,0.0012325082207098603
GAS2_RNA,0.0012259731302037835
YES1_RNA,0.001211244030855596
ZNF155_RNA,0.0012020888971164823
TMEM86B_RNA,0.0011962208664044738
CREBL2_RNA,0.001172667252831161
UBE2R2_RNA,0.0011635555420070887
ZNF165_RNA,0.0011450089514255524
MAGEB2_RNA,0.0011315576266497374
MYCBPAP_RNA,0.0010934334713965654
CNOT2_RNA,0.001021059462800622
LRCH1_RNA,0.001013294910080731
HOXD9_RNA,0.0010112514719367027
LY6G5C_RNA,9.752253536134958e-4
SAMD11_RNA,9.685855475254357e-4
MFSD6L_RNA,9.68359352555126e-4
ACTA1_RNA,8.051310433074832e-4
TUBB3_RNA,7.974379695951939e-4
GNA13_RNA,7.700269343331456e-4
CAGE1_RNA,6.909571820870042e-4
BEND2_RNA,6.838194094598293e-4
KRT34_RNA,6.732627516612411e-4
CETN3_RNA,6.68537977617234e-4
HVCN1_RNA,6.581760826520622e-4
FBXW8_RNA,6.405084859579802e-4
PPP1R15B_RNA,6.22867897618562e-4
ZNF669_RNA,6.034785183146596e-4
CORO7_RNA,5.260611651465297e-4
SNORA65_RNA,5.139198037795722e-4
MC2R_RNA,5.003423430025578e-4
TTLL1_RNA,4.913884913548827e-4
CDK16_RNA,4.902027430944145e-4
ZNF768_RNA,4.87530225655064e-4
XPO5_RNA,4.8616662388667464e-4
TAF9B_RNA,4.7064534737728536e-4
RCOR1_RNA,4.6110604307614267e-4
SNORA15_RNA,4.605676222126931e-4
PPRC1_RNA,4.2374039185233414e-4
TXK_RNA,4.0190282743424177e-4
MYOZ3_RNA,3.955874126404524e-4
SNORD56B_RNA,3.77742137061432e-4
FOXA1_RNA,3.5385851515457034e-4
GALNT11_RNA,3.399265988264233e-4
IDE_RNA,3.100985777564347e-4
ZNF432_RNA,3.0113267712295055e-4
IMPACT_RNA,2.96903308480978e-4
SOCS5_RNA,2.889916650019586e-4
TP73_RNA,2.8382203890942037e-4
AP2A2_RNA,2.5195415946654975e-4
MOSPD2_RNA,2.1463462326209992e-4
RRP12_RNA,1.9379942386876792e-4
VPS33B_RNA,1.6412389231845737e-4
MIR1289-2_RNA,1.5234532475005835e-4
MOGAT1_RNA,1.4221006131265312e-4
SCGB2A1_RNA,1.2205901293782517e-4
UCK2_RNA,9.786578448256478e-5
PDE8A_RNA,8.895183418644592e-5
SNTB2_RNA,4.9444341129856184e-5
XRCC3_RNA,8.329499905812554e-6
BMPR1A_RNA,-5.124741073814221e-5
A4GNT_RNA,-9.191346180159599e-5
MIR602_RNA,-1.0862568160519004e-4
FGD1_RNA,-1.3441708870232105e-4
ADAT1_RNA,-1.358683657599613e-4
SFRP2_RNA,-1.7148278129752725e-4
MET_RNA,-1.7426055273972452e-4
LINS1_RNA,-2.6539957616478205e-4
PASD1_RNA,-2.802021917887032e-4
TACC3_RNA,-3.177006437908858e-4
EARS2_RNA,-3.437907143961638e-4
OXSR1_RNA,-3.4688401501625776e-4
HEATR6_RNA,-3.5848302650265396e-4
SLC17A3_RNA,-4.025971866212785e-4
TMEM184A_RNA,-4.188167513348162e-4
ITGAD_RNA,-4.3037976138293743e-4
GLTP_RNA,-4.934982280246913e-4
MLC1_RNA,-5.447277799248695e-4
SFXN1_RNA,-5.832884926348925e-4
SPN_RNA,-6.392998620867729e-4
ZSCAN22_RNA,-6.963927298784256e-4
ADCY3_RNA,-0.00072664342587813735
NAGPA_RNA,-7.405164069496095e-4
MON1A_RNA,-8.006523130461574e-4
FBRS_RNA,-8.058557286858559e-4
EBF4_RNA,-8.181635057553649e-4
SAMD13_RNA,-8.255380671471357e-4
CEP76_RNA,-8.326421375386417e-4
FAM111A_RNA,-8.427271386608481e-4
NLRP11_RNA,-8.471539476886392e-4
PCDHB9_RNA,-9.077865397557616e-4
RPS6KA3_RNA,-9.205325040966272e-4
SUB1_RNA,-9.358695824630558e-4
RABL3_RNA,-0.0010308583732694387
KDM4A_RNA,-0.0010629736352711916
RNF24_RNA,-0.0010653940262272954
BHLHE23_RNA,-0.0011064752470701933
TOMM20_RNA,-0.0011247961083427072
HOXC12_RNA,-0.0012402788270264864
DPPA2_RNA,-0.001258235890418291
ZNF668_RNA,-0.0012725761625915766
CAPZA3_RNA,-0.0013308017514646053
DSG2_RNA,-0.0013549242867156863
UGT1A7_RNA,-0.0014257761649787426
PELP1_RNA,-0.0014328918186947703
COL14A1_RNA,-0.0014376521576195955
KISS1R_RNA,-0.0014532472705468535
KLHL7_RNA,-0.0014729307731613517
TAS2R42_RNA,-0.0014769722474738955
KLHL25_RNA,-0.0015007557813078165
CUX1_RNA,-0.001547540188767016
WFDC5_RNA,-0.0015495152911171317
OR1J1_RNA,-0.0015819474356248975
LRP1_RNA,-0.001584668760187924
ACER1_RNA,-0.001713231555186212
ZDHHC7_RNA,-0.0017264563357457519
MIR543_RNA,-0.0017358012264594436
SOX12_RNA,-0.0017545736627653241
MIR485_RNA,-0.001779480604454875
TSPAN33_RNA,-0.0017826608382165432
STAG2_RNA,-0.0017904879059642553
HRH4_RNA,-0.0017918854719027877
MIR369_RNA,-0.0018175446894019842
CLLU1_RNA,-0.0018714041216298938
MPND_RNA,-0.001885018777102232
SLC25A25_RNA,-0.0019133096793666482
WDR5B_RNA,-0.0019344619940966368
KLHL38_RNA,-0.0019385793711990118
TARDBP_RNA,-0.0019722431898117065
EML1_RNA,-0.0019732126966118813
LRIG3_RNA,-0.0020376653410494328
KDM3A_RNA,-0.0020524810533970594
UGGT1_RNA,-0.0021019806154072285
ITGB7_RNA,-0.002185267163440585
C4orf33_RNA,-0.0022528679110109806
AGK_RNA,-0.0022597492206841707
COG7_RNA,-0.0022721977438777685
GNL3L_RNA,-0.0022734031081199646
GCM1_RNA,-0.0022806087508797646
CS_RNA,-0.0022966116666793823
TAGAP_RNA,-0.0023035891354084015
IPO11_RNA,-0.0023088064044713974
AMOTL1_RNA,-0.0023582265712320805
MRPL19_RNA,-0.0023666415363550186
CBLN3_RNA,-0.0024261355865746737
MRPS31_RNA,-0.0024499574210494757
ENTPD7_RNA,-0.002473156899213791
THBS2_RNA,-0.0025323210284113884
IL21_RNA,-0.0025895973667502403
SF3B1_RNA,-0.0025935780722647905
SOX9_RNA,-0.0026160324923694134
BRD4_RNA,-0.002624256769195199
STAT2_RNA,-0.002638394944369793
TMED6_RNA,-0.002679011784493923
NCOR2_RNA,-0.0027232638094574213
MIR33B_RNA,-0.002731675747781992
DNAJA1_RNA,-0.0027995530981570482
CNTROB_RNA,-0.0028094109147787094
CYB5D1_RNA,-0.002904331311583519
WDR91_RNA,-0.0029159386176615953
DCD_RNA,-0.0029960626270622015
SLC35A5_RNA,-0.0030146529898047447
SOX30_RNA,-0.003070578444749117
MAML1_RNA,-0.0031111256685107946
GOLIM4_RNA,-0.0031151578295975924
PAGE2B_RNA,-0.0032216666731983423
ATP6V1D_RNA,-0.003240572288632393
HSPA4_RNA,-0.003240796970203519
WDSUB1_RNA,-0.0032752014230936766
MAPKAPK5_RNA,-0.003279745113104582
RIBC2_RNA,-0.0033681225031614304
TRIM50_RNA,-0.003411892568692565
ZNF420_RNA,-0.0034747463651001453
NAA50_RNA,-0.0035242445301264524
CLIC6_RNA,-0.0035262941382825375
TMEM61_RNA,-0.003552529262378812
HSD11B1_RNA,-0.003559628501534462
ZNF496_RNA,-0.0036165043711662292
OPA3_RNA,-0.003641831688582897
C5orf58_RNA,-0.003804451087489724
NPC1L1_RNA,-0.0038095100317150354
DYNC1LI1_RNA,-0.0038290158845484257
TSGA10IP_RNA,-0.003914110828191042
PRAMEF12_RNA,-0.003957468084990978
MSH3_RNA,-0.003967361990362406
TTLL10_RNA,-0.003978387452661991
HMCN1_RNA,-0.003978519234806299
MRPL35_RNA,-0.004016580525785685
MIR483_RNA,-0.0040305620059370995
MIR495_RNA,-0.004038442391902208
TGFBR1_RNA,-0.004059394355863333
TIE1_RNA,-0.004095892421901226
TIMP3_RNA,-0.004102675244212151
BLK_RNA,-0.0041304235346615314
SLC26A7_RNA,-0.00418462511152029
GTPBP3_RNA,-0.004258338827639818
SP2_RNA,-0.004280839115381241
QRICH1_RNA,-0.0043194727040827274
AIRE_RNA,-0.004331653472036123
PNRC1_RNA,-0.004342048894613981
HHAT_RNA,-0.004355832003057003
PKNOX1_RNA,-0.004375854507088661
ZNF699_RNA,-0.00442306324839592
SMTNL2_RNA,-0.0044668312184512615
EGLN1_RNA,-0.0044894032180309296
PAPOLG_RNA,-0.004584961570799351
FUBP3_RNA,-0.0047479853965342045
TRIM39_RNA,-0.004764761310070753
HBG1_RNA,-0.004769140388816595
ATOH1_RNA,-0.004790432285517454
NUSAP1_RNA,-0.004815038293600082
AMPD1_RNA,-0.004816676024347544
DEFB119_RNA,-0.004835137166082859
MIR140_RNA,-0.004851298872381449
HOXD4_RNA,-0.004896628204733133
NHEG1_RNA,-0.004929670132696629
RPAP3_RNA,-0.00496957590803504
PPIL2_RNA,-0.004979860037565231
RBM45_RNA,-0.005011942703276873
CCNO_RNA,-0.005050367675721645
DPF3_RNA,-0.005090062040835619
SPNS3_RNA,-0.005134210456162691
PRB3_RNA,-0.005158810876309872
ZDHHC20_RNA,-0.0051907384768128395
NEUROG1_RNA,-0.005202367901802063
IPO4_RNA,-0.005203145556151867
UNC45B_RNA,-0.005321286618709564
DENND1A_RNA,-0.005433304235339165
MIR146B_RNA,-0.005491148214787245
FOXK2_RNA,-0.005493616219609976
LRRC47_RNA,-0.005494013428688049
SLC16A11_RNA,-0.005526823922991753
SMAD5_RNA,-0.00553180230781436
BTC_RNA,-0.005598901305347681
OTOA_RNA,-0.005638809408992529
NGFR_RNA,-0.005653316620737314
HSP90AA1_RNA,-0.005688366014510393
KIAA0753_RNA,-0.005728608462959528
TRIM68_RNA,-0.0057951100170612335
C1QTNF5_RNA,-0.0057996283285319805
MAPK6_RNA,-0.005802608095109463
PRM1_RNA,-0.0058085136115550995
TPBG_RNA,-0.005816635675728321
DHX9_RNA,-0.005822987761348486
STON1-GTF2A1L_RNA,-0.0058304304257035255
NOTCH4_RNA,-0.005883068777620792
NPEPPS_RNA,-0.0059377700090408325
CCNF_RNA,-0.005954764783382416
PLA2G4F_RNA,-0.005980513524264097
SUOX_RNA,-0.005990853998810053
MAP1LC3A_RNA,-0.0059956940822303295
MDH1B_RNA,-0.005999497137963772
ZAP70_RNA,-0.006025847513228655
DLG5_RNA,-0.00604739785194397
SCTR_RNA,-0.0061312587931752205
RNF214_RNA,-0.006138970144093037
TMEM63B_RNA,-0.006160431075841188
MED6_RNA,-0.006217694375663996
MTM1_RNA,-0.00625920295715332
C2CD2_RNA,-0.006285924464464188
BTN1A1_RNA,-0.006353337317705154
PHF8_RNA,-0.006376313976943493
ZNF563_RNA,-0.006396135315299034
GPATCH2_RNA,-0.006428029388189316
SAGE1_RNA,-0.006533874664455652
MIR320C1_RNA,-0.00656435452401638
HELT_RNA,-0.006670382339507341
PTCD3_RNA,-0.006686622742563486
SPAG17_RNA,-0.006721777841448784
RNF111_RNA,-0.006763399112969637
FYTTD1_RNA,-0.0067890118807554245
CHST15_RNA,-0.006795581895858049
SMARCD1_RNA,-0.006819082889705896
PACS1_RNA,-0.006822082679718733
PROM1_RNA,-0.006850377656519413
MIR204_RNA,-0.006859241519123316
ZNF385A_RNA,-0.0068718488328158855
ZNF18_RNA,-0.006902358960360289
APOL3_RNA,-0.006956573110073805
TBX21_RNA,-0.0069629717618227005
DMAP1_RNA,-0.007014753296971321
C11orf91_RNA,-0.0070671564899384975
RASL12_RNA,-0.007121645845472813
ZNF263_RNA,-0.007140255067497492
SCAP_RNA,-0.00714998971670866
RHAG_RNA,-0.007188366260379553
SPEG_RNA,-0.00719261821359396
LRRC40_RNA,-0.00732386065647006
KHK_RNA,-0.0073308683931827545
KRT23_RNA,-0.007342448458075523
SH3BP5L_RNA,-0.007369274273514748
RPAIN_RNA,-0.007388291414827108
GAS8_RNA,-0.0074022808112204075
NLRP10_RNA,-0.007440638262778521
BAIAP2_RNA,-0.007507274392992258
CCT6B_RNA,-0.007515178062021732
KLC4_RNA,-0.007548798806965351
ISCA1_RNA,-0.007579190190881491
POLG_RNA,-0.0076057580299675465
HCRT_RNA,-0.0076219262555241585
PSME4_RNA,-0.007633604109287262
NBPF3_RNA,-0.007637540344148874
MMS19_RNA,-0.007674317341297865
SNORD93_RNA,-0.007713597267866135
NUP133_RNA,-0.007716067135334015
PSCA_RNA,-0.00773792015388608
BAHD1_RNA,-0.007748653646558523
SAFB2_RNA,-0.007758810184895992
INHA_RNA,-0.007764468435198069
LETM2_RNA,-0.007765339221805334
FBXO28_RNA,-0.007807188667356968
IQCB1_RNA,-0.007833701558411121
EPHB3_RNA,-0.00795727875083685
RCCD1_RNA,-0.008013641461730003
LZTR1_RNA,-0.008052593097090721
IL5RA_RNA,-0.008069445379078388
STAB2_RNA,-0.008086731657385826
PAAF1_RNA,-0.008094040676951408
GPR15_RNA,-0.00814908742904663
COG5_RNA,-0.008185263723134995
C15orf32_RNA,-0.008194390684366226
ZNF823_RNA,-0.008219242095947266
WIZ_RNA,-0.008221862837672234
CX3CL1_RNA,-0.008272085338830948
MAP7D1_RNA,-0.008296340703964233
MSLN_RNA,-0.008352293632924557
PCDHGB7_RNA,-0.008354345336556435
SARS2_RNA,-0.008361464366316795
CTH_RNA,-0.008421449922025204
RPL22_RNA,-0.00849026907235384
PARP15_RNA,-0.008497960865497589
ITFG2_RNA,-0.008516865782439709
SNAP29_RNA,-0.008528484962880611
MIR1197_RNA,-0.008583729155361652
MFHAS1_RNA,-0.008587361313402653
ABCF3_RNA,-0.008684681728482246
CIB3_RNA,-0.008759777061641216
SIRT4_RNA,-0.008782103657722473
TFCP2_RNA,-0.008845232427120209
ZNFX1_RNA,-0.008890070952475071
SNORD115-22_RNA,-0.008894246071577072
LIG1_RNA,-0.008931804448366165
ZSCAN5A_RNA,-0.00893421471118927
E2F3_RNA,-0.008941863663494587
MAGEF1_RNA,-0.00894454587250948
MORC2_RNA,-0.008960852399468422
NAP1L1_RNA,-0.008972151204943657
SEC22C_RNA,-0.008974582888185978
PANX1_RNA,-0.008981074206531048
SCARNA20_RNA,-0.00898410752415657
KIF15_RNA,-0.009014795534312725
ATP11C_RNA,-0.009020224213600159
HEMK1_RNA,-0.009039768017828465
LLPH_RNA,-0.009046853519976139
ZNF239_RNA,-0.00920877419412136
TMEM97_RNA,-0.009264304302632809
PRMT7_RNA,-0.009305435232818127
SIN3A_RNA,-0.009321662597358227
GLRX2_RNA,-0.009335285983979702
HORMAD2_RNA,-0.009341631084680557
MAP3K7_RNA,-0.009360700845718384
CDK11B_RNA,-0.00943887047469616
CCDC77_RNA,-0.009445610456168652
MKKS_RNA,-0.009449898265302181
CBX1_RNA,-0.009450229816138744
TCL1A_RNA,-0.009498966857790947
FUT6_RNA,-0.009516919031739235
DDB1_RNA,-0.00952808279544115
RPGRIP1_RNA,-0.009528113529086113
CHAF1A_RNA,-0.009597815573215485
PPIL4_RNA,-0.009605060331523418
UBLCP1_RNA,-0.00961674191057682
CMTM1_RNA,-0.009631683118641376
NDUFB8_RNA,-0.009670747444033623
OR7C2_RNA,-0.009672179818153381
SIRT3_RNA,-0.009702504612505436
SREBF1_RNA,-0.009777115657925606
SLC30A1_RNA,-0.009777827188372612
SNORD15B_RNA,-0.009782642126083374
RAB5A_RNA,-0.009827439673244953
COX6A2_RNA,-0.009850497357547283
HLA-DPB2_RNA,-0.009925970807671547
PRPF38B_RNA,-0.010012145154178143
GLOD5_RNA,-0.0100123705342412
MXD1_RNA,-0.010016928426921368
LARP7_RNA,-0.010020786896348
GALNT3_RNA,-0.010050547309219837
SLC27A4_RNA,-0.010076803155243397
TRIM34_RNA,-0.010122285224497318
GALC_RNA,-0.010148318484425545
MAFA_RNA,-0.010166446678340435
ELOVL3_RNA,-0.010167551226913929
TTLL4_RNA,-0.010170623660087585
DNAJC9_RNA,-0.010191356763243675
ROBO3_RNA,-0.01027747243642807
PPM1F_RNA,-0.010330098681151867
SNORA7B_RNA,-0.0104869045317173
LRRC46_RNA,-0.010541081428527832
CEP57_RNA,-0.010547759011387825
TM4SF4_RNA,-0.010549645870923996
CTBP1_RNA,-0.01057608611881733
ZNF792_RNA,-0.010615674778819084
STK32A_RNA,-0.01062010694295168
DHX33_RNA,-0.010716944932937622
COMP_RNA,-0.010737349279224873
AP3D1_RNA,-0.010763978585600853
E2F2_RNA,-0.010782859288156033
MIR548J_RNA,-0.010865242220461369
MIR409_RNA,-0.010868817567825317
SLC36A4_RNA,-0.010871983133256435
NMU_RNA,-0.010873054154217243
TOX4_RNA,-0.010889025405049324
LRRC45_RNA,-0.010892746970057487
PCYOX1L_RNA,-0.010908256284892559
MIR601_RNA,-0.01091975811868906
TBK1_RNA,-0.010956293903291225
ZKSCAN5_RNA,-0.010962014086544514
PLA2G7_RNA,-0.01098061352968216
ZCCHC3_RNA,-0.010991351678967476
USP3_RNA,-0.011026784777641296
RCL1_RNA,-0.011106995865702629
FECH_RNA,-0.011197537183761597
PCYOX1_RNA,-0.01123364269733429
DDX60_RNA,-0.011254850775003433
B3GNT3_RNA,-0.01125797163695097
ANKRD35_RNA,-0.011260349303483963
KREMEN1_RNA,-0.011282837949693203
EXOG_RNA,-0.01131016667932272
DGCR2_RNA,-0.011398333124816418
PRG2_RNA,-0.011407516896724701
JUND_RNA,-0.011421214789152145
PDSS1_RNA,-0.01144455187022686
MIR29A_RNA,-0.011453729122877121
ZKSCAN4_RNA,-0.011477125808596611
C12orf60_RNA,-0.011522375978529453
QRFP_RNA,-0.011545355431735516
HSPA14_RNA,-0.011548995971679688
FAM81B_RNA,-0.011609070003032684
TTC8_RNA,-0.011649655178189278
RRN3P2_RNA,-0.011659066192805767
NPC1_RNA,-0.011695479974150658
VSIG1_RNA,-0.011724053882062435
FOXH1_RNA,-0.011752640828490257
ZNF567_RNA,-0.011843396350741386
AMIGO2_RNA,-0.011845163069665432
ANO9_RNA,-0.01186342816799879
HAND1_RNA,-0.011882700957357883
PTCHD3_RNA,-0.011919100768864155
MIR938_RNA,-0.011921043507754803
GCHFR_RNA,-0.011926974169909954
TAF1D_RNA,-0.011950897052884102
SLC25A32_RNA,-0.011977129615843296
MMGT1_RNA,-0.01209136564284563
COLEC12_RNA,-0.0121152987703681
SPRR3_RNA,-0.012121973559260368
MMP23B_RNA,-0.012194277718663216
GMCL1_RNA,-0.012393118813633919
CORIN_RNA,-0.012394510209560394
RAB24_RNA,-0.012398218736052513
XPOT_RNA,-0.012425589375197887
MED29_RNA,-0.01243604626506567
PDLIM5_RNA,-0.012472812086343765
RFESD_RNA,-0.012503538280725479
IFT81_RNA,-0.012509390711784363
MIR1286_RNA,-0.012523375451564789
TGOLN2_RNA,-0.012565513141453266
PRPSAP2_RNA,-0.012572266161441803
SCYL3_RNA,-0.012579510919749737
ZDHHC8_RNA,-0.012585639022290707
OR2A14_RNA,-0.012635592371225357
SOX17_RNA,-0.012648315168917179
COG6_RNA,-0.012666715309023857
RGS6_RNA,-0.012691766023635864
VANGL2_RNA,-0.012834187597036362
SAMD4B_RNA,-0.012835035100579262
MGAT4A_RNA,-0.012840637005865574
MIR1278_RNA,-0.012888360768556595
USP42_RNA,-0.012927193194627762
RALBP1_RNA,-0.012943407520651817
PISD_RNA,-0.01294938288629055
ERICH1_RNA,-0.01295076310634613
ATF7_RNA,-0.012954509817063808
TTC17_RNA,-0.012971463613212109
INTS3_RNA,-0.012973778881132603
MMP27_RNA,-0.012988460250198841
IVL_RNA,-0.013017200864851475
MGRN1_RNA,-0.013057900592684746
FBXO47_RNA,-0.013064379803836346
LRRC14_RNA,-0.013132705353200436
AZU1_RNA,-0.01330462098121643
UGT3A2_RNA,-0.013364125043153763
MIR187_RNA,-0.013417867943644524
NEK9_RNA,-0.013493955135345459
OR52N1_RNA,-0.013522962108254433
MAP3K3_RNA,-0.0135258873924613
CST9_RNA,-0.013529440388083458
GATA5_RNA,-0.013560213148593903
DAZAP1_RNA,-0.013604467734694481
MIR659_RNA,-0.013656864874064922
SFTPB_RNA,-0.013680021278560162
PAQR3_RNA,-0.013688301667571068
AFM_RNA,-0.013723907992243767
ZFYVE1_RNA,-0.013725748285651207
RNASEH2B_RNA,-0.013729383237659931
HIRIP3_RNA,-0.01373481284826994
LZIC_RNA,-0.013788224197924137
USP8_RNA,-0.013866695575416088
KLHL22_RNA,-0.013988137245178223
RAX_RNA,-0.013996023684740067
CRIP1_RNA,-0.014018072746694088
NPHP3_RNA,-0.014065880328416824
ZNF716_RNA,-0.014158820733428001
INSL5_RNA,-0.014232810586690903
CENPT_RNA,-0.014258400537073612
PRL_RNA,-0.01427893154323101
CHTF8_RNA,-0.014353101141750813
RABL2A_RNA,-0.01439616084098816
C11orf86_RNA,-0.014397187158465385
SLC4A3_RNA,-0.01444764994084835
ACY1_RNA,-0.014460233971476555
DOHH_RNA,-0.01455870270729065
HGS_RNA,-0.01462494395673275
SCO1_RNA,-0.014705616980791092
CBLB_RNA,-0.014705932699143887
SPATA9_RNA,-0.014816677197813988
PIGP_RNA,-0.014852534979581833
MIR548N_RNA,-0.014876089990139008
VWA3B_RNA,-0.014935299754142761
AGPS_RNA,-0.01493640523403883
SUPT5H_RNA,-0.014985824003815651
XIRP1_RNA,-0.01500356663018465
MYH4_RNA,-0.015018528327345848
TMEM88_RNA,-0.015042748302221298
VAMP4_RNA,-0.015054283663630486
LMBRD1_RNA,-0.015067779459059238
SLC20A2_RNA,-0.015074077062308788
MAPK1IP1L_RNA,-0.015097800642251968
MYLIP_RNA,-0.015129161067306995
CSNK2A2_RNA,-0.015169771388173103
OR6B1_RNA,-0.015184604562819004
DNAJC24_RNA,-0.015236714854836464
CHURC1_RNA,-0.015263792127370834
LRP12_RNA,-0.01527743972837925
TSHZ2_RNA,-0.015338891185820103
TEX9_RNA,-0.015501866117119789
ADCY7_RNA,-0.015514422208070755
TMEM106B_RNA,-0.015521805733442307
C8B_RNA,-0.015524807386100292
GPR20_RNA,-0.015554899349808693
RAB8B_RNA,-0.015562538057565689
NBR2_RNA,-0.01565154269337654
SNX25_RNA,-0.015655243769288063
PFAS_RNA,-0.015693729743361473
KCNE2_RNA,-0.015708282589912415
IL6ST_RNA,-0.015708401799201965
FIGLA_RNA,-0.015739915892481804
UGT2B15_RNA,-0.015746060758829117
DNAJC7_RNA,-0.015754956752061844
ANXA13_RNA,-0.015787573531270027
NUDT16_RNA,-0.0158369280397892
PPP2R1B_RNA,-0.015862712636590004
ZNF582_RNA,-0.015919625759124756
ZNF71_RNA,-0.015933334827423096
SLC6A9_RNA,-0.015934957191348076
ART3_RNA,-0.015981746837496758
MYF6_RNA,-0.01600828766822815
ABHD14A_RNA,-0.016036098822951317
PDHA1_RNA,-0.016084395349025726
VSIG10_RNA,-0.01611059345304966
PILRB_RNA,-0.01614159531891346
SEC14L1_RNA,-0.016147539019584656
TRIM31_RNA,-0.01620316505432129
ZFAT_RNA,-0.01623517833650112
MBD1_RNA,-0.01629277691245079
CRYBB2_RNA,-0.016301430761814117
GDF3_RNA,-0.01631065085530281
ATAD3B_RNA,-0.016338715329766273
FICD_RNA,-0.01635557785630226
DDX55_RNA,-0.016357310116291046
SEMA3A_RNA,-0.016362719237804413
SCYL2_RNA,-0.016386978328227997
DNASE2B_RNA,-0.016404151916503906
URB1_RNA,-0.016408652067184448
PCOTH_RNA,-0.01642807386815548
DHX30_RNA,-0.016500288620591164
UNK_RNA,-0.01657186448574066
POLH_RNA,-0.01657746732234955
PITPNM1_RNA,-0.016578905284404755
SDR42E1_RNA,-0.016614895313978195
FAM177A1_RNA,-0.016650989651679993
GLI3_RNA,-0.01665356568992138
LOC100131496_RNA,-0.01665671542286873
NRL_RNA,-0.016657767817378044
RAD9B_RNA,-0.01669951155781746
KAT2A_RNA,-0.01671450398862362
PIGG_RNA,-0.016715360805392265
PLEKHM2_RNA,-0.01675320975482464
FOXP4_RNA,-0.01678595505654812
CALM2_RNA,-0.016805779188871384
THAP10_RNA,-0.01680920645594597
C16orf86_RNA,-0.016823358833789825
RBM12_RNA,-0.01684030517935753
FHL1_RNA,-0.016854288056492805
ZBTB17_RNA,-0.016872668638825417
UTS2_RNA,-0.017001798376441002
TSPAN16_RNA,-0.017027540132403374
OPLAH_RNA,-0.01704164780676365
MDP1_RNA,-0.017054332420229912
CD226_RNA,-0.017115315422415733
IQCF1_RNA,-0.017124706879258156
IFFO1_RNA,-0.01714457757771015
MYPOP_RNA,-0.01719445176422596
TIAL1_RNA,-0.017247725278139114
USP10_RNA,-0.017270473763346672
AKAP10_RNA,-0.01727277599275112
MIR191_RNA,-0.01733614131808281
DHH_RNA,-0.01737251505255699
SRRD_RNA,-0.017478426918387413
AK3_RNA,-0.017479509115219116
RNF40_RNA,-0.017531707882881165
NSUN7_RNA,-0.017542272806167603
PAGE2_RNA,-0.017551323398947716
MAT2A_RNA,-0.017557524144649506
MIR374A_RNA,-0.017642561346292496
EPS15_RNA,-0.017679961398243904
NEURL3_RNA,-0.01769811101257801
MIR183_RNA,-0.017784520983695984
FOXL2_RNA,-0.017917703837156296
GNAS_RNA,-0.01795651763677597
PCDHGC3_RNA,-0.017961528152227402
SMARCC1_RNA,-0.017967192456126213
UCMA_RNA,-0.0179714597761631
MYO1A_RNA,-0.017990579828619957
RBM14_RNA,-0.018012261018157005
ZNRF1_RNA,-0.01804451458156109
FGF18_RNA,-0.018051628023386
RAF1_RNA,-0.018107563257217407
HNRNPR_RNA,-0.01813109591603279
NDOR1_RNA,-0.018187623471021652
KLK3_RNA,-0.01818934641778469
ZNF747_RNA,-0.018268035724759102
ZNF653_RNA,-0.018270308151841164
CPT1A_RNA,-0.018288573250174522
OSR1_RNA,-0.018288906663656235
OSGEPL1_RNA,-0.01829342544078827
RPP25_RNA,-0.018316922709345818
FLT4_RNA,-0.018335586413741112
SMC5_RNA,-0.018370479345321655
PLA2G2D_RNA,-0.018411768600344658
VCAN_RNA,-0.018460487946867943
NOM1_RNA,-0.01846357248723507
CDC5L_RNA,-0.01847047731280327
FUT5_RNA,-0.018473152071237564
MED24_RNA,-0.018517378717660904
INF2_RNA,-0.0185385812073946
THAP6_RNA,-0.01858566515147686
RAD1_RNA,-0.018588837236166
SAMD1_RNA,-0.018597370013594627
NRF1_RNA,-0.018723277375102043
VMA21_RNA,-0.018737969920039177
SLC22A23_RNA,-0.018740475177764893
MBTPS1_RNA,-0.01874631643295288
SPATA7_RNA,-0.018748214468359947
ZNF474_RNA,-0.018753327429294586
CALR3_RNA,-0.0187568087130785
MAGEC2_RNA,-0.018763117492198944
SMURF2_RNA,-0.0188249833881855
TBX6_RNA,-0.018849747255444527
MIR376A1_RNA,-0.01885123737156391
HSH2D_RNA,-0.018882503733038902
NUP50_RNA,-0.018892141059041023
COL4A6_RNA,-0.01891363598406315
GALR2_RNA,-0.01892305351793766
ARG2_RNA,-0.018932994455099106
SNRNP48_RNA,-0.018962059170007706
FZD4_RNA,-0.018976546823978424
LYG1_RNA,-0.019071796908974648
PPP1R3A_RNA,-0.01908617839217186
ABCB4_RNA,-0.01909729652106762
L3MBTL3_RNA,-0.019127601757645607
MIR627_RNA,-0.01921725831925869
MDH1_RNA,-0.019225595518946648
PBX2_RNA,-0.019240284338593483
RUSC1_RNA,-0.019249189645051956
DDX60L_RNA,-0.01925305277109146
HAUS5_RNA,-0.019257215782999992
ACSF3_RNA,-0.019309252500534058
DRD2_RNA,-0.01931096613407135
ARL5A_RNA,-0.01933414675295353
KRTAP7-1_RNA,-0.019335804507136345
HAGH_RNA,-0.01933753304183483
MIR493_RNA,-0.019402548670768738
FETUB_RNA,-0.019408531486988068
ZG16B_RNA,-0.019428979605436325
SLC38A9_RNA,-0.019445467740297318
FDXACB1_RNA,-0.01951313391327858
GPATCH1_RNA,-0.01953844726085663
ZBTB46_RNA,-0.019566288217902184
LALBA_RNA,-0.019570864737033844
AIM2_RNA,-0.019594287499785423
OR7D4_RNA,-0.019621362909674644
CA1_RNA,-0.019621917977929115
SUPT7L_RNA,-0.019673176109790802
FRAT2_RNA,-0.019700299948453903
FRMD6_RNA,-0.019712796434760094
MIR1185-1_RNA,-0.019724588841199875
TMEM131_RNA,-0.0197282787412405
ANP32D_RNA,-0.019749527797102928
AKT2_RNA,-0.019822293892502785
FBXL15_RNA,-0.019829683005809784
GAPVD1_RNA,-0.01984068751335144
CCL16_RNA,-0.01985630951821804
POLA1_RNA,-0.019857274368405342
COX10_RNA,-0.019870195537805557
MTMR6_RNA,-0.019933342933654785
PRR15L_RNA,-0.019948557019233704
TSPAN12_RNA,-0.02003355696797371
MFN1_RNA,-0.02004830539226532
POLL_RNA,-0.020078632980585098
ARSG_RNA,-0.020082509145140648
DMRT1_RNA,-0.0201413631439209
MIR425_RNA,-0.020142769441008568
MFAP3_RNA,-0.020159626379609108
ZNF706_RNA,-0.020160388201475143
BCL6B_RNA,-0.020198019221425056
RRP1B_RNA,-0.020205797627568245
TTL_RNA,-0.020230218768119812
SART3_RNA,-0.020265741273760796
NEURL2_RNA,-0.020292920991778374
ANAPC2_RNA,-0.020355738699436188
MIR412_RNA,-0.020391060039401054
FOXG1_RNA,-0.020414147526025772
GIPC2_RNA,-0.02043166570365429
PDS5A_RNA,-0.020442934706807137
PTP4A1_RNA,-0.020453408360481262
NYNRIN_RNA,-0.02046508900821209
CLSPN_RNA,-0.020493723452091217
KRT2_RNA,-0.02049541287124157
HAO2_RNA,-0.020538942888379097
NAE1_RNA,-0.020576925948262215
MS4A15_RNA,-0.020624762400984764
SMAD3_RNA,-0.020653072744607925
TNFSF9_RNA,-0.02069539949297905
CSE1L_RNA,-0.020719002932310104
GPR152_RNA,-0.02072582021355629
DNMT1_RNA,-0.02077670954167843
CSNK1G1_RNA,-0.020785344764590263
MIR592_RNA,-0.020864170044660568
RRAD_RNA,-0.020894594490528107
TMCO2_RNA,-0.02101714350283146
PGA3_RNA,-0.021102558821439743
TMEM80_RNA,-0.021113837137818336
ACTR6_RNA,-0.021120183169841766
RCHY1_RNA,-0.02118120901286602
ZBTB1_RNA,-0.021212054416537285
MTRF1_RNA,-0.021220102906227112
GSPT1_RNA,-0.021304192021489143
SLA2_RNA,-0.02130443975329399
NKX2-3_RNA,-0.021306633949279785
CNBD1_RNA,-0.021389763802289963
SEL1L_RNA,-0.02139529027044773
ASAP1_RNA,-0.021439069882035255
MTIF2_RNA,-0.02148430421948433
CEP135_RNA,-0.021500807255506516
TNP1_RNA,-0.021539583802223206
MAST2_RNA,-0.021598288789391518
SHC2_RNA,-0.021638723090291023
CLEC3B_RNA,-0.021750595420598984
BMP4_RNA,-0.021773671731352806
MAP1LC3B2_RNA,-0.021845562383532524
TAF2_RNA,-0.021876506507396698
TEP1_RNA,-0.02191711962223053
PROK1_RNA,-0.021939484402537346
LAX1_RNA,-0.021943891420960426
NKX3-2_RNA,-0.021984141319990158
COL5A3_RNA,-0.022022979333996773
HNRNPH2_RNA,-0.022082572802901268
CABP5_RNA,-0.022116724401712418
UGGT2_RNA,-0.022124459967017174
UPF1_RNA,-0.022134171798825264
MLLT1_RNA,-0.022169115021824837
GNA11_RNA,-0.022218460217118263
PFDN5_RNA,-0.022223668172955513
AGGF1_RNA,-0.022227130830287933
ATP2C1_RNA,-0.022255484014749527
POMT1_RNA,-0.022256461903452873
SLC28A1_RNA,-0.022258160635828972
ING5_RNA,-0.022270560264587402
SNX18_RNA,-0.022298870608210564
TSPAN32_RNA,-0.022337626665830612
SLC10A4_RNA,-0.022343045100569725
TRIM45_RNA,-0.022374967113137245
DLGAP4_RNA,-0.02239535190165043
ABCG1_RNA,-0.022412436082959175
BNIP2_RNA,-0.022423436865210533
MEIS3_RNA,-0.02249479852616787
NPAS1_RNA,-0.022543253377079964
NCKAP5L_RNA,-0.02254776656627655
TTF1_RNA,-0.022601967677474022
FBXO3_RNA,-0.022606229409575462
DNMT3L_RNA,-0.02275346778333187
NYX_RNA,-0.022754883393645287
RPH3AL_RNA,-0.022763211280107498
CNNM4_RNA,-0.02278309501707554
SNORD104_RNA,-0.022813646122813225
MIR1185-2_RNA,-0.022821104153990746
SMURF1_RNA,-0.022831682115793228
FBXO42_RNA,-0.022854741662740707
SLC7A8_RNA,-0.022892333567142487
PGAM4_RNA,-0.02290569618344307
FOXB2_RNA,-0.02301054261624813
OR2B11_RNA,-0.023115117102861404
APLNR_RNA,-0.023132355883717537
PIWIL3_RNA,-0.02319827675819397
ARFGAP1_RNA,-0.0232128594070673
NUP93_RNA,-0.023214824497699738
ROS1_RNA,-0.023227985948324203
KBTBD8_RNA,-0.02323351427912712
TBP_RNA,-0.023271529003977776
KLHL5_RNA,-0.02330721542239189
NUP43_RNA,-0.023311566561460495
F8_RNA,-0.023327136412262917
FYCO1_RNA,-0.023348506540060043
ARHGEF16_RNA,-0.023381030187010765
CCDC50_RNA,-0.02340867556631565
MIR1305_RNA,-0.023412244394421577
FRMD1_RNA,-0.023493394255638123
MAP2K7_RNA,-0.023502646014094353
PSPN_RNA,-0.023593664169311523
NUDT3_RNA,-0.0235957782715559
ACSL5_RNA,-0.023596681654453278
ADCY6_RNA,-0.023625072091817856
ABL2_RNA,-0.023663586005568504
TMEM82_RNA,-0.023687725886702538
TRANK1_RNA,-0.023723077028989792
XPR1_RNA,-0.023748358711600304
CYP20A1_RNA,-0.023765288293361664
ZNF586_RNA,-0.023812592029571533
DIO1_RNA,-0.02391801029443741
ZNF223_RNA,-0.023992348462343216
PPAN_RNA,-0.023997647687792778
SMG5_RNA,-0.02406664937734604
MBNL1_RNA,-0.02406672202050686
CERK_RNA,-0.024177156388759613
ARMC5_RNA,-0.02417786419391632
PREX1_RNA,-0.02425200492143631
NDUFC2_RNA,-0.02428024634718895
MAP2K1_RNA,-0.024336200207471848
WWC3_RNA,-0.024337410926818848
LYPLAL1_RNA,-0.024434614926576614
DBNDD1_RNA,-0.024458494037389755
PHACTR4_RNA,-0.02446598932147026
OPN5_RNA,-0.024559102952480316
KIR3DL1_RNA,-0.02456877939403057
MIR411_RNA,-0.02459309622645378
ASB8_RNA,-0.024612730368971825
SLC27A6_RNA,-0.024641403928399086
MIR382_RNA,-0.024715375155210495
SNORA30_RNA,-0.024763070046901703
FBXO9_RNA,-0.02485751174390316
ZNF446_RNA,-0.02490830235183239
RPRD1A_RNA,-0.024935228750109673
FAM151B_RNA,-0.02495514042675495
GEMIN7_RNA,-0.025043437257409096
HAVCR1_RNA,-0.025072835385799408
ST3GAL6_RNA,-0.02508191578090191
MIR1266_RNA,-0.025127794593572617
CALCR_RNA,-0.02516039088368416
ANTXR1_RNA,-0.02516091801226139
ZBED4_RNA,-0.025180380791425705
LRRIQ4_RNA,-0.025186436250805855
CDKAL1_RNA,-0.02523411251604557
TLE2_RNA,-0.025286102667450905
OCRL_RNA,-0.025433355942368507
STX16_RNA,-0.02543436922132969
LMBR1_RNA,-0.025483332574367523
TRIP12_RNA,-0.02551613748073578
FASTKD5_RNA,-0.02552255056798458
MUC17_RNA,-0.025530917569994926
CPOX_RNA,-0.025534028187394142
ASB13_RNA,-0.025583337992429733
OTX1_RNA,-0.025594856590032578
TGM4_RNA,-0.025652535259723663
ADIPOR2_RNA,-0.02566261775791645
MIR26B_RNA,-0.025673281401395798
MTMR2_RNA,-0.025681370869278908
AQP12A_RNA,-0.02569342590868473
SEMA4C_RNA,-0.025698602199554443
BRAP_RNA,-0.02573028951883316
VTA1_RNA,-0.025762559846043587
RBM4B_RNA,-0.025794681161642075
SIX4_RNA,-0.025797897949814796
JAZF1_RNA,-0.025806104764342308
FAM53C_RNA,-0.025817465037107468
LRRC61_RNA,-0.025876738131046295
SLC35B4_RNA,-0.025891641154885292
CUL4B_RNA,-0.025898363441228867
IFRD1_RNA,-0.025907350704073906
CCDC3_RNA,-0.025920679792761803
CRYBA1_RNA,-0.025995511561632156
ARMCX1_RNA,-0.026020117104053497
C11orf16_RNA,-0.026071298867464066
LOH12CR2_RNA,-0.026079295203089714
KC6_RNA,-0.026121433824300766
SNORD115-30_RNA,-0.0261393915861845
NFYA_RNA,-0.026139995083212852
IFI27_RNA,-0.02614664100110531
TMEM174_RNA,-0.026167746633291245
MIR766_RNA,-0.026195570826530457
FZD6_RNA,-0.026222053915262222
APOA2_RNA,-0.026239072903990746
USP28_RNA,-0.026261674240231514
SPATA4_RNA,-0.026283415034413338
SNHG4_RNA,-0.02629685215651989
ZNF28_RNA,-0.026346420869231224
OR2A12_RNA,-0.02636333927512169
PRR23A_RNA,-0.026395199820399284
STXBP3_RNA,-0.026403706520795822
TOP3A_RNA,-0.026492036879062653
VPS4A_RNA,-0.026505522429943085
LYSMD3_RNA,-0.026525715366005898
ZNF202_RNA,-0.026526598259806633
NPDC1_RNA,-0.02657393179833889
TMPRSS6_RNA,-0.026578528806567192
XPC_RNA,-0.026592327281832695
MATN1_RNA,-0.026614466682076454
CNGA2_RNA,-0.02661464735865593
PRPF6_RNA,-0.026661325246095657
MIR379_RNA,-0.026669928804039955
LZTS2_RNA,-0.02669844590127468
RPTOR_RNA,-0.026743661612272263
MTA1_RNA,-0.026932867243885994
ARMC8_RNA,-0.026945311576128006
MFAP5_RNA,-0.026966100558638573
SLC17A2_RNA,-0.027027016505599022
MRPL42_RNA,-0.027027379721403122
ATAD2_RNA,-0.027032289654016495
IDH3A_RNA,-0.02704276517033577
GGNBP2_RNA,-0.02704288624227047
HSD17B4_RNA,-0.027044637128710747
PTPN13_RNA,-0.027047686278820038
UBE3A_RNA,-0.0270717591047287
BRPF1_RNA,-0.027122706174850464
CLDN6_RNA,-0.027126599103212357
SNORD100_RNA,-0.027148615568876266
C1orf210_RNA,-0.027165021747350693
PAX9_RNA,-0.02719203196465969
KRT13_RNA,-0.027203774079680443
FITM2_RNA,-0.027212323620915413
TTPAL_RNA,-0.02721850760281086
SIRT2_RNA,-0.027263397350907326
ZBED2_RNA,-0.027306081727147102
C16orf82_RNA,-0.027310015633702278
WNT5B_RNA,-0.027377616614103317
CYTH3_RNA,-0.027386903762817383
WRNIP1_RNA,-0.027400808408856392
CPN2_RNA,-0.027504069730639458
TEX13B_RNA,-0.02750936523079872
EXOC1_RNA,-0.027579007670283318
ANKH_RNA,-0.027621978893876076
ZNF443_RNA,-0.02765587903559208
REM1_RNA,-0.027702949941158295
SLC28A3_RNA,-0.02771659381687641
STAG1_RNA,-0.027722155675292015
RSAD2_RNA,-0.027748513966798782
BCKDHB_RNA,-0.02777259051799774
SNORD115-41_RNA,-0.027811825275421143
SLC39A6_RNA,-0.027849996462464333
IPO8_RNA,-0.027891192585229874
OR51E2_RNA,-0.027932338416576385
E4F1_RNA,-0.027965176850557327
ZBTB6_RNA,-0.02801184356212616
EMILIN3_RNA,-0.028053730726242065
KDM5C_RNA,-0.028118357062339783
KIF11_RNA,-0.02814001776278019
PAPPA2_RNA,-0.0281537976115942
ZNF319_RNA,-0.028210638090968132
EYA3_RNA,-0.028233544901013374
PIWIL1_RNA,-0.028238516300916672
VPS35_RNA,-0.0282539501786232
CDC25A_RNA,-0.028268028050661087
YAF2_RNA,-0.028289102017879486
MUSTN1_RNA,-0.028326943516731262
PFKFB3_RNA,-0.02833482064306736
DUOX2_RNA,-0.02833673544228077
MKRN1_RNA,-0.028400197625160217
TCHH_RNA,-0.028414305299520493
CLCNKB_RNA,-0.028448212891817093
EXD2_RNA,-0.028453335165977478
TM4SF18_RNA,-0.028456566855311394
COLEC10_RNA,-0.028464632108807564
STMN3_RNA,-0.02848360501229763
NCAPD3_RNA,-0.028486987575888634
TAS2R1_RNA,-0.028493845835328102
SETDB1_RNA,-0.028512099757790565
PRR3_RNA,-0.028544286265969276
TCF12_RNA,-0.02857600711286068
MTO1_RNA,-0.028595849871635437
MKI67_RNA,-0.028596801683306694
BCKDHA_RNA,-0.028621794655919075
SNORA35_RNA,-0.02871754765510559
C7orf33_RNA,-0.028718376532197
ESRRB_RNA,-0.028723478317260742
LILRB5_RNA,-0.028724590316414833
DUOXA1_RNA,-0.02872692607343197
UGT1A1_RNA,-0.02875380776822567
GCOM1_RNA,-0.028857363387942314
SPRR2A_RNA,-0.02890903875231743
YIPF6_RNA,-0.028939833864569664
PKDCC_RNA,-0.028993703424930573
MCC_RNA,-0.029049865901470184
AWAT2_RNA,-0.02906818501651287
SNORD115-43_RNA,-0.029076386243104935
UGT2B7_RNA,-0.029093455523252487
RGL1_RNA,-0.029146555811166763
TRMT5_RNA,-0.029176007956266403
NOX1_RNA,-0.02917826920747757
CD247_RNA,-0.029211584478616714
RNU11_RNA,-0.02936321124434471
NME6_RNA,-0.029416678473353386
SRRM1_RNA,-0.02942189946770668
ZNF219_RNA,-0.029452135786414146
MOGAT2_RNA,-0.0294656939804554
MIR505_RNA,-0.029477806761860847
EXOC3_RNA,-0.02948206663131714
KRTAP19-8_RNA,-0.029489809647202492
STK36_RNA,-0.02953246608376503
TTLL8_RNA,-0.029535476118326187
TBCD_RNA,-0.029599294066429138
SMG7_RNA,-0.029601184651255608
SIDT2_RNA,-0.02960151992738247
STARD13_RNA,-0.029608072713017464
MIR200A_RNA,-0.029619280248880386
FGF19_RNA,-0.029621655121445656
C5orf34_RNA,-0.02963004633784294
ARFGAP2_RNA,-0.029631556943058968
FGF6_RNA,-0.02964508719742298
ETV3_RNA,-0.02965521812438965
OS9_RNA,-0.029691005125641823
NPHP4_RNA,-0.029721587896347046
NFS1_RNA,-0.02972530387341976
SNORD89_RNA,-0.029787972569465637
TLR9_RNA,-0.029817648231983185
ZNF512_RNA,-0.029846541583538055
SNORD111_RNA,-0.029862597584724426
RBM44_RNA,-0.029865607619285583
ABI3BP_RNA,-0.029920894652605057
ADSL_RNA,-0.029956307262182236
ETV1_RNA,-0.029968196526169777
PAX4_RNA,-0.029988475143909454
SUZ12_RNA,-0.029989449307322502
CD101_RNA,-0.030050378292798996
CYB561D1_RNA,-0.03012845665216446
SETD3_RNA,-0.03024274669587612
SENP8_RNA,-0.030280152335762978
OLIG3_RNA,-0.030316662043333054
NPR2_RNA,-0.030444979667663574
TAF6L_RNA,-0.03051191195845604
FAM76A_RNA,-0.030542751774191856
UBFD1_RNA,-0.030551563948392868
ZNF639_RNA,-0.030600273981690407
MIR889_RNA,-0.030616339296102524
MYOG_RNA,-0.030696319416165352
PPIL6_RNA,-0.030727166682481766
NINJ2_RNA,-0.03073255904018879
CHST10_RNA,-0.030755339190363884
LRFN1_RNA,-0.030777081847190857
MIR496_RNA,-0.030793512240052223
MEIS1_RNA,-0.030798884108662605
RMND5B_RNA,-0.030826421454548836
DIS3L2_RNA,-0.03083791583776474
GPR50_RNA,-0.030886173248291016
ALAD_RNA,-0.03090890310704708
ATP8B2_RNA,-0.030923394486308098
SMYD4_RNA,-0.030930589884519577
ESPN_RNA,-0.031045803800225258
IQCK_RNA,-0.03106985054910183
MIR381_RNA,-0.031072137877345085
LRRC3_RNA,-0.031072745099663734
MDM2_RNA,-0.031099749729037285
ZNF226_RNA,-0.031163964420557022
C2orf68_RNA,-0.031223809346556664
MYL1_RNA,-0.03130318969488144
ASB3_RNA,-0.03131341561675072
GSC2_RNA,-0.031317830085754395
SERPINA12_RNA,-0.031360507011413574
WDR36_RNA,-0.03143635392189026
TCOF1_RNA,-0.03149398788809776
TMF1_RNA,-0.031515657901763916
SNORD1B_RNA,-0.03152624890208244
RFX5_RNA,-0.03153572976589203
PIGX_RNA,-0.031569723039865494
KLK2_RNA,-0.03166080266237259
FANCA_RNA,-0.031687185168266296
SAP130_RNA,-0.03171860799193382
FGF21_RNA,-0.031833235174417496
NEK7_RNA,-0.03184050694108009
MIR551A_RNA,-0.03188184276223183
SAMD3_RNA,-0.03193916380405426
ATP1B2_RNA,-0.031943488866090775
THAP2_RNA,-0.031948890537023544
ZNF764_RNA,-0.03195549175143242
CTBP2_RNA,-0.03206055983901024
CDK13_RNA,-0.03206344321370125
RAB2B_RNA,-0.03208177909255028
ACTR8_RNA,-0.03210442513227463
TMC6_RNA,-0.03215955197811127
MIR548F3_RNA,-0.03222508728504181
AP2A1_RNA,-0.03222908824682236
SPP2_RNA,-0.03223688155412674
SMU1_RNA,-0.032246097922325134
THUMPD2_RNA,-0.03228280320763588
C1GALT1_RNA,-0.032297052443027496
RGS9BP_RNA,-0.032298997044563293
NSUN3_RNA,-0.03233372047543526
ING3_RNA,-0.03239597752690315
ANKS3_RNA,-0.032400183379650116
UBE2V2_RNA,-0.032453037798404694
NUDT12_RNA,-0.032551657408475876
TNFSF18_RNA,-0.03255229443311691
NPPB_RNA,-0.03257858380675316
PPP1R14D_RNA,-0.03259318321943283
PDSS2_RNA,-0.0326099656522274
DEFB135_RNA,-0.03271150216460228
NR0B2_RNA,-0.03280262276530266
EEF1E1_RNA,-0.03280681371688843
MAN2C1_RNA,-0.032810457050800323
ATP6V1G3_RNA,-0.032887622714042664
GINS3_RNA,-0.03290131315588951
ZBTB38_RNA,-0.03291565552353859
PLK4_RNA,-0.032948195934295654
SLC6A3_RNA,-0.03295023366808891
ZNF649_RNA,-0.032955676317214966
RNF115_RNA,-0.032977405935525894
DOCK7_RNA,-0.0330052450299263
NRIP1_RNA,-0.0330277755856514
RNASE7_RNA,-0.033031173050403595
MMP23A_RNA,-0.033108651638031006
CPA1_RNA,-0.033113088458776474
CD2AP_RNA,-0.03320451080799103
SETD4_RNA,-0.03321163356304169
GPR137B_RNA,-0.03321915864944458
RTF1_RNA,-0.033317361027002335
MIR503_RNA,-0.03334670513868332
TSPAN13_RNA,-0.03334683179855347
MTRF1L_RNA,-0.03341617435216904
TRIM58_RNA,-0.03342845290899277
PDHX_RNA,-0.03343311324715614
ZNF384_RNA,-0.033457811921834946
CHRNA6_RNA,-0.03356646001338959
RILPL1_RNA,-0.033571869134902954
ZNF133_RNA,-0.033580563962459564
MIR410_RNA,-0.03358633443713188
EOMES_RNA,-0.03358917683362961
PADI6_RNA,-0.03361564502120018
PAPOLA_RNA,-0.03367304056882858
FAM162B_RNA,-0.03368432819843292
ZNF227_RNA,-0.033686358481645584
USH1G_RNA,-0.03372834250330925
TCF21_RNA,-0.03372962027788162
STAT5B_RNA,-0.03374185413122177
METTL8_RNA,-0.03376839682459831
SNORD9_RNA,-0.03385992720723152
FGL1_RNA,-0.033864352852106094
STK4_RNA,-0.03391215577721596
SPRR2D_RNA,-0.03401859104633331
SLC10A2_RNA,-0.034023113548755646
ZNF26_RNA,-0.03403111547231674
DEK_RNA,-0.0340423509478569
ZNF843_RNA,-0.03405863046646118
EVI2A_RNA,-0.034088388085365295
ITGB6_RNA,-0.03409801796078682
ACOX1_RNA,-0.034107163548469543
RNASEH2A_RNA,-0.03411664441227913
CDK3_RNA,-0.03413340821862221
RNASE8_RNA,-0.03413546085357666
ASB12_RNA,-0.034141916781663895
ANXA6_RNA,-0.03416036441922188
COPG2_RNA,-0.034258559346199036
SLC25A40_RNA,-0.03428320586681366
SH3D19_RNA,-0.03437817841768265
C3orf36_RNA,-0.03438182547688484
AKR1E2_RNA,-0.03438904508948326
PCDHB8_RNA,-0.034441158175468445
PDGFRA_RNA,-0.03445196524262428
MIR218-2_RNA,-0.03445989638566971
SEMG1_RNA,-0.03448067978024483
MIR2052_RNA,-0.03448428958654404
HMX2_RNA,-0.034505680203437805
SEC16A_RNA,-0.03460684046149254
APOC2_RNA,-0.03463291376829147
ATG2A_RNA,-0.03471120446920395
THAP5_RNA,-0.034736182540655136
KRTAP5-8_RNA,-0.03474121913313866
CABP2_RNA,-0.03474618121981621
SAR1A_RNA,-0.03482748195528984
TREX2_RNA,-0.03485238552093506
ATL2_RNA,-0.0348573699593544
SLC41A3_RNA,-0.034870635718107224
EFCAB2_RNA,-0.03487512841820717
NOTO_RNA,-0.03488253057003021
RHOT1_RNA,-0.03489413484930992
CSRP1_RNA,-0.03491496294736862
DCAF6_RNA,-0.03492356091737747
TRIM24_RNA,-0.0349237397313118
NGF_RNA,-0.03493848815560341
TSPAN5_RNA,-0.034939054399728775
OMP_RNA,-0.03496856987476349
TNNC2_RNA,-0.03499213233590126
NLRP1_RNA,-0.03502332419157028
ADAM18_RNA,-0.03512505069375038
IPO9_RNA,-0.03514235466718674
COL23A1_RNA,-0.03514634817838669
CYP2U1_RNA,-0.03515253961086273
C1orf185_RNA,-0.03515848517417908
MAD1L1_RNA,-0.03517259284853935
FOXB1_RNA,-0.035176608711481094
PARP11_RNA,-0.03518187999725342
COL27A1_RNA,-0.03518477454781532
NR2E1_RNA,-0.03520726412534714
PCDHB10_RNA,-0.03523287922143936
TBX22_RNA,-0.03524608165025711
MIR383_RNA,-0.035252559930086136
SLCO2A1_RNA,-0.035310838371515274
KLHL30_RNA,-0.03532055392861366
NCAPG2_RNA,-0.03534190356731415
BLNK_RNA,-0.03535239025950432
OSBPL6_RNA,-0.035393159836530685
MIR604_RNA,-0.035403572022914886
ESR1_RNA,-0.0354175828397274
MIR941-1_RNA,-0.035513147711753845
TINAG_RNA,-0.03552916273474693
PAFAH1B2_RNA,-0.03553803265094757
MIR329-1_RNA,-0.035554129630327225
DCDC2_RNA,-0.03557231277227402
ZC3HAV1L_RNA,-0.0356067419052124
BSX_RNA,-0.03563893586397171
SNRNP200_RNA,-0.0356651209294796
PDZK1_RNA,-0.035706449300050735
SNORD115-6_RNA,-0.03571747615933418
INHBB_RNA,-0.03572489321231842
RTP3_RNA,-0.03574424982070923
CSRNP2_RNA,-0.03574864938855171
ABCB9_RNA,-0.03582080081105232
MIR539_RNA,-0.03583355247974396
ZNF213_RNA,-0.035865772515535355
EIF3A_RNA,-0.03588929772377014
NRCAM_RNA,-0.03594145178794861
MAB21L2_RNA,-0.035995759069919586
SEMA6D_RNA,-0.03603421151638031
TIGD1_RNA,-0.03604557365179062
SRD5A1_RNA,-0.03606785833835602
DCUN1D5_RNA,-0.03611672669649124
MRFAP1L1_RNA,-0.036220211535692215
PSPC1_RNA,-0.03624000400304794
GADD45G_RNA,-0.03625867888331413
CLYBL_RNA,-0.03629378601908684
DEFB124_RNA,-0.03632041811943054
C10orf53_RNA,-0.036345019936561584
WNT11_RNA,-0.03637194260954857
TAS2R41_RNA,-0.03644774109125137
STIM2_RNA,-0.036487333476543427
ECHDC2_RNA,-0.036502886563539505
RECQL5_RNA,-0.036516688764095306
FBXO16_RNA,-0.036540646106004715
CNOT7_RNA,-0.03662566468119621
SPAG16_RNA,-0.03663221374154091
CDK5RAP1_RNA,-0.03670947626233101
SNORD92_RNA,-0.036715663969516754
MAGIX_RNA,-0.03675088658928871
MB_RNA,-0.03676843270659447
TM2D3_RNA,-0.03680218756198883
PYROXD1_RNA,-0.036804236471652985
CERKL_RNA,-0.03684624284505844
TMEM114_RNA,-0.03687290474772453
TRIL_RNA,-0.03688240051269531
YY1_RNA,-0.0368950180709362
BSDC1_RNA,-0.036897048354148865
KRT3_RNA,-0.03695152327418327
PIK3IP1_RNA,-0.03696257248520851
ABCA12_RNA,-0.03697192296385765
CDC27_RNA,-0.03703993558883667
TRH_RNA,-0.0370563380420208
NEK4_RNA,-0.03705781325697899
ARIH2_RNA,-0.037100646644830704
IGSF8_RNA,-0.03711523488163948
EHBP1_RNA,-0.03712407127022743
FGF11_RNA,-0.03714767098426819
GPRC5C_RNA,-0.037150487303733826
NHLRC3_RNA,-0.03717305138707161
IRF4_RNA,-0.03723390772938728
ZNF134_RNA,-0.03731945902109146
LNX2_RNA,-0.03742228075861931
GOLM1_RNA,-0.03747031092643738
PPFIA1_RNA,-0.03749873861670494
ACIN1_RNA,-0.03772735223174095
WASL_RNA,-0.037853311747312546
CAB39_RNA,-0.03789687901735306
HSPB7_RNA,-0.03790684789419174
MIR656_RNA,-0.03795540705323219
LIN52_RNA,-0.037958767265081406
SLC6A19_RNA,-0.038007162511348724
C9orf85_RNA,-0.0380403958261013
OR5AU1_RNA,-0.03805927187204361
ZNF250_RNA,-0.038183968514204025
DYTN_RNA,-0.03820667043328285
DEPDC4_RNA,-0.03822610154747963
CLUAP1_RNA,-0.038234710693359375
APOA5_RNA,-0.03832584619522095
ZNF311_RNA,-0.03837770223617554
SNX13_RNA,-0.03837897256016731
MICALL1_RNA,-0.038450490683317184
STEAP4_RNA,-0.03849560394883156
RBM19_RNA,-0.03855309635400772
PHRF1_RNA,-0.03857581689953804
HPS1_RNA,-0.038590963929891586
WDR89_RNA,-0.038599010556936264
ITGB8_RNA,-0.03861605376005173
MAPK3_RNA,-0.038619305938482285
DDR1_RNA,-0.0386451780796051
PPP4R2_RNA,-0.03864617645740509
POLR3G_RNA,-0.03866077959537506
AMACR_RNA,-0.03876323625445366
GOT2_RNA,-0.03878587856888771
OTP_RNA,-0.038787875324487686
ZNF48_RNA,-0.0388113334774971
CLCN7_RNA,-0.03881967440247536
LMOD2_RNA,-0.03896361589431763
FOXJ3_RNA,-0.03901073709130287
BMP8B_RNA,-0.03901779279112816
UNC5B_RNA,-0.039030011743307114
PEX5_RNA,-0.03903951123356819
C2orf74_RNA,-0.03905156999826431
SNORA28_RNA,-0.039051834493875504
ZNF616_RNA,-0.03906453028321266
OR9A4_RNA,-0.039171002805233
GK2_RNA,-0.03921429440379143
TRPS1_RNA,-0.039249978959560394
DGAT2_RNA,-0.03925914689898491
PYGB_RNA,-0.039272457361221313
GMEB2_RNA,-0.03933224827051163
CCDC81_RNA,-0.039333127439022064
MOGAT3_RNA,-0.03934697061777115
XYLB_RNA,-0.03934893757104874
SNORD105_RNA,-0.03935645893216133
LOC100310782_RNA,-0.03940251097083092
SLC43A2_RNA,-0.03943802788853645
LIPT2_RNA,-0.03950529545545578
GFI1_RNA,-0.03957756608724594
CAPRIN2_RNA,-0.03962385281920433
CEACAM20_RNA,-0.0396445095539093
WDR33_RNA,-0.03966619074344635
TAC4_RNA,-0.03973321616649628
LRRIQ3_RNA,-0.03975731506943703
AKAP14_RNA,-0.039762381464242935
RSBN1L_RNA,-0.03977903723716736
PRICKLE1_RNA,-0.03980206698179245
ASB10_RNA,-0.039836473762989044
GAST_RNA,-0.03984026238322258
SMCP_RNA,-0.03984783962368965
HOMER1_RNA,-0.03992674499750137
XPNPEP3_RNA,-0.0399518646299839
TNFRSF13B_RNA,-0.039956092834472656
MED7_RNA,-0.03995766118168831
ALX3_RNA,-0.039962999522686005
DPY19L3_RNA,-0.03997914865612984
FOXRED2_RNA,-0.03997940942645073
TPCN2_RNA,-0.03998715803027153
GHRH_RNA,-0.04004191234707832
ARHGEF15_RNA,-0.04012254625558853
C6orf58_RNA,-0.04013058543205261
RIC8B_RNA,-0.04015260934829712
GIT2_RNA,-0.040183693170547485
RPAP1_RNA,-0.040286097675561905
MIR2276_RNA,-0.040288232266902924
OR51Q1_RNA,-0.040332622826099396
PNPLA1_RNA,-0.04033830389380455
CAPN12_RNA,-0.04035177454352379
CYCSP52_RNA,-0.04037568345665932
PKN2_RNA,-0.04037865251302719
CGGBP1_RNA,-0.04050932079553604
CITED4_RNA,-0.04058936610817909
ABTB1_RNA,-0.040606025606393814
EDN3_RNA,-0.040622666478157043
SNORD32B_RNA,-0.04064594581723213
SPIN4_RNA,-0.04069257155060768
LY6K_RNA,-0.040731463581323624
GTF2A1L_RNA,-0.040746401995420456
ATP6V1E2_RNA,-0.040760092437267303
TM4SF5_RNA,-0.04092801362276077
FAM133B_RNA,-0.04093994200229645
CPPED1_RNA,-0.040941908955574036
OSGIN2_RNA,-0.04099508374929428
TRIM42_RNA,-0.04101225733757019
INSM1_RNA,-0.041033294051885605
ZNF440_RNA,-0.04104424640536308
STK33_RNA,-0.04104902967810631
SLC27A1_RNA,-0.04119488224387169
MS4A1_RNA,-0.04122830554842949
NUFIP1_RNA,-0.041247401386499405
ACAD8_RNA,-0.041329432278871536
MIR629_RNA,-0.041367415338754654
XPO1_RNA,-0.041408464312553406
ZNF426_RNA,-0.041474029421806335
MCCC1_RNA,-0.041482049971818924
GUCA1A_RNA,-0.04151476174592972
LARP1B_RNA,-0.04152887687087059
GLIS1_RNA,-0.041546668857336044
ATOH8_RNA,-0.04157616198062897
TMEM175_RNA,-0.04159260168671608
MBD6_RNA,-0.041597627103328705
PIAS4_RNA,-0.04161384701728821
C16orf90_RNA,-0.04164062440395355
MIR337_RNA,-0.041645463556051254
SNORA59A_RNA,-0.04165680333971977
WRN_RNA,-0.04165998101234436
SNORD12C_RNA,-0.041668057441711426
CYP7A1_RNA,-0.04167526215314865
DUS4L_RNA,-0.041701458394527435
DIS3L_RNA,-0.041770003736019135
ZNF136_RNA,-0.04177859053015709
PORCN_RNA,-0.041814178228378296
IFIT5_RNA,-0.041820552200078964
MIR1284_RNA,-0.04183321073651314
SLC36A2_RNA,-0.041879795491695404
HK1_RNA,-0.041906800121068954
FGF7_RNA,-0.04191681742668152
PMS2_RNA,-0.04192151501774788
ZMYM4_RNA,-0.04193831607699394
SSH1_RNA,-0.04202580451965332
TYW3_RNA,-0.04207533597946167
KCNA7_RNA,-0.04210711643099785
ADCY4_RNA,-0.04213196039199829
NPAS2_RNA,-0.04215429723262787
CLEC17A_RNA,-0.042158421128988266
DOT1L_RNA,-0.04221118241548538
MASTL_RNA,-0.04221884906291962
DUSP28_RNA,-0.042222633957862854
PRR5-ARHGAP8_RNA,-0.042359840124845505
MDM1_RNA,-0.04238279163837433
ZSCAN10_RNA,-0.04241594299674034
MIR668_RNA,-0.04244546592235565
SPATA19_RNA,-0.04245424270629883
MIR603_RNA,-0.04247516021132469
GMPS_RNA,-0.04247759282588959
ENOSF1_RNA,-0.04256460815668106
ZSCAN16_RNA,-0.042713966220617294
HBG2_RNA,-0.04276077821850777
C11orf52_RNA,-0.04281865432858467
SCARNA14_RNA,-0.04282842576503754
CDC42EP3_RNA,-0.04284524917602539
NUDT4_RNA,-0.04301667958498001
JAK1_RNA,-0.04301784560084343
C19orf73_RNA,-0.04305042326450348
LOC153910_RNA,-0.04308202117681503
KIFC3_RNA,-0.043095141649246216
IKZF3_RNA,-0.04309555143117905
HEATR5A_RNA,-0.04311177507042885
KDM2A_RNA,-0.043130263686180115
PDE6A_RNA,-0.04315278306603432
MIR487A_RNA,-0.04320462793111801
ZNF14_RNA,-0.04322493076324463
TADA2A_RNA,-0.04322751984000206
KLF4_RNA,-0.04331259801983833
ZNF189_RNA,-0.04335825517773628
SLMAP_RNA,-0.043358638882637024
BICD1_RNA,-0.04341314360499382
ZNF34_RNA,-0.04342886805534363
TEKT2_RNA,-0.0434357225894928
ANKRD39_RNA,-0.043464165180921555
C4orf51_RNA,-0.04347966983914375
NEUROG3_RNA,-0.04348038509488106
MIR96_RNA,-0.043481022119522095
SHB_RNA,-0.043538324534893036
HIRA_RNA,-0.043560709804296494
CHIA_RNA,-0.0435616672039032
SKA2_RNA,-0.043579865247011185
ITCH_RNA,-0.0436127744615078
PIP5KL1_RNA,-0.04363684356212616
CLDN18_RNA,-0.043703217059373856
ULK3_RNA,-0.0437062531709671
MIOX_RNA,-0.043717410415410995
TMEM17_RNA,-0.04376370832324028
AFG3L2_RNA,-0.04376818984746933
EWSR1_RNA,-0.04378195479512215
LMX1A_RNA,-0.04379858449101448
C8orf74_RNA,-0.043800871819257736
MIR455_RNA,-0.04380202293395996
DYDC1_RNA,-0.043822143226861954
HRH2_RNA,-0.04382678121328354
ANKRD42_RNA,-0.043867819011211395
LCN6_RNA,-0.04390546679496765
ZNF438_RNA,-0.043927520513534546
INPP5E_RNA,-0.04396020248532295
SLC25A44_RNA,-0.04397580772638321
MNS1_RNA,-0.04404160752892494
SPATA16_RNA,-0.044068723917007446
CSNK2A1_RNA,-0.044084031134843826
PCCA_RNA,-0.04409991577267647
WDR11_RNA,-0.04411409795284271
GAL3ST3_RNA,-0.0441146045923233
FLJ13224_RNA,-0.04415040835738182
CRBN_RNA,-0.044232796877622604
CDH24_RNA,-0.04424412548542023
SPATA1_RNA,-0.04433463513851166
RECK_RNA,-0.044342394918203354
MGAM_RNA,-0.044357385486364365
PHYHD1_RNA,-0.044370800256729126
NGRN_RNA,-0.044515520334243774
FNBP1L_RNA,-0.04452064633369446
AARS2_RNA,-0.04454251751303673
CKAP2_RNA,-0.04456864297389984
DEF8_RNA,-0.044584959745407104
CCDC127_RNA,-0.04459161311388016
LDLRAD1_RNA,-0.044616635888814926
APOL5_RNA,-0.0446474589407444
IPPK_RNA,-0.04465806856751442
SNX14_RNA,-0.04468095302581787
DHX29_RNA,-0.044704459607601166
MIR941-3_RNA,-0.04473298415541649
KDM1B_RNA,-0.04475004971027374
DHX35_RNA,-0.04479411244392395
TMEM19_RNA,-0.04484026879072189
SPATA18_RNA,-0.04488615319132805
SPPL3_RNA,-0.044924553483724594
EXOC2_RNA,-0.044939182698726654
USP1_RNA,-0.04496341943740845
AOX2P_RNA,-0.04509490355849266
ZNF391_RNA,-0.045102816075086594
VEZT_RNA,-0.045123882591724396
SH3RF1_RNA,-0.045190464705228806
DTWD2_RNA,-0.04532826691865921
SMPDL3B_RNA,-0.04540884867310524
MIXL1_RNA,-0.045464228838682175
SLC5A3_RNA,-0.04547932744026184
PARD6A_RNA,-0.045508138835430145
CPZ_RNA,-0.04556727781891823
MIR377_RNA,-0.04561113193631172
TMEM89_RNA,-0.04561392217874527
SPATA22_RNA,-0.045626167207956314
TRUB1_RNA,-0.04563124105334282
ZC3H14_RNA,-0.04566293582320213
CCDC134_RNA,-0.04567987844347954
TBC1D13_RNA,-0.04568430781364441
ZNF324B_RNA,-0.045754559338092804
AKAP8L_RNA,-0.0457601360976696
FAM83C_RNA,-0.04580282047390938
CCNT1_RNA,-0.04585377126932144
WFDC13_RNA,-0.04585381969809532
SNORA11_RNA,-0.045893099159002304
PNPLA3_RNA,-0.045944396406412125
SLC22A5_RNA,-0.045950714498758316
GOSR1_RNA,-0.045953936874866486
NUBPL_RNA,-0.045955050736665726
TERC_RNA,-0.04596410319209099
HMGB3_RNA,-0.046003926545381546
IFT122_RNA,-0.046100303530693054
XPO6_RNA,-0.04610924795269966
OR1I1_RNA,-0.046135421842336655
ZSCAN5B_RNA,-0.046155910938978195
SQLE_RNA,-0.046175070106983185
SURF6_RNA,-0.04620242863893509
SYNRG_RNA,-0.046210505068302155
HAO1_RNA,-0.046221695840358734
MIR665_RNA,-0.0462755411863327
MIR618_RNA,-0.046280957758426666
TCP11_RNA,-0.046318698674440384
ZNF517_RNA,-0.046332620084285736
RAB11FIP5_RNA,-0.04634333774447441
INSIG1_RNA,-0.046457502990961075
ELK1_RNA,-0.04649493098258972
TUBA3E_RNA,-0.04654020443558693
ZNF562_RNA,-0.0465552918612957
CLPB_RNA,-0.04657668620347977
MIR634_RNA,-0.04661780595779419
SUPV3L1_RNA,-0.04663148149847984
MRGPRD_RNA,-0.04663155972957611
COQ3_RNA,-0.04668395221233368
ETS2_RNA,-0.046729832887649536
IP6K1_RNA,-0.046736638993024826
ABHD13_RNA,-0.04677359759807587
HNF1A_RNA,-0.04678115248680115
TOB2_RNA,-0.04679551348090172
CPA3_RNA,-0.04680757597088814
FGFR1OP2_RNA,-0.04681963473558426
CTRB2_RNA,-0.04682072624564171
CLN3_RNA,-0.046826235949993134
DHRS12_RNA,-0.04688931629061699
WBP2_RNA,-0.04692704975605011
KDM4D_RNA,-0.04696308821439743
POLR2A_RNA,-0.047013722360134125
KLF14_RNA,-0.04703924059867859
ARL3_RNA,-0.047059185802936554
FOXRED1_RNA,-0.04720849543809891
ILF3_RNA,-0.04727957770228386
MTHFSD_RNA,-0.04729337617754936
STRN3_RNA,-0.047307539731264114
FZD10_RNA,-0.0473354198038578
ANO7_RNA,-0.047361940145492554
GDAP2_RNA,-0.04737873002886772
NF2_RNA,-0.04744640737771988
FBXW2_RNA,-0.04745842143893242
GRPR_RNA,-0.04748668149113655
WNT3A_RNA,-0.04750346764922142
MIR130B_RNA,-0.0475272461771965
NEK8_RNA,-0.047581225633621216
GOLGA2_RNA,-0.04758835583925247
ACAD10_RNA,-0.04765719547867775
MIR554_RNA,-0.04773857444524765
SPZ1_RNA,-0.04775881767272949
SNORD62A_RNA,-0.047784097492694855
NLRP9_RNA,-0.04779323935508728
EIF5_RNA,-0.047832511365413666
MIR654_RNA,-0.04785258322954178
LRP3_RNA,-0.04788413271307945
C17orf100_RNA,-0.04792845994234085
ZC3H10_RNA,-0.047941919416189194
ZMYM6_RNA,-0.04796195775270462
ARRDC1_RNA,-0.04798091575503349
TNNT1_RNA,-0.047982797026634216
PPP6C_RNA,-0.04798828437924385
TMEM95_RNA,-0.04802272096276283
BBS2_RNA,-0.04805268347263336
JRKL_RNA,-0.048069607466459274
ADAR_RNA,-0.048082247376441956
MAN2A1_RNA,-0.048090867698192596
ZNF296_RNA,-0.048107728362083435
NR5A1_RNA,-0.04811122640967369
IL12B_RNA,-0.04811634495854378
TMIGD2_RNA,-0.04812253266572952
LGSN_RNA,-0.04815666005015373
KDM5B_RNA,-0.048183929175138474
GOLGA1_RNA,-0.04819513484835625
CMPK2_RNA,-0.048212915658950806
ZNF786_RNA,-0.04829412326216698
CRNKL1_RNA,-0.048311296850442886
SYCP1_RNA,-0.048322416841983795
NCOA5_RNA,-0.0483684204518795
RRAGB_RNA,-0.0484037809073925
ATF2_RNA,-0.04846259951591492
BAP1_RNA,-0.04847606271505356
ZNF800_RNA,-0.04848748445510864
HNRNPH1_RNA,-0.04851342737674713
MIR487B_RNA,-0.04861065000295639
EZR_RNA,-0.04867830127477646
CDKN1C_RNA,-0.048727840185165405
LRRC37A3_RNA,-0.04873031750321388
SUPT16H_RNA,-0.048735909163951874
CDAN1_RNA,-0.04874512925744057
FANCL_RNA,-0.04876904562115669
MIR769_RNA,-0.04880187660455704
KRT77_RNA,-0.04881029576063156
SPDYC_RNA,-0.04885009303689003
NR3C1_RNA,-0.04885224252939224
DGKD_RNA,-0.048870284110307693
NPY2R_RNA,-0.04891523718833923
CDH15_RNA,-0.04894581809639931
SOCS6_RNA,-0.049080051481723785
ABCA4_RNA,-0.049086324870586395
C9orf163_RNA,-0.04916062206029892
GABRR2_RNA,-0.04916154220700264
FXR1_RNA,-0.049169108271598816
KLHDC3_RNA,-0.04928694665431976
EBF1_RNA,-0.0493256114423275
HMG20A_RNA,-0.049330249428749084
FARP2_RNA,-0.04937997832894325
CRIM1_RNA,-0.04938231781125069
SNORA31_RNA,-0.04945191740989685
ARFGEF1_RNA,-0.04946262016892433
RSRC2_RNA,-0.049551013857126236
ADCK1_RNA,-0.04955495148897171
CLDN15_RNA,-0.049577612429857254
SLC7A6_RNA,-0.049586839973926544
ACAD11_RNA,-0.04959747940301895
SRD5A2_RNA,-0.04960231855511665
OTUD5_RNA,-0.04969955235719681
MIR1322_RNA,-0.049723125994205475
TSPAN18_RNA,-0.04979926347732544
ATP2A3_RNA,-0.049878302961587906
MIR605_RNA,-0.049937453120946884
ACER2_RNA,-0.0499422550201416
TBC1D9B_RNA,-0.04997052252292633
DPH1_RNA,-0.050022270530462265
S100A5_RNA,-0.05002370849251747
UMODL1_RNA,-0.05005030706524849
MIR589_RNA,-0.05006088688969612
ZNF544_RNA,-0.05006912350654602
SNORA37_RNA,-0.050083503127098083
ADAM30_RNA,-0.050090841948986053
ARF3_RNA,-0.05010928586125374
FRMD4B_RNA,-0.05012775585055351
TMEM212_RNA,-0.05013469606637955
EFCAB10_RNA,-0.05013597384095192
CDK20_RNA,-0.05014107748866081
SLC46A3_RNA,-0.05017918720841408
TSR2_RNA,-0.0501989871263504
UBE2D1_RNA,-0.05022665113210678
AP3M1_RNA,-0.050292059779167175
FABP1_RNA,-0.05031556636095047
TMPRSS4_RNA,-0.050318121910095215
LIAS_RNA,-0.050318244844675064
BBS10_RNA,-0.05036299675703049
HPGD_RNA,-0.0503869354724884
ZNF557_RNA,-0.050423238426446915
MIR548F1_RNA,-0.050511568784713745
CNGA3_RNA,-0.05056137219071388
PMS1_RNA,-0.05060095340013504
KLK14_RNA,-0.05061950534582138
TERF1_RNA,-0.05063910782337189
SYNCRIP_RNA,-0.05064234137535095
DOK4_RNA,-0.05064290389418602
SHISA3_RNA,-0.05068803206086159
CPSF7_RNA,-0.0506967194378376
IFNG_RNA,-0.050696808844804764
ANKMY1_RNA,-0.05070490762591362
SLC35D3_RNA,-0.05074668303132057
PHF21A_RNA,-0.05080787464976311
CPNE8_RNA,-0.0508202500641346
CREB1_RNA,-0.05083593353629112
ZNF195_RNA,-0.05083892121911049
BRCA1_RNA,-0.05086197704076767
HOXA9_RNA,-0.05087405443191528
CCL14_RNA,-0.050928499549627304
PLEKHA7_RNA,-0.051055632531642914
ACCSL_RNA,-0.0510559007525444
ATG4C_RNA,-0.05110158771276474
RBPJL_RNA,-0.05120124667882919
SNORD82_RNA,-0.051202137023210526
ANAPC4_RNA,-0.051213864237070084
BRD1_RNA,-0.05129658803343773
ZSCAN12_RNA,-0.051341645419597626
CTCF_RNA,-0.051342323422431946
DEXI_RNA,-0.05135005712509155
MYO5B_RNA,-0.051373034715652466
CRYZL1_RNA,-0.051416147500276566
ITPKB_RNA,-0.05146733671426773
GPR35_RNA,-0.05149240419268608
PSMG4_RNA,-0.051494237035512924
MAP3K13_RNA,-0.0515054315328598
REEP6_RNA,-0.05151490494608879
PACRGL_RNA,-0.051577456295490265
SRPK1_RNA,-0.051593221724033356
PCSK4_RNA,-0.05167907476425171
TRAPPC9_RNA,-0.05170603096485138
PARP8_RNA,-0.051715340465307236
ARGFX_RNA,-0.05175389349460602
WDR82_RNA,-0.05179549753665924
HSD17B13_RNA,-0.05184630677103996
MIR1288_RNA,-0.051854196935892105
SCOC_RNA,-0.05186218395829201
SLFN12L_RNA,-0.051878031343221664
PAPPA_RNA,-0.051926810294389725
KIAA0319L_RNA,-0.05192897841334343
ABHD8_RNA,-0.05197470635175705
CHD1_RNA,-0.051984526216983795
DUSP10_RNA,-0.052019666880369186
KLHDC9_RNA,-0.05202353373169899
KPNA3_RNA,-0.05202989652752876
MIR921_RNA,-0.05204004794359207
TMED7-TICAM2_RNA,-0.052066363394260406
ZC3H7A_RNA,-0.05209529399871826
POLQ_RNA,-0.052110455930233
CDK10_RNA,-0.05213996395468712
ORM2_RNA,-0.052147336304187775
SESN1_RNA,-0.05221666023135185
GJA9_RNA,-0.052224889397621155
IL26_RNA,-0.0522889718413353
MIR199B_RNA,-0.052340421825647354
NCR3_RNA,-0.05234522372484207
MARCKSL1_RNA,-0.05236096307635307
SCARNA11_RNA,-0.05239347741007805
KPNA6_RNA,-0.052420277148485184
RLF_RNA,-0.05246851593255997
OR11A1_RNA,-0.05250579118728638
IL25_RNA,-0.05251827463507652
DDX42_RNA,-0.0525214709341526
ZFP41_RNA,-0.05253009498119354
RFPL3_RNA,-0.05253135785460472
POLR3E_RNA,-0.052534136921167374
VPS52_RNA,-0.052558984607458115
PAXIP1_RNA,-0.052580803632736206
RNF20_RNA,-0.05258980020880699
NLGN4X_RNA,-0.052600812166929245
CCDC13_RNA,-0.052703674882650375
SNORD116-11_RNA,-0.0527343712747097
C17orf99_RNA,-0.05278988927602768
LIPC_RNA,-0.05280492827296257
CR1L_RNA,-0.05283763259649277
WDFY1_RNA,-0.05285066366195679
SLC2A2_RNA,-0.05285373702645302
NANOS3_RNA,-0.05285631865262985
DENND1B_RNA,-0.05286721885204315
RNASE13_RNA,-0.05288715660572052
SULT1C4_RNA,-0.05289451405405998
TGFBRAP1_RNA,-0.05291281268000603
KIF1C_RNA,-0.05295271798968315
VPS26B_RNA,-0.05296802148222923
ABCB11_RNA,-0.05300745368003845
MSRB3_RNA,-0.05301933363080025
SCRIB_RNA,-0.053021468222141266
PLAA_RNA,-0.05322742834687233
ZNF572_RNA,-0.05323318764567375
INTS6_RNA,-0.053295671939849854
ZNF773_RNA,-0.0534035824239254
MIER3_RNA,-0.053406402468681335
MIB2_RNA,-0.053509704768657684
C17orf67_RNA,-0.053528960794210434
VRK2_RNA,-0.053543951362371445
ZNF615_RNA,-0.05357704311609268
MAGEC1_RNA,-0.05357953906059265
MMRN2_RNA,-0.05360479652881622
CNPY2_RNA,-0.05363818258047104
MPV17L_RNA,-0.05364953726530075
SNORD37_RNA,-0.0536549910902977
PCDHB16_RNA,-0.05365927889943123
TMIE_RNA,-0.05367663502693176
BAG4_RNA,-0.05369297042489052
CEACAM1_RNA,-0.05374696105718613
TCEANC_RNA,-0.05376623198390007
ZAR1L_RNA,-0.05383395403623581
DCAF7_RNA,-0.0538451187312603
TP53INP1_RNA,-0.05385997146368027
CHAC1_RNA,-0.053872011601924896
ZKSCAN3_RNA,-0.05389555171132088
AHCYL1_RNA,-0.053914934396743774
SNORD6_RNA,-0.05391719937324524
MYBPHL_RNA,-0.05392220988869667
ZNF274_RNA,-0.053954027593135834
TMEM143_RNA,-0.05396534502506256
TRRAP_RNA,-0.05397368595004082
INCA1_RNA,-0.053989164531230927
C1QTNF9_RNA,-0.05399347096681595
POLK_RNA,-0.054006192833185196
RGS13_RNA,-0.05401241034269333
KLRG1_RNA,-0.054052386432886124
PPP2R5C_RNA,-0.05406710505485535
TRPM7_RNA,-0.05407842993736267
DPEP3_RNA,-0.054082516580820084
TERF2_RNA,-0.05415972322225571
ZSWIM1_RNA,-0.05422322452068329
APH1B_RNA,-0.054256096482276917
FSCN3_RNA,-0.05425857752561569
UCN_RNA,-0.054322849959135056
BMP2_RNA,-0.05433015897870064
ZNF350_RNA,-0.05435363948345184
DEFB134_RNA,-0.05442100018262863
ZNF766_RNA,-0.05447736755013466
MIR298_RNA,-0.05449080467224121
GXYLT1_RNA,-0.05453130602836609
GPR161_RNA,-0.05454409122467041
ZGPAT_RNA,-0.054560013115406036
SIRT5_RNA,-0.054612867534160614
SMAD2_RNA,-0.05466209724545479
KLHDC10_RNA,-0.05468353256583214
CCNH_RNA,-0.05468902736902237
TMEM33_RNA,-0.05471676588058472
TSEN2_RNA,-0.05473187565803528
ITM2C_RNA,-0.0547369085252285
ERN2_RNA,-0.05474719777703285
SNORD116-10_RNA,-0.054766323417425156
C14orf93_RNA,-0.054767973721027374
ETFDH_RNA,-0.05482218414545059
ARL8B_RNA,-0.05482657998800278
LRRFIP2_RNA,-0.054826658219099045
SEPSECS_RNA,-0.05486294999718666
PIGQ_RNA,-0.05486626550555229
KIF14_RNA,-0.054910533130168915
OR4F15_RNA,-0.054926443845033646
ANKMY2_RNA,-0.05492948368191719
FCRL2_RNA,-0.054958585649728775
KCNS3_RNA,-0.05495870113372803
UBP1_RNA,-0.05496147274971008
CATSPER4_RNA,-0.054961562156677246
CRYBA2_RNA,-0.05498480051755905
C4BPB_RNA,-0.055039774626493454
WDR44_RNA,-0.0550648532807827
DNTT_RNA,-0.05510668084025383
SNORD96B_RNA,-0.055125124752521515
C1orf116_RNA,-0.05513787642121315
ADIPOQ_RNA,-0.055143412202596664
NBR1_RNA,-0.05516725778579712
QRSL1_RNA,-0.05519864335656166
GHITM_RNA,-0.0552997887134552
PRKAR1A_RNA,-0.05534622073173523
ZIC1_RNA,-0.055379293859004974
ATP6V1H_RNA,-0.05538301542401314
NBEAL2_RNA,-0.05539678409695625
LIG3_RNA,-0.05539799481630325
OR1A1_RNA,-0.05540889874100685
SLC23A3_RNA,-0.05548505112528801
ABI1_RNA,-0.05552936717867851
ALDH1A2_RNA,-0.05553829297423363
GNRH1_RNA,-0.05554235726594925
VPS41_RNA,-0.05554839223623276
SNORA79_RNA,-0.05556432902812958
NTS_RNA,-0.055569931864738464
SNORA14B_RNA,-0.05557790398597717
MFSD9_RNA,-0.05559033155441284
ANKRD52_RNA,-0.0555977039039135
GNL1_RNA,-0.05560244992375374
ATG9A_RNA,-0.05560890957713127
ZNF367_RNA,-0.05566646531224251
FOXI2_RNA,-0.055676959455013275
TBRG1_RNA,-0.05569348856806755
ATG9B_RNA,-0.05571233108639717
HES3_RNA,-0.05580958351492882
MIR1913_RNA,-0.05591801181435585
FBXL13_RNA,-0.055922284722328186
SFTA1P_RNA,-0.05594921112060547
USP19_RNA,-0.05600457265973091
TUFT1_RNA,-0.05603409558534622
LARP6_RNA,-0.056081511080265045
ZNF449_RNA,-0.05612153559923172
MYLK_RNA,-0.05616883933544159
MIR661_RNA,-0.05616900697350502
TUBGCP3_RNA,-0.056187376379966736
RPS6KA2_RNA,-0.05620385333895683
D2HGDH_RNA,-0.05620493367314339
CEP164_RNA,-0.05624447762966156
MFN2_RNA,-0.0562487468123436
COQ10A_RNA,-0.05625943839550018
RBM20_RNA,-0.056333277374506
TUBGCP4_RNA,-0.056348979473114014
CXCR5_RNA,-0.056373484432697296
PRSS22_RNA,-0.05640074983239174
EHMT1_RNA,-0.05640612542629242
OR2J2_RNA,-0.05642039328813553
MIR185_RNA,-0.056434325873851776
CLIP2_RNA,-0.056438904255628586
ABCC10_RNA,-0.056440919637680054
CCDC87_RNA,-0.05645372346043587
TMEM18_RNA,-0.05645398423075676
NLRP7_RNA,-0.056502968072891235
SPHK2_RNA,-0.056571267545223236
PHKA2_RNA,-0.056577134877443314
C18orf54_RNA,-0.05660393089056015
VTI1B_RNA,-0.05660394951701164
ZNF687_RNA,-0.056634269654750824
SHROOM1_RNA,-0.0566435381770134
CEACAM5_RNA,-0.05664651095867157
KHDC1_RNA,-0.05667830631136894
POU4F3_RNA,-0.056793078780174255
SPINK4_RNA,-0.05682661384344101
TFAP4_RNA,-0.05687527358531952
RAB5B_RNA,-0.05690612271428108
FLNB_RNA,-0.05691579356789589
CPSF4L_RNA,-0.056937117129564285
SNRNP70_RNA,-0.0569724403321743
HTR2B_RNA,-0.05699294060468674
SLC5A2_RNA,-0.05699389427900314
RIPK4_RNA,-0.057025231420993805
CBLL1_RNA,-0.057025495916604996
BRIP1_RNA,-0.057035189121961594
DHX57_RNA,-0.05707355588674545
TMSB15A_RNA,-0.05712958052754402
MAP4K3_RNA,-0.05712977051734924
ST3GAL5_RNA,-0.057160861790180206
KRT4_RNA,-0.05718156695365906
RWDD2A_RNA,-0.05722453445196152
CUBN_RNA,-0.057234179228544235
CHUK_RNA,-0.05724313110113144
UBE2W_RNA,-0.05728008598089218
TEKT4_RNA,-0.05730148404836655
ABCB5_RNA,-0.05732162669301033
CRKL_RNA,-0.05735382065176964
VHLL_RNA,-0.05743931233882904
CHRNA10_RNA,-0.0574449747800827
HTR3E_RNA,-0.057463858276605606
NMNAT3_RNA,-0.057535912841558456
CABIN1_RNA,-0.05755198746919632
BRD9_RNA,-0.05755947157740593
GLYR1_RNA,-0.05761014297604561
MIR301B_RNA,-0.05762966349720955
MIR1208_RNA,-0.057645536959171295
PRKDC_RNA,-0.05767890438437462
LRTOMT_RNA,-0.057698339223861694
HSD11B1L_RNA,-0.05774090811610222
OR2F1_RNA,-0.05780366435647011
PCSK7_RNA,-0.057806067168712616
ADH6_RNA,-0.05781154707074165
PTPN23_RNA,-0.05785303935408592
CCDC27_RNA,-0.057917043566703796
SNORD116-17_RNA,-0.0579238086938858
RCBTB2_RNA,-0.057923823595047
OR1E1_RNA,-0.05796214938163757
FBXL3_RNA,-0.05801938846707344
PHAX_RNA,-0.0580439567565918
ZNF608_RNA,-0.058044251054525375
CALCA_RNA,-0.05804987996816635
ZNF425_RNA,-0.05806150659918785
BFSP2_RNA,-0.05806516483426094
SPARCL1_RNA,-0.05812203511595726
GFM2_RNA,-0.05812877044081688
GNGT1_RNA,-0.058159343898296356
CHORDC1_RNA,-0.0582038089632988
ZNF346_RNA,-0.05821136385202408
ZSCAN4_RNA,-0.05834865942597389
MIR134_RNA,-0.05837996304035187
MANEAL_RNA,-0.05839020013809204
RFPL3S_RNA,-0.05841498449444771
ASTL_RNA,-0.05842249095439911
CDH26_RNA,-0.058425258845090866
LCT_RNA,-0.0584406740963459
DHX36_RNA,-0.05847052484750748
ZNF131_RNA,-0.058513712137937546
SNORD101_RNA,-0.058548275381326675
SNORD115-11_RNA,-0.058563314378261566
LRRC10_RNA,-0.05858884006738663
KCTD6_RNA,-0.058654624968767166
OR6X1_RNA,-0.058693449944257736
KLHL18_RNA,-0.05873343348503113
TAF4_RNA,-0.05873670056462288
DAND5_RNA,-0.05873766914010048
GFPT1_RNA,-0.05874524265527725
MIR545_RNA,-0.05874907597899437
HP1BP3_RNA,-0.05889345705509186
UROC1_RNA,-0.058898236602544785
MIR595_RNA,-0.05893199145793915
POLE_RNA,-0.058951813727617264
MSI1_RNA,-0.05895370617508888
MIR655_RNA,-0.05895456671714783
RAB41_RNA,-0.05896955728530884
PTOV1_RNA,-0.059020187705755234
ST20_RNA,-0.05902261286973953
FSCN2_RNA,-0.059045352041721344
ECEL1_RNA,-0.05910817161202431
INO80_RNA,-0.059127263724803925
ARL6IP4_RNA,-0.05916363000869751
CLEC12B_RNA,-0.05920051410794258
CHM_RNA,-0.05921756848692894
TFAP2D_RNA,-0.059285037219524384
UBXN2B_RNA,-0.05929779261350632
WDR20_RNA,-0.05930445343255997
GAGE10_RNA,-0.0593203529715538
HAGHL_RNA,-0.05932693928480148
FITM1_RNA,-0.05932866409420967
ZNF343_RNA,-0.0593295693397522
MIR126_RNA,-0.05933185666799545
ARMCX3_RNA,-0.05935296788811684
TNIP3_RNA,-0.059373579919338226
CASR_RNA,-0.05940481275320053
DNAJC11_RNA,-0.05943076312541962
ENPP7_RNA,-0.05944544076919556
BAG5_RNA,-0.05944966897368431
USP48_RNA,-0.059511106461286545
PPL_RNA,-0.059592727571725845
CENPE_RNA,-0.059596993029117584
ZFP91_RNA,-0.059615619480609894
SSH2_RNA,-0.0596260130405426
YIPF4_RNA,-0.05964424088597298
MS4A2_RNA,-0.059700142592191696
LETM1_RNA,-0.059700652956962585
DCHS1_RNA,-0.05971810966730118
TRMT11_RNA,-0.05972825363278389
RTN4IP1_RNA,-0.059745918959379196
LRSAM1_RNA,-0.059779927134513855
MIR345_RNA,-0.05978642776608467
CA5B_RNA,-0.05986031889915466
TIGD2_RNA,-0.05987535044550896
HPCAL1_RNA,-0.05988048389554024
MIR623_RNA,-0.059882573783397675
POLI_RNA,-0.059908825904130936
ZNF284_RNA,-0.059948328882455826
IGHMBP2_RNA,-0.05997003987431526
PWWP2B_RNA,-0.06002965569496155
EML2_RNA,-0.06007063016295433
UBE2E2_RNA,-0.06009037420153618
OR5C1_RNA,-0.060112982988357544
ESX1_RNA,-0.06025340408086777
RUNDC1_RNA,-0.06026095151901245
NFATC2IP_RNA,-0.06028114631772041
MAML2_RNA,-0.06029896065592766
SNORD115-2_RNA,-0.06035826727747917
CALML6_RNA,-0.060359206050634384
CTXN1_RNA,-0.06036746874451637
DIRC3_RNA,-0.06037779524922371
THOC1_RNA,-0.06043744459748268
SULT1A1_RNA,-0.06051449105143547
LBX1_RNA,-0.06067164987325668
COX15_RNA,-0.060687266290187836
BMX_RNA,-0.06069795414805412
USP53_RNA,-0.06071547791361809
CYP1A1_RNA,-0.06072170287370682
MED17_RNA,-0.06075557693839073
SMARCAD1_RNA,-0.06075682491064072
SUFU_RNA,-0.060788072645664215
LUZP4_RNA,-0.0608343780040741
C5orf22_RNA,-0.06084560602903366
AFF1_RNA,-0.06085652858018875
MLN_RNA,-0.06086616963148117
MIR376A2_RNA,-0.0608670748770237
BRD7_RNA,-0.06086800619959831
C1orf87_RNA,-0.06091446056962013
DLEU1_RNA,-0.060966525226831436
UCHL3_RNA,-0.0609716922044754
SNORD114-16_RNA,-0.06102854385972023
CCNL1_RNA,-0.06103965640068054
AFAP1_RNA,-0.061043161898851395
ZNF619_RNA,-0.06106460094451904
C3orf18_RNA,-0.061077747493982315
DCAF17_RNA,-0.06110544130206108
RPS6KB1_RNA,-0.061128612607717514
IL12A_RNA,-0.061178721487522125
VPS54_RNA,-0.06117893382906914
CLDN3_RNA,-0.06126199662685394
ZNF655_RNA,-0.06126804277300835
PRPF8_RNA,-0.061273884028196335
TGFA_RNA,-0.06132689490914345
SFXN5_RNA,-0.06147764250636101
AP1AR_RNA,-0.06148480251431465
CCDC15_RNA,-0.06154201179742813
GLI4_RNA,-0.06156052276492119
MUSK_RNA,-0.06158669665455818
ATAD3C_RNA,-0.06163085624575615
PTCD1_RNA,-0.06174973398447037
PURB_RNA,-0.061758853495121
DCP1A_RNA,-0.061760034412145615
SMG6_RNA,-0.061814047396183014
PIBF1_RNA,-0.06182217597961426
ZNF677_RNA,-0.06197471544146538
PTTG2_RNA,-0.06200667843222618
TCEAL3_RNA,-0.062008827924728394
WFDC8_RNA,-0.0621006116271019
TGFB2_RNA,-0.06220656633377075
TBPL2_RNA,-0.0622512623667717
DOCK1_RNA,-0.06226009130477905
PRB4_RNA,-0.06235922500491142
SLC38A4_RNA,-0.06240908056497574
MIR346_RNA,-0.06243874505162239
AGAP11_RNA,-0.062482964247465134
FLCN_RNA,-0.06254605203866959
EFCAB8_RNA,-0.06254873424768448
TBPL1_RNA,-0.06261061877012253
MIR32_RNA,-0.06269095093011856
ODF1_RNA,-0.06270652264356613
MIR758_RNA,-0.06274889409542084
IFFO2_RNA,-0.06277269870042801
PRR23C_RNA,-0.06281667202711105
SFPQ_RNA,-0.0629148930311203
MED12_RNA,-0.06292569637298584
CA5A_RNA,-0.06293856352567673
CCDC83_RNA,-0.06294011324644089
LCLAT1_RNA,-0.06299213320016861
EN2_RNA,-0.06301180273294449
HTR7_RNA,-0.06301321089267731
APOLD1_RNA,-0.06301605701446533
TLX3_RNA,-0.06303200870752335
MIR598_RNA,-0.06303280591964722
POU5F1_RNA,-0.06303728371858597
NDUFA13_RNA,-0.06304634362459183
SLC36A3_RNA,-0.06306332349777222
PALB2_RNA,-0.06315518170595169
DCLK3_RNA,-0.06318012624979019
DRD3_RNA,-0.06319230794906616
MIR154_RNA,-0.06323017925024033
MIR548K_RNA,-0.06329354643821716
RBL1_RNA,-0.0633392408490181
OR1E2_RNA,-0.06335724145174026
FXN_RNA,-0.06339799612760544
C6orf89_RNA,-0.06344851106405258
DYRK1B_RNA,-0.06353374570608139
KRT33A_RNA,-0.063548244535923
HOXA13_RNA,-0.06363645941019058
AGRP_RNA,-0.06367021054029465
TMEM30A_RNA,-0.06368408352136612
TYRO3_RNA,-0.06372883915901184
AHCTF1_RNA,-0.06377296149730682
CDON_RNA,-0.06380005180835724
GAK_RNA,-0.06380826234817505
EIF4ENIF1_RNA,-0.06381635367870331
FGFR4_RNA,-0.06385477632284164
TTC24_RNA,-0.0638638585805893
ROBO1_RNA,-0.06389354169368744
ACTL8_RNA,-0.06392472982406616
DYM_RNA,-0.06397786736488342
PWWP2A_RNA,-0.06398562341928482
ZNF775_RNA,-0.06410888582468033
FUT10_RNA,-0.06414206326007843
SLC25A28_RNA,-0.064219169318676
HUS1B_RNA,-0.06427507847547531
STXBP4_RNA,-0.06429436802864075
XRRA1_RNA,-0.0643044039607048
VTCN1_RNA,-0.0643250048160553
UBQLN4_RNA,-0.06432949751615524
XPA_RNA,-0.06433232873678207
DMRTB1_RNA,-0.06434818357229233
SH2D6_RNA,-0.06436526030302048
MIR942_RNA,-0.06442507356405258
FIGNL1_RNA,-0.06442607194185257
MIR130A_RNA,-0.06446487456560135
NLRP5_RNA,-0.06448182463645935
UHMK1_RNA,-0.06448984891176224
DBN1_RNA,-0.06453277170658112
SOX13_RNA,-0.0645570233464241
PEBP1_RNA,-0.06456311792135239
AP2B1_RNA,-0.06456414610147476
AK1_RNA,-0.0645650327205658
KCNH2_RNA,-0.0645827054977417
PLD1_RNA,-0.06459928303956985
SLURP1_RNA,-0.06460818648338318
SLC45A1_RNA,-0.06462541222572327
MIR558_RNA,-0.06464240700006485
GNG8_RNA,-0.06468045711517334
CCAR1_RNA,-0.06469684839248657
TRIM32_RNA,-0.06477738171815872
OR2H1_RNA,-0.06481696665287018
ZMYM5_RNA,-0.06483276933431625
CUZD1_RNA,-0.06483321636915207
RAD52_RNA,-0.06483548879623413
ACO2_RNA,-0.0648617222905159
RSPH3_RNA,-0.06488063186407089
MIR324_RNA,-0.0649525448679924
FIBCD1_RNA,-0.06497179716825485
PPP1R10_RNA,-0.06498546153306961
MIRLET7F2_RNA,-0.06503438204526901
INTS1_RNA,-0.06508106738328934
DAZL_RNA,-0.06508645415306091
PROC_RNA,-0.06509117037057877
NKX2-8_RNA,-0.06510192900896072
LEKR1_RNA,-0.06510931253433228
ZNF575_RNA,-0.06519217044115067
EXD3_RNA,-0.06521037966012955
NHEJ1_RNA,-0.06526244431734085
EEA1_RNA,-0.06527821719646454
MTR_RNA,-0.06527858972549438
DVL1_RNA,-0.06528528779745102
SERAC1_RNA,-0.0653558000922203
FAM131A_RNA,-0.065372467041015625
PLA2R1_RNA,-0.06548753380775452
RNF11_RNA,-0.0655151903629303
MIR182_RNA,-0.06552860885858536
SUPT6H_RNA,-0.06555942445993423
CUL3_RNA,-0.06556841731071472
KDM5A_RNA,-0.06560202687978745
RFC1_RNA,-0.06563014537096024
NASP_RNA,-0.06564703583717346
CD83_RNA,-0.0656547099351883
UBOX5_RNA,-0.06570565700531006
HPRT1_RNA,-0.065775565803051
KIAA1143_RNA,-0.06581958383321762
UBN1_RNA,-0.06583753228187561
TRIO_RNA,-0.0658702477812767
KRIT1_RNA,-0.06587955355644226
UPK1A_RNA,-0.06591454148292542
NAA40_RNA,-0.06594184786081314
FBF1_RNA,-0.06594914942979813
ANKRD27_RNA,-0.0659535676240921
ASXL1_RNA,-0.0659983679652214
ESCO1_RNA,-0.06601005047559738
SNORA70C_RNA,-0.06601598858833313
PIGA_RNA,-0.06602878868579865
PGBD1_RNA,-0.0660361722111702
RNF17_RNA,-0.06607897579669952
ZNF260_RNA,-0.06607931107282639
RASA3_RNA,-0.0661340206861496
TTC13_RNA,-0.06616669148206711
GGA3_RNA,-0.06618835031986237
PET117_RNA,-0.06623141467571259
GPRC5D_RNA,-0.06630291789770126
KDM6B_RNA,-0.06632142513990402
DHRS11_RNA,-0.06634397059679031
REL_RNA,-0.06637061387300491
RASIP1_RNA,-0.06641528755426407
ASCL4_RNA,-0.06644819676876068
UBTF_RNA,-0.06647782027721405
DTHD1_RNA,-0.0665183812379837
SCN4B_RNA,-0.06652359664440155
PACRG_RNA,-0.06652712821960449
GON4L_RNA,-0.066548652946949
MEIG1_RNA,-0.06654912978410721
ZNF75D_RNA,-0.06656687706708908
ZNF528_RNA,-0.06656777858734131
MIR933_RNA,-0.06658578664064407
ANP32E_RNA,-0.06660972535610199
TULP2_RNA,-0.06661926954984665
PCBD2_RNA,-0.06663405150175095
CDK11A_RNA,-0.06664396077394485
UHRF2_RNA,-0.06666853278875351
ROCK1_RNA,-0.06672278046607971
KLHL10_RNA,-0.06678387522697449
ZNF501_RNA,-0.06681273877620697
ASPHD2_RNA,-0.0669078379869461
MUC2_RNA,-0.06692491471767426
PLA2G12B_RNA,-0.06693781167268753
DCAF12L1_RNA,-0.06695745885372162
OR51B2_RNA,-0.06696806848049164
ANKIB1_RNA,-0.06696859002113342
LRIT1_RNA,-0.06700737774372101
MIR645_RNA,-0.06701062619686127
WSB2_RNA,-0.06702146679162979
ANXA11_RNA,-0.06703953444957733
GJB4_RNA,-0.06711126118898392
TRAF6_RNA,-0.06717142462730408
ZNF57_RNA,-0.06724227964878082
LARS2_RNA,-0.06733523309230804
CLEC2D_RNA,-0.06733977049589157
ZNF783_RNA,-0.06738100200891495
GPR153_RNA,-0.06742805987596512
HOXD3_RNA,-0.06751039624214172
SNORD115-38_RNA,-0.0675242468714714
OR6B3_RNA,-0.0675923153758049
PICK1_RNA,-0.06761214882135391
RAPSN_RNA,-0.06761468201875687
KPNA1_RNA,-0.06766799092292786
ZNF461_RNA,-0.06769662350416183
TAS2R60_RNA,-0.06778552383184433
ASCL3_RNA,-0.06778742372989655
FUT4_RNA,-0.06781987100839615
NRN1L_RNA,-0.06787049770355225
MTCP1_RNA,-0.06790612637996674
ENTPD8_RNA,-0.06791039556264877
SEC63_RNA,-0.06791238486766815
PPP1R14A_RNA,-0.06791428476572037
DNAJC13_RNA,-0.06799150258302689
SNORA11B_RNA,-0.06806939840316772
BCAP29_RNA,-0.06809626519680023
MIR25_RNA,-0.06812377274036407
CEL_RNA,-0.06813548505306244
RAB19_RNA,-0.06813693046569824
ZNF347_RNA,-0.06814464926719666
COX7A1_RNA,-0.06827127188444138
CUL2_RNA,-0.06827635318040848
CLNK_RNA,-0.06834736466407776
ANKRD13C_RNA,-0.06840865314006805
GBP4_RNA,-0.06841260194778442
TTC29_RNA,-0.06843697279691696
SETD1A_RNA,-0.06845952570438385
GAL3ST2_RNA,-0.06847453862428665
CCNL2_RNA,-0.06853180378675461
P2RY11_RNA,-0.06853314489126205
LRPPRC_RNA,-0.06855224817991257
MIR215_RNA,-0.06855559349060059
UPK2_RNA,-0.06856546550989151
SEMA5A_RNA,-0.06862912327051163
DDX43_RNA,-0.06866437941789627
HRC_RNA,-0.06866585463285446
CAPN7_RNA,-0.06868667155504227
OBP2A_RNA,-0.06870729476213455
LAMC2_RNA,-0.06873085349798203
OR10Q1_RNA,-0.06873707473278046
TMEM190_RNA,-0.06874096393585205
MMD_RNA,-0.06875256448984146
CDX2_RNA,-0.06878701597452164
ZNF860_RNA,-0.06880883872509003
C16orf78_RNA,-0.06881123036146164
KDM4C_RNA,-0.06884036213159561
ODF4_RNA,-0.0688527375459671
B3GNT6_RNA,-0.06885383278131485
TUBGCP5_RNA,-0.06893666088581085
PJA1_RNA,-0.06894297152757645
DNASE1L3_RNA,-0.06914018839597702
FCRL3_RNA,-0.069171242415905
AANAT_RNA,-0.06920783221721649
GATA1_RNA,-0.0692376047372818
PRDM4_RNA,-0.0693121999502182
MIR617_RNA,-0.06935203075408936
CDC40_RNA,-0.06940368562936783
U2AF1L4_RNA,-0.06940780580043793
IRX1_RNA,-0.06946595758199692
PM20D2_RNA,-0.06948940455913544
ZNF791_RNA,-0.06950745731592178
SFXN2_RNA,-0.06952592730522156
PPEF2_RNA,-0.0695280134677887
MIR541_RNA,-0.06953489780426025
TRAF3IP1_RNA,-0.06956633180379868
FAM9B_RNA,-0.06957833468914032
FAM50B_RNA,-0.06960021704435349
TJAP1_RNA,-0.0696168914437294
LVRN_RNA,-0.06962928175926208
ACSL3_RNA,-0.06964506208896637
ZNF629_RNA,-0.06965585052967072
CR2_RNA,-0.06967072188854218
PITPNA_RNA,-0.06969643384218216
WDR19_RNA,-0.06982026249170303
CTSE_RNA,-0.06983095407485962
WWC2_RNA,-0.06984024494886398
ASB11_RNA,-0.06988919526338577
IFT88_RNA,-0.06989458948373795
PSEN1_RNA,-0.0699007511138916
MAP4_RNA,-0.06992308795452118
DGAT2L6_RNA,-0.06993720680475235
MIR331_RNA,-0.07003246247768402
C22orf42_RNA,-0.07005814462900162
IRX5_RNA,-0.07009871304035187
MIR106B_RNA,-0.07016834616661072
BAZ2A_RNA,-0.07025200873613358
REG4_RNA,-0.0702594518661499
RAB3GAP1_RNA,-0.07026615738868713
DCST1_RNA,-0.07036440819501877
SDR39U1_RNA,-0.07044923305511475
MIR93_RNA,-0.07051990181207657
NBAS_RNA,-0.070530004799366
ANKDD1A_RNA,-0.07069883495569229
ATP4B_RNA,-0.0707077831029892
RANBP10_RNA,-0.07072103768587112
CDK12_RNA,-0.070793047547340393
PPP2R5D_RNA,-0.0708172544836998
MIR149_RNA,-0.0708845779299736
CCNE2_RNA,-0.0709008052945137
RBM15_RNA,-0.07091091573238373
FBXO43_RNA,-0.07093014568090439
CRX_RNA,-0.07093189656734467
DGCR6_RNA,-0.0709381178021431
UBA6_RNA,-0.07099375128746033
SNORD88A_RNA,-0.07101456820964813
SH2D3C_RNA,-0.07108061015605927
IL17C_RNA,-0.07116346806287766
CDC42EP2_RNA,-0.07116803526878357
TMX4_RNA,-0.07117580622434616
SULF1_RNA,-0.07118888944387436
FAM118A_RNA,-0.07119149714708328
NFYB_RNA,-0.07120762765407562
GRK7_RNA,-0.07121051847934723
OXER1_RNA,-0.07121657580137253
PGLYRP1_RNA,-0.07123152911663055
ZNF132_RNA,-0.07127121090888977
GSTM2_RNA,-0.07128384709358215
PPIG_RNA,-0.07131952792406082
SFI1_RNA,-0.071320079267025
BMP2K_RNA,-0.07132498919963837
YIPF7_RNA,-0.07133083790540695
SNHG10_RNA,-0.07138131558895111
TBC1D20_RNA,-0.07149349898099899
PRSS8_RNA,-0.07156400382518768
HMX3_RNA,-0.07159154117107391
HERC4_RNA,-0.07160352915525436
AHNAK2_RNA,-0.07165031135082245
OTUD4_RNA,-0.07169561833143234
CLCC1_RNA,-0.07169968634843826
DNAJB13_RNA,-0.07171182334423065
CLK1_RNA,-0.07171772420406342
CDC14A_RNA,-0.07178536802530289
LPAR2_RNA,-0.07179586589336395
MTF2_RNA,-0.07183829694986343
IREB2_RNA,-0.0718594416975975
GPR18_RNA,-0.07194356620311737
SOX3_RNA,-0.07195397466421127
IRF2BP2_RNA,-0.07195582240819931
CNOT4_RNA,-0.07197194546461105
MGLL_RNA,-0.07198487222194672
FLT3LG_RNA,-0.07200664281845093
ANKFY1_RNA,-0.07202750444412231
PCSK1_RNA,-0.07205107063055038
ACTR1A_RNA,-0.07206324487924576
LIN54_RNA,-0.07207319140434265
GTF3C1_RNA,-0.0721420869231224
L1TD1_RNA,-0.0721464455127716
PEA15_RNA,-0.0721823200583458
NUP153_RNA,-0.07226574420928955
SCRN3_RNA,-0.0722850114107132
PRTFDC1_RNA,-0.07234594225883484
ADAMTSL1_RNA,-0.07235105335712433
ZNF789_RNA,-0.07237567752599716
SLU7_RNA,-0.07238475978374481
SPPL2B_RNA,-0.07239170372486115
DCAF5_RNA,-0.07239648699760437
MTHFR_RNA,-0.07239816337823868
OR10H1_RNA,-0.07239840924739838
TMEM65_RNA,-0.07242140173912048
TAS2R40_RNA,-0.07243552058935165
SHOC2_RNA,-0.0724429115653038
HSBP1L1_RNA,-0.07247234135866165
OSBPL8_RNA,-0.07249066978693008
PRPF18_RNA,-0.07251337915658951
AMBRA1_RNA,-0.07252557575702667
ATP6V0C_RNA,-0.07254176586866379
DIAPH2_RNA,-0.07262248545885086
PDCD11_RNA,-0.0726919025182724
WFDC10B_RNA,-0.07271307706832886
VIL1_RNA,-0.07272905856370926
TAS2R38_RNA,-0.07275348156690598
STRA8_RNA,-0.07275504618883133
CXADR_RNA,-0.07280709594488144
TSC22D1_RNA,-0.07282073050737381
CDK14_RNA,-0.07282859832048416
PLEKHG7_RNA,-0.07283568382263184
EGFL7_RNA,-0.07284733653068542
PTK2_RNA,-0.07287388294935226
LTA_RNA,-0.07290351390838623
OR1N1_RNA,-0.07291290163993835
PDK4_RNA,-0.07297155261039734
BIVM_RNA,-0.0729801282286644
SGK3_RNA,-0.07300049066543579
MSLNL_RNA,-0.07306251674890518
AMBN_RNA,-0.07306866347789764
MTBP_RNA,-0.07309285551309586
LHX9_RNA,-0.0731014683842659
PDCL2_RNA,-0.07311148941516876
SPATA12_RNA,-0.0731155201792717
ZNF433_RNA,-0.0731247067451477
PCBP4_RNA,-0.07316310703754425
MYL3_RNA,-0.07337464392185211
ADRA2B_RNA,-0.07338503748178482
ZGLP1_RNA,-0.07340634614229202
UTRN_RNA,-0.07347958534955978
ZNF853_RNA,-0.07352710515260696
IRS1_RNA,-0.07353541254997253
NAA25_RNA,-0.07353658229112625
CLIP1_RNA,-0.07355744391679764
PBXIP1_RNA,-0.07357660681009293
LAG3_RNA,-0.07358381897211075
RHOBTB3_RNA,-0.07366235554218292
TGM6_RNA,-0.07370598614215851
CASC3_RNA,-0.07371199131011963
SLC5A1_RNA,-0.07372409105300903
CWF19L2_RNA,-0.07373388111591339
SNORD115-25_RNA,-0.07373557984828949
RNF183_RNA,-0.0737551599740982
DDX17_RNA,-0.07376741617918015
LANCL2_RNA,-0.07379388064146042
SEMA4F_RNA,-0.07385571300983429
AMT_RNA,-0.07392419874668121
FGF2_RNA,-0.07396973669528961
THOC2_RNA,-0.07401257008314133
SLC25A46_RNA,-0.07404305040836334
GLMN_RNA,-0.07404821366071701
MIR300_RNA,-0.07414425909519196
CDK8_RNA,-0.07417524605989456
DCTN5_RNA,-0.07418489456176758
MND1_RNA,-0.07419922947883606
MIR326_RNA,-0.07424726337194443
TBC1D17_RNA,-0.07426682114601135
TACC1_RNA,-0.07428300380706787
MTG1_RNA,-0.07437491416931152
MC1R_RNA,-0.07446245849132538
TMEM135_RNA,-0.07453029602766037
GAB4_RNA,-0.07455578446388245
ADNP2_RNA,-0.07455763965845108
NFATC3_RNA,-0.0746021494269371
PKHD1_RNA,-0.07460372895002365
GPRIN3_RNA,-0.07462303340435028
STARD6_RNA,-0.07470928877592087
ACOT7_RNA,-0.0747443437576294
DDX3X_RNA,-0.07478467375040054
NFXL1_RNA,-0.07484176009893417
AKAP7_RNA,-0.07484226673841476
UBE3B_RNA,-0.07485554367303848
DNMT3B_RNA,-0.07490517944097519
TCF7L2_RNA,-0.07493221759796143
HLCS_RNA,-0.07498542964458466
SNORD115-14_RNA,-0.07498741894960403
HAUS7_RNA,-0.07500322163105011
INPP1_RNA,-0.0750778391957283
SNX19_RNA,-0.0751117691397667
GDF11_RNA,-0.07522668689489365
TRIM62_RNA,-0.0752752497792244
CDCP2_RNA,-0.07529903948307037
DENND4B_RNA,-0.07532673329114914
OIT3_RNA,-0.07536061853170395
SNORD115-37_RNA,-0.07537825405597687
NKX2-4_RNA,-0.07543434202671051
RCVRN_RNA,-0.07548856735229492
HPX_RNA,-0.07557318359613419
PARD3_RNA,-0.07561162114143372
SNORD67_RNA,-0.07565771043300629
DKK2_RNA,-0.07572362571954727
ZNF527_RNA,-0.0757659301161766
C1QTNF9B_RNA,-0.07581894844770432
CEACAM16_RNA,-0.07585056871175766
NOS3_RNA,-0.07587263733148575
SLTM_RNA,-0.07592633366584778
DNAH3_RNA,-0.07596703618764877
OR2D3_RNA,-0.07609408348798752
TMEM120B_RNA,-0.07610000669956207
PLEKHH2_RNA,-0.07619047164916992
PDE4A_RNA,-0.0762224793434143
MBLAC1_RNA,-0.07622671872377396
EHMT2_RNA,-0.07622773945331573
WWP1_RNA,-0.07622822374105453
ZFR_RNA,-0.07629244029521942
GBX2_RNA,-0.07632022351026535
VPS39_RNA,-0.07637409120798111
NFRKB_RNA,-0.07637711614370346
AP3S2_RNA,-0.07639232277870178
DDI1_RNA,-0.0764162689447403
FEM1B_RNA,-0.07644464075565338
ZNF776_RNA,-0.07644575834274292
FCHSD1_RNA,-0.07652812451124191
ARHGEF10L_RNA,-0.07657463848590851
PPP1R12C_RNA,-0.07667109370231628
MIP_RNA,-0.07669565826654434
FASTKD1_RNA,-0.07669790089130402
MIR299_RNA,-0.07671236246824265
HMGB4_RNA,-0.07672677934169769
PHF20L1_RNA,-0.07674410194158554
FCRL4_RNA,-0.07679548859596252
ATXN7L1_RNA,-0.07689840346574783
ATPAF1_RNA,-0.07691546529531479
PGP_RNA,-0.07692905515432358
RHOU_RNA,-0.07701538503170013
PHF12_RNA,-0.07711925357580185
GABRP_RNA,-0.07722078263759613
EP300_RNA,-0.07726043462753296
INHBE_RNA,-0.07726632058620453
TESC_RNA,-0.07730761915445328
ATP6V0E2_RNA,-0.07743227481842041
WWP2_RNA,-0.07749143987894058
KDM4B_RNA,-0.07750354707241058
PGBD2_RNA,-0.07753144949674606
AUTS2_RNA,-0.07754220068454742
ZNF785_RNA,-0.07754378765821457
STK38L_RNA,-0.0775468721985817
GABARAP_RNA,-0.07756262272596359
NCBP1_RNA,-0.0775715708732605
TTC39B_RNA,-0.07757614552974701
KLF3_RNA,-0.07757945358753204
HNRNPH3_RNA,-0.07761424034833908
SGPP1_RNA,-0.07766757160425186
ABCB6_RNA,-0.07769428938627243
ATP11A_RNA,-0.07771166414022446
NUP214_RNA,-0.07782813906669617
TMCO5A_RNA,-0.07786262780427933
VWDE_RNA,-0.07788543403148651
SNORD116-5_RNA,-0.07792839407920837
KNTC1_RNA,-0.07798438519239426
SUV39H2_RNA,-0.07801704853773117
FAM76B_RNA,-0.07801878452301025
LUC7L2_RNA,-0.07801908254623413
CSNK1E_RNA,-0.07806377857923508
ZNF320_RNA,-0.07809523493051529
NANOG_RNA,-0.07813762128353119
FIG4_RNA,-0.07817181944847107
SKIL_RNA,-0.0781969353556633
ZFYVE27_RNA,-0.07831573486328125
NRARP_RNA,-0.07835091650485992
AGMAT_RNA,-0.07837891578674316
BCL9_RNA,-0.07838548719882965
WDR35_RNA,-0.07843391597270966
DDC_RNA,-0.07843504846096039
RASL10B_RNA,-0.07845982164144516
MICAL1_RNA,-0.07847478240728378
EPC2_RNA,-0.07848037779331207
MCM3AP_RNA,-0.07849469035863876
DNAJB2_RNA,-0.07852395623922348
FOXJ2_RNA,-0.07861464470624924
CCDC122_RNA,-0.07866447418928146
ACER3_RNA,-0.07870752364397049
GCNT3_RNA,-0.078743577003479
MEMO1_RNA,-0.07876375317573547
PLSCR4_RNA,-0.07877389341592789
RHOBTB1_RNA,-0.07881410419940948
GSDMC_RNA,-0.07882831245660782
MIA_RNA,-0.07885030657052994
RNGTT_RNA,-0.07891495525836945
ZFP37_RNA,-0.07891623675823212
TK2_RNA,-0.07905029505491257
PIK3R4_RNA,-0.07906145602464676
WFDC12_RNA,-0.07909128814935684
PROKR1_RNA,-0.07914715260267258
SNORA70B_RNA,-0.07916168868541718
KLHDC4_RNA,-0.0791679099202156
ERCC8_RNA,-0.079183429479599
MIR380_RNA,-0.0792328417301178
IL22_RNA,-0.07925496995449066
AQR_RNA,-0.07930527627468109
BBX_RNA,-0.0794404074549675
ITIH5_RNA,-0.07945136725902557
MIR624_RNA,-0.07949496060609818
NANOS2_RNA,-0.07950327545404434
RNF170_RNA,-0.0795549601316452
HSP90AB2P_RNA,-0.07958663254976273
ACCS_RNA,-0.07960552722215652
CYGB_RNA,-0.0796370655298233
KRTAP5-6_RNA,-0.07966472208499908
ZNF592_RNA,-0.07966586202383041
ZNF234_RNA,-0.07966593652963638
ANKRD16_RNA,-0.07982206344604492
MYBPC3_RNA,-0.07986562699079514
ZFYVE21_RNA,-0.07987012714147568
MIR181A2_RNA,-0.07987494021654129
HIBCH_RNA,-0.07992765307426453
UVRAG_RNA,-0.0799378827214241
FAM83F_RNA,-0.07993955165147781
SLC5A9_RNA,-0.08004014939069748
SNORD115-8_RNA,-0.08007361739873886
ENTPD5_RNA,-0.08009219169616699
ZZZ3_RNA,-0.08016099035739899
KRT1_RNA,-0.08017487823963165
ANKRD40_RNA,-0.08024100959300995
APPL1_RNA,-0.0802423506975174
RBM5_RNA,-0.08030478656291962
MIR874_RNA,-0.08036673814058304
TPSG1_RNA,-0.08040480315685272
RBMXL3_RNA,-0.08042840659618378
SMAD4_RNA,-0.08046409487724304
SGSM3_RNA,-0.08047459274530411
GIMAP5_RNA,-0.08049289137125015
CMAS_RNA,-0.08051367104053497
BMP10_RNA,-0.08053562045097351
N4BP1_RNA,-0.08063018321990967
UBQLN3_RNA,-0.08065678924322128
MORN1_RNA,-0.08071796596050262
PLEKHG4_RNA,-0.0807548314332962
BARHL1_RNA,-0.0807710513472557
MIR329-2_RNA,-0.08079682290554047
PTCD2_RNA,-0.08080796897411346
ZNF623_RNA,-0.08081188052892685
FMO5_RNA,-0.08085544407367706
MIR33A_RNA,-0.0808868482708931
ARL6IP1_RNA,-0.08089859038591385
C22orf39_RNA,-0.08098185807466507
FAM41C_RNA,-0.08099725842475891
PDE3A_RNA,-0.08106119185686111
TTC19_RNA,-0.08106458932161331
CCNJ_RNA,-0.08111347258090973
CBX2_RNA,-0.08111634850502014
CD177_RNA,-0.08112846314907074
MIR27B_RNA,-0.08117701858282089
KTN1_RNA,-0.08121907711029053
SDR9C7_RNA,-0.0812673345208168
PARP2_RNA,-0.08130688965320587
ZNF487_RNA,-0.08136749267578125
ZNF398_RNA,-0.0813792422413826
SOX2_RNA,-0.08140290528535843
MIR30B_RNA,-0.0814739316701889
POGK_RNA,-0.08147680759429932
SPACA4_RNA,-0.0815325453877449
SERPINB5_RNA,-0.0815337747335434
DNAI2_RNA,-0.08155481517314911
ZBTB3_RNA,-0.08157895505428314
DEFB1_RNA,-0.0817108154296875
SCARNA3_RNA,-0.0817246213555336
EVX1_RNA,-0.08177179843187332
ALPL_RNA,-0.08177917450666428
TTR_RNA,-0.08178173005580902
LPP_RNA,-0.0817892998456955
LRRC57_RNA,-0.08181329816579819
PPWD1_RNA,-0.081831194460392
ATP6V1B1_RNA,-0.08191685378551483
MARK2_RNA,-0.08200861513614655
ATN1_RNA,-0.08201829344034195
SLC46A2_RNA,-0.08201910555362701
CRB3_RNA,-0.08207753300666809
BICD2_RNA,-0.08209536969661713
ZNF345_RNA,-0.08209842443466187
USP13_RNA,-0.08215536922216415
HCG9_RNA,-0.0822036862373352
CDC7_RNA,-0.08222564309835434
OLAH_RNA,-0.08223062753677368
RXRA_RNA,-0.08223722875118256
TBC1D19_RNA,-0.08233685791492462
AMELX_RNA,-0.08235982805490494
FAM170A_RNA,-0.082405224442482
G2E3_RNA,-0.08253724128007889
ETAA1_RNA,-0.08255124092102051
FAM120C_RNA,-0.08255274593830109
SP8_RNA,-0.08256670087575912
MAFG_RNA,-0.08257433772087097
RAB21_RNA,-0.08259267359972
MESP2_RNA,-0.08266618847846985
SNORD117_RNA,-0.08269303292036057
PHF20_RNA,-0.0827021524310112
ZNF514_RNA,-0.08271677792072296
CDH16_RNA,-0.0827198475599289
SULT1C2_RNA,-0.0827535092830658
GSTM5_RNA,-0.08275385946035385
SVEP1_RNA,-0.0827978327870369
PDZRN3_RNA,-0.08289604634046555
ZNF341_RNA,-0.0829140767455101
SLC39A5_RNA,-0.0829591378569603
B4GALNT2_RNA,-0.0829668939113617
HSPB8_RNA,-0.08300821483135223
GAB2_RNA,-0.08302964270114899
FBXO44_RNA,-0.08306999504566193
USPL1_RNA,-0.08307356387376785
GYPA_RNA,-0.08311302214860916
HNRNPU_RNA,-0.08313418924808502
CD40LG_RNA,-0.08316978812217712
SNORD11_RNA,-0.0831766426563263
SUCLA2_RNA,-0.08325859904289246
PRX_RNA,-0.08326439559459686
ADRB3_RNA,-0.08328965306282043
TMC1_RNA,-0.08329867571592331
HSPA1L_RNA,-0.08334127813577652
FAM20B_RNA,-0.08334215730428696
HNRNPA3_RNA,-0.08340246230363846
OR2B2_RNA,-0.08349236845970154
ZMYM3_RNA,-0.08349262177944183
PDE9A_RNA,-0.08349697291851044
CPS1_RNA,-0.08352410048246384
UBR1_RNA,-0.08352679014205933
ZNF304_RNA,-0.08353322744369507
PROCA1_RNA,-0.08357543498277664
WDR73_RNA,-0.08362099528312683
ZNHIT6_RNA,-0.08363587409257889
ANKRD13A_RNA,-0.08369086682796478
HDC_RNA,-0.08375148475170135
C2CD3_RNA,-0.0838349461555481
GATA2_RNA,-0.08384345471858978
ACTL7A_RNA,-0.08389322459697723
DISC1_RNA,-0.08389630168676376
LIN7B_RNA,-0.08391395211219788
CHRNA7_RNA,-0.08405476808547974
SSPN_RNA,-0.08406843990087509
PIAS1_RNA,-0.08408274501562119
CDC20B_RNA,-0.08410490304231644
SNAI3_RNA,-0.08412568271160126
LOC730668_RNA,-0.08412925153970718
ANKRD7_RNA,-0.08417137712240219
GP9_RNA,-0.084192655980587
PIGM_RNA,-0.08419662714004517
STX17_RNA,-0.08421002328395844
MTF1_RNA,-0.08425763249397278
NUP155_RNA,-0.08426886051893234
PSKH2_RNA,-0.08440171182155609
ZNF500_RNA,-0.0844065323472023
KCNJ2_RNA,-0.08441369235515594
GLIPR1L2_RNA,-0.08441775292158127
SLC31A2_RNA,-0.08445542305707932
MIR1251_RNA,-0.08448836207389832
BSND_RNA,-0.08449722081422806
FBXO31_RNA,-0.08454802632331848
ZNF696_RNA,-0.08455594629049301
UBR5_RNA,-0.08455763012170792
CUEDC1_RNA,-0.08462326228618622
DMPK_RNA,-0.08467923849821091
KCNK18_RNA,-0.08474297821521759
PJA2_RNA,-0.08474807441234589
MIR581_RNA,-0.08475211262702942
SIGLEC6_RNA,-0.08475814014673233
PCDHB14_RNA,-0.08479002863168716
MIR340_RNA,-0.084808349609375
GAS2L2_RNA,-0.08483938127756119
OXT_RNA,-0.0848880261182785
PLA2G3_RNA,-0.08489905297756195
PATZ1_RNA,-0.084911346435546875
MIR626_RNA,-0.0849321261048317
BLM_RNA,-0.08504469692707062
FKBP6_RNA,-0.08507849276065826
BEND3_RNA,-0.08508285135030746
UBE2K_RNA,-0.08510369807481766
ERI2_RNA,-0.08511592447757721
FNDC7_RNA,-0.08512235432863235
MXD4_RNA,-0.08512571454048157
DMWD_RNA,-0.0851704329252243
MIR708_RNA,-0.08517853170633316
PARD3B_RNA,-0.08526130020618439
AVL9_RNA,-0.08527439087629318
FBXW4_RNA,-0.08528366684913635
CYP4V2_RNA,-0.08528472483158112
CENPF_RNA,-0.08531007170677185
VMAC_RNA,-0.08535926789045334
SPG11_RNA,-0.085365399718284607
PHKA1_RNA,-0.0853675827383995
PBX4_RNA,-0.0853685513138771
SLC11A2_RNA,-0.08537526428699493
AP1G1_RNA,-0.08540128916501999
KRTAP5-11_RNA,-0.08543415367603302
SLC4A4_RNA,-0.08545831590890884
AADAT_RNA,-0.08549270033836365
CXorf58_RNA,-0.08549854904413223
SAG_RNA,-0.08553976565599442
ITGA2B_RNA,-0.08556507527828217
MIR494_RNA,-0.08556804805994034
CNR2_RNA,-0.08558717370033264
TSGA13_RNA,-0.08560647070407867
TFAM_RNA,-0.08560754358768463
EVI5_RNA,-0.08565837144851685
CADM4_RNA,-0.08571694791316986
KRT82_RNA,-0.08574085682630539
CNTD1_RNA,-0.08574225008487701
FGF20_RNA,-0.08587266504764557
APOF_RNA,-0.08589328080415726
HDX_RNA,-0.08591454476118088
SFRP1_RNA,-0.08594712615013123
BSCL2_RNA,-0.08600267767906189
ABHD1_RNA,-0.08613170683383942
OR10A4_RNA,-0.08618342131376266
ETV3L_RNA,-0.08618766069412231
ZNF480_RNA,-0.08623381704092026
LRRK1_RNA,-0.08623914420604706
HNRNPA1L2_RNA,-0.08628009259700775
LUZP1_RNA,-0.08636724948883057
SNORD115-12_RNA,-0.08638382703065872
SNORD115-15_RNA,-0.0863882377743721
ISL1_RNA,-0.08639033138751984
MAGEA8_RNA,-0.08642584830522537
LRRC2_RNA,-0.08644828200340271
P2RX1_RNA,-0.08645249903202057
NXN_RNA,-0.08645450323820114
ZNF740_RNA,-0.08645890653133392
ARPP19_RNA,-0.08646336197853088
MIR194-1_RNA,-0.08646873384714127
TOPBP1_RNA,-0.08648049086332321
UBA5_RNA,-0.08650531619787216
NOL9_RNA,-0.08650895208120346
ADD1_RNA,-0.08655159920454025
ADAMTSL5_RNA,-0.08657389879226685
KIF13B_RNA,-0.08661716431379318
EFNA2_RNA,-0.08664137125015259
PTPRA_RNA,-0.08664542436599731
BRDT_RNA,-0.08667924255132675
CTRC_RNA,-0.08668066561222076
SLC7A9_RNA,-0.08668089658021927
ZC3H11A_RNA,-0.08678373694419861
ARG1_RNA,-0.08679729700088501
GTPBP1_RNA,-0.08685441315174103
DCAF11_RNA,-0.08686452358961105
ANGEL2_RNA,-0.08688658475875854
SPDYE4_RNA,-0.08689023554325104
CYP2R1_RNA,-0.08689295500516891
PUM1_RNA,-0.0868973359465599
ZNF621_RNA,-0.08697923272848129
MIR9-3_RNA,-0.08701048046350479
MANSC1_RNA,-0.08703121542930603
RAB6A_RNA,-0.08706033229827881
POLR1A_RNA,-0.08709370344877243
ITPR2_RNA,-0.08711397647857666
OR51I1_RNA,-0.0871645137667656
NR4A1_RNA,-0.08718372136354446
C14orf178_RNA,-0.08720148354768753
FAM9C_RNA,-0.08732874691486359
CAPSL_RNA,-0.08733619004487991
RSBN1_RNA,-0.08739128708839417
ZMYM1_RNA,-0.08739499747753143
CDK5RAP2_RNA,-0.08740314096212387
SPATA13_RNA,-0.0874514952301979
PCMT1_RNA,-0.08748647570610046
NUP107_RNA,-0.08753351867198944
SCGB1D2_RNA,-0.08753525465726852
ARL6_RNA,-0.08754526823759079
CSPP1_RNA,-0.08755907416343689
SNORA38B_RNA,-0.08761961758136749
DIAPH3_RNA,-0.08762671798467636
PSTK_RNA,-0.08769658952951431
POU3F1_RNA,-0.08771807700395584
DNA2_RNA,-0.08776374161243439
TRIML2_RNA,-0.08779649436473846
SNORD12B_RNA,-0.08784995228052139
CLC_RNA,-0.0879189521074295
EXD1_RNA,-0.0879274532198906
GNPDA2_RNA,-0.0879322960972786
GPM6B_RNA,-0.08797671645879745
ABCA7_RNA,-0.08797721564769745
TMEM91_RNA,-0.08800622075796127
SNORA33_RNA,-0.08801562339067459
KRT71_RNA,-0.08805730938911438
DUOXA2_RNA,-0.08812569081783295
MIR1537_RNA,-0.08812635391950607
KIF16B_RNA,-0.08813650906085968
PNN_RNA,-0.08814971148967743
WDTC1_RNA,-0.08815710991621017
APOOL_RNA,-0.08816292136907578
TPR_RNA,-0.0881703794002533
SNORD115-39_RNA,-0.0881941094994545
SCG5_RNA,-0.08820301294326782
HABP2_RNA,-0.08821766823530197
CTDSP2_RNA,-0.08825374394655228
PEX1_RNA,-0.08829712867736816
ANKRD45_RNA,-0.08839668333530426
RAD17_RNA,-0.08843880891799927
WDR59_RNA,-0.08846104145050049
C2CD4A_RNA,-0.08858511596918106
LPO_RNA,-0.08859053254127502
KCTD13_RNA,-0.08862084150314331
TUBB1_RNA,-0.08864303678274155
MTMR1_RNA,-0.08868058025836945
SNORD11B_RNA,-0.08871527016162872
NOL12_RNA,-0.0887613520026207
MIR1301_RNA,-0.08877722173929214
HDGFL1_RNA,-0.08879052847623825
C20orf202_RNA,-0.0887908786535263
PLSCR3_RNA,-0.088810496032238
ARIH1_RNA,-0.08881092071533203
MAP3K2_RNA,-0.08881892263889313
ZNF335_RNA,-0.0888226330280304
TLK1_RNA,-0.08884627372026443
NKRF_RNA,-0.08886150270700455
RPS6KC1_RNA,-0.08887816965579987
LAS1L_RNA,-0.08890513330698013
EIF5A2_RNA,-0.08893699944019318
IFIT3_RNA,-0.08896732330322266
NCKAP1_RNA,-0.08899212628602982
KLHL29_RNA,-0.0890112891793251
OR52K2_RNA,-0.08901402354240417
MIR765_RNA,-0.08901705592870712
KCNG1_RNA,-0.08902415633201599
ZFYVE26_RNA,-0.08905617147684097
FOXP3_RNA,-0.08907737582921982
TEX2_RNA,-0.08914513885974884
MIR577_RNA,-0.08917942643165588
FXR2_RNA,-0.08919665217399597
SNORD115-31_RNA,-0.08919697999954224
STS_RNA,-0.08919718861579895
CCKAR_RNA,-0.08921638876199722
CCDC60_RNA,-0.08937601000070572
MIR376B_RNA,-0.0894557535648346
TMPRSS13_RNA,-0.08949338644742966
MIR1276_RNA,-0.08949827402830124
FGF3_RNA,-0.08952473104000092
MMACHC_RNA,-0.08953497558832169
SLC24A5_RNA,-0.0895603820681572
TLX2_RNA,-0.08960824459791183
MVD_RNA,-0.08961053192615509
USP30_RNA,-0.08962612599134445
PPP2R5B_RNA,-0.0896478071808815
COX19_RNA,-0.08968338370323181
VASH1_RNA,-0.08970534801483154
POU2F2_RNA,-0.08971398323774338
VHL_RNA,-0.08974898606538773
ZNF24_RNA,-0.0897618755698204
COL25A1_RNA,-0.08977856487035751
KATNAL2_RNA,-0.08979355543851852
NDUFA5_RNA,-0.08983515948057175
C8G_RNA,-0.08987496793270111
ZNF333_RNA,-0.08989062160253525
MSH2_RNA,-0.08990845829248428
GPD1L_RNA,-0.08990953862667084
ADNP_RNA,-0.08992686122655869
DHRS7C_RNA,-0.08993230015039444
SNORD115-19_RNA,-0.08997419476509094
POMT2_RNA,-0.08998477458953857
ZNF569_RNA,-0.09003946930170059
FBXL14_RNA,-0.09006385505199432
ZBTB7C_RNA,-0.09011231362819672
BMS1P4_RNA,-0.09025222063064575
PRPF39_RNA,-0.09026633948087692
SLC38A5_RNA,-0.0902666300535202
TNFRSF17_RNA,-0.09032277762889862
XKR9_RNA,-0.09035314619541168
IBTK_RNA,-0.09036624431610107
TIGD4_RNA,-0.09037026017904282
BRD8_RNA,-0.0903741791844368
PRSS27_RNA,-0.09040463715791702
TPCN1_RNA,-0.09046335518360138
TP63_RNA,-0.09055573493242264
USP35_RNA,-0.09060387313365936
SALL1_RNA,-0.09064379334449768
CEP120_RNA,-0.0906599760055542
ZNF329_RNA,-0.09070766717195511
DIS3_RNA,-0.09073610603809357
HSD17B2_RNA,-0.09075955301523209
EEPD1_RNA,-0.09085909277200699
OR2A5_RNA,-0.0908733382821083
DNAJB4_RNA,-0.09087776392698288
CCDC18_RNA,-0.0908810943365097
MIR613_RNA,-0.09092634916305542
C22orf23_RNA,-0.09094534069299698
ERCC4_RNA,-0.09114330261945724
BTBD16_RNA,-0.09114594757556915
NUDT13_RNA,-0.09115450084209442
BDNF_RNA,-0.09122604131698608
TMEM170A_RNA,-0.09125407040119171
ENAH_RNA,-0.09128238260746002
PDE7A_RNA,-0.0912858173251152
DBP_RNA,-0.0913005992770195
HOOK2_RNA,-0.09132719784975052
NME5_RNA,-0.09145603328943253
TXNDC2_RNA,-0.09146472811698914
FAM8A1_RNA,-0.09157947450876236
GUCY2F_RNA,-0.09160873293876648
GAPDHS_RNA,-0.09161598980426788
CC2D2A_RNA,-0.09167210012674332
KRT84_RNA,-0.09173787385225296
UNC13B_RNA,-0.09174401313066483
STK35_RNA,-0.0918211117386818
ALK_RNA,-0.09182322770357132
PLA2G1B_RNA,-0.09197971969842911
DCAF4L2_RNA,-0.09198785573244095
OR52B6_RNA,-0.09199357777833939
RGL4_RNA,-0.09202716499567032
TRPM5_RNA,-0.09204382449388504
WDFY2_RNA,-0.09204691648483276
SMARCA4_RNA,-0.09209056943655014
LCN10_RNA,-0.09210427105426788
RBM39_RNA,-0.0921424850821495
TEX101_RNA,-0.0921797901391983
RBPJ_RNA,-0.09221015125513077
TBC1D14_RNA,-0.09221029281616211
MIRLET7A2_RNA,-0.09224872291088104
GDF2_RNA,-0.09235603362321854
COG3_RNA,-0.09237506240606308
HOOK3_RNA,-0.09240876883268356
CHRNG_RNA,-0.09248261153697968
SPSB4_RNA,-0.09249364584684372
MIR30C1_RNA,-0.09249483793973923
ELP4_RNA,-0.09249673038721085
ZNF470_RNA,-0.09252835810184479
ZNF184_RNA,-0.09255169332027435
ZNF610_RNA,-0.09257247298955917
ARHGAP22_RNA,-0.09259956330060959
PGGT1B_RNA,-0.09260113537311554
CIB4_RNA,-0.09261632710695267
AP4E1_RNA,-0.09267184138298035
TEX11_RNA,-0.09267563372850418
OR13D1_RNA,-0.09270961582660675
C1orf216_RNA,-0.09272610396146774
KIAA1217_RNA,-0.09274844080209732
IHH_RNA,-0.09288118034601212
TMEM184B_RNA,-0.0929119884967804
MIR30A_RNA,-0.09296052157878876
KLF11_RNA,-0.09305910021066666
ZYG11A_RNA,-0.09306889027357101
REV1_RNA,-0.09308697283267975
C20orf144_RNA,-0.09312564879655838
SNORD114-15_RNA,-0.09313108026981354
DENND5A_RNA,-0.09313856810331345
SNORD114-3_RNA,-0.09317444264888763
OR5K2_RNA,-0.0932106301188469
GORASP1_RNA,-0.09321830421686172
ASB1_RNA,-0.09327713400125504
ZBED5_RNA,-0.09332830458879471
TBCK_RNA,-0.09336134046316147
PCK1_RNA,-0.09336846321821213
AVPI1_RNA,-0.09337195754051208
CLN5_RNA,-0.09344584494829178
GPR55_RNA,-0.0934668481349945
RNF151_RNA,-0.09353941679000854
PEAR1_RNA,-0.09359929710626602
ZBTB26_RNA,-0.09362281858921051
OR51B5_RNA,-0.09365671128034592
PRKAG3_RNA,-0.09373091161251068
PCGF5_RNA,-0.0937349945306778
KIN_RNA,-0.09377032518386841
RNF39_RNA,-0.09379290789365768
CHRND_RNA,-0.09379538893699646
LRBA_RNA,-0.09380607306957245
DNLZ_RNA,-0.09391655027866364
KBTBD3_RNA,-0.09395062923431396
EFCAB3_RNA,-0.0939527079463005
MEGF8_RNA,-0.09402279555797577
CCDC66_RNA,-0.09413335472345352
TMC4_RNA,-0.09415046125650406
CDADC1_RNA,-0.09415540844202042
SNORD109B_RNA,-0.09420184046030045
ADAT2_RNA,-0.09421007335186005
FLT1_RNA,-0.09421669691801071
CALML4_RNA,-0.09422729909420013
ALS2_RNA,-0.09423091262578964
ZNF568_RNA,-0.0942784771323204
TECPR1_RNA,-0.09431461989879608
MORC3_RNA,-0.09433207660913467
CAND2_RNA,-0.09433463960886002
PIGL_RNA,-0.09434740990400314
CSNK1A1L_RNA,-0.09435058385133743
AS3MT_RNA,-0.09438265860080719
FBXL4_RNA,-0.09441309422254562
PXT1_RNA,-0.09448663890361786
C16orf46_RNA,-0.09451667219400406
PLS1_RNA,-0.09454366564750671
ZBTB11_RNA,-0.09462586790323257
MTMR8_RNA,-0.09465225785970688
MAN1A2_RNA,-0.09466349333524704
MAGEH1_RNA,-0.09469889104366302
GPR148_RNA,-0.09474877268075943
ZNF85_RNA,-0.09476863592863083
MIR575_RNA,-0.09478729218244553
FCN2_RNA,-0.09489429742097855
TBX3_RNA,-0.09494226425886154
DKK4_RNA,-0.09495984017848969
PRAP1_RNA,-0.09500014036893845
LHB_RNA,-0.09502334147691727
GIGYF2_RNA,-0.09505389630794525
SEC62_RNA,-0.09513460844755173
ENGASE_RNA,-0.09523443132638931
GFOD2_RNA,-0.09527277946472168
FLVCR1_RNA,-0.09529133886098862
ANAPC1_RNA,-0.09537746012210846
SLC5A10_RNA,-0.09542835503816605
NCOA3_RNA,-0.09543649852275848
FGF10_RNA,-0.09550007432699203
SEC24C_RNA,-0.09550511091947556
GLYAT_RNA,-0.09551621228456497
SDC3_RNA,-0.09553848206996918
MAP3K12_RNA,-0.09555148333311081
METTL14_RNA,-0.09569033980369568
HPDL_RNA,-0.09577671438455582
GNAT2_RNA,-0.09579680114984512
OVCH1_RNA,-0.09581848978996277
MOV10L1_RNA,-0.09588870406150818
CABLES2_RNA,-0.09590839594602585
ZRANB2_RNA,-0.09591756016016006
FAM98B_RNA,-0.09591979533433914
INTS2_RNA,-0.09592882543802261
KATNB1_RNA,-0.09597253799438477
N6AMT1_RNA,-0.09597352147102356
KRT20_RNA,-0.09597385674715042
PIK3R2_RNA,-0.09597530215978622
C7_RNA,-0.09603516757488251
SNX27_RNA,-0.09610673785209656
FAM149B1_RNA,-0.09616458415985107
IRGC_RNA,-0.09617113322019577
BMS1_RNA,-0.09634047746658325
OBP2B_RNA,-0.09636883437633514
C17orf75_RNA,-0.09639392048120499
NR1D1_RNA,-0.09645883738994598
SNORD115-17_RNA,-0.09646600484848022
ZNF485_RNA,-0.0965556800365448
ZNF160_RNA,-0.09656531363725662
ALLC_RNA,-0.09663278609514236
SDHA_RNA,-0.09663521498441696
PKD1L1_RNA,-0.09670440107584
UST_RNA,-0.09672385454177856
C9orf43_RNA,-0.09685228765010834
BTBD7_RNA,-0.09691155701875687
FAM184B_RNA,-0.09697213768959045
ZNF224_RNA,-0.09697365015745163
C21orf58_RNA,-0.09699667245149612
MARK3_RNA,-0.0970245972275734
OR1B1_RNA,-0.09702488034963608
PRUNE2_RNA,-0.09704546630382538
KDM2B_RNA,-0.09718617796897888
SNORD115-44_RNA,-0.09721237421035767
WSB1_RNA,-0.09726455807685852
RHBDL2_RNA,-0.09729296714067459
MADCAM1_RNA,-0.0973772332072258
DDX46_RNA,-0.0974138006567955
LSS_RNA,-0.09742159396409988
EMCN_RNA,-0.09744769334793091
FCRL1_RNA,-0.09745265543460846
RNF180_RNA,-0.09745779633522034
GALP_RNA,-0.09748917073011398
PPARGC1B_RNA,-0.09754686802625656
PHOSPHO1_RNA,-0.09758413583040237
KRT9_RNA,-0.09762535244226456
TAF5_RNA,-0.09765058755874634
CNPY1_RNA,-0.09765087813138962
ADO_RNA,-0.09771320223808289
TMPRSS7_RNA,-0.09773963689804077
SMCR8_RNA,-0.09774759411811829
GGT6_RNA,-0.09779931604862213
ABCG5_RNA,-0.09781782329082489
MIRLET7G_RNA,-0.09781796485185623
AFTPH_RNA,-0.097832590341568
PRICKLE2_RNA,-0.09783308207988739
FNIP1_RNA,-0.09784429520368576
RAVER2_RNA,-0.09784871339797974
GHSR_RNA,-0.09789036214351654
EDC4_RNA,-0.09797967970371246
LARP1_RNA,-0.09798994660377502
TAL1_RNA,-0.09803709387779236
FCHSD2_RNA,-0.09812381863594055
ZNF280C_RNA,-0.09813724458217621
SELENBP1_RNA,-0.09818321466445923
MIR153-2_RNA,-0.09819728881120682
ZDHHC15_RNA,-0.09820032864809036
SIAH1_RNA,-0.09822294861078262
HAPLN1_RNA,-0.0982305258512497
PITRM1_RNA,-0.09826366603374481
PRKX_RNA,-0.09827259182929993
TRPM1_RNA,-0.09828515350818634
TNKS2_RNA,-0.09830892831087112
SLC9A8_RNA,-0.0983361154794693
MIR138-1_RNA,-0.09839215129613876
CRIPT_RNA,-0.09845087677240372
MCCD1_RNA,-0.09845710545778275
DCST2_RNA,-0.09852093458175659
TAT_RNA,-0.09852319210767746
C10orf88_RNA,-0.09852779656648636
SLC19A3_RNA,-0.09859367460012436
ZNF148_RNA,-0.09864795207977295
ADCY9_RNA,-0.09872085601091385
PRIMA1_RNA,-0.09881481528282166
DIDO1_RNA,-0.0988154411315918
AVPR2_RNA,-0.09887091815471649
EPB41L2_RNA,-0.09887540340423584
GIN1_RNA,-0.0989099070429802
SEPHS1_RNA,-0.09894239902496338
RSPH9_RNA,-0.09900207072496414
LRCH3_RNA,-0.09901938587427139
PFKM_RNA,-0.09903615713119507
MIR2116_RNA,-0.09904112666845322
RTTN_RNA,-0.09908128529787064
BEST2_RNA,-0.09910111129283905
CIC_RNA,-0.09911399334669113
ZMAT3_RNA,-0.0991492047905922
OR1D2_RNA,-0.09915339201688766
UBE2U_RNA,-0.09917140752077103
CDH3_RNA,-0.09929252415895462
NDUFAF4_RNA,-0.09933789819478989
IL17RB_RNA,-0.09940087050199509
HSPH1_RNA,-0.09945126622915268
CAND1_RNA,-0.09948335587978363
OR10G3_RNA,-0.09949960559606552
VEZF1_RNA,-0.09971276670694351
C9_RNA,-0.0997215285897255
RAB40A_RNA,-0.09975539147853851
HBS1L_RNA,-0.0997873842716217
MTUS1_RNA,-0.09979386627674103
SNORD69_RNA,-0.09987518936395645
RNF6_RNA,-0.09988672286272049
ELMO2_RNA,-0.09991641342639923
ZNF541_RNA,-0.09995445609092712
EVX2_RNA,-0.0999675840139389
CBR4_RNA,-0.10002238303422928
CCDC138_RNA,-0.10003827512264252
ZCWPW1_RNA,-0.10007047653198242
SNORD72_RNA,-0.10011793673038483
TUBA4B_RNA,-0.10012517869472504
SCLT1_RNA,-0.10017512738704681
PSEN2_RNA,-0.10020268708467484
PKNOX2_RNA,-0.10022444278001785
ZXDC_RNA,-0.1002555638551712
EFCAB7_RNA,-0.10029876977205276
CPE_RNA,-0.10031037777662277
ILK_RNA,-0.10035981237888336
ZFX_RNA,-0.10038626194000244
AHNAK_RNA,-0.10041355341672897
ST6GAL1_RNA,-0.10048584640026093
ST8SIA1_RNA,-0.10055742412805557
RAC3_RNA,-0.10059616714715958
MIR135B_RNA,-0.10060290992259979
YWHAB_RNA,-0.10063353925943375
HNF1B_RNA,-0.10063765943050385
ATXN7L2_RNA,-0.10066992044448853
HDAC6_RNA,-0.10074387490749359
OR2L8_RNA,-0.10076532512903214
KIAA1210_RNA,-0.10077358037233353
EFHB_RNA,-0.10077965259552002
PTPRG_RNA,-0.10078255832195282
CARD10_RNA,-0.10079996287822723
HSF2_RNA,-0.10083841532468796
NDUFS1_RNA,-0.10086458921432495
IL17REL_RNA,-0.10092973709106445
LDLRAP1_RNA,-0.10095150023698807
MRPL38_RNA,-0.10096672177314758
MED1_RNA,-0.10098126530647278
DMKN_RNA,-0.10099154710769653
AGPAT3_RNA,-0.10104597359895706
AADACL2_RNA,-0.10130412876605988
IFT74_RNA,-0.10143609344959259
ZFAND5_RNA,-0.10147376358509064
SNORD19_RNA,-0.10149647295475006
EIF4A2_RNA,-0.10151498764753342
RNASEH1_RNA,-0.10153880715370178
ACAP2_RNA,-0.10167437046766281
NR2E3_RNA,-0.10172706097364426
KIF27_RNA,-0.10177456587553024
KIF20B_RNA,-0.10182604193687439
PLCG1_RNA,-0.10184375941753387
ZNRF4_RNA,-0.1018550843000412
PPP2R5A_RNA,-0.1019221618771553
CGNL1_RNA,-0.10192394256591797
ZNF626_RNA,-0.10198021680116653
UBE2G2_RNA,-0.10200057178735733
CDC42SE2_RNA,-0.10203993320465088
MMP28_RNA,-0.10205023735761642
ZNF74_RNA,-0.10210473835468292
ATAD1_RNA,-0.10214117914438248
LINGO3_RNA,-0.10216197371482849
REP15_RNA,-0.10220644623041153
ZNF597_RNA,-0.10224056988954544
DRD4_RNA,-0.10226689279079437
PAGE4_RNA,-0.10228355973958969
OPN1SW_RNA,-0.1023700162768364
PRLR_RNA,-0.10239912569522858
UBQLN2_RNA,-0.10241731256246567
CAV3_RNA,-0.10243137180805206
BANF2_RNA,-0.10244164615869522
PEG10_RNA,-0.10245197266340256
WDR6_RNA,-0.10247129201889038
HIGD1C_RNA,-0.10248561203479767
NAV2_RNA,-0.10250390321016312
ZNF324_RNA,-0.1025317832827568
PTPRF_RNA,-0.10256624966859818
RCOR3_RNA,-0.10261780768632889
THRSP_RNA,-0.10262806713581085
ZNF551_RNA,-0.10265308618545532
FNBP4_RNA,-0.10265965759754181
BCAS3_RNA,-0.102664515376091
RWDD3_RNA,-0.10267732292413712
ZNF180_RNA,-0.10272073745727539
GUCY2C_RNA,-0.10273691266775131
ASPM_RNA,-0.10276151448488235
TMEM41B_RNA,-0.10278772562742233
RFXAP_RNA,-0.10281306505203247
ZNF419_RNA,-0.102816641330719
ZNF585B_RNA,-0.10287262499332428
RASA2_RNA,-0.10288827121257782
OAZ3_RNA,-0.10294129699468613
GLYATL1_RNA,-0.10294895619153976
PRDM6_RNA,-0.10296844691038132
CORO2A_RNA,-0.10304601490497589
LLGL1_RNA,-0.10304942727088928
MAP4K4_RNA,-0.10310392081737518
ZNF331_RNA,-0.10315099358558655
MIR597_RNA,-0.1031515896320343
ZNF225_RNA,-0.10315440595149994
TKTL1_RNA,-0.10320546478033066
RP1L1_RNA,-0.10320810228586197
MIR30E_RNA,-0.10323140770196915
CLCN5_RNA,-0.1032903790473938
OR7C1_RNA,-0.10331354290246964
TMEM167A_RNA,-0.10331369936466217
RBL2_RNA,-0.10339529812335968
PRICKLE4_RNA,-0.10345296561717987
MAML3_RNA,-0.1034800335764885
MED23_RNA,-0.1034989133477211
UBL3_RNA,-0.10354617983102798
ZNF30_RNA,-0.10361108928918839
ZNF146_RNA,-0.10365545749664307
RAP1GDS1_RNA,-0.10369329899549484
NOLC1_RNA,-0.10369379818439484
MIR23B_RNA,-0.10375998914241791
NR2F1_RNA,-0.10380218178033829
SMAP1_RNA,-0.10380818694829941
HDAC10_RNA,-0.10387187451124191
PYROXD2_RNA,-0.10388254374265671
FAM193A_RNA,-0.10389227420091629
AGXT2_RNA,-0.10389591008424759
CCDC121_RNA,-0.10390137881040573
GDPD3_RNA,-0.10396411269903183
COG1_RNA,-0.10397811979055405
DIABLO_RNA,-0.10398007929325104
ARID3B_RNA,-0.10403875261545181
ZNF268_RNA,-0.1040678471326828
ZNF181_RNA,-0.10409314930438995
SCHIP1_RNA,-0.1041114404797554
DHX38_RNA,-0.10416790843009949
KLHL36_RNA,-0.10417649894952774
FBXO48_RNA,-0.10417694598436356
SLC30A9_RNA,-0.1042538732290268
AASDH_RNA,-0.10428014397621155
BACE1_RNA,-0.1043163537979126
IL20RA_RNA,-0.10437813401222229
RNLS_RNA,-0.10442844033241272
CHST6_RNA,-0.10444289445877075
CSGALNACT1_RNA,-0.10446500778198242
NPTN_RNA,-0.10447193682193756
RNMT_RNA,-0.10447616875171661
OR51I2_RNA,-0.10448023676872253
PRSS16_RNA,-0.10452187806367874
MAP3K15_RNA,-0.10452546179294586
NXNL1_RNA,-0.10452812165021896
PDE5A_RNA,-0.10457072407007217
ZNF713_RNA,-0.10463804006576538
ZNF175_RNA,-0.1046665757894516
RAPH1_RNA,-0.10467446595430374
CYP2W1_RNA,-0.10471267253160477
USP16_RNA,-0.10471481084823608
CUL5_RNA,-0.10471901297569275
ARMS2_RNA,-0.10473763942718506
ZBTB33_RNA,-0.10489998012781143
SOX21_RNA,-0.10495033860206604
RNF31_RNA,-0.10496389120817184
MYO5C_RNA,-0.10504277050495148
GZF1_RNA,-0.10508379340171814
C22orf15_RNA,-0.10509396344423294
MAVS_RNA,-0.10510452091693878
MECOM_RNA,-0.10519049316644669
BRI3BP_RNA,-0.10526634752750397
NTF3_RNA,-0.10528051853179932
SMC2_RNA,-0.10531007498502731
RGMB_RNA,-0.1053391620516777
OR3A1_RNA,-0.10540776699781418
C6orf136_RNA,-0.10543705523014069
FGF1_RNA,-0.10564723610877991
SCGB1A1_RNA,-0.10567124933004379
S100A14_RNA,-0.10568656027317047
ZNF671_RNA,-0.10568829625844955
SOCS4_RNA,-0.10570742189884186
LETMD1_RNA,-0.10573466867208481
PPP1R14C_RNA,-0.10583695769309998
FUBP1_RNA,-0.10595886409282684
TTLL5_RNA,-0.10598631203174591
ZNF548_RNA,-0.1060277596116066
PCM1_RNA,-0.10604322701692581
TAF3_RNA,-0.10610038787126541
HELLS_RNA,-0.10610903799533844
ZDHHC23_RNA,-0.10612885653972626
WDR49_RNA,-0.10622727870941162
TOPORS_RNA,-0.10625015199184418
C10orf62_RNA,-0.10631504654884338
DUSP16_RNA,-0.10637009143829346
MIR26A1_RNA,-0.10643040388822556
PRC1_RNA,-0.106629379093647
GPX2_RNA,-0.10664694011211395
IRAK1BP1_RNA,-0.10669764131307602
ACSM1_RNA,-0.10675331205129623
NAT2_RNA,-0.10677513480186462
EIF2AK2_RNA,-0.10678659379482269
PITPNC1_RNA,-0.10684698820114136
GRP_RNA,-0.10687564313411713
ZNF790_RNA,-0.10688166320323944
ZBTB12_RNA,-0.1069241389632225
ZNF532_RNA,-0.10693011432886124
DLK1_RNA,-0.10694339871406555
FKTN_RNA,-0.106957346200943
ARID3C_RNA,-0.10695948451757431
MAPK11_RNA,-0.10711274296045303
LGALS4_RNA,-0.10713537782430649
TDRD3_RNA,-0.10718412697315216
WDR93_RNA,-0.10725822299718857
ZNF251_RNA,-0.1072884127497673
ANKS1A_RNA,-0.10734651237726212
HIP1_RNA,-0.10741739720106125
PIAS2_RNA,-0.10742975771427155
SNORD115-5_RNA,-0.10747382789850235
SH3RF3_RNA,-0.10747889429330826
ZNF256_RNA,-0.10753002017736435
OR51M1_RNA,-0.10753392428159714
BIN1_RNA,-0.10774405300617218
MIR593_RNA,-0.10781171172857285
RBM17_RNA,-0.10785417258739471
ALOX12_RNA,-0.10791142284870148
OR4D1_RNA,-0.10792437940835953
MIR101-1_RNA,-0.10800746083259583
LONP2_RNA,-0.10803907364606857
FYN_RNA,-0.10804139077663422
GPD2_RNA,-0.10805642604827881
TRNP1_RNA,-0.10806158930063248
NUFIP2_RNA,-0.10807029902935028
PADI4_RNA,-0.10807298123836517
CCDC142_RNA,-0.10808295756578445
ABHD6_RNA,-0.10809063911437988
CCDC93_RNA,-0.10811026394367218
PLA2G2C_RNA,-0.10813838243484497
TAL2_RNA,-0.10816563665866852
POLR3B_RNA,-0.10819874703884125
ALDH7A1_RNA,-0.10821803659200668
G3BP2_RNA,-0.10824353247880936
COL24A1_RNA,-0.10829274356365204
ATXN7_RNA,-0.10836703330278397
GPR176_RNA,-0.1084306389093399
USP6NL_RNA,-0.10844705253839493
TPO_RNA,-0.10844992846250534
C3orf22_RNA,-0.10847476869821548
TMTC4_RNA,-0.10848376154899597
SNORA2A_RNA,-0.1084858700633049
CIRBP_RNA,-0.10857369750738144
TMEM52_RNA,-0.10862048715353012
GPR139_RNA,-0.10868492722511292
NKD2_RNA,-0.10869700461626053
AHDC1_RNA,-0.10870072990655899
PPP2R5E_RNA,-0.10872071236371994
ARHGEF17_RNA,-0.10874051600694656
DEAF1_RNA,-0.10875254124403
SLC44A1_RNA,-0.10885421186685562
DHDH_RNA,-0.10897517204284668
RASGEF1B_RNA,-0.10899180173873901
SLC30A8_RNA,-0.10899477452039719
TOLLIP_RNA,-0.10904435813426971
EPS8L3_RNA,-0.10907883942127228
C9orf153_RNA,-0.10908593982458115
MDC1_RNA,-0.1091565415263176
GCNT2_RNA,-0.1091577410697937
SCLY_RNA,-0.10917643457651138
SERINC3_RNA,-0.10917766392230988
MYL2_RNA,-0.109196737408638
TNKS_RNA,-0.10921506583690643
ESF1_RNA,-0.1092422604560852
SRRM5_RNA,-0.10924510657787323
SLC12A3_RNA,-0.10930415242910385
AGBL3_RNA,-0.10942164808511734
ZCWPW2_RNA,-0.10947100073099136
REXO1_RNA,-0.10948240011930466
DNAL1_RNA,-0.10952892899513245
UCHL5_RNA,-0.10957540571689606
TBX18_RNA,-0.1097811907529831
MIR145_RNA,-0.10986003279685974
MGC15885_RNA,-0.10987512022256851
RDH13_RNA,-0.1098908931016922
GPBP1_RNA,-0.1098993718624115
PROP1_RNA,-0.10996261984109879
TLE3_RNA,-0.10997160524129868
ACOXL_RNA,-0.10999901592731476
AUH_RNA,-0.11003237962722778
PDXK_RNA,-0.11003324389457703
TMEM31_RNA,-0.11004428565502167
LMOD1_RNA,-0.11009526997804642
SLC46A1_RNA,-0.11010172963142395
ZNF641_RNA,-0.11017129570245743
GDI1_RNA,-0.11023202538490295
ACSM4_RNA,-0.11024747788906097
FBXO21_RNA,-0.11027734726667404
TBCEL_RNA,-0.11029689759016037
LAT_RNA,-0.11034836620092392
C6orf132_RNA,-0.11035023629665375
OR1L6_RNA,-0.11036738008260727
GP5_RNA,-0.11045178025960922
INCENP_RNA,-0.11046592891216278
KRTAP5-9_RNA,-0.11048393696546555
RANGAP1_RNA,-0.11049886792898178
ETNK1_RNA,-0.11051445454359055
PHF2_RNA,-0.11054320633411407
IFT140_RNA,-0.11057543754577637
CISD1_RNA,-0.11059174686670303
TUBG2_RNA,-0.11064039170742035
CDKL3_RNA,-0.11064178496599197
ZSCAN2_RNA,-0.11069139093160629
RLBP1_RNA,-0.11069488525390625
KLRD1_RNA,-0.11072726547718048
SFMBT1_RNA,-0.11078215390443802
TTC21B_RNA,-0.11080295592546463
RTN4_RNA,-0.11080808937549591
VIT_RNA,-0.11084480583667755
CCDC112_RNA,-0.11087306588888168
LRRC55_RNA,-0.11091417074203491
L3MBTL4_RNA,-0.11092761158943176
ARL15_RNA,-0.11099554598331451
KIAA1586_RNA,-0.11104469746351242
CCDC57_RNA,-0.11104994267225266
MAMLD1_RNA,-0.11105848848819733
MIR591_RNA,-0.11106976866722107
GJA8_RNA,-0.11111851036548615
CYP2C18_RNA,-0.11112361401319504
ATP2A2_RNA,-0.11115850508213043
RFPL4B_RNA,-0.11115947365760803
IL1RL2_RNA,-0.11116155236959457
DNAJB5_RNA,-0.1112208142876625
SNORA74B_RNA,-0.11122314631938934
IP6K3_RNA,-0.11125095933675766
RABGAP1_RNA,-0.11141091585159302
FNDC1_RNA,-0.11146192252635956
TRIM75_RNA,-0.11148303002119064
GTF2I_RNA,-0.1115068569779396
HEG1_RNA,-0.11160542070865631
TAF1_RNA,-0.11162025481462479
CEP70_RNA,-0.111630879342556
ACVR1B_RNA,-0.11163415014743805
SNORD53_RNA,-0.11169064044952393
ZNF570_RNA,-0.11175868660211563
TMEM59L_RNA,-0.11175917088985443
LDHC_RNA,-0.11185170710086823
SAMD14_RNA,-0.11188697069883347
PTEN_RNA,-0.11189346015453339
ZNF583_RNA,-0.11194293200969696
GRB7_RNA,-0.11195183545351028
PDK2_RNA,-0.11196602135896683
RNF141_RNA,-0.11197180300951004
DNAJC21_RNA,-0.11204194277524948
OR52H1_RNA,-0.11206047981977463
ZNF670_RNA,-0.1121257022023201
PCMTD1_RNA,-0.11214613169431686
CACNB3_RNA,-0.11216185241937637
ELK4_RNA,-0.11225118488073349
DUSP7_RNA,-0.11225307732820511
SLC25A29_RNA,-0.11230078339576721
ABHD2_RNA,-0.11241018027067184
XAF1_RNA,-0.11250019818544388
CNGA1_RNA,-0.11256660521030426
DNAJC15_RNA,-0.11263749748468399
FAM13A_RNA,-0.11271221190690994
PCDH20_RNA,-0.11278902739286423
CLEC4F_RNA,-0.11294159293174744
KITLG_RNA,-0.11295713484287262
ATXN1_RNA,-0.11301293969154358
FBXL7_RNA,-0.11305832117795944
PLAGL1_RNA,-0.11307843029499054
SLC6A16_RNA,-0.11317510902881622
SLC22A1_RNA,-0.11318210512399673
NOP2_RNA,-0.11319071799516678
CDKN1B_RNA,-0.11338052898645401
MIR181D_RNA,-0.1133921816945076
OFD1_RNA,-0.11340606212615967
ITFG1_RNA,-0.11342690885066986
MIRLET7I_RNA,-0.11344145983457565
RAB18_RNA,-0.11344680935144424
CCDC160_RNA,-0.11358518898487091
OR3A3_RNA,-0.1135866641998291
OR9A2_RNA,-0.11359899491071701
FABP9_RNA,-0.11360654979944229
PPM1B_RNA,-0.11363369226455688
EHHADH_RNA,-0.11381018161773682
PHOX2B_RNA,-0.11390268057584763
THSD7B_RNA,-0.11394739896059036
BCL9L_RNA,-0.11395189166069031
ZNF235_RNA,-0.11396488547325134
SLC25A36_RNA,-0.11399439722299576
NPTX2_RNA,-0.11400774121284485
SOX7_RNA,-0.11409207433462143
GPSM1_RNA,-0.11413939297199249
OR1L3_RNA,-0.114160917699337
MSI2_RNA,-0.1141960397362709
PTPRH_RNA,-0.11422545462846756
SLC38A11_RNA,-0.1142398789525032
EXOSC3_RNA,-0.11426088958978653
FANCG_RNA,-0.11433068662881851
ENTPD2_RNA,-0.11433803290128708
NCOA6_RNA,-0.1143510490655899
NDUFA9_RNA,-0.11436796933412552
UBAP2_RNA,-0.1145445853471756
TAF1C_RNA,-0.11455437541007996
CLDND1_RNA,-0.11474555730819702
SNORD115-40_RNA,-0.11475065350532532
SLC18A2_RNA,-0.11484101414680481
DBT_RNA,-0.11485739797353745
ZNF749_RNA,-0.1148599311709404
ZNF182_RNA,-0.11490362137556076
ZNF442_RNA,-0.11500584334135056
PNMA1_RNA,-0.115011066198349
REPS1_RNA,-0.11501787602901459
ITGA9_RNA,-0.11502783745527267
SMC1A_RNA,-0.1150878369808197
MON1B_RNA,-0.11511880159378052
GLUD1_RNA,-0.11514966189861298
RNF123_RNA,-0.11517687141895294
NEK1_RNA,-0.1152043491601944
MYH1_RNA,-0.11520528048276901
CALCB_RNA,-0.1152108758687973
ADAM7_RNA,-0.11521907895803452
PLEKHA3_RNA,-0.1152782067656517
PHGR1_RNA,-0.11533314734697342
RNF213_RNA,-0.1153612732887268
PANK2_RNA,-0.11539211869239807
ZNF879_RNA,-0.11544300615787506
SLC25A4_RNA,-0.11545401066541672
TM9SF3_RNA,-0.11552406847476959
MGAT5_RNA,-0.1155300885438919
CARD18_RNA,-0.11553231626749039
GRHL3_RNA,-0.11553531140089035
SLC17A4_RNA,-0.11555959284305573
DCUN1D2_RNA,-0.1155635192990303
MARCKS_RNA,-0.11558542400598526
ZNF354B_RNA,-0.11563652753829956
USP9X_RNA,-0.11565753072500229
BTD_RNA,-0.11567385494709015
SLC37A1_RNA,-0.11577393859624863
ZNF121_RNA,-0.11577587574720383
AP4S1_RNA,-0.11583103239536285
FUT8_RNA,-0.11587510257959366
CCNT2_RNA,-0.11588113754987717
HYMAI_RNA,-0.1159195825457573
DACT1_RNA,-0.11596188694238663
CYP2F1_RNA,-0.11600121855735779
HES7_RNA,-0.11606412380933762
IPO13_RNA,-0.1160813570022583
SEMA3E_RNA,-0.11608689278364182
SFMBT2_RNA,-0.11613944917917252
RAX2_RNA,-0.1161549910902977
XIAP_RNA,-0.11615680903196335
KHDC1L_RNA,-0.11633084714412689
FADS1_RNA,-0.11633919924497604
CPT1C_RNA,-0.11635204404592514
ZMYND8_RNA,-0.11637747287750244
LEMD3_RNA,-0.11639448255300522
SNORD115-35_RNA,-0.11643258482217789
ITGA6_RNA,-0.11643636226654053
TJP3_RNA,-0.11644114553928375
MIR181C_RNA,-0.11645198613405228
OR1K1_RNA,-0.11646673828363419
SEMA6A_RNA,-0.11646952480077744
RAD50_RNA,-0.1164918839931488
CT45A1_RNA,-0.11649534851312637
RSPH4A_RNA,-0.11655551940202713
AKAP3_RNA,-0.11658657342195511
ZNF625_RNA,-0.11666824668645859
IFT80_RNA,-0.1166846752166748
LRRC8C_RNA,-0.11671132594347
COG8_RNA,-0.11677125096321106
SON_RNA,-0.11680219322443008
TBX20_RNA,-0.11684063822031021
SPEM1_RNA,-0.11686535179615021
ZNF469_RNA,-0.1169154942035675
NEURL1B_RNA,-0.11700946092605591
PRR12_RNA,-0.11702819168567657
LRRC34_RNA,-0.11706294119358063
MIR648_RNA,-0.11714646965265274
SATB2_RNA,-0.11720246821641922
SNX15_RNA,-0.11720612645149231
KLHDC2_RNA,-0.1172386109828949
CD99L2_RNA,-0.11735396087169647
CXCL17_RNA,-0.11736197024583817
SLC2A6_RNA,-0.11741914600133896
ZC3H7B_RNA,-0.11742934584617615
MLH3_RNA,-0.11753928661346436
ANGEL1_RNA,-0.11759667843580246
WDR90_RNA,-0.11759841442108154
OTUD7B_RNA,-0.1176285594701767
FAM83E_RNA,-0.11764007806777954
SLC39A2_RNA,-0.1176401749253273
ZNF264_RNA,-0.11764948815107346
MIR26A2_RNA,-0.11769212037324905
WIPF2_RNA,-0.11770245432853699
ZIK1_RNA,-0.11770807951688766
SYNGR4_RNA,-0.11772772669792175
NUMA1_RNA,-0.11775316298007965
PPP2R2D_RNA,-0.11777123063802719
ZNF844_RNA,-0.11779414862394333
S100G_RNA,-0.11796248704195023
ARID2_RNA,-0.11801315099000931
TEAD1_RNA,-0.1180177852511406
LIN7C_RNA,-0.11803872138261795
PRR22_RNA,-0.11804153770208359
PHGDH_RNA,-0.1180863082408905
MAP3K4_RNA,-0.11815699189901352
HBZ_RNA,-0.11816990375518799
ZNF680_RNA,-0.11818257719278336
NUP210L_RNA,-0.11826570332050323
LY6G6C_RNA,-0.11828751116991043
OTC_RNA,-0.11830100417137146
ANXA9_RNA,-0.11833471059799194
KRT40_RNA,-0.11834179610013962
FAM83H_RNA,-0.11840574443340302
TMEM229B_RNA,-0.11857657879590988
MDGA1_RNA,-0.1186630129814148
ZNF674_RNA,-0.11867208778858185
MTMR12_RNA,-0.11867628246545792
PPP1R3C_RNA,-0.11868796497583389
SNORD115-18_RNA,-0.11870643496513367
CHTF18_RNA,-0.11872097104787827
SLC14A2_RNA,-0.11875464022159576
AP1M2_RNA,-0.11877261847257614
USP32_RNA,-0.11878877133131027
BRF1_RNA,-0.11880116909742355
TRIM8_RNA,-0.11882872134447098
CNOT1_RNA,-0.11884578317403793
SYNJ2BP_RNA,-0.11884916573762894
RNF133_RNA,-0.11891493946313858
SNORA36C_RNA,-0.11895580589771271
IL17RD_RNA,-0.11899378150701523
SIX3_RNA,-0.11900568753480911
GALNT6_RNA,-0.11903715878725052
MIR454_RNA,-0.11907488107681274
TUBB2A_RNA,-0.11907637864351273
FMN1_RNA,-0.11909427493810654
ITSN2_RNA,-0.11910564452409744
RYBP_RNA,-0.11914478987455368
CCR9_RNA,-0.11918212473392487
CYP2J2_RNA,-0.1192111149430275
POU5F1B_RNA,-0.11927691102027893
RPL36A_RNA,-0.11930640786886215
BHLHA15_RNA,-0.11930720508098602
PHC1_RNA,-0.11936234682798386
ZNF497_RNA,-0.11936557292938232
SERPINE2_RNA,-0.1193673238158226
KLHL17_RNA,-0.11943597346544266
ZRANB3_RNA,-0.11946459859609604
PSAT1_RNA,-0.11946465075016022
PGBD4_RNA,-0.1195106953382492
GHRHR_RNA,-0.11956177651882172
GSG1L_RNA,-0.11957796663045883
ANKZF1_RNA,-0.11960814893245697
MIR563_RNA,-0.1196170300245285
JPH1_RNA,-0.11963320523500443
HSPA12B_RNA,-0.11971323192119598
ABTB2_RNA,-0.1197386234998703
TPD52_RNA,-0.11976110190153122
ASXL2_RNA,-0.11979968100786209
VASH2_RNA,-0.11982212960720062
PXMP4_RNA,-0.11983998864889145
RBM41_RNA,-0.1199020966887474
TNS3_RNA,-0.11996868997812271
ATAD2B_RNA,-0.11997053772211075
ZNF709_RNA,-0.11998087912797928
P2RY13_RNA,-0.12007465958595276
ZNF415_RNA,-0.1201358437538147
FLG2_RNA,-0.12017566710710526
LRGUK_RNA,-0.12028533965349197
MYO1H_RNA,-0.12031950801610947
SNORD59A_RNA,-0.12033993750810623
PHC3_RNA,-0.12036464363336563
DCLRE1A_RNA,-0.1203736960887909
EFR3A_RNA,-0.1203761175274849
DDX24_RNA,-0.12037865817546844
REN_RNA,-0.12038498371839523
HAUS6_RNA,-0.12038721144199371
PAG1_RNA,-0.12038924545049667
C3orf62_RNA,-0.1203964576125145
CCNY_RNA,-0.12039712071418762
ZNF607_RNA,-0.12041673064231873
LDOC1_RNA,-0.12050391733646393
BNIPL_RNA,-0.12051180750131607
ADH1A_RNA,-0.12055645883083344
TAPT1_RNA,-0.12057735025882721
IL23R_RNA,-0.12063667178153992
PIP_RNA,-0.12069648504257202
AGR2_RNA,-0.12071256339550018
CNTNAP1_RNA,-0.12076279520988464
NAPEPLD_RNA,-0.12081001698970795
KRT12_RNA,-0.12082230299711227
TDRD1_RNA,-0.1208474189043045
C1QTNF8_RNA,-0.12089277058839798
PLA2G12A_RNA,-0.12097570300102234
MRPS30_RNA,-0.12099902331829071
SELP_RNA,-0.12109401822090149
MAPK1_RNA,-0.12109525501728058
MIR98_RNA,-0.12111968547105789
NXNL2_RNA,-0.12112527340650558
IGF2_RNA,-0.12117964029312134
CDC37L1_RNA,-0.12119684368371964
DBF4B_RNA,-0.12120383977890015
HMGCS2_RNA,-0.12129508703947067
DOCK10_RNA,-0.12133526057004929
RNF208_RNA,-0.12135535478591919
TIFAB_RNA,-0.12136045098304749
DDX51_RNA,-0.1214006319642067
ATP9B_RNA,-0.12142052501440048
TOMM20L_RNA,-0.12143079936504364
KDM6A_RNA,-0.12145760655403137
DNAJC16_RNA,-0.12146506458520889
RRAGD_RNA,-0.12147422879934311
GDPD5_RNA,-0.12150058150291443
ANGPTL5_RNA,-0.121506467461586
UPF3B_RNA,-0.12150952965021133
RSPH6A_RNA,-0.12163791060447693
FILIP1_RNA,-0.12165218591690063
FANCB_RNA,-0.12166156619787216
ALDH1L2_RNA,-0.121690534055233
SNTG1_RNA,-0.12175904959440231
ZNF664_RNA,-0.12177413702011108
GAS7_RNA,-0.12179198116064072
KIFAP3_RNA,-0.12179576605558395
CCDC82_RNA,-0.12182336300611496
AMN_RNA,-0.12183097749948502
GFRA4_RNA,-0.12193135172128677
ZNF490_RNA,-0.12195122241973877
CYP39A1_RNA,-0.12202603369951248
FCRLA_RNA,-0.1220763772726059
CHKB-CPT1B_RNA,-0.12210841476917267
MC3R_RNA,-0.12214573472738266
ZBTB34_RNA,-0.12214686721563339
MIR643_RNA,-0.12215445190668106
NMBR_RNA,-0.12229174375534058
PPP1R3D_RNA,-0.12234807014465332
PARP6_RNA,-0.12236163765192032
ZNF692_RNA,-0.12238577008247375
ZNF555_RNA,-0.12239346653223038
TSPAN11_RNA,-0.12239708006381989
SLC41A1_RNA,-0.12242356687784195
SPOPL_RNA,-0.1224365234375
PFKFB1_RNA,-0.1224474310874939
AWAT1_RNA,-0.12245339900255203
RBM27_RNA,-0.12246371060609818
YEATS2_RNA,-0.12251823395490646
RBMXL1_RNA,-0.12254732847213745
ZFHX3_RNA,-0.12256257236003876
OVCH2_RNA,-0.12259050458669662
RBP7_RNA,-0.1226516142487526
EPO_RNA,-0.12270248681306839
TPPP3_RNA,-0.12270543724298477
CHD1L_RNA,-0.12270692735910416
ZFP30_RNA,-0.12271388620138168
PEX26_RNA,-0.12274589389562607
GPATCH8_RNA,-0.12275537848472595
TMEM45B_RNA,-0.12280844151973724
KRR1_RNA,-0.12284691631793976
PLA2G4D_RNA,-0.12286821752786636
BNC1_RNA,-0.12292630970478058
TCHP_RNA,-0.12294957041740417
MYL7_RNA,-0.12306346744298935
RDH16_RNA,-0.12307078391313553
DCLRE1C_RNA,-0.12311115115880966
ZNF835_RNA,-0.12321466952562332
CLCA1_RNA,-0.12323692440986633
PLCZ1_RNA,-0.12324291467666626
ZDHHC14_RNA,-0.12328747659921646
ZNF862_RNA,-0.12330053746700287
HSD11B2_RNA,-0.12331487983465195
KCTD7_RNA,-0.12337032705545425
CDNF_RNA,-0.12339288741350174
COL28A1_RNA,-0.12347811460494995
ENTPD6_RNA,-0.12347885966300964
MIR148B_RNA,-0.12348628044128418
DGCR8_RNA,-0.1235053762793541
CCL25_RNA,-0.12361682206392288
ARHGAP8_RNA,-0.12361697107553482
GJA1_RNA,-0.1236855685710907
LLGL2_RNA,-0.12376700341701508
RNU6ATAC_RNA,-0.12381280213594437
CNTLN_RNA,-0.12385579943656921
FOXE3_RNA,-0.12387845665216446
AQP6_RNA,-0.12392492592334747
SNAPC4_RNA,-0.12394656240940094
PLXNC1_RNA,-0.12396138906478882
TMCC1_RNA,-0.1240733191370964
PPP1R9B_RNA,-0.12417352944612503
ADAMTSL2_RNA,-0.12418382614850998
IL13_RNA,-0.12427137792110443
OSBPL7_RNA,-0.12440071254968643
SH2B1_RNA,-0.12448983639478683
ZBED3_RNA,-0.12451402842998505
TBKBP1_RNA,-0.12456122040748596
EGOT_RNA,-0.12461651861667633
HERC6_RNA,-0.12462162971496582
UBE4B_RNA,-0.12463591247797012
COQ7_RNA,-0.12464175373315811
ZNF211_RNA,-0.12469112128019333
ATP11B_RNA,-0.12479108572006226
C5orf47_RNA,-0.12484409660100937
GPR87_RNA,-0.12498816847801208
LZTFL1_RNA,-0.12499994039535522
LEAP2_RNA,-0.12500272691249847
SMARCE1_RNA,-0.12507694959640503
LSM14B_RNA,-0.12511125206947327
ITM2A_RNA,-0.12517662346363068
CES3_RNA,-0.12521006166934967
YWHAG_RNA,-0.125327929854393
SNORD115-23_RNA,-0.1253993958234787
FAM131B_RNA,-0.12542186677455902
SPATS1_RNA,-0.12542906403541565
ZNF80_RNA,-0.1254347711801529
RNF222_RNA,-0.12546244263648987
ZMIZ2_RNA,-0.12548181414604187
MRPS25_RNA,-0.12548807263374329
MNT_RNA,-0.12553192675113678
PDP2_RNA,-0.1257460117340088
PIRT_RNA,-0.12585122883319855
ADAM21_RNA,-0.12593546509742737
HAS1_RNA,-0.12595216929912567
PATL2_RNA,-0.12595315277576447
NCKIPSD_RNA,-0.12597066164016724
BRCA2_RNA,-0.1259937286376953
SLC41A2_RNA,-0.1260116696357727
C2orf69_RNA,-0.1261216104030609
DNMT3A_RNA,-0.1261751502752304
CDC42BPG_RNA,-0.12618355453014374
SSX2IP_RNA,-0.12619712948799133
CEP152_RNA,-0.1262131631374359
BHLHE41_RNA,-0.12623855471611023
ACY3_RNA,-0.12627644836902618
ANO2_RNA,-0.12628313899040222
BBS7_RNA,-0.12632860243320465
VPS13B_RNA,-0.1263638436794281
HYLS1_RNA,-0.12645073235034943
SCD5_RNA,-0.12650536000728607
AKNAD1_RNA,-0.12654291093349457
PCDHGA7_RNA,-0.12654677033424377
LENEP_RNA,-0.12656988203525543
SLC22A24_RNA,-0.12660500407218933
PCGF3_RNA,-0.12662720680236816
OR6V1_RNA,-0.12666399776935577
SNORA13_RNA,-0.1266694813966751
ZNF215_RNA,-0.1266804337501526
ATXN7L3_RNA,-0.1266876608133316
SLC30A4_RNA,-0.12673255801200867
MIR744_RNA,-0.12676581740379333
KLHL14_RNA,-0.1268920600414276
PTCH2_RNA,-0.1268947720527649
STX7_RNA,-0.12691932916641235
LYST_RNA,-0.12695753574371338
INO80B_RNA,-0.12700270116329193
PIK3CA_RNA,-0.12704280018806458
PHF7_RNA,-0.127096489071846
GCNT4_RNA,-0.12714102864265442
HCG27_RNA,-0.12716004252433777
KLK10_RNA,-0.12725712358951569
PTGDR_RNA,-0.12727738916873932
HPS4_RNA,-0.12730535864830017
KANK1_RNA,-0.12731505930423737
TMEM181_RNA,-0.12734276056289673
ZNF90_RNA,-0.12734416127204895
ALOX15_RNA,-0.1273880898952484
DNAJB14_RNA,-0.12741981446743011
SRP19_RNA,-0.12742377817630768
TTC9_RNA,-0.1274610012769699
DCAF10_RNA,-0.12755738198757172
GPR142_RNA,-0.12763571739196777
FEZ1_RNA,-0.1276787370443344
CCDC149_RNA,-0.12772315740585327
SRMS_RNA,-0.1277298778295517
SAMD4A_RNA,-0.127782940864563
PIK3C3_RNA,-0.12779812514781952
KRTCAP2_RNA,-0.12782756984233856
L2HGDH_RNA,-0.12782977521419525
MKLN1_RNA,-0.1278693675994873
MAK_RNA,-0.12787218391895294
SFTPA1_RNA,-0.12791895866394043
SNAPC3_RNA,-0.1279289871454239
ADAMTS5_RNA,-0.1279318481683731
GNE_RNA,-0.12795306742191315
PCDHA11_RNA,-0.12801095843315125
XIST_RNA,-0.1280435472726822
WDR31_RNA,-0.12807756662368774
NDUFV2_RNA,-0.1281166970729828
MARVELD2_RNA,-0.12813700735569
C16orf87_RNA,-0.12814092636108398
SLC25A2_RNA,-0.12814295291900635
FSD2_RNA,-0.12817993760108948
ZNF595_RNA,-0.12821628153324127
FAM193B_RNA,-0.12836043536663055
DNAJB8_RNA,-0.12840214371681213
CGN_RNA,-0.128416508436203
FUT3_RNA,-0.1284288614988327
AASDHPPT_RNA,-0.128433495759964
CEACAM19_RNA,-0.12843739986419678
MSL1_RNA,-0.12845423817634583
LDHAL6B_RNA,-0.12852182984352112
TEX12_RNA,-0.12859898805618286
ZNF564_RNA,-0.1286022961139679
ZNF354A_RNA,-0.1286236196756363
SYTL1_RNA,-0.12865549325942993
TNRC18_RNA,-0.12865611910820007
GTF2H4_RNA,-0.12880970537662506
MIR1180_RNA,-0.12883998453617096
SAMD10_RNA,-0.12886090576648712
IYD_RNA,-0.1288997381925583
AVPR1B_RNA,-0.12900148332118988
TRAPPC2_RNA,-0.1290123462677002
SUDS3_RNA,-0.12906579673290253
SMC6_RNA,-0.12912552058696747
ST6GALNAC6_RNA,-0.1291295439004898
CAPN8_RNA,-0.12916649878025055
MIR2113_RNA,-0.12918350100517273
C1orf105_RNA,-0.12920190393924713
ZNF83_RNA,-0.12923462688922882
MLNR_RNA,-0.12933214008808136
FLYWCH1_RNA,-0.12938529253005981
ZNF620_RNA,-0.12939341366291046
PIP5K1C_RNA,-0.12949465215206146
VAPB_RNA,-0.12951408326625824
SIN3B_RNA,-0.12952230870723724
BFSP1_RNA,-0.12954220175743103
HIPK1_RNA,-0.12963072955608368
F10_RNA,-0.129651740193367
ZNF829_RNA,-0.12968365848064423
MRGPRE_RNA,-0.12971605360507965
SAP30L_RNA,-0.12980373203754425
RAB40AL_RNA,-0.12980660796165466
ZSCAN29_RNA,-0.12981198728084564
NIPAL2_RNA,-0.1298218071460724
SMAD7_RNA,-0.12983210384845734
SNORD71_RNA,-0.12984785437583923
NUDT21_RNA,-0.12984861433506012
NRK_RNA,-0.129855215549469
SASS6_RNA,-0.12986239790916443
RP1_RNA,-0.1298777014017105
GRAMD4_RNA,-0.12993983924388885
GRIN3B_RNA,-0.1299479901790619
TIGIT_RNA,-0.12999919056892395
MEF2A_RNA,-0.13011109828948975
USP20_RNA,-0.13011936843395233
REEP2_RNA,-0.13012127578258514
ACBD5_RNA,-0.13013622164726257
KANK3_RNA,-0.1301465630531311
AFAP1L2_RNA,-0.13014690577983856
TUG1_RNA,-0.13020369410514832
ANKHD1_RNA,-0.13022993505001068
WDR86_RNA,-0.13025163114070892
RASSF9_RNA,-0.13031096756458282
GMFB_RNA,-0.13033343851566315
GHRL_RNA,-0.13033907115459442
DENND4A_RNA,-0.13037697970867157
CMYA5_RNA,-0.1304459571838379
C9orf72_RNA,-0.1304490864276886
FAM53A_RNA,-0.13057594001293182
TSNAXIP1_RNA,-0.13057805597782135
ZNF44_RNA,-0.13058319687843323
RBM33_RNA,-0.1306004673242569
AQP11_RNA,-0.13060910999774933
BRPF3_RNA,-0.13061007857322693
MLYCD_RNA,-0.13061068952083588
TMTC1_RNA,-0.13063979148864746
LRRC58_RNA,-0.1306668519973755
KCNAB3_RNA,-0.13067004084587097
DTNB_RNA,-0.13069501519203186
NDUFA7_RNA,-0.13069644570350647
RBMXL2_RNA,-0.13076280057430267
REEP5_RNA,-0.13093672692775726
C15orf62_RNA,-0.1309918761253357
ZP2_RNA,-0.13099566102027893
SLC25A33_RNA,-0.13100756704807281
CYP8B1_RNA,-0.1310160756111145
CNR1_RNA,-0.13101691007614136
OR2AT4_RNA,-0.13104136288166046
CASKIN2_RNA,-0.13104769587516785
CEP192_RNA,-0.13115082681179047
VWCE_RNA,-0.1311957687139511
ZC3H12C_RNA,-0.13122393190860748
GNRH2_RNA,-0.13123467564582825
RAD21L1_RNA,-0.13125891983509064
YBX2_RNA,-0.13127659261226654
KCNK17_RNA,-0.1313096433877945
ZFP1_RNA,-0.1313622146844864
RPP14_RNA,-0.13136766850948334
ACHE_RNA,-0.1314118504524231
OR11H4_RNA,-0.13145999610424042
ZNF512B_RNA,-0.13154307007789612
SENP2_RNA,-0.13154998421669006
PTPRZ1_RNA,-0.13157454133033752
PHLDB1_RNA,-0.13157738745212555
TECTB_RNA,-0.13160648941993713
ZNF646_RNA,-0.1316632777452469
PFN2_RNA,-0.1316635012626648
KRTCAP3_RNA,-0.13168606162071228
CKAP5_RNA,-0.13169673085212708
SBF2_RNA,-0.13171155750751495
ALG11_RNA,-0.13173189759254456
LIPH_RNA,-0.13175807893276215
ATR_RNA,-0.1317683607339859
CTDSPL_RNA,-0.131833016872406
IDS_RNA,-0.1318962424993515
MSH5_RNA,-0.1319289654493332
RNF44_RNA,-0.13199932873249054
TAOK3_RNA,-0.13201014697551727
RARB_RNA,-0.1320658028125763
ZBTB24_RNA,-0.13210013508796692
PGC_RNA,-0.13217580318450928
CCDC65_RNA,-0.13227921724319458
PHF10_RNA,-0.1323895901441574
MIR1249_RNA,-0.1324419230222702
RUFY4_RNA,-0.13248461484909058
PCMTD2_RNA,-0.13249628245830536
SLFN14_RNA,-0.13251027464866638
UNCX_RNA,-0.13254795968532562
ZKSCAN1_RNA,-0.13256965577602386
HORMAD1_RNA,-0.13261327147483826
SCARNA1_RNA,-0.13266447186470032
TSTD2_RNA,-0.13269628584384918
TFAP2A_RNA,-0.13271796703338623
PRDM12_RNA,-0.1327231228351593
PRPF40B_RNA,-0.1327633112668991
GPR37L1_RNA,-0.13279353082180023
LGR6_RNA,-0.13285347819328308
PRB2_RNA,-0.13294212520122528
ZNF559_RNA,-0.1330009549856186
ATXN2_RNA,-0.13300937414169312
EIF4EBP2_RNA,-0.13303948938846588
RAB22A_RNA,-0.13306881487369537
PM20D1_RNA,-0.13306954503059387
F2_RNA,-0.1330883800983429
RPGRIP1L_RNA,-0.13331808149814606
NTNG1_RNA,-0.13340072333812714
CRYGA_RNA,-0.13341009616851807
FBRSL1_RNA,-0.13342532515525818
CLN8_RNA,-0.1334521770477295
GPR180_RNA,-0.1334531158208847
PMP2_RNA,-0.13346131145954132
USP50_RNA,-0.13346350193023682
KIAA0586_RNA,-0.13352365791797638
EDA_RNA,-0.13354311883449554
CAP2_RNA,-0.1336902230978012
SPINT2_RNA,-0.13372382521629333
CYP4A11_RNA,-0.1337607502937317
FBXO45_RNA,-0.13379859924316406
NR2C1_RNA,-0.1338268220424652
KCNJ14_RNA,-0.1338329017162323
MIR2278_RNA,-0.1338854432106018
FOXI3_RNA,-0.1339310258626938
GRID2IP_RNA,-0.1339409053325653
ZPBP_RNA,-0.13398540019989014
SIPA1L3_RNA,-0.13408468663692474
TMC3_RNA,-0.13410042226314545
SNORD115-32_RNA,-0.13433167338371277
ANKRD17_RNA,-0.13437490165233612
TUBE1_RNA,-0.13446301221847534
MID1IP1_RNA,-0.13447189331054688
LRIG1_RNA,-0.1344980001449585
FAR1_RNA,-0.13453474640846252
PGM2L1_RNA,-0.13455383479595184
WDR48_RNA,-0.13455553352832794
HTATSF1_RNA,-0.13457559049129486
MIR556_RNA,-0.1345975548028946
C20orf173_RNA,-0.134660542011261
RALGDS_RNA,-0.13468195497989655
MESTIT1_RNA,-0.13468216359615326
RBM4_RNA,-0.1347699910402298
BTBD3_RNA,-0.13477320969104767
CLASP1_RNA,-0.13479553163051605
CRYBB3_RNA,-0.13479584455490112
CLTCL1_RNA,-0.13487470149993896
ALDH4A1_RNA,-0.13493283092975616
CDC14B_RNA,-0.13493525981903076
RANBP6_RNA,-0.13497593998908997
KIF24_RNA,-0.13499313592910767
CACNG7_RNA,-0.1350291222333908
TRIM41_RNA,-0.13504371047019958
C14orf28_RNA,-0.13507765531539917
PHF6_RNA,-0.13511031866073608
FNBP1_RNA,-0.13516344130039215
RCOR2_RNA,-0.13521738350391388
SNORA2B_RNA,-0.13543269038200378
KCTD15_RNA,-0.13544413447380066
GLB1L2_RNA,-0.13545595109462738
TUBB2B_RNA,-0.13546326756477356
ZNF302_RNA,-0.13550378382205963
COX6B2_RNA,-0.13552327454090118
BGLAP_RNA,-0.13553905487060547
PHOSPHO2_RNA,-0.135560542345047
TMEM169_RNA,-0.1355663239955902
DYNLRB2_RNA,-0.13563203811645508
ALG9_RNA,-0.13574467599391937
GCLC_RNA,-0.13578180968761444
SCML2_RNA,-0.13581877946853638
RHOF_RNA,-0.13583961129188538
PCDH1_RNA,-0.13584809005260468
FOXK1_RNA,-0.13586734235286713
ZC3H4_RNA,-0.13586993515491486
HEPACAM2_RNA,-0.13593927025794983
AGER_RNA,-0.13602565228939056
TP53BP1_RNA,-0.13604912161827087
PCDHB6_RNA,-0.13610418140888214
LNP1_RNA,-0.13619299232959747
ZNF738_RNA,-0.13624216616153717
HTR3A_RNA,-0.136262446641922
SYT12_RNA,-0.13647058606147766
SVIP_RNA,-0.13659004867076874
MAGEE2_RNA,-0.13660001754760742
RAD54L2_RNA,-0.13666269183158875
SH2D1B_RNA,-0.13668988645076752
GOLGA3_RNA,-0.13670621812343597
HNRNPUL2_RNA,-0.13671481609344482
LCAT_RNA,-0.13671571016311646
GRIK5_RNA,-0.13683675229549408
TPP2_RNA,-0.1369437426328659
OTX2_RNA,-0.13694636523723602
ZCCHC2_RNA,-0.13702011108398438
ZBTB4_RNA,-0.1370621621608734
EID3_RNA,-0.13709278404712677
SNTG2_RNA,-0.13713771104812622
RBM28_RNA,-0.13717208802700043
ANKRD44_RNA,-0.13730616867542267
LRAT_RNA,-0.13731150329113007
PUM2_RNA,-0.1373644322156906
MIR1200_RNA,-0.13738180696964264
NPAS4_RNA,-0.1374243050813675
ZNF565_RNA,-0.13743308186531067
ZNF41_RNA,-0.1374434381723404
GPC6_RNA,-0.1376926451921463
SLC4A5_RNA,-0.1377086043357849
ALDH1A1_RNA,-0.13771037757396698
ADCY10_RNA,-0.13773669302463531
DDX47_RNA,-0.13777349889278412
POU2AF1_RNA,-0.13781870901584625
LPCAT4_RNA,-0.13782887160778046
GLDC_RNA,-0.1378316879272461
CSTF2T_RNA,-0.1378391534090042
RAB11FIP3_RNA,-0.13786064088344574
RGS5_RNA,-0.13789397478103638
PLEKHA8_RNA,-0.13796116411685944
GTF2A1_RNA,-0.1379919797182083
KLHL26_RNA,-0.13802661001682281
SENP5_RNA,-0.138053297996521
DCUN1D4_RNA,-0.13807088136672974
EIF4A1_RNA,-0.138091042637825
ONECUT3_RNA,-0.13810700178146362
HABP4_RNA,-0.13815169036388397
TMEM161B_RNA,-0.13833296298980713
PTAR1_RNA,-0.1383942812681198
SNTN_RNA,-0.13840416073799133
TCFL5_RNA,-0.1384608894586563
EFNA3_RNA,-0.1385437399148941
PLD4_RNA,-0.13855157792568207
TMEM25_RNA,-0.13857531547546387
MIA3_RNA,-0.1386047601699829
CTRB1_RNA,-0.13863275945186615
SCARNA18_RNA,-0.13864323496818542
TLR10_RNA,-0.1386970430612564
PUS7L_RNA,-0.138699010014534
KCTD2_RNA,-0.1387704610824585
NNT_RNA,-0.13879166543483734
CNOT6L_RNA,-0.13886842131614685
YTHDC1_RNA,-0.13889294862747192
DNAJC18_RNA,-0.13896165788173676
PLD6_RNA,-0.13897748291492462
OLFM4_RNA,-0.138994038105011
ZBTB5_RNA,-0.13902956247329712
EXOC5_RNA,-0.1390530914068222
LCN8_RNA,-0.13910146057605743
ZNF451_RNA,-0.1391541063785553
ALG10B_RNA,-0.13915589451789856
ZNF821_RNA,-0.13920985162258148
SLC26A3_RNA,-0.13929805159568787
CEP63_RNA,-0.13930989801883698
DEPDC7_RNA,-0.13931997120380402
FRAT1_RNA,-0.13935895264148712
KCNG2_RNA,-0.13936035335063934
IGSF11_RNA,-0.1394226849079132
LARP4B_RNA,-0.13945095241069794
ITGA8_RNA,-0.13949020206928253
RORC_RNA,-0.1395443081855774
NHLH1_RNA,-0.13968724012374878
CCDC152_RNA,-0.13971568644046783
SLC35A3_RNA,-0.13972656428813934
UBE2V1_RNA,-0.139829620718956
ZNF17_RNA,-0.13983158767223358
PXK_RNA,-0.13983911275863647
PIWIL2_RNA,-0.13988648355007172
FBXO33_RNA,-0.13991254568099976
PDK3_RNA,-0.13991843163967133
TRAF3_RNA,-0.13995572924613953
YTHDC2_RNA,-0.13996966183185577
ZNF281_RNA,-0.1401119977235794
SLC29A2_RNA,-0.1402362436056137
PLCD4_RNA,-0.14023630321025848
ZNF566_RNA,-0.1402842104434967
CEP72_RNA,-0.14034755527973175
USP25_RNA,-0.14038139581680298
CNOT6_RNA,-0.14042705297470093
ALDH1L1_RNA,-0.14042942225933075
ZNF543_RNA,-0.14057277143001556
ZNF197_RNA,-0.14057748019695282
CDKN2A_RNA,-0.14065168797969818
UBE4A_RNA,-0.14065207540988922
TET2_RNA,-0.14066489040851593
TCERG1_RNA,-0.14073427021503448
ZACN_RNA,-0.14073701202869415
ZNF70_RNA,-0.14076657593250275
LRRC27_RNA,-0.14078885316848755
WWOX_RNA,-0.1408018320798874
RPAP2_RNA,-0.14080724120140076
DEPDC5_RNA,-0.140822172164917
RNF146_RNA,-0.14082367718219757
TUSC3_RNA,-0.1408328264951706
APPBP2_RNA,-0.1409095823764801
PHF14_RNA,-0.14096736907958984
ANKRD30A_RNA,-0.14101353287696838
NAA35_RNA,-0.14104245603084564
GRB14_RNA,-0.14108428359031677
PTF1A_RNA,-0.14109785854816437
ZNF177_RNA,-0.1411168873310089
FSHB_RNA,-0.1411530077457428
ZNF92_RNA,-0.14118021726608276
FBXL19_RNA,-0.14119508862495422
AARSD1_RNA,-0.14125759899616241
TRIM55_RNA,-0.14129242300987244
MIR10B_RNA,-0.14133450388908386
C11orf65_RNA,-0.14135833084583282
FER1L5_RNA,-0.14140309393405914
MID1_RNA,-0.14163146913051605
PSG8_RNA,-0.14165106415748596
CALHM3_RNA,-0.14166447520256042
RNF103_RNA,-0.14168593287467957
TTC32_RNA,-0.14170730113983154
KRT33B_RNA,-0.14173099398612976
USP37_RNA,-0.141744926571846
PIGZ_RNA,-0.1417989283800125
ERC1_RNA,-0.14191052317619324
GTDC1_RNA,-0.1420285701751709
NUP62CL_RNA,-0.14203204214572906
SRC_RNA,-0.14203597605228424
SH3BP5_RNA,-0.14208583533763885
FBXO15_RNA,-0.14211709797382355
NOTUM_RNA,-0.1422329992055893
SLC7A1_RNA,-0.14223405718803406
RASGRP2_RNA,-0.1422470510005951
DUSP9_RNA,-0.1423133909702301
HIF1AN_RNA,-0.14238162338733673
ZNF521_RNA,-0.14238914847373962
TRPA1_RNA,-0.1425788700580597
ZHX1_RNA,-0.14264430105686188
MBOAT4_RNA,-0.14266596734523773
NDFIP2_RNA,-0.14269684255123138
MTMR3_RNA,-0.14273682236671448
DSG3_RNA,-0.14275680482387543
OTUB2_RNA,-0.1427648365497589
BCLAF1_RNA,-0.1428016722202301
CNKSR3_RNA,-0.14283545315265656
MAP3K1_RNA,-0.14291709661483765
MAP1B_RNA,-0.14301422238349915
MLLT11_RNA,-0.14303678274154663
PRDM10_RNA,-0.1430496871471405
ENKUR_RNA,-0.14308702945709229
HAND2_RNA,-0.14311811327934265
LHX2_RNA,-0.1431194245815277
MAMSTR_RNA,-0.1432289481163025
RBBP6_RNA,-0.14325936138629913
DPYSL2_RNA,-0.1432752013206482
IQCE_RNA,-0.14327578246593475
ZNF660_RNA,-0.1432877480983734
LRRC52_RNA,-0.1432972252368927
ZNF142_RNA,-0.1433945894241333
GFRA3_RNA,-0.14341965317726135
PSMA2_RNA,-0.14346010982990265
OR2AG2_RNA,-0.14346344769001007
LRP11_RNA,-0.14347989857196808
SETD1B_RNA,-0.14360247552394867
ARID1A_RNA,-0.14361485838890076
A1BG_RNA,-0.14367501437664032
SNORA12_RNA,-0.14373564720153809
OR52B2_RNA,-0.14381086826324463
FANCM_RNA,-0.1438148021697998
FIGN_RNA,-0.1438872516155243
PSAPL1_RNA,-0.14391258358955383
DPP8_RNA,-0.14399932324886322
HDAC8_RNA,-0.14403225481510162
ASNS_RNA,-0.1441185027360916
GJC3_RNA,-0.14414605498313904
RNF220_RNA,-0.14432241022586823
KRAS_RNA,-0.14432400465011597
HAR1B_RNA,-0.14435575902462006
ZNF300_RNA,-0.14439229667186737
STAU2_RNA,-0.1444556713104248
SPTLC2_RNA,-0.14450865983963013
HSD3B1_RNA,-0.14451679587364197
CHMP4A_RNA,-0.14452014863491058
SMARCC2_RNA,-0.1445324569940567
SLC1A3_RNA,-0.1445339024066925
RBAK_RNA,-0.14460958540439606
PTPN21_RNA,-0.14467684924602509
DBX1_RNA,-0.14470769464969635
NIPAL1_RNA,-0.14474904537200928
PRDM15_RNA,-0.14476628601551056
ZSCAN20_RNA,-0.1447666436433792
CCNB3_RNA,-0.14479529857635498
CCDC92_RNA,-0.1448650360107422
PATE3_RNA,-0.14488837122917175
ZNF20_RNA,-0.1448988914489746
TIGD7_RNA,-0.1449369490146637
ARHGAP20_RNA,-0.1449728012084961
OR2AE1_RNA,-0.1449839472770691
CLK4_RNA,-0.144997239112854
SLC25A16_RNA,-0.14500026404857635
TM7SF2_RNA,-0.14503437280654907
SYCE2_RNA,-0.1450796127319336
HDAC9_RNA,-0.1451234668493271
FOXR1_RNA,-0.14513178169727325
RALGAPB_RNA,-0.14521659910678864
CALCOCO1_RNA,-0.14523600041866302
FBXW11_RNA,-0.14528560638427734
ITIH3_RNA,-0.14538608491420746
WDR64_RNA,-0.1453990638256073
ZFP90_RNA,-0.1454542726278305
MIR569_RNA,-0.14547698199748993
ZSCAN18_RNA,-0.14548513293266296
SIRT1_RNA,-0.14550131559371948
CD300LG_RNA,-0.14553944766521454
RERE_RNA,-0.1455904096364975
PASK_RNA,-0.14561668038368225
TNPO2_RNA,-0.14566771686077118
SLC35F4_RNA,-0.1456870436668396
KRT74_RNA,-0.14570152759552002
NRG2_RNA,-0.1457391083240509
SCN9A_RNA,-0.1457405537366867
TEX14_RNA,-0.14575594663619995
CBY3_RNA,-0.14576168358325958
DCUN1D1_RNA,-0.1457851380109787
P2RX3_RNA,-0.14580178260803223
ZNF287_RNA,-0.14581574499607086
ZNF366_RNA,-0.14583896100521088
SLC25A21_RNA,-0.14590781927108765
MIR339_RNA,-0.14592963457107544
WFS1_RNA,-0.146027073264122
SMC3_RNA,-0.14604432880878448
ZNF763_RNA,-0.14610759913921356
MIR128-2_RNA,-0.14615386724472046
ABCC2_RNA,-0.14621348679065704
ROBO2_RNA,-0.14634962379932404
MSL2_RNA,-0.14640209078788757
ZZEF1_RNA,-0.1464618593454361
MYO1D_RNA,-0.14648835361003876
BARHL2_RNA,-0.14650623500347137
RNF168_RNA,-0.14655998349189758
RAI1_RNA,-0.14657935500144958
MEF2D_RNA,-0.14660240709781647
TLE4_RNA,-0.14665444195270538
NTN5_RNA,-0.14666858315467834
APAF1_RNA,-0.1467064470052719
P2RY4_RNA,-0.14673137664794922
PIP4K2C_RNA,-0.14683254063129425
CEP170_RNA,-0.146868035197258
CATSPERG_RNA,-0.1469358205795288
ATP13A2_RNA,-0.14694172143936157
CCND1_RNA,-0.1469714194536209
SLC7A3_RNA,-0.14697490632534027
IDI1_RNA,-0.1470130831003189
ZBTB8A_RNA,-0.14703895151615143
UBR2_RNA,-0.14708594977855682
TRIM9_RNA,-0.14712174236774445
SCEL_RNA,-0.14714400470256805
RAB40C_RNA,-0.14716371893882751
ZFP28_RNA,-0.14722861349582672
DNAH8_RNA,-0.14726854860782623
PKP3_RNA,-0.1472688466310501
ZNF550_RNA,-0.14727720618247986
KRT86_RNA,-0.147304967045784
NPAT_RNA,-0.14734214544296265
WBP4_RNA,-0.14735689759254456
CHL1_RNA,-0.14736589789390564
SNORD115-1_RNA,-0.14743000268936157
ZNF839_RNA,-0.14744864404201508
VANGL1_RNA,-0.1474812924861908
SNORD115-29_RNA,-0.14754077792167664
UCP1_RNA,-0.14754080772399902
GSTA4_RNA,-0.14759975671768188
CLSTN1_RNA,-0.14765606820583344
TRIM54_RNA,-0.14767885208129883
GRK4_RNA,-0.14784863591194153
AACS_RNA,-0.1479145735502243
GTF3C4_RNA,-0.1479230374097824
SNORD62B_RNA,-0.14795491099357605
CELP_RNA,-0.14798684418201447
BCL2L10_RNA,-0.14806346595287323
LOC154449_RNA,-0.14809121191501617
MAP4K2_RNA,-0.14810894429683685
MTA3_RNA,-0.14811453223228455
NECAP1_RNA,-0.1481495052576065
BRMS1L_RNA,-0.1483488827943802
TMPRSS12_RNA,-0.14836210012435913
HCFC1_RNA,-0.14842809736728668
OR52I1_RNA,-0.14853234589099884
FAM110B_RNA,-0.1486404538154602
WNT8A_RNA,-0.14876346290111542
ATXN1L_RNA,-0.14879976212978363
SNORA38_RNA,-0.14880383014678955
GRIN2D_RNA,-0.14892476797103882
SORT1_RNA,-0.1489354372024536
SPAST_RNA,-0.14896050095558167
RPRD2_RNA,-0.14904135465621948
ZNF827_RNA,-0.14910069108009338
SPDYA_RNA,-0.1491960734128952
WBP1_RNA,-0.14926843345165253
RNF169_RNA,-0.1493954211473465
PARD6B_RNA,-0.14950159192085266
C1orf146_RNA,-0.1495828628540039
TCP11L2_RNA,-0.14959421753883362
LDHB_RNA,-0.1496821939945221
DMTF1_RNA,-0.1497545838356018
SLC30A2_RNA,-0.14975528419017792
GOLT1A_RNA,-0.1497560292482376
DSCR9_RNA,-0.14982318878173828
MTMR4_RNA,-0.15001671016216278
TDRD12_RNA,-0.15004348754882813
ZBTB39_RNA,-0.15004649758338928
THPO_RNA,-0.15013200044631958
TAS1R3_RNA,-0.15014436841011047
ADAMTS10_RNA,-0.15014739334583282
SLC18A1_RNA,-0.15037767589092255
N4BP2L2_RNA,-0.15041035413742065
PPARA_RNA,-0.15044452250003815
CNNM3_RNA,-0.15044839680194855
PRKAG2_RNA,-0.1504678875207901
ZSWIM6_RNA,-0.15048325061798096
ARHGAP12_RNA,-0.1504868119955063
RCBTB1_RNA,-0.15057092905044556
GRAMD1C_RNA,-0.1506284773349762
MIR1243_RNA,-0.1506698727607727
FRS2_RNA,-0.15072067081928253
ASTN2_RNA,-0.15076729655265808
APOD_RNA,-0.15083223581314087
TAOK2_RNA,-0.15090332925319672
ACE2_RNA,-0.15093359351158142
XKR6_RNA,-0.15099471807479858
SLC10A5_RNA,-0.15103867650032043
C12orf71_RNA,-0.15111830830574036
THNSL1_RNA,-0.15119148790836334
KISS1_RNA,-0.15121516585350037
GALR3_RNA,-0.15122145414352417
TOP3B_RNA,-0.15133656561374664
FAM24B_RNA,-0.1513957381248474
MRAS_RNA,-0.1514115333557129
TDRKH_RNA,-0.15150344371795654
NUCKS1_RNA,-0.15155364573001862
ARR3_RNA,-0.1516803503036499
MED13_RNA,-0.15175412595272064
ART1_RNA,-0.15176942944526672
SMCHD1_RNA,-0.15188196301460266
ADAM23_RNA,-0.152040496468544
TMEM220_RNA,-0.15209229290485382
ZBTB40_RNA,-0.152162104845047
TTC16_RNA,-0.1522464156150818
SLCO4C1_RNA,-0.15228340029716492
MPP3_RNA,-0.15229672193527222
ITGB1BP2_RNA,-0.1522967666387558
TLX1NB_RNA,-0.15232402086257935
TRIM13_RNA,-0.1523960381746292
PROZ_RNA,-0.152413472533226
DIO3_RNA,-0.15245267748832703
ATE1_RNA,-0.15246300399303436
BEND6_RNA,-0.1524895280599594
ZNF507_RNA,-0.1526412069797516
LUC7L_RNA,-0.15268713235855103
ZNF878_RNA,-0.15280494093894958
SRPK2_RNA,-0.15288513898849487
GDPD4_RNA,-0.15293563902378082
ATP1B4_RNA,-0.1529797464609146
PDIK1L_RNA,-0.15302938222885132
TSC2_RNA,-0.15303312242031097
C8orf44_RNA,-0.15310148894786835
TBX10_RNA,-0.15320242941379547
HELZ_RNA,-0.15324120223522186
INTU_RNA,-0.15326692163944244
IRX6_RNA,-0.15331433713436127
IFIT2_RNA,-0.1534070074558258
COX8C_RNA,-0.15345996618270874
DENND2C_RNA,-0.15351752936840057
ADPRHL1_RNA,-0.1535668969154358
SPOCK2_RNA,-0.15360046923160553
CPSF6_RNA,-0.15366192162036896
ZNF624_RNA,-0.15372832119464874
SNRPD3_RNA,-0.15376268327236176
SCARNA23_RNA,-0.15377025306224823
HSD17B3_RNA,-0.15382133424282074
ACTR3C_RNA,-0.15386568009853363
LIPJ_RNA,-0.15387468039989471
LMOD3_RNA,-0.15389254689216614
SRCAP_RNA,-0.1539299637079239
RTKN2_RNA,-0.15394295752048492
SLC25A42_RNA,-0.15404121577739716
GRIA1_RNA,-0.1541350781917572
NODAL_RNA,-0.15420982241630554
ARID4B_RNA,-0.15421119332313538
TNNI3_RNA,-0.15421158075332642
LMAN1L_RNA,-0.1542235016822815
PAN3_RNA,-0.15422458946704865
NLRC3_RNA,-0.1543174684047699
LAMA3_RNA,-0.15433275699615479
PDCD6_RNA,-0.15434925258159637
CCDC150_RNA,-0.15435324609279633
GPR19_RNA,-0.15436013042926788
OR10H5_RNA,-0.15437521040439606
FAM53B_RNA,-0.15445160865783691
UPF3A_RNA,-0.15446539223194122
LIN7A_RNA,-0.15447285771369934
HCRTR1_RNA,-0.15454064309597015
CYP27C1_RNA,-0.15465661883354187
GNAT1_RNA,-0.1547064185142517
EXOC8_RNA,-0.15484145283699036
TBL1XR1_RNA,-0.15487085282802582
SNORA74A_RNA,-0.15488027036190033
CBL_RNA,-0.1549016237258911
CRYBG3_RNA,-0.15496587753295898
TAS2R39_RNA,-0.15496867895126343
ZFP2_RNA,-0.15498436987400055
IPMK_RNA,-0.15500865876674652
THUMPD1_RNA,-0.15510627627372742
EVI5L_RNA,-0.15519192814826965
CD164L2_RNA,-0.15520079433918
GPS2_RNA,-0.15524189174175262
SETD6_RNA,-0.15533089637756348
C14orf39_RNA,-0.1553688496351242
PRKAB2_RNA,-0.15539157390594482
NKX1-2_RNA,-0.1554711014032364
OTOR_RNA,-0.15549667179584503
KIAA1328_RNA,-0.15551704168319702
B4GALNT4_RNA,-0.1555255949497223
ATMIN_RNA,-0.15556804835796356
SECISBP2_RNA,-0.15559522807598114
AOC2_RNA,-0.15563510358333588
CHD8_RNA,-0.1557452231645584
DLEC1_RNA,-0.15577709674835205
STAM_RNA,-0.15606358647346497
EIF4G3_RNA,-0.1560923159122467
NOTCH1_RNA,-0.15611450374126434
AFF4_RNA,-0.15612882375717163
ZNF805_RNA,-0.1561764031648636
NHSL1_RNA,-0.15622787177562714
LPIN2_RNA,-0.1563425362110138
SMC1B_RNA,-0.1563476175069809
ZIC2_RNA,-0.15634872019290924
QSER1_RNA,-0.15637335181236267
SYT17_RNA,-0.15649119019508362
IL11RA_RNA,-0.15650136768817902
GBA3_RNA,-0.15650567412376404
MEX3A_RNA,-0.15654629468917847
PDE6H_RNA,-0.15654750168323517
TBC1D5_RNA,-0.1566522866487503
RGP1_RNA,-0.15667767822742462
AASS_RNA,-0.15670154988765717
NAPSA_RNA,-0.1567048579454422
C7orf25_RNA,-0.15670940279960632
TKTL2_RNA,-0.15682969987392426
KDM3B_RNA,-0.15683044493198395
SPIRE1_RNA,-0.15684041380882263
USP51_RNA,-0.15685544908046722
MIR1262_RNA,-0.1568823903799057
LOC375196_RNA,-0.15692387521266937
PTK2B_RNA,-0.15694491565227509
GSG1_RNA,-0.15698042511940002
ZNF138_RNA,-0.1571083515882492
BANK1_RNA,-0.15713727474212646
DCDC1_RNA,-0.15718959271907806
DCAF8_RNA,-0.15722420811653137
STMN1_RNA,-0.15723155438899994
GNB5_RNA,-0.15723294019699097
C3orf20_RNA,-0.1572878360748291
DPYS_RNA,-0.15730425715446472
ARL5C_RNA,-0.1573183387517929
ARL10_RNA,-0.15737031400203705
CLCN3_RNA,-0.15748023986816406
RNF113B_RNA,-0.15749628841876984
NACC2_RNA,-0.15752989053726196
FXYD2_RNA,-0.15753485262393951
LOC100130691_RNA,-0.15753765404224396
ZNF644_RNA,-0.15754090249538422
LRRC56_RNA,-0.15754899382591248
ZNF836_RNA,-0.15755827724933624
DACT3_RNA,-0.1576630026102066
LRRK2_RNA,-0.15779952704906464
ANKLE1_RNA,-0.15780922770500183
ZIC5_RNA,-0.15782015025615692
NEU3_RNA,-0.15785974264144897
XRN1_RNA,-0.157892107963562
EN1_RNA,-0.1579398661851883
MCM8_RNA,-0.15797093510627747
FRMD5_RNA,-0.15800489485263824
ZCCHC24_RNA,-0.1580153852701187
IGSF9_RNA,-0.15804234147071838
CEACAM8_RNA,-0.15811361372470856
BMP7_RNA,-0.1581844985485077
SEMA3B_RNA,-0.15826767683029175
ALKBH6_RNA,-0.1583113670349121
DHRS2_RNA,-0.15836229920387268
TOX2_RNA,-0.15836305916309357
PAQR5_RNA,-0.1583775132894516
OR10A2_RNA,-0.15838930010795593
ME3_RNA,-0.15841786563396454
DTWD1_RNA,-0.15842099487781525
ARTN_RNA,-0.15843400359153748
PLAC4_RNA,-0.1584581434726715
OTUD1_RNA,-0.1585850566625595
RGS12_RNA,-0.1586589515209198
CACNG1_RNA,-0.15879373252391815
C12orf76_RNA,-0.1588631272315979
ULK1_RNA,-0.1589457243680954
NOXA1_RNA,-0.15901055932044983
TGM1_RNA,-0.1590268462896347
HMGN5_RNA,-0.15907473862171173
SNURF_RNA,-0.1590888947248459
TRPC4_RNA,-0.15910673141479492
SNORD115-42_RNA,-0.15924173593521118
NCOR1_RNA,-0.15925125777721405
APOBEC4_RNA,-0.15929631888866425
ACYP1_RNA,-0.1593226045370102
FSD1_RNA,-0.15934506058692932
ZNF484_RNA,-0.1593887209892273
NAPG_RNA,-0.15950660407543182
SENP6_RNA,-0.15954770147800446
MAP6D1_RNA,-0.15956714749336243
MAPKBP1_RNA,-0.15970483422279358
FOXN2_RNA,-0.159739151597023
SGMS1_RNA,-0.15977108478546143
NEAT1_RNA,-0.1598905324935913
GPR146_RNA,-0.15990647673606873
RAG2_RNA,-0.15994171798229218
TMPRSS11F_RNA,-0.16001828014850616
GJB7_RNA,-0.1600731909275055
USP11_RNA,-0.16010534763336182
IFT172_RNA,-0.16010922193527222
MTOR_RNA,-0.16012361645698547
C16orf89_RNA,-0.16021522879600525
CDK17_RNA,-0.160411074757576
ZBTB25_RNA,-0.1604127734899521
GOPC_RNA,-0.16055095195770264
MIR181B1_RNA,-0.16057825088500977
LTB4R2_RNA,-0.16058115661144257
ZNF549_RNA,-0.16077180206775665
SETX_RNA,-0.16085734963417053
TMEM108_RNA,-0.1610259860754013
HAUS3_RNA,-0.16105569899082184
ALDH2_RNA,-0.16106091439723969
LHCGR_RNA,-0.16106393933296204
PLA2G4C_RNA,-0.16108977794647217
PPP1R12A_RNA,-0.1611049771308899
FTO_RNA,-0.1613173633813858
GOLGA4_RNA,-0.16140227019786835
NEK3_RNA,-0.16152073442935944
MIR1250_RNA,-0.16158324480056763
TRAPPC5_RNA,-0.16166181862354279
TAF1L_RNA,-0.16167066991329193
TFDP2_RNA,-0.16174045205116272
RAB37_RNA,-0.161741703748703
FASN_RNA,-0.16176164150238037
SH3YL1_RNA,-0.1619965136051178
ERCC5_RNA,-0.16206157207489014
DLG1_RNA,-0.16206243634223938
MLXIPL_RNA,-0.16214707493782043
SIRPA_RNA,-0.16219420731067657
MUC15_RNA,-0.16220134496688843
IFI44L_RNA,-0.16225314140319824
FREM2_RNA,-0.1623578518629074
PAOX_RNA,-0.16240476071834564
CLEC3A_RNA,-0.16246938705444336
PAN2_RNA,-0.16250142455101013
AKTIP_RNA,-0.16256563365459442
EPB41L5_RNA,-0.1626013070344925
PYGO1_RNA,-0.16272716224193573
CSAD_RNA,-0.1627635806798935
ZNF577_RNA,-0.1627993881702423
KLF7_RNA,-0.16282150149345398
MIR181A1_RNA,-0.16285382211208344
TRERF1_RNA,-0.16286441683769226
SLC12A8_RNA,-0.16302058100700378
KRT5_RNA,-0.16304999589920044
ASAP2_RNA,-0.16313810646533966
LYSMD4_RNA,-0.1631835252046585
SLC25A12_RNA,-0.16319206357002258
PIK3CB_RNA,-0.16322360932826996
CYP3A7_RNA,-0.1632469743490219
CYP24A1_RNA,-0.1632535457611084
LRRC20_RNA,-0.16325998306274414
NOX5_RNA,-0.1634945124387741
PLK2_RNA,-0.16352519392967224
FAM161A_RNA,-0.16364778578281403
MIR1256_RNA,-0.1636984646320343
RBM6_RNA,-0.1637188047170639
ZNF506_RNA,-0.1638173609972
SPATC1_RNA,-0.16392862796783447
FRMD4A_RNA,-0.16395464539527893
WNT2_RNA,-0.16405129432678223
DYRK2_RNA,-0.16409336030483246
QDPR_RNA,-0.1641562283039093
VPS36_RNA,-0.16416849195957184
ZNF429_RNA,-0.16417109966278076
COCH_RNA,-0.16419073939323425
ZNF69_RNA,-0.16429375112056732
NRBP2_RNA,-0.16430900990962982
RAB4B_RNA,-0.16433283686637878
ARL5B_RNA,-0.16436612606048584
IKZF5_RNA,-0.16446970403194427
RAET1E_RNA,-0.16449955105781555
ILDR2_RNA,-0.16453853249549866
RD3_RNA,-0.16454491019248962
RABEP1_RNA,-0.16457919776439667
ZNF280D_RNA,-0.16464351117610931
RLIM_RNA,-0.1646556854248047
ANKRD55_RNA,-0.1647670716047287
AKAP1_RNA,-0.16489985585212708
NEO1_RNA,-0.16490662097930908
RSPH1_RNA,-0.16498436033725739
GPR155_RNA,-0.1650732457637787
ZHX2_RNA,-0.1651178002357483
AHSG_RNA,-0.1651250123977661
AP3M2_RNA,-0.16523368656635284
LRRC8D_RNA,-0.16526129841804504
RBM25_RNA,-0.1653013676404953
SPSB3_RNA,-0.1653137505054474
PLA2G4B_RNA,-0.16537940502166748
LEPR_RNA,-0.16544285416603088
USP22_RNA,-0.16550076007843018
NDST1_RNA,-0.16554726660251617
KCNK4_RNA,-0.16556265950202942
FBXL17_RNA,-0.1656639575958252
CLDN16_RNA,-0.16584545373916626
N4BP2_RNA,-0.16588665544986725
HECTD2_RNA,-0.1659410446882248
GNA14_RNA,-0.16595549881458282
ENTPD4_RNA,-0.16597947478294373
C1orf220_RNA,-0.165982186794281
SNORA16B_RNA,-0.16598312556743622
TBC1D21_RNA,-0.16604675352573395
SPINK5_RNA,-0.16604961454868317
LINGO4_RNA,-0.16615089774131775
RASA1_RNA,-0.16617779433727264
PIK3C2A_RNA,-0.16626417636871338
PCDHB3_RNA,-0.166265070438385
CLEC16A_RNA,-0.16628006100654602
C12orf54_RNA,-0.16632184386253357
ZXDB_RNA,-0.166338711977005
ZFP3_RNA,-0.1663886308670044
SPAG8_RNA,-0.16641439497470856
GAB1_RNA,-0.16642659902572632
ZSWIM2_RNA,-0.1664305329322815
ZNF718_RNA,-0.16643454134464264
PRH1_RNA,-0.16644105315208435
FBXO34_RNA,-0.16644614934921265
DDX6_RNA,-0.16657830774784088
SETD2_RNA,-0.16667619347572327
SLFNL1_RNA,-0.1666966825723648
CYSLTR2_RNA,-0.1667337566614151
NLGN2_RNA,-0.16673515737056732
MIR590_RNA,-0.16674983501434326
FAM186B_RNA,-0.1668831706047058
LYZL4_RNA,-0.16696469485759735
PCF11_RNA,-0.1670648604631424
GRIK1_RNA,-0.16713440418243408
KIAA1614_RNA,-0.1672026664018631
DDI2_RNA,-0.16721785068511963
TAF7L_RNA,-0.1672290861606598
OAT_RNA,-0.16728776693344116
ELMOD1_RNA,-0.1674187332391739
GCSH_RNA,-0.167485311627388
CMA1_RNA,-0.16753023862838745
NOSTRIN_RNA,-0.16757911443710327
PC_RNA,-0.16769450902938843
ZNF100_RNA,-0.1678086668252945
SLC39A10_RNA,-0.1678977757692337
ZNF283_RNA,-0.16798177361488342
FRS3_RNA,-0.1680409461259842
SETD5_RNA,-0.16807684302330017
GGT1_RNA,-0.16810645163059235
GHRLOS_RNA,-0.16823136806488037
CCDC38_RNA,-0.1682654768228531
DQX1_RNA,-0.16830258071422577
CRMP1_RNA,-0.16831445693969727
ZNF587_RNA,-0.16838966310024261
FLT3_RNA,-0.1685025840997696
KRT14_RNA,-0.1685391366481781
VPS8_RNA,-0.16854369640350342
POU3F2_RNA,-0.16860349476337433
MEP1A_RNA,-0.16862888634204865
RBM26_RNA,-0.1686769276857376
TTYH1_RNA,-0.168712317943573
NEUROG2_RNA,-0.1687796413898468
TAS2R7_RNA,-0.16878840327262878
COBLL1_RNA,-0.16880154609680176
ZBTB41_RNA,-0.1688586175441742
EP400_RNA,-0.1689484417438507
GP1BA_RNA,-0.16906751692295074
USP7_RNA,-0.16907110810279846
FHIT_RNA,-0.16908730566501617
ANKRD11_RNA,-0.169097438454628
CCL21_RNA,-0.16917690634727478
CHKB_RNA,-0.16918592154979706
ATP2B4_RNA,-0.1692187637090683
CCDC146_RNA,-0.16926786303520203
NKIRAS1_RNA,-0.16928650438785553
RALGAPA2_RNA,-0.16942919790744781
FOXO3_RNA,-0.16946303844451904
ABI2_RNA,-0.16950629651546478
LONRF3_RNA,-0.16950778663158417
CALM3_RNA,-0.1695086807012558
ADAMTS6_RNA,-0.1695519983768463
WDR87_RNA,-0.1695767045021057
PDE4C_RNA,-0.16958442330360413
EFCAB6_RNA,-0.16959841549396515
DCP2_RNA,-0.16964305937290192
MIR641_RNA,-0.16964779794216156
IL9_RNA,-0.16968053579330444
ZFHX4_RNA,-0.16968342661857605
VGF_RNA,-0.1697484701871872
DAO_RNA,-0.17003168165683746
PABPN1L_RNA,-0.17006170749664307
PDCD4_RNA,-0.17006805539131165
ACVR2A_RNA,-0.17008621990680695
LRRC31_RNA,-0.17011208832263947
LGR4_RNA,-0.17011570930480957
LENG8_RNA,-0.17013850808143616
HDAC5_RNA,-0.17014513909816742
WNK1_RNA,-0.17016257345676422
PPP1R1C_RNA,-0.17020651698112488
FBXL18_RNA,-0.17023877799510956
CASC2_RNA,-0.17027385532855988
SH2D7_RNA,-0.17028461396694183
POLR3A_RNA,-0.17040766775608063
RNF32_RNA,-0.1705082803964615
BRD3_RNA,-0.1705743819475174
PER2_RNA,-0.17063561081886292
GPSM2_RNA,-0.17066405713558197
CT62_RNA,-0.17077548801898956
ATM_RNA,-0.17083540558815002
SMTNL1_RNA,-0.17091067135334015
CLIP4_RNA,-0.1710052788257599
NT5DC3_RNA,-0.17103132605552673
MIR657_RNA,-0.17104700207710266
CLMN_RNA,-0.17107126116752625
DGKQ_RNA,-0.17111419141292572
TP53INP2_RNA,-0.17118856310844421
MFRP_RNA,-0.17127583920955658
EXOC6B_RNA,-0.1713428795337677
RNF182_RNA,-0.17135637998580933
MTPAP_RNA,-0.17143943905830383
RFX4_RNA,-0.1714659482240677
ZNF254_RNA,-0.1716231405735016
TUBA3D_RNA,-0.17162632942199707
MMP16_RNA,-0.17179548740386963
ZBTB10_RNA,-0.17187362909317017
CYP4F2_RNA,-0.1719941794872284
SORBS1_RNA,-0.1721491515636444
TDRD10_RNA,-0.17216625809669495
GCNT7_RNA,-0.17218700051307678
ZNF318_RNA,-0.17237649857997894
CCDC54_RNA,-0.1724010556936264
ADAMTS18_RNA,-0.17243200540542603
LRRN2_RNA,-0.17261287569999695
SCRN1_RNA,-0.17271479964256287
SETDB2_RNA,-0.1727839559316635
FBXO10_RNA,-0.17285342514514923
FAM178B_RNA,-0.17306067049503326
YPEL3_RNA,-0.17319561541080475
CCDC110_RNA,-0.17319893836975098
DCTN1_RNA,-0.1732250452041626
ATRN_RNA,-0.17325350642204285
FOXE1_RNA,-0.17334888875484467
GABPB2_RNA,-0.17340122163295746
TRDMT1_RNA,-0.1734429895877838
PPP3R1_RNA,-0.17345008254051208
GFI1B_RNA,-0.17358770966529846
ESRP1_RNA,-0.17366455495357513
CREBBP_RNA,-0.1737024039030075
ZER1_RNA,-0.17387299239635468
JAG2_RNA,-0.17389480769634247
ZNF75A_RNA,-0.17391519248485565
ASPG_RNA,-0.17392843961715698
MYH6_RNA,-0.17393361032009125
ABRA_RNA,-0.173980712890625
ROCK2_RNA,-0.1740865856409073
HEATR5B_RNA,-0.17410926520824432
PATE1_RNA,-0.17411507666110992
IKZF4_RNA,-0.17411595582962036
PTPN11_RNA,-0.17431344091892242
EFNB3_RNA,-0.1743249148130417
XRCC2_RNA,-0.17436882853507996
ENPP3_RNA,-0.17441906034946442
TTC22_RNA,-0.17453865706920624
WNT9A_RNA,-0.1746087223291397
LRRC43_RNA,-0.17473655939102173
KLF15_RNA,-0.17473959922790527
GPHA2_RNA,-0.17482666671276093
TTLL13_RNA,-0.17483730614185333
APCDD1_RNA,-0.17483945190906525
SPNS1_RNA,-0.17504601180553436
OR2M4_RNA,-0.1751084178686142
CPNE5_RNA,-0.1751086562871933
DPYSL4_RNA,-0.17511259019374847
CPXM2_RNA,-0.17516638338565826
FAM120B_RNA,-0.17518235743045807
ZBTB43_RNA,-0.17522025108337402
TRAPPC6B_RNA,-0.1752450317144394
MPHOSPH9_RNA,-0.17526552081108093
ZNF808_RNA,-0.17532213032245636
FATE1_RNA,-0.1753782033920288
MAN2A2_RNA,-0.17541246116161346
ATG16L2_RNA,-0.17550797760486603
ACMSD_RNA,-0.1755877137184143
LDB1_RNA,-0.1756102442741394
IRF9_RNA,-0.17579203844070435
RASSF2_RNA,-0.1757943332195282
KIF3B_RNA,-0.17585328221321106
RSF1_RNA,-0.1760067492723465
RTL1_RNA,-0.17607083916664124
FBXO11_RNA,-0.17607660591602325
YWHAH_RNA,-0.17608444392681122
ZNF334_RNA,-0.17622743546962738
CPEB2_RNA,-0.17623093724250793
CPT1B_RNA,-0.17633801698684692
SCAND3_RNA,-0.1763395220041275
SULT1A2_RNA,-0.17640961706638336
N4BP2L1_RNA,-0.1764349341392517
ATXN3_RNA,-0.17647391557693481
GHR_RNA,-0.17656788229942322
OXR1_RNA,-0.17663511633872986
LEFTY1_RNA,-0.17668864130973816
SNORA54_RNA,-0.1767432540655136
SLC22A13_RNA,-0.17678166925907135
SVOPL_RNA,-0.17683620750904083
AK7_RNA,-0.17684651911258698
VTI1A_RNA,-0.17690953612327576
SLC15A2_RNA,-0.17693069577217102
LMX1B_RNA,-0.17701037228107452
EXOC6_RNA,-0.17701146006584167
FRMD7_RNA,-0.17701157927513123
ZNF841_RNA,-0.17701749503612518
MAP4K5_RNA,-0.17725707590579987
ZC3H8_RNA,-0.1773960441350937
FOSB_RNA,-0.17742061614990234
TCAP_RNA,-0.17742383480072021
PINK1_RNA,-0.17752531170845032
HUNK_RNA,-0.17754998803138733
LIG4_RNA,-0.17755569517612457
ANKRD28_RNA,-0.17759548127651215
UCP3_RNA,-0.17762711644172668
CYTH1_RNA,-0.17769697308540344
HEPACAM_RNA,-0.1777392029762268
ARMC2_RNA,-0.17775124311447144
JARID2_RNA,-0.17778532207012177
LATS1_RNA,-0.1778024137020111
KLHL28_RNA,-0.17797772586345673
ITIH2_RNA,-0.17802424728870392
CCNG2_RNA,-0.17802493274211884
NR4A2_RNA,-0.17805920541286469
NUDT7_RNA,-0.17813123762607574
INPP4B_RNA,-0.17815296351909637
PCDHB1_RNA,-0.1781657636165619
SPIN1_RNA,-0.17818011343479156
CRYGN_RNA,-0.1781872659921646
KATNAL1_RNA,-0.17820867896080017
LRRC1_RNA,-0.17821872234344482
CDO1_RNA,-0.1782355010509491
RANBP2_RNA,-0.17826049029827118
PTPDC1_RNA,-0.17827163636684418
CLCN2_RNA,-0.1782829761505127
TRPV5_RNA,-0.17846663296222687
RAB25_RNA,-0.1785845309495926
PKD1L3_RNA,-0.17864058911800385
ZNF772_RNA,-0.17864854633808136
TH_RNA,-0.17880210280418396
ERAS_RNA,-0.1788201928138733
PIK3R3_RNA,-0.17887389659881592
DGKG_RNA,-0.17897473275661469
GLYCTK_RNA,-0.17899315059185028
ZNF431_RNA,-0.17905496060848236
ZNF710_RNA,-0.179229736328125
TRIM46_RNA,-0.17930133640766144
USP17L2_RNA,-0.17932534217834473
PTRH1_RNA,-0.17933808267116547
KREMEN2_RNA,-0.1795303374528885
NEK10_RNA,-0.17954005300998688
NDST2_RNA,-0.17955145239830017
LRRC49_RNA,-0.1795780211687088
NECAB3_RNA,-0.17960277199745178
OGT_RNA,-0.17964975535869598
SCT_RNA,-0.17965593934059143
LRCH2_RNA,-0.179690882563591
OPRL1_RNA,-0.1797349900007248
WFIKKN2_RNA,-0.17976965010166168
GIT1_RNA,-0.17977480590343475
OR52I2_RNA,-0.17983093857765198
CRHR1_RNA,-0.1798340082168579
TRIM59_RNA,-0.17988340556621552
TAF10_RNA,-0.179948091506958
LCN9_RNA,-0.18000082671642303
SOS2_RNA,-0.18010829389095306
CNGA4_RNA,-0.18013769388198853
ZAR1_RNA,-0.18031834065914154
GULP1_RNA,-0.18033145368099213
SNORA49_RNA,-0.18033286929130554
HACE1_RNA,-0.18033316731452942
C17orf107_RNA,-0.18039096891880035
DNAH5_RNA,-0.1804327666759491
MIB1_RNA,-0.18046224117279053
ADCY8_RNA,-0.1806129813194275
KLC3_RNA,-0.1806548535823822
SRRM2_RNA,-0.18070439994335175
AHCYL2_RNA,-0.1807056963443756
CDKN2B_RNA,-0.18080325424671173
ZNF385D_RNA,-0.18081073462963104
SLC23A1_RNA,-0.18095345795154572
KIF5B_RNA,-0.180961474776268
ZBTB16_RNA,-0.18104735016822815
TP53BP2_RNA,-0.18117636442184448
GALR1_RNA,-0.18123885989189148
ZNF23_RNA,-0.1812456250190735
ZDHHC19_RNA,-0.18138651549816132
STAC2_RNA,-0.18142008781433105
PLCE1_RNA,-0.18161121010780334
DHCR24_RNA,-0.18161654472351074
TDH_RNA,-0.1816541999578476
KLHL33_RNA,-0.18179476261138916
LRRC66_RNA,-0.18179619312286377
MZF1_RNA,-0.1818041205406189
SLC25A18_RNA,-0.18186114728450775
VCPIP1_RNA,-0.18195319175720215
RPP21_RNA,-0.1821507215499878
WNT4_RNA,-0.18216755986213684
F11_RNA,-0.1822485625743866
SARM1_RNA,-0.18228909373283386
CHKA_RNA,-0.18229685723781586
NACAD_RNA,-0.18232384324073792
PCP2_RNA,-0.18236680328845978
BRS3_RNA,-0.18240177631378174
GUF1_RNA,-0.18240925669670105
GDF6_RNA,-0.18253473937511444
GRM8_RNA,-0.1825905293226242
PTH1R_RNA,-0.1825992316007614
CLDN20_RNA,-0.18265092372894287
NT5C2_RNA,-0.18272317945957184
GBA2_RNA,-0.18273474276065826
TOMM5_RNA,-0.18303294479846954
TRPC1_RNA,-0.18307289481163025
UPK3B_RNA,-0.18312732875347137
C19orf18_RNA,-0.18313546478748322
PBRM1_RNA,-0.1832355260848999
USP45_RNA,-0.18323853611946106
SEMA3C_RNA,-0.1832936853170395
ACSBG2_RNA,-0.18329699337482452
SNORD114-20_RNA,-0.18330241739749908
MLLT10_RNA,-0.18343229591846466
KCNMB3_RNA,-0.1834706813097
PFKP_RNA,-0.18347316980361938
MEP1B_RNA,-0.1836758553981781
SLC35E3_RNA,-0.18371827900409698
ZBTB7A_RNA,-0.1837318241596222
OCLN_RNA,-0.18379490077495575
RAPGEF6_RNA,-0.18383188545703888
MUTYH_RNA,-0.18384653329849243
CYP4F12_RNA,-0.18385277688503265
EPN2_RNA,-0.18400275707244873
ZNF326_RNA,-0.18401791155338287
PRDM7_RNA,-0.18414796888828278
LOC728743_RNA,-0.18417251110076904
TACR2_RNA,-0.1841968148946762
GK5_RNA,-0.18426164984703064
MORN4_RNA,-0.1842752993106842
GLTPD2_RNA,-0.1842794120311737
NEUROD1_RNA,-0.1844068020582199
TRAK1_RNA,-0.1844068467617035
TRIM44_RNA,-0.18465660512447357
INSR_RNA,-0.1846582591533661
DNAJC5_RNA,-0.18466629087924957
EPC1_RNA,-0.18486040830612183
SNORD114-7_RNA,-0.1848612129688263
TRHR_RNA,-0.18491381406784058
FER_RNA,-0.18492397665977478
UNC5CL_RNA,-0.1849406659603119
TMEM139_RNA,-0.18496552109718323
SGCA_RNA,-0.18506072461605072
CLIP3_RNA,-0.18507789075374603
LRRC37B_RNA,-0.18509037792682648
GATAD2B_RNA,-0.18513064086437225
INE1_RNA,-0.18515945971012115
DMRT3_RNA,-0.18517908453941345
MAPRE2_RNA,-0.18526509404182434
C2orf72_RNA,-0.18530352413654327
PCDHGA9_RNA,-0.1853743940591812
ACTR3B_RNA,-0.18542584776878357
MYB_RNA,-0.18550927937030792
TAS2R50_RNA,-0.18554744124412537
GNG2_RNA,-0.18559357523918152
GBX1_RNA,-0.18561016023159027
CFP_RNA,-0.18566405773162842
MYO6_RNA,-0.18570607900619507
CCDC30_RNA,-0.18571342527866364
DDX4_RNA,-0.18574422597885132
FBXO25_RNA,-0.18582972884178162
RNF125_RNA,-0.18597835302352905
CREBZF_RNA,-0.1861913949251175
ZNF257_RNA,-0.18621926009655
NR1H4_RNA,-0.18629828095436096
ZNF556_RNA,-0.1864728331565857
DNM1L_RNA,-0.18673698604106903
INHBC_RNA,-0.18675941228866577
CNTF_RNA,-0.18684238195419312
MYH16_RNA,-0.1868765503168106
ATP6V1C1_RNA,-0.1868954300880432
P2RY2_RNA,-0.1869741976261139
ZNF276_RNA,-0.18709290027618408
ADAMTSL3_RNA,-0.18716637790203094
CAPN14_RNA,-0.1871805042028427
ZNF611_RNA,-0.18721573054790497
ZNF648_RNA,-0.1872422993183136
FN3K_RNA,-0.18724733591079712
MSX2_RNA,-0.18735244870185852
DGKZ_RNA,-0.18739911913871765
ZNF43_RNA,-0.1877150535583496
CRELD1_RNA,-0.18773964047431946
C17orf50_RNA,-0.18785306811332703
SIK2_RNA,-0.18787433207035065
JAK2_RNA,-0.1879713088274002
ACTN3_RNA,-0.18798860907554626
MIR181B2_RNA,-0.18802820146083832
CDKL1_RNA,-0.1882323920726776
PSG9_RNA,-0.18824493885040283
CDS2_RNA,-0.18824903666973114
FMR1_RNA,-0.18860161304473877
UBE2O_RNA,-0.18862393498420715
CEP350_RNA,-0.18864242732524872
CAB39L_RNA,-0.1887802630662918
SOS1_RNA,-0.1888638585805893
NAA16_RNA,-0.18894518911838531
DHTKD1_RNA,-0.18895576894283295
AGAP3_RNA,-0.18901292979717255
C18orf32_RNA,-0.18902325630187988
TCP10L_RNA,-0.1890290528535843
TM4SF20_RNA,-0.1890813112258911
CAMSAP1_RNA,-0.18919429183006287
DSEL_RNA,-0.1893223375082016
WNT1_RNA,-0.18935252726078033
FAM180B_RNA,-0.18941380083560944
ZNF682_RNA,-0.18946397304534912
MIR99A_RNA,-0.18947260081768036
RTEL1_RNA,-0.18953096866607666
DOCK4_RNA,-0.18959541618824005
BOLL_RNA,-0.1896791160106659
NIPBL_RNA,-0.18969975411891937
CCDC6_RNA,-0.18982350826263428
AIPL1_RNA,-0.18990063667297363
FGF5_RNA,-0.18997524678707123
PAX2_RNA,-0.19010157883167267
CCL28_RNA,-0.1902097761631012
SUMO4_RNA,-0.1902189999818802
TRIM3_RNA,-0.19026347994804382
C15orf61_RNA,-0.1903250515460968
LYG2_RNA,-0.19038966298103333
UBXN7_RNA,-0.19065497815608978
ZNF273_RNA,-0.19084136188030243
SLK_RNA,-0.19089365005493164
PKD2L2_RNA,-0.19106784462928772
FAM168B_RNA,-0.19116716086864471
MIR570_RNA,-0.19122335314750671
ZNF107_RNA,-0.19126510620117188
MACF1_RNA,-0.1913004368543625
ZNF236_RNA,-0.19139955937862396
SLC9A7_RNA,-0.19147884845733643
ANKAR_RNA,-0.191506490111351
CABP7_RNA,-0.19167429208755493
RHOBTB2_RNA,-0.1919044554233551
PCA3_RNA,-0.191930890083313
CYP3A4_RNA,-0.19196441769599915
EPHB2_RNA,-0.19214844703674316
CYP26C1_RNA,-0.19215933978557587
JAKMIP2_RNA,-0.1922014206647873
PID1_RNA,-0.19224417209625244
ARHGAP26_RNA,-0.19229021668434143
ASH1L_RNA,-0.19236794114112854
MAP3K5_RNA,-0.1923820525407791
MYCNOS_RNA,-0.19242610037326813
TCF15_RNA,-0.19246013462543488
CARD14_RNA,-0.1924656480550766
LOC100192426_RNA,-0.19250257313251495
BMPR2_RNA,-0.19255046546459198
MEIS2_RNA,-0.19257910549640656
OR2AG1_RNA,-0.19265468418598175
HBQ1_RNA,-0.1926819533109665
FZD3_RNA,-0.1928519308567047
TTLL3_RNA,-0.19286534190177917
ARHGEF12_RNA,-0.19287586212158203
PRELP_RNA,-0.19288592040538788
GPT2_RNA,-0.19293221831321716
USP47_RNA,-0.19296324253082275
TJP1_RNA,-0.19308176636695862
ZNF81_RNA,-0.19311369955539703
AGL_RNA,-0.19320890307426453
SYT11_RNA,-0.19321534037590027
ASAH2B_RNA,-0.1932285726070404
LCORL_RNA,-0.19326259195804596
SNORD113-1_RNA,-0.19328628480434418
CNGB3_RNA,-0.19343863427639008
KLHL15_RNA,-0.19344772398471832
SUPT3H_RNA,-0.1935739815235138
WIPF3_RNA,-0.19362826645374298
CYP11A1_RNA,-0.19364406168460846
NTN3_RNA,-0.19365067780017853
AQP8_RNA,-0.19368788599967957
TYR_RNA,-0.193705216050148
RORA_RNA,-0.19376246631145477
CCND2_RNA,-0.19379699230194092
TTC33_RNA,-0.19380316138267517
PGAP1_RNA,-0.19388870894908905
BMPR1B_RNA,-0.19399771094322205
MBD5_RNA,-0.1939980685710907
AMN1_RNA,-0.19401580095291138
PCDHGA1_RNA,-0.194139763712883
CCDC17_RNA,-0.19422324001789093
YPEL2_RNA,-0.1942516416311264
ANLN_RNA,-0.19433030486106873
RNF175_RNA,-0.1944722831249237
TEDDM1_RNA,-0.19455556571483612
ZNF229_RNA,-0.19496209919452667
PADI2_RNA,-0.1949789673089981
FER1L6_RNA,-0.19502486288547516
YLPM1_RNA,-0.19505928456783295
ODF2L_RNA,-0.1951611489057541
PDS5B_RNA,-0.19534088671207428
PDE6C_RNA,-0.195399671792984
TMC7_RNA,-0.19541314244270325
HECTD1_RNA,-0.19541604816913605
MTX3_RNA,-0.19542860984802246
COL20A1_RNA,-0.19562624394893646
MMP15_RNA,-0.19564756751060486
SCARNA5_RNA,-0.19564923644065857
CMIP_RNA,-0.19567447900772095
QKI_RNA,-0.1958041787147522
TTLL9_RNA,-0.19581544399261475
ZNF253_RNA,-0.1958695650100708
JRK_RNA,-0.19607707858085632
SERINC1_RNA,-0.19612039625644684
IQCJ_RNA,-0.19613836705684662
POGZ_RNA,-0.19625064730644226
NHS_RNA,-0.19638197124004364
SLC2A4_RNA,-0.19656424224376678
ZIC4_RNA,-0.19661524891853333
RADIL_RNA,-0.19663719832897186
ATP10A_RNA,-0.19673268496990204
ZNF546_RNA,-0.19673675298690796
IDI2_RNA,-0.19676445424556732
TRIM66_RNA,-0.19687476754188538
LIN28B_RNA,-0.19690774381160736
CYLD_RNA,-0.1969369351863861
WNT8B_RNA,-0.19699327647686005
CRABP1_RNA,-0.1970025897026062
INSL6_RNA,-0.19712762534618378
GNPTAB_RNA,-0.19724494218826294
ZNF571_RNA,-0.19731420278549194
TCP11L1_RNA,-0.1973259001970291
KLK4_RNA,-0.19735087454319
GLIPR1L1_RNA,-0.1975422203540802
KCNK10_RNA,-0.1975802779197693
HTT_RNA,-0.19759169220924377
MON2_RNA,-0.19759345054626465
MAP2K4_RNA,-0.197726309299469
ITPKA_RNA,-0.19773057103157043
DSC3_RNA,-0.19784732162952423
WAC_RNA,-0.19787727296352386
BARX2_RNA,-0.197993665933609
ASB14_RNA,-0.19808806478977203
SLC6A2_RNA,-0.19813238084316254
IGLON5_RNA,-0.19815810024738312
ZNF606_RNA,-0.19818098843097687
TSC22D2_RNA,-0.19842961430549622
GDF9_RNA,-0.1984715461730957
SPATA2_RNA,-0.19852863252162933
BDH1_RNA,-0.19857287406921387
TSIX_RNA,-0.1987665891647339
TBC1D9_RNA,-0.19883473217487335
NISCH_RNA,-0.19883689284324646
HMGCR_RNA,-0.19883888959884644
DTNA_RNA,-0.19897107779979706
DTX3_RNA,-0.1990329623222351
FEM1A_RNA,-0.19906702637672424
NOX3_RNA,-0.1993056982755661
CUL9_RNA,-0.199372798204422
OR52W1_RNA,-0.19939224421977997
EXOSC6_RNA,-0.19939954578876495
NBPF1_RNA,-0.19943836331367493
ZNF585A_RNA,-0.19944283366203308
NMUR2_RNA,-0.19947384297847748
PTPRO_RNA,-0.19965234398841858
HIF3A_RNA,-0.19967176020145416
C12orf42_RNA,-0.1996869444847107
SH2D4B_RNA,-0.19971206784248352
G6PC2_RNA,-0.1999104768037796
UNKL_RNA,-0.199914813041687
PDZD2_RNA,-0.19998718798160553
HINT2_RNA,-0.20001353323459625
C1orf21_RNA,-0.20011036098003387
GBF1_RNA,-0.20011655986309052
ADAMTS17_RNA,-0.20012661814689636
SP7_RNA,-0.20018284022808075
OR6A2_RNA,-0.20023001730442047
MORC1_RNA,-0.20027482509613037
SPDEF_RNA,-0.2003747522830963
FOXQ1_RNA,-0.20044377446174622
ART4_RNA,-0.20048362016677856
SNX31_RNA,-0.20052239298820496
SLC5A8_RNA,-0.20055824518203735
SAMD8_RNA,-0.2006407529115677
HYAL1_RNA,-0.20065204799175262
R3HDM2_RNA,-0.20074507594108582
GC_RNA,-0.20081526041030884
TSNARE1_RNA,-0.20102465152740479
MIR628_RNA,-0.20105233788490295
HES6_RNA,-0.2011345624923706
DYRK1A_RNA,-0.20122118294239044
C2CD4D_RNA,-0.20125320553779602
NKX2-2_RNA,-0.20147040486335754
UPK1B_RNA,-0.20154748857021332
GPHN_RNA,-0.20158426463603973
ZNF750_RNA,-0.2016325145959854
PAFAH1B1_RNA,-0.20164252817630768
LHFPL3_RNA,-0.20172199606895447
SENP7_RNA,-0.20182253420352936
PRNP_RNA,-0.2018919438123703
ZDHHC2_RNA,-0.20192183554172516
POU4F2_RNA,-0.20222017168998718
CYP27B1_RNA,-0.20224079489707947
CCDC116_RNA,-0.2022966891527176
C11orf71_RNA,-0.20235474407672882
SHROOM4_RNA,-0.20238013565540314
C1orf50_RNA,-0.20239010453224182
LRRN4_RNA,-0.20240160822868347
GGTA1_RNA,-0.20246998965740204
RGPD3_RNA,-0.20264458656311035
PRTG_RNA,-0.20270733535289764
GCM2_RNA,-0.20283640921115875
FADS2_RNA,-0.20295822620391846
RAD51AP2_RNA,-0.20297837257385254
TMEM200C_RNA,-0.2029942274093628
MYO3A_RNA,-0.20306535065174103
P2RY14_RNA,-0.20312824845314026
FBXO30_RNA,-0.20316141843795776
ZNF510_RNA,-0.20319348573684692
SSTR5_RNA,-0.2032443732023239
HERC3_RNA,-0.20325393974781036
TBCE_RNA,-0.20335251092910767
OPA1_RNA,-0.20337015390396118
DMBT1_RNA,-0.20340700447559357
LY6D_RNA,-0.2034197896718979
PLA1A_RNA,-0.2034205049276352
VPS53_RNA,-0.20347024500370026
NFIX_RNA,-0.20347122848033905
HYDIN_RNA,-0.20351701974868774
HDHD2_RNA,-0.2035312056541443
APBB3_RNA,-0.20354415476322174
GSK3B_RNA,-0.20364035665988922
AP1G2_RNA,-0.20368915796279907
CACHD1_RNA,-0.2037166953086853
ZNF529_RNA,-0.20378437638282776
RBM24_RNA,-0.20378823578357697
NPSR1_RNA,-0.20384450256824493
ZNF554_RNA,-0.20388272404670715
RBM12B_RNA,-0.20388875901699066
TSPO2_RNA,-0.2038993090391159
OR52K1_RNA,-0.2039058804512024
PDE4D_RNA,-0.20396630465984344
FAM149A_RNA,-0.20401762425899506
MIR578_RNA,-0.20406362414360046
CHP2_RNA,-0.20411428809165955
SBNO1_RNA,-0.20411550998687744
SEMA4G_RNA,-0.20412173867225647
BBS1_RNA,-0.2042502462863922
MYOM2_RNA,-0.20425713062286377
LRRC4B_RNA,-0.20426759123802185
RNF212_RNA,-0.20437027513980865
RGN_RNA,-0.20437873899936676
CASK_RNA,-0.20440849661827087
KLHL2_RNA,-0.20457050204277039
ZNRF3_RNA,-0.20488674938678741
ANKS4B_RNA,-0.20491880178451538
CKLF_RNA,-0.20492728054523468
SPNS2_RNA,-0.20493441820144653
IQUB_RNA,-0.20495928823947906
KLHL31_RNA,-0.20505547523498535
EGR3_RNA,-0.2051297426223755
DIP2A_RNA,-0.20523449778556824
SNRPN_RNA,-0.20527489483356476
C4orf19_RNA,-0.20532508194446564
MAGEL2_RNA,-0.20538148283958435
ADORA2A_RNA,-0.2053948938846588
SLC45A4_RNA,-0.20543456077575684
ZNF214_RNA,-0.205518439412117
MDM4_RNA,-0.2055724412202835
JMJD7_RNA,-0.2056114226579666
ZYG11B_RNA,-0.205630823969841
LRTM1_RNA,-0.2056485116481781
AMOTL2_RNA,-0.2056894451379776
RNF157_RNA,-0.20572154223918915
SRGAP1_RNA,-0.20599210262298584
TBC1D4_RNA,-0.20604190230369568
ATRX_RNA,-0.20629313588142395
TTC14_RNA,-0.20647135376930237
HMSD_RNA,-0.20649531483650208
SEMA6C_RNA,-0.20657162368297577
C1QTNF7_RNA,-0.2066309005022049
APOBEC2_RNA,-0.20668356120586395
PCDHGC5_RNA,-0.20683059096336365
SALL2_RNA,-0.20689953863620758
LRIG2_RNA,-0.20700441300868988
PPP3R2_RNA,-0.20701996982097626
ESRP2_RNA,-0.2070569396018982
ENPP6_RNA,-0.20711085200309753
FBLN2_RNA,-0.20741026103496552
RAET1G_RNA,-0.20765332877635956
ASAH2_RNA,-0.2077063024044037
FAM151A_RNA,-0.20783840119838715
ANKRD9_RNA,-0.20785878598690033
TXNDC16_RNA,-0.2078932523727417
FSHR_RNA,-0.20794782042503357
PCDHGB3_RNA,-0.20795665681362152
POLN_RNA,-0.20802341401576996
CBFA2T2_RNA,-0.2081577330827713
CENPJ_RNA,-0.20818839967250824
CHD2_RNA,-0.2083728313446045
TSGA10_RNA,-0.2085445374250412
HSF4_RNA,-0.20879071950912476
SCAMP1_RNA,-0.20886892080307007
ADRB2_RNA,-0.2088826447725296
NR1I3_RNA,-0.20888711512088776
ZFC3H1_RNA,-0.20889201760292053
BMI1_RNA,-0.20889592170715332
KL_RNA,-0.20890262722969055
ICA1_RNA,-0.20892775058746338
KRT19_RNA,-0.2090858817100525
DZIP1_RNA,-0.20911838114261627
PRRT3_RNA,-0.20915229618549347
MAP6_RNA,-0.2091844379901886
UBR3_RNA,-0.20929154753684998
ANGPTL7_RNA,-0.20943301916122437
ZNF397_RNA,-0.20948806405067444
EML6_RNA,-0.20953649282455444
KLHDC1_RNA,-0.20957404375076294
ZNF547_RNA,-0.20957620441913605
TACR1_RNA,-0.20983919501304626
IQSEC2_RNA,-0.20988032221794128
RFTN2_RNA,-0.20990712940692902
CELA2A_RNA,-0.2099158763885498
ANKRD46_RNA,-0.20995429158210754
KRT81_RNA,-0.20996400713920593
NSD1_RNA,-0.2100139856338501
CA14_RNA,-0.21006633341312408
PAQR4_RNA,-0.2101254165172577
C10orf105_RNA,-0.21012668311595917
TMEM213_RNA,-0.21013233065605164
MEX3B_RNA,-0.21046540141105652
SEMA5B_RNA,-0.21047751605510712
RASGRP3_RNA,-0.21052834391593933
MYOCD_RNA,-0.21053160727024078
MSH4_RNA,-0.21056610345840454
XPO4_RNA,-0.21068818867206573
WNT9B_RNA,-0.2108454555273056
NETO2_RNA,-0.21087457239627838
MID2_RNA,-0.21089498698711395
NPAS3_RNA,-0.2109212875366211
PREX2_RNA,-0.21096880733966827
SV2A_RNA,-0.211007758975029
SLC26A5_RNA,-0.21105754375457764
PATE4_RNA,-0.2110813707113266
NCOA2_RNA,-0.21121437847614288
DDX53_RNA,-0.2112341821193695
GABARAPL3_RNA,-0.2112407237291336
SPATA21_RNA,-0.21128161251544952
ZNF782_RNA,-0.2114829272031784
ARX_RNA,-0.21152901649475098
CHST5_RNA,-0.21159280836582184
TMEM38A_RNA,-0.21173982322216034
STRN_RNA,-0.21175961196422577
PIP4K2B_RNA,-0.21178007125854492
ARHGEF10_RNA,-0.21179348230361938
BCOR_RNA,-0.2118435651063919
VEPH1_RNA,-0.21195979416370392
CDRT4_RNA,-0.2119746208190918
USP27X_RNA,-0.2119842767715454
SH3GLB2_RNA,-0.21202456951141357
HHLA2_RNA,-0.21209226548671722
PCDHGA8_RNA,-0.21215620636940002
HOMER2_RNA,-0.21220219135284424
VPS13C_RNA,-0.2122955471277237
P2RX6_RNA,-0.21245168149471283
MST1_RNA,-0.21249982714653015
CYP4F3_RNA,-0.2125253975391388
ALX4_RNA,-0.21252959966659546
KNG1_RNA,-0.21253979206085205
MAPRE3_RNA,-0.2125667929649353
OR13J1_RNA,-0.21289344131946564
TAF4B_RNA,-0.21290315687656403
GRIPAP1_RNA,-0.2129095047712326
BRWD3_RNA,-0.21292820572853088
ADAMTS13_RNA,-0.21309465169906616
EBF3_RNA,-0.2131326049566269
TESK2_RNA,-0.2131453901529312
GOLGB1_RNA,-0.21317622065544128
ZNF638_RNA,-0.2131841629743576
ZNF169_RNA,-0.21321514248847961
EPHA4_RNA,-0.21322451531887054
RFX7_RNA,-0.21340824663639069
KCTD1_RNA,-0.21344025433063507
RASL11B_RNA,-0.21344055235385895
POU3F4_RNA,-0.21360500156879425
TTLL11_RNA,-0.213659405708313
ST3GAL3_RNA,-0.2136775702238083
ARFGEF2_RNA,-0.21384088695049286
SGTB_RNA,-0.21393701434135437
ZNF573_RNA,-0.21394790709018707
ID4_RNA,-0.21395114064216614
EVL_RNA,-0.2139774113893509
THAP9_RNA,-0.2141069620847702
HECA_RNA,-0.21451276540756226
TRIM37_RNA,-0.2145233452320099
DPYSL5_RNA,-0.21454904973506927
BIRC6_RNA,-0.21455009281635284
EDNRB_RNA,-0.2145746499300003
VILL_RNA,-0.2146410197019577
FOXN3_RNA,-0.214717835187912
TBX5_RNA,-0.21474792063236237
CCDC62_RNA,-0.2147834151983261
ZNF770_RNA,-0.21487079560756683
SHF_RNA,-0.2150059938430786
REM2_RNA,-0.21503104269504547
ZNF609_RNA,-0.2150750756263733
ZFYVE28_RNA,-0.21514154970645905
RB1CC1_RNA,-0.21515797078609467
LHX3_RNA,-0.21528978645801544
MIR647_RNA,-0.21543069183826447
PKLR_RNA,-0.2155744582414627
TSHZ1_RNA,-0.215579092502594
TSPAN8_RNA,-0.2156154215335846
TAS2R19_RNA,-0.2156694531440735
OR3A2_RNA,-0.2156885862350464
BAIAP2L2_RNA,-0.21570272743701935
MYBL1_RNA,-0.21578720211982727
FLJ42393_RNA,-0.21584434807300568
SLC22A12_RNA,-0.21595139801502228
NAA30_RNA,-0.21596939861774445
MGA_RNA,-0.21600759029388428
FGF8_RNA,-0.21618029475212097
RELL2_RNA,-0.21626067161560059
ANKRD50_RNA,-0.2162887006998062
PCSK9_RNA,-0.21673285961151123
ANKRD23_RNA,-0.21684810519218445
GIGYF1_RNA,-0.21710023283958435
MAPK4_RNA,-0.21712654829025269
NKX6-3_RNA,-0.21722888946533203
CEP250_RNA,-0.21723739802837372
DCAF4L1_RNA,-0.21727913618087769
ZNF417_RNA,-0.2173728197813034
LPGAT1_RNA,-0.21759872138500214
KCNMB4_RNA,-0.2176104635000229
MPL_RNA,-0.21765074133872986
SPRYD3_RNA,-0.21765795350074768
ADAMTS20_RNA,-0.2179044783115387
FRYL_RNA,-0.21792779862880707
SCML4_RNA,-0.21810634434223175
ACSM5_RNA,-0.2181222140789032
MYH10_RNA,-0.21835073828697205
USP24_RNA,-0.2184145301580429
NTSR1_RNA,-0.21844449639320374
ZNF780A_RNA,-0.21850058436393738
ST6GALNAC3_RNA,-0.21853762865066528
KCTD19_RNA,-0.21864695847034454
NAV1_RNA,-0.21866008639335632
MECP2_RNA,-0.21869315207004547
ALS2CL_RNA,-0.21887055039405823
EPPK1_RNA,-0.21896977722644806
KCNRG_RNA,-0.2189931422472
ELMO3_RNA,-0.2190226912498474
CNP_RNA,-0.21909134089946747
HINT3_RNA,-0.21915659308433533
ZNF491_RNA,-0.21918338537216187
R3HDM1_RNA,-0.21918722987174988
RC3H2_RNA,-0.21921086311340332
EPB41L4A_RNA,-0.21927087008953094
PDE1C_RNA,-0.21928057074546814
SERPINI2_RNA,-0.2193557769060135
RGPD8_RNA,-0.21939921379089355
DAB2IP_RNA,-0.2194093018770218
NHLRC2_RNA,-0.219456747174263
FGF14_RNA,-0.21946606040000916
EHF_RNA,-0.21956706047058105
MPHOSPH8_RNA,-0.21957987546920776
FXYD6_RNA,-0.21969738602638245
CHD9_RNA,-0.21971389651298523
SLC6A4_RNA,-0.21974240243434906
SH3PXD2A_RNA,-0.21986305713653564
MPO_RNA,-0.21993021667003632
CLOCK_RNA,-0.21998338401317596
LUC7L3_RNA,-0.21998471021652222
UBR4_RNA,-0.22005519270896912
FAM181B_RNA,-0.2200648933649063
DDHD2_RNA,-0.22023102641105652
ZNF814_RNA,-0.2202773243188858
MXI1_RNA,-0.2203092724084854
ASPRV1_RNA,-0.220322847366333
FOXN4_RNA,-0.22032326459884644
GRIK3_RNA,-0.22039970755577087
HLTF_RNA,-0.2205434888601303
SOX4_RNA,-0.22067664563655853
TAS2R46_RNA,-0.22070111334323883
QRFPR_RNA,-0.22081203758716583
AKR7A3_RNA,-0.2208508998155594
CX3CR1_RNA,-0.22107656300067902
ITIH4_RNA,-0.22111466526985168
LYRM7_RNA,-0.22120381891727448
ZFYVE16_RNA,-0.2212481051683426
ARID1B_RNA,-0.22143016755580902
PRSS35_RNA,-0.2214304655790329
PRDM2_RNA,-0.22148407995700836
ZDBF2_RNA,-0.221490278840065
GCC2_RNA,-0.22159060835838318
HSPA4L_RNA,-0.22168417274951935
FMN2_RNA,-0.2218220829963684
ZFP62_RNA,-0.22183017432689667
TRIP11_RNA,-0.22208550572395325
MPRIP_RNA,-0.22216321527957916
TMTC2_RNA,-0.22231163084506989
ATP6V1A_RNA,-0.22239738702774048
GLDN_RNA,-0.2224116176366806
CDK19_RNA,-0.2224290668964386
ACOT4_RNA,-0.2225334644317627
ZEB2_RNA,-0.22265954315662384
BLID_RNA,-0.22273968160152435
CASQ1_RNA,-0.222787544131279
SPAG9_RNA,-0.22289316356182098
TMPRSS5_RNA,-0.22291837632656097
HDAC4_RNA,-0.22299876809120178
FABP3_RNA,-0.2230623960494995
ABCG2_RNA,-0.22307166457176208
ZNF441_RNA,-0.2230841964483261
RS1_RNA,-0.22311721742153168
RGPD4_RNA,-0.22312404215335846
PITPNM2_RNA,-0.2231295257806778
SNX29_RNA,-0.2231525331735611
KLHL24_RNA,-0.22322995960712433
PIKFYVE_RNA,-0.22346079349517822
ACOT11_RNA,-0.2235041856765747
CCDC73_RNA,-0.2235182374715805
TRIM23_RNA,-0.2235221266746521
IL1RAPL2_RNA,-0.2235587239265442
MUC16_RNA,-0.22375833988189697
KLC2_RNA,-0.22383034229278564
PBLD_RNA,-0.22394722700119019
HCG18_RNA,-0.22396521270275116
ANTXRL_RNA,-0.22396771609783173
ZBTB44_RNA,-0.22403928637504578
TOX_RNA,-0.2240910530090332
NCOA1_RNA,-0.224135622382164
BMPER_RNA,-0.2241639941930771
ADCYAP1_RNA,-0.2242763340473175
C2orf80_RNA,-0.2242792844772339
STRADA_RNA,-0.22438718378543854
ZNF678_RNA,-0.22457093000411987
SMAD9_RNA,-0.22458425164222717
CYP17A1_RNA,-0.22459329664707184
LSR_RNA,-0.2246101200580597
TTC23L_RNA,-0.2246386557817459
TRIM7_RNA,-0.22468389570713043
SLC38A3_RNA,-0.22470960021018982
COL17A1_RNA,-0.2247607409954071
LHX5_RNA,-0.22477152943611145
ABR_RNA,-0.22482065856456757
RERG_RNA,-0.22495955228805542
SETBP1_RNA,-0.22497843205928802
HUWE1_RNA,-0.22503019869327545
SNORD17_RNA,-0.22514380514621735
TMEM47_RNA,-0.22527439892292023
RAB15_RNA,-0.2253170907497406
SYNM_RNA,-0.22540752589702606
MUC4_RNA,-0.2254553735256195
C2CD2L_RNA,-0.22563886642456055
MIRLET7C_RNA,-0.22565940022468567
DDHD1_RNA,-0.22570185363292694
ZNF354C_RNA,-0.22584962844848633
TLX1_RNA,-0.2259116768836975
LGI2_RNA,-0.22631977498531342
DLK2_RNA,-0.22636619210243225
ANKRD6_RNA,-0.2264208346605301
DNAH12_RNA,-0.22642892599105835
PTPRM_RNA,-0.226431742310524
MED13L_RNA,-0.22663304209709167
YOD1_RNA,-0.22666998207569122
PAWR_RNA,-0.22667841613292694
IGF1R_RNA,-0.2266838699579239
PTGR2_RNA,-0.2267570197582245
ST8SIA5_RNA,-0.22684919834136963
NLK_RNA,-0.22688999772071838
SLC5A4_RNA,-0.22694839537143707
UPB1_RNA,-0.22717618942260742
KCP_RNA,-0.22723662853240967
MYSM1_RNA,-0.22727176547050476
EGFL8_RNA,-0.22729991376399994
CLCNKA_RNA,-0.22757667303085327
MAPK9_RNA,-0.22773995995521545
PTPRN2_RNA,-0.22779108583927155
PTK6_RNA,-0.228023961186409
NANOS1_RNA,-0.2280614674091339
ELMO1_RNA,-0.22806315124034882
TIAM1_RNA,-0.2280939221382141
SGCG_RNA,-0.22824199497699738
BTAF1_RNA,-0.22824203968048096
IKZF2_RNA,-0.2282724678516388
ZNF697_RNA,-0.22850681841373444
PABPN1_RNA,-0.2285233736038208
CASP8AP2_RNA,-0.2285502403974533
DCLK1_RNA,-0.2285672277212143
DYDC2_RNA,-0.22862686216831207
TTC36_RNA,-0.22863051295280457
CBLN4_RNA,-0.2286522388458252
FGD4_RNA,-0.22871246933937073
MAP9_RNA,-0.22878685593605042
PRKCA_RNA,-0.2288297563791275
PON3_RNA,-0.22885528206825256
BPTF_RNA,-0.22892779111862183
ATAD5_RNA,-0.2289828211069107
NPBWR2_RNA,-0.2289830595254898
EDAR_RNA,-0.2290424108505249
TTLL2_RNA,-0.229136124253273
STAMBPL1_RNA,-0.22916929423809052
SLC12A1_RNA,-0.22919628024101257
NLGN1_RNA,-0.22942842543125153
ZNF589_RNA,-0.22952599823474884
DNAI1_RNA,-0.2296479344367981
SNORD94_RNA,-0.22966516017913818
DNASE1L2_RNA,-0.22967272996902466
RHPN1_RNA,-0.22972209751605988
CMTM5_RNA,-0.22976258397102356
PDXP_RNA,-0.2298002690076828
ACR_RNA,-0.22981204092502594
C1orf141_RNA,-0.22983665764331818
OR10AD1_RNA,-0.22983694076538086
SLC26A4_RNA,-0.2299029678106308
GPR182_RNA,-0.22992031276226044
TRAPPC10_RNA,-0.22996319830417633
HSDL1_RNA,-0.22996965050697327
CHRD_RNA,-0.22999140620231628
SYDE2_RNA,-0.23000095784664154
FAM135A_RNA,-0.2300085723400116
SHISA2_RNA,-0.2300286889076233
SPTBN1_RNA,-0.2300959825515747
QRICH2_RNA,-0.23010984063148499
TAOK1_RNA,-0.23018907010555267
GEN1_RNA,-0.2302023023366928
B3GALT1_RNA,-0.23030100762844086
VWA3A_RNA,-0.2303038239479065
NLRP14_RNA,-0.23032957315444946
USP12_RNA,-0.230447456240654
HTR1F_RNA,-0.23050540685653687
ZC3H13_RNA,-0.2305496782064438
SYS1-DBNDD2_RNA,-0.2305944859981537
PZP_RNA,-0.2307196408510208
ARGLU1_RNA,-0.23092436790466309
SH3RF2_RNA,-0.2311859130859375
ARHGEF11_RNA,-0.23121505975723267
CDC42BPA_RNA,-0.23128807544708252
FAM163A_RNA,-0.23132717609405518
FAM168A_RNA,-0.23138731718063354
USHBP1_RNA,-0.23152950406074524
IL34_RNA,-0.23159977793693542
TMC5_RNA,-0.23163838684558868
TAS2R8_RNA,-0.2316867709159851
RET_RNA,-0.23171359300613403
BCL2L15_RNA,-0.23174786567687988
IGSF22_RNA,-0.23176860809326172
BCAS4_RNA,-0.23182007670402527
GRHL2_RNA,-0.2320244163274765
CASD1_RNA,-0.2321222573518753
BCL2L14_RNA,-0.23218677937984467
COL4A5_RNA,-0.23231300711631775
ABCC9_RNA,-0.23236051201820374
C1orf198_RNA,-0.23244546353816986
STRBP_RNA,-0.23252034187316895
PNPLA7_RNA,-0.23270811140537262
COLQ_RNA,-0.23271135985851288
DET1_RNA,-0.2327580600976944
GUCA1B_RNA,-0.2328011840581894
NKAPL_RNA,-0.23291020095348358
EPM2AIP1_RNA,-0.2329123616218567
SPINK7_RNA,-0.23308810591697693
ZEB1_RNA,-0.23310458660125732
TCF20_RNA,-0.23323185741901398
ZNF337_RNA,-0.23332960903644562
ZHX3_RNA,-0.23339532315731049
KIF13A_RNA,-0.23340611159801483
HCG22_RNA,-0.23347841203212738
FARP1_RNA,-0.2335435152053833
FOXP1_RNA,-0.23355421423912048
PRSS12_RNA,-0.23356957733631134
RALGPS2_RNA,-0.23380348086357117
OGFOD2_RNA,-0.23380984365940094
SLC25A23_RNA,-0.23387552797794342
PRCD_RNA,-0.23401619493961334
SDK2_RNA,-0.2340230494737625
CEP290_RNA,-0.23405249416828156
MBTD1_RNA,-0.23408250510692596
ZMIZ1_RNA,-0.23412267863750458
ZNF454_RNA,-0.23421978950500488
PCSK1N_RNA,-0.23423530161380768
FMNL2_RNA,-0.2343284785747528
ACACA_RNA,-0.2343401312828064
FZD9_RNA,-0.23437145352363586
LRRIQ1_RNA,-0.23438183963298798
ZNF407_RNA,-0.23447668552398682
MTNR1A_RNA,-0.234495609998703
ATP2A1_RNA,-0.2344968169927597
CDC42BPB_RNA,-0.23457100987434387
DCAF16_RNA,-0.2347334772348404
FBXO27_RNA,-0.23477862775325775
CYP4B1_RNA,-0.2348569929599762
FLRT3_RNA,-0.2349095642566681
GLRB_RNA,-0.23493561148643494
ZNF460_RNA,-0.23494429886341095
CYP3A43_RNA,-0.23497602343559265
ZFP14_RNA,-0.23503057658672333
FNIP2_RNA,-0.23513630032539368
SLC1A7_RNA,-0.235136479139328
CDH23_RNA,-0.23517651855945587
ASB2_RNA,-0.23551258444786072
UCHL1_RNA,-0.23557049036026
PAX1_RNA,-0.23561620712280273
ACTC1_RNA,-0.23579466342926025
GALNT14_RNA,-0.23587797582149506
MTNR1B_RNA,-0.23602749407291412
TAS2R20_RNA,-0.23613756895065308
PRSS48_RNA,-0.23619917035102844
ZMYM2_RNA,-0.23623715341091156
RNF128_RNA,-0.2363511472940445
TMEM200A_RNA,-0.23636813461780548
SYNPO2L_RNA,-0.23636886477470398
MTAP_RNA,-0.23639757931232452
BCR_RNA,-0.23642410337924957
APLP1_RNA,-0.2364300787448883
COL9A2_RNA,-0.2364426851272583
CNST_RNA,-0.2365715354681015
RIF1_RNA,-0.23657269775867462
PCDHGA4_RNA,-0.236653670668602
SLC22A7_RNA,-0.23669284582138062
SIX6_RNA,-0.23676519095897675
KLF13_RNA,-0.2368614822626114
ALDH5A1_RNA,-0.23697787523269653
FMO2_RNA,-0.23699086904525757
PDE7B_RNA,-0.23700164258480072
PNMA2_RNA,-0.23722997307777405
DSTYK_RNA,-0.23728638887405396
DICER1_RNA,-0.23737125098705292
KCNG4_RNA,-0.23738466203212738
ALCAM_RNA,-0.23761321604251862
SP4_RNA,-0.2376779019832611
NMT2_RNA,-0.2377392202615738
FERMT1_RNA,-0.23793800175189972
LHPP_RNA,-0.23801761865615845
TTC21A_RNA,-0.2380998730659485
TRPV1_RNA,-0.238226056098938
PATE2_RNA,-0.23843391239643097
DIRAS1_RNA,-0.2386786937713623
DLX1_RNA,-0.23873233795166016
SCARA5_RNA,-0.2388477474451065
HOXD1_RNA,-0.23887485265731812
SLC48A1_RNA,-0.23889493942260742
ENO2_RNA,-0.23894314467906952
KLKB1_RNA,-0.23904556035995483
CDK5RAP3_RNA,-0.2391967624425888
KIF26B_RNA,-0.23930835723876953
SLC2A12_RNA,-0.23935823142528534
IGSF1_RNA,-0.2396460473537445
TMPPE_RNA,-0.2397056221961975
ARMC3_RNA,-0.23970825970172882
PKDREJ_RNA,-0.23979012668132782
FBN3_RNA,-0.24018505215644836
STARD4_RNA,-0.2403241991996765
GNG7_RNA,-0.24037188291549683
DCDC2B_RNA,-0.24059802293777466
C14orf180_RNA,-0.24061107635498047
TCF4_RNA,-0.24065940082073212
CNRIP1_RNA,-0.24080654978752136
ANKRD34B_RNA,-0.24091970920562744
C21orf91_RNA,-0.24096322059631348
WNK3_RNA,-0.24105067551136017
PBX1_RNA,-0.24105137586593628
MAPK15_RNA,-0.24110935628414154
ARHGEF7_RNA,-0.2411351054906845
TRIM36_RNA,-0.24118532240390778
AHI1_RNA,-0.241241917014122
ZNF445_RNA,-0.24145470559597015
CEP78_RNA,-0.24146725237369537
ZNF84_RNA,-0.2416926622390747
C2orf15_RNA,-0.24169525504112244
P2RY12_RNA,-0.2416982799768448
SNCAIP_RNA,-0.24171455204486847
NCALD_RNA,-0.24171757698059082
SARNP_RNA,-0.2417610138654709
KIAA0232_RNA,-0.2419048398733139
PDE8B_RNA,-0.24191880226135254
DKK3_RNA,-0.24197669327259064
TRIM33_RNA,-0.24203398823738098
MTSS1_RNA,-0.2421303540468216
KIAA1671_RNA,-0.24213843047618866
FAM13B_RNA,-0.2422804981470108
ZC4H2_RNA,-0.2424525022506714
NPHS1_RNA,-0.24255988001823425
FGF23_RNA,-0.24265383183956146
ZNF492_RNA,-0.2426615059375763
CADPS2_RNA,-0.24272291362285614
HMBOX1_RNA,-0.24278995394706726
RTN2_RNA,-0.24282792210578918
PCDHB11_RNA,-0.24294497072696686
ZNF157_RNA,-0.2431037724018097
P2RX5_RNA,-0.24333590269088745
EPB41_RNA,-0.24339790642261505
TMEFF1_RNA,-0.24382781982421875
SLC12A6_RNA,-0.2438642382621765
MRO_RNA,-0.24389158189296722
RBMS3_RNA,-0.24392057955265045
MTMR10_RNA,-0.24402184784412384
C17orf78_RNA,-0.2441549003124237
IRGQ_RNA,-0.24424941837787628
CHDH_RNA,-0.24428611993789673
POF1B_RNA,-0.24440717697143555
MED12L_RNA,-0.2445245236158371
PCDHGB1_RNA,-0.2445312738418579
MYH3_RNA,-0.2445649653673172
DLX2_RNA,-0.24474188685417175
VWA5B1_RNA,-0.24487072229385376
NOVA1_RNA,-0.2449004054069519
SPTBN5_RNA,-0.24497264623641968
MARK1_RNA,-0.24499239027500153
FBXL20_RNA,-0.24508628249168396
SLC26A9_RNA,-0.2451956868171692
UPF2_RNA,-0.24526777863502502
ZKSCAN2_RNA,-0.24530862271785736
KBTBD6_RNA,-0.24556651711463928
FGFBP3_RNA,-0.2456488460302353
IRX2_RNA,-0.2456604689359665
BACH2_RNA,-0.24570594727993011
GSX1_RNA,-0.24578984081745148
ZBBX_RNA,-0.24581177532672882
IL5_RNA,-0.2458864450454712
CCDC154_RNA,-0.2459922879934311
TPPP2_RNA,-0.24614381790161133
LNPEP_RNA,-0.24619510769844055
DIP2B_RNA,-0.2462274134159088
F5_RNA,-0.2465227246284485
ZNF732_RNA,-0.2465548813343048
RHBDL1_RNA,-0.2466113269329071
CAMTA2_RNA,-0.2466258406639099
S100A1_RNA,-0.24665376543998718
RXFP4_RNA,-0.2469729632139206
STH_RNA,-0.2471051663160324
OVGP1_RNA,-0.24711287021636963
ATF7IP_RNA,-0.24713383615016937
HPR_RNA,-0.24715453386306763
SNTA1_RNA,-0.24718475341796875
NAA11_RNA,-0.24722912907600403
RGS20_RNA,-0.24734638631343842
ZBTB32_RNA,-0.24739234149456024
OR1F1_RNA,-0.2474188208580017
PENK_RNA,-0.24743427336215973
SMARCA2_RNA,-0.24744808673858643
ANGPT4_RNA,-0.2475380003452301
TSSK3_RNA,-0.2475855052471161
PSIP1_RNA,-0.24764545261859894
CDKN2D_RNA,-0.24777929484844208
APOB_RNA,-0.24779850244522095
SIK3_RNA,-0.24786756932735443
DCHS2_RNA,-0.2479909062385559
PAX5_RNA,-0.24809283018112183
USH2A_RNA,-0.24810372292995453
ZFYVE9_RNA,-0.24815864861011505
DHPS_RNA,-0.24817512929439545
ADAM29_RNA,-0.24820846319198608
IGSF10_RNA,-0.24855002760887146
MAMDC4_RNA,-0.24857136607170105
ALMS1_RNA,-0.24866029620170593
PLAC8L1_RNA,-0.24874034523963928
MMP21_RNA,-0.24882522225379944
HPYR1_RNA,-0.2489043027162552
POU6F1_RNA,-0.24894893169403076
ABCC11_RNA,-0.24914492666721344
CNIH2_RNA,-0.24914826452732086
OVOL2_RNA,-0.24941137433052063
SNORA77_RNA,-0.2494148463010788
BEGAIN_RNA,-0.24950163066387177
SCNN1D_RNA,-0.2496509999036789
SLC28A2_RNA,-0.24966683983802795
DCT_RNA,-0.24972876906394958
MYO18B_RNA,-0.24981407821178436
NEK5_RNA,-0.2498379647731781
INPP4A_RNA,-0.2498469054698944
CBX6_RNA,-0.24985165894031525
JMJD1C_RNA,-0.24987205862998962
GJB3_RNA,-0.250017374753952
GLUD2_RNA,-0.25005003809928894
BEX4_RNA,-0.2501106858253479
TTYH2_RNA,-0.2501341998577118
CEP68_RNA,-0.25025683641433716
GPR37_RNA,-0.2503570318222046
KIF17_RNA,-0.2504274249076843
LPIN3_RNA,-0.2504984140396118
SYT6_RNA,-0.2505144774913788
LDHAL6A_RNA,-0.25058597326278687
RASAL2_RNA,-0.2506820559501648
CACNA1H_RNA,-0.250884085893631
ZNF793_RNA,-0.25110918283462524
WNT7A_RNA,-0.2512838542461395
MEGF9_RNA,-0.2512957751750946
ERCC6_RNA,-0.2513197362422943
NR2C2_RNA,-0.2513725161552429
LIFR_RNA,-0.251453697681427
MYLK4_RNA,-0.25147420167922974
ACADSB_RNA,-0.2515064775943756
MST1R_RNA,-0.25153473019599915
PCDHA8_RNA,-0.2516070604324341
TNNI3K_RNA,-0.2516123652458191
NKAIN4_RNA,-0.25169312953948975
PPM1A_RNA,-0.2517121136188507
GRK1_RNA,-0.2517547309398651
FUT2_RNA,-0.25177592039108276
GPR135_RNA,-0.25179004669189453
CAMK2N1_RNA,-0.25188472867012024
RNF38_RNA,-0.25189438462257385
SLAIN1_RNA,-0.2519144117832184
TNF_RNA,-0.2520107328891754
NDN_RNA,-0.25205305218696594
ATP7B_RNA,-0.2521480321884155
WDFY3_RNA,-0.2521539032459259
LPAR4_RNA,-0.2521902322769165
SOBP_RNA,-0.25220316648483276
TTLL6_RNA,-0.2522328495979309
CDH1_RNA,-0.2522503733634949
EZH1_RNA,-0.25228410959243774
CROCC_RNA,-0.252402126789093
NR6A1_RNA,-0.2524026930332184
TIGD3_RNA,-0.25254136323928833
CBX5_RNA,-0.25268691778182983
SLC5A5_RNA,-0.25286945700645447
SESN3_RNA,-0.2528725266456604
PCDHB12_RNA,-0.25293174386024475
NUDT11_RNA,-0.2529677450656891
ANKRD13B_RNA,-0.2529788315296173
SORL1_RNA,-0.25309035181999207
PDP1_RNA,-0.2535492777824402
USP34_RNA,-0.2536599040031433
FAM161B_RNA,-0.25370675325393677
TET3_RNA,-0.2537117600440979
SMG1_RNA,-0.253763884305954
TPRG1L_RNA,-0.2538081109523773
ZNF292_RNA,-0.2538672089576721
BRAF_RNA,-0.25391092896461487
RASSF10_RNA,-0.25399041175842285
NR0B1_RNA,-0.2542911469936371
PCDHGA5_RNA,-0.2545080780982971
KAT2B_RNA,-0.25454670190811157
FAAH2_RNA,-0.25454866886138916
SGSM2_RNA,-0.2545793652534485
PCDHA7_RNA,-0.2546285092830658
PRKG1_RNA,-0.2546617388725281
RAP2A_RNA,-0.25467225909233093
ARID4A_RNA,-0.2546757161617279
ALDH8A1_RNA,-0.2547549605369568
SEMA6B_RNA,-0.2549324631690979
MLLT6_RNA,-0.2549486458301544
TFAP2B_RNA,-0.25495871901512146
KLHL9_RNA,-0.255032479763031
KRBA2_RNA,-0.25505557656288147
FAT2_RNA,-0.2550969421863556
ST8SIA2_RNA,-0.2551358640193939
NLRP4_RNA,-0.25514480471611023
NEURL4_RNA,-0.25516077876091003
OTUD3_RNA,-0.2554047107696533
SERINC5_RNA,-0.2554228901863098
KIF2A_RNA,-0.2554653584957123
NKPD1_RNA,-0.25556349754333496
ZNF721_RNA,-0.2556993067264557
OPTC_RNA,-0.2557623088359833
MBLAC2_RNA,-0.2557745575904846
ICA1L_RNA,-0.2557953894138336
EID2B_RNA,-0.25599804520606995
MAGI2_RNA,-0.2560434341430664
TUBGCP6_RNA,-0.2560981214046478
MSTN_RNA,-0.2564079761505127
BDP1_RNA,-0.25653213262557983
DYNC1LI2_RNA,-0.25654155015945435
SFRP5_RNA,-0.2566413879394531
TOP2B_RNA,-0.2566799521446228
ALOX12B_RNA,-0.2567359209060669
SERPINE3_RNA,-0.2567387819290161
KIAA1958_RNA,-0.25682714581489563
ZIM2_RNA,-0.25694283843040466
ABO_RNA,-0.25705403089523315
DIO2_RNA,-0.25717148184776306
ZNF594_RNA,-0.2573850154876709
ACRV1_RNA,-0.2575056850910187
EGLN2_RNA,-0.25796136260032654
SLC10A1_RNA,-0.2580096423625946
CCDC88C_RNA,-0.25805217027664185
DNAJC12_RNA,-0.2580823302268982
SLITRK3_RNA,-0.25810399651527405
LY6G5B_RNA,-0.2581208348274231
CA8_RNA,-0.25815367698669434
NT5DC1_RNA,-0.2582913637161255
LYPD5_RNA,-0.2585047781467438
SATL1_RNA,-0.2585379183292389
RGS22_RNA,-0.2586553692817688
IGDCC3_RNA,-0.2588999271392822
ZNF10_RNA,-0.2589034140110016
SREBF2_RNA,-0.25909414887428284
APBB2_RNA,-0.25917086005210876
AMH_RNA,-0.25920361280441284
CGREF1_RNA,-0.2592429518699646
IGFALS_RNA,-0.25937414169311523
BLCAP_RNA,-0.2595861554145813
PTPRB_RNA,-0.2597294747829437
ACSBG1_RNA,-0.25975579023361206
DMXL1_RNA,-0.2597786486148834
EPHX4_RNA,-0.2598903477191925
SYCP2L_RNA,-0.25994008779525757
SLC1A4_RNA,-0.2601671814918518
PTGFR_RNA,-0.2601969838142395
ABCC5_RNA,-0.26087334752082825
SUSD4_RNA,-0.2609454095363617
ARAP2_RNA,-0.2611277401447296
SLC4A9_RNA,-0.26114505529403687
HGFAC_RNA,-0.2611520290374756
DAPK2_RNA,-0.2612585127353668
C12orf56_RNA,-0.2613412141799927
LCA5_RNA,-0.2613752782344818
ZDHHC17_RNA,-0.26163482666015625
SLC22A14_RNA,-0.26166391372680664
PCDH8_RNA,-0.2616841793060303
GP6_RNA,-0.2616961896419525
TCEAL5_RNA,-0.2617134749889374
ZNF8_RNA,-0.26174718141555786
CREB3L3_RNA,-0.2618933916091919
EPHA5_RNA,-0.26189926266670227
RSPO1_RNA,-0.2619253993034363
CAMKK2_RNA,-0.2619621753692627
DNAJB7_RNA,-0.2621336579322815
TTC7B_RNA,-0.2623108923435211
PDPK1_RNA,-0.26251134276390076
ZSCAN1_RNA,-0.2625606954097748
TRIM52_RNA,-0.26258423924446106
SNRK_RNA,-0.26261839270591736
CDK18_RNA,-0.2626509964466095
SCN4A_RNA,-0.2626766860485077
ROGDI_RNA,-0.26269614696502686
MYO9A_RNA,-0.2630843222141266
WDR37_RNA,-0.26308879256248474
BEST3_RNA,-0.2631857395172119
TNRC6A_RNA,-0.26341986656188965
VN1R1_RNA,-0.26368850469589233
ARVCF_RNA,-0.2637019455432892
BCL2_RNA,-0.2637668550014496
SLC23A2_RNA,-0.26396045088768005
SNN_RNA,-0.26403483748435974
KIDINS220_RNA,-0.2642199695110321
BTBD18_RNA,-0.2642512619495392
FXYD3_RNA,-0.2642958164215088
TGFBR3_RNA,-0.26445481181144714
CSMD2_RNA,-0.26447343826293945
FAM174B_RNA,-0.26464155316352844
ZNF410_RNA,-0.26469165086746216
ABLIM3_RNA,-0.26477518677711487
AHRR_RNA,-0.2647976577281952
KCNV2_RNA,-0.26485705375671387
PHIP_RNA,-0.26486921310424805
MYO15A_RNA,-0.26496925950050354
ACACB_RNA,-0.2652706801891327
ABCA9_RNA,-0.2652977705001831
NIN_RNA,-0.2653501629829407
ANXA3_RNA,-0.26540836691856384
ZIC3_RNA,-0.2654917538166046
CAPS2_RNA,-0.2654934823513031
SLC5A12_RNA,-0.2655255198478699
TFAP2E_RNA,-0.26563358306884766
ASB5_RNA,-0.26567575335502625
SAMD5_RNA,-0.265775203704834
ZSWIM5_RNA,-0.26580604910850525
CHST9_RNA,-0.26590579748153687
RIMKLB_RNA,-0.2659139633178711
DAPK1_RNA,-0.266044944524765
NEIL1_RNA,-0.266129732131958
ZBTB47_RNA,-0.26614275574684143
PKD1_RNA,-0.2661598026752472
PCDHGC4_RNA,-0.26623907685279846
TNXB_RNA,-0.2662430703639984
TNK1_RNA,-0.266244113445282
GPR173_RNA,-0.2663516700267792
LIME1_RNA,-0.2666535973548889
ABCB1_RNA,-0.26669278740882874
CD160_RNA,-0.2669808864593506
TAS2R5_RNA,-0.2669982314109802
SNX30_RNA,-0.26702046394348145
ANKRD29_RNA,-0.26720622181892395
TRPM3_RNA,-0.26723065972328186
CCDC148_RNA,-0.26764512062072754
WDR88_RNA,-0.2676897943019867
COL21A1_RNA,-0.26774048805236816
SCARNA17_RNA,-0.2678881287574768
ZMYND11_RNA,-0.26806938648223877
CDH4_RNA,-0.2681916654109955
PDZD8_RNA,-0.26819300651550293
AVIL_RNA,-0.26820215582847595
HMGCS1_RNA,-0.26823723316192627
SLC22A25_RNA,-0.2682872414588928
RXFP3_RNA,-0.2682878375053406
GRM6_RNA,-0.2683378756046295
TREH_RNA,-0.2683572471141815
UTS2R_RNA,-0.26845583319664
ASTN1_RNA,-0.26845815777778625
KCNJ11_RNA,-0.26857098937034607
CRYGD_RNA,-0.2686212956905365
ARHGEF4_RNA,-0.268681138753891
RHO_RNA,-0.2687975764274597
OGFRL1_RNA,-0.2688945531845093
SBF1P1_RNA,-0.26944616436958313
NFASC_RNA,-0.26961949467658997
SPAG6_RNA,-0.2696269750595093
SLC25A22_RNA,-0.26974451541900635
RBP2_RNA,-0.26978248357772827
GPAM_RNA,-0.2698051333427429
TRIM71_RNA,-0.26982077956199646
PROX1_RNA,-0.26983770728111267
SECISBP2L_RNA,-0.2698832154273987
KSR1_RNA,-0.27001339197158813
ZRANB1_RNA,-0.27009421586990356
ADD3_RNA,-0.2703932821750641
NET1_RNA,-0.27039575576782227
THEM5_RNA,-0.2706257700920105
TARBP1_RNA,-0.27087897062301636
ZFP92_RNA,-0.2708871364593506
PRDM16_RNA,-0.2709983289241791
MBOAT2_RNA,-0.2711063325405121
LRP6_RNA,-0.27126020193099976
CCNA1_RNA,-0.2713181972503662
DBH_RNA,-0.2713921070098877
LRRC14B_RNA,-0.2713997960090637
GPT_RNA,-0.27140796184539795
PLXNB3_RNA,-0.27157241106033325
PELI2_RNA,-0.2718210518360138
CACNA1G_RNA,-0.2718467116355896
TSPYL6_RNA,-0.2724761962890625
PLD5_RNA,-0.2728343904018402
ATP2B1_RNA,-0.2729254961013794
ABCA3_RNA,-0.27297183871269226
EPB41L3_RNA,-0.2729988992214203
SCAPER_RNA,-0.27315396070480347
TECPR2_RNA,-0.27318307757377625
GSDMB_RNA,-0.2732064425945282
NRG1_RNA,-0.27329814434051514
RSPO4_RNA,-0.27330783009529114
HS3ST5_RNA,-0.2733405828475952
CCDC88A_RNA,-0.2734237611293793
DGKK_RNA,-0.27348846197128296
GRIK4_RNA,-0.2735323905944824
SLC22A8_RNA,-0.2737102508544922
CHN2_RNA,-0.27387604117393494
AIF1L_RNA,-0.27396532893180847
RAB11FIP2_RNA,-0.2741785943508148
MIR573_RNA,-0.2743322551250458
HRNR_RNA,-0.2743995487689972
LILRA4_RNA,-0.2745001018047333
CAMTA1_RNA,-0.274784117937088
DNAH10_RNA,-0.2748279273509979
SPINK9_RNA,-0.2749009132385254
WDR27_RNA,-0.2750462591648102
ZNF141_RNA,-0.2751803398132324
LPA_RNA,-0.27527251839637756
SYNE2_RNA,-0.27534180879592896
SLC16A8_RNA,-0.27537015080451965
CD200_RNA,-0.27540576457977295
PELI3_RNA,-0.27546510100364685
NBEAL1_RNA,-0.27580833435058594
MAGI3_RNA,-0.2758302390575409
SHE_RNA,-0.2758791148662567
PBOV1_RNA,-0.27594682574272156
ERMP1_RNA,-0.276201069355011
TMEM232_RNA,-0.2762172520160675
SBF1_RNA,-0.2762924134731293
RHOV_RNA,-0.27632221579551697
DTX1_RNA,-0.27632665634155273
FTCD_RNA,-0.2766026556491852
PLA2G6_RNA,-0.27663055062294006
ZNF695_RNA,-0.27684757113456726
PCDHGA10_RNA,-0.27692750096321106
IZUMO1_RNA,-0.2769794166088104
THEMIS_RNA,-0.2770467698574066
SIM2_RNA,-0.2771628797054291
RHBG_RNA,-0.27724024653434753
HR_RNA,-0.2772524952888489
CCDC120_RNA,-0.2773779630661011
SS18L1_RNA,-0.2777099609375
MUC5B_RNA,-0.27777573466300964
VSX2_RNA,-0.27786561846733093
DUOX1_RNA,-0.27789708971977234
LOC284798_RNA,-0.2780534327030182
TLL2_RNA,-0.2782643139362335
PAK1_RNA,-0.2783953845500946
PI16_RNA,-0.27862074971199036
ACAP3_RNA,-0.2787013053894043
CCL19_RNA,-0.2788922190666199
CAPN9_RNA,-0.27897435426712036
CPO_RNA,-0.27906179428100586
ASB16_RNA,-0.27906832098960876
CELSR2_RNA,-0.2791379988193512
PRRT4_RNA,-0.27924567461013794
CACNA1F_RNA,-0.27949976921081543
PCDHGA6_RNA,-0.27952617406845093
LMO7_RNA,-0.2796175479888916
WBP2NL_RNA,-0.2796313166618347
PANK3_RNA,-0.28001996874809265
C16orf92_RNA,-0.2800258696079254
DCLK2_RNA,-0.28010112047195435
PCDHA3_RNA,-0.28020986914634705
WDR7_RNA,-0.28036952018737793
DAAM1_RNA,-0.28042298555374146
SRL_RNA,-0.28043073415756226
SESTD1_RNA,-0.280478298664093
PLXNA4_RNA,-0.2805880308151245
F7_RNA,-0.28067976236343384
MNX1_RNA,-0.2807847857475281
DIXDC1_RNA,-0.2807874381542206
DNAJC28_RNA,-0.28079888224601746
CAMK2N2_RNA,-0.28090229630470276
EME2_RNA,-0.28122538328170776
EIF4E3_RNA,-0.28131914138793945
NFAT5_RNA,-0.2814880609512329
PLLP_RNA,-0.28172826766967773
SERP2_RNA,-0.281742125749588
TMEM150C_RNA,-0.2817864418029785
EVPL_RNA,-0.28195974230766296
SLC22A17_RNA,-0.28204312920570374
RRH_RNA,-0.2821216583251953
TMEM63A_RNA,-0.2821773588657379
TBC1D12_RNA,-0.2822752594947815
LIMS2_RNA,-0.28230899572372437
ZNF605_RNA,-0.28231632709503174
KLHL23_RNA,-0.2823904752731323
LSM11_RNA,-0.28259703516960144
SLC1A1_RNA,-0.2825993597507477
DNASE1_RNA,-0.28260117769241333
RUFY2_RNA,-0.2826962172985077
PPP2R2B_RNA,-0.28288784623146057
RGPD5_RNA,-0.2829299867153168
ZNF135_RNA,-0.2829556167125702
MTMR9_RNA,-0.28309187293052673
MYADML2_RNA,-0.28317007422447205
DYNC2H1_RNA,-0.28317689895629883
USP46_RNA,-0.2831903100013733
CHRNA3_RNA,-0.2831967771053314
PACS2_RNA,-0.2832176089286804
WWC1_RNA,-0.28323715925216675
NDRG3_RNA,-0.2833189070224762
DMGDH_RNA,-0.2835308015346527
SLC7A2_RNA,-0.2837982475757599
SPEN_RNA,-0.2838105261325836
MPDZ_RNA,-0.28381288051605225
ZNF708_RNA,-0.2838500738143921
TANC2_RNA,-0.2839566469192505
EMX2_RNA,-0.28396669030189514
PLCL2_RNA,-0.28402480483055115
NRAP_RNA,-0.2840432822704315
ZSCAN23_RNA,-0.28415942192077637
GLS_RNA,-0.28440308570861816
SNORA47_RNA,-0.28443458676338196
INO80D_RNA,-0.28446340560913086
CREB5_RNA,-0.2844911217689514
TMED8_RNA,-0.28454574942588806
MAOA_RNA,-0.28460651636123657
SYCP3_RNA,-0.28468239307403564
ACADL_RNA,-0.284740149974823
TSPAN19_RNA,-0.2848280072212219
GREB1_RNA,-0.28493016958236694
HEY2_RNA,-0.2850070893764496
SPIN3_RNA,-0.2855599522590637
FGD6_RNA,-0.2855604887008667
MYEF2_RNA,-0.2856851816177368
SPTAN1_RNA,-0.2857130467891693
MYO18A_RNA,-0.2857244610786438
OSBPL1A_RNA,-0.2858164608478546
ZC3H6_RNA,-0.28583967685699463
INPP5A_RNA,-0.285971462726593
BAIAP3_RNA,-0.2861500680446625
COL6A6_RNA,-0.2863747477531433
HHIPL1_RNA,-0.2864075005054474
FFAR1_RNA,-0.2864796817302704
VARS2_RNA,-0.2864837348461151
LCOR_RNA,-0.28649795055389404
VTN_RNA,-0.2867446541786194
PREPL_RNA,-0.2869873642921448
RTN4RL2_RNA,-0.2871966063976288
ONECUT1_RNA,-0.2872784733772278
NEU4_RNA,-0.2875642776489258
GNB3_RNA,-0.2876530885696411
PPP2R3A_RNA,-0.2878211736679077
LYPD6B_RNA,-0.2878686785697937
CLCN6_RNA,-0.2878758907318115
AMIGO1_RNA,-0.2879130244255066
LMBRD2_RNA,-0.288282573223114
ITPK1_RNA,-0.28839483857154846
SLC8A1_RNA,-0.2884049117565155
P2RX7_RNA,-0.28843480348587036
SLC12A2_RNA,-0.2884751260280609
SRPK3_RNA,-0.28873124718666077
KLC1_RNA,-0.28879332542419434
PLEKHG5_RNA,-0.2888197600841522
ZFP82_RNA,-0.2889365255832672
AGAP1_RNA,-0.2889971435070038
LRP2BP_RNA,-0.2890324890613556
KBTBD7_RNA,-0.2891816794872284
GNAQ_RNA,-0.28940296173095703
ISM1_RNA,-0.2894403338432312
TDRD9_RNA,-0.2895375192165375
CLEC9A_RNA,-0.2895931899547577
TSC1_RNA,-0.2899859547615051
DNHD1_RNA,-0.2902877926826477
KRTAP5-1_RNA,-0.29036614298820496
DYNLL2_RNA,-0.29039743542671204
CYP4F11_RNA,-0.29067865014076233
PPP3CB_RNA,-0.29068100452423096
ATP6V0A1_RNA,-0.2906942367553711
BMP6_RNA,-0.29069745540618896
RNF152_RNA,-0.29075947403907776
RNF207_RNA,-0.2907930016517639
PIK3R1_RNA,-0.29099950194358826
SLC35F1_RNA,-0.29118841886520386
OPTN_RNA,-0.291260689496994
GPR162_RNA,-0.29149022698402405
CHN1_RNA,-0.29155680537223816
STARD9_RNA,-0.29168903827667236
GDPD1_RNA,-0.2917308211326599
IQSEC1_RNA,-0.2919117212295532
ZNF578_RNA,-0.2919655740261078
YPEL1_RNA,-0.2923150062561035
PURG_RNA,-0.2923262417316437
HTR1B_RNA,-0.29267340898513794
CLDN10_RNA,-0.29267409443855286
GPC2_RNA,-0.2928719222545624
OXGR1_RNA,-0.2931014895439148
CCDC85C_RNA,-0.2932312488555908
MLANA_RNA,-0.2933041751384735
ECE2_RNA,-0.2933637499809265
EYA1_RNA,-0.2936250865459442
DNAJC27_RNA,-0.29391035437583923
RFX3_RNA,-0.2942018508911133
SYNJ2_RNA,-0.2942976653575897
USP2_RNA,-0.2943035662174225
BEST1_RNA,-0.2943243980407715
MAGEC3_RNA,-0.2946116328239441
MUC20_RNA,-0.29464513063430786
CCDC7_RNA,-0.29470959305763245
BHLHA9_RNA,-0.29517725110054016
ZNF681_RNA,-0.29525768756866455
NLGN3_RNA,-0.2952798306941986
PRKAR1B_RNA,-0.29551419615745544
MYOT_RNA,-0.2955437898635864
KIF25_RNA,-0.29570212960243225
NKX2-1_RNA,-0.2957668900489807
ZDHHC11_RNA,-0.2958371043205261
STK31_RNA,-0.29595163464546204
IRS4_RNA,-0.2960728108882904
LRRTM2_RNA,-0.2964698076248169
ATG2B_RNA,-0.29647019505500793
LDHD_RNA,-0.2964797019958496
JMJD7-PLA2G4B_RNA,-0.296604722738266
DAGLA_RNA,-0.2966618835926056
ARHGAP23_RNA,-0.296743243932724
ZNF714_RNA,-0.2968829572200775
RGS9_RNA,-0.29694896936416626
KCNH6_RNA,-0.29695287346839905
KRT83_RNA,-0.297012060880661
SLCO3A1_RNA,-0.2970784306526184
LOC100271832_RNA,-0.2971200942993164
SLC26A1_RNA,-0.29726532101631165
NFIA_RNA,-0.297459214925766
LRRN1_RNA,-0.29753080010414124
TACC2_RNA,-0.29762762784957886
SCUBE3_RNA,-0.2976285517215729
ZNF667_RNA,-0.29791459441185
SLC45A3_RNA,-0.2979733943939209
DLEU2_RNA,-0.29799583554267883
KLHL11_RNA,-0.2984643280506134
CALM1_RNA,-0.29860591888427734
PROM2_RNA,-0.29901018738746643
SCD_RNA,-0.2995087802410126
CHRNB3_RNA,-0.2995568811893463
CRH_RNA,-0.29977211356163025
RAB33A_RNA,-0.3003636300563812
ZNF518A_RNA,-0.30039316415786743
ANKFN1_RNA,-0.30052387714385986
RAB3IP_RNA,-0.30057504773139954
SERPIND1_RNA,-0.3007065951824188
KLF8_RNA,-0.3008226752281189
DACH1_RNA,-0.30083051323890686
GPIHBP1_RNA,-0.30084237456321716
NEDD4L_RNA,-0.30092620849609375
RUFY3_RNA,-0.3012198507785797
PCDHA5_RNA,-0.3012489080429077
AKR7L_RNA,-0.30163252353668213
S1PR1_RNA,-0.30171477794647217
SNX32_RNA,-0.3017933666706085
CPEB4_RNA,-0.3018108904361725
KCNJ1_RNA,-0.3018873929977417
RNF144A_RNA,-0.3020768463611603
OXCT1_RNA,-0.3021205961704254
ZNF652_RNA,-0.30234989523887634
P2RX2_RNA,-0.3023611903190613
AGPAT4_RNA,-0.3024362027645111
ALDOB_RNA,-0.3024768531322479
LRRC4C_RNA,-0.30260905623435974
BMP8A_RNA,-0.30280107259750366
OR2C1_RNA,-0.30284640192985535
KIAA0087_RNA,-0.3030274212360382
PANX2_RNA,-0.3031266927719116
FXYD4_RNA,-0.30325964093208313
DNAH1_RNA,-0.30330875515937805
AXIN2_RNA,-0.3033526837825775
KCNQ2_RNA,-0.30354565382003784
PCDHGA2_RNA,-0.3036423623561859
N4BP3_RNA,-0.30375412106513977
RNFT2_RNA,-0.30389177799224854
SHPRH_RNA,-0.3040724992752075
ZCCHC14_RNA,-0.30414530634880066
AGTPBP1_RNA,-0.3041602671146393
LHFPL1_RNA,-0.3042546212673187
THRA_RNA,-0.30435651540756226
MAPK8IP1_RNA,-0.30445680022239685
PKHD1L1_RNA,-0.3044585883617401
GPM6A_RNA,-0.3044934868812561
GRID1_RNA,-0.30478212237358093
ZNF737_RNA,-0.30482327938079834
REC8_RNA,-0.30491527915000916
SLC2A13_RNA,-0.30526095628738403
TRAM1L1_RNA,-0.3055266737937927
TRPV3_RNA,-0.3056035339832306
CKMT2_RNA,-0.30563607811927795
BAHCC1_RNA,-0.30574938654899597
HNF4A_RNA,-0.30583953857421875
GABRE_RNA,-0.3059234619140625
HDAC11_RNA,-0.30597737431526184
SLC13A4_RNA,-0.3061603903770447
ATP4A_RNA,-0.30643734335899353
CLUL1_RNA,-0.30660882592201233
SLC34A3_RNA,-0.30671024322509766
PRDM11_RNA,-0.3067270815372467
TMEM72_RNA,-0.30684253573417664
SSBP3_RNA,-0.3068575859069824
NHLRC1_RNA,-0.3069879710674286
VSIG2_RNA,-0.30711936950683594
TAS2R3_RNA,-0.3071773648262024
RABGAP1L_RNA,-0.3072172701358795
NAP1L5_RNA,-0.3073785603046417
ASPHD1_RNA,-0.3074202835559845
GOT1_RNA,-0.30769166350364685
ZNF221_RNA,-0.30844181776046753
SMCR5_RNA,-0.30862662196159363
ARNT2_RNA,-0.3087032437324524
CLDN9_RNA,-0.30907902121543884
RESP18_RNA,-0.30927038192749023
ATP13A4_RNA,-0.3094249665737152
GPR149_RNA,-0.3094850778579712
B3GALT5_RNA,-0.3097778856754303
HIVEP1_RNA,-0.30978527665138245
PEBP4_RNA,-0.3098074495792389
ZNF778_RNA,-0.3100631535053253
ADHFE1_RNA,-0.31019532680511475
SUGT1_RNA,-0.31025227904319763
TP53TG5_RNA,-0.31058987975120544
NEUROD4_RNA,-0.3106728792190552
LMTK2_RNA,-0.3107827305793762
MAST4_RNA,-0.31081193685531616
ZNF774_RNA,-0.31105467677116394
KEL_RNA,-0.31114083528518677
BTBD9_RNA,-0.31119251251220703
ZNF780B_RNA,-0.31126073002815247
ZNF518B_RNA,-0.3112923502922058
S1PR5_RNA,-0.31170257925987244
TSFM_RNA,-0.31215542554855347
MDN1_RNA,-0.3124614655971527
CHD6_RNA,-0.3127526342868805
ANKRD12_RNA,-0.31275880336761475
USP44_RNA,-0.3129000961780548
AKAP9_RNA,-0.31295183300971985
NHSL2_RNA,-0.3130616247653961
ALDH6A1_RNA,-0.3131568133831024
OR7A5_RNA,-0.31323179602622986
APBB1_RNA,-0.31338366866111755
CENPV_RNA,-0.313539981842041
PCDHGA12_RNA,-0.3138084411621094
RTN3_RNA,-0.31384673714637756
LYNX1_RNA,-0.31434041261672974
CORT_RNA,-0.314393550157547
PLEKHA1_RNA,-0.31448525190353394
POU2F1_RNA,-0.3145280182361603
SASH1_RNA,-0.3145899474620819
EPX_RNA,-0.31468141078948975
VPS13D_RNA,-0.3147847056388855
GPLD1_RNA,-0.31503939628601074
MIR124-2_RNA,-0.315245658159256
LANCL1_RNA,-0.31528571248054504
PODXL2_RNA,-0.31528806686401367
AKR1C2_RNA,-0.3155543804168701
SLC4A8_RNA,-0.31565171480178833
MIR9-1_RNA,-0.31580954790115356
CPB2_RNA,-0.3159361481666565
ROPN1B_RNA,-0.31628158688545227
POPDC3_RNA,-0.3164435625076294
CRLF1_RNA,-0.3164585828781128
SLC6A11_RNA,-0.3166356682777405
MADD_RNA,-0.31663915514945984
DLG4_RNA,-0.316691517829895
FUT1_RNA,-0.31694450974464417
NOG_RNA,-0.3169930577278137
SLC25A34_RNA,-0.3170510530471802
DPF1_RNA,-0.3171667754650116
PHLPP1_RNA,-0.31719231605529785
TNFRSF25_RNA,-0.3172485828399658
PCNT_RNA,-0.31737422943115234
PCDH10_RNA,-0.3173794150352478
MPP2_RNA,-0.3174416124820709
LIX1_RNA,-0.31761518120765686
C2orf88_RNA,-0.3176913261413574
PRRG1_RNA,-0.3178205192089081
GDF10_RNA,-0.31796085834503174
MIR125B1_RNA,-0.3179890513420105
ZMAT4_RNA,-0.31810665130615234
C1QTNF3_RNA,-0.31831854581832886
FAM66C_RNA,-0.3183306157588959
PCDHA4_RNA,-0.31870704889297485
ATXN8OS_RNA,-0.3188346326351166
SOX11_RNA,-0.3188769519329071
GDNF_RNA,-0.3189067840576172
PPP3CA_RNA,-0.3189266622066498
NEB_RNA,-0.3190803825855255
POU5F2_RNA,-0.3191782832145691
NIPAL3_RNA,-0.31926605105400085
MBNL2_RNA,-0.3192751407623291
PRKACB_RNA,-0.31928953528404236
PHACTR2_RNA,-0.31929975748062134
BCL2L2_RNA,-0.3197427988052368
MRAP2_RNA,-0.32010045647621155
PTCH1_RNA,-0.3201487064361572
CACNA1S_RNA,-0.3203153908252716
GABARAPL1_RNA,-0.3203221559524536
SOCS7_RNA,-0.3205719292163849
NPY5R_RNA,-0.32081279158592224
NCOA7_RNA,-0.3209459185600281
CKB_RNA,-0.3210853636264801
WSCD1_RNA,-0.32108885049819946
LINGO1_RNA,-0.3213381767272949
MASP1_RNA,-0.32152050733566284
ADARB1_RNA,-0.3215743899345398
FAM107B_RNA,-0.32157617807388306
CLSTN3_RNA,-0.3215978443622589
LPIN1_RNA,-0.32181453704833984
RORB_RNA,-0.32187747955322266
AQP4_RNA,-0.3220720887184143
FRK_RNA,-0.3221352994441986
DNAH14_RNA,-0.3223379850387573
NKTR_RNA,-0.3226586878299713
TNRC6B_RNA,-0.32274430990219116
CEP97_RNA,-0.3227784335613251
SCN11A_RNA,-0.3229803442955017
PDE3B_RNA,-0.323016881942749
CACNG4_RNA,-0.3230716288089752
GJB5_RNA,-0.3236669898033142
NIPA1_RNA,-0.32397574186325073
RNF150_RNA,-0.3240768015384674
PROX2_RNA,-0.32419416308403015
APBA2_RNA,-0.32479894161224365
COBL_RNA,-0.32494497299194336
KPNA5_RNA,-0.32494819164276123
FBXL22_RNA,-0.3250620663166046
CHD3_RNA,-0.32509538531303406
TTC3_RNA,-0.3251861333847046
FAM47E_RNA,-0.3251897692680359
MIR17HG_RNA,-0.3252538740634918
ENPP4_RNA,-0.32535380125045776
CRTC1_RNA,-0.3253561556339264
SLC9A3_RNA,-0.3253689408302307
DIP2C_RNA,-0.3255903720855713
PCDHGB5_RNA,-0.3256818950176239
LRP4_RNA,-0.3256920278072357
ABCG8_RNA,-0.32571613788604736
NIPAL4_RNA,-0.3259026110172272
SEMA4A_RNA,-0.32597991824150085
ASB18_RNA,-0.3263373374938965
KIAA1755_RNA,-0.3263620436191559
MLLT3_RNA,-0.3266124129295349
MGC16275_RNA,-0.32669609785079956
SLC44A5_RNA,-0.32704538106918335
LOXHD1_RNA,-0.3273391127586365
ANO8_RNA,-0.3274729251861572
PURA_RNA,-0.32753482460975647
MEGF6_RNA,-0.3276355564594269
SFTPC_RNA,-0.3277308940887451
PLEKHA5_RNA,-0.3277418911457062
KCNQ4_RNA,-0.32784903049468994
SCARNA21_RNA,-0.327950656414032
SLC2A11_RNA,-0.32821547985076904
MYCN_RNA,-0.3282776176929474
PTPRS_RNA,-0.328400582075119
PCDH17_RNA,-0.32841727137565613
TLN2_RNA,-0.32867008447647095
KIF26A_RNA,-0.32877346873283386
DYNC1H1_RNA,-0.3289988934993744
SLC15A5_RNA,-0.3290199935436249
FAM171A2_RNA,-0.3292931914329529
ARMCX4_RNA,-0.3294048309326172
ZNF471_RNA,-0.32953473925590515
MATR3_RNA,-0.3295396864414215
PPP1R13B_RNA,-0.3297397196292877
PKD1L2_RNA,-0.33041030168533325
PKP1_RNA,-0.3304823935031891
THSD4_RNA,-0.33056679368019104
TBC1D24_RNA,-0.33067837357521057
ZNF33B_RNA,-0.33068612217903137
CPEB1_RNA,-0.330785870552063
SEZ6L2_RNA,-0.3309534192085266
POU3F3_RNA,-0.33109042048454285
ULK2_RNA,-0.33109912276268005
KNCN_RNA,-0.33149099349975586
SMYD1_RNA,-0.33179521560668945
MYH7_RNA,-0.3318987786769867
PPARGC1A_RNA,-0.332145094871521
TSSK4_RNA,-0.3322802186012268
GNAI1_RNA,-0.332289457321167
TIAM2_RNA,-0.3324224054813385
TMEM8B_RNA,-0.33243709802627563
KCNQ1DN_RNA,-0.3325798213481903
MFSD6_RNA,-0.3325919806957245
PON1_RNA,-0.33264219760894775
SLC25A41_RNA,-0.33299243450164795
DMD_RNA,-0.33305439352989197
ANK1_RNA,-0.33316072821617126
NOVA2_RNA,-0.333171010017395
PTPRK_RNA,-0.3332090973854065
ZNF33A_RNA,-0.3334132134914398
HCG11_RNA,-0.333611398935318
MAPK8_RNA,-0.33379310369491577
BEND7_RNA,-0.33399343490600586
ANKHD1-EIF4EBP3_RNA,-0.3341008424758911
FLG_RNA,-0.33440735936164856
FAM184A_RNA,-0.3345676362514496
TP53AIP1_RNA,-0.33466294407844543
CRY2_RNA,-0.3347037434577942
PIP4K2A_RNA,-0.3348679542541504
TNK2_RNA,-0.3348841071128845
SGPP2_RNA,-0.33497726917266846
DMXL2_RNA,-0.33499041199684143
SLC16A9_RNA,-0.3351908028125763
BTNL2_RNA,-0.3353758156299591
TSPYL1_RNA,-0.3359101414680481
PRKAR2B_RNA,-0.3359663784503937
MYO10_RNA,-0.33623218536376953
PLXNA2_RNA,-0.33654913306236267
GPR75_RNA,-0.33656832575798035
ZNF534_RNA,-0.33657893538475037
NF1_RNA,-0.33661675453186035
FAM171B_RNA,-0.337022989988327
NR1D2_RNA,-0.33717286586761475
TMPRSS3_RNA,-0.3372236490249634
MYBPC1_RNA,-0.3373225927352905
TDRD5_RNA,-0.33770260214805603
ATP1A4_RNA,-0.3380306661128998
FBXW7_RNA,-0.33829814195632935
ZNF280B_RNA,-0.3387250602245331
PLEKHM3_RNA,-0.33875757455825806
CLDN11_RNA,-0.3388993740081787
GPR85_RNA,-0.33906877040863037
UBN2_RNA,-0.33915549516677856
MEGF11_RNA,-0.33921533823013306
RICTOR_RNA,-0.33956778049468994
WDR47_RNA,-0.3397482931613922
C11orf42_RNA,-0.3398439586162567
OPHN1_RNA,-0.3401584029197693
ATP6V0A4_RNA,-0.34023404121398926
GPR68_RNA,-0.3402503430843353
FAM169A_RNA,-0.34050998091697693
OTOF_RNA,-0.34124574065208435
ITSN1_RNA,-0.34126877784729004
ELOVL4_RNA,-0.3412851393222809
PCDHB15_RNA,-0.34130948781967163
LRIT2_RNA,-0.341517835855484
RNPC3_RNA,-0.34163615107536316
PNLDC1_RNA,-0.3416472375392914
SOX6_RNA,-0.3421880900859833
ME1_RNA,-0.34232956171035767
CTNND2_RNA,-0.3423309028148651
IL17D_RNA,-0.34238138794898987
LRP8_RNA,-0.3425687551498413
STK32C_RNA,-0.3428468704223633
SIDT1_RNA,-0.34314048290252686
XYLT1_RNA,-0.3432300090789795
CNKSR1_RNA,-0.3433118462562561
KANK4_RNA,-0.3434142768383026
ZNF418_RNA,-0.34342196583747864
PCDHA2_RNA,-0.34378135204315186
SACS_RNA,-0.34397464990615845
GAL3ST1_RNA,-0.34413614869117737
FAM117B_RNA,-0.34431812167167664
DENND5B_RNA,-0.3445031940937042
RHBDL3_RNA,-0.34461310505867004
VPS13A_RNA,-0.345002681016922
TMPRSS9_RNA,-0.34525710344314575
VSX1_RNA,-0.3452678322792053
OLIG1_RNA,-0.34545066952705383
MYLK3_RNA,-0.3456577956676483
DIO3OS_RNA,-0.34603166580200195
ATL1_RNA,-0.34612008929252625
CHST1_RNA,-0.3462962210178375
MIMT1_RNA,-0.3464193046092987
ZNF462_RNA,-0.3464193642139435
FAM124A_RNA,-0.3468312919139862
GPR150_RNA,-0.34685707092285156
TUBA4A_RNA,-0.3469448685646057
LHFPL4_RNA,-0.34697800874710083
ANKRD34A_RNA,-0.34762582182884216
COL4A4_RNA,-0.34767332673072815
AAK1_RNA,-0.3476877212524414
LHX6_RNA,-0.3480532765388489
DNER_RNA,-0.34874242544174194
LRP1B_RNA,-0.3488277196884155
LDB2_RNA,-0.34882891178131104
FOLH1_RNA,-0.34897756576538086
SYNPO2_RNA,-0.3492165207862854
WFDC1_RNA,-0.3495049774646759
SLC22A3_RNA,-0.3496270179748535
PRKCQ_RNA,-0.34977900981903076
GPRC5B_RNA,-0.3499319851398468
SPATA3_RNA,-0.35018661618232727
NPFFR2_RNA,-0.35027262568473816
CCDC78_RNA,-0.3503319025039673
GPRIN1_RNA,-0.35038915276527405
GLS2_RNA,-0.35050979256629944
FAT4_RNA,-0.350835919380188
SEC61A2_RNA,-0.35097891092300415
TRPC3_RNA,-0.3510892391204834
PTPN3_RNA,-0.3516692519187927
PCDHA6_RNA,-0.352422297000885
EPM2A_RNA,-0.35302236676216125
LMTK3_RNA,-0.35373011231422424
PHLPP2_RNA,-0.3538763225078583
GPRIN2_RNA,-0.35412126779556274
PPP1R3E_RNA,-0.354129821062088
TCEAL2_RNA,-0.35431554913520813
PKP2_RNA,-0.35448914766311646
DLX5_RNA,-0.3549608588218689
MOAP1_RNA,-0.35508954524993896
SEMA3G_RNA,-0.35512787103652954
SLC27A2_RNA,-0.3551686406135559
DSP_RNA,-0.35539790987968445
HCN3_RNA,-0.3556911051273346
ZNF25_RNA,-0.3557737469673157
GPR78_RNA,-0.35624465346336365
ANKRD2_RNA,-0.35661858320236206
LRRC8B_RNA,-0.3571263253688812
DOCK5_RNA,-0.3574054539203644
FGF22_RNA,-0.35747048258781433
CHAD_RNA,-0.3574890196323395
SOX5_RNA,-0.3575150668621063
RNF43_RNA,-0.35768184065818787
ZCCHC18_RNA,-0.3578079640865326
CIDEA_RNA,-0.35785871744155884
VAMP2_RNA,-0.3579256236553192
NIPSNAP3B_RNA,-0.3579610586166382
GOLGA8B_RNA,-0.3579756021499634
ARHGAP21_RNA,-0.35804852843284607
PALM_RNA,-0.3581835627555847
ST6GALNAC1_RNA,-0.3583620488643646
SOSTDC1_RNA,-0.358491450548172
TOM1L2_RNA,-0.3587031066417694
GRIA3_RNA,-0.3589157164096832
BCO2_RNA,-0.35909801721572876
PAPOLB_RNA,-0.35918307304382324
SORCS2_RNA,-0.35934188961982727
KIF3C_RNA,-0.3594856858253479
KIF21A_RNA,-0.3595668375492096
NCKAP5_RNA,-0.3596242666244507
KCNJ13_RNA,-0.3596450686454773
COL19A1_RNA,-0.35979440808296204
ENOX1_RNA,-0.36024010181427
TNIK_RNA,-0.36036980152130127
RALGAPA1_RNA,-0.3608069121837616
ANKRD31_RNA,-0.36100971698760986
WNT2B_RNA,-0.3610350787639618
MYH11_RNA,-0.3610556125640869
GPD1_RNA,-0.3610985577106476
RAB9B_RNA,-0.3616231381893158
CHRDL1_RNA,-0.36170995235443115
PCDHGB6_RNA,-0.3617933392524719
KCNH4_RNA,-0.36198046803474426
PRKAA2_RNA,-0.36229678988456726
CYP2D6_RNA,-0.36250168085098267
DNAJC5G_RNA,-0.3625120222568512
SPIRE2_RNA,-0.36267945170402527
LHX1_RNA,-0.3627026677131653
ADAD2_RNA,-0.3627372086048126
GPR88_RNA,-0.36280688643455505
PLEKHB1_RNA,-0.3628709316253662
TLL1_RNA,-0.3634626567363739
TET1_RNA,-0.3637527823448181
ARHGAP5_RNA,-0.3637820780277252
PCDHA10_RNA,-0.36391523480415344
CCDC39_RNA,-0.36410045623779297
DDAH1_RNA,-0.36415842175483704
SLC26A8_RNA,-0.3645716607570648
BRWD1_RNA,-0.36482933163642883
KIFC2_RNA,-0.36487245559692383
MAP2K6_RNA,-0.36508285999298096
TUBA8_RNA,-0.3650892376899719
ACTN2_RNA,-0.3651302456855774
SLC9A5_RNA,-0.3652484118938446
KLHL35_RNA,-0.3653874099254608
SCGN_RNA,-0.36565491557121277
CHD7_RNA,-0.3658062219619751
TNNT2_RNA,-0.366344690322876
NSUN6_RNA,-0.36642932891845703
CPAMD8_RNA,-0.3664369583129883
PANK1_RNA,-0.36663660407066345
CRIP3_RNA,-0.36666321754455566
KBTBD12_RNA,-0.36669981479644775
OLIG2_RNA,-0.36675286293029785
COL11A2_RNA,-0.3669123947620392
GDF7_RNA,-0.36706599593162537
ALOXE3_RNA,-0.3671121895313263
RNF112_RNA,-0.3676573932170868
DST_RNA,-0.36795398592948914
SLCO1C1_RNA,-0.3681260645389557
SYNGAP1_RNA,-0.3681427836418152
ZBTB37_RNA,-0.3682537078857422
EEF1A2_RNA,-0.3682646155357361
EGR4_RNA,-0.368642121553421
TJP2_RNA,-0.3687065839767456
THRB_RNA,-0.3688125014305115
ADAMTS8_RNA,-0.3688221275806427
BTRC_RNA,-0.36890339851379395
PAX6_RNA,-0.36895129084587097
HTR4_RNA,-0.36904969811439514
GNRHR_RNA,-0.36908382177352905
ZNF560_RNA,-0.36967310309410095
IQCA1_RNA,-0.3697478175163269
MCTP1_RNA,-0.36989837884902954
FOXO4_RNA,-0.36997273564338684
HEATR4_RNA,-0.3700127899646759
C2CD4C_RNA,-0.3700587749481201
ZDHHC21_RNA,-0.370275616645813
BCL7A_RNA,-0.37052199244499207
FCHO1_RNA,-0.3706364929676056
CD38_RNA,-0.3707938492298126
SLC14A1_RNA,-0.3708014488220215
SLIT2_RNA,-0.3708248734474182
CDH10_RNA,-0.3710089325904846
SFTPD_RNA,-0.371465802192688
DSC1_RNA,-0.3714880347251892
KLK5_RNA,-0.371694952249527
SERPINA10_RNA,-0.37169796228408813
USP49_RNA,-0.371762752532959
GNAZ_RNA,-0.37211498618125916
C3orf70_RNA,-0.3725234866142273
GAN_RNA,-0.37263593077659607
PI4KA_RNA,-0.3727003037929535
EFCAB5_RNA,-0.37295112013816833
COL9A1_RNA,-0.37343597412109375
MGAT3_RNA,-0.3738810420036316
EPHA8_RNA,-0.37401893734931946
SLC22A9_RNA,-0.3742654025554657
DLG3_RNA,-0.3743259310722351
DGKH_RNA,-0.37436437606811523
SCUBE1_RNA,-0.37465253472328186
CHADL_RNA,-0.3750462532043457
LNX1_RNA,-0.3753318190574646
TAC3_RNA,-0.3753708004951477
ANKRD26_RNA,-0.3754439055919647
ST8SIA6_RNA,-0.37552687525749207
PKP4_RNA,-0.37563586235046387
OBSCN_RNA,-0.37575763463974
LIMCH1_RNA,-0.3758900463581085
ASRGL1_RNA,-0.37589389085769653
C3orf49_RNA,-0.37617233395576477
RYR3_RNA,-0.37621191143989563
DNAH2_RNA,-0.3762446641921997
ANK2_RNA,-0.37668922543525696
GPR45_RNA,-0.3768793046474457
LHX4_RNA,-0.37691912055015564
BCAN_RNA,-0.37693914771080017
LIPE_RNA,-0.37694430351257324
KIAA1549_RNA,-0.3769519329071045
PTCHD1_RNA,-0.3770981431007385
HIVEP2_RNA,-0.377170592546463
STAR_RNA,-0.37718552350997925
PHF21B_RNA,-0.37730056047439575
CCDC141_RNA,-0.3774086534976959
ANKRD36B_RNA,-0.37765032052993774
ZNF382_RNA,-0.37780696153640747
NT5C1A_RNA,-0.37791645526885986
MEF2C_RNA,-0.37797603011131287
CNNM2_RNA,-0.37800130248069763
VWC2_RNA,-0.37830644845962524
MASP2_RNA,-0.3785350024700165
DZIP3_RNA,-0.3785858750343323
RGS8_RNA,-0.37858718633651733
PLXNB1_RNA,-0.3786269426345825
MAP3K10_RNA,-0.37864649295806885
HERC1_RNA,-0.3789648413658142
EPCAM_RNA,-0.3792879581451416
REV3L_RNA,-0.37931668758392334
SNORA53_RNA,-0.3793751299381256
FABP6_RNA,-0.37958282232284546
SLC16A14_RNA,-0.37961360812187195
PFKFB2_RNA,-0.37963050603866577
SLC45A2_RNA,-0.3796307146549225
PCDH9_RNA,-0.37996160984039307
JMY_RNA,-0.3801323175430298
DNAH17_RNA,-0.3802163004875183
DLL3_RNA,-0.3809069097042084
ZFPM2_RNA,-0.380973756313324
ACSS1_RNA,-0.3810214400291443
MYO7B_RNA,-0.3810836970806122
SLCO5A1_RNA,-0.38128310441970825
SP9_RNA,-0.38185006380081177
DSCAM_RNA,-0.3819655776023865
DMRT2_RNA,-0.382000595331192
RUSC2_RNA,-0.38241279125213623
GLCCI1_RNA,-0.3830431401729584
ZNF37A_RNA,-0.3830450475215912
RAI2_RNA,-0.38307246565818787
PPP1R3F_RNA,-0.38333845138549805
PCDHAC1_RNA,-0.38337787985801697
EFHD1_RNA,-0.38390305638313293
FRMPD1_RNA,-0.38393527269363403
CHIC1_RNA,-0.3840392529964447
NXPH3_RNA,-0.38405942916870117
KIT_RNA,-0.38428187370300293
BRSK1_RNA,-0.38428646326065063
KIAA0408_RNA,-0.38481488823890686
TTBK2_RNA,-0.38537052273750305
ANGPTL3_RNA,-0.3856383264064789
ATOH7_RNA,-0.3857156038284302
USP31_RNA,-0.3857182562351227
STAT4_RNA,-0.38586923480033875
GPR151_RNA,-0.3864172399044037
SYT3_RNA,-0.38648322224617004
HSPA2_RNA,-0.38654419779777527
ZNF423_RNA,-0.3865513503551483
DNAH6_RNA,-0.3865804076194763
RASGEF1C_RNA,-0.38678234815597534
PCDHA12_RNA,-0.3870745003223419
CHRM5_RNA,-0.3879850506782532
TSPYL2_RNA,-0.38838353753089905
GPR52_RNA,-0.3885273039340973
EFR3B_RNA,-0.388572633266449
KCNN2_RNA,-0.3886914551258087
SLC22A2_RNA,-0.38921117782592773
RPH3A_RNA,-0.38945263624191284
AFF3_RNA,-0.3896881639957428
LRRC10B_RNA,-0.38982322812080383
CCNI2_RNA,-0.3906780183315277
GNG4_RNA,-0.39069026708602905
BTNL9_RNA,-0.3914242386817932
TCTE1_RNA,-0.3917440176010132
RBP3_RNA,-0.3918370306491852
RASD2_RNA,-0.3921858072280884
SCN1B_RNA,-0.39237841963768005
B3GAT1_RNA,-0.3927483558654785
SOX1_RNA,-0.3928896188735962
GLRA1_RNA,-0.39294299483299255
HIP1R_RNA,-0.39322009682655334
MEG3_RNA,-0.3934532701969147
MYO15B_RNA,-0.3934934735298157
ADAMTS19_RNA,-0.39349520206451416
CCDC136_RNA,-0.39357805252075195
PCDHA13_RNA,-0.39358600974082947
FHOD3_RNA,-0.39405331015586853
RAPGEF2_RNA,-0.39428359270095825
DSG1_RNA,-0.3949705958366394
NFIB_RNA,-0.3950352668762207
KBTBD11_RNA,-0.3950585424900055
TNRC6C_RNA,-0.395129531621933
CEND1_RNA,-0.3960161507129669
DNAH7_RNA,-0.3961070775985718
SATB1_RNA,-0.3964972198009491
OR2H2_RNA,-0.3965145945549011
NPBWR1_RNA,-0.39654597640037537
MYH15_RNA,-0.3965591490268707
KCNJ16_RNA,-0.3966529667377472
FAT3_RNA,-0.3967965543270111
BOK_RNA,-0.3972353935241699
SLC9A6_RNA,-0.3978479206562042
SLC38A8_RNA,-0.39807194471359253
BMP3_RNA,-0.39809074997901917
HIPK2_RNA,-0.3981156647205353
EHD3_RNA,-0.3983202874660492
ENPP5_RNA,-0.39871498942375183
DACT2_RNA,-0.3987483084201813
BHMT_RNA,-0.3988317549228668
KRT31_RNA,-0.3994147777557373
CALB1_RNA,-0.399472713470459
WFIKKN1_RNA,-0.4001707434654236
KCNMA1_RNA,-0.4002803564071655
NPR3_RNA,-0.40043583512306213
PSD3_RNA,-0.4004882574081421
PCDHGA11_RNA,-0.40071794390678406
RAP1GAP2_RNA,-0.40098631381988525
MYO5A_RNA,-0.40119680762290955
INPP5J_RNA,-0.40144866704940796
DAB1_RNA,-0.40148434042930603
ZNF154_RNA,-0.40153980255126953
ITPR1_RNA,-0.4016231596469879
GABRQ_RNA,-0.40171030163764954
RGS11_RNA,-0.4017232060432434
ADCYAP1R1_RNA,-0.4018557667732239
UBXN10_RNA,-0.4021868407726288
UNC5C_RNA,-0.4023938775062561
SORBS2_RNA,-0.4027133584022522
FBXW12_RNA,-0.4030056297779083
PCP4_RNA,-0.40301716327667236
PCDHAC2_RNA,-0.403423935174942
RAB40B_RNA,-0.4036237895488739
LPAR3_RNA,-0.4036697447299957
SCN5A_RNA,-0.40374159812927246
RHCG_RNA,-0.4041607081890106
STEAP2_RNA,-0.4043949544429779
NTM_RNA,-0.4044196307659149
ELOVL7_RNA,-0.40458837151527405
NWD1_RNA,-0.40462201833724976
MICAL2_RNA,-0.40482500195503235
CYS1_RNA,-0.4050932824611664
PARM1_RNA,-0.4051017463207245
SLIT1_RNA,-0.4051213264465332
MYH14_RNA,-0.4052836000919342
CABYR_RNA,-0.40541067719459534
THSD7A_RNA,-0.40613648295402527
RYR1_RNA,-0.4064055383205414
TRDN_RNA,-0.4065667390823364
MIPOL1_RNA,-0.40662235021591187
RASGRP1_RNA,-0.4068748652935028
ATP13A5_RNA,-0.4068935215473175
ADAMTS16_RNA,-0.40743449330329895
PIK3C2B_RNA,-0.40746328234672546
GPR101_RNA,-0.4074642062187195
CECR2_RNA,-0.407519668340683
ZNF662_RNA,-0.4077010750770569
GIPR_RNA,-0.4078208804130554
ABLIM1_RNA,-0.407961905002594
OPN4_RNA,-0.4079629182815552
DBNDD2_RNA,-0.4082071781158447
RND1_RNA,-0.40849462151527405
ADH1B_RNA,-0.40860801935195923
HPN_RNA,-0.40900084376335144
PYDC1_RNA,-0.40936195850372314
CCDC68_RNA,-0.4097788631916046
SERTAD4_RNA,-0.4098966419696808
RAB30_RNA,-0.4099043309688568
PNMT_RNA,-0.41046202182769775
AKAP11_RNA,-0.4104965627193451
LCN12_RNA,-0.4111073911190033
KCNC3_RNA,-0.4112156927585602
ZNF493_RNA,-0.41146984696388245
BSPRY_RNA,-0.4123404026031494
PPP1R12B_RNA,-0.4130419194698334
PLIN4_RNA,-0.4135546088218689
MCF2L_RNA,-0.41418251395225525
ZNF540_RNA,-0.41470518708229065
PAX7_RNA,-0.41472506523132324
PAH_RNA,-0.4147767424583435
WNT7B_RNA,-0.4148673713207245
FAM167A_RNA,-0.4148692786693573
NRIP2_RNA,-0.41516387462615967
CIT_RNA,-0.4153735339641571
AKT3_RNA,-0.4154006540775299
FXYD1_RNA,-0.41560128331184387
ADRA2A_RNA,-0.41570648550987244
ABCA2_RNA,-0.41573482751846313
RIMKLA_RNA,-0.41625943779945374
PCBP3_RNA,-0.41631272435188293
NINL_RNA,-0.4166835844516754
ESRRG_RNA,-0.4167279005050659
FOXP2_RNA,-0.41704732179641724
ZNF248_RNA,-0.4170576333999634
TSPYL4_RNA,-0.4172983467578888
SEC31B_RNA,-0.41739603877067566
WASF1_RNA,-0.41758063435554504
ACVR2B_RNA,-0.4177383780479431
BHMT2_RNA,-0.417787104845047
SLC7A11_RNA,-0.4178592264652252
INPP5F_RNA,-0.41804978251457214
IGFBPL1_RNA,-0.4185204803943634
PER3_RNA,-0.41869521141052246
PAQR6_RNA,-0.41882559657096863
LHFPL5_RNA,-0.41887933015823364
TULP4_RNA,-0.4190128743648529
COL11A1_RNA,-0.41912028193473816
FAM107A_RNA,-0.419188916683197
DTX4_RNA,-0.41961273550987244
GARNL3_RNA,-0.42001447081565857
IGSF9B_RNA,-0.42035016417503357
ADCY2_RNA,-0.42076078057289124
ST6GALNAC5_RNA,-0.4208715260028839
KCND3_RNA,-0.42104601860046387
KALRN_RNA,-0.42113903164863586
DEGS2_RNA,-0.42113932967185974
OPRD1_RNA,-0.4212324619293213
DOCK9_RNA,-0.4215433597564697
MICAL3_RNA,-0.42160943150520325
POU4F1_RNA,-0.42167776823043823
SYNJ1_RNA,-0.421713650226593
PCYT1B_RNA,-0.42193958163261414
SLC16A7_RNA,-0.42195433378219604
NPPA_RNA,-0.42203959822654724
ENC1_RNA,-0.42276981472969055
GPR21_RNA,-0.422845721244812
COL4A3_RNA,-0.42286744713783264
TMEM170B_RNA,-0.42362532019615173
GPR143_RNA,-0.42362549901008606
PCDH19_RNA,-0.42390304803848267
TRIM2_RNA,-0.4244295060634613
IGSF21_RNA,-0.4244983196258545
SGCZ_RNA,-0.4247668385505676
RFPL2_RNA,-0.4251064658164978
BEX2_RNA,-0.42534565925598145
ANKRD33B_RNA,-0.42541030049324036
RIT2_RNA,-0.4254858195781708
SMOC1_RNA,-0.4256158173084259
SYCE1_RNA,-0.4257796108722687
SCAI_RNA,-0.42638257145881653
DNAJA4_RNA,-0.4263840317726135
PTPN4_RNA,-0.4266955852508545
B4GALNT1_RNA,-0.4269542694091797
APC2_RNA,-0.4272753596305847
RIC3_RNA,-0.42774179577827454
SPEF2_RNA,-0.42778101563453674
PKIA_RNA,-0.42784833908081055
PAQR8_RNA,-0.42802199721336365
HECW2_RNA,-0.4287897050380707
MYO16_RNA,-0.42888393998146057
CTTNBP2_RNA,-0.42915070056915283
KCNT2_RNA,-0.430252343416214
A2ML1_RNA,-0.4306034743785858
RAP1GAP_RNA,-0.4306796193122864
ASB4_RNA,-0.43068861961364746
RAB27B_RNA,-0.43168696761131287
EPB41L1_RNA,-0.4321278929710388
ANKRD24_RNA,-0.4323774576187134
CLASP2_RNA,-0.43263882398605347
TDRG1_RNA,-0.43275225162506104
UPP2_RNA,-0.4327603280544281
C22orf31_RNA,-0.43300190567970276
CASQ2_RNA,-0.4332427978515625
SLC9A2_RNA,-0.4332449734210968
TMEM132C_RNA,-0.4333302974700928
GPR17_RNA,-0.43335944414138794
VWA2_RNA,-0.4339018762111664
GRIK2_RNA,-0.4339860677719116
NAALAD2_RNA,-0.43404558300971985
KIF1B_RNA,-0.4345323145389557
ZNF233_RNA,-0.43457719683647156
ABCA5_RNA,-0.43472859263420105
SHISA6_RNA,-0.4354146718978882
CLGN_RNA,-0.4356902539730072
DPP6_RNA,-0.4358116090297699
CSPG5_RNA,-0.43600285053253174
CLIC5_RNA,-0.4361984431743622
GSTO2_RNA,-0.43656694889068604
ZMAT1_RNA,-0.43751055002212524
CADM3_RNA,-0.4381448030471802
SLC13A3_RNA,-0.4384249150753021
SORCS3_RNA,-0.4384899437427521
TRIM72_RNA,-0.4386937618255615
CYP26B1_RNA,-0.4394546449184418
RGR_RNA,-0.439499169588089
ZBTB8B_RNA,-0.439582496881485
ZNF208_RNA,-0.43991467356681824
FSD1L_RNA,-0.4399988055229187
KIF19_RNA,-0.44019633531570435
RPRML_RNA,-0.44036638736724854
ZNF711_RNA,-0.44102051854133606
SBK1_RNA,-0.44112834334373474
CACNG5_RNA,-0.4413850009441376
ZFR2_RNA,-0.4414137601852417
PCDHGB4_RNA,-0.4424983859062195
NPTXR_RNA,-0.4425232410430908
SYNE1_RNA,-0.44379523396492004
ABAT_RNA,-0.4439457058906555
CACNA1C_RNA,-0.4446130394935608
TDRD6_RNA,-0.4447728395462036
TSPAN7_RNA,-0.4451391100883484
ARHGEF9_RNA,-0.44526803493499756
RPS6KA6_RNA,-0.4455089271068573
KCNAB2_RNA,-0.4456862211227417
LONRF2_RNA,-0.44637373089790344
RMST_RNA,-0.446518212556839
SLC38A1_RNA,-0.4466682970523834
GLB1L3_RNA,-0.4466935396194458
TRPM6_RNA,-0.4469657242298126
TTBK1_RNA,-0.44753754138946533
NUAK1_RNA,-0.4484359920024872
TEF_RNA,-0.44871869683265686
MMP24_RNA,-0.4488075375556946
CNTN6_RNA,-0.4489595592021942
TPH2_RNA,-0.4494193494319916
C10orf90_RNA,-0.45025259256362915
ALDOC_RNA,-0.4503548741340637
TNFRSF13C_RNA,-0.45061251521110535
GJC2_RNA,-0.45088833570480347
STAG3_RNA,-0.45129165053367615
DCAF12L2_RNA,-0.45140331983566284
PLEKHG3_RNA,-0.4514220654964447
FBXO40_RNA,-0.4514267146587372
WASF3_RNA,-0.45154812932014465
PLEKHA6_RNA,-0.45185813307762146
NRXN2_RNA,-0.4520264267921448
C14orf132_RNA,-0.4524773955345154
BHLHE22_RNA,-0.4525371491909027
PNPLA5_RNA,-0.45278504490852356
PPM1K_RNA,-0.45305171608924866
EXPH5_RNA,-0.4537762999534607
PDE1B_RNA,-0.45390427112579346
ZNF804B_RNA,-0.45402127504348755
SCARNA7_RNA,-0.45414596796035767
GUCY1A2_RNA,-0.45431768894195557
IL12RB2_RNA,-0.45451027154922485
DGKI_RNA,-0.45547404885292053
SNPH_RNA,-0.4554762840270996
GRHL1_RNA,-0.4557103216648102
EPHB1_RNA,-0.4565710127353668
GALNT8_RNA,-0.4567165970802307
AMY2B_RNA,-0.45679381489753723
NTNG2_RNA,-0.4568230211734772
NCAM1_RNA,-0.4569357931613922
ATP2C2_RNA,-0.45696237683296204
CTNNA2_RNA,-0.4570266902446747
NDRG2_RNA,-0.4570378065109253
MAGI1_RNA,-0.4570552408695221
KLK6_RNA,-0.457078754901886
KCNH3_RNA,-0.4570903480052948
NTRK3_RNA,-0.45775362849235535
MYCBP2_RNA,-0.4579622149467468
PTBP2_RNA,-0.4580611288547516
RAB26_RNA,-0.4584580361843109
EXTL1_RNA,-0.45943620800971985
ADD2_RNA,-0.4597207307815552
MAP1A_RNA,-0.46020299196243286
TMEM88B_RNA,-0.460810124874115
RUNDC3B_RNA,-0.4614580571651459
NCAM2_RNA,-0.46148455142974854
REEP1_RNA,-0.46169573068618774
SHISA9_RNA,-0.4624127745628357
DGCR5_RNA,-0.46315333247184753
BTBD17_RNA,-0.46329599618911743
PLIN1_RNA,-0.4637047350406647
MGAT5B_RNA,-0.4640448987483978
PIP5K1B_RNA,-0.46440380811691284
SHD_RNA,-0.46448615193367004
SNX22_RNA,-0.46461188793182373
YJEFN3_RNA,-0.4653111398220062
NAP1L3_RNA,-0.46534210443496704
PRKCE_RNA,-0.465392142534256
CBFA2T3_RNA,-0.46548521518707275
NAT8L_RNA,-0.46576619148254395
FGFR3_RNA,-0.46576663851737976
SLC22A15_RNA,-0.46609073877334595
ATP9A_RNA,-0.46615836024284363
FCER2_RNA,-0.46696439385414124
RTP1_RNA,-0.4675375819206238
PRPH2_RNA,-0.46769800782203674
KCNC4_RNA,-0.46810007095336914
KCNA3_RNA,-0.46972841024398804
PLCH1_RNA,-0.4699123799800873
FBXL2_RNA,-0.4703126549720764
RUNX1T1_RNA,-0.4705527722835541
VAX1_RNA,-0.4706909656524658
KCNN3_RNA,-0.4707896411418915
CD22_RNA,-0.47091829776763916
RTBDN_RNA,-0.47096267342567444
SLIT3_RNA,-0.47112929821014404
CBX7_RNA,-0.47153016924858093
CACNA2D1_RNA,-0.4715641140937805
CAPN13_RNA,-0.4729079306125641
LOC283731_RNA,-0.47345638275146484
PPFIA3_RNA,-0.47351789474487305
HSPB3_RNA,-0.47357892990112305
RAPGEF3_RNA,-0.47376373410224915
KIF3A_RNA,-0.4739866852760315
FRAS1_RNA,-0.47422486543655396
ZNF98_RNA,-0.4743848741054535
GLP1R_RNA,-0.47476375102996826
TRIM17_RNA,-0.4752974212169647
PLIN5_RNA,-0.47586625814437866
NOS1AP_RNA,-0.4760499894618988
CMTM4_RNA,-0.47626733779907227
YPEL4_RNA,-0.4765550494194031
ZNF704_RNA,-0.4768994152545929
SORCS1_RNA,-0.4774377644062042
RTN4R_RNA,-0.4778285324573517
CACNG8_RNA,-0.4778546690940857
TYRP1_RNA,-0.4779094159603119
SRRM3_RNA,-0.47793614864349365
SSTR4_RNA,-0.4781036674976349
RGS4_RNA,-0.47812187671661377
KLF12_RNA,-0.4781811237335205
SOX8_RNA,-0.4783899188041687
NTN4_RNA,-0.4785221815109253
MEGF10_RNA,-0.47954967617988586
MATK_RNA,-0.47978803515434265
ENPP2_RNA,-0.48021119832992554
PTGDS_RNA,-0.4802166819572449
MC4R_RNA,-0.4807478189468384
MN1_RNA,-0.48115888237953186
IGFN1_RNA,-0.48211416602134705
GPR137C_RNA,-0.48212528228759766
HAPLN2_RNA,-0.48212695121765137
CYP46A1_RNA,-0.482134610414505
CNTFR_RNA,-0.4826209247112274
AMOT_RNA,-0.48280176520347595
CYFIP2_RNA,-0.48282602429389954
LCNL1_RNA,-0.4844398498535156
EPN3_RNA,-0.48503929376602173
TSHR_RNA,-0.48524513840675354
LUZP2_RNA,-0.48525482416152954
LMO3_RNA,-0.4853520393371582
SOX10_RNA,-0.4858674108982086
TTN_RNA,-0.485894113779068
PTGER3_RNA,-0.4865633547306061
FNDC5_RNA,-0.48656919598579407
PDE11A_RNA,-0.4865719974040985
MAP2_RNA,-0.48667359352111816
APC_RNA,-0.4870147407054901
HFM1_RNA,-0.4875674247741699
MUC6_RNA,-0.48764386773109436
ARRB1_RNA,-0.48808011412620544
MAGEE1_RNA,-0.4885343909263611
RIMS4_RNA,-0.4888450503349304
BCAS1_RNA,-0.48923420906066895
KCNMB2_RNA,-0.4895091652870178
CCBE1_RNA,-0.4895353615283966
KCNK2_RNA,-0.49000102281570435
LSAMP_RNA,-0.49013563990592957
FAM13C_RNA,-0.4913825988769531
STON2_RNA,-0.4917513430118561
RAPGEFL1_RNA,-0.49303075671195984
OCA2_RNA,-0.49341535568237305
PCDHA9_RNA,-0.4934881031513214
CYP2E1_RNA,-0.4935442805290222
FAM133A_RNA,-0.4937005341053009
EFNA5_RNA,-0.49382150173187256
PYGM_RNA,-0.49415066838264465
CACNB1_RNA,-0.49453848600387573
NXPH1_RNA,-0.4952670931816101
RANBP17_RNA,-0.49567291140556335
CYP7B1_RNA,-0.4959043264389038
CHRM4_RNA,-0.4959883391857147
KCNQ1OT1_RNA,-0.4961303174495697
SH3TC2_RNA,-0.4961397647857666
CDYL2_RNA,-0.4962562918663025
PPFIA4_RNA,-0.49631983041763306
PDZD7_RNA,-0.49712690711021423
CAMK2B_RNA,-0.4983765184879303
GFRA2_RNA,-0.49843117594718933
ZNF804A_RNA,-0.49846047163009644
SHC3_RNA,-0.4985582232475281
B4GALT6_RNA,-0.4987090826034546
FRY_RNA,-0.4988425672054291
ADAM22_RNA,-0.4994420111179352
SCAMP5_RNA,-0.4998667240142822
SLC6A12_RNA,-0.4999958276748657
BEX1_RNA,-0.5003909468650818
BEX5_RNA,-0.500794529914856
PPP1R9A_RNA,-0.5008518695831299
NKX6-2_RNA,-0.5011197328567505
CALHM1_RNA,-0.5011262893676758
CAMK2G_RNA,-0.5013705492019653
TTPA_RNA,-0.5015323162078857
NEBL_RNA,-0.5016806721687317
ZNF365_RNA,-0.5023587346076965
ENHO_RNA,-0.5023791790008545
STOX1_RNA,-0.502565324306488
PNOC_RNA,-0.503024697303772
TAS2R4_RNA,-0.5031874775886536
SGK2_RNA,-0.5032367706298828
HCN4_RNA,-0.503314733505249
SCRT2_RNA,-0.5033179521560669
SHANK3_RNA,-0.5035438537597656
CDH13_RNA,-0.5039071440696716
TMEM145_RNA,-0.5041935443878174
FAM171A1_RNA,-0.5042648911476135
CDH20_RNA,-0.5047918558120728
KCNIP4_RNA,-0.5049518942832947
TMEM132B_RNA,-0.5050334334373474
ASPA_RNA,-0.5051904916763306
FBLL1_RNA,-0.5054631233215332
NNAT_RNA,-0.5057129859924316
ADRB1_RNA,-0.5060137510299683
CADPS_RNA,-0.5062854290008545
CACNA1A_RNA,-0.5067684054374695
FAAH_RNA,-0.5067691802978516
ADAP1_RNA,-0.506960391998291
RANBP3L_RNA,-0.5070846676826477
SPOCK1_RNA,-0.5071327686309814
DLX6_RNA,-0.5075852870941162
GLRA2_RNA,-0.5077928900718689
KIF6_RNA,-0.5078108906745911
FBXO41_RNA,-0.5082180500030518
HSPA12A_RNA,-0.5091454386711121
KLHL3_RNA,-0.5095195174217224
CATSPER2_RNA,-0.5095391869544983
FBXO2_RNA,-0.5102117657661438
BASP1_RNA,-0.5103926062583923
SMPX_RNA,-0.5107909440994263
IGFL4_RNA,-0.5120178461074829
CLVS1_RNA,-0.512417197227478
DDX25_RNA,-0.5126327872276306
RIPPLY2_RNA,-0.5131806135177612
CNGB1_RNA,-0.5132939219474792
MPPED2_RNA,-0.5133234262466431
NCAN_RNA,-0.5137186050415039
C1QTNF4_RNA,-0.5138750672340393
KCNA6_RNA,-0.5139433145523071
GPR158_RNA,-0.5141941905021667
TUB_RNA,-0.5147387981414795
TPD52L1_RNA,-0.5149218440055847
KCND2_RNA,-0.5151047110557556
CSDC2_RNA,-0.5157396197319031
RBM11_RNA,-0.516210675239563
MAL_RNA,-0.5162354111671448
NHLH2_RNA,-0.5164608955383301
RASL10A_RNA,-0.5167406797409058
FAIM2_RNA,-0.5174408555030823
RAPGEF5_RNA,-0.5179978609085083
KCNA5_RNA,-0.5184216499328613
RALGPS1_RNA,-0.5187034010887146
CABLES1_RNA,-0.5189381837844849
TOX3_RNA,-0.5193240642547607
PRODH_RNA,-0.5195097923278809
DHRS9_RNA,-0.5208834409713745
HTR6_RNA,-0.5211955904960632
MYOM1_RNA,-0.5220545530319214
SLC6A20_RNA,-0.5224753022193909
KCNK3_RNA,-0.5232086777687073
ZBTB20_RNA,-0.5234251022338867
GPR62_RNA,-0.5238035321235657
BCL11A_RNA,-0.523904025554657
TACR3_RNA,-0.5240556001663208
KCNIP3_RNA,-0.5248513221740723
PPM1L_RNA,-0.5251249670982361
SYT10_RNA,-0.5258148908615112
INSM2_RNA,-0.5258413553237915
PCDHGA3_RNA,-0.5259718298912048
NTRK2_RNA,-0.5260064005851746
NCDN_RNA,-0.5267974734306335
C1orf115_RNA,-0.5270301103591919
FAM135B_RNA,-0.5270960330963135
SLC22A6_RNA,-0.5271077752113342
NOL4_RNA,-0.5274187922477722
MALAT1_RNA,-0.5274326205253601
DLL1_RNA,-0.5279611945152283
LGR5_RNA,-0.5283536911010742
TMOD2_RNA,-0.5284244418144226
AP3B2_RNA,-0.5285834670066833
PPP1R1B_RNA,-0.5292660593986511
GDAP1_RNA,-0.5303928256034851
CFTR_RNA,-0.5304858088493347
GFRA1_RNA,-0.5308495163917542
SH3BGRL2_RNA,-0.5312079191207886
KLHL34_RNA,-0.5316082835197449
AKAP6_RNA,-0.531951904296875
GPRASP1_RNA,-0.5325930118560791
PGR_RNA,-0.5326396822929382
KIF12_RNA,-0.5329639315605164
GRIP2_RNA,-0.5333516001701355
FRMPD2_RNA,-0.5335661768913269
PTPRN_RNA,-0.5336102247238159
PDZRN4_RNA,-0.5341230034828186
ANKRD30B_RNA,-0.5341978073120117
RCAN2_RNA,-0.5344232320785522
ATP1A2_RNA,-0.5348043441772461
PRSS3_RNA,-0.5348467826843262
RAB6B_RNA,-0.5352075099945068
NBEA_RNA,-0.5352677702903748
PGBD5_RNA,-0.5353086590766907
DNM1_RNA,-0.5356081128120422
CORO6_RNA,-0.536648154258728
FAM81A_RNA,-0.5368393063545227
SYCP2_RNA,-0.538193941116333
CA11_RNA,-0.5382884740829468
RBP4_RNA,-0.5384886264801025
MYT1_RNA,-0.5392220616340637
ADRA1B_RNA,-0.5393345355987549
TMEFF2_RNA,-0.5395137667655945
TMC2_RNA,-0.5397878885269165
SLC13A5_RNA,-0.5400093197822571
GPC5_RNA,-0.5400179624557495
DRP2_RNA,-0.540181040763855
GPR12_RNA,-0.5409873723983765
DRD5_RNA,-0.541155993938446
EPB41L4B_RNA,-0.5418187975883484
TTLL7_RNA,-0.5420200824737549
B3GNT4_RNA,-0.5420277714729309
FLRT2_RNA,-0.5423700213432312
MKX_RNA,-0.5424551963806152
PDZD4_RNA,-0.54326993227005
CA4_RNA,-0.5435435175895691
ZNF831_RNA,-0.5440908074378967
TF_RNA,-0.5441125631332397
CPNE9_RNA,-0.5441266298294067
PTH2R_RNA,-0.5446195602416992
MAST3_RNA,-0.5448899269104004
KCNG3_RNA,-0.5449597835540771
ESYT3_RNA,-0.5451259613037109
SLC30A10_RNA,-0.545464813709259
ADRA2C_RNA,-0.5454720854759216
AGBL1_RNA,-0.5457431674003601
MAP7_RNA,-0.5459750294685364
GREB1L_RNA,-0.5472994446754456
STX1A_RNA,-0.548596978187561
PRR18_RNA,-0.5490084886550903
LRRC4_RNA,-0.5491994619369507
MAPT_RNA,-0.5500389933586121
PDIA2_RNA,-0.5506163239479065
PTER_RNA,-0.5508767366409302
ASCL1_RNA,-0.5512104630470276
LCN15_RNA,-0.5518400073051453
CNTN4_RNA,-0.55195552110672
TMCC2_RNA,-0.5524312257766724
CDK5R2_RNA,-0.5527258515357971
TSPYL5_RNA,-0.552789032459259
MAG_RNA,-0.5530540943145752
TMEM233_RNA,-0.5530642867088318
PNCK_RNA,-0.5534020662307739
PHYHIPL_RNA,-0.5536172389984131
DCC_RNA,-0.5538555979728699
NR3C2_RNA,-0.5540370345115662
EDIL3_RNA,-0.5544085502624512
HCN2_RNA,-0.5544923543930054
RASGEF1A_RNA,-0.5555885434150696
PLCB4_RNA,-0.5571970343589783
GPR6_RNA,-0.5600098371505737
SLITRK2_RNA,-0.560142993927002
KHDRBS2_RNA,-0.5603389143943787
LGI4_RNA,-0.5612173080444336
MYH7B_RNA,-0.5612630248069763
GJB1_RNA,-0.5616651177406311
ADRA1A_RNA,-0.5617868900299072
SYNGR1_RNA,-0.5629266500473022
SCN3A_RNA,-0.5632070899009705
MAPK10_RNA,-0.5633172988891602
ASPDH_RNA,-0.5634198188781738
MAPK8IP3_RNA,-0.5635146498680115
SLC24A3_RNA,-0.564329981803894
SCG3_RNA,-0.5652723908424377
NKAIN1_RNA,-0.5673573017120361
AGBL4_RNA,-0.5674587488174438
RXRG_RNA,-0.5674647092819214
KCNQ3_RNA,-0.5679126381874084
ERBB3_RNA,-0.5680120587348938
GREM2_RNA,-0.5686942338943481
SGCD_RNA,-0.5689610838890076
PLCL1_RNA,-0.5690749287605286
UGT8_RNA,-0.5694102644920349
SPON1_RNA,-0.5706447958946228
CAMK1D_RNA,-0.5710099339485168
CAPN3_RNA,-0.5716469883918762
FGFR2_RNA,-0.5718204975128174
CNTN5_RNA,-0.5721446871757507
LDB3_RNA,-0.5722270011901855
SLC17A8_RNA,-0.5725254416465759
ABCC8_RNA,-0.5731810331344604
CNDP1_RNA,-0.5747337937355042
GPR27_RNA,-0.5747740268707275
EMX2OS_RNA,-0.5752385258674622
SALL3_RNA,-0.5758795738220215
MMP17_RNA,-0.576772928237915
MOG_RNA,-0.5777415037155151
NPY1R_RNA,-0.5790529847145081
GNG13_RNA,-0.579092800617218
DAAM2_RNA,-0.5791025161743164
WDR17_RNA,-0.5792534947395325
VAT1L_RNA,-0.5794312953948975
GABRB1_RNA,-0.5795348286628723
SYT14_RNA,-0.5797010660171509
FXYD7_RNA,-0.5799532532691956
APBA1_RNA,-0.5808634757995605
ZCCHC12_RNA,-0.5822495818138123
RPS6KA5_RNA,-0.5827821493148804
JPH4_RNA,-0.5852051973342896
SLC8A3_RNA,-0.5853918790817261
PRRG3_RNA,-0.5854925513267517
HS3ST2_RNA,-0.5869125127792358
GALNTL6_RNA,-0.5869652628898621
MEPE_RNA,-0.5871332287788391
NKD1_RNA,-0.5877646803855896
PPM1E_RNA,-0.5882603526115417
CNTN2_RNA,-0.5885934829711914
PHACTR1_RNA,-0.5894147157669067
SLC6A5_RNA,-0.5900173187255859
ONECUT2_RNA,-0.5913463830947876
EPHA7_RNA,-0.5913631319999695
GALNTL5_RNA,-0.5919440388679504
KCTD8_RNA,-0.592108964920044
VWC2L_RNA,-0.592424213886261
CLCN4_RNA,-0.5931241512298584
SDR16C5_RNA,-0.5932766795158386
MBP_RNA,-0.5934462547302246
PRKCZ_RNA,-0.5939635038375854
OLFM1_RNA,-0.594338059425354
TMEM215_RNA,-0.5947561860084534
DUSP8_RNA,-0.5948725342750549
NPFFR1_RNA,-0.59568852186203
FGF17_RNA,-0.5958820581436157
STXBP5_RNA,-0.5959648489952087
ANO5_RNA,-0.5960020422935486
SLC5A11_RNA,-0.5962368845939636
POU6F2_RNA,-0.5963854193687439
NRGN_RNA,-0.5965120792388916
KCNAB1_RNA,-0.5965383052825928
SGIP1_RNA,-0.5970039367675781
FLJ16779_RNA,-0.5972528457641602
VIPR1_RNA,-0.5974318981170654
GREM1_RNA,-0.5981147885322571
FAM131C_RNA,-0.5981813073158264
PRDM8_RNA,-0.5983881950378418
ERC2_RNA,-0.5988375544548035
LRP2_RNA,-0.5993795990943909
SUSD5_RNA,-0.5994641780853271
ATP1B1_RNA,-0.6000216007232666
TAC1_RNA,-0.6006907820701599
TMEM229A_RNA,-0.6007267236709595
GALNT9_RNA,-0.6012957692146301
ST6GAL2_RNA,-0.6020564436912537
ELAVL3_RNA,-0.6027418375015259
CACNB2_RNA,-0.6027507185935974
GNG3_RNA,-0.6031402945518494
TAGLN3_RNA,-0.603351891040802
TMEM144_RNA,-0.6044744253158569
CAMKK1_RNA,-0.6048296689987183
PCSK6_RNA,-0.6049901843070984
STXBP1_RNA,-0.6050390601158142
SRGAP3_RNA,-0.6052240133285522
SPTBN4_RNA,-0.6054381132125854
CRHR2_RNA,-0.6056569218635559
GRID2_RNA,-0.6061496138572693
DLGAP1_RNA,-0.606720507144928
RAB3B_RNA,-0.6071249842643738
KY_RNA,-0.6072470545768738
DGKB_RNA,-0.6078304648399353
OR2L13_RNA,-0.6084834933280945
GRIA4_RNA,-0.6094139814376831
LY6H_RNA,-0.6120126247406006
FLRT1_RNA,-0.6122276186943054
LGI1_RNA,-0.6130068898200989
RPS6KL1_RNA,-0.613290548324585
SLC7A10_RNA,-0.6139917373657227
ENTPD3_RNA,-0.6145129203796387
GPR63_RNA,-0.6147456169128418
STMN4_RNA,-0.6151847243309021
KIF21B_RNA,-0.6153838038444519
ANKRD18A_RNA,-0.6156509518623352
SLC24A4_RNA,-0.6171395182609558
CPNE7_RNA,-0.6177880764007568
NRIP3_RNA,-0.6181399822235107
AGAP2_RNA,-0.6184093952178955
TMEM74_RNA,-0.61878901720047
CNTN1_RNA,-0.619782567024231
GPR61_RNA,-0.6198040843009949
OGDHL_RNA,-0.6200178265571594
KCNJ10_RNA,-0.6201300024986267
KNDC1_RNA,-0.6207543015480042
IL1RAPL1_RNA,-0.6223556399345398
MTMR7_RNA,-0.6227130889892578
GRAMD1B_RNA,-0.6234780550003052
PVALB_RNA,-0.6236780881881714
PPM1H_RNA,-0.6240071058273315
CSMD1_RNA,-0.6246649026870728
MDGA2_RNA,-0.6252414584159851
ANO4_RNA,-0.6262392997741699
DNAJC6_RNA,-0.6274520754814148
B3GAT2_RNA,-0.6275063157081604
TMEM63C_RNA,-0.6277860999107361
RTN1_RNA,-0.6284260153770447
NECAB1_RNA,-0.6291933655738831
BCYRN1_RNA,-0.6301648616790771
VWA5B2_RNA,-0.6304922103881836
CA7_RNA,-0.6311026215553284
GRIP1_RNA,-0.6318413615226746
PROKR2_RNA,-0.6332600116729736
ABCG4_RNA,-0.6333286166191101
CRTAC1_RNA,-0.6343369483947754
PDE1A_RNA,-0.6351300477981567
CDS1_RNA,-0.6354565620422363
ANKRD34C_RNA,-0.6366141438484192
KIAA0513_RNA,-0.6373064517974854
RPRM_RNA,-0.6376710534095764
SH2D5_RNA,-0.6377860307693481
JAKMIP1_RNA,-0.6378124952316284
SSTR2_RNA,-0.6380336284637451
NDRG4_RNA,-0.6383934617042542
USP43_RNA,-0.6388833522796631
SNCA_RNA,-0.6395463347434998
PCDH15_RNA,-0.6398653388023376
GABBR2_RNA,-0.6403971314430237
ADCY5_RNA,-0.6404939293861389
SYT9_RNA,-0.6405202746391296
DCX_RNA,-0.6408147811889648
KLHL1_RNA,-0.6420778632164001
NKAIN3_RNA,-0.6422255039215088
GPR179_RNA,-0.6423811316490173
ABLIM2_RNA,-0.6431278586387634
CYP4X1_RNA,-0.6431916952133179
CACNA2D3_RNA,-0.6448271870613098
GALNT13_RNA,-0.6449247598648071
BCL11B_RNA,-0.6456358432769775
CACNB4_RNA,-0.6456508636474609
ZNF385B_RNA,-0.6456973552703857
MYRIP_RNA,-0.6465718746185303
VAMP1_RNA,-0.6471745371818542
PTPRD_RNA,-0.6472558975219727
C1QL2_RNA,-0.64772629737854
CACNA1D_RNA,-0.6484535932540894
DISP2_RNA,-0.6493181586265564
FGF12_RNA,-0.6495869755744934
AKAP5_RNA,-0.6496459245681763
SLC6A13_RNA,-0.6505470871925354
ATP6V1G2_RNA,-0.6510832905769348
PRLHR_RNA,-0.6514837145805359
EIF4E1B_RNA,-0.6521386504173279
EML5_RNA,-0.6530802845954895
PITPNM3_RNA,-0.6535914540290833
PPP1R1A_RNA,-0.653911292552948
GLP2R_RNA,-0.6546791791915894
NELL2_RNA,-0.6561090350151062
VIPR2_RNA,-0.6567762494087219
CACNA2D2_RNA,-0.6574001312255859
CADM2_RNA,-0.6579992175102234
CELSR3_RNA,-0.6582326292991638
FEZF2_RNA,-0.6583139300346375
BRSK2_RNA,-0.6590892672538757
ADAM11_RNA,-0.6592822670936584
CXXC4_RNA,-0.6592945456504822
NXPH2_RNA,-0.6594730019569397
XKR4_RNA,-0.6602842807769775
FREM3_RNA,-0.6615931987762451
NGEF_RNA,-0.6618456244468689
FA2H_RNA,-0.661928653717041
SYT7_RNA,-0.6621527075767517
RSPO3_RNA,-0.6628206968307495
HIPK4_RNA,-0.6630115509033203
KCNN1_RNA,-0.6632973551750183
NPY_RNA,-0.6641843318939209
ATP10B_RNA,-0.6645791530609131
DOC2B_RNA,-0.6653244495391846
TMEM125_RNA,-0.6653526425361633
RALYL_RNA,-0.6656503081321716
GRIN2C_RNA,-0.6668767929077148
CTNNA3_RNA,-0.6689353585243225
DNM3_RNA,-0.6696021556854248
ISLR2_RNA,-0.6698274612426758
DUSP26_RNA,-0.6698909997940063
ZNF483_RNA,-0.6699990034103394
SERPINI1_RNA,-0.6704931855201721
LRFN5_RNA,-0.6711759567260742
CTXN3_RNA,-0.6717729568481445
ICAM5_RNA,-0.6722333431243896
ADCY1_RNA,-0.6727316975593567
AATK_RNA,-0.6730713248252869
SLC1A2_RNA,-0.6735713481903076
TMEM179_RNA,-0.6736736297607422
KCNJ6_RNA,-0.674888014793396
SLITRK5_RNA,-0.6749783754348755
UNC5D_RNA,-0.6751466989517212
CCDC85A_RNA,-0.6789597272872925
GLT1D1_RNA,-0.678983747959137
PEG3_RNA,-0.6792677640914917
CRHBP_RNA,-0.68064284324646
ZNF488_RNA,-0.6807926297187805
CHRNA2_RNA,-0.6824167370796204
USH1C_RNA,-0.6824730038642883
BEND4_RNA,-0.6831542253494263
PAQR9_RNA,-0.6868909001350403
PDYN_RNA,-0.6870180368423462
SCN8A_RNA,-0.6870300769805908
SLC30A3_RNA,-0.6882528066635132
DIRAS2_RNA,-0.6883729696273804
DGKE_RNA,-0.688398540019989
NELL1_RNA,-0.6891211271286011
GFOD1_RNA,-0.6892651319503784
STOX2_RNA,-0.6893523335456848
TRPC5_RNA,-0.6900313496589661
HMGCLL1_RNA,-0.6903471350669861
LRRC3B_RNA,-0.6918533444404602
CNKSR2_RNA,-0.6922181844711304
STYK1_RNA,-0.6926058530807495
NOS1_RNA,-0.6931201219558716
PDE2A_RNA,-0.6943630576133728
DYNC1I1_RNA,-0.6957579255104065
RXFP1_RNA,-0.6959285736083984
HRK_RNA,-0.6961899399757385
MACROD2_RNA,-0.697222113609314
GRIN3A_RNA,-0.6972250938415527
RSPO2_RNA,-0.6977617144584656
MAP3K9_RNA,-0.6993162035942078
NPTX1_RNA,-0.6995305418968201
ASXL3_RNA,-0.6996236443519592
PLP1_RNA,-0.702038049697876
KIF5C_RNA,-0.702621340751648
NALCN_RNA,-0.7033988237380981
TTC9B_RNA,-0.7035076022148132
NDST3_RNA,-0.7037214636802673
ERMN_RNA,-0.7049529552459717
HTR2C_RNA,-0.7053869962692261
SNCG_RNA,-0.7061161994934082
HTR1E_RNA,-0.7063180804252625
CDKL5_RNA,-0.7088913321495056
L1CAM_RNA,-0.7103032469749451
XK_RNA,-0.7120867371559143
MAST1_RNA,-0.714881956577301
VSTM2A_RNA,-0.720110297203064
LRRTM1_RNA,-0.7206752300262451
TCEAL6_RNA,-0.7208585739135742
SIAH3_RNA,-0.72188800573349
GABBR1_RNA,-0.7220020294189453
GDAP1L1_RNA,-0.7236384749412537
HES5_RNA,-0.72373366355896
IPCEF1_RNA,-0.7239715456962585
MAPK8IP2_RNA,-0.7257357835769653
ST18_RNA,-0.7269349098205566
KCNH1_RNA,-0.7270883917808533
TCERG1L_RNA,-0.7273322343826294
NEUROD6_RNA,-0.7276622653007507
KCNH7_RNA,-0.7284064888954163
SLC6A1_RNA,-0.7284730672836304
KCNA2_RNA,-0.7285662889480591
ZC3H12B_RNA,-0.7288994789123535
JAKMIP3_RNA,-0.7289831638336182
B3GALT2_RNA,-0.7290538549423218
AMPH_RNA,-0.7291523814201355
NEFL_RNA,-0.7291727066040039
SLC7A4_RNA,-0.7299646735191345
HTR3B_RNA,-0.7300497889518738
AFF2_RNA,-0.7321674227714539
VSTM2L_RNA,-0.7333645820617676
PLEKHH1_RNA,-0.7345855236053467
PRRT2_RNA,-0.7347524166107178
CCK_RNA,-0.7358137369155884
KCNQ5_RNA,-0.73758465051651
MPP7_RNA,-0.7377768158912659
RASGRF2_RNA,-0.7380843758583069
SGSM1_RNA,-0.7384531497955322
DOCK3_RNA,-0.7394891381263733
SLC4A10_RNA,-0.7410967350006104
ZNF727_RNA,-0.7412045001983643
NECAB2_RNA,-0.7412825226783752
ATCAY_RNA,-0.7418336868286133
SST_RNA,-0.7426039576530457
GABRD_RNA,-0.7429038882255554
KCNJ4_RNA,-0.7431063055992126
GRIA2_RNA,-0.7434833645820618
SEZ6L_RNA,-0.7446032762527466
UNC80_RNA,-0.7446801662445068
NTSR2_RNA,-0.7457820177078247
WNT10B_RNA,-0.7463933825492859
OPRK1_RNA,-0.74929046630859375
SEZ6_RNA,-0.7511696219444275
MAS1_RNA,-0.7520617246627808
CAMK1G_RNA,-0.7525233030319214
KIF1A_RNA,-0.7525820136070251
CPEB3_RNA,-0.7547452449798584
ZNF536_RNA,-0.7548210024833679
FGF13_RNA,-0.755378782749176
KCNJ12_RNA,-0.757611095905304
FADS6_RNA,-0.7593198418617249
RAPGEF4_RNA,-0.7594098448753357
HHIP_RNA,-0.759560763835907
KCNIP2_RNA,-0.7605410218238831
EPHB6_RNA,-0.7615814805030823
ERBB4_RNA,-0.76177579164505
KCTD4_RNA,-0.7631235122680664
KLHL32_RNA,-0.763742983341217
CALB2_RNA,-0.7639468312263489
MMD2_RNA,-0.7639914155006409
RGS7BP_RNA,-0.7660783529281616
GJD2_RNA,-0.7668652534484863
KCNB2_RNA,-0.7671325206756592
PSD2_RNA,-0.7702614665031433
RAB3A_RNA,-0.770388126373291
MOBP_RNA,-0.7725715637207031
MCF2L2_RNA,-0.7729793190956116
NAP1L2_RNA,-0.7731052041053772
BTBD8_RNA,-0.7738686800003052
PRKCB_RNA,-0.7739199995994568
CDH7_RNA,-0.7743427157402039
RIMBP2_RNA,-0.7744247317314148
DSCAML1_RNA,-0.774490475654602
KCNK9_RNA,-0.7759803533554077
TMEM196_RNA,-0.776151180267334
CBLN2_RNA,-0.77625972032547
PTPRR_RNA,-0.7768985629081726
GNAL_RNA,-0.7799071669578552
HS3ST4_RNA,-0.7799190282821655
CDK5R1_RNA,-0.7804486751556396
PSD_RNA,-0.7810195684432983
CHRM2_RNA,-0.7815724015235901
SV2C_RNA,-0.7826137542724609
NETO1_RNA,-0.7833290696144104
SPOCK3_RNA,-0.7839823365211487
HHATL_RNA,-0.7848829627037048
ATRNL1_RNA,-0.7849677801132202
SYN3_RNA,-0.7855565547943115
CDH8_RNA,-0.7861801385879517
CLEC2L_RNA,-0.7864001393318176
PPFIA2_RNA,-0.7872977256774902
SYNGR3_RNA,-0.7911869287490845
SMPD3_RNA,-0.7914108633995056
CAMK2A_RNA,-0.7922945022583008
PCDH7_RNA,-0.7928124666213989
GLRA3_RNA,-0.7942250967025757
KCNA4_RNA,-0.794288694858551
PNMA5_RNA,-0.7957590222358704
CHRNA4_RNA,-0.7963711619377136
NRSN1_RNA,-0.7970850467681885
CARTPT_RNA,-0.798301100730896
SPTBN2_RNA,-0.7992825508117676
STXBP6_RNA,-0.8004052042961121
MTUS2_RNA,-0.8006313443183899
HLF_RNA,-0.8016554713249207
CNTNAP5_RNA,-0.8022252321243286
RIMS3_RNA,-0.8023203015327454
GNAO1_RNA,-0.803817868232727
HOOK1_RNA,-0.804092526435852
PART1_RNA,-0.8043866157531738
MCHR2_RNA,-0.8048284649848938
SPTB_RNA,-0.8050704002380371
ACSL6_RNA,-0.807447075843811
SRCIN1_RNA,-0.8078733086585999
PHYHIP_RNA,-0.8085904121398926
KIAA0319_RNA,-0.8090708255767822
KIRREL3_RNA,-0.8091433048248291
PLCH2_RNA,-0.8100449442863464
GABRA4_RNA,-0.8107378482818604
KCNA1_RNA,-0.8120772242546082
CHRNB2_RNA,-0.8124179244041443
MIAT_RNA,-0.8126675486564636
SCN2B_RNA,-0.8130656480789185
GRM3_RNA,-0.813854992389679
RTN4RL1_RNA,-0.8146603107452393
SCN2A_RNA,-0.8146803379058838
PPP1R16B_RNA,-0.8148890137672424
KCNH8_RNA,-0.8151713609695435
SLC1A6_RNA,-0.8171294927597046
REPS2_RNA,-0.8186044692993164
GOLGA7B_RNA,-0.8197948932647705
ATP8A1_RNA,-0.8200080990791321
KLK7_RNA,-0.825068473815918
SLC35F3_RNA,-0.8252617120742798
TMEM151A_RNA,-0.8258137702941895
DLG2_RNA,-0.8259247541427612
WIF1_RNA,-0.8265367150306702
CABP1_RNA,-0.8271178603172302
KCNC1_RNA,-0.8272445797920227
SOHLH1_RNA,-0.8274413347244263
KRT222_RNA,-0.828325629234314
SLC24A2_RNA,-0.8283685445785522
GRM4_RNA,-0.8289160132408142
SLITRK4_RNA,-0.8292507529258728
CNTNAP4_RNA,-0.8298538327217102
CDKL2_RNA,-0.8317073583602905
FSTL5_RNA,-0.8351147770881653
KCNS1_RNA,-0.8356360197067261
CCKBR_RNA,-0.8360347747802734
RUNDC3A_RNA,-0.8360410928726196
CHGB_RNA,-0.8361790180206299
NMNAT2_RNA,-0.8371186852455139
DACH2_RNA,-0.837304949760437
TRIM67_RNA,-0.8375747203826904
PLCXD2_RNA,-0.8376060724258423
TMEM130_RNA,-0.8385511636734009
NAV3_RNA,-0.8385564684867859
CBLN1_RNA,-0.8387812376022339
TRPV6_RNA,-0.8392285704612732
ANKS1B_RNA,-0.8406293392181396
EPHA10_RNA,-0.8412013649940491
GRM2_RNA,-0.8416609764099121
NPM2_RNA,-0.8427610397338867
ELAVL4_RNA,-0.8429039716720581
SLC6A15_RNA,-0.8440781831741333
GDA_RNA,-0.8441125750541687
SSTR3_RNA,-0.8441617488861084
TNR_RNA,-0.8452471494674683
CASKIN1_RNA,-0.847736656665802
DRD1_RNA,-0.8477959036827087
RAB11FIP4_RNA,-0.8486551642417908
STMN2_RNA,-0.8488603234291077
NRXN1_RNA,-0.8490641713142395
EMX1_RNA,-0.8543787002563477
CLSTN2_RNA,-0.8544109463691711
NGB_RNA,-0.8547059893608093
OPCML_RNA,-0.8548850417137146
PAIP2B_RNA,-0.8555963635444641
SRRM4_RNA,-0.8578406572341919
SLC25A27_RNA,-0.857896089553833
SEC14L5_RNA,-0.8588147163391113
SLC17A6_RNA,-0.8591678142547607
SPHKAP_RNA,-0.8596248030662537
ANO3_RNA,-0.8625138998031616
ELFN2_RNA,-0.8630975484848022
KCNV1_RNA,-0.8644583225250244
AIFM3_RNA,-0.8645232915878296
EPHA6_RNA,-0.8647056818008423
RIMS1_RNA,-0.8668778538703918
C1QL3_RNA,-0.8670065402984619
ZDHHC22_RNA,-0.8712546229362488
KCNK12_RNA,-0.8714074492454529
VSTM2B_RNA,-0.8717705607414246
MGAT4C_RNA,-0.8720969557762146
SHISA7_RNA,-0.8724233508110046
CA10_RNA,-0.8742140531539917
HECW1_RNA,-0.8746556043624878
GAD1_RNA,-0.8747246265411377
LGI3_RNA,-0.8749535083770752
KCNK1_RNA,-0.8750631809234619
GABRG3_RNA,-0.8752669095993042
MAP7D2_RNA,-0.8753284215927124
PRMT8_RNA,-0.8753504157066345
PHACTR3_RNA,-0.8755611181259155
SLITRK1_RNA,-0.876078724861145
NRXN3_RNA,-0.8775461316108704
LRFN2_RNA,-0.8779351115226746
DOK6_RNA,-0.8789207339286804
NAPB_RNA,-0.8795583248138428
CRYM_RNA,-0.8799421787261963
SYN2_RNA,-0.8801296353340149
NRG3_RNA,-0.8808087110519409
PTPN5_RNA,-0.8824294209480286
SYT5_RNA,-0.883934736251831
ARHGDIG_RNA,-0.8871897459030151
PNMA3_RNA,-0.8883273005485535
GABRA2_RNA,-0.8893067836761475
FGF9_RNA,-0.8894875645637512
RELN_RNA,-0.8907819390296936
FBXL16_RNA,-0.8917552828788757
C11orf87_RNA,-0.8919418454170227
CLVS2_RNA,-0.8943919539451599
DDN_RNA,-0.8946909308433533
NKAIN2_RNA,-0.896355152130127
CACNA1E_RNA,-0.8964504599571228
UBE2QL1_RNA,-0.8969330191612244
SYT2_RNA,-0.8979725241661072
GRM7_RNA,-0.898543655872345
SAMD12_RNA,-0.9001904726028442
HPCA_RNA,-0.9005679488182068
HTR1A_RNA,-0.9006831049919128
CREG2_RNA,-0.9021339416503906
ADARB2_RNA,-0.9025190472602844
AJAP1_RNA,-0.9037630558013916
CDH12_RNA,-0.9050101637840271
SNCB_RNA,-0.9051621556282043
ACTL6B_RNA,-0.9055713415145874
TPPP_RNA,-0.9061525464057922
PAK3_RNA,-0.906532883644104
SH3GL3_RNA,-0.9095143675804138
NEFH_RNA,-0.9121659398078918
UNC13A_RNA,-0.914810836315155
TBR1_RNA,-0.9156330227851868
SCN3B_RNA,-0.9165234565734863
VSNL1_RNA,-0.9184657335281372
SYP_RNA,-0.9206530451774597
KIF5A_RNA,-0.9209376573562622
CAMK4_RNA,-0.9214612245559692
CDH22_RNA,-0.9235122799873352
CPLX1_RNA,-0.9298182129859924
GABRA5_RNA,-0.934153139591217
CSMD3_RNA,-0.9349715113639832
WNK2_RNA,-0.9353036880493164
PCP4L1_RNA,-0.9369146823883057
PLCXD3_RNA,-0.9400930404663086
UNC5A_RNA,-0.9418968558311462
ANK3_RNA,-0.9420239329338074
SHANK2_RNA,-0.9431203007698059
ACBD7_RNA,-0.9432948231697083
STX1B_RNA,-0.9450050592422485
OPRM1_RNA,-0.9470999836921692
GABRB2_RNA,-0.9514033198356628
KCNH5_RNA,-0.9553334712982178
KCNS2_RNA,-0.9555026888847351
ACVR1C_RNA,-0.9556731581687927
HPSE2_RNA,-0.9603524208068848
DPP10_RNA,-0.9629750847816467
KCNJ9_RNA,-0.964372992515564
CAMKV_RNA,-0.9648287892341614
LRTM2_RNA,-0.9659126996994019
SCRT1_RNA,-0.9674487709999084
RGS7_RNA,-0.9705477952957153
PCLO_RNA,-0.9708297252655029
MPPED1_RNA,-0.9716478586196899
DLGAP2_RNA,-0.9722133874893188
ATP2B2_RNA,-0.9748092293739319
CALY_RNA,-0.9755856990814209
HPCAL4_RNA,-0.9760720133781433
HTR5A_RNA,-0.9773960709571838
ELAVL2_RNA,-0.9780512452125549
SLC6A17_RNA,-0.9784339666366577
KCNC2_RNA,-0.9797249436378479
PRKCG_RNA,-0.9803704619407654
NEGR1_RNA,-0.982857346534729
NEFM_RNA,-0.9874045848846436
SLC17A7_RNA,-0.9879719018936157
RASAL1_RNA,-0.9882232546806335
FSTL4_RNA,-0.988270103931427
STXBP5L_RNA,-0.9888133406639099
XKR7_RNA,-0.9893308877944946
GABRA3_RNA,-0.9896581172943115
SLC32A1_RNA,-0.9902762770652771
HRH3_RNA,-0.991703450679779
SHANK1_RNA,-0.9924597144126892
DOC2A_RNA,-0.994835615158081
CACNA1I_RNA,-0.9978769421577454
CDH18_RNA,-1.0003637075424194
SLC7A14_RNA,-1.0034770965576172
GPR83_RNA,-1.0048375129699707
SYN1_RNA,-1.0079905986785889
GABRB3_RNA,-1.0123405456542969
TRHDE_RNA,-1.0161795616149902
SH3GL2_RNA,-1.0164278745651245
CNTNAP2_RNA,-1.0193438529968262
HTR2A_RNA,-1.019544243812561
PCSK2_RNA,-1.0202840566635132
RIMS2_RNA,-1.0217621326446533
OPALIN_RNA,-1.022080659866333
GRM1_RNA,-1.0237125158309937
PEX5L_RNA,-1.024090051651001
MAL2_RNA,-1.024387240409851
SYT16_RNA,-1.0249507427215576
CNNM1_RNA,-1.0265581607818604
KCNB1_RNA,-1.031300663948059
SV2B_RNA,-1.031854510307312
SYT1_RNA,-1.0323398113250732
CUX2_RNA,-1.0343097448349
SLC6A7_RNA,-1.0376057624816895
CACNG2_RNA,-1.0380752086639404
PPP4R4_RNA,-1.0386583805084229
GPR26_RNA,-1.0408971309661865
SYT4_RNA,-1.041491985321045
CACNG3_RNA,-1.0458991527557373
RASGRF1_RNA,-1.0498886108398438
ATP1A3_RNA,-1.0527071952819824
GABRA1_RNA,-1.0574820041656494
HS6ST3_RNA,-1.0601218938827515
GRIN2A_RNA,-1.0618243217468262
CPNE6_RNA,-1.0646926164627075
GAD2_RNA,-1.0653438568115234
SYNPR_RNA,-1.0671128034591675
NEUROD2_RNA,-1.0715125799179077
AK5_RNA,-1.0720298290252686
TMEM151B_RNA,-1.0865368843078613
FUT9_RNA,-1.0868346691131592
OLFM3_RNA,-1.0880372524261475
GABRG1_RNA,-1.0881578922271729
SLC12A5_RNA,-1.0900375843048096
KSR2_RNA,-1.0918699502944946
SYT13_RNA,-1.0931459665298462
CHRM1_RNA,-1.0933595895767212
KCNT1_RNA,-1.0982210636138916
FAM163B_RNA,-1.099949836730957
BSN_RNA,-1.1006444692611694
GABRG2_RNA,-1.1009825468063354
HCN1_RNA,-1.1016212701797485
LRRC7_RNA,-1.1075068712234497
CHD5_RNA,-1.1107650995254517
TMEM132D_RNA,-1.1121091842651367
INA_RNA,-1.1155627965927124
PTPRT_RNA,-1.1194283962249756
SULT4A1_RNA,-1.121787428855896
KCTD16_RNA,-1.1248080730438232
CALN1_RNA,-1.1259413957595825
CHGA_RNA,-1.125953197479248
ATP8A2_RNA,-1.1283462047576904
UNC13C_RNA,-1.1363804340362549
GJB6_RNA,-1.1378464698791504
ATP2B3_RNA,-1.1395690441131592
PACSIN1_RNA,-1.140788197517395
SVOP_RNA,-1.144275188446045
FRMPD4_RNA,-1.1444828510284424
JPH3_RNA,-1.1566635370254517
GRM5_RNA,-1.1576405763626099
SSTR1_RNA,-1.162306547164917
SNAP25_RNA,-1.162811517715454
GRIN2B_RNA,-1.1637051105499268
WSCD2_RNA,-1.17580246925354
KCNJ3_RNA,-1.1766958236694336
ST8SIA3_RNA,-1.1789233684539795
RYR2_RNA,-1.2031495571136475
PPP2R2C_RNA,-1.2117034196853638
SLC8A2_RNA,-1.2123953104019165
CACNA1B_RNA,-1.212864875793457
RAB3C_RNA,-1.2197269201278687
C4orf50_RNA,-1.231716513633728
SNAP91_RNA,-1.2634979486465454
GRIN1_RNA,-1.2695488929748535
MYT1L_RNA,-1.2865781784057617
CPLX2_RNA,-1.3104965686798096
