gene,score
FAM131B_RNA,0.6478213667869568
SEMA5A_RNA,0.6218470931053162
SNORA12_RNA,0.6183516979217529
IGFBP2_RNA,0.6178419589996338
SNORA5C_RNA,0.6002752780914307
LRRTM2_RNA,0.590571403503418
DUSP5_RNA,0.5799829959869385
PCDH1_RNA,0.5725560784339905
KCNQ2_RNA,0.5693324208259583
SLC2A13_RNA,0.555760383605957
TMEM121_RNA,0.5540502667427063
CSPG4_RNA,0.5532479882240295
IL1RAP_RNA,0.5431830286979675
BCAT1_RNA,0.5378167629241943
FBLIM1_RNA,0.5347782373428345
LZTS1_RNA,0.5315744876861572
COL18A1_RNA,0.5086531639099121
SHC3_RNA,0.5086215734481812
F12_RNA,0.5060222744941711
TRAF4_RNA,0.502634584903717
TRNP1_RNA,0.5025536417961121
SNTG1_RNA,0.4933226406574249
COL9A3_RNA,0.49020567536354065
SNORA74A_RNA,0.48887506127357483
SNORA80B_RNA,0.48866909742355347
PCDHGC3_RNA,0.4850796163082123
DIRAS1_RNA,0.4846307337284088
SLC35F1_RNA,0.48305732011795044
PCDHGC4_RNA,0.48264577984809875
HSPG2_RNA,0.4818436801433563
TRIB2_RNA,0.48098161816596985
KCNF1_RNA,0.4799184203147888
ABHD2_RNA,0.473608136177063
SPRED3_RNA,0.4716407358646393
CYP51A1_RNA,0.47081369161605835
UBE2S_RNA,0.47070586681365967
SNORA74B_RNA,0.4681418538093567
FGF14_RNA,0.4673509895801544
PCDHAC2_RNA,0.46684926748275757
UBASH3B_RNA,0.4667603075504303
CAMK2B_RNA,0.4640187621116638
ZNF460_RNA,0.462850958108902
MGAT3_RNA,0.4621700346469879
KCNA2_RNA,0.45818328857421875
SPC24_RNA,0.45733165740966797
PDE4B_RNA,0.4573124051094055
HOMER1_RNA,0.45625168085098267
RGS7BP_RNA,0.45513710379600525
SHROOM2_RNA,0.44887709617614746
SPRY4_RNA,0.4487611651420593
VWA1_RNA,0.4473690986633301
DNAJC6_RNA,0.44660207629203796
IER5L_RNA,0.4444727301597595
LAMB1_RNA,0.4431861340999603
UNC13A_RNA,0.4423198997974396
B3GNT7_RNA,0.44208404421806335
TMSB10_RNA,0.4409751296043396
MYO5A_RNA,0.44084542989730835
ADAMTS1_RNA,0.4397086501121521
COL4A1_RNA,0.43965643644332886
TTC9B_RNA,0.43955206871032715
NID2_RNA,0.4393523335456848
KHDRBS3_RNA,0.4389910399913788
FSD1_RNA,0.4385574460029602
COL6A2_RNA,0.4371512234210968
SNORA54_RNA,0.43660280108451843
AGAP1_RNA,0.4353713095188141
C2CD4C_RNA,0.4352723956108093
THY1_RNA,0.4341675043106079
ASPHD2_RNA,0.4287702739238739
COL4A2_RNA,0.4285419285297394
ADAMTS4_RNA,0.42807629704475403
MCHR1_RNA,0.42714422941207886
MAD2L2_RNA,0.4262620210647583
PCDHGC5_RNA,0.4260411262512207
SNORD15B_RNA,0.4241737127304077
TRIO_RNA,0.4229864180088043
RAB15_RNA,0.4202263355255127
RNU6ATAC_RNA,0.41902923583984375
DIRAS2_RNA,0.41862574219703674
PHLDA1_RNA,0.41796982288360596
SNORA5A_RNA,0.41680067777633667
RIMS1_RNA,0.41397586464881897
PPARGC1B_RNA,0.4122568666934967
LINGO1_RNA,0.41098275780677795
EEF1A2_RNA,0.4109552800655365
ADAM12_RNA,0.4109439551830292
SEMA6B_RNA,0.4106189012527466
SNORD94_RNA,0.4101826250553131
XYLT1_RNA,0.4099785387516022
FREM2_RNA,0.4092159867286682
TNFRSF12A_RNA,0.40862393379211426
CNTNAP5_RNA,0.40774843096733093
NPTXR_RNA,0.40665459632873535
LRP3_RNA,0.40662312507629395
S1PR2_RNA,0.4064398407936096
ADAMTS9_RNA,0.40612053871154785
MCAM_RNA,0.40559330582618713
AEN_RNA,0.40487140417099
SEMA7A_RNA,0.4043421745300293
FABP7_RNA,0.4042389392852783
RPLP0_RNA,0.4040113389492035
THBS1_RNA,0.4040015935897827
ARSJ_RNA,0.40278714895248413
FSCN1_RNA,0.40257778763771057
AFAP1_RNA,0.4020017683506012
RASSF2_RNA,0.4017663896083832
DCHS1_RNA,0.4011268615722656
GAP43_RNA,0.4010637700557709
PLAT_RNA,0.4003313481807709
PLLP_RNA,0.3997891843318939
GPRIN1_RNA,0.39875760674476624
SOCS3_RNA,0.3986974060535431
TUBA1B_RNA,0.3982400596141815
LAMA4_RNA,0.3974548280239105
SCARNA21_RNA,0.3972225487232208
RIMS4_RNA,0.39659467339515686
ULBP2_RNA,0.39598947763442993
FAT1_RNA,0.39473217725753784
TNFRSF21_RNA,0.39465028047561646
RPL18A_RNA,0.39316946268081665
MMP16_RNA,0.39278343319892883
EPHB3_RNA,0.3927026689052582
KCNS3_RNA,0.3919139504432678
HAPLN1_RNA,0.39163878560066223
GDF15_RNA,0.39134645462036133
SNORD17_RNA,0.3913068175315857
DYNC1H1_RNA,0.39076873660087585
HECW1_RNA,0.38988906145095825
SCN8A_RNA,0.38972774147987366
ASPHD1_RNA,0.3890889286994934
CADM2_RNA,0.38801109790802
ITGA3_RNA,0.3879394233226776
VGF_RNA,0.38781654834747314
TMEM132B_RNA,0.38730907440185547
SH2D5_RNA,0.38591906428337097
DLC1_RNA,0.3849387764930725
ITGA5_RNA,0.3847298324108124
SNORA49_RNA,0.38468584418296814
SPRY1_RNA,0.3833185136318207
NME1_RNA,0.38278526067733765
BIRC5_RNA,0.38264259696006775
EEF2_RNA,0.38216647505760193
BSN_RNA,0.38179251551628113
SYNGR3_RNA,0.381487101316452
SNX22_RNA,0.381116658449173
PDZD2_RNA,0.38084203004837036
DPYSL5_RNA,0.38050398230552673
JAG1_RNA,0.38036614656448364
BATF3_RNA,0.38015756011009216
ARHGDIG_RNA,0.37979450821876526
WDR62_RNA,0.3797844648361206
LGALS1_RNA,0.37960749864578247
KIF20A_RNA,0.37931570410728455
PSMD8_RNA,0.3789108693599701
CPNE5_RNA,0.37882405519485474
NOTCH3_RNA,0.37867385149002075
PPP1R14B_RNA,0.37860655784606934
SV2A_RNA,0.3778136968612671
STK32B_RNA,0.37707772850990295
EXTL3_RNA,0.37658485770225525
PIN1_RNA,0.3756449520587921
ATCAY_RNA,0.37484803795814514
COL5A1_RNA,0.3747214674949646
SNORA37_RNA,0.374059796333313
SNORA38B_RNA,0.3740155100822449
SCARNA7_RNA,0.37386348843574524
SHISA9_RNA,0.37358731031417847
QSOX1_RNA,0.37258780002593994
KCNK10_RNA,0.3723944425582886
PTGIS_RNA,0.3717023432254791
TIMP1_RNA,0.3711855411529541
SNORA47_RNA,0.37081003189086914
ENC1_RNA,0.37052610516548157
PTTG1_RNA,0.37047645449638367
LRRK2_RNA,0.370351642370224
PTPRE_RNA,0.37034517526626587
COX7A2_RNA,0.37025365233421326
DGKG_RNA,0.3693852126598358
EHD4_RNA,0.3692924678325653
ADORA2B_RNA,0.3690650463104248
LGALS3_RNA,0.3688523471355438
VLDLR_RNA,0.368449866771698
GFOD1_RNA,0.3681323230266571
OPRD1_RNA,0.36761102080345154
LRP1_RNA,0.3668479025363922
SLC1A1_RNA,0.3666858375072479
IQGAP3_RNA,0.3651064932346344
RTN4R_RNA,0.3650328516960144
DUSP4_RNA,0.36500003933906555
BEGAIN_RNA,0.3648360073566437
UBE2C_RNA,0.364338755607605
EPN2_RNA,0.36418643593788147
EFNA2_RNA,0.3623642027378082
RPL7A_RNA,0.36211827397346497
CAMK2D_RNA,0.36207452416419983
NDUFB7_RNA,0.3620043098926544
SYP_RNA,0.36147263646125793
CHST11_RNA,0.36136478185653687
SERPINE1_RNA,0.3613417446613312
CHST8_RNA,0.3613049387931824
STMN3_RNA,0.36122140288352966
NPM3_RNA,0.3607870936393738
TET1_RNA,0.3584214746952057
CDKN3_RNA,0.35746920108795166
CHRNA4_RNA,0.35734590888023376
TMEM160_RNA,0.35722365975379944
CAMK2N2_RNA,0.3561876118183136
WSCD1_RNA,0.3561771810054779
ALDH1B1_RNA,0.35601189732551575
SULF2_RNA,0.3556433320045471
LHFPL3_RNA,0.35536959767341614
LRP1B_RNA,0.35457634925842285
PRKCE_RNA,0.3545718193054199
TULP4_RNA,0.35444843769073486
BZW2_RNA,0.35410985350608826
MDFI_RNA,0.3540085256099701
IDS_RNA,0.35397711396217346
OLIG2_RNA,0.3531343936920166
AGRN_RNA,0.353103905916214
KCNH3_RNA,0.35281896591186523
LAMC1_RNA,0.3527306914329529
CAMSAP1_RNA,0.3527033030986786
CHST3_RNA,0.3526788651943207
AP1S1_RNA,0.3526706397533417
ANK1_RNA,0.3522884249687195
TK1_RNA,0.3521268963813782
PPP1R16B_RNA,0.3519657552242279
RIN1_RNA,0.35194069147109985
SHF_RNA,0.35192203521728516
PPFIA3_RNA,0.3518388867378235
RAPGEF4_RNA,0.3513750731945038
SH3RF1_RNA,0.3508879244327545
ATG4D_RNA,0.35060855746269226
FBXO41_RNA,0.3503850996494293
EIF4EBP1_RNA,0.35031965374946594
CREB3L1_RNA,0.35001155734062195
RPS5_RNA,0.34980523586273193
DLGAP5_RNA,0.3497500717639923
RTKN_RNA,0.34920573234558105
METRNL_RNA,0.3490349054336548
CNN2_RNA,0.34823593497276306
LIF_RNA,0.3481612503528595
PLXNA1_RNA,0.3479730784893036
PRMT1_RNA,0.3478054404258728
ADAM11_RNA,0.3477780520915985
ENO1_RNA,0.34754833579063416
CENPM_RNA,0.34671011567115784
DIP2B_RNA,0.3465418815612793
DOK4_RNA,0.34651318192481995
SHROOM4_RNA,0.346487432718277
SNORA7B_RNA,0.34592047333717346
DGKI_RNA,0.3456689715385437
TRIB3_RNA,0.34555748105049133
SLC35E4_RNA,0.3452486991882324
ARMC6_RNA,0.34476903080940247
SYNGR1_RNA,0.34438303112983704
RRM2_RNA,0.3443737030029297
COL3A1_RNA,0.34368255734443665
TUBB2A_RNA,0.34332287311553955
GAS2L3_RNA,0.34313052892684937
IL27RA_RNA,0.34287840127944946
RPL36_RNA,0.34287288784980774
ST8SIA5_RNA,0.3420671224594116
MMP2_RNA,0.34164032340049744
MMP17_RNA,0.34155774116516113
RPL41_RNA,0.3413206934928894
MYT1_RNA,0.34131211042404175
NDUFA4L2_RNA,0.341063529253006
PSMB5_RNA,0.3408741354942322
RASD2_RNA,0.34034037590026855
JPH4_RNA,0.34028100967407227
ELMOD1_RNA,0.3401792347431183
CDC20_RNA,0.33903491497039795
GOT1_RNA,0.3386687934398651
DGKZ_RNA,0.3385934829711914
HMGA1_RNA,0.3382154405117035
OSBP2_RNA,0.33773064613342285
GPR12_RNA,0.33752232789993286
ZNF124_RNA,0.33661386370658875
SH3BP4_RNA,0.3364377021789551
ADCY1_RNA,0.3364270031452179
CCNA2_RNA,0.3363119661808014
ZFR2_RNA,0.33608105778694153
VTRNA1-1_RNA,0.3357817232608795
AKAP12_RNA,0.33511167764663696
ETV5_RNA,0.3349209427833557
AKR1E2_RNA,0.33464738726615906
SEZ6L2_RNA,0.3346461355686188
CD93_RNA,0.33439311385154724
TYRO3_RNA,0.3343852162361145
LHX2_RNA,0.3338543176651001
OGDHL_RNA,0.33372023701667786
TNFAIP6_RNA,0.332927405834198
FBN3_RNA,0.33257725834846497
CDH8_RNA,0.33241578936576843
TBCB_RNA,0.3322345018386841
PTN_RNA,0.33208051323890686
CHSY3_RNA,0.3320433795452118
FHDC1_RNA,0.33166512846946716
GPC1_RNA,0.3312091827392578
ICAM5_RNA,0.33110830187797546
ZNF365_RNA,0.3310838043689728
PNPLA3_RNA,0.33091694116592407
SNCB_RNA,0.33084750175476074
PTPRJ_RNA,0.33075961470603943
SYT3_RNA,0.33062076568603516
PAQR9_RNA,0.3304733633995056
HR_RNA,0.3302074074745178
CDKN1A_RNA,0.3297851085662842
ENPEP_RNA,0.3297576308250427
CDK6_RNA,0.3297303020954132
MDGA2_RNA,0.32963380217552185
TTC39C_RNA,0.3295535445213318
GIPC1_RNA,0.3282420337200165
SDC1_RNA,0.3281349539756775
ADAMTS14_RNA,0.32792842388153076
LIMA1_RNA,0.3277607560157776
GNG7_RNA,0.32754266262054443
RPSA_RNA,0.32742974162101746
RAB33A_RNA,0.3266993463039398
RAPH1_RNA,0.3262384831905365
LYPD1_RNA,0.32580405473709106
PARVB_RNA,0.3257881700992584
RAB3D_RNA,0.3249881863594055
RPS28_RNA,0.324828565120697
VAV3_RNA,0.3241896629333496
NANOS3_RNA,0.3238930404186249
TLE2_RNA,0.3238297998905182
GNG2_RNA,0.3237612247467041
GAPDH_RNA,0.32319000363349915
ESPL1_RNA,0.32302236557006836
B3GAT1_RNA,0.32298651337623596
GABRD_RNA,0.3229840397834778
ACAN_RNA,0.3228253722190857
SIRT2_RNA,0.3227168619632721
CHCHD6_RNA,0.32266852259635925
RNF157_RNA,0.3224771022796631
FCRLA_RNA,0.3222634196281433
HSPA12A_RNA,0.322211891412735
EEF1A1_RNA,0.3221261203289032
NCLN_RNA,0.321917861700058
GTSE1_RNA,0.3216148316860199
TREH_RNA,0.32152196764945984
ARHGEF2_RNA,0.32132136821746826
TPI1_RNA,0.3212777376174927
PCBP4_RNA,0.32078272104263306
FJX1_RNA,0.32076331973075867
AURKA_RNA,0.32069146633148193
LSM7_RNA,0.3205394148826599
FARSA_RNA,0.3205123245716095
DES_RNA,0.3203854560852051
SNORA28_RNA,0.32029950618743896
RPS18_RNA,0.3199877142906189
COL12A1_RNA,0.3193008005619049
MYBL2_RNA,0.3192196786403656
PHPT1_RNA,0.31906479597091675
MYC_RNA,0.3190023899078369
DCC_RNA,0.31890299916267395
SYN3_RNA,0.3187183439731598
SF3B5_RNA,0.3186160624027252
HSPA6_RNA,0.3183983862400055
RPS29_RNA,0.3183601200580597
DNM1_RNA,0.31834644079208374
PRKCZ_RNA,0.31786394119262695
RPL37A_RNA,0.3178379237651825
ITGA8_RNA,0.31773295998573303
CHL1_RNA,0.31711894273757935
IGF2BP2_RNA,0.31702467799186707
KIF2C_RNA,0.3169499635696411
ACOT7_RNA,0.31677836179733276
NLGN3_RNA,0.3167632818222046
NPR3_RNA,0.31630876660346985
TNFAIP8L1_RNA,0.3162490427494049
ZNF516_RNA,0.3159025311470032
TOMM22_RNA,0.3158189654350281
SCARNA5_RNA,0.31580936908721924
CD63_RNA,0.3156810998916626
TSPO_RNA,0.31562280654907227
COL20A1_RNA,0.3153378665447235
MAP2_RNA,0.31529033184051514
TMEM181_RNA,0.3152516186237335
RUNDC3A_RNA,0.314866840839386
TMOD2_RNA,0.3142973482608795
ZNF462_RNA,0.31422293186187744
SSR2_RNA,0.3141191005706787
VWF_RNA,0.31373295187950134
ULBP3_RNA,0.3136226236820221
ANO3_RNA,0.3135916590690613
PSD3_RNA,0.31331026554107666
NT5E_RNA,0.3131033778190613
ANGPTL4_RNA,0.31302013993263245
COX8A_RNA,0.3127310872077942
NES_RNA,0.31258630752563477
ACER2_RNA,0.3110160529613495
PODXL2_RNA,0.31075555086135864
BRSK1_RNA,0.31022024154663086
KCNC1_RNA,0.31010374426841736
IGSF9B_RNA,0.3096565306186676
PVR_RNA,0.3096331059932709
MKI67_RNA,0.30945417284965515
GADD45A_RNA,0.3091389834880829
GDAP1L1_RNA,0.3091103434562683
SEZ6L_RNA,0.308937132358551
BEX1_RNA,0.3089209198951721
PYCR1_RNA,0.30856606364250183
LBH_RNA,0.3085428476333618
CACNG2_RNA,0.3084058463573456
ILVBL_RNA,0.3083515465259552
RAP1GAP2_RNA,0.3082333207130432
RPL35_RNA,0.3081764280796051
NIPSNAP1_RNA,0.3078908324241638
LNX1_RNA,0.3078779876232147
DUSP6_RNA,0.3078688979148865
RTN2_RNA,0.30786091089248657
PGAM1_RNA,0.30767345428466797
PSMC3_RNA,0.307597279548645
SCG2_RNA,0.3073301613330841
CDCA2_RNA,0.307297945022583
NOP10_RNA,0.3070862889289856
CDH2_RNA,0.3070714473724365
MTUS2_RNA,0.30706360936164856
DPF1_RNA,0.3070177435874939
ZNF649_RNA,0.30694887042045593
NF2_RNA,0.30685073137283325
PLIN3_RNA,0.3065562844276428
SULT4A1_RNA,0.30546796321868896
NAV1_RNA,0.3051092326641083
ABCG4_RNA,0.30510470271110535
ELFN1_RNA,0.30481407046318054
CLIC1_RNA,0.3046386241912842
HBEGF_RNA,0.3044363260269165
GRIA2_RNA,0.30403342843055725
FADS6_RNA,0.3038805425167084
GPI_RNA,0.30334824323654175
PHLDA2_RNA,0.3032066226005554
CDKN2AIPNL_RNA,0.30312666296958923
TUBB2B_RNA,0.30260881781578064
MAPK8IP2_RNA,0.30260318517684937
DGCR6L_RNA,0.302587628364563
POU3F1_RNA,0.3023277521133423
SKA1_RNA,0.3021703064441681
ALKBH7_RNA,0.3019377887248993
ECSIT_RNA,0.30191951990127563
NEK6_RNA,0.30172237753868103
C2orf80_RNA,0.30098670721054077
PIM3_RNA,0.30095550417900085
AMOTL2_RNA,0.3008342683315277
KCNN1_RNA,0.30069464445114136
CRISPLD2_RNA,0.30005237460136414
GLDC_RNA,0.2998446524143219
MRPS18A_RNA,0.29982197284698486
BTBD6_RNA,0.2998169958591461
INSR_RNA,0.29973500967025757
MICALL1_RNA,0.29966679215431213
PDIA6_RNA,0.29934272170066833
KCND3_RNA,0.2992495596408844
CCT5_RNA,0.29924529790878296
PRKCB_RNA,0.29883477091789246
CGREF1_RNA,0.2983395755290985
LDLR_RNA,0.29821956157684326
MRPL54_RNA,0.29818862676620483
SNORD114-3_RNA,0.2980651259422302
SLC25A25_RNA,0.29775115847587585
OPRM1_RNA,0.2976599335670471
RAC3_RNA,0.2976510524749756
RPL18_RNA,0.29712656140327454
HSPA8_RNA,0.2968333065509796
CCNB1_RNA,0.2966938614845276
CENPV_RNA,0.29646486043930054
OAF_RNA,0.2962166368961334
CALM3_RNA,0.2961643636226654
MICAL2_RNA,0.29607757925987244
EHD2_RNA,0.29606834053993225
SHISA7_RNA,0.2959171533584595
ATP6V0B_RNA,0.2959052324295044
TIMM13_RNA,0.29587721824645996
CCND1_RNA,0.2956160306930542
RACGAP1_RNA,0.29559457302093506
AIF1L_RNA,0.29542264342308044
SLC12A5_RNA,0.29528874158859253
CDH7_RNA,0.295166015625
TSPAN17_RNA,0.29507726430892944
MCM10_RNA,0.2949797511100769
SLITRK1_RNA,0.2948264479637146
CNN1_RNA,0.29460734128952026
RPL29_RNA,0.2945752441883087
PTPN9_RNA,0.29450204968452454
CEP55_RNA,0.2943507432937622
COX6A1_RNA,0.2941040098667145
TMEM161A_RNA,0.293978750705719
B4GALT2_RNA,0.293748676776886
FBXW7_RNA,0.29367271065711975
SBNO2_RNA,0.29306235909461975
UBA52_RNA,0.29294535517692566
RPS15_RNA,0.2927896976470947
ATL1_RNA,0.2927536070346832
ANXA2_RNA,0.2926981449127197
BMP8B_RNA,0.2925434410572052
PDGFC_RNA,0.29229965806007385
SLAIN1_RNA,0.2921042740345001
PTPRZ1_RNA,0.29207226634025574
PTPRH_RNA,0.29175546765327454
GAD1_RNA,0.29172956943511963
PLOD1_RNA,0.29134121537208557
OAZ1_RNA,0.2910631597042084
KIF3C_RNA,0.29104945063591003
LRFN1_RNA,0.29086941480636597
KCNK3_RNA,0.2908271253108978
ISOC2_RNA,0.29075226187705994
KANK1_RNA,0.29025202989578247
LMNB2_RNA,0.2899264693260193
RAB3A_RNA,0.28974536061286926
NR2C2AP_RNA,0.2893783748149872
DDIT4_RNA,0.2893636226654053
MRPL14_RNA,0.2892679274082184
SIPA1L2_RNA,0.2891644537448883
RHOC_RNA,0.2891007661819458
RPL39_RNA,0.28865450620651245
SNX30_RNA,0.288575142621994
CALM1_RNA,0.28855597972869873
TMEM183A_RNA,0.2885289192199707
SPRED1_RNA,0.28844213485717773
VSTM2B_RNA,0.28835171461105347
SDCBP2_RNA,0.2882192134857178
HERC1_RNA,0.2881008982658386
RPS3A_RNA,0.28802287578582764
COL15A1_RNA,0.2879847288131714
CHRD_RNA,0.28797343373298645
PGK1_RNA,0.28796276450157166
DHRS13_RNA,0.2879149615764618
FHL2_RNA,0.28767767548561096
GADD45B_RNA,0.2875611186027527
PHLDB1_RNA,0.28753870725631714
CHRM1_RNA,0.2873319387435913
DISC1_RNA,0.2871948778629303
CLMN_RNA,0.2871725261211395
TMEM147_RNA,0.28706246614456177
CCNF_RNA,0.2869930565357208
PFKP_RNA,0.28685301542282104
PRKAR1B_RNA,0.28683122992515564
DDX49_RNA,0.28662607073783875
CNTN4_RNA,0.28630563616752625
ETS1_RNA,0.2862584888935089
CD320_RNA,0.28604254126548767
ADAMTS7_RNA,0.28585124015808105
LPL_RNA,0.28572097420692444
OLFM2_RNA,0.285589337348938
LOXL2_RNA,0.2855307161808014
RGS17_RNA,0.28533703088760376
HUNK_RNA,0.28523197770118713
SNRPB_RNA,0.2851859927177429
PLAU_RNA,0.2850760519504547
TTC9_RNA,0.2849399745464325
VPS37D_RNA,0.2847931981086731
FNDC3B_RNA,0.28477609157562256
IGF2BP3_RNA,0.28472474217414856
PSD_RNA,0.2846049964427948
NBAS_RNA,0.2845819890499115
POLQ_RNA,0.2844875156879425
CYB5R2_RNA,0.28429311513900757
COX6B1_RNA,0.28411075472831726
INPP5J_RNA,0.2841106951236725
PLEKHM3_RNA,0.2840675115585327
PPP1CA_RNA,0.28396400809288025
ZDHHC9_RNA,0.2838413715362549
GPR155_RNA,0.283806711435318
RPL24_RNA,0.28373977541923523
CHST7_RNA,0.28362923860549927
SNORA38_RNA,0.28357332944869995
GRIA1_RNA,0.283515989780426
ISG20_RNA,0.28350913524627686
MXRA7_RNA,0.2834964096546173
LBX1_RNA,0.28343603014945984
TSKU_RNA,0.2833166718482971
GRIK3_RNA,0.2832799553871155
RTN4RL2_RNA,0.28322768211364746
LDHA_RNA,0.2831890285015106
ADCY5_RNA,0.28312861919403076
NIPAL3_RNA,0.2831231653690338
AFAP1L2_RNA,0.28311648964881897
SLC9A7_RNA,0.28301823139190674
AP2S1_RNA,0.28288164734840393
CYFIP2_RNA,0.28277507424354553
SYT14_RNA,0.2826245427131653
SCN1B_RNA,0.2826174199581146
HJURP_RNA,0.2826045751571655
EIF3L_RNA,0.2824954092502594
B4GALNT3_RNA,0.28233274817466736
KLHL29_RNA,0.2822645604610443
PTPRS_RNA,0.28206512331962585
PLD3_RNA,0.2817934453487396
TGFB1I1_RNA,0.28175029158592224
FAM184B_RNA,0.2817111909389496
PLOD3_RNA,0.2816706597805023
RPS2_RNA,0.2815079689025879
TMEM198_RNA,0.28143516182899475
CDC25C_RNA,0.28143367171287537
RNF41_RNA,0.2814299464225769
MAPK11_RNA,0.28130489587783813
RPS19_RNA,0.2810419499874115
RPS14_RNA,0.2810358703136444
CITED1_RNA,0.2810152769088745
CSMD2_RNA,0.28089994192123413
UQCRC1_RNA,0.28079962730407715
ASF1B_RNA,0.2806587517261505
PREP_RNA,0.28060561418533325
TLE6_RNA,0.28052809834480286
PSMC1_RNA,0.2804034650325775
LRRC32_RNA,0.280084490776062
CDCA4_RNA,0.2797151803970337
PDGFA_RNA,0.27966606616973877
PTX3_RNA,0.2795321047306061
GALNT9_RNA,0.2795252799987793
NCDN_RNA,0.2795228660106659
MCF2L_RNA,0.2794763743877411
MAP3K4_RNA,0.2794419527053833
AHCY_RNA,0.2794344127178192
CDCA5_RNA,0.2790793776512146
TNR_RNA,0.2790773808956146
GRWD1_RNA,0.2790529429912567
ITPKA_RNA,0.27874284982681274
CNR1_RNA,0.27867305278778076
ZBTB20_RNA,0.27865540981292725
NAB2_RNA,0.2783597409725189
KCNMB4_RNA,0.2782997786998749
LONRF2_RNA,0.27815288305282593
CLPP_RNA,0.2779883146286011
NLGN4X_RNA,0.2779810428619385
CDKN2D_RNA,0.2768704891204834
TPX2_RNA,0.27667906880378723
CDH5_RNA,0.276380330324173
ATP2A2_RNA,0.2763480842113495
SPTBN2_RNA,0.2762358486652374
CORO2A_RNA,0.2762274444103241
CCNB2_RNA,0.27601248025894165
ATP8A2_RNA,0.27584442496299744
TMEM151B_RNA,0.27572253346443176
SPSB4_RNA,0.27561235427856445
COCH_RNA,0.27548229694366455
YIF1B_RNA,0.2752571702003479
GLT1D1_RNA,0.27488964796066284
CAMK2A_RNA,0.27456456422805786
SRPX_RNA,0.2744016945362091
SERTAD1_RNA,0.2741859555244446
MVP_RNA,0.27411505579948425
KIF13B_RNA,0.27405092120170593
BUB1B_RNA,0.27390098571777344
TAGLN2_RNA,0.27386969327926636
ARAP3_RNA,0.2736692428588867
BRF2_RNA,0.27337148785591125
INSM2_RNA,0.2733232378959656
GPHN_RNA,0.27322277426719666
UQCRFS1_RNA,0.27309271693229675
SAMD4A_RNA,0.27308905124664307
LRRC4C_RNA,0.2730780243873596
DNM3_RNA,0.2729404866695404
NDUFA3_RNA,0.27293699979782104
NEIL3_RNA,0.2727295160293579
PRMT5_RNA,0.2725651264190674
ACE_RNA,0.2725103199481964
ZCCHC24_RNA,0.27247104048728943
MEIS3_RNA,0.272037535905838
SAE1_RNA,0.2719886898994446
RPL12_RNA,0.2719026505947113
PEG3_RNA,0.2716751992702484
SCN2A_RNA,0.2716069221496582
BSG_RNA,0.2715138792991638
SLC18A1_RNA,0.27134746313095093
TMEM229B_RNA,0.2710411250591278
RPL6_RNA,0.271026611328125
MRPS12_RNA,0.2708911597728729
TRIP13_RNA,0.27086135745048523
UHRF1_RNA,0.270836740732193
DOLPP1_RNA,0.270644873380661
VDAC2_RNA,0.27051451802253723
PRDX4_RNA,0.27049872279167175
TBX2_RNA,0.2704837918281555
RPL23A_RNA,0.2700153589248657
NBEA_RNA,0.27000483870506287
ALK_RNA,0.26999738812446594
BUB1_RNA,0.2698281705379486
KLHL11_RNA,0.26970526576042175
NCAPH_RNA,0.26964038610458374
ATP6V1E1_RNA,0.26946282386779785
ACAT2_RNA,0.2693316340446472
RGS6_RNA,0.26928412914276123
AURKB_RNA,0.26916712522506714
SLC17A6_RNA,0.2691313624382019
ITPR1_RNA,0.2690768539905548
NKX2-2_RNA,0.2690596878528595
SLC4A8_RNA,0.2689490020275116
RAB3IP_RNA,0.2689399719238281
DOCK6_RNA,0.26880764961242676
NTRK3_RNA,0.26847049593925476
STC1_RNA,0.26840466260910034
RIMS3_RNA,0.2683737874031067
FNDC4_RNA,0.2681213915348053
EIF6_RNA,0.26808908581733704
ZNF74_RNA,0.26798057556152344
MACF1_RNA,0.26796984672546387
GCAT_RNA,0.2678349018096924
FASN_RNA,0.2675824761390686
KCNK9_RNA,0.26719698309898376
MAFF_RNA,0.2670619487762451
VRK1_RNA,0.2670525908470154
GNA11_RNA,0.2669973373413086
PBK_RNA,0.26694899797439575
PTPRR_RNA,0.26685917377471924
PPP1R14C_RNA,0.26674720644950867
ANK3_RNA,0.26654964685440063
DOHH_RNA,0.2664625942707062
RPL32_RNA,0.26633220911026
MMP15_RNA,0.2661769986152649
TUBA1A_RNA,0.2660496234893799
MAPK1_RNA,0.26598718762397766
HK1_RNA,0.26584291458129883
CDCA8_RNA,0.26580291986465454
GUCY1A2_RNA,0.26559174060821533
SLC38A1_RNA,0.2655450999736786
KCNIP1_RNA,0.2654886841773987
HYOU1_RNA,0.26534411311149597
PDGFRB_RNA,0.2652568221092224
SATB2_RNA,0.26519471406936646
GRIA3_RNA,0.2651386260986328
L1CAM_RNA,0.26504015922546387
NXPH4_RNA,0.2649005651473999
TIMP4_RNA,0.2648872435092926
ZYX_RNA,0.2648358941078186
TBC1D10A_RNA,0.2648184299468994
ARC_RNA,0.264726847410202
PTPRN_RNA,0.2646443843841553
HYAL2_RNA,0.2645101845264435
ICAM1_RNA,0.2644968032836914
AIP_RNA,0.26441270112991333
H19_RNA,0.2643892467021942
EHD3_RNA,0.2643846571445465
DUS3L_RNA,0.2641809582710266
CHRNB2_RNA,0.2640477120876312
PTGFRN_RNA,0.2638291120529175
JPH3_RNA,0.2635038495063782
ADCY9_RNA,0.2634742856025696
SLC36A1_RNA,0.26342546939849854
MMP14_RNA,0.26333919167518616
CDH6_RNA,0.26332882046699524
LMNA_RNA,0.2632698118686676
GLRB_RNA,0.262916624546051
CD151_RNA,0.2627881169319153
MYO9B_RNA,0.2627241611480713
COL6A1_RNA,0.2626664936542511
SNRPD2_RNA,0.26258713006973267
KIFC1_RNA,0.2624991536140442
ASS1_RNA,0.2624417543411255
RPN1_RNA,0.26236167550086975
ACLY_RNA,0.2622763514518738
GRB10_RNA,0.26192858815193176
DSCAM_RNA,0.26166948676109314
RPL10A_RNA,0.2616656422615051
SURF4_RNA,0.26166093349456787
MYH9_RNA,0.2616218030452728
RPS11_RNA,0.2611524760723114
MAP3K1_RNA,0.2610735297203064
PREX1_RNA,0.2610616981983185
NKAIN1_RNA,0.26057517528533936
CSNK1A1_RNA,0.2605670094490051
RAN_RNA,0.26050424575805664
KLF16_RNA,0.26040300726890564
TMEM158_RNA,0.26015570759773254
C19orf12_RNA,0.2597222328186035
MAP2K2_RNA,0.25971925258636475
MED27_RNA,0.2596743404865265
LAMC3_RNA,0.2596358358860016
PGAP1_RNA,0.25935542583465576
HBA2_RNA,0.25931107997894287
UTP20_RNA,0.2592307925224304
TROAP_RNA,0.25921761989593506
ASTN1_RNA,0.25913548469543457
EPHA2_RNA,0.25910207629203796
SLCO4A1_RNA,0.25882747769355774
VCAN_RNA,0.25878047943115234
COL6A3_RNA,0.2587648630142212
CRKL_RNA,0.25873827934265137
PLK2_RNA,0.25821635127067566
THBD_RNA,0.25820207595825195
CPNE4_RNA,0.2580556869506836
MMP9_RNA,0.25804468989372253
AKT1_RNA,0.2580294907093048
FRMPD1_RNA,0.25792068243026733
CAMKK2_RNA,0.2577971816062927
ACSBG1_RNA,0.25775304436683655
BID_RNA,0.2577044367790222
WSB2_RNA,0.25769227743148804
CLSTN1_RNA,0.2575492262840271
IRAK2_RNA,0.2574097514152527
STK10_RNA,0.2572283446788788
MAPK12_RNA,0.25707143545150757
UNC13C_RNA,0.2570280134677887
AGAP2_RNA,0.2569633722305298
LRP4_RNA,0.2564574182033539
CCT2_RNA,0.2563638389110565
MEGF11_RNA,0.2563546597957611
SVEP1_RNA,0.25627779960632324
ROBO1_RNA,0.25626543164253235
SCN2B_RNA,0.2562362551689148
MYCBP2_RNA,0.25617656111717224
HSPA1B_RNA,0.25584694743156433
KCNT1_RNA,0.25581273436546326
CPLX2_RNA,0.25578930974006653
EMP1_RNA,0.2556101083755493
PHC2_RNA,0.2554287910461426
DSEL_RNA,0.2549416720867157
CACNG5_RNA,0.2548292875289917
SRRM3_RNA,0.254759818315506
NGFR_RNA,0.2546066641807556
LMAN2_RNA,0.2545953094959259
RPL35A_RNA,0.2543180286884308
RPL15_RNA,0.2541629672050476
RPS27_RNA,0.25405946373939514
TMEM59L_RNA,0.2537713348865509
PRR7_RNA,0.2536086440086365
TMEM132D_RNA,0.2534964084625244
LINGO3_RNA,0.25304344296455383
SYT7_RNA,0.25292718410491943
MCF2L2_RNA,0.25269824266433716
ELOVL1_RNA,0.2525506913661957
CLTB_RNA,0.25252431631088257
LRFN2_RNA,0.25225722789764404
GPX7_RNA,0.25223562121391296
TLCD1_RNA,0.2522244155406952
BDKRB2_RNA,0.2519528865814209
ASCC3_RNA,0.25194674730300903
RPS8_RNA,0.251839816570282
CD276_RNA,0.25183629989624023
FAR2_RNA,0.2517816722393036
MTHFD1L_RNA,0.25159600377082825
SLC2A6_RNA,0.25148528814315796
PI4KA_RNA,0.2514055669307709
LIMK1_RNA,0.25136980414390564
GRIN2B_RNA,0.25134211778640747
IFNGR2_RNA,0.25132283568382263
CSMD1_RNA,0.2512328028678894
EVI5L_RNA,0.2511220872402191
EEF1B2_RNA,0.25092771649360657
CBX6_RNA,0.25089001655578613
SHMT2_RNA,0.25070926547050476
KCNIP4_RNA,0.25066739320755005
SRPRB_RNA,0.2506113052368164
GPSM1_RNA,0.2506081163883209
CACNA1H_RNA,0.25054264068603516
AFAP1L1_RNA,0.2505141794681549
GNE_RNA,0.2504509389400482
CADM4_RNA,0.2504015862941742
TUBB6_RNA,0.25038790702819824
CHST2_RNA,0.2503509521484375
ELAVL3_RNA,0.2503494322299957
RAB3C_RNA,0.25032222270965576
R3HCC1_RNA,0.25030243396759033
KCTD17_RNA,0.25024884939193726
YY1AP1_RNA,0.25011759996414185
RPL4_RNA,0.25010257959365845
KIF15_RNA,0.2500928044319153
PIP5K1C_RNA,0.24997493624687195
ELOVL6_RNA,0.24996262788772583
PANK4_RNA,0.24979524314403534
ENTPD6_RNA,0.2497231513261795
DNAJB1_RNA,0.2496010810136795
IGSF8_RNA,0.2495477944612503
PPFIBP1_RNA,0.249394029378891
RGS11_RNA,0.2493806630373001
NRXN3_RNA,0.24927106499671936
ROS1_RNA,0.24915927648544312
KIFC3_RNA,0.24915508925914764
SH3BP5_RNA,0.24914968013763428
CD82_RNA,0.24910496175289154
JAM3_RNA,0.24909712374210358
SERPINH1_RNA,0.24905571341514587
TLL1_RNA,0.24904458224773407
PLIN2_RNA,0.24903959035873413
CYC1_RNA,0.2489498257637024
CCT7_RNA,0.24882075190544128
TRPC6_RNA,0.24881936609745026
CA10_RNA,0.24846066534519196
TBRG4_RNA,0.24842911958694458
TTK_RNA,0.24840697646141052
SSTR3_RNA,0.24839366972446442
PLK1_RNA,0.24826966226100922
XKR4_RNA,0.24822404980659485
POLR2F_RNA,0.2482237070798874
LRRC4B_RNA,0.24779251217842102
RPS12_RNA,0.247758150100708
RPS9_RNA,0.24764539301395416
ARL10_RNA,0.2471844106912613
FGFR1_RNA,0.2470134049654007
TMTC1_RNA,0.2470027506351471
RANGAP1_RNA,0.246946319937706
DOK6_RNA,0.24685423076152802
SYN2_RNA,0.24662022292613983
COL1A2_RNA,0.2465849071741104
HRH1_RNA,0.24657264351844788
RRP9_RNA,0.2465694695711136
INPP5F_RNA,0.24650534987449646
SLC6A17_RNA,0.24650168418884277
MYL6_RNA,0.24634721875190735
DCTPP1_RNA,0.24632813036441803
SYT12_RNA,0.24625761806964874
TPM2_RNA,0.24618956446647644
CHGB_RNA,0.24612702429294586
ITGA9_RNA,0.24605777859687805
ADAM19_RNA,0.24574525654315948
CELSR3_RNA,0.24569255113601685
NEDD8_RNA,0.2456851303577423
RNF175_RNA,0.24564312398433685
AHNAK2_RNA,0.24555467069149017
MPZL2_RNA,0.24551506340503693
MOAP1_RNA,0.24550987780094147
EPHA5_RNA,0.2454683929681778
OLIG1_RNA,0.2453942596912384
DNAJC5_RNA,0.2453395277261734
RANBP1_RNA,0.24529299139976501
OLFML3_RNA,0.24519987404346466
RAB20_RNA,0.2451002150774002
DLGAP1_RNA,0.24505434930324554
RCOR2_RNA,0.2449754774570465
DDN_RNA,0.24464067816734314
RPL9_RNA,0.2446117103099823
PODXL_RNA,0.2445969581604004
PCDH9_RNA,0.24444665014743805
PPIA_RNA,0.24444355070590973
SDHAF1_RNA,0.24441874027252197
ATP6V1A_RNA,0.24435435235500336
TCF15_RNA,0.24422279000282288
COL5A2_RNA,0.24419653415679932
DRD2_RNA,0.244195356965065
UBE2QL1_RNA,0.24417798221111298
ACTN4_RNA,0.24410907924175262
MRPL52_RNA,0.24394209682941437
GRIP2_RNA,0.24390766024589539
VTRNA1-2_RNA,0.2438632845878601
PPP3CC_RNA,0.24379965662956238
CNP_RNA,0.24379584193229675
THSD7B_RNA,0.2437933385372162
NPR1_RNA,0.2436087280511856
APOD_RNA,0.24342718720436096
TIMM17B_RNA,0.24340803921222687
BOK_RNA,0.24331532418727875
ARSI_RNA,0.24330542981624603
KPNA2_RNA,0.2432960420846939
CDC42EP1_RNA,0.2431250363588333
PCSK1_RNA,0.24303169548511505
SLC25A3_RNA,0.24299713969230652
FIS1_RNA,0.24289989471435547
PRKCA_RNA,0.24256709218025208
DRG1_RNA,0.24253880977630615
SEL1L_RNA,0.24227556586265564
RASA3_RNA,0.24217715859413147
CNIH3_RNA,0.24203743040561676
POLR2L_RNA,0.2420290857553482
ANGPTL2_RNA,0.2420075386762619
UBE2T_RNA,0.24194864928722382
NELL1_RNA,0.24182544648647308
SCFD2_RNA,0.24181437492370605
TNS3_RNA,0.24175913631916046
STX1A_RNA,0.24174362421035767
CALR_RNA,0.24165843427181244
HAGHL_RNA,0.24163401126861572
ABL2_RNA,0.24156489968299866
SBF1_RNA,0.24151542782783508
RPL21_RNA,0.24094127118587494
TRHDE_RNA,0.24093618988990784
SLC45A4_RNA,0.24090728163719177
TTLL11_RNA,0.24090659618377686
APBA2_RNA,0.24082329869270325
TDRD1_RNA,0.2408078908920288
MAP1A_RNA,0.24078252911567688
GALNT14_RNA,0.24055200815200806
ATP6V1B2_RNA,0.2403944432735443
ISLR_RNA,0.2403831034898758
TMEM205_RNA,0.24012815952301025
ATF4_RNA,0.24007847905158997
NGB_RNA,0.2400580793619156
RAMP1_RNA,0.2398666888475418
SLC20A1_RNA,0.23976460099220276
RUVBL2_RNA,0.23974409699440002
MYL6B_RNA,0.2397095263004303
GNB1L_RNA,0.23969760537147522
SH3D19_RNA,0.23958152532577515
PLEKHB2_RNA,0.23948858678340912
SHISA4_RNA,0.23946519196033478
MICAL3_RNA,0.23944123089313507
LAMA2_RNA,0.23933538794517517
OPCML_RNA,0.23927812278270721
NCEH1_RNA,0.23922693729400635
SNX25_RNA,0.23918870091438293
CABP1_RNA,0.2391817420721054
WSCD2_RNA,0.23917384445667267
THOP1_RNA,0.23900479078292847
INF2_RNA,0.23898984491825104
PCDHB8_RNA,0.2389727085828781
TSPAN15_RNA,0.23893973231315613
SLC2A3_RNA,0.23888429999351501
APLP1_RNA,0.23883752524852753
SLC25A4_RNA,0.2387957125902176
EIF4E1B_RNA,0.23876821994781494
RPS6KL1_RNA,0.23864205181598663
THOC5_RNA,0.23835361003875732
SGSM1_RNA,0.23833447694778442
VPS37B_RNA,0.2383226603269577
SVOP_RNA,0.23816630244255066
KCNQ1OT1_RNA,0.2380920946598053
MMP11_RNA,0.23805660009384155
ACVRL1_RNA,0.23798498511314392
TNNT1_RNA,0.2379191517829895
SLC24A2_RNA,0.23777350783348083
FLRT1_RNA,0.2375524938106537
ZNF697_RNA,0.23748096823692322
GAS2_RNA,0.23747678101062775
SHANK1_RNA,0.23743340373039246
SLC12A2_RNA,0.23737642168998718
SPINT2_RNA,0.23731189966201782
KIF23_RNA,0.2373112142086029
LRFN4_RNA,0.23728631436824799
PTGES2_RNA,0.23728348314762115
AQP3_RNA,0.2372569739818573
GNS_RNA,0.23702512681484222
ADCYAP1_RNA,0.23692263662815094
KIF26B_RNA,0.23679862916469574
IGFBP4_RNA,0.23670461773872375
NOC2L_RNA,0.23662595450878143
RPS6KA2_RNA,0.2364862561225891
KDM5B_RNA,0.23645702004432678
DUSP26_RNA,0.23644420504570007
FZR1_RNA,0.23643858730793
GABRB2_RNA,0.2364283800125122
MYO1B_RNA,0.23639452457427979
PITPNM2_RNA,0.23624151945114136
SEMA3F_RNA,0.23621656000614166
SNORD115-5_RNA,0.23610380291938782
ARID5A_RNA,0.2359938770532608
NOS2_RNA,0.23596346378326416
PCDH8_RNA,0.23575972020626068
RAP1GAP_RNA,0.23575463891029358
ZNF543_RNA,0.23573952913284302
ESCO2_RNA,0.23570238053798676
DDOST_RNA,0.2356906235218048
ZFYVE27_RNA,0.2356550097465515
LPAR1_RNA,0.23561792075634003
BACH2_RNA,0.23552283644676208
DCAF4_RNA,0.2351764738559723
SLC39A3_RNA,0.2349856048822403
SKA3_RNA,0.23497630655765533
EMILIN2_RNA,0.23489497601985931
OTUB2_RNA,0.23487211763858795
RNU4ATAC_RNA,0.23479537665843964
ACTL6B_RNA,0.23469074070453644
NLGN1_RNA,0.23467369377613068
POLR2I_RNA,0.2345067411661148
PTP4A3_RNA,0.23450638353824615
RABEPK_RNA,0.23440155386924744
RPL13A_RNA,0.23440071940422058
BLM_RNA,0.234379842877388
IGF2R_RNA,0.23419950902462006
PCDHA7_RNA,0.23394596576690674
GADD45GIP1_RNA,0.23391719162464142
STXBP1_RNA,0.23389717936515808
PPP2R1A_RNA,0.2338859736919403
PHLDA3_RNA,0.23377270996570587
FABP6_RNA,0.23377028107643127
SMAGP_RNA,0.23375582695007324
FMN1_RNA,0.23358681797981262
IMPDH1_RNA,0.23346038162708282
SRPX2_RNA,0.23334923386573792
TUBA1C_RNA,0.23334722220897675
GSK3B_RNA,0.2333054542541504
PAFAH1B3_RNA,0.23291607201099396
SLC16A3_RNA,0.2328888177871704
FAM20C_RNA,0.23280522227287292
CACNG8_RNA,0.2324645072221756
RNF181_RNA,0.23240253329277039
MCM2_RNA,0.23227626085281372
PRDX2_RNA,0.23220890760421753
PLEKHH2_RNA,0.23220455646514893
URM1_RNA,0.23218370974063873
SSNA1_RNA,0.23209504783153534
GRM7_RNA,0.23197270929813385
PGM2L1_RNA,0.23190264403820038
SNORD115-29_RNA,0.23181861639022827
PDE1A_RNA,0.23171065747737885
RTL1_RNA,0.23170390725135803
PPEF1_RNA,0.23162515461444855
TMED1_RNA,0.23154032230377197
HRAS_RNA,0.23139098286628723
FAM168A_RNA,0.23136591911315918
PCDH17_RNA,0.23136475682258606
ECT2_RNA,0.23124463856220245
EIF3K_RNA,0.23113708198070526
SYT6_RNA,0.23110061883926392
ADM_RNA,0.23100972175598145
CD248_RNA,0.2308351993560791
FIBP_RNA,0.23056428134441376
HBB_RNA,0.23050937056541443
MAN1A2_RNA,0.23047839105129242
STMN4_RNA,0.23017990589141846
NRIP3_RNA,0.23008203506469727
RPS7_RNA,0.23001916706562042
UNC80_RNA,0.2297053337097168
ANXA6_RNA,0.22968275845050812
TBCC_RNA,0.22967272996902466
MEGF8_RNA,0.22955507040023804
MT3_RNA,0.2295532077550888
SH2B3_RNA,0.22922368347644806
TMCC1_RNA,0.2291075885295868
TIMM22_RNA,0.22899843752384186
DTL_RNA,0.22883865237236023
VTRNA1-3_RNA,0.2288130670785904
FBXO34_RNA,0.22880063951015472
CHADL_RNA,0.22878240048885345
PJA2_RNA,0.22869037091732025
NENF_RNA,0.2285931259393692
FOXL1_RNA,0.2285061478614807
RGS4_RNA,0.22848692536354065
PSMB7_RNA,0.22836731374263763
ZNF536_RNA,0.2282419502735138
XRCC6_RNA,0.22821392118930817
STRA6_RNA,0.22820544242858887
SLC8A2_RNA,0.22814542055130005
ADAMTS3_RNA,0.22807690501213074
BAMBI_RNA,0.2280682772397995
RFXANK_RNA,0.2280362993478775
TNFRSF10B_RNA,0.227997824549675
SNORA53_RNA,0.22794677317142487
KIF5A_RNA,0.22787326574325562
NPPA_RNA,0.22784516215324402
SOX8_RNA,0.2277134507894516
HEYL_RNA,0.2276805341243744
P2RX7_RNA,0.22762268781661987
PACSIN2_RNA,0.22754217684268951
RAD51_RNA,0.22754186391830444
NLE1_RNA,0.22732092440128326
FUT11_RNA,0.2269856333732605
LAYN_RNA,0.22695490717887878
ATP7B_RNA,0.22685962915420532
VPS16_RNA,0.22685520350933075
ENDOG_RNA,0.22683915495872498
GAS7_RNA,0.22660398483276367
RIMBP2_RNA,0.22660379111766815
UGDH_RNA,0.2264246642589569
IGFBP6_RNA,0.22636781632900238
MESP1_RNA,0.2263653427362442
SPAG5_RNA,0.22635716199874878
OSBPL5_RNA,0.22632254660129547
CSAG1_RNA,0.22631236910820007
GPR139_RNA,0.22622095048427582
KCNJ4_RNA,0.2262020707130432
PRF1_RNA,0.22618304193019867
ADAM32_RNA,0.22615809738636017
NXPH1_RNA,0.22614935040473938
KRT222_RNA,0.2258252203464508
VAV2_RNA,0.22565217316150665
ACTR1A_RNA,0.22560790181159973
SOBP_RNA,0.2255607694387436
TMPPE_RNA,0.22541731595993042
COL1A1_RNA,0.22532327473163605
RBX1_RNA,0.22527693212032318
SLIT1_RNA,0.22524890303611755
TPM4_RNA,0.22522741556167603
GLRA2_RNA,0.22522489726543427
RNF122_RNA,0.2252155840396881
SPATA2L_RNA,0.22515040636062622
NR2F6_RNA,0.22514629364013672
BAK1_RNA,0.22513753175735474
UQCRQ_RNA,0.2251090109348297
DUSP3_RNA,0.22506946325302124
RPL36AL_RNA,0.2250148504972458
IP6K1_RNA,0.22491757571697235
ARL4A_RNA,0.224871426820755
ACTG1_RNA,0.22479358315467834
YPEL1_RNA,0.22457599639892578
ELFN2_RNA,0.2244737148284912
VWA5B2_RNA,0.2244565188884735
KCNK12_RNA,0.22445005178451538
ITGA1_RNA,0.22444534301757813
THBS2_RNA,0.2244098037481308
ST8SIA3_RNA,0.22420112788677216
NIN_RNA,0.22418875992298126
DHCR7_RNA,0.22415009140968323
FOXN2_RNA,0.22405306994915009
RPS15A_RNA,0.22402071952819824
FAM162B_RNA,0.2240121215581894
CLVS1_RNA,0.22400584816932678
SGK1_RNA,0.2239414006471634
E2F2_RNA,0.2237439602613449
ZNF440_RNA,0.22363154590129852
BEX2_RNA,0.2235882580280304
CAPN5_RNA,0.22349034249782562
EDN1_RNA,0.22341729700565338
SNORD115-40_RNA,0.22336316108703613
ARG2_RNA,0.22327467799186707
POSTN_RNA,0.22325555980205536
PGAM5_RNA,0.22323325276374817
RPL7_RNA,0.2230396270751953
ZC3H7B_RNA,0.22287015616893768
PFAS_RNA,0.22285249829292297
CHRNA9_RNA,0.2228376418352127
GPR153_RNA,0.22279858589172363
MCRS1_RNA,0.22273190319538116
DGKH_RNA,0.22270134091377258
TTC7B_RNA,0.22266973555088043
DCAF4L2_RNA,0.22250168025493622
MCM5_RNA,0.22236910462379456
ADAMTS18_RNA,0.2223302572965622
FBXW5_RNA,0.22232361137866974
GLIPR2_RNA,0.22221015393733978
ZNF484_RNA,0.22217121720314026
ODC1_RNA,0.22214357554912567
DBI_RNA,0.22213603556156158
MAP1LC3A_RNA,0.22212131321430206
MELK_RNA,0.2221098393201828
PITPNM3_RNA,0.22208960354328156
ARL2BP_RNA,0.22187253832817078
RTN4RL1_RNA,0.2218424677848816
RRP7A_RNA,0.22180329263210297
MAD2L1_RNA,0.22178013622760773
TGFBI_RNA,0.22160150110721588
MDN1_RNA,0.2215796560049057
COX5B_RNA,0.22157123684883118
CPLX1_RNA,0.22149637341499329
SERINC2_RNA,0.22145046293735504
ZNF792_RNA,0.22141966223716736
ZSWIM4_RNA,0.2209223508834839
KIF14_RNA,0.2208855301141739
CENPO_RNA,0.2208099365234375
VDAC1_RNA,0.2208055555820465
ARHGEF16_RNA,0.2207997441291809
S100A6_RNA,0.2206152379512787
RAB34_RNA,0.22049638628959656
ST3GAL5_RNA,0.22037936747074127
AFMID_RNA,0.22012419998645782
NTHL1_RNA,0.22012120485305786
CDH4_RNA,0.22008293867111206
DUSP8_RNA,0.22005075216293335
EGLN1_RNA,0.22004754841327667
SIRT6_RNA,0.21997562050819397
MAP3K10_RNA,0.21990294754505157
EML5_RNA,0.21971316635608673
TMEM200C_RNA,0.21957549452781677
AJAP1_RNA,0.2195321023464203
CAMK1G_RNA,0.2194596529006958
ZNF627_RNA,0.21944402158260345
DNA2_RNA,0.21938474476337433
CEP192_RNA,0.21937717497348785
CRYGD_RNA,0.21921809017658234
CDK5_RNA,0.21908161044120789
SLC22A18_RNA,0.21906088292598724
SEC61A1_RNA,0.21897493302822113
SYNJ2_RNA,0.21892812848091125
COPE_RNA,0.2188432216644287
UBA2_RNA,0.21882086992263794
DHX37_RNA,0.2187657654285431
PRKCG_RNA,0.21874666213989258
PCCA_RNA,0.21870887279510498
NFKBIE_RNA,0.21867571771144867
SH3PXD2B_RNA,0.2185308188199997
SSR4_RNA,0.2185133546590805
RIMS2_RNA,0.21845605969429016
MDK_RNA,0.21845301985740662
RUSC2_RNA,0.2184472233057022
ATP8B1_RNA,0.2184278964996338
CKAP5_RNA,0.21841119229793549
FPR1_RNA,0.2183162420988083
DPP3_RNA,0.2181718647480011
RPL38_RNA,0.21816666424274445
P4HB_RNA,0.21814873814582825
PLAC9_RNA,0.2180621176958084
ADCY6_RNA,0.21802638471126556
YDJC_RNA,0.21799971163272858
FCRLB_RNA,0.21793131530284882
CENPA_RNA,0.21787382662296295
LSM4_RNA,0.21777857840061188
DUSP2_RNA,0.21776708960533142
LSM11_RNA,0.2177015095949173
RLBP1_RNA,0.2175736129283905
ELOVL2_RNA,0.21750761568546295
CDYL_RNA,0.21749158203601837
HIC1_RNA,0.2174646109342575
SAMD11_RNA,0.21742907166481018
PDE2A_RNA,0.21736325323581696
ZNF532_RNA,0.2172258198261261
RPH3A_RNA,0.21720725297927856
NPTX1_RNA,0.2170744687318802
CACNA1B_RNA,0.21703258156776428
RPL13_RNA,0.21699973940849304
RHBDF1_RNA,0.21698607504367828
MDH2_RNA,0.2167125940322876
DGCR2_RNA,0.2166367471218109
SAMD12_RNA,0.2166183590888977
ATP6V0E2_RNA,0.21658547222614288
CENPE_RNA,0.21655306220054626
TXNRD2_RNA,0.2165483683347702
MCTP1_RNA,0.21649782359600067
PCDHA5_RNA,0.21649569272994995
LMO1_RNA,0.21644820272922516
KLF17_RNA,0.21644076704978943
ARMCX5_RNA,0.216369166970253
CLPB_RNA,0.21629101037979126
TIMM8B_RNA,0.21628393232822418
AKAP6_RNA,0.21622122824192047
ITGA4_RNA,0.21619214117527008
USP24_RNA,0.21615712344646454
MXRA5_RNA,0.21612012386322021
BLOC1S1_RNA,0.21608275175094604
SCG5_RNA,0.21600383520126343
XBP1_RNA,0.2159525603055954
SNORD46_RNA,0.21593672037124634
PKDCC_RNA,0.21586072444915771
KDM4C_RNA,0.21574150025844574
YIPF1_RNA,0.2157316952943802
SNAPC2_RNA,0.21564215421676636
TBXA2R_RNA,0.21557337045669556
WNT10A_RNA,0.21556693315505981
CRIM1_RNA,0.2154146283864975
TANC2_RNA,0.2154061645269394
NDUFB8_RNA,0.2153746485710144
GSTO1_RNA,0.2152133733034134
REEP3_RNA,0.2152039259672165
IDH3B_RNA,0.21494637429714203
SLC30A3_RNA,0.21490898728370667
SMTN_RNA,0.21483801305294037
KIF4A_RNA,0.21480511128902435
ZNF134_RNA,0.2147771120071411
PGPEP1_RNA,0.2147672176361084
NRGN_RNA,0.21476396918296814
ERRFI1_RNA,0.21472886204719543
TMEM63B_RNA,0.21469376981258392
FANCB_RNA,0.21464841067790985
NEDD9_RNA,0.21458914875984192
SLC6A7_RNA,0.21455547213554382
PSMA7_RNA,0.21450725197792053
HOPX_RNA,0.21443937718868256
ZNF436_RNA,0.21430404484272003
RPTOR_RNA,0.21428929269313812
TOMM40L_RNA,0.21424292027950287
PLD5_RNA,0.2141999900341034
BEX5_RNA,0.2141527384519577
NOSIP_RNA,0.21412689983844757
ACVR1B_RNA,0.21412041783332825
BTBD2_RNA,0.2140449434518814
CDH11_RNA,0.21396861970424652
NRP1_RNA,0.2139495313167572
MPG_RNA,0.21389509737491608
UBC_RNA,0.2138790339231491
SCN3B_RNA,0.21380750834941864
PSMB3_RNA,0.21373863518238068
ADO_RNA,0.2134939283132553
TEF_RNA,0.2134924978017807
PKNOX2_RNA,0.21346653997898102
MYO1D_RNA,0.21340881288051605
EDEM2_RNA,0.21338452398777008
UBL5_RNA,0.21331427991390228
RPL31_RNA,0.2132532000541687
GALR1_RNA,0.21321341395378113
NEK2_RNA,0.21319271624088287
ADORA1_RNA,0.2130342572927475
FAM32A_RNA,0.21300821006298065
LDLRAD3_RNA,0.21300546824932098
PES1_RNA,0.21293677389621735
NUAK1_RNA,0.21291634440422058
FBN1_RNA,0.21289514005184174
ORAI1_RNA,0.21288463473320007
NOTCH1_RNA,0.21287986636161804
SYNE1_RNA,0.2128557711839676
EIF3G_RNA,0.21280622482299805
POLR1A_RNA,0.2127678543329239
RAD54L2_RNA,0.21265234053134918
CDK1_RNA,0.21262329816818237
UNC5B_RNA,0.21258993446826935
PDCD11_RNA,0.21256418526172638
MED16_RNA,0.21252486109733582
MRPL41_RNA,0.21235057711601257
COX7A1_RNA,0.21230803430080414
N4BP3_RNA,0.21229048073291779
NRN1_RNA,0.21202301979064941
PRELID1_RNA,0.21194639801979065
TP53I3_RNA,0.21190451085567474
YWHAG_RNA,0.2118663638830185
AP3B2_RNA,0.21167486906051636
MYO9A_RNA,0.21163830161094666
CHD7_RNA,0.2115810513496399
CLEC14A_RNA,0.2114865630865097
CIB2_RNA,0.2114243060350418
SPOCD1_RNA,0.21135081350803375
CRAT_RNA,0.21131004393100739
NPAS1_RNA,0.211216002702713
TRIB1_RNA,0.21112312376499176
ADAMTS2_RNA,0.2107996642589569
SLC27A2_RNA,0.21074432134628296
ZWINT_RNA,0.21058090031147003
EP300_RNA,0.21057811379432678
TRPM3_RNA,0.2104976624250412
KALRN_RNA,0.2103395313024521
CDH13_RNA,0.21021869778633118
SPRED2_RNA,0.21020479500293732
TMEM196_RNA,0.21014729142189026
POLRMT_RNA,0.21011938154697418
RDH11_RNA,0.21008776128292084
CCDC134_RNA,0.20985627174377441
HMCN1_RNA,0.20980755984783173
NCALD_RNA,0.20968228578567505
TAGLN3_RNA,0.20958064496517181
PDGFRA_RNA,0.20954719185829163
CACNA1I_RNA,0.20937524735927582
SLC25A5_RNA,0.20932865142822266
HCN2_RNA,0.2092696577310562
SIX4_RNA,0.20919589698314667
RNF144A_RNA,0.20917466282844543
MRPL43_RNA,0.20916922390460968
NCAN_RNA,0.20915651321411133
LARS2_RNA,0.20914624631404877
DIO2_RNA,0.2089700698852539
CYGB_RNA,0.20878539979457855
COL19A1_RNA,0.20871026813983917
PCOLCE_RNA,0.20867273211479187
ITPR3_RNA,0.20819880068302155
ZNF317_RNA,0.20801299810409546
EXT2_RNA,0.2080010026693344
TTL_RNA,0.20794089138507843
KCNJ12_RNA,0.20785672962665558
PIGS_RNA,0.20777827501296997
PLXND1_RNA,0.20752783119678497
CHSY1_RNA,0.20752368867397308
NTNG2_RNA,0.20724137127399445
FZD8_RNA,0.20714539289474487
CRMP1_RNA,0.20711763203144073
SLC39A9_RNA,0.2071136236190796
PRKDC_RNA,0.20684866607189178
HECW2_RNA,0.2067968100309372
GALE_RNA,0.20679005980491638
MRPL17_RNA,0.20666709542274475
FKBP8_RNA,0.20665767788887024
VSTM2L_RNA,0.20658794045448303
JUNB_RNA,0.20656804740428925
KCNMA1_RNA,0.2064153254032135
CACNG4_RNA,0.20635123550891876
FAM162A_RNA,0.2063375562429428
GNG4_RNA,0.20632490515708923
SDF2L1_RNA,0.20630834996700287
ZMAT4_RNA,0.2062951773405075
ADAMTS19_RNA,0.20618879795074463
SCRN1_RNA,0.20616860687732697
PTGS1_RNA,0.20610518753528595
RPS3_RNA,0.20603032410144806
APP_RNA,0.20599299669265747
CASKIN1_RNA,0.20590505003929138
CTNNBIP1_RNA,0.20584796369075775
SLC35B1_RNA,0.20571573078632355
UBE2L3_RNA,0.20559555292129517
TMTC4_RNA,0.2055274397134781
CHI3L1_RNA,0.20543651282787323
CDC25A_RNA,0.20538495481014252
ZNF71_RNA,0.20535123348236084
ZNF79_RNA,0.20526739954948425
SYT13_RNA,0.20509053766727448
SEC14L2_RNA,0.20506981015205383
NDUFA6_RNA,0.20496021211147308
HEY1_RNA,0.20489700138568878
ANAPC11_RNA,0.20488101243972778
LYRM4_RNA,0.20481593906879425
RHOJ_RNA,0.20474638044834137
RPS6_RNA,0.2047063708305359
SLC27A4_RNA,0.20463567972183228
MPST_RNA,0.20448964834213257
ENDOD1_RNA,0.20448465645313263
TCF20_RNA,0.20429934561252594
CDC34_RNA,0.2042950540781021
KDR_RNA,0.2042902112007141
SHANK3_RNA,0.2042817771434784
TRUB2_RNA,0.20423932373523712
RHOU_RNA,0.20417378842830658
IGSF21_RNA,0.20398829877376556
UCN2_RNA,0.20394301414489746
APBB1_RNA,0.20392350852489471
LRRC4_RNA,0.20390725135803223
GNAZ_RNA,0.20383717119693756
ACHE_RNA,0.20368269085884094
MPPED1_RNA,0.20364929735660553
SLC35B2_RNA,0.20362058281898499
ZSCAN20_RNA,0.20355765521526337
ACTA2_RNA,0.2035263031721115
INPP5A_RNA,0.20345419645309448
TCP1_RNA,0.20331288874149323
ANKRD1_RNA,0.2032947540283203
ANO2_RNA,0.20328451693058014
XKR7_RNA,0.20323343575000763
PXDN_RNA,0.2029224932193756
RRBP1_RNA,0.20279191434383392
CINP_RNA,0.20273937284946442
EIF3I_RNA,0.20268692076206207
CANT1_RNA,0.2025311291217804
GRID2_RNA,0.20247472822666168
MRC2_RNA,0.20243822038173676
RNF152_RNA,0.20242857933044434
MGAT5B_RNA,0.20239390432834625
MRPL36_RNA,0.20237724483013153
ARF5_RNA,0.20233578979969025
MTMR2_RNA,0.20230410993099213
HSP90AB1_RNA,0.20227010548114777
CAMKK1_RNA,0.20222193002700806
TPST2_RNA,0.20219631493091583
KIRREL2_RNA,0.20218904316425323
MIER2_RNA,0.20215152204036713
CBLN4_RNA,0.2021295130252838
PECAM1_RNA,0.20209389925003052
NEUROD1_RNA,0.20204728841781616
SCG3_RNA,0.20204560458660126
ALDH18A1_RNA,0.20198319852352142
CENPI_RNA,0.20190802216529846
KCTD16_RNA,0.20189641416072845
TMEM201_RNA,0.20188307762145996
JUN_RNA,0.20188160240650177
C1QTNF4_RNA,0.20181497931480408
SETD3_RNA,0.20177538692951202
RABAC1_RNA,0.20176666975021362
CLTA_RNA,0.201764777302742
CTXN3_RNA,0.20176202058792114
LMO4_RNA,0.20164385437965393
ETV1_RNA,0.2016206532716751
SEC23A_RNA,0.2015724629163742
FARP2_RNA,0.2015426605939865
NBPF3_RNA,0.20139603316783905
RPS21_RNA,0.20133697986602783
TRIM24_RNA,0.20124103128910065
C19orf53_RNA,0.20121271908283234
DLST_RNA,0.20119303464889526
EIF4B_RNA,0.20100273191928864
FRAS1_RNA,0.20083658397197723
PPP1R15A_RNA,0.20080800354480743
GRM4_RNA,0.20077651739120483
PYDC1_RNA,0.20075152814388275
LIPE_RNA,0.20065481960773468
BRSK2_RNA,0.20060960948467255
CACNG1_RNA,0.20059892535209656
PCDHA9_RNA,0.2005273997783661
ARHGEF17_RNA,0.2003958821296692
MPHOSPH9_RNA,0.2002468705177307
KIF5C_RNA,0.20005668699741364
TRIM28_RNA,0.20000696182250977
DNAJC18_RNA,0.19998279213905334
ZEB1_RNA,0.19995008409023285
TUBB_RNA,0.19990457594394684
C1orf216_RNA,0.1998767852783203
NPC1_RNA,0.19983884692192078
FERMT2_RNA,0.19981105625629425
SHCBP1_RNA,0.19974246621131897
ILF2_RNA,0.19971825182437897
DCTN3_RNA,0.19966340065002441
HIVEP2_RNA,0.1996040940284729
TRIM71_RNA,0.1994844526052475
ESM1_RNA,0.19943593442440033
ATP1A1_RNA,0.19942983984947205
DOCK1_RNA,0.1993418037891388
SLC25A15_RNA,0.19930486381053925
CCT4_RNA,0.1992368996143341
SPSB1_RNA,0.19922369718551636
OR51E1_RNA,0.19915837049484253
FAM78B_RNA,0.19912110269069672
MAL2_RNA,0.19911186397075653
OBP2A_RNA,0.1991037279367447
TMEM45A_RNA,0.19905439019203186
MDH1_RNA,0.1990033984184265
PMEPA1_RNA,0.1989460289478302
KCNK15_RNA,0.1989213079214096
SNPH_RNA,0.1988784670829773
SLC25A11_RNA,0.19882677495479584
MDGA1_RNA,0.19871313869953156
MEX3D_RNA,0.19852639734745026
IDH1_RNA,0.19848397374153137
ID1_RNA,0.1984577775001526
ENOPH1_RNA,0.198394313454628
AATK_RNA,0.198353111743927
RPRML_RNA,0.1983434408903122
STRN4_RNA,0.19827872514724731
CLSTN3_RNA,0.1981571763753891
EXD2_RNA,0.19815512001514435
CHPF2_RNA,0.19812749326229095
LMTK2_RNA,0.19811509549617767
SNORA65_RNA,0.198045015335083
ZNF573_RNA,0.19804254174232483
VPS18_RNA,0.19804130494594574
DTYMK_RNA,0.19796757400035858
FZD5_RNA,0.19792307913303375
CCDC62_RNA,0.19791464507579803
PLEKHF1_RNA,0.19787061214447021
ADAM9_RNA,0.19784753024578094
CD101_RNA,0.19770462810993195
PITPNM1_RNA,0.19769540429115295
KIF18B_RNA,0.19763712584972382
PRSS23_RNA,0.19758564233779907
RAB31_RNA,0.19755300879478455
PWWP2B_RNA,0.19746075570583344
MARK4_RNA,0.19742895662784576
QSOX2_RNA,0.1974201649427414
PHF19_RNA,0.19740024209022522
UBL4A_RNA,0.19736480712890625
ZNF530_RNA,0.19725064933300018
ATOX1_RNA,0.19717371463775635
B4GALT5_RNA,0.1971324384212494
HBQ1_RNA,0.19708961248397827
RPS27A_RNA,0.19698001444339752
FKBP1B_RNA,0.19696807861328125
RPS23_RNA,0.19692078232765198
ISLR2_RNA,0.1969149112701416
EGR2_RNA,0.19684945046901703
ABL1_RNA,0.19674436748027802
FOSL2_RNA,0.19673635065555573
BAD_RNA,0.19672398269176483
STX10_RNA,0.19667747616767883
VSTM1_RNA,0.19666573405265808
RPL27A_RNA,0.19655826687812805
F2RL3_RNA,0.19651444256305695
KIF13A_RNA,0.1964222937822342
BIRC6_RNA,0.19632156193256378
CAPNS1_RNA,0.19628147780895233
GRIA4_RNA,0.196134552359581
CYP4X1_RNA,0.19611698389053345
CLEC11A_RNA,0.1960429698228836
SREBF2_RNA,0.1960097700357437
DCAF12L2_RNA,0.19586843252182007
STMN1_RNA,0.19586780667304993
MAP1S_RNA,0.19583964347839355
ZMAT5_RNA,0.19582341611385345
RALGAPA1_RNA,0.1957293599843979
STYK1_RNA,0.19572800397872925
KIF26A_RNA,0.19562633335590363
TRAF3_RNA,0.1956111043691635
MRPL34_RNA,0.19550421833992004
CKAP2L_RNA,0.1953178495168686
LIN7B_RNA,0.19531293213367462
MTHFD1_RNA,0.195196270942688
POLR3D_RNA,0.19517764449119568
FAM171A2_RNA,0.19516390562057495
SCARNA1_RNA,0.19516228139400482
RPL27_RNA,0.1951500028371811
TNFRSF10D_RNA,0.19501903653144836
CA7_RNA,0.19487126171588898
RYR2_RNA,0.19485493004322052
CHD5_RNA,0.1948252022266388
UGP2_RNA,0.19479086995124817
SLC39A14_RNA,0.19470854103565216
GSTP1_RNA,0.1946999728679657
NDUFB2_RNA,0.1946934312582016
CERK_RNA,0.19461843371391296
KEAP1_RNA,0.19451254606246948
ADAMTS20_RNA,0.1944999396800995
IGLON5_RNA,0.19449372589588165
PIGH_RNA,0.194264218211174
COL16A1_RNA,0.19420260190963745
SSBP4_RNA,0.1941230595111847
ZNF699_RNA,0.19407975673675537
TMEM169_RNA,0.19406217336654663
APOA1_RNA,0.19397951662540436
DUSP1_RNA,0.193968266248703
BTBD3_RNA,0.19394777715206146
DEPDC1B_RNA,0.19392965734004974
CHCHD10_RNA,0.1938350349664688
MMD2_RNA,0.19381138682365417
RNF169_RNA,0.19364219903945923
FAU_RNA,0.1934661716222763
CHD8_RNA,0.19345982372760773
PCDHGA9_RNA,0.19343793392181396
ZDHHC22_RNA,0.1933755874633789
CLCN1_RNA,0.19331149756908417
GRHPR_RNA,0.1933104544878006
PEMT_RNA,0.19310025870800018
CDC42BPB_RNA,0.19307033717632294
PXDNL_RNA,0.19305503368377686
LIN7A_RNA,0.1927921026945114
FABP3_RNA,0.19274945557117462
CLASP1_RNA,0.19274146854877472
GAL3ST1_RNA,0.19261758029460907
ATXN10_RNA,0.19257476925849915
PPP2R5D_RNA,0.1925196796655655
ITPK1_RNA,0.19246593117713928
DENND2A_RNA,0.19237712025642395
SYT11_RNA,0.1923719197511673
NACC1_RNA,0.19234684109687805
ATAD1_RNA,0.19234266877174377
CDH12_RNA,0.19227401912212372
SMARCA4_RNA,0.19226202368736267
MPV17L2_RNA,0.19217108190059662
FAIM2_RNA,0.19207802414894104
MAP3K9_RNA,0.1920531839132309
ATP2B1_RNA,0.19203321635723114
RPL8_RNA,0.1920308917760849
WFDC2_RNA,0.19191356003284454
COMT_RNA,0.19189782440662384
ZFYVE9_RNA,0.191871777176857
UQCRH_RNA,0.19184058904647827
SLC25A1_RNA,0.19181719422340393
TRPM4_RNA,0.19177556037902832
ECSCR_RNA,0.19167457520961761
TWF2_RNA,0.19147168099880219
NSD1_RNA,0.19141490757465363
TUBB3_RNA,0.1912802755832672
COQ3_RNA,0.19123399257659912
MAP2K1_RNA,0.1911153495311737
SCAMP5_RNA,0.19110572338104248
LETM1_RNA,0.1910344958305359
WWC2_RNA,0.1909620612859726
PCDH12_RNA,0.19095753133296967
CGRRF1_RNA,0.19090604782104492
ERGIC1_RNA,0.19085709750652313
SLC39A6_RNA,0.19076839089393616
TNKS_RNA,0.19074998795986176
DACT3_RNA,0.19073975086212158
CDKN1C_RNA,0.190728098154068
KDM4B_RNA,0.1907242089509964
MMP24_RNA,0.19069041311740875
LMNB1_RNA,0.19041098654270172
WDHD1_RNA,0.19038189947605133
PPFIA4_RNA,0.19030366837978363
DLK2_RNA,0.19014687836170197
TFIP11_RNA,0.19013448059558868
SVIL_RNA,0.19008620083332062
GLRX5_RNA,0.19004857540130615
CKB_RNA,0.19000719487667084
FEM1C_RNA,0.18987125158309937
STAB1_RNA,0.18985368311405182
DYNLL1_RNA,0.1898198276758194
ENO2_RNA,0.1897306591272354
HTR1E_RNA,0.18971410393714905
DCLK3_RNA,0.18969416618347168
RPL34_RNA,0.1895887553691864
KRT31_RNA,0.18953000009059906
PDE3B_RNA,0.18950225412845612
HAUS8_RNA,0.18949708342552185
ASGR1_RNA,0.1894369274377823
RIMKLA_RNA,0.18940304219722748
TIMM50_RNA,0.18931987881660461
GAPVD1_RNA,0.1892709881067276
CDK5R2_RNA,0.1892668455839157
PELO_RNA,0.18915489315986633
ST6GALNAC4_RNA,0.18914252519607544
JOSD1_RNA,0.18910107016563416
NDUFB11_RNA,0.1890454739332199
PDE1C_RNA,0.18900062143802643
ABCG1_RNA,0.18899132311344147
ATG2B_RNA,0.18899114429950714
CCDC3_RNA,0.18898433446884155
ELK1_RNA,0.1889805644750595
LCOR_RNA,0.18887023627758026
ERGIC3_RNA,0.1888657659292221
TM4SF1_RNA,0.1888153851032257
MANEAL_RNA,0.1888149380683899
FAM98C_RNA,0.1887873411178589
SMARCD1_RNA,0.1887354552745819
CPT1A_RNA,0.18871256709098816
HPS6_RNA,0.18867380917072296
STX1B_RNA,0.18838877975940704
DNMT1_RNA,0.18834947049617767
MYO5B_RNA,0.18832044303417206
ANO1_RNA,0.1881989985704422
POLDIP3_RNA,0.1881221979856491
RPL19_RNA,0.18811354041099548
DOCK9_RNA,0.1880597323179245
FLT1_RNA,0.1880265772342682
ZNF300_RNA,0.18797077238559723
ADA_RNA,0.1879567950963974
GAMT_RNA,0.1879379153251648
DCAF15_RNA,0.18784359097480774
NOL6_RNA,0.1878153383731842
ALAS2_RNA,0.18779566884040833
ZBTB46_RNA,0.18776996433734894
RCN3_RNA,0.18774019181728363
PUSL1_RNA,0.18765473365783691
ELP3_RNA,0.18761052191257477
BTBD10_RNA,0.18735112249851227
TRPV2_RNA,0.18728606402873993
CALY_RNA,0.18727099895477295
FYN_RNA,0.18717095255851746
CTHRC1_RNA,0.18715251982212067
POP7_RNA,0.18712356686592102
NXT1_RNA,0.1870800405740738
TPP2_RNA,0.1870192140340805
GAB2_RNA,0.18700388073921204
RNASE1_RNA,0.18691453337669373
LAMC2_RNA,0.186850443482399
ARHGAP20_RNA,0.18684464693069458
C1QTNF1_RNA,0.18684032559394836
ATF3_RNA,0.1868366301059723
ZNF562_RNA,0.18680143356323242
CNKSR2_RNA,0.1866360604763031
DTD1_RNA,0.18660297989845276
PGM1_RNA,0.18657761812210083
KCNB2_RNA,0.18656346201896667
MAST1_RNA,0.18654684722423553
CREB3_RNA,0.18652857840061188
KIAA0513_RNA,0.18635278940200806
ACO2_RNA,0.18635262548923492
DCN_RNA,0.18628822267055511
FRMD8_RNA,0.18627899885177612
MRAP2_RNA,0.18627335131168365
LEMD3_RNA,0.18627077341079712
PFKFB4_RNA,0.18626923859119415
CCL24_RNA,0.1862311214208603
FURIN_RNA,0.18620935082435608
SHH_RNA,0.18617533147335052
MRPL15_RNA,0.18613390624523163
NCAPG_RNA,0.18612051010131836
RPS4X_RNA,0.18604663014411926
PDE4A_RNA,0.1860247701406479
GPX1_RNA,0.18589414656162262
ZNF324B_RNA,0.18581202626228333
MATK_RNA,0.18581080436706543
KCNS2_RNA,0.1857786476612091
GPRASP1_RNA,0.18576136231422424
SPHK1_RNA,0.18570715188980103
GTF3C5_RNA,0.18569041788578033
RASL10B_RNA,0.18561290204524994
SCRT1_RNA,0.1855912059545517
MRPS7_RNA,0.18556591868400574
GPX4_RNA,0.18556246161460876
NID1_RNA,0.18554581701755524
YRDC_RNA,0.18546146154403687
B3GALT6_RNA,0.18545526266098022
SHISA5_RNA,0.18543973565101624
ELMO1_RNA,0.18538311123847961
NCAPH2_RNA,0.18536417186260223
ZNF264_RNA,0.185265451669693
PTDSS1_RNA,0.18522872030735016
UBR4_RNA,0.18522648513317108
DTNB_RNA,0.18522381782531738
TALDO1_RNA,0.18520046770572662
DCTN1_RNA,0.18518149852752686
EGFL6_RNA,0.18516282737255096
TNFRSF18_RNA,0.18514728546142578
MMS19_RNA,0.18506290018558502
IER5_RNA,0.18505118787288666
NUP188_RNA,0.18500439822673798
PCDHB10_RNA,0.18498726189136505
CCNE1_RNA,0.18493004143238068
RPP25_RNA,0.1848762333393097
SLC27A3_RNA,0.18487095832824707
UNC5A_RNA,0.18482360243797302
ASAP2_RNA,0.18479028344154358
HBA1_RNA,0.1847587674856186
POLR3A_RNA,0.18474344909191132
MED12L_RNA,0.18471784889698029
FUT8_RNA,0.1846875250339508
ACTN1_RNA,0.18467670679092407
SMAP2_RNA,0.18463461101055145
PRSS3_RNA,0.1846296638250351
CCND2_RNA,0.18450360000133514
NRBF2_RNA,0.18442554771900177
ATP9B_RNA,0.18439558148384094
WDR25_RNA,0.18435031175613403
MAP2K4_RNA,0.18434658646583557
TFPT_RNA,0.18414849042892456
RPL3_RNA,0.18411265313625336
KCNJ11_RNA,0.18411052227020264
ZMAT3_RNA,0.1841026097536087
PKN1_RNA,0.18410150706768036
PDLIM1_RNA,0.18407806754112244
YBX1_RNA,0.18407250940799713
KIF18A_RNA,0.18382509052753448
TRPC4AP_RNA,0.18373771011829376
PCDHB9_RNA,0.18372884392738342
SNX27_RNA,0.18372739851474762
UBQLN1_RNA,0.18364521861076355
TANC1_RNA,0.18356826901435852
MRPL44_RNA,0.18348845839500427
TOP2A_RNA,0.18347232043743134
TNRC6B_RNA,0.18343137204647064
SLC7A1_RNA,0.18342065811157227
ITGB3_RNA,0.18341614305973053
GABRA5_RNA,0.183372363448143
SGCB_RNA,0.1833375245332718
DST_RNA,0.18323929607868195
UBTD1_RNA,0.18313582241535187
DSP_RNA,0.18313227593898773
NDUFS5_RNA,0.18309785425662994
PEPD_RNA,0.18308566510677338
KCNH4_RNA,0.18307141959667206
WDR18_RNA,0.1829756200313568
ASH1L_RNA,0.18288105726242065
RNF128_RNA,0.18283788859844208
NMNAT2_RNA,0.18281082808971405
TMEM132A_RNA,0.18278008699417114
MANF_RNA,0.18276292085647583
VKORC1_RNA,0.18268601596355438
SCD5_RNA,0.18265649676322937
GPR6_RNA,0.18259309232234955
PTPRU_RNA,0.18253061175346375
SOHLH1_RNA,0.18252864480018616
ACADS_RNA,0.1825091540813446
IL1RL1_RNA,0.1823408007621765
GRID1_RNA,0.18229465186595917
PTGES_RNA,0.18217313289642334
NDUFAF4_RNA,0.18216168880462646
TRAF6_RNA,0.18214918673038483
ACTC1_RNA,0.18207859992980957
BOP1_RNA,0.18206308782100677
CCDC85B_RNA,0.18206074833869934
EIF3D_RNA,0.18202026188373566
ALKBH1_RNA,0.18199846148490906
B3GALT1_RNA,0.1819932758808136
FBXO27_RNA,0.18193934857845306
CENPF_RNA,0.18189752101898193
PPM1H_RNA,0.18189536035060883
ZC3HAV1L_RNA,0.18172340095043182
NEUROD2_RNA,0.18172238767147064
CHID1_RNA,0.18160344660282135
GNA15_RNA,0.18158581852912903
POMGNT1_RNA,0.1815100610256195
EARS2_RNA,0.18143393099308014
ADAMTSL2_RNA,0.18140816688537598
ZNF555_RNA,0.18136250972747803
SLIT3_RNA,0.18135663866996765
CAMKV_RNA,0.18133942782878876
SCAND1_RNA,0.18131856620311737
HCN1_RNA,0.18128645420074463
STOML1_RNA,0.18126240372657776
RPL10_RNA,0.18125638365745544
ZNF805_RNA,0.18124952912330627
GRK6_RNA,0.18123860657215118
GUK1_RNA,0.18121571838855743
IGFBP3_RNA,0.1812133640050888
PTPN5_RNA,0.18120194971561432
RCAN1_RNA,0.18111968040466309
HPCA_RNA,0.18101850152015686
TRAPPC6B_RNA,0.1809755563735962
DCTN2_RNA,0.1809631586074829
SCARNA11_RNA,0.18091735243797302
IRGQ_RNA,0.18089273571968079
VWC2L_RNA,0.1808651089668274
LAPTM4B_RNA,0.18082335591316223
POLR2E_RNA,0.18077556788921356
DHX30_RNA,0.18070603907108307
MFGE8_RNA,0.18067024648189545
LSAMP_RNA,0.18060711026191711
CAMK1D_RNA,0.18048930168151855
PKP4_RNA,0.1804649382829666
PROS1_RNA,0.18046477437019348
CORO1C_RNA,0.18044248223304749
TTBK2_RNA,0.1803581863641739
LYVE1_RNA,0.18035617470741272
POP4_RNA,0.18029922246932983
HSPB3_RNA,0.18029054999351501
IFFO2_RNA,0.18023890256881714
NDRG1_RNA,0.18023769557476044
DAPK3_RNA,0.18017756938934326
FXYD7_RNA,0.1801258623600006
FOS_RNA,0.18011809885501862
TXNL4A_RNA,0.1799737811088562
DGCR5_RNA,0.1799047291278839
GPR17_RNA,0.1798860877752304
JPH1_RNA,0.17988434433937073
UBE2M_RNA,0.17973583936691284
ESRRB_RNA,0.17969924211502075
SLITRK4_RNA,0.17968687415122986
CKAP4_RNA,0.1796625554561615
MGLL_RNA,0.17965026199817657
ADAMTS15_RNA,0.1795865148305893
POLR1E_RNA,0.17953769862651825
CARM1_RNA,0.17952829599380493
PYGL_RNA,0.1795216202735901
RTKN2_RNA,0.17940650880336761
WNT7B_RNA,0.1793733388185501
PTEN_RNA,0.1793312281370163
MRPL11_RNA,0.17925836145877838
PIAS4_RNA,0.17922066152095795
KLHL13_RNA,0.17920741438865662
DLG3_RNA,0.1791950762271881
ADAM8_RNA,0.17914582788944244
MRPL28_RNA,0.17907150089740753
FN1_RNA,0.17901694774627686
ZNF133_RNA,0.17900767922401428
NCOA7_RNA,0.17892034351825714
SPON2_RNA,0.17887899279594421
CDC42EP5_RNA,0.17885752022266388
SLC27A1_RNA,0.17882713675498962
MYADM_RNA,0.17873713374137878
MGA_RNA,0.17861978709697723
PCDHB7_RNA,0.17856693267822266
TOR1A_RNA,0.1785571426153183
UXT_RNA,0.17846375703811646
TMEM115_RNA,0.17841051518917084
SV2B_RNA,0.1783745139837265
MGAT5_RNA,0.17824196815490723
LAMB4_RNA,0.17824019491672516
ERC2_RNA,0.17823362350463867
TLN2_RNA,0.17815259099006653
SGPL1_RNA,0.1780564785003662
ANKRD55_RNA,0.17805500328540802
FCGBP_RNA,0.17800620198249817
SEC14L1_RNA,0.17800524830818176
CABP7_RNA,0.1779000163078308
SLC2A8_RNA,0.1778828650712967
HTR4_RNA,0.17787645757198334
MRTO4_RNA,0.1778501272201538
SLC22A17_RNA,0.17776668071746826
BCL7A_RNA,0.17772389948368073
ITGAV_RNA,0.17758697271347046
MAGED2_RNA,0.17753832042217255
ABTB2_RNA,0.1774125099182129
ZNF8_RNA,0.17737306654453278
STBD1_RNA,0.1772073358297348
ZBTB42_RNA,0.1771402657032013
NRP2_RNA,0.17712482810020447
MMRN2_RNA,0.1771109402179718
HAX1_RNA,0.17705994844436646
TRIM62_RNA,0.17697304487228394
IPO5_RNA,0.17696572840213776
USP13_RNA,0.17691265046596527
PDK1_RNA,0.17687809467315674
DZIP1_RNA,0.1768702268600464
PPIB_RNA,0.17686651647090912
CLEC10A_RNA,0.17686492204666138
JAG2_RNA,0.1767854243516922
SARDH_RNA,0.17673349380493164
CXADR_RNA,0.17667967081069946
TMEM108_RNA,0.17661812901496887
RGS20_RNA,0.17660139501094818
SMAP1_RNA,0.17657659947872162
SOX11_RNA,0.17651744186878204
ADAM23_RNA,0.17644302546977997
STOML2_RNA,0.1764356791973114
RPL21P28_RNA,0.17642229795455933
SESN2_RNA,0.17632849514484406
UCK2_RNA,0.1761482208967209
PRICKLE2_RNA,0.17607975006103516
CBX4_RNA,0.1759025901556015
PANX2_RNA,0.1758194863796234
MAGEA12_RNA,0.17579157650470734
EBP_RNA,0.1756531000137329
RAB35_RNA,0.17565229535102844
HSD3B7_RNA,0.1756383329629898
SIGIRR_RNA,0.17550164461135864
BCAM_RNA,0.17538388073444366
CS_RNA,0.1753166913986206
SGIP1_RNA,0.17520073056221008
BTBD9_RNA,0.17514558136463165
IGFBP7_RNA,0.17512276768684387
PSMB4_RNA,0.17511874437332153
KCNE4_RNA,0.17511695623397827
FIGNL2_RNA,0.17510104179382324
SLC7A14_RNA,0.17503562569618225
ADCY3_RNA,0.17499594390392303
AZGP1_RNA,0.17495416104793549
NDUFA4_RNA,0.1749393194913864
EGFLAM_RNA,0.17490093410015106
SLC26A2_RNA,0.17482712864875793
NEFM_RNA,0.1747891902923584
TCP11L1_RNA,0.17468246817588806
ARHGEF3_RNA,0.17462202906608582
ITPA_RNA,0.1746068000793457
PKD1_RNA,0.17452290654182434
FIBIN_RNA,0.1744730919599533
CHMP1B_RNA,0.17434191703796387
LMO2_RNA,0.174330934882164
ZNF557_RNA,0.17432397603988647
ESRRA_RNA,0.17431601881980896
DAD1_RNA,0.17428945004940033
MCHR2_RNA,0.174264058470726
CRABP2_RNA,0.17422306537628174
EDIL3_RNA,0.17419275641441345
CHPF_RNA,0.17408950626850128
HIP1R_RNA,0.1740412563085556
GRM5_RNA,0.17388653755187988
FANCI_RNA,0.1738663911819458
RAPGEF5_RNA,0.17384988069534302
PDE7B_RNA,0.1738169640302658
FLNA_RNA,0.17378294467926025
MBD3_RNA,0.17370879650115967
CPNE8_RNA,0.1736897975206375
GABPB1_RNA,0.1736673265695572
NFKBIZ_RNA,0.1736207753419876
PFKM_RNA,0.1734323799610138
COL11A2_RNA,0.17333963513374329
CEP97_RNA,0.1733337789773941
RABGGTA_RNA,0.17332123219966888
BOLA3_RNA,0.17328546941280365
RPL14_RNA,0.1732839196920395
ZNF749_RNA,0.17325910925865173
SCHIP1_RNA,0.17324182391166687
RPS20_RNA,0.17317761480808258
CSRNP2_RNA,0.17308032512664795
ASB6_RNA,0.1730726659297943
RNF7_RNA,0.17305773496627808
ABHD6_RNA,0.1730201244354248
CCND3_RNA,0.1730077564716339
POLD1_RNA,0.17299345135688782
CKS1B_RNA,0.17296086251735687
PSMB6_RNA,0.17294767498970032
GPR150_RNA,0.17289119958877563
DNAL4_RNA,0.17288286983966827
TRIM9_RNA,0.17286697030067444
C1QBP_RNA,0.1728513389825821
SLC6A15_RNA,0.17278456687927246
FARS2_RNA,0.17272691428661346
NDUFS3_RNA,0.17271751165390015
NAT14_RNA,0.17271292209625244
C1QL3_RNA,0.17261330783367157
EFEMP2_RNA,0.17252472043037415
ITM2A_RNA,0.17248259484767914
FLOT1_RNA,0.17247283458709717
GINS1_RNA,0.1724407970905304
HTR2C_RNA,0.17240580916404724
PDLIM4_RNA,0.172377809882164
FDPS_RNA,0.1723664104938507
PCDHA8_RNA,0.17230381071567535
IFRD2_RNA,0.1721988469362259
TIAM2_RNA,0.1721443235874176
ZDHHC3_RNA,0.17211806774139404
PCSK5_RNA,0.17211122810840607
PYGB_RNA,0.17209312319755554
BAIAP2_RNA,0.17205871641635895
YEATS2_RNA,0.1720523089170456
MAPK8IP1_RNA,0.17204183340072632
ECE2_RNA,0.17202264070510864
BYSL_RNA,0.17198368906974792
TAP1_RNA,0.17197653651237488
SGTA_RNA,0.17195308208465576
DBN1_RNA,0.1719352900981903
KLHL22_RNA,0.17180976271629333
FBXW11_RNA,0.17179246246814728
PPP4R1_RNA,0.17175178229808807
PPP2R2D_RNA,0.17171916365623474
NDUFS7_RNA,0.17169682681560516
KCNJ9_RNA,0.17167754471302032
KIF11_RNA,0.17163671553134918
RAP1GDS1_RNA,0.1716097593307495
CLDN1_RNA,0.17159350216388702
MAPK8IP3_RNA,0.17149274051189423
MRPL23_RNA,0.17145633697509766
C12orf43_RNA,0.17130164802074432
NIPA1_RNA,0.17110638320446014
NAB1_RNA,0.1710430532693863
NEU1_RNA,0.17099733650684357
GMEB2_RNA,0.17099303007125854
ABT1_RNA,0.1709394007921219
PFDN1_RNA,0.17091161012649536
C1QL2_RNA,0.17087407410144806
TCERG1L_RNA,0.17083705961704254
SIVA1_RNA,0.17083311080932617
PCOLCE2_RNA,0.1707315295934677
SF3B3_RNA,0.17072762548923492
GRIN3A_RNA,0.1706715077161789
IKBIP_RNA,0.17042282223701477
ZDBF2_RNA,0.17042270302772522
RPL37_RNA,0.1703457236289978
SND1_RNA,0.17033760249614716
NT5DC2_RNA,0.17028358578681946
TAGLN_RNA,0.17025607824325562
GTF3A_RNA,0.17023181915283203
FLNB_RNA,0.17019808292388916
MTA2_RNA,0.17019373178482056
WDR7_RNA,0.17008522152900696
PAPSS2_RNA,0.17008095979690552
CACNG7_RNA,0.1700715720653534
TMEM54_RNA,0.1700606644153595
PTH2R_RNA,0.1698908805847168
ERBB3_RNA,0.16986291110515594
ADCK2_RNA,0.16983665525913239
EXOSC5_RNA,0.16982950270175934
HINT1_RNA,0.1696924865245819
FAT3_RNA,0.16965936124324799
LHX6_RNA,0.1696508377790451
SHC4_RNA,0.16960205137729645
PHLPP1_RNA,0.1695624738931656
IQSEC1_RNA,0.1695346087217331
LYPLA2_RNA,0.16949330270290375
CCKBR_RNA,0.16939349472522736
RPS19BP1_RNA,0.1693383902311325
DCUN1D3_RNA,0.1692609041929245
PLS3_RNA,0.16918575763702393
BNIP3_RNA,0.16916757822036743
BACH1_RNA,0.1691349744796753
NPTX2_RNA,0.16910049319267273
KIF22_RNA,0.16909939050674438
PRICKLE1_RNA,0.16906876862049103
HLF_RNA,0.16903942823410034
LCMT1_RNA,0.1690329909324646
NCOA3_RNA,0.1690252721309662
B4GALT3_RNA,0.16899600625038147
IRS2_RNA,0.16897450387477875
PDXP_RNA,0.16894592344760895
PLEKHG2_RNA,0.16894085705280304
CTNNB1_RNA,0.16892774403095245
ERCC1_RNA,0.1689162254333496
SPTB_RNA,0.16890381276607513
ZNF416_RNA,0.1688525229692459
TRIAP1_RNA,0.1688007116317749
PLXDC1_RNA,0.16872477531433105
MAL_RNA,0.16857744753360748
FBLL1_RNA,0.16855017840862274
DRAP1_RNA,0.16843242943286896
SFXN3_RNA,0.16833831369876862
CARD10_RNA,0.16826584935188293
SLC22A23_RNA,0.16826342046260834
ITPRIPL1_RNA,0.16822510957717896
RGMB_RNA,0.16821050643920898
MRPS2_RNA,0.16819854080677032
COL5A3_RNA,0.16819380223751068
RPN2_RNA,0.16808132827281952
ST14_RNA,0.1680288463830948
EFNA1_RNA,0.16802003979682922
HECTD1_RNA,0.16795948147773743
IDH3A_RNA,0.16784784197807312
SLC6A6_RNA,0.16772879660129547
TCF12_RNA,0.16772374510765076
SIGLEC12_RNA,0.1676877737045288
MEA1_RNA,0.16757899522781372
SIX1_RNA,0.16755500435829163
SEMA4F_RNA,0.1675136685371399
STK11_RNA,0.16742974519729614
IMP4_RNA,0.16740533709526062
ATG7_RNA,0.16732554137706757
UBXN6_RNA,0.16732364892959595
SDHB_RNA,0.16730375587940216
VSNL1_RNA,0.16726405918598175
NPM2_RNA,0.1672384887933731
TXNDC2_RNA,0.16716459393501282
HTR5A_RNA,0.16713100671768188
FAM163B_RNA,0.16709789633750916
GNPNAT1_RNA,0.16706213355064392
SRD5A1_RNA,0.16698642075061798
MRPL12_RNA,0.16697841882705688
CLSPN_RNA,0.1669624298810959
GLRX3_RNA,0.1669212430715561
KLK7_RNA,0.16683655977249146
RARA_RNA,0.16680869460105896
INCENP_RNA,0.16679218411445618
FGF12_RNA,0.16670726239681244
PKIB_RNA,0.16666115820407867
ESYT1_RNA,0.16664864122867584
FTSJ1_RNA,0.16663676500320435
DPYSL2_RNA,0.16660892963409424
MPDU1_RNA,0.16653543710708618
USP31_RNA,0.16653500497341156
KCNE3_RNA,0.16648122668266296
CPNE7_RNA,0.16645440459251404
RCOR1_RNA,0.16644851863384247
BRIP1_RNA,0.16638681292533875
SCN7A_RNA,0.16635559499263763
AP2M1_RNA,0.16635191440582275
CYFIP1_RNA,0.16627968847751617
COX7B_RNA,0.16623885929584503
CENPB_RNA,0.1662197858095169
SMARCB1_RNA,0.16617947816848755
SCMH1_RNA,0.16617031395435333
CDH10_RNA,0.16613668203353882
MRI1_RNA,0.1660991609096527
STK24_RNA,0.16607891023159027
MMRN1_RNA,0.16602623462677002
SLC16A12_RNA,0.16601398587226868
PIF1_RNA,0.16597485542297363
DYSF_RNA,0.16596591472625732
SNORD115-32_RNA,0.1658990979194641
CLTC_RNA,0.16588810086250305
NOX4_RNA,0.16588594019412994
ZFYVE26_RNA,0.16582712531089783
EXOC3L2_RNA,0.16575205326080322
SERPIND1_RNA,0.16575191915035248
BNIP1_RNA,0.16570474207401276
NDUFS6_RNA,0.16566890478134155
BRAF_RNA,0.16566205024719238
KLHDC3_RNA,0.16562624275684357
IL1RAPL1_RNA,0.1656230241060257
TP53BP1_RNA,0.16542421281337738
FOXK1_RNA,0.16528809070587158
MYT1L_RNA,0.16520604491233826
EDA2R_RNA,0.16519957780838013
ZFP92_RNA,0.16517114639282227
ITPKC_RNA,0.16511528193950653
DIP2C_RNA,0.16510945558547974
ACTB_RNA,0.16509567201137543
FGFBP3_RNA,0.1650286316871643
RELL2_RNA,0.1650248020887375
EFCAB8_RNA,0.16500291228294373
ALX1_RNA,0.16484351456165314
SRRD_RNA,0.1648396998643875
PALM_RNA,0.16478073596954346
PPA1_RNA,0.16477301716804504
CIAPIN1_RNA,0.16477209329605103
MFSD5_RNA,0.1647447645664215
EPHA10_RNA,0.16464048624038696
APOBEC3B_RNA,0.16458852589130402
MRPL4_RNA,0.16456864774227142
HTT_RNA,0.1644645780324936
RPL11_RNA,0.16444846987724304
CENPJ_RNA,0.16439221799373627
RAB3GAP2_RNA,0.16431181132793427
RNFT2_RNA,0.16418784856796265
HAS2_RNA,0.16418220102787018
NDUFS1_RNA,0.16414675116539001
SSH2_RNA,0.164104625582695
NETO1_RNA,0.16410350799560547
PSMG3_RNA,0.16409613192081451
MC4R_RNA,0.16408835351467133
CDC42SE1_RNA,0.16408075392246246
TMEFF2_RNA,0.16404718160629272
ALKBH4_RNA,0.16395056247711182
GEMIN5_RNA,0.1637629270553589
CLIP2_RNA,0.1637609750032425
TSPAN11_RNA,0.16375429928302765
IPPK_RNA,0.16361381113529205
GPC2_RNA,0.16360320150852203
SLC16A10_RNA,0.16360239684581757
LENG9_RNA,0.16350413858890533
ZNF671_RNA,0.16349108517169952
VASP_RNA,0.16348238289356232
TERT_RNA,0.16338369250297546
SYDE1_RNA,0.16299721598625183
RBM42_RNA,0.16292428970336914
USP32_RNA,0.16285008192062378
VCP_RNA,0.16282418370246887
HMGXB3_RNA,0.16280457377433777
RNF126_RNA,0.16279929876327515
TSPAN4_RNA,0.162797212600708
DEPDC1_RNA,0.1627284586429596
FBXO44_RNA,0.16266466677188873
MPRIP_RNA,0.16261287033557892
NDC80_RNA,0.16254165768623352
GPM6A_RNA,0.1625358909368515
PA2G4_RNA,0.1625271886587143
YWHAH_RNA,0.16246314346790314
LOXL1_RNA,0.16245968639850616
THRB_RNA,0.162419855594635
UGGT1_RNA,0.1623261570930481
ZNF236_RNA,0.16232289373874664
IRF2BP1_RNA,0.1623004972934723
RPL7L1_RNA,0.1622723639011383
CHRM2_RNA,0.162228062748909
PLXNA2_RNA,0.16221289336681366
STK32A_RNA,0.1621343046426773
GDNF_RNA,0.1621309220790863
SCAP_RNA,0.16210627555847168
COMTD1_RNA,0.1620827466249466
TIMM10_RNA,0.16204684972763062
EPHB2_RNA,0.16191531717777252
DOK2_RNA,0.16188155114650726
GPRIN2_RNA,0.1618194878101349
KCNA1_RNA,0.16179661452770233
TTC38_RNA,0.16179345548152924
RANBP9_RNA,0.16176553070545197
CWF19L1_RNA,0.16169306635856628
INA_RNA,0.1616591215133667
FBXO7_RNA,0.1614467203617096
SLC25A23_RNA,0.16139914095401764
MPP2_RNA,0.16138510406017303
COX4I2_RNA,0.1613842248916626
DBNDD2_RNA,0.16136148571968079
LOC100131496_RNA,0.1612965613603592
GJD2_RNA,0.16129018366336823
GDE1_RNA,0.1612829864025116
GNB4_RNA,0.16120250523090363
PTPRD_RNA,0.16115549206733704
PAPSS1_RNA,0.16115258634090424
STXBP6_RNA,0.16103042662143707
HEATR1_RNA,0.1609993875026703
HADHA_RNA,0.16091035306453705
TMED10_RNA,0.16088120639324188
PDIA2_RNA,0.1608530730009079
FGD1_RNA,0.16080494225025177
FKBP10_RNA,0.16077522933483124
SRGN_RNA,0.16075174510478973
ATP6V0D1_RNA,0.16070377826690674
PCCB_RNA,0.16056092083454132
HELZ_RNA,0.16055570542812347
TMED3_RNA,0.16049955785274506
GLTP_RNA,0.16049538552761078
DEDD2_RNA,0.16036923229694366
SPTAN1_RNA,0.16034698486328125
GJC1_RNA,0.16028033196926117
SNCA_RNA,0.1602146178483963
VAX2_RNA,0.16020287573337555
WASF1_RNA,0.16013115644454956
ZNF48_RNA,0.16011649370193481
GFRA1_RNA,0.1599660962820053
ENTPD4_RNA,0.1599636822938919
ERF_RNA,0.1599510759115219
EXOSC4_RNA,0.15994617342948914
AGTPBP1_RNA,0.15993699431419373
RAD23A_RNA,0.1599186211824417
CCT3_RNA,0.15988962352275848
SIK3_RNA,0.1598745435476303
ZNF844_RNA,0.1598731428384781
NDUFS4_RNA,0.15987177193164825
SH2B2_RNA,0.15980084240436554
BTRC_RNA,0.1597883552312851
ICA1_RNA,0.15977735817432404
FKBP4_RNA,0.1597595512866974
CLDN10_RNA,0.15969225764274597
SDF4_RNA,0.15967467427253723
SLC2A1_RNA,0.15963737666606903
SLC6A11_RNA,0.1596250832080841
ARFGEF2_RNA,0.1596168875694275
ATP6AP1_RNA,0.15958131849765778
CERCAM_RNA,0.15953001379966736
SNAP25_RNA,0.15950359404087067
STIP1_RNA,0.1594834178686142
SLC1A6_RNA,0.15944288671016693
LOXHD1_RNA,0.15933401882648468
SYT4_RNA,0.15918180346488953
TOM1_RNA,0.15912732481956482
SHANK2_RNA,0.1591016799211502
TRMT5_RNA,0.15909194946289063
PLEKHJ1_RNA,0.15907324850559235
CUEDC2_RNA,0.1590244323015213
GATC_RNA,0.15898749232292175
GOT2_RNA,0.15895697474479675
TSPAN9_RNA,0.15893881022930145
LYPD6B_RNA,0.15893426537513733
PIP4K2C_RNA,0.1588248759508133
RHPN2_RNA,0.1588243842124939
KBTBD6_RNA,0.1587962508201599
MXD3_RNA,0.15877826511859894
LRP5_RNA,0.15873004496097565
ARL4D_RNA,0.15872952342033386
TASP1_RNA,0.15869228541851044
PLD1_RNA,0.15863753855228424
SCARB2_RNA,0.15862740576267242
SMPD1_RNA,0.15856719017028809
STXBP5_RNA,0.15855205059051514
BEND5_RNA,0.15849438309669495
POLG_RNA,0.15848247706890106
TNK2_RNA,0.1584472358226776
PISD_RNA,0.1583390235900879
SNORD62A_RNA,0.15828296542167664
DBNDD1_RNA,0.15827904641628265
MRPL40_RNA,0.15826503932476044
WDR46_RNA,0.15823586285114288
ATP13A1_RNA,0.15821324288845062
ACAP3_RNA,0.15819202363491058
HTR1F_RNA,0.15814301371574402
KCNC2_RNA,0.15801401436328888
MGAT2_RNA,0.15790127217769623
MYL12B_RNA,0.15789498388767242
TTBK1_RNA,0.15785324573516846
ATRN_RNA,0.15782980620861053
ARHGEF12_RNA,0.15779228508472443
NME3_RNA,0.15771248936653137
DOCK10_RNA,0.1576787233352661
MPP3_RNA,0.15767543017864227
CACNG3_RNA,0.15765292942523956
SLC1A2_RNA,0.1576242595911026
HSPA13_RNA,0.15758737921714783
TMEM179_RNA,0.15752123296260834
TUBGCP2_RNA,0.15749002993106842
ZNHIT1_RNA,0.15744706988334656
ZSCAN22_RNA,0.15725572407245636
ACOT12_RNA,0.1572471261024475
EIF2B3_RNA,0.15719524025917053
WDR12_RNA,0.15719081461429596
NUP205_RNA,0.1571437418460846
LTK_RNA,0.15711058676242828
CORO2B_RNA,0.15709879994392395
UBB_RNA,0.15704818069934845
DPP6_RNA,0.15704725682735443
MARCKSL1_RNA,0.1569908708333969
CRYGA_RNA,0.15690040588378906
SSTR4_RNA,0.15683527290821075
WDFY3_RNA,0.15681478381156921
CELSR2_RNA,0.15681242942810059
AGPAT4_RNA,0.15680572390556335
XPNPEP1_RNA,0.15677721798419952
ZNF584_RNA,0.15673284232616425
HRH3_RNA,0.15670591592788696
PHF5A_RNA,0.15664714574813843
BARD1_RNA,0.15660052001476288
ANGPT2_RNA,0.1565842479467392
OLFM1_RNA,0.15658213198184967
PPM1L_RNA,0.15655426681041718
PTGR1_RNA,0.15649054944515228
GPRC5A_RNA,0.15646953880786896
DNM2_RNA,0.1562725454568863
GRK4_RNA,0.1562647819519043
VASH1_RNA,0.1561289280653
RPL26L1_RNA,0.1560099571943283
CEP72_RNA,0.1560036540031433
GALK2_RNA,0.1559712141752243
CDYL2_RNA,0.15595832467079163
ISM2_RNA,0.15588238835334778
OSBPL10_RNA,0.1558549851179123
TMEM176B_RNA,0.15583859384059906
GDF6_RNA,0.1558147370815277
SNORA14A_RNA,0.15575619041919708
MIR668_RNA,0.15568801760673523
MRPL47_RNA,0.15566864609718323
EIF4E_RNA,0.15558482706546783
CA11_RNA,0.15554408729076385
SV2C_RNA,0.15549291670322418
PPP2R5B_RNA,0.15545108914375305
SUSD2_RNA,0.15543361008167267
RNF180_RNA,0.1553948074579239
GTPBP1_RNA,0.15538960695266724
ANKH_RNA,0.15538839995861053
ACTR8_RNA,0.15536168217658997
MC5R_RNA,0.15536116063594818
NDFIP2_RNA,0.155357226729393
UMPS_RNA,0.15520155429840088
ASB13_RNA,0.15519480407238007
NDUFA8_RNA,0.1551619917154312
ATP6V1F_RNA,0.15514884889125824
NEFH_RNA,0.15513868629932404
OLFM3_RNA,0.15504106879234314
CABYR_RNA,0.15503732860088348
DPYSL4_RNA,0.15499666333198547
ARHGAP26_RNA,0.1549873650074005
TRIM27_RNA,0.15497073531150818
RPLP2_RNA,0.15494748950004578
RPL30_RNA,0.15494194626808167
MTCH2_RNA,0.1549208015203476
ARL2_RNA,0.15477672219276428
BBC3_RNA,0.15475204586982727
SH3GLB2_RNA,0.1546000987291336
LARP6_RNA,0.15458931028842926
PIGU_RNA,0.1545674055814743
FZD9_RNA,0.15454977750778198
RC3H2_RNA,0.15453705191612244
MED13_RNA,0.15452717244625092
OLFML2A_RNA,0.1545233428478241
TMEM171_RNA,0.15449509024620056
FEM1A_RNA,0.15448515117168427
MIR138-1_RNA,0.15448246896266937
TBC1D14_RNA,0.15446285903453827
ITPRIPL2_RNA,0.15431994199752808
MOCS1_RNA,0.15428808331489563
FBN2_RNA,0.15424272418022156
HS6ST2_RNA,0.15421703457832336
PTPRN2_RNA,0.154214009642601
HSPA5_RNA,0.15406641364097595
FAM83G_RNA,0.154045969247818
ZNF292_RNA,0.15404273569583893
WDR1_RNA,0.1540287882089615
HTR3B_RNA,0.15400373935699463
FEN1_RNA,0.15393702685832977
FAT2_RNA,0.15386585891246796
ATP9A_RNA,0.15382714569568634
GJA4_RNA,0.15381495654582977
PRELID2_RNA,0.15377098321914673
DDHD1_RNA,0.15372627973556519
CCDC107_RNA,0.15356247127056122
MECR_RNA,0.1534143090248108
PMPCA_RNA,0.15335829555988312
CMTM5_RNA,0.15329943597316742
PCDHA3_RNA,0.15328994393348694
ANKRD30B_RNA,0.1532856822013855
ZNF70_RNA,0.1532081514596939
ITGA7_RNA,0.15310613811016083
LILRA5_RNA,0.15287359058856964
ATXN7L3_RNA,0.15282592177391052
NDUFS8_RNA,0.15282349288463593
PGLS_RNA,0.15281814336776733
FBXL19_RNA,0.15279866755008698
TMPO_RNA,0.15277935564517975
CAV2_RNA,0.1527407169342041
GBF1_RNA,0.15273240208625793
ITGB1_RNA,0.15273097157478333
BCL2L2_RNA,0.15273050963878632
KIF3B_RNA,0.15270116925239563
MYOCD_RNA,0.152692049741745
TRIM3_RNA,0.1526831090450287
ELOVL4_RNA,0.15267933905124664
MAD2L1BP_RNA,0.15267296135425568
ATP6V0A1_RNA,0.1525379717350006
KCNAB2_RNA,0.1525348424911499
PNMA1_RNA,0.1524299532175064
PIP4K2B_RNA,0.15231378376483917
GSS_RNA,0.15225167572498322
SHPRH_RNA,0.15220977365970612
SLC1A5_RNA,0.15213322639465332
UPF1_RNA,0.1520586758852005
TMSB4X_RNA,0.15194688737392426
HMGCR_RNA,0.1519283950328827
UBE3C_RNA,0.1518579125404358
DNASE1L3_RNA,0.15180690586566925
KIAA1549_RNA,0.1517852395772934
KPNA6_RNA,0.15173771977424622
RPS26_RNA,0.15171769261360168
NAIF1_RNA,0.1517130583524704
CTNNA1_RNA,0.15169474482536316
SUCLG1_RNA,0.15156346559524536
GLCE_RNA,0.15153920650482178
ACTG2_RNA,0.15146484971046448
ALG12_RNA,0.15145951509475708
BRI3BP_RNA,0.15144841372966766
CACNA1C_RNA,0.15141774713993073
RILP_RNA,0.15141157805919647
SECTM1_RNA,0.151292085647583
TPM1_RNA,0.15128585696220398
RPS6KA1_RNA,0.15123337507247925
TBC1D9_RNA,0.1511913239955902
RNF113A_RNA,0.15114842355251312
KLHL1_RNA,0.15113458037376404
ZC3HC1_RNA,0.15107224881649017
TTLL12_RNA,0.15105150640010834
KIF17_RNA,0.15104566514492035
DPH2_RNA,0.15102502703666687
MED13L_RNA,0.15099678933620453
C14orf132_RNA,0.15098445117473602
VAPA_RNA,0.15098178386688232
MACROD1_RNA,0.15094640851020813
CBLN2_RNA,0.15087322890758514
PPP2R2B_RNA,0.1508650928735733
EPAS1_RNA,0.15084317326545715
CCNA1_RNA,0.15083429217338562
FUT1_RNA,0.15079817175865173
PSMC4_RNA,0.1506960541009903
C2CD4B_RNA,0.1506490260362625
MAST3_RNA,0.15061447024345398
SNX17_RNA,0.15061376988887787
CRIP2_RNA,0.15060169994831085
RANBP17_RNA,0.15054406225681305
LPGAT1_RNA,0.1505255550146103
KBTBD8_RNA,0.1504843682050705
SGTB_RNA,0.15033167600631714
HDDC2_RNA,0.15029276907444
B4GALT7_RNA,0.15022504329681396
PDPN_RNA,0.1502038836479187
ERMP1_RNA,0.1502029001712799
ATP6V0A4_RNA,0.15016070008277893
GABRA1_RNA,0.150138258934021
ORAI2_RNA,0.15013763308525085
FBXL16_RNA,0.15013635158538818
ISYNA1_RNA,0.15011028945446014
CABIN1_RNA,0.15008270740509033
B4GALNT1_RNA,0.1500585824251175
DLL4_RNA,0.1500091701745987
CDC6_RNA,0.15000109374523163
MRPL21_RNA,0.1499391794204712
SPP1_RNA,0.14993631839752197
PITRM1_RNA,0.14993613958358765
ALAS1_RNA,0.14990165829658508
ACP2_RNA,0.14986297488212585
TRIM32_RNA,0.14981502294540405
ANXA5_RNA,0.14981068670749664
PPFIBP2_RNA,0.14974357187747955
ZNF490_RNA,0.14967253804206848
PLEKHA2_RNA,0.14963723719120026
SCARF2_RNA,0.14953169226646423
SEC23B_RNA,0.149521604180336
USP37_RNA,0.1494595855474472
ARFGAP2_RNA,0.14945624768733978
EXOC7_RNA,0.14943714439868927
SHB_RNA,0.14939352869987488
KIDINS220_RNA,0.14933787286281586
SPATA7_RNA,0.14933693408966064
ARHGAP10_RNA,0.1493186354637146
NUP50_RNA,0.14926722645759583
NDUFB6_RNA,0.14916151762008667
CD200_RNA,0.14911668002605438
CSNK1G2_RNA,0.14911073446273804
NUDT3_RNA,0.14902280271053314
PRR16_RNA,0.14897039532661438
RPUSD2_RNA,0.14894777536392212
A2M_RNA,0.14879374206066132
LRFN3_RNA,0.14877250790596008
DGCR11_RNA,0.14872542023658752
NAA38_RNA,0.14871256053447723
GNB2_RNA,0.14866842329502106
ADRM1_RNA,0.1486683040857315
GCNT2_RNA,0.14863550662994385
ZNF407_RNA,0.14857083559036255
GMPPA_RNA,0.148545041680336
DLG4_RNA,0.14851923286914825
RNF185_RNA,0.14851728081703186
ADAP1_RNA,0.14848606288433075
ZYG11B_RNA,0.14848454296588898
MAP6D1_RNA,0.14845798909664154
SLPI_RNA,0.14844858646392822
GNB1_RNA,0.14842671155929565
BMP8A_RNA,0.14839625358581543
PPM1F_RNA,0.14837056398391724
ALOXE3_RNA,0.1483561396598816
EXOSC1_RNA,0.14830316603183746
DVL1_RNA,0.14828434586524963
GABBR2_RNA,0.14825208485126495
AHSA1_RNA,0.14818495512008667
FITM2_RNA,0.14811328053474426
CALU_RNA,0.14802025258541107
NUCB1_RNA,0.14795951545238495
RNGTT_RNA,0.14792323112487793
RAB11FIP5_RNA,0.14786216616630554
STK17A_RNA,0.14770536124706268
TLE1_RNA,0.1476500779390335
GMEB1_RNA,0.14761921763420105
LCN8_RNA,0.14761143922805786
ST3GAL2_RNA,0.147568941116333
EFNB3_RNA,0.14755186438560486
EFS_RNA,0.1474640667438507
TNPO2_RNA,0.14743287861347198
ANKS1B_RNA,0.14739184081554413
ACSS3_RNA,0.14736983180046082
ZIK1_RNA,0.1473587155342102
MEG3_RNA,0.14733976125717163
PIGT_RNA,0.1473345011472702
ALDH1L2_RNA,0.14730755984783173
YWHAB_RNA,0.1472913771867752
EIF4A3_RNA,0.1472652107477188
MRPS15_RNA,0.14722840487957
LENG1_RNA,0.14715628325939178
SNRNP40_RNA,0.14715580642223358
RASGRF2_RNA,0.14715009927749634
LY6H_RNA,0.14711304008960724
P4HA2_RNA,0.14708100259304047
NEIL2_RNA,0.14707620441913605
CPXM1_RNA,0.1470557302236557
RAB1B_RNA,0.14703020453453064
NEFL_RNA,0.14702419936656952
ASPM_RNA,0.14696630835533142
NHP2_RNA,0.1468476504087448
MPV17L_RNA,0.14681346714496613
ARF1_RNA,0.14664755761623383
ILDR2_RNA,0.14653263986110687
PGAP3_RNA,0.14652703702449799
RET_RNA,0.14641384780406952
WDR54_RNA,0.14639529585838318
SET_RNA,0.1463766247034073
ANAPC1_RNA,0.14637145400047302
FHL5_RNA,0.14633579552173615
CAND1_RNA,0.1462772935628891
ZFYVE1_RNA,0.14622348546981812
ABCB9_RNA,0.14619913697242737
SPTBN1_RNA,0.14619791507720947
MPZ_RNA,0.14619208872318268
DNAJC14_RNA,0.1461218148469925
URB2_RNA,0.14611788094043732
NDUFB5_RNA,0.14609460532665253
PBX4_RNA,0.14608804881572723
TCEAL7_RNA,0.14602802693843842
PDIA4_RNA,0.14601880311965942
GRIN1_RNA,0.14599546790122986
CHN1_RNA,0.1459948867559433
SLC35F3_RNA,0.14595332741737366
SETBP1_RNA,0.1459135264158249
REV3L_RNA,0.145903542637825
ZDHHC23_RNA,0.14590170979499817
OXTR_RNA,0.14586670696735382
CPNE2_RNA,0.1458664834499359
TRMT1_RNA,0.14584197103977203
CYS1_RNA,0.14582310616970062
STAG1_RNA,0.14579610526561737
TSPAN5_RNA,0.14578239619731903
ARPC4_RNA,0.14576061069965363
SLC16A14_RNA,0.1457274705171585
COX7A2L_RNA,0.14571380615234375
SUSD1_RNA,0.14571158587932587
FBXO5_RNA,0.1456061601638794
SUPT16H_RNA,0.14558357000350952
DPP7_RNA,0.14558260142803192
HSPBP1_RNA,0.14554981887340546
HTRA1_RNA,0.14554660022258759
FOXD2_RNA,0.1455419361591339
VPS25_RNA,0.1455390304327011
STAT3_RNA,0.14552538096904755
PDZD4_RNA,0.1454916000366211
AKAP5_RNA,0.14548027515411377
NNT_RNA,0.1454095095396042
SIAH2_RNA,0.14540605247020721
FBXO17_RNA,0.14540566504001617
TRIM67_RNA,0.14528807997703552
HIP1_RNA,0.145140141248703
ROMO1_RNA,0.14498911798000336
CLPTM1L_RNA,0.14487814903259277
PSEN1_RNA,0.14486227929592133
HMGN2_RNA,0.14480246603488922
KRT7_RNA,0.14478470385074615
OSBPL8_RNA,0.14475028216838837
IGBP1_RNA,0.1446930319070816
SLC25A26_RNA,0.14469045400619507
PLAUR_RNA,0.14462459087371826
EDC4_RNA,0.1444903463125229
ANPEP_RNA,0.14442558586597443
MRPL33_RNA,0.14439477026462555
GLB1L3_RNA,0.14434558153152466
DLAT_RNA,0.14430080354213715
EFR3B_RNA,0.14429955184459686
SLC37A3_RNA,0.14428064227104187
LOC284798_RNA,0.14423513412475586
TNFSF9_RNA,0.14422941207885742
DOLK_RNA,0.14417389035224915
COMMD1_RNA,0.14411954581737518
VEGFA_RNA,0.14397147297859192
MYL9_RNA,0.14392763376235962
HIF1A_RNA,0.14392736554145813
ABCA2_RNA,0.14385229349136353
LRRN3_RNA,0.14384950697422028
EXOC6B_RNA,0.1438152939081192
NDUFAB1_RNA,0.1437976211309433
GAS1_RNA,0.1437576860189438
SH3GL1_RNA,0.1437043398618698
TRIP12_RNA,0.1436290740966797
VSTM2A_RNA,0.14361490309238434
CHAF1B_RNA,0.14360086619853973
VSX1_RNA,0.1435719132423401
TM9SF1_RNA,0.14350774884223938
NCK2_RNA,0.1435042917728424
PRODH_RNA,0.14349065721035004
CDC42EP3_RNA,0.14348973333835602
GABRG2_RNA,0.1434406340122223
TRAPPC10_RNA,0.14339546859264374
ADD2_RNA,0.1433694064617157
CGN_RNA,0.14334534108638763
ACSS2_RNA,0.1433105617761612
SIX2_RNA,0.14329440891742706
UBR7_RNA,0.14329394698143005
SPOCK1_RNA,0.14327850937843323
TH_RNA,0.14324285089969635
TNFAIP1_RNA,0.1431877762079239
COL9A2_RNA,0.1431506872177124
FBXL15_RNA,0.1430579274892807
SLC12A9_RNA,0.1430344581604004
CDH24_RNA,0.14301471412181854
SIL1_RNA,0.14299343526363373
DHFR_RNA,0.14298857748508453
COX5A_RNA,0.14291983842849731
HS6ST3_RNA,0.1429056078195572
DCBLD2_RNA,0.14289215207099915
DHX8_RNA,0.14286723732948303
ZNF700_RNA,0.14284588396549225
ZBED4_RNA,0.14283572137355804
C1orf122_RNA,0.1428280472755432
PGM3_RNA,0.1427989900112152
SCN5A_RNA,0.14275959134101868
ABI2_RNA,0.1427362710237503
CD300A_RNA,0.14272479712963104
LAMB3_RNA,0.142709881067276
SNX12_RNA,0.14259357750415802
PTPRB_RNA,0.14245417714118958
FAM110B_RNA,0.14244532585144043
GRK5_RNA,0.1423962414264679
VPS72_RNA,0.1423676460981369
GPR3_RNA,0.14235638082027435
ZNF827_RNA,0.1423460841178894
TMED9_RNA,0.14233143627643585
SLC4A3_RNA,0.14230211079120636
PVT1_RNA,0.1422719806432724
TMEM204_RNA,0.14224544167518616
WDR74_RNA,0.1422039121389389
MYO1G_RNA,0.1421683430671692
TNNT2_RNA,0.1421385556459427
MAN1B1_RNA,0.14213119447231293
ZNF831_RNA,0.14209797978401184
WDR86_RNA,0.1420963555574417
CRELD2_RNA,0.14207462966442108
SPHKAP_RNA,0.14202658832073212
SNORD67_RNA,0.14200325310230255
DPF3_RNA,0.14198368787765503
ARHGEF18_RNA,0.14193633198738098
ARRB1_RNA,0.14190948009490967
GDI1_RNA,0.14190837740898132
BTF3_RNA,0.1418588012456894
NUDT22_RNA,0.14185728132724762
PARD6A_RNA,0.14185169339179993
BAG1_RNA,0.14181013405323029
UNC13B_RNA,0.14171108603477478
ACSL1_RNA,0.14167441427707672
SYT16_RNA,0.14159360527992249
EIF2S1_RNA,0.14156314730644226
OSM_RNA,0.14143522083759308
SNAP91_RNA,0.14140939712524414
MRPL37_RNA,0.14138725399971008
ZNF304_RNA,0.14128731191158295
DMRT2_RNA,0.14127929508686066
NGRN_RNA,0.14119267463684082
HIPK3_RNA,0.14117196202278137
BAG4_RNA,0.1411411613225937
CDH18_RNA,0.14110270142555237
RAD51C_RNA,0.14108379185199738
HMOX1_RNA,0.14101500809192657
DDA1_RNA,0.14091378450393677
DAB1_RNA,0.14089083671569824
TINF2_RNA,0.14088253676891327
ABCA3_RNA,0.14081065356731415
CABLES1_RNA,0.140802264213562
PCDHGB5_RNA,0.14077812433242798
ZC3H14_RNA,0.14076992869377136
FOXD3_RNA,0.1406947672367096
RGS14_RNA,0.14067721366882324
ITCH_RNA,0.14067259430885315
AKAP8L_RNA,0.1406722515821457
WWTR1_RNA,0.1406632363796234
LTBP2_RNA,0.1406574845314026
NPAS4_RNA,0.14064884185791016
TP53I11_RNA,0.1406088024377823
ME1_RNA,0.14059770107269287
KRT36_RNA,0.14055971801280975
AACS_RNA,0.14048199355602264
BDH1_RNA,0.14048047363758087
FKBP9_RNA,0.14047649502754211
FAM174A_RNA,0.14046618342399597
ATP2B3_RNA,0.14032937586307526
PNPLA5_RNA,0.1402537226676941
AMOTL1_RNA,0.14022520184516907
ZNF737_RNA,0.14021240174770355
CTSC_RNA,0.14016525447368622
SERPINI1_RNA,0.14015218615531921
MAGEL2_RNA,0.14007925987243652
NGDN_RNA,0.14006762206554413
RAPGEF1_RNA,0.14002206921577454
CHEK2_RNA,0.14000289142131805
SPRY2_RNA,0.13998211920261383
SOX10_RNA,0.1399705559015274
QRICH2_RNA,0.13994528353214264
GRIK2_RNA,0.1399206966161728
RGS16_RNA,0.13983669877052307
ZNF121_RNA,0.1398354470729828
KRT18_RNA,0.1398179531097412
RPL23_RNA,0.13978001475334167
BRD1_RNA,0.13976851105690002
EML2_RNA,0.13975456357002258
SPTLC2_RNA,0.13966383039951324
ALG1_RNA,0.13957332074642181
LRFN5_RNA,0.1395641267299652
GANAB_RNA,0.13954229652881622
KLHL34_RNA,0.13948895037174225
KLF13_RNA,0.13941171765327454
C6orf120_RNA,0.13939924538135529
RESP18_RNA,0.1393841952085495
PPP1R13B_RNA,0.1393449604511261
TBL2_RNA,0.13932925462722778
TESC_RNA,0.1393262892961502
SNHG8_RNA,0.13931836187839508
SNORD83A_RNA,0.13930262625217438
HAPLN3_RNA,0.1392965465784073
DUSP15_RNA,0.1392785608768463
EHMT2_RNA,0.13923227787017822
UFSP2_RNA,0.13921409845352173
SCARNA3_RNA,0.13921254873275757
FXR2_RNA,0.13916674256324768
NDUFA12_RNA,0.13911712169647217
AP2A2_RNA,0.13906900584697723
AP1M1_RNA,0.13906803727149963
MIDN_RNA,0.1390359103679657
CHGA_RNA,0.13886135816574097
NUP88_RNA,0.13880588114261627
PTGS2_RNA,0.1387820541858673
ATP6V1H_RNA,0.13878107070922852
USP5_RNA,0.13876578211784363
ANKRD50_RNA,0.13875669240951538
NUP93_RNA,0.13873690366744995
LIN52_RNA,0.1387171745300293
MON1A_RNA,0.1384797841310501
RAE1_RNA,0.138360857963562
RGPD8_RNA,0.13834333419799805
PHB2_RNA,0.13831889629364014
KIAA1191_RNA,0.13824081420898438
PLXNB2_RNA,0.13821803033351898
TARBP2_RNA,0.13821634650230408
PDCD2L_RNA,0.13819439709186554
CDK5R1_RNA,0.13811515271663666
PTPN1_RNA,0.1381130963563919
GRAMD1A_RNA,0.13806970417499542
PTH1R_RNA,0.13805794715881348
ARHGAP19_RNA,0.138055682182312
DDX24_RNA,0.13804127275943756
KCNU1_RNA,0.13801425695419312
RP2_RNA,0.13801315426826477
EXO1_RNA,0.13796547055244446
PAK1_RNA,0.13796360790729523
TUFT1_RNA,0.13795945048332214
CAMK2N1_RNA,0.13789427280426025
ANKRD34C_RNA,0.13786788284778595
NEDD4L_RNA,0.13785716891288757
MEX3C_RNA,0.13779576122760773
IL11_RNA,0.1377202421426773
GPR83_RNA,0.13767428696155548
ESAM_RNA,0.13761159777641296
EIF3F_RNA,0.1375751495361328
ATP11A_RNA,0.13757319748401642
RBM19_RNA,0.13757303357124329
ZNF704_RNA,0.13750681281089783
POFUT1_RNA,0.13747510313987732
ITGA10_RNA,0.13747362792491913
TACO1_RNA,0.13745439052581787
APOLD1_RNA,0.13739243149757385
KLHL2_RNA,0.13738146424293518
TRAK1_RNA,0.13733047246932983
AP3D1_RNA,0.13732518255710602
TDG_RNA,0.13729135692119598
TDP1_RNA,0.13726486265659332
SYNPO_RNA,0.13725945353507996
CAMK1_RNA,0.13723717629909515
MUL1_RNA,0.13723093271255493
CENPN_RNA,0.13720689713954926
NRCAM_RNA,0.1371961236000061
SLC5A6_RNA,0.13704201579093933
EPOR_RNA,0.1369297057390213
ETHE1_RNA,0.1369219422340393
TIE1_RNA,0.13689976930618286
RBM11_RNA,0.13681763410568237
APEH_RNA,0.1367807537317276
CBLN1_RNA,0.1367596834897995
COX4I1_RNA,0.1367250382900238
LIN7C_RNA,0.13657785952091217
SIAE_RNA,0.1365688443183899
NUP155_RNA,0.13645102083683014
SFXN1_RNA,0.13644835352897644
KANK2_RNA,0.13641752302646637
DNMT3B_RNA,0.13632738590240479
RPUSD4_RNA,0.1362413763999939
TBC1D24_RNA,0.13620911538600922
DDX6_RNA,0.13617834448814392
ZNF229_RNA,0.13610413670539856
SERTAD2_RNA,0.13609302043914795
BIN1_RNA,0.13608160614967346
MYEOV_RNA,0.13591767847537994
ZDHHC20_RNA,0.13585591316223145
SNORD115-30_RNA,0.13584885001182556
CNTN6_RNA,0.13582360744476318
AHR_RNA,0.13581334054470062
RAB32_RNA,0.1358034610748291
GALC_RNA,0.13579602539539337
POLR3C_RNA,0.13577818870544434
GYS1_RNA,0.13577356934547424
FOXC2_RNA,0.13573892414569855
PLCL2_RNA,0.13567708432674408
CACNA1D_RNA,0.13565057516098022
B3GAT3_RNA,0.13560326397418976
PRKCI_RNA,0.13560254871845245
CTNNAL1_RNA,0.13557769358158112
RARS2_RNA,0.1354990005493164
LY6E_RNA,0.1354796290397644
NTSR1_RNA,0.13546259701251984
SPIRE1_RNA,0.13546249270439148
PEBP1_RNA,0.135454922914505
ZNF787_RNA,0.1354418247938156
SSR3_RNA,0.1353951096534729
GLG1_RNA,0.135384663939476
DCBLD1_RNA,0.1353219449520111
PLK4_RNA,0.13532155752182007
EGFL7_RNA,0.13531725108623505
KISS1R_RNA,0.135300412774086
SPATS2_RNA,0.135283961892128
PPP5C_RNA,0.13522452116012573
ELOF1_RNA,0.13517571985721588
CCL26_RNA,0.13514001667499542
SPATA6_RNA,0.13495241105556488
TMEM141_RNA,0.1348399519920349
HOOK1_RNA,0.13478289544582367
GATAD2A_RNA,0.1347791701555252
SULT2B1_RNA,0.13471578061580658
FANCD2_RNA,0.13466651737689972
KLK5_RNA,0.13466598093509674
CCDC7_RNA,0.13465000689029694
MADD_RNA,0.13461391627788544
TOX4_RNA,0.13460983335971832
IFT52_RNA,0.1345771849155426
LSM2_RNA,0.13456623256206512
TMCO3_RNA,0.1345120370388031
RAB3IL1_RNA,0.13447123765945435
KIAA0586_RNA,0.13445943593978882
PLEK2_RNA,0.1343972384929657
S100A9_RNA,0.13434292376041412
RHEBL1_RNA,0.13428851962089539
MCM7_RNA,0.13428710401058197
DOT1L_RNA,0.13428333401679993
SDR16C5_RNA,0.13426877558231354
ATP6V0A2_RNA,0.13424193859100342
ARID5B_RNA,0.1342080682516098
XRCC3_RNA,0.13419322669506073
GPN1_RNA,0.1341572254896164
KCNA3_RNA,0.13414601981639862
PLEKHM2_RNA,0.13409006595611572
GTF3C4_RNA,0.13407287001609802
GNG3_RNA,0.13401557505130768
GTF3C1_RNA,0.1339995115995407
MAPKBP1_RNA,0.13399100303649902
PRDM11_RNA,0.1339600384235382
NPTN_RNA,0.1338202953338623
MTMR6_RNA,0.13380444049835205
ACTA1_RNA,0.13378021121025085
INVS_RNA,0.1336454153060913
HDAC9_RNA,0.13363106548786163
SPNS2_RNA,0.13357214629650116
SHC1_RNA,0.13350938260555267
CNTNAP1_RNA,0.1334105134010315
CHRNB4_RNA,0.13340157270431519
LOXL3_RNA,0.13330377638339996
SH3PXD2A_RNA,0.1332850456237793
SCLT1_RNA,0.13325944542884827
SNRPC_RNA,0.13323913514614105
LRPAP1_RNA,0.13321839272975922
CAP1_RNA,0.1332123875617981
GALNTL5_RNA,0.13320478796958923
RBP3_RNA,0.13318203389644623
RPS27L_RNA,0.1331472098827362
GTDC1_RNA,0.13311117887496948
KLF12_RNA,0.13310010731220245
LCTL_RNA,0.13309462368488312
ZNF579_RNA,0.1330869346857071
EDF1_RNA,0.1330583393573761
TSSC4_RNA,0.1330123245716095
MARK1_RNA,0.1329752802848816
POMT1_RNA,0.13290813565254211
UBE2Q2_RNA,0.13289351761341095
DFFB_RNA,0.13283823430538177
TCN2_RNA,0.13282528519630432
DHCR24_RNA,0.13278444111347198
STIL_RNA,0.13275519013404846
LIMS2_RNA,0.13274066150188446
DHRS7_RNA,0.13273115456104279
SEL1L3_RNA,0.13269175589084625
TLN1_RNA,0.13260911405086517
GOLGA7_RNA,0.13253848254680634
TMEM233_RNA,0.13252905011177063
PPP1R3B_RNA,0.13251739740371704
NISCH_RNA,0.1324676275253296
MAP3K3_RNA,0.13243994116783142
GABRG3_RNA,0.13242584466934204
LRCH1_RNA,0.13237254321575165
PNMA2_RNA,0.13236559927463531
HSPA1A_RNA,0.13235655426979065
SNORD105B_RNA,0.13231611251831055
RAB38_RNA,0.13227126002311707
PIKFYVE_RNA,0.13225537538528442
KLC1_RNA,0.1322292536497116
GPR157_RNA,0.13221102952957153
SMC4_RNA,0.13213622570037842
PSMD4_RNA,0.13208667933940887
CDKL5_RNA,0.1320601999759674
SLC44A1_RNA,0.1319655179977417
FAM43A_RNA,0.13195408880710602
STK39_RNA,0.13195398449897766
RRP12_RNA,0.13188821077346802
CHAF1A_RNA,0.1318848431110382
IL4R_RNA,0.1318827122449875
B4GALNT4_RNA,0.13185270130634308
UQCRC2_RNA,0.1318061351776123
ZNF428_RNA,0.13180597126483917
FOXM1_RNA,0.13173525035381317
CSNK1G3_RNA,0.13166533410549164
FBL_RNA,0.13166342675685883
SNORA13_RNA,0.13161928951740265
GCDH_RNA,0.1316121220588684
TIMM44_RNA,0.13160468637943268
PEX16_RNA,0.13158226013183594
PSMD13_RNA,0.13151435554027557
C12orf57_RNA,0.13143280148506165
PGF_RNA,0.13131533563137054
AKAP7_RNA,0.13128314912319183
SEH1L_RNA,0.13124893605709076
CIDEA_RNA,0.13117572665214539
FHL3_RNA,0.13112030923366547
QRICH1_RNA,0.13107462227344513
ZDHHC18_RNA,0.13104675710201263
CCNJL_RNA,0.13103902339935303
MRPS22_RNA,0.13101419806480408
SLC43A3_RNA,0.13099876046180725
COMMD5_RNA,0.1308930516242981
SNORD124_RNA,0.1308043897151947
TMEM176A_RNA,0.13079304993152618
ZSCAN2_RNA,0.13078737258911133
NAGA_RNA,0.13076195120811462
GGN_RNA,0.1307508498430252
PPM1J_RNA,0.13072632253170013
FAM20B_RNA,0.1307007521390915
LAMA5_RNA,0.1306922435760498
UBE4A_RNA,0.1306706964969635
SPC25_RNA,0.1306314617395401
NXN_RNA,0.13044968247413635
LMO7_RNA,0.13044589757919312
PAK2_RNA,0.13042975962162018
PTHLH_RNA,0.13039140403270721
ZNF445_RNA,0.13039079308509827
KCNIP2_RNA,0.13038288056850433
TOR1B_RNA,0.1303803026676178
EIF2B2_RNA,0.1303779035806656
TNFSF15_RNA,0.13029783964157104
RBM23_RNA,0.1302853375673294
CCM2_RNA,0.13028192520141602
CDKAL1_RNA,0.13028067350387573
LPAR3_RNA,0.13018278777599335
NHEJ1_RNA,0.1301097571849823
MVK_RNA,0.13009868562221527
GALNT4_RNA,0.1300397515296936
RFTN1_RNA,0.12994608283042908
HTR1B_RNA,0.12981575727462769
ZBTB8B_RNA,0.12969917058944702
GTF2E2_RNA,0.12963588535785675
DSCAML1_RNA,0.1296006292104721
ATAD2B_RNA,0.12956202030181885
ALPL_RNA,0.1295458972454071
DACT2_RNA,0.1294759064912796
FER_RNA,0.12945722043514252
EIF4A2_RNA,0.129450723528862
CDC40_RNA,0.12943461537361145
FAM114A2_RNA,0.12941640615463257
C6orf47_RNA,0.12938423454761505
PLVAP_RNA,0.1293792575597763
TUSC3_RNA,0.1293657422065735
SYTL2_RNA,0.1293419748544693
ARFGAP3_RNA,0.12927336990833282
BLVRA_RNA,0.12922514975070953
UBAC1_RNA,0.1292230486869812
CHRNB3_RNA,0.12919506430625916
FEM1B_RNA,0.1290954053401947
USP3_RNA,0.1290716826915741
SYT5_RNA,0.1290188431739807
CFL1_RNA,0.12898927927017212
CNKSR3_RNA,0.12897220253944397
TIMP3_RNA,0.12893033027648926
MAP1B_RNA,0.12884698808193207
MFSD6_RNA,0.12882058322429657
POLE_RNA,0.12876807153224945
PNMA5_RNA,0.12874393165111542
RNH1_RNA,0.12872561812400818
PCDH15_RNA,0.12860673666000366
OPRK1_RNA,0.12858963012695313
CUX1_RNA,0.12852329015731812
ZFYVE21_RNA,0.12849977612495422
AFG3L2_RNA,0.12848012149333954
COBL_RNA,0.12845155596733093
PRKCSH_RNA,0.1284336894750595
SEC13_RNA,0.12837854027748108
UCHL1_RNA,0.12837079167366028
SNX1_RNA,0.12833534181118011
PDZD7_RNA,0.12830546498298645
RASL11B_RNA,0.1283039003610611
SCGB3A1_RNA,0.128301739692688
CDK16_RNA,0.1282954216003418
TMEM26_RNA,0.12824738025665283
ETV4_RNA,0.12815366685390472
STAT4_RNA,0.1279396265745163
DMBT1_RNA,0.1279391199350357
DNMBP_RNA,0.12793438136577606
SIN3B_RNA,0.12791824340820313
COL7A1_RNA,0.12787693738937378
NTN4_RNA,0.12783272564411163
PRX_RNA,0.12779489159584045
ERCC5_RNA,0.12774083018302917
ANGPTL7_RNA,0.12770682573318481
DENND5B_RNA,0.127679705619812
SLC6A20_RNA,0.1276777684688568
AP1B1_RNA,0.12766434252262115
TSC22D1_RNA,0.12764021754264832
CREG2_RNA,0.12759056687355042
RAB3B_RNA,0.12755323946475983
SENP5_RNA,0.1275215595960617
TMEM30A_RNA,0.1274295300245285
AKT3_RNA,0.12741471827030182
TRAK2_RNA,0.12739033997058868
PANX1_RNA,0.12732893228530884
NOTCH4_RNA,0.1273282766342163
BRMS1_RNA,0.12732143700122833
BSPRY_RNA,0.12729917466640472
CCDC106_RNA,0.12729834020137787
SPRYD3_RNA,0.1272512972354889
AP2A1_RNA,0.1272423267364502
ZNF157_RNA,0.12708355486392975
GMPS_RNA,0.12705522775650024
ZNF622_RNA,0.1270151138305664
LTBP4_RNA,0.12700966000556946
MAP7D2_RNA,0.12697462737560272
ZNF442_RNA,0.12696261703968048
CSRNP1_RNA,0.12694670259952545
RPL5_RNA,0.12692824006080627
RELT_RNA,0.1269056648015976
SEMA6D_RNA,0.12687484920024872
ADRA1B_RNA,0.1268695741891861
PPP4C_RNA,0.1267974078655243
MOGS_RNA,0.12677904963493347
RGP1_RNA,0.12677156925201416
CLDND1_RNA,0.12672512233257294
GDI2_RNA,0.1267162412405014
ROCK2_RNA,0.1266714185476303
UROS_RNA,0.126669242978096
PCDHA12_RNA,0.12664742767810822
SFTPC_RNA,0.1266038715839386
DCAF11_RNA,0.126556858420372
AMBRA1_RNA,0.12649515271186829
DGCR6_RNA,0.12641263008117676
NR5A2_RNA,0.12634877860546112
PITX1_RNA,0.12634845077991486
MIB1_RNA,0.12633761763572693
NALCN_RNA,0.12633633613586426
SMARCC1_RNA,0.1262824982404709
PCBP3_RNA,0.12626127898693085
PDLIM2_RNA,0.1262541264295578
S100A3_RNA,0.12622761726379395
PCDHGA8_RNA,0.12621508538722992
ZMYND19_RNA,0.12618030607700348
B3GALNT1_RNA,0.12617535889148712
FANCE_RNA,0.12611886858940125
MUC12_RNA,0.12608371675014496
BMP7_RNA,0.12607921659946442
SPARC_RNA,0.12606199085712433
LCN1_RNA,0.12593217194080353
KHK_RNA,0.12583564221858978
NDE1_RNA,0.125827357172966
PPM1D_RNA,0.1258140504360199
GSTCD_RNA,0.12579341232776642
COPS3_RNA,0.12573164701461792
POLR1D_RNA,0.12569186091423035
CD163_RNA,0.12568780779838562
RIT2_RNA,0.12567105889320374
WNK3_RNA,0.12565556168556213
DUSP16_RNA,0.12563440203666687
RFC2_RNA,0.12557275593280792
MRPL9_RNA,0.12554416060447693
AHSP_RNA,0.1255163848400116
MASTL_RNA,0.1254950761795044
IAH1_RNA,0.12538710236549377
GPR27_RNA,0.12532448768615723
ZNF426_RNA,0.1253117471933365
HMGA2_RNA,0.12530383467674255
WDR43_RNA,0.12520354986190796
SLC25A18_RNA,0.12520019710063934
TM9SF4_RNA,0.12515076994895935
TUBA4A_RNA,0.12514379620552063
ANO6_RNA,0.12510325014591217
TAF4B_RNA,0.1250832974910736
CYB561D2_RNA,0.12504561245441437
POLB_RNA,0.12503908574581146
GAS5_RNA,0.12493026256561279
C3orf70_RNA,0.12492570281028748
RBMS1_RNA,0.12490632385015488
CPE_RNA,0.1248089075088501
RHBDD3_RNA,0.12480423599481583
GON4L_RNA,0.12474808841943741
ACSL3_RNA,0.12472666054964066
GXYLT2_RNA,0.12465710192918777
SIPA1L3_RNA,0.12464195489883423
ZNF114_RNA,0.1246166005730629
LONP1_RNA,0.12459232658147812
NOS1_RNA,0.12449303269386292
DLX3_RNA,0.12447619438171387
TRAM2_RNA,0.12445222586393356
PIK3CA_RNA,0.12440799176692963
OR2L13_RNA,0.12437672168016434
SBF1P1_RNA,0.12434597313404083
ZNF143_RNA,0.12434025853872299
UGT8_RNA,0.12433898448944092
HIGD1B_RNA,0.12430758774280548
MCAT_RNA,0.12425185739994049
NANS_RNA,0.1242407038807869
MTMR9_RNA,0.12419319897890091
FRMD4A_RNA,0.12416842579841614
RNF150_RNA,0.12416736781597137
MTCH1_RNA,0.12415832281112671
ARID3A_RNA,0.12409421801567078
TES_RNA,0.12408450990915298
PDCD5_RNA,0.12407191842794418
BCL2L1_RNA,0.12404486536979675
TMEM101_RNA,0.12401439994573593
BTBD7_RNA,0.12401390075683594
GRM8_RNA,0.12401389330625534
CTTNBP2_RNA,0.12398534268140793
GLB1_RNA,0.12394249439239502
ZNF77_RNA,0.12390640377998352
NKIRAS2_RNA,0.12384285777807236
KLHL8_RNA,0.1238313615322113
CD1A_RNA,0.12381710112094879
ERN1_RNA,0.12380114942789078
PACSIN1_RNA,0.1237310990691185
PSMC6_RNA,0.12365546077489853
NPY5R_RNA,0.12363571673631668
DEPDC5_RNA,0.12363516539335251
AXL_RNA,0.12362292408943176
NOC4L_RNA,0.1236066147685051
DNAJB12_RNA,0.1235983818769455
RPL13AP20_RNA,0.12352553009986877
WIZ_RNA,0.12351132929325104
PDHB_RNA,0.12345495820045471
NBEAL1_RNA,0.12337327003479004
GPR161_RNA,0.12335746735334396
PFDN2_RNA,0.12334141135215759
ZNF581_RNA,0.12325864285230637
RPS6KA4_RNA,0.12322492152452469
SERGEF_RNA,0.12320271879434586
ELL_RNA,0.12320045381784439
L3MBTL4_RNA,0.12317019701004028
MRAS_RNA,0.1231696754693985
BDNF_RNA,0.12313820421695709
TMEM120B_RNA,0.12305499613285065
TRPC4_RNA,0.12303542345762253
NYNRIN_RNA,0.12290658801794052
EPHA6_RNA,0.12286732345819473
HOOK3_RNA,0.12284576147794724
ZNF823_RNA,0.12283327430486679
ZNF577_RNA,0.12283001095056534
CNRIP1_RNA,0.12282170355319977
GNAS_RNA,0.1228007897734642
PELI1_RNA,0.12278435379266739
NACC2_RNA,0.12272897362709045
ZNF93_RNA,0.12266349792480469
CHD3_RNA,0.12264938652515411
SAC3D1_RNA,0.12264394015073776
CILP2_RNA,0.12259381264448166
NDST1_RNA,0.12256510555744171
RAI14_RNA,0.12256036698818207
GDF11_RNA,0.12248673290014267
DIO3_RNA,0.12243293970823288
SNX11_RNA,0.12241373956203461
ZNF221_RNA,0.12238234281539917
MORC3_RNA,0.12233429402112961
GOLGA5_RNA,0.12230433523654938
GATM_RNA,0.1223030686378479
ANKLE2_RNA,0.12229370325803757
SMYD2_RNA,0.12229061871767044
MATN4_RNA,0.12228692322969437
PSMA5_RNA,0.1222793310880661
ALDOA_RNA,0.12226588279008865
ATE1_RNA,0.12221452593803406
NUP98_RNA,0.12218526005744934
TTYH1_RNA,0.1221361979842186
TGFB3_RNA,0.12212787568569183
DDIT3_RNA,0.12212490290403366
FAM163A_RNA,0.12211188673973083
NINJ2_RNA,0.12209884822368622
LMAN1_RNA,0.12206454575061798
JMJD6_RNA,0.12204758822917938
NOL10_RNA,0.12199173867702484
FAM50B_RNA,0.12197279185056686
IL34_RNA,0.12195176631212234
TACC1_RNA,0.12191371619701385
TSC22D3_RNA,0.12190036475658417
MIR320A_RNA,0.12184399366378784
RELL1_RNA,0.12179773300886154
DPY19L3_RNA,0.12179149687290192
PCDH19_RNA,0.1217908039689064
CTDSP2_RNA,0.12174490094184875
EIF4H_RNA,0.12174031138420105
PCDHGA12_RNA,0.121653251349926
PTDSS2_RNA,0.12164424359798431
TET3_RNA,0.12163221091032028
R3HDM1_RNA,0.12160975486040115
KRT83_RNA,0.1215912401676178
RBL1_RNA,0.12150418758392334
GNB5_RNA,0.12140843272209167
TNPO3_RNA,0.12138844281435013
TTYH3_RNA,0.1213759034872055
ZNF689_RNA,0.12134801596403122
TBX15_RNA,0.12134061008691788
KIF1B_RNA,0.12128549069166183
SNRPD3_RNA,0.1212824210524559
ZNF35_RNA,0.12127090990543365
TBC1D16_RNA,0.12124621123075485
DOCK3_RNA,0.12117280811071396
ZNF565_RNA,0.12113245576620102
OR51E2_RNA,0.12112358212471008
BICD2_RNA,0.12102808058261871
NDUFA11_RNA,0.12099757790565491
CLCN4_RNA,0.12097842991352081
BMP2_RNA,0.12097807973623276
ATP6V1G1_RNA,0.12097492069005966
SLC12A7_RNA,0.12089429050683975
FGF5_RNA,0.12089122831821442
COX17_RNA,0.12082655727863312
FBXO6_RNA,0.12081653624773026
ABHD8_RNA,0.12078972905874252
NUDT14_RNA,0.1207539364695549
DLL3_RNA,0.12074165791273117
ZNF595_RNA,0.12073817849159241
KCNG2_RNA,0.12071593105792999
UBAP2_RNA,0.12068670243024826
GALNTL6_RNA,0.12068241089582443
LMF2_RNA,0.12068092077970505
ESYT2_RNA,0.12062457948923111
MAS1_RNA,0.12049781531095505
PANK3_RNA,0.12043364346027374
ZNF486_RNA,0.12041670829057693
L3MBTL2_RNA,0.12039992213249207
IL1RL2_RNA,0.12036675959825516
CCDC86_RNA,0.12032592296600342
BHLHA15_RNA,0.12029087543487549
DNAH10_RNA,0.12026140838861465
FRMD6_RNA,0.12025558948516846
RPS25_RNA,0.12013252824544907
NTAN1_RNA,0.12005354464054108
CDCA3_RNA,0.12002910673618317
STK31_RNA,0.11998365074396133
ARHGDIA_RNA,0.11993660032749176
YIF1A_RNA,0.11991962790489197
TTYH2_RNA,0.11990923434495926
PKMYT1_RNA,0.11989789456129074
MFN2_RNA,0.1198951005935669
SPTBN4_RNA,0.1198233962059021
RAB8A_RNA,0.11973551660776138
TSPYL1_RNA,0.1196763888001442
GNAI1_RNA,0.11963647603988647
GLRA3_RNA,0.11959896236658096
DGKB_RNA,0.11959270387887955
ADAMTS16_RNA,0.11959252506494522
CLDN16_RNA,0.11957335472106934
NUDT16L1_RNA,0.11948604136705399
TCF19_RNA,0.11942867189645767
PHC3_RNA,0.11942158639431
ACTR10_RNA,0.11941304057836533
HIVEP3_RNA,0.11940595507621765
ISCA1_RNA,0.11935266852378845
CDIPT_RNA,0.11932188272476196
REEP2_RNA,0.11924639344215393
SLC22A9_RNA,0.11923658102750778
SERF2_RNA,0.11922062188386917
E2F1_RNA,0.11919362097978592
RBBP9_RNA,0.11917822062969208
TNFRSF10A_RNA,0.11913927644491196
TGFA_RNA,0.11913760751485825
TMSB15A_RNA,0.11906872689723969
KHDRBS2_RNA,0.11905456334352493
SLAMF9_RNA,0.11898599565029144
DUSP7_RNA,0.11892975121736526
MED22_RNA,0.11892785131931305
PEF1_RNA,0.11890370398759842
NUDT2_RNA,0.1188959851861
SPPL3_RNA,0.11889051645994186
ST3GAL4_RNA,0.11887551099061966
ZNF219_RNA,0.11886150389909744
C14orf119_RNA,0.11875511705875397
HSD17B10_RNA,0.11872881650924683
FIG4_RNA,0.11869969218969345
KLHL18_RNA,0.11868418753147125
ASL_RNA,0.11866066604852676
PFN1_RNA,0.1185678243637085
ZNF668_RNA,0.11855632066726685
HK2_RNA,0.11854598671197891
ZDHHC14_RNA,0.11852806806564331
IL1RAPL2_RNA,0.11852157115936279
ZKSCAN1_RNA,0.11849069595336914
USP38_RNA,0.11847857385873795
CDR2_RNA,0.11845478415489197
AAK1_RNA,0.11844456940889359
CARTPT_RNA,0.11843832582235336
TTC39A_RNA,0.11842911690473557
NPDC1_RNA,0.11842876672744751
RAP2A_RNA,0.11838685721158981
NPBWR1_RNA,0.11838557571172714
MAN2B1_RNA,0.11833272874355316
TSHZ3_RNA,0.11831988394260406
ZDHHC2_RNA,0.11825291812419891
IRX4_RNA,0.11818581074476242
TSPYL5_RNA,0.1181776225566864
GSN_RNA,0.11815395206212997
ARHGEF7_RNA,0.11814942210912704
APBA3_RNA,0.11811874806880951
HMGXB4_RNA,0.11811801046133041
HPCAL4_RNA,0.11810018867254257
AVPI1_RNA,0.11809048056602478
ATF6_RNA,0.11803847551345825
RCC1_RNA,0.11803055554628372
MPZL1_RNA,0.11798638850450516
WRNIP1_RNA,0.11796700209379196
LGALS3BP_RNA,0.11792699992656708
MPP7_RNA,0.11790566146373749
SLC35C1_RNA,0.11787130683660507
CHCHD3_RNA,0.11786411702632904
WDR5_RNA,0.11786118894815445
CTDP1_RNA,0.11784923076629639
SERPINB8_RNA,0.11777209490537643
CA12_RNA,0.11776585131883621
SEMA6C_RNA,0.1177411898970604
TRAIP_RNA,0.11772315949201584
INO80_RNA,0.11768609285354614
EEF2K_RNA,0.1176319420337677
EHD1_RNA,0.11754289269447327
SEMA4C_RNA,0.11748401075601578
REXO1_RNA,0.11747812479734421
RNF19B_RNA,0.11747092753648758
BGN_RNA,0.11737699806690216
EGR1_RNA,0.11730542033910751
FGD5_RNA,0.1172986775636673
OPA1_RNA,0.11728779226541519
PTK2B_RNA,0.1172509491443634
VRK2_RNA,0.11718036234378815
SLC45A1_RNA,0.11715373396873474
RNF10_RNA,0.11715365201234818
ZBTB2_RNA,0.11714889854192734
AMPD2_RNA,0.11710570007562637
CXCL1_RNA,0.1169436126947403
PPP2R2A_RNA,0.11691929399967194
GAL_RNA,0.11691489070653915
INSM1_RNA,0.11690979450941086
LIMD2_RNA,0.11683555692434311
TMEM184B_RNA,0.11677699536085129
BCAS4_RNA,0.11676966398954391
STMN2_RNA,0.1167483925819397
FBLN2_RNA,0.1167277917265892
NDUFB1_RNA,0.11672285944223404
RNF114_RNA,0.11670690029859543
BEND3_RNA,0.1167062297463417
PATZ1_RNA,0.11670082807540894
FAM89B_RNA,0.11665858328342438
COMMD2_RNA,0.11665676534175873
DCPS_RNA,0.11665114760398865
PODNL1_RNA,0.11658013612031937
RAB8B_RNA,0.11656410992145538
IBTK_RNA,0.11643055081367493
CDK19_RNA,0.11636630445718765
LARP1B_RNA,0.11635950207710266
CD59_RNA,0.1163485050201416
IFITM1_RNA,0.11631576716899872
RGS7_RNA,0.11627193540334702
TXNDC12_RNA,0.11626812815666199
CDK17_RNA,0.11625482887029648
S100A4_RNA,0.11621091514825821
DNMT3A_RNA,0.11617755889892578
SCYL2_RNA,0.11617594957351685
DIRAS3_RNA,0.11615470796823502
TBKBP1_RNA,0.11614610254764557
CTSF_RNA,0.11608102917671204
RAI1_RNA,0.11603838205337524
ITIH5_RNA,0.1160348430275917
GINS2_RNA,0.11602993309497833
SEC61B_RNA,0.11599254608154297
ASXL1_RNA,0.11597155779600143
APAF1_RNA,0.11594448238611221
HAVCR1_RNA,0.11594025045633316
SLC23A2_RNA,0.11592478305101395
PICK1_RNA,0.11592359095811844
ITPRIP_RNA,0.11588869243860245
HBM_RNA,0.1158747598528862
NDUFB4_RNA,0.11587200313806534
CA2_RNA,0.11582120507955551
CD209_RNA,0.11581431329250336
STRN_RNA,0.11580049246549606
FH_RNA,0.11571803689002991
DOCK4_RNA,0.11566530913114548
EPB41L4B_RNA,0.1156359538435936
CALHM1_RNA,0.11563291400671005
BDP1_RNA,0.11557883769273758
MRPL18_RNA,0.11555889248847961
RNF215_RNA,0.11553949117660522
PIGO_RNA,0.11552717536687851
METTL3_RNA,0.1155005469918251
C1orf115_RNA,0.11547847092151642
ITGB1BP1_RNA,0.11547816544771194
ANKRD17_RNA,0.11547142267227173
NDUFB10_RNA,0.11546199768781662
APLF_RNA,0.11532964557409286
HNRNPA1_RNA,0.11529896408319473
GJB1_RNA,0.11529825627803802
CD99L2_RNA,0.11529289186000824
AGBL5_RNA,0.11525967717170715
AARS2_RNA,0.11524596810340881
DGKQ_RNA,0.11518686264753342
METRN_RNA,0.11517331004142761
PTER_RNA,0.11513017863035202
RBP4_RNA,0.11511244624853134
DPEP1_RNA,0.11509925872087479
TOMM20_RNA,0.11499565094709396
HS3ST5_RNA,0.11498299986124039
PPTC7_RNA,0.1149553656578064
COL8A2_RNA,0.11494874209165573
RGS5_RNA,0.11494291573762894
WNT4_RNA,0.1149025708436966
C11orf24_RNA,0.11484553664922714
PCSK1N_RNA,0.11481815576553345
ACAD9_RNA,0.1147625669836998
HNRNPC_RNA,0.11473318934440613
SERP2_RNA,0.1146349385380745
TXNDC15_RNA,0.11461791396141052
KIAA1328_RNA,0.11461759358644485
MYL3_RNA,0.11456887423992157
S1PR5_RNA,0.1145414412021637
CD47_RNA,0.11453504860401154
CNNM2_RNA,0.11451805382966995
MIIP_RNA,0.11451135575771332
SLC5A5_RNA,0.11448898166418076
PSMB8_RNA,0.11448366194963455
HBD_RNA,0.11445710062980652
BAG5_RNA,0.11441509425640106
MARS2_RNA,0.11437378823757172
HPCAL1_RNA,0.11434847116470337
RPL28_RNA,0.11433588713407516
BMP1_RNA,0.11430063098669052
MMP19_RNA,0.11428572982549667
ADAT3_RNA,0.11427703499794006
VCL_RNA,0.11420178413391113
VDR_RNA,0.11416931450366974
MRPS35_RNA,0.11416012793779373
NAALADL1_RNA,0.11415436863899231
SYN1_RNA,0.1141381785273552
TNIK_RNA,0.11412550508975983
FSTL3_RNA,0.1141122505068779
EIF4G2_RNA,0.1140822172164917
USE1_RNA,0.1140550747513771
SEC24C_RNA,0.11405236274003983
TKT_RNA,0.11403195559978485
PTS_RNA,0.11401451379060745
KC6_RNA,0.11401182413101196
TLL2_RNA,0.11398103833198547
ATP6V1D_RNA,0.11396116763353348
RYK_RNA,0.11395230144262314
GALNT11_RNA,0.11390148848295212
TMEM88B_RNA,0.11383578926324844
NKX2-5_RNA,0.1138291209936142
DMXL2_RNA,0.11382634192705154
NODAL_RNA,0.11381831020116806
FOXO3_RNA,0.1138165071606636
PEAR1_RNA,0.11378446966409683
KIF5B_RNA,0.11378298699855804
TMEM177_RNA,0.11378010362386703
TCEAL6_RNA,0.11372662335634232
ADAM21_RNA,0.11368517577648163
MAZ_RNA,0.11356212943792343
PHIP_RNA,0.1135282889008522
WDR76_RNA,0.11351580172777176
SH3KBP1_RNA,0.11349151283502579
ZNF845_RNA,0.1134812980890274
GJA5_RNA,0.11345908045768738
SNAP47_RNA,0.11345870047807693
JOSD2_RNA,0.11337579041719437
SLC25A17_RNA,0.11337444931268692
MFAP3_RNA,0.11336955428123474
DIAPH1_RNA,0.1133582815527916
SNX8_RNA,0.11333806067705154
PCDHB3_RNA,0.11330797523260117
EBF2_RNA,0.11330512166023254
BEND4_RNA,0.11326825618743896
EIF5A_RNA,0.11325416713953018
NRAS_RNA,0.11323987692594528
KCNG3_RNA,0.11323781311511993
PTGIR_RNA,0.11322064697742462
KRT19_RNA,0.11320114880800247
AGAP3_RNA,0.11318289488554001
ZNF382_RNA,0.11316392570734024
AIG1_RNA,0.11316362023353577
SNORD115-42_RNA,0.11312556266784668
RNF2_RNA,0.11310429126024246
GOLGA3_RNA,0.11304183304309845
NUP35_RNA,0.1129954606294632
THSD4_RNA,0.11298865079879761
TACC3_RNA,0.11298041045665741
ANO10_RNA,0.11289682239294052
PEX26_RNA,0.11285720765590668
NCOA4_RNA,0.11279237270355225
NEU3_RNA,0.11278257519006729
CARHSP1_RNA,0.11278194189071655
MRPL35_RNA,0.11276806145906448
ARPC2_RNA,0.11276470869779587
CLTCL1_RNA,0.11273190379142761
P4HA1_RNA,0.11267589032649994
BTAF1_RNA,0.1126701757311821
GNPDA1_RNA,0.11261051148176193
KCNS1_RNA,0.11258051544427872
ZNF587_RNA,0.11253897845745087
SDF2_RNA,0.11252733319997787
LIN54_RNA,0.11250939220190048
GRN_RNA,0.11247631907463074
PORCN_RNA,0.11245739459991455
GPR158_RNA,0.11245571821928024
ECE1_RNA,0.11242982745170593
KCMF1_RNA,0.11241000890731812
PREB_RNA,0.11240985989570618
CMKLR1_RNA,0.11236706376075745
KIF12_RNA,0.1123519167304039
SLC7A10_RNA,0.11230544745922089
ACACA_RNA,0.11230012774467468
TMEM97_RNA,0.11223558336496353
GPS1_RNA,0.11221663653850555
NR4A1_RNA,0.1121859923005104
NDUFV1_RNA,0.11213847249746323
UHRF2_RNA,0.11211180686950684
BCAS1_RNA,0.1118890643119812
ZNF524_RNA,0.11183271557092667
OLA1_RNA,0.11177676916122437
SLC41A3_RNA,0.11175254732370377
JUP_RNA,0.11172537505626678
ARSB_RNA,0.11167837679386139
DYM_RNA,0.11163131147623062
DUSP23_RNA,0.11160462349653244
SCRT2_RNA,0.11157017201185226
KDELR3_RNA,0.11156051605939865
SMU1_RNA,0.11155201494693756
BLMH_RNA,0.11154822260141373
CCDC22_RNA,0.11150560528039932
MYH1_RNA,0.11147306114435196
TNFRSF19_RNA,0.11145836859941483
TRRAP_RNA,0.11142771691083908
BZW1_RNA,0.11141049116849899
ERI3_RNA,0.11140228807926178
WNK4_RNA,0.11137976497411728
ZBTB17_RNA,0.11130916327238083
SLC10A6_RNA,0.11127910017967224
SEZ6_RNA,0.11119494587182999
SNRNP25_RNA,0.11114577203989029
ZDHHC12_RNA,0.11114013940095901
DLGAP4_RNA,0.11113573610782623
CCDC85C_RNA,0.11106887459754944
LRCH3_RNA,0.11105681210756302
XPOT_RNA,0.11099766194820404
MAN2A2_RNA,0.11091434210538864
MRPL48_RNA,0.11090710759162903
RAB11FIP1_RNA,0.11088893562555313
EFNB1_RNA,0.11088372766971588
CCNB1IP1_RNA,0.11082331091165543
JAK3_RNA,0.11079780757427216
KLF6_RNA,0.11079725623130798
IL2RA_RNA,0.11079645156860352
RBM15B_RNA,0.11072612553834915
ZSCAN4_RNA,0.11058862507343292
KDM1A_RNA,0.11048977077007294
DPP9_RNA,0.11046221107244492
TNIP1_RNA,0.11044270545244217
NEU4_RNA,0.11040810495615005
ALDH16A1_RNA,0.11039774864912033
RNF144B_RNA,0.11038085073232651
NRIP1_RNA,0.11037003248929977
SBNO1_RNA,0.11030496656894684
RGS8_RNA,0.11030285805463791
RAPGEF2_RNA,0.11029087007045746
ST3GAL1_RNA,0.11027367413043976
HTR6_RNA,0.11023161560297012
WNT9A_RNA,0.11018282920122147
DDAH2_RNA,0.11017274856567383
ALKBH3_RNA,0.11013467609882355
FAM3D_RNA,0.11008235812187195
NUDT1_RNA,0.11002259701490402
NRL_RNA,0.10991784185171127
SNAI1_RNA,0.10991767048835754
ZFP64_RNA,0.10991378128528595
EFNB2_RNA,0.10982394963502884
SCARA5_RNA,0.10982027649879456
KCNV1_RNA,0.10981470346450806
CAMLG_RNA,0.10979537665843964
ZDHHC5_RNA,0.10979446023702621
TFR2_RNA,0.1097598671913147
SNORA30_RNA,0.10965776443481445
MLX_RNA,0.10959944128990173
TWIST1_RNA,0.10955061763525009
IGHMBP2_RNA,0.10946166515350342
MRPL32_RNA,0.10945107042789459
AP2B1_RNA,0.10944363474845886
CSE1L_RNA,0.10943548381328583
RALY_RNA,0.10940198600292206
ZDHHC16_RNA,0.1093795970082283
MAPKAP1_RNA,0.10936841368675232
TNFAIP3_RNA,0.10936184227466583
TTC27_RNA,0.10934434831142426
PSMD2_RNA,0.10933451354503632
BAX_RNA,0.10930043458938599
BCL2L13_RNA,0.10926724970340729
PDLIM5_RNA,0.10924603044986725
TMEM37_RNA,0.10922548919916153
TMEM51_RNA,0.10916171967983246
GTF2A1_RNA,0.10915648937225342
MAFK_RNA,0.10909350961446762
OPN5_RNA,0.10905807465314865
RIOK1_RNA,0.10904382169246674
UBL7_RNA,0.10904191434383392
TRAFD1_RNA,0.10903526097536087
CSTF1_RNA,0.10903298854827881
SERPINE2_RNA,0.10900922119617462
UIMC1_RNA,0.10900873690843582
HADHB_RNA,0.10899604856967926
NLRP11_RNA,0.10899239778518677
TMLHE_RNA,0.10896803438663483
PIP4K2A_RNA,0.10891180485486984
MTOR_RNA,0.10889236629009247
ABCA1_RNA,0.10887636244297028
PIH1D1_RNA,0.10878831893205643
AKAP13_RNA,0.10871833562850952
UVRAG_RNA,0.10871386528015137
CDR2L_RNA,0.1087082251906395
KCNAB1_RNA,0.1086062639951706
RGS19_RNA,0.10860449075698853
HMGB3_RNA,0.10856929421424866
TGFBRAP1_RNA,0.10856908559799194
ICAM2_RNA,0.1085539311170578
EIF2AK3_RNA,0.10855112224817276
KLHL35_RNA,0.10852684825658798
MEIS1_RNA,0.10850253701210022
CAND2_RNA,0.1084880381822586
PPP3CB_RNA,0.10847145318984985
ROBO2_RNA,0.10845600813627243
AXIN1_RNA,0.10844681411981583
RERE_RNA,0.10843165218830109
CHCHD2_RNA,0.10839810967445374
SNHG1_RNA,0.10835636407136917
NACAD_RNA,0.10834119468927383
KPNA1_RNA,0.10827849805355072
QPCT_RNA,0.10824572294950485
BRF1_RNA,0.10822931677103043
NEUROD4_RNA,0.10815457999706268
FLAD1_RNA,0.10811612010002136
GRM2_RNA,0.1080324724316597
LGR5_RNA,0.10801659524440765
EPB41L3_RNA,0.10797084122896194
TOPBP1_RNA,0.10795474797487259
GPATCH1_RNA,0.10795064270496368
SALL4_RNA,0.10794909298419952
TRAF2_RNA,0.10794849693775177
SLC17A7_RNA,0.10794664174318314
CNGB1_RNA,0.10793577134609222
WDR41_RNA,0.10791885107755661
MAPK13_RNA,0.10791513323783875
SORT1_RNA,0.1079092025756836
MRPS11_RNA,0.1078549399971962
CX3CL1_RNA,0.10784867405891418
RCAN3_RNA,0.10784421861171722
CHFR_RNA,0.10783956944942474
LRRN4CL_RNA,0.10781846940517426
GTF2B_RNA,0.10778294503688812
EMP3_RNA,0.10776488482952118
PSMA6_RNA,0.10775154083967209
EFTUD2_RNA,0.10774902254343033
PMM1_RNA,0.10771588236093521
SNORD115-38_RNA,0.10768701881170273
ANKRD52_RNA,0.10767945647239685
ASPN_RNA,0.10767113417387009
LOC375196_RNA,0.1076362356543541
SPATA19_RNA,0.1076192781329155
RRP1_RNA,0.10760980099439621
TACC2_RNA,0.10751497745513916
SH2D3C_RNA,0.10750917345285416
ADAM10_RNA,0.10747014731168747
PCDHA2_RNA,0.10746560245752335
CCNI_RNA,0.1074531078338623
MRPS26_RNA,0.10740786045789719
LUZP1_RNA,0.10740003734827042
CRYBG3_RNA,0.10739117860794067
RTEL1_RNA,0.1073053628206253
RNF24_RNA,0.10730378329753876
SNORD115-1_RNA,0.10728324204683304
TRAPPC2L_RNA,0.10717495530843735
HBS1L_RNA,0.10711842775344849
SSTR1_RNA,0.10711739212274551
KBTBD11_RNA,0.10710509121417999
FBXO31_RNA,0.10708950459957123
PPP2CA_RNA,0.107048898935318
RBP7_RNA,0.10698822885751724
STX8_RNA,0.10689670592546463
PLD6_RNA,0.1068718284368515
LYSMD2_RNA,0.10685347020626068
NAPB_RNA,0.10685157030820847
RYR3_RNA,0.1068500205874443
HCFC2_RNA,0.10681944340467453
RPL22L1_RNA,0.10681680589914322
ARL8A_RNA,0.10680484771728516
LGI2_RNA,0.10676445811986923
NFU1_RNA,0.1067517027258873
THAP3_RNA,0.10674173384904861
SACS_RNA,0.10672611743211746
SMYD5_RNA,0.10669983178377151
APBB2_RNA,0.10669661313295364
CCT8_RNA,0.10668463259935379
DAG1_RNA,0.10667085647583008
FNDC5_RNA,0.10665659606456757
PTPRO_RNA,0.10665474832057953
PDLIM7_RNA,0.10664329677820206
COL8A1_RNA,0.10663963854312897
UBOX5_RNA,0.10662750154733658
NKX6-3_RNA,0.10660050064325333
KCNMB2_RNA,0.10659416019916534
XAB2_RNA,0.10658775269985199
FADS3_RNA,0.10654786974191666
DDB1_RNA,0.10649916529655457
SHISA2_RNA,0.10649754106998444
PPP1R3G_RNA,0.10647359490394592
RAD23B_RNA,0.10642550885677338
YIPF2_RNA,0.10638807713985443
PACS2_RNA,0.10638616234064102
UBIAD1_RNA,0.10637736320495605
KDM5C_RNA,0.10636670142412186
ACO1_RNA,0.10623475909233093
ZBTB3_RNA,0.10620066523551941
UBXN7_RNA,0.1061781644821167
CD40_RNA,0.10614575445652008
ATG16L1_RNA,0.10612086206674576
AMFR_RNA,0.10609681904315948
ABCC8_RNA,0.1060938611626625
GNG11_RNA,0.10607471317052841
C18orf21_RNA,0.10607308894395828
TCTN3_RNA,0.10596531629562378
TMEM71_RNA,0.1059587374329567
RNF121_RNA,0.10593122988939285
NR6A1_RNA,0.10592921823263168
ETFA_RNA,0.10592184215784073
TNN_RNA,0.10585100203752518
PROX1_RNA,0.10582342743873596
CLDN11_RNA,0.10582096874713898
CDK4_RNA,0.10580553114414215
RPUSD1_RNA,0.10577909648418427
TRAP1_RNA,0.10576777905225754
ERCC2_RNA,0.10561680793762207
DDX21_RNA,0.10560022294521332
FGF9_RNA,0.1055687814950943
PRR11_RNA,0.10555974394083023
ALDH1A2_RNA,0.10554013401269913
PTK7_RNA,0.1055247113108635
PCP4L1_RNA,0.10552224516868591
SLC4A1_RNA,0.10548502951860428
UNC5C_RNA,0.10547944158315659
GMPR2_RNA,0.10541120171546936
NUDCD3_RNA,0.10538721084594727
INSC_RNA,0.10537540167570114
ZNF354C_RNA,0.10537293553352356
FLOT2_RNA,0.10531026870012283
PRKAB1_RNA,0.1052640825510025
CIT_RNA,0.10526037216186523
TMEM151A_RNA,0.1052544116973877
TMED2_RNA,0.10522325336933136
CD2BP2_RNA,0.10521931201219559
ETV6_RNA,0.10517757385969162
STRN3_RNA,0.10514455288648605
GNG12_RNA,0.10511492937803268
ZCCHC17_RNA,0.1050909161567688
MRPS18B_RNA,0.10506711900234222
RAD18_RNA,0.10506323724985123
ZNF714_RNA,0.1050538569688797
USP22_RNA,0.10505284368991852
C18orf54_RNA,0.10504256933927536
KCND2_RNA,0.10503699630498886
TSEN34_RNA,0.1050112172961235
SOX6_RNA,0.10501077026128769
NOS3_RNA,0.10497749596834183
COPS4_RNA,0.10494812577962875
COX7C_RNA,0.10494599491357803
HS3ST3A1_RNA,0.10489091277122498
MGAT4B_RNA,0.1048361212015152
FRMD4B_RNA,0.10482445359230042
AFF4_RNA,0.1048237606883049
IL17RA_RNA,0.10479946434497833
PRIMA1_RNA,0.10479740798473358
NOP16_RNA,0.10473401844501495
POLR2A_RNA,0.1047324612736702
MYO16_RNA,0.10472412407398224
LMF1_RNA,0.10471583902835846
BMPR1A_RNA,0.10466648638248444
TGM2_RNA,0.1046113520860672
NETO2_RNA,0.10460399091243744
CLP1_RNA,0.10458440333604813
TXN_RNA,0.10458233207464218
UBE2O_RNA,0.10453024506568909
TERC_RNA,0.10450831055641174
EI24_RNA,0.10446646064519882
CNNM1_RNA,0.10438302904367447
POMT2_RNA,0.10425829887390137
NOVA1_RNA,0.10415907949209213
TYMS_RNA,0.10410686582326889
APOL4_RNA,0.1040734350681305
MNAT1_RNA,0.103990837931633
EIF2S2_RNA,0.10396221280097961
PRDM10_RNA,0.10394599288702011
HIPK4_RNA,0.10393162071704865
CDKL1_RNA,0.10389331728219986
THOC7_RNA,0.10387437790632248
PSMB1_RNA,0.10385288298130035
MIMT1_RNA,0.10382824391126633
CALHM2_RNA,0.10382188111543655
PHYHIP_RNA,0.10374055057764053
GPR108_RNA,0.10372915863990784
CHMP5_RNA,0.10361836105585098
C1orf43_RNA,0.10359770804643631
RGS9BP_RNA,0.10358220338821411
HS6ST1_RNA,0.10355881601572037
PPIL2_RNA,0.10355586558580399
KIAA0040_RNA,0.10352896898984909
ROGDI_RNA,0.1035066768527031
LPP_RNA,0.103502556681633
IFI27L2_RNA,0.10348262637853622
ZNF346_RNA,0.10347955673933029
UNC45A_RNA,0.10346002131700516
MOCOS_RNA,0.10345456749200821
CAPRIN1_RNA,0.10341668128967285
OPRL1_RNA,0.10336577892303467
SUCLA2_RNA,0.10335087031126022
DLG1_RNA,0.10330694168806076
MCM4_RNA,0.10328799486160278
NAGPA_RNA,0.10325084626674652
KLRC1_RNA,0.10320989787578583
FLRT3_RNA,0.10313503444194794
IRS1_RNA,0.10307063162326813
DHRS2_RNA,0.10301828384399414
ZNF496_RNA,0.10300900042057037
GABARAPL1_RNA,0.10300581157207489
EMILIN1_RNA,0.10299959778785706
SNORA14B_RNA,0.10297904163599014
SHKBP1_RNA,0.10297033935785294
CABP5_RNA,0.10293068736791611
B3GNT4_RNA,0.10292349010705948
MAP4K5_RNA,0.10287496447563171
MINPP1_RNA,0.10286187380552292
MATN2_RNA,0.10285861045122147
SERHL2_RNA,0.1028536707162857
CNN3_RNA,0.10281629860401154
NUP210_RNA,0.10278832912445068
GLUL_RNA,0.10275425761938095
USP11_RNA,0.10273157805204391
CDK14_RNA,0.10270466655492783
PCDHB15_RNA,0.10269103944301605
HACE1_RNA,0.10268957167863846
SPTLC1_RNA,0.10268320888280869
DNAJA4_RNA,0.10262276977300644
CLIP1_RNA,0.10260731726884842
ACVR2A_RNA,0.10260556638240814
SMARCD2_RNA,0.10257990658283234
TMEM117_RNA,0.10251469910144806
OSTM1_RNA,0.10250156372785568
COL2A1_RNA,0.10249870270490646
KLHL25_RNA,0.10242945700883865
NDUFB9_RNA,0.10237836837768555
GDAP1_RNA,0.10233937203884125
FBLN7_RNA,0.10232311487197876
POLR2G_RNA,0.10229102522134781
FOXS1_RNA,0.10225459188222885
RAB40C_RNA,0.10219261795282364
HINT3_RNA,0.10218637436628342
GTPBP8_RNA,0.10218478739261627
THSD7A_RNA,0.10217978060245514
DCTN5_RNA,0.10205534845590591
ZNF511_RNA,0.10204659402370453
TEX10_RNA,0.10202541947364807
NDUFA2_RNA,0.1020190492272377
CHRM4_RNA,0.10194533318281174
ZNF716_RNA,0.10194046050310135
RFT1_RNA,0.10191501677036285
CBR1_RNA,0.10191148519515991
ZNF669_RNA,0.10188201069831848
SH3GL2_RNA,0.10184553265571594
SLC45A3_RNA,0.10184171795845032
MAN2B2_RNA,0.10179683566093445
SNORD12C_RNA,0.10179322957992554
UROD_RNA,0.10178430378437042
TNFRSF1A_RNA,0.10169418156147003
TRMT61A_RNA,0.10169149190187454
LRIG2_RNA,0.10165785253047943
STS_RNA,0.10161387175321579
ENHO_RNA,0.10160365700721741
OTUB1_RNA,0.10159257799386978
CHMP6_RNA,0.10155478119850159
MEST_RNA,0.10155156999826431
PTBP1_RNA,0.10153993219137192
BCL11A_RNA,0.10145668685436249
RRM1_RNA,0.10144379734992981
STC2_RNA,0.10143495351076126
CAP2_RNA,0.10142769664525986
TMCC3_RNA,0.10139614343643188
GEMIN4_RNA,0.10128170251846313
KSR1_RNA,0.10127326101064682
ZNF101_RNA,0.10123895853757858
ZBTB22_RNA,0.10123642534017563
CST6_RNA,0.10121317207813263
TMC7_RNA,0.10113730281591415
AUP1_RNA,0.10108963400125504
PUF60_RNA,0.10102640092372894
VTI1B_RNA,0.10102391242980957
BARX1_RNA,0.10099761933088303
SCRG1_RNA,0.10092336684465408
FADD_RNA,0.10092152655124664
ADNP2_RNA,0.10091947019100189
ZNF738_RNA,0.10090677440166473
HMG20A_RNA,0.10087236016988754
HTRA2_RNA,0.10081715881824493
TECPR2_RNA,0.10079304128885269
ELAVL1_RNA,0.10078294575214386
TOR1AIP2_RNA,0.10077344626188278
LEPR_RNA,0.10070744901895523
BCYRN1_RNA,0.10067123919725418
ALS2_RNA,0.1006564050912857
SP5_RNA,0.1006460040807724
MLEC_RNA,0.10062471032142639
TMBIM1_RNA,0.10058540105819702
DLG5_RNA,0.10058348625898361
ATG3_RNA,0.10052967071533203
PPP3CA_RNA,0.10050980746746063
EPHA4_RNA,0.10050790756940842
GREB1_RNA,0.10046424716711044
ATRNL1_RNA,0.10045377165079117
CNST_RNA,0.10043665021657944
POP1_RNA,0.10036999732255936
FMNL3_RNA,0.10036935657262802
PTK2_RNA,0.1003616601228714
POLR2D_RNA,0.10034509748220444
CCDC150_RNA,0.10032785683870316
TRH_RNA,0.1002977043390274
UBE4B_RNA,0.10029485076665878
SLC39A7_RNA,0.10027849674224854
NPBWR2_RNA,0.10025408118963242
RRS1_RNA,0.10016358643770218
BEND2_RNA,0.10011148452758789
SNW1_RNA,0.10010542720556259
TET2_RNA,0.10000986605882645
NOL9_RNA,0.09999766200780869
BASP1_RNA,0.09996803104877472
PTPN11_RNA,0.09995059669017792
SMARCC2_RNA,0.09990206360816956
PHF2_RNA,0.0999017059803009
FAM177A1_RNA,0.09989532083272934
ZNF433_RNA,0.09987636655569077
RHOA_RNA,0.09984059631824493
PREX2_RNA,0.09981586784124374
C2CD4A_RNA,0.09976591914892197
USP9X_RNA,0.09973305463790894
RNF34_RNA,0.0997270718216896
QPCTL_RNA,0.09969677776098251
CEP350_RNA,0.0996481329202652
CDC37_RNA,0.09963463246822357
MARK3_RNA,0.09961013495922089
MKNK2_RNA,0.09960572421550751
SARS2_RNA,0.09955684095621109
EIF4G1_RNA,0.09952603280544281
NOP56_RNA,0.09949837625026703
RILPL1_RNA,0.09940000623464584
SLC6A3_RNA,0.09936820715665817
PNMA3_RNA,0.0993296205997467
COTL1_RNA,0.09927200525999069
TOMM40_RNA,0.0992312803864479
HEATR5B_RNA,0.09921039640903473
ZNF358_RNA,0.09921008348464966
HDLBP_RNA,0.09917638450860977
MRPL3_RNA,0.0991441085934639
NUTF2_RNA,0.09912588447332382
HAGH_RNA,0.09909193962812424
RASAL1_RNA,0.09908800572156906
LRP10_RNA,0.09907086193561554
ZNF234_RNA,0.09900897741317749
MAPK9_RNA,0.09898599237203598
NCAPG2_RNA,0.0989828109741211
MGMT_RNA,0.0989244133234024
GIT2_RNA,0.09892421215772629
ATRIP_RNA,0.09891675412654877
SLC8A1_RNA,0.09890037029981613
DYNC1LI1_RNA,0.09887617081403732
SNHG5_RNA,0.09886860847473145
ANKRD33B_RNA,0.09886223822832108
SLC8A3_RNA,0.09885107725858688
RGL1_RNA,0.09874431043863297
RAVER1_RNA,0.09868615865707397
RRP1B_RNA,0.09866763651371002
SLC19A1_RNA,0.09866011142730713
PCDHGB6_RNA,0.09863758832216263
GALNT10_RNA,0.09857190400362015
STX6_RNA,0.09853062778711319
SOCS4_RNA,0.09851697832345963
ASB1_RNA,0.09849885106086731
UBR1_RNA,0.09846217185258865
MEX3A_RNA,0.09843363612890244
FBXO21_RNA,0.09841134399175644
HSP90B1_RNA,0.09840546548366547
HAUS2_RNA,0.09833242744207382
HSD11B1L_RNA,0.09829264879226685
JMJD1C_RNA,0.09828943759202957
IMPDH2_RNA,0.09826613962650299
BANP_RNA,0.09825728088617325
PRPF19_RNA,0.09824983775615692
ACVR2B_RNA,0.09822535514831543
PGBD1_RNA,0.09815850108861923
KDM2B_RNA,0.09815423935651779
SCD_RNA,0.0981183871626854
RHOBTB2_RNA,0.09811457246541977
SAMD14_RNA,0.09792439639568329
MTMR3_RNA,0.09791348874568939
GAL3ST3_RNA,0.0978352427482605
MANBA_RNA,0.09782599657773972
FNIP1_RNA,0.09780596941709518
CDC42_RNA,0.09778013825416565
FKBP1A_RNA,0.09774106740951538
ZNF507_RNA,0.09773603826761246
UBR2_RNA,0.09765692055225372
LMTK3_RNA,0.0976317897439003
URB1_RNA,0.09761711955070496
TEX2_RNA,0.09752915799617767
ETV3_RNA,0.09752638638019562
XPO6_RNA,0.09752403199672699
GGT7_RNA,0.09751878678798676
ICMT_RNA,0.09751468896865845
POLD2_RNA,0.097507573664188385
CXCL14_RNA,0.09750062227249146
NRM_RNA,0.09748717397451401
GRIK5_RNA,0.09744581580162048
STARD9_RNA,0.09742838889360428
PRCD_RNA,0.09742087870836258
BAP1_RNA,0.09740104526281357
PNKD_RNA,0.09739314019680023
RINL_RNA,0.09737400710582733
AKR1A1_RNA,0.09729783236980438
GPD2_RNA,0.0972197875380516
HTR1A_RNA,0.09718740731477737
ARID2_RNA,0.09713640064001083
WDR20_RNA,0.09711873531341553
DNAJC11_RNA,0.09707551449537277
NRXN2_RNA,0.097069151699543
RGS2_RNA,0.09706320613622665
FAM110A_RNA,0.09705319255590439
FAM53C_RNA,0.09703266620635986
GALNT7_RNA,0.09699331223964691
PVALB_RNA,0.09698940068483353
PSAP_RNA,0.09698150306940079
FNIP2_RNA,0.09693604707717896
MRPL42_RNA,0.09693097323179245
MGAT1_RNA,0.09691336005926132
ZNF526_RNA,0.0968954935669899
WDR3_RNA,0.0968608409166336
TTC9C_RNA,0.09683679789304733
PHF20_RNA,0.09680749475955963
PCDHAC1_RNA,0.09672689437866211
APOL6_RNA,0.0967123731970787
RHBDL3_RNA,0.09671076387166977
OXNAD1_RNA,0.0967087671160698
NPM1_RNA,0.09668420255184174
LRWD1_RNA,0.09665676206350327
ANP32A_RNA,0.09661522507667542
SELE_RNA,0.09660839289426804
ARHGAP22_RNA,0.09660334140062332
PDE4D_RNA,0.09659457951784134
BTBD16_RNA,0.09658878296613693
ORMDL2_RNA,0.09654299914836884
TBPL1_RNA,0.0965377688407898
FUCA2_RNA,0.09648077934980392
EXOC6_RNA,0.09646085649728775
MRPL16_RNA,0.09644869714975357
CCDC70_RNA,0.09638535976409912
LRP12_RNA,0.0963626578450203
TRPM1_RNA,0.09635911136865616
DOC2B_RNA,0.09633360058069229
SCARNA18_RNA,0.09633063524961472
ZNF510_RNA,0.09631945937871933
TIMELESS_RNA,0.09627681225538254
PRIM2_RNA,0.09621205925941467
NECAB2_RNA,0.09614947438240051
NTN3_RNA,0.09612340480089188
ACOX3_RNA,0.0959930494427681
ATAD3A_RNA,0.09594370424747467
SATB1_RNA,0.09594320505857468
SFXN4_RNA,0.09594176709651947
NFKB1_RNA,0.09592664241790771
MRPL55_RNA,0.09585139155387878
BCL6B_RNA,0.09584660083055496
KRT32_RNA,0.09583858400583267
YLPM1_RNA,0.09579969942569733
MPO_RNA,0.09579287469387054
ANO4_RNA,0.09572537243366241
ZNF786_RNA,0.09571968764066696
ZNF189_RNA,0.09571146219968796
PRPF31_RNA,0.0956956222653389
MAGEC2_RNA,0.09565954655408859
ZNF362_RNA,0.09554297477006912
ZNF653_RNA,0.09546792507171631
KLF10_RNA,0.09544961154460907
CA9_RNA,0.09543539583683014
SP1_RNA,0.09542448073625565
RNF145_RNA,0.09537946432828903
PMF1_RNA,0.09532532095909119
DAZAP1_RNA,0.09529992938041687
BCAR1_RNA,0.09522674232721329
AVEN_RNA,0.09522604942321777
MBOAT2_RNA,0.0951952189207077
HMBOX1_RNA,0.095158651471138
APH1A_RNA,0.09515644609928131
SPDYE4_RNA,0.0951521098613739
FCGR2A_RNA,0.09513042867183685
RNF123_RNA,0.09512680023908615
CEP170_RNA,0.09506570547819138
SLC3A2_RNA,0.09496986120939255
ARF6_RNA,0.09496822208166122
LANCL1_RNA,0.09496068209409714
HABP4_RNA,0.09495764225721359
AKT2_RNA,0.09494027495384216
CD1C_RNA,0.0949159562587738
NUF2_RNA,0.09473618865013123
PCMT1_RNA,0.0947175920009613
ALG5_RNA,0.09470056742429733
PTPRG_RNA,0.09465315192937851
C19orf25_RNA,0.09459671378135681
HDAC2_RNA,0.0945921540260315
DISP2_RNA,0.09457097947597504
UNC45B_RNA,0.09455566108226776
MRPL50_RNA,0.09442777931690216
LGMN_RNA,0.09440810233354568
ARRDC2_RNA,0.0943787544965744
ING1_RNA,0.09432390332221985
OXA1L_RNA,0.09432175010442734
CSNK1E_RNA,0.0942990854382515
VKORC1L1_RNA,0.09427841007709503
TTC5_RNA,0.09426523000001907
ZCCHC2_RNA,0.09421270340681076
STK40_RNA,0.09420710802078247
ALKBH2_RNA,0.09420321881771088
TLX1_RNA,0.09411145746707916
RPRD1A_RNA,0.09410126507282257
SYT10_RNA,0.09408613294363022
TEAD4_RNA,0.09408415108919144
PRDM4_RNA,0.09405504167079926
BAHD1_RNA,0.09404482692480087
MTHFD2_RNA,0.09402977675199509
DEF8_RNA,0.09396128356456757
MTDH_RNA,0.093912273645401
RAD50_RNA,0.09389406442642212
UBE2R2_RNA,0.09386901557445526
DHX9_RNA,0.09384912252426147
SCARF1_RNA,0.09383531659841537
HYAL4_RNA,0.09374300390481949
DNAJC9_RNA,0.09372007846832275
KRT16_RNA,0.09369666874408722
DYNC1I2_RNA,0.09364931285381317
GLIS1_RNA,0.09364065527915955
EXOSC10_RNA,0.09361624717712402
GNL1_RNA,0.09356888383626938
ACOX1_RNA,0.09349072724580765
VGLL4_RNA,0.0934886708855629
ZNF148_RNA,0.09348645061254501
SMYD1_RNA,0.09346738457679749
MSRB3_RNA,0.09346511214971542
TAF5L_RNA,0.09342796355485916
HAND2_RNA,0.09340348839759827
STK35_RNA,0.09336838871240616
SEC24D_RNA,0.09335438907146454
COX10_RNA,0.09317748993635178
SNCG_RNA,0.09317260980606079
STARD8_RNA,0.09306826442480087
GZMB_RNA,0.09306510537862778
ERP29_RNA,0.09306196123361588
PCDHA6_RNA,0.09300225228071213
BRWD3_RNA,0.09296765923500061
CENPL_RNA,0.09293673932552338
IQGAP1_RNA,0.09290290623903275
ZNF561_RNA,0.09289698302745819
MRPS23_RNA,0.09275537729263306
NQO2_RNA,0.09274545311927795
SRF_RNA,0.09274400025606155
TRAF7_RNA,0.09270595759153366
AMD1_RNA,0.09268412739038467
COL25A1_RNA,0.09267982840538025
UBE3A_RNA,0.09266993403434753
ZNF611_RNA,0.09264669567346573
ZFAND2B_RNA,0.09263497591018677
TRPT1_RNA,0.09260435402393341
CSMD3_RNA,0.09257669746875763
IL13_RNA,0.09254862368106842
PAFAH1B1_RNA,0.09254748374223709
ZBTB24_RNA,0.09250816702842712
CYB561_RNA,0.09247729927301407
NDUFA1_RNA,0.0924646332859993
DCXR_RNA,0.09242270141839981
SAMD8_RNA,0.0924164205789566
AURKAIP1_RNA,0.0924132913351059
BRD4_RNA,0.09237964451313019
NOS1AP_RNA,0.09236516058444977
MORC2_RNA,0.09236370027065277
ECHS1_RNA,0.09234947711229324
NCOA2_RNA,0.09234271943569183
GABRR1_RNA,0.09233134984970093
YWHAZ_RNA,0.0923241376876831
MAPK14_RNA,0.09231051802635193
MFAP2_RNA,0.09229715168476105
HDAC5_RNA,0.09227122366428375
CCL20_RNA,0.09224025905132294
RUFY3_RNA,0.0922178402543068
ZNF835_RNA,0.09220210462808609
ERCC6L_RNA,0.09218720346689224
ZNF613_RNA,0.0921856239438057
SHISA6_RNA,0.0921780988574028
MYH13_RNA,0.09217457473278046
CPNE3_RNA,0.09213683754205704
STAU2_RNA,0.09207447618246078
BEX4_RNA,0.09206114709377289
LRRN1_RNA,0.09205719083547592
TPST1_RNA,0.09201330691576004
PBX3_RNA,0.09199769049882889
TP53I13_RNA,0.09192493557929993
XPO5_RNA,0.0918719694018364
ZNF16_RNA,0.09186293184757233
NEUROD6_RNA,0.09184544533491135
BCL11B_RNA,0.09181204438209534
VPS37A_RNA,0.09177563339471817
FPGS_RNA,0.09176506102085114
EPHA8_RNA,0.09173363447189331
FOXK2_RNA,0.09173247963190079
RPF2_RNA,0.09172267466783524
CISD1_RNA,0.0917171835899353
DNAJC17_RNA,0.0916903093457222
FAF1_RNA,0.09166751056909561
FANCM_RNA,0.09162405133247375
FOXL2_RNA,0.09160628169775009
ABCG8_RNA,0.09159442782402039
PNPLA6_RNA,0.09159089624881744
MTMR4_RNA,0.09149739891290665
OMP_RNA,0.09147301316261292
MYBPC2_RNA,0.09145869314670563
MIR124-2_RNA,0.091434575617313385
MREG_RNA,0.09142404049634933
EIF5_RNA,0.09141567349433899
DDX1_RNA,0.09141180664300919
MTX2_RNA,0.09133440256118774
MEX3B_RNA,0.0913301482796669
ARCN1_RNA,0.09131506085395813
SNORD115-41_RNA,0.091313436627388
SCNM1_RNA,0.09129709750413895
ATP6V1G2_RNA,0.09127968549728394
ZSCAN12_RNA,0.09117238223552704
SLC25A41_RNA,0.09114748239517212
FOSL1_RNA,0.09113360941410065
FGF3_RNA,0.09112996608018875
SLAMF8_RNA,0.09111298620700836
GYPC_RNA,0.09111218899488449
SAR1A_RNA,0.09108538925647736
PSMD3_RNA,0.09098245203495026
ZSWIM3_RNA,0.09095930308103561
ARL4C_RNA,0.09093544632196426
ZCCHC12_RNA,0.09084410220384598
MRPS16_RNA,0.09083019196987152
CDH15_RNA,0.09082672744989395
ZNF333_RNA,0.09077439457178116
ZNF454_RNA,0.09074251353740692
GALK1_RNA,0.09073415398597717
PIGK_RNA,0.09071419388055801
LRRC8A_RNA,0.09068208187818527
SLC7A6_RNA,0.09067870676517487
LRRC59_RNA,0.09062439948320389
DLG2_RNA,0.0905650407075882
PARVA_RNA,0.09056440740823746
USH1G_RNA,0.09052210301160812
RTN1_RNA,0.09045234322547913
CTSD_RNA,0.09033088386058807
KLC2_RNA,0.09032096713781357
NKAIN4_RNA,0.09029499441385269
ZNF821_RNA,0.09025408327579498
MIR654_RNA,0.09021251648664474
TTLL1_RNA,0.09019433706998825
MIR1249_RNA,0.09017499536275864
DCX_RNA,0.09007994085550308
TSC1_RNA,0.09001456201076508
USP34_RNA,0.09000341594219208
PTP4A1_RNA,0.089971162378788
GPC5_RNA,0.08995275944471359
KDM4A_RNA,0.08990366011857986
BCKDK_RNA,0.08989232033491135
G3BP2_RNA,0.08987996727228165
RBM15_RNA,0.08986435830593109
EXTL1_RNA,0.0898316502571106
TRPM8_RNA,0.08981367945671082
ZNF282_RNA,0.0897841528058052
ZRANB1_RNA,0.08976182341575623
S100A16_RNA,0.08976094424724579
ZNF488_RNA,0.08974151313304901
NUBP2_RNA,0.08971799165010452
MYOF_RNA,0.08966808021068573
QSER1_RNA,0.08962446451187134
FNDC3A_RNA,0.08962275087833405
ZC3H12A_RNA,0.08961982280015945
C5orf58_RNA,0.08960892260074615
SLC35A5_RNA,0.08953418582677841
TIMM9_RNA,0.0895305722951889
SOS2_RNA,0.08947210758924484
STT3A_RNA,0.08942560106515884
CAV1_RNA,0.08937850594520569
ECD_RNA,0.08937796950340271
KBTBD4_RNA,0.08932957798242569
GALNT2_RNA,0.08930549025535583
PLXNA4_RNA,0.08927249163389206
GAB1_RNA,0.08921459317207336
DDX31_RNA,0.08921268582344055
ALDOB_RNA,0.08918837457895279
NSMCE1_RNA,0.08918580412864685
TSHZ1_RNA,0.08913996070623398
CBL_RNA,0.08912082761526108
PCDHGB4_RNA,0.08907799422740936
APEX1_RNA,0.08907096832990646
USP19_RNA,0.08905959129333496
LSP1_RNA,0.0890376940369606
SRA1_RNA,0.08900891989469528
CCDC28B_RNA,0.08894900232553482
DDRGK1_RNA,0.08892755210399628
ZNF408_RNA,0.0888732373714447
PRR5_RNA,0.0888696238398552
TFEB_RNA,0.08881017565727234
ZNF155_RNA,0.08879014849662781
PGM2_RNA,0.088779449462890625
ZFP30_RNA,0.08877301961183548
ANKRD34A_RNA,0.08875145018100739
POLE2_RNA,0.08874013274908066
DDB2_RNA,0.08873457461595535
RHBDD2_RNA,0.0887150838971138
CDV3_RNA,0.08870172500610352
CAD_RNA,0.0886562168598175
CREB3L3_RNA,0.08863565325737
ZNF256_RNA,0.08858508616685867
ZNF257_RNA,0.0885726809501648
PLEKHO1_RNA,0.08854679763317108
ZMYND8_RNA,0.088502436876297
ETS2_RNA,0.08847983926534653
VEZT_RNA,0.088428795337677
ZNF14_RNA,0.08839931339025497
PPP2R5C_RNA,0.08838801085948944
HLA-A_RNA,0.0883609727025032
DYNLT1_RNA,0.08834356814622879
PPIL1_RNA,0.08826598525047302
CDC26_RNA,0.08826415240764618
KLHL24_RNA,0.08825968205928802
SYCE1_RNA,0.08821304142475128
PPME1_RNA,0.0881996899843216
LIN37_RNA,0.08819744735956192
SPCS3_RNA,0.08818263560533524
F3_RNA,0.08814781904220581
FUNDC2_RNA,0.0881439670920372
SVIP_RNA,0.08810056746006012
DACT1_RNA,0.08805250376462936
YIPF3_RNA,0.08803407847881317
PANK1_RNA,0.08796893060207367
ADCY7_RNA,0.08796823024749756
HEATR6_RNA,0.08796778321266174
TSR1_RNA,0.08796251565217972
MYOC_RNA,0.0879596620798111
EPHX4_RNA,0.08793377131223679
UAP1L1_RNA,0.08793152123689651
PRPH2_RNA,0.08787232637405396
KCNQ3_RNA,0.08785603195428848
LMBR1L_RNA,0.08783505856990814
PCDHB11_RNA,0.08778143674135208
NDUFB3_RNA,0.08776784688234329
CLPTM1_RNA,0.08776028454303741
TRUB1_RNA,0.08772433549165726
TRIML2_RNA,0.0876956358551979
ALKBH8_RNA,0.08768940716981888
SAMM50_RNA,0.08768588304519653
DLK1_RNA,0.08766960352659225
GNAT2_RNA,0.08765120804309845
PSMD14_RNA,0.08762189000844955
SYNPR_RNA,0.08760669082403183
CMYA5_RNA,0.08760184794664383
ENPP1_RNA,0.08752871304750443
MYBBP1A_RNA,0.0875239446759224
CNTN1_RNA,0.08747722953557968
ZNF385D_RNA,0.08747653663158417
PCIF1_RNA,0.08747509866952896
XYLB_RNA,0.08745937794446945
DCP1A_RNA,0.08742520958185196
CDON_RNA,0.08740881830453873
PTP4A2_RNA,0.08737930655479431
PAFAH1B2_RNA,0.0873570442199707
ACSM4_RNA,0.08731874823570251
FCN1_RNA,0.08729160577058792
CRHBP_RNA,0.08728710561990738
TAOK1_RNA,0.08719717711210251
HOXC5_RNA,0.08717603981494904
ZNF804B_RNA,0.08717171847820282
KIAA2013_RNA,0.08716702461242676
GLUD1_RNA,0.08713660389184952
NDUFAF2_RNA,0.08711349219083786
LZTS2_RNA,0.08709431439638138
NIT2_RNA,0.08708934485912323
SLC25A22_RNA,0.08707153052091599
REG1B_RNA,0.08706534653902054
CUTA_RNA,0.08705416321754456
MTRF1L_RNA,0.08702030032873154
M6PR_RNA,0.08701421320438385
DENND5A_RNA,0.08699451386928558
TOR2A_RNA,0.08697154372930527
SEC11C_RNA,0.086952105164527893
CRK_RNA,0.08692986518144608
ARHGEF11_RNA,0.08690710365772247
PF4_RNA,0.08689294755458832
TNRC6C_RNA,0.08685668557882309
G3BP1_RNA,0.08684784919023514
CHCHD5_RNA,0.08682816475629807
MGST3_RNA,0.08681091666221619
ARRDC3_RNA,0.08680326491594315
KRT80_RNA,0.08679906278848648
WNT6_RNA,0.0867849662899971
PIGZ_RNA,0.08675248175859451
WTIP_RNA,0.08675069361925125
EPB41L2_RNA,0.08667439967393875
APC2_RNA,0.08665113896131516
LNX2_RNA,0.08662530779838562
PERP_RNA,0.08661603182554245
ACAD11_RNA,0.08646828681230545
ATXN1_RNA,0.08644174784421921
INPP5B_RNA,0.08641402423381805
EGR4_RNA,0.08635136485099792
FDFT1_RNA,0.08635056763887405
ADARB1_RNA,0.08632132411003113
RFC3_RNA,0.0862688347697258
FBXL18_RNA,0.08623186498880386
DRD5_RNA,0.08622826635837555
NPFFR2_RNA,0.08618632704019547
EIF4G3_RNA,0.08616689592599869
EML1_RNA,0.08615410327911377
ANLN_RNA,0.08613276481628418
NEURL1B_RNA,0.08609211444854736
FOLH1_RNA,0.08607751876115799
ACOT9_RNA,0.0860610380768776
TCF3_RNA,0.08605312556028366
CRYBA2_RNA,0.08605105429887772
C3orf33_RNA,0.08594315499067307
MIR1185-2_RNA,0.08589279651641846
TUBG1_RNA,0.08587423712015152
COL23A1_RNA,0.08584942668676376
GARNL3_RNA,0.08580415695905685
SLA_RNA,0.08578391373157501
REPS1_RNA,0.08576084673404694
MED15_RNA,0.08571667224168777
VASN_RNA,0.08569719642400742
OR3A2_RNA,0.08569567650556564
CC2D1A_RNA,0.08566945046186447
MAPK3_RNA,0.08560016751289368
ARL9_RNA,0.08559983223676682
OCA2_RNA,0.08559410274028778
GPR176_RNA,0.0855867862701416
CCBE1_RNA,0.08555218577384949
S1PR4_RNA,0.08554253727197647
CDK2_RNA,0.08554117381572723
GSR_RNA,0.08553866297006607
PWP1_RNA,0.08553718775510788
RLF_RNA,0.08553283661603928
NPPB_RNA,0.08552221208810806
ATAD3B_RNA,0.0854746550321579
TM6SF2_RNA,0.08546321839094162
ASTL_RNA,0.08536947518587112
PAG1_RNA,0.0853152796626091
C1QTNF6_RNA,0.08526384830474854
PXN_RNA,0.08525656163692474
SFTA1P_RNA,0.08521163463592529
BNC1_RNA,0.08517725020647049
USP17L2_RNA,0.08505331724882126
CHST14_RNA,0.08504517376422882
FFAR1_RNA,0.08504381030797958
GRB2_RNA,0.08502691984176636
PRDX1_RNA,0.0850088968873024
CEP68_RNA,0.08498537540435791
FBXO38_RNA,0.08497358113527298
SCEL_RNA,0.08495762199163437
ZNF85_RNA,0.08495333790779114
TMEM130_RNA,0.08494099974632263
ZNF629_RNA,0.08493942767381668
SAMD1_RNA,0.0849025547504425
VPS13B_RNA,0.08489883691072464
SYCP2L_RNA,0.08483080565929413
NIPSNAP3A_RNA,0.08481836318969727
MIR574_RNA,0.08479651808738708
TMTC3_RNA,0.08478716760873795
ANKRD13C_RNA,0.08474057167768478
ZNF146_RNA,0.08470748364925385
DUSP12_RNA,0.0846845805644989
IMMP1L_RNA,0.08468414098024368
TRIM72_RNA,0.08456380665302277
SEMA3C_RNA,0.08454327285289764
STAC2_RNA,0.08453960716724396
TMX1_RNA,0.08453576266765594
F13A1_RNA,0.08452773094177246
CDCA7L_RNA,0.08451268821954727
ACTR1B_RNA,0.08446815609931946
SENP1_RNA,0.08443083614110947
RNF4_RNA,0.08440124243497849
THAP7_RNA,0.08437450975179672
TUBA3D_RNA,0.08435886353254318
HMGCS1_RNA,0.08433139324188232
TIMM8A_RNA,0.0842994824051857
MTSS1_RNA,0.08427118510007858
ABHD12_RNA,0.08423101156949997
INSL3_RNA,0.08419233560562134
NTM_RNA,0.08417639136314392
AFF2_RNA,0.08415140956640244
TBRG1_RNA,0.08412497490644455
ZSWIM6_RNA,0.08412200957536697
SNORD116-17_RNA,0.08410688489675522
CD1D_RNA,0.08409659564495087
SMC2_RNA,0.08409319072961807
PDHX_RNA,0.08408889174461365
SNAPC3_RNA,0.08408447355031967
ZFAT_RNA,0.08404529094696045
CLDN19_RNA,0.08399826288223267
CHP2_RNA,0.08397863060235977
RSRC1_RNA,0.0838945135474205
LNP1_RNA,0.08387569338083267
C22orf23_RNA,0.08386675268411636
THOC6_RNA,0.08384859561920166
ATP13A2_RNA,0.0838247761130333
SNX4_RNA,0.08382084220647812
GFOD2_RNA,0.08378298580646515
ARFIP2_RNA,0.08378046005964279
CRTAM_RNA,0.08377265930175781
IFI16_RNA,0.08374632894992828
LRP8_RNA,0.08364173024892807
CDKL2_RNA,0.08361797034740448
TECPR1_RNA,0.08361463248729706
PTPDC1_RNA,0.0836145207285881
C3orf49_RNA,0.08360358327627182
TXN2_RNA,0.08359823375940323
FBXL14_RNA,0.08357778936624527
ECHDC3_RNA,0.08354790508747101
RCE1_RNA,0.08354013413190842
LRRC20_RNA,0.08348669856786728
ZWILCH_RNA,0.08347943425178528
OSTF1_RNA,0.08343467861413956
TOLLIP_RNA,0.08342956751585007
MED20_RNA,0.08334805816411972
MGC12916_RNA,0.08332356810569763
MYO18A_RNA,0.08331172913312912
CR1_RNA,0.08328725397586823
FOXN3_RNA,0.08325997740030289
RPP40_RNA,0.08320891857147217
BBS7_RNA,0.08319506794214249
POGK_RNA,0.08319277316331863
RXFP1_RNA,0.08318748325109482
TAOK2_RNA,0.08315616846084595
CLDN18_RNA,0.08314000815153122
SLC32A1_RNA,0.08313620835542679
RAB2B_RNA,0.08313312381505966
ARNT2_RNA,0.0831121951341629
FOXI3_RNA,0.08311163634061813
FGF21_RNA,0.0830700471997261
SNX6_RNA,0.0830359011888504
GRIP1_RNA,0.08302953839302063
CCL17_RNA,0.08297519385814667
RUVBL1_RNA,0.08295077830553055
CHD6_RNA,0.08290956169366837
GNL3L_RNA,0.08284993469715118
ANXA7_RNA,0.08283969759941101
PPM1E_RNA,0.08278252929449081
NIPA2_RNA,0.08272705972194672
PAK3_RNA,0.08268145471811295
BLOC1S2_RNA,0.08267996460199356
RSU1_RNA,0.08266188949346542
SOX5_RNA,0.08265544474124908
SUMO2_RNA,0.08262009918689728
ZFAND2A_RNA,0.08255843073129654
MLLT11_RNA,0.08252424001693726
BMS1_RNA,0.08251236379146576
ATAD2_RNA,0.08250397443771362
KANK4_RNA,0.08246929198503494
POLR3K_RNA,0.08246427774429321
CHRNA3_RNA,0.08245418220758438
LALBA_RNA,0.08240072429180145
SLC9A1_RNA,0.08239810168743134
UNC93B1_RNA,0.08237459510564804
DYRK2_RNA,0.08233591169118881
QTRT1_RNA,0.08230087906122208
NOL4_RNA,0.0822424441576004
BAALC_RNA,0.08223041892051697
PARL_RNA,0.08222533017396927
PMP22_RNA,0.08221115171909332
FLT3_RNA,0.08217449486255646
ULBP1_RNA,0.08211537450551987
ADAMTSL3_RNA,0.08206181228160858
DEAF1_RNA,0.08204754441976547
BAZ2A_RNA,0.08204467594623566
DGKE_RNA,0.0820431038737297
GLS_RNA,0.08198632299900055
RANBP3_RNA,0.08197677135467529
ANG_RNA,0.08189234137535095
ATP11B_RNA,0.08185114711523056
ZNF615_RNA,0.08183573186397552
CACNB3_RNA,0.08182688802480698
PJA1_RNA,0.08179881423711777
ZNF418_RNA,0.0817769393324852
TACR2_RNA,0.08177249878644943
PI4KB_RNA,0.08171907812356949
MARK2_RNA,0.08171484619379044
FKRP_RNA,0.08168471604585648
NR3C1_RNA,0.08167749643325806
ACTR3_RNA,0.08161130547523499
GHITM_RNA,0.08159779757261276
KDELR1_RNA,0.08158747106790543
SART3_RNA,0.08157746493816376
ZNF461_RNA,0.08155831694602966
TUBB1_RNA,0.08155455440282822
DNAJC3_RNA,0.08154508471488953
NR2F2_RNA,0.08151988685131073
BECN1_RNA,0.08151382952928543
ZNF222_RNA,0.08151137828826904
RALGAPB_RNA,0.0814841166138649
APBA1_RNA,0.08148409426212311
ARMCX6_RNA,0.08148278295993805
TMEM200B_RNA,0.08145949989557266
SNORD115-31_RNA,0.08142829686403275
DYNLRB1_RNA,0.08142128586769104
JAGN1_RNA,0.08136636763811111
CLCN3_RNA,0.08135925978422165
NACA_RNA,0.08134975284337997
SSH1_RNA,0.08133067935705185
TP53RK_RNA,0.08122695982456207
CD14_RNA,0.08120066672563553
SRCIN1_RNA,0.0811610221862793
SLC4A10_RNA,0.08108821511268616
KATNB1_RNA,0.08107896894216537
PUS3_RNA,0.08107680827379227
FBXW8_RNA,0.08102015405893326
RAD54L_RNA,0.08101574331521988
GRIN2D_RNA,0.08096488565206528
GFM1_RNA,0.08094944059848785
CTSB_RNA,0.08092769235372543
SBF2_RNA,0.08091955631971359
CDC14B_RNA,0.0808931514620781
ZRANB3_RNA,0.0808572769165039
ATP1B3_RNA,0.0808461606502533
SEC16A_RNA,0.08082748204469681
BMPR2_RNA,0.08081699162721634
DCAF7_RNA,0.080775685608387
RBM12_RNA,0.08074378222227097
P2RX5_RNA,0.08072548359632492
TUBGCP4_RNA,0.08071267604827881
TBC1D12_RNA,0.08070801943540573
ST8SIA4_RNA,0.08063954859972
BCL7C_RNA,0.08060427755117416
SLC38A7_RNA,0.08058658242225647
FAM149A_RNA,0.08058229088783264
LARP1_RNA,0.08056740462779999
FAHD2A_RNA,0.08046404272317886
SNORD115-44_RNA,0.08045535534620285
CYBA_RNA,0.08029759675264359
PLEKHH1_RNA,0.08029401302337646
RABGAP1L_RNA,0.08029131591320038
RBM10_RNA,0.08023680746555328
SMURF2_RNA,0.08022590726613998
DNAJC13_RNA,0.08018168807029724
TCFL5_RNA,0.08016641438007355
RNF187_RNA,0.08014179766178131
ARSA_RNA,0.08005121350288391
TBC1D8B_RNA,0.08004269003868103
EIF5A2_RNA,0.07998380810022354
FAM83D_RNA,0.07997903227806091
CD55_RNA,0.07997390627861023
GPX3_RNA,0.07995595037937164
DDX41_RNA,0.07994186878204346
FAHD1_RNA,0.07992818206548691
CDKN2C_RNA,0.07989466935396194
ATP6V1C2_RNA,0.07988255470991135
ZBTB11_RNA,0.07988252490758896
UBA1_RNA,0.0798562690615654
GPLD1_RNA,0.07984183728694916
PGRMC1_RNA,0.07983715832233429
DOK1_RNA,0.07968515157699585
CPSF2_RNA,0.07967976480722427
STAM_RNA,0.07965277135372162
CPNE9_RNA,0.07963571697473526
OS9_RNA,0.07960537821054459
SPOCK2_RNA,0.0795917883515358
CRHR2_RNA,0.07958526164293289
NPAS3_RNA,0.07955493777990341
ZNF777_RNA,0.07955450564622879
TRIM7_RNA,0.07953421771526337
EFHD2_RNA,0.07952328026294708
ZNF2_RNA,0.0794842541217804
YWHAQ_RNA,0.07947690784931183
SPEN_RNA,0.07947547733783722
GTF3C6_RNA,0.07941500842571259
ITPR2_RNA,0.07937164604663849
PDE6D_RNA,0.07931191474199295
CACNA1A_RNA,0.07921966910362244
LIMD1_RNA,0.07921178638935089
ZNF771_RNA,0.07913045585155487
PNPLA4_RNA,0.07912120223045349
C1QL1_RNA,0.07911399751901627
KLF7_RNA,0.07907707244157791
SNRPB2_RNA,0.0790528655052185
GPR26_RNA,0.07904387265443802
PDCL_RNA,0.07902906835079193
XPO4_RNA,0.0790088102221489
WNT10B_RNA,0.07898327708244324
TXLNA_RNA,0.07896444201469421
SLC12A4_RNA,0.07890547811985016
ZNF25_RNA,0.07883278280496597
CD274_RNA,0.07883141934871674
HAPLN2_RNA,0.07880924642086029
PDCL3_RNA,0.07880841940641403
CDCP1_RNA,0.07876372337341309
TBC1D25_RNA,0.07875142991542816
RASIP1_RNA,0.0787489041686058
CPEB4_RNA,0.0787171944975853
UBE2J2_RNA,0.07866504043340683
PAK1IP1_RNA,0.07866405695676804
LGI3_RNA,0.07864972203969955
SNORD115-43_RNA,0.07860374450683594
PCDHA11_RNA,0.07857118546962738
CYP26B1_RNA,0.07856058329343796
GNL3_RNA,0.07854461669921875
FAM53B_RNA,0.07852000743150711
ZNF367_RNA,0.07845060527324677
PLCB3_RNA,0.07841785997152328
SNTG2_RNA,0.07839903235435486
SLC16A2_RNA,0.07832126319408417
KCNJ6_RNA,0.07831646502017975
CACNG6_RNA,0.07830113172531128
YPEL2_RNA,0.07823041826486588
UBFD1_RNA,0.07817119359970093
MAPRE2_RNA,0.07815828919410706
NRG2_RNA,0.0781240239739418
RAB5A_RNA,0.07811801135540009
LGALS7_RNA,0.0780651718378067
MVD_RNA,0.07803445309400558
TNFRSF1B_RNA,0.07801913470029831
GSX1_RNA,0.07794837653636932
HEXB_RNA,0.0779307633638382
HEBP2_RNA,0.07787743955850601
MT2A_RNA,0.07786725461483002
CYTH1_RNA,0.07785601913928986
TDRD3_RNA,0.077851302921772
SMS_RNA,0.07784584909677505
ZNF746_RNA,0.07782119512557983
FOXI2_RNA,0.07779453694820404
ATP6V0D2_RNA,0.07772476226091385
NMNAT1_RNA,0.07771340012550354
KCTD20_RNA,0.07768993824720383
ALOX5AP_RNA,0.07767052948474884
NET1_RNA,0.07764306664466858
SH3TC2_RNA,0.07763972878456116
CLDN5_RNA,0.07761693745851517
SETX_RNA,0.077573262155056
ZIM2_RNA,0.07757292687892914
PREPL_RNA,0.07755309343338013
CNOT2_RNA,0.07754868268966675
SNORD89_RNA,0.0775131806731224
ADAD2_RNA,0.07747887074947357
HSPA4_RNA,0.0774783194065094
BRAP_RNA,0.0774628221988678
LIG3_RNA,0.07745596021413803
CNIH4_RNA,0.0772988423705101
APOE_RNA,0.07724224776029587
SRM_RNA,0.0772317498922348
GJB6_RNA,0.07721182703971863
RSF1_RNA,0.07719510048627853
HUWE1_RNA,0.07715271413326263
KRT14_RNA,0.07714000344276428
CNOT1_RNA,0.0770651325583458
HAR1B_RNA,0.07706242799758911
CYB5R1_RNA,0.07704919576644897
FAM131A_RNA,0.07703160494565964
TMEM132E_RNA,0.07698691636323929
PDZD8_RNA,0.07698231935501099
ERG_RNA,0.07696620374917984
THAP4_RNA,0.0769517719745636
SLC37A4_RNA,0.07694685459136963
ZNF366_RNA,0.07689845561981201
PIGR_RNA,0.07688770443201065
UBR5_RNA,0.0768786072731018
HMGB2_RNA,0.07683499902486801
AMIGO1_RNA,0.07681894302368164
XRCC5_RNA,0.07680027931928635
C10orf55_RNA,0.07671598345041275
TMEM9_RNA,0.07670141756534576
SLC29A1_RNA,0.07667452096939087
GPR107_RNA,0.07666046917438507
KIF20B_RNA,0.07662999629974365
MED8_RNA,0.07660295069217682
ZNF250_RNA,0.0765688568353653
NPW_RNA,0.07655930519104004
VTA1_RNA,0.07654968649148941
AKAP11_RNA,0.07653973996639252
RPS13_RNA,0.07651105523109436
HPDL_RNA,0.07650811970233917
PPDPF_RNA,0.07648243755102158
RASGRP1_RNA,0.0764685720205307
CCDC102B_RNA,0.07636383920907974
AP4S1_RNA,0.07632172852754593
ZNF574_RNA,0.0761990174651146
DOCK5_RNA,0.07617546617984772
UBE2N_RNA,0.07612144201993942
TIMP2_RNA,0.07609706372022629
CREB3L2_RNA,0.07606028765439987
SLC35D2_RNA,0.07603225857019424
RWDD2A_RNA,0.07603081315755844
KRT4_RNA,0.0760195404291153
SLC18A3_RNA,0.07596132159233093
NDUFA9_RNA,0.07596062868833542
HIGD2A_RNA,0.07593242079019547
ISL2_RNA,0.07592593878507614
PTMA_RNA,0.07586540281772614
TIAM1_RNA,0.07584325969219208
CISH_RNA,0.0758393257856369
CSNK2B_RNA,0.07582414150238037
LAP3_RNA,0.075801946222782135
PDX1_RNA,0.07577971369028091
CANX_RNA,0.07572484761476517
TOX_RNA,0.07569336891174316
SNORD115-18_RNA,0.07568534463644028
IPO7_RNA,0.0756765753030777
NELL2_RNA,0.07564669102430344
AADAT_RNA,0.07564221322536469
GLE1_RNA,0.07562334835529327
PRKAG1_RNA,0.07561566680669785
ZNF772_RNA,0.07561109960079193
ZNF260_RNA,0.07560984045267105
STK25_RNA,0.07555539906024933
SNRK_RNA,0.07555139064788818
SMAD2_RNA,0.07554258406162262
CCNE2_RNA,0.07552225142717361
DGAT2_RNA,0.07548242807388306
CAMK4_RNA,0.07542592287063599
KCNQ1DN_RNA,0.07539420574903488
TUBA8_RNA,0.0753793716430664
YIPF5_RNA,0.07535119354724884
HMG20B_RNA,0.07533513754606247
PCGF1_RNA,0.07524339854717255
ZBTB38_RNA,0.07523694634437561
PLA2G3_RNA,0.07520647346973419
KPNB1_RNA,0.07520213723182678
PRTN3_RNA,0.07519838213920593
NTN1_RNA,0.07517221570014954
PPRC1_RNA,0.07517199218273163
BCAT2_RNA,0.07515434175729752
MIR134_RNA,0.07510971277952194
SMURF1_RNA,0.07508305460214615
RNF25_RNA,0.07506056129932404
E2F6_RNA,0.07505504786968231
RHOF_RNA,0.07504668086767197
SLC24A3_RNA,0.07503943145275116
IL7R_RNA,0.07502005249261856
SCYL1_RNA,0.07496873289346695
SH3BGRL3_RNA,0.07496057450771332
ALMS1_RNA,0.07493151724338531
BCAP31_RNA,0.0748797357082367
CYB5B_RNA,0.07483166456222534
SMARCD3_RNA,0.07481826096773148
C2orf72_RNA,0.07479635626077652
TNKS2_RNA,0.07479612529277802
NT5C1A_RNA,0.07477517426013947
SGCG_RNA,0.07477027922868729
VPS11_RNA,0.0747578963637352
FRG1_RNA,0.07475661486387253
XRN2_RNA,0.07475466281175613
TM2D2_RNA,0.07474906742572784
EIF3M_RNA,0.0747331753373146
TOP3A_RNA,0.07467934489250183
FSTL5_RNA,0.07466541975736618
PPP1R8_RNA,0.07465832680463791
DNAJC12_RNA,0.07465528696775436
PECR_RNA,0.07457973062992096
EEA1_RNA,0.074569933116436
CHAC1_RNA,0.07448885589838028
METTL6_RNA,0.07445061951875687
UNC119_RNA,0.07439206540584564
ZNF799_RNA,0.07436560094356537
CAPRIN2_RNA,0.07435967028141022
VAX1_RNA,0.07435700297355652
PHLPP2_RNA,0.07431105524301529
ZNF343_RNA,0.0742928758263588
PRNP_RNA,0.0742916464805603
ELOVL3_RNA,0.07427792251110077
ZFPL1_RNA,0.07426387816667557
UBE2L6_RNA,0.07426118105649948
EBPL_RNA,0.07424584776163101
MRPS34_RNA,0.07420691102743149
ADAMTS10_RNA,0.07420531660318375
TXNDC17_RNA,0.07420079410076141
ARID1B_RNA,0.0741686075925827
ACSL4_RNA,0.07416769862174988
FDXR_RNA,0.0741538479924202
ZMIZ1_RNA,0.07413803040981293
HIVEP1_RNA,0.07412353157997131
CD300E_RNA,0.0740465521812439
IGFL2_RNA,0.07402436435222626
TTC39B_RNA,0.07401019334793091
PSME2_RNA,0.07392220199108124
MEGF9_RNA,0.07390531897544861
MBD1_RNA,0.0738799050450325
KIT_RNA,0.0738791674375534
PPM1A_RNA,0.07387303560972214
SIGLEC9_RNA,0.0738351121544838
HSP90AA1_RNA,0.07380174100399017
APLP2_RNA,0.073739193379879
MAG_RNA,0.07369857281446457
CAPN1_RNA,0.07369229197502136
SMG1_RNA,0.07367406785488129
L2HGDH_RNA,0.07366340607404709
JARID2_RNA,0.07363994419574738
STAU1_RNA,0.07362819463014603
PPP2R5E_RNA,0.07357826083898544
MSH4_RNA,0.07357459515333176
SAT1_RNA,0.07355639338493347
REM1_RNA,0.07352658361196518
MAP4K4_RNA,0.07350990921258926
SETD2_RNA,0.07349236309528351
LRRC8B_RNA,0.07340558618307114
CLIC4_RNA,0.07340283691883087
RBM3_RNA,0.07340236753225327
TUFM_RNA,0.0734003335237503
UNC5D_RNA,0.07332843542098999
PKIA_RNA,0.07326993346214294
NFATC3_RNA,0.07326118648052216
CPSF3_RNA,0.07324260473251343
LMX1B_RNA,0.0732274278998375
ZBTB34_RNA,0.07321055978536606
MEOX2_RNA,0.07319153100252151
CISD3_RNA,0.07315926253795624
ZNF614_RNA,0.07315860688686371
TMEM203_RNA,0.07310216128826141
CEBPB_RNA,0.07301892340183258
SLC31A1_RNA,0.0730128288269043
MARVELD1_RNA,0.07301125675439835
LEMD2_RNA,0.07300427556037903
FLRT2_RNA,0.07299553602933884
PTPRA_RNA,0.07296741008758545
HK3_RNA,0.07294252514839172
DAGLB_RNA,0.07286125421524048
GPR15_RNA,0.07285745441913605
SLC16A7_RNA,0.07281635701656342
ZNF45_RNA,0.07277734577655792
ZNF469_RNA,0.07274538278579712
SLC12A6_RNA,0.072742559015750885
PLAGL2_RNA,0.07274113595485687
LCE1D_RNA,0.07272642850875854
TRAPPC4_RNA,0.07266286760568619
MNX1_RNA,0.07266248017549515
OGFOD2_RNA,0.0726315975189209
GRPEL1_RNA,0.0726262778043747
NCOR1_RNA,0.07261697947978973
P4HA3_RNA,0.07258938252925873
OIT3_RNA,0.07250519096851349
NR0B1_RNA,0.0724891647696495
BRPF1_RNA,0.07248108088970184
ADCK1_RNA,0.07246804982423782
TMEM219_RNA,0.07243944704532623
ZNF567_RNA,0.0724392905831337
P2RX6_RNA,0.07241496443748474
PBRM1_RNA,0.0723850280046463
UBE2J1_RNA,0.07235927134752274
ACBD6_RNA,0.07232236117124557
POLR1B_RNA,0.07231225818395615
TFCP2_RNA,0.07230184227228165
SLC30A4_RNA,0.07229511439800262
IGSF11_RNA,0.07228989899158478
PCDHGA11_RNA,0.07227416336536407
PSME1_RNA,0.07227054238319397
ETF1_RNA,0.07225894182920456
USF2_RNA,0.07225576788187027
PCDHGB7_RNA,0.07221607863903046
FOXA3_RNA,0.0721963569521904
HDAC3_RNA,0.07216724753379822
CHD1_RNA,0.07212523370981216
DNPEP_RNA,0.07207319885492325
JAK1_RNA,0.07206220179796219
DDX50_RNA,0.07202785462141037
ME3_RNA,0.07201716303825378
NHSL2_RNA,0.07188417762517929
CPOX_RNA,0.07187763601541519
HDAC7_RNA,0.07187002152204514
PAPPA_RNA,0.07185664772987366
KIF1A_RNA,0.07181568443775177
USP44_RNA,0.0717531144618988
ZNF197_RNA,0.07174275815486908
TBL3_RNA,0.07174251228570938
TAC4_RNA,0.07174075394868851
SNX9_RNA,0.07164768874645233
WNT16_RNA,0.07161819189786911
GFRA3_RNA,0.07157745212316513
TPRA1_RNA,0.07157488167285919
SURF2_RNA,0.07157094031572342
ARFGEF1_RNA,0.07156123965978622
ZNF30_RNA,0.071519635617733
ERLIN1_RNA,0.07144654542207718
GIT1_RNA,0.07142632454633713
KLHDC10_RNA,0.07141446322202682
ALCAM_RNA,0.07141359895467758
CD28_RNA,0.07139516621828079
KDM2A_RNA,0.07139425724744797
SLC25A16_RNA,0.07137639820575714
FBXL12_RNA,0.07127949595451355
LONRF1_RNA,0.07126930356025696
ZKSCAN4_RNA,0.07125358283519745
LVRN_RNA,0.07119544595479965
BACE1_RNA,0.07119373232126236
CDC25B_RNA,0.07117758691310883
FPR2_RNA,0.07117010653018951
ZNF398_RNA,0.07114572823047638
CYB5R4_RNA,0.07106540352106094
PITX3_RNA,0.07100489735603333
FLNC_RNA,0.07098893821239471
REXO4_RNA,0.0709790587425232
CNBP_RNA,0.07095880061388016
SLC1A4_RNA,0.07094187289476395
TRMT112_RNA,0.0709388256072998
EAF1_RNA,0.07092023640871048
SQLE_RNA,0.07089263945817947
ANKRD12_RNA,0.07088884711265564
FXYD6_RNA,0.0708858072757721
ITIH1_RNA,0.0708688423037529
EXOC2_RNA,0.07083266228437424
ZNF776_RNA,0.07073372602462769
SNORD115-39_RNA,0.07072950154542923
PLAC1_RNA,0.07071857154369354
DGKK_RNA,0.07064782828092575
SECISBP2L_RNA,0.07064781337976456
CACNA1E_RNA,0.07064087688922882
MCC_RNA,0.07044295221567154
LCLAT1_RNA,0.07043818384408951
RNF8_RNA,0.07043339312076569
SERTAD3_RNA,0.0704185739159584
STRA8_RNA,0.07037246972322464
MMADHC_RNA,0.07030254602432251
GSTZ1_RNA,0.07029716670513153
RORA_RNA,0.07025203853845596
ZNF227_RNA,0.0702204778790474
DHX16_RNA,0.07019437849521637
EPHA3_RNA,0.07019028812646866
CASK_RNA,0.070103719830513
FRMD5_RNA,0.07010266929864883
RAB43_RNA,0.06999903172254562
CTTNBP2NL_RNA,0.06995432823896408
FAM169A_RNA,0.06986802071332932
KAT5_RNA,0.06984902918338776
EIF2A_RNA,0.06981474161148071
ZFP14_RNA,0.0698087215423584
ADAMTS17_RNA,0.06976544111967087
PCYOX1L_RNA,0.06976483017206192
PNOC_RNA,0.06976035237312317
VEGFB_RNA,0.06976032257080078
CPT1C_RNA,0.0697401612997055
ST7L_RNA,0.06971712410449982
GAB3_RNA,0.06971241533756256
WDR82_RNA,0.06969872862100601
NRSN2_RNA,0.06969396024942398
NDFIP1_RNA,0.06965691596269608
OTUD7B_RNA,0.06965210288763046
NME4_RNA,0.06964364647865295
HNRNPL_RNA,0.06958076357841492
SAMHD1_RNA,0.06955451518297195
REG1A_RNA,0.06950986385345459
ATOH8_RNA,0.06949771195650101
APPL1_RNA,0.06949416548013687
PSMD1_RNA,0.06943574547767639
ARHGAP23_RNA,0.06940893083810806
C4orf46_RNA,0.06940202414989471
TSNAX-DISC1_RNA,0.06938156485557556
SUV39H1_RNA,0.06933536380529404
KCNK7_RNA,0.06933170557022095
SNORD115-11_RNA,0.069266177713871
PCDHGA7_RNA,0.0692233070731163
TXNDC16_RNA,0.06922224909067154
BPGM_RNA,0.06921113282442093
CRNKL1_RNA,0.06919585913419724
NAT10_RNA,0.06918554753065109
RNF5_RNA,0.06912988424301147
ARMC8_RNA,0.06912938505411148
ATP7A_RNA,0.0691184476017952
SEMA6A_RNA,0.06910654157400131
SYDE2_RNA,0.06905132532119751
SOCS2_RNA,0.06902871280908585
RUNX1T1_RNA,0.06898335367441177
MAN2A1_RNA,0.06895780563354492
TWF1_RNA,0.06894630938768387
C1orf21_RNA,0.06887870281934738
CSDE1_RNA,0.06886685639619827
KRTAP5-1_RNA,0.06885988265275955
PSMC2_RNA,0.06882724165916443
PLBD2_RNA,0.06875553727149963
TNFRSF4_RNA,0.06874120235443115
CTCF_RNA,0.06873316317796707
PXK_RNA,0.0686570405960083
ANKRD37_RNA,0.06863255798816681
FKBP3_RNA,0.06859349459409714
KCNJ2_RNA,0.0685158297419548
NUFIP1_RNA,0.06848269701004028
C3orf18_RNA,0.06845705956220627
TPM3_RNA,0.06845404207706451
TCF4_RNA,0.0684480369091034
HCCS_RNA,0.06836214661598206
APTX_RNA,0.06833121925592422
CNTNAP2_RNA,0.0683242529630661
NAGLU_RNA,0.06830646842718124
KATNAL1_RNA,0.06829607486724854
FOXF2_RNA,0.06829551607370377
C4orf19_RNA,0.06820706278085709
TINAGL1_RNA,0.06820434331893921
EML4_RNA,0.06820153445005417
DDX28_RNA,0.06813643872737885
MDP1_RNA,0.06813634932041168
DCLRE1B_RNA,0.06808092445135117
MAMDC2_RNA,0.06807759404182434
INTS10_RNA,0.06801627576351166
ENTPD7_RNA,0.06800942867994308
IDE_RNA,0.06798791140317917
DEFB124_RNA,0.0679594874382019
NCAM1_RNA,0.0679551288485527
MEF2C_RNA,0.06792393326759338
UTP18_RNA,0.06791581958532333
RAD21L1_RNA,0.0678713321685791
G6PC2_RNA,0.06787025928497314
PRDM1_RNA,0.06776398420333862
DUSP9_RNA,0.06775941699743271
CTSG_RNA,0.06774715334177017
HIPK2_RNA,0.06771466135978699
SH3BP5L_RNA,0.06769218295812607
TMBIM6_RNA,0.06769011914730072
SOCS5_RNA,0.06768752634525299
SPATA8_RNA,0.06767193228006363
PDE6H_RNA,0.06765550374984741
TNFRSF10C_RNA,0.06764049082994461
ZNF608_RNA,0.06763693690299988
ZNF628_RNA,0.06762684136629105
SERINC1_RNA,0.06760989874601364
SYT8_RNA,0.06760556250810623
FOLR2_RNA,0.06760454177856445
MID1_RNA,0.06756484508514404
C7orf50_RNA,0.0675421878695488
ZNF512B_RNA,0.06753327697515488
TESK1_RNA,0.06744874268770218
CORO1B_RNA,0.06744058430194855
PCDH20_RNA,0.06742940098047256
CEBPG_RNA,0.06741952151060104
GOLGA7B_RNA,0.06741806119680405
IMMT_RNA,0.06741409748792648
PRND_RNA,0.06741210073232651
UGT2B7_RNA,0.06740473210811615
POLR2H_RNA,0.067365363240242
GLA_RNA,0.06733013689517975
C20orf202_RNA,0.06730067729949951
LPCAT1_RNA,0.06729010492563248
C12orf76_RNA,0.06726563721895218
BCS1L_RNA,0.06724795699119568
INTS4_RNA,0.06723403185606003
ZEB2_RNA,0.06721877306699753
SH3GLB1_RNA,0.0671759843826294
GRM3_RNA,0.06717246025800705
PDHA1_RNA,0.06716655194759369
STARD3NL_RNA,0.06716614216566086
BDKRB1_RNA,0.0671653002500534
AKAP8_RNA,0.06715663522481918
ELF2_RNA,0.06713978946208954
GTF2F1_RNA,0.06713271141052246
GDPD5_RNA,0.06711135059595108
FA2H_RNA,0.0670597106218338
TBX21_RNA,0.06704887747764587
MIR199A1_RNA,0.06697425246238708
GAD2_RNA,0.0669662207365036
CCDC50_RNA,0.06695824861526489
LRRTM1_RNA,0.06692638993263245
HOXD1_RNA,0.06688293814659119
RBM18_RNA,0.0668591558933258
FTL_RNA,0.06683088093996048
CTU2_RNA,0.0668068677186966
HCST_RNA,0.06676139682531357
BSDC1_RNA,0.06675224006175995
DENND4A_RNA,0.06673289835453033
ADD1_RNA,0.06671649217605591
ZNF69_RNA,0.06671477854251862
DLGAP2_RNA,0.06669912487268448
ACER3_RNA,0.06668663769960403
CMTM1_RNA,0.06666477769613266
NCOR2_RNA,0.06663262844085693
ROM1_RNA,0.06660749018192291
TF_RNA,0.06657515466213226
SLC44A2_RNA,0.06650499999523163
LRTM2_RNA,0.06643960624933243
PLCE1_RNA,0.06642798334360123
RASSF1_RNA,0.06638044863939285
PCDHB6_RNA,0.06637805700302124
RAPGEFL1_RNA,0.06636185199022293
SEC24A_RNA,0.06635746359825134
CEACAM3_RNA,0.06630069017410278
SCAPER_RNA,0.06630058586597443
DHX33_RNA,0.0662558525800705
KRT1_RNA,0.06624329090118408
ZNF829_RNA,0.06623493134975433
RICTOR_RNA,0.0662168562412262
TMEFF1_RNA,0.06621301174163818
SIK2_RNA,0.06620742380619049
SEC14L4_RNA,0.06616894155740738
DDX17_RNA,0.06615698337554932
RAD1_RNA,0.06615015864372253
SH3TC1_RNA,0.06608269363641739
PPAN_RNA,0.06603491306304932
COQ2_RNA,0.0660332590341568
INTS6_RNA,0.06603304296731949
PKP2_RNA,0.06597159057855606
VSIG4_RNA,0.06592429429292679
CDH20_RNA,0.0659191906452179
SPDEF_RNA,0.06591592729091644
SHOX2_RNA,0.0659034475684166
NGEF_RNA,0.06589001417160034
WDR81_RNA,0.06588637828826904
ZNF570_RNA,0.065864667296409607
SERINC5_RNA,0.06584654003381729
CCDC124_RNA,0.06583212316036224
CACNB1_RNA,0.06583137810230255
BPI_RNA,0.06582345813512802
EIF2B5_RNA,0.06582219898700714
PELI3_RNA,0.06581072509288788
CASS4_RNA,0.06577000766992569
MED30_RNA,0.06564727425575256
TRIM46_RNA,0.06561880558729172
DPYSL3_RNA,0.0656171441078186
MTNR1A_RNA,0.06551606953144073
HRH2_RNA,0.06550822407007217
RSL24D1_RNA,0.06549660861492157
GTPBP4_RNA,0.06544401496648788
PRDX5_RNA,0.06542972475290298
C1R_RNA,0.0654214397072792
FKBPL_RNA,0.0653785914182663
UGGT2_RNA,0.06534159928560257
TKTL2_RNA,0.06532216817140579
NCSTN_RNA,0.06531807780265808
SOCS7_RNA,0.06531672924757004
CYP26A1_RNA,0.06531167775392532
C17orf107_RNA,0.06531060487031937
TRIM35_RNA,0.06530416756868362
EDEM1_RNA,0.06530357152223587
SHD_RNA,0.06529209762811661
ETV2_RNA,0.0652862936258316
PIK3CD_RNA,0.06524287164211273
TMEM38B_RNA,0.06516479700803757
RNF26_RNA,0.06506377458572388
PKIG_RNA,0.06502803415060043
CASP4_RNA,0.06502646952867508
MND1_RNA,0.06501118093729019
ATP2B2_RNA,0.0648796409368515
GMIP_RNA,0.06487812101840973
GNG13_RNA,0.06487254053354263
DPYD_RNA,0.06483252346515656
ETV3L_RNA,0.06480373442173004
FOXJ3_RNA,0.06479807198047638
TSG101_RNA,0.06479260325431824
PCK2_RNA,0.06478998810052872
GPR55_RNA,0.06476570665836334
NOVA2_RNA,0.06469772011041641
CSF2_RNA,0.06467654556035995
BEND6_RNA,0.06464018672704697
NPSR1_RNA,0.06463443487882614
KLHL17_RNA,0.06461011618375778
PPIF_RNA,0.0645841658115387
KCNH7_RNA,0.06456808000802994
TCOF1_RNA,0.06455856561660767
ZCCHC7_RNA,0.0645182803273201
PRDM12_RNA,0.06447209417819977
ZNF551_RNA,0.0644390806555748
NLK_RNA,0.06439223885536194
EPHB6_RNA,0.06435694545507431
RABGAP1_RNA,0.06433757394552231
C5orf15_RNA,0.06433656066656113
GSG1L_RNA,0.0643293708562851
RHOT1_RNA,0.06430257111787796
TM9SF2_RNA,0.06425756961107254
KDM1B_RNA,0.06425239890813828
ADNP_RNA,0.06420469284057617
FCGRT_RNA,0.06418321281671524
FBXW2_RNA,0.06417006254196167
HSD17B2_RNA,0.06409318000078201
FNBP1_RNA,0.0640401840209961
CDT1_RNA,0.06398753821849823
SUPT6H_RNA,0.06397245079278946
NSFL1C_RNA,0.0639721006155014
TADA1_RNA,0.06392554938793182
PDZD11_RNA,0.06392428278923035
EIF3E_RNA,0.06384694576263428
CDK3_RNA,0.06384622305631638
PLCH2_RNA,0.06380558013916016
TCEANC_RNA,0.06375209242105484
ICAM3_RNA,0.0637277290225029
DBF4_RNA,0.06372348219156265
ASB12_RNA,0.0636928603053093
KRR1_RNA,0.06369107216596603
RNF111_RNA,0.06368265300989151
TMEM222_RNA,0.06361853331327438
STUB1_RNA,0.06355471909046173
EEFSEC_RNA,0.06353919208049774
MICALL2_RNA,0.06335541605949402
NAGS_RNA,0.06329427659511566
GFM2_RNA,0.06327423453330994
GNPAT_RNA,0.06324795633554459
INTS5_RNA,0.06321356445550919
ZFP37_RNA,0.063196562230587
WDR36_RNA,0.06317918002605438
TNFRSF11A_RNA,0.0631718561053276
PPP1R9B_RNA,0.06312505155801773
RAB26_RNA,0.06309551745653152
RPL18AP3_RNA,0.06308119744062424
OR2M4_RNA,0.06307706981897354
WDR55_RNA,0.06304182857275009
RPS17_RNA,0.06303256005048752
AP4E1_RNA,0.06297169625759125
SLC35D1_RNA,0.06295177340507507
DHX34_RNA,0.0629362091422081
SPAST_RNA,0.06293287873268127
FYCO1_RNA,0.06292981654405594
PLA2G5_RNA,0.06287775933742523
RFK_RNA,0.06286583840847015
SNORD115-14_RNA,0.06284384429454803
TSFM_RNA,0.06283324211835861
SEC61G_RNA,0.06271247565746307
PDS5B_RNA,0.062706857919693
C1QA_RNA,0.06270410865545273
OBP2B_RNA,0.06264061480760574
ARL16_RNA,0.06263574957847595
SLC4A4_RNA,0.06262113898992538
LTA4H_RNA,0.06259933114051819
CTU1_RNA,0.06250083446502686
DYRK4_RNA,0.062451135367155075
STX2_RNA,0.062400903552770615
PEX7_RNA,0.062385447323322296
SNORD115-19_RNA,0.06232522800564766
EBNA1BP2_RNA,0.06231362000107765
NUP133_RNA,0.06226358190178871
RPLP1_RNA,0.06225888058543205
GPR162_RNA,0.06216312199831009
BPTF_RNA,0.06216147169470787
NCAPD3_RNA,0.06213625147938728
BPNT1_RNA,0.06212587654590607
SUPV3L1_RNA,0.06211244314908981
ADIPOR1_RNA,0.06207713857293129
EDN2_RNA,0.0620746947824955
PNP_RNA,0.06203564256429672
CGB7_RNA,0.062021754682064056
CXCR1_RNA,0.0619988739490509
SDC4_RNA,0.06194009631872177
FARP1_RNA,0.06193181872367859
KLHL36_RNA,0.06190604344010353
KIAA1586_RNA,0.06190459802746773
FERMT3_RNA,0.06182117760181427
NLRP10_RNA,0.061784449964761734
FAM3C_RNA,0.061737433075904846
LEO1_RNA,0.06173031032085419
SGCD_RNA,0.06165584921836853
ZDHHC21_RNA,0.06165355443954468
EXOSC2_RNA,0.061636634171009064
ITIH2_RNA,0.061612751334905624
NRK_RNA,0.061611149460077286
PLXNB3_RNA,0.061607424169778824
KDELR2_RNA,0.061559539288282394
PUM1_RNA,0.061553675681352615
EPHA7_RNA,0.06154600530862808
MSH3_RNA,0.0615120604634285
TMEM126A_RNA,0.061510417610406876
HAUS1_RNA,0.061501070857048035
DNAJC5G_RNA,0.06145940721035004
STIM1_RNA,0.06139660254120827
PFKFB3_RNA,0.061392538249492645
SNRNP35_RNA,0.061375170946121216
COQ5_RNA,0.06128109246492386
SLC35F2_RNA,0.061255693435668945
VDAC3_RNA,0.061202988028526306
RAB5C_RNA,0.061201419681310654
LCP1_RNA,0.06119174882769585
KCNK18_RNA,0.061179980635643005
SNORD115-17_RNA,0.06115695834159851
EXOC4_RNA,0.061147838830947876
SARM1_RNA,0.061132773756980896
CDC23_RNA,0.061132293194532394
ELAVL4_RNA,0.0611320436000824
WDR37_RNA,0.06110725924372673
HMOX2_RNA,0.06105484440922737
RIF1_RNA,0.061028871685266495
GPX2_RNA,0.06102260202169418
THYN1_RNA,0.06099361553788185
PARK7_RNA,0.0609707310795784
SCAND3_RNA,0.060946568846702576
C10orf88_RNA,0.06094319745898247
FEZ1_RNA,0.06090700626373291
RASSF5_RNA,0.060869015753269196
FCHO1_RNA,0.060856789350509644
GP5_RNA,0.06084753945469856
UTRN_RNA,0.06083952635526657
MLH3_RNA,0.06083934009075165
BOD1_RNA,0.06082312390208244
ZNF616_RNA,0.060770101845264435
VSIG10L_RNA,0.06076464802026749
MAP7D1_RNA,0.060715239495038986
ZNF473_RNA,0.06070290878415108
MFSD10_RNA,0.0606992207467556
ADAM29_RNA,0.06067351624369621
RXFP3_RNA,0.06064256280660629
ZNF253_RNA,0.06064051389694214
TBC1D23_RNA,0.060637958347797394
USF1_RNA,0.06062459573149681
RASGEF1A_RNA,0.06061382219195366
UGCG_RNA,0.06059185788035393
ZNF239_RNA,0.06058100610971451
MIR331_RNA,0.06056779623031616
SYNGR2_RNA,0.06056724861264229
CREB5_RNA,0.06056556850671768
GJC2_RNA,0.0605623722076416
CSNK2A1_RNA,0.060545843094587326
TOMM20L_RNA,0.06049611046910286
SLC2A7_RNA,0.06045505404472351
NFIL3_RNA,0.060444701462984085
ALG3_RNA,0.06043979153037071
ALOX15B_RNA,0.060429614037275314
HIRA_RNA,0.06036098673939705
MCM3AP_RNA,0.060358550399541855
NPR2_RNA,0.06034843996167183
NFKBIA_RNA,0.06031428277492523
ZSWIM5_RNA,0.0603010356426239
KCTD10_RNA,0.0602848082780838
KCTD5_RNA,0.060262102633714676
OXR1_RNA,0.06019517779350281
LRRC42_RNA,0.060188762843608856
GPR45_RNA,0.06018286570906639
SNORD114-20_RNA,0.060178060084581375
GHDC_RNA,0.0601501539349556
MMP1_RNA,0.06009511277079582
RPL26_RNA,0.060089219361543655
ABCC10_RNA,0.060086362063884735
ARMC5_RNA,0.06005861237645149
CDS2_RNA,0.06004184111952782
RALB_RNA,0.06003274396061897
SHQ1_RNA,0.06002945452928543
MEFV_RNA,0.059993576258420944
SERPINB6_RNA,0.05998605862259865
ATG9A_RNA,0.05995340645313263
BTBD1_RNA,0.05994875729084015
ZNF329_RNA,0.05993908643722534
ZNF853_RNA,0.059917550534009933
HOXC9_RNA,0.05991295352578163
GPR180_RNA,0.05989448353648186
MAK16_RNA,0.05987492576241493
ME2_RNA,0.05986418575048447
IRF1_RNA,0.059837449342012405
FGFR3_RNA,0.059832047671079636
GRPEL2_RNA,0.05981980264186859
TMX3_RNA,0.05977797135710716
CDC123_RNA,0.0597769059240818
ADIPOQ_RNA,0.0597536563873291
FEV_RNA,0.05975352227687836
LRRC14_RNA,0.05964057520031929
TTC13_RNA,0.05959241837263107
C9_RNA,0.05958541855216026
IGSF3_RNA,0.05957651883363724
MIR485_RNA,0.0595724992454052
SYNJ2BP_RNA,0.05956445261836052
HMHB1_RNA,0.05950162187218666
BTBD17_RNA,0.059419553726911545
LEPROTL1_RNA,0.05936089903116226
CSNK1G1_RNA,0.05934382975101471
HSD17B11_RNA,0.059314925223588943
SIGMAR1_RNA,0.05929940193891525
PCDHGA5_RNA,0.059297237545251846
CCDC88A_RNA,0.05928913131356239
CCIN_RNA,0.059267785400152206
TTC21B_RNA,0.05923749879002571
PDXK_RNA,0.05922664701938629
PFKL_RNA,0.05920878052711487
DSG1_RNA,0.0591876395046711
CDH1_RNA,0.05914494767785072
FCF1_RNA,0.0591416172683239
LHFPL4_RNA,0.05910583958029747
METAP1_RNA,0.05909925699234009
FRYL_RNA,0.059086572378873825
DNAH17_RNA,0.05904259905219078
KHSRP_RNA,0.05902494117617607
SLC22A2_RNA,0.059017084538936615
MTA1_RNA,0.05901564657688141
GART_RNA,0.05901191756129265
ZER1_RNA,0.05897833779454231
MRPL30_RNA,0.05888887122273445
ANKRD13D_RNA,0.058870892971754074
ZNF283_RNA,0.058867499232292175
LILRB5_RNA,0.058799706399440765
ZNF583_RNA,0.058786194771528244
CHRDL1_RNA,0.05878608301281929
PPP1R2_RNA,0.05874421074986458
PINK1_RNA,0.05873613804578781
LOC154449_RNA,0.05870838835835457
THG1L_RNA,0.05867593362927437
NT5C_RNA,0.05859406292438507
ANKRD16_RNA,0.05855778604745865
MYL4_RNA,0.05855127424001694
TTC1_RNA,0.058519210666418076
PDE12_RNA,0.05849124863743782
MYL10_RNA,0.0583982914686203
ZSCAN29_RNA,0.05835956335067749
KIAA0408_RNA,0.05831775441765785
DPM2_RNA,0.05830204859375954
APOL5_RNA,0.05827058479189873
SCUBE1_RNA,0.05826263874769211
POLR2B_RNA,0.05826166644692421
ZNF335_RNA,0.058224841952323914
CR1L_RNA,0.05820551514625549
NRF1_RNA,0.05819973349571228
FRMD1_RNA,0.05818920582532883
KRT84_RNA,0.05815938860177994
OBSCN_RNA,0.05813577026128769
ZP1_RNA,0.05812884494662285
ABCB4_RNA,0.05812649428844452
AOC3_RNA,0.058058835566043854
VCPIP1_RNA,0.05803099647164345
RBM22_RNA,0.05797325074672699
VPS13C_RNA,0.057971782982349396
TSPAN13_RNA,0.05791102349758148
RHOB_RNA,0.0578770749270916
PRKACB_RNA,0.057846348732709885
CSPG5_RNA,0.05783580243587494
DCAF5_RNA,0.05779767036437988
ATP8A1_RNA,0.057797159999608994
C1QTNF2_RNA,0.057772960513830185
CLEC1A_RNA,0.05775967612862587
SLC46A2_RNA,0.05775498226284981
SNRPA_RNA,0.05772271007299423
MRPL13_RNA,0.05770368501543999
MXD1_RNA,0.057666778564453125
SORCS1_RNA,0.05763699486851692
MMD_RNA,0.05762386694550514
ZNF609_RNA,0.05755457282066345
API5_RNA,0.0575474351644516
NAPG_RNA,0.05749700218439102
CNNM4_RNA,0.05746129900217056
ZFYVE28_RNA,0.05743579566478729
LCE1C_RNA,0.05741051211953163
TACSTD2_RNA,0.057396300137043
PPM1G_RNA,0.05736562982201576
RTBDN_RNA,0.057337984442710876
TMEM18_RNA,0.05731189250946045
ABLIM1_RNA,0.057249654084444046
CXCR4_RNA,0.05723605677485466
GALNT6_RNA,0.05720555782318115
EIF4E3_RNA,0.0571899339556694
MIP_RNA,0.057120125740766525
SCO2_RNA,0.05707964301109314
GLIPR1_RNA,0.05707721784710884
CREBBP_RNA,0.05706600099802017
URGCP_RNA,0.05703946575522423
DSC2_RNA,0.05701763927936554
TUBGCP3_RNA,0.05699643865227699
BMX_RNA,0.05698269233107567
UNCX_RNA,0.05697766691446304
DICER1_RNA,0.05695419758558273
RASGEF1C_RNA,0.05693143606185913
NUDT19_RNA,0.056923042982816696
CLEC2L_RNA,0.056911904364824295
UBR3_RNA,0.05691082030534744
RABEP2_RNA,0.056894611567258835
PCBD1_RNA,0.056850384920835495
TMEM100_RNA,0.05684911832213402
MRRF_RNA,0.056799016892910004
THAP11_RNA,0.05675095319747925
COMMD9_RNA,0.0567326694726944
WDR17_RNA,0.05671756714582443
POLDIP2_RNA,0.05668896064162254
LRRC7_RNA,0.05666737258434296
FAAH_RNA,0.05659567564725876
SNORD115-15_RNA,0.05658381059765816
KLK10_RNA,0.05658239126205444
UBTD2_RNA,0.05657453462481499
CADM3_RNA,0.056561727076768875
NR2C2_RNA,0.0564972385764122
WIPI1_RNA,0.05648895725607872
SLMAP_RNA,0.05646233633160591
POPDC2_RNA,0.056426845490932465
DRAM1_RNA,0.05640968680381775
GABBR1_RNA,0.05640131235122681
ZNF554_RNA,0.0563918836414814
PDE1B_RNA,0.05638404190540314
PHF13_RNA,0.05636856332421303
NSA2_RNA,0.0562652051448822
CHMP2A_RNA,0.056254319846630096
ENPP6_RNA,0.05623842775821686
LGALS8_RNA,0.05622360110282898
HPN_RNA,0.056218285113573074
IMP3_RNA,0.05621827393770218
HABP2_RNA,0.05618755519390106
TRAPPC3_RNA,0.05614875257015228
DAP3_RNA,0.05611637234687805
CPD_RNA,0.05610340088605881
ACTL6A_RNA,0.05609169974923134
NUP54_RNA,0.05602319911122322
ZNF586_RNA,0.05602128431200981
POLH_RNA,0.055994611233472824
PLP2_RNA,0.055992044508457184
LAMB2_RNA,0.05598245933651924
FFAR3_RNA,0.055953241884708405
DEFB134_RNA,0.05594542995095253
CD300C_RNA,0.05594058334827423
COPG2_RNA,0.05593465641140938
MAPKAPK3_RNA,0.05590672045946121
SNAPIN_RNA,0.055875953286886215
LPCAT4_RNA,0.05585908144712448
CREM_RNA,0.055834848433732986
CCRL2_RNA,0.055771056562662125
CCL13_RNA,0.05575096607208252
OR6B1_RNA,0.05574453994631767
HCFC1_RNA,0.05571926385164261
LIMS1_RNA,0.05568511411547661
LCN6_RNA,0.055665817111730576
MAPK4_RNA,0.05566314607858658
RRP8_RNA,0.05564527213573456
GGH_RNA,0.05564234033226967
ZMYM4_RNA,0.055624958127737045
SGCA_RNA,0.05546821281313896
COPB2_RNA,0.05539277568459511
SLC22A8_RNA,0.055370066314935684
SASH1_RNA,0.05536819249391556
MAFG_RNA,0.05534038692712784
TSEN54_RNA,0.05533488839864731
SAP30L_RNA,0.055263303220272064
PROKR2_RNA,0.05525754392147064
ASCC2_RNA,0.05525536835193634
LMBRD2_RNA,0.0552186444401741
RANBP6_RNA,0.05517922714352608
OGFR_RNA,0.055156346410512924
PLK3_RNA,0.05511234328150749
MYLK2_RNA,0.05508024990558624
APLN_RNA,0.05501183867454529
PPHLN1_RNA,0.055003002285957336
EPB41L1_RNA,0.05498532950878143
NIF3L1_RNA,0.05497229844331741
ELP2_RNA,0.05496208742260933
ELN_RNA,0.05495302379131317
SH3BGRL2_RNA,0.05489872768521309
COL13A1_RNA,0.05489465966820717
ELAVL2_RNA,0.05488890781998634
AK2_RNA,0.05486823245882988
SIRT5_RNA,0.05481647700071335
TRPC3_RNA,0.054789017885923386
SYT1_RNA,0.05477391928434372
EIF1_RNA,0.05471856892108917
IFITM2_RNA,0.05463948845863342
ZNF205_RNA,0.05461497977375984
IFI27L1_RNA,0.054589852690696716
TSSK6_RNA,0.05457508936524391
ZNF491_RNA,0.054536908864974976
MRPL51_RNA,0.054488614201545715
COLEC10_RNA,0.05448802560567856
EPS8L1_RNA,0.054448895156383514
SST_RNA,0.05437641590833664
TBCD_RNA,0.05436546728014946
DAB2IP_RNA,0.054352886974811554
PIK3C2B_RNA,0.05432424694299698
SSRP1_RNA,0.0543232224881649
CADM1_RNA,0.05432230606675148
PIK3R2_RNA,0.054284028708934784
AGPAT1_RNA,0.05418194830417633
DNAJB5_RNA,0.05413713678717613
ZNF184_RNA,0.05405799299478531
ENSA_RNA,0.05405597388744354
MDM2_RNA,0.05404989421367645
C1QL4_RNA,0.054049789905548096
PGBD5_RNA,0.05402303487062454
RBM20_RNA,0.05400104448199272
COL27A1_RNA,0.05396706983447075
ZNF506_RNA,0.053938642144203186
TTLL2_RNA,0.053933437913656235
NIPAL4_RNA,0.05392340198159218
ARMC7_RNA,0.05391218140721321
LMBR1_RNA,0.053902219980955124
MRPS30_RNA,0.05388738960027695
TBC1D9B_RNA,0.05383237823843956
TTC24_RNA,0.053810011595487595
FOXRED2_RNA,0.05377252399921417
TAF8_RNA,0.05373964458703995
CKS2_RNA,0.053647976368665695
MRPL39_RNA,0.05364680290222168
MPP4_RNA,0.05364108085632324
NKX3-1_RNA,0.053638771176338196
IL6_RNA,0.05357671529054642
CLN8_RNA,0.05354098603129387
SHC2_RNA,0.05352391302585602
C12orf75_RNA,0.05348498374223709
SMCP_RNA,0.05348420888185501
BFAR_RNA,0.05344754084944725
ALDH6A1_RNA,0.05342106893658638
AAAS_RNA,0.053381599485874176
ZNF468_RNA,0.05334734171628952
TLE4_RNA,0.05331459268927574
ARF3_RNA,0.0532902367413044
PDIA3_RNA,0.053263574838638306
MIR659_RNA,0.05324636399745941
TLX1NB_RNA,0.05323847755789757
NEK10_RNA,0.0532301589846611
EXOSC7_RNA,0.05319073423743248
PEG10_RNA,0.053133197128772736
CD300LB_RNA,0.05300695449113846
HNRNPAB_RNA,0.053003523498773575
BIK_RNA,0.05300290510058403
MAF1_RNA,0.0529780276119709
MED12_RNA,0.052960000932216644
GLO1_RNA,0.0529361367225647
PDYN_RNA,0.05291510745882988
CEBPD_RNA,0.052905529737472534
RAMP2_RNA,0.05287930369377136
CEND1_RNA,0.052873119711875916
CCNT1_RNA,0.0528593510389328
USP4_RNA,0.052832942456007004
YARS2_RNA,0.052826665341854095
METTL9_RNA,0.05280627682805061
KRT3_RNA,0.05280187353491783
ABCE1_RNA,0.05276459828019142
PCDHGA2_RNA,0.052739012986421585
FBXO2_RNA,0.05268290638923645
SNORD115-12_RNA,0.05266863480210304
TRIM58_RNA,0.05264721065759659
TMEM145_RNA,0.05262334272265434
GCKR_RNA,0.052622757852077484
MBNL3_RNA,0.052613675594329834
CASP5_RNA,0.05258065462112427
HRK_RNA,0.05257216840982437
P4HTM_RNA,0.052563056349754333
NT5DC3_RNA,0.05250631272792816
SIAH3_RNA,0.05244209244847298
PRDX3_RNA,0.05244124308228493
PEX19_RNA,0.052364565432071686
MGAM_RNA,0.05234387516975403
IL6ST_RNA,0.05233437195420265
RBM44_RNA,0.052264198660850525
FLYWCH2_RNA,0.05224258080124855
SEC14L5_RNA,0.05217280238866806
UGT2B15_RNA,0.05213314667344093
MMP12_RNA,0.05209754779934883
RND3_RNA,0.052047137171030045
HES5_RNA,0.05203961208462715
FIP1L1_RNA,0.05203735828399658
PLEKHG1_RNA,0.0520334355533123
SLC48A1_RNA,0.05203283578157425
DNAJB11_RNA,0.05186393857002258
N4BP2_RNA,0.05184714123606682
WBP2NL_RNA,0.05183752626180649
PPAT_RNA,0.05182897672057152
PRPSAP2_RNA,0.0517289862036705
ERBB4_RNA,0.05169559270143509
PRSS48_RNA,0.05163903161883354
CHAT_RNA,0.051618341356515884
C17orf58_RNA,0.051595766097307205
SLC25A42_RNA,0.05154785141348839
NUSAP1_RNA,0.051536478102207184
MTFR1_RNA,0.05153337121009827
KLHL12_RNA,0.0515262708067894
PPT2_RNA,0.05151563137769699
UBE3B_RNA,0.05148592218756676
RNF125_RNA,0.051485326141119
CTSA_RNA,0.05148465186357498
ZNF277_RNA,0.05147518590092659
LSM1_RNA,0.05132581666111946
GPAA1_RNA,0.051296111196279526
PLCXD2_RNA,0.05122711881995201
SMAD7_RNA,0.05122317746281624
MON2_RNA,0.051218148320913315
PPP1R14A_RNA,0.05119354650378227
PARP2_RNA,0.05117024481296539
GCM2_RNA,0.05113331973552704
RGS1_RNA,0.051112331449985504
ZNF202_RNA,0.051099784672260284
GPR182_RNA,0.051081061363220215
SPAG7_RNA,0.05106977000832558
C19orf47_RNA,0.05105002969503403
GBA2_RNA,0.05103541538119316
CLEC16A_RNA,0.05100244656205177
DKK2_RNA,0.050983767956495285
CLCN2_RNA,0.05097624287009239
UAP1_RNA,0.05095722898840904
NDRG3_RNA,0.05094718560576439
DEFB135_RNA,0.05089593678712845
A4GNT_RNA,0.05087970197200775
CCL2_RNA,0.05087032541632652
NKRF_RNA,0.050822366029024124
MYH4_RNA,0.050814189016819
RDH10_RNA,0.050811249762773514
ITFG1_RNA,0.05079135671257973
LHX5_RNA,0.050764720886945724
RAF1_RNA,0.0506468303501606
OSBPL6_RNA,0.05058146268129349
GRB14_RNA,0.050570279359817505
VEZF1_RNA,0.050506241619586945
GTF2H3_RNA,0.05049920082092285
PPP1R12C_RNA,0.05049145221710205
PKD2L1_RNA,0.050461187958717346
GFRA2_RNA,0.05043378099799156
SLC5A4_RNA,0.050343550741672516
MIR744_RNA,0.050334494560956955
MED18_RNA,0.050307776778936386
ISCA2_RNA,0.05024111270904541
VPS8_RNA,0.05020999535918236
MAP3K8_RNA,0.050192441791296005
GSPT1_RNA,0.05017497017979622
FETUB_RNA,0.05015181005001068
BLVRB_RNA,0.0501340888440609
KIF7_RNA,0.050131045281887054
ARFGAP1_RNA,0.05012860149145126
RBM33_RNA,0.05010189861059189
HS3ST1_RNA,0.050077736377716064
TBC1D22A_RNA,0.05003029853105545
SUSD4_RNA,0.0499701164662838
SNORD115-35_RNA,0.04992290586233139
AMPH_RNA,0.049922067672014236
GPR148_RNA,0.049883533269166946
ITK_RNA,0.049874257296323776
CCDC51_RNA,0.04986433684825897
KIF19_RNA,0.04985906928777695
MAP3K12_RNA,0.04985553398728371
ATG5_RNA,0.04984232038259506
RAB10_RNA,0.04981870949268341
PM20D1_RNA,0.049799006432294846
GABRA3_RNA,0.049763988703489304
PADI2_RNA,0.049753233790397644
HMMR_RNA,0.04973585158586502
EIF3H_RNA,0.049719616770744324
LDHAL6A_RNA,0.04971373826265335
SCARNA20_RNA,0.049713220447301865
BARHL1_RNA,0.04970270395278931
CGNL1_RNA,0.04968910664319992
ALPK2_RNA,0.04966394230723381
COMMD7_RNA,0.0496562160551548
HAP1_RNA,0.04960296303033829
MALAT1_RNA,0.049601390957832336
SLC4A1AP_RNA,0.049589090049266815
HRC_RNA,0.04958605021238327
WIF1_RNA,0.04957512393593788
SNORD115-6_RNA,0.04956335946917534
EHBP1_RNA,0.04952416568994522
TIMM17A_RNA,0.04949343949556351
RAB6A_RNA,0.04936690628528595
TRPV4_RNA,0.049343839287757874
DGKD_RNA,0.049323245882987976
FAM20A_RNA,0.04931412637233734
E2F8_RNA,0.04931151866912842
RPS6KA3_RNA,0.04929611086845398
WDR13_RNA,0.049265068024396896
NPLOC4_RNA,0.04923238977789879
FAM89A_RNA,0.04920883849263191
ZNF98_RNA,0.04919334873557091
MIR409_RNA,0.04909806698560715
ILF3_RNA,0.049094293266534805
PLA1A_RNA,0.04907422140240669
SUMF2_RNA,0.04906393215060234
FZD4_RNA,0.04902704432606697
DCAF13_RNA,0.04902248457074165
PSTPIP2_RNA,0.04901150241494179
ZFR_RNA,0.04901130497455597
MID2_RNA,0.04900559037923813
NAA30_RNA,0.04899370297789574
ADAMTS8_RNA,0.04894086718559265
SLC38A8_RNA,0.048899587243795395
ASAH2_RNA,0.04889698699116707
STARD13_RNA,0.04888144135475159
ZNHIT3_RNA,0.04886807128787041
PLEKHA4_RNA,0.04882129281759262
PINX1_RNA,0.04880720376968384
MTO1_RNA,0.04880620539188385
RCC2_RNA,0.04878195375204086
IGF1R_RNA,0.048757053911685944
MYL12A_RNA,0.04872326925396919
RPE65_RNA,0.04870833829045296
KIAA0232_RNA,0.04867350682616234
UBQLN4_RNA,0.04866950586438179
YY1_RNA,0.048665404319763184
ENPP2_RNA,0.04864732176065445
PLA2G15_RNA,0.04859403148293495
PAICS_RNA,0.048569221049547195
PCSK7_RNA,0.04854678735136986
ANO5_RNA,0.0485374815762043
USP15_RNA,0.04853178188204765
C11orf91_RNA,0.04848962277173996
PAIP1_RNA,0.04847414419054985
KIAA1671_RNA,0.04846116900444031
MITF_RNA,0.048459891229867935
PLEKHA1_RNA,0.04845331609249115
ASB8_RNA,0.048395611345767975
SLC25A20_RNA,0.048365067690610886
NUDCD1_RNA,0.04835265129804611
RELB_RNA,0.048344243317842484
TGS1_RNA,0.04831863194704056
PIK3R4_RNA,0.048309631645679474
OCIAD2_RNA,0.04828554391860962
NRG1_RNA,0.04826876148581505
ZNF420_RNA,0.04826144501566887
PUS7_RNA,0.04826028645038605
ZNF558_RNA,0.04825497046113014
WNT2_RNA,0.048194803297519684
REV1_RNA,0.048176057636737823
RNASEH1_RNA,0.04813484475016594
PLCG1_RNA,0.048104722052812576
SLC39A13_RNA,0.04809427633881569
OPALIN_RNA,0.048015523701906204
MTA3_RNA,0.04799843207001686
HMSD_RNA,0.047995418310165405
PRKD1_RNA,0.04798788204789162
PRPS2_RNA,0.04786580428481102
GNAI2_RNA,0.04779910668730736
RIPK4_RNA,0.04779471829533577
CHCHD1_RNA,0.04776311293244362
USP30_RNA,0.047748468816280365
ZBTB39_RNA,0.04773757606744766
PCNA_RNA,0.047581590712070465
STK4_RNA,0.0475027859210968
ARPC5L_RNA,0.04750097170472145
CUL9_RNA,0.04749258980154991
DHX36_RNA,0.047435060143470764
MFSD9_RNA,0.047421324998140335
DAXX_RNA,0.047409504652023315
STAMBP_RNA,0.04740618169307709
PWWP2A_RNA,0.04740501567721367
PTPRK_RNA,0.04735720157623291
MIR503_RNA,0.04735361039638519
ARL5C_RNA,0.04734249413013458
FOXI1_RNA,0.04732806235551834
IL10RA_RNA,0.047326892614364624
NPHS1_RNA,0.04732527583837509
ID3_RNA,0.04728865623474121
LRIG1_RNA,0.047275323420763016
ARHGAP18_RNA,0.047249212861061096
STARD10_RNA,0.047182947397232056
TEX13B_RNA,0.04717269167304039
IER2_RNA,0.047151170670986176
TST_RNA,0.04710463434457779
RPP30_RNA,0.0470910519361496
CHI3L2_RNA,0.047079987823963165
CDK8_RNA,0.0470784567296505
MRPL22_RNA,0.047045741230249405
TEX264_RNA,0.0470205619931221
C6orf136_RNA,0.04700349643826485
TRADD_RNA,0.04699532315135002
SF3A1_RNA,0.04696522280573845
CLRN1_RNA,0.046960584819316864
STX12_RNA,0.04694788530468941
TMEM120A_RNA,0.046928275376558304
DDX4_RNA,0.0469249002635479
DCTN4_RNA,0.04691825807094574
PPP1R7_RNA,0.04691607877612114
LAGE3_RNA,0.046850718557834625
TATDN3_RNA,0.04684459790587425
ZNF266_RNA,0.046826060861349106
PCYT2_RNA,0.04682109132409096
ABHD14A_RNA,0.046799834817647934
MAB21L1_RNA,0.04677990823984146
ANAPC5_RNA,0.04665784537792206
ZNF624_RNA,0.046651873737573624
FBXL20_RNA,0.04664038121700287
TCF25_RNA,0.046616557985544205
ACOT4_RNA,0.0465475469827652
TBX1_RNA,0.04641691595315933
ZNF132_RNA,0.04641108587384224
CHODL_RNA,0.04638887569308281
CA5A_RNA,0.04636364430189133
MAP2K3_RNA,0.04631521925330162
SHOC2_RNA,0.04630861431360245
KRT81_RNA,0.04630720615386963
PSMD7_RNA,0.04629448428750038
CXCL6_RNA,0.046248335391283035
ANKRD13B_RNA,0.04624208062887192
ZNF775_RNA,0.046216245740652084
AATF_RNA,0.046211641281843185
OR3A1_RNA,0.046176809817552567
CNTFR_RNA,0.046143580228090286
SENP6_RNA,0.04613209515810013
SLC22A25_RNA,0.046116091310977936
SOAT2_RNA,0.046097829937934875
TMEM170B_RNA,0.0460883229970932
CYP27C1_RNA,0.046083953231573105
S100A12_RNA,0.046072810888290405
NOL3_RNA,0.046030666679143906
SCML4_RNA,0.046024974435567856
CCR7_RNA,0.045983247458934784
MIR382_RNA,0.04595744609832764
PDGFB_RNA,0.04593827202916145
SLC35E1_RNA,0.04591875523328781
ZSCAN23_RNA,0.04590030759572983
NKAPL_RNA,0.045895226299762726
OSBP_RNA,0.045882001519203186
CUL2_RNA,0.04583941400051117
ARPP19_RNA,0.045803993940353394
TSPAN31_RNA,0.04579409211874008
PRIM1_RNA,0.04575510695576668
GPR62_RNA,0.04574044421315193
TRA2B_RNA,0.045733943581581116
SDHA_RNA,0.045730140060186386
LYSMD1_RNA,0.045711271464824677
NKPD1_RNA,0.04567362740635872
USP7_RNA,0.04565685614943504
SORCS2_RNA,0.04563338682055473
TRMU_RNA,0.04563266783952713
PCDHB16_RNA,0.045618847012519836
PPEF2_RNA,0.045578598976135254
NADSYN1_RNA,0.04557298123836517
TRAF3IP2_RNA,0.04556112736463547
PSMG2_RNA,0.04555078595876694
ZNF431_RNA,0.045536406338214874
MKKS_RNA,0.045514676719903946
IL20RB_RNA,0.04550497978925705
NSMCE2_RNA,0.045488372445106506
MIR541_RNA,0.04545239359140396
PGP_RNA,0.04543859511613846
FANCA_RNA,0.045418813824653625
PSMD6_RNA,0.045387111604213715
SRPK1_RNA,0.04538126289844513
C1S_RNA,0.04537468031048775
SERPINF1_RNA,0.04537150263786316
AZI2_RNA,0.0453583188354969
CPM_RNA,0.04525163024663925
VPS13D_RNA,0.04522964358329773
ENTHD1_RNA,0.04519689083099365
GRPR_RNA,0.045178499072790146
U2AF2_RNA,0.04517749696969986
CEACAM21_RNA,0.04516210779547691
HIF1AN_RNA,0.04502369835972786
PPARA_RNA,0.04495713859796524
MYH8_RNA,0.04494738206267357
DDX54_RNA,0.04493032023310661
POR_RNA,0.04486013203859329
ZNF585B_RNA,0.04483720660209656
CIC_RNA,0.04482680931687355
NCKIPSD_RNA,0.04479287937283516
NDEL1_RNA,0.04479041323065758
S100A8_RNA,0.04475374519824982
PQBP1_RNA,0.04472017660737038
DMC1_RNA,0.044703755527734756
SNORD115-23_RNA,0.04468175396323204
KLHDC8A_RNA,0.04467396438121796
POLR3H_RNA,0.04456746205687523
ADRA2C_RNA,0.04456077888607979
KCTD2_RNA,0.04453999176621437
ACTR5_RNA,0.04453684762120247
PPP3R1_RNA,0.04453520104289055
RAET1L_RNA,0.044531870633363724
UCK1_RNA,0.04448338970541954
AMN1_RNA,0.0444314144551754
WASF3_RNA,0.04439447075128555
EPS8_RNA,0.044384803622961044
SYMPK_RNA,0.044380057603120804
CLASP2_RNA,0.04429583624005318
EIF3A_RNA,0.04426489770412445
NARS2_RNA,0.04424232617020607
BUD31_RNA,0.04423755407333374
CMIP_RNA,0.04418005049228668
CAB39_RNA,0.04415449500083923
ZNF195_RNA,0.04410529509186745
LARP4B_RNA,0.04409358277916908
RXRB_RNA,0.044082026928663254
COPB1_RNA,0.04406071826815605
TREML2_RNA,0.044042639434337616
LSM3_RNA,0.0439256876707077
CNTN2_RNA,0.043921951204538345
ANKS4B_RNA,0.043906137347221375
MAGI1_RNA,0.043903645128011703
RAB27B_RNA,0.04390271008014679
NMB_RNA,0.04389766603708267
SFXN5_RNA,0.04387287050485611
TAS2R1_RNA,0.04387085884809494
BTN2A1_RNA,0.04384372755885124
PSPC1_RNA,0.04381740465760231
ZNF324_RNA,0.04379784315824509
ARHGDIB_RNA,0.04378809407353401
GTPBP3_RNA,0.04376225546002388
RRAGB_RNA,0.04375825822353363
GPNMB_RNA,0.04373950883746147
LY9_RNA,0.043737854808568954
IL27_RNA,0.04373776912689209
RAB42_RNA,0.043657995760440826
TMEM223_RNA,0.043657686561346054
PCM1_RNA,0.043585535138845444
CCL25_RNA,0.043577201664447784
CPEB3_RNA,0.043557312339544296
LIN9_RNA,0.04351039230823517
ZNF527_RNA,0.043495021760463715
ZNF34_RNA,0.043456122279167175
MIR210_RNA,0.043426912277936935
SLC26A5_RNA,0.04338612034916878
ZNF641_RNA,0.043352942913770676
FFAR2_RNA,0.04332843795418739
SYCP1_RNA,0.04324796795845032
SUMO3_RNA,0.043229326605796814
MPI_RNA,0.04319755733013153
DCAF6_RNA,0.04318257421255112
UTP14A_RNA,0.04314737766981125
OCLN_RNA,0.043142881244421005
NFAT5_RNA,0.04309436306357384
SPRR2D_RNA,0.04304644092917442
FTH1_RNA,0.043011583387851715
HSP90AB2P_RNA,0.04299004003405571
SLC25A33_RNA,0.04295719042420387
METTL1_RNA,0.04293837398290634
ART5_RNA,0.04289170354604721
HDHD3_RNA,0.042890023440122604
EGR3_RNA,0.04285179451107979
POLL_RNA,0.042835406959056854
RUNDC3B_RNA,0.04277987405657768
FBXW4_RNA,0.04275429993867874
MAML1_RNA,0.0427018366754055
AGPAT2_RNA,0.04268421605229378
ATP13A4_RNA,0.04267479479312897
SIRPG_RNA,0.04265408217906952
VPS53_RNA,0.04261304810643196
DOK7_RNA,0.042583588510751724
DHDDS_RNA,0.042576730251312256
RDH8_RNA,0.04257328435778618
RGS12_RNA,0.04256293550133705
RALGPS1_RNA,0.042557694017887115
HINFP_RNA,0.04241711646318436
NECAB1_RNA,0.042409367859363556
ZZEF1_RNA,0.04240378364920616
TRABD_RNA,0.04236791282892227
GNPTAB_RNA,0.04236343502998352
SYNJ1_RNA,0.04235006868839264
NDUFS2_RNA,0.042300641536712646
KDM3B_RNA,0.04229239001870155
VTI1A_RNA,0.04227874055504799
SRPK2_RNA,0.042254574596881866
TPT1_RNA,0.04224727675318718
ALDH8A1_RNA,0.042227763682603836
PCLO_RNA,0.042227476835250854
ZDHHC24_RNA,0.04222198575735092
PLEKHG3_RNA,0.04220946133136749
MRM1_RNA,0.04219977185130119
FLG_RNA,0.04215389862656593
MTHFR_RNA,0.042126961052417755
ZNF136_RNA,0.042116109281778336
ZNF708_RNA,0.04210026189684868
NXPH3_RNA,0.04207807034254074
TYK2_RNA,0.04203476011753082
TGM4_RNA,0.04203296825289726
BTBD8_RNA,0.04202863946557045
IPO9_RNA,0.04202047735452652
ZP2_RNA,0.04201314598321915
INTS12_RNA,0.04200281947851181
NCKAP5L_RNA,0.04199180752038956
SBK2_RNA,0.04198358207941055
LSS_RNA,0.04197430983185768
C6orf15_RNA,0.04196248948574066
SCGN_RNA,0.04190346971154213
OSMR_RNA,0.041861798614263535
KDM5A_RNA,0.04181802272796631
ZNF17_RNA,0.04179704561829567
SNORD88A_RNA,0.04174705594778061
TMEM33_RNA,0.0417245514690876
OR1J4_RNA,0.04172195866703987
SPAG4_RNA,0.041666656732559204
RAB14_RNA,0.04161994159221649
MAGEE1_RNA,0.041616737842559814
HSF1_RNA,0.041584499180316925
BRCA2_RNA,0.04157966002821922
ZNF492_RNA,0.041542086750268936
GMFG_RNA,0.04151735082268715
ADH5_RNA,0.04145903140306473
TAC1_RNA,0.041455354541540146
STARD5_RNA,0.041412919759750366
MMP13_RNA,0.04138815030455589
ATP1A3_RNA,0.04138077050447464
PCSK2_RNA,0.04137507081031799
ZNF764_RNA,0.04136885330080986
RABIF_RNA,0.04135378077626228
SNORD1B_RNA,0.04135112091898918
TMEM44_RNA,0.04133026674389839
SLC22A13_RNA,0.04131874442100525
TAF9_RNA,0.04131098836660385
ZNF784_RNA,0.041283491998910904
MIR589_RNA,0.041276250034570694
COL22A1_RNA,0.04126877710223198
MRPL20_RNA,0.04121292755007744
KNG1_RNA,0.04118970036506653
SLK_RNA,0.04118466377258301
MCPH1_RNA,0.04115994647145271
MUSTN1_RNA,0.041142188012599945
TMEM25_RNA,0.0410911962389946
COX18_RNA,0.04108797758817673
SLC6A12_RNA,0.04105718061327934
GPRC5C_RNA,0.041042767465114594
TMEM150B_RNA,0.04104020074009895
SEL1L2_RNA,0.04103681072592735
LRSAM1_RNA,0.04101834073662758
DSC3_RNA,0.04098832607269287
UBXN8_RNA,0.04096991941332817
MBTPS2_RNA,0.040967680513858795
MYOD1_RNA,0.04096568003296852
TOR3A_RNA,0.04095615819096565
SDS_RNA,0.04095403477549553
THEMIS_RNA,0.04094044119119644
ZNF687_RNA,0.04084385186433792
MSC_RNA,0.04083985090255737
ZNF395_RNA,0.040804650634527206
SLC25A24_RNA,0.04079648107290268
C14orf180_RNA,0.04074357822537422
PLCL1_RNA,0.040724411606788635
MIR154_RNA,0.040710415691137314
P2RY6_RNA,0.0407082624733448
ZNF549_RNA,0.040688060224056244
ATXN3_RNA,0.040650151669979095
UBXN2A_RNA,0.0405871756374836
PKD1L1_RNA,0.040584392845630646
COPZ1_RNA,0.04054022580385208
ZNF652_RNA,0.04052836820483208
ARHGEF15_RNA,0.040513381361961365
MRPL24_RNA,0.0404997318983078
PCDHB12_RNA,0.04048360884189606
CASP3_RNA,0.0404413677752018
SEC22A_RNA,0.04042016714811325
SLC39A10_RNA,0.04040661081671715
ABCF3_RNA,0.04036519676446915
SURF6_RNA,0.04018471762537956
SNORD9_RNA,0.04016795754432678
KLHL3_RNA,0.04008843004703522
NHLRC4_RNA,0.0400736927986145
SLC6A1_RNA,0.04006290063261986
ETV7_RNA,0.04005409777164459
MED23_RNA,0.04002576321363449
TMEM208_RNA,0.040022436529397964
ARHGAP29_RNA,0.03999556228518486
RBMS2_RNA,0.039934005588293076
CCL16_RNA,0.039827343076467514
ADAMTS5_RNA,0.03982600197196007
VPS28_RNA,0.03982459381222725
IL1R2_RNA,0.03977291285991669
ERC1_RNA,0.039772871881723404
NDUFAF1_RNA,0.03977080434560776
EXOSC9_RNA,0.03975490480661392
RABGGTB_RNA,0.03972330689430237
NDUFC1_RNA,0.03969285637140274
BCL10_RNA,0.039685945957899094
TRIP10_RNA,0.03964470699429512
MOCS3_RNA,0.03963582217693329
PRRX2_RNA,0.039487436413764954
WWC3_RNA,0.039471663534641266
ANAPC7_RNA,0.0394103080034256
MED19_RNA,0.03936661407351494
GPR149_RNA,0.03935038670897484
SNORD114-16_RNA,0.03931189700961113
USP10_RNA,0.03930837661027908
ENTPD5_RNA,0.03929618373513222
TMC6_RNA,0.039290882647037506
LZIC_RNA,0.0392240546643734
PRKCH_RNA,0.03921554610133171
TECR_RNA,0.03920644149184227
SAP30_RNA,0.03920132666826248
CNPY3_RNA,0.03917940333485603
MED1_RNA,0.039100222289562225
TRHR_RNA,0.039083994925022125
PSME3_RNA,0.03907805681228638
DNAJC8_RNA,0.03907538205385208
ADAM33_RNA,0.039068613201379776
ATP8B2_RNA,0.03901505842804909
C8orf58_RNA,0.03900694102048874
ZGPAT_RNA,0.038990385830402374
PIP5K1A_RNA,0.03898504003882408
ZKSCAN3_RNA,0.03897954896092415
KHNYN_RNA,0.03897758200764656
CRCP_RNA,0.03891688585281372
EIF4EBP2_RNA,0.03891517594456673
ZNF208_RNA,0.038835637271404266
CCNK_RNA,0.03880901262164116
ECH1_RNA,0.038800496608018875
ZBTB43_RNA,0.03878144547343254
RARB_RNA,0.03876595199108124
MSH6_RNA,0.038756363093853
HNRNPK_RNA,0.0387425422668457
GPR68_RNA,0.038713499903678894
CST3_RNA,0.03863469138741493
CD81_RNA,0.038608450442552567
CXXC5_RNA,0.038606539368629456
RSPO2_RNA,0.03858312964439392
DMXL1_RNA,0.03858078271150589
LRRC15_RNA,0.03852430731058121
PPP1CC_RNA,0.03852056711912155
CDC7_RNA,0.03850546106696129
CRHR1_RNA,0.03843502327799797
ZNF211_RNA,0.03843364119529724
CCL7_RNA,0.03840354084968567
PTGDS_RNA,0.038401685655117035
ARL6_RNA,0.03838902711868286
MAN1C1_RNA,0.03836720809340477
SLC20A2_RNA,0.03833422809839249
PARD6G_RNA,0.038287047296762466
CATSPER1_RNA,0.03823735564947128
ESPN_RNA,0.038207683712244034
HMGB4_RNA,0.03811565414071083
POPDC3_RNA,0.038096122443675995
CRH_RNA,0.03808385133743286
NAA25_RNA,0.038037728518247604
TAS2R42_RNA,0.038036659359931946
CDAN1_RNA,0.038013335317373276
SNORD37_RNA,0.03798622637987137
ANXA11_RNA,0.03796187415719032
ZNF470_RNA,0.037956081330776215
ZNF607_RNA,0.037940315902233124
GTF2E1_RNA,0.037905290722846985
PCDHGB2_RNA,0.03789865970611572
KCNH2_RNA,0.037881750613451004
NARF_RNA,0.03788088262081146
PRDM15_RNA,0.03788032382726669
GAK_RNA,0.03786546736955643
KCNH1_RNA,0.03783441334962845
OR1F1_RNA,0.03782209753990173
AK5_RNA,0.03780294582247734
IPCEF1_RNA,0.03777642920613289
PHF21A_RNA,0.037733834236860275
FYTTD1_RNA,0.03767707198858261
MAPRE1_RNA,0.03767643868923187
TMEM127_RNA,0.03760799393057823
PLAA_RNA,0.03760121762752533
STAT5A_RNA,0.03751742094755173
ZMAT2_RNA,0.037491440773010254
ARIH2_RNA,0.03748869523406029
CSNK2A2_RNA,0.03747757524251938
FRMPD4_RNA,0.037387341260910034
RBBP4_RNA,0.03735151141881943
USP46_RNA,0.037336189299821854
FAM120A_RNA,0.03733062744140625
ERAL1_RNA,0.03732890263199806
PDE8A_RNA,0.03729907423257828
RNF40_RNA,0.03727328032255173
SPINT1_RNA,0.03724221512675285
MRPS27_RNA,0.03723825886845589
COMMD6_RNA,0.0372161827981472
MYOZ2_RNA,0.03719732165336609
ERGIC2_RNA,0.037192415446043015
BAHCC1_RNA,0.03715606406331062
WNT11_RNA,0.03712254762649536
DKK1_RNA,0.03710770979523659
MIR410_RNA,0.03710721805691719
MMAB_RNA,0.037090200930833817
TMEM132C_RNA,0.03704967722296715
CECR2_RNA,0.03700992092490196
SLC22A18AS_RNA,0.037005599588155746
ZNF620_RNA,0.037001121789216995
C7_RNA,0.03699060529470444
CDC42BPA_RNA,0.03697948530316353
SNORD109B_RNA,0.036972228437662125
FBXO42_RNA,0.03688185662031174
SLC18A2_RNA,0.036872681230306625
HS3ST3B1_RNA,0.03685649111866951
GM2A_RNA,0.036845605820417404
SUDS3_RNA,0.036823004484176636
C1orf185_RNA,0.03680645301938057
AGPAT5_RNA,0.036775365471839905
MIR380_RNA,0.036773648113012314
CCDC61_RNA,0.036768168210983276
MPPED2_RNA,0.036747004836797714
PKN3_RNA,0.03672739118337631
MIR320C1_RNA,0.036713071167469025
SHROOM3_RNA,0.03666849061846733
EREG_RNA,0.03666263446211815
SIGLEC7_RNA,0.03659357130527496
TBC1D7_RNA,0.03654560446739197
MCCC1_RNA,0.03652700036764145
LSM14B_RNA,0.036508627235889435
ARAF_RNA,0.036495041102170944
GTF2I_RNA,0.036480799317359924
DKK3_RNA,0.03647361323237419
CCL11_RNA,0.03646731749176979
IL1R1_RNA,0.03643213212490082
QRFP_RNA,0.036380648612976074
FKBP5_RNA,0.03637536242604256
C5AR1_RNA,0.036319177597761154
PART1_RNA,0.0362752340734005
SEC24B_RNA,0.03625532239675522
BUD13_RNA,0.036247484385967255
ZNF451_RNA,0.03623443841934204
HPS3_RNA,0.036202505230903625
ZW10_RNA,0.0361924022436142
AIFM3_RNA,0.03618767485022545
TSC2_RNA,0.0361173078417778
CIRBP_RNA,0.036094292998313904
VAPB_RNA,0.03608299046754837
DGUOK_RNA,0.036072809249162674
RBMX2_RNA,0.03605424612760544
SNRPF_RNA,0.03592434152960777
ZNF773_RNA,0.03589347377419472
FBLN1_RNA,0.03587925061583519
PLEKHO2_RNA,0.03585438057780266
EBF4_RNA,0.0358293391764164
TGFBR1_RNA,0.035803768783807755
CNOT10_RNA,0.035783667117357254
CHRNA2_RNA,0.035770535469055176
TM7SF3_RNA,0.03576748073101044
SRGAP1_RNA,0.035753101110458374
PITPNB_RNA,0.03573887050151825
ZNF560_RNA,0.03572281077504158
NLRP6_RNA,0.03570038080215454
CEP135_RNA,0.03563052415847778
NAA50_RNA,0.03562970086932182
GP9_RNA,0.03559431433677673
KIAA1143_RNA,0.03558041527867317
EPN1_RNA,0.03557703644037247
KATNA1_RNA,0.03557384014129639
ZNF625_RNA,0.035564735531806946
TSPYL4_RNA,0.03552345931529999
NMRAL1_RNA,0.0355149507522583
RAB11FIP4_RNA,0.03550069406628609
TADA3_RNA,0.03548821806907654
SP6_RNA,0.03547174483537674
ZNF791_RNA,0.03547073155641556
ESR2_RNA,0.03545897826552391
BCR_RNA,0.03541477397084236
ARHGAP21_RNA,0.03540894389152527
SMAD4_RNA,0.035377416759729385
RB1_RNA,0.03536871820688248
C5orf46_RNA,0.035341713577508926
NUP214_RNA,0.03534020110964775
KANK3_RNA,0.03532009571790695
ALKBH5_RNA,0.035303253680467606
DBH_RNA,0.03529956191778183
DHX32_RNA,0.035277217626571655
EDEM3_RNA,0.035234205424785614
RIPPLY2_RNA,0.03520190343260765
ABR_RNA,0.0352010652422905
ZNF160_RNA,0.035199765115976334
CD52_RNA,0.03517022356390953
CXCL11_RNA,0.035157542675733566
FRS3_RNA,0.03515736758708954
ZNF32_RNA,0.03513915464282036
XKR5_RNA,0.03511326014995575
CYP1B1_RNA,0.035100795328617096
CCL22_RNA,0.03509644791483879
TMOD3_RNA,0.035089101642370224
CISD2_RNA,0.03507663682103157
HSCB_RNA,0.035035502165555954
SH2D4B_RNA,0.035030171275138855
PI4K2A_RNA,0.035022053867578506
OAT_RNA,0.03500976040959358
MS4A4A_RNA,0.03495136275887489
RBP1_RNA,0.03494859114289284
NIP7_RNA,0.034899815917015076
MLF2_RNA,0.034855399280786514
RER1_RNA,0.03482256084680557
MRPL49_RNA,0.03475556895136833
LRCH2_RNA,0.034725289791822433
SCAMP3_RNA,0.03469301760196686
UCKL1_RNA,0.03468155488371849
PIP5KL1_RNA,0.03467625007033348
SSTR2_RNA,0.03467071056365967
VGLL2_RNA,0.034665241837501526
CES2_RNA,0.034654226154088974
SNORA2A_RNA,0.034617483615875244
CXXC1_RNA,0.03460846468806267
GFI1B_RNA,0.034600630402565
PKD2_RNA,0.03458258509635925
MLXIP_RNA,0.03456156328320503
PABPC4_RNA,0.03455919772386551
C22orf39_RNA,0.034535229206085205
AQP5_RNA,0.034521494060754776
TOE1_RNA,0.034449219703674316
NAP1L3_RNA,0.0344308502972126
C1orf50_RNA,0.03442438319325447
MCM8_RNA,0.03441324457526207
TRPC7_RNA,0.03436371311545372
NUDT8_RNA,0.03436361625790596
RWDD1_RNA,0.03435494750738144
CORO7_RNA,0.03431328013539314
WWP2_RNA,0.034295011311769485
CORIN_RNA,0.03429499268531799
KLHDC8B_RNA,0.03427870199084282
RFC4_RNA,0.034243252128362656
NUDT17_RNA,0.0342288464307785
UBE2E1_RNA,0.03422253206372261
SLC38A2_RNA,0.0342198982834816
SLC25A13_RNA,0.03415217250585556
ZNF331_RNA,0.03413825482130051
DCTD_RNA,0.034096118062734604
ERH_RNA,0.03405473008751869
RYBP_RNA,0.03403819352388382
CYB5R3_RNA,0.034030187875032425
USP39_RNA,0.03402768447995186
AQP10_RNA,0.03398170694708824
ARPC5_RNA,0.03394804522395134
APOO_RNA,0.03391993045806885
DDC_RNA,0.03387486934661865
ERLEC1_RNA,0.033854275941848755
TINAG_RNA,0.033837441354990005
BRD2_RNA,0.03381425887346268
EIF1AX_RNA,0.03381115570664406
LASP1_RNA,0.03378117457032204
TRANK1_RNA,0.03377895802259445
MIR30A_RNA,0.03373168408870697
GCM1_RNA,0.03372359275817871
ASB2_RNA,0.03367513790726662
FSTL4_RNA,0.03364524990320206
RNF14_RNA,0.03362611308693886
ENG_RNA,0.0335332527756691
C3orf20_RNA,0.03348303213715553
VPS26B_RNA,0.033481813967227936
SLC35E3_RNA,0.033430539071559906
AGFG1_RNA,0.03343035653233528
PPP3R2_RNA,0.03340940922498703
CYTL1_RNA,0.033361244946718216
RIOK3_RNA,0.03334030508995056
ABHD10_RNA,0.03332562744617462
MSN_RNA,0.033290401101112366
LDB1_RNA,0.033251479268074036
CYCS_RNA,0.0332229807972908
PARM1_RNA,0.03321417048573494
YTHDF3_RNA,0.033210769295692444
CTAG2_RNA,0.03320062533020973
TRIM23_RNA,0.03319952264428139
SLC2A4RG_RNA,0.033150818198919296
PF4V1_RNA,0.033146508038043976
PID1_RNA,0.03309062868356705
ZNF230_RNA,0.03308960050344467
TRIM11_RNA,0.03304559364914894
C16orf90_RNA,0.0329824797809124
ZNF813_RNA,0.03295998275279999
MLNR_RNA,0.03294826298952103
ERCC8_RNA,0.032942887395620346
PEX3_RNA,0.03293856978416443
DAGLA_RNA,0.0329112745821476
IFNAR1_RNA,0.03289910405874252
THRAP3_RNA,0.03287658840417862
FIBCD1_RNA,0.03286055102944374
BCAN_RNA,0.03268851712346077
ART3_RNA,0.03266459330916405
TLX2_RNA,0.03266189992427826
TRIP4_RNA,0.03266160562634468
PCSK6_RNA,0.03262709453701973
MAPKAPK5_RNA,0.032616134732961655
SMPD3_RNA,0.032607533037662506
SLC25A12_RNA,0.03259352222084999
SFN_RNA,0.03253824636340141
CHKA_RNA,0.03252608701586723
CCNG2_RNA,0.03251205384731293
NF1_RNA,0.03246583044528961
C1orf52_RNA,0.03241875395178795
PRPF4_RNA,0.03234010189771652
LYPLA1_RNA,0.032329775393009186
FCRL4_RNA,0.032320551574230194
DOCK11_RNA,0.03230328485369682
IGF2_RNA,0.032290369272232056
SLC25A44_RNA,0.032273128628730774
MED11_RNA,0.03225000947713852
PEX10_RNA,0.03215064853429794
PTCHD1_RNA,0.03213798999786377
DMWD_RNA,0.03211844339966774
FOXE3_RNA,0.03202960640192032
MIR152_RNA,0.032020553946495056
TEAD3_RNA,0.032000165432691574
INTS9_RNA,0.031959958374500275
G0S2_RNA,0.03195754066109657
CACNA2D1_RNA,0.031947847455739975
ZNF57_RNA,0.031941886991262436
PGS1_RNA,0.03185136988759041
LATS1_RNA,0.03185134753584862
PICALM_RNA,0.0318400040268898
NLN_RNA,0.031813863664865494
ATR_RNA,0.031741391867399216
RLIM_RNA,0.03167413920164108
ERCC3_RNA,0.03166883811354637
PACSIN3_RNA,0.031601738184690475
TSNARE1_RNA,0.031562626361846924
RNASE10_RNA,0.03154116868972778
MEMO1_RNA,0.0315210334956646
RABEP1_RNA,0.03149626776576042
MOXD1_RNA,0.03147771582007408
ZNF750_RNA,0.03147496283054352
CTDSPL2_RNA,0.03146841377019882
HARS2_RNA,0.031432051211595535
HERPUD1_RNA,0.031422894448041916
MTR_RNA,0.0314219631254673
ZNF793_RNA,0.031411200761795044
CASKIN2_RNA,0.03141029551625252
SGSH_RNA,0.031391680240631104
SPATS2L_RNA,0.031220562756061554
PPP1R3C_RNA,0.03120250627398491
UBE2D2_RNA,0.031199829652905464
TIPARP_RNA,0.031192326918244362
TELO2_RNA,0.031180914491415024
MYH10_RNA,0.031172018498182297
DBR1_RNA,0.031153453513979912
CTNNBL1_RNA,0.03114369325339794
TLX3_RNA,0.031130580231547356
TRIM14_RNA,0.031114188954234123
MS4A6E_RNA,0.03110872022807598
ZFPM2_RNA,0.031096573919057846
RRP15_RNA,0.031083010137081146
LRRC41_RNA,0.031071150675415993
TMEM39A_RNA,0.03105715662240982
SGCZ_RNA,0.031007545068860054
MAML2_RNA,0.0309290774166584
KDM6A_RNA,0.030922193080186844
PTPN13_RNA,0.03087778389453888
CNTF_RNA,0.03086555190384388
RNF213_RNA,0.03085680864751339
DPH1_RNA,0.03082522749900818
CBX2_RNA,0.030814755707979202
GDF10_RNA,0.030814683064818382
AMACR_RNA,0.030804580077528954
ELAC2_RNA,0.030773499980568886
NOM1_RNA,0.030760858207941055
PASD1_RNA,0.03075259178876877
AAMP_RNA,0.030741246417164803
ZNF544_RNA,0.030704446136951447
IL22RA2_RNA,0.030699992552399635
GEMIN6_RNA,0.030673418194055557
DCAF10_RNA,0.03065883368253708
SEC11A_RNA,0.03065072000026703
CCDC12_RNA,0.030638163909316063
MATN1_RNA,0.030619410797953606
MIR554_RNA,0.030552586540579796
CRTC1_RNA,0.03052452951669693
UNG_RNA,0.03051200695335865
OSTC_RNA,0.030508091673254967
SUSD5_RNA,0.030499093234539032
IL12RB2_RNA,0.030485911294817924
EXT1_RNA,0.030472226440906525
RNF214_RNA,0.030434180051088333
NUP43_RNA,0.030410684645175934
ATP4A_RNA,0.03040068969130516
MPEG1_RNA,0.03039311245083809
NAP1L2_RNA,0.030379049479961395
NDUFA10_RNA,0.030338307842612267
EXOSC8_RNA,0.030333291739225388
GMDS_RNA,0.03032323531806469
OR2H1_RNA,0.03031306341290474
SLC39A1_RNA,0.030296556651592255
HSPA12B_RNA,0.030296238139271736
TDRD12_RNA,0.03028646670281887
ECEL1_RNA,0.03023446910083294
LMCD1_RNA,0.030231690034270287
SLC16A6_RNA,0.030198069289326668
STXBP5L_RNA,0.03019416518509388
PGD_RNA,0.030181091278791428
TMEM184C_RNA,0.030125372111797333
KIAA1614_RNA,0.030109411105513573
MS4A15_RNA,0.030103225260972977
KCNA4_RNA,0.03009341098368168
PHRF1_RNA,0.030084846541285515
TFPI2_RNA,0.03005468286573887
JAKMIP2_RNA,0.03004487417638302
IL17RC_RNA,0.03003702126443386
HDAC11_RNA,0.029985461384058
TEX19_RNA,0.029978187754750252
PAM_RNA,0.02997312881052494
MPP1_RNA,0.02996889129281044
XPNPEP3_RNA,0.029927747324109077
XYLT2_RNA,0.02986777201294899
FBXO3_RNA,0.029867012053728104
GINS4_RNA,0.029842888936400414
TMEM52_RNA,0.029823599383234978
STK16_RNA,0.029822904616594315
COL24A1_RNA,0.029770679771900177
ZNRF3_RNA,0.02976902388036251
MYNN_RNA,0.029758531600236893
BEST3_RNA,0.02974781207740307
MIR379_RNA,0.029708269983530045
FPR3_RNA,0.02968311682343483
CSGALNACT1_RNA,0.029670944437384605
TBK1_RNA,0.029580412432551384
CORO1A_RNA,0.02957654558122158
SGPP1_RNA,0.0295484010130167
TTF1_RNA,0.02953626960515976
RAD51AP1_RNA,0.029515421018004417
SFMBT2_RNA,0.029490038752555847
EIF2B1_RNA,0.02948587015271187
MPND_RNA,0.029435504227876663
UPP1_RNA,0.0294222142547369
GPAM_RNA,0.02937905304133892
CYP1A1_RNA,0.029332991689443588
DDR2_RNA,0.02932293526828289
MIR933_RNA,0.02932250127196312
SRBD1_RNA,0.029264939948916435
MAGEC1_RNA,0.029243482276797295
TNFAIP2_RNA,0.029196610674262047
ANKRD40_RNA,0.029181553050875664
XK_RNA,0.029170339927077293
POU6F1_RNA,0.02915431186556816
CD207_RNA,0.02911788411438465
PTAR1_RNA,0.029042797163128853
EXOC5_RNA,0.029040805995464325
ASB10_RNA,0.029034238308668137
UBE2G1_RNA,0.02902965620160103
HTRA3_RNA,0.028961002826690674
PUM2_RNA,0.028954755514860153
MIR1913_RNA,0.028947245329618454
CLSTN2_RNA,0.028897015377879143
ARRDC4_RNA,0.02886352129280567
EP400_RNA,0.028860516846179962
ZNF566_RNA,0.028835082426667213
AIRE_RNA,0.028821775689721107
NFKBIB_RNA,0.028805891051888466
CLDN2_RNA,0.028797855600714684
TTC3_RNA,0.028755417093634605
RASAL2_RNA,0.028732337057590485
LOC283731_RNA,0.02868649549782276
WDR44_RNA,0.028663242235779762
TRPM2_RNA,0.028661733493208885
KRT40_RNA,0.028658149763941765
MYO1C_RNA,0.02849777787923813
MGAT4A_RNA,0.028468843549489975
ORMDL3_RNA,0.02846742980182171
PGAM4_RNA,0.02846628986299038
TP53TG5_RNA,0.028449006378650665
ZNF44_RNA,0.02838336117565632
NRBP1_RNA,0.028362415730953217
C11orf68_RNA,0.028355827555060387
CPPED1_RNA,0.028331110253930092
TMEM185B_RNA,0.028294721618294716
LRBA_RNA,0.0282923374325037
PRR12_RNA,0.028257396072149277
POLE4_RNA,0.02825212851166725
PRKACA_RNA,0.028229786083102226
MEF2A_RNA,0.028217652812600136
PARP4_RNA,0.028175638988614082
NPPC_RNA,0.028165509924292564
TSPAN7_RNA,0.028161581605672836
YTHDF2_RNA,0.028133243322372437
TMCC2_RNA,0.028055040165781975
ACTBL2_RNA,0.02803187444806099
GJB5_RNA,0.028001684695482254
B4GALT6_RNA,0.027914833277463913
ABCB8_RNA,0.027888566255569458
C2CD4D_RNA,0.027879657223820686
DHX15_RNA,0.02786117047071457
CYB5A_RNA,0.027859698981046677
MIR938_RNA,0.02784344181418419
IDH2_RNA,0.027806010097265244
JTB_RNA,0.0277932807803154
ALDOC_RNA,0.027789317071437836
ZNF670_RNA,0.027776828035712242
USP6NL_RNA,0.027770930901169777
ZDHHC8_RNA,0.027753779664635658
NMUR1_RNA,0.027713589370250702
PIK3CG_RNA,0.027670422568917274
PDF_RNA,0.02766508236527443
FAM118B_RNA,0.02763976715505123
WDFY2_RNA,0.027626074850559235
FLVCR2_RNA,0.02760916016995907
SLC5A9_RNA,0.027606407180428505
RRM2B_RNA,0.027603760361671448
IL18R1_RNA,0.02756129391491413
HEATR4_RNA,0.027518833056092262
PAQR4_RNA,0.02748977206647396
IGDCC3_RNA,0.027485497295856476
TXNDC5_RNA,0.027431998401880264
STX11_RNA,0.027431678026914597
MSR1_RNA,0.027418555691838264
KPTN_RNA,0.027382925152778625
RFWD3_RNA,0.02735387347638607
EPHA1_RNA,0.02734995447099209
EIF2S3_RNA,0.027326427400112152
TMED8_RNA,0.027260947972536087
EDC3_RNA,0.02718639001250267
LIN28B_RNA,0.027181891724467278
DEPDC4_RNA,0.02714656852185726
COL9A1_RNA,0.02713002823293209
ZNF672_RNA,0.02706567756831646
A4GALT_RNA,0.027055159211158752
AKNA_RNA,0.0270505640655756
STYX_RNA,0.026979414746165276
PSMD10_RNA,0.026973983272910118
NAP1L4_RNA,0.026968466117978096
TMEM215_RNA,0.026960544288158417
TCERG1_RNA,0.026927093043923378
ZBTB8A_RNA,0.026877526193857193
STX5_RNA,0.02685227245092392
DNAJA3_RNA,0.026835603639483452
FES_RNA,0.026815608143806458
OTUD3_RNA,0.02679644338786602
FAM184A_RNA,0.026727674528956413
RMND1_RNA,0.026724953204393387
SPTY2D1_RNA,0.026718949899077415
TMEM11_RNA,0.026713017374277115
MIR1305_RNA,0.026711847633123398
ABCD4_RNA,0.026700137183070183
VIM_RNA,0.02666372060775757
KY_RNA,0.026658710092306137
MIR889_RNA,0.02665088139474392
POU4F3_RNA,0.02662019245326519
MTPAP_RNA,0.0265984944999218
LCE1E_RNA,0.02654494345188141
CTTN_RNA,0.02649678662419319
NFKBIL1_RNA,0.026468340307474136
EYA1_RNA,0.026461007073521614
ZNF606_RNA,0.026445267722010612
WNT7A_RNA,0.02641589380800724
LIMK2_RNA,0.026412200182676315
TBCA_RNA,0.026410391554236412
BFSP1_RNA,0.026392174884676933
RECQL4_RNA,0.026361530646681786
RIC8A_RNA,0.026352567598223686
SAAL1_RNA,0.02634989470243454
FCN3_RNA,0.02633284404873848
PFDN6_RNA,0.026303047314286232
WDR33_RNA,0.026298576965928078
SNRPD1_RNA,0.02627181075513363
SERAC1_RNA,0.026235291734337807
SIDT2_RNA,0.026214152574539185
TMEM106C_RNA,0.026187069714069366
CD300LF_RNA,0.026176413521170616
TMEM59_RNA,0.02611406333744526
RANBP2_RNA,0.02611388824880123
TMEM19_RNA,0.02610980160534382
ABCF1_RNA,0.026106910780072212
CAPN13_RNA,0.02608083374798298
IGFBPL1_RNA,0.026020735502243042
PDK2_RNA,0.026013219729065895
EMILIN3_RNA,0.02600020356476307
IL23A_RNA,0.02598549611866474
CKAP2_RNA,0.02593086287379265
ZNF585A_RNA,0.02591487020254135
AZU1_RNA,0.02591353841125965
AOX1_RNA,0.025901691988110542
CCR2_RNA,0.025826485827565193
TNFSF8_RNA,0.02581450715661049
MYBPHL_RNA,0.02578616887331009
SMOC2_RNA,0.02578580565750599
QKI_RNA,0.02577630989253521
HERC3_RNA,0.025759777054190636
RAB11FIP3_RNA,0.02575782686471939
FAM13B_RNA,0.025749560445547104
FHOD3_RNA,0.02574777416884899
ZNF311_RNA,0.02567736990749836
ANK2_RNA,0.025673625990748405
PRPF8_RNA,0.025668742135167122
FLT4_RNA,0.025617234408855438
MIR765_RNA,0.0255892351269722
KIF1C_RNA,0.025581851601600647
KLK6_RNA,0.02557269297540188
TUB_RNA,0.025567714124917984
ATP6V0E1_RNA,0.02556244097650051
GPBAR1_RNA,0.025561250746250153
MYLK_RNA,0.025523794814944267
SLC30A7_RNA,0.025515666231513023
PTGER3_RNA,0.025487104430794716
ARPC3_RNA,0.025486664846539497
TTC33_RNA,0.025449231266975403
PHTF2_RNA,0.02543479949235916
TMEM39B_RNA,0.02543298527598381
PDK3_RNA,0.025428932160139084
GFRA4_RNA,0.025428492575883865
CDX1_RNA,0.02540380135178566
SEMA4A_RNA,0.025383051484823227
C5orf24_RNA,0.02537071704864502
OPN4_RNA,0.02534668892621994
TAF6L_RNA,0.025340402498841286
TNFSF11_RNA,0.02532988041639328
ZNFX1_RNA,0.025313224643468857
BAG3_RNA,0.02530393935739994
HAUS4_RNA,0.025290286168456078
LONP2_RNA,0.02527121640741825
DPPA4_RNA,0.02525613084435463
MEF2D_RNA,0.025253301486372948
HEATR3_RNA,0.025237860158085823
C2orf42_RNA,0.02523212507367134
COPS7A_RNA,0.025208719074726105
NAV2_RNA,0.025195324793457985
CALN1_RNA,0.025188356637954712
IVD_RNA,0.025173526257276535
SRD5A3_RNA,0.025155184790492058
ABCC4_RNA,0.02513912320137024
MBOAT7_RNA,0.02513713948428631
DRG2_RNA,0.02509281039237976
GMFB_RNA,0.02508922666311264
CHCHD4_RNA,0.025074951350688934
BUB3_RNA,0.02505376562476158
OR10H5_RNA,0.025032896548509598
LEFTY2_RNA,0.025032050907611847
PPY_RNA,0.025004563853144646
MRPS31_RNA,0.0249946266412735
CRTC3_RNA,0.024992339313030243
POMP_RNA,0.024932274594902992
MERTK_RNA,0.02491912804543972
AKR1B1_RNA,0.02491411194205284
USP20_RNA,0.024891657754778862
ADM2_RNA,0.024891428649425507
SOX17_RNA,0.02486797235906124
NOP14_RNA,0.02485140785574913
RPS6KC1_RNA,0.02483266592025757
CDC27_RNA,0.024774618446826935
TBR1_RNA,0.024764016270637512
TAF2_RNA,0.02476094663143158
NFATC4_RNA,0.024741966277360916
TCEAL5_RNA,0.024699028581380844
THEM5_RNA,0.024688059464097023
CDH22_RNA,0.024682024493813515
SNTB2_RNA,0.02467232011258602
ABCF2_RNA,0.02466033585369587
AGK_RNA,0.024622231721878052
GJB3_RNA,0.024619100615382195
MRPL10_RNA,0.02461312711238861
SERPINA5_RNA,0.02458317019045353
MAPK6_RNA,0.024512765929102898
ASNS_RNA,0.024497391656041145
CEP120_RNA,0.02445303089916706
CPS1_RNA,0.02436782978475094
ODF2_RNA,0.02435959316790104
CNOT8_RNA,0.024354461580514908
LUZP4_RNA,0.024342553690075874
CSTF2T_RNA,0.024303017184138298
SQSTM1_RNA,0.024284441024065018
GIPC3_RNA,0.02428370714187622
DNER_RNA,0.024281293153762817
SPG11_RNA,0.024255452677607536
GTF2H1_RNA,0.02422483265399933
TXNIP_RNA,0.024204157292842865
SWAP70_RNA,0.024194782599806786
LARP4_RNA,0.02416996844112873
LDHAL6B_RNA,0.024158518761396408
PARP8_RNA,0.024109428748488426
DHX29_RNA,0.024095803499221802
DDX23_RNA,0.0240884218364954
KTN1_RNA,0.02407733164727688
PRDM2_RNA,0.024075964465737343
NKX1-2_RNA,0.024075960740447044
SLC25A38_RNA,0.024067923426628113
CASP2_RNA,0.0240462739020586
MYH11_RNA,0.024007465690374374
HNRNPF_RNA,0.023954244330525398
PPP1R12A_RNA,0.02391861565411091
PRKAR1A_RNA,0.02390250749886036
ZNF880_RNA,0.023902125656604767
ALOX12B_RNA,0.023888451978564262
KCNK6_RNA,0.023865751922130585
WFDC11_RNA,0.023862212896347046
SRP68_RNA,0.02385016903281212
POLR3F_RNA,0.02383800595998764
KCNN4_RNA,0.023836009204387665
DNMT3L_RNA,0.02382645569741726
ACP1_RNA,0.023818472400307655
DCAF12L1_RNA,0.023816239088773727
SYNE2_RNA,0.023809269070625305
EBF1_RNA,0.023800550028681755
VBP1_RNA,0.023727968335151672
DNAJA1_RNA,0.023688847199082375
ITGAE_RNA,0.023666957393288612
RGR_RNA,0.023666922003030777
ALG9_RNA,0.023585615679621696
AFF3_RNA,0.023581858724355698
MRPS21_RNA,0.02358066476881504
YIPF6_RNA,0.02354133501648903
POLR1C_RNA,0.023536238819360733
DHTKD1_RNA,0.02353508025407791
CCL28_RNA,0.02351822704076767
CCL23_RNA,0.023498432710766792
MIR548N_RNA,0.023462865501642227
SMUG1_RNA,0.023456336930394173
SNORD56B_RNA,0.023453636094927788
EIF4E2_RNA,0.023419111967086792
FBXO33_RNA,0.023409053683280945
PEX14_RNA,0.023398863151669502
RABL3_RNA,0.023342136293649673
ISL1_RNA,0.02330927364528179
ING4_RNA,0.023308895528316498
MIR602_RNA,0.02329401485621929
ABCB7_RNA,0.023289181292057037
LNPEP_RNA,0.023286122828722
TPD52L2_RNA,0.023260487243533134
CBFA2T2_RNA,0.023237287998199463
MIR369_RNA,0.0232306607067585
PLA2G2D_RNA,0.023215701803565025
SLC26A6_RNA,0.023189250379800797
SMG5_RNA,0.023186059668660164
ANKRD27_RNA,0.02318194881081581
ANKRD13A_RNA,0.023161234334111214
IPMK_RNA,0.023158380761742592
PTPN14_RNA,0.023116152733564377
DDX25_RNA,0.023080741986632347
DBNL_RNA,0.02303898334503174
NPS_RNA,0.02302529662847519
SPTBN5_RNA,0.023014172911643982
HM13_RNA,0.022990720346570015
LOC100192426_RNA,0.022982118651270866
CDK5RAP1_RNA,0.022959522902965546
TADA2A_RNA,0.022950895130634308
EPS8L2_RNA,0.022944331169128418
PSME4_RNA,0.022909535095095634
FRK_RNA,0.022841691970825195
SNORA79_RNA,0.022798635065555573
EPB42_RNA,0.022687844932079315
CD1E_RNA,0.022677738219499588
ACIN1_RNA,0.022675998508930206
PDE6A_RNA,0.022654186934232712
STARD7_RNA,0.02265297807753086
TMEM212_RNA,0.022580325603485107
ESD_RNA,0.022572215646505356
ZNF330_RNA,0.022567253559827805
ARHGEF4_RNA,0.02250053361058235
MIR193A_RNA,0.022499650716781616
FGFRL1_RNA,0.022498290985822678
UCMA_RNA,0.022471075877547264
TULP1_RNA,0.02246890962123871
SUV39H2_RNA,0.022402124479413033
CNOT6L_RNA,0.022380806505680084
CAMTA1_RNA,0.022379616275429726
PEX5L_RNA,0.022343086078763008
GTF3C3_RNA,0.022338347509503365
VPS36_RNA,0.022327125072479248
AURKC_RNA,0.02232539653778076
NMBR_RNA,0.02229602448642254
RTN4IP1_RNA,0.02225303463637829
SMPX_RNA,0.02218766137957573
SLC43A2_RNA,0.022166229784488678
C11orf42_RNA,0.022165188565850258
TATDN2_RNA,0.022076554596424103
EYA3_RNA,0.022074365988373756
CALHM3_RNA,0.022056810557842255
SLC25A39_RNA,0.0220453143119812
YKT6_RNA,0.022044621407985687
DHX35_RNA,0.022033901885151863
ATG12_RNA,0.022014416754245758
IL6R_RNA,0.02200918458402157
CDK5RAP2_RNA,0.02200399711728096
PSMF1_RNA,0.021951403468847275
MLH1_RNA,0.02194831147789955
S100A13_RNA,0.021887732669711113
HNRNPM_RNA,0.021868152543902397
SPINK4_RNA,0.02186133712530136
DFFA_RNA,0.021845905110239983
ZNF223_RNA,0.021845096722245216
PODN_RNA,0.02183900587260723
RAB17_RNA,0.021812310442328453
RALGAPA2_RNA,0.021796459332108498
PARP1_RNA,0.021792151033878326
SIX6_RNA,0.02177683264017105
LY6D_RNA,0.021725991740822792
INTS1_RNA,0.021711774170398712
KLC4_RNA,0.02169649675488472
KLHL26_RNA,0.02166604995727539
CD70_RNA,0.021660344675183296
MECOM_RNA,0.0216000247746706
BATF_RNA,0.02158755250275135
PDS5A_RNA,0.021561307832598686
PRMT6_RNA,0.021560754626989365
POLA2_RNA,0.021536115556955338
LGI4_RNA,0.021518578752875328
HAUS6_RNA,0.021516023203730583
CDA_RNA,0.021484803408384323
OXT_RNA,0.02144373022019863
GRIK1_RNA,0.021435756236314774
SLC26A11_RNA,0.021407781168818474
ZNF681_RNA,0.02140423282980919
MMP7_RNA,0.021402360871434212
SIPA1_RNA,0.02138017863035202
FOXP4_RNA,0.021364254876971245
HP_RNA,0.021284110844135284
KCTD15_RNA,0.021273035556077957
NCOA6_RNA,0.021255630999803543
BBX_RNA,0.021248936653137207
SYT2_RNA,0.021216360852122307
C16orf92_RNA,0.021202657371759415
SEMA3E_RNA,0.02119234949350357
CMBL_RNA,0.021174030378460884
RGL4_RNA,0.021172629669308662
PMFBP1_RNA,0.02116456627845764
ZNF564_RNA,0.021163348108530045
PPP2R1B_RNA,0.021161014214158058
MIR204_RNA,0.021155180409550667
EIF3B_RNA,0.021152667701244354
SNUPN_RNA,0.021149171516299248
RARRES1_RNA,0.021141892299056053
TRIM37_RNA,0.02113642916083336
SNORD115-8_RNA,0.021058032289147377
TSPAN18_RNA,0.021033063530921936
AHSG_RNA,0.02102736383676529
SSR1_RNA,0.021020881831645966
NIPBL_RNA,0.021019089967012405
NSDHL_RNA,0.021018365398049355
NEK4_RNA,0.02101311646401882
SMCR8_RNA,0.020994672551751137
DRD3_RNA,0.02096262015402317
ACOT8_RNA,0.020954886451363564
ARMC1_RNA,0.020952656865119934
DEGS1_RNA,0.020944742485880852
APOBEC3G_RNA,0.02080932818353176
ANGEL1_RNA,0.020779594779014587
ZCRB1_RNA,0.02077832818031311
RRAGA_RNA,0.020771095529198647
OGG1_RNA,0.02065122313797474
RIC8B_RNA,0.020608216524124146
OTP_RNA,0.020583724603056908
PSRC1_RNA,0.020564718171954155
OXGR1_RNA,0.0205446295440197
EHMT1_RNA,0.020526647567749023
RALGDS_RNA,0.02047445997595787
GPD1L_RNA,0.02046411857008934
RALGPS2_RNA,0.020458625629544258
OSR1_RNA,0.020420588552951813
SRGAP3_RNA,0.020418815314769745
PTPN4_RNA,0.020370133221149445
RHBDD1_RNA,0.020308049395680428
GDAP2_RNA,0.02030271850526333
KRT33B_RNA,0.02029956877231598
KPNA3_RNA,0.020262353122234344
TMEM125_RNA,0.020232966169714928
NLGN2_RNA,0.0201872605830431
PHF8_RNA,0.02016782946884632
ARHGEF9_RNA,0.02014864981174469
COQ6_RNA,0.020148323848843575
LMAN1L_RNA,0.02014571614563465
SCNN1G_RNA,0.02011658437550068
IRGM_RNA,0.02011413872241974
STAT5B_RNA,0.02008063718676567
GIMAP8_RNA,0.020077310502529144
RNF167_RNA,0.020035626366734505
CDC5L_RNA,0.020014749839901924
NEURL4_RNA,0.019983872771263123
FASTKD5_RNA,0.01998072676360607
KRT20_RNA,0.019966937601566315
LRP11_RNA,0.019964756444096565
HNRNPA0_RNA,0.019950756803154945
DNAJC15_RNA,0.019912729039788246
MTMR7_RNA,0.019911840558052063
SLC38A5_RNA,0.019901176914572716
CMTM3_RNA,0.019876547157764435
KLHDC2_RNA,0.019850390031933784
SYK_RNA,0.019824502989649773
DERL3_RNA,0.019790299236774445
AHI1_RNA,0.019768986850976944
DGKA_RNA,0.019708411768078804
LAPTM5_RNA,0.01969405636191368
RASA2_RNA,0.01968671940267086
ZKSCAN2_RNA,0.019673781469464302
ZNF563_RNA,0.01965719275176525
ZFX_RNA,0.019643526524305344
TBX22_RNA,0.019599955528974533
BCCIP_RNA,0.019584786146879196
GPR137C_RNA,0.019553566351532936
TNC_RNA,0.019499333575367928
RAG1_RNA,0.01949748583137989
HES2_RNA,0.019440263509750366
ARID3C_RNA,0.01937447488307953
RHOBTB3_RNA,0.01933695748448372
ANKRD9_RNA,0.019322391599416733
NSUN4_RNA,0.019319072365760803
FUCA1_RNA,0.019311532378196716
GOLGA2_RNA,0.01929931342601776
ABCC2_RNA,0.019266514107584953
ZFYVE19_RNA,0.019266335293650627
CCNY_RNA,0.01923440955579281
MAPK8_RNA,0.0192253477871418
CRYM_RNA,0.019211960956454277
TMEM63C_RNA,0.019209692254662514
TRMT2A_RNA,0.01914219744503498
CAPZA2_RNA,0.01913461647927761
IPO13_RNA,0.0191255584359169
SLC10A4_RNA,0.019124526530504227
TMEM43_RNA,0.019121617078781128
CCR4_RNA,0.01908492110669613
PSMB2_RNA,0.019069399684667587
SELP_RNA,0.019068518653512
PIM1_RNA,0.019047729671001434
SPZ1_RNA,0.019024861976504326
ZBTB8OS_RNA,0.01901230216026306
CMTM8_RNA,0.018969111144542694
HSD3B1_RNA,0.018945511430501938
ADAM15_RNA,0.01893574558198452
SS18L1_RNA,0.01891886629164219
KCNV2_RNA,0.018916409462690353
SLC6A5_RNA,0.018898198381066322
SNORA35_RNA,0.01889752969145775
GTF3C2_RNA,0.01888768933713436
SLIT2_RNA,0.018864715471863747
NRSN1_RNA,0.01884446293115616
RPL39L_RNA,0.018822306767106056
SNORA59A_RNA,0.018750514835119247
BCORL1_RNA,0.018736163154244423
RUSC1_RNA,0.01871737278997898
SLC43A1_RNA,0.01866479218006134
ZNF623_RNA,0.018661459907889366
NIPAL1_RNA,0.018632201477885246
ATPAF2_RNA,0.018629945814609528
FLJ13224_RNA,0.018622778356075287
MIR493_RNA,0.018622254952788353
SAR1B_RNA,0.01861937902867794
FBXO22_RNA,0.018616357818245888
SRC_RNA,0.018575875088572502
RNMT_RNA,0.018571246415376663
PDRG1_RNA,0.01856401190161705
RPL22_RNA,0.018549330532550812
TSHZ2_RNA,0.018491225317120552
REPS2_RNA,0.018485164269804955
NUBP1_RNA,0.018480343744158745
SYNRG_RNA,0.018468476831912994
LRP2_RNA,0.018463656306266785
SLCO4C1_RNA,0.018422897905111313
CNDP1_RNA,0.018416495993733406
TDRKH_RNA,0.018412400037050247
HS3ST2_RNA,0.018406163901090622
KIAA0319L_RNA,0.01832617074251175
CWC15_RNA,0.018312839791178703
FGGY_RNA,0.01831226982176304
OR2A14_RNA,0.01829354837536812
NXNL1_RNA,0.018266787752509117
GRID2IP_RNA,0.018265921622514725
AGPS_RNA,0.01825033687055111
YWHAE_RNA,0.018170062452554703
SYNCRIP_RNA,0.018138328567147255
OR52N1_RNA,0.018135203048586845
C4orf50_RNA,0.0181241687387228
CENPK_RNA,0.018123948946595192
CUX2_RNA,0.018122099339962006
GPRC5B_RNA,0.018067819997668266
BRPF3_RNA,0.01806103065609932
TOX2_RNA,0.01804051175713539
DOCK2_RNA,0.017917564138770103
SNX21_RNA,0.01791278086602688
DYTN_RNA,0.017897753044962883
MTMR12_RNA,0.017875386402010918
GPR4_RNA,0.017819898203015327
LONRF3_RNA,0.017819689586758614
MET_RNA,0.017802424728870392
TGFBR2_RNA,0.01779404655098915
DENR_RNA,0.017766090109944344
CITED2_RNA,0.017755398526787758
CD22_RNA,0.017749499529600143
MIR665_RNA,0.01771264709532261
OPA3_RNA,0.017709393054246902
MOSPD1_RNA,0.01769530214369297
GPR151_RNA,0.01756606437265873
S100P_RNA,0.01755523681640625
NMD3_RNA,0.017554251477122307
PAQR7_RNA,0.017551053315401077
TNPO1_RNA,0.017538441345095634
PDPK1_RNA,0.017527488991618156
ZSCAN16_RNA,0.017522023990750313
RNU11_RNA,0.017498524859547615
ZNF718_RNA,0.01747976616024971
ACP5_RNA,0.017458615824580193
ACAD8_RNA,0.0174404289573431
FZD10_RNA,0.017432430759072304
TMEM87A_RNA,0.017425326630473137
APPBP2_RNA,0.01737285777926445
NNMT_RNA,0.017365025356411934
HCN4_RNA,0.017356058582663536
IGF2BP1_RNA,0.017353378236293793
TXNRD1_RNA,0.017336690798401833
TOM1L1_RNA,0.017336295917630196
TRIM54_RNA,0.017330192029476166
ZNF417_RNA,0.01730872318148613
FGF1_RNA,0.017234019935131073
MAST2_RNA,0.01723308674991131
NUDT16_RNA,0.017172804102301598
SLC27A5_RNA,0.017154544591903687
KCNH5_RNA,0.017053833231329918
IGDCC4_RNA,0.0170451570302248
FKBP11_RNA,0.016998864710330963
DDX20_RNA,0.01698458008468151
SLC30A2_RNA,0.01697358302772045
KRT34_RNA,0.016923705115914345
CPNE1_RNA,0.01687593385577202
COPS7B_RNA,0.016867132857441902
ETNK2_RNA,0.016833186149597168
FOXG1_RNA,0.01681946963071823
SUOX_RNA,0.01681557297706604
BARHL2_RNA,0.016805440187454224
CNDP2_RNA,0.016783183440566063
SGSM2_RNA,0.016730858013033867
SMCHD1_RNA,0.01672595553100109
RNPEPL1_RNA,0.016689611598849297
ADCK5_RNA,0.016652466729283333
BICD1_RNA,0.01663905940949917
ROBO4_RNA,0.01662410795688629
UGT1A6_RNA,0.016588440164923668
SH2D1B_RNA,0.016567379236221313
PCDHA10_RNA,0.01647002063691616
PCDHGA10_RNA,0.016452180221676826
RECQL_RNA,0.01642404869198799
IFITM3_RNA,0.016423335298895836
PRUNE2_RNA,0.016418909654021263
DMRTB1_RNA,0.016387635841965675
SPATA18_RNA,0.016385596245527267
CLCA2_RNA,0.01638268306851387
ANKRD44_RNA,0.016362890601158142
DLX1_RNA,0.016317633911967278
ALG2_RNA,0.0162948127835989
NME6_RNA,0.016236312687397003
PIK3C3_RNA,0.016225431114435196
HAO2_RNA,0.016207624226808548
NCR1_RNA,0.016190562397241592
FXYD4_RNA,0.016182702034711838
LRRC25_RNA,0.016152597963809967
INTS7_RNA,0.01608249545097351
TMED7-TICAM2_RNA,0.016072211787104607
NR1I3_RNA,0.016051702201366425
INPP1_RNA,0.016045676544308662
ZNF576_RNA,0.016040345653891563
MAP4K2_RNA,0.01603088341653347
GNG8_RNA,0.016002792865037918
PTGER4_RNA,0.015954358503222466
SFMBT1_RNA,0.015932487323880196
NDN_RNA,0.01591528207063675
USP12_RNA,0.01591513492166996
GIP_RNA,0.015852589160203934
BRD9_RNA,0.015844285488128662
PTPRT_RNA,0.01580905169248581
PPARG_RNA,0.015792327001690865
PPA2_RNA,0.015783054754137993
TMEM68_RNA,0.01576671563088894
GSC_RNA,0.015703845769166946
ZBTB40_RNA,0.01565309800207615
KLHL7_RNA,0.015618895180523396
FSCN3_RNA,0.015614916570484638
FBXO16_RNA,0.015596629120409489
ETFB_RNA,0.015588080510497093
CYB561D1_RNA,0.015571276657283306
FREM3_RNA,0.01556448545306921
HYLS1_RNA,0.015515495091676712
TBC1D20_RNA,0.015498455613851547
PRR19_RNA,0.01540807168930769
ZNF485_RNA,0.015394799411296844
KRTAP5-11_RNA,0.015378264710307121
PAK4_RNA,0.015365700237452984
ATP13A5_RNA,0.015351938083767891
SERPINB1_RNA,0.01534624956548214
ZNF419_RNA,0.015300530008971691
ELOVL5_RNA,0.015293496660888195
NRAP_RNA,0.015258311294019222
APOL2_RNA,0.01525515504181385
GPC6_RNA,0.01520521193742752
RARG_RNA,0.01519906334578991
XIAP_RNA,0.015184027142822742
LITAF_RNA,0.015161299146711826
HMGB1_RNA,0.01513933576643467
ZNF318_RNA,0.01512299943715334
FZD6_RNA,0.01509961485862732
AKIRIN2_RNA,0.015083123929798603
ITGAM_RNA,0.01507729571312666
MARVELD2_RNA,0.01506095938384533
MRPL27_RNA,0.01506026741117239
FRAT2_RNA,0.015044236555695534
BRD3_RNA,0.015041695907711983
RPE_RNA,0.014915884472429752
DGAT1_RNA,0.01490877103060484
USP27X_RNA,0.014866861514747143
NLRP12_RNA,0.014864168129861355
SLC16A1_RNA,0.014837248250842094
EPS15_RNA,0.014764388091862202
CASP7_RNA,0.014720997773110867
CCT6A_RNA,0.014702432788908482
CHST15_RNA,0.014691334217786789
REL_RNA,0.014681555330753326
ESRP1_RNA,0.014612549915909767
ZFP36_RNA,0.01459763664752245
SLC25A19_RNA,0.014596998691558838
ZBTB44_RNA,0.014585930854082108
SCGB3A2_RNA,0.014577629044651985
NSL1_RNA,0.014531557448208332
SASH3_RNA,0.014522953890264034
ANKS1A_RNA,0.014512239024043083
MC2R_RNA,0.014511973597109318
ZNF414_RNA,0.014509165659546852
GTF2F2_RNA,0.014421421103179455
GPN3_RNA,0.014420600607991219
CHCHD7_RNA,0.01441145595163107
TRAPPC9_RNA,0.014372533187270164
PKNOX1_RNA,0.014371950179338455
PCTP_RNA,0.014355240389704704
SYCE1L_RNA,0.014338793233036995
ODF1_RNA,0.014318118803203106
SH2D4A_RNA,0.014311136677861214
ANKRD54_RNA,0.014310792088508606
MIR126_RNA,0.014309747144579887
UBAP1_RNA,0.014297550544142723
C9orf50_RNA,0.014279312454164028
TRIM36_RNA,0.014256204478442669
SLC7A6OS_RNA,0.014232748188078403
ZNF268_RNA,0.014226195402443409
DMRTA2_RNA,0.014223070815205574
SGSM3_RNA,0.014212191104888916
VPS37C_RNA,0.014209882356226444
PLEKHF2_RNA,0.014203933998942375
NUP153_RNA,0.014176057651638985
ST13_RNA,0.014143450185656548
GATAD2B_RNA,0.014142309315502644
PNPLA1_RNA,0.014127961359918118
PIWIL1_RNA,0.014127856120467186
RPS6KB2_RNA,0.014121615327894688
CBX5_RNA,0.014118012972176075
CLC_RNA,0.014109333045780659
CENPH_RNA,0.014038278721272945
PCDHB14_RNA,0.013995177112519741
FCHO2_RNA,0.013988420367240906
ZNF28_RNA,0.013958500698208809
SAP18_RNA,0.013936620205640793
CLDN23_RNA,0.01392051950097084
ZSCAN21_RNA,0.0138993039727211
NUMA1_RNA,0.013899014331400394
LTBR_RNA,0.013893130235373974
ZNF24_RNA,0.013885920867323875
CREB1_RNA,0.01387912966310978
C3orf38_RNA,0.01386338658630848
MIR300_RNA,0.013817907311022282
AMPD1_RNA,0.01378396525979042
ATF2_RNA,0.013774126768112183
MRPS28_RNA,0.013710007071495056
ZFP2_RNA,0.013647620566189289
HTR7_RNA,0.013632740825414658
DPF2_RNA,0.013622649013996124
MIR412_RNA,0.013556310907006264
KLRG2_RNA,0.013543650507926941
EPHB1_RNA,0.013541500084102154
APOBEC3A_RNA,0.013518827967345715
DKK4_RNA,0.013497377745807171
SFRP2_RNA,0.013489781878888607
EIF1AD_RNA,0.013470777310431004
GGCX_RNA,0.013465480878949165
ANKRD34B_RNA,0.013460671529173851
TJP1_RNA,0.01344319898635149
PAX4_RNA,0.013438379392027855
DCTN6_RNA,0.01342687290161848
LANCL2_RNA,0.013421869836747646
TAS2R3_RNA,0.013388684950768948
CALB1_RNA,0.013336753472685814
EMCN_RNA,0.013315352611243725
SF3B1_RNA,0.013314757496118546
ZNF81_RNA,0.013299928046762943
PHACTR4_RNA,0.013296959921717644
NOC3L_RNA,0.0132927056401968
MLPH_RNA,0.01327871810644865
PMS2CL_RNA,0.013266507536172867
FGF18_RNA,0.013264607638120651
NADK_RNA,0.013246160931885242
ITGB5_RNA,0.013223198242485523
DENND4B_RNA,0.013181417249143124
UBN1_RNA,0.01314782164990902
FKBP7_RNA,0.013141380622982979
FRS2_RNA,0.013120771385729313
ZNF841_RNA,0.01309774536639452
NMT1_RNA,0.013055459596216679
ASB5_RNA,0.013030513189733028
NFIC_RNA,0.013015811331570148
MIR196A2_RNA,0.012901772744953632
TPSG1_RNA,0.012846993282437325
NCF4_RNA,0.012831304222345352
COPS5_RNA,0.012810793705284595
PEX11B_RNA,0.012779309414327145
SNHG4_RNA,0.012749912217259407
SMARCA5_RNA,0.012703080661594868
SNORA11_RNA,0.01268659345805645
C2CD2L_RNA,0.012683715671300888
DNAJC22_RNA,0.012654522433876991
RBPJL_RNA,0.012644532136619091
ZMYM3_RNA,0.012626642361283302
LHFPL2_RNA,0.012618260458111763
PYROXD1_RNA,0.012532460503280163
CYP20A1_RNA,0.012521810829639435
ATXN8OS_RNA,0.012450821697711945
PGR_RNA,0.012447493150830269
TMEM9B_RNA,0.012407644651830196
TUSC2_RNA,0.01239725761115551
IL18RAP_RNA,0.01239312719553709
PRL_RNA,0.012383240275084972
MBP_RNA,0.012375926598906517
SNORD116-5_RNA,0.012281890027225018
KNTC1_RNA,0.012187346816062927
TSPAN19_RNA,0.012152833864092827
RAB2A_RNA,0.012107216753065586
PLCG2_RNA,0.012101767584681511
PSMA4_RNA,0.012092946097254753
ZBTB7A_RNA,0.012084980495274067
GNL2_RNA,0.012003762647509575
UBQLN2_RNA,0.01199552696198225
PTCH1_RNA,0.011988029815256596
ZCCHC4_RNA,0.011982414871454239
TMEM82_RNA,0.011937883682549
KIF2A_RNA,0.011884639039635658
SLC4A11_RNA,0.011855456978082657
RBMX_RNA,0.011847101151943207
FARSB_RNA,0.011799518018960953
TM2D3_RNA,0.011774684302508831
MIR656_RNA,0.011760985478758812
CLDN12_RNA,0.011656834743916988
SMG6_RNA,0.011645421385765076
MIR455_RNA,0.01162925735116005
GJD3_RNA,0.011583274230360985
PRPH_RNA,0.011561878956854343
MLST8_RNA,0.011538881808519363
DR1_RNA,0.011509637348353863
GDF2_RNA,0.011500807479023933
C2CD3_RNA,0.011325104162096977
GFER_RNA,0.011315807700157166
PEX13_RNA,0.011287769302725792
GNGT1_RNA,0.011244909837841988
MAPK1IP1L_RNA,0.011209462769329548
TMEM41A_RNA,0.01118624210357666
PCYT1A_RNA,0.011178316548466682
WDR77_RNA,0.011102171614766121
HMGCL_RNA,0.011093041859567165
GPSM2_RNA,0.011080573312938213
ANKMY2_RNA,0.011043516919016838
TNFRSF8_RNA,0.011042841710150242
FRMD3_RNA,0.010964915156364441
VSX2_RNA,0.010964609682559967
MYF6_RNA,0.010961480438709259
HSD17B13_RNA,0.010958682745695114
ANKRD10_RNA,0.010918186977505684
MOG_RNA,0.01091096829622984
KAT2B_RNA,0.01088754739612341
SRCAP_RNA,0.010854131542146206
FAM136A_RNA,0.01085085328668356
BTG1_RNA,0.010849975980818272
PCDHGB1_RNA,0.010832118801772594
BTN1A1_RNA,0.010799719020724297
LLPH_RNA,0.010798858478665352
JMJD7_RNA,0.010761545039713383
MIR760_RNA,0.01074492558836937
LHX1_RNA,0.010744486935436726
TFAP2C_RNA,0.010719221085309982
ZNF713_RNA,0.010711139999330044
IL1RN_RNA,0.01070285402238369
GBE1_RNA,0.010699314065277576
MRPL1_RNA,0.01069179642945528
DTX3_RNA,0.010633377358317375
APRT_RNA,0.010618243366479874
PRRG3_RNA,0.010610063560307026
LYST_RNA,0.010596532374620438
SLC6A19_RNA,0.010585412383079529
BTNL8_RNA,0.010565759614109993
WDR47_RNA,0.010564077645540237
P2RY1_RNA,0.010549620725214481
FKBP15_RNA,0.010539697483181953
SARNP_RNA,0.010529736056923866
CHN2_RNA,0.010521448217332363
SEC14L3_RNA,0.010509559884667397
GREM2_RNA,0.010503414086997509
EZH2_RNA,0.010486475192010403
SENP3_RNA,0.010452404618263245
CCNJ_RNA,0.010446046479046345
CHM_RNA,0.01044506300240755
IDO2_RNA,0.01038918923586607
RPP14_RNA,0.01038238126784563
NAMPT_RNA,0.010378031991422176
ARL6IP5_RNA,0.010354951955378056
GTSF1L_RNA,0.010341830551624298
TNXB_RNA,0.010329408571124077
PFDN4_RNA,0.010313532315194607
RSPH6A_RNA,0.01028856448829174
ELMOD3_RNA,0.010283879935741425
MEI1_RNA,0.010244964621961117
EIF4ENIF1_RNA,0.010196254588663578
TRIM69_RNA,0.010185928083956242
LSM12_RNA,0.010135035030543804
SENP7_RNA,0.010129464790225029
MIR758_RNA,0.01008739322423935
DCUN1D5_RNA,0.010068499483168125
MAVS_RNA,0.009956138208508492
GIGYF2_RNA,0.00991576723754406
SMARCAL1_RNA,0.009868061169981956
RASGRF1_RNA,0.009818903170526028
PLAG1_RNA,0.009792421944439411
ST6GALNAC5_RNA,0.009767242707312107
KRT86_RNA,0.009753648191690445
TP73_RNA,0.009746410883963108
PPP6C_RNA,0.009744590148329735
ATMIN_RNA,0.0097239650785923
OR11H4_RNA,0.009699443355202675
MKLN1_RNA,0.009696591645479202
MRPS9_RNA,0.009613978676497936
ABCB1_RNA,0.009601294994354248
PSMD11_RNA,0.0095950523391366
TFB2M_RNA,0.009578367695212364
ZNF569_RNA,0.009530892595648766
CD244_RNA,0.009506943635642529
STAM2_RNA,0.009481496177613735
GABARAPL3_RNA,0.009424987249076366
SUPT5H_RNA,0.009417334571480751
CYP27B1_RNA,0.009377170354127884
HSF2_RNA,0.009374929592013359
ODF4_RNA,0.009329734370112419
BCOR_RNA,0.009311110712587833
RUNX3_RNA,0.00930783897638321
F10_RNA,0.009268403984606266
IDH3G_RNA,0.009229835122823715
SH3RF2_RNA,0.009229008108377457
ZNF568_RNA,0.009217344224452972
CYP4A11_RNA,0.009202933870255947
UBE2Q1_RNA,0.009156037122011185
CHRNA6_RNA,0.009152242913842201
EXOSC6_RNA,0.009150507859885693
RGS3_RNA,0.009142586030066013
LGALS2_RNA,0.009119267575442791
SNAI2_RNA,0.009077266789972782
GPIHBP1_RNA,0.009073854424059391
UBXN2B_RNA,0.009059730917215347
NTRK1_RNA,0.009034465998411179
STX7_RNA,0.009016933850944042
BCAS3_RNA,0.008859863504767418
MIR545_RNA,0.008845478296279907
PPP4R2_RNA,0.008840695954859257
ZNF394_RNA,0.008779029361903667
BPHL_RNA,0.008759583346545696
GPBP1L1_RNA,0.0087576974183321
NR5A1_RNA,0.008746430277824402
RHOV_RNA,0.008741176687180996
PTCD3_RNA,0.008731694892048836
CST1_RNA,0.008729098364710808
SENP2_RNA,0.008726111613214016
TMEM163_RNA,0.008724876679480076
TFRC_RNA,0.008698767982423306
FGF8_RNA,0.008600548841059208
VPS4B_RNA,0.008598838932812214
CSTF2_RNA,0.008550204336643219
SLC31A2_RNA,0.00854832399636507
P2RX4_RNA,0.008533850312232971
EDN3_RNA,0.0085298465564847
NXF3_RNA,0.00852721743285656
RDH13_RNA,0.008505122736096382
ARVCF_RNA,0.008480047807097435
CLINT1_RNA,0.008412560448050499
MIR655_RNA,0.008399003185331821
CD9_RNA,0.008379580453038216
HDX_RNA,0.008366366848349571
ZNF100_RNA,0.008336742408573627
MRPL2_RNA,0.008333065547049046
ZSCAN5B_RNA,0.008298338390886784
SNORD115-25_RNA,0.008285085670650005
TCEAL8_RNA,0.008282451890408993
TPR_RNA,0.008268875069916248
GPR19_RNA,0.0082566412165761
TSC22D4_RNA,0.008227965794503689
NUP210L_RNA,0.008199180476367474
LXN_RNA,0.008161434903740883
ITLN1_RNA,0.008155039511620998
RIPK1_RNA,0.008148222230374813
GLOD4_RNA,0.008136777207255363
AP3M1_RNA,0.008083983324468136
SLC17A2_RNA,0.008080359548330307
PRKCQ_RNA,0.008020387962460518
TYSND1_RNA,0.007973862811923027
ITFG2_RNA,0.00796556193381548
ZC3HAV1_RNA,0.007905282080173492
USP35_RNA,0.007897813804447651
MLLT1_RNA,0.007880832999944687
FBXO11_RNA,0.007876337505877018
RAB40A_RNA,0.00786598864942789
TEX11_RNA,0.007856776937842369
BNIP3L_RNA,0.007811563555151224
TRIM15_RNA,0.007785802241414785
HAS1_RNA,0.007780920248478651
HCRTR1_RNA,0.0077785407193005085
OR7C2_RNA,0.007683056406676769
PLA2R1_RNA,0.00764510128647089
SMTNL2_RNA,0.007644177880138159
MANEA_RNA,0.007631315849721432
E2F7_RNA,0.007613523863255978
DOK5_RNA,0.007612746208906174
PCDHGA3_RNA,0.007567708846181631
RCL1_RNA,0.007557782810181379
SNORD114-15_RNA,0.007546795066446066
BCL3_RNA,0.007536796387284994
PRRT3_RNA,0.007483316585421562
LRRC10_RNA,0.007474261801689863
MLANA_RNA,0.007434654515236616
FRY_RNA,0.007389301434159279
ACTR2_RNA,0.007372789550572634
NKX2-3_RNA,0.007365961093455553
GPR132_RNA,0.007347878534346819
TOP3B_RNA,0.007345329970121384
CYCSP52_RNA,0.007278996519744396
DGCR8_RNA,0.007272347807884216
SMPD2_RNA,0.007264832500368357
CD1B_RNA,0.007259159814566374
IL12A_RNA,0.007256097625941038
ZNF766_RNA,0.007236079312860966
OPN3_RNA,0.007219173479825258
STIM2_RNA,0.00718310009688139
TACR3_RNA,0.007177043240517378
RBM5_RNA,0.0071296170353889465
SAMD4B_RNA,0.007116704247891903
FNDC8_RNA,0.007056235335767269
QRSL1_RNA,0.007007491309195757
SMARCAD1_RNA,0.006925026886165142
ADRA2B_RNA,0.006906730588525534
SNRPG_RNA,0.006897962652146816
SEMA3G_RNA,0.006885859649628401
NOD2_RNA,0.0068702083081007
MTIF3_RNA,0.006864000111818314
OTOP2_RNA,0.006848186254501343
MIR1288_RNA,0.006842692848294973
CTBP1_RNA,0.006827178876847029
PLSCR1_RNA,0.0067767612636089325
JKAMP_RNA,0.006769461557269096
SIM2_RNA,0.006765175610780716
STAT2_RNA,0.0067226467654109
ELL3_RNA,0.0067220120690763
SIRPD_RNA,0.006696561351418495
SNORA15_RNA,0.006667814217507839
ARSF_RNA,0.006651503499597311
FUT7_RNA,0.006630199961364269
MIR592_RNA,0.006618669722229242
MAP3K6_RNA,0.006571691017597914
DNAJB6_RNA,0.006509607192128897
SLC17A5_RNA,0.006457012612372637
FATE1_RNA,0.0064531126990914345
ALG11_RNA,0.0064329467713832855
MIR376B_RNA,0.0063857631757855415
MIR548H3_RNA,0.006381855346262455
CDKN1B_RNA,0.006337020546197891
PRKD2_RNA,0.006309554912149906
MFSD2A_RNA,0.006298190448433161
NR4A2_RNA,0.006282455287873745
NHLH1_RNA,0.006243824027478695
SLC38A10_RNA,0.006238958798348904
TNNT3_RNA,0.006210761610418558
SPACA4_RNA,0.006197215057909489
PSMA3_RNA,0.006189842242747545
MLKL_RNA,0.00618979474529624
PCID2_RNA,0.006186538375914097
GPR20_RNA,0.0061359223909676075
ZNF41_RNA,0.006128893233835697
JRK_RNA,0.006100096739828587
OIP5_RNA,0.006061684340238571
DDX10_RNA,0.0060516344383358955
FOXF1_RNA,0.006043947767466307
FAM170A_RNA,0.006022995337843895
MKRN2_RNA,0.006021748296916485
LAMA1_RNA,0.005973834078758955
RNF11_RNA,0.005960625130683184
PDCD10_RNA,0.005936774890869856
XDH_RNA,0.005933910142630339
CSF2RB_RNA,0.005858526565134525
PI3_RNA,0.005849032197147608
SLC6A13_RNA,0.005821164697408676
MESP2_RNA,0.005795062519609928
ASTE1_RNA,0.005790801718831062
MUCL1_RNA,0.005790742579847574
STON1-GTF2A1L_RNA,0.005786781664937735
MAGI2_RNA,0.005734049715101719
EMG1_RNA,0.005729486234486103
SIRPA_RNA,0.005726867355406284
REEP4_RNA,0.005667261313647032
E2F3_RNA,0.0056520081125199795
MUC6_RNA,0.005633000284433365
BOLA1_RNA,0.0056292410008609295
ZNF783_RNA,0.005602922290563583
ARHGAP5_RNA,0.005572578404098749
RCAN2_RNA,0.005556476768106222
NUP37_RNA,0.005536991637200117
KLK3_RNA,0.005531456787139177
TMEM70_RNA,0.0055269659496843815
ST8SIA1_RNA,0.005496587138622999
MYB_RNA,0.005441642832010984
MIR26A2_RNA,0.005404382478445768
GTPBP2_RNA,0.005392007529735565
SNHG11_RNA,0.0053811767138540745
RAP2B_RNA,0.005377539899200201
EMID1_RNA,0.005336590576916933
PHOSPHO1_RNA,0.005282238591462374
WBP11_RNA,0.0052642072550952435
SPACA3_RNA,0.005201706197112799
ARL1_RNA,0.005186789203435183
DPH3_RNA,0.0051821144297719
UBAC2_RNA,0.005147311370819807
CIZ1_RNA,0.005145305767655373
SNORD19_RNA,0.005127307493239641
GCC1_RNA,0.005123881157487631
AGXT_RNA,0.005019851494580507
TMEM164_RNA,0.005002020392566919
PIAS2_RNA,0.004999701399356127
DIDO1_RNA,0.00499825831502676
SLC38A4_RNA,0.004997008014470339
PHAX_RNA,0.004955335985869169
FBXO45_RNA,0.004928670357912779
MIR558_RNA,0.004926743917167187
KRT82_RNA,0.004921162500977516
LCN10_RNA,0.004895067308098078
MARCO_RNA,0.004868985619395971
ZNF710_RNA,0.004866568837314844
LAMP1_RNA,0.004846251104027033
ZNF639_RNA,0.004805336706340313
CCDC149_RNA,0.004788921680301428
MAP2K7_RNA,0.0047727543860673904
FAM50A_RNA,0.004758174065500498
CHEK1_RNA,0.004737934563308954
RAB3GAP1_RNA,0.004679660778492689
TMEM214_RNA,0.004659799858927727
ADRB3_RNA,0.004658754914999008
ZNF142_RNA,0.004643485881388187
PRG4_RNA,0.004637864418327808
CCK_RNA,0.004616751801222563
CHD9_RNA,0.004602322820574045
REEP6_RNA,0.004592957906424999
MT1M_RNA,0.0045723035000264645
PSENEN_RNA,0.004505740478634834
CARS2_RNA,0.0044947233982384205
CDK12_RNA,0.0044581033289432526
SNORD12B_RNA,0.004437709227204323
SLC5A12_RNA,0.004400548525154591
SNORD114-7_RNA,0.0043286955915391445
UBTF_RNA,0.0043049040250480175
PIM2_RNA,0.004197757225483656
HPGD_RNA,0.004192412365227938
SNORA2B_RNA,0.004181190859526396
PSPN_RNA,0.004178472328931093
TPMT_RNA,0.004152676556259394
CNTROB_RNA,0.004142572171986103
PCMTD2_RNA,0.004070629831403494
LSG1_RNA,0.004069806542247534
ADAM17_RNA,0.004055288154631853
PALM3_RNA,0.004050638061016798
G2E3_RNA,0.003997283987700939
UBE2E2_RNA,0.003970214631408453
ITGB2_RNA,0.003947280813008547
DENND1A_RNA,0.003925499971956015
MGP_RNA,0.00386542989872396
STAMBPL1_RNA,0.0038591576740145683
COPA_RNA,0.0038274803664535284
SPATA16_RNA,0.0038204523734748363
MIR30E_RNA,0.003786674700677395
PPP1R9A_RNA,0.003769694594666362
PDE5A_RNA,0.0037620048969984055
TPO_RNA,0.003737629624083638
CCDC117_RNA,0.003711557714268565
GTF2H5_RNA,0.0036952097434550524
GRIK4_RNA,0.003615905996412039
IER3_RNA,0.003597827162593603
GLRX_RNA,0.0035948720760643482
ITM2C_RNA,0.003587813815101981
IL19_RNA,0.003571802284568548
EFEMP1_RNA,0.0035332180559635162
LYNX1_RNA,0.003522555809468031
RNF216_RNA,0.003515038639307022
C15orf48_RNA,0.0035029614809900522
MTMR11_RNA,0.003487201174721122
COPS8_RNA,0.0034795363899320364
SLC5A8_RNA,0.003467756789177656
H6PD_RNA,0.0034533485304564238
OGDH_RNA,0.00344939436763525
SAFB_RNA,0.003445938928052783
TBX18_RNA,0.003440293949097395
EDARADD_RNA,0.0033655373845249414
FBLN5_RNA,0.003357444191351533
ADPRH_RNA,0.0033306407276540995
DPH5_RNA,0.003319493494927883
MIR487B_RNA,0.003277395386248827
SMPDL3A_RNA,0.0032657510600984097
LINS1_RNA,0.003140178741887212
C4orf36_RNA,0.003131310688331723
GOLPH3_RNA,0.0030607436783611774
PTF1A_RNA,0.0030031593050807714
PELP1_RNA,0.0029873244930058718
RIC3_RNA,0.0029757667798548937
MIR483_RNA,0.002964865183457732
RINT1_RNA,0.0029630635399371386
C16orf82_RNA,0.0029142184648662806
OR9A2_RNA,0.0028564592357724905
NR1D2_RNA,0.002851721365004778
NOL11_RNA,0.002841541077941656
MIPOL1_RNA,0.0028216401115059853
CBX8_RNA,0.0027965176850557327
RPUSD3_RNA,0.002713184803724289
UBE2Z_RNA,0.002702862024307251
PAPOLG_RNA,0.0026603974401950836
TMEM53_RNA,0.0026494667399674654
NCF2_RNA,0.002620277926325798
PSKH2_RNA,0.002616612007841468
GAB4_RNA,0.0026071774773299694
SOCS6_RNA,0.0025964558590203524
L3MBTL3_RNA,0.002577784936875105
ADPGK_RNA,0.0025665101129561663
NR1H2_RNA,0.0025614530313760042
TAF1D_RNA,0.002540034241974354
SAG_RNA,0.002527443924918771
RSBN1_RNA,0.0025238441303372383
MIR628_RNA,0.002514271531254053
CTPS2_RNA,0.0024758626241236925
DDI2_RNA,0.0024329207371920347
CIAO1_RNA,0.0024144568014889956
GPR21_RNA,0.0024106332566589117
DUSP10_RNA,0.0023828523699194193
SGPP2_RNA,0.0023681954480707645
TBXAS1_RNA,0.0023652412928640842
ZNF548_RNA,0.002268604002892971
ATP2C1_RNA,0.00226837326772511
TSPAN16_RNA,0.002247023629024625
MIR1289-2_RNA,0.0022451907861977816
SEC31A_RNA,0.002216900000348687
ZNF540_RNA,0.0022107278928160667
CHTF18_RNA,0.002188686979934573
MORF4L2_RNA,0.0021761117968708277
EDNRB_RNA,0.002142044948413968
TP53BP2_RNA,0.0021118305157870054
ABCB10_RNA,0.0021111557725816965
GPR84_RNA,0.0021029231138527393
KLHL20_RNA,0.002059759572148323
PRSS21_RNA,0.0020553397480398417
INPP5E_RNA,0.002027782378718257
NHEG1_RNA,0.002018178813159466
CDK7_RNA,0.002002445748075843
SPESP1_RNA,0.0019943455699831247
DYNC1LI2_RNA,0.0019826532807201147
TBC1D2_RNA,0.0019809051882475615
TGIF1_RNA,0.0019747072365134954
KIF3A_RNA,0.001961924135684967
BMPER_RNA,0.001950440346263349
ARL3_RNA,0.0019445817451924086
EWSR1_RNA,0.0019181690877303481
MED24_RNA,0.0019168979488313198
CD44_RNA,0.00190408481284976
EPS15L1_RNA,0.001884966273792088
TMEM131_RNA,0.0018785520223900676
HSBP1_RNA,0.001876865397207439
DDR1_RNA,0.0018761965911835432
EYA4_RNA,0.0018660707864910364
LY6K_RNA,0.001835755305364728
TSN_RNA,0.0017994609661400318
NUP107_RNA,0.0017918309895321727
MIR657_RNA,0.0017822124063968658
FCHSD2_RNA,0.001781774335540831
GNG10_RNA,0.0017705303616821766
RFFL_RNA,0.0017600482096895576
COG3_RNA,0.0017571854405105114
MIR575_RNA,0.0017408928833901882
ADH1C_RNA,0.0017284878995269537
CRNN_RNA,0.0017244159244000912
CEACAM4_RNA,0.0017080402467399836
MBTPS1_RNA,0.0016799798468127847
SLC7A4_RNA,0.0016635851934552193
CHD2_RNA,0.0016401753528043628
ACD_RNA,0.0016334968386217952
MIR487A_RNA,0.0016093889717012644
SNORD116-11_RNA,0.001555881928652525
EIF2AK4_RNA,0.0015529142692685127
S100A11_RNA,0.001552187604829669
AHNAK_RNA,0.0015492462553083897
PRR22_RNA,0.0015353451017290354
VAMP5_RNA,0.0015040978323668242
CYP3A7_RNA,0.0014959743712097406
DNAJC24_RNA,0.0014086130540817976
KCP_RNA,0.0013874771539121866
B3GALT4_RNA,0.001370760379359126
TYW1B_RNA,0.001361555652692914
DNAJC1_RNA,0.0013453123392537236
EXOC3_RNA,0.0013437758898362517
C6orf141_RNA,0.001314923050813377
MC3R_RNA,0.0012719040969386697
RTTN_RNA,0.0012664420064538717
CLIP3_RNA,0.0012382735731080174
NKIRAS1_RNA,0.0011978272814303637
RHOH_RNA,0.0011969523038715124
SKIL_RNA,0.0011460304958745837
DPAGT1_RNA,0.0011459925444796681
MRS2_RNA,0.0011188533389940858
MCM6_RNA,0.0011176388943567872
SUGT1_RNA,0.0010802792385220528
ALG14_RNA,0.0010639684041962028
SPOCK3_RNA,9.345440194010735e-4
SLC38A11_RNA,8.836236083880067e-4
DCP2_RNA,8.64668982103467e-4
LRRC2_RNA,8.521020645275712e-4
PRPSAP1_RNA,8.224290795624256e-4
SLC5A2_RNA,8.06823605671525e-4
DSG4_RNA,7.774585392326117e-4
FASTKD1_RNA,7.606782019138336e-4
SLC13A5_RNA,7.402863120660186e-4
NCCRP1_RNA,7.380145834758878e-4
SHISA3_RNA,7.366251666098833e-4
HSPA9_RNA,6.716947536915541e-4
VPS45_RNA,6.680257502011955e-4
C12orf54_RNA,6.612383294850588e-4
IGFBP5_RNA,6.601665518246591e-4
USO1_RNA,6.572201964445412e-4
WWP1_RNA,6.295852363109589e-4
PCGF3_RNA,6.199614144861698e-4
IP6K2_RNA,6.170954438857734e-4
ALDH1A3_RNA,6.109076202847064e-4
KCNH6_RNA,5.975235835649073e-4
DYNLT3_RNA,5.861123208887875e-4
SGMS1_RNA,5.586277111433446e-4
ASGR2_RNA,5.310079432092607e-4
POLR2C_RNA,5.190101219341159e-4
NECAP1_RNA,5.143422167748213e-4
HSPH1_RNA,4.7837395686656237e-4
RSBN1L_RNA,4.1931483428925276e-4
INHBA_RNA,3.3288687700405717e-4
AS3MT_RNA,3.3069238997995853e-4
ZNF763_RNA,2.986965700984001e-4
TRAM1L1_RNA,2.8721796115860343e-4
FTSJ3_RNA,2.852839243132621e-4
FBXO10_RNA,2.5739334523677826e-4
IPO8_RNA,2.1155165450181812e-4
FOLR3_RNA,2.0470653544180095e-4
AKR7A2_RNA,1.9020518811885267e-4
HCK_RNA,1.8966085917782038e-4
TTC17_RNA,1.7356542230118066e-4
GGA1_RNA,1.6657139349263161e-4
KRT15_RNA,1.612629130249843e-4
GJA3_RNA,1.4498483506031334e-4
IFIT5_RNA,9.93465437204577e-5
TNS1_RNA,6.746235158061609e-5
TMEM8B_RNA,3.2572737836744636e-5
OSBPL1A_RNA,1.5917865312076174e-5
HERC4_RNA,-1.0663729881343897e-5
ZNF347_RNA,-1.9107183106825687e-5
ZNF284_RNA,-3.078081863350235e-5
BACE2_RNA,-3.2969473977573216e-5
PMP2_RNA,-5.2159921324346215e-5
WFDC12_RNA,-8.3704806456808e-5
SOST_RNA,-1.0923342779278755e-4
FDX1_RNA,-1.1138077388750389e-4
NUP85_RNA,-1.437216706108302e-4
SESTD1_RNA,-1.5074295515660197e-4
NTF3_RNA,-1.5537632862105966e-4
LIPA_RNA,-1.5753030311316252e-4
GK5_RNA,-1.6666385636199266e-4
MIXL1_RNA,-1.8895916582550853e-4
TM4SF4_RNA,-1.9305023306515068e-4
TMEM165_RNA,-1.9633560441434383e-4
REPIN1_RNA,-2.089851041091606e-4
ZMYND11_RNA,-2.0906145800836384e-4
KRAS_RNA,-2.5459396420046687e-4
MCCD1_RNA,-3.4296620287932456e-4
TMEM87B_RNA,-3.4339557169005275e-4
FBXO39_RNA,-3.46028886269778e-4
MIR326_RNA,-3.6494419327937067e-4
MIR145_RNA,-3.7366148899309337e-4
IL13RA1_RNA,-3.936483699362725e-4
RAPGEF3_RNA,-4.1033359593711793e-4
PPP2R3C_RNA,-4.222439893055707e-4
MS4A3_RNA,-4.351672250777483e-4
ISOC1_RNA,-5.135974497534335e-4
ABCC5_RNA,-5.229719681665301e-4
ZNF354B_RNA,-5.402480601333082e-4
LIG1_RNA,-5.413839826360345e-4
FAH_RNA,-5.778567283414304e-4
RIT1_RNA,-5.995657411403954e-4
HEXA_RNA,-6.473046378232539e-4
MIRLET7I_RNA,-6.596020539291203e-4
ABHD11_RNA,-6.838297704234719e-4
VWA5A_RNA,-7.014824659563601e-4
ANGEL2_RNA,-7.04018515534699e-4
TMEM64_RNA,-7.290523499250412e-4
ASB7_RNA,-7.504381937906146e-4
PRKAA2_RNA,-7.715893443673849e-4
SLC38A9_RNA,-7.841744809411466e-4
SLC15A4_RNA,-8.399369544349611e-4
FAM120AOS_RNA,-8.585733594372869e-4
MIR1286_RNA,-8.784330566413701e-4
KCNJ5_RNA,-8.91138450242579e-4
ZNF626_RNA,-9.854541858658195e-4
CAPN10_RNA,-9.858073899522424e-4
PHACTR2_RNA,-0.001009756582789123
HSD11B1_RNA,-0.001036996953189373
MIR1284_RNA,-0.0010398274753242731
SF3A3_RNA,-0.0010455598821863532
MT1X_RNA,-0.0010523678502067924
USHBP1_RNA,-0.0010600482346490026
SNED1_RNA,-0.0011048719752579927
AQP8_RNA,-0.0011150662321597338
CLDN6_RNA,-0.0011189079377800226
ZBTB16_RNA,-0.0011329861590638757
NAAA_RNA,-0.0011583887971937656
ZNF630_RNA,-0.0011914554052054882
ZIC1_RNA,-0.0012119304155930877
ZSWIM7_RNA,-0.0012241051299497485
PCGF6_RNA,-0.0012589425314217806
ATXN1L_RNA,-0.0012858036207035184
FBXO46_RNA,-0.001346783945336938
CCDC9_RNA,-0.0013582173269242048
UFSP1_RNA,-0.0013637659139931202
MTRR_RNA,-0.0013656672090291977
C14orf39_RNA,-0.0013678515097126365
AZIN1_RNA,-0.001387706259265542
NCKAP1L_RNA,-0.0014187910128384829
PRPF18_RNA,-0.0014252476394176483
ADARB2_RNA,-0.0014341026544570923
PAPOLA_RNA,-0.001446408568881452
ZNF180_RNA,-0.0015049043577164412
LINGO4_RNA,-0.0015114204725250602
CPEB2_RNA,-0.0015279666986316442
RAB5B_RNA,-0.0016435374272987247
VRK3_RNA,-0.0016965914983302355
TNFRSF9_RNA,-0.0017407533014193177
PDP1_RNA,-0.0017409785650670528
MAGT1_RNA,-0.0017786032985895872
F7_RNA,-0.0018231428693979979
TCEAL2_RNA,-0.0018327721627429128
IKBKG_RNA,-0.0018494552932679653
CRY2_RNA,-0.0018706514965742826
CD34_RNA,-0.0019029430113732815
DPM1_RNA,-0.0019373804097995162
SSC5D_RNA,-0.0019426471553742886
ZNF765_RNA,-0.0019902063068002462
ZNF740_RNA,-0.002015659585595131
DHH_RNA,-0.002033025026321411
HPS5_RNA,-0.002071602735668421
PAF1_RNA,-0.0020729524549096823
OBSL1_RNA,-0.0020886545535176992
SRP72_RNA,-0.0020910680759698153
LRRC37B_RNA,-0.002101462334394455
LRRC58_RNA,-0.0021383394487202168
WFDC8_RNA,-0.00214700261130929
MPZL3_RNA,-0.0021541526075452566
MIR618_RNA,-0.0021655019372701645
SORBS1_RNA,-0.0021807560697197914
HP1BP3_RNA,-0.0022110159043222666
MIR381_RNA,-0.00223668129183352
AASDHPPT_RNA,-0.0022604831028729677
LRPPRC_RNA,-0.002260807901620865
PIWIL3_RNA,-0.002266039839014411
CDK2AP1_RNA,-0.002270702039822936
BHLHE23_RNA,-0.002302212407812476
PRR23A_RNA,-0.002354487543925643
TEP1_RNA,-0.0023689877707511187
SLCO5A1_RNA,-0.0023796670138835907
SNORD113-1_RNA,-0.00238407333381474
SS18L2_RNA,-0.002395676914602518
ANKFY1_RNA,-0.002405231585726142
KRT75_RNA,-0.002423869213089347
PHKA2_RNA,-0.0024716989137232304
MAP3K7_RNA,-0.002480417024344206
AOC2_RNA,-0.0024939330760389566
FAM83E_RNA,-0.002511112717911601
SH2D2A_RNA,-0.0025221221148967743
DNASE2_RNA,-0.002527259523048997
GPR37L1_RNA,-0.00255366088822484
PXT1_RNA,-0.002564080525189638
KRBA1_RNA,-0.002572063822299242
CPO_RNA,-0.0026014824397861958
CCDC59_RNA,-0.0026027888525277376
NUFIP2_RNA,-0.0026296807918697596
C6orf58_RNA,-0.0027191024273633957
MAN2C1_RNA,-0.0027587702497839928
CHRDL2_RNA,-0.0027884221635758877
CACNA1G_RNA,-0.0028017330914735794
KLHL15_RNA,-0.0028232259210199118
APC_RNA,-0.002828075783327222
TRPM6_RNA,-0.0028346385806798935
PABPN1L_RNA,-0.0028377175331115723
RNF17_RNA,-0.002849688520655036
CRADD_RNA,-0.0028604641556739807
TRAPPC5_RNA,-0.0028764591552317142
MIR299_RNA,-0.002882597967982292
ZFP42_RNA,-0.0028837460558861494
TTF2_RNA,-0.002904632594436407
CHMP1A_RNA,-0.002941685263067484
KCTD14_RNA,-0.0029696691781282425
SLC22A14_RNA,-0.0029699644073843956
KCNK4_RNA,-0.002974665490910411
PNO1_RNA,-0.0029796534217894077
RBBP8_RNA,-0.002982967533171177
RAX2_RNA,-0.0029842450749129057
CEP152_RNA,-0.002990136854350567
LYRM2_RNA,-0.0030232062563300133
PHF23_RNA,-0.003030218416824937
CCR3_RNA,-0.0030554949771612883
MIPEP_RNA,-0.0030620975885540247
MBOAT4_RNA,-0.0030654037836939096
KIAA1755_RNA,-0.003065741155296564
ATXN7_RNA,-0.003086702898144722
WNK1_RNA,-0.0031123925000429153
ASAP1_RNA,-0.0031136730685830116
AQR_RNA,-0.0031248913146555424
BAZ1A_RNA,-0.0031370266806334257
ZFAND3_RNA,-0.0031381824519485235
FCER2_RNA,-0.003148544579744339
VAMP8_RNA,-0.0031926084775477648
CHST10_RNA,-0.003219104837626219
PENK_RNA,-0.0032401680946350098
HOXD3_RNA,-0.003308190032839775
SLC35F4_RNA,-0.0033140634186565876
ELL2_RNA,-0.0033380191307514906
ZFHX4_RNA,-0.0033550269436091185
NPY1R_RNA,-0.0034315448720008135
NWD1_RNA,-0.0034554798621684313
AP3S2_RNA,-0.003460054052993655
NDUFAF3_RNA,-0.003472008276730776
GABRQ_RNA,-0.003472419222816825
FAM181A_RNA,-0.003475874662399292
DNAJA2_RNA,-0.0034887869842350483
ZNF319_RNA,-0.0034963120706379414
RPL17_RNA,-0.00352609739638865
CD200R1_RNA,-0.0035284648183733225
IL32_RNA,-0.0035525797866284847
MIR1256_RNA,-0.0036059520207345486
CCDC68_RNA,-0.0036079559940844774
C6orf89_RNA,-0.003611412364989519
C3orf36_RNA,-0.0036119306460022926
ZNF225_RNA,-0.0036813467741012573
MORN4_RNA,-0.0036879340186715126
P2RY2_RNA,-0.0036959690041840076
ZBTB10_RNA,-0.0036989464424550533
SP3_RNA,-0.003716803388670087
FZD3_RNA,-0.0037544453516602516
WDFY4_RNA,-0.0037767693866044283
FRAT1_RNA,-0.0037963674403727055
CXCR2_RNA,-0.0038253525272011757
MYPOP_RNA,-0.0038574039936065674
SCFD1_RNA,-0.0038709468208253384
ZNF483_RNA,-0.003907846752554178
VPS29_RNA,-0.003910631872713566
SUB1_RNA,-0.003978685010224581
SON_RNA,-0.004008112475275993
C4orf3_RNA,-0.004016336519271135
RNPS1_RNA,-0.004017337691038847
RBMXL3_RNA,-0.004025095608085394
SKI_RNA,-0.004042781889438629
PAFAH2_RNA,-0.004044163040816784
INHBE_RNA,-0.004048734903335571
PARD3_RNA,-0.00409418810158968
NLRC4_RNA,-0.004109005443751812
PDIA5_RNA,-0.0041255890391767025
HGS_RNA,-0.0041393497958779335
PRG2_RNA,-0.004145894665271044
GNLY_RNA,-0.004153096582740545
MSRA_RNA,-0.004157880786806345
NR1D1_RNA,-0.004209375008940697
INTS2_RNA,-0.00423442292958498
WIPF1_RNA,-0.004246239084750414
RNASE6_RNA,-0.004253537859767675
CFL2_RNA,-0.004261256195604801
DEXI_RNA,-0.004264662507921457
CPA4_RNA,-0.004267941229045391
CRBN_RNA,-0.00427106861025095
MALT1_RNA,-0.004280434921383858
PRDM14_RNA,-0.004300565458834171
KPNA4_RNA,-0.0043296003714203835
IRS4_RNA,-0.004342976957559586
TNIP2_RNA,-0.00435617147013545
NAF1_RNA,-0.004362765233963728
LSM10_RNA,-0.004394918214529753
CARD18_RNA,-0.004406451713293791
C22orf15_RNA,-0.004409198649227619
BMS1P4_RNA,-0.004432179033756256
SOX12_RNA,-0.004452449735254049
EIF4A1_RNA,-0.004472045227885246
TEAD1_RNA,-0.004472874104976654
MIR383_RNA,-0.004498383030295372
ST3GAL6_RNA,-0.004552104976028204
YBX2_RNA,-0.004560654517263174
USP28_RNA,-0.004578178282827139
C15orf39_RNA,-0.004623390268534422
ZNF254_RNA,-0.004643147811293602
VPS13A_RNA,-0.004669483285397291
PRKAR2A_RNA,-0.004729762207716703
ELMO2_RNA,-0.004758436698466539
SCML1_RNA,-0.004778000991791487
ARHGAP25_RNA,-0.004819970112293959
STEAP3_RNA,-0.004828949924558401
TDRD7_RNA,-0.004839189816266298
MIR595_RNA,-0.004848958924412727
SDC3_RNA,-0.0048544565215706825
SEMA5B_RNA,-0.004854561761021614
PAXIP1_RNA,-0.004916762001812458
VPS52_RNA,-0.004945419728755951
TMEM129_RNA,-0.004951427690684795
C5orf34_RNA,-0.004967212211340666
TWIST2_RNA,-0.004990485496819019
USP45_RNA,-0.004990888759493828
PRR23C_RNA,-0.0050190892070531845
IBSP_RNA,-0.005072746425867081
PLEKHG5_RNA,-0.005144848488271236
TRIM33_RNA,-0.00516141951084137
DAZAP2_RNA,-0.005185623653233051
ACTL7B_RNA,-0.005223278421908617
ASB9_RNA,-0.005244674626737833
IL21_RNA,-0.005246627610176802
AKIRIN1_RNA,-0.005286946892738342
STRAP_RNA,-0.005298147909343243
ROCK1_RNA,-0.005324524361640215
GNPTG_RNA,-0.005363814998418093
VGLL3_RNA,-0.0053770458325743675
SNORD82_RNA,-0.0053808968514204025
NDUFA13_RNA,-0.005414571613073349
TOPORS_RNA,-0.005419923923909664
PTGER1_RNA,-0.0054389662109315395
RNPEP_RNA,-0.005455516744405031
MKRN1_RNA,-0.005503511056303978
NLRP3_RNA,-0.005506053101271391
ZNF500_RNA,-0.005509812850505114
SEC61A2_RNA,-0.005519040394574404
PC_RNA,-0.005525936838239431
PCDH10_RNA,-0.0055370754562318325
HIGD2B_RNA,-0.005553612019866705
KL_RNA,-0.005604380276054144
CYTH3_RNA,-0.005629617255181074
C10orf90_RNA,-0.005698737222701311
TUBGCP6_RNA,-0.0057107871398329735
MCM3_RNA,-0.005725884810090065
TARS2_RNA,-0.005753299221396446
JDP2_RNA,-0.005796749610453844
SEMA4B_RNA,-0.005800613667815924
AQP12A_RNA,-0.005866152234375477
MIA2_RNA,-0.005881588440388441
SH3GL3_RNA,-0.005909387022256851
HUS1_RNA,-0.005945643875747919
PCA3_RNA,-0.005945693701505661
OR2A5_RNA,-0.005950406659394503
UBXN1_RNA,-0.005952135194092989
CCDC27_RNA,-0.005977623164653778
AQP9_RNA,-0.005994190461933613
CPSF6_RNA,-0.0060209231451153755
NSUN3_RNA,-0.0060651409439742565
FANCG_RNA,-0.006074925418943167
KNDC1_RNA,-0.006089953240007162
ATL3_RNA,-0.006100696977227926
MIR1208_RNA,-0.006128128618001938
ADAM7_RNA,-0.006154018919914961
PER1_RNA,-0.006189911626279354
MIA3_RNA,-0.00619096402078867
SFT2D2_RNA,-0.0061917430721223354
UPP2_RNA,-0.006263451185077429
ZNF732_RNA,-0.006286653224378824
ACAP2_RNA,-0.006293146405369043
TAT_RNA,-0.006308737676590681
DHRS4_RNA,-0.006318612024188042
DSTN_RNA,-0.0063275182619690895
SLC6A18_RNA,-0.006346861831843853
SGK2_RNA,-0.0063485680148005486
RFESD_RNA,-0.0063648829236626625
KCNK1_RNA,-0.006450310815125704
PRR5-ARHGAP8_RNA,-0.006485600955784321
LYSMD4_RNA,-0.006506755948066711
CELP_RNA,-0.006520972121506929
RPS16_RNA,-0.006537103094160557
CASP8AP2_RNA,-0.006644903216511011
TRPC5_RNA,-0.006661769933998585
ZNF200_RNA,-0.0066656628623604774
LATS2_RNA,-0.006672890391200781
HHIPL1_RNA,-0.006692866329103708
SERPINB2_RNA,-0.00671025225892663
PSMB10_RNA,-0.006748352199792862
LRRK1_RNA,-0.006748509593307972
TMEM216_RNA,-0.006754724774509668
ZNF175_RNA,-0.0067563303746283054
MATR3_RNA,-0.0067817410454154015
MPDZ_RNA,-0.0067867254838347435
KLHL28_RNA,-0.006823002360761166
ZNF599_RNA,-0.006826650816947222
TIPIN_RNA,-0.006828284822404385
TPH2_RNA,-0.006837799679487944
DDX56_RNA,-0.006840332876890898
SUMO1_RNA,-0.006878527346998453
LAMP3_RNA,-0.006887536030262709
HCRT_RNA,-0.006888555828481913
ZAR1_RNA,-0.006889874115586281
ADH1B_RNA,-0.006904725916683674
MEPE_RNA,-0.006919678300619125
DDX19B_RNA,-0.006965123116970062
ANKRD18A_RNA,-0.0069653186947107315
RRAGD_RNA,-0.007029394619166851
SPARCL1_RNA,-0.007039548363536596
FST_RNA,-0.0070538464933633804
C11orf16_RNA,-0.007066981866955757
NBPF1_RNA,-0.007113249506801367
WWC1_RNA,-0.0071324617601931095
C8orf33_RNA,-0.007139197085052729
MUC17_RNA,-0.0071702864952385426
ZNF646_RNA,-0.007200360298156738
BSCL2_RNA,-0.007203046232461929
MIR153-2_RNA,-0.007206890732049942
TRIOBP_RNA,-0.007208895403891802
LRRFIP1_RNA,-0.0072602033615112305
PAX5_RNA,-0.007283900398761034
HPS4_RNA,-0.007287961430847645
RNF168_RNA,-0.007302075624465942
AMMECR1_RNA,-0.007302208337932825
MYO1E_RNA,-0.007337787188589573
MIR1827_RNA,-0.007359999697655439
FBXO28_RNA,-0.007365059107542038
FAM135A_RNA,-0.007373802829533815
VAT1_RNA,-0.0073844254948198795
TOP1_RNA,-0.007404493633657694
PIK3C2A_RNA,-0.007426148280501366
CUL1_RNA,-0.007430371828377247
SLC26A8_RNA,-0.00745495455339551
PTPRF_RNA,-0.0074638123624026775
WDR70_RNA,-0.007466808892786503
RASGEF1B_RNA,-0.007489592302590609
ZNF800_RNA,-0.007513207383453846
LRRC47_RNA,-0.00751325860619545
C8B_RNA,-0.007537319324910641
PIK3IP1_RNA,-0.007541915867477655
AKAP10_RNA,-0.0075525399297475815
MIR1197_RNA,-0.007586453575640917
TRIP6_RNA,-0.007599468808621168
INO80D_RNA,-0.007637877948582172
SLC4A2_RNA,-0.0077558523043990135
MAGEB2_RNA,-0.0077820452861487865
ZNF768_RNA,-0.007803597953170538
GTF2A2_RNA,-0.007817097008228302
FDXACB1_RNA,-0.00785349402576685
ZNF735_RNA,-0.007895050570368767
ZFP82_RNA,-0.00791161973029375
C3_RNA,-0.007915564812719822
TCEA2_RNA,-0.007929384708404541
CHRNA1_RNA,-0.007938954047858715
AGPAT3_RNA,-0.007939964532852173
DIS3L2_RNA,-0.008014872670173645
NDUFC2_RNA,-0.00801736582070589
ZC3H4_RNA,-0.008017449639737606
SCAMP1_RNA,-0.008035650476813316
FUBP3_RNA,-0.008056066930294037
BLOC1S3_RNA,-0.008118233643472195
CNOT7_RNA,-0.008149194531142712
TBC1D5_RNA,-0.008181675337255001
TBC1D8_RNA,-0.008191239088773727
GLIS2_RNA,-0.008201757445931435
CPAMD8_RNA,-0.008216364309191704
TRIM59_RNA,-0.008234229870140553
SETDB1_RNA,-0.008247694931924343
CD8A_RNA,-0.00825428869575262
SLAIN2_RNA,-0.00827119406312704
AKR1C2_RNA,-0.008279029279947281
RSPRY1_RNA,-0.008328447118401527
RAB21_RNA,-0.00833460409194231
KPNA5_RNA,-0.00833672471344471
KREMEN1_RNA,-0.008349972777068615
MIR598_RNA,-0.008367731235921383
PPP1R11_RNA,-0.008418306708335876
ZNF131_RNA,-0.008425842970609665
ZNF281_RNA,-0.008449578657746315
IRX2_RNA,-0.008463340811431408
CSK_RNA,-0.008467517793178558
SIM1_RNA,-0.008505657315254211
IRF3_RNA,-0.008523751050233841
ATP6AP2_RNA,-0.008527539670467377
STEAP1_RNA,-0.008556061424314976
ABCA12_RNA,-0.008614144288003445
ALAD_RNA,-0.008624745532870293
PIAS3_RNA,-0.008638882078230381
OXSR1_RNA,-0.008652611635625362
FAM161B_RNA,-0.008655971847474575
GNAI3_RNA,-0.008669810369610786
EMX1_RNA,-0.00868234597146511
SEC22C_RNA,-0.00868867989629507
TSTD2_RNA,-0.008698498830199242
CLEC4C_RNA,-0.008699706755578518
MIR181A2_RNA,-0.008704280480742455
FAM168B_RNA,-0.008825286291539669
FOXD1_RNA,-0.00882596056908369
AWAT1_RNA,-0.008829168044030666
PRKRA_RNA,-0.008877086453139782
BMP3_RNA,-0.008910841308534145
SERPINA1_RNA,-0.008912762627005577
SNX33_RNA,-0.008935500867664814
MIR1250_RNA,-0.008940352126955986
ZC3H3_RNA,-0.008944346569478512
SNORD116-10_RNA,-0.00894617848098278
GPKOW_RNA,-0.008973523043096066
CEP250_RNA,-0.008977415971457958
PLAC4_RNA,-0.008979415521025658
MAGEH1_RNA,-0.009019196033477783
MIR181B1_RNA,-0.00903323758393526
SNX18_RNA,-0.00903830025345087
ZNF638_RNA,-0.009084745310246944
BRIX1_RNA,-0.009104998782277107
TEX101_RNA,-0.009128361940383911
TFAP2A_RNA,-0.009128734469413757
IL20_RNA,-0.009141422808170319
PEX5_RNA,-0.009147677570581436
ZDHHC7_RNA,-0.009153991006314754
PRKRIP1_RNA,-0.009156821295619011
ARIH1_RNA,-0.009164387360215187
PXMP4_RNA,-0.009166918694972992
TOMM34_RNA,-0.009180288761854172
POLR2K_RNA,-0.009196667931973934
HYMAI_RNA,-0.009223155677318573
NUS1_RNA,-0.009225728921592236
SNAPC5_RNA,-0.009227482602000237
NGF_RNA,-0.009228771552443504
VIPR1_RNA,-0.009246816858649254
UTP15_RNA,-0.009266017004847527
DNAJB8_RNA,-0.009291814640164375
SLN_RNA,-0.009308315813541412
CRYAB_RNA,-0.009311286732554436
NRXN1_RNA,-0.009317364543676376
HES7_RNA,-0.009365793317556381
MTMR14_RNA,-0.00936763547360897
PRKAB2_RNA,-0.00939374789595604
CD247_RNA,-0.009396659210324287
IRF6_RNA,-0.009449126198887825
WDR4_RNA,-0.009466717019677162
FICD_RNA,-0.009489483200013638
JMJD4_RNA,-0.009551861323416233
NFAM1_RNA,-0.009580070152878761
SLCO6A1_RNA,-0.009588231332600117
GTPBP10_RNA,-0.009614577516913414
FAF2_RNA,-0.009616289287805557
THTPA_RNA,-0.009621795266866684
ZNF556_RNA,-0.009631154127418995
KCNK5_RNA,-0.009653251618146896
MIR9-1_RNA,-0.009677399881184101
GLYR1_RNA,-0.00968271866440773
SSH3_RNA,-0.009722063317894936
GABRA4_RNA,-0.009731144644320011
GPN2_RNA,-0.009733893908560276
SMARCA2_RNA,-0.009741107933223248
RAB9A_RNA,-0.009798661805689335
RIBC2_RNA,-0.009875643067061901
TPPP_RNA,-0.009885009378194809
FKTN_RNA,-0.009908763691782951
METAP2_RNA,-0.00997097510844469
C11orf58_RNA,-0.009973997250199318
ATF1_RNA,-0.009982415474951267
ARL6IP1_RNA,-0.009985823184251785
AP3M2_RNA,-0.010000763460993767
ARMCX1_RNA,-0.010019076056778431
C1QB_RNA,-0.010068107396364212
UBL3_RNA,-0.010140864178538322
KRT77_RNA,-0.010144864208996296
MIR1276_RNA,-0.010147955268621445
DSG3_RNA,-0.010163535363972187
LMAN2L_RNA,-0.010166999883949757
NLRP7_RNA,-0.010202200151979923
ENAH_RNA,-0.010203205049037933
IQCF1_RNA,-0.010227637365460396
DNTTIP1_RNA,-0.010235244408249855
CAT_RNA,-0.01024023536592722
ZNF169_RNA,-0.010246433317661285
TMEM143_RNA,-0.010253076441586018
MLC1_RNA,-0.010268038138747215
ZBTB45_RNA,-0.010314689949154854
CSTA_RNA,-0.01032422948628664
LST1_RNA,-0.010337892919778824
LRIT2_RNA,-0.010375886224210262
XIRP1_RNA,-0.010379631072282791
HES4_RNA,-0.010397616773843765
KRTAP11-1_RNA,-0.010417982935905457
C16orf54_RNA,-0.01042085699737072
CCDC6_RNA,-0.010447551496326923
SPEM1_RNA,-0.010465335100889206
SCGB1A1_RNA,-0.010508923791348934
MYO6_RNA,-0.010529165156185627
VPS26A_RNA,-0.010550598613917828
ZNRF4_RNA,-0.010561991482973099
SPINK9_RNA,-0.010604402050375938
SDR42E1_RNA,-0.010611889883875847
ATXN2_RNA,-0.010623007081449032
IL12RB1_RNA,-0.010664490982890129
ZAP70_RNA,-0.010668658651411533
CUL3_RNA,-0.010678174905478954
SEMA4G_RNA,-0.010679328814148903
LRRC3_RNA,-0.010700700804591179
PELI2_RNA,-0.010763936676084995
OR6B3_RNA,-0.010774316266179085
GALNT1_RNA,-0.010801357217133045
TBC1D22B_RNA,-0.010826602578163147
ARFRP1_RNA,-0.010842588730156422
ENTPD1_RNA,-0.010912209749221802
PCSK9_RNA,-0.010917841456830502
GLRA1_RNA,-0.010968618094921112
CFI_RNA,-0.010977654717862606
SNAPC4_RNA,-0.010998823679983616
FAM124B_RNA,-0.011014825664460659
PDIK1L_RNA,-0.011021412909030914
MYO10_RNA,-0.011056453920900822
CDK2AP2_RNA,-0.011065522208809853
PCNP_RNA,-0.011091765016317368
OR1D2_RNA,-0.011102220974862576
ZNF263_RNA,-0.01113779004663229
POLI_RNA,-0.01115083321928978
SORCS3_RNA,-0.011159847490489483
LRP6_RNA,-0.01117335818707943
CAPN11_RNA,-0.011177942156791687
HMGN4_RNA,-0.011189715936779976
EFR3A_RNA,-0.011191443540155888
SIRT7_RNA,-0.011222678236663342
SPRR2A_RNA,-0.011222980916500092
ATF7IP_RNA,-0.011245496571063995
CLPX_RNA,-0.011260625906288624
NOG_RNA,-0.011303753592073917
ARSG_RNA,-0.011304482817649841
ITIH3_RNA,-0.011324719525873661
DYRK1A_RNA,-0.011325594037771225
PPFIA2_RNA,-0.011329143308103085
COIL_RNA,-0.011342931538820267
KRTAP1-5_RNA,-0.011398332193493843
AVPR1B_RNA,-0.011459818109869957
KCNJ15_RNA,-0.011462392285466194
NEB_RNA,-0.011527959257364273
CRY1_RNA,-0.01153104193508625
PRRC1_RNA,-0.011554691009223461
ZBTB6_RNA,-0.011556601151823997
KLHL6_RNA,-0.011571688577532768
TRIM55_RNA,-0.011573780328035355
HNRNPUL1_RNA,-0.01159190945327282
UBASH3A_RNA,-0.011609729379415512
ISG15_RNA,-0.011613000184297562
FABP4_RNA,-0.01163350697606802
FGR_RNA,-0.01163452584296465
MAGEB6_RNA,-0.011653675697743893
ZNF696_RNA,-0.011701603420078754
IL22_RNA,-0.011724546551704407
NCAPD2_RNA,-0.01175742782652378
MSH2_RNA,-0.011794381774961948
MAEA_RNA,-0.011823832057416439
TOP2B_RNA,-0.011829830706119537
TM4SF18_RNA,-0.011833122931420803
AIMP2_RNA,-0.011879109777510166
RB1CC1_RNA,-0.01188589446246624
MCOLN1_RNA,-0.011892993934452534
EAPP_RNA,-0.011894936673343182
GUCA1B_RNA,-0.011945337057113647
NR2E3_RNA,-0.012038804590702057
TAPBP_RNA,-0.012132065370678902
COPS6_RNA,-0.012141167186200619
C18orf32_RNA,-0.012155127711594105
MAPRE3_RNA,-0.012156004086136818
UST_RNA,-0.01216634176671505
BAZ1B_RNA,-0.012262704782187939
MIR2052_RNA,-0.01226797141134739
COX6C_RNA,-0.012282966636121273
FANCL_RNA,-0.012286264449357986
TMEM109_RNA,-0.012305564247071743
OTUD5_RNA,-0.01234460063278675
PHF21B_RNA,-0.012358888052403927
MIR329-1_RNA,-0.012405241839587688
UQCRB_RNA,-0.012407680973410606
TMEM104_RNA,-0.012409648858010769
LBR_RNA,-0.01246149092912674
DTNBP1_RNA,-0.012482690624892712
DUS1L_RNA,-0.01250349823385477
RIN3_RNA,-0.012514469213783741
PITPNC1_RNA,-0.012524361722171307
TBL1XR1_RNA,-0.012541481293737888
FAM111B_RNA,-0.012544029392302036
ZNF550_RNA,-0.012547299265861511
MIR27B_RNA,-0.012572956271469593
HLA-B_RNA,-0.012574717402458191
ZNF441_RNA,-0.012582981958985329
CUL4A_RNA,-0.012588988989591599
TRMT6_RNA,-0.012644360773265362
YTHDC2_RNA,-0.012662632390856743
CXCL10_RNA,-0.012663041241466999
IDI1_RNA,-0.012702766805887222
KCNQ1_RNA,-0.012715141288936138
SYNGR4_RNA,-0.012756572104990482
UHMK1_RNA,-0.012758114375174046
ZNF770_RNA,-0.012758234515786171
EID2_RNA,-0.01277115661650896
TBX19_RNA,-0.012788522988557816
HHIP_RNA,-0.012812829576432705
ZBTB12_RNA,-0.012857676483690739
APOBEC3F_RNA,-0.012868737801909447
ADSL_RNA,-0.012920175679028034
CYYR1_RNA,-0.012926061637699604
HELLS_RNA,-0.01292687188833952
YTHDF1_RNA,-0.012937130406498909
CTBP2_RNA,-0.012937722727656364
SLCO2B1_RNA,-0.012940483167767525
SSBP1_RNA,-0.012974059209227562
MIR337_RNA,-0.012979097664356232
NCOA1_RNA,-0.012982271611690521
KLK13_RNA,-0.012991687282919884
COG7_RNA,-0.01300081703811884
TSPAN14_RNA,-0.013009187765419483
HDAC1_RNA,-0.013010608963668346
RPF1_RNA,-0.013046768493950367
PPP4R4_RNA,-0.01304948516190052
DBF4B_RNA,-0.013070743530988693
GPR37_RNA,-0.01307955663651228
NAA35_RNA,-0.013096007518470287
RCSD1_RNA,-0.013170404359698296
HNF4G_RNA,-0.013211331330239773
CUZD1_RNA,-0.013219539076089859
C8orf48_RNA,-0.013259517960250378
FCER1A_RNA,-0.013277710415422916
SLC35A2_RNA,-0.013282383792102337
FAM149B1_RNA,-0.01331572700291872
OR5K2_RNA,-0.013326212763786316
HIGD1A_RNA,-0.013459768146276474
YAF2_RNA,-0.013481315225362778
PCDHGA4_RNA,-0.013493558391928673
GABRP_RNA,-0.013505974784493446
AOAH_RNA,-0.013513986952602863
RSPO3_RNA,-0.013544230721890926
SLC35A4_RNA,-0.01355174370110035
A1BG_RNA,-0.013575860299170017
TNNI2_RNA,-0.013591603375971317
MICAL1_RNA,-0.013627671636641026
POMC_RNA,-0.013679386116564274
ZNF497_RNA,-0.013709822669625282
NOL7_RNA,-0.013722013682126999
SLC35F5_RNA,-0.013734647072851658
FGF23_RNA,-0.013830479234457016
PIK3CB_RNA,-0.013874572701752186
INO80E_RNA,-0.013880104757845402
NVL_RNA,-0.013928236439824104
SNORD111_RNA,-0.013942874036729336
CRYBA4_RNA,-0.013953790068626404
MOGAT3_RNA,-0.01398217398673296
MTRF1_RNA,-0.013992668129503727
ZC3H7A_RNA,-0.013993507251143456
B3GNT2_RNA,-0.013994583860039711
C1orf159_RNA,-0.014121199026703835
REP15_RNA,-0.014125683344900608
FECH_RNA,-0.014136059209704399
OR2L8_RNA,-0.014155917800962925
ZDHHC4_RNA,-0.014167691580951214
POLR3E_RNA,-0.014177538454532623
RNF130_RNA,-0.014189581386744976
PRM1_RNA,-0.014206364750862122
NPEPPS_RNA,-0.01420897338539362
SLC2A14_RNA,-0.014309394173324108
TMPRSS11F_RNA,-0.014317126013338566
COG5_RNA,-0.014317578636109829
CYP3A43_RNA,-0.014326797798275948
WRAP53_RNA,-0.014327247627079487
MFHAS1_RNA,-0.014349629171192646
SMPD4_RNA,-0.014357969164848328
CNTNAP4_RNA,-0.014369885437190533
ILKAP_RNA,-0.014503790065646172
TMEM184A_RNA,-0.014511060900986195
FBXO8_RNA,-0.014514503069221973
SNX16_RNA,-0.014604777097702026
MIR645_RNA,-0.014632712118327618
PRC1_RNA,-0.014683885499835014
FLYWCH1_RNA,-0.01470117922872305
KIF21A_RNA,-0.01472932007163763
FAM180A_RNA,-0.014806007035076618
SUSD3_RNA,-0.014811656437814236
APOBEC3D_RNA,-0.014823351055383682
GTF2IRD1_RNA,-0.014834635891020298
MIR641_RNA,-0.0148368701338768
HAMP_RNA,-0.01484072394669056
AFTPH_RNA,-0.01485523022711277
BCL7B_RNA,-0.014859256334602833
SCN3A_RNA,-0.01485984306782484
CCR6_RNA,-0.01487571932375431
CORO6_RNA,-0.014888022094964981
SHPK_RNA,-0.014888553880155087
RAB22A_RNA,-0.014889759942889214
CCDC47_RNA,-0.01491270400583744
BCKDHA_RNA,-0.014926713891327381
ZNF446_RNA,-0.014929058030247688
EMP2_RNA,-0.014941987581551075
DTX3L_RNA,-0.014964410103857517
NEGR1_RNA,-0.014983360655605793
NFS1_RNA,-0.015008144080638885
FOXO4_RNA,-0.01503762323409319
CCDC126_RNA,-0.015048209577798843
IRF2BP2_RNA,-0.015049601905047894
ADAM30_RNA,-0.015097050927579403
NANOG_RNA,-0.015103916637599468
HDGFL1_RNA,-0.015107832849025726
STK19_RNA,-0.015161458402872086
ZBTB1_RNA,-0.01521817035973072
ZNF582_RNA,-0.01526686456054449
CYP2C18_RNA,-0.015285385772585869
SLC22A12_RNA,-0.015293074771761894
CCNC_RNA,-0.015300268307328224
MIR548J_RNA,-0.015404674224555492
PTPN22_RNA,-0.015412435866892338
GAA_RNA,-0.015426398254930973
REEP1_RNA,-0.015563699416816235
DEFB119_RNA,-0.015570598654448986
WDR26_RNA,-0.015598513185977936
FIZ1_RNA,-0.015644896775484085
MIR329-2_RNA,-0.015715479850769043
SLC44A4_RNA,-0.015743227675557137
ZNF177_RNA,-0.01574866473674774
CRISPLD1_RNA,-0.015756402164697647
VOPP1_RNA,-0.015758976340293884
SETD5_RNA,-0.015761984512209892
TOP1MT_RNA,-0.01577005721628666
HORMAD1_RNA,-0.015791073441505432
ASH2L_RNA,-0.015833649784326553
TGOLN2_RNA,-0.01589323952794075
ZACN_RNA,-0.016029132530093193
DPP8_RNA,-0.016078783199191093
NUP62_RNA,-0.016117844730615616
CAPZA1_RNA,-0.01615181751549244
NOLC1_RNA,-0.01621864177286625
XPO7_RNA,-0.016230246052145958
CHUK_RNA,-0.016235588118433952
MAGI3_RNA,-0.01628982648253441
SNHG12_RNA,-0.016300275921821594
C2orf69_RNA,-0.01630287617444992
FN3KRP_RNA,-0.016330614686012268
KCNQ5_RNA,-0.01634763740003109
POLR3B_RNA,-0.016367148607969284
CUEDC1_RNA,-0.016410494223237038
ANKRD29_RNA,-0.016411159187555313
DHX57_RNA,-0.01643366552889347
NOSTRIN_RNA,-0.016452686861157417
KIAA1217_RNA,-0.0164633896201849
PLEKHG7_RNA,-0.016532083973288536
OSGEP_RNA,-0.0166054368019104
HECTD2_RNA,-0.016639389097690582
MSTO1_RNA,-0.01668235845863819
GJB7_RNA,-0.016689326614141464
ZNF90_RNA,-0.01674209162592888
ANKLE1_RNA,-0.01676478050649166
CSGALNACT2_RNA,-0.01676889695227146
MFSD1_RNA,-0.016772150993347168
MEP1A_RNA,-0.016834191977977753
DPY19L4_RNA,-0.016870807856321335
MTUS1_RNA,-0.016872921958565712
MAFA_RNA,-0.01687583699822426
RPL10L_RNA,-0.016915515065193176
DARS2_RNA,-0.016939492896199226
SLC2A12_RNA,-0.016950327903032303
FXYD2_RNA,-0.0169628094881773
TFAP2D_RNA,-0.016973774880170822
OR2AG2_RNA,-0.01698566973209381
RBM8A_RNA,-0.01699141412973404
HES3_RNA,-0.017003124579787254
STK11IP_RNA,-0.017012041062116623
MECP2_RNA,-0.01706831343472004
RNF20_RNA,-0.017069661989808083
TFCP2L1_RNA,-0.01707782782614231
KLHL23_RNA,-0.017125509679317474
KCNE1_RNA,-0.01712939329445362
RPAP1_RNA,-0.017171939834952354
IRAK1_RNA,-0.017180874943733215
MIR617_RNA,-0.01721309684216976
RNF182_RNA,-0.017228152602910995
MRPS5_RNA,-0.017229199409484863
ARFIP1_RNA,-0.017229771241545677
LRRC8C_RNA,-0.017239024862647057
PDCL2_RNA,-0.01724190264940262
FAM185A_RNA,-0.017260989174246788
SLC41A2_RNA,-0.01726941578090191
GRIN2A_RNA,-0.017319854348897934
WDFY1_RNA,-0.017320511862635612
AP1G1_RNA,-0.017328234389424324
TCF21_RNA,-0.01735731214284897
ZNF782_RNA,-0.017493734136223793
PALLD_RNA,-0.017497429624199867
HS2ST1_RNA,-0.017529170960187912
ESYT3_RNA,-0.01754721812903881
KBTBD2_RNA,-0.017606627196073532
STOX2_RNA,-0.017699865624308586
TFPI_RNA,-0.017749762162566185
MRPS18C_RNA,-0.017756132408976555
DCAF12_RNA,-0.01780673675239086
SYAP1_RNA,-0.01782841607928276
RAB11A_RNA,-0.01784074865281582
TRIM47_RNA,-0.017872074618935585
GLT8D2_RNA,-0.01789248362183571
IL12B_RNA,-0.01791565679013729
YES1_RNA,-0.017931900918483734
RFX7_RNA,-0.017934465780854225
DCD_RNA,-0.017979349941015244
TRERF1_RNA,-0.01809411682188511
MIR218-2_RNA,-0.018120387569069862
IRAK1BP1_RNA,-0.018127258867025375
TIPRL_RNA,-0.018177010118961334
FUT10_RNA,-0.018221642822027206
MUC15_RNA,-0.018228741362690926
EXOC8_RNA,-0.018231548368930817
LDLRAP1_RNA,-0.018232909962534904
IL10RB_RNA,-0.018233515322208405
ST6GALNAC6_RNA,-0.01828509010374546
DECR1_RNA,-0.018295027315616608
ZNF140_RNA,-0.018299739807844162
KDM4D_RNA,-0.018355226144194603
SEMA3A_RNA,-0.018370574340224266
MFSD2B_RNA,-0.018393080681562424
SNX19_RNA,-0.018397362902760506
NDRG4_RNA,-0.018412187695503235
SNORD115-37_RNA,-0.01846364699304104
LZTR1_RNA,-0.018500933423638344
RNF6_RNA,-0.018544184044003487
ZNF174_RNA,-0.018548589199781418
POU5F2_RNA,-0.01856134459376335
NT5M_RNA,-0.018576130270957947
MORC4_RNA,-0.018578436225652695
CALCR_RNA,-0.018596161156892776
DERL1_RNA,-0.01859932579100132
SLC35D3_RNA,-0.01861323043704033
MN1_RNA,-0.01862669177353382
SNX2_RNA,-0.018684420734643936
C2orf66_RNA,-0.01869145594537258
OSGIN1_RNA,-0.018709346652030945
RFC1_RNA,-0.018723955377936363
NFRKB_RNA,-0.018742257729172707
LHPP_RNA,-0.01874557137489319
BHLHA9_RNA,-0.018757157027721405
PADI3_RNA,-0.018766989931464195
FBXO40_RNA,-0.018782809376716614
MIER3_RNA,-0.018857162445783615
TRIM21_RNA,-0.018860772252082825
FCHSD1_RNA,-0.01891402155160904
CD177_RNA,-0.018965061753988266
PLA2G12A_RNA,-0.018967701122164726
HCG11_RNA,-0.01899709366261959
PRR18_RNA,-0.01900096796452999
SF3B2_RNA,-0.01901051215827465
MYCN_RNA,-0.019024580717086792
IVNS1ABP_RNA,-0.01902836374938488
TXNL1_RNA,-0.01903887465596199
SUCLG2_RNA,-0.01907750405371189
POP5_RNA,-0.01907983422279358
TRIM65_RNA,-0.019084900617599487
TRIM10_RNA,-0.019109567627310753
VPS39_RNA,-0.019110091030597687
GORASP1_RNA,-0.019132940098643303
SMCR5_RNA,-0.01916167512536049
MRPS10_RNA,-0.019221549853682518
C10orf53_RNA,-0.019244501367211342
TIAL1_RNA,-0.019321560859680176
TTLL7_RNA,-0.01939435675740242
PLA2G4C_RNA,-0.019399339333176613
SLFNL1_RNA,-0.01943199895322323
VPS33B_RNA,-0.019434655085206032
MIR146B_RNA,-0.01948811113834381
ATG4A_RNA,-0.019491281360387802
RP1L1_RNA,-0.019570564851164818
GNAQ_RNA,-0.019619854167103767
JUND_RNA,-0.019641393795609474
SRP54_RNA,-0.019774822518229485
VWA2_RNA,-0.019833842292428017
SLC16A8_RNA,-0.01984810270369053
PYCARD_RNA,-0.01987389102578163
ZNF341_RNA,-0.019909024238586426
PPIH_RNA,-0.019920915365219116
CRX_RNA,-0.019957859069108963
PPIE_RNA,-0.019965332001447678
LRG1_RNA,-0.019985873252153397
NCAM2_RNA,-0.020090341567993164
ABCG2_RNA,-0.020123908296227455
ARHGAP6_RNA,-0.020140275359153748
FGL1_RNA,-0.02015656605362892
LYPD3_RNA,-0.020169131457805634
FASTK_RNA,-0.020188219845294952
MMGT1_RNA,-0.0202286709100008
MIR496_RNA,-0.020240135490894318
ZNF280B_RNA,-0.020253848284482956
BHLHE40_RNA,-0.020283514633774757
SLC33A1_RNA,-0.020295189693570137
FAM131C_RNA,-0.020301129668951035
MYBL1_RNA,-0.02030230313539505
TMUB2_RNA,-0.02034258097410202
CLEC4E_RNA,-0.020344441756606102
SPATA20_RNA,-0.020344503223896027
TRNT1_RNA,-0.020350245758891106
PRKG1_RNA,-0.02040400542318821
TMUB1_RNA,-0.020420026034116745
ZFP28_RNA,-0.020468801259994507
FBXL4_RNA,-0.020479245111346245
KRTAP7-1_RNA,-0.020480500534176826
ZBTB9_RNA,-0.020488297566771507
SNF8_RNA,-0.020500916987657547
EID1_RNA,-0.02052386850118637
KIF24_RNA,-0.020527780055999756
SNAP29_RNA,-0.020529121160507202
GRIPAP1_RNA,-0.020579136908054352
NGLY1_RNA,-0.020600615069270134
ANO8_RNA,-0.02062160335481167
CCDC137_RNA,-0.020671511068940163
GPX8_RNA,-0.020701207220554352
PTPN21_RNA,-0.020710647106170654
RAB40B_RNA,-0.02072235196828842
PABPC1_RNA,-0.020743273198604584
IGFBP1_RNA,-0.020755676552653313
TMOD1_RNA,-0.020796068012714386
RAD51AP2_RNA,-0.020822372287511826
FBXL6_RNA,-0.020850196480751038
RBPJ_RNA,-0.020850451663136482
NSMAF_RNA,-0.020851971581578255
GOLGA1_RNA,-0.020873883739113808
FNDC1_RNA,-0.02089756168425083
F2R_RNA,-0.020908718928694725
TTC8_RNA,-0.02091078832745552
NKX3-2_RNA,-0.02092219516634941
ADAT2_RNA,-0.02102167159318924
PLP1_RNA,-0.021051865071058273
RFC5_RNA,-0.021079031750559807
ZNF503_RNA,-0.021082719787955284
TRIP11_RNA,-0.021101174876093864
TAC3_RNA,-0.02112249657511711
MED26_RNA,-0.021197758615016937
AGTRAP_RNA,-0.021200628951191902
LCT_RNA,-0.02120080217719078
HNF4A_RNA,-0.021232131868600845
EFNA3_RNA,-0.02123347483575344
GRSF1_RNA,-0.021280501037836075
MIR603_RNA,-0.021300705149769783
ZC3H12B_RNA,-0.021345632150769234
CFLAR_RNA,-0.021350611001253128
PTAFR_RNA,-0.021359946578741074
SCO1_RNA,-0.021395623683929443
SNORD115-2_RNA,-0.02140127494931221
NCKAP1_RNA,-0.021442696452140808
LRRC3B_RNA,-0.021490594372153282
MIR634_RNA,-0.021550912410020828
AFM_RNA,-0.02158062346279621
RNF146_RNA,-0.02162955142557621
ZDHHC17_RNA,-0.021641409024596214
CAPG_RNA,-0.0216540340334177
WDR89_RNA,-0.02166394516825676
NQO1_RNA,-0.021686356514692307
XIST_RNA,-0.02169215865433216
C19orf38_RNA,-0.021705159917473793
SRFBP1_RNA,-0.0217402633279562
PRSS22_RNA,-0.02176569402217865
CTSZ_RNA,-0.021771494299173355
XRCC1_RNA,-0.02178196795284748
TPCN2_RNA,-0.021785134449601173
RFPL4B_RNA,-0.021786926314234734
PAPLN_RNA,-0.021798335015773773
TIFAB_RNA,-0.021812893450260162
IL2RB_RNA,-0.021845104172825813
FAM120C_RNA,-0.02184569090604782
MAGEF1_RNA,-0.021878845989704132
ZNF267_RNA,-0.021916566416621208
EML3_RNA,-0.021918755024671555
RENBP_RNA,-0.021945135667920113
ALDH5A1_RNA,-0.021952826529741287
PSMD9_RNA,-0.021998990327119827
UFC1_RNA,-0.022001640871167183
ABRA_RNA,-0.022029101848602295
NUDT4_RNA,-0.02211562916636467
POLD3_RNA,-0.02212020568549633
FGF17_RNA,-0.022138848900794983
DNAH14_RNA,-0.022173967212438583
PCDHB2_RNA,-0.022182613611221313
PHOX2A_RNA,-0.02222219482064247
GREM1_RNA,-0.02222462370991707
GPR143_RNA,-0.022281501442193985
CCDC159_RNA,-0.022289341315627098
OR4D1_RNA,-0.022292228415608406
LIX1L_RNA,-0.02230314537882805
TAF5_RNA,-0.022320538759231567
SP4_RNA,-0.02234613709151745
SIKE1_RNA,-0.022355807945132256
LYN_RNA,-0.02239491604268551
SAT2_RNA,-0.022549079731106758
DNAJB2_RNA,-0.022552145645022392
IFT57_RNA,-0.022576214745640755
RDM1_RNA,-0.02258034609258175
MSLN_RNA,-0.022644173353910446
ZFP36L2_RNA,-0.022706987336277962
SNORD92_RNA,-0.022718092426657677
PPARGC1A_RNA,-0.022726815193891525
KRT8_RNA,-0.02276093140244484
DSC1_RNA,-0.02276516705751419
LSM14A_RNA,-0.022766277194023132
TMEM185A_RNA,-0.022783322259783745
ASPRV1_RNA,-0.022794513031840324
LCN9_RNA,-0.02283703349530697
CLIP4_RNA,-0.022842463105916977
HLCS_RNA,-0.02296275459229946
EYA2_RNA,-0.02299986034631729
RPAP2_RNA,-0.02304382249712944
HUS1B_RNA,-0.023095721378922462
FOSB_RNA,-0.023099489510059357
CD4_RNA,-0.023106461390852928
RIPK2_RNA,-0.02315131388604641
NPFFR1_RNA,-0.023181959986686707
CYP2J2_RNA,-0.023194802924990654
SNORD117_RNA,-0.023202834650874138
CACYBP_RNA,-0.02329135872423649
CHURC1_RNA,-0.023302249610424042
ADAR_RNA,-0.023302894085645676
CCDC63_RNA,-0.02336278185248375
C12orf71_RNA,-0.023434221744537354
NUDT18_RNA,-0.023526271805167198
DPT_RNA,-0.023545237258076668
DDX3X_RNA,-0.02355239912867546
FAM193A_RNA,-0.023586535826325417
B4GALT4_RNA,-0.02359609492123127
SLC22A6_RNA,-0.02360965497791767
HOXD13_RNA,-0.02362331748008728
NKD1_RNA,-0.023654578253626823
SLC5A11_RNA,-0.02366279996931553
CPLX4_RNA,-0.02368749864399433
COG6_RNA,-0.02368841879069805
FLII_RNA,-0.023694908246397972
MS4A6A_RNA,-0.023717766627669334
ST6GAL1_RNA,-0.02377736195921898
TMX4_RNA,-0.023778611794114113
PLA2G2A_RNA,-0.02379237860441208
SCCPDH_RNA,-0.023798614740371704
SMAD5_RNA,-0.023812012746930122
PEX1_RNA,-0.02382616139948368
FRZB_RNA,-0.023830801248550415
RFPL2_RNA,-0.02384486421942711
RNF149_RNA,-0.023848526179790497
RNF220_RNA,-0.02386988326907158
ZNF215_RNA,-0.023879272863268852
MYH14_RNA,-0.023900367319583893
GPATCH3_RNA,-0.023983705788850784
ZNF808_RNA,-0.024018313735723495
KRT78_RNA,-0.02402752824127674
LHB_RNA,-0.0240621455013752
NUMBL_RNA,-0.02408020943403244
RASGRP3_RNA,-0.024091998115181923
DTNA_RNA,-0.02410045452415943
ASPSCR1_RNA,-0.0242270790040493
IARS2_RNA,-0.02422836422920227
SMYD3_RNA,-0.024284014478325844
MAPT_RNA,-0.02432325854897499
HOXC6_RNA,-0.024357879534363747
CEP76_RNA,-0.02438942715525627
HAVCR2_RNA,-0.024401240050792694
DNAJC16_RNA,-0.024408472701907158
LY86_RNA,-0.024421630427241325
AAGAB_RNA,-0.024433529004454613
PLA2G12B_RNA,-0.024487487971782684
MAPK10_RNA,-0.024499494582414627
TGM6_RNA,-0.02456175908446312
ZNF678_RNA,-0.024599364027380943
SDAD1_RNA,-0.0245995931327343
ZBTB5_RNA,-0.024601168930530548
C11orf87_RNA,-0.02462119050323963
QDPR_RNA,-0.024623725563287735
ZNF397_RNA,-0.024624094367027283
MIR623_RNA,-0.024666262790560722
MIR766_RNA,-0.02466668002307415
FOXJ2_RNA,-0.024673739448189735
DVL3_RNA,-0.02467404305934906
SLCO2A1_RNA,-0.024727309122681618
SLC2A4_RNA,-0.024731624871492386
OR13D1_RNA,-0.024731844663619995
TSPAN33_RNA,-0.0248094629496336
RNF141_RNA,-0.024814583361148834
S100B_RNA,-0.024815727025270462
LCN15_RNA,-0.024825571104884148
HOXA6_RNA,-0.024842943996191025
PIK3AP1_RNA,-0.024868689477443695
CA14_RNA,-0.024883298203349113
ZZZ3_RNA,-0.0248859990388155
KIF21B_RNA,-0.024888303130865097
DHRS7B_RNA,-0.02489292435348034
MIR411_RNA,-0.024947209283709526
SLC25A46_RNA,-0.024951765313744545
AP1M2_RNA,-0.02502567693591118
ZNF3_RNA,-0.025058692321181297
PKHD1_RNA,-0.025163495913147926
R3HDML_RNA,-0.025191258639097214
SNORD53_RNA,-0.025194818153977394
MTMR10_RNA,-0.02520354650914669
NAA16_RNA,-0.025230441242456436
PHLDB3_RNA,-0.02524738386273384
ANKRD33_RNA,-0.025262758135795593
MIR597_RNA,-0.025266679003834724
PDE4C_RNA,-0.025269238278269768
PADI4_RNA,-0.025276822969317436
SMOC1_RNA,-0.025283075869083405
HSD17B1_RNA,-0.02530752867460251
HNRNPH1_RNA,-0.025344206020236015
ABI3_RNA,-0.025354547426104546
NMT2_RNA,-0.025376971811056137
C5orf22_RNA,-0.02543085254728794
AQP11_RNA,-0.025461753830313683
ROR1_RNA,-0.025481421500444412
CCDC90B_RNA,-0.025524811819195747
KCNJ16_RNA,-0.02555195800960064
SLC11A1_RNA,-0.02557970955967903
CCDC43_RNA,-0.025590533390641212
IFI30_RNA,-0.025604328140616417
VEGFC_RNA,-0.025604717433452606
HOXC4_RNA,-0.025634421035647392
MIR125B1_RNA,-0.02565092034637928
HNRNPR_RNA,-0.025683213025331497
USP47_RNA,-0.025737879797816277
SNORD100_RNA,-0.025745077058672905
PCNT_RNA,-0.025754330679774284
OR9A4_RNA,-0.025757260620594025
CBR3_RNA,-0.025764891877770424
PCDHGA1_RNA,-0.025778207927942276
DMKN_RNA,-0.025800202041864395
NFXL1_RNA,-0.025807416066527367
CHTF8_RNA,-0.025813765823841095
RAB19_RNA,-0.025829244405031204
OR2A12_RNA,-0.02586648240685463
RNF31_RNA,-0.025867199525237083
SLITRK3_RNA,-0.02587120234966278
SNORD71_RNA,-0.025877002626657486
SNX29_RNA,-0.025927165523171425
OR4F15_RNA,-0.025982271879911423
TRIM13_RNA,-0.025993622839450836
PRPF6_RNA,-0.026006801053881645
PROKR1_RNA,-0.026013774797320366
DHX38_RNA,-0.026093000546097755
PM20D2_RNA,-0.026105111464858055
FTO_RNA,-0.02613867074251175
GPM6B_RNA,-0.026143325492739677
SCN9A_RNA,-0.026153242215514183
COG4_RNA,-0.026166513562202454
SORBS3_RNA,-0.026191452518105507
ANXA3_RNA,-0.026196276769042015
TRPM5_RNA,-0.026260076090693474
SCLY_RNA,-0.026272088289260864
GRAMD4_RNA,-0.02628449909389019
AIF1_RNA,-0.026302922517061234
TBCCD1_RNA,-0.02630363404750824
TNNC1_RNA,-0.02641868032515049
GPC3_RNA,-0.026437953114509583
DDAH1_RNA,-0.02643994800746441
B3GALT2_RNA,-0.02644827961921692
FGF10_RNA,-0.02645409293472767
KRT74_RNA,-0.026472512632608414
OR2C1_RNA,-0.02648148126900196
HORMAD2_RNA,-0.026491591706871986
FAM118A_RNA,-0.026497943326830864
SLC26A4_RNA,-0.026563288643956184
RING1_RNA,-0.026604605838656425
TAF11_RNA,-0.026631541550159454
ZNF684_RNA,-0.026638681069016457
CCNYL1_RNA,-0.0266621895134449
PHKB_RNA,-0.026666900143027306
CATSPERB_RNA,-0.02667093649506569
TTPAL_RNA,-0.02668428234755993
FEZ2_RNA,-0.026707040145993233
IL10_RNA,-0.02676650509238243
N4BP1_RNA,-0.026766927912831306
PRKAA1_RNA,-0.026768721640110016
UGT1A7_RNA,-0.026774272322654724
PAX9_RNA,-0.026854483410716057
MUSK_RNA,-0.02685556374490261
CCNG1_RNA,-0.02686661295592785
MUS81_RNA,-0.026878722012043
CHST13_RNA,-0.026883037760853767
FAS_RNA,-0.026901831850409508
RHO_RNA,-0.026948638260364532
AP1S3_RNA,-0.0269585270434618
PIGL_RNA,-0.02697138488292694
CLNS1A_RNA,-0.026990661397576332
SFT2D1_RNA,-0.026998430490493774
ZMYM2_RNA,-0.02700800821185112
SPON1_RNA,-0.02701578661799431
TMEM38A_RNA,-0.027038302272558212
ELK3_RNA,-0.027071181684732437
GSPT2_RNA,-0.027112934738397598
CCDC71_RNA,-0.027122261002659798
METTL13_RNA,-0.027124447748064995
KLRD1_RNA,-0.02715938165783882
RAB6B_RNA,-0.02718871831893921
TIGD3_RNA,-0.027196833863854408
PCDHGA6_RNA,-0.027202295139431953
LYAR_RNA,-0.027222150936722755
MTPN_RNA,-0.027229417115449905
CENPP_RNA,-0.027235480025410652
NECAB3_RNA,-0.02727508544921875
MAP4_RNA,-0.02729746513068676
MLLT3_RNA,-0.027313491329550743
PIK3R5_RNA,-0.027318298816680908
PAX7_RNA,-0.027342883870005608
ABHD13_RNA,-0.027349572628736496
ARPC1A_RNA,-0.02736109308898449
GNAL_RNA,-0.027367034927010536
NKD2_RNA,-0.027401989325881004
BIRC3_RNA,-0.027415700256824493
FAM120B_RNA,-0.02742377482354641
PANK2_RNA,-0.02742695063352585
ABLIM2_RNA,-0.027439936995506287
YME1L1_RNA,-0.027442967519164085
MBLAC2_RNA,-0.027492839843034744
PDCD2_RNA,-0.027550898492336273
RETN_RNA,-0.027569904923439026
COL6A6_RNA,-0.02759505994617939
SLC11A2_RNA,-0.027620481327176094
TAF1_RNA,-0.027648072689771652
DNAJB7_RNA,-0.027674242854118347
DNLZ_RNA,-0.027682021260261536
DCLRE1A_RNA,-0.027686508372426033
PSG9_RNA,-0.027690131217241287
RCBTB1_RNA,-0.0277127493172884
GGA3_RNA,-0.027739718556404114
HARBI1_RNA,-0.027750492095947266
ARMCX2_RNA,-0.027754278853535652
CXCL16_RNA,-0.027766907587647438
STAT1_RNA,-0.02777389995753765
RMND5B_RNA,-0.027789480984210968
FAM117B_RNA,-0.02779805287718773
MTIF2_RNA,-0.027800166979432106
ALDH4A1_RNA,-0.027801474556326866
FAM114A1_RNA,-0.027808664366602898
LACTB_RNA,-0.027818622067570686
ZDHHC13_RNA,-0.02783459797501564
DPY30_RNA,-0.027861937880516052
GEN1_RNA,-0.02786451391875744
APIP_RNA,-0.027871688827872276
UBE2U_RNA,-0.027878405526280403
PPIL4_RNA,-0.027896972373127937
GNGT2_RNA,-0.027898471802473068
KRT13_RNA,-0.027918219566345215
TNFSF18_RNA,-0.027950305491685867
CCDC115_RNA,-0.02799191139638424
CCR1_RNA,-0.027996042743325233
MIR494_RNA,-0.02800660766661167
HGD_RNA,-0.02802230976521969
TBC1D10B_RNA,-0.028089366853237152
LUZP2_RNA,-0.02815062925219536
HSD11B2_RNA,-0.02818123623728752
SCAF1_RNA,-0.028181469067931175
SYNPO2L_RNA,-0.028215903788805008
SHE_RNA,-0.028236066922545433
POU4F2_RNA,-0.028247099369764328
HPRT1_RNA,-0.028254536911845207
CEP57_RNA,-0.02834169566631317
OR11A1_RNA,-0.028355875983834267
DUSP11_RNA,-0.02842315286397934
GGCT_RNA,-0.028424110263586044
OPHN1_RNA,-0.028425021097064018
UXS1_RNA,-0.028436921536922455
CAMTA2_RNA,-0.028438806533813477
MAGEA10_RNA,-0.028454218059778214
FIGN_RNA,-0.02847430109977722
GDF5_RNA,-0.028475476428866386
ITGA2_RNA,-0.028512844815850258
MAP3K11_RNA,-0.028540262952446938
KLHDC4_RNA,-0.028541209176182747
UBA3_RNA,-0.028577039018273354
USP50_RNA,-0.02859163098037243
TCEA1_RNA,-0.02859596163034439
CBLN3_RNA,-0.028719700872898102
CALCA_RNA,-0.0287468358874321
ZCCHC8_RNA,-0.028876803815364838
TBP_RNA,-0.028902050107717514
TM9SF3_RNA,-0.02893427573144436
SOD1_RNA,-0.029003717005252838
CALCB_RNA,-0.02906920574605465
HAUS5_RNA,-0.02909127064049244
ZNF135_RNA,-0.029110170900821686
ZNF552_RNA,-0.029113920405507088
CPSF4_RNA,-0.02911791391670704
ATP10B_RNA,-0.02916876971721649
THADA_RNA,-0.029175492003560066
SLAMF7_RNA,-0.029189864173531532
FBXW9_RNA,-0.029195088893175125
HBG1_RNA,-0.029288168996572495
APOA2_RNA,-0.029293349012732506
DNAL1_RNA,-0.029297614470124245
XRRA1_RNA,-0.029298387467861176
HBP1_RNA,-0.029378065839409828
PNPT1_RNA,-0.02938857674598694
CD33_RNA,-0.029461132362484932
FAM124A_RNA,-0.029464293271303177
DDO_RNA,-0.029467660933732986
CTNNA2_RNA,-0.02950667403638363
SRXN1_RNA,-0.029584858566522598
OVCH2_RNA,-0.029637938365340233
SUZ12_RNA,-0.029645055532455444
ACTR3B_RNA,-0.02964983880519867
WDR6_RNA,-0.02965291030704975
DBP_RNA,-0.029664093628525734
DNTT_RNA,-0.029675042256712914
TMX2_RNA,-0.029698815196752548
ANKRD36B_RNA,-0.029707767069339752
PROP1_RNA,-0.029720358550548553
RPRD1B_RNA,-0.02974032238125801
USP18_RNA,-0.029761746525764465
KRT79_RNA,-0.02977905049920082
COX16_RNA,-0.02978159859776497
MRPS24_RNA,-0.029791243374347687
LYZL4_RNA,-0.029804382473230362
ACAA2_RNA,-0.02991143800318241
PLRG1_RNA,-0.0299166701734066
ETNK1_RNA,-0.029920669272542
HTR2A_RNA,-0.02993232198059559
GMPPB_RNA,-0.029993996024131775
HOXB13_RNA,-0.030019337311387062
RAD21_RNA,-0.030040886253118515
NKX6-2_RNA,-0.030051056295633316
ADCY4_RNA,-0.030058251693844795
GPR142_RNA,-0.030080048367381096
L1TD1_RNA,-0.030085036531090736
DENND2C_RNA,-0.030097518116235733
ANKAR_RNA,-0.03010336495935917
CLEC3B_RNA,-0.03012862615287304
ELF4_RNA,-0.030146941542625427
AGRP_RNA,-0.030173180624842644
SLC25A31_RNA,-0.03017895109951496
PKP3_RNA,-0.030205097049474716
ZNF836_RNA,-0.030211402103304863
TUBGCP5_RNA,-0.030258432030677795
CABLES2_RNA,-0.03026924841105938
KLF1_RNA,-0.030278928577899933
NBEAL2_RNA,-0.030321748927235603
TMEM62_RNA,-0.030333423987030983
UPK1B_RNA,-0.030345840379595757
HOMER3_RNA,-0.030445721000432968
B3GNT9_RNA,-0.030461525544524193
HSPD1_RNA,-0.03049941547214985
MTFMT_RNA,-0.03050457499921322
ZC3H10_RNA,-0.030528541654348373
IKBKE_RNA,-0.030585961416363716
TCP11L2_RNA,-0.030622664839029312
PRMT2_RNA,-0.0306395310908556
SCTR_RNA,-0.030734805390238762
DDX52_RNA,-0.030758902430534363
PNPO_RNA,-0.030817285180091858
IQCB1_RNA,-0.030824221670627594
CYSLTR2_RNA,-0.0308243278414011
PLAC8_RNA,-0.030886296182870865
STYXL1_RNA,-0.030886447057127953
MRGPRX4_RNA,-0.030902354046702385
PRPF40B_RNA,-0.030924635007977486
MIR604_RNA,-0.03095531277358532
NDOR1_RNA,-0.030976006761193275
PCF11_RNA,-0.030991528183221817
KLF4_RNA,-0.030997933819890022
CKM_RNA,-0.031001560389995575
THBS4_RNA,-0.031024236232042313
MIAT_RNA,-0.031053857877850533
VPS54_RNA,-0.031057579442858696
SH3BP2_RNA,-0.031128738075494766
POU4F1_RNA,-0.031211530789732933
MIR1185-1_RNA,-0.03126196935772896
DNTTIP2_RNA,-0.03128541633486748
FXYD5_RNA,-0.03128679096698761
TAPT1_RNA,-0.03130277991294861
ZNF780A_RNA,-0.03133678436279297
ATF5_RNA,-0.03133947402238846
MAP7_RNA,-0.03134768083691597
SSU72_RNA,-0.031420402228832245
POLE3_RNA,-0.031491730362176895
SNORD96B_RNA,-0.03149501979351044
SCAMP4_RNA,-0.03152558580040932
TBC1D13_RNA,-0.031558405607938766
MIR1266_RNA,-0.03156028315424919
WNT8A_RNA,-0.031567204743623734
MT1H_RNA,-0.03157244995236397
ZNF804A_RNA,-0.03160592541098595
MSL3_RNA,-0.03160915523767471
IFFO1_RNA,-0.0316120907664299
DPM3_RNA,-0.0316304974257946
B2M_RNA,-0.03165188804268837
MAX_RNA,-0.03165912255644798
SMOX_RNA,-0.03168664127588272
SLC25A10_RNA,-0.03174251317977905
TPD52_RNA,-0.0317513607442379
TREML4_RNA,-0.031767167150974274
MAN1A1_RNA,-0.031842827796936035
STT3B_RNA,-0.03184688463807106
FKBP14_RNA,-0.031860996037721634
TIGD5_RNA,-0.03186164051294327
LOXL4_RNA,-0.03187938407063484
MIR128-2_RNA,-0.03190123289823532
TMCO2_RNA,-0.03190818056464195
CEL_RNA,-0.03193207457661629
MRPL19_RNA,-0.03198198974132538
GPD1_RNA,-0.031983789056539536
GALNT12_RNA,-0.03199310973286629
PLS1_RNA,-0.03199385479092598
ITGA2B_RNA,-0.031994596123695374
ZC3H13_RNA,-0.032001499086618423
LCORL_RNA,-0.032027073204517365
FBXO25_RNA,-0.03204996511340141
ALOX5_RNA,-0.03205421566963196
NSMCE4A_RNA,-0.03208567202091217
OXCT1_RNA,-0.03215375542640686
GFPT1_RNA,-0.032171525061130524
PBX2_RNA,-0.03220253810286522
AIPL1_RNA,-0.03220347687602043
APLNR_RNA,-0.03227204456925392
VPS41_RNA,-0.03228146582841873
INPP4A_RNA,-0.03229328244924545
PIGN_RNA,-0.03231470659375191
MIR96_RNA,-0.032336216419935226
GPRIN3_RNA,-0.032337967306375504
RFNG_RNA,-0.032359544187784195
ARID1A_RNA,-0.032374437898397446
ZNF662_RNA,-0.0323815643787384
AP4B1_RNA,-0.03239777684211731
ARR3_RNA,-0.03243283927440643
UACA_RNA,-0.0324394665658474
CASP10_RNA,-0.032481271773576736
MIR635_RNA,-0.03248312696814537
SLC6A14_RNA,-0.03251113370060921
PLA2G4D_RNA,-0.0325264111161232
GDF7_RNA,-0.03254111856222153
SLC17A4_RNA,-0.03258778527379036
PRLHR_RNA,-0.03259200602769852
ID2_RNA,-0.03261011093854904
DEFB1_RNA,-0.032623521983623505
KLF11_RNA,-0.032624196261167526
ALPI_RNA,-0.03265420347452164
FAM83C_RNA,-0.032661497592926025
DUT_RNA,-0.03268982470035553
STRBP_RNA,-0.03269355371594429
TMEM45B_RNA,-0.0327739454805851
SERPINB9_RNA,-0.032794855535030365
TRIM44_RNA,-0.03280910104513168
GPATCH4_RNA,-0.032839421182870865
NRIP2_RNA,-0.03285008296370506
PPT1_RNA,-0.03293471038341522
MDC1_RNA,-0.032941821962594986
ABCA9_RNA,-0.032992731779813766
FERMT1_RNA,-0.03300292044878006
AIFM2_RNA,-0.0330059677362442
APCDD1_RNA,-0.03302212804555893
B4GALT1_RNA,-0.03303423151373863
ZHX3_RNA,-0.033049724996089935
OR1I1_RNA,-0.03309325873851776
SCAI_RNA,-0.033099930733442307
ACER1_RNA,-0.03312583267688751
NLRP5_RNA,-0.03315585106611252
SERPINB7_RNA,-0.033195093274116516
SAP130_RNA,-0.03320282697677612
ATP8B3_RNA,-0.03321605175733566
SNORD115-22_RNA,-0.03326478227972984
SUPT3H_RNA,-0.03326883167028427
C9orf152_RNA,-0.03327132761478424
HCN3_RNA,-0.03327584266662598
ANKIB1_RNA,-0.0333164744079113
ZSCAN18_RNA,-0.033337969332933426
DIP2A_RNA,-0.033346835523843765
GCHFR_RNA,-0.03336407616734505
ZNF598_RNA,-0.03340713307261467
IPO11_RNA,-0.033411137759685516
TPH1_RNA,-0.033438827842473984
DHODH_RNA,-0.033505480736494064
CETP_RNA,-0.033506352454423904
TICAM1_RNA,-0.03351505100727081
HCFC1R1_RNA,-0.033578839153051376
APOA5_RNA,-0.03359830379486084
HS3ST4_RNA,-0.03361794725060463
ITSN2_RNA,-0.03363775834441185
ABCA4_RNA,-0.033682748675346375
SYS1_RNA,-0.03369747847318649
C9orf85_RNA,-0.033708762377500534
ERCC6_RNA,-0.03373907506465912
UBE2E3_RNA,-0.033747315406799316
PPP2CB_RNA,-0.033753298223018646
PTGDR_RNA,-0.03375456482172012
ARNT_RNA,-0.03375491872429848
LRRC69_RNA,-0.03379049524664879
CYP19A1_RNA,-0.03380122408270836
GSDMA_RNA,-0.03387496992945671
DMBX1_RNA,-0.033901769667863846
CPSF1_RNA,-0.03391435742378235
SYNC_RNA,-0.033919475972652435
CARD11_RNA,-0.03395361080765724
INSL6_RNA,-0.03396942466497421
ZNF830_RNA,-0.03396974131464958
C19orf73_RNA,-0.033996716141700745
TBC1D19_RNA,-0.034009382128715515
CALCOCO1_RNA,-0.03401344269514084
GRP_RNA,-0.03403826430439949
CDC37L1_RNA,-0.03405006602406502
RPIA_RNA,-0.03413892909884453
NUDT11_RNA,-0.034171730279922485
ENOX1_RNA,-0.0342230349779129
MIR32_RNA,-0.03423052653670311
BTF3L4_RNA,-0.03426418825984001
MAPKAPK2_RNA,-0.034289292991161346
ZYG11A_RNA,-0.0343765988945961
C6orf52_RNA,-0.03440253064036369
RBM26_RNA,-0.034479398280382156
AHCTF1_RNA,-0.03450178727507591
CXCL2_RNA,-0.03451603651046753
PLA2G4B_RNA,-0.03453265130519867
GSG1_RNA,-0.03453871235251427
PER3_RNA,-0.03460729867219925
IL26_RNA,-0.0346146821975708
AKR1D1_RNA,-0.03461606428027153
TYMP_RNA,-0.03464728221297264
SPEG_RNA,-0.03468210995197296
SIGLEC14_RNA,-0.034708425402641296
FMO1_RNA,-0.034733131527900696
ZFAND1_RNA,-0.034738559275865555
CDC16_RNA,-0.034778889268636703
PRMT8_RNA,-0.034791771322488785
ZNF600_RNA,-0.034831319004297256
STAT6_RNA,-0.034881386905908585
CRYBB2_RNA,-0.03488632291555405
PDP2_RNA,-0.03489430993795395
MIR191_RNA,-0.034894898533821106
MBD2_RNA,-0.03491552174091339
VAC14_RNA,-0.03493477776646614
RNF44_RNA,-0.03496016561985016
ARHGAP9_RNA,-0.03496142849326134
MAP3K15_RNA,-0.03500116989016533
HSDL2_RNA,-0.03500952944159508
GIMAP5_RNA,-0.03502916917204857
ATRX_RNA,-0.03504939377307892
PRSS16_RNA,-0.03506079316139221
GABRR2_RNA,-0.03506110981106758
AP3B1_RNA,-0.035119108855724335
FAM83F_RNA,-0.03518817573785782
WDR35_RNA,-0.03526141867041588
PHF12_RNA,-0.035267118364572525
TOM1L2_RNA,-0.03531168773770332
TP53INP2_RNA,-0.03533124178647995
INPP5K_RNA,-0.035342391580343246
C1orf127_RNA,-0.03536808118224144
MSL1_RNA,-0.03538022190332413
ULK1_RNA,-0.03538696467876434
TFAP4_RNA,-0.03538899123668671
TADA2B_RNA,-0.03538912162184715
HAS3_RNA,-0.035397253930568695
NEK3_RNA,-0.03540537506341934
SLC22A4_RNA,-0.03542381525039673
TSIX_RNA,-0.03544512391090393
HDAC4_RNA,-0.03544893115758896
FLG2_RNA,-0.03548676148056984
RNASEH2A_RNA,-0.035534344613552094
MTMR1_RNA,-0.03554749861359596
RCN2_RNA,-0.03555716946721077
KTI12_RNA,-0.03557024523615837
KRI1_RNA,-0.03559611737728119
BMF_RNA,-0.035599153488874435
VPS35_RNA,-0.03561830520629883
CMC1_RNA,-0.035642269998788834
CDK13_RNA,-0.03568275272846222
YPEL5_RNA,-0.035698067396879196
SKP1_RNA,-0.035754140466451645
CCNB3_RNA,-0.035798825323581696
KDM6B_RNA,-0.03580266609787941
DTX1_RNA,-0.03581221401691437
WDR48_RNA,-0.03581235557794571
FEZF2_RNA,-0.035895880311727524
DPP4_RNA,-0.035916365683078766
LETM2_RNA,-0.03592587262392044
MXD4_RNA,-0.03593415021896362
CFHR5_RNA,-0.03593548759818077
ZNF43_RNA,-0.03594215214252472
FGF19_RNA,-0.035947464406490326
RAP1A_RNA,-0.035953935235738754
IMPA2_RNA,-0.03595603257417679
NR1H3_RNA,-0.035957951098680496
EN1_RNA,-0.03600173816084862
NAA10_RNA,-0.03601577505469322
SNIP1_RNA,-0.03602059930562973
CYP27A1_RNA,-0.036059822887182236
ABHD5_RNA,-0.03607708960771561
HHATL_RNA,-0.03608085215091705
SLC30A9_RNA,-0.036095425486564636
GSTA4_RNA,-0.03610212355852127
HOXC12_RNA,-0.03613888472318649
CD36_RNA,-0.03613922372460365
AVL9_RNA,-0.03619159758090973
LAMP2_RNA,-0.036199476569890976
OR1E1_RNA,-0.03624333441257477
GABRA2_RNA,-0.03624382242560387
PLOD2_RNA,-0.03625179082155228
TEC_RNA,-0.03629085049033165
MSL2_RNA,-0.036297619342803955
CDC42EP2_RNA,-0.036325130611658096
ERI1_RNA,-0.036392055451869965
HOXA13_RNA,-0.03640097379684448
ITSN1_RNA,-0.036402564495801926
ZNRF1_RNA,-0.03645822033286095
COQ9_RNA,-0.036497265100479126
MIR324_RNA,-0.036509834229946136
C17orf75_RNA,-0.036519963294267654
SLBP_RNA,-0.03652457147836685
WFDC5_RNA,-0.03653500974178314
RREB1_RNA,-0.03654506430029869
GRAP2_RNA,-0.03655209392309189
C22orf42_RNA,-0.03655318170785904
RSL1D1_RNA,-0.03661409020423889
ARGFX_RNA,-0.03662877902388573
ZCCHC10_RNA,-0.036638397723436356
ATXN7L2_RNA,-0.0366818793118
SMC1B_RNA,-0.03671377897262573
PNCK_RNA,-0.03674696013331413
LRRN4_RNA,-0.0367521271109581
SUFU_RNA,-0.0367862693965435
PATE3_RNA,-0.03685368597507477
MIR183_RNA,-0.03685625270009041
ARHGAP12_RNA,-0.03688913211226463
CATSPER3_RNA,-0.03690245747566223
MBTD1_RNA,-0.036907143890857697
EVC_RNA,-0.036948274821043015
RAB24_RNA,-0.03695759177207947
WFDC1_RNA,-0.03697086125612259
PUS1_RNA,-0.03697199001908302
NCBP2_RNA,-0.036984093487262726
MIR376A2_RNA,-0.0370473712682724
ACADSB_RNA,-0.03705357387661934
LDHC_RNA,-0.037125151604413986
NDUFV2_RNA,-0.037172336131334305
TAOK3_RNA,-0.037188198417425156
SDSL_RNA,-0.03723524883389473
GRAMD1B_RNA,-0.037246085703372955
CMTM7_RNA,-0.03731619194149971
MYCNOS_RNA,-0.03737056255340576
SNX3_RNA,-0.0373932346701622
HDGF_RNA,-0.03748844191431999
DENND3_RNA,-0.03754690662026405
SNORD32B_RNA,-0.03759601712226868
MFN1_RNA,-0.03762214630842209
CDH3_RNA,-0.037630338221788406
MCFD2_RNA,-0.03765532746911049
ATP6V1C1_RNA,-0.03765704482793808
IRAK3_RNA,-0.03769172355532646
DENND1B_RNA,-0.03775499016046524
PLAC8L1_RNA,-0.037764765322208405
GAN_RNA,-0.03780268505215645
MIR345_RNA,-0.037841834127902985
SYT17_RNA,-0.037856265902519226
LEP_RNA,-0.03787040710449219
PYY_RNA,-0.03789672628045082
MON1B_RNA,-0.03789973258972168
RAB11FIP2_RNA,-0.03794601559638977
HMGCLL1_RNA,-0.03797166794538498
MORF4L1_RNA,-0.038027651607990265
ESRRG_RNA,-0.03805690258741379
IFNAR2_RNA,-0.038064852356910706
CLDN9_RNA,-0.038076817989349365
WRN_RNA,-0.03811049461364746
C1orf74_RNA,-0.03814475238323212
HACL1_RNA,-0.03815963864326477
PDAP1_RNA,-0.03817227482795715
MIR569_RNA,-0.038185182958841324
C1D_RNA,-0.03820363059639931
TFB1M_RNA,-0.03820861130952835
DUOX1_RNA,-0.03821893781423569
SLC26A9_RNA,-0.03826572746038437
WDR75_RNA,-0.03829238936305046
CHMP4B_RNA,-0.038296204060316086
AKAP9_RNA,-0.03835095092654228
CAPN14_RNA,-0.03840272128582001
GLRX2_RNA,-0.038419459015131
UEVLD_RNA,-0.03846230357885361
MYL2_RNA,-0.03846260532736778
TAL1_RNA,-0.038463328033685684
CLCF1_RNA,-0.038471560925245285
HSPA7_RNA,-0.03847786784172058
ZNF592_RNA,-0.03851784020662308
MIR941-1_RNA,-0.038519423454999924
GOPC_RNA,-0.03854914754629135
SOX18_RNA,-0.038553204387426376
GUCA1A_RNA,-0.03862924873828888
DIS3_RNA,-0.038635022938251495
TRAPPC1_RNA,-0.03871888294816017
TMEM213_RNA,-0.038775164633989334
CDC20B_RNA,-0.03879998251795769
GALNT5_RNA,-0.03881542757153511
ZNF839_RNA,-0.038865890353918076
DPPA2_RNA,-0.0389007031917572
TMEM192_RNA,-0.03890581429004669
G6PD_RNA,-0.03890623152256012
B3GNT8_RNA,-0.03891255706548691
SEC22B_RNA,-0.03899192810058594
OR7D4_RNA,-0.03899926319718361
RECK_RNA,-0.03900189325213432
GPR78_RNA,-0.03901545703411102
TNKS1BP1_RNA,-0.0390419065952301
C1QC_RNA,-0.039077598601579666
RAB37_RNA,-0.03908749297261238
GPBP1_RNA,-0.03909526392817497
CPN2_RNA,-0.03910350054502487
ZC3H15_RNA,-0.03911606967449188
CACNA2D3_RNA,-0.039170172065496445
DHRS7C_RNA,-0.03917998448014259
KLHL38_RNA,-0.03920282796025276
ZNF688_RNA,-0.03925947844982147
ELK4_RNA,-0.03928549215197563
CCDC25_RNA,-0.03929682821035385
ZBTB47_RNA,-0.03932300582528114
EFCAB5_RNA,-0.03935805708169937
HEY2_RNA,-0.0393810011446476
HOXC13_RNA,-0.03943083807826042
SERINC3_RNA,-0.03947323560714722
MT1A_RNA,-0.03950917348265648
FGD6_RNA,-0.039516910910606384
FLJ42393_RNA,-0.03953045606613159
SLC30A8_RNA,-0.03953561931848526
AVIL_RNA,-0.03956497460603714
SPINK2_RNA,-0.03960243612527847
MIR376A1_RNA,-0.03963613137602806
MFSD6L_RNA,-0.039662834256887436
ZNF80_RNA,-0.03966474160552025
ALS2CL_RNA,-0.03967072814702988
TSPYL2_RNA,-0.039670951664447784
ABCD3_RNA,-0.039703790098428726
ELANE_RNA,-0.0397365540266037
DEFA4_RNA,-0.03981327638030052
PACS1_RNA,-0.0398501493036747
MTMR8_RNA,-0.039879653602838516
DIS3L_RNA,-0.03989799693226814
ALOX15_RNA,-0.03989933058619499
SPIN1_RNA,-0.03990387171506882
SNX14_RNA,-0.039940305054187775
MOV10L1_RNA,-0.03997160866856575
CWC22_RNA,-0.039983175694942474
OR1A1_RNA,-0.04002584144473076
DYNC1I1_RNA,-0.040032945573329926
RTF1_RNA,-0.04004783555865288
RUFY2_RNA,-0.0400577150285244
SSBP2_RNA,-0.040061917155981064
ACYP2_RNA,-0.040072809904813766
PATL1_RNA,-0.04012012481689453
MIR921_RNA,-0.040136873722076416
SLU7_RNA,-0.0401415079832077
NOB1_RNA,-0.040260180830955505
RASA1_RNA,-0.04026780277490616
CD19_RNA,-0.040329694747924805
CNOT6_RNA,-0.04033566266298294
EPB41L5_RNA,-0.04037545993924141
NPAT_RNA,-0.04043905436992645
TSPAN3_RNA,-0.040447384119033813
NPC2_RNA,-0.0404500812292099
MAGEA4_RNA,-0.04048898443579674
SCYL3_RNA,-0.04050663113594055
LDLRAD1_RNA,-0.04054858162999153
MRPS17_RNA,-0.040557775646448135
PDGFRL_RNA,-0.0406038835644722
SCARA3_RNA,-0.040626075118780136
PDSS2_RNA,-0.040648698806762695
TAS2R50_RNA,-0.040653664618730545
ZNF837_RNA,-0.040676236152648926
OR10A4_RNA,-0.04070300608873367
GPATCH2_RNA,-0.04072974994778633
ZFP91_RNA,-0.04081055521965027
ARID4A_RNA,-0.040850378572940826
CNGA2_RNA,-0.04085884243249893
GPR52_RNA,-0.04086127132177353
ADRA1D_RNA,-0.04086248576641083
CCR9_RNA,-0.04089341312646866
ZNF529_RNA,-0.04089432954788208
PPP1R1C_RNA,-0.04092041403055191
OVOL2_RNA,-0.04092450812458992
ATP6V1B1_RNA,-0.040944915264844894
ARL15_RNA,-0.04096808284521103
COMMD10_RNA,-0.04098770394921303
PIAS1_RNA,-0.04102049395442009
FAM181B_RNA,-0.04109729826450348
TMEM41B_RNA,-0.04113764315843582
ZNF878_RNA,-0.04114208370447159
NDUFV3_RNA,-0.04115327075123787
NHLRC3_RNA,-0.04116009175777435
SCRIB_RNA,-0.04126296192407608
AADACL2_RNA,-0.04127022251486778
IP6K3_RNA,-0.0412738136947155
CBFB_RNA,-0.04129462316632271
IRGC_RNA,-0.04129476845264435
NINJ1_RNA,-0.04135358706116676
LAT2_RNA,-0.041356317698955536
XKR8_RNA,-0.04136142507195473
RHOG_RNA,-0.0413639210164547
LHFPL5_RNA,-0.04139775410294533
F2_RNA,-0.04150405898690224
CNGB3_RNA,-0.041507668793201447
MDS2_RNA,-0.041512444615364075
SNORA31_RNA,-0.04152155667543411
PTPRM_RNA,-0.041597772389650345
LEPROT_RNA,-0.04159983992576599
ARSD_RNA,-0.041606977581977844
SYPL2_RNA,-0.04162459075450897
PACRGL_RNA,-0.04166072979569435
CRISP2_RNA,-0.04172786697745323
NFE2L1_RNA,-0.04173600673675537
CDX2_RNA,-0.04179596155881882
FXR1_RNA,-0.041809964925050735
MIR30C1_RNA,-0.04181457683444023
VSIG8_RNA,-0.04182520508766174
MMP27_RNA,-0.041898101568222046
APOOL_RNA,-0.04190268740057945
PSMD12_RNA,-0.04196709021925926
GCNT7_RNA,-0.04196798428893089
TAP2_RNA,-0.04197834059596062
UBA6_RNA,-0.041989557445049286
CD180_RNA,-0.04199574142694473
ARMC10_RNA,-0.041996609419584274
EVL_RNA,-0.04203123599290848
STX18_RNA,-0.04204928129911423
ACTN2_RNA,-0.04208057001233101
NEO1_RNA,-0.04214470461010933
EPHB4_RNA,-0.04215887561440468
APOBEC3C_RNA,-0.04217185080051422
ZC3H6_RNA,-0.0421924851834774
KCNK17_RNA,-0.0422094389796257
ISG20L2_RNA,-0.042219772934913635
HELB_RNA,-0.04222334176301956
MIR26B_RNA,-0.04223353788256645
ASB3_RNA,-0.04223926365375519
SIRT4_RNA,-0.04228880628943443
SPINK5_RNA,-0.0423164926469326
CRYBB1_RNA,-0.04233144596219063
TAF6_RNA,-0.04234053194522858
BCL9L_RNA,-0.042344845831394196
MAGED1_RNA,-0.04234867915511131
VASH2_RNA,-0.04236694425344467
TM2D1_RNA,-0.04236719757318497
SPINK7_RNA,-0.04236942529678345
RPS6KA5_RNA,-0.04243316501379013
ZNF207_RNA,-0.042434390634298325
ATP1B4_RNA,-0.04243897274136543
XRCC2_RNA,-0.04245871677994728
LMOD3_RNA,-0.04250088706612587
ZNF20_RNA,-0.04250390827655792
PRKAR2B_RNA,-0.04255131632089615
USP25_RNA,-0.04255826771259308
CRTAP_RNA,-0.042572714388370514
TMEM134_RNA,-0.0425947830080986
RTN4_RNA,-0.042634379118680954
DSCC1_RNA,-0.04263639450073242
SNORA11B_RNA,-0.04265204817056656
TMEM199_RNA,-0.04266156628727913
PARP9_RNA,-0.04266350343823433
PRTG_RNA,-0.042724575847387314
RIPPLY1_RNA,-0.04274376109242439
EEF1D_RNA,-0.042759962379932404
DIXDC1_RNA,-0.042760219424963
PRSS12_RNA,-0.042778052389621735
CCNI2_RNA,-0.042778339236974716
S100A10_RNA,-0.042809467762708664
OR1N1_RNA,-0.04282834380865097
GPR141_RNA,-0.04285920411348343
ISCU_RNA,-0.042896103113889694
ADIPOR2_RNA,-0.042914241552352905
NCBP1_RNA,-0.04303966462612152
NAP1L5_RNA,-0.043053120374679565
TCL1A_RNA,-0.043071430176496506
TMEM186_RNA,-0.043165095150470734
OLAH_RNA,-0.04318978637456894
SPIN2B_RNA,-0.043208178132772446
RETSAT_RNA,-0.04321262612938881
ALG8_RNA,-0.04322738200426102
PIK3R3_RNA,-0.04323672130703926
HSDL1_RNA,-0.04324642941355705
CTSS_RNA,-0.043292734771966934
MIR222_RNA,-0.04329432547092438
MYO1F_RNA,-0.0433649905025959
MIR583_RNA,-0.04338594898581505
TAF7_RNA,-0.04338707774877548
ARL6IP6_RNA,-0.04340509697794914
RCCD1_RNA,-0.04342661052942276
ZDHHC6_RNA,-0.0434541180729866
GNA12_RNA,-0.0434548445045948
STAG2_RNA,-0.04346267879009247
PKDREJ_RNA,-0.04347226396203041
TMEM140_RNA,-0.043494243174791336
MEN1_RNA,-0.04349793866276741
AGXT2_RNA,-0.043510325253009796
IRF4_RNA,-0.0435899943113327
PDZRN3_RNA,-0.04362621158361435
MBNL1_RNA,-0.04364217445254326
CYP2S1_RNA,-0.04367382451891899
RAB40AL_RNA,-0.04376237094402313
PAGE2B_RNA,-0.043796975165605545
ADAP2_RNA,-0.04380956292152405
MRPS14_RNA,-0.043818626552820206
MIR1205_RNA,-0.04382476955652237
DCK_RNA,-0.04390294849872589
TNIP3_RNA,-0.043922293931245804
ZNF415_RNA,-0.04392848536372185
BSX_RNA,-0.04395514354109764
ENY2_RNA,-0.04396684840321541
MIR149_RNA,-0.043973568826913834
ZNF501_RNA,-0.0441225990653038
MAGEA1_RNA,-0.044136080890893936
DVL2_RNA,-0.04414078965783119
KCTD12_RNA,-0.04418206587433815
OTUD6B_RNA,-0.04423712193965912
FGF22_RNA,-0.04425473138689995
CPT2_RNA,-0.044282734394073486
TATDN1_RNA,-0.04430464282631874
TMED4_RNA,-0.044343993067741394
MPPE1_RNA,-0.04440241679549217
EIF3IP1_RNA,-0.04440372809767723
KCTD1_RNA,-0.04450063034892082
CMAS_RNA,-0.044519584625959396
PHF20L1_RNA,-0.04455927759408951
LRRC40_RNA,-0.04459330067038536
RAP1B_RNA,-0.044608183205127716
ISY1_RNA,-0.04461122676730156
RAB23_RNA,-0.04463512822985649
ZNF181_RNA,-0.04464351385831833
SART1_RNA,-0.04466203600168228
FANCF_RNA,-0.04466253146529198
ZNF677_RNA,-0.044669248163700104
C1orf53_RNA,-0.04470885917544365
C1orf174_RNA,-0.0448174923658371
PTCHD3_RNA,-0.04481938108801842
TRIM68_RNA,-0.04482056200504303
CEBPZ_RNA,-0.04487002640962601
CHERP_RNA,-0.044877536594867706
TYW1_RNA,-0.044921696186065674
NAA20_RNA,-0.04495565965771675
XRN1_RNA,-0.04497409239411354
ZSWIM1_RNA,-0.04498371481895447
MIR98_RNA,-0.04509783908724785
PAN3_RNA,-0.0451212041079998
RASSF3_RNA,-0.04512361064553261
RGL2_RNA,-0.04512582719326019
SAP30BP_RNA,-0.0451362207531929
HELT_RNA,-0.0451386384665966
AP4M1_RNA,-0.04514201357960701
CRB3_RNA,-0.04516294598579407
PLA2G7_RNA,-0.045168500393629074
EME1_RNA,-0.04521505907177925
PDGFD_RNA,-0.04523949325084686
STRADB_RNA,-0.04524002596735954
FBRSL1_RNA,-0.04524488002061844
HEG1_RNA,-0.04526407644152641
CPVL_RNA,-0.04526819288730621
EPC2_RNA,-0.04529782012104988
GIN1_RNA,-0.04532908648252487
CCDC18_RNA,-0.045347608625888824
NHLRC2_RNA,-0.045357394963502884
MIR591_RNA,-0.04539067670702934
SLC15A5_RNA,-0.04541308805346489
ZNF683_RNA,-0.04542149603366852
SLC25A36_RNA,-0.04545450583100319
RFX8_RNA,-0.04545603320002556
PLD4_RNA,-0.045526761561632156
NEDD4_RNA,-0.045559629797935486
ADCY10_RNA,-0.04558359831571579
DBX1_RNA,-0.04559638723731041
RSPO1_RNA,-0.04568971320986748
SNORA36C_RNA,-0.045721087604761124
MIR101-1_RNA,-0.0457238145172596
GPR61_RNA,-0.04573846980929375
OR2D3_RNA,-0.045740678906440735
GALP_RNA,-0.045748114585876465
SETMAR_RNA,-0.045781757682561874
UBE2V2_RNA,-0.045856595039367676
SLC12A8_RNA,-0.04591631889343262
ANAPC13_RNA,-0.045936863869428635
RNF133_RNA,-0.04594665393233299
PTGER2_RNA,-0.04599077254533768
CCDC103_RNA,-0.045996349304914474
KCNJ8_RNA,-0.046039048582315445
TSTD1_RNA,-0.04604625701904297
MTX1_RNA,-0.04604979604482651
ZNF467_RNA,-0.04605302959680557
HOXC10_RNA,-0.04610329121351242
HLA-DRA_RNA,-0.04613281413912773
SLAMF1_RNA,-0.04617258161306381
METTL5_RNA,-0.04617271572351456
DDX18_RNA,-0.046178966760635376
MIR374A_RNA,-0.04619841277599335
TRNAU1AP_RNA,-0.04622989147901535
CFD_RNA,-0.04626604914665222
ZKSCAN5_RNA,-0.046335697174072266
PRCC_RNA,-0.046359237283468246
VAV1_RNA,-0.04635937884449959
BCLAF1_RNA,-0.04636004567146301
ZNF667_RNA,-0.04636692628264427
CLEC12B_RNA,-0.04637063294649124
OR52B2_RNA,-0.046393606811761856
SNAP23_RNA,-0.0464060977101326
IRX1_RNA,-0.046416789293289185
OR5AU1_RNA,-0.04642544314265251
PROM1_RNA,-0.04643452540040016
KIAA1210_RNA,-0.046473804861307144
LAT_RNA,-0.04653540626168251
IFI27_RNA,-0.04654380679130554
LRRC45_RNA,-0.04654806852340698
RND1_RNA,-0.046552661806344986
TMEM63A_RNA,-0.04655345156788826
MLYCD_RNA,-0.046580247581005096
ZNF518B_RNA,-0.04658856615424156
INPPL1_RNA,-0.04659821838140488
FLCN_RNA,-0.04660029709339142
SHARPIN_RNA,-0.04662469029426575
ST18_RNA,-0.046644534915685654
SEPHS1_RNA,-0.046756185591220856
MIR1180_RNA,-0.04677039384841919
ATP2A3_RNA,-0.04682109132409096
TMEM209_RNA,-0.04683105647563934
KRT71_RNA,-0.046926625072956085
MIR2276_RNA,-0.046970196068286896
GJB2_RNA,-0.046971406787633896
NBR1_RNA,-0.04697318375110626
CYP2U1_RNA,-0.04701352119445801
PPP1R3D_RNA,-0.04702688753604889
BET1L_RNA,-0.047085464000701904
LPIN2_RNA,-0.047092337161302567
KIR3DL1_RNA,-0.0471961610019207
GUCY2D_RNA,-0.04720482975244522
ZNF26_RNA,-0.047205839306116104
QRFPR_RNA,-0.04721037298440933
EPX_RNA,-0.04728025570511818
IREB2_RNA,-0.047321900725364685
TAL2_RNA,-0.047363296151161194
DOCK8_RNA,-0.04742612689733505
QPRT_RNA,-0.04748636111617088
CCDC80_RNA,-0.047490596771240234
TYRP1_RNA,-0.04752615839242935
PLSCR3_RNA,-0.04753987863659859
TPRG1L_RNA,-0.04755767062306404
GORASP2_RNA,-0.047576941549777985
KLF3_RNA,-0.04764438420534134
GCG_RNA,-0.04772626981139183
VPS4A_RNA,-0.047737348824739456
AMY2B_RNA,-0.04774206131696701
MUC2_RNA,-0.0477709136903286
CTH_RNA,-0.047829627990722656
SLC25A28_RNA,-0.047881003469228745
AP3S1_RNA,-0.047944340854883194
C17orf99_RNA,-0.04797733947634697
MIR2116_RNA,-0.04798196628689766
GABRB3_RNA,-0.04800336807966232
ETFDH_RNA,-0.04807227849960327
E4F1_RNA,-0.048094578087329865
SLC36A2_RNA,-0.048095036298036575
SLC5A10_RNA,-0.04809516668319702
LIPC_RNA,-0.04811076074838638
CRYGN_RNA,-0.04811934009194374
GAS2L1_RNA,-0.048162445425987244
MTF2_RNA,-0.04826044291257858
U2AF1L4_RNA,-0.0482783243060112
OR6A2_RNA,-0.048317935317754745
TRIM8_RNA,-0.048365794122219086
CLCN7_RNA,-0.04836774989962578
WFIKKN1_RNA,-0.048380427062511444
HSPA4L_RNA,-0.048386555165052414
CD3D_RNA,-0.04840841889381409
CYP2D6_RNA,-0.04841174930334091
DAZL_RNA,-0.04841434210538864
TAS2R60_RNA,-0.04841542989015579
NEUROG1_RNA,-0.048429567366838455
ZNF141_RNA,-0.04844694584608078
ANKRD28_RNA,-0.048465508967638016
FBXO43_RNA,-0.04848986491560936
OSCAR_RNA,-0.0484921857714653
MYD88_RNA,-0.04849690943956375
KHDC1L_RNA,-0.04852934926748276
ARID4B_RNA,-0.048535387963056564
ZNF761_RNA,-0.04853721708059311
TTLL5_RNA,-0.048538416624069214
DDX59_RNA,-0.04855145886540413
TMEM61_RNA,-0.04856155067682266
GFAP_RNA,-0.048564016819000244
SOX3_RNA,-0.04859180375933647
SFI1_RNA,-0.04861140623688698
ENGASE_RNA,-0.04864436015486717
ANP32D_RNA,-0.04868438467383385
ADRB1_RNA,-0.04875636845827103
BIVM_RNA,-0.04878166317939758
YPEL4_RNA,-0.048837609589099884
HSD17B12_RNA,-0.04884205386042595
OR2AG1_RNA,-0.04884359985589981
TRIM38_RNA,-0.048852577805519104
CCDC127_RNA,-0.04886205866932869
REST_RNA,-0.04886464402079582
KCNB1_RNA,-0.0488959364593029
SNORD104_RNA,-0.0489322766661644
LCK_RNA,-0.048943355679512024
ACTL7A_RNA,-0.04897221922874451
DSG2_RNA,-0.04902338609099388
KLHL21_RNA,-0.049023617058992386
MEAF6_RNA,-0.04902798309922218
RFX1_RNA,-0.04902873933315277
C16orf87_RNA,-0.04903743416070938
GSK3A_RNA,-0.04903777688741684
OR10A2_RNA,-0.04908493906259537
ZNF287_RNA,-0.049100130796432495
KHDRBS1_RNA,-0.04911118745803833
DIAPH3_RNA,-0.04917348921298981
LTF_RNA,-0.049334730952978134
SLC26A1_RNA,-0.04933697730302811
RAB4A_RNA,-0.049346923828125
MIR613_RNA,-0.04940924048423767
SMC1A_RNA,-0.04943609610199928
SERPINC1_RNA,-0.04944619908928871
FBXO9_RNA,-0.04945027455687523
PTPN23_RNA,-0.0494522862136364
FANCC_RNA,-0.04948776960372925
DSN1_RNA,-0.04949488118290901
GAL3ST4_RNA,-0.04950155317783356
CHIC2_RNA,-0.04950905963778496
PLXNA3_RNA,-0.04951287806034088
MAP3K5_RNA,-0.04957244545221329
PMS2_RNA,-0.04961809515953064
SCML2_RNA,-0.04965120553970337
STARD3_RNA,-0.049668073654174805
CAPZB_RNA,-0.04971887171268463
TMEM128_RNA,-0.04974919930100441
ZBED2_RNA,-0.04975666105747223
ABI1_RNA,-0.04977549612522125
ZDHHC15_RNA,-0.049789346754550934
MTX3_RNA,-0.049806829541921616
GNRH2_RNA,-0.049807965755462646
GJC3_RNA,-0.04981651529669762
PROX2_RNA,-0.04983111843466759
MIR548F1_RNA,-0.04989336058497429
DECR2_RNA,-0.04989524185657501
CYP46A1_RNA,-0.0499008446931839
CLCC1_RNA,-0.04996197298169136
TRAPPC2_RNA,-0.05000707507133484
NIPAL2_RNA,-0.05000758171081543
OR2AE1_RNA,-0.05000993236899376
CIB1_RNA,-0.05002479627728462
GPR152_RNA,-0.050039760768413544
FNBP1L_RNA,-0.050082456320524216
PPIL3_RNA,-0.0501144602894783
CEP70_RNA,-0.05012615770101547
BMP4_RNA,-0.0501718632876873
MPV17_RNA,-0.0502084456384182
ZC4H2_RNA,-0.05021851137280464
ZP3_RNA,-0.05024965479969978
SIGLEC10_RNA,-0.05026248097419739
CCDC148_RNA,-0.05027320235967636
LYRM7_RNA,-0.05027805268764496
C14orf93_RNA,-0.050313375890254974
SNRNP27_RNA,-0.05032959207892418
ZCCHC3_RNA,-0.05034684017300606
YIPF4_RNA,-0.050351426005363464
TBC1D4_RNA,-0.050410717725753784
MAP3K13_RNA,-0.05042378976941109
MIR221_RNA,-0.050529807806015015
CCNDBP1_RNA,-0.050623126327991486
ATP6V1G3_RNA,-0.05062596872448921
SLC22A24_RNA,-0.050631146878004074
OSBPL9_RNA,-0.050636302679777145
RAC1_RNA,-0.05064874514937401
WNT8B_RNA,-0.05065246298909187
HIPK1_RNA,-0.050653126090765
MIR769_RNA,-0.05067791789770126
PCDH7_RNA,-0.05069101229310036
RNF13_RNA,-0.05069899931550026
CCDC66_RNA,-0.050703562796115875
EIF2AK2_RNA,-0.05079878494143486
CPZ_RNA,-0.050805460661649704
KBTBD3_RNA,-0.05083198845386505
PPM1M_RNA,-0.05090344324707985
ATL2_RNA,-0.05091346055269241
VAT1L_RNA,-0.05092436075210571
SLFN12L_RNA,-0.05096043646335602
HCG18_RNA,-0.05096152424812317
DEPDC7_RNA,-0.05097848176956177
ERI2_RNA,-0.05107076093554497
STK32C_RNA,-0.0511174201965332
RIOK2_RNA,-0.05115494877099991
TMEM105_RNA,-0.051173217594623566
GOLT1B_RNA,-0.051174115389585495
PPP1R12B_RNA,-0.05117719992995262
NMU_RNA,-0.051243312656879425
DCAF8L1_RNA,-0.051246628165245056
BBS10_RNA,-0.051266659051179886
B3GNTL1_RNA,-0.051271889358758926
ANKHD1_RNA,-0.05127277225255966
GSTO2_RNA,-0.05128724128007889
MPHOSPH6_RNA,-0.05129668489098549
NAPA_RNA,-0.05130946636199951
HOXB7_RNA,-0.051316455006599426
EBI3_RNA,-0.05131877586245537
ALDH3B1_RNA,-0.05133318156003952
DHRS3_RNA,-0.051362842321395874
PHKG2_RNA,-0.051387593150138855
MYH2_RNA,-0.05143643543124199
SLC30A5_RNA,-0.05145004391670227
FAM81A_RNA,-0.051462605595588684
KRTAP19-8_RNA,-0.051513101905584335
PTPN6_RNA,-0.05153660848736763
TPK1_RNA,-0.05156950652599335
ONECUT1_RNA,-0.05157145857810974
DHRS11_RNA,-0.051610901951789856
SERPINB5_RNA,-0.051622431725263596
SPCS1_RNA,-0.05165158957242966
FXYD3_RNA,-0.051700569689273834
PXMP2_RNA,-0.05170123651623726
FOXE1_RNA,-0.05171782150864601
ACCSL_RNA,-0.05174878239631653
ASPH_RNA,-0.05180223658680916
ZBTB37_RNA,-0.05182477459311485
NHLRC1_RNA,-0.05186235159635544
IL31RA_RNA,-0.051867540925741196
NOL12_RNA,-0.05194072425365448
EPHX3_RNA,-0.05195961892604828
SPINK1_RNA,-0.05197770893573761
UBAP2L_RNA,-0.051987238228321075
CRLS1_RNA,-0.051990166306495667
BEST1_RNA,-0.0520235076546669
PROM2_RNA,-0.05203910544514656
LFNG_RNA,-0.05207379534840584
ADAM18_RNA,-0.05208088085055351
UBE2I_RNA,-0.05208118259906769
GZMM_RNA,-0.05211492255330086
ASCC1_RNA,-0.05215892195701599
TDRD10_RNA,-0.05217032507061958
TSPYL6_RNA,-0.05226913467049599
FCRL3_RNA,-0.05227380245923996
ABO_RNA,-0.05228189751505852
PRKD3_RNA,-0.05228620767593384
PBOV1_RNA,-0.05230514332652092
CCDC60_RNA,-0.05230773612856865
CASP14_RNA,-0.052343014627695084
SCAMP2_RNA,-0.052345868200063705
PPP1R3A_RNA,-0.05236998572945595
CYTH4_RNA,-0.0523974671959877
GPR50_RNA,-0.05241108685731888
CLDND2_RNA,-0.05242578685283661
EGLN3_RNA,-0.05244813486933708
MGRN1_RNA,-0.05245467275381088
SLC25A14_RNA,-0.05247427895665169
MIR539_RNA,-0.05248755216598511
CXCL12_RNA,-0.052563056349754333
AADAC_RNA,-0.05258641391992569
NAA15_RNA,-0.05260656774044037
ZNF644_RNA,-0.052607130259275436
CEBPE_RNA,-0.05269443616271019
OR51Q1_RNA,-0.052707649767398834
LHX9_RNA,-0.05273998901247978
TMEM14A_RNA,-0.05277358368039131
ZNF778_RNA,-0.05279584228992462
HNRNPA1L2_RNA,-0.0528692863881588
LIPJ_RNA,-0.05289226770401001
RFX3_RNA,-0.05295272544026375
GYG1_RNA,-0.05297083035111427
PDE6C_RNA,-0.052979130297899246
IL4_RNA,-0.05299254134297371
CBFA2T3_RNA,-0.0529949925839901
NFKBID_RNA,-0.05300167202949524
FCGR3A_RNA,-0.05301649495959282
CNGA1_RNA,-0.053042955696582794
RASL11A_RNA,-0.05304715409874916
MEP1B_RNA,-0.05305926129221916
ZNF709_RNA,-0.05309063196182251
METTL4_RNA,-0.053099505603313446
C4orf51_RNA,-0.05310108885169029
DALRD3_RNA,-0.0531163364648819
PSMC5_RNA,-0.05313413590192795
PLEKHH3_RNA,-0.053177133202552795
CD53_RNA,-0.053182072937488556
ERBB2_RNA,-0.05318955332040787
RHOT2_RNA,-0.0532589852809906
PSMB9_RNA,-0.053307998925447464
FOXB2_RNA,-0.05330834910273552
SENP8_RNA,-0.05331549420952797
ARHGEF1_RNA,-0.053356729447841644
PCBP1_RNA,-0.05337093397974968
CASP6_RNA,-0.053404223173856735
SMO_RNA,-0.053428202867507935
PALB2_RNA,-0.05345722660422325
CBLC_RNA,-0.053466010838747025
SNORD62B_RNA,-0.053625933825969696
TCIRG1_RNA,-0.05364016070961952
GGA2_RNA,-0.053661007434129715
ACBD5_RNA,-0.053664784878492355
AMH_RNA,-0.05367870256304741
CLEC9A_RNA,-0.053679920732975006
MIR194-1_RNA,-0.05368419736623764
ZFAND6_RNA,-0.053709857165813446
GUF1_RNA,-0.0537443608045578
CLDN14_RNA,-0.05378733202815056
CATSPER4_RNA,-0.05380203574895859
TXK_RNA,-0.05384416878223419
PCP2_RNA,-0.05387352779507637
PDSS1_RNA,-0.053886834532022476
GUSB_RNA,-0.053990356624126434
NOL8_RNA,-0.05402018874883652
CEP164_RNA,-0.054028503596782684
TAF4_RNA,-0.05404107645153999
ZNF276_RNA,-0.05405114218592644
RPAIN_RNA,-0.05408559739589691
GLI1_RNA,-0.05408862233161926
NFYA_RNA,-0.05408930405974388
FCRL6_RNA,-0.054089583456516266
KLHL30_RNA,-0.05415204167366028
ANKRD39_RNA,-0.05415985733270645
FOXRED1_RNA,-0.05424913018941879
C1orf54_RNA,-0.05424973741173744
MIR661_RNA,-0.05428504943847656
FBXL5_RNA,-0.05430302768945694
FZD7_RNA,-0.05435297265648842
OCRL_RNA,-0.054357800632715225
MED6_RNA,-0.05437616631388664
OR2F1_RNA,-0.054377391934394836
STX4_RNA,-0.05437853932380676
TRMT12_RNA,-0.05441742762923241
RASSF8_RNA,-0.05442950129508972
MIR543_RNA,-0.05446144565939903
ITGBL1_RNA,-0.05449563264846802
NIT1_RNA,-0.054514095187187195
PDCD1_RNA,-0.05457085371017456
WDR53_RNA,-0.054573334753513336
GBX1_RNA,-0.05459369346499443
HSPBAP1_RNA,-0.054607030004262924
RNASEH2B_RNA,-0.05467350780963898
DMRT3_RNA,-0.05468503013253212
MIR199B_RNA,-0.05469127744436264
FADS2_RNA,-0.054716624319553375
LGR4_RNA,-0.054723456501960754
MIR874_RNA,-0.054728176444768906
PPP2R3A_RNA,-0.05476965010166168
SH3RF3_RNA,-0.0547819510102272
IRAK4_RNA,-0.05480176582932472
GSTM5_RNA,-0.054828278720378876
TMEM126B_RNA,-0.054874155670404434
ARSK_RNA,-0.05487840995192528
CYTH2_RNA,-0.05488765239715576
ERMN_RNA,-0.054921817034482956
MIR200A_RNA,-0.05492306873202324
HNF1A_RNA,-0.05493643879890442
RORB_RNA,-0.0549456961452961
SNHG3_RNA,-0.05494875833392143
MIR624_RNA,-0.05496683344244957
PPID_RNA,-0.054976243525743484
IPO4_RNA,-0.05502118915319443
PRPF40A_RNA,-0.05505979806184769
PAMR1_RNA,-0.055069539695978165
ERAP2_RNA,-0.05509546026587486
CRYBA1_RNA,-0.055097877979278564
LOC728743_RNA,-0.05509813502430916
NAP1L1_RNA,-0.05511973798274994
VNN1_RNA,-0.055122651159763336
PTPN3_RNA,-0.05513092130422592
SLC5A1_RNA,-0.05513725057244301
MYO19_RNA,-0.05518368259072304
TRIM25_RNA,-0.055204883217811584
PIP5K1B_RNA,-0.05521729215979576
OR52I1_RNA,-0.055217962712049484
KLK2_RNA,-0.05527013540267944
TMEM102_RNA,-0.05527084693312645
ASB11_RNA,-0.05532187223434448
CPEB1_RNA,-0.05536229908466339
DCUN1D4_RNA,-0.055388666689395905
ZNF790_RNA,-0.055409353226423264
CDSN_RNA,-0.055452823638916016
MIR601_RNA,-0.055459439754486084
IQCJ_RNA,-0.05546822398900986
TBX3_RNA,-0.05546916648745537
CER1_RNA,-0.055475130677223206
HPX_RNA,-0.055517539381980896
JMY_RNA,-0.0555572584271431
PLEK_RNA,-0.05556635558605194
APH1B_RNA,-0.055582549422979355
ACSM3_RNA,-0.05559292435646057
RIPK3_RNA,-0.05559740960597992
BMP10_RNA,-0.05559965595602989
OR6X1_RNA,-0.05560566857457161
OR5C1_RNA,-0.055624328553676605
SLC9A2_RNA,-0.055638670921325684
EDNRA_RNA,-0.05568380653858185
HRNR_RNA,-0.055711884051561356
MBD5_RNA,-0.05571715533733368
KAAG1_RNA,-0.055718470364809036
CD3G_RNA,-0.05576784536242485
MYOG_RNA,-0.05577380955219269
HRH4_RNA,-0.0557754822075367
FAM3A_RNA,-0.055841829627752304
GNA14_RNA,-0.0558469183743
CCDC92_RNA,-0.05587949603796005
RTN3_RNA,-0.05588752031326294
C1orf210_RNA,-0.05591968074440956
HCLS1_RNA,-0.05593212693929672
HLTF_RNA,-0.05593865364789963
FRMD7_RNA,-0.055948302149772644
ZNF513_RNA,-0.05598221346735954
DSTYK_RNA,-0.055997107177972794
VPS33A_RNA,-0.05600426346063614
TTC19_RNA,-0.05601552501320839
CUL7_RNA,-0.056024208664894104
ACBD7_RNA,-0.05604732036590576
CELA2A_RNA,-0.05606117099523544
POU3F2_RNA,-0.056066278368234634
AMDHD2_RNA,-0.05612747371196747
NUMB_RNA,-0.05615657940506935
ABCC1_RNA,-0.05617215856909752
TNRC18_RNA,-0.056181006133556366
CMA1_RNA,-0.05618220567703247
ARMC9_RNA,-0.05629349872469902
RALBP1_RNA,-0.05629789084196091
WTAP_RNA,-0.05637248978018761
SHMT1_RNA,-0.05639214068651199
FLJ12825_RNA,-0.05640323460102081
GTSF1_RNA,-0.056407272815704346
LHX4_RNA,-0.056416433304548264
MOBP_RNA,-0.05645931139588356
GOLGB1_RNA,-0.056462373584508896
FLI1_RNA,-0.05646780878305435
MIR33B_RNA,-0.05647878348827362
MAT1A_RNA,-0.05649065226316452
SLC30A6_RNA,-0.05656765401363373
OR1L6_RNA,-0.0565977618098259
SNX20_RNA,-0.0566241592168808
CD164L2_RNA,-0.05670104920864105
MCTP2_RNA,-0.05671136826276779
CNKSR1_RNA,-0.05672343447804451
SLFN5_RNA,-0.05679076164960861
UQCRHL_RNA,-0.0567912757396698
ARHGAP8_RNA,-0.05680302903056145
PRR13_RNA,-0.05681033059954643
ABCC3_RNA,-0.056883517652750015
CUL5_RNA,-0.056922052055597305
SLC14A2_RNA,-0.05694909021258354
MIR627_RNA,-0.056971706449985504
RAB7A_RNA,-0.056978579610586166
MIR942_RNA,-0.05698949098587036
MIR548F3_RNA,-0.0569925382733345
UBN2_RNA,-0.0570097491145134
MMP25_RNA,-0.05705391988158226
ABHD4_RNA,-0.05706657096743584
HDAC6_RNA,-0.05714036151766777
UPK1A_RNA,-0.05716906115412712
OXSM_RNA,-0.05719071999192238
HSBP1L1_RNA,-0.05721542239189148
ANKRA2_RNA,-0.05725438892841339
RNF212_RNA,-0.057292990386486053
KIR3DL2_RNA,-0.05730119347572327
GALM_RNA,-0.05730447545647621
GC_RNA,-0.05731458216905594
DLEU1_RNA,-0.05734298378229141
MAP6_RNA,-0.05737992748618126
SNAI3_RNA,-0.057393111288547516
TRPC1_RNA,-0.05743597820401192
ZNF280C_RNA,-0.057461582124233246
MIR9-3_RNA,-0.05748241767287254
PCBP2_RNA,-0.0574994832277298
HSPB2_RNA,-0.05752807483077049
IRX6_RNA,-0.05755938962101936
EXOG_RNA,-0.05759762227535248
PCDHGB3_RNA,-0.05760836973786354
CCL18_RNA,-0.05762096494436264
FAR1_RNA,-0.057627156376838684
DHRS1_RNA,-0.05765474960207939
CAPN2_RNA,-0.057675331830978394
DNAJB14_RNA,-0.05774659290909767
SCP2_RNA,-0.05777018517255783
IL17RB_RNA,-0.057774368673563004
DCLK2_RNA,-0.05777910724282265
TSR2_RNA,-0.05778312310576439
CA6_RNA,-0.05778767541050911
WBP4_RNA,-0.057838957756757736
GAL3ST2_RNA,-0.05786631628870964
GLS2_RNA,-0.05788551643490791
MAGIX_RNA,-0.05790694057941437
GATA5_RNA,-0.05793417617678642
NUDT15_RNA,-0.05794290825724602
PHF1_RNA,-0.057943206280469894
ACTR6_RNA,-0.057950422167778015
FLVCR1_RNA,-0.057962674647569656
SORBS2_RNA,-0.05799875408411026
CRABP1_RNA,-0.05801859870553017
TBC1D15_RNA,-0.05802639573812485
GNAT1_RNA,-0.05808208882808685
ACTL8_RNA,-0.058104608207941055
RAB33B_RNA,-0.05814395844936371
IMMP2L_RNA,-0.05815090611577034
HAL_RNA,-0.058169279247522354
OR1E2_RNA,-0.05819529667496681
ARHGAP30_RNA,-0.05820675194263458
ZNF224_RNA,-0.05822907015681267
ATAD5_RNA,-0.05825876072049141
ZNF320_RNA,-0.05828423425555229
SH2D7_RNA,-0.058285970240831375
WAC_RNA,-0.05828794836997986
INSIG1_RNA,-0.05829416215419769
DUSP14_RNA,-0.05830751359462738
ZNF780B_RNA,-0.058353427797555923
CSTF3_RNA,-0.05838070064783096
TRIM26_RNA,-0.058432240039110184
ERP44_RNA,-0.05843925103545189
SLC37A2_RNA,-0.05843992531299591
GSTK1_RNA,-0.058452919125556946
POGZ_RNA,-0.058468982577323914
C20orf173_RNA,-0.05847274139523506
GAPDHS_RNA,-0.058477550745010376
BRI3_RNA,-0.05848151817917824
OR1L3_RNA,-0.05851204693317413
SOAT1_RNA,-0.058559078723192215
FBP1_RNA,-0.05857034772634506
OGT_RNA,-0.058597125113010406
AGAP11_RNA,-0.05861872807145119
SAV1_RNA,-0.05861897021532059
PAGE4_RNA,-0.058664675801992416
MIRLET7A2_RNA,-0.05875468626618385
NFYC_RNA,-0.05876246094703674
WDTC1_RNA,-0.058777112513780594
GBP2_RNA,-0.05880937725305557
USP42_RNA,-0.058840032666921616
EMB_RNA,-0.058886583894491196
FBXO47_RNA,-0.05890833958983421
SERPINE3_RNA,-0.05892325937747955
SPIN4_RNA,-0.058946188539266586
OR10Q1_RNA,-0.0589669793844223
SF3A2_RNA,-0.058983027935028076
RAB11B_RNA,-0.05898326262831688
TYROBP_RNA,-0.0589870885014534
TNNC2_RNA,-0.059001144021749496
MIR425_RNA,-0.05901933088898659
THAP8_RNA,-0.05905716493725777
AUH_RNA,-0.05907382816076279
NFATC2IP_RNA,-0.0591326504945755
NMNAT3_RNA,-0.05918002873659134
PLEKHA8_RNA,-0.05918402969837189
C9orf78_RNA,-0.05919260159134865
TUBA4B_RNA,-0.05920429900288582
INHBC_RNA,-0.05920900031924248
RAB9B_RNA,-0.05928502604365349
ABTB1_RNA,-0.05930367112159729
PRR5L_RNA,-0.05930883809924126
RAB1A_RNA,-0.05938788875937462
KBTBD7_RNA,-0.059397146105766296
UBE2D3_RNA,-0.05940768122673035
MIR505_RNA,-0.05945155769586563
DCAF17_RNA,-0.059456802904605865
CCDC97_RNA,-0.05945975333452225
CPT1B_RNA,-0.05947311595082283
BIN3_RNA,-0.05948271602392197
MRGPRD_RNA,-0.05950887128710747
DNAJC5B_RNA,-0.05953233689069748
ENOX2_RNA,-0.059594303369522095
POLD4_RNA,-0.059609003365039825
MIR1278_RNA,-0.05962959676980972
NECAP2_RNA,-0.05965404957532883
TIGD6_RNA,-0.05965745449066162
AGBL1_RNA,-0.05967164412140846
TMEM135_RNA,-0.05978699028491974
ZBTB25_RNA,-0.05979377403855324
CHD1L_RNA,-0.05979510024189949
MIR377_RNA,-0.059797223657369614
RANGRF_RNA,-0.05982332304120064
MLLT10_RNA,-0.05982556194067001
MIR941-3_RNA,-0.05983318015933037
ZIC3_RNA,-0.05986333638429642
GSDMD_RNA,-0.05992710590362549
ZNF18_RNA,-0.059932269155979156
HIRIP3_RNA,-0.06000281125307083
KCNH8_RNA,-0.06001857668161392
CEACAM20_RNA,-0.06006244570016861
SEMA3B_RNA,-0.0601012296974659
REG4_RNA,-0.0601019412279129
ITGB8_RNA,-0.06013480946421623
SYCE2_RNA,-0.060195498168468475
MIR148B_RNA,-0.06019630655646324
GPR39_RNA,-0.06019672006368637
HNRNPU_RNA,-0.060208093374967575
GLT8D1_RNA,-0.06021732836961746
CASP1_RNA,-0.06023050844669342
NLRC5_RNA,-0.06024254485964775
MRPL46_RNA,-0.060262538492679596
SUPT7L_RNA,-0.06035209074616432
FCRL5_RNA,-0.06036888062953949
DCUN1D2_RNA,-0.060369838029146194
SOD3_RNA,-0.06037844344973564
RP9_RNA,-0.060417067259550095
FGD4_RNA,-0.06043306365609169
BIRC7_RNA,-0.060482919216156006
ASTN2_RNA,-0.06054217368364334
SOX30_RNA,-0.06054367870092392
MTHFS_RNA,-0.0605519637465477
RFPL3S_RNA,-0.060612160712480545
MIR187_RNA,-0.06064724922180176
TAS2R39_RNA,-0.06068296730518341
SERBP1_RNA,-0.0607159398496151
GPR31_RNA,-0.060716740787029266
TYR_RNA,-0.06072114035487175
CSF1R_RNA,-0.06072118133306503
FGL2_RNA,-0.06073013320565224
TMEM179B_RNA,-0.060779958963394165
HOXC11_RNA,-0.06078669801354408
SNORD69_RNA,-0.060811612755060196
NUCKS1_RNA,-0.06083201989531517
UNK_RNA,-0.0608411580324173
LMLN_RNA,-0.06092996522784233
OR2B2_RNA,-0.0609457790851593
BRWD1_RNA,-0.06099700927734375
CCL14_RNA,-0.06107669696211815
ZNF337_RNA,-0.061091162264347076
SNORD11B_RNA,-0.06109406799077988
CEBPA_RNA,-0.06110242381691933
PNLDC1_RNA,-0.061165496706962585
TIA1_RNA,-0.061243701726198196
CIB4_RNA,-0.061252616345882416
SLITRK2_RNA,-0.061317142099142075
RBM14_RNA,-0.061397578567266464
SNHG10_RNA,-0.061399009078741074
NTN5_RNA,-0.06144767627120018
PSMD5_RNA,-0.061475399881601334
SLC10A1_RNA,-0.061480507254600525
RNASET2_RNA,-0.06149570643901825
INTS3_RNA,-0.06156017258763313
RPRD2_RNA,-0.061590954661369324
NPY2R_RNA,-0.06161804124712944
SAMD10_RNA,-0.06162773817777634
RBM38_RNA,-0.06163198873400688
ARHGAP15_RNA,-0.061680469661951065
LLGL1_RNA,-0.06175066530704498
RUNDC1_RNA,-0.06180572137236595
GATA6_RNA,-0.06182854622602463
MASP2_RNA,-0.06183677539229393
ATM_RNA,-0.061848144978284836
FGF6_RNA,-0.06187475100159645
SLC15A1_RNA,-0.06187956780195236
ZNF674_RNA,-0.061901699751615524
NUDT9_RNA,-0.061966054141521454
KIFAP3_RNA,-0.06197525933384895
KCNK2_RNA,-0.06210218369960785
FMNL1_RNA,-0.06220490112900734
PMAIP1_RNA,-0.06223868206143379
SYCP3_RNA,-0.062333106994628906
PML_RNA,-0.062336646020412445
C1orf131_RNA,-0.06235009431838989
UBE2F_RNA,-0.062351010739803314
DAB2_RNA,-0.06244005635380745
RPS6KB1_RNA,-0.06251678615808487
GALNS_RNA,-0.06254007667303085
ATOH7_RNA,-0.0625501349568367
NEURL2_RNA,-0.06257320940494537
OTOA_RNA,-0.06261635571718216
CD7_RNA,-0.06264025717973709
ASB18_RNA,-0.06264211982488632
FMOD_RNA,-0.06265002489089966
FGD2_RNA,-0.0626603290438652
KIF16B_RNA,-0.06267834454774857
NR2E1_RNA,-0.0627349317073822
BRDT_RNA,-0.06273853778839111
SPPL2A_RNA,-0.06280847638845444
SFRP1_RNA,-0.06280963122844696
CNPY2_RNA,-0.06281178444623947
SOSTDC1_RNA,-0.06284356862306595
PEX11G_RNA,-0.06289035826921463
ABAT_RNA,-0.06292937695980072
MIR454_RNA,-0.0629454106092453
KCTD3_RNA,-0.06298473477363586
FUT5_RNA,-0.06302782148122787
PAEP_RNA,-0.06304135173559189
FSHR_RNA,-0.06304507702589035
IFNG_RNA,-0.0630868598818779
NOP58_RNA,-0.06308943778276443
RP1_RNA,-0.06311715394258499
OVGP1_RNA,-0.06314206123352051
OGFOD1_RNA,-0.06315251439809799
SRI_RNA,-0.06317770481109619
NCOA5_RNA,-0.06318209320306778
ADH7_RNA,-0.06326275318861008
UFM1_RNA,-0.06336109340190887
NTNG1_RNA,-0.06336117535829544
GADL1_RNA,-0.06345462799072266
C4BPB_RNA,-0.06350058317184448
VSIG2_RNA,-0.06353675574064255
CXCR6_RNA,-0.06355077028274536
RUFY1_RNA,-0.06355395168066025
SYS1-DBNDD2_RNA,-0.06362028419971466
SLURP1_RNA,-0.06365176290273666
MRPS33_RNA,-0.06365960091352463
SGCE_RNA,-0.06367005407810211
SERPINA6_RNA,-0.06368774175643921
CNPY1_RNA,-0.06369708478450775
IFNGR1_RNA,-0.06373772025108337
RBM4B_RNA,-0.0637534111738205
TRIM75_RNA,-0.06375687569379807
ZNF514_RNA,-0.06377817690372467
BCL2A1_RNA,-0.06379642337560654
KCNJ13_RNA,-0.0638694167137146
MIR2278_RNA,-0.06389143317937851
KCNG4_RNA,-0.06389179080724716
KCTD4_RNA,-0.06390431523323059
NMUR2_RNA,-0.06390946358442307
LCMT2_RNA,-0.06392213702201843
SCARNA14_RNA,-0.06396394222974777
TRIM50_RNA,-0.06398511677980423
TRPV6_RNA,-0.06407269090414047
PNRC2_RNA,-0.06413853168487549
TREM1_RNA,-0.06416831165552139
DRP2_RNA,-0.06421352922916412
DSE_RNA,-0.06422297656536102
GBGT1_RNA,-0.06425456702709198
LAD1_RNA,-0.06426182389259338
MED9_RNA,-0.06430467963218689
LRRC49_RNA,-0.0643114224076271
HELQ_RNA,-0.06431800872087479
CKLF_RNA,-0.06435096263885498
CCDC78_RNA,-0.06437228620052338
MFSD11_RNA,-0.06438024342060089
OVCH1_RNA,-0.06440344452857971
OR51M1_RNA,-0.0644196942448616
PDE7A_RNA,-0.06446263194084167
NEUROG3_RNA,-0.06446501612663269
TEKT4_RNA,-0.06448951363563538
SDR9C7_RNA,-0.06449373066425323
FOXC1_RNA,-0.06449583172798157
ZNF619_RNA,-0.06458988785743713
LPO_RNA,-0.06466216593980789
MIR181D_RNA,-0.06466901302337646
ECHDC1_RNA,-0.06467710435390472
MIR629_RNA,-0.06468707323074341
GPR173_RNA,-0.06477249413728714
RPL13AP5_RNA,-0.06479214131832123
TCEA3_RNA,-0.06482583284378052
NME2_RNA,-0.06488367915153503
HMBS_RNA,-0.06488490849733353
NHSL1_RNA,-0.06488893926143646
SNX24_RNA,-0.06489497423171997
SLC6A9_RNA,-0.0649297833442688
RCN1_RNA,-0.0649687647819519
ITGAX_RNA,-0.06502402573823929
TMEM200A_RNA,-0.0651007890701294
KDSR_RNA,-0.065113864839077
RBCK1_RNA,-0.0651346817612648
PARP14_RNA,-0.06513522565364838
SLC30A1_RNA,-0.06515749543905258
E2F4_RNA,-0.06522288918495178
ZBTB7B_RNA,-0.06525696069002151
TRIT1_RNA,-0.06527727097272873
SPHK2_RNA,-0.06529366225004196
EML6_RNA,-0.06529728323221207
PROK1_RNA,-0.06530153751373291
ZMPSTE24_RNA,-0.06539540737867355
USP8_RNA,-0.06540791690349579
CHKB-CPT1B_RNA,-0.06541348248720169
ARHGAP1_RNA,-0.06543732434511185
TMIGD2_RNA,-0.06543868035078049
MIR181B2_RNA,-0.06544208526611328
GPR87_RNA,-0.06545696407556534
TRIM63_RNA,-0.06553058326244354
NUDT5_RNA,-0.06553151458501816
UBE2V1_RNA,-0.06555800884962082
PGLYRP2_RNA,-0.06559522449970245
TRMT2B_RNA,-0.06563879549503326
RSRC2_RNA,-0.06566188484430313
BEND7_RNA,-0.06567993015050888
MIR495_RNA,-0.0657036304473877
OR1J1_RNA,-0.0657278522849083
SPG21_RNA,-0.06573779135942459
ABCB5_RNA,-0.06579999625682831
SNTB1_RNA,-0.06585349887609482
INSIG2_RNA,-0.06587813049554825
TLCD2_RNA,-0.06589143723249435
MSRB2_RNA,-0.0659022331237793
CELA1_RNA,-0.06592051684856415
RAC2_RNA,-0.06592641025781631
PRMT7_RNA,-0.06592816114425659
CCNT2_RNA,-0.06597486883401871
GBP4_RNA,-0.06604506075382233
ADAMDEC1_RNA,-0.06606192886829376
FGF2_RNA,-0.06610269844532013
CENPQ_RNA,-0.06614571064710617
FCRL2_RNA,-0.06616900116205215
BCL2L11_RNA,-0.06617370992898941
IL16_RNA,-0.06617631763219833
ZGLP1_RNA,-0.06623982638120651
HSPA14_RNA,-0.06624121218919754
SLC7A2_RNA,-0.06624675542116165
UGT1A1_RNA,-0.06628413498401642
PCDHA4_RNA,-0.06628785282373428
DNAJC21_RNA,-0.06632320582866669
LEF1_RNA,-0.06636789441108704
RASSF7_RNA,-0.06638716161251068
ITGAD_RNA,-0.06644967198371887
OASL_RNA,-0.06646259129047394
NOTUM_RNA,-0.06646259874105453
SPNS3_RNA,-0.06646976619958878
TNNI3_RNA,-0.06647106260061264
MIR301B_RNA,-0.06647612899541855
LILRA2_RNA,-0.06652840226888657
ATG2A_RNA,-0.0666084736585617
HSD17B8_RNA,-0.06661733984947205
ROR2_RNA,-0.0666205957531929
CTLA4_RNA,-0.06663411110639572
WNT5B_RNA,-0.06664378196001053
WEE1_RNA,-0.0666620060801506
ZNF682_RNA,-0.06666518747806549
UBE2K_RNA,-0.066691555082798
NUCB2_RNA,-0.0667218491435051
KCNK13_RNA,-0.06674622744321823
NOD1_RNA,-0.06676051765680313
CEACAM16_RNA,-0.06677807122468948
TP63_RNA,-0.06677883118391037
NPNT_RNA,-0.06679041683673859
ACSF3_RNA,-0.06682219356298447
VMO1_RNA,-0.06689060479402542
CYP4F22_RNA,-0.06690559536218643
CT62_RNA,-0.06696808338165283
DCAF16_RNA,-0.06699179112911224
SLC10A3_RNA,-0.06699788570404053
SLC9A6_RNA,-0.06706054508686066
C16orf86_RNA,-0.06706255674362183
PEX6_RNA,-0.06712556630373001
GABPB2_RNA,-0.06717340648174286
SMC3_RNA,-0.06720330566167831
ULK2_RNA,-0.06721297651529312
HOXA7_RNA,-0.06725283712148666
UCP1_RNA,-0.06728805601596832
ENTPD2_RNA,-0.06729880720376968
CD86_RNA,-0.06731006503105164
MOGAT1_RNA,-0.06732410192489624
NPC1L1_RNA,-0.06733037531375885
ZBTB4_RNA,-0.0674312561750412
ASRGL1_RNA,-0.06748945266008377
DQX1_RNA,-0.06748967617750168
XKR6_RNA,-0.06749755144119263
DNAJC7_RNA,-0.06750859320163727
TAF3_RNA,-0.06753381341695786
ZBTB48_RNA,-0.06754785031080246
AIDA_RNA,-0.06755995005369186
PGGT1B_RNA,-0.06756462156772614
INSRR_RNA,-0.06756746768951416
ALKBH6_RNA,-0.06762968748807907
UBQLN3_RNA,-0.06764593720436096
SMAD3_RNA,-0.06765303760766983
COX15_RNA,-0.06768404692411423
LETMD1_RNA,-0.06768935173749924
MFSD3_RNA,-0.06769406050443649
PTTG1IP_RNA,-0.06778313964605331
HEXIM2_RNA,-0.06778557598590851
SLC10A2_RNA,-0.06780367344617844
DYRK1B_RNA,-0.06782279163599014
AMPD3_RNA,-0.06788869202136993
CSF1_RNA,-0.06798229366540909
SLC16A11_RNA,-0.06799977272748947
SLC25A29_RNA,-0.0680496022105217
FOXQ1_RNA,-0.06805171817541122
CHRM5_RNA,-0.06806174665689468
MBNL2_RNA,-0.06814675778150558
CCDC54_RNA,-0.06817647814750671
HOXC8_RNA,-0.0681789442896843
GPR137_RNA,-0.06818119436502457
TXNDC11_RNA,-0.06819192320108414
CACNA2D2_RNA,-0.06821166723966599
COG1_RNA,-0.0682121217250824
MAP1LC3B_RNA,-0.06822936236858368
FAM78A_RNA,-0.0682603120803833
KCTD9_RNA,-0.0682920292019844
IL17REL_RNA,-0.06833014637231827
THUMPD2_RNA,-0.0683332309126854
GPR85_RNA,-0.06833972781896591
ARID3B_RNA,-0.06834925711154938
MMP23A_RNA,-0.06835650652647018
TBX5_RNA,-0.06836333125829697
BCL2_RNA,-0.06836648285388947
PUS7L_RNA,-0.06841153651475906
WBP2_RNA,-0.06846094876527786
CC2D1B_RNA,-0.06849683821201324
B3GNT3_RNA,-0.06851055473089218
SLC1A3_RNA,-0.06851932406425476
MARVELD3_RNA,-0.06852386146783829
VAMP3_RNA,-0.06854404509067535
PRDM5_RNA,-0.0685509666800499
MIR648_RNA,-0.06855597347021103
NT5C2_RNA,-0.06856364756822586
CYSLTR1_RNA,-0.06857234984636307
STXBP4_RNA,-0.06858227401971817
SNRNP200_RNA,-0.06859621405601501
CAPN12_RNA,-0.06865318864583969
PMPCB_RNA,-0.06868942826986313
DLD_RNA,-0.06873761862516403
CADPS2_RNA,-0.06874528527259827
IQGAP2_RNA,-0.06876205652952194
ARL5B_RNA,-0.06880290061235428
LILRB2_RNA,-0.06881077587604523
TPCN1_RNA,-0.0688469409942627
DMP1_RNA,-0.0688522532582283
MOSPD3_RNA,-0.06889664381742477
ANKRD11_RNA,-0.06893809139728546
SSX2IP_RNA,-0.06904900819063187
MGC27382_RNA,-0.06905834376811981
TSEN15_RNA,-0.06908390671014786
ZNF502_RNA,-0.06910550594329834
HLA-DPA1_RNA,-0.06910693645477295
INHBB_RNA,-0.06911730021238327
LRRC28_RNA,-0.06914708018302917
BCL2L10_RNA,-0.06919276714324951
TRIM42_RNA,-0.06919660419225693
KLHDC1_RNA,-0.0692061111330986
LSM6_RNA,-0.06923385709524155
SLC9A4_RNA,-0.06927812099456787
MBIP_RNA,-0.06927898526191711
USP1_RNA,-0.06928177177906036
LPCAT2_RNA,-0.06932200491428375
IKZF3_RNA,-0.06937777251005173
AMZ2_RNA,-0.06938857585191727
RNF38_RNA,-0.0694999247789383
CREG1_RNA,-0.06952612847089767
JSRP1_RNA,-0.06954225152730942
SPRR3_RNA,-0.06954286247491837
ONECUT2_RNA,-0.06957464665174484
FGF11_RNA,-0.069709882140159607
CHST12_RNA,-0.06972555816173553
TEX261_RNA,-0.06975673884153366
SMC6_RNA,-0.06976344436407089
EPB41_RNA,-0.06977920979261398
CALR3_RNA,-0.06980698555707932
PROC_RNA,-0.06981530040502548
MIR556_RNA,-0.06982669234275818
BTBD18_RNA,-0.06983938068151474
DYDC1_RNA,-0.06990088522434235
ASB15_RNA,-0.06998609006404877
PATE1_RNA,-0.0699969232082367
C8orf74_RNA,-0.0700112134218216
GLOD5_RNA,-0.07011493295431137
SLC22A7_RNA,-0.07011769711971283
SEMG1_RNA,-0.07013558596372604
ATG4B_RNA,-0.0701875314116478
FAM171B_RNA,-0.07019466161727905
HMGCS2_RNA,-0.07025586813688278
KCNE2_RNA,-0.07028590142726898
PHKA1_RNA,-0.07032474875450134
MRGPRF_RNA,-0.07040297985076904
MIR33A_RNA,-0.07045344263315201
MIR2113_RNA,-0.07049839943647385
CEPT1_RNA,-0.07049906253814697
FAM41C_RNA,-0.0705086961388588
TMF1_RNA,-0.07051293551921844
OR10G3_RNA,-0.07056025415658951
PRCP_RNA,-0.07058148086071014
OR2B11_RNA,-0.07061562687158585
NUP160_RNA,-0.07066381722688675
PRB4_RNA,-0.07068490982055664
HOXB2_RNA,-0.07071050256490707
TRMT61B_RNA,-0.07071910798549652
SLC2A2_RNA,-0.07074695080518723
ADAMTS12_RNA,-0.07078655064105988
CLCN6_RNA,-0.07083307951688766
EXD1_RNA,-0.0708526223897934
PSKH1_RNA,-0.07086821645498276
RANBP10_RNA,-0.07087133079767227
CHDH_RNA,-0.07088688015937805
ZNF154_RNA,-0.07089130580425262
TAS2R41_RNA,-0.07091790437698364
EEPD1_RNA,-0.07093016058206558
OR52W1_RNA,-0.07093627005815506
UTP3_RNA,-0.07094284147024155
USP29_RNA,-0.07095414400100708
MATN3_RNA,-0.07096552848815918
UBE2H_RNA,-0.07097010314464569
HOXD4_RNA,-0.07098616659641266
ADAMTSL1_RNA,-0.07099992781877518
SLC9A8_RNA,-0.07102540135383606
ASXL2_RNA,-0.07103129476308823
EPDR1_RNA,-0.07120004296302795
SBK1_RNA,-0.07120172679424286
MFSD8_RNA,-0.07122872024774551
HECA_RNA,-0.07122933119535446
PPFIA1_RNA,-0.07122969627380371
MTHFD2L_RNA,-0.07128497958183289
CLVS2_RNA,-0.0713152289390564
STAR_RNA,-0.07131778448820114
APCDD1L_RNA,-0.07133033126592636
SIN3A_RNA,-0.0713510513305664
MTBP_RNA,-0.07137791812419891
VSIG10_RNA,-0.07141618430614471
CLEC4D_RNA,-0.07141907513141632
MED10_RNA,-0.07142030447721481
TCTA_RNA,-0.07150765508413315
SMG7_RNA,-0.07159991562366486
MIR1251_RNA,-0.07161644101142883
DDX5_RNA,-0.07162072509527206
ASAP3_RNA,-0.07170390337705612
PIGG_RNA,-0.07174526900053024
OTUD4_RNA,-0.07179653644561768
MIR99A_RNA,-0.07181304693222046
C2orf49_RNA,-0.07182518392801285
ABLIM3_RNA,-0.07185003906488419
ADAT1_RNA,-0.07188881933689117
IQSEC2_RNA,-0.07189792394638062
DYNLL2_RNA,-0.07193911820650101
EIF2B4_RNA,-0.07195205241441727
MAD1L1_RNA,-0.07198921591043472
B3GALNT2_RNA,-0.07199009507894516
NDST3_RNA,-0.07201806455850601
BLZF1_RNA,-0.07204406708478928
FAM13C_RNA,-0.07204951345920563
ABCG5_RNA,-0.0720510482788086
BIRC2_RNA,-0.07205479592084885
CEP290_RNA,-0.07207027077674866
MIR563_RNA,-0.07210169732570648
YEATS4_RNA,-0.07218286395072937
ZNF747_RNA,-0.0722016990184784
SLC25A21_RNA,-0.07221082597970963
ACAT1_RNA,-0.07224227488040924
CYB5D2_RNA,-0.07225952297449112
IL4I1_RNA,-0.07236102223396301
DHDH_RNA,-0.07236326485872269
PPP1R3F_RNA,-0.0723753347992897
ZNF84_RNA,-0.07237610220909119
ICOS_RNA,-0.07240290939807892
CUTC_RNA,-0.07240986078977585
LIG4_RNA,-0.07242647558450699
RPRM_RNA,-0.07244088500738144
SEC23IP_RNA,-0.07252144068479538
PROCR_RNA,-0.07256723195314407
XPR1_RNA,-0.0725943073630333
PCGF5_RNA,-0.07265163958072662
IMPACT_RNA,-0.07265674322843552
VCX_RNA,-0.07268141955137253
FREM1_RNA,-0.07269775122404099
PIN4_RNA,-0.07275561988353729
KRT12_RNA,-0.0727640762925148
CDCA7_RNA,-0.07281743735074997
TBC1D2B_RNA,-0.07284244149923325
C2_RNA,-0.07285623252391815
MRFAP1L1_RNA,-0.07289059460163116
SLC2A5_RNA,-0.07292818278074265
OPTN_RNA,-0.07293172180652618
C1RL_RNA,-0.07293234765529633
TERF2_RNA,-0.07294721156358719
SNRNP70_RNA,-0.07295770943164825
PRAP1_RNA,-0.07295847684144974
FBXL3_RNA,-0.0730079934000969
GBX2_RNA,-0.07304457575082779
ATOH1_RNA,-0.07304805517196655
MIR605_RNA,-0.07306335121393204
RXRA_RNA,-0.07306578755378723
CALM2_RNA,-0.0730849876999855
TMEM14C_RNA,-0.07311436533927917
KLHL10_RNA,-0.07313917577266693
MME_RNA,-0.07316096872091293
CEACAM5_RNA,-0.07317923754453659
RELA_RNA,-0.07322588562965393
ZNF578_RNA,-0.07337208092212677
FAM193B_RNA,-0.07340060919523239
TCF7L2_RNA,-0.07341472804546356
LDB2_RNA,-0.07341623306274414
TSEN2_RNA,-0.07341806590557098
MFAP1_RNA,-0.07344290614128113
NACA2_RNA,-0.07345849275588989
CDC42EP4_RNA,-0.07346444576978683
DNAH8_RNA,-0.07348529249429703
S100Z_RNA,-0.07348746806383133
TGIF2_RNA,-0.0734894722700119
MAMLD1_RNA,-0.07350508123636246
SLC25A37_RNA,-0.07357080280780792
ALG10B_RNA,-0.07360053062438965
SACM1L_RNA,-0.07360606640577316
LRRC8D_RNA,-0.07361391186714172
SLC22A3_RNA,-0.07380834966897964
PLEKHG4_RNA,-0.07381212711334229
GK2_RNA,-0.07388819754123688
GOSR2_RNA,-0.07389717549085617
BCDIN3D_RNA,-0.07392582297325134
CSNK1A1L_RNA,-0.07393435388803482
TGFB1_RNA,-0.07395017147064209
DDX42_RNA,-0.07396004348993301
ATG10_RNA,-0.07406231760978699
CCAR1_RNA,-0.07407882809638977
NANOS1_RNA,-0.07411481440067291
TMPRSS4_RNA,-0.07412508875131607
PITPNA_RNA,-0.07415393739938736
ANGPTL5_RNA,-0.07419153302907944
MIR181C_RNA,-0.07421790063381195
PNRC1_RNA,-0.0743517279624939
TNFRSF13B_RNA,-0.07436799257993698
EFCAB3_RNA,-0.07442553341388702
CDH26_RNA,-0.07446855306625366
RNF115_RNA,-0.07454796135425568
CCDC93_RNA,-0.07455846667289734
TXNDC9_RNA,-0.07464189827442169
HSPB1_RNA,-0.0746595710515976
BHLHE22_RNA,-0.07467592507600784
KIF25_RNA,-0.07470287382602692
TACR1_RNA,-0.07471533119678497
UPF2_RNA,-0.07472430914640427
SFPQ_RNA,-0.0747256800532341
CDK20_RNA,-0.07473662495613098
PGBD2_RNA,-0.07478190213441849
DDX46_RNA,-0.07478529214859009
MIR573_RNA,-0.0748128741979599
CHPT1_RNA,-0.0748586431145668
SNORD105_RNA,-0.07488498836755753
NPAS2_RNA,-0.07492303848266602
SEPHS2_RNA,-0.07500199228525162
SIRT1_RNA,-0.0750759169459343
WDR91_RNA,-0.07514883577823639
ASAH1_RNA,-0.07518771290779114
PIGA_RNA,-0.07520556449890137
FAM91A1_RNA,-0.07524194568395615
IFT122_RNA,-0.07534929364919662
PLCD4_RNA,-0.07535554468631744
SELPLG_RNA,-0.07535660266876221
MIR626_RNA,-0.07537586241960526
CDCP2_RNA,-0.07538387179374695
NBN_RNA,-0.07542578130960464
OTX2_RNA,-0.07543697208166122
PIR_RNA,-0.07544480264186859
OR52E2_RNA,-0.07545498013496399
SNX32_RNA,-0.07545800507068634
CACNB4_RNA,-0.07546447962522507
FMNL2_RNA,-0.07546962052583694
KIAA1958_RNA,-0.07547774165868759
DBT_RNA,-0.07550311833620071
ZNF727_RNA,-0.07553249597549438
GSC2_RNA,-0.07556445151567459
C17orf100_RNA,-0.07558935880661011
ACBD3_RNA,-0.07560302317142487
MOSPD2_RNA,-0.07561682164669037
MRFAP1_RNA,-0.07564494013786316
TOMM5_RNA,-0.07565214484930038
ASAH2B_RNA,-0.0757031962275505
PSMG4_RNA,-0.07571110129356384
RND2_RNA,-0.07571495324373245
TSPO2_RNA,-0.07572774589061737
PAPOLB_RNA,-0.07575727254152298
GALR2_RNA,-0.07578437030315399
GFPT2_RNA,-0.07582378387451172
KLHL9_RNA,-0.07583456486463547
EIF1B_RNA,-0.07604357600212097
TJP3_RNA,-0.07610175013542175
RASAL3_RNA,-0.07611332833766937
WIPI2_RNA,-0.07613140344619751
SIGLEC8_RNA,-0.07613490521907806
ZNF664_RNA,-0.07613540440797806
MKS1_RNA,-0.07614016532897949
ST8SIA6_RNA,-0.07621129602193832
SMYD4_RNA,-0.076218381524086
KCNC4_RNA,-0.07624196261167526
TNK1_RNA,-0.07626622915267944
CARD16_RNA,-0.07629754394292831
APEX2_RNA,-0.07631025463342667
VARS2_RNA,-0.07637731730937958
CD83_RNA,-0.07637930661439896
STEAP2_RNA,-0.07640085369348526
KIAA0319_RNA,-0.07648424059152603
OR52I2_RNA,-0.07652798295021057
SORL1_RNA,-0.07655786722898483
GDA_RNA,-0.07663367688655853
TRPV5_RNA,-0.07667094469070435
OAZ3_RNA,-0.07668910920619965
C2CD2_RNA,-0.07670844346284866
TBC1D21_RNA,-0.07672370970249176
PGC_RNA,-0.07678818702697754
RGL3_RNA,-0.07679592072963715
ANKRD22_RNA,-0.07684843987226486
EZH1_RNA,-0.07690153270959854
SAGE1_RNA,-0.07691310346126556
ATXN2L_RNA,-0.07696197181940079
ZFP1_RNA,-0.07699905335903168
NFASC_RNA,-0.07701875269412994
TMEM119_RNA,-0.07703045755624771
RNF207_RNA,-0.07704038918018341
CCNO_RNA,-0.07709841430187225
ARRDC5_RNA,-0.077143594622612
OMA1_RNA,-0.0771646574139595
TLR2_RNA,-0.07717109471559525
DLX2_RNA,-0.07718157023191452
SPATA13_RNA,-0.07719437777996063
KCNJ14_RNA,-0.07729112356901169
CNOT4_RNA,-0.077303946018219
OAS3_RNA,-0.0773238018155098
NTF4_RNA,-0.07738512754440308
SNX10_RNA,-0.0774192214012146
IRF2_RNA,-0.0774431973695755
CCDC77_RNA,-0.07757703959941864
SNRPN_RNA,-0.07763926684856415
CNBD1_RNA,-0.0777093842625618
CHRNG_RNA,-0.07774724066257477
GZMH_RNA,-0.0777854472398758
MANBAL_RNA,-0.07779955863952637
RAP2C_RNA,-0.07781872153282166
TNFRSF13C_RNA,-0.07784195244312286
MAP2K5_RNA,-0.07785627990961075
DPYS_RNA,-0.07787115126848221
NFATC1_RNA,-0.07792701572179794
CLDN7_RNA,-0.07793034613132477
NUDT6_RNA,-0.07793572545051575
R3HDM2_RNA,-0.0779658704996109
FOXP2_RNA,-0.07802533358335495
COL14A1_RNA,-0.07802625745534897
NEK1_RNA,-0.07805142551660538
CLCNKB_RNA,-0.07808669656515121
HOXB5_RNA,-0.07811405509710312
DNM1L_RNA,-0.0781211405992508
HMGN1_RNA,-0.07812845706939697
GMNN_RNA,-0.07814007252454758
KCNAB3_RNA,-0.07814647257328033
SCARNA23_RNA,-0.07821457833051682
USP49_RNA,-0.07823143899440765
HMX2_RNA,-0.07823918759822845
RNF139_RNA,-0.07828184962272644
MB_RNA,-0.07829821109771729
GRHL2_RNA,-0.07832708954811096
MIR551A_RNA,-0.078351229429245
CAPN6_RNA,-0.07836348563432693
DIABLO_RNA,-0.07837693393230438
RHBDL1_RNA,-0.07842713594436646
UGT3A2_RNA,-0.07843677699565887
PIK3R6_RNA,-0.07845540344715118
GULP1_RNA,-0.07851181924343109
IKBKB_RNA,-0.07851950079202652
COL11A1_RNA,-0.07855463027954102
TMCO5A_RNA,-0.0786089152097702
CPA3_RNA,-0.07861022651195526
INTS8_RNA,-0.07863930612802505
BAIAP2L1_RNA,-0.07864362746477127
TMPRSS12_RNA,-0.07876557111740112
RBM41_RNA,-0.07878998667001724
UPRT_RNA,-0.07880480587482452
HPS1_RNA,-0.07887765765190125
IGSF10_RNA,-0.07888466119766235
MIR140_RNA,-0.078906916081905365
SPCS2_RNA,-0.07897288352251053
STAB2_RNA,-0.07899975776672363
LRRC14B_RNA,-0.07901554554700851
ST6GALNAC1_RNA,-0.07905450463294983
MYH6_RNA,-0.07906157523393631
CITED4_RNA,-0.07906173914670944
RBM39_RNA,-0.0790674239397049
CNNM3_RNA,-0.07910318672657013
GRAMD1C_RNA,-0.07910442352294922
GPA33_RNA,-0.07910570502281189
CDK9_RNA,-0.07913746684789658
MIR1301_RNA,-0.07915794849395752
BATF2_RNA,-0.07916302978992462
SYTL1_RNA,-0.07917368412017822
KLHL14_RNA,-0.07920132577419281
ACRV1_RNA,-0.07923614978790283
DBX2_RNA,-0.07926120609045029
SLC35A1_RNA,-0.0793011337518692
RBM28_RNA,-0.07935941219329834
MIRLET7F2_RNA,-0.07945916056632996
DZIP3_RNA,-0.079471655189991
IL1B_RNA,-0.07951158285140991
RASD1_RNA,-0.07955014705657959
UBE2W_RNA,-0.0795951634645462
FBXO48_RNA,-0.07960174232721329
PHC1_RNA,-0.0796249508857727
BST1_RNA,-0.07965189963579178
CGGBP1_RNA,-0.07966764271259308
USP36_RNA,-0.07969352602958679
GPC4_RNA,-0.07969482988119125
CIB3_RNA,-0.07970727980136871
KCNA7_RNA,-0.0797523483633995
VAMP4_RNA,-0.07981132715940475
TFAM_RNA,-0.07985298335552216
TNFAIP8L2_RNA,-0.0798768699169159
LRCH4_RNA,-0.0799151286482811
LAIR1_RNA,-0.07994801551103592
RSAD1_RNA,-0.07996669411659241
COX11_RNA,-0.07999685406684875
OR3A3_RNA,-0.08000189065933228
ARF4_RNA,-0.08002889156341553
IGFL4_RNA,-0.08025266230106354
DCT_RNA,-0.08028092980384827
TMC3_RNA,-0.08031714707612991
TCF23_RNA,-0.08033132553100586
TTLL10_RNA,-0.08037035167217255
SPR_RNA,-0.08039667457342148
NSUN7_RNA,-0.08044552803039551
SRRM2_RNA,-0.08045870810747147
TMEM182_RNA,-0.08046240359544754
ZNF7_RNA,-0.08050288259983063
CASC3_RNA,-0.08054656535387039
CILP_RNA,-0.08059008419513702
MMP28_RNA,-0.08061239868402481
HOMER2_RNA,-0.08063986897468567
C1orf116_RNA,-0.08064794540405273
DCLRE1C_RNA,-0.08066164702177048
ZNF248_RNA,-0.08066815882921219
RHEB_RNA,-0.08072470873594284
KLF15_RNA,-0.08073679357767105
CBX7_RNA,-0.08075158298015594
HECTD3_RNA,-0.08077443391084671
PRRG2_RNA,-0.0807902067899704
DDHD2_RNA,-0.08079451322555542
CMTM6_RNA,-0.08081278949975967
SSTR5_RNA,-0.08086857199668884
TTN_RNA,-0.08090536296367645
EPC1_RNA,-0.08091353625059128
CD48_RNA,-0.08092185109853745
ZNF571_RNA,-0.0809607282280922
PRB3_RNA,-0.08096655458211899
BRMS1L_RNA,-0.08097928762435913
TSC22D2_RNA,-0.08098161220550537
ITGB6_RNA,-0.08100789785385132
CALB2_RNA,-0.08102548867464066
NEDD1_RNA,-0.08104433119297028
FCER1G_RNA,-0.0810558944940567
LCN2_RNA,-0.08106235414743423
OR7C1_RNA,-0.08110681921243668
TREM2_RNA,-0.08120490610599518
ZCCHC14_RNA,-0.08121395111083984
PFKFB1_RNA,-0.08132857084274292
RD3_RNA,-0.0813400074839592
SNORA70C_RNA,-0.08134377747774124
DDI1_RNA,-0.08137044310569763
TBPL2_RNA,-0.08139254152774811
MIR340_RNA,-0.08139394223690033
NUB1_RNA,-0.08140882104635239
ACSS1_RNA,-0.08141960948705673
SRRM4_RNA,-0.08142155408859253
DKC1_RNA,-0.08144218474626541
KLHDC7A_RNA,-0.08152247220277786
ASCL3_RNA,-0.08152653276920319
METTL14_RNA,-0.08160470426082611
ARAP1_RNA,-0.08170129358768463
HOOK2_RNA,-0.08170757442712784
MIR593_RNA,-0.0817129909992218
PKP1_RNA,-0.08171991258859634
HOXD10_RNA,-0.08172494918107986
TMPRSS5_RNA,-0.08173581212759018
IDI2_RNA,-0.08173918724060059
GANC_RNA,-0.08174415677785873
ASB4_RNA,-0.08175087720155716
MICA_RNA,-0.08175212144851685
COASY_RNA,-0.08175591379404068
TFDP1_RNA,-0.08179187774658203
C14orf28_RNA,-0.08190367370843887
RBM12B_RNA,-0.08193161338567734
TWSG1_RNA,-0.08195187151432037
CASD1_RNA,-0.08196158707141876
MYO1A_RNA,-0.08199714869260788
CRYL1_RNA,-0.08200718462467194
CCDC69_RNA,-0.08200841397047043
BTNL2_RNA,-0.08202827721834183
NANOS2_RNA,-0.08204852789640427
HTATIP2_RNA,-0.08206343650817871
CCDC112_RNA,-0.0821174830198288
SLC7A7_RNA,-0.082179956138134
TM4SF19_RNA,-0.08218111842870712
PPP1R10_RNA,-0.08219659328460693
DRD1_RNA,-0.08226162195205688
BOLL_RNA,-0.0822673887014389
ANAPC2_RNA,-0.08228328078985214
PPCS_RNA,-0.08229599893093109
CARD9_RNA,-0.08234476298093796
SPAG6_RNA,-0.08239679038524628
CHST1_RNA,-0.08242568373680115
MIR130B_RNA,-0.08242754638195038
MSI1_RNA,-0.08246079832315445
LRIT1_RNA,-0.08250679075717926
ASCL4_RNA,-0.08252672106027603
DOK3_RNA,-0.08253229409456253
TRAF5_RNA,-0.08259528875350952
SLC6A4_RNA,-0.08263639360666275
FUT6_RNA,-0.0826495960354805
RHCG_RNA,-0.08265420794487
MEOX1_RNA,-0.0826788991689682
MIR577_RNA,-0.08271009474992752
ZNF235_RNA,-0.08275739848613739
RALYL_RNA,-0.0828341618180275
UTF1_RNA,-0.08285509049892426
C1GALT1C1_RNA,-0.08285686373710632
TIRAP_RNA,-0.08287110179662704
C15orf32_RNA,-0.08290761709213257
POLA1_RNA,-0.08293560147285461
B3GNT5_RNA,-0.08299039304256439
CLK3_RNA,-0.08300812542438507
GHRH_RNA,-0.08306827396154404
WDR88_RNA,-0.08306834101676941
MYLIP_RNA,-0.08310619741678238
MS4A2_RNA,-0.08310718089342117
ATP1B2_RNA,-0.08323628455400467
RNASEL_RNA,-0.0832468569278717
TMEM187_RNA,-0.08331946283578873
PHF14_RNA,-0.083360955119133
RBM45_RNA,-0.0833883211016655
HYAL1_RNA,-0.08339966088533401
MIR182_RNA,-0.08344589173793793
TULP2_RNA,-0.08344623446464539
SURF1_RNA,-0.08350695669651031
GPATCH8_RNA,-0.08371909707784653
EPCAM_RNA,-0.08374589681625366
ISM1_RNA,-0.08377307653427124
TMPRSS13_RNA,-0.08390265703201294
NUDC_RNA,-0.0839356854557991
SP7_RNA,-0.08394359797239304
COPS2_RNA,-0.08398102223873138
FUT2_RNA,-0.08401962369680405
NRTN_RNA,-0.08404222875833511
CDK18_RNA,-0.08409178256988525
NCK1_RNA,-0.08411183953285217
PTRH1_RNA,-0.08414304256439209
IL24_RNA,-0.08418120443820953
SOX4_RNA,-0.0842326208949089
NDST2_RNA,-0.0842854380607605
MIB2_RNA,-0.08431930094957352
AIMP1_RNA,-0.08432584255933762
PTBP2_RNA,-0.08436476439237595
LILRB4_RNA,-0.08437930792570114
CASZ1_RNA,-0.08439654111862183
CTR9_RNA,-0.0844341441988945
LHX8_RNA,-0.08449740707874298
BAG2_RNA,-0.08451946079730988
SERPINA10_RNA,-0.08455885946750641
ELAC1_RNA,-0.0845620334148407
VIL1_RNA,-0.0845976322889328
PRPS1_RNA,-0.08460931479930878
SLC36A3_RNA,-0.08463530242443085
MIR26A1_RNA,-0.08468091487884521
SLC22A16_RNA,-0.08468103408813477
SECISBP2_RNA,-0.08468561619520187
DOCK7_RNA,-0.08478996157646179
MIR93_RNA,-0.08479423075914383
GJB4_RNA,-0.0848216786980629
ATP10A_RNA,-0.08483106642961502
MIR346_RNA,-0.08485370129346848
CUBN_RNA,-0.084941767156124115
MIOS_RNA,-0.08504316210746765
PIPOX_RNA,-0.08507996052503586
REC8_RNA,-0.08508925884962082
ZNF76_RNA,-0.08517342060804367
THAP1_RNA,-0.08517523109912872
DNAJC27_RNA,-0.08519391715526581
TAF12_RNA,-0.08519663661718369
SLC35A3_RNA,-0.0852031260728836
TMEM60_RNA,-0.0852285847067833
PASK_RNA,-0.08523653447628021
ENPP7_RNA,-0.08524495363235474
ZFP62_RNA,-0.08525937795639038
PRMT3_RNA,-0.08529390394687653
IFITM5_RNA,-0.08529394865036011
GABRB1_RNA,-0.08529792726039886
TBCK_RNA,-0.08532267808914185
ADORA2A_RNA,-0.08533068001270294
CCNH_RNA,-0.0853423997759819
AFF1_RNA,-0.0853552296757698
C15orf62_RNA,-0.08538544178009033
NKG7_RNA,-0.08541001379489899
THNSL2_RNA,-0.08553367853164673
FBXL17_RNA,-0.08560105413198471
BAIAP3_RNA,-0.08561471849679947
TMEM88_RNA,-0.08561614900827408
ANKRD2_RNA,-0.08563176542520523
NUBPL_RNA,-0.08565865457057953
SCARB1_RNA,-0.08566944301128387
FAM9B_RNA,-0.08570785075426102
IL15RA_RNA,-0.08572571724653244
IL20RA_RNA,-0.08573327958583832
HOXA11_RNA,-0.08579278737306595
RADIL_RNA,-0.08588863909244537
HLA-G_RNA,-0.08594373613595963
SPSB3_RNA,-0.08596034348011017
EGLN2_RNA,-0.08599774539470673
TRIM39_RNA,-0.08599923551082611
HADH_RNA,-0.08600571006536484
AASS_RNA,-0.08607137203216553
ASXL3_RNA,-0.08607158064842224
HOXD11_RNA,-0.08610505610704422
BRCC3_RNA,-0.08614898473024368
SNX15_RNA,-0.08615235239267349
NAT8L_RNA,-0.08620245009660721
CLIC3_RNA,-0.08620412647724152
MIR181A1_RNA,-0.08624158054590225
PPARD_RNA,-0.08635483682155609
KIR2DL4_RNA,-0.08639615029096603
ANXA9_RNA,-0.08645030856132507
GRINA_RNA,-0.08650501817464828
HOXB6_RNA,-0.08651626110076904
SMARCA1_RNA,-0.08668958395719528
UBE2D4_RNA,-0.08669114857912064
NSUN2_RNA,-0.08675774931907654
ACVR1_RNA,-0.08676637709140778
MRPS25_RNA,-0.08677618205547333
STAC_RNA,-0.08682459592819214
PLEKHN1_RNA,-0.08684564381837845
ATP6V0C_RNA,-0.08693184703588486
MAB21L2_RNA,-0.08695817738771439
ANKHD1-EIF4EBP3_RNA,-0.08696388453245163
SAMD3_RNA,-0.08696933090686798
OR1B1_RNA,-0.08698093891143799
SRMS_RNA,-0.0869850218296051
RPS10_RNA,-0.08707855641841888
NFATC2_RNA,-0.08709870278835297
POU2F3_RNA,-0.08712255954742432
STON2_RNA,-0.08713013678789139
C7orf33_RNA,-0.08713420480489731
MYADML2_RNA,-0.08716345578432083
ATP11C_RNA,-0.08721886575222015
ZNF879_RNA,-0.08727673441171646
BLID_RNA,-0.08735182136297226
MBD4_RNA,-0.08736197650432587
XPC_RNA,-0.08736463636159897
ZNF274_RNA,-0.08743598312139511
CAPZA3_RNA,-0.08748986572027206
HIF3A_RNA,-0.08755864202976227
KRT6B_RNA,-0.08756209164857864
ZNF443_RNA,-0.08760268241167068
RBM46_RNA,-0.08762119710445404
PKN2_RNA,-0.08764752000570297
ULK3_RNA,-0.08772839605808258
CD84_RNA,-0.0877424106001854
TMEM86A_RNA,-0.08775051683187485
RWDD2B_RNA,-0.08775728940963745
MIR578_RNA,-0.08777008950710297
FGFBP2_RNA,-0.0877864882349968
TMEM89_RNA,-0.08781053125858307
PTPN12_RNA,-0.08782056719064713
CCHCR1_RNA,-0.08782520145177841
ARPC1B_RNA,-0.08784104138612747
RNF138_RNA,-0.08784394711256027
STX17_RNA,-0.08784819394350052
POU2F1_RNA,-0.0878610908985138
MIR643_RNA,-0.08789018541574478
ACYP1_RNA,-0.0879068523645401
SDHC_RNA,-0.087960384786129
CTNND2_RNA,-0.08800055831670761
ERLIN2_RNA,-0.08802016079425812
LEMD1_RNA,-0.0880357101559639
SETD4_RNA,-0.08804319053888321
EVI5_RNA,-0.08814936876296997
SNRPA1_RNA,-0.08820731937885284
MAP4K3_RNA,-0.08826520293951035
OTOR_RNA,-0.08835995942354202
FKBP2_RNA,-0.08839216083288193
BMP6_RNA,-0.08840787410736084
SDHAF2_RNA,-0.08842936158180237
WARS2_RNA,-0.08843445032835007
RAG2_RNA,-0.08848284184932709
TUG1_RNA,-0.08852192759513855
ING2_RNA,-0.08853040635585785
SNORD72_RNA,-0.08854729682207108
PCYOX1_RNA,-0.08855041861534119
THAP10_RNA,-0.08860622346401215
ZNF212_RNA,-0.0886145606637001
EXOC1_RNA,-0.08861520886421204
PRR3_RNA,-0.08861611783504486
PAQR3_RNA,-0.08864864706993103
BCAS2_RNA,-0.08865392953157425
ARL8B_RNA,-0.08872143179178238
CPA2_RNA,-0.08872795104980469
FSTL1_RNA,-0.08875150233507156
OLFML2B_RNA,-0.08878298848867416
SF3B4_RNA,-0.08878808468580246
IL17RD_RNA,-0.08879493921995163
ING5_RNA,-0.08881565183401108
MOCS2_RNA,-0.08881837874650955
AMDHD1_RNA,-0.08883790671825409
WHAMM_RNA,-0.08885189890861511
ZXDC_RNA,-0.08887498080730438
OR1K1_RNA,-0.08888053894042969
MIR1322_RNA,-0.08888983726501465
ESCO1_RNA,-0.08898644149303436
GNG5_RNA,-0.08904508501291275
DAP_RNA,-0.0890621617436409
CYLD_RNA,-0.0890878364443779
BCL9_RNA,-0.08920310437679291
PRDM8_RNA,-0.08921797573566437
B3GNT6_RNA,-0.08926208317279816
JMJD8_RNA,-0.08927903324365616
TMEM154_RNA,-0.08931691944599152
SS18_RNA,-0.08936689049005508
GNRHR_RNA,-0.08937887102365494
STEAP4_RNA,-0.08938729763031006
IK_RNA,-0.08939546346664429
GSTM4_RNA,-0.0894387885928154
SPIB_RNA,-0.08944453299045563
GZF1_RNA,-0.08945049345493317
ITLN2_RNA,-0.08946682512760162
TM6SF1_RNA,-0.08947346359491348
CCDC116_RNA,-0.08950573951005936
DEDD_RNA,-0.08951731771230698
PLEKHA3_RNA,-0.08953705430030823
ABHD3_RNA,-0.08955453336238861
DMPK_RNA,-0.08959642797708511
CCDC88C_RNA,-0.08961153775453568
ATP10D_RNA,-0.0896957665681839
LTC4S_RNA,-0.08971046656370163
WNT5A_RNA,-0.08976329118013382
KIFC2_RNA,-0.0897766724228859
CBLB_RNA,-0.08978809416294098
ZNF429_RNA,-0.08979403227567673
LPAR2_RNA,-0.08983025699853897
RFPL3_RNA,-0.08985359966754913
SCNN1B_RNA,-0.08985585719347
KLF8_RNA,-0.08987732231616974
TDRG1_RNA,-0.0898815393447876
PTRH2_RNA,-0.08988847583532333
MED14_RNA,-0.08989091217517853
XRCC4_RNA,-0.08993209153413773
SAA1_RNA,-0.08996715396642685
ELP4_RNA,-0.09001737087965012
PURA_RNA,-0.0900392085313797
PAX1_RNA,-0.09013298898935318
PSMG1_RNA,-0.09022720903158188
DAPL1_RNA,-0.09032399952411652
C1orf226_RNA,-0.09034805744886398
SIRT3_RNA,-0.09035107493400574
RAB12_RNA,-0.09040044993162155
KCTD18_RNA,-0.09041855484247208
THAP2_RNA,-0.09042250365018845
CEP63_RNA,-0.09047314524650574
LIPG_RNA,-0.09049096703529358
HYAL3_RNA,-0.09052003920078278
ZNF12_RNA,-0.09056086093187332
OTC_RNA,-0.09057749807834625
SLC39A2_RNA,-0.09059728682041168
CRLF1_RNA,-0.09071402996778488
MUC16_RNA,-0.09076116979122162
DACH2_RNA,-0.09078066796064377
ALDH1L1_RNA,-0.09078239649534225
ARHGAP24_RNA,-0.09079066663980484
NKAIN3_RNA,-0.09086290746927261
CCDC102A_RNA,-0.09087357670068741
CLN6_RNA,-0.09088132530450821
MYOT_RNA,-0.09091714769601822
PPP1R15B_RNA,-0.09091757982969284
ITGA6_RNA,-0.09095867723226547
MAGOHB_RNA,-0.0909627377986908
LRRC17_RNA,-0.09101549535989761
MEGF6_RNA,-0.09104345738887787
TJAP1_RNA,-0.09107938408851624
GEMIN8_RNA,-0.0910804346203804
ARG1_RNA,-0.09115761518478394
CTDSP1_RNA,-0.09122411906719208
FASLG_RNA,-0.09122573584318161
TICAM2_RNA,-0.09124956279993057
STARD6_RNA,-0.09125226736068726
SLC4A9_RNA,-0.09128914028406143
SOCS1_RNA,-0.09132881462574005
TLR9_RNA,-0.09133600443601608
SNORD6_RNA,-0.09135422110557556
SCN4A_RNA,-0.09144121408462524
SLC2A9_RNA,-0.0914534330368042
HS1BP3_RNA,-0.0915178656578064
ALG6_RNA,-0.09151943773031235
TRIL_RNA,-0.09157635271549225
SLC35C2_RNA,-0.09159526228904724
PRSS36_RNA,-0.09160105884075165
PIBF1_RNA,-0.09162160009145737
GDF3_RNA,-0.09166637808084488
RXFP4_RNA,-0.09166670590639114
MIR581_RNA,-0.09168393909931183
MACROD2_RNA,-0.09172415733337402
C1QTNF9B_RNA,-0.09172914922237396
DUOXA2_RNA,-0.09174089133739471
FAM133A_RNA,-0.09174727648496628
RNF166_RNA,-0.09175238013267517
MYO7B_RNA,-0.09178978949785233
MIR708_RNA,-0.09188525378704071
ZDHHC19_RNA,-0.09189287573099136
FAM98B_RNA,-0.09194120764732361
TGDS_RNA,-0.09195230156183243
ENPP3_RNA,-0.09200220555067062
SPRYD4_RNA,-0.09201020747423172
FILIP1L_RNA,-0.09201093018054962
C16orf78_RNA,-0.09204646199941635
ARRDC1_RNA,-0.0920899361371994
RIN2_RNA,-0.09209368377923965
AEBP1_RNA,-0.09217137098312378
GORAB_RNA,-0.09218023717403412
TMEM167B_RNA,-0.09231007844209671
PRSS35_RNA,-0.09235622733831406
HLA-DPB2_RNA,-0.09240294247865677
ZNF23_RNA,-0.0924651250243187
PSTK_RNA,-0.09250424802303314
CAGE1_RNA,-0.09253077208995819
DOC2A_RNA,-0.09253193438053131
GCNT4_RNA,-0.09257186204195023
TSSK4_RNA,-0.09257715940475464
CDADC1_RNA,-0.09260313212871552
MIR1200_RNA,-0.09265537559986115
GYPA_RNA,-0.09271930158138275
SLC28A2_RNA,-0.09274258464574814
EPSTI1_RNA,-0.09278008341789246
ZFP90_RNA,-0.09286333620548248
ARHGAP17_RNA,-0.09286844730377197
ACSM1_RNA,-0.0928739607334137
CLEC12A_RNA,-0.09292042255401611
PRDX6_RNA,-0.09293776750564575
IRF7_RNA,-0.09296748042106628
VAMP2_RNA,-0.09298454970121384
COG2_RNA,-0.09299933910369873
ATXN7L1_RNA,-0.09301241487264633
DZIP1L_RNA,-0.09301344305276871
PAX3_RNA,-0.09306686371564865
MED7_RNA,-0.09310896694660187
PTCD1_RNA,-0.09317285567522049
CYP4F11_RNA,-0.0932014137506485
MRGPRE_RNA,-0.09324786067008972
SEC62_RNA,-0.09330993890762329
CHST6_RNA,-0.09332002699375153
EXD3_RNA,-0.09332850575447083
CEACAM19_RNA,-0.09332998842000961
FSHB_RNA,-0.09333065897226334
CTRB2_RNA,-0.09339593350887299
RNF208_RNA,-0.09339988231658936
HDAC10_RNA,-0.09343241900205612
OR52K1_RNA,-0.09343292564153671
SNORD101_RNA,-0.09344235807657242
APPL2_RNA,-0.09347447752952576
RNF151_RNA,-0.09350012987852097
NLRP9_RNA,-0.09350327402353287
ZNHIT2_RNA,-0.09366466850042343
YIPF7_RNA,-0.0936673954129219
EPM2A_RNA,-0.09371093660593033
ING3_RNA,-0.0938282310962677
MIR29A_RNA,-0.09392107278108597
THPO_RNA,-0.09393694251775742
PRPS1L1_RNA,-0.09403522312641144
SNORA70B_RNA,-0.09407874196767807
SLTM_RNA,-0.09411012381315231
USP14_RNA,-0.09425029903650284
FAM186B_RNA,-0.09431693702936172
TMEM114_RNA,-0.09437094628810883
EGFR_RNA,-0.09439755231142044
ATF6B_RNA,-0.09441408514976501
DNAH1_RNA,-0.09441666305065155
RMI1_RNA,-0.09444047510623932
GPRC5D_RNA,-0.0944892168045044
GALNT13_RNA,-0.0944984182715416
VNN2_RNA,-0.09451167285442352
ARMCX3_RNA,-0.09451253712177277
LRRC43_RNA,-0.09451264142990112
BHMT_RNA,-0.09459461271762848
STK38_RNA,-0.09465576708316803
SIRPB2_RNA,-0.09472167491912842
ARL13B_RNA,-0.09472612291574478
SNORD93_RNA,-0.09473638236522675
RAD17_RNA,-0.09478428214788437
ONECUT3_RNA,-0.09480154514312744
ATG9B_RNA,-0.094837285578250885
ZNF182_RNA,-0.09483827650547028
KLK4_RNA,-0.09486795216798782
CERKL_RNA,-0.09491486102342606
SYTL3_RNA,-0.09497162699699402
ZNF521_RNA,-0.09506046026945114
PRSS27_RNA,-0.09506243467330933
DERL2_RNA,-0.09506284445524216
OTOF_RNA,-0.09508933871984482
EHBP1L1_RNA,-0.09510641545057297
MC1R_RNA,-0.09511809796094894
C15orf61_RNA,-0.09511984884738922
PGBD4_RNA,-0.09515219181776047
MAEL_RNA,-0.09519986808300018
FHOD1_RNA,-0.09520363062620163
TNNI3K_RNA,-0.09524043649435043
FMO3_RNA,-0.09524207562208176
SEC63_RNA,-0.09524526447057724
MRPL38_RNA,-0.0952528640627861
CADPS_RNA,-0.09526444971561432
BTNL9_RNA,-0.0952979102730751
BRD8_RNA,-0.0953100174665451
LTV1_RNA,-0.09538538008928299
SMAD1_RNA,-0.0954170748591423
RGS10_RNA,-0.09552817046642303
CD79B_RNA,-0.09554562717676163
E2F5_RNA,-0.09560000896453857
FTCD_RNA,-0.09567344933748245
RPGRIP1_RNA,-0.0956764668226242
USP48_RNA,-0.09568038582801819
CENPT_RNA,-0.09569935500621796
SDC2_RNA,-0.0957086980342865
DERA_RNA,-0.09572641551494598
KRT9_RNA,-0.09575751423835754
TK2_RNA,-0.09576017409563065
CXCL13_RNA,-0.09580748528242111
MYLK4_RNA,-0.09582459181547165
TDRD6_RNA,-0.09584803134202957
FUT3_RNA,-0.0958487018942833
VWDE_RNA,-0.09589103609323502
TTC4_RNA,-0.09593447297811508
VMA21_RNA,-0.09595217555761337
ZNF814_RNA,-0.0959567204117775
NEK9_RNA,-0.09598199278116226
CALD1_RNA,-0.0960281565785408
GP6_RNA,-0.09603850543498993
TUBE1_RNA,-0.09606541693210602
RBM47_RNA,-0.09622130542993546
CFDP1_RNA,-0.09627721458673477
NANP_RNA,-0.09634028375148773
NKAP_RNA,-0.0963563546538353
XPO1_RNA,-0.09645920991897583
HTR3A_RNA,-0.09647722542285919
GIMAP7_RNA,-0.09647784382104874
TMTC2_RNA,-0.09650522470474243
DNAJC19_RNA,-0.09659266471862793
ZNF432_RNA,-0.09660392999649048
NAGK_RNA,-0.0966157391667366
SLC44A3_RNA,-0.09670344740152359
ACTN3_RNA,-0.09673021733760834
UNC50_RNA,-0.09681451320648193
DUSP18_RNA,-0.09684773534536362
CSTB_RNA,-0.09685583412647247
OR51I1_RNA,-0.09685948491096497
ZC3H18_RNA,-0.09690748155117035
ZNF572_RNA,-0.09701424837112427
ALDH1A1_RNA,-0.09702641516923904
GADD45G_RNA,-0.09706183522939682
MIER1_RNA,-0.09708575159311295
FUBP1_RNA,-0.09714055806398392
MYL1_RNA,-0.09714191406965256
OVOL1_RNA,-0.09715312719345093
BBS9_RNA,-0.09718310087919235
CHKB_RNA,-0.09725836664438248
CBY1_RNA,-0.09726652503013611
ZNF444_RNA,-0.09733548760414124
F2RL1_RNA,-0.09734421968460083
BCL6_RNA,-0.09744640439748764
DHX40_RNA,-0.0974927470088005
LY6G6C_RNA,-0.09754235297441483
COMMD3_RNA,-0.0976903960108757
SMARCE1_RNA,-0.09777560085058212
FUT4_RNA,-0.09780333936214447
MXRA8_RNA,-0.09782443940639496
PIP_RNA,-0.09784125536680222
LMX1A_RNA,-0.09788065403699875
FITM1_RNA,-0.09793447703123093
P2RY4_RNA,-0.09800360351800919
RNF170_RNA,-0.09808030724525452
PRSS8_RNA,-0.09808298945426941
CMTM2_RNA,-0.09808947145938873
RASGRP2_RNA,-0.09812020510435104
CWF19L2_RNA,-0.09815093874931335
GLUD2_RNA,-0.09820625931024551
TSPAN12_RNA,-0.09823151677846909
SNORD59A_RNA,-0.09823615103960037
TAS2R40_RNA,-0.09827885776758194
C1QTNF5_RNA,-0.09829658269882202
STH_RNA,-0.09831847250461578
ZC3H12D_RNA,-0.09833040833473206
RDX_RNA,-0.09837467223405838
DDX27_RNA,-0.09839840978384018
FBRS_RNA,-0.09840603917837143
UTS2_RNA,-0.0984552651643753
DNAJC10_RNA,-0.09847135841846466
CDKN2AIP_RNA,-0.09854304790496826
ART4_RNA,-0.09856361150741577
RPH3AL_RNA,-0.09857334196567535
TRMT11_RNA,-0.09857778996229172
IGFL3_RNA,-0.09858020395040512
ASNSD1_RNA,-0.0986081138253212
TTLL13_RNA,-0.09863758087158203
EXOSC3_RNA,-0.09871727973222733
PLXNB1_RNA,-0.09877658635377884
POU3F3_RNA,-0.09878439456224442
KCTD6_RNA,-0.09878672659397125
KLF5_RNA,-0.0987883135676384
GIPC2_RNA,-0.09885907173156738
PCDHA13_RNA,-0.09885929524898529
ASB14_RNA,-0.09886302053928375
PAOX_RNA,-0.09887880086898804
PHACTR1_RNA,-0.09893859922885895
TIMD4_RNA,-0.09895794838666916
VHL_RNA,-0.09899909049272537
NDRG2_RNA,-0.09908026456832886
HPYR1_RNA,-0.09911365061998367
POU5F1_RNA,-0.09939761459827423
CA1_RNA,-0.09940873086452484
CSDC2_RNA,-0.09943510591983795
FRMPD2_RNA,-0.09944114834070206
GZMA_RNA,-0.09946060925722122
ITPKB_RNA,-0.09946893900632858
KLHL5_RNA,-0.09951107949018478
OR10H1_RNA,-0.09952252358198166
RGPD3_RNA,-0.0995270162820816
DDX51_RNA,-0.0995611846446991
CCR8_RNA,-0.09957315027713776
ATP1B1_RNA,-0.09962747246026993
TFG_RNA,-0.09971792250871658
SCPEP1_RNA,-0.0997580736875534
MAGEE2_RNA,-0.09978296607732773
GHSR_RNA,-0.09982267022132874
CACNB2_RNA,-0.09982631355524063
CCL8_RNA,-0.09982898831367493
HNRNPH2_RNA,-0.09983978420495987
ACAD10_RNA,-0.09988058358430862
TMEM31_RNA,-0.09990993142127991
RBMXL1_RNA,-0.09992849826812744
TMCO6_RNA,-0.09995602816343307
SLC9A5_RNA,-0.09997648745775223
EVPL_RNA,-0.09998371452093124
PAAF1_RNA,-0.10001092404127121
ITGB4_RNA,-0.10002706199884415
OR52K2_RNA,-0.10004600137472153
FGF13_RNA,-0.1001344546675682
CD2_RNA,-0.10014211386442184
HTR3E_RNA,-0.10023186355829239
SPPL2B_RNA,-0.10023766756057739
P2RY10_RNA,-0.10026323050260544
PURG_RNA,-0.10030419379472733
CHRNA7_RNA,-0.10036604851484299
C1orf94_RNA,-0.10038620978593826
CRIPT_RNA,-0.10046268254518509
MAGOH_RNA,-0.10054740309715271
ZIC2_RNA,-0.10068518668413162
CLEC17A_RNA,-0.10070855170488358
SREBF1_RNA,-0.10071031004190445
CYP3A4_RNA,-0.10072721540927887
ZNF350_RNA,-0.10074445605278015
PARVG_RNA,-0.10075477510690689
ZNF449_RNA,-0.1007707342505455
PILRB_RNA,-0.10080335289239883
CD80_RNA,-0.10081269592046738
SLC26A3_RNA,-0.10084787756204605
SLC24A5_RNA,-0.10091932862997055
GPR75_RNA,-0.1009853333234787
CST7_RNA,-0.10104220360517502
TREX2_RNA,-0.10107195377349854
PTPMT1_RNA,-0.10113713890314102
FAM83H_RNA,-0.10116615891456604
BLCAP_RNA,-0.10119051486253738
ZNF774_RNA,-0.10119306296110153
ZNF528_RNA,-0.10121682286262512
PNPLA2_RNA,-0.10122410207986832
AKAP1_RNA,-0.10122841596603394
CTDSPL_RNA,-0.10131321847438812
PSG8_RNA,-0.10142117738723755
GDPD1_RNA,-0.1014346331357956
GNRH1_RNA,-0.10145234316587448
TNFSF13B_RNA,-0.10149570554494858
HSD17B4_RNA,-0.1015419289469719
FRRS1_RNA,-0.10155297070741653
FER1L4_RNA,-0.1015927642583847
UBA5_RNA,-0.10159585624933243
RCVRN_RNA,-0.10163924843072891
RRAS_RNA,-0.10167879611253738
MED17_RNA,-0.1017422303557396
EPO_RNA,-0.10184755176305771
LCA5_RNA,-0.10185611993074417
C3AR1_RNA,-0.10190723091363907
FNTA_RNA,-0.10197031497955322
SLC35B4_RNA,-0.10197043418884277
ZNF862_RNA,-0.10197946429252625
TBC1D1_RNA,-0.10199526697397232
PER2_RNA,-0.10203716903924942
TGM7_RNA,-0.10210228711366653
WDR11_RNA,-0.10215507447719574
HNF1B_RNA,-0.10217143595218658
SIGLEC11_RNA,-0.10217833518981934
GGNBP2_RNA,-0.10218429565429688
IHH_RNA,-0.10218587517738342
BTK_RNA,-0.10228981077671051
GLP2R_RNA,-0.1023772805929184
IL7_RNA,-0.10246329754590988
CLLU1_RNA,-0.1024937778711319
CD96_RNA,-0.10249441117048264
WASL_RNA,-0.10258863121271133
CNOT3_RNA,-0.1026269793510437
GOSR1_RNA,-0.10266374796628952
OCIAD1_RNA,-0.10269294679164886
OR13J1_RNA,-0.10271890461444855
LCNL1_RNA,-0.10277260839939117
ARRB2_RNA,-0.1027856394648552
MOV10_RNA,-0.10287252813577652
RHOD_RNA,-0.1029241681098938
MAFB_RNA,-0.10293339192867279
CARD8_RNA,-0.10294442623853683
PLBD1_RNA,-0.10296767204999924
RNF113B_RNA,-0.10298256576061249
HSPA1L_RNA,-0.10300000756978989
RAB28_RNA,-0.10302228480577469
CHMP4C_RNA,-0.10314368456602097
GPR137B_RNA,-0.10315701365470886
DPP10_RNA,-0.10315940529108047
IL23R_RNA,-0.10318689793348312
GCNT1_RNA,-0.10324697941541672
MIR135B_RNA,-0.10326182097196579
SLC38A3_RNA,-0.10330129414796829
IL1A_RNA,-0.10333234816789627
TAX1BP1_RNA,-0.1033584326505661
ALX4_RNA,-0.10338126868009567
HEATR5A_RNA,-0.10354085266590118
GRIN2C_RNA,-0.10354825854301453
NFYB_RNA,-0.10362782329320908
COX19_RNA,-0.10364952683448792
MAP1LC3C_RNA,-0.1036684662103653
TRAPPC6A_RNA,-0.10369665920734406
KRTAP5-6_RNA,-0.10377350449562073
HOXD12_RNA,-0.10380427539348602
SDCBP_RNA,-0.1038103699684143
N4BP2L2_RNA,-0.10381516069173813
TMBIM4_RNA,-0.10381869226694107
CACNA2D4_RNA,-0.10388713330030441
CTRB1_RNA,-0.10392295569181442
SLC23A1_RNA,-0.10392845422029495
PGA3_RNA,-0.10393498092889786
HNRNPUL2_RNA,-0.10397151112556458
CD72_RNA,-0.1039782464504242
S100PBP_RNA,-0.10399191826581955
NCL_RNA,-0.10403000563383102
C22orf31_RNA,-0.10404042899608612
ZFYVE16_RNA,-0.10404077172279358
TAS2R38_RNA,-0.1040935218334198
LRRC36_RNA,-0.10416734218597412
SF1_RNA,-0.10421391576528549
IYD_RNA,-0.10423459112644196
SIGLEC1_RNA,-0.10424042493104935
PARS2_RNA,-0.10425961762666702
PURB_RNA,-0.1042657122015953
C6orf132_RNA,-0.1043020561337471
GLDN_RNA,-0.10430338233709335
COQ4_RNA,-0.10432586818933487
GK_RNA,-0.10435628890991211
ZNF597_RNA,-0.10435716807842255
ZNF665_RNA,-0.10438007116317749
AKR7A3_RNA,-0.10449742525815964
KLF2_RNA,-0.10453475266695023
VANGL1_RNA,-0.10453807562589645
AGA_RNA,-0.10460768640041351
TTLL4_RNA,-0.10465416312217712
MED21_RNA,-0.10469702631235123
TNFSF12_RNA,-0.10481162369251251
PIWIL2_RNA,-0.10486271977424622
FZD1_RNA,-0.10486332327127457
MCTS1_RNA,-0.10499899834394455
FN3K_RNA,-0.10502597689628601
PHTF1_RNA,-0.10504573583602905
SLC25A27_RNA,-0.10506713390350342
CAPN7_RNA,-0.10510427504777908
WNT1_RNA,-0.1051563248038292
ANGPT1_RNA,-0.10520406812429428
TMEM106B_RNA,-0.10521011799573898
LIPH_RNA,-0.10529088228940964
IER3IP1_RNA,-0.10541781783103943
NAPEPLD_RNA,-0.1054355651140213
LTBP3_RNA,-0.10545793920755386
WDR59_RNA,-0.10548031330108643
SLC25A2_RNA,-0.10548774152994156
CRTAC1_RNA,-0.10552503913640976
NUDT12_RNA,-0.10553263872861862
TNFSF13_RNA,-0.10554784536361694
ZNF691_RNA,-0.10557328164577484
THUMPD3_RNA,-0.10559549182653427
MPHOSPH8_RNA,-0.10562410205602646
TMEM69_RNA,-0.10563299804925919
BIN2_RNA,-0.10565026104450226
WAS_RNA,-0.10566612333059311
AKAP3_RNA,-0.10566959530115128
SYVN1_RNA,-0.10570452362298965
LILRA4_RNA,-0.10571354627609253
FBXO24_RNA,-0.10572197288274765
MUC13_RNA,-0.10575701296329498
ZAR1L_RNA,-0.10575777292251587
IGSF22_RNA,-0.10579002648591995
TCHH_RNA,-0.10580740869045258
CHD4_RNA,-0.10581639409065247
CD46_RNA,-0.10584041476249695
TMEM50B_RNA,-0.10592435300350189
ATP8B4_RNA,-0.10592518746852875
FUNDC1_RNA,-0.10592640936374664
ALDH3A2_RNA,-0.10594916343688965
ZNF785_RNA,-0.10595785081386566
IGSF6_RNA,-0.10599379986524582
MRO_RNA,-0.10599952191114426
GIMAP1_RNA,-0.10601063817739487
APOF_RNA,-0.10606516897678375
NAT9_RNA,-0.10609307140111923
ZG16B_RNA,-0.1061408668756485
MAP3K2_RNA,-0.10626164078712463
P2RX3_RNA,-0.10628551989793777
ADK_RNA,-0.10639304667711258
FAM98A_RNA,-0.10640817135572433
RFX5_RNA,-0.10646040737628937
PHF10_RNA,-0.10655411332845688
PEA15_RNA,-0.10659272223711014
AQP6_RNA,-0.10661066323518753
CFH_RNA,-0.10662057250738144
ACSF2_RNA,-0.10671492666006088
DCUN1D1_RNA,-0.10671989619731903
ZNF226_RNA,-0.10674162954092026
PIK3R1_RNA,-0.10674305260181427
RGPD5_RNA,-0.10680461674928665
ZNF843_RNA,-0.10694842785596848
CCDC8_RNA,-0.10706265270709991
LY96_RNA,-0.10716137290000916
CH25H_RNA,-0.10717090964317322
POLN_RNA,-0.107218898832798
SLC16A5_RNA,-0.1073106974363327
HAUS3_RNA,-0.10734479129314423
ZNF251_RNA,-0.10736363381147385
PLA2G4E_RNA,-0.10737727582454681
PARP6_RNA,-0.10738963633775711
FASTKD2_RNA,-0.10742080211639404
FAM76B_RNA,-0.1074216440320015
CPB2_RNA,-0.1074533462524414
EVI2A_RNA,-0.10752046853303909
GLP1R_RNA,-0.1075906977057457
PADI1_RNA,-0.10759185999631882
SAA2_RNA,-0.10760216414928436
UNKL_RNA,-0.10778626799583435
SIGLEC6_RNA,-0.10784482210874557
PDCD6IP_RNA,-0.10788361728191376
PRKCD_RNA,-0.10794001817703247
TMEM42_RNA,-0.10797632485628128
PRDM13_RNA,-0.10800069570541382
TRIM17_RNA,-0.1080223098397255
HCG9_RNA,-0.10807550698518753
METTL8_RNA,-0.10811681300401688
KCTD13_RNA,-0.10821215063333511
DCHS2_RNA,-0.1082908883690834
JAZF1_RNA,-0.10830571502447128
KDM3A_RNA,-0.10831407457590103
G6PC3_RNA,-0.10832104831933975
FOXO1_RNA,-0.10832958668470383
SLC17A8_RNA,-0.10833282023668289
CACNA1F_RNA,-0.10842980444431305
SIRPB1_RNA,-0.10844814777374268
PTPN2_RNA,-0.1084606871008873
TNRC6A_RNA,-0.10847683250904083
NEUROG2_RNA,-0.10851435363292694
MLN_RNA,-0.1085301861166954
TMEM65_RNA,-0.10858871787786484
FAM167B_RNA,-0.10859323292970657
CDH23_RNA,-0.10863827913999557
ADPRHL1_RNA,-0.10872666537761688
MCOLN2_RNA,-0.10878460854291916
HPSE_RNA,-0.10887204110622406
PPP1R14D_RNA,-0.10892370343208313
TMEM174_RNA,-0.1089593917131424
PGLYRP1_RNA,-0.10906530171632767
SESN1_RNA,-0.1090836152434349
RSPH3_RNA,-0.10910236090421677
RCHY1_RNA,-0.10913063585758209
ZNF546_RNA,-0.1091887578368187
CABP2_RNA,-0.1092275008559227
TOB2_RNA,-0.10932917892932892
FAM53A_RNA,-0.10938753932714462
IL21R_RNA,-0.10943185538053513
POLK_RNA,-0.10951101779937744
PLA2G2F_RNA,-0.10952558368444443
LRRC57_RNA,-0.10956242680549622
BTG4_RNA,-0.10957058519124985
BEST2_RNA,-0.10959790647029877
ADRA2A_RNA,-0.10966336727142334
MARCKS_RNA,-0.10970139503479004
CBX3_RNA,-0.10975658893585205
ZFC3H1_RNA,-0.10978606343269348
ARHGEF6_RNA,-0.10983096808195114
FBXL8_RNA,-0.10987553745508194
GPR156_RNA,-0.10987689346075058
KRT23_RNA,-0.10988180339336395
CLUAP1_RNA,-0.10990021377801895
CNTLN_RNA,-0.10996844619512558
HOXB1_RNA,-0.10998114943504333
ZMYM5_RNA,-0.11011119186878204
TRPV3_RNA,-0.11018529534339905
MIR130A_RNA,-0.11019627749919891
CREBL2_RNA,-0.11023023724555969
PPL_RNA,-0.11026395857334137
CHAC2_RNA,-0.11034134030342102
BBS12_RNA,-0.11037806421518326
ATP2B4_RNA,-0.110455721616745
UTP6_RNA,-0.11047886312007904
PAGE2_RNA,-0.11048880964517593
MYOM1_RNA,-0.1105056032538414
TTLL8_RNA,-0.11051154881715775
IFI6_RNA,-0.11051233857870102
NKX2-4_RNA,-0.1105383113026619
CCL21_RNA,-0.1105436459183693
KCNRG_RNA,-0.1106000766158104
CRYBB3_RNA,-0.11060208082199097
COQ10B_RNA,-0.11061342805624008
PRSS33_RNA,-0.11063728481531143
HPGDS_RNA,-0.11066225916147232
BRD7_RNA,-0.11074201762676239
NLRP4_RNA,-0.11077654361724854
ZNF302_RNA,-0.11079732328653336
PAQR8_RNA,-0.11081215739250183
YTHDC1_RNA,-0.11081328988075256
HEXIM1_RNA,-0.11087894439697266
LHX3_RNA,-0.11091966927051544
VHLL_RNA,-0.11096357554197311
CDH16_RNA,-0.11097727715969086
BANF1_RNA,-0.11097808927297592
PHF7_RNA,-0.11105780303478241
AGL_RNA,-0.11110978573560715
CYP24A1_RNA,-0.11117825657129288
DTX4_RNA,-0.11119356006383896
SYNM_RNA,-0.11122671514749527
RPA2_RNA,-0.11122848093509674
MIF4GD_RNA,-0.11123929172754288
ANKS3_RNA,-0.1114436611533165
PRLR_RNA,-0.11144577711820602
SETDB2_RNA,-0.11157627403736115
PATE4_RNA,-0.11168456822633743
POM121C_RNA,-0.11170542985200882
OCEL1_RNA,-0.1117565929889679
HLA-DPB1_RNA,-0.11181189119815826
PDCD7_RNA,-0.11181765794754028
CCNL1_RNA,-0.11184973269701004
ATPAF1_RNA,-0.11204998940229416
CD74_RNA,-0.11211037635803223
GGT1_RNA,-0.1121375784277916
NCR3_RNA,-0.11215880513191223
ZNF213_RNA,-0.1121850535273552
MIRLET7G_RNA,-0.11218887567520142
SLC17A9_RNA,-0.11220940202474594
CBR4_RNA,-0.11223280429840088
GCLM_RNA,-0.11226405948400497
RAB36_RNA,-0.11228857189416885
SOS1_RNA,-0.11232049763202667
LGALS12_RNA,-0.11235745996236801
RPAP3_RNA,-0.11236049979925156
RALA_RNA,-0.11236181855201721
AIFM1_RNA,-0.11236618459224701
GTF2A1L_RNA,-0.11239643394947052
UNC119B_RNA,-0.11241841316223145
NUAK2_RNA,-0.11242935061454773
CCDC73_RNA,-0.11245757341384888
DDX43_RNA,-0.11247425526380539
FAM174B_RNA,-0.11247563362121582
ARMCX4_RNA,-0.11254469305276871
DNASE1L1_RNA,-0.1126132532954216
KLC3_RNA,-0.11263212561607361
GRB7_RNA,-0.1128159686923027
INPP4B_RNA,-0.11288651078939438
NR4A3_RNA,-0.11293064057826996
HOXB4_RNA,-0.1129494458436966
STAP2_RNA,-0.11298233270645142
TTLL6_RNA,-0.11309054493904114
RAB25_RNA,-0.1130928099155426
OOEP_RNA,-0.11311809718608856
KIRREL3_RNA,-0.11320627480745316
MYOM2_RNA,-0.113211490213871
MT1G_RNA,-0.11322955042123795
CRYZ_RNA,-0.11323924362659454
SPATA21_RNA,-0.11326675117015839
RNASE8_RNA,-0.11328838020563126
PIGC_RNA,-0.11329498142004013
MIR1537_RNA,-0.1133076399564743
DUSP22_RNA,-0.11330801248550415
PYGO1_RNA,-0.11331795901060104
CLK4_RNA,-0.11337311565876007
SNRNP48_RNA,-0.11341589689254761
MIR25_RNA,-0.11360830813646317
UBP1_RNA,-0.11370208859443665
ITGB3BP_RNA,-0.11375226825475693
MADCAM1_RNA,-0.11384283751249313
ATG4C_RNA,-0.11386377364397049
CSNK1D_RNA,-0.1138656809926033
SCIN_RNA,-0.11387192457914352
LRRC8E_RNA,-0.11393726617097855
PTGFR_RNA,-0.11397161334753036
RPA1_RNA,-0.11401784420013428
FLJ30679_RNA,-0.11403249204158783
IFT81_RNA,-0.11420474201440811
IRF8_RNA,-0.11424308270215988
RDH16_RNA,-0.11434228718280792
ANKRD35_RNA,-0.1143963411450386
ARHGEF10L_RNA,-0.11439687013626099
TM4SF20_RNA,-0.11443276703357697
ARV1_RNA,-0.11445482075214386
LENEP_RNA,-0.11446453630924225
SLC19A2_RNA,-0.11448762565851212
CEP78_RNA,-0.11449521780014038
GHRLOS_RNA,-0.11452558636665344
C17orf67_RNA,-0.11461636424064636
FOXA1_RNA,-0.11463867872953415
MED31_RNA,-0.11467231810092926
TXNL4B_RNA,-0.11470796167850494
RNF39_RNA,-0.11472149193286896
LAG3_RNA,-0.11473233252763748
PTMS_RNA,-0.11474165320396423
ESF1_RNA,-0.11475559324026108
EXTL2_RNA,-0.1147598847746849
GPR63_RNA,-0.11478912085294724
MYH7_RNA,-0.11479763686656952
COX6A2_RNA,-0.11481674760580063
ACADVL_RNA,-0.11498405039310455
BCKDHB_RNA,-0.11498969048261642
DPY19L1_RNA,-0.11504479497671127
KLK1_RNA,-0.11506590992212296
GPT2_RNA,-0.11507700383663177
NRARP_RNA,-0.11511116474866867
PLXDC2_RNA,-0.1151295080780983
FIGNL1_RNA,-0.11513204872608185
ACR_RNA,-0.11513978242874146
ANP32B_RNA,-0.11514374613761902
TMEM81_RNA,-0.1151794046163559
COPZ2_RNA,-0.11520150303840637
DRAM2_RNA,-0.1153000146150589
CCDC138_RNA,-0.11532331258058548
WDR24_RNA,-0.11533080786466599
FBXO4_RNA,-0.11534948647022247
TANK_RNA,-0.11535380780696869
ATP1A2_RNA,-0.1153583824634552
TSPAN8_RNA,-0.11538281291723251
LGSN_RNA,-0.11541536450386047
ZNF721_RNA,-0.11541666090488434
HTR2B_RNA,-0.1154664009809494
FABP5_RNA,-0.11555983871221542
DIAPH2_RNA,-0.11556712538003922
MGST2_RNA,-0.11567855626344681
SLCO1C1_RNA,-0.11570113152265549
NFIB_RNA,-0.11574090272188187
ASPDH_RNA,-0.11574810743331909
PDZK1_RNA,-0.11576935648918152
C20orf144_RNA,-0.11577335000038147
DLEU2_RNA,-0.11579549312591553
SLC44A5_RNA,-0.11586038768291473
SNTN_RNA,-0.11596904695034027
SCARNA17_RNA,-0.11600340902805328
CCDC28A_RNA,-0.1160234734416008
SLC29A3_RNA,-0.11608967185020447
MTNR1B_RNA,-0.11620352417230606
TPRG1_RNA,-0.11621670424938202
BTLA_RNA,-0.11622808128595352
PLTP_RNA,-0.11626508086919785
PLCB4_RNA,-0.11636286228895187
SH3YL1_RNA,-0.11637135595083237
NXF1_RNA,-0.11638490855693817
CXCL3_RNA,-0.11648093909025192
SKA2_RNA,-0.1164897084236145
HHAT_RNA,-0.11649685353040695
HLA-DOA_RNA,-0.11651011556386948
FXYD1_RNA,-0.11654261499643326
CCL5_RNA,-0.1165541335940361
SAFB2_RNA,-0.11656976491212845
OLIG3_RNA,-0.11658243089914322
ANKRD49_RNA,-0.11666414141654968
CAST_RNA,-0.11674390733242035
PIGX_RNA,-0.11677499860525131
CD68_RNA,-0.11685625463724136
PRB2_RNA,-0.11697342991828918
RTP4_RNA,-0.1170094758272171
CYP8B1_RNA,-0.1170191839337349
CNTD1_RNA,-0.11706839501857758
NAA40_RNA,-0.11710073053836823
CBX1_RNA,-0.11710421741008759
SRP19_RNA,-0.11710459738969803
SNX5_RNA,-0.11720965057611465
TOR1AIP1_RNA,-0.11723056435585022
TMPRSS6_RNA,-0.11733820289373398
SLC23A3_RNA,-0.11750608682632446
C11orf52_RNA,-0.1175672709941864
CXorf38_RNA,-0.11772246658802032
TMCO1_RNA,-0.1177247017621994
GIMAP4_RNA,-0.11774525046348572
CDH17_RNA,-0.11780849099159241
SCRN3_RNA,-0.11785529553890228
CCDC157_RNA,-0.11793157458305359
ASCL2_RNA,-0.1179710254073143
PAQR6_RNA,-0.11797483265399933
RNF112_RNA,-0.11798754334449768
CYB5RL_RNA,-0.11800779402256012
CHMP4A_RNA,-0.11809498816728592
HLX_RNA,-0.1181049719452858
BRCA1_RNA,-0.11811742931604385
MIR298_RNA,-0.1181536391377449
MYSM1_RNA,-0.11820314824581146
MTF1_RNA,-0.11821607500314713
HLA-DMB_RNA,-0.11829085648059845
EMD_RNA,-0.11829273402690887
TNP1_RNA,-0.11830344051122665
LLGL2_RNA,-0.11832235008478165
COQ10A_RNA,-0.11835478246212006
BSND_RNA,-0.11841018497943878
TMEM190_RNA,-0.1184755191206932
SLC25A45_RNA,-0.11849558353424072
MMP3_RNA,-0.1185060665011406
PPM1B_RNA,-0.118559829890728
PLB1_RNA,-0.11867303401231766
CMPK1_RNA,-0.1187216192483902
BNC2_RNA,-0.11875107139348984
HBZ_RNA,-0.11889401078224182
FUZ_RNA,-0.11891084164381027
TRIM41_RNA,-0.11891435086727142
IQCC_RNA,-0.11894076317548752
SP100_RNA,-0.1190057173371315
TDO2_RNA,-0.11906199157238007
CLDN3_RNA,-0.11910604685544968
PKD2L2_RNA,-0.1191842257976532
BARX2_RNA,-0.11925999075174332
UTS2R_RNA,-0.11928794533014297
CTSH_RNA,-0.11929644644260406
PCYT1B_RNA,-0.11934924125671387
ANKRD26_RNA,-0.11941191554069519
HOXA2_RNA,-0.11943139135837555
APOL3_RNA,-0.11957039684057236
MIR23B_RNA,-0.11959188431501389
MIR1262_RNA,-0.11964583396911621
TMEM40_RNA,-0.11966779083013535
COQ7_RNA,-0.11969514191150665
GPR101_RNA,-0.11982640624046326
HEBP1_RNA,-0.11985741555690765
DEF6_RNA,-0.11988998204469681
CHRNE_RNA,-0.11992160975933075
FASTKD3_RNA,-0.11993775516748428
SCN4B_RNA,-0.11995100975036621
CDK11A_RNA,-0.11996454745531082
FGFR1OP2_RNA,-0.12004978209733963
SNAPC1_RNA,-0.12011317908763885
SLC6A2_RNA,-0.12011940032243729
ADAM22_RNA,-0.12015979737043381
CTSE_RNA,-0.12016168981790543
BCAR3_RNA,-0.12018903344869614
TMEM14B_RNA,-0.12028380483388901
FAM3B_RNA,-0.12032462656497955
SLFN11_RNA,-0.12038590013980865
CARD6_RNA,-0.12045997381210327
CLYBL_RNA,-0.12048507481813431
MT1E_RNA,-0.12060248851776123
SMAD6_RNA,-0.12060586363077164
APOBEC2_RNA,-0.12066161632537842
MYEF2_RNA,-0.12067501246929169
GCH1_RNA,-0.12076809257268906
UCHL3_RNA,-0.12077751010656357
ZNF10_RNA,-0.12082244455814362
FAM83B_RNA,-0.12082477658987045
SPP2_RNA,-0.12085232883691788
NDUFA7_RNA,-0.12111455947160721
SLC7A9_RNA,-0.1211426705121994
RBM34_RNA,-0.12115593999624252
HEPH_RNA,-0.12121517211198807
PAGE5_RNA,-0.12126914411783218
DNAJC25_RNA,-0.12127219885587692
KCNA5_RNA,-0.12137961387634277
CXCR3_RNA,-0.12141632288694382
PLSCR2_RNA,-0.12163076549768448
POLR3GL_RNA,-0.12173039466142654
RAI2_RNA,-0.12174992263317108
SPATA9_RNA,-0.12183012813329697
ITGB1BP2_RNA,-0.12184356153011322
ST6GAL2_RNA,-0.12185913324356079
NOTO_RNA,-0.12194658815860748
FGF7_RNA,-0.12196460366249084
IWS1_RNA,-0.12198948115110397
WASF2_RNA,-0.122026726603508
SRR_RNA,-0.12206657230854034
IVL_RNA,-0.12207988649606705
LYL1_RNA,-0.12208883464336395
SDCCAG8_RNA,-0.12209484726190567
DLX5_RNA,-0.12215805053710938
WDR27_RNA,-0.12218818068504333
RRH_RNA,-0.12220413982868195
SULT1A2_RNA,-0.12223415076732635
ADAMTS13_RNA,-0.12228783220052719
ADAMTSL5_RNA,-0.12241142988204956
CCDC38_RNA,-0.12254039943218231
HNRNPA3_RNA,-0.12262331694364548
KLHDC9_RNA,-0.12262684851884842
TNS4_RNA,-0.12263734638690948
CT45A1_RNA,-0.12267408519983292
SPOPL_RNA,-0.12268370389938354
THUMPD1_RNA,-0.12274942547082901
RNF222_RNA,-0.12275850772857666
RHOQ_RNA,-0.1228126659989357
CLN3_RNA,-0.12289909273386002
HLA-F_RNA,-0.12290913611650467
LTBP1_RNA,-0.1230056956410408
CAV3_RNA,-0.12303593754768372
DSPP_RNA,-0.1230475902557373
F11R_RNA,-0.12306904047727585
JAK2_RNA,-0.12311511486768723
MED29_RNA,-0.12320374697446823
CYP26C1_RNA,-0.12320968508720398
GRK7_RNA,-0.12324634939432144
SETD1B_RNA,-0.12330760806798935
GLYAT_RNA,-0.12331307679414749
SERPING1_RNA,-0.12340572476387024
ACSL5_RNA,-0.1234111487865448
LDB3_RNA,-0.12342227250337601
TMEM92_RNA,-0.12342412024736404
TRPS1_RNA,-0.12345593422651291
CDRT4_RNA,-0.12346898019313812
HTR1D_RNA,-0.12347934395074844
BCAP29_RNA,-0.12348014116287231
RBMXL2_RNA,-0.12349387258291245
CSF3_RNA,-0.12352406233549118
DNAJB9_RNA,-0.12352549284696579
BNIP2_RNA,-0.12363336980342865
PTGES3_RNA,-0.1236584484577179
ZNF92_RNA,-0.12366172671318054
ESX1_RNA,-0.12367484718561172
NAT1_RNA,-0.12371591478586197
LYPD5_RNA,-0.12382110953330994
PAN2_RNA,-0.12388429790735245
SASS6_RNA,-0.12391907721757889
C8orf76_RNA,-0.12393946945667267
PADI6_RNA,-0.1239408403635025
RAB18_RNA,-0.12397469580173492
TMED6_RNA,-0.12397486716508865
OR2AT4_RNA,-0.12401649355888367
CTNS_RNA,-0.12401791661977768
LMBRD1_RNA,-0.12407686561346054
ST6GALNAC2_RNA,-0.12414880096912384
POFUT2_RNA,-0.12415779381990433
TLR8_RNA,-0.12416117638349533
TRPM7_RNA,-0.12416506558656693
UPB1_RNA,-0.12418916821479797
REM2_RNA,-0.12420035153627396
RGPD4_RNA,-0.12426262348890305
KIN_RNA,-0.12428128719329834
TMEM161B_RNA,-0.12428510934114456
OSBPL7_RNA,-0.12436561286449432
CORT_RNA,-0.1243944764137268
CD3E_RNA,-0.1244129166007042
MIR548K_RNA,-0.12450078874826431
AGFG2_RNA,-0.12451045960187912
PYCR2_RNA,-0.12456455826759338
ITIH4_RNA,-0.12461648881435394
CASP9_RNA,-0.12462251633405685
ANTXR1_RNA,-0.12468511611223221
GCK_RNA,-0.1247011348605156
CNGA3_RNA,-0.12480014562606812
EEF1E1_RNA,-0.1249341368675232
STK17B_RNA,-0.12500998377799988
ARL6IP4_RNA,-0.12502005696296692
PLEKHB1_RNA,-0.12504233419895172
OR6V1_RNA,-0.12505954504013062
OAZ2_RNA,-0.1251218467950821
LOC730668_RNA,-0.1251356303691864
CRB2_RNA,-0.12516848742961884
ZSCAN10_RNA,-0.12517550587654114
CKMT2_RNA,-0.12517805397510529
COLEC12_RNA,-0.12518392503261566
PPCDC_RNA,-0.12526969611644745
VWC2_RNA,-0.12527918815612793
ABCD1_RNA,-0.1253584921360016
PIGQ_RNA,-0.12536193430423737
SNX13_RNA,-0.12536244094371796
LOC100310782_RNA,-0.12543460726737976
MED4_RNA,-0.12545937299728394
C1QTNF7_RNA,-0.1255369633436203
PLCH1_RNA,-0.12560999393463135
SOX7_RNA,-0.12561336159706116
C19orf44_RNA,-0.1256306767463684
NAALAD2_RNA,-0.1256674975156784
THOC2_RNA,-0.1256932020187378
ENOSF1_RNA,-0.12570159137248993
FBXO30_RNA,-0.12571991980075836
AP1S2_RNA,-0.12572482228279114
CYP2E1_RNA,-0.12577667832374573
PABPN1_RNA,-0.1258213222026825
FAM13A_RNA,-0.12583297491073608
TRIM61_RNA,-0.12583763897418976
CPSF7_RNA,-0.1258910894393921
PRR15L_RNA,-0.12590453028678894
DLX4_RNA,-0.1259586066007614
PHLDB2_RNA,-0.12597401440143585
DMD_RNA,-0.12607447803020477
CDC42SE2_RNA,-0.12608622014522552
ZFHX3_RNA,-0.12611530721187592
CCDC83_RNA,-0.12622535228729248
MMEL1_RNA,-0.12623466551303864
ITGB7_RNA,-0.1262962967157364
NKAIN2_RNA,-0.1263025552034378
GGTA1_RNA,-0.12632626295089722
ACAA1_RNA,-0.1264408975839615
FSD2_RNA,-0.1264583021402359
SEPSECS_RNA,-0.1265113353729248
SLC46A1_RNA,-0.1265476495027542
LCP2_RNA,-0.12663739919662476
B4GALNT2_RNA,-0.12664783000946045
CATSPERG_RNA,-0.12665219604969025
GCNT3_RNA,-0.1267126053571701
ULK4_RNA,-0.12677931785583496
ELMOD2_RNA,-0.12683682143688202
AFP_RNA,-0.12690068781375885
TSGA10IP_RNA,-0.1269187182188034
BBS4_RNA,-0.12696713209152222
RNLS_RNA,-0.12701378762722015
SIT1_RNA,-0.12701930105686188
DMRT1_RNA,-0.12714079022407532
CD6_RNA,-0.12717430293560028
ZNF345_RNA,-0.12720754742622375
SH3BP1_RNA,-0.1272270381450653
RWDD3_RNA,-0.127240851521492
CASP8_RNA,-0.12726104259490967
NT5C1B_RNA,-0.12726464867591858
EGF_RNA,-0.1272655576467514
KCNJ1_RNA,-0.1272895783185959
PHF6_RNA,-0.1273517906665802
MICB_RNA,-0.12738986313343048
SAMD5_RNA,-0.1274242252111435
SLC13A4_RNA,-0.12753964960575104
KLHL33_RNA,-0.1275824010372162
IPP_RNA,-0.12759967148303986
UBE2A_RNA,-0.12766943871974945
NUDT21_RNA,-0.12773337960243225
MORC1_RNA,-0.1277737021446228
ZNF660_RNA,-0.12786978483200073
SLC13A3_RNA,-0.12794992327690125
PHOX2B_RNA,-0.12801800668239594
CSF3R_RNA,-0.1280333250761032
HOXA10_RNA,-0.12807533144950867
CACNA1S_RNA,-0.12815597653388977
STARD4_RNA,-0.12819844484329224
KLHDC7B_RNA,-0.12823666632175446
RBBP7_RNA,-0.1282968670129776
FGFR4_RNA,-0.12831492722034454
CCR10_RNA,-0.12835292518138885
ZNF695_RNA,-0.1284438818693161
KIAA0753_RNA,-0.1284768134355545
CASR_RNA,-0.1284780502319336
ATIC_RNA,-0.1285567432641983
FGG_RNA,-0.12862525880336761
PROK2_RNA,-0.1286480575799942
CNIH2_RNA,-0.1286560446023941
USPL1_RNA,-0.12869003415107727
HES1_RNA,-0.12871640920639038
TMCO4_RNA,-0.12877316772937775
C16orf89_RNA,-0.128791943192482
CUL4B_RNA,-0.12891355156898499
KHDC1_RNA,-0.12894649803638458
ANKRD42_RNA,-0.12895900011062622
MTM1_RNA,-0.12898468971252441
ST6GALNAC3_RNA,-0.12899275124073029
PARP3_RNA,-0.1289939135313034
AWAT2_RNA,-0.12900029122829437
SORD_RNA,-0.12905651330947876
FHIT_RNA,-0.12910471856594086
CST9_RNA,-0.12914401292800903
TAF1A_RNA,-0.12918685376644135
CLEC4A_RNA,-0.1292152851819992
FAM151B_RNA,-0.12935549020767212
FAM107B_RNA,-0.1294129341840744
HDDC3_RNA,-0.12943194806575775
TEAD2_RNA,-0.12947458028793335
B9D2_RNA,-0.1295003741979599
AK3_RNA,-0.1295800656080246
TGM1_RNA,-0.12960876524448395
TCEAL1_RNA,-0.12971508502960205
XAF1_RNA,-0.1297190934419632
MTG1_RNA,-0.12972688674926758
SERPINA11_RNA,-0.12972886860370636
CCDC42_RNA,-0.12976133823394775
SCGB2A1_RNA,-0.12981556355953217
IL11RA_RNA,-0.1298799365758896
ZCCHC9_RNA,-0.12992914021015167
EFCAB7_RNA,-0.12993668019771576
SERP1_RNA,-0.12994666397571564
CTSK_RNA,-0.12998132407665253
PSIP1_RNA,-0.13009761273860931
NFE2_RNA,-0.13009797036647797
RAD9A_RNA,-0.13023489713668823
AGMAT_RNA,-0.13029038906097412
USP53_RNA,-0.13029815256595612
ZNF589_RNA,-0.13035447895526886
S100G_RNA,-0.13037531077861786
TSLP_RNA,-0.1303800493478775
HLA-E_RNA,-0.13043621182441711
GLTPD2_RNA,-0.13052451610565186
PIGM_RNA,-0.13057757914066315
SPN_RNA,-0.13068455457687378
CTXN1_RNA,-0.13072116672992706
SRRT_RNA,-0.13072463870048523
MBLAC1_RNA,-0.130813330411911
GNA13_RNA,-0.1308167427778244
CBLL1_RNA,-0.13082025945186615
DDX47_RNA,-0.13088740408420563
ANKRD30A_RNA,-0.1309155374765396
ERMAP_RNA,-0.13097789883613586
HLA-DQB2_RNA,-0.13102172315120697
FSCN2_RNA,-0.13116240501403809
IKZF4_RNA,-0.1311628818511963
EBF3_RNA,-0.13116396963596344
MUC1_RNA,-0.1315280795097351
APOB_RNA,-0.13154025375843048
WNT3A_RNA,-0.13160966336727142
RABGEF1_RNA,-0.1316307634115219
PEX11A_RNA,-0.1316409856081009
C1QTNF9_RNA,-0.13167187571525574
OPLAH_RNA,-0.13168217241764069
ELSPBP1_RNA,-0.13169121742248535
TMEM167A_RNA,-0.13169677555561066
ALDH9A1_RNA,-0.1316985785961151
ATP12A_RNA,-0.1317920833826065
CD79A_RNA,-0.13189925253391266
CYP17A1_RNA,-0.13191074132919312
BST2_RNA,-0.13196012377738953
TESK2_RNA,-0.13201691210269928
GGPS1_RNA,-0.13205058872699738
AGBL4_RNA,-0.13205105066299438
LGR6_RNA,-0.1322374939918518
PHACTR3_RNA,-0.1322472244501114
MIR215_RNA,-0.13227355480194092
ZNF605_RNA,-0.13227516412734985
TAX1BP3_RNA,-0.13239836692810059
ACOT13_RNA,-0.13248078525066376
WIPF3_RNA,-0.13248319923877716
LYPD6_RNA,-0.13257281482219696
TCHP_RNA,-0.13260087370872498
IKZF1_RNA,-0.1327073574066162
TAF7L_RNA,-0.13272784650325775
CD164_RNA,-0.13278484344482422
IFI35_RNA,-0.13278919458389282
TFAP2E_RNA,-0.13284924626350403
HKDC1_RNA,-0.13287605345249176
CHIA_RNA,-0.1328771561384201
HAND1_RNA,-0.1328796148300171
GPSM3_RNA,-0.1328800618648529
TDRD9_RNA,-0.13306093215942383
CHRNA5_RNA,-0.13310633599758148
TMEM144_RNA,-0.13322369754314423
LYRM1_RNA,-0.13326457142829895
IFT20_RNA,-0.1332675814628601
P2RY11_RNA,-0.1333375871181488
CSPP1_RNA,-0.13340522348880768
ARHGAP27_RNA,-0.13346801698207855
PNKP_RNA,-0.1335248351097107
RHOBTB1_RNA,-0.1335994452238083
CLEC1B_RNA,-0.1336476355791092
GRM6_RNA,-0.13376180827617645
CEACAM6_RNA,-0.1338379830121994
HERPUD2_RNA,-0.13388323783874512
NR3C2_RNA,-0.13390161097049713
YPEL3_RNA,-0.13392633199691772
C2orf76_RNA,-0.1339757740497589
TG_RNA,-0.13402339816093445
CTRC_RNA,-0.1340618133544922
BCL2L12_RNA,-0.1340852975845337
PNPLA8_RNA,-0.13409322500228882
ZNF512_RNA,-0.13411696255207062
OSCP1_RNA,-0.1341225653886795
BTG3_RNA,-0.13419993221759796
MYOM3_RNA,-0.1342221051454544
LRRC66_RNA,-0.13428115844726563
SLC15A3_RNA,-0.13431093096733093
IRF5_RNA,-0.13435007631778717
MAP4K1_RNA,-0.1343727558851242
C16orf74_RNA,-0.13446322083473206
WFDC10B_RNA,-0.13446368277072906
CCDC142_RNA,-0.1345115751028061
ZNF326_RNA,-0.13455551862716675
ESR1_RNA,-0.13458319008350372
TBX20_RNA,-0.13460732996463776
FER1L6_RNA,-0.13468807935714722
ACACB_RNA,-0.1347607970237732
SOX13_RNA,-0.1347707062959671
CYP2R1_RNA,-0.13483628630638123
SLC10A7_RNA,-0.1349370926618576
SFTPA1_RNA,-0.13493791222572327
TMEM116_RNA,-0.13502748310565948
OR2H2_RNA,-0.13524407148361206
MAT2B_RNA,-0.13524802029132843
NPY_RNA,-0.13525272905826569
ATP6V1E2_RNA,-0.13531315326690674
DACH1_RNA,-0.13531644642353058
SBSN_RNA,-0.13533467054367065
HLA-DMA_RNA,-0.13543814420700073
NRN1L_RNA,-0.13552016019821167
SNX7_RNA,-0.13556092977523804
CIITA_RNA,-0.13562576472759247
LRRN2_RNA,-0.1356402039527893
SMAD9_RNA,-0.13566625118255615
LRRC10B_RNA,-0.13567277789115906
MPHOSPH10_RNA,-0.13567590713500977
GINS3_RNA,-0.13572300970554352
APBB1IP_RNA,-0.13586591184139252
RBAK_RNA,-0.13618728518486023
LYG1_RNA,-0.13624143600463867
INMT_RNA,-0.13629533350467682
RECQL5_RNA,-0.13634875416755676
HOXB3_RNA,-0.13635608553886414
DMAP1_RNA,-0.1363701969385147
PLA2G4F_RNA,-0.13639722764492035
DGAT2L6_RNA,-0.13643011450767517
SP9_RNA,-0.13646219670772552
GALR3_RNA,-0.136476531624794
NEAT1_RNA,-0.13662934303283691
SIGLEC16_RNA,-0.13664035499095917
GOLM1_RNA,-0.13666026294231415
COBLL1_RNA,-0.13668282330036163
FZD2_RNA,-0.13670210540294647
TRAF1_RNA,-0.13676808774471283
BGLAP_RNA,-0.1367693394422531
NFKB2_RNA,-0.1367814838886261
PTOV1_RNA,-0.13682793080806732
NPHP4_RNA,-0.1368379443883896
FADS1_RNA,-0.13692516088485718
CYP4V2_RNA,-0.13699127733707428
LEFTY1_RNA,-0.13707740604877472
EFNA5_RNA,-0.13720057904720306
SALL1_RNA,-0.13720855116844177
TEX12_RNA,-0.13728681206703186
MIR185_RNA,-0.13732285797595978
OR51B2_RNA,-0.13735999166965485
FIGLA_RNA,-0.13736948370933533
FAM43B_RNA,-0.13753920793533325
ZXDB_RNA,-0.13755062222480774
C1orf220_RNA,-0.13758446276187897
P2RX1_RNA,-0.13763642311096191
IL9_RNA,-0.13765567541122437
TC2N_RNA,-0.13768236339092255
CYP2F1_RNA,-0.13778214156627655
PLA2G6_RNA,-0.1378205269575119
CCDC136_RNA,-0.13786013424396515
XPNPEP2_RNA,-0.13786208629608154
TTC23_RNA,-0.13791057467460632
CEACAM8_RNA,-0.13793261349201202
ARHGAP4_RNA,-0.13794243335723877
HOXA4_RNA,-0.13805440068244934
CHMP2B_RNA,-0.13810254633426666
N6AMT1_RNA,-0.13820014894008636
LRRIQ4_RNA,-0.13820229470729828
MSX2_RNA,-0.13823562860488892
ARX_RNA,-0.1382511407136917
SH2B1_RNA,-0.13830344378948212
ERAP1_RNA,-0.13830849528312683
MEPCE_RNA,-0.13837386667728424
ZNF273_RNA,-0.1384410560131073
FAM151A_RNA,-0.13844187557697296
GPR179_RNA,-0.13846813142299652
CCR5_RNA,-0.1384873390197754
AHCYL2_RNA,-0.13849548995494843
ZNF534_RNA,-0.13854297995567322
CYP39A1_RNA,-0.13854697346687317
ANKDD1A_RNA,-0.13857226073741913
PCK1_RNA,-0.13859958946704865
MMACHC_RNA,-0.1386282742023468
MAOA_RNA,-0.13869556784629822
ZNF22_RNA,-0.13883426785469055
TBX10_RNA,-0.13884690403938293
MAGEA8_RNA,-0.13885393738746643
EVX1_RNA,-0.1388593465089798
PNN_RNA,-0.13899852335453033
MYO1H_RNA,-0.13904324173927307
PLIN5_RNA,-0.13904784619808197
CWH43_RNA,-0.13909727334976196
DDX19A_RNA,-0.13911427557468414
NPHP3_RNA,-0.13917167484760284
SGMS2_RNA,-0.13919030129909515
SLC1A7_RNA,-0.13924497365951538
BCL2L15_RNA,-0.1394745260477066
SLC39A5_RNA,-0.13949282467365265
NAE1_RNA,-0.13950926065444946
GPR160_RNA,-0.13959498703479767
ZMYM1_RNA,-0.13963362574577332
DNAH11_RNA,-0.1396469622850418
HSPA2_RNA,-0.1397998034954071
CACHD1_RNA,-0.139842689037323
C12orf60_RNA,-0.13984991610050201
KCTD8_RNA,-0.13986529409885406
FAM24B_RNA,-0.13988028466701508
PPP1R16A_RNA,-0.1399235874414444
RAPSN_RNA,-0.13996091485023499
TTC31_RNA,-0.14000356197357178
FCRL1_RNA,-0.14008314907550812
FILIP1_RNA,-0.14015662670135498
LRTOMT_RNA,-0.1401834934949875
BBS5_RNA,-0.14020627737045288
PPWD1_RNA,-0.14026691019535065
MIR30B_RNA,-0.14031970500946045
C6orf226_RNA,-0.14032267034053802
SALL3_RNA,-0.14033059775829315
ZNF280A_RNA,-0.14039409160614014
JAKMIP3_RNA,-0.14040975272655487
RRAS2_RNA,-0.14050857722759247
DIO3OS_RNA,-0.14050991833209991
PAQR5_RNA,-0.14051759243011475
TM4SF5_RNA,-0.14059841632843018
GPHA2_RNA,-0.140641987323761
HSP90B3P_RNA,-0.14074814319610596
ST3GAL3_RNA,-0.14080636203289032
LOC100130691_RNA,-0.14087620377540588
ZNF75A_RNA,-0.14087888598442078
HOXA5_RNA,-0.1409287005662918
ST7_RNA,-0.1409408003091812
CMTM4_RNA,-0.1409953236579895
SLC12A3_RNA,-0.1409987509250641
OSBPL3_RNA,-0.14113260805606842
PTCRA_RNA,-0.14113925397396088
DUOX2_RNA,-0.14127790927886963
RILPL2_RNA,-0.141357883810997
STAG3_RNA,-0.1414271742105484
PGAP2_RNA,-0.1414610594511032
RPL13P5_RNA,-0.14147216081619263
ZC3H8_RNA,-0.1414838433265686
BFSP2_RNA,-0.14148584008216858
MED28_RNA,-0.14149442315101624
ZNF648_RNA,-0.14151152968406677
IL5_RNA,-0.14154073596000671
SRD5A2_RNA,-0.1415620744228363
CALCOCO2_RNA,-0.14161989092826843
EPM2AIP1_RNA,-0.14162813127040863
LOX_RNA,-0.14171922206878662
DAPP1_RNA,-0.1417383849620819
SHROOM1_RNA,-0.14179572463035583
DNASE1_RNA,-0.14183680713176727
ZNF138_RNA,-0.1419311761856079
CLEC3A_RNA,-0.14194689691066742
LIMCH1_RNA,-0.14198020100593567
ILDR1_RNA,-0.14200614392757416
TNFAIP8_RNA,-0.142033651471138
C1orf162_RNA,-0.14205294847488403
RPL36A_RNA,-0.14222155511379242
SCRN2_RNA,-0.1422376036643982
ZNF559_RNA,-0.14227518439292908
TAGAP_RNA,-0.14230625331401825
SFRP5_RNA,-0.14233873784542084
CR2_RNA,-0.14242243766784668
TFDP2_RNA,-0.14242883026599884
ZNF391_RNA,-0.14250123500823975
NSUN6_RNA,-0.142587810754776
ZNF410_RNA,-0.14259648323059082
DCP1B_RNA,-0.1426175832748413
ART1_RNA,-0.14270776510238647
SERPINA12_RNA,-0.14273828268051147
TMEM98_RNA,-0.14274939894676208
MFNG_RNA,-0.14282605051994324
TMC8_RNA,-0.14283788204193115
GOLGA4_RNA,-0.1428384631872177
EHHADH_RNA,-0.1428612917661667
CARD14_RNA,-0.1429234892129898
TLK1_RNA,-0.14300574362277985
MDM4_RNA,-0.14305320382118225
PI4K2B_RNA,-0.14314498007297516
WT1_RNA,-0.143260195851326
MXI1_RNA,-0.1434105485677719
RRAD_RNA,-0.14351984858512878
MAMDC4_RNA,-0.14354339241981506
SLC45A2_RNA,-0.14355026185512543
RBM24_RNA,-0.14355990290641785
GGT6_RNA,-0.14358161389827728
LAS1L_RNA,-0.14364586770534515
MNDA_RNA,-0.14370808005332947
CFTR_RNA,-0.14371688663959503
KCNN2_RNA,-0.14377503097057343
STK3_RNA,-0.14396075904369354
PSPH_RNA,-0.1439613252878189
AANAT_RNA,-0.1439797431230545
SOX9_RNA,-0.14400330185890198
TAS2R46_RNA,-0.14400874078273773
ZNF517_RNA,-0.14419592916965485
PSD4_RNA,-0.14423714578151703
AQP2_RNA,-0.1443057358264923
LGI1_RNA,-0.14430740475654602
ZNF580_RNA,-0.14435049891471863
CTBS_RNA,-0.14441119134426117
CMPK2_RNA,-0.1445910781621933
P2RY14_RNA,-0.14461968839168549
CPXM2_RNA,-0.1446204036474228
HGF_RNA,-0.14470355212688446
MIA_RNA,-0.14477036893367767
FCAMR_RNA,-0.14479520916938782
SP140L_RNA,-0.1449240744113922
AEBP2_RNA,-0.14501158893108368
TAS2R7_RNA,-0.1450151652097702
NEK8_RNA,-0.14509731531143188
RBM17_RNA,-0.14509934186935425
PLA2G1B_RNA,-0.14512315392494202
DDX60_RNA,-0.14517192542552948
MEGF10_RNA,-0.14519338309764862
EIF3J_RNA,-0.14519760012626648
KCTD11_RNA,-0.1452588587999344
FBP2_RNA,-0.14530541002750397
HIBADH_RNA,-0.14531995356082916
TMEM95_RNA,-0.14532218873500824
GRK1_RNA,-0.14532501995563507
HTATSF1_RNA,-0.14533209800720215
DENND2D_RNA,-0.14537294209003448
ZMIZ2_RNA,-0.14538052678108215
CCKAR_RNA,-0.1454630196094513
ALLC_RNA,-0.14549577236175537
CCDC85A_RNA,-0.14552628993988037
HOXD9_RNA,-0.1455770879983902
STXBP2_RNA,-0.14559653401374817
RBM6_RNA,-0.1456097811460495
MAML3_RNA,-0.145627960562706
SOX2_RNA,-0.14562954008579254
WDR87_RNA,-0.14566056430339813
FOXR1_RNA,-0.14570596814155579
KRT2_RNA,-0.14576981961727142
PRPF39_RNA,-0.1458091288805008
TFE3_RNA,-0.14582078158855438
HBG2_RNA,-0.14582125842571259
MIR10B_RNA,-0.1458381563425064
TAS2R19_RNA,-0.145840123295784
TFAP2B_RNA,-0.14584042131900787
MAPK7_RNA,-0.1458691954612732
GLIPR1L2_RNA,-0.14591340720653534
UTP23_RNA,-0.14593222737312317
RDH14_RNA,-0.14616204798221588
MBD6_RNA,-0.14632382988929749
MYBPC3_RNA,-0.14634087681770325
RASL12_RNA,-0.14637872576713562
LPCAT3_RNA,-0.14639294147491455
MCEE_RNA,-0.1463947296142578
NEK7_RNA,-0.14640593528747559
LIAS_RNA,-0.14641420543193817
FNBP4_RNA,-0.14660482108592987
ZNF594_RNA,-0.14669670164585114
ANGPTL3_RNA,-0.14674018323421478
PATE2_RNA,-0.14678774774074554
SNORA16B_RNA,-0.14680229127407074
FAM8A1_RNA,-0.14680376648902893
RPP38_RNA,-0.14680926501750946
SDK1_RNA,-0.14685401320457458
VSIG1_RNA,-0.14686717092990875
CDC14A_RNA,-0.14689448475837708
EID2B_RNA,-0.1469380110502243
VN1R1_RNA,-0.14694537222385406
IL22RA1_RNA,-0.146991565823555
GCOM1_RNA,-0.14713025093078613
XPA_RNA,-0.1471594274044037
AIM2_RNA,-0.14742588996887207
CXCL5_RNA,-0.14746102690696716
LAPTM4A_RNA,-0.14758272469043732
INHA_RNA,-0.1476573497056961
HFE_RNA,-0.1476636826992035
FKBP6_RNA,-0.14771033823490143
TYW3_RNA,-0.1477172076702118
SCNN1D_RNA,-0.14774638414382935
UCHL5_RNA,-0.14779850840568542
OTOS_RNA,-0.14797666668891907
THEM4_RNA,-0.14802247285842896
SFRP4_RNA,-0.14803913235664368
PLEKHA6_RNA,-0.1480531543493271
SDR39U1_RNA,-0.14807578921318054
NDUFA5_RNA,-0.14809277653694153
LDLRAD2_RNA,-0.14818283915519714
FAM135B_RNA,-0.14827869832515717
NOP2_RNA,-0.14829902350902557
SNORA33_RNA,-0.14853215217590332
LBP_RNA,-0.14853402972221375
ZNF354A_RNA,-0.1486411988735199
TCN1_RNA,-0.1486523598432541
HPR_RNA,-0.14871956408023834
CFP_RNA,-0.14872176945209503
MIR106B_RNA,-0.14875055849552155
PKD1L3_RNA,-0.14875087141990662
TPP1_RNA,-0.1488390564918518
GNAO1_RNA,-0.1488833725452423
AKT1S1_RNA,-0.14892412722110748
ZNF438_RNA,-0.148941770195961
HDAC8_RNA,-0.1489621102809906
OLR1_RNA,-0.14900515973567963
MIR17HG_RNA,-0.14912785589694977
TMPRSS9_RNA,-0.14925824105739594
OSR2_RNA,-0.14927899837493896
PPOX_RNA,-0.14935055375099182
COL17A1_RNA,-0.14936840534210205
RARRES2_RNA,-0.14939674735069275
VMAC_RNA,-0.14942598342895508
FAM9C_RNA,-0.14944785833358765
ACY3_RNA,-0.14947916567325592
PRH1_RNA,-0.14948008954524994
KCNJ3_RNA,-0.14958469569683075
KRTAP5-8_RNA,-0.14963504672050476
SPAG9_RNA,-0.1496977061033249
CYP7A1_RNA,-0.14975214004516602
FAM66C_RNA,-0.1497604250907898
ANO9_RNA,-0.14977236092090607
CLOCK_RNA,-0.14978815615177155
CTSW_RNA,-0.150006964802742
MACC1_RNA,-0.15019036829471588
CCPG1_RNA,-0.15019690990447998
KEL_RNA,-0.15023943781852722
KSR2_RNA,-0.1502828747034073
IL17B_RNA,-0.15028692781925201
NLRX1_RNA,-0.1502913385629654
HOXB9_RNA,-0.15033866465091705
CX3CR1_RNA,-0.1504427194595337
SBDS_RNA,-0.15047577023506165
SFTA2_RNA,-0.1505167931318283
PMS1_RNA,-0.1505288928747177
MUC5B_RNA,-0.15055501461029053
FAM133B_RNA,-0.15056779980659485
MSH5_RNA,-0.15061932802200317
MIR1243_RNA,-0.1506214290857315
SDHD_RNA,-0.15066486597061157
C12orf56_RNA,-0.15067186951637268
TERF1_RNA,-0.1507963091135025
REN_RNA,-0.15084971487522125
PYGO2_RNA,-0.15086710453033447
CD5L_RNA,-0.1509171575307846
ERCC4_RNA,-0.1510673314332962
RNASEK_RNA,-0.1510753631591797
LOC100271832_RNA,-0.15115094184875488
MIR339_RNA,-0.15116585791110992
MLLT6_RNA,-0.15118615329265594
NFE2L2_RNA,-0.15122205018997192
IKZF2_RNA,-0.15131448209285736
ZBED5_RNA,-0.15141725540161133
TLE3_RNA,-0.1514294296503067
ZC3H12C_RNA,-0.15149140357971191
GLIS3_RNA,-0.15149149298667908
EOMES_RNA,-0.1514977663755417
GABRE_RNA,-0.15152457356452942
PLAGL1_RNA,-0.15153439342975616
AVPR2_RNA,-0.15167753398418427
PARD3B_RNA,-0.1517360359430313
NEIL1_RNA,-0.1519777774810791
DAPK1_RNA,-0.15202590823173523
RBM25_RNA,-0.15209779143333435
MS4A1_RNA,-0.1521081179380417
ZSCAN1_RNA,-0.1521233469247818
ZNF518A_RNA,-0.15216495096683502
TGFBR3_RNA,-0.1522161364555359
PLEKHA5_RNA,-0.15225303173065186
RAD52_RNA,-0.1523066908121109
GFI1_RNA,-0.15235698223114014
SPATA2_RNA,-0.152387335896492
PIGW_RNA,-0.15253956615924835
PROZ_RNA,-0.1526133269071579
ZNF610_RNA,-0.15262006223201752
STX3_RNA,-0.15274474024772644
UBL4B_RNA,-0.1527719497680664
MTCP1_RNA,-0.15280359983444214
FOXP1_RNA,-0.15282408893108368
FAIM_RNA,-0.15283487737178802
MX2_RNA,-0.15303157269954681
CRYZL1_RNA,-0.15306702256202698
SETD1A_RNA,-0.15307319164276123
C10orf62_RNA,-0.15313498675823212
TLR10_RNA,-0.15318703651428223
POU5F1B_RNA,-0.15327425301074982
WDR73_RNA,-0.15338191390037537
WNT2B_RNA,-0.1534041315317154
IL25_RNA,-0.15356171131134033
PHGR1_RNA,-0.15369904041290283
DPEP3_RNA,-0.15371188521385193
CXCL17_RNA,-0.15371613204479218
MIR590_RNA,-0.15371891856193542
KCTD21_RNA,-0.15373124182224274
TBL1X_RNA,-0.15373317897319794
CD160_RNA,-0.1537943184375763
OSGEPL1_RNA,-0.1538354605436325
ZSCAN5A_RNA,-0.1538974493741989
MSLNL_RNA,-0.15394704043865204
ETAA1_RNA,-0.15400494635105133
SLC35B3_RNA,-0.15403275191783905
SDK2_RNA,-0.15407679975032806
WIPF2_RNA,-0.1541004180908203
AP1AR_RNA,-0.15412646532058716
TRIM31_RNA,-0.15415619313716888
UBE2D1_RNA,-0.15424610674381256
ZDHHC1_RNA,-0.1543208509683609
RBPMS_RNA,-0.15436993539333344
BTD_RNA,-0.15438498556613922
AMN_RNA,-0.15441103279590607
SNORD99_RNA,-0.15442690253257751
RGN_RNA,-0.15442854166030884
RBL2_RNA,-0.1544874608516693
HOTAIR_RNA,-0.15454363822937012
TNFAIP8L3_RNA,-0.15455828607082367
HHEX_RNA,-0.15467090904712677
TRIM56_RNA,-0.15468193590641022
MUC4_RNA,-0.154705211520195
ADI1_RNA,-0.15475782752037048
PRPF38A_RNA,-0.15488408505916595
JAKMIP1_RNA,-0.15489605069160461
OAS1_RNA,-0.15492212772369385
GUCY2C_RNA,-0.15497641265392303
KRBA2_RNA,-0.15499845147132874
PRR15_RNA,-0.1550285816192627
UCP2_RNA,-0.15502884984016418
GSTM3_RNA,-0.15509001910686493
CCS_RNA,-0.15513849258422852
CLK2_RNA,-0.15514236688613892
VENTX_RNA,-0.1551664024591446
CSRP1_RNA,-0.15518136322498322
SLC2A11_RNA,-0.1552637815475464
ICA1L_RNA,-0.15529806911945343
IFIT3_RNA,-0.15533772110939026
ABHD15_RNA,-0.15539582073688507
CBY3_RNA,-0.15543034672737122
ANGPTL6_RNA,-0.1555478572845459
CXCR5_RNA,-0.15568147599697113
ERP27_RNA,-0.15572233498096466
POLR3G_RNA,-0.1557338833808899
ZNF185_RNA,-0.15575306117534637
SUMO4_RNA,-0.15580765902996063
GNPDA2_RNA,-0.15582944452762604
ARL11_RNA,-0.15583178400993347
SLC24A1_RNA,-0.15583579242229462
ZNF480_RNA,-0.15587690472602844
DMTF1_RNA,-0.15602214634418488
KRT6A_RNA,-0.15604637563228607
ANAPC10_RNA,-0.15605905652046204
UCP3_RNA,-0.156094491481781
CLK1_RNA,-0.15609616041183472
GABARAPL2_RNA,-0.15612727403640747
FBXO32_RNA,-0.15616187453269958
PARP10_RNA,-0.15623483061790466
JRKL_RNA,-0.1562880128622055
HSPB7_RNA,-0.1562938392162323
HGSNAT_RNA,-0.15640532970428467
LPIN1_RNA,-0.15650209784507751
GLIPR1L1_RNA,-0.15660586953163147
D2HGDH_RNA,-0.1566270887851715
ANKRD23_RNA,-0.15664315223693848
TNF_RNA,-0.15680472552776337
SPI1_RNA,-0.15683282911777496
SMNDC1_RNA,-0.1568496823310852
PAIP2B_RNA,-0.15686433017253876
HMX3_RNA,-0.15689776837825775
YOD1_RNA,-0.1569918990135193
ADORA3_RNA,-0.15699255466461182
ZNF37A_RNA,-0.15713852643966675
LILRB1_RNA,-0.1571567952632904
GP1BA_RNA,-0.15717940032482147
PLCXD3_RNA,-0.15720796585083008
SLC5A3_RNA,-0.157229483127594
SPATA22_RNA,-0.15725968778133392
SIGLEC15_RNA,-0.15735065937042236
IL5RA_RNA,-0.15735474228858948
ADRA1A_RNA,-0.15740880370140076
ANKRD24_RNA,-0.15747517347335815
RPA4_RNA,-0.15768590569496155
TXLNB_RNA,-0.15768751502037048
SPATA24_RNA,-0.15775394439697266
SH2D3A_RNA,-0.15776018798351288
COG8_RNA,-0.15783385932445526
ADCY8_RNA,-0.15796029567718506
SPDYA_RNA,-0.1579897254705429
EED_RNA,-0.1580713838338852
MID1IP1_RNA,-0.15811927616596222
POF1B_RNA,-0.15812693536281586
TULP3_RNA,-0.15813283622264862
TPD52L1_RNA,-0.1581384241580963
PTPN18_RNA,-0.15819182991981506
SPDYC_RNA,-0.15824423730373383
AMBN_RNA,-0.1582595556974411
SLC10A5_RNA,-0.15833470225334167
UBXN4_RNA,-0.1583479642868042
ZBTB41_RNA,-0.15839840471744537
KCNC3_RNA,-0.1585770547389984
RASSF10_RNA,-0.1586662232875824
PEBP4_RNA,-0.15867748856544495
ACE2_RNA,-0.15872205793857574
ZNF33A_RNA,-0.1587463617324829
AOX2P_RNA,-0.15879502892494202
IFT74_RNA,-0.15902790427207947
TMEM218_RNA,-0.15917199850082397
SLC29A2_RNA,-0.15919025242328644
ASCL1_RNA,-0.15919241309165955
SYT9_RNA,-0.15919435024261475
C14orf178_RNA,-0.15927760303020477
C9orf40_RNA,-0.1593325138092041
KRCC1_RNA,-0.15942659974098206
RUNX2_RNA,-0.15952065587043762
TLR3_RNA,-0.15960638225078583
TNFSF14_RNA,-0.15975913405418396
CFB_RNA,-0.15979526937007904
HRCT1_RNA,-0.1598186194896698
PNPLA7_RNA,-0.15986499190330505
MAOB_RNA,-0.1599428951740265
ACADM_RNA,-0.16004948318004608
LY6G5B_RNA,-0.1600741297006607
USP51_RNA,-0.1601342260837555
HVCN1_RNA,-0.16022951900959015
MNT_RNA,-0.16024337708950043
ALOX12_RNA,-0.16031773388385773
ALDH7A1_RNA,-0.1603468656539917
ZNF471_RNA,-0.16037984192371368
ZNF621_RNA,-0.16038358211517334
ELOVL7_RNA,-0.1605788618326187
GABPA_RNA,-0.1605912744998932
PRICKLE3_RNA,-0.1606905311346054
NCKAP5_RNA,-0.1607586145401001
FABP1_RNA,-0.16076433658599854
ADH6_RNA,-0.16076785326004028
ERICH1_RNA,-0.1607733815908432
GDPD4_RNA,-0.16078037023544312
HEPACAM_RNA,-0.1608012169599533
ARHGEF10_RNA,-0.16084422171115875
USP21_RNA,-0.16085363924503326
C1orf35_RNA,-0.16095402836799622
PAX2_RNA,-0.16096928715705872
SCUBE3_RNA,-0.1610308736562729
TNFSF10_RNA,-0.16104541718959808
TRAM1_RNA,-0.16105926036834717
PARN_RNA,-0.16110756993293762
PAPPA2_RNA,-0.16111832857131958
KRT85_RNA,-0.16131237149238586
DTWD2_RNA,-0.16149523854255676
USH1C_RNA,-0.16152091324329376
KLF14_RNA,-0.16159962117671967
TSNAX_RNA,-0.16180631518363953
FXN_RNA,-0.1618136465549469
CLIC5_RNA,-0.1618252545595169
IFT172_RNA,-0.16184446215629578
ZNHIT6_RNA,-0.16193045675754547
LILRA1_RNA,-0.162017360329628
RAB4B_RNA,-0.16207337379455566
ARMC2_RNA,-0.16207708418369293
TAPBPL_RNA,-0.16211320459842682
RELN_RNA,-0.16214509308338165
P2RY12_RNA,-0.16217467188835144
USP43_RNA,-0.16226813197135925
DDX60L_RNA,-0.1622845083475113
GPR146_RNA,-0.16231051087379456
ILK_RNA,-0.16234439611434937
PSMA1_RNA,-0.16238287091255188
GAST_RNA,-0.16248227655887604
CCDC122_RNA,-0.16258102655410767
ITGA11_RNA,-0.16269482672214508
RDH5_RNA,-0.16272759437561035
PLSCR4_RNA,-0.16281172633171082
PSAPL1_RNA,-0.16284722089767456
UBLCP1_RNA,-0.1629822701215744
ABCB6_RNA,-0.16302244365215302
INE1_RNA,-0.16308023035526276
CLEC7A_RNA,-0.16313977539539337
SERPINF2_RNA,-0.16318748891353607
PDZK1IP1_RNA,-0.16319023072719574
SNN_RNA,-0.16326895356178284
STOM_RNA,-0.16327624022960663
ZNF107_RNA,-0.16332241892814636
JPH2_RNA,-0.16332493722438812
HMGN3_RNA,-0.16350789368152618
HSD17B3_RNA,-0.16353940963745117
KCTD7_RNA,-0.16363625228405
LSR_RNA,-0.16371344029903412
DLX6_RNA,-0.1637539118528366
IMPA1_RNA,-0.1638825684785843
SLA2_RNA,-0.16391964256763458
GBP3_RNA,-0.16409435868263245
TSPAN1_RNA,-0.16418054699897766
NFE2L3_RNA,-0.16418565809726715
HAAO_RNA,-0.16426104307174683
PTPN7_RNA,-0.1642664223909378
LRRC56_RNA,-0.16429677605628967
NOX3_RNA,-0.16435015201568604
NHS_RNA,-0.16438668966293335
NUDCD2_RNA,-0.164482980966568
DIO1_RNA,-0.16462428867816925
C1orf56_RNA,-0.1646556854248047
PI15_RNA,-0.16473233699798584
CTNNA3_RNA,-0.16484850645065308
KIAA0087_RNA,-0.16512355208396912
GCC2_RNA,-0.16513916850090027
AMELX_RNA,-0.16515351831912994
PITX2_RNA,-0.16517043113708496
TIGD2_RNA,-0.16522100567817688
TMEM168_RNA,-0.1653713434934616
DAND5_RNA,-0.16540396213531494
REEP5_RNA,-0.16555917263031006
CCDC152_RNA,-0.16557857394218445
LTB_RNA,-0.1656193733215332
SLC25A30_RNA,-0.1656215935945511
ITM2B_RNA,-0.16569852828979492
CCDC125_RNA,-0.1657160073518753
DNASE2B_RNA,-0.16586114466190338
TLR7_RNA,-0.16589654982089996
NKX6-1_RNA,-0.1659073829650879
MAST4_RNA,-0.16591930389404297
WNT9B_RNA,-0.1660384237766266
GLB1L2_RNA,-0.1660643219947815
C17orf78_RNA,-0.1661316454410553
BOC_RNA,-0.166132852435112
NYX_RNA,-0.16613373160362244
GRIN3B_RNA,-0.16622421145439148
TCTE1_RNA,-0.16627523303031921
WNK2_RNA,-0.16638709604740143
SLC47A1_RNA,-0.16646955907344818
MCOLN3_RNA,-0.16650375723838806
APOBEC3H_RNA,-0.16653187572956085
AMT_RNA,-0.16655781865119934
TTC22_RNA,-0.16656269133090973
TMED5_RNA,-0.16661667823791504
CRIP3_RNA,-0.16667065024375916
PZP_RNA,-0.16676387190818787
LY6G5C_RNA,-0.1667693704366684
C21orf91_RNA,-0.16681303083896637
PPP1CB_RNA,-0.16712763905525208
EPB41L4A_RNA,-0.16715013980865479
TMEM86B_RNA,-0.16715581715106964
CRLF3_RNA,-0.16731509566307068
CYB5D1_RNA,-0.16731591522693634
ADAMTS6_RNA,-0.16733457148075104
SP8_RNA,-0.1673535704612732
LPAR4_RNA,-0.16743162274360657
SLC2A10_RNA,-0.16748447716236115
LDHB_RNA,-0.1675468534231186
PCDH18_RNA,-0.16773898899555206
PTK6_RNA,-0.1677495390176773
HINT2_RNA,-0.1677503138780594
LRRC34_RNA,-0.1678234189748764
CALML4_RNA,-0.16787296533584595
AK7_RNA,-0.16788846254348755
BET1_RNA,-0.16793185472488403
PFDN5_RNA,-0.16796323657035828
TMEM106A_RNA,-0.16797417402267456
TBC1D10C_RNA,-0.16798438131809235
CSRP2_RNA,-0.16799066960811615
PCOTH_RNA,-0.16800780594348907
MYBPH_RNA,-0.16817815601825714
GCLC_RNA,-0.16826274991035461
PIGB_RNA,-0.1683708131313324
NUPR1_RNA,-0.16847965121269226
RAB13_RNA,-0.16858677566051483
LDOC1_RNA,-0.16858799755573273
VILL_RNA,-0.168612539768219
DHRS12_RNA,-0.16865745186805725
CSRP3_RNA,-0.1687219887971878
SPOP_RNA,-0.16874288022518158
ADAM28_RNA,-0.16875769197940826
RAB30_RNA,-0.16876491904258728
TBCE_RNA,-0.16879582405090332
NLRC3_RNA,-0.16900257766246796
SULT1A1_RNA,-0.16904816031455994
TMOD4_RNA,-0.169144406914711
MIR570_RNA,-0.16918328404426575
ACP6_RNA,-0.16926279664039612
CYP4F2_RNA,-0.16933684051036835
RYR1_RNA,-0.16957518458366394
LYG2_RNA,-0.16963030397891998
ACOT11_RNA,-0.16975350677967072
TCP10L_RNA,-0.16976848244667053
PARD6B_RNA,-0.16978062689304352
KISS1_RNA,-0.16996699571609497
NR1I2_RNA,-0.16996701061725616
FSIP1_RNA,-0.16999469697475433
MED25_RNA,-0.17002718150615692
TARDBP_RNA,-0.17004255950450897
RAD54B_RNA,-0.1700928509235382
TAS2R8_RNA,-0.17019106447696686
TAF13_RNA,-0.17024807631969452
FAM171A1_RNA,-0.17025785148143768
CLU_RNA,-0.17026938498020172
SNTA1_RNA,-0.17046843469142914
PARP16_RNA,-0.17049090564250946
ZFPM1_RNA,-0.17069117724895477
EPHX2_RNA,-0.1708708554506302
PFN2_RNA,-0.1708892434835434
HSF2BP_RNA,-0.17097142338752747
ZNF575_RNA,-0.1710534244775772
NDP_RNA,-0.17107228934764862
ANP32E_RNA,-0.1710788607597351
RPP21_RNA,-0.17108318209648132
DYRK3_RNA,-0.17122650146484375
HNRNPD_RNA,-0.17126449942588806
SLC39A4_RNA,-0.17127135396003723
C1orf146_RNA,-0.17128178477287292
CD40LG_RNA,-0.17134928703308105
ATAD3C_RNA,-0.17136956751346588
INO80B_RNA,-0.17137767374515533
SLC25A43_RNA,-0.17139104008674622
CCDC88B_RNA,-0.17148123681545258
CHORDC1_RNA,-0.17155435681343079
EBAG9_RNA,-0.1716175228357315
HOXB8_RNA,-0.17164930701255798
HDHD2_RNA,-0.17165492475032806
ZFP3_RNA,-0.1716669648885727
IFI44_RNA,-0.17194440960884094
BAIAP2L2_RNA,-0.17195050418376923
S1PR1_RNA,-0.17197075486183167
NKX2-8_RNA,-0.17199300229549408
ANO7_RNA,-0.17210489511489868
PDE6B_RNA,-0.1721235066652298
ACSBG2_RNA,-0.17219235002994537
ZNF692_RNA,-0.17227697372436523
ST8SIA2_RNA,-0.1724039763212204
TCEAL3_RNA,-0.172418475151062
TIGD7_RNA,-0.1724271923303604
FGD3_RNA,-0.17248152196407318
ENTPD3_RNA,-0.17249861359596252
SLC39A8_RNA,-0.17261146008968353
SH2D1A_RNA,-0.17264911532402039
INPP5D_RNA,-0.17269383370876312
CLN5_RNA,-0.1727595329284668
CDC42BPG_RNA,-0.17280638217926025
ERN2_RNA,-0.17286470532417297
C9orf153_RNA,-0.17306649684906006
GUCY2F_RNA,-0.1731114238500595
COL4A5_RNA,-0.17314796149730682
CATSPER2_RNA,-0.17322491109371185
LIFR_RNA,-0.1732337474822998
TMEM79_RNA,-0.17325638234615326
RNASE7_RNA,-0.17341145873069763
SOX1_RNA,-0.17350703477859497
IZUMO1_RNA,-0.17351768910884857
PLIN4_RNA,-0.17359007894992828
RPS6KA6_RNA,-0.1736699789762497
CLDN20_RNA,-0.17370186746120453
EVX2_RNA,-0.1737680286169052
MSX1_RNA,-0.17388145625591278
THAP5_RNA,-0.17394506931304932
CDK11B_RNA,-0.17420350015163422
MST1R_RNA,-0.17436696588993073
GJA9_RNA,-0.17437168955802917
CYP4B1_RNA,-0.1743982434272766
IL17C_RNA,-0.17441649734973907
TAS1R3_RNA,-0.1744360774755478
INO80C_RNA,-0.17446990311145782
GSDMB_RNA,-0.1745121031999588
C9orf72_RNA,-0.17453816533088684
CDC73_RNA,-0.17466039955615997
SALL2_RNA,-0.1747029572725296
MOGAT2_RNA,-0.17472563683986664
PSORS1C2_RNA,-0.1747792512178421
TRIM5_RNA,-0.17490151524543762
TMEM229A_RNA,-0.17490337789058685
PRAME_RNA,-0.17504934966564178
TSPAN32_RNA,-0.1751146763563156
EDA_RNA,-0.17515389621257782
RHBDF2_RNA,-0.17516756057739258
AQP4_RNA,-0.17523640394210815
NKX2-1_RNA,-0.1752634197473526
LBX2_RNA,-0.17530453205108643
PTCD2_RNA,-0.17531488835811615
TMEM150A_RNA,-0.17532120645046234
TAS2R5_RNA,-0.17539581656455994
SFXN2_RNA,-0.17541085183620453
OAS2_RNA,-0.17546413838863373
FCN2_RNA,-0.17547430098056793
TUBA3E_RNA,-0.175477534532547
EME2_RNA,-0.1756584197282791
DCAKD_RNA,-0.17573457956314087
PDK4_RNA,-0.17574729025363922
ANKZF1_RNA,-0.175825297832489
CPSF4L_RNA,-0.17592163383960724
TM7SF2_RNA,-0.17605340480804443
FOXN4_RNA,-0.17613978683948517
AARSD1_RNA,-0.1761564314365387
NT5DC1_RNA,-0.17616616189479828
LPXN_RNA,-0.17627282440662384
PRTFDC1_RNA,-0.17628805339336395
PARP11_RNA,-0.17636947333812714
SNRPE_RNA,-0.17658230662345886
MX1_RNA,-0.17682719230651855
RBM27_RNA,-0.1768837720155716
ACVR1C_RNA,-0.17703016102313995
CYP7B1_RNA,-0.17703145742416382
AGGF1_RNA,-0.17706799507141113
SRRM5_RNA,-0.17711491882801056
PILRA_RNA,-0.17724411189556122
UBXN10_RNA,-0.17752115428447723
ACY1_RNA,-0.17756035923957825
HOXA3_RNA,-0.1775640845298767
GUCA2A_RNA,-0.17776089906692505
SKP2_RNA,-0.1777731478214264
TRA2A_RNA,-0.17778421938419342
TSKS_RNA,-0.17789636552333832
ZNF547_RNA,-0.1779240071773529
LGALS4_RNA,-0.17794296145439148
DHX58_RNA,-0.17808732390403748
MYO7A_RNA,-0.17815665900707245
USP16_RNA,-0.1781856119632721
CCL19_RNA,-0.17820674180984497
RAD9B_RNA,-0.17820803821086884
SLC38A6_RNA,-0.17820826172828674
ZNF165_RNA,-0.1782463937997818
APBB3_RNA,-0.17829276621341705
EPHX1_RNA,-0.17830002307891846
DYNC2H1_RNA,-0.17830653488636017
CAB39L_RNA,-0.17846213281154633
REXO2_RNA,-0.17851285636425018
SLITRK5_RNA,-0.17877785861492157
CNR2_RNA,-0.17877990007400513
CLIC6_RNA,-0.17878027260303497
MCCC2_RNA,-0.17902269959449768
PDE3A_RNA,-0.17909830808639526
TAF1B_RNA,-0.1791895627975464
ANKMY1_RNA,-0.17930874228477478
DEK_RNA,-0.17930948734283447
DCLK1_RNA,-0.17932051420211792
RFTN2_RNA,-0.17941422760486603
KLK14_RNA,-0.17946462333202362
CTNND1_RNA,-0.17948125302791595
RBM4_RNA,-0.17961782217025757
TPRKB_RNA,-0.17984338104724884
RAB27A_RNA,-0.1800030916929245
DPEP2_RNA,-0.18004049360752106
RBP5_RNA,-0.18013863265514374
CNPY4_RNA,-0.18015486001968384
ZNF655_RNA,-0.18026268482208252
ZIC5_RNA,-0.18030330538749695
SSB_RNA,-0.18049362301826477
RASSF4_RNA,-0.18061232566833496
GPS2_RNA,-0.18070058524608612
ARAP2_RNA,-0.18076306581497192
TCTN2_RNA,-0.18083731830120087
CNTN5_RNA,-0.18092456459999084
SYF2_RNA,-0.18097595870494843
PAIP2_RNA,-0.1809973567724228
GLMN_RNA,-0.18105646967887878
SLC25A32_RNA,-0.18105778098106384
PDE11A_RNA,-0.18113373219966888
THOC1_RNA,-0.18123604357242584
DDX55_RNA,-0.18145214021205902
MGC15885_RNA,-0.18147306144237518
ZC3H11A_RNA,-0.18173055350780487
CD69_RNA,-0.18186786770820618
AGT_RNA,-0.1819152534008026
BTN3A2_RNA,-0.18202616274356842
MAGEC3_RNA,-0.18216440081596375
MANSC1_RNA,-0.18220238387584686
RTP3_RNA,-0.18222832679748535
HERC5_RNA,-0.18228739500045776
HOXD8_RNA,-0.1823895126581192
IL17RE_RNA,-0.18242599070072174
RNF103_RNA,-0.1824304163455963
DKKL1_RNA,-0.18250487744808197
C3orf22_RNA,-0.18250638246536255
TPBG_RNA,-0.18258437514305115
PKLR_RNA,-0.1826837956905365
PRKAG2_RNA,-0.1826980710029602
PRR14_RNA,-0.1829185038805008
ZPBP_RNA,-0.18294520676136017
OR52H1_RNA,-0.1829824298620224
SLC16A13_RNA,-0.1830156445503235
PMVK_RNA,-0.18307773768901825
LSM5_RNA,-0.18324068188667297
C1QTNF3_RNA,-0.18348905444145203
DDX53_RNA,-0.18357695639133453
C5orf47_RNA,-0.18363194167613983
SPIN3_RNA,-0.18386225402355194
RBBP5_RNA,-0.18392114341259003
SNORA77_RNA,-0.18392816185951233
RBBP6_RNA,-0.18395383656024933
MIR647_RNA,-0.18396857380867004
WFDC13_RNA,-0.18400919437408447
PPIC_RNA,-0.18413279950618744
LRRC1_RNA,-0.18418481945991516
HEPACAM2_RNA,-0.18421684205532074
LRRC37A3_RNA,-0.18432985246181488
KLRG1_RNA,-0.1843361258506775
ZNF680_RNA,-0.18435204029083252
TMC2_RNA,-0.18435868620872498
NOX5_RNA,-0.18439190089702606
UBE2G2_RNA,-0.18440678715705872
OR52B6_RNA,-0.1845306158065796
TAF9B_RNA,-0.18463721871376038
PIGP_RNA,-0.18467622995376587
TRAF3IP3_RNA,-0.18476201593875885
PSMC3IP_RNA,-0.1849134862422943
MLF1_RNA,-0.1849953532218933
LPA_RNA,-0.18500597774982452
TBC1D17_RNA,-0.18504196405410767
FHL1_RNA,-0.18514901399612427
OR2J2_RNA,-0.18524335324764252
WDR5B_RNA,-0.18525181710720062
RORC_RNA,-0.18531571328639984
JMJD7-PLA2G4B_RNA,-0.18533994257450104
MIRLET7C_RNA,-0.1853838562965393
DNAJC2_RNA,-0.18544740974903107
PKHD1L1_RNA,-0.1855890154838562
ASPG_RNA,-0.18559154868125916
C21orf58_RNA,-0.18572553992271423
ASPA_RNA,-0.1858242303133011
PUS10_RNA,-0.18582932651042938
ZNF541_RNA,-0.1858380138874054
PARP12_RNA,-0.18586605787277222
SLC46A3_RNA,-0.186101496219635
WFS1_RNA,-0.18611226975917816
ANTXRL_RNA,-0.1861410140991211
TNFSF4_RNA,-0.18616797029972076
SIDT1_RNA,-0.18629735708236694
ZIC4_RNA,-0.18653173744678497
SLC22A1_RNA,-0.18658439815044403
C4orf33_RNA,-0.1867598593235016
CCDC17_RNA,-0.18677237629890442
MEIS2_RNA,-0.18687035143375397
ZNRF2_RNA,-0.18688762187957764
CA8_RNA,-0.1868935078382492
PDCD6_RNA,-0.18705560266971588
C2orf68_RNA,-0.18707601726055145
SPATA1_RNA,-0.1871432065963745
GPR18_RNA,-0.18720567226409912
ZNF493_RNA,-0.187260702252388
RNASE13_RNA,-0.1872643530368805
SLC15A2_RNA,-0.18726575374603271
LRTM1_RNA,-0.18728666007518768
MIR155HG_RNA,-0.18738801777362823
AGTR1_RNA,-0.18739505112171173
SMPDL3B_RNA,-0.1874084323644638
ZNF280D_RNA,-0.1874501258134842
FMR1_RNA,-0.1874839812517166
ZNF384_RNA,-0.18750865757465363
MYO18B_RNA,-0.1875249594449997
ATP2C2_RNA,-0.18761098384857178
ZNF33B_RNA,-0.18769776821136475
COMP_RNA,-0.18771915137767792
EFHB_RNA,-0.18778793513774872
GJA8_RNA,-0.18781022727489471
CELSR1_RNA,-0.18786878883838654
CRTC2_RNA,-0.18787145614624023
TMIE_RNA,-0.18787913024425507
PCGF2_RNA,-0.18796713650226593
DLL1_RNA,-0.18799704313278198
LIME1_RNA,-0.18803705275058746
ATF7_RNA,-0.1880679726600647
SPNS1_RNA,-0.18810763955116272
EPPK1_RNA,-0.18818940222263336
TMED7_RNA,-0.18826967477798462
MYRIP_RNA,-0.18854393064975739
MTHFSD_RNA,-0.18863767385482788
DONSON_RNA,-0.18864718079566956
MYO15A_RNA,-0.1889636367559433
MIOX_RNA,-0.18900761008262634
ERAS_RNA,-0.18902873992919922
SLC12A1_RNA,-0.18904174864292145
NR2F1_RNA,-0.18925096094608307
PRRT4_RNA,-0.18935425579547882
ZSWIM2_RNA,-0.18957717716693878
WSB1_RNA,-0.18962207436561584
CPNE6_RNA,-0.18978768587112427
PSEN2_RNA,-0.18988198041915894
CAMK2G_RNA,-0.1899764984846115
CD226_RNA,-0.1900332123041153
ZHX1_RNA,-0.19013479351997375
KAT2A_RNA,-0.19042395055294037
CHRNA10_RNA,-0.19054605066776276
TRPA1_RNA,-0.19055183231830597
RRAGC_RNA,-0.19056199491024017
PRDM7_RNA,-0.19066648185253143
NOXA1_RNA,-0.1908918172121048
GABARAP_RNA,-0.1909060776233673
MR1_RNA,-0.19099849462509155
RAB41_RNA,-0.19101206958293915
DNAH3_RNA,-0.19101931154727936
IFIT2_RNA,-0.19104303419589996
BMP2K_RNA,-0.19109654426574707
CPA6_RNA,-0.19118042290210724
SLC37A1_RNA,-0.19120179116725922
LOH12CR2_RNA,-0.19123712182044983
LENG8_RNA,-0.19128111004829407
INSL5_RNA,-0.19136779010295868
OLFML1_RNA,-0.19136862456798553
BANF2_RNA,-0.19139714539051056
OLFM4_RNA,-0.19148343801498413
RBM7_RNA,-0.19154782593250275
SPATS1_RNA,-0.19162315130233765
BRS3_RNA,-0.1917044222354889
ANXA4_RNA,-0.19172421097755432
TUT1_RNA,-0.19174320995807648
NNAT_RNA,-0.19176316261291504
SMC5_RNA,-0.19189302623271942
CAMP_RNA,-0.19194674491882324
TRAT1_RNA,-0.1919875293970108
COX6B2_RNA,-0.19203686714172363
AKTIP_RNA,-0.19203734397888184
HSH2D_RNA,-0.19204308092594147
CLNK_RNA,-0.1922786682844162
CCDC140_RNA,-0.19228865206241608
CYP11A1_RNA,-0.19241583347320557
OR7A5_RNA,-0.19247008860111237
TCP11_RNA,-0.19247250258922577
ABCA7_RNA,-0.1926080286502838
LRRFIP2_RNA,-0.19273482263088226
GHRL_RNA,-0.19273577630519867
GPR35_RNA,-0.19286729395389557
LIPT1_RNA,-0.19287817180156708
GABRG1_RNA,-0.19301724433898926
SLC39A11_RNA,-0.19331076741218567
GIGYF1_RNA,-0.1934281587600708
KREMEN2_RNA,-0.19353745877742767
CYP2W1_RNA,-0.19380562007427216
RAET1G_RNA,-0.1938093602657318
HTRA4_RNA,-0.19383040070533752
ZNF860_RNA,-0.19384819269180298
KCNJ10_RNA,-0.19389352202415466
RRN3P2_RNA,-0.19402378797531128
RSAD2_RNA,-0.19404500722885132
VAMP1_RNA,-0.19411231577396393
MORN2_RNA,-0.19417934119701385
ANTXR2_RNA,-0.1942196935415268
PEX12_RNA,-0.19423264265060425
STOML3_RNA,-0.19442568719387054
PCBD2_RNA,-0.19445113837718964
POLM_RNA,-0.19453488290309906
HOXA9_RNA,-0.1945638507604599
TMC5_RNA,-0.19459596276283264
PLCB2_RNA,-0.19459879398345947
SPIRE2_RNA,-0.1946209818124771
RHAG_RNA,-0.19465453922748566
GATA4_RNA,-0.19473367929458618
TRIM66_RNA,-0.1949452906847
GRM1_RNA,-0.19497676193714142
LTB4R2_RNA,-0.19498734176158905
STON1_RNA,-0.19502106308937073
PTTG2_RNA,-0.19505563378334045
IRF9_RNA,-0.1950564980506897
GDF9_RNA,-0.1951105147600174
UNC13D_RNA,-0.19511985778808594
ARHGEF19_RNA,-0.19566045701503754
CCDC34_RNA,-0.19578692317008972
PDLIM3_RNA,-0.19582097232341766
RNASE4_RNA,-0.19587887823581696
LPAR5_RNA,-0.19588229060173035
SOX15_RNA,-0.1959647238254547
MKNK1_RNA,-0.19599434733390808
LRRC27_RNA,-0.19609807431697845
TRIM2_RNA,-0.19626115262508392
WFIKKN2_RNA,-0.196269229054451
TTC36_RNA,-0.19627587497234344
MFF_RNA,-0.1963920146226883
AGR2_RNA,-0.19639217853546143
COMMD8_RNA,-0.19650137424468994
LEAP2_RNA,-0.19653338193893433
AASDH_RNA,-0.19659428298473358
FAM177B_RNA,-0.19667278230190277
HEPHL1_RNA,-0.19673769176006317
CLDN4_RNA,-0.19674019515514374
CNFN_RNA,-0.1969238817691803
ZNF217_RNA,-0.19704583287239075
UBE2B_RNA,-0.19719864428043365
PALMD_RNA,-0.1972486525774002
GREB1L_RNA,-0.19726896286010742
CRELD1_RNA,-0.19746233522891998
NHLH2_RNA,-0.1975206881761551
PRKX_RNA,-0.19752371311187744
TP53AIP1_RNA,-0.19753286242485046
NMI_RNA,-0.19756725430488586
RASSF6_RNA,-0.19764086604118347
LRRC31_RNA,-0.19778376817703247
CD2AP_RNA,-0.1978331357240677
DAPK2_RNA,-0.19788958132266998
COX8C_RNA,-0.19794292747974396
FAP_RNA,-0.19795945286750793
PRDM6_RNA,-0.19809648394584656
OR51I2_RNA,-0.1981097012758255
MESTIT1_RNA,-0.19815537333488464
ASIP_RNA,-0.1984207034111023
LCAT_RNA,-0.19843259453773499
ADAMTSL4_RNA,-0.19845466315746307
LMOD1_RNA,-0.1987127810716629
ACRBP_RNA,-0.1987854540348053
IL13RA2_RNA,-0.19907180964946747
GLYATL1_RNA,-0.1991274207830429
LAIR2_RNA,-0.199298694729805
SLC17A1_RNA,-0.19937053322792053
ANXA1_RNA,-0.19950678944587708
SCOC_RNA,-0.1995314508676529
CLEC4F_RNA,-0.19962972402572632
RAX_RNA,-0.19984927773475647
MYL7_RNA,-0.1998540312051773
TLR1_RNA,-0.19991841912269592
GPT_RNA,-0.2001144140958786
TTC16_RNA,-0.20019914209842682
RCBTB2_RNA,-0.20021222531795502
PRAMEF12_RNA,-0.20023050904273987
TNNI1_RNA,-0.20024053752422333
MAP2K6_RNA,-0.20028965175151825
ZBTB26_RNA,-0.20031465590000153
CAPS_RNA,-0.20034582912921906
BLK_RNA,-0.20036901533603668
IQCK_RNA,-0.20046629011631012
AHRR_RNA,-0.20052549242973328
TRIM34_RNA,-0.2005503624677658
CD27_RNA,-0.20056699216365814
F11_RNA,-0.2005949169397354
LUC7L_RNA,-0.20064648985862732
POLG2_RNA,-0.20075437426567078
BTG2_RNA,-0.20078027248382568
PCMTD1_RNA,-0.20084300637245178
CSAD_RNA,-0.2009364664554596
SLFN14_RNA,-0.2009505182504654
AMBP_RNA,-0.20106904208660126
DEGS2_RNA,-0.20121727883815765
LOC153910_RNA,-0.20129305124282837
DNAJC4_RNA,-0.20133516192436218
ZNF233_RNA,-0.20150865614414215
TAS2R4_RNA,-0.20154592394828796
GIPR_RNA,-0.20165491104125977
PRAF2_RNA,-0.20174317061901093
ANAPC4_RNA,-0.20175081491470337
GMCL1_RNA,-0.20197701454162598
UMODL1_RNA,-0.20198847353458405
ZNF83_RNA,-0.2020615190267563
SIX5_RNA,-0.20212961733341217
VIT_RNA,-0.2023279070854187
CHAD_RNA,-0.20232881605625153
BBOX1_RNA,-0.2025764137506485
LRGUK_RNA,-0.2026246339082718
HHLA2_RNA,-0.20264486968517303
DNAH9_RNA,-0.20267842710018158
F8_RNA,-0.20271098613739014
STRADA_RNA,-0.2027188539505005
N4BP2L1_RNA,-0.2027723342180252
SLC7A3_RNA,-0.20280030369758606
ZNF711_RNA,-0.20325219631195068
C5_RNA,-0.20334547758102417
NEXN_RNA,-0.20345140993595123
ORAI3_RNA,-0.20359154045581818
OSGIN2_RNA,-0.20360298454761505
SEC31B_RNA,-0.2037224918603897
APOL1_RNA,-0.2038111686706543
BICC1_RNA,-0.20417086780071259
WDR31_RNA,-0.20435096323490143
SLC7A8_RNA,-0.20435546338558197
C15orf40_RNA,-0.20436902344226837
FAM107A_RNA,-0.20439115166664124
TLR6_RNA,-0.20442773401737213
GLI3_RNA,-0.20442909002304077
THAP6_RNA,-0.20446628332138062
MUC20_RNA,-0.2044733613729477
ARGLU1_RNA,-0.2045382410287857
ANKRD6_RNA,-0.2046126276254654
TDRD5_RNA,-0.20462344586849213
PHGDH_RNA,-0.20465339720249176
TP53_RNA,-0.2047087699174881
OSBPL11_RNA,-0.2047574371099472
SLC25A34_RNA,-0.20480673015117645
GATA3_RNA,-0.2050316333770752
PPM1K_RNA,-0.20508530735969543
NASP_RNA,-0.2051178365945816
F5_RNA,-0.20513977110385895
ZBP1_RNA,-0.20542389154434204
CCNL2_RNA,-0.20544828474521637
C16orf46_RNA,-0.20563921332359314
TMPRSS3_RNA,-0.20568950474262238
DUS4L_RNA,-0.205692321062088
ZNF296_RNA,-0.20569734275341034
STX16_RNA,-0.20574112236499786
PPP2R2C_RNA,-0.20575276017189026
NR0B2_RNA,-0.20585781335830688
SLC40A1_RNA,-0.20592787861824036
STAP1_RNA,-0.20596392452716827
CHRNB1_RNA,-0.20596396923065186
KLHL32_RNA,-0.20599938929080963
KCND1_RNA,-0.2060338854789734
UCN_RNA,-0.20604795217514038
TEDDM1_RNA,-0.2061048299074173
PSAT1_RNA,-0.20648880302906036
EIF2AK1_RNA,-0.20660613477230072
CLCA1_RNA,-0.20663899183273315
ADRB2_RNA,-0.2067115306854248
NFIX_RNA,-0.2067805975675583
CCDC33_RNA,-0.20728331804275513
TMEM138_RNA,-0.20729774236679077
CCDC82_RNA,-0.20730261504650116
LMOD2_RNA,-0.20730896294116974
DET1_RNA,-0.20743639767169952
VWCE_RNA,-0.20745302736759186
TCTN1_RNA,-0.20753081142902374
APOC2_RNA,-0.20768262445926666
S100A5_RNA,-0.20773924887180328
NR1H4_RNA,-0.20774240791797638
DNAJC30_RNA,-0.20785915851593018
RAMP3_RNA,-0.20794817805290222
DSCR9_RNA,-0.2079562246799469
CCDC15_RNA,-0.20811542868614197
TARBP1_RNA,-0.20820704102516174
GSX2_RNA,-0.20823298394680023
PTGR2_RNA,-0.20885349810123444
CCDC120_RNA,-0.208889901638031
PYROXD2_RNA,-0.20893654227256775
PPP2R5A_RNA,-0.20918014645576477
C1orf105_RNA,-0.20924992859363556
STXBP3_RNA,-0.20930618047714233
IKZF5_RNA,-0.20935244858264923
PHYH_RNA,-0.20940271019935608
KATNAL2_RNA,-0.209474116563797
NTSR2_RNA,-0.2095174938440323
KRT5_RNA,-0.20965556800365448
MSI2_RNA,-0.20983600616455078
RBKS_RNA,-0.20994806289672852
PPP1R1A_RNA,-0.21003776788711548
SCT_RNA,-0.210314080119133
C17orf50_RNA,-0.21044941246509552
PBLD_RNA,-0.21048641204833984
SSBP3_RNA,-0.21049541234970093
GXYLT1_RNA,-0.21049553155899048
PDE6G_RNA,-0.21051384508609772
HSPB8_RNA,-0.21081571280956268
ZRSR2_RNA,-0.21085211634635925
TTC7A_RNA,-0.21090635657310486
SLC25A40_RNA,-0.21090732514858246
NUDT13_RNA,-0.21093951165676117
KCNIP3_RNA,-0.21118871867656708
S1PR3_RNA,-0.21120890974998474
DMGDH_RNA,-0.2112477719783783
SNORD11_RNA,-0.21126653254032135
GOLPH3L_RNA,-0.2116105854511261
NR2C1_RNA,-0.21171480417251587
THNSL1_RNA,-0.21175681054592133
ZFAND5_RNA,-0.21202850341796875
KRTAP5-9_RNA,-0.21207919716835022
TEKT3_RNA,-0.2121068239212036
RNF135_RNA,-0.21224501729011536
ADH4_RNA,-0.21231034398078918
BHMT2_RNA,-0.2125762701034546
PABPC1L_RNA,-0.2126416116952896
MGC16275_RNA,-0.21266692876815796
BBS2_RNA,-0.21271845698356628
HIGD1C_RNA,-0.21287515759468079
ELF3_RNA,-0.21299764513969421
MZF1_RNA,-0.21350586414337158
PCDHB1_RNA,-0.2135079801082611
IFT140_RNA,-0.21351096034049988
WDR45_RNA,-0.21360178291797638
AUTS2_RNA,-0.21373987197875977
IGF1_RNA,-0.21387070417404175
SYNGAP1_RNA,-0.21397556364536285
HAT1_RNA,-0.21403899788856506
TAF1L_RNA,-0.21421979367733002
VTCN1_RNA,-0.2142600268125534
APOBEC4_RNA,-0.21427230536937714
ADH1A_RNA,-0.21436794102191925
ESRP2_RNA,-0.21452544629573822
SLC36A4_RNA,-0.21466955542564392
C11orf54_RNA,-0.2147117257118225
WDR64_RNA,-0.21479524672031403
ABHD14B_RNA,-0.21481725573539734
FBF1_RNA,-0.2148352563381195
C8orf44_RNA,-0.21490906178951263
FAT4_RNA,-0.2149699479341507
ZBTB32_RNA,-0.21504399180412292
SLC27A6_RNA,-0.21521085500717163
APOM_RNA,-0.21524876356124878
EPS8L3_RNA,-0.21531695127487183
MYO5C_RNA,-0.21536162495613098
LUC7L2_RNA,-0.21557870507240295
LACTB2_RNA,-0.21562036871910095
TAS1R1_RNA,-0.2157529890537262
KAZALD1_RNA,-0.2157762348651886
FBXL13_RNA,-0.2158491611480713
ACTR3C_RNA,-0.2158750295639038
PACRG_RNA,-0.21588824689388275
FOXB1_RNA,-0.21593745052814484
HSPB9_RNA,-0.21601629257202148
NME7_RNA,-0.21603332459926605
KCTD19_RNA,-0.21650691330432892
HES6_RNA,-0.21651026606559753
SLC26A7_RNA,-0.21672122180461884
TP53TG1_RNA,-0.2167704850435257
MIS12_RNA,-0.2168070375919342
MYH7B_RNA,-0.21714583039283752
FAM76A_RNA,-0.21715085208415985
PPIG_RNA,-0.21722829341888428
THBS3_RNA,-0.2172948271036148
CD5_RNA,-0.2175750881433487
KCNA6_RNA,-0.21769629418849945
TEX14_RNA,-0.217783123254776
LRRC55_RNA,-0.2180413156747818
ZNF75D_RNA,-0.218183234333992
MT1F_RNA,-0.21827225387096405
HSD17B14_RNA,-0.21832247078418732
C3orf62_RNA,-0.21837051212787628
ZNF385A_RNA,-0.21841031312942505
KIF9_RNA,-0.2184682935476303
RHBDL2_RNA,-0.218683123588562
TMEM156_RNA,-0.218892902135849
OR10AD1_RNA,-0.21894387900829315
UNC5CL_RNA,-0.21898174285888672
ENTPD8_RNA,-0.2190372496843338
FABP9_RNA,-0.21920894086360931
MMP23B_RNA,-0.21925191581249237
DENND1C_RNA,-0.21946276724338531
SRP14_RNA,-0.21947422623634338
LAMA3_RNA,-0.2196124643087387
RCOR3_RNA,-0.21986941993236542
LRRC61_RNA,-0.22006593644618988
ZNF425_RNA,-0.22008958458900452
SLC34A2_RNA,-0.22026926279067993
CROT_RNA,-0.22027680277824402
CABP4_RNA,-0.22065754234790802
PET117_RNA,-0.2206674963235855
POU2F2_RNA,-0.220791757106781
HERC6_RNA,-0.2208435833454132
FAM110C_RNA,-0.2208562046289444
TBCEL_RNA,-0.22089937329292297
GCA_RNA,-0.2212401181459427
BNIPL_RNA,-0.22124014794826508
C6orf62_RNA,-0.22136780619621277
RHBG_RNA,-0.2214091420173645
PRRG1_RNA,-0.22145918011665344
TIGD1_RNA,-0.22149471938610077
SYCP2_RNA,-0.22152720391750336
HSPE1_RNA,-0.22160319983959198
MYOZ1_RNA,-0.2216719388961792
CAPS2_RNA,-0.22176995873451233
GDPD2_RNA,-0.2217833548784256
NLRP1_RNA,-0.22203783690929413
TAF1C_RNA,-0.22205443680286407
ANKK1_RNA,-0.2220589816570282
NOX1_RNA,-0.2220926582813263
SFTPB_RNA,-0.22224827110767365
C1orf141_RNA,-0.22226713597774506
TNFRSF25_RNA,-0.2223834991455078
SLC7A11_RNA,-0.2227221578359604
TSGA13_RNA,-0.2228018343448639
SP2_RNA,-0.22285857796669006
SETD6_RNA,-0.22288991510868073
RGS22_RNA,-0.22314059734344482
CLCN5_RNA,-0.2234279066324234
CD109_RNA,-0.22345054149627686
EVC2_RNA,-0.2234889566898346
C4BPA_RNA,-0.22349116206169128
ZBTB33_RNA,-0.22351104021072388
HFM1_RNA,-0.22356456518173218
DAAM1_RNA,-0.22359521687030792
ZMYND15_RNA,-0.223617821931839
MMP21_RNA,-0.22403712570667267
TRDMT1_RNA,-0.2240913361310959
INTU_RNA,-0.22422365844249725
TP53INP1_RNA,-0.2243354618549347
LTA_RNA,-0.2248697280883789
PAX8_RNA,-0.22506754100322723
PSMA2_RNA,-0.22520509362220764
TUBD1_RNA,-0.22545792162418365
PRKAG3_RNA,-0.22551020979881287
TOX3_RNA,-0.22561879456043243
TRIM4_RNA,-0.2257276475429535
LDHD_RNA,-0.2257976233959198
TJP2_RNA,-0.22583125531673431
SP140_RNA,-0.2258373349905014
FBXO36_RNA,-0.22589543461799622
TLR5_RNA,-0.22605443000793457
ACAP1_RNA,-0.22605979442596436
MAF_RNA,-0.22622275352478027
POU2AF1_RNA,-0.22635826468467712
KIF27_RNA,-0.2264508157968521
TSSK3_RNA,-0.22673019766807556
KCNMB1_RNA,-0.22676542401313782
MUTYH_RNA,-0.22695931792259216
ODF2L_RNA,-0.22708183526992798
TMC4_RNA,-0.227128267288208
FMO5_RNA,-0.22717615962028503
DNAJC28_RNA,-0.22720949351787567
PPP1R1B_RNA,-0.22724567353725433
DHPS_RNA,-0.22736583650112152
DCDC2B_RNA,-0.22756215929985046
PIGV_RNA,-0.2275727242231369
SLC22A5_RNA,-0.22761858999729156
CASQ1_RNA,-0.22767329216003418
FGF20_RNA,-0.22768037021160126
RBPMS2_RNA,-0.22777386009693146
AMIGO2_RNA,-0.22777794301509857
SAMD9_RNA,-0.22779041528701782
MAP3K14_RNA,-0.2278532087802887
PLIN1_RNA,-0.22788846492767334
SP110_RNA,-0.227948859333992
NXPH2_RNA,-0.22796909511089325
ANKRD46_RNA,-0.22801998257637024
GATA1_RNA,-0.22803641855716705
UPK2_RNA,-0.22809655964374542
CYP4F12_RNA,-0.22812125086784363
DCAF4L1_RNA,-0.22813710570335388
P2RY13_RNA,-0.228239968419075
EMX2OS_RNA,-0.22852593660354614
ARL5A_RNA,-0.2286156862974167
GNB3_RNA,-0.22867587208747864
EZR_RNA,-0.22875738143920898
LIPT2_RNA,-0.22876158356666565
ZMYM6_RNA,-0.22885997593402863
TREML1_RNA,-0.22912992537021637
CA13_RNA,-0.22915928065776825
ABHD1_RNA,-0.22924789786338806
CETN3_RNA,-0.22928225994110107
EFCAB6_RNA,-0.22943849861621857
SLC41A1_RNA,-0.22949182987213135
OTUD1_RNA,-0.22953763604164124
GTF2H4_RNA,-0.22960825264453888
MAP9_RNA,-0.23004619777202606
HHIPL2_RNA,-0.2300872653722763
ALDH2_RNA,-0.2301304042339325
COL21A1_RNA,-0.23036661744117737
SFTPD_RNA,-0.23038339614868164
MYH3_RNA,-0.23038354516029358
RNF32_RNA,-0.23039746284484863
CDKN2A_RNA,-0.23048770427703857
SLFN12_RNA,-0.23067253828048706
ACOXL_RNA,-0.23077785968780518
MYOZ3_RNA,-0.23079320788383484
SIAH1_RNA,-0.230830579996109
LEKR1_RNA,-0.2308558225631714
MYBPC1_RNA,-0.23126305639743805
RASEF_RNA,-0.2315562665462494
BCL2L14_RNA,-0.23155952990055084
ZNF703_RNA,-0.23187188804149628
STAC3_RNA,-0.2320743203163147
DRD4_RNA,-0.23224329948425293
RAPGEF6_RNA,-0.23226645588874817
ZFP41_RNA,-0.23227037489414215
ATP4B_RNA,-0.23229119181632996
PDE9A_RNA,-0.23238664865493774
ALG13_RNA,-0.2327280193567276
RNF43_RNA,-0.2333015352487564
DUOXA1_RNA,-0.23349803686141968
NXT2_RNA,-0.2335757315158844
ORMDL1_RNA,-0.23368200659751892
TCF7_RNA,-0.2337752878665924
LY75_RNA,-0.23379254341125488
TMEM170A_RNA,-0.23384100198745728
CAPN3_RNA,-0.23392868041992188
TSPAN2_RNA,-0.23405085504055023
MDM1_RNA,-0.23438701033592224
ARTN_RNA,-0.23463241755962372
HEMK1_RNA,-0.23464679718017578
OTX1_RNA,-0.23473091423511505
PRPF3_RNA,-0.2351660579442978
ENO3_RNA,-0.23543544113636017
RAVER2_RNA,-0.23544113337993622
HSF4_RNA,-0.2354656606912613
OPTC_RNA,-0.23562003672122955
TMEM17_RNA,-0.23568296432495117
THRA_RNA,-0.23592601716518402
RNFT1_RNA,-0.2359876185655594
TUBG2_RNA,-0.2361050695180893
PBX1_RNA,-0.23637895286083221
TRAF3IP1_RNA,-0.23643213510513306
RSPH9_RNA,-0.23653803765773773
RGS13_RNA,-0.23659799993038177
MLXIPL_RNA,-0.23668810725212097
TMEM175_RNA,-0.23678700625896454
ADCYAP1R1_RNA,-0.2370503693819046
FAM117A_RNA,-0.23716385662555695
JAM2_RNA,-0.2372117042541504
PRDM16_RNA,-0.23729850351810455
MASP1_RNA,-0.23745222389698029
CA5B_RNA,-0.23755042254924774
GOLGA8B_RNA,-0.23757271468639374
TAS2R20_RNA,-0.23773205280303955
PLCZ1_RNA,-0.23773841559886932
CIR1_RNA,-0.23785005509853363
PLEKHG6_RNA,-0.23793214559555054
IGFALS_RNA,-0.23811037838459015
PIGF_RNA,-0.23827002942562103
BTN3A3_RNA,-0.23827025294303894
KCNG1_RNA,-0.23827335238456726
FEZF1_RNA,-0.23831023275852203
EPN3_RNA,-0.23844631016254425
LHCGR_RNA,-0.2389141172170639
ECHDC2_RNA,-0.23896145820617676
FGFR2_RNA,-0.23900841176509857
ABCC9_RNA,-0.2390560656785965
PGRMC2_RNA,-0.23935174942016602
THRSP_RNA,-0.2395082414150238
CHRAC1_RNA,-0.23954004049301147
EIF5B_RNA,-0.23958007991313934
TNFRSF17_RNA,-0.23972700536251068
IL18_RNA,-0.24021461606025696
UPK3B_RNA,-0.24050870537757874
FLT3LG_RNA,-0.2405625283718109
IRX3_RNA,-0.24090765416622162
KLHL31_RNA,-0.24129831790924072
TAF10_RNA,-0.2414017766714096
HAO1_RNA,-0.24161601066589355
GLCCI1_RNA,-0.24170653522014618
ACSL6_RNA,-0.24180956184864044
PKD1L2_RNA,-0.24183359742164612
COL4A4_RNA,-0.24211269617080688
XKR9_RNA,-0.24243375658988953
GRTP1_RNA,-0.24257628619670868
LYSMD3_RNA,-0.2425941824913025
NINL_RNA,-0.24308794736862183
KITLG_RNA,-0.24314002692699432
GOLT1A_RNA,-0.24317926168441772
TMEM217_RNA,-0.24322852492332458
CDK10_RNA,-0.2432624101638794
RBP2_RNA,-0.24327097833156586
MYLK3_RNA,-0.2433047592639923
MAMSTR_RNA,-0.24356256425380707
TMEM80_RNA,-0.24370087683200836
FLJ16779_RNA,-0.24371980130672455
TSPAN6_RNA,-0.24373535811901093
FAM111A_RNA,-0.24374690651893616
SERTAD4_RNA,-0.24390916526317596
GATAD1_RNA,-0.2439141869544983
GLYCTK_RNA,-0.24397936463356018
PRPF38B_RNA,-0.24413880705833435
HNRNPH3_RNA,-0.24462227523326874
RASL10A_RNA,-0.24463945627212524
CD302_RNA,-0.24472405016422272
ANKRD31_RNA,-0.24477168917655945
PDCD1LG2_RNA,-0.24489711225032806
EAF2_RNA,-0.24519602954387665
CALML6_RNA,-0.24540308117866516
MAP1LC3B2_RNA,-0.24556538462638855
POT1_RNA,-0.24558933079242706
LRRIQ3_RNA,-0.24560144543647766
NFIA_RNA,-0.24579203128814697
PLXNC1_RNA,-0.24623626470565796
WDSUB1_RNA,-0.24624554812908173
XKRX_RNA,-0.246953547000885
TMEM107_RNA,-0.24696658551692963
DHRS9_RNA,-0.24711552262306213
CREB3L4_RNA,-0.24725669622421265
SKAP2_RNA,-0.2473006546497345
CHRND_RNA,-0.24734316766262054
GAR1_RNA,-0.24736639857292175
NEURL3_RNA,-0.24749504029750824
BBS1_RNA,-0.24753409624099731
CIDEC_RNA,-0.24758067727088928
C1QTNF8_RNA,-0.2476794272661209
PPP1R13L_RNA,-0.24810411036014557
PHF11_RNA,-0.2482452690601349
CHST5_RNA,-0.24838486313819885
MBOAT1_RNA,-0.24843426048755646
LHFPL1_RNA,-0.24862727522850037
RBMS3_RNA,-0.24873119592666626
HGFAC_RNA,-0.24886246025562286
PPP1R3E_RNA,-0.24888946115970612
NKTR_RNA,-0.24891287088394165
NRBP2_RNA,-0.249270960688591
UBA7_RNA,-0.24938365817070007
TDH_RNA,-0.24955491721630096
KCNMB3_RNA,-0.2497294843196869
UPF3A_RNA,-0.2498781830072403
CLEC2D_RNA,-0.24995866417884827
CHIT1_RNA,-0.25006595253944397
TMEM123_RNA,-0.2501707375049591
MAP7D3_RNA,-0.25021129846572876
P2RX2_RNA,-0.25044459104537964
MITD1_RNA,-0.2504681944847107
CDKN2B_RNA,-0.25047728419303894
FAM83A_RNA,-0.2506919503211975
IRX5_RNA,-0.2508949041366577
GAS8_RNA,-0.2511345446109772
PRICKLE4_RNA,-0.25127682089805603
ATP2A1_RNA,-0.2514575123786926
CD58_RNA,-0.25158050656318665
NAT2_RNA,-0.25213661789894104
CC2D2A_RNA,-0.25213703513145447
EDAR_RNA,-0.25235164165496826
GEMIN7_RNA,-0.25237807631492615
RTP1_RNA,-0.25249987840652466
CPXCR1_RNA,-0.25265535712242126
PIRT_RNA,-0.25288236141204834
IDUA_RNA,-0.25294438004493713
PDE8B_RNA,-0.2531813979148865
RAET1E_RNA,-0.253202885389328
DUSP28_RNA,-0.2534436285495758
TRIM45_RNA,-0.2538607120513916
PLEKHG4B_RNA,-0.25392642617225647
HCG27_RNA,-0.2540256679058075
C19orf18_RNA,-0.25429442524909973
ALX3_RNA,-0.25437042117118835
SLC17A3_RNA,-0.2545012831687927
FMO2_RNA,-0.25458571314811707
SNURF_RNA,-0.25462329387664795
IFT88_RNA,-0.25467464327812195
ARMS2_RNA,-0.2547145187854767
SLC22A15_RNA,-0.25472569465637207
TMEM139_RNA,-0.2547340989112854
NTRK2_RNA,-0.2547793984413147
SAMD13_RNA,-0.2550252377986908
PLCD3_RNA,-0.2550416886806488
FBXL7_RNA,-0.2551785409450531
UROC1_RNA,-0.25530123710632324
LMO3_RNA,-0.25536638498306274
ZNF396_RNA,-0.25544261932373047
EN2_RNA,-0.2554708421230316
GATA2_RNA,-0.2555827796459198
FPGT_RNA,-0.2556225657463074
GRHL1_RNA,-0.2558603286743164
OXER1_RNA,-0.2559892535209656
SRL_RNA,-0.25611060857772827
VIPR2_RNA,-0.25651001930236816
C9orf163_RNA,-0.2566109299659729
OR51B5_RNA,-0.25664976239204407
EIF4EBP3_RNA,-0.2569262683391571
IQCE_RNA,-0.25701358914375305
ARMC3_RNA,-0.25712889432907104
GYG2_RNA,-0.25721463561058044
CCDC65_RNA,-0.25751420855522156
FBXW12_RNA,-0.25758859515190125
SKAP1_RNA,-0.2579367458820343
TRIM52_RNA,-0.25797414779663086
NIPSNAP3B_RNA,-0.2585044503211975
MYH15_RNA,-0.2585674524307251
WWOX_RNA,-0.2586161494255066
SLC19A3_RNA,-0.25864067673683167
OPN1SW_RNA,-0.2586929500102997
IFT80_RNA,-0.25869643688201904
ZNF334_RNA,-0.25871866941452026
TIGD4_RNA,-0.2587912380695343
PABPC4L_RNA,-0.25900745391845703
GLB1L_RNA,-0.2593490481376648
BTC_RNA,-0.2594316899776459
TMEM74_RNA,-0.25944647192955017
ADD3_RNA,-0.25978153944015503
IQCG_RNA,-0.26004496216773987
IL15_RNA,-0.2604016661643982
CTSO_RNA,-0.26063573360443115
CCDC13_RNA,-0.2612653374671936
PYGM_RNA,-0.2613920271396637
LPIN3_RNA,-0.2621903121471405
KRT10_RNA,-0.2622194290161133
PDZRN4_RNA,-0.26274144649505615
MYL5_RNA,-0.26301226019859314
GOLIM4_RNA,-0.2631213068962097
IFIH1_RNA,-0.2632545530796051
CLCNKA_RNA,-0.26326340436935425
RNF183_RNA,-0.2637065649032593
SLC28A1_RNA,-0.26375436782836914
MFRP_RNA,-0.26376840472221375
BTN2A2_RNA,-0.2637801170349121
RNPC3_RNA,-0.26410284638404846
HNRNPA2B1_RNA,-0.26427099108695984
MYO3A_RNA,-0.2643130421638489
PCP4_RNA,-0.26435646414756775
CA3_RNA,-0.26448872685432434
PHYHIPL_RNA,-0.26471245288848877
SRRM1_RNA,-0.2647789716720581
ACOX2_RNA,-0.2648487687110901
MTAP_RNA,-0.26485008001327515
DIRC3_RNA,-0.2648869752883911
FOLR1_RNA,-0.2650596499443054
CD300LG_RNA,-0.2651071548461914
LRAT_RNA,-0.2652483880519867
YY2_RNA,-0.26527073979377747
LZTFL1_RNA,-0.26533570885658264
ABCC11_RNA,-0.2653791308403015
RPL3L_RNA,-0.26540443301200867
CRIP1_RNA,-0.2654198408126831
AXIN2_RNA,-0.2655220329761505
CHST4_RNA,-0.2655875086784363
KRTCAP3_RNA,-0.26562222838401794
SRP9_RNA,-0.2657698094844818
NEK11_RNA,-0.26597025990486145
SOHLH2_RNA,-0.2660413384437561
THAP9_RNA,-0.2662796974182129
ZCWPW2_RNA,-0.26663511991500854
CHIC1_RNA,-0.26669225096702576
RIMKLB_RNA,-0.2667161524295807
AK1_RNA,-0.2670877277851105
FUT9_RNA,-0.26715144515037537
EID3_RNA,-0.26716580986976624
AQP1_RNA,-0.2673305869102478
LPAR6_RNA,-0.2675968408584595
S100A1_RNA,-0.267767995595932
BMI1_RNA,-0.2678009867668152
SLC24A4_RNA,-0.26804274320602417
ACBD4_RNA,-0.2683333158493042
TSGA10_RNA,-0.2684800624847412
C2orf74_RNA,-0.26872020959854126
PFKFB2_RNA,-0.26886117458343506
PRRG4_RNA,-0.269024521112442
IFITM4P_RNA,-0.26929745078086853
GCSH_RNA,-0.2693241834640503
BLNK_RNA,-0.2694249451160431
SYTL4_RNA,-0.26956304907798767
SH3BGRL_RNA,-0.2695781886577606
TBX4_RNA,-0.27018675208091736
CPA5_RNA,-0.27040866017341614
CCDC141_RNA,-0.27050942182540894
ELF5_RNA,-0.2710403501987457
C11orf21_RNA,-0.27110329270362854
PSORS1C1_RNA,-0.27117496728897095
KCNT2_RNA,-0.2711992561817169
TMEM72_RNA,-0.27145063877105713
DNAJB4_RNA,-0.2715132236480713
CXXC4_RNA,-0.2720963954925537
NAA11_RNA,-0.27253440022468567
GAPT_RNA,-0.2725757360458374
C9orf43_RNA,-0.2727619707584381
MAT2A_RNA,-0.27290529012680054
SELL_RNA,-0.2729383111000061
GLI4_RNA,-0.2731536626815796
NLRP14_RNA,-0.27344202995300293
RFXAP_RNA,-0.2738330364227295
SCNN1A_RNA,-0.27408918738365173
RERG_RNA,-0.27420979738235474
FBXL22_RNA,-0.2743910849094391
WDR49_RNA,-0.27460619807243347
CREBZF_RNA,-0.27468937635421753
ZBTB7C_RNA,-0.2746906578540802
FMN2_RNA,-0.27490657567977905
FSD1L_RNA,-0.2750685513019562
COL4A6_RNA,-0.27510589361190796
FUS_RNA,-0.27542179822921753
PSTPIP1_RNA,-0.2755325436592102
PSD2_RNA,-0.27554774284362793
ZNF423_RNA,-0.2756135165691376
MST1_RNA,-0.2759074568748474
PSCA_RNA,-0.27633512020111084
MFAP5_RNA,-0.2765124440193176
ORM2_RNA,-0.276716023683548
POU6F2_RNA,-0.2768145203590393
TGFB2_RNA,-0.2768852710723877
HOXA1_RNA,-0.2770320177078247
LARP7_RNA,-0.2770572304725647
C3orf52_RNA,-0.27715757489204407
AGER_RNA,-0.27723658084869385
DYDC2_RNA,-0.2774442136287689
ANKRD7_RNA,-0.2775692641735077
RPGR_RNA,-0.27773961424827576
GRHL3_RNA,-0.2779701054096222
FAM47E_RNA,-0.2789689898490906
SPATA12_RNA,-0.27901262044906616
ANGPT4_RNA,-0.2791184186935425
PRAM1_RNA,-0.27933046221733093
ZDHHC11_RNA,-0.2794695794582367
DAO_RNA,-0.27951958775520325
ZNF789_RNA,-0.27968716621398926
MRPS6_RNA,-0.2801129221916199
F2RL2_RNA,-0.28012651205062866
SCN11A_RNA,-0.2803378403186798
AP1G2_RNA,-0.28126540780067444
ACMSD_RNA,-0.2812967002391815
VEPH1_RNA,-0.2817136347293854
ST20_RNA,-0.2818250060081482
IL18BP_RNA,-0.2819494903087616
EFCAB2_RNA,-0.2819958031177521
USH2A_RNA,-0.28200724720954895
GALNT8_RNA,-0.282350093126297
GDPD3_RNA,-0.28255289793014526
SLC22A11_RNA,-0.2827374339103699
KCNN3_RNA,-0.28277117013931274
SULT1C2_RNA,-0.28305476903915405
IQCH_RNA,-0.283649206161499
LRRIQ1_RNA,-0.28367823362350464
RGMA_RNA,-0.2836827039718628
EGOT_RNA,-0.2838432490825653
DCAF8_RNA,-0.2839425802230835
WDR19_RNA,-0.28403332829475403
RABL2A_RNA,-0.2848110795021057
BANK1_RNA,-0.28592291474342346
PON3_RNA,-0.2861727774143219
LAX1_RNA,-0.2862234115600586
CDS1_RNA,-0.2863653600215912
IL2RG_RNA,-0.2864876389503479
FAAH2_RNA,-0.28653162717819214
KRIT1_RNA,-0.2867259383201599
SLC30A10_RNA,-0.28681886196136475
STK36_RNA,-0.2869076728820801
B9D1_RNA,-0.2872503995895386
DTWD1_RNA,-0.2872653901576996
EFNA4_RNA,-0.28737932443618774
SYNPO2_RNA,-0.28739240765571594
NTS_RNA,-0.28742343187332153
RPGRIP1L_RNA,-0.28753939270973206
HCP5_RNA,-0.28756004571914673
CCDC57_RNA,-0.2877688705921173
HSPB6_RNA,-0.28787440061569214
IGFN1_RNA,-0.28803595900535583
FBXL2_RNA,-0.2881757318973541
BHLHE41_RNA,-0.28860974311828613
MEIG1_RNA,-0.2886577546596527
S100A2_RNA,-0.28881412744522095
GHRHR_RNA,-0.28928330540657043
ELMO3_RNA,-0.2892898619174957
LRRC52_RNA,-0.2895418405532837
PAX6_RNA,-0.28960391879081726
PLA2G2C_RNA,-0.2899214029312134
CA4_RNA,-0.28995469212532043
C1orf87_RNA,-0.28998348116874695
DNASE1L2_RNA,-0.2905144989490509
HIBCH_RNA,-0.2905987501144409
EFHC1_RNA,-0.29081931710243225
SLC16A4_RNA,-0.29088228940963745
CCDC39_RNA,-0.29122433066368103
C8G_RNA,-0.29187488555908203
GPR135_RNA,-0.2924060821533203
STK38L_RNA,-0.2928452789783478
CNGA4_RNA,-0.2933339774608612
WFDC3_RNA,-0.29373404383659363
ZNF706_RNA,-0.2939782440662384
ZMYND12_RNA,-0.2939910590648651
ALPK3_RNA,-0.2945425808429718
FNDC7_RNA,-0.2960057854652405
CCDC110_RNA,-0.2961306571960449
ZHX2_RNA,-0.2964412569999695
NPL_RNA,-0.29649099707603455
WDR72_RNA,-0.2964959144592285
AHDC1_RNA,-0.2968901991844177
PDCD4_RNA,-0.29706627130508423
KRT33A_RNA,-0.2973400354385376
IL17D_RNA,-0.29734352231025696
SCUBE2_RNA,-0.29759520292282104
FOXH1_RNA,-0.29780837893486023
AKR1B10_RNA,-0.2981208860874176
SYPL1_RNA,-0.29822689294815063
AMOT_RNA,-0.2982678711414337
CXorf58_RNA,-0.2983236014842987
MFAP4_RNA,-0.2983618378639221
SLC9A3_RNA,-0.29836463928222656
CLDN15_RNA,-0.29844990372657776
RS1_RNA,-0.29845255613327026
PHKG1_RNA,-0.29851049184799194
SPAG16_RNA,-0.2986273467540741
KRTCAP2_RNA,-0.29912298917770386
GHR_RNA,-0.29923224449157715
AKNAD1_RNA,-0.299404114484787
MYO15B_RNA,-0.29960721731185913
C11orf86_RNA,-0.2997184097766876
CCDC121_RNA,-0.300455778837204
TSPAN10_RNA,-0.30075883865356445
SMTNL1_RNA,-0.30091729760169983
SPTLC3_RNA,-0.30140048265457153
SLC28A3_RNA,-0.3017461895942688
TNMD_RNA,-0.3020409345626831
TPPP2_RNA,-0.30269262194633484
CES3_RNA,-0.30291658639907837
SPATC1_RNA,-0.3029343783855438
OFD1_RNA,-0.3030422329902649
HPD_RNA,-0.3030890226364136
PARP15_RNA,-0.3031100332736969
KCNQ4_RNA,-0.3031597435474396
ZNF214_RNA,-0.303385853767395
INCA1_RNA,-0.304038405418396
RNF19A_RNA,-0.30419400334358215
USP2_RNA,-0.3043161928653717
TPPP3_RNA,-0.30486366152763367
KLKB1_RNA,-0.30499783158302307
CETN2_RNA,-0.30656442046165466
MORN1_RNA,-0.3068138062953949
GEM_RNA,-0.30684682726860046
TOB1_RNA,-0.3071267306804657
SGK3_RNA,-0.30721479654312134
SH3BGR_RNA,-0.3081340193748474
AR_RNA,-0.30826202034950256
GBA3_RNA,-0.30841389298439026
CLGN_RNA,-0.30844753980636597
HPSE2_RNA,-0.30887046456336975
APOH_RNA,-0.309160977602005
HAUS7_RNA,-0.30951178073883057
CLUL1_RNA,-0.30991995334625244
TMEM91_RNA,-0.3099611699581146
TAF15_RNA,-0.3105543851852417
PFN4_RNA,-0.3109108805656433
CDK5RAP3_RNA,-0.31149446964263916
FHAD1_RNA,-0.31201595067977905
C1GALT1_RNA,-0.3121897280216217
VCAM1_RNA,-0.31264758110046387
TTLL9_RNA,-0.31279101967811584
ADIG_RNA,-0.3136272728443146
TECTB_RNA,-0.31409546732902527
RASSF9_RNA,-0.3147057890892029
CCT6B_RNA,-0.314760684967041
ATG16L2_RNA,-0.3147965967655182
OGFRL1_RNA,-0.31521672010421753
COL4A3_RNA,-0.3152298331260681
AHCYL1_RNA,-0.3153681457042694
TNFRSF11B_RNA,-0.3160150945186615
GPR88_RNA,-0.3162638247013092
AKR7L_RNA,-0.31630802154541016
TRIM29_RNA,-0.31639528274536133
EHF_RNA,-0.3167366087436676
EMX2_RNA,-0.3168015480041504
SLC4A5_RNA,-0.31709930300712585
PHYHD1_RNA,-0.3178204894065857
DNHD1_RNA,-0.3181827664375305
ATP1A4_RNA,-0.31843671202659607
ACADL_RNA,-0.318910151720047
ASB16_RNA,-0.3220157325267792
PI16_RNA,-0.3222900927066803
STOX1_RNA,-0.32246577739715576
VTN_RNA,-0.3227541744709015
AGBL3_RNA,-0.322995662689209
PBXIP1_RNA,-0.32306215167045593
ESPNL_RNA,-0.3238994777202606
ZBED3_RNA,-0.32432618737220764
PHEX_RNA,-0.324618399143219
PNMT_RNA,-0.3248063921928406
YJEFN3_RNA,-0.3258798122406006
STK33_RNA,-0.326198011636734
NEBL_RNA,-0.32638639211654663
MYCBP_RNA,-0.32648536562919617
FER1L5_RNA,-0.3268395960330963
CYBRD1_RNA,-0.32717621326446533
WDR90_RNA,-0.32991763949394226
C7orf25_RNA,-0.33007439970970154
GAGE10_RNA,-0.3301301896572113
RHPN1_RNA,-0.3301771581172943
EGFL8_RNA,-0.33037900924682617
C1orf198_RNA,-0.3309529423713684
NME5_RNA,-0.3309759795665741
VANGL2_RNA,-0.33145201206207275
C6orf118_RNA,-0.33198386430740356
RUFY4_RNA,-0.3323020040988922
TTC12_RNA,-0.33247947692871094
LTB4R_RNA,-0.3329791724681854
FAM167A_RNA,-0.33312809467315674
MDFIC_RNA,-0.3332660496234894
SSPN_RNA,-0.3340397775173187
GALNT3_RNA,-0.334120512008667
SOX21_RNA,-0.3342042863368988
TEKT2_RNA,-0.334707111120224
PCSK4_RNA,-0.3354489505290985
MYH16_RNA,-0.3356868028640747
CYP4F3_RNA,-0.3358534276485443
SAMD9L_RNA,-0.3359810709953308
CTF1_RNA,-0.33669039607048035
RFX2_RNA,-0.3371765911579132
COL28A1_RNA,-0.3371906876564026
SNCAIP_RNA,-0.33733949065208435
PLD2_RNA,-0.3375268578529358
CEACAM1_RNA,-0.33802884817123413
LRP2BP_RNA,-0.33827152848243713
TIFA_RNA,-0.3389756977558136
C2orf81_RNA,-0.3390737473964691
MGAT4C_RNA,-0.33925262093544006
RBM43_RNA,-0.3392876088619232
B3GAT2_RNA,-0.339356929063797
BDH2_RNA,-0.3397563695907593
CDKL3_RNA,-0.3405517637729645
PLCD1_RNA,-0.34058403968811035
MKX_RNA,-0.3406127095222473
DDIT4L_RNA,-0.34079742431640625
ID4_RNA,-0.3432549834251404
RSPO4_RNA,-0.3434862494468689
C11orf65_RNA,-0.3438568115234375
SIX3_RNA,-0.34482821822166443
SH2D6_RNA,-0.34504234790802
ABCA5_RNA,-0.345090389251709
CCDC87_RNA,-0.34510406851768494
ZFP36L1_RNA,-0.3457990884780884
ADHFE1_RNA,-0.34590423107147217
FMO4_RNA,-0.34689629077911377
TTC14_RNA,-0.34760209918022156
HDC_RNA,-0.3482518196105957
CCDC24_RNA,-0.3484538793563843
ALPK1_RNA,-0.348503440618515
PON2_RNA,-0.3485466539859772
GMPR_RNA,-0.34886643290519714
TBX6_RNA,-0.3489156663417816
TRIM6_RNA,-0.34898459911346436
ROPN1B_RNA,-0.34903448820114136
NAPSA_RNA,-0.3497426211833954
DNAH2_RNA,-0.35010451078414917
NUDT7_RNA,-0.35042232275009155
NXNL2_RNA,-0.35069170594215393
IGSF1_RNA,-0.35080569982528687
SLCO3A1_RNA,-0.35100966691970825
ENPP5_RNA,-0.3513336181640625
SHBG_RNA,-0.35232818126678467
COLEC11_RNA,-0.35257792472839355
TCAP_RNA,-0.35261693596839905
KBTBD12_RNA,-0.3529001772403717
LUC7L3_RNA,-0.3533540368080139
LRRCC1_RNA,-0.35371133685112
CAPN9_RNA,-0.3541761338710785
IGSF9_RNA,-0.3543570339679718
HESX1_RNA,-0.354609876871109
ATN1_RNA,-0.35489633679389954
DYNC2LI1_RNA,-0.35526737570762634
LIX1_RNA,-0.3559967577457428
GLI2_RNA,-0.35612359642982483
SATL1_RNA,-0.3562072813510895
TIGIT_RNA,-0.3567032217979431
NAV3_RNA,-0.3576900362968445
TTC32_RNA,-0.35795268416404724
IFI44L_RNA,-0.3581181764602661
BMPR1B_RNA,-0.35834863781929016
TFF3_RNA,-0.35852983593940735
LRIG3_RNA,-0.36027345061302185
CROCC_RNA,-0.3606196641921997
IFRD1_RNA,-0.36129918694496155
FAM161A_RNA,-0.3620893955230713
PAWR_RNA,-0.3634010851383209
PHOSPHO2_RNA,-0.36347633600234985
CD37_RNA,-0.36368587613105774
TTLL3_RNA,-0.3642655313014984
TTR_RNA,-0.36443209648132324
UBXN11_RNA,-0.36540383100509644
NBR2_RNA,-0.365759015083313
EXPH5_RNA,-0.3660370409488678
UPK3A_RNA,-0.366795152425766
LYPLAL1_RNA,-0.36702048778533936
RXRG_RNA,-0.3670225441455841
BCO2_RNA,-0.3673263490200043
ZNF487_RNA,-0.3683536946773529
SLC16A9_RNA,-0.36840420961380005
FANK1_RNA,-0.3686068058013916
CHST9_RNA,-0.3694893717765808
TMEM231_RNA,-0.3696986734867096
DNAH5_RNA,-0.36987361311912537
CASQ2_RNA,-0.3699209988117218
SPAG17_RNA,-0.37053823471069336
SPATA3_RNA,-0.3715597987174988
TTPA_RNA,-0.3720145523548126
AKAP14_RNA,-0.3730953335762024
SLC14A1_RNA,-0.3734493553638458
ACCS_RNA,-0.3742768466472626
SLC47A2_RNA,-0.3743843734264374
SRPK3_RNA,-0.3757861256599426
TEKT1_RNA,-0.3758883476257324
CDK15_RNA,-0.37627407908439636
ZRANB2_RNA,-0.37778618931770325
FAM178B_RNA,-0.377938449382782
CDO1_RNA,-0.37805676460266113
TMEM150C_RNA,-0.37816962599754333
BTBD19_RNA,-0.378323495388031
SESN3_RNA,-0.378882497549057
C12orf42_RNA,-0.3791479170322418
POU3F4_RNA,-0.37973812222480774
WBP1_RNA,-0.3798941969871521
NUP62CL_RNA,-0.38030925393104553
ABI3BP_RNA,-0.38048219680786133
ABCB11_RNA,-0.38139763474464417
SPATA4_RNA,-0.38145363330841064
TRPV1_RNA,-0.3814667761325836
TMEM67_RNA,-0.3815368413925171
ROBO3_RNA,-0.3829903304576874
KNCN_RNA,-0.3831404447555542
S100A14_RNA,-0.3849334120750427
TMEM47_RNA,-0.3854193091392517
ZNF385B_RNA,-0.3864150643348694
GJA1_RNA,-0.38647517561912537
SULF1_RNA,-0.38859671354293823
SLC34A3_RNA,-0.3886546790599823
ZBBX_RNA,-0.38990312814712524
RFX4_RNA,-0.39004507660865784
ALDH3A1_RNA,-0.39005544781684875
FOXP3_RNA,-0.3915081024169922
ENPP4_RNA,-0.3918556869029999
LRRC23_RNA,-0.3925238251686096
ANKFN1_RNA,-0.39276081323623657
LRRC18_RNA,-0.3933812081813812
IQCA1_RNA,-0.39356929063796997
HYDIN_RNA,-0.39368313550949097
MAPK15_RNA,-0.3941485583782196
FAM180B_RNA,-0.3958014249801636
SPA17_RNA,-0.39658859372138977
ANKRD53_RNA,-0.3969825208187103
UBQLNL_RNA,-0.39747974276542664
PATL2_RNA,-0.39861732721328735
DCST1_RNA,-0.40034475922584534
DTHD1_RNA,-0.4011691212654114
SPEF1_RNA,-0.4031604528427124
AGBL2_RNA,-0.4042588770389557
FOXA2_RNA,-0.40473806858062744
GSTM2_RNA,-0.40571004152297974
ZMYND10_RNA,-0.4060884714126587
PAH_RNA,-0.40793904662132263
CD38_RNA,-0.4079607129096985
NRG3_RNA,-0.4092232286930084
MTTP_RNA,-0.4097587764263153
C2orf15_RNA,-0.4098169207572937
CAPN8_RNA,-0.40997880697250366
PPIL6_RNA,-0.4105357527732849
DAAM2_RNA,-0.41075995564460754
COLQ_RNA,-0.4109377861022949
C20orf96_RNA,-0.4123055636882782
DNAH6_RNA,-0.4140819013118744
CCDC30_RNA,-0.4153299033641815
ZCWPW1_RNA,-0.4157859981060028
ROPN1L_RNA,-0.4162575900554657
NPHP1_RNA,-0.4165918231010437
TSHR_RNA,-0.4167177677154541
EFHC2_RNA,-0.41703522205352783
PON1_RNA,-0.4176037311553955
SPEF2_RNA,-0.41766250133514404
SLC25A35_RNA,-0.41786879301071167
MSTN_RNA,-0.41884320974349976
PTCH2_RNA,-0.4191299080848694
TTC29_RNA,-0.42003944516181946
HNMT_RNA,-0.4208708703517914
TMC1_RNA,-0.4216669499874115
SNX31_RNA,-0.422104150056839
SELENBP1_RNA,-0.42227357625961304
CCDC154_RNA,-0.42268529534339905
RGS9_RNA,-0.42282772064208984
PLEKHA7_RNA,-0.4235474467277527
PRELP_RNA,-0.42580005526542664
YAP1_RNA,-0.4260294735431671
ADCY2_RNA,-0.42695140838623047
MAK_RNA,-0.428520530462265
RMST_RNA,-0.42862024903297424
KIF6_RNA,-0.42874565720558167
SVOPL_RNA,-0.43028876185417175
UPF3B_RNA,-0.43044644594192505
ACSM5_RNA,-0.4317285120487213
PROCA1_RNA,-0.4331936538219452
FBXO15_RNA,-0.43327775597572327
GSDMC_RNA,-0.4332822263240814
SLFN13_RNA,-0.43370845913887024
C7orf57_RNA,-0.4339866638183594
TTC21A_RNA,-0.43452197313308716
TGM5_RNA,-0.434774249792099
ANXA13_RNA,-0.4351674020290375
TCF7L1_RNA,-0.4400363266468048
DNAI2_RNA,-0.4407738447189331
PRRT2_RNA,-0.440964937210083
A2ML1_RNA,-0.4415549635887146
DNALI1_RNA,-0.44215837121009827
TEX9_RNA,-0.44262537360191345
TTC23L_RNA,-0.4426584243774414
BEST4_RNA,-0.44834664463996887
DCDC2_RNA,-0.4485020637512207
RANBP3L_RNA,-0.4499880373477936
CCDC40_RNA,-0.4500093162059784
DNAJB13_RNA,-0.45062026381492615
EFCAB10_RNA,-0.4526800513267517
ZNF474_RNA,-0.4528149366378784
HCG22_RNA,-0.4553305506706238
LCN12_RNA,-0.45632749795913696
C11orf71_RNA,-0.45869180560112
CASC2_RNA,-0.45983248949050903
CCDC81_RNA,-0.4614211916923523
DCDC1_RNA,-0.46428442001342773
EFHD1_RNA,-0.4655245840549469
ANKRD45_RNA,-0.46571388840675354
VWA3A_RNA,-0.4658024311065674
AGR3_RNA,-0.4679935574531555
FOXJ1_RNA,-0.4680376350879669
CCDC89_RNA,-0.46809282898902893
MPL_RNA,-0.47039541602134705
MGST1_RNA,-0.4714234173297882
SCGB1D2_RNA,-0.47240546345710754
CDNF_RNA,-0.4738035202026367
SULT1C4_RNA,-0.4769819676876068
PIH1D2_RNA,-0.47878894209861755
CPA1_RNA,-0.4795532524585724
MORN5_RNA,-0.4818941354751587
TMPRSS7_RNA,-0.48199883103370667
TKTL1_RNA,-0.4835355579853058
MDH1B_RNA,-0.4849882125854492
B3GALT5_RNA,-0.48523151874542236
SERPINI2_RNA,-0.4866584539413452
TRDN_RNA,-0.4918926954269409
DCST2_RNA,-0.49441421031951904
ENKUR_RNA,-0.49487006664276123
TMEM232_RNA,-0.4971240758895874
ZCCHC18_RNA,-0.4971346855163574
WDR38_RNA,-0.5032044649124146
NEK5_RNA,-0.5035245418548584
VWA5B1_RNA,-0.5077377557754517
TMEM220_RNA,-0.5099635124206543
DNAH12_RNA,-0.5150501728057861
RSPH4A_RNA,-0.5172111392021179
MNS1_RNA,-0.5218903422355652
IQCD_RNA,-0.5235564708709717
SLC6A16_RNA,-0.525897741317749
SPATA17_RNA,-0.5289056301116943
DNAI1_RNA,-0.5392159819602966
IQUB_RNA,-0.5401886105537415
LRRC46_RNA,-0.5412853360176086
TSNAXIP1_RNA,-0.5462157130241394
C10orf105_RNA,-0.5534836649894714
SPAG1_RNA,-0.5537461638450623
DNAH7_RNA,-0.5544143915176392
GAS2L2_RNA,-0.554846465587616
C2orf88_RNA,-0.5558938384056091
MYCBPAP_RNA,-0.5669944286346436
CCDC160_RNA,-0.57016921043396
CAPSL_RNA,-0.575710654258728
HMGN5_RNA,-0.5856736302375793
CCDC146_RNA,-0.5908540487289429
WDR93_RNA,-0.6077210903167725
DYNLRB2_RNA,-0.6221925020217896
SPAG8_RNA,-0.6281231045722961
FAM81B_RNA,-0.6445678472518921
ZMAT1_RNA,-0.6520450711250305
LCA5L_RNA,-0.6848865747451782
VWA3B_RNA,-0.6949986219406128
RSPH1_RNA,-0.7011566758155823
RIBC1_RNA,-0.703646719455719
DLEC1_RNA,-0.7445572018623352
