ID,Description,setSize,enrichmentScore,NES,pvalue,p.adjust,qvalue,rank,leading_edge,core_enrichment,Factor
GO:0042773,ATP synthesis coupled electron transport,79,-0.7571351650150053,-3.2891049165833364,1e-10,1.4016279069767441e-8,NA,1936,"tags=70%, list=13%, signal=61%",54949/6622/7384/4728/9377/11315/51103/23479/4719/4704/1716/4725/4696/65018/637/1346/4710/4700/4717/4715/4716/7385/1327/4712/4708/6392/1350/1537/6390/4714/1340/27069/4694/4724/9167/7386/4706/29103/4722/4707/55967/7388/4713/4718/27089/1351/4711/1329/4695/51142/4709/1347/1349/1337/4697,Factor6
GO:0042775,mitochondrial ATP synthesis coupled electron transport,79,-0.7571351650150053,-3.2891049165833364,1e-10,1.4016279069767441e-8,NA,1936,"tags=70%, list=13%, signal=61%",54949/6622/7384/4728/9377/11315/51103/23479/4719/4704/1716/4725/4696/65018/637/1346/4710/4700/4717/4715/4716/7385/1327/4712/4708/6392/1350/1537/6390/4714/1340/27069/4694/4724/9167/7386/4706/29103/4722/4707/55967/7388/4713/4718/27089/1351/4711/1329/4695/51142/4709/1347/1349/1337/4697,Factor6
GO:0019646,aerobic electron transport chain,72,-0.7560785788246714,-3.224290981479848,1e-10,1.4016279069767441e-8,NA,1936,"tags=69%, list=13%, signal=61%",54949/6622/7384/4728/9377/11315/51103/23479/4719/4704/4725/4696/65018/1346/4710/4700/4717/4715/4716/7385/1327/4712/4708/6392/1350/1537/6390/4714/1340/4694/4724/9167/7386/4706/29103/4722/4707/7388/4713/4718/27089/1351/4711/1329/4695/4709/1347/1349/1337/4697,Factor6
GO:0097250,mitochondrial respirasome assembly,76,-0.7301104386021342,-3.1470389434854473,1e-10,1.4016279069767441e-8,NA,3007,"tags=76%, list=20%, signal=61%",126328/54902/80224/51241/192286/4698/123346/51751/4702/29078/51295/54949/54539/10063/51204/4728/54968/91942/51103/79064/79072/644096/4719/57226/285521/64756/84275/4704/4725/4696/1346/4710/6834/4700/4717/4715/4716/4712/4708/90624/84233/4714/25994/4694/4724/9167/7386/4706/4722/4707/55967/55863/4713/4718/4711/4695/4709/1347,Factor6
GO:0022904,respiratory electron transport chain,98,-0.7046196245258172,-3.146844427531346,1e-10,1.4016279069767441e-8,NA,1936,"tags=60%, list=13%, signal=53%",54949/6622/7384/4728/9377/11315/51103/8604/23479/4719/4704/1716/4725/4696/65018/637/1346/4710/4700/4717/4715/2108/4716/7385/1327/4712/4708/6392/1350/1537/6390/4714/1340/27069/4694/4724/9167/7386/4706/29103/4722/4190/4707/55967/7388/4713/4718/2819/27089/1351/4711/1329/4695/51142/4709/1347/1349/1337/4697,Factor6
GO:0006119,oxidative phosphorylation,101,-0.6832988877844046,-3.0659520134330074,1e-10,1.4016279069767441e-8,NA,1936,"tags=57%, list=13%, signal=50%",54949/54539/6622/7384/4728/9377/11315/51103/30968/23479/4719/84275/4704/1716/4725/4696/65018/637/1346/4710/4700/4717/4715/4716/7385/1327/4712/4708/6392/1350/1537/6390/4714/1340/27069/4694/4724/9167/7386/4706/29103/4722/4707/55967/7388/4713/4718/27089/1351/4711/1329/4695/51142/4709/1347/1349/1337/4697,Factor6
GO:0022900,electron transport chain,107,-0.6737225090334773,-3.065815273419756,1e-10,1.4016279069767441e-8,NA,2699,"tags=64%, list=18%, signal=53%",10891/54205/4698/57017/83733/7381/4702/56964/54949/6622/7384/4728/9377/11315/51103/8604/23479/2230/4719/4704/1716/4725/4696/65018/637/1346/4710/4700/4717/4715/2108/4716/7385/1327/4712/4708/6392/1350/1537/6390/4714/1340/27069/4694/4724/9167/7386/4706/29103/4722/4190/4707/55967/7388/4713/4718/2819/27089/1351/4711/1329/4695/51142/4709/1347/1349/1337/4697,Factor6
GO:0009060,aerobic respiration,145,-0.6304166027909409,-3.03070051209649,1e-10,1.4016279069767441e-8,NA,2001,"tags=60%, list=13%, signal=53%",891/3420/1737/1345/126328/4726/6391/54205/8801/4698/57017/65084/7381/4702/23530/55753/54949/54539/6622/3419/7384/4728/9377/11315/51103/5162/9016/30968/23479/2271/4719/84275/4704/8803/1716/4725/4696/65018/637/847/1346/4710/6834/4700/4717/402/4715/4716/7385/1327/4712/4708/6392/1350/1537/6390/4714/1340/27069/4694/4724/9167/7386/4706/29103/4722/8802/4190/4707/55967/7388/4713/4718/27089/1351/4693/4711/1329/4695/51142/4709/1347/1349/2647/130752/1337/4697,Factor6
GO:0033108,mitochondrial respiratory chain complex assembly,71,-0.7089858381855213,-3.0165209166493145,1e-10,1.4016279069767441e-8,NA,3028,"tags=72%, list=20%, signal=58%",7019/126328/54902/80224/51241/4698/4702/29078/51295/54949/54539/10063/51204/115209/4728/91942/51103/79064/79072/644096/4719/57226/285521/84275/4704/4725/4696/4710/6834/4700/4717/4715/4716/4712/4708/90624/84233/4714/4694/4724/7386/4706/4722/4707/55967/55863/4713/4718/4711/4695/4709,Factor6
GO:0010257,NADH dehydrogenase complex assembly,47,-0.7585119240547725,-2.9320736543721333,1e-10,1.4016279069767441e-8,NA,2273,"tags=70%, list=15%, signal=60%",4702/29078/51295/54539/4728/91942/51103/4719/57226/4704/4725/4696/4710/4700/4717/4715/4716/4712/4708/84233/4714/4694/4724/4706/4722/4707/55967/55863/4713/4718/4711/4695/4709,Factor6
GO:0032981,mitochondrial respiratory chain complex I assembly,47,-0.7585119240547725,-2.9320736543721333,1e-10,1.4016279069767441e-8,NA,2273,"tags=70%, list=15%, signal=60%",4702/29078/51295/54539/4728/91942/51103/4719/57226/4704/4725/4696/4710/4700/4717/4715/4716/4712/4708/84233/4714/4694/4724/4706/4722/4707/55967/55863/4713/4718/4711/4695/4709,Factor6
GO:0032543,mitochondrial translation,117,-0.6221406745481781,-2.883340910681222,1e-10,1.4016279069767441e-8,NA,4035,"tags=71%, list=27%, signal=52%",90480/219402/8846/64965/124995/51023/11222/7818/65993/63899/65005/55278/7284/51067/84881/22868/10352/9617/10240/64975/51263/64983/10884/122704/10573/54998/79590/55037/28977/55168/65008/6150/51204/56945/55052/51318/29074/29088/283459/54948/28973/128308/51335/54460/51021/79072/64949/118487/6183/54534/63875/64979/64963/65080/54148/26995/64976/64981/23107/219927/63931/55173/29093/51258/51642/60488/64960/51373/64928/84545/84340/57129/65003/51650/28957/28998/51081/51264/708/9553/740/51649/116541,Factor6
GO:0045333,cellular respiration,186,-0.5744918321416995,-2.8552050001023823,1e-10,1.4016279069767441e-8,NA,2699,"tags=49%, list=18%, signal=41%",10891/54205/8801/4698/57017/83733/65084/7381/93058/4702/23530/256471/4938/55753/54949/54539/6622/3419/7384/4728/9377/11315/51103/5162/9016/30968/8604/23479/2271/80219/4719/55847/84275/4704/8803/1716/4725/4696/65018/637/847/1346/4710/6834/4700/4717/402/4715/2108/4716/7385/1327/4712/4708/6392/1350/90624/1537/6390/84269/4714/1340/27069/4694/4724/9167/7386/4706/29103/4722/8802/4190/4707/55967/7388/4713/4718/2819/27089/1351/4693/4711/1329/4695/51142/4709/1347/1349/2647/130752/1337/4697,Factor6
GO:0006120,"mitochondrial electron transport, NADH to ubiquinone",43,-0.7597885600376733,-2.8503772249138604,1e-10,1.4016279069767441e-8,NA,1886,"tags=70%, list=13%, signal=61%",6622/4728/11315/51103/23479/4719/4704/4725/4696/65018/4710/4700/4717/4715/4716/4712/4708/4714/4694/4724/4706/29103/4722/4707/4713/4718/4711/4695/4709/4697,Factor6
GO:0140053,mitochondrial gene expression,144,-0.5793589305710296,-2.787854096728478,1e-10,1.4016279069767441e-8,NA,4035,"tags=66%, list=27%, signal=49%",90480/219402/8846/64965/54802/9238/124995/51023/11222/7818/90806/65993/63899/65005/79675/55006/87178/57215/55278/7284/51106/51067/7019/84881/22868/10352/9617/10240/64975/51263/64983/10884/122704/10573/54998/79590/55037/28977/3028/55168/65008/64216/6150/51204/56945/55052/51318/29074/29088/283459/54948/28973/128308/51335/54460/51021/79072/64949/118487/6183/54534/63875/84275/64979/64963/65080/54148/26995/64976/64981/23107/219927/63931/55173/29093/51258/51642/60488/64960/51373/64928/84545/84340/57129/65003/51650/28957/28998/51081/51264/708/9553/740/51649/116541,Factor6
GO:0042776,proton motive force-driven mitochondrial ATP synthesis,43,-0.7378305915620665,-2.768001026402603,1e-10,1.4016279069767441e-8,NA,3007,"tags=77%, list=20%, signal=62%",126328/4726/6391/4698/4702/54539/4728/30968/4719/4704/4725/4696/4710/4700/4717/4715/4716/4712/4708/6392/6390/4714/4694/4724/4706/4722/4707/55967/4713/4718/4711/4695/4709,Factor6
GO:0030199,collagen fibril organization,63,0.7031386721640036,2.7653463686181365,1e-10,1.4016279069767441e-8,NA,1769,"tags=49%, list=12%, signal=44%",140766/85301/1289/11173/80781/7837/1277/1291/1278/2303/649/4017/50509/8985/11117/4016/283208/9509/1301/4015/1303/1290/1302/2296/4320/1311/2131/1281/871/81792/165,Factor6
GO:0015986,proton motive force-driven ATP synthesis,45,-0.7178769322659915,-2.745258314497038,1e-10,1.4016279069767441e-8,NA,1928,"tags=76%, list=13%, signal=66%",126328/4726/6391/4698/4702/54539/4728/30968/4719/4704/4725/4696/4710/4700/4717/4715/4716/4712/4708/6392/523/6390/4714/4694/4724/4706/4722/4707/55967/4713/4718/4711/4695/4709,Factor6
GO:0009145,purine nucleoside triphosphate biosynthetic process,74,-0.6370955641876417,-2.726373556458478,1e-10,1.4016279069767441e-8,NA,2039,"tags=54%, list=14%, signal=47%",4832/54539/29922/4728/1353/30968/3988/4719/132/4704/4725/4696/65018/318/4710/4700/4717/4715/4716/4712/4708/6392/523/6390/4714/7114/4694/4724/4706/4722/4707/55967/54209/4713/4830/8382/4718/4711/4695/4709,Factor6
GO:0006754,ATP biosynthetic process,64,-0.6561399379681951,-2.7242967949002,1e-10,1.4016279069767441e-8,NA,1928,"tags=55%, list=13%, signal=48%",54539/4728/1353/30968/3988/4719/4704/4725/4696/65018/318/4710/4700/4717/4715/4716/4712/4708/6392/523/6390/4714/7114/4694/4724/4706/4722/4707/55967/54209/4713/4718/4711/4695/4709,Factor6
GO:0009206,purine ribonucleoside triphosphate biosynthetic process,73,-0.6333659693460139,-2.7013299934448924,1e-10,1.4016279069767441e-8,NA,2039,"tags=53%, list=14%, signal=46%",4832/54539/29922/4728/1353/30968/3988/4719/4704/4725/4696/65018/318/4710/4700/4717/4715/4716/4712/4708/6392/523/6390/4714/7114/4694/4724/4706/4722/4707/55967/54209/4713/4830/8382/4718/4711/4695/4709,Factor6
GO:0009201,ribonucleoside triphosphate biosynthetic process,77,-0.6128899061039482,-2.6506196778232924,1e-10,1.4016279069767441e-8,NA,2039,"tags=51%, list=14%, signal=44%",4832/54539/29922/4728/1353/30968/3988/4719/4704/4725/4696/65018/318/4710/4700/4717/4715/4716/4712/4708/6392/523/6390/4714/7114/4694/4724/4706/4722/4707/55967/54209/4713/4830/8382/4718/4711/4695/4709,Factor6
GO:0009142,nucleoside triphosphate biosynthetic process,84,-0.5981749445892157,-2.5943818863358343,1e-10,1.4016279069767441e-8,NA,2039,"tags=50%, list=14%, signal=43%",4832/54539/29922/4728/1353/30968/3988/9519/4719/1841/132/4704/4725/4696/65018/318/4710/4700/4717/4715/4716/4712/4708/6392/523/6390/4714/7114/4694/4724/4706/4722/4707/55967/54209/4713/4830/8382/4718/4711/4695/4709,Factor6
GO:0015980,energy derivation by oxidation of organic compounds,273,-0.4829752814017214,-2.521154281026329,1e-10,1.4016279069767441e-8,NA,2732,"tags=42%, list=18%, signal=35%",55022/10891/54205/5504/8801/4698/5213/57017/23710/83733/65084/178/7381/3479/3572/93058/4702/23530/256471/5257/9140/4938/5507/55753/51763/54949/54539/6622/5502/3419/7384/34/4728/5501/9377/11315/51103/5162/9016/30968/3953/8604/23479/5499/5260/2271/80219/4719/55847/84275/112609/4704/8803/1716/4725/4696/65018/637/847/1346/4710/6834/5443/4700/4717/402/4715/2108/4716/7385/1327/4712/4708/6392/1350/90624/1537/6390/84269/4714/1340/27069/5837/4694/4724/9167/7386/4706/29103/4722/8802/2992/4190/4707/55967/7388/4713/4504/4718/2819/27089/1351/4693/4711/1329/4695/51142/4709/1347/1349/2647/130752/1337/4697,Factor6
GO:0002181,cytoplasmic translation,150,-0.5200202014462519,-2.503866989216348,1e-10,1.4016279069767441e-8,NA,2526,"tags=46%, list=17%, signal=39%",6234/6224/6147/6141/10480/6136/6228/55364/4690/8891/9349/6143/6175/6159/4733/6188/6203/6223/2197/10605/7555/6154/221120/25873/27335/6164/23521/6142/6138/6125/6130/22849/6155/6227/6230/6194/6169/6161/8668/6206/11224/51389/6160/51121/4736/6168/6231/6202/1974/6152/3921/6193/6235/6207/6165/6222/6157/6232/6210/200916/6205/6233/6144/6201/6170/6208/6189/6133/6171,Factor6
GO:1902600,proton transmembrane transport,148,-0.5208978958095742,-2.498359542596115,1e-10,1.4016279069767441e-8,NA,2273,"tags=45%, list=15%, signal=38%",4702/23530/292/57084/10479/6570/10063/1528/51606/7384/4728/9377/9550/11315/51382/5250/9016/529/8604/11331/4719/4704/477/4725/155066/4696/1346/4710/6834/4700/4717/9296/4715/4716/1327/4712/4708/6565/523/1537/57282/4714/1340/27069/8992/7114/4694/4724/9167/534/7386/4722/4707/55967/7388/4713/533/291/4718/1351/4711/1329/4695/4709/1349/4697,Factor6
GO:0045229,external encapsulating structure organization,297,0.4972383893582114,2.4616451534169954,1e-10,1.4016279069767441e-8,NA,3451,"tags=45%, list=23%, signal=35%",140766/1294/8425/602/85301/1289/11173/7040/3912/80781/7837/1277/1284/11093/2022/1291/3038/1278/2303/649/1282/84627/81794/285590/2295/4791/4017/9510/50509/1305/4851/8985/11117/25/4016/4323/23187/283208/3690/9509/4643/6662/3915/6624/170689/1301/4015/25903/7051/4324/2006/4811/1303/90993/4322/1295/2683/255631/5045/169611/9507/164656/1290/4318/54507/79147/92949/1297/23768/1302/4035/2296/25975/4320/2192/27031/1311/2131/1281/871/4629/55959/169044/1758/857/2264/342371/81792/64386/165/1307/8190/89780/3673/83716/1306/2068/4327/1299/22795/333/339366/4088/7373/84695/5351/4313/25890/1803/84171/23332/255743/406937/4326/101/3037/83872/3381/118856/1280/90102/3913/1287/5156/11096/5806/170692/8751/8510/10516/1605/6423/64094,Factor6
GO:0030198,extracellular matrix organization,295,0.49611982475624905,2.4542567725104125,1e-10,1.4016279069767441e-8,NA,3451,"tags=45%, list=23%, signal=35%",140766/1294/8425/602/85301/1289/11173/7040/3912/80781/7837/1277/1284/11093/2022/1291/3038/1278/2303/649/1282/84627/81794/285590/2295/4791/4017/9510/50509/1305/4851/8985/11117/25/4016/4323/23187/283208/3690/9509/4643/6662/3915/6624/170689/1301/4015/25903/4324/2006/4811/1303/90993/4322/1295/2683/255631/5045/169611/9507/164656/1290/4318/54507/79147/92949/1297/23768/1302/4035/2296/25975/4320/2192/27031/1311/2131/1281/871/4629/55959/169044/1758/857/2264/342371/81792/64386/165/1307/8190/89780/3673/83716/1306/2068/4327/1299/22795/333/339366/4088/7373/84695/5351/4313/25890/1803/84171/23332/255743/406937/4326/101/3037/83872/3381/118856/1280/90102/3913/1287/5156/11096/5806/170692/8751/8510/10516/1605/6423/64094,Factor6
GO:0043062,extracellular structure organization,296,0.4945043793891288,2.446931035343476,1e-10,1.4016279069767441e-8,NA,3451,"tags=45%, list=23%, signal=35%",140766/1294/8425/602/85301/1289/11173/7040/3912/80781/7837/1277/1284/11093/2022/1291/3038/1278/2303/649/1282/84627/81794/285590/2295/4791/4017/9510/50509/1305/4851/8985/11117/25/4016/4323/23187/283208/3690/9509/4643/6662/3915/6624/170689/1301/4015/25903/4324/2006/4811/1303/90993/4322/1295/2683/255631/5045/169611/9507/164656/1290/4318/54507/79147/92949/1297/23768/1302/4035/2296/25975/4320/2192/27031/1311/2131/1281/871/4629/55959/169044/1758/857/2264/342371/81792/64386/165/1307/8190/89780/3673/83716/1306/2068/4327/1299/22795/333/339366/4088/7373/84695/5351/4313/25890/1803/84171/23332/255743/406937/4326/101/3037/83872/3381/118856/1280/90102/3913/1287/5156/11096/5806/170692/8751/8510/10516/1605/6423/64094,Factor6
GO:0006091,generation of precursor metabolites and energy,396,-0.42954901403618145,-2.321995985303591,1e-10,1.4016279069767441e-8,NA,2732,"tags=38%, list=18%, signal=32%",55022/10891/54205/5504/8801/4698/5213/2235/57017/7167/23710/83733/5515/65084/178/2584/7381/3479/3572/93058/5208/4702/23530/256471/10007/5257/9140/4938/5507/56964/55753/51763/6120/54949/3692/54539/7306/6622/10063/2232/5502/3419/5230/5223/7384/34/4728/5501/3155/9377/11315/51103/5162/9016/30968/3953/8604/23479/11331/5499/5260/3356/8850/3988/5236/2271/80219/51/2230/669/4719/55847/5019/84275/38/112609/4704/64080/8803/1716/4725/4696/65018/637/847/1346/4710/6834/5443/54541/4700/4717/402/4715/2108/4716/7385/51071/1327/4712/4708/6392/10998/1350/90624/1537/8671/6390/84269/4714/1340/27069/5837/7345/54511/4694/4724/9167/7386/4706/10840/29103/4722/8802/2992/4190/4707/5571/55967/26137/7388/4713/4504/291/4718/2819/27089/1351/4693/4711/1329/4695/51142/4709/1347/1349/2647/130752/230/1337/4697,Factor6
GO:1903311,regulation of mRNA metabolic process,287,0.4524779468106823,2.2266860011369243,1e-10,1.4016279069767441e-8,NA,3097,"tags=35%, list=21%, signal=28%",2521/8148/3184/4849/6294/3181/6625/51341/85456/984/22985/8570/26528/55095/7536/4691/10250/399664/348093/4858/219988/9704/27327/23367/10642/9667/677/58517/10644/65109/4343/3192/5725/51564/23435/678/155435/3182/8761/51588/7538/728642/84069/29890/10949/26986/406941/79811/4615/57690/1869/5580/6830/55082/9567/10492/5976/11187/11030/10181/10657/282996/59284/11338/1994/7431/65110/7186/2332/29896/2668/23185/9261/8241/26576/91746/1025/55677/406992/326340/80149/6093/207/5394/3167/56478/9967/54502/3178/129563/23112/406937/166863/406900/23019/10921/57472/54915/4857/57060/4850,Factor6
GO:0072522,purine-containing compound biosynthetic process,202,-0.4395504467569552,-2.219765936468907,1e-10,1.4016279069767441e-8,NA,3262,"tags=42%, list=22%, signal=33%",353/50808/4878/2182/1737/554235/5631/126328/203/4726/60490/125061/6391/4860/2618/55022/4698/84869/4702/4880/2639/4832/27010/54539/6622/29922/51703/8050/108/2977/64802/4728/1353/5162/26289/30968/51144/23205/79717/79993/3988/4719/1633/38/132/4704/56952/1716/4725/4696/65018/318/4710/4700/4717/4715/4716/4712/4708/6392/5636/5538/523/6390/4714/2987/7114/441024/4694/4724/4706/4722/4707/55967/54209/4713/4830/8382/83594/4718/23305/4711/4695/4709,Factor6
GO:0007005,mitochondrion organization,355,-0.4109459630997767,-2.209839940778546,1e-10,1.4016279069767441e-8,NA,3094,"tags=41%, list=21%, signal=34%",5468/79810/29928/7019/3433/665/126328/26517/64422/54902/80224/51241/55022/1386/192286/10891/29108/4698/6742/10651/56947/7417/123346/815/5138/65084/23408/55669/51751/3479/2537/26073/27429/4702/256471/29078/292/1525/1191/3028/51295/4832/10463/23287/23409/8743/54949/54539/79135/6622/9093/10063/51204/55156/50484/1906/1634/115209/23787/4728/54968/3155/9804/10899/55486/11315/91942/51103/10572/192111/79064/30968/91137/11040/84303/79072/11331/644096/3988/10981/2066/4719/57226/3429/55288/285521/64756/84275/4704/23788/5910/4725/255027/51499/4696/65018/637/1346/4710/6834/4700/64112/26519/4717/4715/4716/4712/4708/26355/56993/51024/122509/282991/90624/5716/84233/83982/152926/4714/27069/25994/84266/572/4694/4724/219736/9167/7386/4706/28978/2876/4722/4707/55967/10935/55863/4713/26521/9638/291/4718/140823/4711/4695/51142/4709/1347,Factor6
GO:0048568,embryonic organ development,428,0.4179451619984221,2.1508671598698976,1e-10,1.4016279069767441e-8,NA,3664,"tags=40%, list=24%, signal=31%",85301/7040/80781/10848/23513/7703/7262/54345/2022/6909/10763/3976/2737/161882/5426/6722/2303/5310/348093/29924/5914/2295/4237/3142/7005/2736/4851/677/7855/4323/79733/9968/3481/2020/2260/6662/1301/5089/11078/2625/388591/1954/6881/6615/2323/10736/7004/860/1889/5916/7422/170961/9464/6899/5013/1051/5930/2296/57053/7477/65979/6911/22846/27031/6664/9132/3975/130497/57216/116039/51684/51176/5155/2290/9935/668/144455/7020/51804/3340/7026/1909/10155/53615/5727/3200/10019/5311/2668/652/8092/129880/9394/121643/89780/55636/23493/6343/8932/525/5629/10733/9496/1969/6495/64220/26005/5079/84678/2068/28996/26259/3373/1855/3856/55764/80184/2626/340784/5469/4088/10194/2200/5754/639/3219/8557/207/2034/3167/2623/9021/64321/25836/2201/222662/8521/2048/5076/9423/6299/2/2735/1280/79893/28514/7157/10413/1856/7289/4522/3784/4647/6469/5459/9096/9645/5156/3213/613/4838/2535/7043/3199/2186/91461/157506/3549/405/23242/7942/3198,Factor6
GO:0061448,connective tissue development,258,0.43218981536585555,2.104615427656207,1e-10,1.4016279069767441e-8,NA,2476,"tags=34%, list=16%, signal=29%",633/85301/1289/11173/7040/353500/4054/1277/2828/1291/1958/2737/6722/2303/5310/7059/649/5914/4209/285590/4017/22976/4851/5467/3690/2260/59341/6662/1301/2121/4015/64764/2625/5159/8091/2355/4322/6615/2648/64641/10736/860/864/5916/25884/79147/9464/84159/1302/4882/656/7483/7477/1311/130497/2131/3169/1281/116039/871/947/55959/51222/5155/6591/4192/4094/2734/81792/3200/8817/7298/25987/6688/1435/652/960/6781/8609/3373/582/4092/9462/9149/54795/4088/4041/2297,Factor6
GO:0060485,mesenchyme development,303,0.41514801933075274,2.06424307030457,1e-10,1.4016279069767441e-8,NA,3512,"tags=40%, list=23%, signal=31%",80139/283149/7040/3911/399473/1277/6405/2316/2022/7041/6909/2303/6949/6659/6934/2295/4017/9231/4851/677/10501/23187/268/2260/54437/4609/6662/3182/10500/55698/153090/2625/200734/8091/6881/56926/6615/10736/80709/8642/406941/10016/26508/8828/7422/114990/9464/2335/6899/2296/693175/65979/57715/130497/2131/54796/10371/3169/55223/4846/23275/51176/2146/6591/4192/55593/9820/51804/72/1909/10155/5311/1947/2668/652/25937/8092/89780/8829/80320/23493/57556/407006/6495/78987/1601/9221/4092/54910/2626/407007/4088/2297/5754/4855/3066/84695/6093/23332/10252/81610/5076/406937/101/3037/4902/56920/90102/10413/6469/2932/11096/8751/693158/1605/4838/80204/6423/7043/8482,Factor6
GO:0031589,cell-substrate adhesion,320,0.4116884865700556,2.0620199911344543,1e-10,1.4016279069767441e-8,NA,3646,"tags=40%, list=24%, signal=31%",3912/6548/91663/3911/79778/7791/1277/11093/2316/87/6722/10174/5310/7059/81/3611/50509/1305/4851/11117/3728/3674/25/5467/1613/4323/3690/3915/55698/5829/4091/25992/11078/604/7414/4811/7016/81848/1009/1295/2041/4059/7422/6239/2335/482/7094/2017/1029/25975/9448/2192/3679/1281/3678/947/1758/5328/5155/55920/4192/6614/401827/81792/9928/23499/64005/6904/5880/1307/9647/1435/6714/51754/960/8829/7057/3673/8174/1601/4585/201294/3675/10391/9480/22795/9344/4088/22801/123720/285/63923/10018/8515/88/25890/5054/6093/89/10395/3175/3672/1946/23332/255743/8324/6376/3037/55679/916/7248/90102/79987/1793/2932/5770/3691/8751/10516/3676/1605/613/8500/10631/7450/246/8861/3693/9748,Factor6
GO:0060562,epithelial tube morphogenesis,320,0.4105531982951455,2.0563336841452338,1e-10,1.4016279069767441e-8,NA,3448,"tags=40%, list=23%, signal=31%",7040/3911/23513/6497/54345/23129/2022/6909/5566/5371/2737/6722/57167/2303/23654/5310/65266/1282/5914/9620/25865/3611/9231/2736/4851/25/4323/9968/55083/4609/6662/7421/1948/2625/7249/388591/1954/2648/10736/9355/8642/79191/5916/7422/8914/5420/9464/9353/79812/4776/65979/6911/27031/3975/130497/2131/3169/57216/51684/5293/54567/6046/51176/4192/51804/1909/81792/5727/5311/3371/1435/2668/652/6714/4524/129880/121643/6356/89780/8829/153572/5629/1969/6495/9953/26005/84678/441478/54910/1855/9788/55764/80184/1522/2626/5469/4088/4041/2297/4855/9955/84445/8557/10395/64321/27443/10252/255743/83605/5076/9423/7475/6299/7248/28514/54922/10413/1856/7289/2719/4522/6469/9645/4233/1497/1605/4838/6423,Factor6
GO:0002009,morphogenesis of an epithelium,467,0.3953995332779051,2.0414749246679698,1e-10,1.4016279069767441e-8,NA,3175,"tags=37%, list=21%, signal=30%",1289/7040/5361/3911/23513/6497/54345/2316/23129/2022/7041/6909/5566/43847/5371/3976/2737/6722/57167/2303/23654/5310/65266/1282/5914/3714/9620/2295/25865/3611/9231/2736/4851/8985/7855/25/4323/3690/9968/55083/2260/4609/6662/7421/1948/85474/2625/7249/7414/388591/1954/23616/6615/2648/10736/9355/8642/79191/5916/7422/8914/5420/9687/9464/6239/9353/79812/4776/7477/65979/6911/27031/6664/3975/130497/2131/3169/57216/3678/51684/5293/54567/6046/51176/6591/4192/7020/51804/1909/81792/10155/5727/26146/5311/3371/1435/2668/652/6714/4524/129880/121643/6356/960/89780/8829/153572/401720/5629/9496/1969/84283/407006/6495/9953/26005/7424/6654/84678/10468/441478/768/54910/1855/9788/55764/80184/1522/5100/2626/326/5469/4088/4041/2195/2297/5754/60/4855/3488/4313/9955/84445/8557/10395/9021/64321/27443/3651/23245/23332/10252/55727/8521/255743/94234/83605/1741/5076/9423/7475/6299/7248/90102/28514/54922/10413/1856/7289/2719/4522,Factor6
GO:0001503,ossification,390,0.39871013381750253,2.037253755149229,1e-10,1.4016279069767441e-8,NA,3516,"tags=38%, list=23%, signal=30%",56975/11173/7040/22904/353500/4054/6497/1277/1291/4330/5566/6238/1278/9260/2194/2737/2303/645811/7059/649/4209/3611/1305/2736/4851/10312/10514/7290/4323/3192/51564/3481/9902/6662/7421/1301/4015/4091/90993/2355/4322/8321/1009/6615/10736/2091/1959/860/7166/864/8642/25884/54880/7422/1290/79147/9464/4882/656/1051/2296/7477/3727/6664/1311/130497/10492/2131/1594/116039/1052/51684/1758/4221/133522/51176/6591/4192/7020/81792/64131/5727/23020/51547/8817/3371/1435/652/25937/83999/6256/89780/58476/525/6781/1969/79412/7424/7171/2068/4092/54795/93/249/6320/406992/4088/22801/4041/63923/28964/3636/8994/3488/4313/387733/89/207/22856/2623/25836/2201/255743/7071/3381/162466/2735/8792/1280/5600/117581/166929/10413/2719/9923/4086/6469/9365/2932/407050/6261/56172/4665/26271/6423/3199/91461/8482/27044,Factor6
GO:0072521,purine-containing compound metabolic process,473,-0.359703887804512,-1.9620471394715462,1e-10,1.4016279069767441e-8,NA,3115,"tags=39%, list=21%, signal=32%",10201/1728/25961/30833/3945/5166/10059/55526/9061/130013/204/952/56606/3295/353/50808/4878/2182/1737/554235/5631/51715/126328/203/4726/140733/122970/60490/220963/125061/481/6888/6391/4860/79873/2618/22875/55022/3156/8876/8801/4698/5213/6820/7167/55711/5515/5138/128486/2584/51292/55669/51268/3479/254552/84869/6296/5208/4702/23530/256471/1740/4880/2639/706/4832/10005/55753/6120/27010/3692/54539/6622/29922/5142/8460/2232/51703/8050/108/2977/7276/5230/5223/64802/4728/1353/84693/29789/5162/26289/80221/57678/283927/30968/51144/23205/3356/79717/79993/8850/3988/5236/2766/669/5169/4719/785/1633/51181/38/132/4704/64080/56952/8803/477/2330/1716/4725/4696/65018/318/4710/54988/54541/4700/4717/402/54995/4715/4716/51071/4712/3312/4708/6392/51024/5136/6817/5636/5538/523/23171/8671/6390/84618/5901/10380/4714/2987/7114/572/7345/441024/4694/4724/25824/4706/10840/4722/8802/55190/4190/4707/5571/55967/26137/3094/54209/4713/4830/8382/83594/4718/23305/2819/9429/4711/4695/4709/130752/230,Factor6
GO:0001501,skeletal system development,486,0.3722823025165639,1.9313520706974217,1e-10,1.4016279069767441e-8,NA,3737,"tags=37%, list=25%, signal=29%",633/85301/56975/29123/11173/7040/353500/3911/80781/4054/7703/6497/1277/10743/2022/1291/1278/2737/6722/2303/645811/5310/7059/6949/649/5914/3714/4209/285590/4017/1305/2736/4323/9968/2260/59341/6662/117166/7421/1301/2121/4015/64764/2625/1954/8091/2355/4322/1009/6615/2648/10736/7004/860/864/8642/9507/5916/25884/7422/1290/4318/9464/6899/84159/1302/4882/656/7483/53834/2296/84667/7477/6664/3975/1311/130497/2131/54796/1281/116039/871/55959/51222/133522/6591/11091/2767/4192/56243/171023/124565/7020/51804/3340/4094/1909/2734/81792/64131/3200/1748/80263/8817/7298/25987/652/6714/8092/960/55636/6781/9496/1969/6495/5079/10468/60676/145864/3373/582/4092/93/249/4088/4041/2200/63923/176/3636/1116/4313/3219/387733/89/22856/79705/285973/25836/2201/51320/537/65057/3037/162466/1280/5600/11214/7157/7289/4086/4522/4781/5026/6469/8111/54206/5156/6261/3213/56172/4665/54799/4838/6423/9321/2778/7043/3199/91461/6197/23508/157506/3549/3198/27086/4773/9742/340260/3623,Factor6
GO:0009117,nucleotide metabolic process,404,-0.354286151851377,-1.9208734207807523,1e-10,1.4016279069767441e-8,NA,3111,"tags=35%, list=21%, signal=28%",554235/5631/51715/252969/126328/203/4726/125061/481/6888/6391/4860/79873/2618/55022/4698/5213/6820/7167/23583/5515/51733/5138/2584/51292/55669/3479/5208/4702/80308/23530/256471/1740/4880/706/4832/55753/7374/6120/79621/3692/54539/29922/5142/8460/2232/50484/108/2977/5230/5223/64802/4728/56953/1353/11315/29789/26289/30968/4913/3356/8850/3988/5236/9519/55312/2766/669/5169/4719/785/1633/51181/1841/132/4704/64080/79077/477/2330/1716/4725/4696/65018/318/4710/54541/4700/4717/402/4715/4716/51071/4712/3312/4708/6392/51024/5136/6817/5636/523/151531/23171/8671/6390/84618/5901/10380/4714/2987/7114/572/7345/441024/4694/4724/25824/4706/10840/4722/55190/4190/4707/5571/55967/26137/3094/54209/4713/4830/8382/83594/4718/2819/4711/4695/4709/130752/230,Factor6
GO:0032963,collagen metabolic process,86,0.5759863718764175,2.435397381315063,2.768381287022552e-10,3.7920531856556634e-8,NA,3641,"tags=55%, list=24%, signal=42%",140766/1289/7040/1277/9697/2022/1291/1278/57333/5118/4851/8985/11117/4323/9509/9902/4324/90993/2355/4322/5045/406941/164656/4602/4318/23505/4320/871/64386/4261/7431/652/3673/4327/3066/4313/3624/406937/4326/7349/118856/2149/8751/8510/7043/2191/3549,Factor6
GO:0048705,skeletal system morphogenesis,218,0.43815960802852427,2.092418706820893,3.564298459949279e-10,4.773783737358734e-8,NA,3714,"tags=40%, list=25%, signal=30%",85301/29123/7040/3911/4054/7703/6497/1277/2737/2303/5310/7059/649/5914/4209/1305/4323/9968/2260/59341/6662/1301/1954/2355/4322/10736/860/5916/7422/6899/84159/4882/2296/6664/3975/1311/130497/2131/1281/116039/871/133522/7020/51804/3340/2734/3200/8817/25987/652/8092/6781/9496/6495/5079/60676/3373/93/249/4088/4041/3636/4313/3219/387733/89/22856/285973/25836/2201/3037/162466/1280/7289/4522/5156/3213/4665/4838/9321/7043/3199/157506/3549/3198/9742/340260,Factor6
GO:0007369,gastrulation,181,0.4614896024203656,2.1564134725995383,3.9173695647463433e-10,5.0234013546225984e-8,NA,3448,"tags=45%, list=23%, signal=35%",1294/23135/1289/4627/3912/91663/1284/1291/5566/6722/2303/27245/7290/4323/23187/5598/3690/2260/1301/85474/4324/1954/1303/8091/6881/1295/6615/10736/9095/10432/8019/1290/4318/2335/2296/3679/6911/27031/3975/130497/2131/3678/23275/51176/83595/2627/8312/652/89780/7709/3673/1969/407006/1847/3675/1855/93/4088/4041/4313/3624/65125/64321/23332/8324/5076/406937/2139/10139/90102/7157/79798/1856/2719/4086/3914/3691/3676/1605/4838/6423,Factor6
GO:0010720,positive regulation of cell development,424,0.36827199493100427,1.8898941998422354,3.8451991709008814e-10,5.0234013546225984e-8,NA,2915,"tags=31%, list=19%, signal=26%",55558/23476/6666/7040/5361/6597/57178/6461/23129/22985/3976/2737/6722/85358/9253/23654/8289/51593/6659/50943/5914/23013/177/29882/9092/3142/2736/1636/4851/23529/677/8943/4323/2033/604/2625/1954/63925/7516/1959/4049/864/4825/146850/7422/4602/3561/4204/57492/2335/9353/57154/7161/3984/9294/2803/1813/5365/284403/7535/6664/9001/3297/10221/259307/133522/6046/51176/1960/2290/140685/4192/23363/9820/5970/51043/4311/23499/5362/6599/64332/2332/57521/6688/1435/652/6794/10013/1002/89780/5457/8829/84630/407006/54106/7424/84807/1523/145864/26259/29904/10458/4092/1382/63950/9580/8651/407007/3566/22906/259266/1181/176/60/3066/23405/23394/646/8654/5591/89/56965/8650/1946/2048/57611/6376/406937/644943/101/9423/7071,Factor6
GO:0060541,respiratory system development,211,0.44375440834182944,2.104020791042718,5.294803517410366e-10,6.648287666548392e-8,NA,3840,"tags=46%, list=26%, signal=35%",7040/3911/4054/6497/1291/6909/3976/2737/6722/5310/57333/5914/9620/9231/2736/1636/4851/8985/4323/2033/9509/2260/6662/4015/2324/2355/1981/83931/5916/7422/8914/4204/79147/7161/53834/7477/27031/6664/2131/3169/1281/4846/51176/171023/51804/342371/4311/2627/8817/3371/9963/652/9242/9394/57493/55636/5629/83716/9496/6495/64220/3675/10365/28996/407975/93/1522/2200/1181/5754/1116/84695/3488/2034/10252/1392/2735/10413/7289/2719/4781/6469/54206/5156/1605/4838/7043/91461/3596/157506/28511/23347/220/284217/93649/5605/55512,Factor6
GO:0006163,purine nucleotide metabolic process,359,-0.3567096642193895,-1.9127376400879028,5.816977027771374e-10,7.15488174415879e-8,NA,3111,"tags=35%, list=21%, signal=28%",554235/5631/51715/126328/203/4726/125061/481/6888/6391/4860/79873/2618/55022/4698/5213/6820/7167/5515/5138/2584/51292/55669/3479/5208/4702/23530/256471/1740/4880/706/4832/55753/6120/3692/54539/29922/5142/8460/2232/108/2977/5230/5223/64802/4728/1353/29789/26289/30968/3356/8850/3988/5236/2766/669/5169/4719/785/1633/51181/132/4704/64080/477/2330/1716/4725/4696/65018/318/4710/54541/4700/4717/402/4715/4716/51071/4712/3312/4708/6392/51024/5136/6817/5636/523/23171/8671/6390/84618/5901/10380/4714/2987/7114/572/7345/441024/4694/4724/25824/4706/10840/4722/55190/4190/4707/5571/55967/26137/3094/54209/4713/4830/8382/83594/4718/2819/4711/4695/4709/130752/230,Factor6
GO:0009144,purine nucleoside triphosphate metabolic process,207,-0.4174099529032414,-2.1203861648175306,7.059540154511942e-10,8.509569702248695e-8,NA,3007,"tags=41%, list=20%, signal=33%",126328/203/4726/481/6391/55022/4698/5213/7167/5515/2584/55669/3479/5208/4702/256471/706/4832/55753/3692/54539/29922/5230/5223/64802/4728/1353/29789/26289/30968/3356/8850/3988/5236/669/5169/4719/132/4704/477/1716/4725/4696/65018/318/4710/54541/4700/4717/402/4715/4716/4712/3312/4708/6392/51024/523/8671/6390/5901/4714/2987/7114/572/7345/4694/4724/4706/4722/4707/5571/55967/26137/54209/4713/4830/8382/4718/2819/4711/4695/4709/230,Factor6
GO:0045165,cell fate commitment,280,0.40592865312093673,1.9948561565997798,7.802059890152598e-10,9.220199011362689e-8,NA,3493,"tags=37%, list=23%, signal=29%",4854/23135/23476/9112/54345/7041/6909/5371/2737/161882/2303/6929/6934/50943/5914/3714/7005/2736/4851/2033/2260/54815/6662/2625/1108/1107/64641/10736/7004/860/9095/5454/6899/7483/3718/7477/6911/10919/8643/2131/3169/57459/51684/170302/26524/54567/6046/2290/9181/7026/1909/53615/5727/2627/54738/652/121643/89780/5457/8829/23493/5629/9496/6495/10297/9480/2636/63950/2619/9580/2626/4855/639/3066/84695/27319/5591/2034/2623/9021/3175/64321/8521/8324/5076/3475/2139/3110/7475/28514/7157/4086/54845/4781/11108/120237/6469/9096/6778/4838/6423/219409/3199,Factor6
GO:0051216,cartilage development,183,0.45226785847327367,2.112024824937214,9.872697458519748e-10,1.1442836073557408e-7,NA,2259,"tags=34%, list=15%, signal=29%",633/85301/11173/7040/353500/4054/1277/1291/2737/6722/5310/7059/649/5914/4209/4017/2260/59341/6662/1301/2121/64764/2625/8091/2355/4322/6615/2648/10736/860/864/5916/25884/9464/1302/4882/656/7483/7477/1311/130497/2131/1281/116039/871/55959/51222/6591/4192/4094/2734/81792/3200/8817/7298/25987/652/960/6781/3373/582/4092,Factor6
GO:0009141,nucleoside triphosphate metabolic process,221,-0.41103350134446015,-2.0951741460408195,1.0582989408764483e-9,1.2034656069174254e-7,NA,2655,"tags=38%, list=18%, signal=31%",4698/5213/7167/5515/956/2584/55669/3479/5208/4702/256471/706/4832/55753/3692/54539/29922/50484/5230/5223/64802/4728/1353/29789/26289/30968/3356/8850/3988/5236/9519/669/5169/4719/1841/132/4704/79077/477/1716/4725/4696/65018/318/4710/54541/4700/4717/402/4715/4716/4712/3312/4708/6392/51024/523/8671/6390/5901/4714/2987/7114/572/7345/4694/4724/4706/4722/4707/5571/55967/26137/54209/4713/4830/8382/4718/2819/4711/4695/4709/230,Factor6
GO:0001822,kidney development,299,0.3975393981077032,1.969217187469852,1.262884752780215e-9,1.4095197046308067e-7,NA,3169,"tags=38%, list=21%, signal=31%",4854/7040/3911/2828/23129/1958/3976/2737/2303/5310/3070/65266/6659/5914/3611/9231/9510/2736/1636/4851/25959/3690/55083/2260/4609/4643/6662/1948/4091/2625/5159/4811/10736/8642/79191/7021/26508/7422/5420/4318/9353/84159/7161/2296/7477/27031/6664/3975/130497/2131/5455/57216/116039/947/1063/55959/5155/2146/171023/7020/51804/6382/1909/4311/5727/26146/5311/6492/80114/2668/652/25937/8829/153572/5629/6495/9953/64220/3675/4092/9788/93/80184/4088/285/2200/2028/10018/2297/2650/5754/6580/639/9955/84445/64321/25836/793/10252/255743/5076/4326/3037/29927/84662/8772/7475/6299/7248/28514/581/10413/2719/4086,Factor6
GO:0001763,morphogenesis of a branching structure,202,0.4399462143434895,2.0861785423345918,1.3026813528990595e-9,1.4275019116222966e-7,NA,3830,"tags=44%, list=25%, signal=33%",7040/5361/3911/23129/2022/6909/5371/2737/6722/2303/5310/1282/9620/3611/9231/1305/2736/4851/473/7855/25/4323/2260/4609/6662/7421/10736/8642/7422/8914/4204/9353/4776/1813/3975/2131/3169/54567/51176/6591/4192/51804/1909/5727/5311/3371/1435/2668/652/6714/6356/8829/401720/5629/1969/6495/9953/441478/1522/5469/4041/2297/4855/639/9955/9021/10252/55727/8521/255743/5076/7475/6299/54922/10413/2719/6469/4233/53335/1605/6423/157506/3549/10512/10765/4070/284217/151449/7052,Factor6
GO:0009165,nucleotide biosynthetic process,172,-0.4408969469309567,-2.184482760091112,1.472324246471051e-9,1.5567891637686009e-7,NA,3591,"tags=45%, list=24%, signal=35%",1635/10201/129607/9061/130013/204/353/50808/4878/554235/5631/126328/203/4726/125061/6391/4860/2618/55022/4698/4702/80308/4880/4832/54539/29922/50484/108/2977/64802/4728/1353/26289/30968/3988/9519/55312/4719/1633/1841/132/4704/1716/4725/4696/65018/318/4710/4700/4717/4715/4716/4712/4708/6392/5636/523/151531/6390/4714/2987/7114/441024/4694/4724/4706/4722/4707/55967/54209/4713/4830/8382/83594/4718/4711/4695/4709,Factor6
GO:0048754,branching morphogenesis of an epithelial tube,154,0.4742703503564618,2.167336045917709,1.4626985315631664e-9,1.5567891637686009e-7,NA,3786,"tags=47%, list=25%, signal=35%",7040/3911/23129/2022/6909/5371/2737/6722/2303/5310/1282/9620/3611/9231/2736/4851/25/4323/4609/6662/7421/10736/8642/7422/8914/9353/4776/3975/2131/3169/54567/51176/4192/51804/1909/5727/5311/3371/1435/2668/652/6714/6356/8829/1969/6495/9953/441478/1522/5469/4041/2297/4855/9955/10252/255743/5076/7475/6299/54922/10413/2719/6469/4233/1605/6423/157506/3549/10765/4070/284217/151449,Factor6
GO:0006164,purine nucleotide biosynthetic process,144,-0.46768561039851697,-2.2504861427532843,1.512573455956568e-9,1.5717724515603855e-7,NA,3469,"tags=47%, list=23%, signal=37%",9061/130013/204/353/50808/4878/554235/5631/126328/203/4726/125061/6391/2618/55022/4698/4702/4880/4832/54539/29922/108/2977/64802/4728/1353/26289/30968/3988/4719/1633/132/4704/1716/4725/4696/65018/318/4710/4700/4717/4715/4716/4712/4708/6392/5636/523/6390/4714/2987/7114/441024/4694/4724/4706/4722/4707/55967/54209/4713/4830/8382/83594/4718/4711/4695/4709,Factor6
GO:1901293,nucleoside phosphate biosynthetic process,252,-0.39088788543108055,-2.030059346777953,2.0428204073433198e-9,2.0867929822132522e-7,NA,3591,"tags=40%, list=24%, signal=31%",1635/10201/129607/5166/9061/130013/204/353/50808/4878/2182/4351/1737/554235/5631/126328/203/4726/60490/125061/6391/4860/2618/55022/4698/84869/4702/80308/10007/4880/2639/4832/27010/54539/6622/29922/51703/50484/8050/108/2977/64802/4728/1353/5162/26289/30968/51144/23205/79717/79993/3988/9519/55312/4719/132789/1633/8790/38/1841/132/4704/1716/4725/4696/65018/318/4710/4700/4717/4715/4716/4712/4708/6392/5636/5538/523/151531/6390/4714/2987/7114/441024/4694/4724/4706/4722/4707/55967/54209/4713/4830/8382/83594/4718/23305/4711/4695/4709,Factor6
GO:0009152,purine ribonucleotide biosynthetic process,113,-0.49953496622024496,-2.305812755222785,2.2720337129265806e-9,2.2822578646347503e-7,NA,3339,"tags=50%, list=22%, signal=40%",204/353/50808/4878/126328/203/4726/6391/2618/55022/4698/4702/4880/4832/54539/29922/108/2977/4728/1353/26289/30968/3988/4719/132/4704/4725/4696/65018/318/4710/4700/4717/4715/4716/4712/4708/6392/523/6390/4714/2987/7114/4694/4724/4706/4722/4707/55967/54209/4713/4830/8382/4718/4711/4695/4709,Factor6
GO:0009205,purine ribonucleoside triphosphate metabolic process,200,-0.4123029316129795,-2.0689893395213224,2.685188506623291e-9,2.6530542835112414e-7,NA,3007,"tags=40%, list=20%, signal=33%",126328/203/4726/481/6391/55022/4698/5213/7167/5515/2584/55669/3479/5208/4702/256471/706/4832/55753/3692/54539/29922/5230/5223/64802/4728/1353/29789/26289/30968/3356/8850/3988/5236/669/5169/4719/4704/477/4725/4696/65018/318/4710/54541/4700/4717/402/4715/4716/4712/3312/4708/6392/51024/523/8671/6390/5901/4714/7114/572/7345/4694/4724/4706/4722/4707/5571/55967/26137/54209/4713/4830/8382/4718/2819/4711/4695/4709/230,Factor6
GO:0045785,positive regulation of cell adhesion,451,0.3529981077296269,1.823083293677947,2.7622785230613993e-9,2.685202041692105e-7,NA,3961,"tags=38%, list=26%, signal=29%",23476/25930/6666/7040/3912/91663/6597/57178/6461/1725/2316/3976/2737/2303/8289/6659/50943/5914/177/115650/25865/9092/3611/3142/2736/11117/3728/8740/25/8943/2033/3690/3481/55083/3915/1948/10076/11078/604/2625/4811/7016/7030/1295/463/864/2041/146850/7422/79679/8728/5420/3561/57492/2113/6239/2335/80381/1445/6810/25975/9448/2192/7535/7297/3169/11187/3678/8784/1758/259307/6046/51176/1960/5155/4192/857/5970/51043/6599/64332/1947/1307/9647/1435/6714/8440/960/89780/8829/3673/1601/5170/9265/201294/84807/3675/3373/64926/4092/27/970/2810/9580/8651/4088/3566/2650/60/51206/25890/6093/1803/207/9435/255743/5329/6376/101/2525/3037/55679/3381/8772/30835/916/939/5296/7248/6541/6602/1793/55193/6401/6598/6469/3913/10288/2932/84034/3676/1605/4838/6423/3654/84433/9223/7532/2811/6387/2526/338879/246/8861/3549/566/6595/2064/3458/284217/8808/7052/55423/23149/55274/2309/7292/10725/2534/1236,Factor6
GO:0019693,ribose phosphate metabolic process,309,-0.36307598976773675,-1.9128773452352952,2.831529538536681e-9,2.708829925200092e-7,NA,3007,"tags=35%, list=20%, signal=29%",126328/203/4726/481/6391/4860/79873/2618/55022/4698/5213/6820/7167/5515/51733/5138/2584/51292/55669/3479/5208/4702/256471/1740/4880/706/4832/55753/79621/3692/54539/29922/5142/8460/256281/108/2977/5230/5223/64802/4728/1353/29789/26289/30968/3356/8850/3988/5236/55312/669/5169/4719/785/1633/132/4704/477/4725/4696/65018/318/4710/54541/4700/4717/402/4715/4716/4712/3312/4708/6392/51024/5136/6817/5636/523/151531/8671/6390/84618/5901/10380/4714/2987/7114/572/7345/4694/4724/4706/4722/55190/4707/5571/55967/26137/3094/54209/4713/4830/8382/4718/2819/4711/4695/4709/230,Factor6
GO:0072001,renal system development,309,0.39155686359118247,1.952874176650111,3.1625386320987835e-9,2.978221927446776e-7,NA,3372,"tags=39%, list=22%, signal=31%",4854/7040/3911/2828/23129/1958/3976/2737/2303/5310/3070/65266/1282/6659/5914/3611/9231/9510/2736/1636/4851/25959/3690/55083/2260/4609/4643/6662/1948/4091/2625/5159/4811/10736/8642/79191/7021/26508/7422/5420/4318/9353/84159/7161/2296/7477/27031/6664/3975/130497/2131/5455/57216/116039/947/1063/55959/5155/2146/171023/7020/51804/6382/1909/4311/5727/26146/5311/6492/80114/2668/652/25937/8829/153572/5629/6495/9953/64220/3675/4092/9788/93/80184/4088/285/2200/2028/10018/2297/2650/5754/6580/639/9955/84445/2018/64321/25836/793/10252/255743/5076/4326/3037/29927/84662/8772/7475/6299/7248/28514/581/10413/2719/4086/6469/3913/9096/5156/1497,Factor6
GO:0061138,morphogenesis of a branching epithelium,186,0.44416066905377216,2.079068743551195,3.3546486690865017e-9,3.110533465936053e-7,NA,3830,"tags=44%, list=25%, signal=33%",7040/5361/3911/23129/2022/6909/5371/2737/6722/2303/5310/1282/9620/3611/9231/2736/4851/7855/25/4323/2260/4609/6662/7421/10736/8642/7422/8914/9353/4776/3975/2131/3169/54567/51176/6591/4192/51804/1909/5727/5311/3371/1435/2668/652/6714/6356/8829/5629/1969/6495/9953/441478/1522/5469/4041/2297/4855/9955/9021/10252/55727/8521/255743/5076/7475/6299/54922/10413/2719/6469/4233/1605/6423/157506/3549/10512/10765/4070/284217/151449/7052,Factor6
GO:0048844,artery morphogenesis,76,0.5670809159545476,2.3022501773726023,3.5179975196735227e-9,3.212571371374594e-7,NA,2259,"tags=42%, list=15%, signal=36%",4854/57178/2022/6909/6722/2303/6659/4851/1948/5159/1954/7021/7422/9464/6899/4035/3949/2296/1311/1281/54567/4192/1909/5311/652/8829/55636/23493/5629/6495/64220/4092,Factor6
GO:0050684,regulation of mRNA processing,106,0.5239332437257918,2.2618694842791895,3.7209996746900577e-9,3.337032299024076e-7,NA,3071,"tags=43%, list=20%, signal=35%",6294/3181/6625/51341/984/22985/26528/7536/4691/10250/348093/4858/9667/677/58517/65109/3192/5725/51564/728642/29890/79811/6830/55082/5976/11030/10181/10657/282996/11338/65110/2332/29896/8241/26576/91746/1025/55677/5394/3167/9967/54502/3178/10921/4857/57060,Factor6
GO:0009260,ribonucleotide biosynthetic process,127,-0.47787937814998505,-2.2497483159639904,3.765027315972079e-9,3.337032299024076e-7,NA,2144,"tags=38%, list=14%, signal=33%",4880/4832/54539/29922/108/2977/4728/1353/26289/30968/3988/55312/4719/1633/132/4704/4725/4696/65018/318/4710/4700/4717/4715/4716/4712/4708/6392/523/151531/6390/4714/2987/7114/4694/4724/4706/4722/4707/55967/54209/4713/4830/8382/4718/4711/4695/4709,Factor6
GO:0003007,heart morphogenesis,252,0.4096638392291296,1.987190645331393,3.859373150147235e-9,3.371078547237302e-7,NA,3467,"tags=41%, list=23%, signal=32%",1289/7040/10848/57178/54345/2316/23129/2022/6909/161882/6722/2303/6659/5914/3611/2931/9510/4851/6662/1301/4091/2625/2006/388591/1954/8321/6615/9095/8642/26508/8828/7422/79147/9464/9353/6899/23768/53834/2296/2050/6911/27031/6664/5292/2131/57216/4846/221496/51684/54567/282996/6591/171023/1909/115701/5727/2627/5311/3643/652/129880/121643/57493/89780/5457/8829/55636/23493/5629/6586/6495/26005/6654/2787/4092/1855/407975/2626/5469/4088/8557/10395/64321/25836/10252/3037/2548/1280/4625/28514/7157/10413/1856/7137/6469/9645/11096/6261/8751/1605/4838/6423/2535,Factor6
GO:0016055,Wnt signaling pathway,426,0.35614208601595015,1.8305697853293843,4.1275371455361954e-9,3.553809482306664e-7,NA,3328,"tags=35%, list=22%, signal=28%",80139/3090/283149/7040/83439/6597/6497/1277/1291/7041/1958/607/1453/2737/5310/8325/6659/6934/9620/3611/1454/2931/4851/7855/84327/3728/25/1613/57664/9968/63977/6662/643965/440193/1857/6907/10076/85474/153090/1951/2625/7249/7090/4811/8629/51588/8321/6615/5916/527/261734/11211/57154/4035/2011/7483/4776/139886/2010/1813/7477/3487/27031/2131/57216/1455/55959/1500/26524/51176/6591/4192/55593/857/6382/1909/115701/83595/898/23499/2239/343637/5311/8312/7162/25987/51339/80114/6714/25937/6794/83999/89780/2887/8932/1601/79412/7128/10297/3675/441478/1459/1855/54795/2300/9580/4088/4041/63923/2297/259266/5754/7015/8994/2869/84445/154810/23394/81839/9679/57680/57674/65125/79705/64321/29969/6468/8324/64359/406937/595/51421/7089/7475/6299/9839/2735/6477/10413/1856/2719/53944/6469/8658/1952/9096/2932,Factor6
GO:0040029,epigenetic regulation of gene expression,212,0.4281184464985202,2.036202924598678,4.603895851989547e-9,3.908123985907183e-7,NA,3112,"tags=38%, list=21%, signal=31%",84444/6597/9112/1958/84823/1786/25792/3070/8289/22880/79813/23013/2931/83933/2033/3192/3481/4609/90378/11176/29128/604/8091/4001/200424/63925/29890/11177/3720/10432/9355/23133/4000/4204/57492/10336/22893/1788/55869/10919/5253/26147/4221/2146/11091/57673/165918/10155/53615/51547/8312/6688/55167/10013/7022/27005/26155/8932/7175/353274/7874/91746/10365/28996/3428/54737/546/3066/58487/10664/29028/90853/84456/56848/25942/5252/23512/10014/9759/7157/6602,Factor6
GO:0009150,purine ribonucleotide metabolic process,282,-0.37098864355783717,-1.942681998124991,5.3035785962640185e-9,4.439537249956005e-7,NA,3007,"tags=36%, list=20%, signal=29%",126328/203/4726/481/6391/4860/79873/2618/55022/4698/5213/6820/7167/5515/5138/2584/51292/55669/3479/5208/4702/256471/1740/4880/706/4832/55753/3692/54539/29922/5142/8460/108/2977/5230/5223/64802/4728/1353/29789/26289/30968/3356/8850/3988/5236/669/5169/4719/785/132/4704/477/4725/4696/65018/318/4710/54541/4700/4717/402/4715/4716/4712/3312/4708/6392/51024/5136/6817/523/8671/6390/84618/5901/10380/4714/2987/7114/572/7345/4694/4724/4706/4722/55190/4707/5571/55967/26137/3094/54209/4713/4830/8382/4718/2819/4711/4695/4709/230,Factor6
GO:0046390,ribose phosphate biosynthetic process,134,-0.4652809429674418,-2.2146212821237166,5.542678383860628e-9,4.576126386236713e-7,NA,2144,"tags=46%, list=14%, signal=40%",204/353/50808/4878/5631/126328/203/4726/6391/2618/55022/4698/4702/4880/4832/54539/29922/108/2977/4728/1353/26289/30968/3988/55312/4719/1633/132/4704/4725/4696/65018/318/4710/4700/4717/4715/4716/4712/4708/6392/5636/523/151531/6390/4714/2987/7114/4694/4724/4706/4722/4707/55967/54209/4713/4830/8382/4718/4711/4695/4709,Factor6
GO:0045814,"negative regulation of gene expression, epigenetic",135,0.4868143283687455,2.176882334563973,5.862149886983088e-9,4.710823649179609e-7,NA,3054,"tags=41%, list=20%, signal=33%",84444/6597/9112/84823/1786/25792/3070/22880/79813/23013/3192/4609/90378/11176/29128/604/8091/4001/29890/11177/3720/9355/23133/4000/4204/10336/22893/1788/10919/5253/26147/2146/57673/10155/53615/51547/10013/7022/8932/7175/353274/7874/91746/3428/54737/546/3066/58487/10664/90853/84456/25942/5252/23512/10014/9759,Factor6
GO:0009259,ribonucleotide metabolic process,301,-0.36624444928619687,-1.9292872749253054,5.840838061859904e-9,4.710823649179609e-7,NA,3007,"tags=36%, list=20%, signal=29%",126328/203/4726/481/6391/4860/79873/2618/55022/4698/5213/6820/7167/5515/51733/5138/2584/51292/55669/3479/5208/4702/256471/1740/4880/706/4832/55753/79621/3692/54539/29922/5142/8460/108/2977/5230/5223/64802/4728/1353/29789/26289/30968/3356/8850/3988/5236/55312/669/5169/4719/785/1633/132/4704/477/4725/4696/65018/318/4710/54541/4700/4717/402/4715/4716/4712/3312/4708/6392/51024/5136/6817/523/151531/8671/6390/84618/5901/10380/4714/2987/7114/572/7345/4694/4724/4706/4722/55190/4707/5571/55967/26137/3094/54209/4713/4830/8382/4718/2819/4711/4695/4709/230,Factor6
GO:0090287,regulation of cellular response to growth factor stimulus,312,0.3844001914419281,1.9165731447639995,6.156000685109283e-9,4.881870543309691e-7,NA,3483,"tags=35%, list=23%, signal=27%",8425/80139/56975/283149/6497/51341/399473/2022/7041/2817/348093/63976/25865/3611/4851/1387/11117/25/375616/2033/3690/1030/4926/117166/153090/4015/4091/2625/200734/79595/90993/81848/8321/3309/8483/860/406941/10016/11156/7021/25884/164656/7422/114990/56937/23089/9353/79812/57154/6664/94031/143282/3678/63893/55959/26524/4221/857/2734/81792/2627/8817/8312/652/6794/2887/8829/7057/57556/23090/9146/5170/7424/10468/3675/55662/28996/9480/4092/8936/9518/7498/2626/406992/4088/2200/2297/8481/3066/3175/2201/10252/255743/406937/25942/9839/28514/7157/2719/4052/5770/407050/387914/693158/1003/6423/203100/64094/7043,Factor6
GO:0046034,ATP metabolic process,179,-0.42175272205760056,-2.0918006430967235,6.534514926555563e-9,5.11474304705849e-7,NA,3007,"tags=42%, list=20%, signal=34%",126328/203/4726/481/6391/55022/4698/5213/7167/5515/2584/3479/5208/4702/256471/706/55753/3692/54539/5230/5223/64802/4728/1353/29789/26289/30968/3356/8850/3988/5236/669/5169/4719/4704/477/4725/4696/65018/318/4710/54541/4700/4717/402/4715/4716/4712/3312/4708/6392/51024/523/8671/6390/4714/7114/572/7345/4694/4724/4706/4722/4707/5571/55967/26137/54209/4713/4718/2819/4711/4695/4709/230,Factor6
GO:0048732,gland development,422,0.3488294147780837,1.7906607860535346,6.905490854717749e-9,5.335819664279984e-7,NA,3830,"tags=36%, list=25%, signal=28%",80139/3184/9612/7040/80279/5361/3911/23513/23129/6909/5371/79144/2194/2737/6722/5310/5914/3142/2736/4851/3482/7351/25/79733/1030/128239/3481/2260/6662/7421/8660/2625/790/5589/6881/3720/9095/7166/5916/7422/9464/5454/6239/6899/84159/11231/1051/2296/1813/7477/27031/2131/3169/55959/5253/382/51176/2146/6591/4192/9935/171023/857/144455/51804/1909/5970/51043/5727/3200/6658/3099/6599/2627/5311/7298/3643/3371/1435/652/6714/6794/6356/89780/8829/5629/3673/1969/6495/64220/7128/3625/81606/28996/9480/1459/26019/7498/326/5469/4088/4041/2516/10018/1181/4855/3488/5122/4313/3219/207/3175/3651/55727/8379/9423/595/5774/1392/55679/8772/6299/2735/79798/581/4781/6598/6469/4233/54206/5156/2030/1497/3213/1605/6778/4838/219409/7043/23607/1396/3549/23242/10512/6531/10765/220/284217/151449/208/5324/64065/5605/7052,Factor6
GO:0048762,mesenchymal cell differentiation,248,0.40968163929514123,1.984745490397372,1.0060454328283245e-8,7.675235219818116e-7,NA,3686,"tags=42%, list=25%, signal=32%",80139/283149/7040/3911/399473/1277/6405/2316/2022/7041/2303/6949/6934/2295/4017/9231/4851/10501/23187/2260/54437/6662/3182/10500/55698/153090/2625/200734/8091/6615/10736/80709/406941/10016/26508/8828/7422/114990/9464/2335/6899/2296/693175/65979/57715/130497/2131/10371/3169/55223/23275/51176/2146/6591/4192/55593/9820/1909/10155/1947/2668/652/25937/8092/8829/80320/23493/57556/407006/6495/1601/9221/4092/54910/407007/4088/4855/3066/84695/6093/23332/10252/81610/5076/406937/101/3037/4902/56920/90102/6469/2932/8751/693158/1605/80204/6423/7043/8482/157506/55734/90864/10512,Factor6
GO:0060840,artery development,107,0.5165116320246905,2.230746034378193,1.2971292203130536e-8,9.772247263533468e-7,NA,2333,"tags=38%, list=16%, signal=33%",4854/57178/23129/2022/6909/2737/6722/2303/6659/4851/4016/1948/4015/4091/5159/1954/1959/7021/7422/9464/6899/4035/3949/2296/1311/1281/51684/54567/4192/3340/1909/5311/652/8829/55636/23493/5629/6495/64220/4092/93,Factor6
GO:0010586,miRNA metabolic process,92,0.5371834224371469,2.2887041108996904,1.3364210013241834e-8,9.943962191334387e-7,NA,3236,"tags=43%, list=22%, signal=34%",4854/9612/7040/6597/8570/1958/6722/5914/57473/5467/283131/8061/4609/6662/4091/2625/7422/4602/2113/3725/4776/3169/6721/5155/5970/2627/6688/652/4088/5451/7015/23405/80149/7528/57510/378938/129563/7157/4086/4781,Factor6
GO:0001704,formation of primary germ layer,120,0.5019487988874225,2.2021078283134448,1.3845159212450586e-8,1.0176192021151181e-6,NA,3448,"tags=48%, list=23%, signal=38%",1294/23135/1289/4627/3912/1284/1291/5566/6722/2303/27245/4323/3690/2260/1301/4324/1303/8091/6881/1295/6615/10736/9095/8019/1290/4318/2335/2296/3679/6911/3975/3678/23275/51176/83595/2627/8312/652/89780/3673/1969/1847/3675/4088/4313/3624/64321/8324/5076/406937/2139/79798/4086/3914/3691/3676/4838/6423,Factor6
GO:1902373,negative regulation of mRNA catabolic process,59,0.6087219995737397,2.345922434159534,1.4353483797333416e-8,1.0422704439340783e-6,NA,2883,"tags=49%, list=19%, signal=40%",2521/8148/3184/9704/23367/10642/10644/3192/23435/3182/7538/10949/26986/4615/1869/10492/11187/1994/65110/7186/2668/23185/9261/8241/326340/56478/9967/54502/166863,Factor6
GO:0072006,nephron development,153,0.45133923745734805,2.063087225650047,1.8425932164182005e-8,1.3220606327800588e-6,NA,3372,"tags=44%, list=22%, signal=35%",4854/7040/3911/2828/1958/3976/2737/2303/5310/65266/3611/4851/3690/55083/4609/4643/6662/2625/5159/4811/10736/8642/79191/7021/26508/7422/5420/2296/7477/3975/130497/2131/5455/947/55959/5155/171023/51804/1909/5727/5311/2668/652/25937/153572/6495/9953/3675/9788/285/2028/2297/6580/9955/84445/793/255743/5076/29927/7475/6299/28514/10413/2719/6469/3913/5156/1497,Factor6
GO:0009199,ribonucleoside triphosphate metabolic process,205,-0.4011359975675411,-2.032442195485177,1.9300065087587123e-8,1.3684881445045598e-6,NA,3007,"tags=40%, list=20%, signal=32%",126328/203/4726/481/6391/55022/4698/5213/7167/5515/2584/55669/3479/5208/4702/256471/706/4832/55753/3692/54539/29922/5230/5223/64802/4728/1353/29789/26289/30968/3356/8850/3988/5236/669/5169/4719/4704/477/4725/4696/65018/318/4710/54541/4700/4717/402/4715/4716/4712/3312/4708/6392/51024/523/8671/6390/5901/4714/7114/572/7345/4694/4724/4706/4722/4707/5571/55967/26137/54209/4713/4830/8382/4718/2819/4711/4695/4709/230,Factor6
GO:0001837,epithelial to mesenchymal transition,171,0.4441473404054076,2.0487650984654833,2.0278800802623637e-8,1.4211666562489843e-6,NA,3483,"tags=41%, list=23%, signal=32%",80139/283149/7040/399473/1277/2316/2022/7041/6949/6934/2295/4017/9231/4851/23187/2260/6662/3182/153090/2625/200734/8091/6615/80709/406941/10016/26508/7422/114990/2296/693175/3169/55223/23275/51176/2146/6591/4192/9820/1909/10155/652/25937/8092/80320/23493/407006/1601/9221/4092/407007/4088/4855/3066/84695/6093/23332/10252/81610/406937/101/3037/90102/2932/8751/693158/1605/80204/6423/7043,Factor6
GO:1902369,negative regulation of RNA catabolic process,69,0.5665229280510558,2.2510499236890023,2.3963390013953716e-8,1.6600845013114834e-6,NA,2883,"tags=46%, list=19%, signal=38%",2521/8148/3184/9704/23367/10642/10644/3192/23435/3182/7538/10949/26986/4615/1869/10492/11187/1994/65110/7186/2668/23185/9261/8241/1736/326340/54888/56478/9967/54502/4234/166863,Factor6
GO:0043488,regulation of mRNA stability,183,0.4279525477785304,1.998475876341315,3.278771389653168e-8,2.2455858142545047e-6,NA,3097,"tags=32%, list=21%, signal=26%",2521/8148/3184/4849/85456/8570/55095/399664/219988/27327/23367/10642/677/10644/4343/3192/23435/678/155435/8761/51588/7538/84069/10949/26986/406941/4615/57690/1869/5580/10492/5976/59284/1994/7431/7186/2332/2668/23185/9261/8241/406992/326340/80149/6093/207/56478/9967/54502/129563/23112/406937/166863/406900/23019/57472/54915/57060/4850,Factor6
GO:0030324,lung development,186,0.4271631703721941,1.9995052641852558,3.3289240181421545e-8,2.2543174221733445e-6,NA,3605,"tags=43%, list=24%, signal=33%",7040/3911/4054/1291/6909/3976/2737/6722/5310/57333/9620/9231/2736/1636/4851/8985/4323/2033/9509/2260/6662/4015/2324/2355/1981/83931/7422/8914/4204/7161/7477/27031/6664/2131/3169/1281/4846/171023/342371/4311/2627/8817/3371/9963/652/9394/57493/5629/83716/9496/64220/3675/10365/28996/407975/93/1522/2200/1181/5754/1116/84695/3488/2034/10252/1392/2735/10413/2719/4781/6469/54206/5156/1605/4838/7043/91461/3596/157506/28511,Factor6
GO:0043487,regulation of RNA stability,194,0.42377598103522585,2.003843396974048,3.511053311985293e-8,2.351235367926151e-6,NA,3097,"tags=32%, list=21%, signal=26%",2521/8148/3184/4849/85456/8570/55095/124245/399664/219988/27327/23367/10642/677/10644/4343/3192/23435/678/155435/8761/51588/7538/84069/10949/26986/406941/4615/57690/1869/5580/10492/5976/59284/1994/7431/7186/2332/2668/23185/9261/8241/1736/406992/326340/80149/6093/54888/207/56478/9967/54502/129563/4234/23112/406937/166863/406900/23019/57472/54915/57060/4850,Factor6
GO:0061013,regulation of mRNA catabolic process,198,0.4236379047374525,2.0135705420970065,3.9036860110159754e-8,2.5573386509123132e-6,NA,3097,"tags=32%, list=21%, signal=26%",2521/8148/3184/4849/85456/8570/55095/399664/219988/9704/27327/23367/10642/677/10644/4343/3192/23435/678/155435/3182/8761/51588/7538/84069/10949/26986/406941/4615/57690/1869/5580/9567/10492/5976/11187/59284/1994/7431/65110/7186/2332/2668/23185/9261/8241/406992/326340/80149/6093/207/56478/9967/54502/129563/23112/406937/166863/406900/23019/57472/54915/57060/4850,Factor6
GO:0007160,cell-matrix adhesion,214,0.40992258841477014,1.9585255384740061,3.901821513696189e-8,2.5573386509123132e-6,NA,3646,"tags=42%, list=24%, signal=32%",6548/7791/11093/87/6722/5310/7059/3611/50509/1305/11117/3728/3674/25/1613/4323/3690/25992/604/7414/4811/1009/2041/4059/7422/2335/7094/2017/1029/9448/3679/1281/3678/947/5328/55920/6614/401827/81792/23499/1307/9647/1435/6714/51754/960/8829/7057/3673/8174/4585/3675/10391/9480/22795/9344/4088/22801/123720/63923/10018/8515/88/5054/6093/89/10395/3175/3672/1946/23332/255743/6376/916/7248/90102/79987/2932/3691/8751/10516/3676/1605/613/8500/10631/8861/3693/9748,Factor6
GO:2000628,regulation of miRNA metabolic process,83,0.5422177241343118,2.2642459857465567,4.2041958147610486e-8,2.7245901264048217e-6,NA,2756,"tags=40%, list=18%, signal=33%",4854/9612/7040/6597/1958/6722/5914/57473/5467/283131/8061/4609/6662/4091/2625/7422/4602/2113/3725/4776/3169/6721/5155/5970/2627/6688/652/4088/5451/7015/80149/7528/378938,Factor6
GO:0043484,regulation of RNA splicing,153,0.43981207068332795,2.0103961486380117,6.112706068960099e-8,3.919285050810907e-6,NA,3381,"tags=39%, list=23%, signal=30%",2521/3181/6625/3189/51341/984/22985/26528/7536/4691/10250/113146/348093/4858/8295/5430/58517/65109/3192/5725/1196/9130/6881/728642/2648/29890/284695/81669/23076/55082/5976/11030/10181/10657/282996/11338/65110/2332/2081/29896/57018/389677/8241/91746/6314/3187/1198/5394/3167/9967/54502/3178/10921/4857/57060/54845/79171/286676/27332,Factor6
GO:1902893,regulation of miRNA transcription,73,0.5574677617035834,2.2422010464819535,6.355595051832686e-8,4.0321233028837475e-6,NA,2656,"tags=41%, list=18%, signal=34%",4854/9612/7040/6597/1958/6722/5914/57473/5467/8061/4609/6662/4091/2625/7422/4602/2113/3725/4776/3169/6721/5155/5970/2627/6688/652/4088/5451/7015/7528,Factor6
GO:0048562,embryonic organ morphogenesis,281,0.37953998285435864,1.8637383319525562,6.508562099745298e-8,4.086156643246345e-6,NA,3493,"tags=37%, list=23%, signal=29%",23513/7703/54345/2022/6909/2737/6722/2303/348093/2295/4237/3142/4851/7855/4323/9968/2260/6662/1301/11078/2625/388591/1954/10736/860/5916/170961/9464/6899/5013/57053/65979/6911/27031/6664/9132/3975/130497/57216/116039/51684/2290/9935/668/7020/51804/3340/1909/3200/5311/652/8092/129880/121643/89780/55636/525/5629/1969/6495/64220/26005/5079/84678/28996/3373/1855/80184/2626/340784/4088/10194/2200/5754/3219/8557/3167/64321/25836/2201/222662/2048/5076/9423/2735/1280/28514/10413/1856/7289/4522/3784/4647/6469/5459/9096/9645/5156/3213/613/4838/2535/7043/3199,Factor6
GO:0035924,cellular response to vascular endothelial growth factor stimulus,64,0.5733798515104144,2.2629963832029834,6.71258613147796e-8,4.132586551141066e-6,NA,2370,"tags=42%, list=16%, signal=36%",4641/25865/4851/11117/5606/153090/2324/5159/8877/11156/8828/7422/2296/2321/5293/54567/1960/5970/81792/2081/8829/57556/9261/7424/3315/7498/2619,Factor6
GO:0030323,respiratory tube development,190,0.4262894542160478,2.0032004393879426,6.71965292868466e-8,4.132586551141066e-6,NA,3605,"tags=43%, list=24%, signal=33%",7040/3911/4054/1291/6909/3976/2737/6722/5310/57333/9620/9231/2736/1636/4851/8985/4323/2033/9509/2260/6662/4015/2324/2355/1981/83931/7422/8914/4204/7161/7477/27031/6664/2131/3169/1281/4846/171023/342371/4311/2627/8817/3371/9963/652/9394/57493/5629/83716/9496/64220/3675/10365/28996/407975/93/1522/2200/1181/5754/1116/84695/3488/2034/10252/1392/2735/10413/7289/2719/4781/6469/54206/5156/1605/4838/7043/91461/3596/51696/157506/28511,Factor6
GO:0060349,bone morphogenesis,93,0.5196525948860553,2.2110637652076135,7.33398946815923e-8,4.464843891373301e-6,NA,3038,"tags=45%, list=20%, signal=36%",85301/7040/4054/6497/1277/2737/7059/5914/4209/1305/4323/59341/6662/1954/2355/4322/860/5916/4882/2296/1311/2131/1281/116039/871/7020/2734/8817/25987/652/6781/60676/249/4041/3636/387733/89/22856/285973/3037/162466/1280,Factor6
GO:0007492,endoderm development,83,0.5352335144005606,2.235080637309254,7.51576052174425e-8,4.52974886645526e-6,NA,2732,"tags=46%, list=18%, signal=38%",1294/1289/4627/7040/3912/1284/1291/27327/4851/677/4323/9968/3915/1301/4324/1303/8091/1295/8019/1290/4318/2335/3679/3975/2131/3678/83595/2627/652/1847/5083/2626/4088/4313/3624/23648/3175/64321,Factor6
GO:0001667,ameboidal-type cell migration,225,0.39754959829450603,1.912255965918673,7.694677542682645e-8,4.591665499975079e-6,NA,3044,"tags=36%, list=20%, signal=29%",57124/25930/7040/3911/6405/5371/3611/51466/10501/5467/25959/3690/54437/6662/10500/55698/153090/8660/7016/1954/9922/6615/29941/9590/8828/7422/56413/4318/9464/6239/2335/6899/84159/9448/65979/57715/10371/7145/199953/5335/83481/382/55920/85360/1909/9124/23499/1947/9647/7162/2668/652/6714/10013/393/8829/7057/57556/5629/3673/407006/3675/54910/10163/407007/4041/5585/154810/6093/207/3640/2768/64321/2201/23332/406937/3037/51421/9839/4902/56920,Factor6
GO:0006123,"mitochondrial electron transport, cytochrome c to oxygen",17,-0.811253655296553,-2.3912861336572373,1.0143021361556308e-7,5.993332328049007e-6,NA,836,"tags=65%, list=6%, signal=61%",1346/1327/1350/1340/9167/1351/1329/1347/1349/1337/4697,Factor6
GO:0061614,miRNA transcription,74,0.5559195580545199,2.2413552254718314,1.231374283379805e-7,7.136050774932774e-6,NA,2656,"tags=41%, list=18%, signal=34%",4854/9612/7040/6597/1958/6722/5914/57473/5467/8061/4609/6662/4091/2625/7422/4602/2113/3725/4776/3169/6721/5155/5970/2627/6688/652/4088/5451/7015/7528,Factor6
GO:0006397,mRNA processing,395,0.3462795773704736,1.7710371553383435,1.2229041506370902e-7,7.136050774932774e-6,NA,3298,"tags=33%, list=22%, signal=26%",23524/6294/3181/221092/58506/6625/8106/3189/29894/220988/51341/8175/5411/23144/984/22985/8570/4670/26528/5566/7536/4691/10250/51747/51593/10262/348093/10180/4858/80324/8189/9092/55131/9667/9785/3609/677/6421/58517/8233/65109/3192/5725/51564/23435/9130/23759/55119/728642/29890/10949/51631/11325/26986/284695/10432/10915/104/23091/23076/79811/56949/6830/55082/23248/11100/10291/25862/10492/5976/57187/55692/11030/3297/10181/10657/282996/11338/51329/65110/23020/2332/11168/2081/29896/8449/26993/8241/51755/26576/91746/79872/1025/3187/55677/144983/8621/63935/55094/54888/57680/9879/199746/5394/3167/79760/55015/10236/9967/79869/54502/3178/64852/10921/79706/115708/4857/10992/57060/7375/55596/27288/10914/54517/54845/10594/9984/79171/26121,Factor6
GO:0001701,in utero embryonic development,366,0.35186620677267555,1.784338081638251,1.2507658784625133e-7,7.1793961423748265e-6,NA,3374,"tags=34%, list=22%, signal=27%",4849/4627/4678/7703/7262/57178/54345/26173/3976/2737/6722/57167/5310/284723/29924/3714/23250/4851/8985/677/7855/80790/8061/79733/3481/2260/4643/115/2625/4097/10568/6881/63925/6615/2648/7516/7004/5045/54880/7422/79147/9464/56949/1051/54892/5930/2296/6830/7477/22846/1281/57187/5335/4846/26524/51176/5155/705/144455/7026/1909/8178/10155/53615/5727/65110/2627/5311/8312/9394/57493/89780/23764/11232/55636/23493/7014/10733/26005/2068/91746/10365/26259/9997/3856/5469/4088/10018/84296/26469/639/56957/10664/54888/57680/387733/207/2768/27022/85451/2034/81502/2623/9021/64321/8521/83605/64359/9644/166863/23019/338/320/25942/79893/7157/79798/10413/2707/1111/9871/6598/23038/5156/55723/824,Factor6
GO:1903312,negative regulation of mRNA metabolic process,74,0.5546999031156283,2.2364378234287665,1.3361704066626935e-7,7.597263246184956e-6,NA,3071,"tags=49%, list=20%, signal=39%",2521/8148/3184/3181/22985/9704/23367/10642/10644/3192/5725/23435/3182/7538/10949/26986/4615/1869/10492/11187/282996/11338/1994/65110/7186/2668/23185/9261/8241/326340/56478/9967/54502/166863/10921/57060,Factor6
GO:0002064,epithelial cell development,205,0.40320560710332864,1.9157700970145326,1.398031125620584e-7,7.874704293565663e-6,NA,3328,"tags=38%, list=22%, signal=30%",85301/7040/91663/80781/2828/54345/2316/2194/2303/688/50943/5914/2931/4851/8985/5872/7855/4643/6662/440193/7414/2355/23094/2683/4825/5916/7422/5420/54507/4615/2889/9294/7477/3169/5155/171023/6382/1909/7431/27134/6494/7298/652/6714/57493/3383/5629/6781/1969/84283/54106/5170/51092/9480/353116/2810/2195/639/546/5802/6093/207/1365/2034/2623/3175/83605/51421/57835/54538/9414/28514/23022/10413/3913/4233/2932,Factor6
GO:0007178,cell surface receptor protein serine/threonine kinase signaling pathway,354,0.35399860934726013,1.78267260348085,1.42295536116239e-7,7.940881446042338e-6,NA,3483,"tags=32%, list=23%, signal=25%",8425/80139/283149/7040/4054/6497/51341/399473/7791/23144/57178/2022/7041/1958/5371/1278/2615/348093/63976/3611/4851/1387/11117/25/375616/2033/268/1030/4926/117166/5829/4015/4091/1954/200734/79595/56926/8321/3309/8483/860/5045/7021/25884/164656/114990/56937/23089/3725/57154/4035/6664/4053/1311/94031/2131/1281/63893/11030/26524/4221/51176/857/2734/2627/8312/652/6714/25937/644815/6794/7057/23090/1601/5170/25970/3625/10468/3675/28996/9480/4092/9518/93/2626/406992/4088/2200/2297/3066/3624/3175/2201/10252/255743/406937/285704/25942/9839/7157/3096/2719/4086/142/9392/4052/407050/7554/1003/4838/6423/203100/7043,Factor6
GO:0051056,regulation of small GTPase mediated signal transduction,264,0.37913875420334603,1.8462161243482027,1.5379630935847773e-7,8.503948224803167e-6,NA,3830,"tags=39%, list=25%, signal=29%",9170/57572/2828/10603/4650/9138/8831/7410/55114/9909/57636/84033/2245/4851/26053/396/25/25959/153090/604/7249/23268/23636/81848/9922/23616/22899/23094/2305/9266/9828/9353/55738/9639/8729/9448/7204/1281/382/9181/57186/27352/85360/9928/8216/51291/9267/6494/23370/116985/57449/1435/6714/393/23108/57493/8829/54869/201176/392/9265/6654/3675/64926/26030/27/867/28964/257106/152273/10395/10252/2048/22821/8567/153478/90167/57706/11214/57480/54922/64787/84986/64759/4233/2149/9826/613/23607/50649/5922/221178/90627/58504/23096/23189/8473/2064/22898/79933/50619/7052,Factor6
GO:0006260,DNA replication,234,0.3881027862753995,1.8799276809336256,1.6070376957135026e-7,8.805105629150254e-6,NA,3809,"tags=41%, list=25%, signal=31%",4782/9401/4678/58525/63922/5426/25792/10036/116447/81620/197342/2736/3978/27154/79733/27000/2260/7150/604/3159/5424/4784/5763/11177/80174/8914/11284/5930/10919/4172/5976/29980/6282/4176/144455/348654/9126/898/5937/5442/10498/374393/5428/11198/5753/11232/7014/990/55159/83444/63901/4173/57523/1025/54108/4798/79915/51750/84515/84296/9400/546/8317/4174/54617/7528/84289/23649/993/8208/4175/80119/10721/353497/25942/7349/2735/4171/7157/26057/51514/4781/1111/142/54891/83743/29935/26271/5427/6749/11169/64061/91603/2237/1877/9156/222229,Factor6
GO:0022407,regulation of cell-cell adhesion,449,0.33302806238349614,1.7186105671716945,1.7029315639217362e-7,9.246458140320995e-6,NA,3987,"tags=35%, list=27%, signal=27%",80139/23476/25930/6666/7040/91663/6597/23513/57178/6461/1725/2737/2615/79414/8289/6659/50943/5914/177/115650/9092/266727/9231/3142/2736/4851/11117/8740/25/8943/2033/5598/135/3481/55083/59341/1948/10076/604/2625/6522/80709/864/146850/7422/79679/8728/5420/3561/57492/5074/2113/1051/80381/1445/1029/53827/3718/5580/7535/7297/3169/11187/259307/6046/51176/1960/4192/857/5970/51043/868/3902/10019/6599/64332/1947/9647/6688/652/6714/8440/960/89780/407006/53833/5170/84807/441478/64926/4092/27/970/5100/2810/9580/8651/407007/3566/27242/2650/60/239/4855/84695/51206/80149/8654/1803/207/65125/9435/1946/5329/8379/6376/101/5592/2525/3037/8772/30835/916/939/6541/6602/55193/6401/6598/6469/1952/10288/170692/84034/3676/4838/3654/84433/9223/7532/2811/6387/2526/338879/3549/6595/2064/3458/8808/55423/23149/430/55274/2309/7292/10725/2534/1236/4771,Factor6
GO:0141091,transforming growth factor beta receptor superfamily signaling pathway,332,0.35714297301041814,1.7959421995225133,1.8526023706490469e-7,9.969316507055183e-6,NA,3483,"tags=32%, list=23%, signal=25%",8425/80139/283149/7040/4054/6497/51341/399473/7791/23144/57178/2022/7041/1958/5371/1278/2615/348093/63976/3611/4851/1387/25/375616/2033/1030/4926/117166/5829/4015/4091/1954/200734/79595/56926/8321/3309/8483/860/5045/7021/25884/164656/114990/56937/23089/3725/57154/6664/4053/1311/94031/2131/1281/63893/26524/4221/51176/857/2734/2627/8312/652/6714/644815/6794/7057/23090/1601/5170/3625/10468/3675/28996/9480/4092/9518/93/2626/406992/4088/2200/2297/3066/3624/3175/2201/10252/255743/406937/285704/25942/9839/7157/3096/2719/4086/142/9392/4052/407050/7554/1003/4838/6423/203100/7043,Factor6
GO:0003002,regionalization,387,0.3387068172557536,1.730633519625984,1.8723532307909324e-7,9.986436214138892e-6,NA,3306,"tags=30%, list=22%, signal=24%",3911/7703/6497/6405/54345/2022/6909/2737/6722/2303/649/2736/4851/7855/2033/9968/2260/5089/4091/388591/1954/54626/6881/5681/56926/6615/2648/7516/10736/1959/8553/9355/79191/5916/26508/8828/221400/9464/6899/5013/2296/84667/7477/6911/27031/3975/4010/130497/2131/3169/57216/2622/51684/54567/51176/2290/9935/7026/5727/199221/3200/5362/5311/8312/80114/2668/652/129880/121643/89780/8829/23493/153572/6495/26005/92129/84678/28996/284086/441478/1855/55764/93/63950/168507/5100/2626/4088/23432/4041/10194/2297/8481/3219/23648/5591/8557/2018/7528/22856/64321/10252/5076/65057/57801/118856/2735/28514/7157/1856/7289/2719/120237/6469/1952/9096/9645,Factor6
GO:0044282,small molecule catabolic process,330,-0.3286093081805394,-1.7409625999442822,2.2422934863862007e-7,1.1854651616183888e-5,NA,3466,"tags=35%, list=23%, signal=28%",6342/3034/10690/130013/60496/1962/3295/2110/5625/4351/5825/549/2523/348/27034/122970/1666/125061/5194/4329/2720/4860/26275/5264/22875/5009/5213/2954/2571/80150/7167/51733/4835/10588/3033/2584/51268/2166/60489/254552/4051/5208/81602/10007/1629/384/2639/3028/10005/8277/51302/197257/5446/5230/5223/36/10327/51390/34/217/3155/84693/11315/25953/5053/2752/7915/18/283927/56922/23464/874/3423/10993/5236/5191/51/26061/2572/2098/84879/132789/5019/51181/38/11112/3032/64080/7263/594/3029/35/1892/2108/4942/51071/5096/6817/9784/5095/84750/151531/152926/2805/572/54511/2746/128/10840/56898/8528/1036/51084/3176/1428/1610,Factor6
GO:0060070,canonical Wnt signaling pathway,297,0.36481182736331264,1.8060497458717906,2.50560295651901e-7,1.3131538277339194e-5,NA,3328,"tags=35%, list=22%, signal=28%",80139/283149/7040/83439/1277/1291/1958/607/1453/2737/8325/6659/6934/3611/1454/2931/4851/7855/84327/3728/1613/57664/63977/6662/643965/440193/1857/6907/10076/153090/2625/7090/4811/8629/8321/6615/5916/261734/11211/7483/139886/2010/7477/3487/27031/2131/1455/55959/1500/26524/51176/6591/4192/55593/857/6382/1909/83595/343637/8312/7162/51339/80114/6714/25937/6794/83999/89780/1601/10297/441478/1855/54795/9580/4088/4041/63923/2297/259266/5754/8994/84445/23394/9679/57680/65125/79705/64321/8324/406937/7089/7475/9839/2735/6477/10413/1856/2719/53944/6469/8658/9096/2932,Factor6
GO:0060348,bone development,190,0.41628688817061554,1.9561968260002611,2.8119976163358783e-7,1.4610266925565809e-5,NA,3483,"tags=41%, list=23%, signal=32%",633/85301/56975/11173/7040/4054/6497/1277/2022/1291/2737/645811/7059/5914/4209/285590/1305/4323/59341/6662/2121/4015/1954/2355/4322/2648/860/8642/5916/4882/2296/1311/2131/54796/1281/116039/871/55959/171023/124565/7020/2734/81792/64131/80263/8817/25987/652/6714/6781/60676/249/4041/2200/63923/3636/387733/89/22856/79705/285973/537/3037/162466/1280/5600/11214/7157/7289/4086/5026/8111/6261/4665/9321/2778/7043,Factor6
GO:0090092,regulation of transmembrane receptor protein serine/threonine kinase signaling pathway,267,0.3721853742368894,1.8176642387565416,2.8681754330890524e-7,1.4774780628399759e-5,NA,3483,"tags=32%, list=23%, signal=25%",8425/80139/283149/7040/6497/51341/399473/23144/2022/7041/348093/63976/3611/4851/1387/11117/25/375616/2033/268/1030/4926/117166/4015/4091/200734/79595/56926/8321/3309/8483/7021/25884/164656/114990/56937/23089/57154/4035/6664/94031/63893/26524/4221/857/2734/2627/8312/652/6794/7057/23090/1601/5170/25970/10468/3675/28996/9480/4092/9518/93/2626/406992/4088/2200/2297/3066/3624/3175/2201/10252/255743/406937/25942/9839/7157/2719/142/4052/407050/1003/4838/6423/203100/7043,Factor6
GO:0035904,aorta development,61,0.5653819003080653,2.203762817215034,3.041970624049334e-7,1.5537251653512997e-5,NA,2119,"tags=43%, list=14%, signal=37%",23129/2022/6909/6722/6659/4851/4016/1948/4015/4091/5159/1954/1959/7021/6899/4035/1281/51684/54567/3340/1909/5311/55636/23493/5629/6495,Factor6
GO:0031507,heterochromatin formation,106,0.4877211038400623,2.1055382433265764,3.241901670048148e-7,1.6395017464060622e-5,NA,3034,"tags=40%, list=20%, signal=32%",84444/6597/84823/1786/25792/3070/22880/79813/23013/3192/90378/11176/29128/604/8091/4001/29890/11177/3720/23133/4000/4204/10336/22893/1788/10919/5253/2146/57673/10155/53615/8932/7175/91746/54737/546/3066/10664/90853/84456/25942/23512,Factor6
GO:0008380,RNA splicing,369,0.3432198132235196,1.7400780665176359,3.2643140794545787e-7,1.6395017464060622e-5,NA,3298,"tags=33%, list=22%, signal=26%",2521/23524/8148/3181/221092/58506/6625/3189/220988/51341/8175/5411/984/22985/8570/4670/26528/7536/4691/84687/10250/113146/51747/10262/348093/10180/4858/80324/8295/5430/9092/55131/9785/3609/6421/58517/8233/65109/3192/5725/23435/1196/9130/283742/23759/55119/6881/728642/2648/29890/51631/11325/26986/284695/81669/10432/10915/23091/23076/56949/6830/55082/11100/10291/25862/10492/5976/57187/55692/11030/10181/10657/282996/11338/51329/65110/23020/2332/11168/2081/29896/8449/57018/389677/26993/8241/51755/26576/91746/6314/3187/55677/144983/8621/1198/10199/55094/9879/199746/5394/3167/79760/55015/10236/9967/54502/3178/10921/79706/4857/10992/57060/7375/55596/27288/54517/54845/10594/9984/79171/26121,Factor6
GO:0010717,regulation of epithelial to mesenchymal transition,108,0.478647906823378,2.0699253142654217,3.6496101675213486e-7,1.817867808235634e-5,NA,3483,"tags=43%, list=23%, signal=33%",80139/283149/7040/399473/1277/2022/7041/6934/4017/4851/23187/153090/2625/200734/6615/406941/7422/114990/2296/693175/3169/55223/23275/51176/2146/4192/652/25937/8092/407006/1601/4092/407007/4088/3066/23332/10252/406937/101/90102/2932/693158/1605/80204/6423/7043,Factor6
GO:0048255,mRNA stabilization,51,0.600404201579723,2.2478428346673653,3.8186315646449785e-7,1.8864665934520724e-5,NA,2883,"tags=49%, list=19%, signal=40%",2521/8148/3184/23367/10642/10644/3192/23435/7538/10949/26986/4615/1869/10492/1994/7186/2668/23185/9261/8241/326340/56478/9967/54502/166863,Factor6
GO:0072089,stem cell proliferation,109,0.47600384320914535,2.0621349494388284,3.964684622488996e-7,1.942695465019608e-5,NA,3448,"tags=42%, list=23%, signal=33%",374887/7040/4054/6461/54345/10763/2737/54487/1636/4851/677/3192/2260/6662/8091/10736/860/5916/7477/2192/6664/5292/116039/947/705/6591/342371/5727/898/3200/2120/407006/7424/2068/2810/407007/7015/3167/64321/7157/3148/10413/4781/6469/407050/6423,Factor6
GO:0007162,negative regulation of cell adhesion,267,0.36880725947843185,1.8011663352495761,4.201395056464946e-7,2.0420812907511475e-5,NA,2896,"tags=32%, list=19%, signal=26%",55558/80139/7040/3339/91663/5361/23513/1277/23129/4582/2737/2615/23654/81/50943/9231/3142/4851/25/4323/5598/135/59341/604/81848/6522/80709/864/7422/79679/5420/5074/1051/1029/53827/3718/5580/9448/2192/5365/259307/6591/55920/4192/51043/868/3902/10019/6904/5362/6494/9647/3371/6688/652/6714/7057/57556/407006/53833/10391/441478/4092/79872/8651/407007/3566/285/27242/239/4855/84695/4313/5054/80149/8654/207/10395/65125/1946/2048/8324/8379/6376/5592,Factor6
GO:0007389,pattern specification process,428,0.33180743092022613,1.707577384445973,4.484523752248972e-7,2.1622579723843645e-5,NA,3502,"tags=31%, list=23%, signal=25%",3911/7703/6497/6405/54345/2022/6909/8831/2737/6722/2303/649/2736/4851/7855/2033/9968/2260/5089/4091/388591/1954/54626/6881/5681/56926/6615/2648/7516/10736/1959/8553/9355/8642/79191/5916/26508/8828/54880/221400/9464/6899/5013/2296/84667/7477/6911/27031/3975/4010/130497/2131/3169/57216/116039/2622/51684/54567/51176/2290/9935/7026/5727/199221/3200/5362/5311/1947/8312/80114/2668/652/129880/121643/89780/8829/23493/153572/6781/6495/26005/92129/10297/84678/10468/28996/284086/441478/1855/55764/93/63950/168507/5100/2626/4088/23432/4041/10194/2297/8481/3219/23648/5591/8557/2018/7528/22856/64321/10252/5076/65057/57801/7475/50805/118856/2735/28514/7157/1856/7289/2719/4086/120237/6469/1952/9096/9645/3213/4838/6423/56917/3199/2186,Factor6
GO:0042692,muscle cell differentiation,374,0.3417695932585023,1.7394716754491089,4.954386634195031e-7,2.3632451626819306e-5,NA,3382,"tags=35%, list=23%, signal=28%",30846/23135/8038/4627/7040/3912/6548/1760/6497/2022/1291/87/6909/4621/607/1786/6722/8912/688/81/348093/5914/84033/23250/2931/4851/8740/7290/4323/3192/5725/3481/6662/117166/3915/170689/1948/85474/4015/9794/5159/4811/2539/2648/79191/4608/10290/9150/7422/4000/4204/79147/6899/284358/4776/5738/6830/57538/693175/1311/4629/5155/2146/200539/23363/51804/6382/1909/115701/4772/4606/2314/2627/825/652/89780/23493/5629/407006/6495/10398/10938/54910/9518/1025/9149/3856/2626/64208/407007/3566/7373/4855/88/3488/10664/8557/89/7528/207/55122/8506/284612/255743/2318/8324/406937/3475/5592/55909/488/5600/9254/10014/9759/7248/11214/4625/28514/26057/4086/1793/6469/3913/4703/9096/246329/5156/11096/824/6261,Factor6
GO:0050673,epithelial cell proliferation,422,0.32502489669920037,1.6684640467622789,4.979793191647672e-7,2.3632451626819306e-5,NA,3448,"tags=32%, list=23%, signal=25%",80139/7040/3912/3339/3911/2022/6909/6934/25865/4017/51157/3142/4851/677/5467/4323/3690/283131/1030/128239/3481/2260/4609/6662/3915/7421/1948/153090/2324/8660/29128/2625/7051/7538/1295/2683/860/864/4825/406941/10016/8828/7422/6239/6899/79812/1051/1813/22846/3487/5365/6664/130497/4831/116039/2321/947/5335/81285/55959/170302/83481/5293/54567/1960/5155/6591/4192/857/51804/7026/5727/64332/57521/599/2081/652/6794/10013/6356/89780/8829/151306/7057/1621/5629/1969/6495/1601/5170/7128/51092/10468/441478/9572/9788/2833/7498/2810/8805/5469/407007/4088/2524/3488/5591/207/3167/949/3651/2896/8324/5076/3037/595/79400/55679/2301/9839/2735/3148/581/10413/2719/51146/4781/6469/6331/54206/3676/6778/4838/6423,Factor6
GO:0035107,appendage morphogenesis,138,0.44285432470152464,1.9930480255890626,5.165535231185279e-7,2.413386111500285e-5,NA,3710,"tags=44%, list=25%, signal=34%",6497/1291/6909/4621/2737/57167/775/4851/1387/2260/6662/5089/1954/860/1889/5916/7021/9464/4882/130497/2131/1281/116039/51222/51176/23288/7020/5727/5362/652/55636/9496/26005/100131390/1382/55764/5469/4041/10018/546/3066/2768/25836/2201/6468/65057/6299/1280/140467/581/7289/2719/6469/54206/6423/91461/8434/157506/3549/10512/9742,Factor6
GO:0035108,limb morphogenesis,138,0.44285432470152464,1.9930480255890626,5.165535231185279e-7,2.413386111500285e-5,NA,3710,"tags=44%, list=25%, signal=34%",6497/1291/6909/4621/2737/57167/775/4851/1387/2260/6662/5089/1954/860/1889/5916/7021/9464/4882/130497/2131/1281/116039/51222/51176/23288/7020/5727/5362/652/55636/9496/26005/100131390/1382/55764/5469/4041/10018/546/3066/2768/25836/2201/6468/65057/6299/1280/140467/581/7289/2719/6469/54206/6423/91461/8434/157506/3549/10512/9742,Factor6
GO:0007229,integrin-mediated signaling pathway,103,0.4794447915931557,2.0589693787603998,5.550524212943703e-7,2.5733084178008997e-5,NA,3917,"tags=45%, list=26%, signal=33%",4627/3912/3911/7791/11093/2316/3611/9564/9510/3674/25/3690/3915/4811/27040/2335/7094/3679/65979/1281/4831/3678/84106/55920/1307/6714/8829/3673/8174/3675/22801/8515/84695/3672/83605/55679/1793/3913/3691/8751/3676/8482/3693/284217/667/1015,Factor6
GO:0071559,response to transforming growth factor beta,265,0.37265879696537907,1.8175487441190579,5.904020767960328e-7,2.716300241869992e-5,NA,3498,"tags=33%, list=23%, signal=26%",8425/80139/283149/7040/4054/6497/51341/399473/7791/1277/57178/1284/2022/7041/25878/5371/1278/2615/63976/1387/677/25/2033/5598/1030/678/6662/117166/5829/4015/4091/200734/79595/463/3309/8483/5045/864/114990/56937/23089/3725/57154/6664/4053/94031/1281/26524/4221/857/2734/4772/3480/64332/8312/6714/6794/7057/1601/5170/3675/28996/9480/4092/9518/4088/2200/3066/6093/3175/2201/10252/255743/406937/25942/9839/7157/4086/142/9392/4052/407050/1003/4838/203100/7043/23607/10631,Factor6
GO:0048863,stem cell differentiation,237,0.38493961358426554,1.8616053641855228,7.824465385888791e-7,3.5725797636933134e-5,NA,3159,"tags=35%, list=21%, signal=28%",9739/6548/3911/4054/6405/9112/54345/6909/3976/6722/2303/6949/1636/4851/10501/25/3192/678/1106/2260/54437/54815/6662/440193/10500/55698/1108/8091/7538/8321/1107/3720/860/10016/8828/9464/2335/6899/2296/65979/57715/130497/2131/10371/3169/57459/26147/2146/6591/55593/1909/53615/10019/79918/2627/1947/83959/2668/652/8829/57556/6495/51755/81606/9221/2068/54910/63950/5469/8621/3066/54888/5591/64321/3651/5076/2/4902/56920/7157/10413/54517,Factor6
GO:0043588,skin development,267,0.36513471205130466,1.7832304930980314,8.051534929423329e-7,3.6486166180176244e-5,NA,3517,"tags=31%, list=23%, signal=25%",1289/3911/1277/54345/1291/1278/6722/5310/64434/27245/50509/2736/4851/677/3728/7062/1364/4926/9509/6662/7421/7051/51588/2355/7538/6615/9355/7021/1290/4615/2296/114803/8643/1311/2131/1594/1281/4831/11187/51684/26524/2146/9935/5970/25833/64332/2627/7922/3673/1969/84283/6654/2068/10468/3675/144501/2810/5469/239/10058/3066/3488/3624/1718/6093/54888/3713/94234/84518/2118/28514/23022/10413/2707/6469/4233/54206/3691/6261/613/1775/2778/4050/54101,Factor6
GO:0003179,heart valve morphogenesis,59,0.5611752145790472,2.162684322723909,9.317337399728075e-7,4.190715858817993e-5,NA,2610,"tags=42%, list=17%, signal=35%",7040/161882/6659/4851/11117/6662/4091/2625/2006/1009/6615/8642/26508/9353/53834/4846/54567/6591/4772/652/23493/6586/64220/2626/6093,Factor6
GO:0045765,regulation of angiogenesis,287,0.35394511813255425,1.7417967997593182,9.404936109065214e-7,4.1987814762471144e-5,NA,2891,"tags=28%, list=19%, signal=23%",374887/8038/3339/6915/2828/1284/23129/2022/5371/126393/2303/79924/29924/25865/9510/11117/3728/25/10298/5598/3690/153090/4881/8091/90993/8877/2041/10016/146850/7422/4204/6464/2113/1870/2296/55810/22846/57381/3678/2321/947/5335/4846/5293/4192/5970/3099/2627/8817/6356/8829/7057/57556/9146/1969/407006/5170/7128/5740/10365/28996/3373/3315/2833/2626/1647/406992/407007/285/63923/7015/1116/5054/80149/6093/65125/2896/83605/6376/406937/406900,Factor6
GO:0002062,chondrocyte differentiation,103,0.47204967263892617,2.0272111372568196,9.631483944077305e-7,4.2683054213936696e-5,NA,1945,"tags=34%, list=13%, signal=30%",85301/11173/7040/4054/2737/4209/4017/2260/6662/1301/64764/8091/2355/10736/860/864/5916/4882/7483/1311/130497/2131/1281/116039/871/55959/51222/6591/4192/4094/2734/81792/8817/25987/652,Factor6
GO:0098754,detoxification,130,-0.4228515859154547,-1.9889397104013773,9.720088134484866e-7,4.276129283689072e-5,NA,3645,"tags=39%, list=24%, signal=30%",5243/4494/1728/55532/655/51109/3049/55937/348/3240/55244/241/2954/10314/407046/6280/23530/26034/2936/10327/11315/4489/2882/10549/2098/216/3043/6647/847/2879/4258/4151/5052/6565/4493/2950/127700/25824/128/2876/27244/7001/4501/4499/10935/84817/4259/9446/4504/9429/2947,Factor6
GO:0048024,"regulation of mRNA splicing, via spliceosome",85,0.5096039231707656,2.145657057056448,1.171542303768384e-6,5.087953705572465e-5,NA,3071,"tags=41%, list=20%, signal=33%",3181/6625/51341/22985/26528/7536/4691/10250/348093/4858/58517/65109/3192/5725/29890/55082/5976/11030/10181/10657/282996/11338/65110/2332/29896/8241/91746/5394/3167/9967/54502/3178/10921/4857/57060,Factor6
GO:0003206,cardiac chamber morphogenesis,122,0.4509271558361537,1.9823625828265654,1.1734288453203462e-6,5.087953705572465e-5,NA,2414,"tags=34%, list=16%, signal=28%",7040/10848/2022/6909/161882/6722/2303/6659/5914/2931/9510/4851/1301/4091/2625/8321/26508/8828/9464/9353/6899/53834/2296/6664/4846/54567/1909/2627/652/57493/5457/8829/55636/23493/5629/6586/6654/4092/407975/2626/5469,Factor6
GO:0030217,T cell differentiation,294,0.35298487436877746,1.746561002043354,1.2239494467834492e-6,5.2691023684027484e-5,NA,3270,"tags=31%, list=22%, signal=25%",602/23476/6666/7040/6597/57178/6461/1958/2737/161882/6722/8289/8325/6659/50943/5914/3714/9092/3142/2736/10312/677/7855/2175/25/8943/2033/678/604/2625/6522/2355/2648/860/864/146850/4602/3561/57492/1029/3718/7535/5971/257101/5293/4221/259307/54567/6046/51176/1960/4192/9935/23598/51043/3902/6599/64332/6688/652/6794/55636/10945/6654/84807/441478/4092/79840/9580/326/8651/3566/60/639/84695/1209/80149/5591/9021/8324/101/8772/916/939/5296/7248/7157/6602/79798/55193/6598/6469,Factor6
GO:0022409,positive regulation of cell-cell adhesion,301,0.35572764124697465,1.7641914693830796,1.3008461123927835e-6,5.560425191057663e-5,NA,3961,"tags=37%, list=26%, signal=28%",23476/25930/6666/7040/6597/57178/6461/1725/2737/8289/6659/50943/5914/177/115650/9092/3142/2736/11117/8740/25/8943/2033/3481/55083/1948/10076/604/2625/864/146850/79679/8728/5420/3561/57492/2113/80381/1445/7535/7297/3169/11187/259307/6046/51176/1960/4192/857/5970/51043/6599/64332/1947/6714/8440/960/89780/5170/84807/64926/4092/27/970/9580/8651/3566/2650/60/51206/1803/207/9435/5329/6376/101/2525/3037/8772/30835/916/939/6541/6602/55193/6401/6598/6469/10288/84034/3676/4838/3654/84433/9223/7532/2811/2526/338879/3549/6595/3458/8808/55423/23149/55274/2309/7292/10725/2534/1236,Factor6
GO:0048736,appendage development,171,0.41093208219214905,1.8955495873656567,1.3639171164761515e-6,5.702429948446251e-5,NA,3710,"tags=41%, list=25%, signal=31%",6497/1291/6909/4621/2737/57167/775/5914/4851/1387/2260/6662/5089/1954/51588/6881/2648/860/1889/5916/7021/9464/4882/1311/130497/2131/1281/116039/51222/51176/23288/7020/5727/5362/343637/652/83999/55636/9496/79412/26005/100131390/1382/55764/5469/4041/10018/546/3066/2768/25836/2201/6468/65057/6299/1280/140467/581/7289/2719/6469/54206/3691/6423/91461/8434/157506/3549/10512/9742,Factor6
GO:0060173,limb development,171,0.41093208219214905,1.8955495873656567,1.3639171164761515e-6,5.702429948446251e-5,NA,3710,"tags=41%, list=25%, signal=31%",6497/1291/6909/4621/2737/57167/775/5914/4851/1387/2260/6662/5089/1954/51588/6881/2648/860/1889/5916/7021/9464/4882/1311/130497/2131/1281/116039/51222/51176/23288/7020/5727/5362/343637/652/83999/55636/9496/79412/26005/100131390/1382/55764/5469/4041/10018/546/3066/2768/25836/2201/6468/65057/6299/1280/140467/581/7289/2719/6469/54206/3691/6423/91461/8434/157506/3549/10512/9742,Factor6
GO:0016054,organic acid catabolic process,223,-0.3565873182321279,-1.8184565085558624,1.371913626223173e-6,5.702429948446251e-5,NA,3466,"tags=36%, list=23%, signal=28%",6342/3034/130013/60496/1962/3295/2110/5625/5825/549/27034/122970/1666/125061/5194/4329/26275/5264/5009/2954/2571/80150/10588/3033/51268/2166/254552/4051/10007/1629/384/2639/3028/10005/197257/5446/36/10327/51390/34/3155/84693/5053/2752/7915/18/283927/56922/23464/3423/10993/5191/51/26061/2572/84879/132789/51181/38/11112/3032/7263/594/35/1892/2108/4942/5096/5095/152926/2805/54511/2746/10840/56898/8528/1036/51084/3176/1428/1610,Factor6
GO:0046395,carboxylic acid catabolic process,223,-0.3565873182321279,-1.8184565085558624,1.371913626223173e-6,5.702429948446251e-5,NA,3466,"tags=36%, list=23%, signal=28%",6342/3034/130013/60496/1962/3295/2110/5625/5825/549/27034/122970/1666/125061/5194/4329/26275/5264/5009/2954/2571/80150/10588/3033/51268/2166/254552/4051/10007/1629/384/2639/3028/10005/197257/5446/36/10327/51390/34/3155/84693/5053/2752/7915/18/283927/56922/23464/3423/10993/5191/51/26061/2572/84879/132789/51181/38/11112/3032/7263/594/35/1892/2108/4942/5096/5095/152926/2805/54511/2746/10840/56898/8528/1036/51084/3176/1428/1610,Factor6
GO:0098727,maintenance of cell number,177,0.39961753797971444,1.8575124960121088,1.40030486390496e-6,5.7805735717501325e-5,NA,4446,"tags=46%, list=30%, signal=33%",4849/283149/6597/6497/51586/3976/607/57167/8289/51593/6659/4017/10642/4851/8243/9968/678/4609/6662/9282/79595/8091/2648/10736/7004/23091/6899/2176/81603/26147/27287/2146/23137/9126/1994/79918/6599/5629/81606/84678/4041/259266/60/3066/56478/25836/8324/5076/129563/406937/23019/7071/25942/140467/28514/6602/10413/4781/6598/4838/65980/8861/3621/51123/6595/8473/430/55274/2309/3622/2103/54623/339345/6608/8451/23168/51742/182/5108/22882/6926,Factor6
GO:0050769,positive regulation of neurogenesis,230,0.37557246276018785,1.813596412463969,1.4448476613950815e-6,5.923875411719834e-5,NA,2904,"tags=33%, list=19%, signal=27%",55558/7040/5361/23129/3976/2737/6722/85358/9253/23654/51593/23013/29882/1636/4851/23529/1954/63925/7516/1959/4049/4825/7422/4602/4204/2335/9353/57154/7161/3984/2803/1813/5365/284403/6664/9001/2290/4192/23363/9820/5970/4311/23499/5362/2332/6794/10013/1002/89780/8829/84630/407006/7424/1523/145864/26259/29904/10458/1382/63950/407007/22906/259266/1181/176/3066/23405/23394/56965/8650/1946/2048/57611/6376/644943/9423,Factor6
GO:0006402,mRNA catabolic process,252,0.37167484428258357,1.8029142505063798,1.4603836577541684e-6,5.947116422489442e-5,NA,2966,"tags=29%, list=20%, signal=24%",2521/8148/3184/4849/85456/8570/55095/399664/9887/219988/9704/27327/23367/10642/677/10644/65109/4343/3192/23435/678/155435/3182/8761/7016/51588/7538/84069/10949/26986/406941/4615/57690/1869/5580/23644/9567/10492/5976/11187/59284/1994/7431/65110/7186/2332/2081/2668/23185/9261/8241/26019/149986/406992/23049/326340/80149/6093/207/80153/5394/56478/9967/54502/129563/23112/406937/166863/406900/23019/10921/57472/54915,Factor6
GO:0072073,kidney epithelium development,148,0.4291982243274423,1.9501036262098148,1.538695083503713e-6,6.223969978709314e-5,NA,3282,"tags=45%, list=22%, signal=35%",7040/3911/3976/2737/2303/5310/65266/5914/3611/4851/25959/55083/2260/4609/4643/6662/1948/4091/2625/10736/8642/79191/7021/26508/7422/5420/9353/2296/7477/3975/130497/2131/5455/947/171023/51804/6382/1909/5727/5311/6492/2668/652/25937/153572/6495/9953/4092/9788/4088/2297/6580/9955/84445/793/10252/255743/5076/7475/6299/28514/10413/2719/4086/6469/3913,Factor6
GO:0019827,stem cell population maintenance,174,0.4038578968510465,1.8695934224193533,1.7102492626081852e-6,6.871781537159689e-5,NA,4446,"tags=46%, list=30%, signal=33%",4849/283149/6597/6497/51586/3976/607/57167/8289/51593/6659/4017/10642/4851/8243/9968/678/4609/6662/9282/79595/8091/2648/10736/7004/23091/6899/2176/81603/26147/27287/23137/9126/1994/79918/6599/5629/81606/84678/4041/259266/60/3066/56478/25836/8324/5076/129563/406937/23019/7071/25942/140467/28514/6602/10413/4781/6598/4838/65980/8861/3621/51123/6595/8473/430/55274/2309/3622/2103/54623/339345/6608/8451/23168/51742/182/5108/22882/6926,Factor6
GO:0045580,regulation of T cell differentiation,174,0.40353647687945365,1.8681054617544517,1.7649760896829263e-6,6.998362429288813e-5,NA,2607,"tags=30%, list=17%, signal=25%",23476/6666/7040/6597/57178/6461/2737/8289/6659/50943/5914/9092/3142/2736/2175/25/8943/2033/604/2625/6522/2648/864/146850/3561/57492/1029/3718/7535/257101/259307/6046/51176/1960/4192/51043/3902/6599/64332/652/6654/84807/441478/4092/9580/8651/3566/60/639/84695/1209/80149,Factor6
GO:0030111,regulation of Wnt signaling pathway,304,0.35124890674399484,1.7459154664987062,1.7565764695478528e-6,6.998362429288813e-5,NA,3328,"tags=34%, list=22%, signal=27%",80139/3090/7040/83439/6597/6497/1277/1958/1453/2737/6659/6934/3611/1454/2931/4851/84327/3728/25/1613/57664/63977/6662/643965/440193/6907/10076/85474/153090/7249/7090/8629/8321/527/261734/4035/4776/139886/2010/3487/27031/1455/55959/1500/26524/51176/6591/4192/55593/857/115701/83595/23499/343637/8312/7162/25987/51339/80114/6714/25937/6794/83999/89780/2887/8932/1601/7128/10297/3675/441478/54795/2300/9580/4088/63923/259266/5754/7015/8994/84445/23394/9679/57680/57674/65125/79705/64321/29969/8324/64359/406937/7089/6299/9839/2735/10413/2719/53944/6469/8658/9096/2932,Factor6
GO:0002040,sprouting angiogenesis,141,0.4252655349526838,1.9117701004415322,1.8067705911808087e-6,7.117259054278911e-5,NA,2661,"tags=31%, list=18%, signal=26%",374887/7040/6915/6722/2303/29924/4017/4851/25/51564/79733/11082/1948/2324/90993/27286/406941/29775/7422/9353/79812/1870/2050/57381/3678/2321/54567/51176/1960/144455/652/8829/7057/57556/1969/407006/5170/7424/10365/441478/407007/63923/57674/207,Factor6
GO:0071560,cellular response to transforming growth factor beta stimulus,258,0.36294167388693455,1.7674008480630135,1.980551045991065e-6,7.751156593628667e-5,NA,3498,"tags=32%, list=23%, signal=25%",8425/80139/283149/7040/4054/6497/51341/399473/7791/1277/57178/1284/2022/7041/5371/1278/2615/63976/1387/677/25/2033/5598/1030/678/6662/117166/5829/4015/4091/200734/79595/3309/8483/5045/114990/56937/23089/3725/57154/6664/4053/94031/1281/26524/4221/857/2734/4772/3480/64332/8312/6714/6794/7057/1601/5170/3675/28996/9480/4092/9518/4088/2200/3066/3175/2201/10252/255743/406937/25942/9839/7157/4086/142/9392/4052/407050/1003/4838/203100/7043/10631,Factor6
GO:0048483,autonomic nervous system development,44,0.604897821300341,2.1720660177953413,2.0035795305772896e-6,7.790692794057629e-5,NA,2119,"tags=48%, list=14%, signal=41%",55558/6405/6659/3142/89797/2625/1959/7021/104/8828/9464/2335/6899/65979/6664/10371/7020/1909/2668/8829/6495,Factor6
GO:0006631,fatty acid metabolic process,338,-0.31911456996165416,-1.6976385573284745,2.0770998063178473e-6,8.024795213254915e-5,NA,3520,"tags=32%, list=23%, signal=25%",79602/5166/1432/5322/6342/1962/3295/2110/8560/79777/231/22949/8605/2182/5825/5468/549/56624/122970/1666/247/5194/5264/10891/241/57406/3033/2166/254552/131/84869/4051/6296/6916/2639/3028/55198/10005/23409/27010/3692/7306/11019/6622/51703/224/51099/1906/36/51390/91452/34/84693/873/283985/5565/80221/283927/148811/51144/113612/23205/79993/427/8850/27306/3988/5191/51/26061/132949/84879/38/1573/313/3032/9104/50640/2879/54988/35/1892/54995/2108/10434/5096/10998/55825/5095/1622/79966/5354/2170/1580/2950/84266/128/7923/4706/2876/1646/56898/5571/414149/4259/79746/23305/51084,Factor6
GO:0045582,positive regulation of T cell differentiation,113,0.4506654496398658,1.9580612099540824,2.1341581403171046e-6,8.19272045330649e-5,NA,3924,"tags=44%, list=26%, signal=33%",23476/6666/7040/6597/57178/6461/2737/8289/6659/50943/5914/9092/3142/2736/8943/2033/604/2625/864/146850/3561/57492/7535/259307/6046/51176/1960/4192/51043/6599/64332/84807/9580/8651/3566/60/101/939/6602/55193/6598/6469/10288/3549/6595/3458/8808/55274/2309/7292,Factor6
GO:0007498,mesoderm development,119,0.4515068213831064,1.9746949877416466,2.238551323750302e-6,8.539081536862702e-5,NA,3448,"tags=42%, list=23%, signal=33%",23135/5566/6722/2303/27245/677/268/3690/2260/8091/6881/56926/6615/10736/9095/9355/79191/7422/6899/2296/84667/6911/3975/130497/2131/23275/51176/8312/652/89780/5457/3673/1969/3675/93/4088/3624/23648/6398/5076/406937/2139/79798/10413/54517/4086/6469/3691/4838/6423,Factor6
GO:0006401,RNA catabolic process,294,0.34878301609803786,1.7257703044110242,2.5372633467361966e-6,9.617664270930225e-5,NA,3119,"tags=29%, list=21%, signal=23%",2521/8148/3184/4849/85456/8570/23211/55095/124245/399664/9887/219988/9704/27327/23367/10642/677/10644/65109/4343/3192/283131/23435/678/155435/3182/8761/7016/51588/7538/84069/10949/26986/406941/4615/57690/1869/5580/23644/9567/10492/5976/11187/59284/1994/7431/65110/7186/2332/2081/2668/23185/9261/8241/51092/26019/1736/149986/406992/23049/326340/23405/80149/6093/54888/207/80153/5394/56478/378938/9967/54502/129563/4234/23112/406937/166863/406900/23019/10921/57472/54915/57060/4850/55596,Factor6
GO:0043489,RNA stabilization,60,0.5605567182215687,2.179194146545587,2.563735433194071e-6,9.657270909912917e-5,NA,2883,"tags=47%, list=19%, signal=38%",2521/8148/3184/23367/10642/10644/3192/23435/7538/10949/26986/4615/1869/10492/1994/7186/2668/23185/9261/8241/1736/326340/54888/56478/9967/54502/4234/166863,Factor6
GO:1902107,positive regulation of leukocyte differentiation,177,0.39255551929164023,1.8246866395031915,2.596652907108294e-6,9.6605105377417825e-05,NA,3323,"tags=36%, list=22%, signal=28%",23476/6666/7040/6597/57178/6461/22985/3976/2737/8289/6659/50943/5914/177/9092/3142/2736/677/8943/4323/2033/604/2625/864/146850/3561/57492/7535/3297/10221/259307/133522/6046/51176/1960/140685/4192/51043/6599/64332/57521/6688/1435/5457/84807/9580/8651/3566/60/5591/406937/101/7071/8772/8792/939/6602/9398/55193/6598/6469/8111/10288,Factor6
GO:1903708,positive regulation of hemopoiesis,177,0.39255551929164023,1.8246866395031915,2.596652907108294e-6,9.6605105377417825e-05,NA,3323,"tags=36%, list=22%, signal=28%",23476/6666/7040/6597/57178/6461/22985/3976/2737/8289/6659/50943/5914/177/9092/3142/2736/677/8943/4323/2033/604/2625/864/146850/3561/57492/7535/3297/10221/259307/133522/6046/51176/1960/140685/4192/51043/6599/64332/57521/6688/1435/5457/84807/9580/8651/3566/60/5591/406937/101/7071/8772/8792/939/6602/9398/55193/6598/6469/8111/10288,Factor6
GO:0045619,regulation of lymphocyte differentiation,204,0.37943154504259635,1.800649613086372,2.7993205417577183e-6,1.0350616506241576e-4,NA,2642,"tags=29%, list=18%, signal=25%",23476/6666/7040/6597/57178/6461/2737/8289/6659/50943/5914/9092/3142/2736/677/2175/25/8943/4323/2033/678/604/2625/6522/2648/864/146850/3561/57492/1029/3718/7535/257101/259307/6046/51176/1960/4192/51043/3902/6599/64332/6688/652/54106/6654/84807/441478/4092/407975/9580/8651/3566/60/639/84695/3624/1209/80149/5591,Factor6
GO:0050767,regulation of neurogenesis,355,0.32861422092446124,1.6562920865942758,2.826640534035345e-6,1.0387903962579893e-4,NA,2904,"tags=30%, list=19%, signal=25%",55558/7040/5361/6497/6405/23129/8831/3976/2737/6722/85358/9253/23654/51593/23013/29882/1636/4851/23529/1030/10500/8408/1954/54626/63925/7516/1959/4049/8553/9355/4825/26508/7422/4602/4204/2335/9353/57154/7161/3984/3949/4776/84667/2803/1813/5365/284403/6664/10371/80128/9001/54567/81559/51176/2290/2146/4192/23363/9820/5970/4311/23499/5362/2332/6794/10013/393/1002/6356/89780/5457/8829/55636/23493/5629/84630/407006/7424/1523/145864/26259/29904/10458/9572/1382/5309/63950/407007/22906/259266/1181/176/3066/56896/23405/23394/5802/56965/8650/1946/2048/57611/6376/644943/3475/9423,Factor6
GO:1901342,regulation of vasculature development,295,0.3526151474579502,1.7443530182725913,2.9384245754055217e-6,1.0683637003026078e-4,NA,2891,"tags=28%, list=19%, signal=23%",374887/8038/7040/3339/6915/2828/1284/23129/2022/5371/126393/2303/79924/29924/25865/9510/11117/3728/25/10298/5598/3690/153090/4881/8091/90993/8877/2041/10016/146850/7422/4204/6464/2113/1870/2296/55810/22846/57381/3678/2321/947/5335/4846/5293/4192/5970/3099/2627/8817/6356/8829/7057/57556/9146/1969/407006/5170/7128/5740/10365/28996/3373/3315/2833/2626/1647/406992/407007/285/63923/7015/1116/5054/80149/6093/65125/2896/83605/6376/406937/406900,Factor6
GO:0008544,epidermis development,314,0.33688053001750573,1.68062719324594,2.9503206449128515e-6,1.0683637003026078e-4,NA,3476,"tags=30%, list=23%, signal=24%",1294/3911/23513/54345/1291/43847/6722/3714/64434/2736/4851/8985/677/7062/1364/4926/2260/6662/7421/11078/7051/4097/51588/2355/7538/6615/9355/170961/3846/5454/2296/114803/8643/2131/1594/3918/4831/11187/26524/2146/9935/5970/5727/25833/64332/2627/3643/7922/652/23764/23493/1969/84283/6654/8609/2068/10468/124842/1382/144501/2810/5469/239/3066/5351/3488/3624/646/6093/54888/3713/7454/222662/2012/94234/488/2735/84518/2118/28514/23022/79987/10413/54845/3784/4647/6469/5459/3914/4233/54206/4665/613/1775/2778,Factor6
GO:0051960,regulation of nervous system development,421,0.32441379476759924,1.6649508844166727,2.9602909897218433e-6,1.0683637003026078e-4,NA,3136,"tags=30%, list=21%, signal=25%",55558/7040/5361/375790/6497/6405/23129/8831/3976/2737/6722/57555/85358/9253/23654/51593/5914/23013/29882/9231/1636/4851/23529/1030/10500/8408/1954/54626/63925/27286/7516/8128/1959/4049/8553/9355/4825/5916/26508/7422/4602/4204/2335/9353/23768/57154/7161/3984/3949/4776/84667/2803/1813/5365/284403/6664/10371/80128/9001/54567/81559/51176/2290/2146/4192/23363/9820/5970/4311/9928/23499/5362/2332/7162/6794/10013/393/1002/6356/89780/5457/8829/55636/23493/5629/84630/407006/7424/1523/145864/26259/29904/2636/10458/9572/1382/22883/5309/63950/407007/22906/259266/27242/1181/176/5129/3066/56896/23405/23394/5802/207/56965/8650/1946/2048/57611/6376/644943/3475/9423/56920/54674/28514/7157/9746/3148/10413,Factor6
GO:1903131,mononuclear cell differentiation,478,0.3132293464943571,1.6272772261790236,3.1187360165813743e-6,1.1188465459485681e-4,NA,3338,"tags=29%, list=22%, signal=24%",602/23476/6666/4627/7040/6597/51341/57178/6461/22985/1958/3976/2194/2737/161882/6722/6929/8289/84447/8325/6659/50943/5914/3714/177/9092/3142/2736/23529/10312/677/7855/2175/7351/25/8943/4323/2033/678/4609/604/2625/6522/2355/2648/860/864/146850/7422/4602/4318/3561/57492/4615/3589/1051/1029/3718/7535/5971/3297/10221/257101/5293/4221/259307/54567/6046/51176/1960/2146/140685/4192/9935/133396/23598/51043/4772/3902/6599/64332/7922/6688/1435/652/6794/6482/55636/54106/10945/2874/1316/6654/84807/5079/441478/4092/407975/79840/9580/326/8651/5469/3566/3428/60/639/84695/3624/1209/80149/5591/7528/2623/9021/3175/8324/406937/84456/101/8772/359948/916/10014/9759/939/5296/7248/28514/7157/6602/79798/581/56262/55193/142/6598/6469/8111/10288/7226,Factor6
GO:0043534,blood vessel endothelial cell migration,132,0.429461961527532,1.9186159615502658,3.152333045758795e-6,1.1242077672655774e-4,NA,2438,"tags=32%, list=16%, signal=27%",4627/7040/6915/54345/6722/2303/25865/4851/3728/25/5606/51564/2260/1948/23616/27286/406941/29775/7422/4204/2113/9353/79812/2050/22846/57381/5335/4846/54567/1960/5155/8817/8829/7057/1969/407006/5170/7424/3315/1647/406992/285,Factor6
GO:0048010,vascular endothelial growth factor receptor signaling pathway,57,0.5512680717272023,2.1087290532386738,3.4371163840394555e-6,1.2185588498003411e-4,NA,2315,"tags=40%, list=15%, signal=34%",2303/7410/25865/9564/11117/3690/153090/2324/10016/7422/79812/2296/3678/2321/8817/6714/2887/8829/9261/9146/7424/55662/3315,Factor6
GO:0030098,lymphocyte differentiation,390,0.323133136169847,1.651084683431916,3.5177266405843234e-6,1.239844354549808e-4,NA,3924,"tags=35%, list=26%, signal=26%",602/23476/6666/7040/6597/51341/57178/6461/1958/2737/161882/6722/6929/8289/84447/8325/6659/50943/5914/3714/9092/3142/2736/23529/10312/677/7855/2175/25/8943/4323/2033/678/604/2625/6522/2355/2648/860/864/146850/4602/3561/57492/3589/1029/3718/7535/5971/257101/5293/4221/259307/54567/6046/51176/1960/2146/4192/9935/23598/51043/3902/6599/64332/7922/6688/652/6794/6482/55636/54106/10945/2874/1316/6654/84807/5079/441478/4092/407975/79840/9580/326/8651/3566/60/639/84695/3624/1209/80149/5591/7528/9021/3175/8324/101/8772/359948/916/10014/9759/939/5296/7248/28514/7157/6602/79798/581/56262/55193/6598/6469/10288/3676/6778/80758/84433/3549/27086/6595/57089/3623/2064/3458/5450/8808/3601/430/55274/1015/2309/7292,Factor6
GO:0072009,nephron epithelium development,118,0.44690109124111,1.9517743331548743,3.5490810838044536e-6,1.2436227727958976e-4,NA,3372,"tags=47%, list=22%, signal=36%",7040/3911/3976/2737/2303/5310/65266/3611/4851/55083/4609/4643/6662/2625/10736/8642/79191/7021/26508/7422/5420/2296/7477/3975/130497/2131/5455/947/171023/51804/1909/5727/5311/2668/652/25937/153572/6495/9953/9788/2297/6580/9955/84445/793/255743/5076/7475/6299/28514/10413/2719/6469/3913/1497,Factor6
GO:0051962,positive regulation of nervous system development,270,0.3572493581082807,1.7508231118848756,3.630960773040454e-6,1.2576896884548746e-4,NA,2904,"tags=31%, list=19%, signal=26%",55558/7040/5361/375790/23129/3976/2737/6722/57555/85358/9253/23654/51593/23013/29882/9231/1636/4851/23529/1954/63925/27286/7516/8128/1959/4049/4825/7422/4602/4204/2335/9353/23768/57154/7161/3984/2803/1813/5365/284403/6664/9001/2290/4192/23363/9820/5970/4311/23499/5362/2332/7162/6794/10013/1002/89780/8829/84630/407006/7424/1523/145864/26259/29904/10458/1382/22883/63950/407007/22906/259266/1181/176/3066/23405/23394/56965/8650/1946/2048/57611/6376/644943/9423,Factor6
GO:0141188,nucleic acid catabolic process,321,0.34698742285308465,1.7375663269867327,3.6200876805304125e-6,1.2576896884548746e-4,NA,3143,"tags=30%, list=21%, signal=24%",2521/8148/3184/4849/85456/8570/23211/55095/124245/399664/9887/219988/9704/27327/23367/10642/1773/677/10644/65109/4343/3192/283131/23435/678/155435/3182/8761/7016/51588/7538/84069/10949/26986/406941/4615/1029/57690/1869/5580/23644/9567/10492/5976/11187/3297/400410/59284/668/1994/7431/65110/7186/2332/2081/2668/23185/9261/8241/51092/57109/26019/1736/149986/406992/23049/326340/23405/80149/6093/54888/207/80153/5394/56478/27443/378938/9967/54502/11219/129563/4234/23112/406937/166863/406900/23019/10921/57472/54915/57060/4850/55596/581/9131,Factor6
GO:0051028,mRNA transport,111,0.4588627067610219,1.9939013099170435,3.841001507183493e-6,1.322840919073995e-4,NA,2685,"tags=36%, list=18%, signal=30%",100101267/3181/8106/23144/8570/9887/10642/23511/677/10644/65109/283131/155435/8021/23299/9961/23636/7538/29890/23089/6830/10482/23225/55308/5976/57187/3297/8888/65110/2332/7175/26993/91746/26019/55677/144983/23049/10762/54888/65125,Factor6
GO:0007179,transforming growth factor beta receptor signaling pathway,208,0.37806708760380037,1.79328769615914,3.9339637896690465e-6,1.3471590772917808e-4,NA,3483,"tags=34%, list=23%, signal=27%",8425/80139/283149/7040/4054/6497/51341/399473/7791/57178/2022/7041/5371/1278/2615/63976/1387/2033/1030/117166/5829/4015/4091/200734/79595/3309/8483/5045/114990/56937/23089/3725/57154/6664/4053/94031/1281/26524/4221/2734/8312/6714/6794/7057/1601/5170/3675/28996/9480/4092/9518/4088/2200/3066/3175/2201/10252/255743/406937/25942/9839/7157/4086/142/9392/4052/407050/1003/4838/203100/7043,Factor6
GO:1903313,positive regulation of mRNA metabolic process,153,0.4037344363321917,1.845484037338279,4.029484279463275e-6,1.3720735453291052e-4,NA,4293,"tags=40%, list=29%, signal=29%",3184/4849/6625/85456/8570/26528/55095/4691/399664/219988/27327/10642/677/65109/4343/3192/23435/678/7538/84069/26986/406941/57690/9567/10492/5976/1994/65110/29896/406992/80149/6093/5394/3167/56478/9967/129563/23112/406937/406900/23019/57472/54915/4850/407050/574457/26058/100126333/9924/28960/406961/442891/55802/406968/283375/574453/339345/406920/406957/197135/56829,Factor6
GO:0035282,segmentation,95,0.46512038722835714,1.9915228286914999,4.103911025382749e-6,1.3895658286506646e-4,NA,3686,"tags=43%, list=25%, signal=33%",3911/6405/2303/4851/7855/2033/9968/6881/2648/7516/1959/79191/8828/221400/2296/84667/6911/3975/130497/51176/9935/5362/89780/8829/153572/92129/441478/5100/4088/5591/8557/65057/28514/7157/1856/6469/9096/6423/3199/23242/10512,Factor6
GO:0007517,muscle organ development,327,0.3333450433245404,1.6724951358337343,4.2090761983049e-6,1.4172124160437784e-4,NA,2429,"tags=27%, list=16%, signal=23%",283149/7040/3911/6497/59269/2022/1291/221937/1958/4621/3976/607/6525/161882/2817/2303/8912/688/4209/3142/4851/2033/6840/78994/3481/1106/1301/79784/2121/4015/1293/2006/8321/463/1959/7004/26508/104/10290/4000/79147/6899/84159/53834/2010/2296/3679/6664/1281/55692/1063/221496/54567/51176/1960/56704/668/857/1120/51804/2275/7026/1909/100128927/825/652/1489/9242/57493/89780/5457/23764/55636/219537/23493/5629/6495/26548/64220/5079/26576/4092/63950/64208/5469/4088/22801,Factor6
GO:0002065,columnar/cuboidal epithelial cell differentiation,123,0.4424623007089214,1.94056461106976,4.2965757555148765e-6,1.4386367821382312e-4,NA,3522,"tags=41%, list=23%, signal=32%",56975/7040/2194/688/6659/5914/9231/2931/4851/7855/25/6662/4825/5916/5454/1051/6664/2131/3169/51176/857/133396/2627/7298/5697/57521/652/6714/5753/5629/54106/1834/5170/51092/10468/2626/1181/639/5054/9139/207/203068/3175/3651/168850/28514/10413/4781/2932/4838/3596,Factor6
GO:0003205,cardiac chamber development,160,0.4111533610602948,1.887187948826469,4.520124282141897e-6,1.505126466766255e-4,NA,2561,"tags=33%, list=17%, signal=28%",7040/10848/23129/2022/6909/161882/6722/57167/2303/6659/5914/2931/9510/4851/1301/4091/9794/2625/8321/26508/8828/9464/9353/6899/53834/2296/27031/6664/4846/51684/54567/3340/1909/3480/2627/652/57493/5457/8829/55636/23493/5629/6586/78987/64220/6654/4092/407975/2626/5469/5754/639/157378,Factor6
GO:0035909,aorta morphogenesis,34,0.652017754694521,2.241609389059853,4.661594580762158e-6,1.52692557273117e-4,NA,2119,"tags=47%, list=14%, signal=41%",2022/6909/6722/6659/4851/1948/5159/7021/6899/4035/1281/54567/55636/23493/5629/6495,Factor6
GO:0001708,cell fate specification,107,0.4629535344551524,1.9994356313699289,4.633557465502635e-6,1.52692557273117e-4,NA,3448,"tags=43%, list=23%, signal=33%",9112/54345/6909/2737/2736/4851/2260/54815/6662/1108/1107/10736/7004/9095/5454/6899/6911/10919/8643/3169/57459/51684/53615/5727/54738/89780/5457/8829/9496/6495/10297/63950/3066/64321/8324/5076/2139/3110/28514/54845/4781/120237/6469/9096/4838/6423,Factor6
GO:0001649,osteoblast differentiation,218,0.3706019882423444,1.7697992210473579,4.656124203076655e-6,1.52692557273117e-4,NA,3516,"tags=36%, list=23%, signal=28%",56975/6497/1277/1291/5566/6238/2194/2737/4209/3611/2736/4851/10312/10514/7290/3192/51564/3481/9902/6662/4015/4091/90993/2355/8321/6615/2091/860/7422/9464/1051/7477/3727/6664/10492/1052/51684/4221/51176/6591/5727/23020/51547/3371/652/25937/89780/58476/1969/7424/7171/54795/93/249/406992/4088/22801/4041/63923/8994/3488/207/2201/255743/3381/2735/5600/117581/10413/4086/6469/2932/407050/26271/6423/3199/8482/27044,Factor6
GO:1903706,regulation of hemopoiesis,369,0.3263569591495985,1.6545856753956572,4.821025203275233e-6,1.570611832439991e-4,NA,3924,"tags=35%, list=26%, signal=26%",23476/6666/7040/6597/57178/6461/22985/3976/2737/161882/8289/6659/50943/5914/177/63976/9092/3142/2736/677/2175/25/8943/4323/2033/27154/23774/678/4609/4015/7862/604/2625/6522/7538/7030/2648/864/5916/146850/23186/4602/3561/57492/2113/1051/10401/1029/3718/114803/7535/51621/3297/10221/257101/259307/133522/6046/51176/1960/6591/140685/4192/9935/51043/3902/6599/64332/57521/6688/1435/652/5457/407006/54106/6654/84807/441478/4092/407975/9580/8651/5469/407007/3566/2200/60/639/84695/3624/1209/80149/5591/2623/84289/406937/101/7071/8772/8792/939/4850/28514/6602/3148/9398/55193/6598/6469/8111/10288/84433/8861/3549/405/27086/10766/6595/3623/2064/3458/5814/8808/4352/3601/430/55274/2309/7292,Factor6
GO:0045787,positive regulation of cell cycle,307,0.3418361855606147,1.7011831602162948,4.900058403328926e-6,1.5877769890786794e-4,NA,3161,"tags=30%, list=21%, signal=24%",23476/7040/58525/6461/6909/3054/6929/5914/9510/994/25/3192/8061/6840/79733/4926/3481/2260/440/8558/5159/7051/23636/8877/1981/9727/80174/284001/4882/57787/54892/1813/5514/693175/5292/3169/11187/3619/79677/3297/56257/10051/382/51176/5155/2290/2146/55920/55835/144455/23137/348654/898/9928/3480/3643/57521/9700/5753/8444/5629/7175/990/10733/407006/25970/79915/5469/407007/4041/9493/10018/7015/546/8317/54617/207/65125/993/81610/8379/166863/595/1778/10615/25942/2735/26057/51514/9918/225689/245711,Factor6
GO:0048706,embryonic skeletal system development,129,0.43093798797394156,1.9135986570975372,5.0323094952022294e-6,1.621910659229082e-4,NA,3710,"tags=38%, list=25%, signal=29%",7703/1277/2737/2303/4323/9968/1301/1954/10736/860/9464/6899/7483/6664/3975/130497/2131/116039/55959/56243/7020/51804/3340/1909/64131/3200/1748/652/8092/6495/5079/3373/4088/3219/25836/1280/7289/4522/6469/5156/3213/54799/4838/7043/3199/157506/3549/3198/9742,Factor6
GO:0006261,DNA-templated DNA replication,133,0.42420735310834645,1.8923310087773788,5.12826747154935e-6,1.6321048957375014e-4,NA,3809,"tags=44%, list=25%, signal=33%",9401/58525/63922/5426/25792/81620/197342/3978/79733/2260/604/3159/5424/11177/80174/8914/11284/4172/5976/29980/4176/144455/348654/898/5442/10498/5428/11232/7014/990/55159/63901/4173/57523/1025/54108/79915/51750/84515/84296/9400/546/8317/4174/54617/23649/4175/10721/353497/4171/142/29935/26271/5427/11169/91603/2237/9156/222229,Factor6
GO:0050679,positive regulation of epithelial cell proliferation,190,0.39163507619971394,1.8403541278442999,5.172258753706036e-6,1.6321048957375014e-4,NA,4232,"tags=42%, list=28%, signal=31%",80139/7040/3912/3339/6934/25865/51157/3142/4851/3690/283131/128239/3481/2260/4609/6662/3915/2324/8660/7051/2683/860/10016/8828/7422/6239/6899/5365/6664/130497/4831/116039/5335/5293/1960/5155/4192/57521/652/10013/6356/89780/8829/151306/5629/5170/7128/441478/5469/207/3167/3651/2896/8324/5076/3037/595/2301/3148/10413/6469/6331/3676/4838/406913/6387/3549/405/10765/2064/2137/442891/57804/1749/858/6667/574453/6869/6608/80004,Factor6
GO:0006520,amino acid metabolic process,238,-0.3456780321019062,-1.7752905392032172,5.098735874297028e-6,1.6321048957375014e-4,NA,3439,"tags=34%, list=23%, signal=27%",3034/63826/130013/60496/420/55278/5625/443/549/51067/27034/125061/10352/4329/26275/670/5009/2954/2571/80150/51733/10588/23657/51268/435/1629/384/2639/3028/1491/23409/51074/36/3155/11315/4953/283459/5053/2752/5092/7915/18/58478/56922/148811/54529/23464/10993/2271/2572/79731/132949/5723/10667/38/11112/216/5805/51582/9971/594/1892/2108/4942/29968/5096/56954/6507/55256/5095/152926/2805/54511/441024/2746/8528/1036/284716/4693/3176/1428/1610,Factor6
GO:0050678,regulation of epithelial cell proliferation,352,0.33226826947464083,1.6713898821712736,5.148930160609777e-6,1.6321048957375014e-4,NA,3270,"tags=31%, list=22%, signal=25%",80139/7040/3912/3339/3911/2022/6934/25865/51157/3142/4851/677/5467/3690/283131/1030/128239/3481/2260/4609/6662/3915/7421/1948/153090/2324/8660/29128/2625/7051/7538/2683/860/864/406941/10016/8828/7422/6239/6899/79812/1813/22846/5365/6664/130497/4831/116039/2321/5335/55959/170302/83481/5293/54567/1960/5155/6591/4192/857/51804/7026/5727/57521/652/6794/10013/6356/89780/8829/151306/7057/1621/5629/6495/1601/5170/7128/441478/9572/9788/2833/7498/2810/8805/5469/407007/4088/2524/5591/207/3167/3651/2896/8324/5076/3037/595/55679/2301/2735/3148/581/10413/2719/51146/4781/6469,Factor6
GO:0043542,endothelial cell migration,223,0.3726254093259327,1.7893690070764596,5.209253927968967e-6,1.6352173658265085e-4,NA,2770,"tags=30%, list=18%, signal=25%",4627/7040/6915/54345/23129/6722/2303/25865/4017/22976/9564/51157/4851/5872/3728/25/5606/3690/51564/2260/1948/153090/5829/2324/2625/23616/27286/406941/10016/11156/8828/29775/7422/4204/2113/9353/79812/2050/22846/57381/5335/4846/5293/54567/1960/5155/6591/7026/23598/8817/57449/8829/7057/5629/6781/1969/407006/5170/7424/3315/1647/406992/285/80149/1803/207/949/2896,Factor6
GO:0009063,amino acid catabolic process,96,-0.4430033869664669,-1.9740337719351475,5.300245399069674e-6,1.6466277845460272e-4,NA,3145,"tags=41%, list=21%, signal=32%",5625/549/27034/125061/4329/26275/5009/2954/2571/80150/51268/1629/384/3028/36/3155/5053/2752/7915/18/56922/23464/10993/2572/38/11112/594/1892/2108/4942/152926/2805/54511/2746/8528/1036/3176/1428/1610,Factor6
GO:0042476,odontogenesis,119,0.44250441666270146,1.9353223744452432,5.281673412765211e-6,1.6466277845460272e-4,NA,2594,"tags=36%, list=17%, signal=30%",56975/29123/7040/3912/3911/1277/1278/2737/645811/3714/2736/10312/2260/54757/6522/860/54880/9464/6899/2296/130497/116039/947/1758/51176/7020/2627/26504/3371/1435/652/6714/80320/431707/1834/10468/5083/93/249/10018/3066/3624/5054,Factor6
GO:0051052,regulation of DNA metabolic process,428,0.3158345782575699,1.6253764467026681,5.62544726553786e-6,1.7386959317639326e-4,NA,3451,"tags=33%, list=23%, signal=26%",2521/3184/3181/7040/6597/57634/58525/63922/6874/4862/5371/84501/25792/8289/50943/81620/8295/25865/22976/126549/2736/23529/1387/56252/83933/25/27154/3192/79733/27000/2260/4609/5609/604/5159/5347/51588/8091/6881/2648/2305/11177/80174/7422/8914/4000/57492/11284/1029/5930/5580/6830/55869/5514/10919/55929/4172/5976/6282/79677/3297/148479/400410/5155/4176/144455/23137/2264/9126/4772/165918/10155/51547/3480/6599/7515/6714/5753/11232/7014/990/407006/7913/7874/25970/83444/2068/4173/6314/1025/54108/4798/1736/79915/51750/23049/55658/9400/60/546/8317/4216/4174/5591/54617/7528/207/55226/5394/7454/84289/993/3178/4175/65057/80119/10721/2139/7349/2735/54552/4171/7157/6602/26057/581/9131/225689/23293/55193/1111/142/6598/54891/3320/8658/6878/5893/54799/6778/26271/64094,Factor6
GO:0071526,semaphorin-plexin signaling pathway,46,0.5937856438198437,2.160560386739396,5.999391744417713e-6,1.8448129614084466e-4,NA,2278,"tags=50%, list=15%, signal=43%",55558/5361/6405/2316/23129/23654/396/10501/54437/10500/23616/1889/8828/9464/5365/57715/10371/1909/5362/2668/8829/57556/54910,Factor6
GO:0050867,positive regulation of cell activation,339,0.3317642979845541,1.6691145383140473,6.12953262381373e-6,1.8752636103413884e-4,NA,4217,"tags=37%, list=28%, signal=27%",23476/6666/7040/6597/57178/6461/1725/2316/2737/6929/8289/6659/50943/5914/177/115650/9092/22976/3142/2736/23529/8740/148022/25/8943/4323/2033/3481/1948/85480/388552/8660/604/2625/63925/375033/864/146850/79679/4602/3561/57492/4615/80381/1445/7535/7297/259307/6046/51176/1960/4192/857/51043/6599/64332/1947/825/6688/6714/8440/89780/7057/84630/54106/5170/7293/84807/64926/30011/27/970/9580/79915/8651/3566/60/5591/1803/207/55122/2048/2814/406937/101/8772/56848/30835/916/939/6541/6602/79987/55193/6598/6469/10288/6778/84433/3596/118460/7532/2811/3549/6595/4773/3458/8808/4352/55423/23149/3601/55274/2309/7292/2534/59/1236/6693/65992/6869/22890/283234/140885/29126/115352,Factor6
GO:0060993,kidney morphogenesis,98,0.4659832083494845,1.9944471501492578,6.184363433796017e-6,1.8824827482569998e-4,NA,3372,"tags=43%, list=22%, signal=33%",7040/3911/3976/2737/5310/65266/6659/3611/55083/4609/6662/2625/10736/8642/79191/7422/7477/27031/3975/130497/171023/51804/5727/5311/2668/652/25937/153572/6495/9953/2297/2650/9955/84445/793/255743/5076/7475/6299/2719/6469/1497,Factor6
GO:0072080,nephron tubule development,97,0.46455026111719644,1.9899575245693326,6.396916460904207e-6,1.937397764315058e-4,NA,3372,"tags=47%, list=22%, signal=37%",7040/3911/3976/2737/5310/65266/3611/4851/55083/4609/6662/2625/10736/8642/79191/7021/26508/7422/7477/3975/130497/5455/51804/5727/5311/2668/652/25937/153572/6495/9953/9788/2297/6580/9955/84445/793/255743/5076/7475/6299/28514/10413/2719/6469/1497,Factor6
GO:0060411,cardiac septum morphogenesis,69,0.5041503131631613,2.0032155236468117,6.849540199913442e-6,2.064108939243916e-4,NA,2382,"tags=36%, list=16%, signal=31%",2022/6909/161882/6659/5914/4851/4091/8321/26508/8828/9353/6899/53834/6664/4846/2627/652/8829/55636/23493/5629/6586/4092/407975/2626,Factor6
GO:0061326,renal tubule development,101,0.4627352676505362,1.9866270026280348,6.941995843062835e-6,2.0815626341363038e-4,NA,3372,"tags=47%, list=22%, signal=36%",7040/3911/3976/2737/5310/65266/1282/3611/4851/55083/4609/6662/2625/10736/8642/79191/7021/26508/7422/7477/3975/130497/5455/51804/5727/5311/2668/652/25937/153572/6495/9953/9788/2297/6580/9955/84445/793/255743/5076/7475/6299/28514/10413/2719/6469/1497,Factor6
GO:0060350,endochondral bone morphogenesis,55,0.5503975006271484,2.076517040702948,7.375506211007072e-6,2.200602768997011e-4,NA,2528,"tags=45%, list=17%, signal=38%",85301/1277/7059/5914/4209/1305/4323/59341/6662/2355/4322/860/5916/4882/2296/1311/2131/1281/871/8817/25987/652/6781/249/3636,Factor6
GO:0007015,actin filament organization,409,0.3157450820474708,1.6178562223572948,8.073044163674913e-6,2.3968589741117587e-4,NA,4423,"tags=43%, list=29%, signal=31%",64857/6548/91663/79778/7791/2316/87/84501/6722/84687/10174/85358/4641/55114/64423/9564/7169/29109/84327/51466/25/25959/11346/6840/1265/128239/800/11135/4643/59341/6624/5829/25794/11078/2006/79767/7016/83715/7456/64780/23616/22899/3092/80115/2041/406941/10677/4642/5074/9353/51332/3984/2017/9639/23221/5580/1729/171177/57381/54434/80179/89848/4430/130271/4645/57477/133522/382/9181/79585/10095/9124/64005/57553/2314/5880/9647/23370/116985/85462/6714/10013/8440/134549/6356/54961/8829/57731/5629/65108/7171/54551/10391/10458/30011/8936/10163/9788/114822/4088/123720/2195/3636/57026/88/6712/6093/55971/8557/10395/7454/23332/6376/4542/148170/55909/9839/90167/5296/7248/90102/57704/4647/4703/29999/9645/4233/1785/9463/8500/7043/23607/50944/339768/6387/201191/391/246/3693/23242/23189/1730/79933/4070/832/357/1627/1264/9026/390/1236/4771/4082/5921/10634/8407/81873/55761/9113/93661/50848/6869/8976/23075/1440/9844/5879/644150/7184/11133/55607/2934/221061/10552/4868,Factor6
GO:0032964,collagen biosynthetic process,42,0.6063448826830656,2.183393846828637,8.208867092999957e-6,2.425237351446605e-4,NA,3641,"tags=62%, list=24%, signal=47%",1289/7040/1277/9697/2022/57333/5118/4851/11117/90993/2355/406941/4602/23505/871/4261/7431/652/3673/3066/3624/406937/7349/2149/7043/3549,Factor6
GO:1903039,positive regulation of leukocyte cell-cell adhesion,256,0.3522797849635106,1.7083664951336093,8.301564442411922e-6,2.440659946069105e-4,NA,3961,"tags=36%, list=26%, signal=27%",23476/6666/7040/6597/57178/6461/1725/2737/8289/6659/50943/5914/177/115650/9092/3142/2736/8740/25/8943/2033/3481/1948/604/2625/864/146850/79679/3561/57492/2113/80381/1445/7535/7297/259307/6046/51176/1960/4192/857/5970/51043/6599/64332/1947/6714/8440/960/5170/84807/64926/27/970/9580/8651/3566/2650/60/1803/207/9435/101/3037/8772/30835/916/939/6541/6602/55193/6401/6598/6469/10288/3676/3654/84433/7532/2811/2526/3549/6595/3458/8808/55423/23149/55274/2309/7292/10725/2534/1236,Factor6
GO:0010718,positive regulation of epithelial to mesenchymal transition,56,0.5384099684054235,2.0333132143313972,8.559915730969886e-6,2.504398646143471e-4,NA,2551,"tags=39%, list=17%, signal=33%",80139/283149/7040/1277/2022/7041/6934/4017/4851/6615/2296/51176/2146/4192/652/25937/8092/407006/1601/407007/4088/3066,Factor6
GO:1902894,negative regulation of miRNA transcription,28,0.6635563879300007,2.1735747269221,8.869881432614837e-6,2.5701334324216164e-4,NA,2656,"tags=54%, list=18%, signal=44%",9612/7040/6722/5914/57473/5467/6662/7422/4776/5155/5970/2627/652/4088/7528,Factor6
GO:0051251,positive regulation of lymphocyte activation,297,0.3406911855484818,1.6866372823702835,8.84597138209948e-6,2.5701334324216164e-4,NA,4217,"tags=38%, list=28%, signal=28%",23476/6666/7040/6597/57178/6461/1725/2737/6929/8289/6659/50943/5914/177/115650/9092/22976/3142/2736/23529/8740/148022/25/8943/4323/2033/3481/1948/388552/8660/604/2625/63925/864/146850/79679/3561/57492/4615/80381/1445/7535/7297/259307/6046/51176/1960/4192/857/51043/6599/64332/1947/6688/6714/8440/89780/54106/5170/7293/84807/64926/30011/27/970/9580/79915/8651/3566/60/5591/1803/207/55122/2048/101/8772/30835/916/939/6541/6602/55193/6598/6469/10288/6778/84433/3596/118460/7532/3549/6595/4773/3458/8808/4352/55423/23149/3601/55274/2309/7292/2534/1236/6693/65992/6869/22890/283234/140885/29126/115352,Factor6
GO:0072088,nephron epithelium morphogenesis,79,0.4858067427117603,1.987366445041559,9.399328516655969e-6,2.7105144961667713e-4,NA,3372,"tags=44%, list=22%, signal=35%",7040/3911/3976/2737/5310/65266/3611/55083/4609/6662/2625/10736/8642/79191/7422/3975/130497/51804/5727/5311/2668/652/153572/6495/9953/2297/9955/84445/255743/5076/7475/6299/2719/6469/1497,Factor6
GO:0045621,positive regulation of lymphocyte differentiation,127,0.42168720159571843,1.8608329548454112,9.507621274093913e-6,2.728687305664953e-4,NA,3924,"tags=43%, list=26%, signal=32%",23476/6666/7040/6597/57178/6461/2737/8289/6659/50943/5914/9092/3142/2736/8943/4323/2033/604/2625/864/146850/3561/57492/7535/259307/6046/51176/1960/4192/51043/6599/64332/6688/84807/9580/8651/3566/60/5591/101/939/6602/55193/6598/6469/10288/3549/6595/3458/8808/3601/55274/2309/7292,Factor6
GO:0060537,muscle tissue development,397,0.316169719785964,1.6171404261076725,9.59122060238194e-6,2.7396344346235045e-4,NA,3348,"tags=34%, list=22%, signal=27%",23135/283149/7040/6548/10848/6497/59269/2022/1291/6909/1958/607/161882/6722/2817/2303/688/5914/4209/2931/3142/4851/25/2033/3192/6840/3481/2260/6662/1948/1301/79784/4015/9794/5159/2006/2539/2355/2648/10052/3720/1959/79191/7021/26508/9150/7422/4000/4204/79147/1829/6899/4882/7161/2010/2296/57538/693175/6664/5292/130497/10021/1281/55692/1063/221496/4629/54567/51176/668/857/23363/51804/7026/1909/115701/53615/5727/2627/5311/58498/652/9242/407014/57493/89780/5457/23764/55636/23493/8932/5629/6495/64220/5079/26576/4092/407975/63950/2626/64208/5469/407007/4088/63923/7373/88/3488/10664/8557/89/7528/8506/8324/406937/3475/5592/55909/2139/8913/2735/5600/7248/11214/4625/28514/10413/4086/341405/7137/6469/4703/9096/246329/6331/5156,Factor6
GO:0061333,renal tubule morphogenesis,81,0.47882626274490636,1.9825287754244922,9.74692547118567e-6,2.770977349756417e-4,NA,3372,"tags=44%, list=22%, signal=35%",7040/3911/2737/5310/65266/1282/3611/55083/4609/6662/2625/10736/8642/79191/7422/3975/130497/51804/5727/5311/2668/652/153572/6495/9953/9788/2297/9955/84445/255743/5076/7475/6299/2719/6469/1497,Factor6
GO:0003279,cardiac septum development,101,0.45828541057144045,1.967522761284919,9.829813559294616e-6,2.7814218930454767e-4,NA,2517,"tags=37%, list=17%, signal=31%",23129/2022/6909/161882/57167/6659/5914/4851/4091/9794/2625/8321/26508/8828/9353/6899/53834/27031/6664/4846/51684/3340/2627/652/57493/8829/55636/23493/5629/6586/78987/64220/4092/407975/2626/5754/639,Factor6
GO:0046394,carboxylic acid biosynthetic process,278,-0.32068834283103326,-1.6823907908132048,9.955867386391684e-6,2.8039258288683496e-4,NA,4097,"tags=37%, list=27%, signal=27%",2747/114883/23498/114876/6850/57834/6785/4552/5564/84696/10062/10464/51102/22933/83401/3992/9415/5166/5322/6342/63826/130013/60496/4048/8560/231/134429/834/5825/56624/122970/247/29108/5009/241/2571/51733/435/84869/58484/6296/6916/3028/1491/6770/10005/51074/3692/10090/51302/11019/1906/10327/2681/2593/873/11315/5053/283985/5565/2752/7390/5092/18/58478/54529/51144/23205/10993/79993/8850/27306/2572/5723/9104/10196/216/8803/10170/9971/50640/2879/4258/54988/2628/54995/4942/29968/10998/6507/55825/55256/79966/5354/2950/2805/441024/2746/7923/4706/5571/1036/4259,Factor6
GO:0061008,hepaticobiliary system development,140,0.41843025979231213,1.8819179421196832,1.0228697914088254e-5,2.8673656896841817e-4,NA,3649,"tags=40%, list=24%, signal=31%",3184/7040/80279/79144/5310/5914/3142/4851/3482/7351/79733/1030/6662/790/5589/6881/3720/84159/11231/1051/27031/55959/5253/382/2146/4192/144455/5970/5727/2627/5311/7298/89780/5629/3673/7128/9480/1459/26019/5469/4088/3175/64321/25836/3651/595/5774/55679/2735/6598/4233/54206/4838/23607/3549/23242,Factor6
GO:0034329,cell junction assembly,456,0.30772688932556824,1.589288699737747,1.1027013068102469e-5,3.076842951919147e-4,NA,2693,"tags=26%, list=18%, signal=22%",55558/80139/6548/57622/11178/5361/375790/79778/29801/23129/87/5566/24146/6722/84687/57555/85358/4641/79414/23654/23396/392617/266727/9231/1636/5872/7855/55209/3728/25/1613/4323/64403/3690/1364/51564/2260/59341/3915/6624/7414/1108/23616/8321/1009/27286/22899/6615/2916/8128/10052/1981/79191/7422/4204/261734/54862/79147/2335/23768/7094/2017/2889/9294/9448/1813/5365/78999/114784/7145/11187/3678/7436/382/6591/55920/857/125111/221935/10160/51804/23499/6904/5362/2239/1307/9647/7162/6714/1002/85302/89780/5457/8829/151306/7057/3673/1969/6495/10391/29904/4092/22883/54910/1855/9344/4088/123720/60/56126/88/6712/23394/5802/6093/89/10395/8506/1365/137075,Factor6
GO:0048486,parasympathetic nervous system development,18,0.7533131627625759,2.2442267721979574,1.17517467930646e-5,3.263952899622135e-4,NA,2119,"tags=67%, list=14%, signal=57%",55558/6405/89797/1959/104/8828/6899/10371/7020/2668/8829/6495,Factor6
GO:0009081,branched-chain amino acid metabolic process,28,-0.6575331434789484,-2.219287695345303,1.247698475662297e-5,3.4494856480810386e-4,NA,3037,"tags=64%, list=20%, signal=51%",549/27034/4329/26275/1629/3028/36/3155/56922/10993/38/11112/594/1892/5096/5095/152926/54511,Factor6
GO:2000629,negative regulation of miRNA metabolic process,29,0.6554190142624476,2.1479733146484716,1.3602848125339733e-5,3.743578340247606e-4,NA,2656,"tags=52%, list=18%, signal=43%",9612/7040/6722/5914/57473/5467/6662/7422/4776/5155/5970/2627/652/4088/7528,Factor6
GO:0072091,regulation of stem cell proliferation,82,0.4835416598687893,2.015509680480094,1.4430582513357256e-5,3.953323673091099e-4,NA,3353,"tags=44%, list=22%, signal=34%",7040/4054/54345/2737/54487/1636/4851/677/3192/2260/6662/8091/860/5916/2192/6664/5292/116039/6591/342371/5727/898/3200/407006/7424/2810/407007/7015/3167/64321/7157/3148/10413/4781/6469/407050,Factor6
GO:0001945,lymph vessel development,31,0.6481126138931276,2.1728947413454005,1.5412128360368617e-5,4.2031175397258666e-4,NA,2333,"tags=55%, list=16%, signal=46%",54345/2303/5310/1948/2324/7422/6899/4882/2296/22846/7026/57493/5629/1969/7424/5784/93,Factor6
GO:0001889,liver development,137,0.41316422072728576,1.8520017867692322,1.5666084275403363e-5,4.2531301769304535e-4,NA,3649,"tags=39%, list=24%, signal=30%",3184/7040/80279/79144/5310/5914/3142/4851/3482/7351/79733/1030/6662/790/5589/6881/3720/84159/11231/1051/27031/55959/5253/382/2146/4192/144455/5970/5727/2627/5311/7298/89780/5629/3673/7128/9480/1459/26019/5469/4088/3175/3651/595/5774/55679/2735/6598/4233/54206/4838/23607/3549/23242,Factor6
GO:0061035,regulation of cartilage development,62,0.5083366514175693,1.9974906217084327,1.6369032350970486e-5,4.424042958712965e-4,NA,2418,"tags=37%, list=16%, signal=31%",11173/7040/4054/2737/649/5914/4017/6662/2648/10736/860/5916/7483/51222/6591/4192/4094/2734/81792/8817/652/4092/4088,Factor6
GO:0090288,negative regulation of cellular response to growth factor stimulus,108,0.4339778961546229,1.876748692047617,1.6757835593788578e-5,4.4983175882792084e-4,NA,3448,"tags=36%, list=23%, signal=28%",6497/2817/348093/4851/11117/25/153090/4091/2625/90993/81848/8321/406941/10016/25884/164656/9353/79812/57154/94031/55959/857/81792/7057/57556/9146/28996/4092/7498/406992/2200/8481/10252/406937/5770/407050/387914/693158/6423,Factor6
GO:0021915,neural tube development,144,0.40407266797907865,1.8199719260667668,1.6793121907463447e-5,4.4983175882792084e-4,NA,3175,"tags=36%, list=21%, signal=29%",7040/23513/6497/5566/2737/57167/23654/5310/5914/9620/2736/4851/8985/677/25/9968/7249/2648/9355/8642/5916/65979/3169/57216/51684/6046/5727/199221/5362/5311/51339/652/4524/89780/5629/1969/26005/84678/54910/1855/55764/23432/23648/10395/64321/27443/5076/140467/7248/1856/7289/4522,Factor6
GO:0030856,regulation of epithelial cell differentiation,148,0.4037918288265959,1.8346672120150473,1.7136066605442214e-5,4.56987050579647e-4,NA,3522,"tags=40%, list=23%, signal=31%",399473/3976/4851/677/1030/4926/6662/7421/2625/7414/4097/200734/7538/10736/4825/7422/4318/1051/7161/2296/9294/55810/8643/3975/130497/1594/4831/51176/2146/857/5727/57521/2668/652/25937/23764/23493/54106/1834/8609/10468/7498/2810/5469/4855/5054/6093/10252/5076/595/2301/2118/28514/10413/54845/54206/1003/4838/3596,Factor6
GO:0071774,response to fibroblast growth factor,112,0.43595945089218385,1.8988363509008028,1.724393729219076e-5,4.5783792977988427e-4,NA,2238,"tags=32%, list=15%, signal=28%",56975/1277/6909/2817/25865/677/678/2260/2625/9592/90993/81848/7538/860/406941/6899/23768/3746/4882/79801/53834/442907/3975/2131/143282/55959/54567/1960/2264/3340/8817/3371/960/7057/6654/3373,Factor6
GO:1905314,semi-lunar valve development,48,0.5528710157113258,2.0311703902400575,1.7627977686549252e-5,4.659816733194401e-4,NA,2610,"tags=44%, list=17%, signal=36%",7040/4851/11117/6662/4091/2625/2006/1009/6615/26508/9353/4846/54567/6591/4772/652/23493/6586/64220/2626/6093,Factor6
GO:2000630,positive regulation of miRNA metabolic process,61,0.5157419840341988,2.010274837365648,1.81763674448957e-5,4.7629985474081037e-4,NA,3169,"tags=41%, list=21%, signal=32%",4854/7040/6597/1958/6722/283131/8061/4609/4091/2625/4602/2113/3725/3169/6721/5155/5970/6688/4088/5451/7015/80149/378938/7157/4086,Factor6
GO:1902105,regulation of leukocyte differentiation,299,0.3343435136714628,1.6561754552501753,1.8172622630696246e-5,4.7629985474081037e-4,NA,2642,"tags=26%, list=18%, signal=22%",23476/6666/7040/6597/57178/6461/22985/3976/2737/161882/8289/6659/50943/5914/177/63976/9092/3142/2736/677/2175/25/8943/4323/2033/678/4609/604/2625/6522/7030/2648/864/146850/3561/57492/1051/10401/1029/3718/7535/3297/10221/257101/259307/133522/6046/51176/1960/140685/4192/9935/51043/3902/6599/64332/57521/6688/1435/652/5457/54106/6654/84807/441478/4092/407975/9580/8651/3566/2200/60/639/84695/3624/1209/80149/5591,Factor6
GO:0017015,regulation of transforming growth factor beta receptor signaling pathway,144,0.4032783916202632,1.8163944490703334,1.8596384405030688e-5,4.851965749312552e-4,NA,4353,"tags=44%, list=29%, signal=32%",8425/80139/283149/6497/51341/399473/2022/7041/63976/1387/2033/1030/117166/4015/4091/200734/79595/3309/8483/114990/56937/23089/57154/6664/94031/26524/4221/2734/8312/6794/7057/5170/3675/28996/9480/4092/9518/4088/2200/3066/3175/2201/10252/255743/406937/25942/9839/7157/4052/407050/203100/7043/3621/8473/93649/3622/858/9113/406890/8516/54778/10370/4435/51742,Factor6
GO:0031214,biomineral tissue development,152,0.40192661312997335,1.8337615387279096,1.8935030895108e-5,4.919027207104133e-4,NA,3156,"tags=36%, list=21%, signal=28%",56975/7040/22904/4054/1277/1291/1278/645811/4851/10312/286077/2260/6662/7421/4015/6574/54757/6522/2355/4322/860/54880/79147/6899/1051/1311/130497/1594/116039/4846/1758/7020/26504/652/6256/23493/1834/2068/54795/93/249/4088/6093/387733/89/2623/2201/7071/3381/162466/7475/166929/2719/9923,Factor6
GO:0002696,positive regulation of leukocyte activation,321,0.3328717251969865,1.6668808804437714,1.9327780902326015e-5,4.99950796130124e-4,NA,4217,"tags=37%, list=28%, signal=27%",23476/6666/7040/6597/57178/6461/1725/2737/6929/8289/6659/50943/5914/177/115650/9092/22976/3142/2736/23529/8740/148022/25/8943/4323/2033/3481/1948/85480/388552/8660/604/2625/63925/864/146850/79679/3561/57492/4615/80381/1445/7535/7297/259307/6046/51176/1960/4192/857/51043/6599/64332/1947/6688/6714/8440/89780/7057/84630/54106/5170/7293/84807/64926/30011/27/970/9580/79915/8651/3566/60/5591/1803/207/55122/2048/406937/101/8772/56848/30835/916/939/6541/6602/55193/6598/6469/10288/6778/84433/3596/118460/7532/3549/6595/4773/3458/8808/4352/55423/23149/3601/55274/2309/7292/2534/1236/6693/65992/6869/22890/283234/140885/29126/115352,Factor6
GO:0048704,embryonic skeletal system morphogenesis,92,0.45576017620696785,1.9417951956462365,1.9502168235290686e-5,5.023058459576793e-4,NA,3710,"tags=40%, list=25%, signal=30%",7703/2737/2303/4323/9968/1301/1954/10736/860/6899/6664/3975/130497/116039/7020/51804/3340/3200/652/8092/6495/5079/3373/4088/3219/25836/1280/7289/4522/5156/3213/4838/7043/3199/157506/3198/9742,Factor6
GO:0050779,RNA destabilization,123,0.4254852493649746,1.8661061431153327,2.0305883564019045e-5,5.20781107405714e-4,NA,4275,"tags=41%, list=28%, signal=29%",3184/4849/85456/8570/55095/124245/399664/219988/27327/10642/677/4343/3192/23435/678/7538/84069/26986/406941/57690/10492/5976/1994/406992/80149/6093/56478/129563/23112/406937/406900/23019/57472/54915/4850/407050/574457/26058/100126333/9924/28960/406961/442891/55802/406968/574453/339345/406920/406957/197135,Factor6
GO:1902895,positive regulation of miRNA transcription,53,0.5343041152975243,2.0035066270525395,2.0402990696662848e-5,5.210543429185889e-4,NA,2510,"tags=38%, list=17%, signal=32%",4854/7040/6597/1958/6722/8061/4609/4091/2625/4602/2113/3725/3169/6721/5155/5970/6688/4088/5451/7015,Factor6
GO:1990748,cellular detoxification,102,-0.42735511690595185,-1.9247635361355477,2.1298786603688345e-5,5.416362314786061e-4,NA,3416,"tags=38%, list=23%, signal=30%",655/51109/3049/55937/348/3240/241/2954/10314/6280/23530/26034/2936/10327/11315/2882/10549/2098/216/3043/6647/847/2879/4258/4151/5052/2950/25824/128/2876/27244/7001/10935/84817/4259/9446/4504/9429/2947,Factor6
GO:0051249,regulation of lymphocyte activation,453,0.3038163102823435,1.5697600930955582,2.1701606240818306e-5,5.495612639218989e-4,NA,2664,"tags=25%, list=18%, signal=21%",23476/6666/7040/6597/23513/57178/6461/1725/2737/2615/6929/8289/6659/50943/5914/177/115650/9092/22976/9231/3142/2736/23529/677/8740/148022/2175/25/8943/4323/2033/135/678/3481/1948/388552/8660/604/2625/27040/6522/63925/2648/864/146850/79679/3561/57492/5074/4615/1051/80381/1445/1029/3718/6830/7535/6664/90379/7297/257101/259307/6046/51176/1960/4192/857/51043/868/3902/6599/64332/5880/1947/23495/6688/652/6714/8440/89780/53833/54106/5170/7293/7128/6654/84807/441478/64926/30011/4092/27/970/407975/9580/79915/8651/3566/27242/60/639/84695/3624/5585/1209/80149/8654/5591/1803/207/55122,Factor6
GO:0072028,nephron morphogenesis,81,0.46555915307906415,1.927597731065179,2.2339574654894752e-5,5.586747570334053e-4,NA,3372,"tags=43%, list=22%, signal=34%",7040/3911/3976/2737/5310/65266/3611/55083/4609/6662/2625/10736/8642/79191/7422/3975/130497/51804/5727/5311/2668/652/153572/6495/9953/2297/9955/84445/255743/5076/7475/6299/2719/6469/1497,Factor6
GO:0072163,mesonephric epithelium development,100,0.4426824834278147,1.8999956610101862,2.2248031747081354e-5,5.586747570334053e-4,NA,3270,"tags=43%, list=22%, signal=34%",7040/3911/2737/2303/5310/5914/3611/55083/2260/4609/6662/4091/2625/10736/8642/7422/9353/2296/3975/130497/51804/6382/5727/5311/6492/2668/652/6495/9953/4092/4088/2297/9955/84445/793/10252/255743/5076/7475/6299/2719/4086/6469,Factor6
GO:0072164,mesonephric tubule development,100,0.4426824834278147,1.8999956610101862,2.2248031747081354e-5,5.586747570334053e-4,NA,3270,"tags=43%, list=22%, signal=34%",7040/3911/2737/2303/5310/5914/3611/55083/2260/4609/6662/4091/2625/10736/8642/7422/9353/2296/3975/130497/51804/6382/5727/5311/6492/2668/652/6495/9953/4092/4088/2297/9955/84445/793/10252/255743/5076/7475/6299/2719/4086/6469,Factor6
GO:0006281,DNA repair,500,0.2950856898598445,1.534489769649571,2.3327571685164528e-5,5.809722088697793e-4,NA,2973,"tags=27%, list=20%, signal=22%",2521/84444/4157/9656/9401/6597/4439/51341/57634/85456/9112/6874/4862/5371/84501/5426/199720/23126/10036/8289/8295/22897/22976/1454/126549/197342/1387/8243/6421/3978/83933/2175/25/63967/22992/9985/8438/84164/29128/3159/5347/5424/1108/51588/8091/6881/25900/2648/7516/2305/79661/8914/57492/11284/56949/7161/84954/2189/55929/4172/2176/5976/79677/3297/148479/4221/65123/4176/23137/4595/348654/9126/2968/165918/10155/51547/6599/2332/5428/11198/84461/7515/10075/7014/55159/407006/7913/27434/7874/84875/83444/2068/63901/4173/57523/57109/6314/1459/1025/9149/51343/4798/79840/7156/51750/1647/84515/23049/23503/55658/84296/5883/9400/60/135458/23613/546/8317/4174/5591/54617/7528/5394/7454/25836/54821/11219/8208/4175/80119/10721/2139/353497/27301,Factor6
GO:0045137,development of primary sexual characteristics,215,0.3590445552182391,1.716910321445493,2.3649470161903178e-5,5.865652537686849e-4,NA,2714,"tags=27%, list=18%, signal=22%",1822/4678/2316/6874/7536/835/5914/9510/9667/1636/4851/5872/2175/4323/268/10046/9985/6662/84733/2625/7422/9353/84159/4882/1051/57647/2189/2296/2796/130497/4846/668/51804/6382/152006/7026/23598/2627/3643/599/6714/7022/6586/431707/54106/3625/10468/2626/149986/867/2516/10018/259266/546/4313/3624/3640/2623,Factor6
GO:0048701,embryonic cranial skeleton morphogenesis,44,0.5656325346051885,2.031072296366171,2.3966151550906397e-5,5.919835876939051e-4,NA,4496,"tags=66%, list=30%, signal=46%",2737/2303/4323/9968/10736/860/6899/3975/7020/51804/3340/652/6495/5079/4088/25836/7289/4522/5156/4838/7043/3199/157506/3198/9742/7291/29985/1746/25902,Factor6
GO:0051168,nuclear export,145,0.40150372325064987,1.8120965546051337,2.4651339127919823e-5,6.064229425468277e-4,NA,2705,"tags=34%, list=18%, signal=29%",100101267/3181/7040/8106/10541/5566/5310/9887/126549/23511/283131/155435/54535/8021/23636/29890/1959/57154/1029/2010/6830/10482/92335/55308/5976/57187/10657/8888/51547/84946/2332/65083/5905/7175/26993/8241/9531/5784/91746/26019/55677/2810/23049/23195/84445/54888/8498/65125/57510/56478,Factor6
GO:0003416,endochondral bone growth,26,0.6549174993226483,2.0991643109272897,2.499263476444615e-5,6.076965032648745e-4,NA,2075,"tags=54%, list=14%, signal=46%",85301/7059/5914/6662/2121/2355/4322/5916/4882/1311/2131/54796/25987/6781,Factor6
GO:0003176,aortic valve development,45,0.5566863308982726,2.004275929209679,2.494068855993691e-5,6.076965032648745e-4,NA,2610,"tags=44%, list=17%, signal=37%",7040/4851/11117/6662/4091/2625/2006/1009/6615/26508/9353/4846/54567/6591/4772/652/23493/6586/2626/6093,Factor6
GO:0097237,cellular response to toxic substance,110,-0.4170406845198991,-1.9039857494979722,2.510642596863344e-5,6.076965032648745e-4,NA,2382,"tags=37%, list=16%, signal=32%",655/51109/3049/55937/348/3240/241/2954/10314/6280/23530/26034/2936/10327/11315/2882/10549/3747/2098/216/3043/65018/6647/847/2879/4258/4151/5052/2950/25824/128/2876/27244/7001/10935/84817/4259/9446/4504/9429/2947,Factor6
GO:0001823,mesonephros development,104,0.44189506339746326,1.9019957492107442,2.502266520356207e-5,6.076965032648745e-4,NA,3270,"tags=42%, list=22%, signal=33%",7040/3911/2737/2303/5310/5914/3611/55083/2260/4609/6662/4091/2625/10736/8642/7422/9353/2296/3975/130497/116039/51804/6382/5727/5311/6492/2668/652/6495/9953/4092/4088/2297/9955/84445/793/10252/255743/5076/7475/6299/2719/4086/6469,Factor6
GO:1903844,regulation of cellular response to transforming growth factor beta stimulus,147,0.39856900655994276,1.8074739569016256,2.5269723852200237e-5,6.092025026288434e-4,NA,4353,"tags=44%, list=29%, signal=31%",8425/80139/283149/6497/51341/399473/2022/7041/63976/1387/2033/1030/117166/4015/4091/200734/79595/3309/8483/114990/56937/23089/57154/6664/94031/26524/4221/2734/8312/6794/7057/5170/3675/28996/9480/4092/9518/4088/2200/3066/3175/2201/10252/255743/406937/25942/9839/7157/4052/407050/203100/7043/3621/8473/93649/3622/858/9113/406890/8516/54778/10370/4435/51742,Factor6
GO:0003180,aortic valve morphogenesis,39,0.6024503698034746,2.1115986450329403,2.5526997694257307e-5,6.129530482202741e-4,NA,2610,"tags=51%, list=17%, signal=42%",7040/4851/11117/6662/4091/2625/2006/1009/6615/26508/9353/4846/54567/6591/4772/652/23493/6586/2626/6093,Factor6
GO:0043535,regulation of blood vessel endothelial cell migration,108,0.4289346791884968,1.8549391691922934,2.589111050430352e-5,6.192290595612592e-4,NA,2438,"tags=32%, list=16%, signal=27%",7040/6915/2303/25865/4851/3728/25/5606/51564/2260/23616/27286/406941/29775/7422/4204/2113/79812/22846/57381/5335/4846/54567/5155/8817/8829/7057/1969/407006/5170/7424/3315/1647/406992/285,Factor6
GO:0021783,preganglionic parasympathetic fiber development,16,0.7601331794080102,2.211069508851936,2.633662262112741e-5,6.273945633894659e-4,NA,2119,"tags=69%, list=14%, signal=59%",55558/6405/89797/1959/104/8828/6899/10371/7020/8829/6495,Factor6
GO:0008406,gonad development,210,0.3625743097254521,1.7213080457781975,2.722431833163862e-5,6.459880574204172e-4,NA,2714,"tags=27%, list=18%, signal=23%",1822/4678/2316/6874/7536/835/5914/9510/9667/1636/4851/5872/2175/4323/268/10046/9985/6662/2625/7422/9353/84159/4882/1051/57647/2189/2296/2796/130497/4846/668/51804/6382/152006/7026/23598/2627/3643/599/6714/7022/6586/431707/54106/3625/10468/2626/149986/867/2516/10018/259266/546/4313/3624/3640/2623,Factor6
GO:0071407,cellular response to organic cyclic compound,491,0.2961013725498992,1.5393495979795841,2.871618476032799e-5,6.787154727470462e-4,NA,2661,"tags=25%, list=18%, signal=21%",80139/3184/9612/6294/7040/5032/6548/112398/6597/51341/1277/57178/1815/2316/6339/4330/6909/1958/1786/84687/83855/200186/7442/2931/23367/9667/1636/677/3728/25/10298/5467/2033/25959/3192/678/57657/7421/7538/112/57655/26508/65010/23373/114881/56937/4204/9464/4882/1788/2889/1729/1813/10919/55809/7023/5292/54434/1594/10021/3169/81285/3297/6872/257101/133522/5155/2146/6591/1609/2767/81035/857/5727/64784/3480/10498/5311/57506/111/599/3371/6714/10013/6256/5731/5457/151306/8932/6781/3673/79039/54106/6495/85364/1601/5031/3625/81606/10365/29904/9572/54795/249/238/333/8805/2946/92595/5469/10018/9400/6338/60/80339/3066/57026/3488/4313/3624/5585/80149/10142/207,Factor6
GO:0003170,heart valve development,71,0.49284027495652816,1.9648620348274983,3.003427335402433e-5,7.070959590027525e-4,NA,2610,"tags=37%, list=17%, signal=30%",7040/161882/6659/4851/11117/6662/4091/2625/2006/1009/6615/8642/26508/9353/53834/4846/54567/6591/4772/652/23493/6586/64220/2626/639/6093,Factor6
GO:0016053,organic acid biosynthetic process,281,-0.3133144987035602,-1.641350255106673,3.057330261287845e-5,7.169855830654413e-4,NA,4097,"tags=37%, list=27%, signal=27%",2747/114883/23498/114876/6850/57834/6785/4552/5564/84696/10062/10464/51102/22933/83401/3992/9415/5166/5322/6342/63826/130013/60496/4048/8560/231/134429/834/5825/56624/122970/247/29108/5009/241/2571/51733/435/2328/84869/58484/6296/6916/3028/1491/6770/10005/51074/3692/10090/51302/11019/1906/10327/2681/2593/873/11315/5053/283985/5565/2752/7390/5092/18/58478/54529/51144/23205/10993/79993/8850/27306/2572/5723/9104/10196/216/8803/10170/9971/50640/2879/4258/54988/2628/54995/4942/29968/10998/6507/55825/55256/79966/5354/2950/2805/441024/2746/7923/4706/5571/1036/4259,Factor6
GO:1904018,positive regulation of vasculature development,164,0.38449287369529517,1.7668114158534685,3.187633906409614e-5,7.446461067415017e-4,NA,3601,"tags=36%, list=24%, signal=28%",8038/7040/6915/2022/126393/2303/79924/25865/11117/3728/25/10298/3690/8091/8877/2041/10016/146850/7422/2113/3678/2321/947/5335/4846/5293/4192/3099/2627/8817/6356/8829/7057/5170/5740/28996/3373/3315/2833/2626/406992/285/63923/7015/1116/5054/80149/65125/2896/6376/28514/4086/84034/1003/4838/6423/64094/406913/6387,Factor6
GO:0001706,endoderm formation,58,0.516254433209759,1.9892739693150978,3.388961712658065e-5,7.88620549891512e-4,NA,2732,"tags=43%, list=18%, signal=35%",1294/1289/4627/3912/1284/1291/4323/1301/4324/1303/8091/1295/8019/1290/4318/2335/3679/3975/3678/83595/2627/1847/4313/3624/64321,Factor6
GO:0000380,"alternative mRNA splicing, via spliceosome",56,0.5195356280980854,1.9620339888141607,3.5062268238227045e-5,8.127703487376707e-4,NA,2999,"tags=43%, list=20%, signal=34%",221092/51341/4670/348093/4858/6421/58517/3192/5725/29890/55082/11100/11030/10181/10657/282996/2332/91746/8621/9967/54502/3178/10921/4857,Factor6
GO:0051236,establishment of RNA localization,138,0.39833768037921613,1.7927026634155632,3.5831536049375925e-5,8.267165470858522e-4,NA,2850,"tags=34%, list=19%, signal=28%",100101267/3181/8106/23144/8570/9887/10642/23511/677/10644/65109/283131/155435/8021/23299/9961/23636/7538/29890/23089/6830/10482/23225/55308/5976/57187/3297/10657/8888/65110/2332/65083/6311/7175/26993/51092/91746/26019/55677/144983/23049/10762/54888/65125/57510/23180/3178,Factor6
GO:0045444,fat cell differentiation,218,0.35301378894049174,1.6858072770978032,3.6075402668587875e-5,8.267165470858522e-4,NA,2911,"tags=32%, list=19%, signal=26%",7040/51341/10603/7041/2784/688/22809/6934/63976/25999/677/5467/2033/3192/678/59341/4091/862/8091/2355/7538/7030/64641/1959/7166/7021/7422/6239/84159/4882/3589/1051/1869/4320/7204/5292/1052/6591/9935/171023/65989/51043/338761/10498/284207/8312/25937/10013/89780/6495/2874/3625/582/9572/54795/9580/8651/5469/4088/4041/144404/80339/2869/80149/207/91252/25836/51320/84498/595,Factor6
GO:0061458,reproductive system development,285,0.33334789735875375,1.6396578123892795,3.606154591009339e-5,8.267165470858522e-4,NA,3791,"tags=34%, list=25%, signal=26%",1822/4678/2316/1291/6874/7536/84687/835/5310/5914/2295/9510/9667/1636/4851/5872/2175/4323/268/10046/9985/6662/2625/5916/7422/9353/84159/4882/1051/57647/2189/2296/2796/3975/130497/3169/4846/668/51804/6382/152006/7026/23598/5727/6599/2627/3643/599/3371/652/6714/6794/7022/55636/6586/431707/54106/64220/3625/10468/2626/149986/867/2516/10018/259266/546/4313/3624/1718/3640/2623/25836/6299/2/2735/3148/581/6469/54206/5156/3293/5806/8751/6423/51665/23607/8890/9825/157506/1396/91603/10765/3623/93649/151449/5324,Factor6
GO:0042475,odontogenesis of dentin-containing tooth,84,0.46298254129347444,1.9403059882814282,3.893617838110539e-5,8.888952541777356e-4,NA,3840,"tags=45%, list=26%, signal=34%",56975/29123/7040/3911/2737/645811/3714/2736/10312/54757/6522/860/9464/6899/2296/1758/51176/2627/26504/3371/1435/652/431707/1834/10468/93/10018/3066/5054/7475/581/6469/6331/5156/84957/1080/64065/55512,Factor6
GO:0002063,chondrocyte development,28,0.6349520099190331,2.079876957968478,3.938840755240808e-5,8.958261596919377e-4,NA,2801,"tags=50%, list=19%, signal=41%",85301/6662/1301/860/5916/1311/2131/871/55959/8817/25987/4092/22856/51320,Factor6
GO:0060021,roof of mouth development,87,0.4595263652418543,1.936869372461397,3.9836426927932205e-5,9.026095680249903e-4,NA,3511,"tags=44%, list=23%, signal=34%",10541/6497/6909/2737/2615/3714/2295/117166/8321/6615/54880/9464/6899/84159/1302/6664/130497/54796/116039/51176/6591/7020/64386/9242/89780/55636/6654/93/10194/84695/3624/2048/1280/6469/5156/2535/7043/91461,Factor6
GO:0009952,anterior/posterior pattern specification,206,0.3542293779781998,1.6825350137640749,4.014526586275388e-5,9.062004395311522e-4,NA,3686,"tags=32%, list=25%, signal=25%",7703/6497/2737/6722/2303/4851/7855/2033/9968/54626/6881/2648/7516/10736/8553/5916/26508/221400/6899/5013/2296/84667/6911/3975/130497/51176/7026/3200/5362/652/89780/23493/92129/84678/28996/441478/93/5100/2626/4088/4041/10194/8481/3219/23648/5591/8557/2018/7528/64321/57801/28514/7157/7289/2719/6469/1952/9096/3213/4838/6423/3199/2186/8861/23242/10512,Factor6
GO:0072109,glomerular mesangium development,16,0.7529183490513646,2.1900830661531154,4.0417209242209784e-5,9.073488453959337e-4,NA,1945,"tags=56%, list=13%, signal=49%",2828/1958/2303/4851/3690/5159/947/5155/652,Factor6
GO:0006099,tricarboxylic acid cycle,30,-0.612335447813105,-2.102214420167748,4.140051974180882e-5,9.073488453959337e-4,NA,3120,"tags=57%, list=21%, signal=45%",3420/1737/6391/8801/23530/55753/54949/3419/5162/2271/8803/6392/6390/8802/4190/4693/130752,Factor6
GO:0035987,endodermal cell differentiation,49,0.5429609912109674,2.0018496462950015,4.066338941912257e-5,9.073488453959337e-4,NA,1451,"tags=37%, list=10%, signal=33%",1294/1289/4627/3912/1284/1291/4323/1301/4324/1303/8091/1295/8019/1290/4318/2335/3679/3678,Factor6
GO:0048146,positive regulation of fibroblast proliferation,48,0.5397938131179651,1.983126586278604,4.129425274669785e-5,9.073488453959337e-4,NA,1570,"tags=31%, list=10%, signal=28%",57124/7040/57178/5371/3976/25/3690/4609/2355/8877/4602/2335/1869/2192/5155,Factor6
GO:0150115,cell-substrate junction organization,93,0.4487031719438421,1.9091818930227644,4.1067330526463816e-5,9.073488453959337e-4,NA,3095,"tags=41%, list=21%, signal=33%",6548/87/25/1613/4323/3690/3915/7414/9922/1009/7422/2335/7094/2017/9448/7145/3678/382/55920/23499/1307/9647/6714/8829/7057/3673/10391/9344/4088/123720/88/6093/89/10395/1946/23332/7248/90102,Factor6
GO:0030326,embryonic limb morphogenesis,113,0.41436232323583577,1.8003305836799908,4.128374314691037e-5,9.073488453959337e-4,NA,3710,"tags=42%, list=25%, signal=32%",6497/6909/4621/2737/57167/775/4851/1387/2260/5089/1954/860/1889/5916/9464/130497/116039/51176/7020/5727/652/55636/9496/26005/100131390/1382/55764/5469/4041/10018/3066/2768/25836/2201/6468/65057/6299/140467/581/7289/2719/6469/6423/8434/157506/3549/9742,Factor6
GO:0035113,embryonic appendage morphogenesis,113,0.41436232323583577,1.8003305836799908,4.128374314691037e-5,9.073488453959337e-4,NA,3710,"tags=42%, list=25%, signal=32%",6497/6909/4621/2737/57167/775/4851/1387/2260/5089/1954/860/1889/5916/9464/130497/116039/51176/7020/5727/652/55636/9496/26005/100131390/1382/55764/5469/4041/10018/3066/2768/25836/2201/6468/65057/6299/140467/581/7289/2719/6469/6423/8434/157506/3549/9742,Factor6
GO:0007159,leukocyte cell-cell adhesion,376,0.30889232314042603,1.5734200793370017,4.10004007285556e-5,9.073488453959337e-4,NA,4200,"tags=36%, list=28%, signal=27%",23476/6666/7040/6597/23513/57178/6461/1725/2737/2615/8289/6659/50943/5914/177/115650/9092/9231/3142/2736/8740/25/8943/2033/135/3481/1948/604/2625/6793/6522/864/146850/79679/3561/57492/5074/2113/1051/80381/1445/1029/3718/7535/2131/7297/3678/259307/6046/51176/1960/4192/857/5970/51043/868/3902/6599/64332/5880/1947/652/6714/8440/960/3383/407006/53833/8174/5170/84807/441478/64926/4092/27/970/9580/8651/407007/3566/27242/2650/60/84695/80149/6093/8654/1803/207/65125/9435/8379/101/3037/8772/30835/916/939/6541/6602/55193/6401/6598/6469/10288/3676/3654/84433/7532/2811/6387/2526/3549/6595/2064/3458/8808/55423/23149/430/55274/4478/2309/7292/10725/2534/1236/51148/406890/50848/6693/22890/283234/140885/29126,Factor6
GO:0007044,cell-substrate junction assembly,87,0.45845083177564605,1.9323360790808104,4.163692465718467e-5,9.092237134378695e-4,NA,3646,"tags=46%, list=24%, signal=35%",6548/87/25/1613/4323/3690/3915/7414/1009/7422/2335/7094/2017/9448/7145/3678/55920/23499/1307/9647/6714/8829/7057/3673/10391/9344/4088/123720/88/6093/89/10395/1946/23332/7248/90102/3691/613/8861/9748,Factor6
GO:0021602,cranial nerve morphogenesis,30,0.626658790372794,2.0666020676407513,4.5240412924100695e-5,9.843464573774546e-4,NA,2858,"tags=57%, list=19%, signal=46%",55558/5361/6405/2737/1959/104/8828/6899/10371/9935/7020/3200/8829/6495/2048/5205/5076,Factor6
GO:0072078,nephron tubule morphogenesis,77,0.4773353794315395,1.9401517579603953,4.5585587273957645e-5,9.882889730220962e-4,NA,3372,"tags=44%, list=22%, signal=34%",7040/3911/2737/5310/65266/3611/55083/4609/6662/2625/10736/8642/79191/7422/3975/130497/51804/5727/5311/2668/652/153572/6495/9953/2297/9955/84445/255743/5076/7475/6299/2719/6469/1497,Factor6
GO:0050657,nucleic acid transport,135,0.4036817349864848,1.8051392214006015,4.666788128972935e-5,0.0010045261447614241,NA,2850,"tags=35%, list=19%, signal=28%",100101267/3181/8106/23144/8570/9887/10642/23511/677/10644/65109/283131/155435/8021/23299/9961/23636/7538/29890/23089/6830/10482/23225/55308/5976/57187/3297/10657/8888/65110/2332/65083/6311/7175/26993/51092/91746/26019/55677/144983/23049/10762/54888/65125/57510/23180/3178,Factor6
GO:0050658,RNA transport,135,0.4036817349864848,1.8051392214006015,4.666788128972935e-5,0.0010045261447614241,NA,2850,"tags=35%, list=19%, signal=28%",100101267/3181/8106/23144/8570/9887/10642/23511/677/10644/65109/283131/155435/8021/23299/9961/23636/7538/29890/23089/6830/10482/23225/55308/5976/57187/3297/10657/8888/65110/2332/65083/6311/7175/26993/51092/91746/26019/55677/144983/23049/10762/54888/65125/57510/23180/3178,Factor6
GO:0034505,tooth mineralization,26,0.6431487352869889,2.0614426597682787,4.762942810615042e-5,0.001021574957992059,NA,2348,"tags=50%, list=16%, signal=42%",56975/7040/1277/10312/2260/54757/6522/54880/6899/1758/7020/26504/249,Factor6
GO:0045766,positive regulation of angiogenesis,161,0.3793881433609372,1.7423818773603819,4.8950276332801175e-5,0.0010461819697084847,NA,3451,"tags=35%, list=23%, signal=27%",8038/6915/2022/126393/2303/79924/25865/11117/3728/25/10298/3690/8091/8877/2041/10016/146850/7422/2113/3678/2321/947/5335/4846/5293/4192/3099/2627/8817/6356/8829/7057/5170/5740/28996/3373/3315/2833/2626/406992/285/63923/7015/1116/5054/80149/65125/2896/6376/28514/4086/84034/1003/4838/6423/64094,Factor6
GO:0014706,striated muscle tissue development,376,0.30633064415429745,1.5603715285908635,4.9930915387888e-5,0.001063369706865021,NA,3348,"tags=33%, list=22%, signal=26%",23135/283149/7040/6548/10848/6497/59269/2022/1291/6909/1958/607/161882/6722/2817/2303/688/5914/4209/2931/3142/4851/25/2033/3192/6840/3481/2260/1948/1301/79784/4015/9794/5159/2006/2539/2648/10052/3720/1959/79191/26508/9150/7422/4000/4204/79147/1829/6899/7161/2010/2296/57538/693175/6664/5292/10021/55692/1063/221496/4629/54567/51176/668/857/23363/51804/7026/1909/115701/53615/2627/58498/652/9242/407014/57493/89780/5457/23764/55636/23493/8932/5629/6495/5079/26576/4092/407975/63950/2626/64208/5469/407007/4088/7373/88/10664/8557/89/7528/8506/8324/3475/5592/55909/2139/8913/2735/5600/7248/11214/4625/28514/10413/4086/341405/7137/6469/4703/9096/246329/6331/5156,Factor6
GO:0006839,mitochondrial transport,151,-0.3722159274923523,-1.7928603021058107,5.10610283765357e-5,0.0010836085141738756,NA,3038,"tags=34%, list=20%, signal=27%",29928/665/26517/94081/1386/10651/7417/83733/79714/54946/815/292/80273/10440/10245/23787/9804/29074/10166/8034/10572/5250/119559/91137/8604/115286/84134/55288/57380/84275/23788/255027/7263/65018/637/26519/56993/282991/152926/27069/84266/572/788/28978/29103/4190/51522/131118/26521/291/140823,Factor6
GO:0006405,RNA export from nucleus,76,0.46094455946277657,1.871354975851755,5.1539381857841905e-5,0.001086111379221025,NA,2850,"tags=38%, list=19%, signal=31%",100101267/3181/8106/9887/23511/283131/155435/8021/23636/29890/6830/10482/55308/5976/57187/10657/8888/2332/65083/7175/26993/91746/26019/55677/23049/54888/65125/57510/3178,Factor6
GO:0051146,striated muscle cell differentiation,275,0.3288411033456666,1.6089945520278317,5.142856931035943e-5,0.001086111379221025,NA,3382,"tags=34%, list=23%, signal=27%",30846/23135/8038/4627/7040/6548/1760/6497/1291/4621/607/6722/8912/688/5914/84033/23250/2931/4851/8740/4323/3192/3481/170689/1948/9794/5159/2539/2648/79191/4608/9150/7422/4000/79147/6899/284358/5738/57538/693175/4629/2146/200539/23363/51804/6382/115701/4606/2314/2627/825/652/89780/23493/5629/6495/10398/10938/9518/9149/3856/2626/64208/407007/3566/7373/88/3488/10664/8557/89/7528/207/8506/2318/8324/5592/55909/10014/9759/7248/11214/4625/28514/1793/6469/4703/9096/246329/5156/11096/824/6261,Factor6
GO:0016331,morphogenesis of embryonic epithelium,137,0.39560665159245345,1.7733002734779912,5.3268652644035277e-5,0.0011186417055247407,NA,3301,"tags=38%, list=22%, signal=30%",7040/3911/23513/6497/7041/5566/57167/23654/5914/3714/9620/25/9968/6662/2625/7249/2648/9355/79191/5916/7477/65979/6664/130497/57216/51684/6046/7020/51804/5727/2668/652/4524/153572/6495/7424/84678/54910/1855/55764/5100/10395/27443/3651/5076/7475/7248/1856/7289/4522/6469/9096,Factor6
GO:0001935,endothelial cell proliferation,165,0.3734614219807449,1.7170488136032862,5.600319849083301e-5,0.00117198360175087,NA,2433,"tags=26%, list=16%, signal=22%",3339/2022/25865/4017/51157/4323/3690/3481/2260/2324/1295/406941/10016/8828/7422/79812/22846/5365/2321/947/5335/5293/54567/1960/5155/4192/857/7026/57521/2081/652/6356/8829/7057/1621/5629/1969/5170/441478/2833/7498/407007/2524,Factor6
GO:0007006,mitochondrial membrane organization,96,-0.4119179073670481,-1.835516125453364,5.627394058692099e-5,0.001173574532586065,NA,3038,"tags=36%, list=20%, signal=29%",29928/665/26517/1386/10651/7417/815/292/79135/6622/115209/23787/9804/10572/91137/84303/55288/285521/23788/255027/65018/637/64112/26519/56993/282991/84233/152926/27069/84266/572/28978/26521/291/140823,Factor6
GO:0048332,mesoderm morphogenesis,69,0.4770496765262172,1.8955325279322615,5.656272428381325e-5,0.0011755294457191118,NA,3448,"tags=46%, list=23%, signal=36%",23135/5566/6722/2303/27245/3690/2260/8091/6881/6615/10736/9095/2296/6911/23275/51176/8312/652/89780/3673/1969/3675/4088/3624/5076/406937/2139/79798/4086/3691/4838/6423,Factor6
GO:0072132,mesenchyme morphogenesis,56,0.5115129769958727,1.9317363281887245,5.7834896283276176e-5,0.0011927770921935721,NA,2034,"tags=34%, list=14%, signal=29%",2022/6909/2303/4851/2260/4609/6662/6881/6615/8642/26508/2296/130497/4846/51176/6591/72/89780/23493,Factor6
GO:0035148,tube formation,138,0.3920062386965086,1.7642082655041111,5.770323253314406e-5,0.0011927770921935721,NA,3270,"tags=38%, list=22%, signal=30%",7040/23513/6497/5566/57167/23654/5914/9620/4851/25/9968/6662/153090/2625/7249/2648/9355/79191/5916/7422/5420/79812/65979/130497/57216/51684/5293/6046/51804/5727/2668/652/4524/153572/5629/6495/84678/54910/55764/80184/406992/10018/8557/10395/27443/5076/7475/7248/1856/7289/4522/4781/6469,Factor6
GO:0048608,reproductive structure development,281,0.33142577520992467,1.6274725967220565,5.7986342792884786e-5,0.0011927770921935721,NA,3791,"tags=34%, list=25%, signal=26%",1822/4678/2316/1291/6874/7536/835/5310/5914/2295/9510/9667/1636/4851/5872/2175/4323/268/10046/9985/6662/2625/5916/7422/9353/84159/4882/1051/57647/2189/2296/2796/3975/130497/3169/4846/668/51804/6382/152006/7026/23598/5727/6599/2627/3643/599/3371/652/6714/6794/7022/55636/6586/431707/54106/64220/3625/10468/2626/149986/867/2516/10018/259266/546/4313/3624/1718/3640/2623/25836/6299/2/2735/3148/581/6469/54206/5156/3293/5806/8751/6423/51665/23607/8890/9825/157506/1396/91603/10765/3623/93649/151449/5324,Factor6
GO:0045912,negative regulation of carbohydrate metabolic process,51,0.5321625639792423,1.992354156036193,6.022985498070719e-5,0.0012347120271044975,NA,3840,"tags=51%, list=26%, signal=38%",7040/90007/5566/6934/2931/2033/1196/4485/2648/23178/863/160/2887/7874/28964/53632/89/79660/5592/2646/9759/7157/2932/9611/5207/55512,Factor6
GO:0021510,spinal cord development,96,0.4358330536962127,1.863394647785356,6.096956300087885e-5,0.0012456391735806672,NA,3981,"tags=43%, list=26%, signal=32%",6666/2737/5310/6659/266727/2736/4851/57125/9968/104/4204/6664/3975/51684/7436/54567/5727/5311/2668/121643/89780/5629/2068/2636/55764/9580/2055/84695/5802/64211/3110/28514/120237/6469/219409/26058/340260/89884/151449/1639/55906,Factor6
GO:0010810,regulation of cell-substrate adhesion,195,0.36357052741994356,1.7211879959739673,6.456252085372802e-5,0.0013145888958966852,NA,3697,"tags=39%, list=25%, signal=30%",6548/91663/1277/2316/81/3611/4851/11117/3728/25/1613/4323/3690/11078/604/7414/4811/7016/81848/1295/2041/7422/6239/2335/7094/1029/25975/9448/2192/3678/1758/5328/5155/55920/4192/23499/6904/5880/1307/9647/1435/6714/8829/7057/1601/201294/3675/10391/9480/4088/285/25890/5054/6093/10395/3175/1946/23332/255743/8324/6376/3037/55679/916/7248/90102/1793/2932/5770/8751/1605/10631/246/8861/9748/23189,Factor6
GO:0048745,smooth muscle tissue development,26,0.6359714330272013,2.03843772133242,6.643541461984549e-5,0.0013481691714269657,NA,4223,"tags=81%, list=28%, signal=58%",2022/6722/6662/2355/7021/4882/130497/1281/5727/5311/652/5629/6495/64220/63923/406937/6469/3549/4638/6608/8516,Factor6
GO:1903037,regulation of leukocyte cell-cell adhesion,344,0.3154047196810363,1.5873470111409598,6.733597344877613e-5,0.001361858765019375,NA,3961,"tags=35%, list=26%, signal=26%",23476/6666/7040/6597/23513/57178/6461/1725/2737/2615/8289/6659/50943/5914/177/115650/9092/9231/3142/2736/8740/25/8943/2033/135/3481/1948/604/2625/6522/864/146850/79679/3561/57492/5074/2113/1051/80381/1445/1029/3718/7535/7297/259307/6046/51176/1960/4192/857/5970/51043/868/3902/6599/64332/1947/652/6714/8440/960/407006/53833/5170/84807/441478/64926/4092/27/970/9580/8651/407007/3566/27242/2650/60/84695/80149/8654/1803/207/65125/9435/8379/101/3037/8772/30835/916/939/6541/6602/55193/6401/6598/6469/10288/3676/3654/84433/7532/2811/6387/2526/3549/6595/2064/3458/8808/55423/23149/430/55274/2309/7292/10725/2534/1236,Factor6
GO:0043603,amide metabolic process,388,-0.28158492077898645,-1.518302692318592,6.786035609089096e-5,0.0013678741343137119,NA,3159,"tags=30%, list=21%, signal=24%",2182/114134/2717/1737/25974/5621/10558/129807/348/2043/56624/122970/60490/836/123099/327/4860/4817/51107/8707/3156/8876/5009/8801/2954/10313/55711/9218/9619/10588/128486/23657/51268/3479/6653/254552/435/84869/27429/6296/23474/81555/10007/384/10797/1191/2639/10400/9331/10005/4915/27010/27293/6622/2936/51703/3696/686/8050/6610/387700/259230/2681/1363/84693/10166/8034/494143/5162/80221/8705/57678/283927/56922/148811/4758/51144/23205/79717/79993/427/27306/2271/1512/2941/29095/132789/55851/38/5126/8803/9971/83464/6647/4258/54988/3029/54995/5300/2739/10550/5538/2348/84618/2950/6447/441024/8875/2876/8802/3459/6506/9446/256435/23305/4693/2947,Factor6
GO:0010631,epithelial cell migration,95,0.43114770954728565,1.8460607827106714,6.876702438879816e-5,0.0013815295199709552,NA,3014,"tags=35%, list=20%, signal=28%",25930/51466/5467/25959/6662/153090/8660/7016/9922/6615/29941/56413/4318/6239/9448/5335/83481/382/23499/9647/6714/10013/5629/3673/407006/3675/407007/5585/6093/3640/23332/3037/9839,Factor6
GO:0060351,cartilage development involved in endochondral bone morphogenesis,31,0.6150185497612367,2.061941927929257,6.923172765457017e-5,0.0013862445932694167,NA,2075,"tags=48%, list=14%, signal=42%",85301/1277/7059/5914/59341/6662/2355/4322/5916/4882/1311/2131/871/25987/6781,Factor6
GO:0061157,mRNA destabilization,120,0.42250653248528536,1.8535853552427517,7.0114660852939e-5,0.0013992750362935872,NA,4826,"tags=47%, list=32%, signal=32%",3184/4849/85456/8570/55095/399664/219988/27327/10642/677/4343/3192/23435/678/7538/84069/26986/406941/57690/10492/5976/1994/406992/80149/6093/56478/129563/23112/406937/406900/23019/57472/54915/4850/407050/574457/26058/100126333/9924/28960/406961/442891/55802/406968/574453/339345/406920/406957/197135/170506/131405/4904/23034/9271/442908/340152,Factor6
GO:0001656,metanephros development,89,0.4452986210491665,1.8831898350763596,7.090517465744735e-5,0.0014103811473941753,NA,3348,"tags=47%, list=22%, signal=37%",1958/3976/2737/2303/5310/9231/55083/4609/6662/5159/10736/79191/7021/7477/3975/130497/5455/116039/947/5155/51804/5727/5311/2668/652/25937/153572/6495/2200/2297/6580/64321/25836/793/10252/5076/6299/10413/2719/6469/3913/5156,Factor6
GO:0061014,positive regulation of mRNA catabolic process,125,0.4062788308334391,1.7876748664323647,7.274402765631098e-5,0.001442198206199297,NA,4826,"tags=46%, list=32%, signal=32%",3184/4849/85456/8570/55095/399664/219988/27327/10642/677/4343/3192/23435/678/7538/84069/26986/406941/57690/9567/10492/5976/1994/406992/80149/6093/56478/129563/23112/406937/406900/23019/57472/54915/4850/407050/574457/26058/100126333/9924/28960/406961/442891/55802/406968/574453/339345/406920/406957/197135/56829/170506/131405/4904/23034/9271/442908/340152,Factor6
GO:0034728,nucleosome organization,64,0.48320607893851186,1.9071015594619065,7.500273203681032e-5,0.0014821031671667403,NA,3571,"tags=47%, list=24%, signal=36%",4678/6597/10541/10036/8289/7290/1106/6662/3159/23523/11177/29855/6830/6046/8888/6599/11198/1105/54108/546/29028/8208/4171/6602/3148/6598/55723/83743/6749/64061,Factor6
GO:0001657,ureteric bud development,99,0.4343131395990356,1.8591536362354728,7.566466331526072e-5,0.0014902971431407725,NA,3270,"tags=42%, list=22%, signal=33%",7040/3911/2737/2303/5914/3611/55083/2260/4609/6662/4091/2625/10736/8642/7422/9353/2296/3975/130497/51804/6382/5727/5311/6492/2668/652/6495/9953/4092/4088/2297/9955/84445/793/10252/255743/5076/7475/6299/2719/4086/6469,Factor6
GO:0009083,branched-chain amino acid catabolic process,22,-0.6646994488740504,-2.091297229771298,7.606784147304271e-5,0.0014933579171271284,NA,3037,"tags=68%, list=20%, signal=54%",549/27034/4329/26275/1629/3028/36/3155/56922/38/11112/594/1892/152926/54511,Factor6
GO:0044027,negative regulation of gene expression via chromosomal CpG island methylation,15,0.7457234963524486,2.1241752264855336,7.675455101766363e-5,0.001501947009686554,NA,2570,"tags=73%, list=17%, signal=61%",1786/3070/4609/29128/4204/1788/10919/353274/7874/54737/10664,Factor6
GO:0001707,mesoderm formation,67,0.4866514467313925,1.934594446029822,8.09958930288846e-5,0.001579813098009992,NA,3448,"tags=48%, list=23%, signal=37%",23135/5566/6722/2303/27245/3690/2260/8091/6881/6615/10736/9095/2296/6911/23275/51176/8312/652/89780/3673/1969/3675/4088/3624/5076/406937/2139/79798/4086/3691/4838/6423,Factor6
GO:0051017,actin filament bundle assembly,151,0.3872850345755143,1.7622338896835854,8.198821611448105e-5,0.0015888841753118241,NA,3769,"tags=42%, list=25%, signal=32%",6548/7791/2316/87/84501/6722/10174/85358/29109/51466/25/11346/800/6624/5829/25794/2006/7016/83715/64780/22899/80115/2041/406941/5074/3984/9639/4430/9124/9647/23370/116985/85462/6714/134549/8829/10391/10458/10163/9788/114822/4088/57026/6093/55971/10395/7454/23332/6376/9839/90167/5296/7248/90102/29999/4233/1785/8500/7043/50944/339768/3693/79933/4070,Factor6
GO:0061572,actin filament bundle organization,151,0.3872850345755143,1.7622338896835854,8.198821611448105e-5,0.0015888841753118241,NA,3769,"tags=42%, list=25%, signal=32%",6548/7791/2316/87/84501/6722/10174/85358/29109/51466/25/11346/800/6624/5829/25794/2006/7016/83715/64780/22899/80115/2041/406941/5074/3984/9639/4430/9124/9647/23370/116985/85462/6714/134549/8829/10391/10458/10163/9788/114822/4088/57026/6093/55971/10395/7454/23332/6376/9839/90167/5296/7248/90102/29999/4233/1785/8500/7043/50944/339768/3693/79933/4070,Factor6
GO:0001570,vasculogenesis,83,0.45128413836975473,1.884516594078909,8.358798618500752e-5,0.001614694848516155,NA,3270,"tags=39%, list=22%, signal=30%",7040/80864/57178/54345/2022/22976/4851/677/51564/4643/5159/10052/7422/4882/7477/6911/947/857/9820/57493/8829/23493/1969/55662/7498/64321/83605/3037/54922/10413/7137/6469,Factor6
GO:0045216,cell-cell junction organization,194,0.35942323697495016,1.699548611442951,8.448751143022031e-5,0.001626856969296926,NA,3490,"tags=37%, list=23%, signal=28%",80139/25930/7040/79778/2316/5566/24146/6722/57555/9253/4641/23396/9231/1636/5872/7855/3728/64403/1364/51564/59341/6624/1948/7414/1009/6615/10052/79191/7422/261734/79147/1829/7094/1445/2131/11187/6591/857/125111/6904/27134/3801/6714/1002/85302/57493/151306/1969/4092/9788/4088/60/6093/8506/1365/137075/8650/2048/83605/9080/55679/9414/79987/57502/10015/23562/286676/2149/1003/7043/23607,Factor6
GO:0060560,developmental growth involved in morphogenesis,224,0.35027111182614273,1.68375571240467,8.646700068466875e-5,0.0016596707424410783,NA,3649,"tags=41%, list=24%, signal=32%",55558/7040/5361/6405/6909/6722/29882/4851/26053/25/9968/55083/54437/6662/10500/8408/7414/1954/8128/9355/4825/5916/8828/7422/4204/2335/9353/4882/57154/3984/2017/2803/7477/3975/2131/10371/80128/59284/51804/1909/10155/23499/3371/1435/652/6794/10013/393/1002/6356/89780/8829/6586/6495/1382/8936/1855/5469/63923/5754/84445/23394/5802/1946/10252/57611/23025/3475/5592/9423/55909/6299/25942/56920/9746/10413/6469/3913/5459/2932/1785/53335/3676/6423/23607/10631/8482/84258/51199/157506/6387/23242,Factor6
GO:0001892,embryonic placenta development,83,0.45090555066461285,1.882935650385139,8.815559141873357e-5,0.0016867103158117688,NA,3875,"tags=43%, list=26%, signal=32%",7262/3976/5310/677/7855/79733/3481/6881/6615/1051/7477/22846/51176/5155/144455/7026/10155/5311/9394/23493/10733/26259/3856/5469/639/207/2034/9021/8521/79893/4838/2186/405/7942/51294/430,Factor6
GO:0051493,regulation of cytoskeleton organization,462,0.29323746047417915,1.5145535709401885,8.854883213696759e-5,0.001688872820536404,NA,3505,"tags=32%, list=23%, signal=26%",64857/55558/7040/6548/91663/2316/10763/29082/10174/85358/5310/55114/9620/2931/55201/25999/55559/29109/51466/25/1613/23187/25959/3192/3690/11346/6840/4926/11135/59341/6624/440193/1857/5829/23299/11078/8558/5159/5347/2006/7016/23636/6522/23616/22899/2648/80115/2041/10432/406941/10677/55755/4204/9353/51332/11211/4035/2011/3984/2017/9639/5580/1729/10460/64411/54434/89848/130271/91624/382/899/827/200539/9181/23354/55835/85360/26146/6904/2314/9647/23370/116985/10013/8440/6356/54961/256364/89780/8829/57731/5629/7175/10733/10297/54551/10391/10458/6314/8936/10163/27124/27/9788/9344/114822/22974/4088/123720/636/28964/57026/88/6712/6093/55971/10142/10395/7454/1946/23332/6376/148170/128866/1778/10615/90167/5296/7248/90102/11214/27237/1856/225689/57704/93323/4703/11132/4233/2932/7226/9463/5156/824/1003/8500/7043/1104/23607/50944,Factor6
GO:0051054,positive regulation of DNA metabolic process,260,0.33992179786986115,1.6559048785639487,9.064694417297999e-5,0.00172343574930773,NA,3294,"tags=32%, list=22%, signal=25%",2521/3184/3181/7040/6597/57634/58525/63922/4862/5371/84501/25792/8289/81620/8295/25865/22976/2736/23529/1387/83933/27154/79733/2260/4609/5609/5159/51588/2305/11177/80174/7422/8914/57492/11284/5580/5514/55929/3297/400410/5155/144455/2264/4772/165918/10155/3480/6599/7515/5753/11232/7014/83444/2068/4798/1736/79915/51750/55658/60/546/8317/4216/5591/54617/7528/207/7454/993/3178/65057/2139/7349/2735/6602/581/225689/55193/142/6598/54891/3320/8658,Factor6
GO:1901657,glycosyl compound metabolic process,58,-0.48815690476034224,-1.968267067433421,9.247835471855506e-5,0.0017527265531092182,NA,3262,"tags=47%, list=22%, signal=37%",55276/9836/1635/353/231/2717/140733/4860/22875/55039/51733/60489/84869/81602/10327/2517/2079/1841/132/56952/1716/51071/8574/151531/84618/1646/8382,Factor6
GO:1904888,cranial skeletal system development,69,0.46795834341758913,1.8594085800969777,9.553798891216361e-5,0.0018050390569705646,NA,3710,"tags=45%, list=25%, signal=34%",7040/2737/2303/4323/9968/1954/10736/860/6899/3975/2131/2767/7020/51804/3340/1909/652/6495/5079/4088/25836/55165/7289/4522/5156/4838/7043/3199/157506/3198/9742,Factor6
GO:0055123,digestive system development,137,0.3882259044867409,1.740216196634624,9.608282251074379e-5,0.0018096599102257903,NA,4193,"tags=45%, list=28%, signal=32%",7040/2737/5310/688/348093/2295/3142/2736/4851/7855/3481/6662/1954/6522/10736/8642/4882/27031/6664/2131/1281/2627/7298/3643/5697/51339/6714/5753/6343/54106/64220/93/2300/2626/4088/639/57680/9139/64321/25836/3651/6299/2735/10413/3784/6469/5156/4838/6423/7043/91461/3549/23242/93649/56033/9026/1543/60529/5919/2049/6608,Factor6
GO:0072175,epithelial tube formation,124,0.4014112498764814,1.7655830201134004,9.775448156133035e-5,0.0018297088831370743,NA,3175,"tags=38%, list=21%, signal=30%",7040/23513/6497/5566/57167/23654/5914/9620/25/9968/6662/2625/7249/2648/9355/79191/5916/7422/5420/79812/65979/130497/57216/51684/5293/6046/51804/5727/2668/652/4524/153572/5629/6495/84678/54910/55764/80184/8557/10395/27443/5076/7475/7248/1856/7289/4522,Factor6
GO:0060828,regulation of canonical Wnt signaling pathway,242,0.33779114957559514,1.6345388831835936,9.770256892623722e-5,0.0018297088831370743,NA,3328,"tags=33%, list=22%, signal=26%",80139/7040/1277/1958/1453/2737/6659/6934/3611/1454/2931/4851/84327/3728/1613/57664/63977/6662/643965/440193/6907/10076/153090/7090/8629/8321/261734/139886/2010/3487/27031/1455/55959/1500/26524/6591/4192/55593/857/83595/343637/8312/7162/51339/80114/6714/25937/6794/83999/89780/1601/10297/441478/54795/9580/4088/63923/259266/5754/8994/84445/23394/9679/57680/65125/79705/64321/8324/406937/7089/9839/2735/10413/2719/53944/6469/8658/9096/2932,Factor6
GO:0034405,response to fluid shear stress,34,0.594232733008838,2.042946935123547,1.0092879158782839e-4,0.001883275005881863,NA,3547,"tags=53%, list=24%, signal=41%",7040/5310/1636/5598/4091/6721/4846/5311/6714/10365/4092/9788/4313/207/3037/7980/7043/406913,Factor6
GO:0006913,nucleocytoplasmic transport,301,0.32219301358633246,1.597880232391608,1.0442952501674115e-4,0.001936605376233535,NA,2751,"tags=28%, list=18%, signal=24%",602/100101267/3181/7040/8106/10541/2316/5566/5371/2737/5310/9887/126549/4851/23511/3728/2033/283131/23435/155435/54535/8021/1871/7249/23636/10736/29890/1959/4000/60468/57154/1029/2010/5580/6830/5514/10482/92335/55929/23225/55308/5976/57187/51684/10657/1994/10155/868/8888/51547/84946/2332/57506/8312/65083/5905/652/7175/26993/79711/8241/9531/5784/91746/26019/55677/2810/5469/4088/23049/23195/84445/80149/9679/10762/54888/30000/8498/207/55122/65125/57510/56478/29969/23649,Factor6
GO:0051169,nuclear transport,301,0.32219301358633246,1.597880232391608,1.0442952501674115e-4,0.001936605376233535,NA,2751,"tags=28%, list=18%, signal=24%",602/100101267/3181/7040/8106/10541/2316/5566/5371/2737/5310/9887/126549/4851/23511/3728/2033/283131/23435/155435/54535/8021/1871/7249/23636/10736/29890/1959/4000/60468/57154/1029/2010/5580/6830/5514/10482/92335/55929/23225/55308/5976/57187/51684/10657/1994/10155/868/8888/51547/84946/2332/57506/8312/65083/5905/652/7175/26993/79711/8241/9531/5784/91746/26019/55677/2810/5469/4088/23049/23195/84445/80149/9679/10762/54888/30000/8498/207/55122/65125/57510/56478/29969/23649,Factor6
GO:0061053,somite development,77,0.46444329696361014,1.8877512916599273,1.0562877070998826e-4,0.0019492475895251334,NA,3686,"tags=44%, list=25%, signal=33%",2303/4851/2033/9968/6881/2648/7516/5930/2296/84667/6911/3975/51176/51804/5727/5362/89780/6495/92129/441478/5100/4088/84695/5591/8557/28514/7157/4522/6469/9096/6423/3549/23242/10512,Factor6
GO:0050863,regulation of T cell activation,348,0.3057741288633765,1.540279079189161,1.0575808225895448e-4,0.0019492475895251334,NA,2661,"tags=24%, list=18%, signal=20%",23476/6666/7040/6597/23513/57178/6461/1725/2737/2615/8289/6659/50943/5914/177/115650/9092/9231/3142/2736/8740/2175/25/8943/2033/135/3481/1948/604/2625/27040/6522/2648/864/146850/79679/3561/57492/5074/1051/80381/1445/1029/3718/7535/7297/257101/259307/6046/51176/1960/4192/857/51043/868/3902/6599/64332/5880/1947/652/6714/8440/53833/5170/6654/84807/441478/64926/4092/27/970/9580/8651/3566/27242/60/639/84695/1209/80149/8654/1803/207,Factor6
GO:0032330,regulation of chondrocyte differentiation,45,0.5328294558525306,1.9183823878267106,1.0673545866590487e-4,0.001958136757630984,NA,2418,"tags=42%, list=16%, signal=36%",11173/4054/2737/4017/6662/10736/860/5916/7483/51222/6591/4192/4094/2734/81792/8817/652/4092/4088,Factor6
GO:0022612,gland morphogenesis,124,0.4001092020843311,1.759856041923566,1.0689015982422329e-4,0.001958136757630984,NA,3886,"tags=43%, list=26%, signal=32%",7040/5361/3911/23513/23129/6909/5371/2737/4851/2260/6662/7421/5916/1051/3169/55959/6591/4192/857/5727/3371/1435/652/6714/6356/89780/8829/5629/1969/7128/5469/4041/3488/4313/55727/9423/55679/2735/581/4781/6469/1605/6778/7043/1396/10512/10765/284217/151449/5324/64065/7052/4478,Factor6
GO:0048880,sensory system development,390,0.2983908636167308,1.5246612911114346,1.0882826223426323e-4,0.0019875998075330435,NA,3282,"tags=31%, list=22%, signal=24%",1289/7040/10848/6597/7837/6497/399473/6909/10763/2737/6722/2303/835/775/1282/6659/5914/285590/2295/4237/94137/4851/10312/147912/7855/6662/5089/25794/388552/2625/5159/200734/1295/22899/23094/2916/9355/5916/7021/7422/1290/261734/79147/3299/7483/2296/1813/340273/7477/65979/6664/3975/10319/57381/10371/116039/2321/54567/668/221935/7020/4094/7431/79888/25987/652/121643/5457/8829/55636/5629/1969/64220/6654/84678/28996/582/124842/9997/55764/5309/93/51343/80184/130557/5469/4088/23093/4041/2200/2195/1181/639/2055/3066/3624/7528/25836/2201/793/10252/1417/2048/5076/2301/7475/4810/57835/27151/28514/581/7289/84465/114789/4647/4781/4544/6469/3913,Factor6
GO:0045598,regulation of fat cell differentiation,122,0.40108610063597683,1.7632517095099791,1.100104056613155e-4,0.0020031199846548293,NA,2661,"tags=33%, list=18%, signal=27%",7040/7041/2784/688/677/5467/3192/678/59341/862/7538/7030/7166/7422/6239/1051/1869/4320/7204/5292/6591/171023/65989/51043/338761/10498/284207/8312/25937/10013/89780/6495/2874/9572/54795/9580/4088/4041/80149/207,Factor6
GO:0098869,cellular oxidant detoxification,82,-0.4298850065202776,-1.8703278953787332,1.1308466317162116e-4,0.002046730525331414,NA,3086,"tags=35%, list=21%, signal=28%",55937/348/3240/241/2954/6280/23530/26034/2936/11315/2882/10549/3043/6647/847/2879/4258/4151/5052/2950/25824/2876/27244/7001/10935/84817/4259/9446/4504,Factor6
GO:0000956,nuclear-transcribed mRNA catabolic process,103,0.4133608471347599,1.7751727447091514,1.1291973030265508e-4,0.002046730525331414,NA,3208,"tags=35%, list=21%, signal=28%",3184/4849/85456/55095/9887/219988/9704/27327/10642/677/65109/3192/678/3182/7016/7538/26986/57690/23644/10492/5976/65110/26019/23049/80149/80153/5394/56478/9967/129563/23112/23019/10921/57472/4850/23293,Factor6
GO:0001654,eye development,379,0.30105785374478933,1.5332880760420147,1.1537420327433734e-4,0.0020819171351330276,NA,3282,"tags=31%, list=22%, signal=25%",1289/7040/10848/6597/7837/6497/399473/6909/10763/2737/6722/2303/835/775/1282/6659/5914/285590/2295/4237/94137/4851/10312/147912/7855/6662/5089/25794/388552/2625/5159/200734/1295/22899/23094/2916/9355/5916/7021/7422/1290/261734/79147/3299/7483/2296/1813/340273/7477/65979/6664/3975/10319/57381/116039/2321/54567/668/221935/7020/4094/7431/79888/25987/652/121643/8829/55636/5629/1969/64220/6654/84678/28996/582/9997/55764/5309/93/51343/80184/130557/5469/4088/23093/4041/2200/2195/1181/639/2055/3066/3624/7528/25836/2201/793/10252/1417/2048/5076/2301/7475/4810/57835/27151/28514/581/7289/84465/114789/4647/4781/4544/6469/3913,Factor6
GO:0044786,cell cycle DNA replication,40,0.5648278764110528,1.989300629193472,1.1578906988898894e-4,0.0020831663409580188,NA,3760,"tags=60%, list=25%, signal=45%",58525/81620/3978/79733/2260/604/80174/4172/5976/29980/144455/7014/4173/79915/51750/9400/546/8317/54617/4175/4171/26271/91603/2237,Factor6
GO:0000381,"regulation of alternative mRNA splicing, via spliceosome",41,0.5586824812451789,1.994710784207817,1.2112847857389526e-4,0.002166294778530762,NA,2999,"tags=46%, list=20%, signal=37%",51341/348093/4858/58517/3192/5725/29890/55082/11030/10181/10657/282996/2332/91746/9967/54502/3178/10921/4857,Factor6
GO:0030177,positive regulation of Wnt signaling pathway,135,0.39178830129138614,1.7519554833727493,1.2111532409942198e-4,0.002166294778530762,NA,3294,"tags=36%, list=22%, signal=28%",7040/6597/6497/1277/1453/6659/3611/1454/84327/3728/25/1613/57664/63977/6907/85474/8629/527/139886/1455/55959/51176/23499/343637/51339/6714/89780/8932/1601/7128/441478/54795/4088/259266/5754/7015/23394/9679/65125/79705/406937/6299/9839/10413/2719/53944/6469/8658,Factor6
GO:0090132,epithelium migration,97,0.425705405877405,1.8235608643041297,1.2254127865774422e-4,0.0021850777706219657,NA,3014,"tags=34%, list=20%, signal=27%",25930/51466/5467/25959/6662/153090/8660/7016/9922/6615/29941/56413/4318/6239/9448/5335/83481/382/23499/9647/6714/10013/5629/3673/407006/3675/407007/5585/6093/3640/23332/3037/9839,Factor6
GO:0048565,digestive tract development,128,0.390860521564524,1.7285312304838387,1.2353431981380376e-4,0.00219628715491975,NA,3649,"tags=40%, list=24%, signal=30%",7040/2737/5310/688/348093/2295/3142/2736/4851/7855/6662/1954/6522/10736/8642/4882/27031/6664/2131/1281/2627/7298/5697/51339/6714/5753/6343/54106/64220/93/2300/2626/4088/639/57680/9139/64321/25836/3651/6299/2735/10413/3784/6469/5156/4838/6423/7043/91461/3549/23242,Factor6
GO:0007264,small GTPase-mediated signal transduction,440,0.29273623407550853,1.50859865613334,1.2591717127224394e-4,0.002225521381987725,NA,3756,"tags=33%, list=25%, signal=25%",9170/57572/2828/10603/4650/53916/9138/1278/8831/7410/10188/55114/9909/57636/9620/84033/2245/4851/26053/396/25/25959/5900/8844/128239/11135/440193/153090/604/7249/23268/27040/23636/81848/9922/23616/22899/23094/2305/9266/79930/9828/89941/10045/9353/55738/3984/9639/23221/1029/8729/2889/9448/57139/171177/65979/10044/7204/57381/1281/382/51195/9181/57186/27352/10160/85360/55715/11188/9928/8216/51291/5880/9267/6494/23370/116985/57449/1435/6714/393/23108/57493/8829/54869/201176/392/9265/6654/3675/64926/26030/8936/10163/27/376267/867/28964/257106/152273/1718/6093/10395/2768/7454/10252/2048/22821/11186/8567/148170/9423/153478/90167/57706/4924/11214/57480/7157/54922/64787/84986/5912/1793/64759/4233/2149/9826/613/23607/50649/3266/5922/221178/90627/28511/391/58504/889/23096/23189/8473/2064/22898/79933,Factor6
GO:0007346,regulation of mitotic cell cycle,459,0.2875625603412121,1.4854795943445716,1.2555585944649863e-4,0.002225521381987725,NA,4156,"tags=36%, list=28%, signal=27%",23476/9656/7040/80279/6597/23513/6461/4582/5371/84687/835/5310/6929/8289/4288/29882/9510/197342/994/677/25/1613/25959/3192/63967/1030/678/3481/2260/440/8558/604/5159/5347/23636/8877/1981/10106/80174/284001/55755/57492/55743/7161/1029/2296/8729/23170/1869/83987/5514/7023/5292/26574/3169/29980/3619/1063/3297/56257/65123/5155/2290/2146/55920/55835/144455/23363/9820/348654/286151/5727/898/9088/9928/6599/5311/51512/3643/57521/51339/9700/652/9735/51754/23113/7175/990/55159/407006/25970/2068/91754/51343/415116/9344/2619/79915/1062/407007/4041/5883/60/7015/135458/57026/3624/8317/5591/54617/56658/207/993/8379/166863/595/5774/8720/25942/7157/6602/26057/51514/1263/55193/1111/6598/701/55143/26271/64094/26058/1104/255374/1978/51696/29933/91603/146691/58190/6595/113130/991/1877/7508/55512/1654/55274/123879/10783/8525/84446/1018/8110/1543/858/406968/23087/675/57520/11130/146956/574453/11073/5933/51360,Factor6
GO:0030261,chromosome condensation,29,0.6144456171533798,2.0136931645679748,1.3108588623687593e-4,0.002310101275876173,NA,4523,"tags=66%, list=30%, signal=46%",22985/5347/8091/54892/148479/10051/23137/9031/10270/26993/9918/9131/23397/113130/10592/9682/51203/5119/23310,Factor6
GO:0048675,axon extension,106,0.4180657416076895,1.8048294409428247,1.3495240262488228e-4,0.002371306503265789,NA,3376,"tags=42%, list=22%, signal=32%",55558/6405/6722/29882/26053/25/54437/10500/8408/7414/1954/9355/4825/8828/7422/2335/9353/57154/3984/2017/2803/10371/80128/1909/23499/10013/393/1002/89780/8829/6586/1855/23394/5802/57611/3475/9423/25942/56920/3913/5459/2932/1785/53335,Factor6
GO:0022408,negative regulation of cell-cell adhesion,175,0.36106675907206287,1.677951926668488,1.3803223033786993e-4,0.002418372826297506,NA,2685,"tags=29%, list=18%, signal=24%",80139/7040/91663/23513/2737/2615/50943/9231/3142/4851/25/5598/135/59341/604/6522/80709/864/7422/79679/5420/5074/1051/1029/53827/3718/5580/259307/4192/51043/868/3902/10019/9647/6688/652/407006/53833/441478/4092/8651/407007/3566/27242/239/4855/84695/80149/8654/207/65125,Factor6
GO:0007031,peroxisome organization,32,-0.5760271015763573,-2.0110444135474586,1.4082709001188212e-4,0.0024601880333380106,NA,3676,"tags=69%, list=24%, signal=52%",5192/10059/51555/5825/9409/5194/8799/56947/5193/65084/51762/4591/10005/5191/51/26061/8504/92960/8800/51024/5824/54469,Factor6
GO:0010594,regulation of endothelial cell migration,175,0.3602968450095272,1.674373976740555,1.4159430361311608e-4,0.0024623979611103496,NA,2770,"tags=30%, list=18%, signal=25%",7040/6915/2303/25865/9564/51157/4851/3728/25/5606/3690/51564/2260/153090/2324/2625/23616/27286/406941/10016/8828/29775/7422/4204/2113/9353/79812/22846/57381/5335/4846/5293/54567/5155/7026/23598/8817/8829/7057/5629/6781/1969/407006/5170/7424/3315/1647/406992/285/80149/207/949/2896,Factor6
GO:0031346,positive regulation of cell projection organization,320,0.31103215945928964,1.5578636556833552,1.4177071387179216e-4,0.0024623979611103496,NA,2904,"tags=29%, list=19%, signal=24%",55558/5361/375790/8175/9696/2316/23129/6722/23654/29882/150696/26053/25/50807/2033/2260/11135/6624/1857/153090/1954/8321/4058/2648/9727/10677/7422/6239/2335/9353/57154/57787/482/2011/3984/2889/2803/5365/3064/9001/7436/382/2146/4192/55835/23363/9820/23499/3480/5362/160/2332/5880/116985/6714/5753/6794/10013/1002/89780/8829/54869/3673/221914/407006/10938/3675/1523/26259/29904/9662/10458/1382/10163/27/1855/238/407007/63923/22906/5754/23613/23394/64221/9139/56965/1946/2896/2048/57611/23426/6376/148170/9423,Factor6
GO:0030879,mammary gland development,126,0.39630129499595923,1.7474460028437158,1.4389871942402423e-4,0.002492176959679868,NA,2661,"tags=33%, list=18%, signal=27%",80139/9612/7040/23513/6909/5371/2194/2737/2736/128239/6662/7421/8660/2625/790/7166/7422/6239/1051/7477/51176/857/51043/5727/3099/1435/652/6714/6356/89780/3673/1969/81606/7498/5469/4041/10018/4855/3488/3219/207,Factor6
GO:0050870,positive regulation of T cell activation,233,0.3416871516855831,1.6537498817492893,1.451817385664518e-4,0.0025071929465329654,NA,3961,"tags=35%, list=26%, signal=26%",23476/6666/7040/6597/57178/6461/1725/2737/8289/6659/50943/5914/177/115650/9092/3142/2736/8740/25/8943/2033/3481/1948/604/2625/864/146850/79679/3561/57492/80381/1445/7535/7297/259307/6046/51176/1960/4192/857/51043/6599/64332/1947/6714/8440/5170/84807/64926/27/970/9580/8651/3566/60/1803/207/101/8772/30835/916/939/6541/6602/55193/6598/6469/10288/84433/7532/3549/6595/3458/8808/55423/23149/55274/2309/7292/2534/1236,Factor6
GO:1901888,regulation of cell junction assembly,236,0.33611219549276583,1.628579715485983,1.524322338016491e-4,0.002617404766730881,NA,3225,"tags=32%, list=21%, signal=26%",6548/57622/11178/375790/29801/5566/84687/57555/4641/79414/266727/9231/1636/7855/55209/25/1613/4323/2260/7414/1108/8321/27286/22899/6615/8128/1981/79191/7422/261734/54862/23768/7094/2889/9294/9448/78999/7436/382/6591/55920/857/10160/51804/23499/2239/1307/9647/7162/6714/89780/8829/151306/7057/1969/6495/29904/22883/54910/4088/23394/5802/6093/10395/1365/1946/23332/2048/9423/54674/7248/90102/9746/57502/1793/7058,Factor6
GO:0007548,sex differentiation,262,0.32183073494894965,1.5706438817534283,1.521056196136164e-4,0.002617404766730881,NA,3598,"tags=31%, list=24%, signal=24%",1822/4678/2316/6874/7536/835/5310/5914/2295/9510/9667/1636/4851/5872/2175/4323/268/10046/9985/6662/84733/2625/7422/9353/84159/4882/1051/57647/2189/2296/2796/3975/130497/4846/668/51804/6382/152006/7026/23598/2627/3643/599/6714/7022/55636/6586/431707/54106/64220/3625/10468/63950/2626/149986/867/2516/10018/259266/546/4313/3624/1718/3640/2623/25836/6299/2/3148/581/6469/5156/3293/5806/8751/6423/51665/23607/8890/9825/157506,Factor6
GO:0006749,glutathione metabolic process,39,-0.5411174973920251,-2.008768834777674,1.5466733660608658e-4,0.0026482387435366015,NA,2623,"tags=46%, list=17%, signal=38%",2954/23657/23474/2936/494143/27306/2941/6647/4258/3029/2739/10550/2950/2876/6506/9446/4693/2947,Factor6
GO:0048145,regulation of fibroblast proliferation,81,0.44259805373171385,1.8325297623398427,1.5533360724594107e-4,0.0026521123254144106,NA,2162,"tags=31%, list=14%, signal=27%",57124/7040/6497/57178/5371/3976/81857/25/3690/4609/153090/2355/8877/4049/4602/5074/2335/2010/1869/2192/5155/857/338761/990/84875,Factor6
GO:0038084,vascular endothelial growth factor signaling pathway,41,0.555420169157001,1.9830630785392294,1.571659772432605e-4,0.002668279844634172,NA,2365,"tags=39%, list=16%, signal=33%",4641/11117/153090/2324/5159/11156/8828/7422/2296/2321/5293/5970/8829/57556/7424/7498,Factor6
GO:0048144,fibroblast proliferation,97,0.42127768048834535,1.8045941642672028,1.5703381776435127e-4,0.002668279844634172,NA,1791,"tags=29%, list=12%, signal=26%",57124/7040/6497/57178/26528/5371/3976/81857/25/3690/79733/4609/153090/2355/8877/2648/4049/4602/5074/2335/2010/1869/7477/2192/1281/5155/857/338761,Factor6
GO:0044344,cellular response to fibroblast growth factor stimulus,105,0.41576079110892816,1.7970934955194664,1.6195924841425218e-4,0.002741933680316567,NA,3701,"tags=42%, list=25%, signal=32%",56975/1277/6909/2817/25865/677/678/2260/2625/90993/81848/7538/860/406941/6899/23768/79801/53834/442907/3975/2131/143282/55959/54567/1960/2264/3340/8817/960/7057/6654/3373/8481/10252/27006/9365/5770/387914/693158/64094/10631/55614/8822/10765,Factor6
GO:0070562,regulation of vitamin D receptor signaling pathway,10,0.8156436435836556,2.0579833606521345,1.6458316676974257e-4,0.0027754049849561583,NA,2414,"tags=80%, list=16%, signal=67%",4330/25959/7421/1594/6591/6256/8805/5469,Factor6
GO:0043648,dicarboxylic acid metabolic process,83,-0.4149774963305604,-1.8074418963571193,1.6485730622437444e-4,0.0027754049849561583,NA,4179,"tags=49%, list=28%, signal=36%",8659/2747/23498/4552/3417/131669/4200/3034/130013/60496/10873/5625/443/51011/122970/5264/8801/2571/10588/23657/435/10797/10005/55753/9380/2752/7915/2271/2572/8803/9971/4942/56954/2348/2805/441024/2746/10840/4190/8528/130752,Factor6
GO:0003231,cardiac ventricle development,122,0.3958760583282461,1.7403473605655533,1.6819663213211568e-4,0.0028237356597778864,NA,2561,"tags=31%, list=17%, signal=26%",7040/10848/2022/161882/57167/2303/6659/2931/4851/1301/4091/2625/8321/26508/9464/9353/53834/2296/6664/4846/51684/54567/1909/652/57493/5457/55636/23493/5629/6586/64220/4092/407975/2626/5469/5754/639/157378,Factor6
GO:0046632,alpha-beta T cell differentiation,121,0.39315650978143923,1.728055095371702,1.6974162054393912e-4,0.0028338857258125238,NA,2716,"tags=29%, list=18%, signal=24%",602/23476/6461/2737/161882/50943/5914/3142/25/8943/2033/604/2625/6522/2355/864/4602/3561/3718/7535/5971/257101/4221/6046/51176/51043/64332/84807/4092/8651/3566/639/84695/80149/9021,Factor6
GO:0001936,regulation of endothelial cell proliferation,143,0.3732148291323788,1.677232084719262,1.693785725387744e-4,0.0028338857258125238,NA,2433,"tags=26%, list=16%, signal=22%",3339/2022/25865/51157/3690/3481/2260/2324/406941/10016/8828/7422/79812/22846/5365/2321/5335/5293/54567/1960/5155/4192/857/7026/57521/652/6356/8829/7057/1621/5629/5170/441478/2833/7498/407007/2524,Factor6
GO:1901606,alpha-amino acid catabolic process,83,-0.41355673060953513,-1.8012537258857173,1.7069281336271316e-4,0.0028418938843565527,NA,4263,"tags=49%, list=28%, signal=36%",4842/8659/2747/23498/4552/131669/2184/3034/130013/5625/549/27034/125061/4329/26275/5009/2954/2571/80150/51268/384/3028/36/3155/5053/2752/56922/23464/10993/2572/38/11112/4942/2805/54511/2746/8528/1036/3176/1428/1610,Factor6
GO:0090130,tissue migration,102,0.4165387848102397,1.7898441995931234,1.7393168898169014e-4,0.002887841017886079,NA,3014,"tags=33%, list=20%, signal=27%",25930/51466/5467/25959/6662/153090/8660/7016/9922/6615/29941/56413/4318/6239/9448/5335/83481/382/72/23499/9647/6714/10013/5629/3673/407006/3675/407007/5585/6093/3640/23332/3037/9839,Factor6
GO:0061005,cell differentiation involved in kidney development,54,0.5022564965292542,1.8962285267151346,1.761926725277526e-4,0.0029110068235845676,NA,3282,"tags=52%, list=22%, signal=41%",2828/3976/2737/2303/4851/4643/2625/10736/5420/4318/3975/130497/2131/5455/947/5155/171023/1909/5727/2668/25937/9788/5076/84662/6299/10413/6469/3913,Factor6
GO:0090068,positive regulation of cell cycle process,236,0.33527809318666535,1.624538201626708,1.7629293024860914e-4,0.0029110068235845676,NA,3148,"tags=31%, list=21%, signal=25%",23476/7040/58525/6909/9510/994/3192/6840/79733/4926/3481/2260/8558/5159/23636/8877/1981/9727/80174/4882/54892/1813/5514/11187/3619/79677/56257/10051/382/51176/5155/2146/55920/55835/144455/23137/348654/898/9928/3480/3643/57521/9700/8444/7175/990/10733/407006/25970/79915/5469/407007/4041/9493/7015/546/8317/54617/207/65125/993/81610/8379/595/1778/10615/25942/2735/26057/51514/9918/225689,Factor6
GO:1902275,regulation of chromatin organization,28,0.6037678252966672,1.9777286600878798,1.796440241773716e-4,0.002958236430920816,NA,2884,"tags=46%, list=19%, signal=38%",9739/4288/22880/55209/3192/90378/11177/23133/5253/10155/7175/54737/84456,Factor6
GO:0006879,intracellular iron ion homeostasis,66,-0.4618931433252459,-1.9294816987054995,1.8117699788437673e-4,0.0029753508617142745,NA,1638,"tags=29%, list=11%, signal=26%",9550/3077/2512/80762/23479/567/10539/55847/79901/388962/6647/7018/6717/523/51027/8031/30061/56898/26234,Factor6
GO:0006023,aminoglycan biosynthetic process,71,0.4595715906618525,1.8322260104582724,1.8628765954528046e-4,0.0030464097317191977,NA,3276,"tags=42%, list=22%, signal=33%",7040/3038/9469/126792/79586/55501/2131/11227/5155/3340/64131/6483/160/8509/54480/6482/6487/8534/9953/93010/9955/22856/9435/10057/3037/374907/166012/27087/84752/56548,Factor6
GO:0000375,"RNA splicing, via transesterification reactions",252,0.3308089892981465,1.6046828301023888,1.8651488153382845e-4,0.0030464097317191977,NA,3134,"tags=31%, list=21%, signal=25%",23524/3181/221092/6625/3189/220988/51341/8175/5411/22985/8570/4670/26528/7536/4691/10250/51747/10262/348093/10180/4858/9092/9785/3609/6421/58517/8233/65109/3192/5725/29890/51631/11325/26986/10432/56949/55082/11100/10291/25862/10492/5976/55692/11030/10181/10657/282996/11338/65110/23020/2332/11168/29896/8449/8241/26576/91746/3187/144983/8621/10199/55094/9879/199746/5394/3167/79760/55015/10236/9967/54502/3178/10921/4857/10992/57060/7375/55596/27288,Factor6
GO:0001946,lymphangiogenesis,19,0.691198464811672,2.0691080811813536,1.8712919185142875e-4,0.0030481828088880034,NA,2333,"tags=58%, list=16%, signal=49%",54345/2303/2324/7422/2296/22846/5629/1969/7424/5784/93,Factor6
GO:1901605,alpha-amino acid metabolic process,180,-0.3327846359357532,-1.6516764520841705,1.9183876833185875e-4,0.0031164750855420826,NA,3439,"tags=34%, list=23%, signal=26%",3034/63826/130013/60496/420/5625/443/549/27034/125061/4329/26275/5009/2954/2571/80150/10588/23657/51268/435/384/2639/3028/1491/23409/51074/36/3155/11315/4953/5053/2752/5092/7915/58478/56922/54529/23464/10993/2271/2572/5723/38/11112/51582/9971/4942/29968/56954/55256/2805/54511/441024/2746/8528/1036/284716/4693/3176/1428/1610,Factor6
GO:0008584,male gonad development,136,0.37726355557419655,1.6872123254990294,1.9374260107830562e-4,0.0031389426255348067,NA,2714,"tags=26%, list=18%, signal=22%",1822/4678/2316/7536/5914/9667/1636/5872/2175/4323/268/10046/9985/6662/2625/84159/57647/51804/6382/152006/23598/2627/3643/599/7022/54106/3625/2626/867/2516/10018/259266/546/3624/3640/2623,Factor6
GO:0032835,glomerulus development,66,0.4673859017692019,1.8510779520729166,1.9480368792471308e-4,0.003147672458772777,NA,2448,"tags=38%, list=16%, signal=32%",4854/2828/1958/2303/4851/3690/4643/5159/4811/26508/5420/2296/3975/130497/2131/947/55959/5155/171023/1909/652/25937/9788/285/2028,Factor6
GO:0030178,negative regulation of Wnt signaling pathway,159,0.36288019424893886,1.6692206842680972,2.0004627094066072e-4,0.0032237403073779734,NA,3921,"tags=40%, list=26%, signal=30%",3090/1958/2737/6934/1454/2931/4851/6662/643965/440193/10076/153090/7249/7090/8321/261734/4035/4776/2010/3487/27031/1500/26524/6591/4192/55593/857/115701/8312/7162/25987/51339/80114/25937/6794/83999/2887/1601/10297/9580/63923/8994/84445/57680/57674/64321/64359/7089/2735/2719/6469/9096/2932/387914/6423/10042/164284/5204/83786/56033/147906/84133/2309,Factor6
GO:0006302,double-strand break repair,249,0.3288615855145333,1.5950712215520932,2.0679654047272477e-4,0.003323633998477632,NA,3443,"tags=33%, list=23%, signal=26%",2521/9401/6597/51341/57634/85456/9112/5371/84501/199720/23126/8289/8295/126549/197342/1387/6421/25/22992/9985/8438/29128/5347/1108/51588/8091/25900/7516/2305/8914/57492/11284/84954/55929/4172/79677/3297/65123/4176/23137/348654/165918/6599/7515/55159/407006/7913/27434/4173/1459/79840/7156/51750/84515/23503/55658/84296/9400/60/135458/23613/8317/4174/5591/54617/7528/7454/25836/4175/10721/353497/4171/7157/6602/3148/55193/1111/142/6598/5893/54799/29935/64858,Factor6
GO:0061437,renal system vasculature development,29,0.602190438078825,1.9735298537003394,2.0952966587049304e-4,0.0033465862299480813,NA,2438,"tags=52%, list=16%, signal=43%",4854/2828/1958/2303/4851/3690/5159/130497/947/5155/1909/5311/652/8829/285,Factor6
GO:0061440,kidney vasculature development,29,0.602190438078825,1.9735298537003394,2.0952966587049304e-4,0.0033465862299480813,NA,2438,"tags=52%, list=16%, signal=43%",4854/2828/1958/2303/4851/3690/5159/130497/947/5155/1909/5311/652/8829/285,Factor6
GO:0034504,protein localization to nucleus,294,0.31130347013038917,1.5403223769936092,2.0989042557165668e-4,0.0033465862299480813,NA,3490,"tags=33%, list=23%, signal=26%",602/100101267/7040/80279/51341/1277/2316/84823/5371/2737/25792/6934/4851/1387/23511/3728/23212/2033/3192/23435/6662/10347/8021/1871/5347/7249/7016/23636/4001/9258/10736/29775/4000/83860/1029/5580/5514/25885/55929/55035/7297/199953/56257/51684/81603/26524/705/51804/1994/10155/868/57506/5905/4140/652/6714/25937/6794/7175/79711/6495/85443/9531/1855/1736/5469/4088/2516/7015/56957/84445/80149/9679/10762/30000/207/55122/56478/29969/23649/84662/2646/8720/25942/5296/7157/10413/81788/142/6469/3320/2932/3837/83667/23534/10210/23607,Factor6
GO:0090329,regulation of DNA-templated DNA replication,43,0.5259747722586852,1.8885363536965343,2.108879640055893e-4,0.003353619417049305,NA,3093,"tags=47%, list=21%, signal=37%",58525/63922/25792/81620/79733/2260/604/80174/8914/4172/4176/144455/11232/4173/546/8317/4174/54617/4175/4171,Factor6
GO:0046546,development of primary male sexual characteristics,137,0.3772446864890491,1.6909930685602024,2.115059196867668e-4,0.00335459520513722,NA,2714,"tags=26%, list=18%, signal=22%",1822/4678/2316/7536/5914/9667/1636/5872/2175/4323/268/10046/9985/6662/2625/84159/57647/51804/6382/152006/23598/2627/3643/599/7022/54106/3625/2626/867/2516/10018/259266/546/3624/3640/2623,Factor6
GO:0070561,vitamin D receptor signaling pathway,13,0.7522986868967904,2.0499517474687563,2.137786539636131e-4,0.003381742644196053,NA,2414,"tags=69%, list=16%, signal=58%",4330/25959/7421/5292/1594/6591/6256/8805/5469,Factor6
GO:0048738,cardiac muscle tissue development,224,0.33997166598954615,1.6342462034087366,2.2069851200082614e-4,0.003482067884369055,NA,3348,"tags=36%, list=22%, signal=28%",23135/7040/6548/10848/6497/2022/6909/161882/6722/2303/5914/2931/4851/25/3192/2260/1948/1301/9794/5159/2539/2648/10052/3720/79191/9150/7422/4000/4204/1829/7161/2296/57538/693175/5292/10021/4629/54567/23363/1909/115701/53615/2627/58498/652/9242/407014/57493/89780/5457/55636/23493/8932/5629/4092/407975/2626/5469/407007/7373/88/10664/8557/7528/8324/5592/8913/2735/5600/7248/11214/4625/28514/10413/4086/7137/4703/9096/6331/5156,Factor6
GO:0097485,neuron projection guidance,219,0.33475934765914556,1.6017764877029084,2.294060596060733e-4,0.00361000083876189,NA,3291,"tags=33%, list=22%, signal=26%",4854/55558/5361/6405/9048/2737/219699/57549/4858/10381/2736/4851/51466/10501/54437/10500/1948/1951/2625/1954/1959/9355/1889/1943/8828/7422/9353/23768/7477/7204/3975/57715/2131/10371/57216/91624/170302/2290/1909/5727/1947/91653/2668/10013/1002/89780/8829/57556/6586/6654/8609/2636/54910/1855/2297/8941/5754/56896/64221/1946/2048/9423/54915/153478/56920/54538/6477/23022/8633/4781/6469/3913/5459,Factor6
GO:0000028,ribosomal small subunit assembly,16,-0.7099044560280833,-2.0709109861334234,2.386806582756417e-4,0.0037461675193419075,NA,1510,"tags=75%, list=10%, signal=68%",7520/6209/6234/6223/2197/29777/51065/3921/6193/6232/51081/6208,Factor6
GO:0051147,regulation of muscle cell differentiation,139,0.37531543853043026,1.688288674356127,2.4186638909339797e-4,0.0037863083819893754,NA,3282,"tags=35%, list=22%, signal=28%",7040/3912/1760/2022/1786/6722/348093/23250/2931/4851/4323/5725/3481/3915/1948/9794/4811/2539/2648/9150/4204/6899/284358/6830/693175/5155/2146/4772/652/89780/23493/5629/407006/1025/407007/4855/89/7528/55122/8324/406937/5600/10014/9759/28514/26057/4086/6469/3913,Factor6
GO:0071772,response to BMP,161,0.36136380306278426,1.6596031072895414,2.440559325503665e-4,0.0038008400658425296,NA,2476,"tags=26%, list=16%, signal=22%",11173/6497/2022/1958/348093/3611/4851/25/375616/4926/6662/4091/2625/1954/8321/860/7021/26508/25884/164656/57154/6664/1311/94031/2131/63893/51176/857/81792/2627/652/644815/23090/10468/3675/28996/4092/93/2626/406992/2200/2297,Factor6
GO:0071773,cellular response to BMP stimulus,161,0.36136380306278426,1.6596031072895414,2.440559325503665e-4,0.0038008400658425296,NA,2476,"tags=26%, list=16%, signal=22%",11173/6497/2022/1958/348093/3611/4851/25/375616/4926/6662/4091/2625/1954/8321/860/7021/26508/25884/164656/57154/6664/1311/94031/2131/63893/51176/857/81792/2627/652/644815/23090/10468/3675/28996/4092/93/2626/406992/2200/2297,Factor6
GO:0061158,3'-UTR-mediated mRNA destabilization,17,0.6960729639134764,2.0476093582710937,2.477026981629868e-4,0.0038476911387327877,NA,1408,"tags=53%, list=9%, signal=48%",3184/8570/677/4343/23435/678/7538/84069/5976,Factor6
GO:0046777,protein autophosphorylation,168,0.3567490460729917,1.6449775568808231,2.535699423614537e-4,0.003928704479723603,NA,3896,"tags=39%, list=26%, signal=29%",85456/25865/25/1613/1196/2260/8408/2324/9961/6793/5159/790/7016/4058/2041/23178/84206/7422/2011/2050/4296/5292/283629/2321/6872/4294/5155/857/2264/3480/3645/7786/3643/2081/4140/6714/5753/6794/6011/5170/51755/11184/29904/9149/238/9344/23049/2869/207/4293/6725/225689/2932/54206/5156/3654/9943/9748/22853/9833/27102/5605/1654/57826/10783,Factor6
GO:0003181,atrioventricular valve morphogenesis,26,0.6100982117178986,1.9555079739407497,2.59920173193951e-4,0.004016766368820366,NA,2382,"tags=35%, list=16%, signal=29%",161882/6659/4851/4091/8642/26508/23493/6586/2626,Factor6
GO:0036293,response to decreased oxygen levels,294,0.3097609254088411,1.532689901354585,2.61082195038655e-4,0.004024405088230112,NA,4032,"tags=39%, list=27%, signal=29%",7040/6548/3339/112398/2022/1291/1958/5371/3976/6722/6659/7352/177/4017/3291/1636/4851/1387/677/7351/5467/4323/2033/4609/59341/6649/2355/84069/4049/7422/4000/114990/863/4602/4204/9361/1788/1813/3297/5328/857/126374/1909/9124/9777/3099/2627/57521/7515/6714/4524/7057/6781/3673/7424/5740/2068/28996/768/29904/406992/4088/867/285/7015/8614/8994/5351/4313/3624/1803/207/1365/2034/378938/406937/406900/101/9839/7248/3777/7157/9131/5327/1263/5664/134/5770/9463/2030/824/6261/8751/3654/7043/10631/27113/6387/405/6839/22937/4929/93649/10038/51129/4352/1139/430/2309/114757/1543/5034/5024/10525,Factor6
GO:0098868,bone growth,29,0.5955565148340379,1.951788815080543,2.7591339450508287e-4,0.004231374118784057,NA,2075,"tags=48%, list=14%, signal=42%",85301/7059/5914/6662/2121/2355/4322/5916/4882/1311/2131/54796/25987/6781,Factor6
GO:0072171,mesonephric tubule morphogenesis,68,0.46541664640343006,1.8489139012028828,2.7561413799978736e-4,0.004231374118784057,NA,3270,"tags=43%, list=22%, signal=34%",7040/3911/2737/3611/55083/4609/6662/2625/10736/8642/7422/3975/130497/51804/5727/5311/2668/652/6495/9953/2297/9955/84445/255743/5076/7475/6299/2719/6469,Factor6
GO:0042472,inner ear morphogenesis,94,0.4180584283034327,1.7865363513336945,2.827800090502146e-4,0.004325672879557471,NA,4467,"tags=51%, list=30%, signal=36%",23513/6909/2260/6662/1301/11078/2625/170961/6899/5013/57053/9132/2290/9935/7020/51804/89780/55636/525/5629/6495/1855/80184/340784/5754/8557/3167/222662/2048/5076/9423/1280/1856/3784/4647/5459/9096/613/2535/3198/220/121227/1749/8516/115908/6926/55584/51168,Factor6
GO:0003183,mitral valve morphogenesis,13,0.745554674383965,2.0315748707356005,2.842439361713101e-4,0.004337058742543002,NA,982,"tags=38%, list=7%, signal=36%",161882/6659/4851/4091/8642,Factor6
GO:0014910,regulation of smooth muscle cell migration,71,0.45275098650733847,1.805033536874466,2.86092468913718e-4,0.004354240682179238,NA,2907,"tags=37%, list=19%, signal=30%",5361/9510/1636/3690/5159/9353/4035/54434/6282/10221/5328/5155/4192/652/6714/8829/3673/407006/5031/2195/7015/3488/5054/2768/5592/3037,Factor6
GO:0048846,axon extension involved in axon guidance,20,0.6747608856561373,2.044294082402485,2.916766023162917e-4,0.0044058518349881955,NA,2082,"tags=55%, list=14%, signal=47%",55558/6405/1954/8828/7422/9353/10371/10013/89780/8829/6586,Factor6
GO:1902284,neuron projection extension involved in neuron projection guidance,20,0.6747608856561373,2.044294082402485,2.916766023162917e-4,0.0044058518349881955,NA,2082,"tags=55%, list=14%, signal=47%",55558/6405/1954/8828/7422/9353/10371/10013/89780/8829/6586,Factor6
GO:0032922,circadian regulation of gene expression,59,0.4754116386094921,1.8321644843714064,2.9042399016038526e-4,0.0044058518349881955,NA,1466,"tags=25%, list=10%, signal=23%",10743/9112/4862/1958/5371/1453/1454/10514/3192/22992/7150/463/8553/1813/5971,Factor6
GO:1904238,pericyte cell differentiation,11,0.7961788395138586,2.061777408373023,3.045041139973704e-4,0.004588115737655379,NA,2109,"tags=82%, list=14%, signal=70%",2828/2303/4851/130497/947/5155/6688/652/1969,Factor6
GO:0003151,outflow tract morphogenesis,80,0.43281917238209977,1.7869116016175537,3.0544323176345323e-4,0.004590788922290106,NA,2325,"tags=34%, list=15%, signal=29%",54345/23129/2022/6909/161882/2303/5914/3611/4851/4091/2006/8321/26508/8828/7422/9464/6899/2296/6664/1909/2627/652/8829/23493/6495/1855/407975,Factor6
GO:0060561,apoptotic process involved in morphogenesis,24,0.6240783774021444,1.9563705921718508,3.0640901375395354e-4,0.004593401687428201,NA,3135,"tags=58%, list=21%, signal=46%",23513/5371/2303/3714/4851/7855/7421/9464/2296/51176/4041/10018/5076/581,Factor6
GO:0018205,peptidyl-lysine modification,112,0.39677576818551274,1.7281704760509173,3.0714134395778416e-4,0.004593401687428201,NA,1954,"tags=29%, list=13%, signal=26%",83637/57178/1725/1958/5371/79813/6659/4017/1387/8985/23551/2033/51564/83475/4015/51588/2648/1959/23181/8535/10401/1029/10919/84901/79677/23137/5970/10155/51547/79918/825/5905/10013,Factor6
GO:0035265,organ growth,161,0.3574622138351187,1.6416846285965438,3.0818639808308733e-4,0.0045976223298187305,NA,3169,"tags=34%, list=21%, signal=27%",85301/6497/6909/2303/7059/5914/2931/3142/4851/25/3481/2260/6662/2121/2539/2355/4322/3720/5916/9150/55841/4882/7161/2296/693175/10919/1311/5292/2131/54796/170302/26524/2627/25987/407014/57493/23493/5629/6781/407975/93/2626/407007/10018/7373/7528/207/5592/2735/5600/9254/28514/10413/57502/4086,Factor6
GO:0007266,Rho protein signal transduction,123,0.39209801102924613,1.7196753781171432,3.0914552891020034e-4,0.004600543463559944,NA,3756,"tags=38%, list=25%, signal=29%",9170/57572/2828/4650/9138/1278/9620/396/25/25959/11135/604/3984/23221/171177/65979/57381/1281/9181/23370/57449/393/57493/8829/54869/201176/392/3675/27/6093/10395/2768/7454/148170/9423/11214/54922/64787/4233/2149/9826/613/90627/391/23189/2064/79933,Factor6
GO:0042471,ear morphogenesis,115,0.38617871363359096,1.683229595066446,3.207757117302723e-4,0.004751299460525359,NA,4467,"tags=49%, list=30%, signal=34%",23513/6909/2260/6662/1301/11078/2625/10736/170961/6899/5013/57053/9132/130497/116039/2290/9935/7020/51804/1909/89780/55636/525/5629/6495/1855/80184/340784/10194/5754/8557/3167/25836/222662/2048/5076/9423/1280/1856/3784/4647/5459/9096/613/2535/3199/3198/220/121227/1749/8516/115908/7291/6926/55584/51168,Factor6
GO:0006403,RNA localization,174,0.35252673210765945,1.6319642743510754,3.208526431780025e-4,0.004751299460525359,NA,2850,"tags=32%, list=19%, signal=26%",100101267/3181/8106/23144/8570/399664/9887/10642/23511/677/10644/65109/3192/283131/155435/8021/23299/9961/23636/7538/29890/2091/23089/6830/10482/23225/55308/5976/57187/3297/10657/8888/65110/2332/65083/6311/7175/26993/51092/91746/26019/55677/144983/1736/23049/636/10762/54888/54680/7528/65125/5394/57510/8939/23180/3178,Factor6
GO:0001890,placenta development,143,0.3633322409253239,1.6328196103825003,3.255479425623291e-4,0.004797255378540728,NA,3875,"tags=38%, list=26%, signal=29%",7262/26528/3976/5310/677/7855/5467/8061/79733/3481/7421/6881/6615/8728/1051/7477/22846/1594/51176/5155/899/144455/9820/7026/4311/10155/23641/5311/9394/23493/6781/10733/26259/3856/5469/639/8614/4216/207/2034/9021/2201/8521/79893/2707/142/4838/2186/2706/405/7942/51294/89884/10038/430,Factor6
GO:0090101,negative regulation of transmembrane receptor protein serine/threonine kinase signaling pathway,158,0.35485298920573677,1.6274771764658995,3.249885676768351e-4,0.004797255378540728,NA,3483,"tags=30%, list=23%, signal=24%",283149/6497/51341/399473/2022/348093/63976/4851/11117/25/117166/4091/200734/79595/56926/8321/3309/8483/25884/164656/114990/56937/23089/57154/4035/94031/857/2734/5170/10468/28996/9480/4092/9518/406992/2200/3066/3175/2201/10252/406937/25942/7157/4052/407050/6423/203100/7043,Factor6
GO:0001756,somitogenesis,61,0.47308685554788305,1.8440123764158851,3.3105351699650354e-4,0.0048664866998486015,NA,3686,"tags=43%, list=25%, signal=32%",2303/4851/2033/9968/6881/2648/7516/2296/84667/6911/3975/51176/5362/89780/92129/441478/5100/4088/5591/8557/28514/7157/9096/6423/23242/10512,Factor6
GO:0048041,focal adhesion assembly,77,0.44747662389521264,1.8187894631451569,3.4005426286715194e-4,0.004986635139416848,NA,3095,"tags=40%, list=21%, signal=32%",6548/87/25/1613/4323/7414/1009/7422/7094/2017/9448/55920/23499/1307/9647/6714/8829/7057/3673/10391/9344/4088/123720/88/6093/89/10395/1946/23332/7248/90102,Factor6
GO:0036303,lymph vessel morphogenesis,23,0.6353186538431919,1.9900544599282748,3.4444542505932934e-4,0.005038768390370335,NA,2333,"tags=52%, list=16%, signal=44%",54345/2303/5310/2324/7422/2296/22846/5629/1969/7424/5784/93,Factor6
GO:0016525,negative regulation of angiogenesis,113,0.3853999604193306,1.6744942693476337,3.464221055034665e-4,0.00505541411590652,NA,2891,"tags=28%, list=19%, signal=23%",374887/3339/2828/1284/5371/29924/9510/11117/153090/4881/90993/4204/6464/1870/2296/55810/22846/5970/7057/57556/9146/1969/407006/10365/2833/1647/407007/285/5054/6093/406937/406900,Factor6
GO:0071364,cellular response to epidermal growth factor stimulus,37,0.5543932225844462,1.9237377336947157,3.5118915130398325e-4,0.005102972674784981,NA,2858,"tags=51%, list=19%, signal=42%",1277/4691/84687/677/5782/678/6662/153090/790/7538/2296/5335/6591/1601/5170/10458/5469/207/5076,Factor6
GO:2000036,regulation of stem cell population maintenance,69,0.44687434131833453,1.7756323744633224,3.5137442509304247e-4,0.005102972674784981,NA,4000,"tags=46%, list=27%, signal=34%",4849/6597/8289/4017/4609/79595/8091/2648/7004/23091/1994/6599/81606/84678/60/3066/5076/406937/23019/25942/6602/10413/6598/4838/65980/3621/51123/6595/8473/55274/3622/2103,Factor6
GO:0043583,ear development,202,0.3405522017344415,1.614862618748447,3.5222844371097254e-4,0.005103078918860653,NA,4000,"tags=41%, list=27%, signal=30%",7040/23513/10541/6909/2737/3714/4851/2260/6662/1301/11078/2625/10736/1889/8642/170961/6899/5013/57053/9132/130497/116039/9481/1052/2290/9935/7020/51804/4094/1909/25987/652/89780/55636/23493/525/5629/9261/6495/64220/1855/80184/340784/10194/10018/5754/8557/3167/27443/25836/222662/793/2048/5205/83605/5076/9423/1280/4171/3777/28514/1856/54845/3784/4647/6469/5459/9096/613/9321/2535/7043/3199/157506/2706/3198/220/357/121227/26020/1749/2103,Factor6
GO:0000377,"RNA splicing, via transesterification reactions with bulged adenosine as nucleophile",248,0.32740863490813454,1.5861653277142276,3.549420680847088e-4,0.005117789101307511,NA,3134,"tags=31%, list=21%, signal=25%",23524/3181/221092/6625/3189/220988/51341/8175/5411/22985/4670/26528/7536/4691/10250/51747/10262/348093/10180/4858/9092/9785/3609/6421/58517/8233/65109/3192/5725/29890/51631/11325/26986/10432/56949/55082/11100/10291/25862/10492/5976/55692/11030/10181/10657/282996/11338/65110/23020/2332/11168/29896/8449/8241/26576/91746/3187/144983/8621/55094/9879/199746/5394/3167/79760/55015/10236/9967/54502/3178/10921/4857/10992/57060/7375/55596/27288,Factor6
GO:0000398,"mRNA splicing, via spliceosome",248,0.32740863490813454,1.5861653277142276,3.549420680847088e-4,0.005117789101307511,NA,3134,"tags=31%, list=21%, signal=25%",23524/3181/221092/6625/3189/220988/51341/8175/5411/22985/4670/26528/7536/4691/10250/51747/10262/348093/10180/4858/9092/9785/3609/6421/58517/8233/65109/3192/5725/29890/51631/11325/26986/10432/56949/55082/11100/10291/25862/10492/5976/55692/11030/10181/10657/282996/11338/65110/23020/2332/11168/29896/8449/8241/26576/91746/3187/144983/8621/55094/9879/199746/5394/3167/79760/55015/10236/9967/54502/3178/10921/4857/10992/57060/7375/55596/27288,Factor6
GO:0003417,growth plate cartilage development,19,0.6728715690679725,2.0142463735579303,3.589132750415773e-4,0.005162697634070612,NA,2075,"tags=58%, list=14%, signal=50%",85301/7059/5914/6662/2355/4322/5916/4882/1311/25987/6781,Factor6
GO:0035270,endocrine system development,133,0.374289259134294,1.6696532158678432,3.709458972415073e-4,0.005320941573540921,NA,3471,"tags=35%, list=23%, signal=27%",6722/6659/2931/2736/6662/2625/2696/9095/4825/5454/6899/84159/1813/4192/1909/3200/6658/2627/3643/652/6495/5170/64220/51092/3625/28996/9480/4088/2516/5122/207/3175/3651/1392/3110/168850/6299/2735/28514/79798/6469/2932/5156/1497/3213/219409,Factor6
GO:0006790,sulfur compound metabolic process,287,-0.28529714620835656,-1.498122251319611,3.716801729651117e-4,0.005320941573540921,NA,2710,"tags=33%, list=18%, signal=28%",9375/5166/9061/6821/100131187/10402/84068/51022/3295/2182/1737/25974/284/122970/60490/2720/10560/3156/8876/8801/2954/6820/23382/55711/128486/23657/51268/254552/2328/84869/6296/23474/2639/1491/10005/8277/27010/51074/10090/11019/6622/2936/8460/51703/686/8050/10327/2681/191/84693/494143/5162/80221/57678/283927/58478/56922/9951/3423/51144/23205/79717/79993/27306/2941/38/83539/8803/7263/6647/1499/4258/54988/3029/54995/2134/2739/10550/6817/5538/55256/10380/2950/441024/1910/2876/8802/10768/6506/27430/1036/9446/23305/4693/2947,Factor6
GO:0070166,enamel mineralization,17,0.6872749430044304,2.0217285801320557,3.9589796059548e-4,0.005640843991746945,NA,1881,"tags=47%, list=13%, signal=41%",56975/7040/10312/54757/6522/6899/1758/26504,Factor6
GO:0009746,response to hexose,180,0.34185220114435544,1.5967195250306816,3.9556930336818774e-4,0.005640843991746945,NA,3416,"tags=34%, list=23%, signal=27%",7040/6597/1277/55107/5566/1958/6722/6659/6934/1292/177/1636/84327/7351/10723/9230/8660/1293/2696/4825/65010/6810/5127/125111/389692/3480/23098/8398/111/57521/2081/51085/3383/7057/5211/407006/51092/8609/9854/9572/9462/54795/93/415116/2626/7776/4088/4041/285/5122/3651/1946/5076/1392/2646/25942/10497/6598/8111/5007/2030/83667,Factor6
GO:0046637,regulation of alpha-beta T cell differentiation,74,0.450521213576598,1.8164104169488287,3.984695095291961e-4,0.00566409371210487,NA,2607,"tags=35%, list=17%, signal=29%",23476/6461/2737/50943/5914/3142/8943/2033/604/2625/6522/864/3561/3718/7535/257101/6046/51043/64332/84807/4092/8651/3566/639/84695/80149,Factor6
GO:0043536,positive regulation of blood vessel endothelial cell migration,60,0.4738551229854805,1.8421370697272395,4.0046852044656666e-4,0.005679114759368135,NA,2661,"tags=38%, list=18%, signal=32%",7040/2303/25865/25/5606/51564/2260/27286/7422/2113/57381/5335/4846/5155/8817/8829/7057/407006/5170/7424/3315/406992/207,Factor6
GO:0072655,establishment of protein localization to mitochondrion,108,-0.37510288190163427,-1.7128030547509843,4.02380436353668e-4,0.005692833074890979,NA,3087,"tags=37%, list=21%, signal=30%",1649/29928/665/26517/5599/10651/56947/54741/7323/4285/27429/58480/706/80273/55294/23409/10440/10245/23787/9804/55486/9530/9049/84134/285521/23788/65018/637/64112/26519/56993/51024/84233/196294/29103/10456/131118/26521/140823/59286,Factor6
GO:0140719,constitutive heterochromatin formation,47,0.5040694604689041,1.8401305168219335,4.062740779311746e-4,0.005734458706536744,NA,2570,"tags=36%, list=17%, signal=30%",84444/1786/3070/22880/79813/90378/11176/1788/10919/2146/57673/10155/53615/8932/54737/546/10664,Factor6
GO:0008361,regulation of cell size,167,0.35451320002654546,1.6320296086083337,4.10391324440113e-4,0.005779038580375142,NA,3520,"tags=37%, list=23%, signal=29%",55558/6405/1291/6722/85358/7410/2784/29882/3783/25/128239/84335/59341/10723/10500/8408/1954/51334/4825/5916/7422/2335/57154/3984/2017/2803/10371/56996/80128/1185/23499/57521/10013/393/1002/23108/89780/8829/6560/6343/80131/1382/2055/23394/5802/65125/1946/57611/3475/9423/25942/7349/56920/7248/56262/3320/23038/2932/1785/53335/8482/9943,Factor6
GO:0090151,establishment of protein localization to mitochondrial membrane,27,-0.5905722346523656,-1.9881798743075085,4.159993876307387e-4,0.0058345976933784245,NA,3038,"tags=48%, list=20%, signal=38%",29928/26517/10651/23787/9804/285521/23788/64112/26519/56993/84233/26521/140823,Factor6
GO:0033002,muscle cell proliferation,210,0.3342046707248705,1.5866242401205344,4.162729397963701e-4,0.0058345976933784245,NA,3998,"tags=38%, list=27%, signal=28%",4854/7040/6497/5739/6909/1786/7536/2303/348093/6934/4209/9510/4851/147912/25/5467/3690/2260/4881/5159/2006/3720/4602/4318/3725/4615/7161/2296/55810/693175/442907/5292/4846/10221/5155/3480/2627/2081/652/6714/23493/7057/1621/3673/407006/6495/8241/5031/7128/407975/26119/407007/7015/3488/4313/5591/207/2768/6376/406937/5592/2735/5600/10413/4086/2771/6469/3654/7043/3596/27035/27086/3458/93649/406961/55512/1264/442891/858/1839,Factor6
GO:0072577,endothelial cell apoptotic process,57,0.46912714262797317,1.7945208258170107,4.2477240630140964e-4,0.005939914832432937,NA,3921,"tags=42%, list=26%, signal=31%",57124/7040/25/10298/5598/3690/153090/2625/693175/5335/3383/7057/5170/7128/7015/5054/5770/3676/1003/3596/406913/889/51129/2309,Factor6
GO:0033260,nuclear DNA replication,37,0.5487293276904166,1.904084087359481,4.28408184663769e-4,0.005976889187427167,NA,3093,"tags=51%, list=21%, signal=41%",58525/81620/3978/2260/604/80174/4172/5976/29980/7014/4173/79915/51750/9400/546/8317/54617/4175/4171,Factor6
GO:0003281,ventricular septum development,68,0.4564482532980742,1.8132860679225684,4.317014267142227e-4,0.006008924939507206,NA,2517,"tags=35%, list=17%, signal=30%",161882/57167/6659/4851/4091/2625/8321/26508/9353/53834/6664/4846/51684/652/57493/23493/5629/6586/64220/4092/407975/2626/5754/639,Factor6
GO:0060675,ureteric bud morphogenesis,67,0.4579193694054817,1.8203752906344277,4.4474758858102913e-4,0.006176252802713969,NA,3270,"tags=42%, list=22%, signal=33%",7040/3911/2737/3611/55083/4609/6662/2625/10736/8642/7422/3975/51804/5727/5311/2668/652/6495/9953/2297/9955/84445/255743/5076/7475/6299/2719/6469,Factor6
GO:0150063,visual system development,383,0.29502783971362734,1.505545833474764,4.535016848462989e-4,0.006283344033491135,NA,3282,"tags=30%, list=22%, signal=24%",1289/7040/10848/6597/7837/6497/399473/6909/10763/2737/6722/2303/835/775/1282/6659/5914/285590/2295/4237/94137/4851/10312/147912/7855/6662/5089/25794/388552/2625/5159/200734/1295/22899/23094/2916/9355/5916/7021/7422/1290/261734/79147/3299/7483/2296/1813/340273/7477/65979/6664/3975/10319/57381/116039/2321/54567/668/221935/7020/4094/7431/79888/25987/652/121643/8829/55636/5629/1969/64220/6654/84678/28996/582/9997/55764/5309/93/51343/80184/130557/5469/4088/23093/4041/2200/2195/1181/639/2055/3066/3624/7528/25836/2201/793/10252/1417/2048/5076/2301/7475/4810/57835/27151/28514/581/7289/84465/114789/4647/4781/4544/6469/3913,Factor6
GO:2000351,regulation of endothelial cell apoptotic process,51,0.4954350511083553,1.8548506601833001,4.577162146631518e-4,0.006327191802235815,NA,4135,"tags=47%, list=28%, signal=34%",57124/7040/25/10298/5598/3690/2625/693175/5335/3383/7057/5170/7128/7015/5054/5770/3676/1003/3596/406913/889/51129/2309/574453,Factor6
GO:0006024,glycosaminoglycan biosynthetic process,67,0.4570375590766007,1.8168698138169581,4.67554615450413e-4,0.0064484019847131325,NA,3276,"tags=42%, list=22%, signal=33%",7040/3038/9469/126792/79586/55501/2131/11227/5155/3340/64131/6483/160/8509/54480/6482/6487/8534/9953/93010/9955/22856/9435/10057/3037/166012/27087/56548,Factor6
GO:0015669,gas transport,21,-0.6294834302863566,-1.9509651564968868,4.6897182242163567e-4,0.006453180761952507,NA,2226,"tags=43%, list=15%, signal=37%",58157/26034/363/669/362/3043/4151/760/358,Factor6
GO:0000288,"nuclear-transcribed mRNA catabolic process, deadenylation-dependent decay",50,0.49859603876147995,1.8547617438736188,4.8367718839697896e-4,0.006625278214701345,NA,1385,"tags=28%, list=9%, signal=26%",3184/4849/85456/55095/219988/27327/10642/677/3192/678/7538/26986/57690/10492,Factor6
GO:0030516,regulation of axon extension,79,0.42470409376937185,1.7374041791137147,4.827593138920967e-4,0.006625278214701345,NA,3601,"tags=43%, list=24%, signal=33%",55558/6405/6722/29882/25/10500/1954/4825/7422/2335/57154/3984/2017/2803/10371/80128/23499/10013/393/1002/89780/8829/23394/5802/57611/3475/9423/25942/56920/2932/1785/53335/8482/6387,Factor6
GO:0042303,molting cycle,107,0.3993155509263945,1.724591522175084,4.874036106738793e-4,0.006646112130161698,NA,2832,"tags=28%, list=19%, signal=23%",3911/10848/54345/1291/64434/2736/4851/4926/6662/51588/6615/9355/114803/8643/2131/11187/5970/25987/162514/84283/6654/2068/10468/7015/3066/3488/3624/54888/25836/94234,Factor6
GO:0042633,hair cycle,107,0.3993155509263945,1.724591522175084,4.874036106738793e-4,0.006646112130161698,NA,2832,"tags=28%, list=19%, signal=23%",3911/10848/54345/1291/64434/2736/4851/4926/6662/51588/6615/9355/114803/8643/2131/11187/5970/25987/162514/84283/6654/2068/10468/7015/3066/3488/3624/54888/25836/94234,Factor6
GO:0048009,insulin-like growth factor receptor signaling pathway,47,0.4995728433716131,1.8237153935262447,4.947667888364159e-4,0.006731285409293631,NA,2661,"tags=36%, list=18%, signal=30%",64599/1291/3482/3481/7249/3667/8483/6464/3487/3480/2887/5170/6654/2068/3636/3488/207,Factor6
GO:0015931,nucleobase-containing compound transport,197,0.3360244572049366,1.593303003964614,4.995594268436181e-4,0.006781181679248843,NA,3398,"tags=34%, list=23%, signal=26%",100101267/3181/8106/23144/8570/9887/4363/10642/23511/6573/677/10644/65109/283131/155435/63910/8021/23299/9961/23636/7538/29890/55343/23089/6830/10482/215/23225/55308/5976/57187/3297/10657/8888/65110/2332/65083/51000/6311/7175/26993/80131/51092/91746/26019/55677/144983/23049/10762/54888/65125/57510/10057/23180/3178/3177/113829/114789/23293/56262/9984/8658/134/2030/56172/3837,Factor6
GO:0001569,branching involved in blood vessel morphogenesis,34,0.5560261431001463,1.9115942993300503,5.045914655296443e-4,0.006831947469363457,NA,2512,"tags=44%, list=17%, signal=37%",23129/2022/6722/2303/1282/25/7422/4776/54567/51176/4192/1909/8829/441478/4855,Factor6
GO:2000736,regulation of stem cell differentiation,79,0.42365632119576413,1.7331178902013802,5.055663798467068e-4,0.006831947469363457,NA,3348,"tags=38%, list=22%, signal=30%",9739/4054/9112/4851/25/3192/678/54815/6662/1108/7538/8321/1107/2296/57459/2146/53615/83959/2668/51755/81606/8621/3066/54888/5591/64321/10413/54517/2932/5156,Factor6
GO:0061515,myeloid cell development,77,0.44109190272558085,1.7928384682365035,5.097702711350367e-4,0.006873345467854287,NA,3286,"tags=39%, list=22%, signal=31%",56975/51341/2316/161882/6722/2033/23774/8761/604/2539/4602/1051/10019/5880/6714/10013/25893/2068/10365/10163/5469/2200/2623/79705/537/2814/84456/55646/5026/8111,Factor6
GO:0032970,regulation of actin filament-based process,340,0.2928103878215653,1.472524320932874,5.124141502020359e-4,0.006893571614436765,NA,4090,"tags=39%, list=27%, signal=29%",64857/4627/7040/6548/91663/2316/10174/85358/55114/775/9620/29109/51466/3728/487/25/1613/25959/3690/11346/6840/1265/11135/6624/1857/5829/11078/8558/5159/2006/7016/6522/23616/22899/80115/2041/406941/10677/1829/9353/51332/11211/4035/3984/2017/9639/5580/64411/54434/10021/89848/130271/382/200539/857/2314/9647/23370/116985/8440/6356/54961/8829/57731/5629/6781/54551/10391/10458/8936/10163/27/9788/54795/9344/114822/2626/4088/123720/57026/88/6712/6093/55971/10142/10395/7454/1946/23332/6376/148170/488/9839/90167/5296/7248/90102/11214/27237/1856/57704/4703/11132/4233/134/7226/6331/9463/5156/8500/7043/23607/50944/6387/391/246/4607/23189/79933/4070/832/9026/390/59/1236/4771/5921/81873/2702/9113/93661/50848,Factor6
GO:0016226,iron-sulfur cluster assembly,22,-0.6186233615836517,-1.9463312697839146,5.203444899052431e-4,0.0069536945469155205,NA,1948,"tags=55%, list=13%, signal=48%",10101/150274/57019/23479/10539/388962/122961/51027/57128/81689/4706/27247,Factor6
GO:0031163,metallo-sulfur cluster assembly,22,-0.6186233615836517,-1.9463312697839146,5.203444899052431e-4,0.0069536945469155205,NA,1948,"tags=55%, list=13%, signal=48%",10101/150274/57019/23479/10539/388962/122961/51027/57128/81689/4706/27247,Factor6
GO:0034446,substrate adhesion-dependent cell spreading,88,0.4189157823501113,1.7648460698136574,5.195242302808041e-4,0.0069536945469155205,NA,2181,"tags=30%, list=15%, signal=25%",3912/91663/3911/79778/2316/81/3611/25/3690/3915/55698/5829/11078/7016/81848/2041/6239/2335/2192/55920/4192/9928/6714/8829/1601/201294,Factor6
GO:0006107,oxaloacetate metabolic process,10,-0.7671768592379259,-1.9766452468509939,5.324912226206425e-4,0.007100275660917283,NA,550,"tags=40%, list=4%, signal=39%",56954/2805/4190/130752,Factor6
GO:0048771,tissue remodeling,163,0.3595557390991805,1.6504718653482657,5.377075737174477e-4,0.007154003414558625,NA,3135,"tags=33%, list=21%, signal=27%",7040/4054/2316/1291/5371/3976/2303/645811/177/1636/10312/1200/4323/3690/7421/2324/6522/2355/7166/1943/79147/9464/4882/1445/2296/2131/4846/54567/133522/4192/857/1909/3200/5880/1464/6714/55636/1621/1969/7128/7879/93/4041/9066/3488/4313/6093/2034/79705/9545/101/8792/7157/581,Factor6
GO:0007411,axon guidance,218,0.3280717750368831,1.566697401332395,5.393416325928693e-4,0.0071599383692449855,NA,3291,"tags=33%, list=22%, signal=26%",4854/55558/6405/9048/2737/219699/57549/4858/10381/2736/4851/51466/10501/54437/10500/1948/1951/2625/1954/1959/9355/1889/1943/8828/7422/9353/23768/7477/7204/3975/57715/2131/10371/57216/91624/170302/2290/1909/5727/1947/91653/2668/10013/1002/89780/8829/57556/6586/6654/8609/2636/54910/1855/2297/8941/5754/56896/64221/1946/2048/9423/54915/153478/56920/54538/6477/23022/8633/4781/6469/3913/5459,Factor6
GO:2000181,negative regulation of blood vessel morphogenesis,115,0.3799242759887804,1.655968500209127,5.478264102962104e-4,0.007244491233639206,NA,2891,"tags=28%, list=19%, signal=23%",374887/3339/2828/1284/5371/29924/9510/11117/153090/4881/90993/4204/6464/1870/2296/55810/22846/5970/7057/57556/9146/1969/407006/10365/2833/1647/407007/285/5054/6093/406937/406900,Factor6
GO:1901343,negative regulation of vasculature development,117,0.3739411460112467,1.632718543841334,5.481148170797209e-4,0.007244491233639206,NA,2891,"tags=27%, list=19%, signal=22%",374887/3339/2828/1284/5371/29924/9510/11117/153090/4881/90993/4204/6464/1870/2296/55810/22846/5970/7057/57556/9146/1969/407006/10365/2833/1647/407007/285/5054/6093/406937/406900,Factor6
GO:0033280,response to vitamin D,38,0.5398497577396653,1.8804040771168333,5.60974256479533e-4,0.0073499822691350985,NA,2525,"tags=39%, list=17%, signal=33%",7040/4330/25959/7421/219931/5292/1594/6591/3371/6256/6781/249/8805/5469/8614,Factor6
GO:0045604,regulation of epidermal cell differentiation,51,0.49086427200715554,1.8377381999032985,5.594286775937792e-4,0.0073499822691350985,NA,3344,"tags=45%, list=22%, signal=35%",4851/677/4926/7421/4097/7538/2296/8643/1594/4831/2146/5727/652/23764/23493/8609/2810/5469/6093/2118/28514/54845/54206,Factor6
GO:0018107,peptidyl-threonine phosphorylation,75,0.4349698037081583,1.7582296450825083,5.598536846613294e-4,0.0073499822691350985,NA,2685,"tags=39%, list=18%, signal=32%",85456/25865/2931/8408/8558/5347/790/200734/8877/1981/2011/9294/5580/283629/6872/4294/1609/7786/8312/57521/6794/84630/5170/28996/4092/1116/5591/207/65125,Factor6
GO:0035567,non-canonical Wnt signaling pathway,69,0.4396751751513266,1.74702685534229,5.59574180322293e-4,0.0073499822691350985,NA,3467,"tags=43%, list=23%, signal=34%",1453/8325/9620/1454/7855/25/57664/9968/440193/1857/85474/1951/8321/11211/57154/7477/27031/57216/51339/89780/1601/1855/81839/57674/8324/1856/2719/1952/6423/2535,Factor6
GO:0002495,antigen processing and presentation of peptide antigen via MHC class II,22,-0.6172219770773221,-1.9419221920557834,5.689734608712527e-4,0.0074225174213658875,NA,3915,"tags=50%, list=26%, signal=37%",3108/3111/3115/29108/3113/567/3109/8722/1520/3122/54209,Factor6
GO:0090100,positive regulation of transmembrane receptor protein serine/threonine kinase signaling pathway,100,0.39638683962073507,1.7012945023919062,5.683528334845102e-4,0.0074225174213658875,NA,3483,"tags=35%, list=23%, signal=27%",7040/23144/2022/7041/3611/4851/1387/375616/2033/268/1030/4926/6664/63893/4221/2627/8312/652/6794/7057/23090/1601/25970/28996/93/2626/2297/3624/255743/9839/2719/142/1003/4838/7043,Factor6
GO:0030279,negative regulation of ossification,33,0.5563250821201668,1.893648600760187,5.711998197936372e-4,0.0074354672006398505,NA,2714,"tags=42%, list=18%, signal=35%",7040/4054/4851/6662/4091/7166/54880/4192/83999/79412/4092/54795/22856/2623,Factor6
GO:0030099,myeloid cell differentiation,383,0.2923711903195483,1.49198878262105,5.792884820321945e-4,0.007524507933638009,NA,3286,"tags=28%, list=22%, signal=23%",56975/4627/7040/22904/80279/51341/2316/22985/87/5371/3976/23054/2194/161882/6722/23218/5914/63976/4237/10312/677/7351/2033/23774/1030/4609/4015/8761/604/2625/2539/6522/2355/7538/7030/9258/5916/1943/7422/23186/863/4602/4318/2113/4615/3589/1051/10401/54892/51621/5971/3297/6510/10221/5293/133522/51176/140685/9935/133396/4094/10019/5880/57521/6688/1435/652/6714/10013/8444/5457/25893/1969/407006/7171/2068/10365/28996/10163/8651/5469/407007/3428/2200/126014/3624/5591/2034/2623/79705/537/9644/2814/406937/84456/7071/8772/8792/55646/4850/28514/3148/2719/9398/3784/5026/142/8111,Factor6
GO:0061564,axon development,478,0.2777359435147594,1.4428832445974336,5.888931051420468e-4,0.007632814504712078,NA,3512,"tags=31%, list=23%, signal=25%",4854/55558/5361/6405/9048/2316/23129/8831/2737/6722/9253/23654/219699/57549/4858/29882/10381/55201/2736/4851/26053/51466/10501/25/54437/349667/10500/1948/8408/1951/2625/7414/1954/1009/1959/23162/9355/4825/1889/104/1943/8828/7422/5454/2335/9353/23768/4882/57154/2011/3984/2017/2803/1813/7477/5365/7204/3975/57715/2131/10371/57216/80128/23303/91624/170302/2290/1909/5727/23499/3480/5362/1947/91653/3371/25987/2668/6794/10013/393/1002/83999/89780/5457/8829/401720/57556/57731/6586/407006/6654/8609/2636/10458/1382/54910/1855/9344/333/407007/63923/22906/2297/27242/8941/5754/60/56896/27319/4313/23394/5802/64221/4548/8506/8650/1946/2896/6905/2048/57611/5076/3475/5592/9423/54915/153478/25942/56920/6812/54538/56978/6477/23022/8633/5792/4781/6469/3913/5459/2932/1785/53335/3676/1605/22854/23607/3199/8482,Factor6
GO:0035019,somatic stem cell population maintenance,67,0.4518728397283991,1.7963384100094841,5.967948156396156e-4,0.007718631660643699,NA,1131,"tags=22%, list=8%, signal=21%",283149/6497/51586/3976/607/57167/6659/8243/9968/678/4609/6662/9282/10736/6899,Factor6
GO:0009749,response to glucose,175,0.3404190563651065,1.581997780605707,6.007634627576811e-4,0.007753322034348059,NA,3416,"tags=35%, list=23%, signal=27%",7040/6597/1277/55107/5566/1958/6722/6659/6934/1292/177/1636/84327/7351/10723/9230/8660/1293/2696/4825/6810/5127/125111/389692/3480/23098/8398/111/57521/2081/51085/3383/7057/5211/407006/51092/8609/9854/9572/9462/54795/93/415116/2626/7776/4088/4041/285/5122/3651/1946/5076/1392/2646/25942/10497/6598/8111/5007/2030/83667,Factor6
GO:0060575,intestinal epithelial cell differentiation,25,0.5943502529021465,1.8866712177768095,6.124228529082873e-4,0.007820068928979339,NA,3136,"tags=52%, list=21%, signal=41%",688/7855/6662/2627/7298/5697/6714/5753/54106/2626/639/9139/10413,Factor6
GO:0031076,embryonic camera-type eye development,37,0.5428316079845827,1.8836190717736543,6.079269885320697e-4,0.007820068928979339,NA,4430,"tags=62%, list=29%, signal=44%",10848/6909/10763/5914/2295/7855/5916/65979/6664/7020/5629/64220/84678/28996/5076/7289/157506/3549/9742/220/10370/7291/26160,Factor6
GO:0061351,neural precursor cell proliferation,163,0.35815523295703855,1.6440431097104227,6.098820674808328e-4,0.007820068928979339,NA,3270,"tags=33%, list=22%, signal=26%",7040/9048/2316/10763/2737/9253/23654/22809/3611/10642/7005/4851/473/2260/63925/80709/9355/7422/84858/5454/79801/1813/284403/3975/5455/170302/54567/51176/2290/9181/4192/9928/89780/5629/7424/84678/2787/145864/582/5309/63950/259266/176/2018/64211/8650/6376/644943/55679/7157/2771/4781/6567/6469,Factor6
GO:0042060,wound healing,392,0.2869353291832786,1.4680685161370872,6.123903304624325e-4,0.007820068928979339,NA,3637,"tags=32%, list=24%, signal=25%",1289/4627/7040/6915/3710/23513/2828/11093/2316/2022/29082/6722/2303/7410/177/3611/26509/710/11117/5467/3690/135/1364/1265/8527/388552/8761/7414/375033/2683/7422/6239/2335/4882/131566/7094/5580/2192/50506/1311/2131/1281/5873/3678/947/4846/83481/5328/1606/5155/1609/8858/857/4772/3083/23499/10019/25833/25987/6714/960/89780/7057/401720/3673/407006/7128/10398/954/3315/2151/2626/9002/4088/9066/3818/5754/60/239/4855/51206/7056/5054/3640/2768/1365/2623/949/7454/23332/2048/5329/22821/8324/6376/2814/5592/128866/151/7980/160851/6812/4162/90102/139189/79987/10413/340205/5327/5912/6469/5156/2149/170692/84034/1605/64094/2778/462/89781/2811/7450/53905/246/2191/3693,Factor6
GO:0007409,axonogenesis,421,0.2851559950718291,1.4634726816461994,6.097354590875953e-4,0.007820068928979339,NA,3512,"tags=32%, list=23%, signal=25%",4854/55558/5361/6405/9048/23129/8831/2737/6722/9253/23654/219699/57549/4858/29882/10381/55201/2736/4851/26053/51466/10501/25/54437/10500/1948/8408/1951/2625/7414/1954/1009/1959/9355/4825/1889/104/1943/8828/7422/5454/2335/9353/23768/4882/57154/2011/3984/2017/2803/1813/7477/5365/7204/3975/57715/2131/10371/57216/80128/23303/91624/170302/2290/1909/5727/23499/3480/5362/1947/91653/25987/2668/6794/10013/393/1002/89780/5457/8829/57556/57731/6586/6654/8609/2636/10458/1382/54910/1855/9344/333/63923/22906/2297/8941/5754/60/56896/23394/5802/64221/8506/8650/1946/6905/2048/57611/5076/3475/5592/9423/54915/153478/25942/56920/6812/54538/56978/6477/23022/8633/4781/6469/3913/5459/2932/1785/53335/3676/1605/22854/23607/3199/8482,Factor6
GO:0006275,regulation of DNA replication,111,0.39051429184766095,1.696906169500284,6.203323051927847e-4,0.007871037480835607,NA,3120,"tags=36%, list=21%, signal=29%",58525/63922/25792/81620/2736/27154/79733/2260/604/11177/80174/8914/5930/10919/4172/6282/4176/144455/9126/5753/11232/990/83444/4173/54108/4798/79915/546/8317/4174/54617/7528/84289/993/4175/7349/2735/4171/7157/26057,Factor6
GO:0009743,response to carbohydrate,208,0.33077760791416677,1.5689792470352681,6.191582787923921e-4,0.007871037480835607,NA,3005,"tags=31%, list=20%, signal=25%",7040/6597/1277/55107/5566/1958/6722/6659/6934/1292/81620/177/1636/677/84327/7351/5606/10723/9230/8660/1293/2696/4825/65010/6810/5127/81035/125111/389692/3480/23098/8398/111/5603/57521/2081/51085/3383/7057/3673/5211/407006/51092/8609/9854/9572/9462/54795/93/415116/2626/7776/4088/4041/285/80339/5122/23394/3651/1946/5076/1392/2646/25942,Factor6
GO:0006310,DNA recombination,257,0.31091493014807475,1.512760783718579,6.182101037865845e-4,0.007871037480835607,NA,3801,"tags=34%, list=25%, signal=26%",2521/7040/9401/4439/57634/23126/6929/50943/8295/22976/126549/197342/23529/1387/6421/83933/25/9985/8438/29128/604/5347/1108/51588/7516/8914/6830/55929/4172/79677/65123/51176/4176/23137/348654/165918/64332/7515/7014/55159/27434/83444/2068/4173/4798/79840/7156/79915/51750/84515/23503/55658/84296/9400/60/135458/23613/8317/4174/5591/29893/54617/7528/7454/25836/4175/80119/10721/353497/27301/4171/3148/1111/142/54891/5893/54799/29935/6778/3149/118460/27336/9466/7011/23347/56893/2237/9156,Factor6
GO:0003382,epithelial cell morphogenesis,36,0.5411234135913203,1.8755055347723595,6.26800465296747e-4,0.007936400009124989,NA,3911,"tags=53%, list=26%, signal=39%",85301/80781/8985/440193/23094/6494/57493/6781/353116/2195/6093/1365/51421/23022/4233/1003/9223/3549/2317,Factor6
GO:2000105,positive regulation of DNA-templated DNA replication,14,0.7186924382164201,2.017133220453691,6.290239457810146e-4,0.007947856019333701,NA,2653,"tags=71%, list=18%, signal=59%",58525/25792/81620/79733/2260/80174/144455/546/8317/54617,Factor6
GO:0090183,regulation of kidney development,34,0.552425736602786,1.8992162544826425,6.418377294265234e-4,0.00809279496914991,NA,2858,"tags=44%, list=19%, signal=36%",7040/4609/6662/2625/10736/7422/3975/130497/2146/51804/2668/652/6495/2297/5076,Factor6
GO:0030203,glycosaminoglycan metabolic process,101,0.39502815695363613,1.6959450862412988,6.553011749173299e-4,0.008236457814396105,NA,3090,"tags=36%, list=21%, signal=29%",7040/3425/3038/54982/9469/126792/79586/55501/2296/2131/11227/6448/5155/3340/1909/64131/6483/160/8509/54480/6482/6487/960/8534/9953/3373/3700/93010/9955/22856/9435/10057/3037/2990/166012/27087,Factor6
GO:0050878,regulation of body fluid levels,348,0.2904981226691945,1.463329100321015,6.559647836253742e-4,0.008236457814396105,NA,3622,"tags=33%, list=24%, signal=25%",9612/4627/6915/3710/11093/2316/55107/5566/6722/7410/65266/3611/3291/710/11117/3783/3690/135/59341/8527/7421/1056/388552/8761/4881/7414/790/2355/375033/112/7166/7422/7094/5580/1813/2192/4302/1311/2131/1281/5873/4846/4645/5328/1606/5155/1609/8858/857/51043/3083/10019/2979/3099/6714/57493/89780/7057/6343/525/3673/10398/954/10391/3315/2151/7498/9002/5469/6338/3818/60/239/51206/7056/5054/4583/2768/65125/2623/7454/2048/5329/22821/2814/5592/3037/595/151/7980/57835/160851/6812/139189/79987/340205/5327/5912/2771/6469/1952/134/5156/2149/2030/1497/170692/84034/2778/462/89781/2811/7450/2191,Factor6
GO:0021846,cell proliferation in forebrain,27,0.6033688635465925,1.9537782187387558,6.618796476594628e-4,0.008285535722705928,NA,3236,"tags=52%, list=22%, signal=41%",2737/9253/10642/2260/80709/5454/5455/170302/9928/89780/2018/64211/8650/4781,Factor6
GO:0010906,regulation of glucose metabolic process,91,0.41298426031051366,1.7537833950265727,6.626229000073433e-4,0.008285535722705928,NA,3418,"tags=40%, list=23%, signal=31%",90007/221937/5566/2784/6934/2931/55657/2033/1196/3481/4485/8660/3667/2648/3487/11091/1609/51547/3607/3643/90673/6714/6794/7874/406992/53632/89/8445/207/79660/2646/7157/10295/85414/83667/2875,Factor6
GO:0085029,extracellular matrix assembly,50,0.49314597082816997,1.8344876608116563,6.802902259226585e-4,0.00848883890607839,NA,1493,"tags=30%, list=10%, signal=27%",8425/7040/7837/1291/3038/1278/4851/8985/11117/23187/6662/4015/2006/1281/4629,Factor6
GO:0006346,DNA methylation-dependent heterochromatin formation,38,0.5310027106983938,1.8495880526797643,6.838133489916872e-4,0.008515171599944006,NA,2884,"tags=42%, list=19%, signal=34%",1786/3070/22880/79813/90378/11176/1788/10919/2146/57673/10155/53615/8932/54737/10664/84456,Factor6
GO:0030510,regulation of BMP signaling pathway,106,0.39350930252500216,1.6988169653672898,6.860763214449041e-4,0.008525736060512242,NA,2476,"tags=27%, list=16%, signal=23%",6497/2022/348093/3611/4851/25/375616/4926/4091/8321/7021/25884/164656/57154/6664/94031/63893/857/2627/652/23090/10468/3675/28996/4092/2626/406992/2200/2297,Factor6
GO:0003171,atrioventricular valve development,29,0.5727211474613964,1.876951560317916,6.879755114840671e-4,0.008531745694885745,NA,2382,"tags=31%, list=16%, signal=26%",161882/6659/4851/4091/8642/26508/23493/6586/2626,Factor6
GO:0046831,regulation of RNA export from nucleus,15,0.6910870902945181,1.9685447538235745,6.910059012122001e-4,0.008534206079110512,NA,2685,"tags=60%, list=18%, signal=49%",283131/6830/57187/10657/7175/26993/55677/54888/65125,Factor6
GO:0006767,water-soluble vitamin metabolic process,57,-0.4421922376960302,-1.780196276627532,6.909674119956843e-4,0.008534206079110512,NA,3389,"tags=46%, list=23%, signal=35%",60496/231/25974/10560/8876/10588/80308/10797/55163/8277/27010/686/10327/8034/56922/55312/326625/9104/27249/477/171425/29968/2348/441024/8875/9446,Factor6
GO:0097428,protein maturation by iron-sulfur cluster transfer,11,-0.759343580769817,-2.0151972041832638,6.927061221100842e-4,0.008537709198277049,NA,1200,"tags=55%, list=8%, signal=50%",10539/55847/388962/122961/81689/27247,Factor6
GO:0018210,peptidyl-threonine modification,83,0.4147255402531348,1.731851612198727,7.009102611292354e-4,0.008621196211889596,NA,2685,"tags=36%, list=18%, signal=30%",85456/25865/2931/8408/8558/5347/790/200734/8877/1981/2011/9294/5580/283629/6872/2590/4294/1609/7786/8312/57521/6794/84630/5170/28996/4092/1116/5591/207/65125,Factor6
GO:0007007,inner mitochondrial membrane organization,34,-0.5296002926173361,-1.8682833291020353,7.045795051843528e-4,0.008648677551417707,NA,3038,"tags=41%, list=20%, signal=33%",29928/26517/10651/79135/115209/91137/84303/285521/65018/26519/84233/27069/26521/140823,Factor6
GO:0021561,facial nerve development,11,0.7705175754004834,1.9953252345730317,7.088798178083634e-4,0.008666163614464515,NA,2119,"tags=73%, list=14%, signal=63%",55558/6405/1959/104/8828/10371/8829/6495,Factor6
GO:0021610,facial nerve morphogenesis,11,0.7705175754004834,1.9953252345730317,7.088798178083634e-4,0.008666163614464515,NA,2119,"tags=73%, list=14%, signal=63%",55558/6405/1959/104/8828/10371/8829/6495,Factor6
GO:0045682,regulation of epidermis development,56,0.4691918519295747,1.7719099730089887,7.142111880701987e-4,0.008713665648783578,NA,3424,"tags=45%, list=23%, signal=35%",4851/677/4926/7421/4097/7538/2296/8643/1594/4831/2146/5727/652/23764/23493/84283/8609/2810/5469/6093/2118/28514/54845/54206/4665,Factor6
GO:0014032,neural crest cell development,77,0.43543669093182663,1.7698525979740536,7.363313299635824e-4,0.00896539176907174,NA,2278,"tags=35%, list=15%, signal=30%",3911/6405/2303/6949/10501/54437/6662/10500/55698/10016/8828/9464/2335/6899/2296/65979/57715/10371/6591/1909/1947/2668/652/8829/57556/9221/54910,Factor6
GO:0072111,cell proliferation involved in kidney development,20,0.651715111960943,1.974473291377142,7.402782946250318e-4,0.008988608107526311,NA,1945,"tags=45%, list=13%, signal=39%",1958/3690/4609/2625/5159/130497/5155/5727/652,Factor6
GO:0007565,female pregnancy,161,0.3456272738535059,1.5873313618841682,7.412208776241208e-4,0.008988608107526311,NA,3641,"tags=35%, list=24%, signal=27%",7040/3339/26173/26528/3976/29924/5914/3291/7005/1636/6573/5467/3690/8061/1364/7421/790/7004/7422/4318/1829/2192/1594/3678/85360/7026/10155/23641/1307/6781/3673/3675/340784/5469/285/639/8614/3488/5069/4313/7056/207/2201/1392/151/7349/142/54206/824/3691/4838/2778/7043/8434/2706/3549,Factor6
GO:0017004,cytochrome complex assembly,22,-0.6103449090082098,-1.9202853553978847,7.537643122118665e-4,0.009122364477311084,NA,3430,"tags=64%, list=23%, signal=49%",1355/54902/51241/10063/51204/1535/79064/91137/79072/285521/84275/6834/90624/7386,Factor6
GO:0060324,face development,52,0.4831221225895228,1.8144109802283381,7.641251049378329e-4,0.009229222459840317,NA,2738,"tags=38%, list=18%, signal=32%",29123/7040/6497/1277/4621/6722/5914/2033/5916/6899/84159/51176/1909/6658/55636/83716/64220/5083/4313/25836,Factor6
GO:0072189,ureter development,18,0.6681526335751482,1.9905214754046683,7.746729259459137e-4,0.009337907449352045,NA,3301,"tags=72%, list=22%, signal=56%",6662/2625/27031/3975/130497/652/6495/84445/2018/64321/5076/6469/9096,Factor6
GO:0042093,T-helper cell differentiation,73,0.4356911615586936,1.75240120685092,7.817180447790811e-4,0.009404021269228586,NA,2716,"tags=33%, list=18%, signal=27%",602/23476/6461/161882/50943/5914/3142/2033/604/2625/4602/3718/5971/4221/6046/51176/51043/64332/84807/4092/3566/84695/80149/9021,Factor6
GO:0071305,cellular response to vitamin D,23,0.6155648547898251,1.928178209846718,7.942241599795667e-4,0.009516479149496715,NA,2414,"tags=43%, list=16%, signal=37%",4330/25959/7421/5292/1594/6591/3371/6256/8805/5469,Factor6
GO:0006626,protein targeting to mitochondrion,90,-0.3904256568391573,-1.713048116184581,7.94083319130953e-4,0.009516479149496715,NA,3038,"tags=39%, list=20%, signal=31%",29928/665/26517/10651/56947/54741/7323/4285/27429/58480/706/80273/55294/23409/10440/10245/23787/9804/55486/9530/9049/84134/23788/65018/637/26519/56993/51024/196294/29103/10456/131118/26521/140823/59286,Factor6
GO:0045786,negative regulation of cell cycle,346,0.2896563896508341,1.4572795901784517,8.045729130158755e-4,0.009621351084814845,NA,4215,"tags=37%, list=28%, signal=27%",84444/23476/9656/7040/80279/23513/4582/5371/56241/3976/835/22809/81620/197342/677/25/25959/63967/79733/1030/678/153090/604/2625/5347/2648/864/10432/10106/8914/55755/2113/4882/55743/1029/2296/1869/5514/7023/29980/3619/1063/9894/26524/4221/65123/2146/899/144455/348654/286151/7026/9088/6494/5311/51512/9031/51339/9700/652/9735/7709/5629/7175/7014/990/11329/55159/7128/51343/9344/2619/5883/135458/546/3624/54888/5591/56658/23368/6196/8379/166863/595/5774/8720/80254/7157/51514/9819/1263/1111/8658/701/6878/55143/29935/26271/54584/26058/64061/51696/29933/91603/146691/58190/6839/3623/991/93649/7508/151636/123879/8525/84446/406968/23087/675/9113/11130/83990/146956/11073/5933/51360/339345/10403/10388,Factor6
GO:0072210,metanephric nephron development,39,0.5325611557776773,1.866635778320065,8.124874533516199e-4,0.009696756200693492,NA,3348,"tags=54%, list=22%, signal=42%",1958/3976/5310/55083/6662/5159/10736/7021/3975/130497/947/5155/5311/2668/652/153572/2297/5076/6299/3913/5156,Factor6
GO:0022604,regulation of cell morphogenesis,222,0.3237376723676114,1.55666054464604,8.188283635342129e-4,0.009748766348486811,NA,2886,"tags=28%, list=19%, signal=23%",55558/342979/283149/4627/5361/23129/23654/2245/29882/54751/1613/4343/1364/11135/1857/79784/23268/7422/752/4204/6239/2335/57154/2011/1729/9203/3679/5365/57381/59284/23363/9820/126374/23499/5362/23370/116985/6714/10013/6356/960/4628/1523/26259/29904/10458/30011/1855/9344/8994/7694/152273/6354/5591/10395/2768/1365/56965/1946/2048/23426/148170/23025,Factor6
GO:0001666,response to hypoxia,281,0.30289113456522254,1.4873526990552275,8.200803946711155e-4,0.009748766348486811,NA,4032,"tags=38%, list=27%, signal=28%",7040/6548/3339/112398/2022/1958/5371/3976/6722/6659/7352/177/4017/3291/1636/4851/1387/677/7351/5467/4323/2033/4609/59341/6649/2355/84069/4049/7422/4000/114990/863/4602/4204/9361/1788/1813/3297/5328/857/126374/1909/9124/9777/3099/2627/57521/7515/6714/4524/7057/6781/3673/7424/5740/2068/28996/768/406992/4088/867/285/7015/8614/8994/5351/4313/3624/1803/1365/2034/378938/406937/406900/101/3777/7157/9131/5327/1263/5664/134/5770/2030/824/6261/8751/3654/7043/10631/27113/6387/405/6839/22937/4929/93649/51129/4352/1139/430/2309/114757/1543/5034/5024/10525,Factor6
GO:0048511,rhythmic process,276,0.3082821566088264,1.5081169971350505,8.238595669967888e-4,0.009774412618680407,NA,3738,"tags=32%, list=25%, signal=24%",3184/9612/10743/1815/9112/1291/4862/1958/5371/1453/835/22809/4791/1454/9510/4851/1387/6421/10514/2033/3192/268/135/1364/23435/22992/7150/463/8553/7166/65010/23373/8914/9353/2063/4882/84667/1813/5971/4846/8242/1960/2146/2767/4192/3480/7298/6714/10075/5629/6586/7874/54551/9572/80045/2516/3066/4313/3624/23394/5591/9967/4800/5592/3037/7071/1392/25942/2/8792/10887/7157/51514/114781/4544/142/134/2932/5156/5806/771/7043/9611/5582/91603/10765/6839/8473,Factor6
GO:0014902,myotube differentiation,108,0.38075627842736204,1.6465904228285153,8.341459526354961e-4,0.009877009148397122,NA,4423,"tags=44%, list=29%, signal=31%",30846/8038/4627/1760/6497/1291/607/8912/688/23250/4851/8740/4323/170689/9794/79147/6899/284358/5738/51804/6495/10938/9518/9149/3566/89/8506/55909/10014/9759/1793/6469/246329/11096/824/6261/85461/4773/93649/858/3792/79365/6608/50937/627/56603/4868,Factor6
GO:0046639,negative regulation of alpha-beta T cell differentiation,26,0.5805072564082152,1.8606620164322456,8.451899450775487e-4,0.009988156468592914,NA,3924,"tags=65%, list=26%, signal=48%",2737/50943/3142/604/6522/864/3718/51043/4092/8651/3566/84695/80149/6469/3549/430/7292,Factor6
GO:0006605,protein targeting,284,-0.2800903908354655,-1.4723023087374367,8.512205508350087e-4,0.010039738277656746,NA,3177,"tags=30%, list=21%, signal=24%",10755/252983/5621/9409/29928/665/26517/64422/133022/55204/51201/10651/11337/56947/53371/5193/54741/9472/7323/282679/4285/6653/6727/27429/8266/23204/1191/58480/706/28972/80273/55294/51763/23409/9270/10368/10440/155382/10245/23787/10519/9804/55486/11154/9709/9530/377630/6746/7531/2040/10971/9049/3208/5191/26061/84134/51125/1020/23788/65018/637/6747/58477/90637/26519/3312/56993/54557/51024/84750/6726/64108/8031/84100/196294/29103/10456/5824/54469/131118/26521/4693/140823/59286,Factor6
GO:0031053,primary miRNA processing,17,0.6669508883875197,1.961942140219742,8.637870881703107e-4,0.010168056211723559,NA,2418,"tags=41%, list=16%, signal=35%",3181/7040/51593/54487/4204/652/4088,Factor6
GO:0033044,regulation of chromosome organization,227,0.3178458166548361,1.5299310184335633,8.847597222205369e-4,0.010394633227725488,NA,3296,"tags=32%, list=22%, signal=25%",3184/3181/6597/5371/8289/22880/29882/56252/3192/4926/4609/5609/5347/55755/4000/57492/11284/55743/54892/55869/5514/10460/5976/3619/79677/1063/10051/23137/348654/10155/6599/9031/7515/9700/6714/9735/7175/7014/990/7874/83444/4798/1736/51750/1062/23049/54737/60/546/10664/4216/54617/7528/55226/5394/3178/8379/65057/80119/54552/4171/7157/6602/9918/225689/23293/55193/142/6598/54891/3320/8658/701,Factor6
GO:0060325,face morphogenesis,31,0.5601545305938349,1.8780020752209148,9.021791331695969e-4,0.010578664660725993,NA,2738,"tags=45%, list=18%, signal=37%",29123/7040/6497/1277/4621/2033/6899/84159/51176/83716/64220/5083/4313/25836,Factor6
GO:0009262,deoxyribonucleotide metabolic process,42,-0.5026955712179618,-1.8776226314497932,9.112432587416673e-4,0.01064353317913959,NA,3559,"tags=52%, list=24%, signal=40%",30833/129607/252969/4860/79873/23583/51733/7374/50484/56953/26289/4913/9519/1633/1841/132/79077/1716/51071/151531/84618/2987,Factor6
GO:0019692,deoxyribose phosphate metabolic process,42,-0.5026955712179618,-1.8776226314497932,9.112432587416673e-4,0.01064353317913959,NA,3559,"tags=52%, list=24%, signal=40%",30833/129607/252969/4860/79873/23583/51733/7374/50484/56953/26289/4913/9519/1633/1841/132/79077/1716/51071/151531/84618/2987,Factor6
GO:0048864,stem cell development,82,0.41767331794152496,1.7409557137596285,9.213009142951583e-4,0.010740194604365413,NA,2278,"tags=33%, list=15%, signal=28%",3911/6405/2303/6949/10501/54437/6662/10500/55698/10016/8828/9464/2335/6899/2296/65979/57715/10371/6591/1909/1947/2668/652/8829/57556/9221/54910,Factor6
GO:0002287,alpha-beta T cell activation involved in immune response,75,0.4253886007504517,1.7195006231316083,9.439934543989766e-4,0.01096232861206673,NA,2716,"tags=32%, list=18%, signal=26%",602/23476/6461/161882/50943/5914/3142/2033/604/2625/4602/3718/5971/4221/6046/51176/51043/64332/84807/4092/3566/84695/80149/9021,Factor6
GO:0002293,alpha-beta T cell differentiation involved in immune response,75,0.4253886007504517,1.7195006231316083,9.439934543989766e-4,0.01096232861206673,NA,2716,"tags=32%, list=18%, signal=26%",602/23476/6461/161882/50943/5914/3142/2033/604/2625/4602/3718/5971/4221/6046/51176/51043/64332/84807/4092/3566/84695/80149/9021,Factor6
GO:0002042,cell migration involved in sprouting angiogenesis,67,0.44446698443008575,1.7668977772435746,9.550067113669646e-4,0.01106889509501672,NA,2113,"tags=30%, list=14%, signal=26%",6915/6722/2303/4851/25/51564/1948/27286/406941/29775/7422/9353/79812/2050/57381/54567/1960/8829/7057/407006,Factor6
GO:0014909,smooth muscle cell migration,77,0.43129807517406893,1.7530310025425593,9.638607569885981e-4,0.011129129190396712,NA,3498,"tags=39%, list=23%, signal=30%",5361/9510/1636/3690/5159/9353/4035/54434/6282/10221/5328/5155/4192/652/6714/2887/8829/3673/407006/5031/2195/7015/3488/5054/2768/5592/3037/5327/5770/10631,Factor6
GO:0043367,"CD4-positive, alpha-beta T cell differentiation",91,0.40628674510026463,1.7253416550076162,9.638967043947376e-4,0.011129129190396712,NA,2716,"tags=30%, list=18%, signal=24%",602/23476/6461/161882/50943/5914/3142/2033/604/2625/864/4602/3561/3718/5971/4221/6046/51176/51043/64332/84807/4092/8651/3566/84695/80149/9021,Factor6
GO:0070849,response to epidermal growth factor,42,0.5234544251452012,1.8849127016623102,9.909247092243177e-4,0.011419317825038171,NA,2858,"tags=48%, list=19%, signal=39%",1277/4691/84687/677/5782/678/6662/153090/790/7538/2296/5335/6591/7175/1601/5170/10458/5469/207/5076,Factor6
GO:2000319,regulation of T-helper 17 cell differentiation,25,0.5808318113901815,1.8437590554864995,9.93208477990573e-4,0.01142379293291829,NA,2607,"tags=44%, list=17%, signal=36%",23476/50943/2033/3718/6046/51043/64332/84807/4092/84695/80149,Factor6
GO:1901722,regulation of cell proliferation involved in kidney development,13,0.7115311282796294,1.9388635195043902,0.001005819176595072,0.011546804147311426,NA,1945,"tags=46%, list=13%, signal=40%",1958/3690/4609/2625/5155/652,Factor6
GO:0001838,embryonic epithelial tube formation,111,0.3858986239394845,1.6768496555307404,0.0010078882855659515,0.011548560260657776,NA,3175,"tags=36%, list=21%, signal=29%",7040/23513/6497/5566/57167/23654/5914/9620/25/9968/6662/2625/7249/2648/9355/79191/5916/65979/130497/57216/51684/6046/51804/5727/2668/652/4524/153572/6495/84678/54910/55764/10395/27443/5076/7475/7248/1856/7289/4522,Factor6
GO:0000724,double-strand break repair via homologous recombination,143,0.3483475621866109,1.5654782777291145,0.0010144973890778594,0.011602231051180755,NA,3760,"tags=39%, list=25%, signal=30%",2521/9401/57634/23126/8295/126549/1387/6421/25/9985/8438/29128/5347/1108/51588/7516/8914/55929/4172/79677/65123/4176/23137/348654/7515/55159/4173/7156/51750/84515/23503/55658/84296/9400/60/135458/23613/8317/4174/54617/7528/7454/25836/4175/10721/353497/4171/1111/142/5893/54799/29935/27336/23347/56893/2237,Factor6
GO:0045773,positive regulation of axon extension,36,0.528732057274956,1.8325577399237898,0.0010322196759239596,0.011782553005291107,NA,3601,"tags=44%, list=24%, signal=34%",6722/29882/1954/7422/2335/57154/3984/2803/23499/1002/8829/23394/57611/9423/8482/6387,Factor6
GO:0070168,negative regulation of biomineral tissue development,21,0.6240713802567106,1.9144166084018226,0.0010367631692740915,0.011789757775877263,NA,2714,"tags=48%, list=18%, signal=39%",7040/4054/4851/6662/54880/4846/23493/54795/6093/2623,Factor6
GO:0060425,lung morphogenesis,54,0.46708359374620717,1.7634360947894538,0.0010353580117895198,0.011789757775877263,NA,3820,"tags=48%, list=25%, signal=36%",1291/6909/3976/6722/9620/9231/8985/6662/83931/7477/6664/2131/3169/3371/652/28996/1522/10252/10413/4781/6469/1605/4838/157506/284217/5605,Factor6
GO:0030574,collagen catabolic process,35,0.5336112685899046,1.845047402327372,0.0010553737202775423,0.011955421678395754,NA,3622,"tags=51%, list=24%, signal=39%",140766/4323/9509/9902/4324/4322/5045/164656/4318/4320/64386/4327/4313/4326/118856/8751/8510/2191,Factor6
GO:0060976,coronary vasculature development,44,0.4949280698259113,1.77718683034922,0.0010559638760819807,0.011955421678395754,NA,3155,"tags=48%, list=21%, signal=38%",23129/6722/1636/4851/4091/5159/1954/7422/9464/6899/51684/3340/2627/652/8829/23493/5754/639/406937/118856/2719,Factor6
GO:0030512,negative regulation of transforming growth factor beta receptor signaling pathway,102,0.3867896275355751,1.6620137104944932,0.001057282189245883,0.011955421678395754,NA,4085,"tags=38%, list=27%, signal=28%",283149/6497/51341/399473/2022/63976/117166/4091/200734/79595/3309/8483/114990/56937/23089/57154/94031/2734/5170/9480/4092/9518/2200/3066/3175/2201/10252/406937/25942/7157/4052/407050/203100/7043/3621/8473/3622/858/406890,Factor6
GO:0008637,apoptotic mitochondrial changes,94,-0.37725590454806185,-1.67793775713526,0.0010623452572964202,0.011990177651171394,NA,3025,"tags=37%, list=20%, signal=30%",3433/665/64422/1386/29108/7417/815/3479/2537/292/1191/8743/10899/55486/10572/11040/2066/3429/55288/255027/51499/65018/637/64112/26355/122509/282991/5716/83982/152926/27069/572/28978/2876/291,Factor6
GO:0003209,cardiac atrium morphogenesis,25,0.5791013136094727,1.8382658629803168,0.0010780961059650245,0.012145206038600379,NA,2382,"tags=40%, list=16%, signal=34%",2022/161882/6659/4851/54567/57493/23493/5629/6654/2626,Factor6
GO:0035329,hippo signaling,48,0.47870154080444394,1.758682166026163,0.0010818940687718432,0.012165252896432647,NA,3202,"tags=44%, list=21%, signal=35%",9231/7005/5606/7004/8642/55841/29888/9448/6664/26524/79585/126374/4140/6714/25937/284086/8994/154810/51421/10413/81788,Factor6
GO:0003174,mitral valve development,14,0.7063100722351591,1.9823799930083008,0.0010922549666437396,0.012183785024261404,NA,982,"tags=36%, list=7%, signal=33%",161882/6659/4851/4091/8642,Factor6
GO:0002294,"CD4-positive, alpha-beta T cell differentiation involved in immune response",74,0.42940153429337485,1.7312601414532163,0.0010907070837478327,0.012183785024261404,NA,2716,"tags=32%, list=18%, signal=27%",602/23476/6461/161882/50943/5914/3142/2033/604/2625/4602/3718/5971/4221/6046/51176/51043/64332/84807/4092/3566/84695/80149/9021,Factor6
GO:0003208,cardiac ventricle morphogenesis,71,0.43078804124497755,1.7174713803059634,0.0010936498586569471,0.012183785024261404,NA,2414,"tags=32%, list=16%, signal=27%",7040/10848/2022/2303/6659/2931/4851/1301/2625/26508/9464/2296/54567/1909/57493/5457/55636/23493/5629/4092/407975/2626/5469,Factor6
GO:0070585,protein localization to mitochondrion,114,-0.3569429147324249,-1.6526758434411464,0.0010880060558903757,0.012183785024261404,NA,3087,"tags=36%, list=21%, signal=29%",1649/29928/665/26517/5599/10651/56947/54741/7323/4285/27429/58480/706/80273/55294/23409/10440/10245/23787/9636/9804/55486/9530/9049/84134/285521/23788/65018/637/64112/26519/56993/51024/84233/196294/29103/10456/131118/26521/140823/59286,Factor6
GO:0030336,negative regulation of cell migration,291,0.3017279418599051,1.4909788982056722,0.0010911050192860925,0.012183785024261404,NA,4158,"tags=37%, list=28%, signal=27%",25930/7040/6915/2022/6722/9231/4851/23309/11117/51466/3728/1265/10076/153090/7414/79595/1009/54328/2041/406941/104/29775/4204/9353/79812/4035/482/79890/1813/2796/22846/5365/1281/83481/10221/127435/54567/7026/23598/11188/652/393/7057/401720/6781/407006/4092/9518/57522/1647/285/63923/23613/3066/3488/5054/1803/207/10395/2768/1365/23332/6376/406937/5592/25942/9839/10014/90102/225689/5912/11009/6469/134/2932/5770/407050/84034/8751/1605/613/4838/6423/8434/406913/9466/6387/90627/3621/889/23189/8473/4070/93649/406961/57826/2309/3622/114757/4771/406968/56254/406890/7076/4286/574453/8976,Factor6
GO:0001843,neural tube closure,80,0.40714905945461266,1.6809314936835538,0.0010992671211256376,0.012223769260192285,NA,3175,"tags=39%, list=21%, signal=31%",7040/23513/6497/5566/57167/23654/5914/9620/25/9968/7249/2648/9355/5916/65979/57216/51684/6046/5727/652/4524/84678/54910/55764/10395/27443/5076/7248/1856/7289/4522,Factor6
GO:2000047,regulation of cell-cell adhesion mediated by cadherin,16,0.679615825269084,1.9768612523347533,0.0011032458406826666,0.012238583418257856,NA,2512,"tags=50%, list=17%, signal=42%",4851/10076/7422/8728/3169/9647/89780/4855,Factor6
GO:0042330,taxis,394,0.2782535295417475,1.4241668441148385,0.0011046605905976894,0.012238583418257856,NA,3356,"tags=26%, list=22%, signal=21%",55558/7040/23513/6405/9048/2022/23396/4858/177/25865/9564/4363/51157/4851/5872/10501/8740/3690/8061/2260/54437/59341/10500/1948/4015/5159/7249/1954/406941/8828/7422/56413/9353/23768/79890/8729/6810/5580/7477/5365/57715/10371/2321/5328/5293/51176/1960/5155/4192/23765/5355/5880/8817/8398/9647/7162/57449/1435/2668/652/10013/6356/89780/8829/7057/57556/6374/6586/3673/1969/7424/1234/54910/3315/2833/54795/245937/4088/285/4313/3219/5054/6354/64221/2921/1803/65125/3672/1946/5329/6376/101/9423/54915/8792/56920/3148/27237/8633/1890/4233/7226/5156/4046,Factor6
GO:0031100,animal organ regeneration,61,0.4517078890230498,1.760680788559534,0.0011208817036910661,0.012395511978249644,NA,3021,"tags=38%, list=20%, signal=30%",7040/3339/1636/4851/3482/7351/10076/790/1051/55959/2146/5727/471/7298/1459/26019/5469/285/2623/3651/595/5774/2735,Factor6
GO:0045599,negative regulation of fat cell differentiation,50,0.48344525668598254,1.798401306166969,0.0011301982022973232,0.012475649386897375,NA,2418,"tags=32%, list=16%, signal=27%",7040/7041/678/59341/862/7422/1869/4320/7204/171023/338761/8312/25937/89780/2874/4088,Factor6
GO:0060606,tube closure,81,0.4056883552059103,1.679709115034137,0.001140340265022085,0.01256459008644992,NA,3175,"tags=38%, list=21%, signal=30%",7040/23513/6497/5566/57167/23654/5914/9620/25/9968/7249/2648/9355/5916/65979/57216/51684/6046/5727/652/4524/84678/54910/55764/10395/27443/5076/7248/1856/7289/4522,Factor6
GO:0035860,glial cell-derived neurotrophic factor receptor signaling pathway,14,0.7043522123103838,1.9768849243457447,0.001143856521179592,0.012580334403557302,NA,3022,"tags=57%, list=20%, signal=46%",9048/4323/2625/55959/2668/9518/5623/4902,Factor6
GO:0060412,ventricular septum morphogenesis,41,0.5157936544923878,1.841581219351694,0.0011622605626461834,0.012736262565579177,NA,2325,"tags=37%, list=15%, signal=31%",161882/6659/4851/8321/26508/9353/53834/6664/4846/652/23493/5629/6586/4092/407975,Factor6
GO:0046631,alpha-beta T cell activation,167,0.3421527589112219,1.5751273384695703,0.001160602154272468,0.012736262565579177,NA,2607,"tags=25%, list=17%, signal=21%",602/23476/6461/2737/161882/50943/5914/177/2000/3142/10312/25/8943/2033/135/604/2625/6522/2355/864/4602/3561/1051/3718/7535/7297/5971/257101/4221/6046/51176/51043/868/64332/84807/64926/4092/8651/3566/639/84695/80149,Factor6
GO:0060323,head morphogenesis,37,0.5305960835903747,1.8411619510697754,0.001172656453188636,0.01280362399160853,NA,2738,"tags=41%, list=18%, signal=33%",29123/7040/6497/1277/4621/2033/6899/84159/51176/83716/64220/5083/4313/23648/25836,Factor6
GO:1900182,positive regulation of protein localization to nucleus,89,0.40396116743714705,1.7083717045672593,0.0011717976734455142,0.01280362399160853,NA,3490,"tags=43%, list=23%, signal=33%",7040/80279/2316/2737/6934/1387/3728/2033/23435/5347/7016/29775/1029/5580/55929/7297/56257/81603/10155/57506/652/6714/25937/6794/7175/9531/4088/7015/80149/207/84662/5296/10413/142/6469/3320/83667/23607,Factor6
GO:0010719,negative regulation of epithelial to mesenchymal transition,43,0.48708809858570523,1.7489119823785164,0.001176429823520004,0.0128215959246927,NA,3880,"tags=44%, list=26%, signal=33%",399473/153090/2625/200734/406941/7422/114990/693175/3169/55223/4092/10252/406937/2932/693158/80204/6423/90864/147906,Factor6
GO:0048008,platelet-derived growth factor receptor signaling pathway,56,0.45868315265452053,1.732223714664469,0.001181693152483333,0.012855712328550628,NA,2113,"tags=34%, list=14%, signal=29%",5739/9564/5782/25/3690/4643/4015/5159/3092/7422/84159/4035/5155/868/1464/6714/8829/9146/407006,Factor6
GO:0007173,epidermal growth factor receptor signaling pathway,103,0.380364927576624,1.633472200276304,0.001185135207940016,0.01286992774460266,NA,2926,"tags=33%, list=19%, signal=27%",7040/84619/9564/5782/9052/25/6662/8527/153090/64285/9961/23636/3092/92799/4318/6464/4882/9001/5335/868/6714/5753/8440/5170/6654/7879/27/79651/867/55658/207/3672/5329/5774,Factor6
GO:0014033,neural crest cell differentiation,90,0.40450266017618763,1.7109664508264895,0.0012051515617092737,0.013063756227377325,NA,2278,"tags=33%, list=15%, signal=28%",3911/6405/2303/6949/10501/54437/6662/10500/55698/10016/8828/9464/2335/6899/2296/65979/57715/2131/10371/6591/55593/1909/1947/2668/652/8829/57556/6495/9221/54910,Factor6
GO:0001539,cilium or flagellum-dependent cell motility,130,-0.3430740904595446,-1.6136954545116757,0.0012168016099373825,0.013142765776151621,NA,2452,"tags=25%, list=16%, signal=21%",56171/85478/158787/6866/1768/583/345895/29922/120935/221421/152015/84071/154865/54585/64518/9104/10233/83853/79582/7419/84223/83659/64147/644890/6863/80258/219670/135138/8195/585/642987/84217/7846,Factor6
GO:0060285,cilium-dependent cell motility,130,-0.3430740904595446,-1.6136954545116757,0.0012168016099373825,0.013142765776151621,NA,2452,"tags=25%, list=16%, signal=21%",56171/85478/158787/6866/1768/583/345895/29922/120935/221421/152015/84071/154865/54585/64518/9104/10233/83853/79582/7419/84223/83659/64147/644890/6863/80258/219670/135138/8195/585/642987/84217/7846,Factor6
GO:0071824,protein-DNA complex organization,165,0.33196388228882534,1.526257216127016,0.0012209406527658672,0.013163880705223402,NA,3388,"tags=36%, list=23%, signal=28%",4678/6597/10541/51586/6874/23126/10036/8289/9013/81620/81857/7290/1106/4609/6662/11176/9282/3159/6881/23523/11177/83860/29855/6830/7343/1063/6872/6046/8888/10025/6599/64332/2972/11198/80152/138474/152485/9735/9441/23493/1105/9862/401541/54108/1062/5469/546/55355/29028/8208/4171/7157/6602/3148/6837/6598/6878/5893/55723/83743,Factor6
GO:0001885,endothelial cell development,63,0.4380389122672022,1.7227459721757554,0.0012362245558444666,0.01330486678227607,NA,4117,"tags=49%, list=27%, signal=36%",85301/91663/80781/54345/2194/50943/8985/7414/7422/4615/2889/9294/1909/27134/57493/3383/6781/5802/6093/1365/83605/51421/54538/9414/4233/1003/9223/57826/4478/50848/7132,Factor6
GO:0034616,response to laminar fluid shear stress,16,0.6777429000610311,1.971413301985959,0.001240079944568661,0.013322570099670802,NA,3547,"tags=56%, list=24%, signal=43%",7040/1636/5598/4091/6721/10365/4092/7043/406913,Factor6
GO:0033262,regulation of nuclear cell cycle DNA replication,12,0.7265378979909259,1.9400422246106783,0.0012564893200166394,0.01345264925407761,NA,2653,"tags=67%, list=18%, signal=55%",58525/81620/2260/604/80174/546/8317/54617,Factor6
GO:0010171,body morphogenesis,50,0.48006166085348995,1.7858144349948142,0.0012566519877294997,0.01345264925407761,NA,3957,"tags=54%, list=26%, signal=40%",29123/7040/6497/1277/4621/23187/2033/6899/84159/51176/83716/64220/5083/55764/8481/4313/23648/25836/23332/90102/2719/5156/1605/7043/3549/23528/1749,Factor6
GO:0001958,endochondral ossification,27,0.5881210036660041,1.9044038835402777,0.001279457561679123,0.01364552057541436,NA,3957,"tags=67%, list=26%, signal=49%",1277/4209/1305/4323/4322/860/4882/2296/2131/8817/652/249/3636/162466/1280/4665/55512/1749,Factor6
GO:0036075,replacement ossification,27,0.5881210036660041,1.9044038835402777,0.001279457561679123,0.01364552057541436,NA,3957,"tags=67%, list=26%, signal=49%",1277/4209/1305/4323/4322/860/4882/2296/2131/8817/652/249/3636/162466/1280/4665/55512/1749,Factor6
GO:0097186,amelogenesis,22,0.5980865109032789,1.8476128869288782,0.0012814608670457157,0.01364552057541436,NA,1881,"tags=36%, list=13%, signal=32%",56975/7040/10312/54757/6522/6899/1758/26504,Factor6
GO:0043249,erythrocyte maturation,17,0.6564889621540659,1.9311667198662161,0.0012913928001276225,0.013727027171726951,NA,2884,"tags=53%, list=19%, signal=43%",51341/23774/2539/5880/10013/25893/2068/10365/84456,Factor6
GO:1900151,"regulation of nuclear-transcribed mRNA catabolic process, deadenylation-dependent decay",19,0.6378569549338244,1.909429848706197,0.0013109593577053135,0.013890534899465314,NA,1385,"tags=47%, list=9%, signal=43%",3184/10642/677/3192/678/7538/26986/57690/10492,Factor6
GO:1990542,mitochondrial transmembrane transport,81,-0.39143276759744916,-1.702691917966146,0.0013113844960669925,0.013890534899465314,NA,2544,"tags=33%, list=17%, signal=28%",7417/83733/79714/54946/292/80273/10440/10245/9804/29074/10166/8034/5250/119559/8604/115286/84134/57380/84275/7263/27069/788/29103/4190/131118/291/140823,Factor6
GO:0048286,lung alveolus development,52,0.47094160649713585,1.7686658960984354,0.0013331047883676091,0.014095829051739615,NA,3840,"tags=46%, list=26%, signal=34%",7040/4054/1291/3976/1636/2324/2355/83931/4204/3169/171023/342371/2627/652/9394/64220/2200/3488/54206/7043/91461/28511/93649/55512,Factor6
GO:0006935,chemotaxis,392,0.2791126482959864,1.428044753447741,0.001337277864118453,0.014115190345082166,NA,3356,"tags=27%, list=22%, signal=21%",55558/7040/23513/6405/9048/2022/23396/4858/177/25865/9564/4363/51157/4851/5872/10501/8740/3690/8061/2260/54437/59341/10500/1948/4015/5159/7249/1954/406941/8828/7422/56413/9353/23768/79890/8729/6810/5580/7477/5365/57715/10371/2321/5328/5293/51176/1960/5155/4192/23765/5355/5880/8817/8398/9647/7162/57449/1435/2668/652/10013/6356/89780/8829/7057/57556/6374/6586/3673/1969/7424/1234/54910/3315/2833/54795/245937/4088/285/4313/3219/5054/6354/64221/2921/1803/65125/3672/1946/5329/6376/101/9423/54915/8792/56920/3148/27237/8633/1890/4233/7226/5156/4046,Factor6
GO:0045667,regulation of osteoblast differentiation,124,0.36596214874081723,1.6096623002465047,0.0013425650516840242,0.014146223018355969,NA,3493,"tags=36%, list=23%, signal=28%",56975/6497/5566/2737/3611/4851/10312/51564/6662/4091/8321/860/7422/9464/1051/7477/3727/6664/1052/51684/4221/6591/5727/652/25937/7424/54795/93/406992/4088/4041/63923/8994/3488/2201/255743/2735/117581/10413/4086/2932/407050/26271/6423/3199,Factor6
GO:0097084,vascular associated smooth muscle cell development,12,0.724663451162988,1.935036971610053,0.00136047305755691,0.014284967104347556,NA,2034,"tags=58%, list=14%, signal=50%",2022/4851/7422/4776/1311/1909/23493,Factor6
GO:0015670,carbon dioxide transport,14,-0.6889114253036479,-1.9305916643187082,0.0013585909973996538,0.014284967104347556,NA,1388,"tags=36%, list=9%, signal=32%",363/362/3043/760/358,Factor6
GO:0072012,glomerulus vasculature development,27,0.5859234915368329,1.897288084908986,0.0013641886503496239,0.014299069557664666,NA,1945,"tags=44%, list=13%, signal=39%",4854/2828/1958/2303/4851/3690/5159/130497/947/5155/1909/652,Factor6
GO:0048485,sympathetic nervous system development,22,0.5967829153950797,1.8435858108848893,0.0013674637014692494,0.014308513417977719,NA,2018,"tags=50%, list=13%, signal=43%",6405/6659/2625/7021/8828/9464/6664/10371/1909/2668/8829,Factor6
GO:0090497,mesenchymal cell migration,57,0.4454989558769851,1.7041374961221722,0.0013767404068095205,0.014380614266622148,NA,2278,"tags=37%, list=15%, signal=31%",3911/6405/10501/54437/10500/55698/8828/9464/2335/6899/65979/57715/10371/1909/1947/7162/2668/652/8829/57556/54910,Factor6
GO:0009895,negative regulation of catabolic process,303,0.29524348244152476,1.4680409981600995,0.0013793180364934342,0.014382612121013718,NA,3324,"tags=31%, list=22%, signal=25%",2521/8148/3184/80279/6625/11178/2316/57602/2801/221937/5566/5371/340371/9704/2931/23367/10642/10644/2033/3192/23435/3182/153090/7249/7538/1981/10949/26986/7077/5045/9827/863/4615/1029/1869/10919/10492/11180/11187/6872/51684/84074/4248/1994/5970/64784/65110/3607/7186/6599/5476/57521/2668/10013/23185/9261/8241/7874/23274/28996/1459/27074/238/1736/2626/4088/23429/326340/28964/116986/6093/54888/89/56658/207/79660/65125/56478/9683/9967/54502/4234/166863/5774/7078/9759/7248/7157/54922/143941/55625/6469/4233/134,Factor6
GO:0045116,protein neddylation,27,-0.5608409999452723,-1.8880887440196936,0.0013821674138404286,0.014387431784484046,NA,3558,"tags=63%, list=24%, signal=48%",9318/6135/2873/10987/84259/140739/50813/54165/6125/9039/10920/64400/9616/8533/4738/9978/51138,Factor6
GO:0003401,axis elongation,28,0.5566601268022024,1.8234205941065509,0.0014252102101093712,0.01480533663038608,NA,3598,"tags=57%, list=24%, signal=44%",7040/9968/6662/51804/10155/3371/652/89780/6495/5469/5754/10252/10413/6469/6423/157506,Factor6
GO:0090596,sensory organ morphogenesis,259,0.30930260309832486,1.5058978315967417,0.0014272275729640474,0.01480533663038608,NA,3301,"tags=32%, list=22%, signal=26%",1289/23513/6497/6909/2737/6659/2295/4237/4851/7855/2260/6662/1301/25794/11078/2625/1295/10736/5916/7021/7422/1290/170961/6899/5013/7483/57053/65979/6664/9132/3975/130497/116039/2290/9935/668/221935/7020/51804/1909/25987/652/121643/89780/55636/525/5629/1969/6495/64220/84678/28996/1855/55764/5309/80184/340784/4041/10194/2200/2195/5754/639/3066/8557/7528/3167/25836/2201/222662/793/2048/5076/9423/2301/1280/28514/581/1856/84465/3784/4647/5459/9096,Factor6
GO:0021559,trigeminal nerve development,11,0.7513318524270269,1.9456420626186892,0.0014601580658140296,0.015094978838183802,NA,2018,"tags=64%, list=13%, signal=55%",55558/6405/8828/10371/7020/5457/8829,Factor6
GO:0045606,positive regulation of epidermal cell differentiation,24,0.5830830318340694,1.827857746046397,0.001459712505698611,0.015094978838183802,NA,2414,"tags=46%, list=16%, signal=39%",4851/4926/7421/2296/8643/1594/4831/5727/652/2810/5469,Factor6
GO:0007530,sex determination,21,0.6114241748360751,1.8756197321579953,0.0014651693748787928,0.015120849010949459,NA,2624,"tags=48%, list=17%, signal=39%",7536/268/6662/668/51804/6658/3645/3643/2516/4216,Factor6
GO:0043010,camera-type eye development,334,0.2927305845007632,1.4704156507263089,0.001470361898650842,0.015148497714818163,NA,4495,"tags=42%, list=30%, signal=30%",7040/10848/6597/6497/399473/6909/10763/2737/6722/2303/835/775/1282/6659/5914/2295/94137/4851/10312/147912/7855/6662/2625/5159/200734/1295/22899/2916/9355/5916/7021/7422/261734/79147/3299/7483/2296/1813/7477/65979/6664/3975/10319/57381/116039/2321/54567/668/221935/7020/4094/7431/79888/25987/652/121643/8829/55636/5629/1969/64220/6654/84678/28996/582/55764/5309/93/51343/80184/130557/5469/4088/23093/4041/2200/2195/1181/639/2055/3066/3624/7528/2201/793/10252/1417/2048/5076/2301/7475/4810/57835/28514/581/7289/84465/114789/4781/4544/6469/3913/5156/1497/157506/3549/57010/6531/10765/1641/9742/3859/220/284217/5204/357/22901/631/1543/4771/43/112724/5146/4286/5458/90780/10002/10370/7291/23210/50937/5187/182/148398/22882/26160/11023/1746/6015,Factor6
GO:0010595,positive regulation of endothelial cell migration,106,0.3811089351057313,1.6452834036103687,0.0014981860949229498,0.015408818419966927,NA,2770,"tags=33%, list=18%, signal=27%",7040/2303/25865/9564/51157/25/5606/3690/51564/2260/2324/2625/27286/10016/8828/7422/2113/57381/5335/4846/5293/5155/8817/8829/7057/5629/407006/5170/7424/3315/406992/80149/207/949/2896,Factor6
GO:0035710,"CD4-positive, alpha-beta T cell activation",112,0.37276910278233977,1.6236086209559788,0.001508188618432024,0.015443156951763196,NA,2716,"tags=28%, list=18%, signal=23%",602/23476/6461/161882/50943/5914/177/3142/10312/2033/604/2625/864/4602/3561/1051/3718/5971/4221/6046/51176/51043/868/64332/84807/4092/8651/3566/84695/80149/9021,Factor6
GO:0003341,cilium movement,153,-0.32136856383871526,-1.5500905721259475,0.0015075833143011678,0.015443156951763196,NA,2452,"tags=24%, list=16%, signal=20%",56171/85478/158787/6866/1768/583/51364/345895/29922/120935/221421/152015/84071/154865/54585/64518/9104/10233/83853/79582/7419/84223/83659/64147/644890/6863/80258/219670/25876/135138/8195/585/361/642987/8382/84217/7846,Factor6
GO:0046661,male sex differentiation,159,0.33471749069287793,1.5396744371989102,0.0015092117877200137,0.015443156951763196,NA,3490,"tags=29%, list=23%, signal=22%",1822/4678/2316/7536/5914/9667/1636/5872/2175/4323/268/10046/9985/6662/2625/84159/57647/51804/6382/152006/23598/2627/3643/599/7022/54106/3625/2626/867/2516/10018/259266/546/3624/1718/3640/2623/3148/581/6469/5156/3293/8751/6423/51665/23607,Factor6
GO:0007076,mitotic chromosome condensation,17,0.653342682296609,1.9219114371388877,0.0015308531389150641,0.01563805401396795,NA,4523,"tags=76%, list=30%, signal=54%",5347/148479/10051/9031/10270/26993/9918/23397/113130/10592/51203/5119/23310,Factor6
GO:0060294,cilium movement involved in cell motility,128,-0.33944015123779187,-1.601036721567967,0.0015359474561192448,0.01566354537737849,NA,2452,"tags=25%, list=16%, signal=21%",56171/158787/6866/1768/583/345895/29922/120935/221421/152015/84071/154865/54585/64518/9104/10233/83853/79582/7419/84223/83659/64147/644890/6863/80258/219670/135138/8195/585/642987/84217/7846,Factor6
GO:0046824,positive regulation of nucleocytoplasmic transport,60,0.4449510141024764,1.7297708044743771,0.0015561076548036101,0.015736008113257312,NA,3328,"tags=38%, list=22%, signal=30%",7040/10541/2316/5566/2737/3728/2033/23435/2010/5580/55929/10657/10155/57506/7175/9531/2810/4088/80149/5296/6469/3320/2932,Factor6
GO:0001658,branching involved in ureteric bud morphogenesis,60,0.44469347026512107,1.728769589067265,0.0015561076548036101,0.015736008113257312,NA,3270,"tags=42%, list=22%, signal=33%",7040/3911/2737/3611/4609/6662/10736/8642/7422/3975/51804/5727/5311/2668/652/6495/9953/2297/9955/255743/5076/7475/6299/2719/6469,Factor6
GO:0072538,T-helper 17 type immune response,48,0.46977988553092054,1.725905258739398,0.0015467005932838665,0.015736008113257312,NA,2816,"tags=35%, list=19%, signal=29%",23476/50943/4851/2033/3718/64170/7297/6046/51043/23765/64332/84807/4092/84695/80149/9021/2048,Factor6
GO:0006575,cellular modified amino acid metabolic process,150,-0.32914787693239206,-1.5848278611669337,0.0015483295138859394,0.015736008113257312,NA,2709,"tags=29%, list=18%, signal=24%",2346/8876/2954/10588/23657/57515/23474/10797/2936/34/6583/8836/129642/2593/11315/8034/494143/27306/1160/2941/29958/84879/6647/4258/3029/55217/2628/2739/10550/223/2348/2950/441024/8875/53919/10840/2876/6506/8424/9446/4693/2947/1428,Factor6
GO:0007059,chromosome segregation,350,0.2834795031927466,1.4267510997783714,0.0015515791886897621,0.015736008113257312,NA,4282,"tags=37%, list=29%, signal=27%",6597/4439/2316/2801/29082/1453/8289/4288/85378/81620/29882/55201/55559/8243/23212/3192/57519/146909/4926/9985/7150/29128/5347/23636/90990/55755/57492/55743/9639/54892/10460/10919/3619/79677/1063/148479/10051/100130958/55920/23354/55835/23137/348654/9126/898/3833/9928/51547/6599/80152/9031/9700/9735/10270/256364/7175/729440/26993/4605/990/2068/1459/401541/7156/256126/22974/1062/3832/9493/259266/9400/60/24137/10664/84445/55355/29893/54617/203068/25836/23332/81610/8379/129563/128866/1778/10615/26065/80254/6602/9918/225689/245711/93323/55193/6598/8658/701/27436/3837/55143/26271/7329/1104/23397/9611/6595/113130/10592/991/1654/55274/10783/10734/8110/10426/57520/9113/11130/83990/10726/10403/10844/7155/10388/51203/163786/5119,Factor6
GO:0016032,viral process,384,0.2794821645581541,1.4262483505320693,0.0015600030803626101,0.015748975821349164,NA,3111,"tags=28%, list=21%, signal=22%",23476/6597/29801/29082/3054/22880/2931/23367/4851/3609/3482/2033/5725/3690/23435/89849/1948/5093/290/8091/7538/26986/5045/8661/104/8662/339122/9150/23076/23089/219931/3725/3949/5817/2192/7023/3678/79677/8812/55223/6510/81603/9830/81559/51176/857/23137/6614/11282/10155/4261/6483/25833/131578/2332/57506/3643/7726/6714/6482/6487/3383/8829/90678/5629/51114/3673/25893/1969/407006/7913/1105/7293/84875/10614/7879/63901/1234/222537/1025/27074/53349/7342/407007/867/3428/54737/636/3916/80149/1803/207/79720/949/9683/29969/53373/128866/5094/10738/9080/30835/55048/11060/6541/7157,Factor6
GO:2000179,positive regulation of neural precursor cell proliferation,61,0.4445588963099114,1.7328152266921109,0.0015692282927024601,0.015815616923273792,NA,3270,"tags=44%, list=22%, signal=35%",2316/10763/2737/4851/63925/9355/7422/1813/284403/3975/54567/2290/4192/89780/5629/7424/2787/145864/5309/63950/259266/176/64211/6376/644943/2771/6469,Factor6
GO:0098712,L-glutamate import across plasma membrane,17,-0.6402678551164864,-1.8872810418423769,0.0015837469095260654,0.01583664609009549,NA,2396,"tags=47%, list=16%, signal=40%",23657/23204/246213/3766/477/10550/6507/6506,Factor6
GO:0001938,positive regulation of endothelial cell proliferation,92,0.3965838190568758,1.6896705651745454,0.0015798573098390438,0.01583664609009549,NA,2231,"tags=25%, list=15%, signal=21%",3339/25865/51157/3690/3481/2260/2324/10016/8828/7422/5365/5335/5293/1960/5155/4192/57521/652/6356/8829/5629/5170/441478,Factor6
GO:0042274,ribosomal small subunit biogenesis,91,-0.37481547774796414,-1.6448985600741894,0.0015844528940314553,0.01583664609009549,NA,1559,"tags=27%, list=10%, signal=25%",6203/6223/2197/404672/29777/55272/6227/6230/6194/6206/10436/51504/51065/6202/3921/6193/6207/6232/6210/51081/6205/6233/6201/6208/6189,Factor6
GO:0030183,B cell differentiation,129,0.3594592197975709,1.5961941148886472,0.0015748098423954684,0.01583664609009549,NA,3217,"tags=33%, list=21%, signal=26%",602/51341/6929/84447/23529/10312/677/25/4323/2033/678/604/2355/3561/3589/3718/5293/259307/2146/64332/7922/6688/6482/54106/2874/1316/5079/407975/79840/3624/5591/7528/3175/359948/10014/9759/939/5296/28514/7157/581/56262,Factor6
GO:0007051,spindle organization,175,0.3270303675911817,1.5197777740298923,0.0015840018561175475,0.01583664609009549,NA,3487,"tags=35%, list=23%, signal=27%",4627/2316/2801/29082/1453/5310/85378/3611/55201/55559/8243/5116/3192/57519/4926/29128/5347/23636/90990/1107/9639/10460/284403/3619/23354/55835/9126/3833/83541/9700/256364/7175/729440/4605/10579/22974/1062/3832/9493/259266/24137/546/84445/54617/203068/23332/6905/128866/1778/10615/26065/80254/225689/93323/1263/8658/3837/55143/26271/55722/1104,Factor6
GO:0031579,membrane raft organization,28,0.5537619907059248,1.8139273310039217,0.001591899662119236,0.01588473388012026,NA,2134,"tags=36%, list=14%, signal=31%",374887/91663/1291/3611/10347/4034/27040/81035/857/11252,Factor6
GO:0035767,endothelial cell chemotaxis,26,0.5623352184556315,1.8024163693601598,0.0015962923024947099,0.015902237532455562,NA,2315,"tags=46%, list=15%, signal=39%",25865/4851/5872/2260/406941/7422/1960/8817/57449/8829/7057/3315,Factor6
GO:0048841,regulation of axon extension involved in axon guidance,16,0.6700178947891415,1.9489428664424167,0.0015992704597754836,0.015905615612321518,NA,2018,"tags=50%, list=13%, signal=43%",55558/6405/1954/7422/10371/10013/89780/8829,Factor6
GO:0019083,viral transcription,52,0.46593945983154106,1.74987985958634,0.0016139091175670721,0.0160048707597631,NA,2327,"tags=38%, list=15%, signal=33%",23476/6597/2033/23435/8091/7538/9150/23076/3725/7023/55223/81603/9830/81559/51176/25833/1105/10614/1025/7342,Factor6
GO:0098773,skin epidermis development,121,0.36542344763520535,1.606158959457022,0.0016145613774574358,0.0160048707597631,NA,2616,"tags=25%, list=17%, signal=21%",3911/54345/1291/6722/64434/2736/4851/1364/4926/6662/51588/6615/9355/114803/2131/11187/5970/64332/2627/7922/84283/6654/2068/10468/2810/239/3066/3488/3624/54888,Factor6
GO:0046822,regulation of nucleocytoplasmic transport,112,0.3713841163791383,1.617576265142794,0.0016276453432391006,0.016108076327917994,NA,2734,"tags=31%, list=18%, signal=26%",7040/10541/2316/5566/2737/3728/2033/283131/23435/8021/1029/2010/5580/6830/55929/57187/51684/10657/10155/51547/57506/5905/652/7175/26993/8241/9531/5784/55677/2810/4088/80149/54888/65125/29969,Factor6
GO:0030220,platelet formation,24,0.5783777282509532,1.8131074872799127,0.0016304372703269644,0.01610925480042724,NA,563,"tags=29%, list=4%, signal=28%",4627/87/161882/6722/23218/4237/2033,Factor6
GO:0070670,response to interleukin-4,35,0.5216452504497471,1.8036729561991225,0.0016354171837830562,0.01613201205672746,NA,3439,"tags=40%, list=23%, signal=31%",11093/5371/2194/2625/3309/3561/3718/51176/6356/3566/285180/4171/11009/6778,Factor6
GO:0060395,SMAD protein signal transduction,87,0.39674837001231883,1.672264802578624,0.0016468331750458516,0.016218077689544686,NA,2578,"tags=26%, list=17%, signal=22%",7040/6497/57178/2022/5371/11117/268/4091/8483/860/56937/3725/4035/11030/652/25937/1601/25970/28996/4092/9518/4088/3624,Factor6
GO:0006779,porphyrin-containing compound biosynthetic process,30,-0.5238715895782062,-1.7985083402580306,0.0016641291052555674,0.016335026249796915,NA,3611,"tags=40%, list=24%, signal=30%",22/1355/4891/5498/2235/706/7390/8803/7389/81853/28978/51522,Factor6
GO:0033014,tetrapyrrole biosynthetic process,30,-0.5238715895782062,-1.7985083402580306,0.0016641291052555674,0.016335026249796915,NA,3611,"tags=40%, list=24%, signal=30%",22/1355/4891/5498/2235/706/7390/8803/7389/81853/28978/51522,Factor6
GO:0090263,positive regulation of canonical Wnt signaling pathway,102,0.379103123531397,1.6289852264523772,0.0017089288355355411,0.016741078511270116,NA,3531,"tags=36%, list=24%, signal=28%",7040/1277/1453/6659/3611/1454/84327/3728/1613/57664/63977/6907/8629/139886/1455/55959/343637/51339/6714/89780/441478/54795/4088/259266/5754/23394/9679/65125/79705/406937/9839/10413/2719/53944/8658/6423/8434,Factor6
GO:0034284,response to monosaccharide,185,0.3322629325200416,1.549227101355204,0.0017110509976675614,0.016741078511270116,NA,3416,"tags=34%, list=23%, signal=27%",7040/6597/1277/55107/5566/1958/6722/6659/6934/1292/177/1636/84327/7351/10723/9230/8660/1293/2696/4825/65010/6810/5127/125111/389692/3480/23098/8398/111/57521/2081/51085/3383/7057/3673/5211/407006/51092/8609/9854/9572/9462/54795/93/415116/2626/7776/4088/4041/285/5122/3651/1946/5076/1392/2646/25942/10497/6598/8111/5007/2030/83667,Factor6
GO:0006022,aminoglycan metabolic process,112,0.3701939149867874,1.6123923021295743,0.0017172380519157788,0.016774382072765638,NA,3276,"tags=36%, list=22%, signal=28%",7040/3425/3038/54982/9469/126792/79586/55501/2296/2131/11227/6448/5155/3340/1909/64131/6483/160/8509/54480/6482/6487/960/8534/9953/3373/3700/93010/1116/9955/22856/9435/10057/3037/374907/2990/166012/27087/84752/56548,Factor6
GO:0040037,negative regulation of fibroblast growth factor receptor signaling pathway,21,0.6069775382039075,1.8619791210204553,0.0017737917030456792,0.01727849844260397,NA,3412,"tags=52%, list=23%, signal=41%",2817/2625/90993/81848/406941/55959/7057/8481/10252/387914/693158,Factor6
GO:0032885,regulation of polysaccharide biosynthetic process,34,0.5252822792151761,1.8058981991175411,0.0017774463305814604,0.01727849844260397,NA,3840,"tags=56%, list=26%, signal=42%",7040/2931/3481/8660/3667/23178/5155/160/3643/90673/2887/53632/8445/207/79660/3037/2932/208/55512,Factor6
GO:0001558,regulation of cell growth,359,0.276561961875413,1.3976079988074754,0.0017749207016383944,0.01727849844260397,NA,3882,"tags=35%, list=26%, signal=26%",8425/55558/7040/6548/112398/6597/6405/984/5371/623/6722/84687/29882/9564/2931/25/10298/4323/10500/8408/11054/604/4881/1154/1954/2539/8877/728642/1981/4825/9150/7422/55210/4204/2335/9353/57154/131566/3984/2017/1029/2803/55384/3487/8643/84260/1594/10371/80128/400410/59284/9792/23677/9928/23499/6494/57521/55615/3371/6794/10013/393/1002/89780/8829/6586/1601/84678/60676/3373/4092/1382/22883/9344/2810/4088/29948/7373/3488/3624/23394/5802/54617/7528/207/84289/64321/1946/57611/23025/3475/9423/10110/56848/25942/7349/56920/7157/9746/10413/11007/2932/1785/53335/8751/9826/83667/6423/8482/84258/6197/64061/6387/3621/27086/6595/2100/2064/93649/10038/1654/2137/147906/123879,Factor6
GO:1901661,quinone metabolic process,22,-0.5811447920396313,-1.8284150765390301,0.001788642052140131,0.01735933276690591,NA,4137,"tags=77%, list=28%, signal=56%",57107/27235/84816/127/2820/23590/1728/90956/57017/4835/56910/10229/9946/51805/4704/84274/2819,Factor6
GO:0070167,regulation of biomineral tissue development,85,0.40742889598252086,1.7154551724686635,0.0018219307468659168,0.017653981690290806,NA,3511,"tags=40%, list=23%, signal=31%",56975/7040/4054/4851/6662/7421/6522/54880/1051/1311/130497/1594/116039/4846/1758/7020/652/6256/23493/54795/93/4088/6093/387733/89/2623/2201/162466/7475/166929/9365/56172/26271/91461,Factor6
GO:1905330,regulation of morphogenesis of an epithelium,63,0.42990593451991077,1.690760104565449,0.0018364964601327084,0.01776655564240744,NA,2119,"tags=33%, list=14%, signal=29%",7040/6909/3976/25/2260/6662/85474/2625/388591/10736/7422/79812/3975/5293/6591/4192/51804/81792/2668/652/6495,Factor6
GO:0042113,B cell activation,237,0.3163696700246299,1.5299944562721108,0.0018594421541462025,0.017959708113844813,NA,3816,"tags=35%, list=25%, signal=26%",602/7040/51341/6461/6929/84447/50943/115650/22976/23529/10312/677/148022/25/4323/2033/678/8660/604/2355/3561/5074/3589/1029/3718/5580/6830/7535/5293/259307/51176/2146/165918/64332/23495/7922/6688/6482/89780/54106/2874/7293/7128/1316/5079/30011/970/407975/79840/79915/200081/27242/3624/5585/5591/7528/55122/3175/2048/374403/359948/10014/9759/939/5296/28514/7157/581/115350/56262/3676/6778/84433/3596/118460/9466/4773/3623/5450/406961/9156/933,Factor6
GO:2000321,positive regulation of T-helper 17 cell differentiation,11,0.7441739656872013,1.9271060648761764,0.0018675767488967735,0.018009416104961366,NA,2185,"tags=45%, list=15%, signal=39%",23476/2033/6046/64332/84807,Factor6
GO:0009065,glutamine family amino acid catabolic process,23,-0.5767066657282444,-1.8276083165614676,0.0018828920734743656,0.01807036708093949,NA,4707,"tags=70%, list=31%, signal=48%",23576/383/4842/8659/2747/2184/5625/2571/80150/384/2752/2572/4942/2805/2746/1610,Factor6
GO:0022617,extracellular matrix disassembly,51,0.4663094596363836,1.7458078654735645,0.001880597575813425,0.01807036708093949,NA,2893,"tags=41%, list=19%, signal=33%",7040/2022/285590/4323/3915/6624/170689/4324/4322/5045/9507/164656/4318/4035/4320/2264/4327/4313/1803/23332/101,Factor6
GO:0070482,response to oxygen levels,316,0.2876208808572937,1.4388556057685784,0.001877787855447522,0.01807036708093949,NA,4032,"tags=37%, list=27%, signal=28%",7040/6548/3339/112398/1277/2022/1291/1958/5371/3976/6722/6659/7352/177/4017/3291/1636/4851/1387/677/7351/5467/4323/2033/4609/59341/6649/2355/84069/4049/7422/4000/114990/863/4602/4204/9361/1788/1813/3297/5328/857/126374/1909/9124/9777/3099/2627/57521/7515/6714/4524/7057/6781/3673/7424/5740/2068/28996/768/29904/406992/4088/867/285/7015/8614/8994/3066/5351/4313/3624/1803/207/1365/2034/378938/537/406937/406900/101/9839/7248/3777/7157/9131/5327/1263/5664/134/5770/9463/2030/824/6261/8751/3654/7043/10631/27113/27035/6387/405/6839/22937/4929/93649/10038/51129/4352/1139/430/2309/114757/1543/5034/5024/10525,Factor6
GO:0032239,regulation of nucleobase-containing compound transport,17,0.6484242834940739,1.9074431846166822,0.0019079914210885706,0.018166610260506817,NA,4145,"tags=71%, list=28%, signal=51%",283131/6830/57187/10657/7175/26993/55677/54888/65125/134/8737/9972,Factor6
GO:0006783,heme biosynthetic process,27,-0.5510714724997468,-1.8551993247260112,0.001899229531812538,0.018166610260506817,NA,3611,"tags=41%, list=24%, signal=31%",22/1355/4891/5498/2235/706/7390/7389/81853/28978/51522,Factor6
GO:2000316,regulation of T-helper 17 type immune response,34,0.5233011825386382,1.799087272760416,0.0019078975726204669,0.018166610260506817,NA,2816,"tags=41%, list=19%, signal=34%",23476/50943/2033/3718/64170/7297/6046/51043/64332/84807/4092/84695/80149/2048,Factor6
GO:0014037,Schwann cell differentiation,45,0.47484275992439173,1.7096089144855666,0.0019045267288525863,0.018166610260506817,NA,3835,"tags=49%, list=26%, signal=37%",6497/1291/2817/3611/9968/1959/5454/9639/5970/6654/23405/207/8506/3913/3691/4665/1605/57716/2064/208/5605/5453,Factor6
GO:0003158,endothelium development,136,0.3467452803025629,1.5507273419100283,0.0019025910387464057,0.018166610260506817,NA,4135,"tags=43%, list=28%, signal=31%",23135/85301/91663/80781/54345/2194/2303/50943/25865/4851/8985/7414/8321/7422/4615/2889/9294/55810/947/54567/7026/1909/81792/27134/652/57493/3383/8829/23493/5629/6781/93/7498/4855/5802/6093/1365/64321/83605/51421/54538/9414/28514/4233/1003/2535/23607/9223/90627/889/27086/56033/57826/4478/2702/50848/7132/574453,Factor6
GO:0007623,circadian rhythm,185,0.33032139357771423,1.5401743769812366,0.001915787423990648,0.018212067514813305,NA,3328,"tags=29%, list=22%, signal=23%",3184/10743/1815/9112/1291/4862/1958/5371/1453/22809/1454/6421/10514/2033/3192/135/1364/23435/22992/7150/463/8553/7166/23373/8914/2063/1813/5971/1960/2146/2767/7298/10075/5629/7874/54551/9572/80045/3066/5591/9967/5592/7071/1392/25942/8792/10887/7157/114781/4544/142/134/2932,Factor6
GO:0019886,antigen processing and presentation of exogenous peptide antigen via MHC class II,20,-0.5880191652555172,-1.807750896752993,0.0019254767425770079,0.018275351696868704,NA,3915,"tags=45%, list=26%, signal=33%",3108/3111/3115/3113/567/3109/8722/1520/3122,Factor6
GO:0043370,"regulation of CD4-positive, alpha-beta T cell differentiation",56,0.4498586688768246,1.6988979210726773,0.0019287450729372903,0.018277588922316117,NA,2607,"tags=36%, list=17%, signal=30%",23476/6461/50943/5914/3142/2033/604/2625/864/3561/3718/6046/51043/64332/84807/4092/8651/3566/84695/80149,Factor6
GO:0001886,endothelial cell morphogenesis,12,0.7108921909732513,1.898264180640623,0.001933238944619043,0.0182914146298571,NA,3555,"tags=75%, list=24%, signal=57%",85301/80781/8985/57493/6781/51421/4233/1003/9223,Factor6
GO:0032956,regulation of actin cytoskeleton organization,300,0.2929507833210825,1.452253019343197,0.0019812089712275644,0.018715903557348795,NA,4090,"tags=38%, list=27%, signal=28%",64857/7040/6548/91663/2316/10174/85358/55114/9620/29109/51466/25/1613/25959/3690/11346/6840/11135/6624/1857/5829/11078/8558/5159/2006/7016/6522/23616/22899/80115/2041/406941/10677/9353/51332/11211/4035/3984/2017/9639/5580/64411/54434/89848/130271/382/200539/2314/9647/23370/116985/8440/6356/54961/8829/57731/5629/54551/10391/10458/8936/10163/27/9788/9344/114822/4088/123720/57026/88/6712/6093/55971/10395/7454/1946/23332/6376/148170/90167/5296/7248/90102/11214/27237/1856/57704/4703/11132/4233/7226/9463/5156/8500/7043/23607/50944/6387/391/246/23189/79933/4070/832/9026/390/1236/4771/5921/81873/9113/93661/50848,Factor6
GO:0009394,2'-deoxyribonucleotide metabolic process,41,-0.4905296680317784,-1.823385545194422,0.001998960762935114,0.018837732950496778,NA,3559,"tags=51%, list=24%, signal=39%",30833/129607/252969/4860/79873/23583/51733/7374/50484/56953/26289/4913/9519/1633/1841/132/79077/1716/151531/84618/2987,Factor6
GO:0030509,BMP signaling pathway,149,0.3397665343657682,1.5458125636731117,0.0020003565767907645,0.018837732950496778,NA,2476,"tags=25%, list=16%, signal=21%",6497/2022/1958/348093/3611/4851/25/375616/4926/4091/1954/8321/860/7021/25884/164656/57154/6664/1311/94031/2131/63893/51176/857/2627/652/644815/23090/10468/3675/28996/4092/93/2626/406992/2200/2297,Factor6
GO:0032965,regulation of collagen biosynthetic process,33,0.5271588175222366,1.794370933942098,0.002045590059582547,0.019144054796745358,NA,3641,"tags=55%, list=24%, signal=41%",7040/2022/4851/11117/90993/406941/4602/4261/7431/652/3673/3066/3624/406937/7349/2149/7043/3549,Factor6
GO:0071353,cellular response to interleukin-4,32,0.5289176687601156,1.7871381135621036,0.002038349032822963,0.019144054796745358,NA,3439,"tags=41%, list=23%, signal=31%",11093/5371/2194/2625/3309/3561/3718/51176/3566/285180/4171/11009/6778,Factor6
GO:0000725,recombinational repair,145,0.34146668455855445,1.5411329130183675,0.0020424352750080463,0.019144054796745358,NA,3760,"tags=39%, list=25%, signal=29%",2521/9401/57634/23126/8295/126549/1387/6421/25/9985/8438/29128/5347/1108/51588/7516/8914/55929/4172/79677/65123/4176/23137/348654/7515/55159/4173/7156/51750/84515/23503/55658/84296/9400/60/135458/23613/8317/4174/54617/7528/7454/25836/4175/10721/353497/4171/1111/142/5893/54799/29935/27336/23347/56893/2237,Factor6
GO:0098813,nuclear chromosome segregation,264,0.2984647016626086,1.4533738338517248,0.002042641807544698,0.019144054796745358,NA,4387,"tags=39%, list=29%, signal=28%",6597/4439/2316/2801/29082/8289/81620/29882/55201/8243/23212/3192/146909/4926/9985/29128/5347/23636/90990/55755/57492/55743/9639/54892/10460/10919/3619/1063/148479/10051/100130958/55920/348654/9126/898/3833/9928/51547/6599/9031/9700/9735/10270/256364/7175/729440/26993/4605/990/256126/22974/1062/3832/9493/259266/60/24137/29893/54617/25836/23332/81610/8379/129563/128866/1778/10615/26065/6602/9918/225689/245711/55193/6598/701/27436/3837/55143/26271/1104/23397/6595/113130/10592/991/55274/10783/10734/8110/57520/9113/11130/83990/10726/10403/7155/10388/51203/5119/7013/2491/7517,Factor6
GO:0071711,basement membrane organization,37,0.5176496541748749,1.796237998595918,0.0020602275555366267,0.019191640613940106,NA,3983,"tags=62%, list=27%, signal=46%",3912/7837/1291/1282/8985/23187/3915/4811/79147/23768/4320/2131/1281/857/22795/23332/83872/90102/3913/1605/284217/29954/858,Factor6
GO:0006637,acyl-CoA metabolic process,84,-0.37857794989940863,-1.64195405486211,0.0020573900670870188,0.019191640613940106,NA,3316,"tags=39%, list=22%, signal=31%",3295/2182/1737/122970/8801/55711/128486/51268/254552/84869/6296/2639/10005/27010/6622/51703/8050/84693/5162/80221/57678/283927/51144/23205/79717/79993/38/8803/54988/54995/5538/8802/23305,Factor6
GO:0035383,thioester metabolic process,84,-0.37857794989940863,-1.64195405486211,0.0020573900670870188,0.019191640613940106,NA,3316,"tags=39%, list=22%, signal=31%",3295/2182/1737/122970/8801/55711/128486/51268/254552/84869/6296/2639/10005/27010/6622/51703/8050/84693/5162/80221/57678/283927/51144/23205/79717/79993/38/8803/54988/54995/5538/8802/23305,Factor6
GO:0007269,neurotransmitter secretion,134,-0.3342606396247608,-1.5909973049145092,0.002089066267519643,0.01940031185568704,NA,2734,"tags=31%, list=18%, signal=26%",127833/116841/4208/5217/7476/5579/79772/815/140679/6857/5028/26059/8773/22895/6622/10675/5908/3764/93664/25953/9783/10814/63908/140730/785/1020/9581/5799/143425/23208/9899/55327/6623/6854/6860/6616/5538/6855/9378/440279/23557/22999,Factor6
GO:0099643,signal release from synapse,134,-0.3342606396247608,-1.5909973049145092,0.002089066267519643,0.01940031185568704,NA,2734,"tags=31%, list=18%, signal=26%",127833/116841/4208/5217/7476/5579/79772/815/140679/6857/5028/26059/8773/22895/6622/10675/5908/3764/93664/25953/9783/10814/63908/140730/785/1020/9581/5799/143425/23208/9899/55327/6623/6854/6860/6616/5538/6855/9378/440279/23557/22999,Factor6
GO:0016082,synaptic vesicle priming,25,-0.5560532959145625,-1.8187642083171962,0.0020939496881569883,0.019415745800803335,NA,2721,"tags=48%, list=18%, signal=39%",116841/26059/8773/22895/6622/9783/63908/140730/6616/6855/440279/22999,Factor6
GO:0040013,negative regulation of locomotion,321,0.2907624599997819,1.4560154817523714,0.0021000911866115445,0.01944277969540365,NA,4158,"tags=36%, list=28%, signal=27%",55558/25930/7040/6915/6405/2022/6722/9231/4851/23309/11117/51466/3728/1265/10076/153090/2625/7414/79595/1009/54328/2041/406941/104/29775/4204/9353/79812/4035/482/79890/1813/2192/2796/22846/5365/1281/83481/10221/127435/54567/7026/23598/11188/652/10013/393/89780/8829/7057/401720/6781/407006/4092/9518/57522/1647/285/63923/23613/3066/3488/5054/1803/207/10395/2768/1365/7454/23332/6376/406937/5592/25942/9839/10014/90102/225689/5912/11009/6469/134/2932/5770/407050/84034/8751/1605/613/4838/6423/6406/8434/406913/9466/6387/90627/3621/889/23189/8473/4070/93649/406961/57826/2309/3622/114757/4771/406968/56254/406890/7076/4286/574453/8976,Factor6
GO:0035914,skeletal muscle cell differentiation,69,0.41011420786892105,1.629567861450987,0.002104566306721128,0.019454326887435952,NA,2340,"tags=32%, list=16%, signal=27%",283149/59269/1291/1958/607/2817/688/4209/4851/1959/26508/79147/6899/2010/6664/221496/51804/89780/23764/6495/5079/63950,Factor6
GO:0045589,regulation of regulatory T cell differentiation,32,0.5277473535037374,1.7831837835725994,0.0021361877471046163,0.01971639135038212,NA,1735,"tags=31%, list=12%, signal=28%",6666/7040/50943/2175/604/2648/3561/259307/4192/3902,Factor6
GO:0009636,response to toxic substance,224,-0.2937699570101259,-1.4966847749111671,0.0021409569291110306,0.01973019481919294,NA,2764,"tags=25%, list=18%, signal=21%",670/7097/55244/241/2954/4155/2235/4067/23657/10314/407046/6280/27429/23530/26034/2053/2936/5446/5445/10327/11315/8303/4489/11185/2882/10549/3747/7274/2098/216/3043/65018/6647/847/2879/4258/4151/5052/6565/4493/2950/127700/25824/128/2876/27244/7001/4501/4499/10935/84817/4259/9446/4504/9429/2560/2947,Factor6
GO:0071229,cellular response to acid chemical,77,0.4152162381145338,1.6876656309678661,0.0021507907937907775,0.01973031372020855,NA,2571,"tags=34%, list=17%, signal=28%",2906/3184/1277/1291/1278/1786/1282/2033/7422/1290/1051/1788/1281/3297/23677/6494/5311/1307/57521/599/6495/10365/10458/8651/80339/4313,Factor6
GO:0007405,neuroblast proliferation,78,0.4021102862047474,1.6382494892225241,0.002145144585285109,0.01973031372020855,NA,2866,"tags=33%, list=19%, signal=27%",7040/9048/2737/9253/23654/7005/4851/2260/63925/80709/7422/1813/284403/51176/2290/9181/89780/5629/7424/145864/63950/259266/176/64211/8650/6376,Factor6
GO:0048839,inner ear development,176,0.33239805634569586,1.5442442350582035,0.002149772430366966,0.01973031372020855,NA,3483,"tags=36%, list=23%, signal=28%",7040/23513/10541/6909/2737/3714/4851/2260/6662/1301/11078/2625/8642/170961/6899/5013/57053/9132/9481/1052/2290/9935/7020/51804/4094/25987/652/89780/55636/23493/525/5629/9261/6495/1855/80184/340784/5754/8557/3167/27443/222662/793/2048/5205/83605/5076/9423/1280/4171/3777/28514/1856/54845/3784/4647/6469/5459/9096/613/9321/2535/7043,Factor6
GO:0046660,female sex differentiation,117,0.3475678632190453,1.5175663378428437,0.0021547262846516135,0.0197363758626068,NA,2578,"tags=26%, list=17%, signal=22%",6874/835/9510/4851/2175/4323/268/7422/9353/84159/4882/1051/2189/2296/2796/3975/4846/668/7026/3643/6714/55636/6586/431707/64220/3625/10468/149986/2516/4313/3624,Factor6
GO:0060443,mammary gland morphogenesis,45,0.4712208568743354,1.6965687288401865,0.0021649688685200486,0.019800102231517954,NA,3812,"tags=47%, list=25%, signal=35%",7040/23513/6909/5371/2737/7421/857/5727/1435/652/6714/6356/1969/5469/4041/3488/9423/581/6778/10765/64065,Factor6
GO:0044743,protein transmembrane import into intracellular organelle,32,-0.5070690827953253,-1.7702959521306438,0.0021715756547584404,0.019830434047316846,NA,3885,"tags=53%, list=26%, signal=39%",134266/5192/51555/9409/5194/5193/4591/80273/10440/10245/9804/5191/84134/3312/29103/131118/140823,Factor6
GO:0170040,proteinogenic amino acid catabolic process,63,-0.4050086947821351,-1.6773503345542504,0.002207112754077402,0.020117280867880387,NA,2623,"tags=51%, list=17%, signal=42%",23576/3242/144193/383/4842/8659/2747/131669/2184/3034/5625/549/2954/2571/80150/51268/384/3155/5053/2752/56922/23464/10993/2572/4942/2805/54511/2746/8528/1036/3176/1610,Factor6
GO:0050772,positive regulation of axonogenesis,73,0.4134844217749808,1.6630830819250366,0.0022118051266291397,0.020117280867880387,NA,2904,"tags=36%, list=19%, signal=29%",55558/5361/23129/6722/23654/29882/1954/7422/2335/9353/57154/3984/2803/5365/23499/5362/6794/1002/89780/8829/1382/22906/23394/1946/57611/9423,Factor6
GO:0033077,T cell differentiation in thymus,82,0.3961557264910049,1.651265584721094,0.002213001031260112,0.020117280867880387,NA,4395,"tags=48%, list=29%, signal=34%",2737/6722/8325/50943/3714/2736/677/7855/25/678/2625/3561/1029/7535/1960/9935/652/6794/6654/326/1209/5591/8324/101/8772/916/7157/6469/80758/84433/3549/2064/1236/6693/3604/22890/9760/23210/1235,Factor6
GO:0048545,response to steroid hormone,302,0.29485218577512023,1.4639260074379854,0.0022272388496624826,0.020216217691138225,NA,2580,"tags=24%, list=17%, signal=20%",9612/6294/7040/112398/6597/51341/1277/57178/6339/6909/84687/7352/2931/3291/9667/1636/677/7351/5467/2033/25959/3192/8061/1364/678/10076/4015/790/2355/7538/26508/49/56937/79147/1829/9353/3725/20/7477/3727/2796/55809/7023/64170/3169/81285/133522/857/6382/5970/3480/10498/7298/6714/10013/6256/7057/6781/6586/79039/1601/81606/9572/249/92595/5469/10018/6338/5122/5069/3624/5585,Factor6
GO:0030278,regulation of ossification,111,0.3730660874784918,1.6210882896970655,0.002235802882159045,0.02026343454251513,NA,2768,"tags=31%, list=18%, signal=25%",56975/7040/4054/4851/6662/7421/4091/10736/1959/860/7166/54880/6664/1311/130497/1594/116039/4192/7020/1435/652/83999/6256/79412/4092/54795/93/4088/387733/89/22856/2623/25836/2201,Factor6
GO:0008585,female gonad development,98,0.38034922136453,1.6279265154186435,0.002240272643919073,0.020273458295646026,NA,2578,"tags=29%, list=17%, signal=24%",6874/835/9510/4851/2175/4323/268/7422/9353/84159/4882/1051/2189/2296/2796/4846/668/7026/3643/6714/6586/431707/3625/10468/149986/2516/4313/3624,Factor6
GO:0032204,regulation of telomere maintenance,99,0.3827000525499833,1.638214756621625,0.0022438859868931364,0.020275713407803497,NA,3294,"tags=40%, list=22%, signal=32%",3184/3181/5371/56252/3192/4609/5609/4000/11284/55869/5514/5976/79677/23137/7515/6714/7014/7874/83444/4798/1736/51750/23049/546/4216/54617/7528/55226/5394/3178/65057/80119/54552/7157/225689/23293/142/54891/3320/8658,Factor6
GO:0008652,amino acid biosynthetic process,68,-0.4035126591859559,-1.6986697158692783,0.002252386468976113,0.02032205576125604,NA,2673,"tags=35%, list=18%, signal=29%",5009/2571/51733/435/1491/51074/11315/5053/2752/5092/18/58478/54529/10993/2572/5723/216/4942/29968/6507/55256/2805/441024/2746,Factor6
GO:0051058,negative regulation of small GTPase mediated signal transduction,51,0.4625512077873898,1.7317374118234923,0.0022598695812458495,0.020359094119833686,NA,3697,"tags=47%, list=25%, signal=36%",8831/55114/153090/604/23636/81848/23616/9353/8216/51291/57493/3675/64926/27/10395/10252/2048/22821/54922/4233/23607/5922/58504/23189,Factor6
GO:0030947,regulation of vascular endothelial growth factor receptor signaling pathway,32,0.5255528503114995,1.775768867174787,0.0022666394998499292,0.02038960636656048,NA,2221,"tags=41%, list=15%, signal=35%",25865/11117/3690/153090/10016/79812/3678/8817/2887/8829/9146/7424/55662,Factor6
GO:0048333,mesodermal cell differentiation,33,0.5240531384596807,1.7837996600588384,0.002274691505177993,0.0204315435196837,NA,3448,"tags=61%, list=23%, signal=47%",23135/2303/3690/2260/8091/6881/10736/6911/652/89780/3673/3675/3624/5076/406937/2139/4086/3691/4838/6423,Factor6
GO:0010632,regulation of epithelial cell migration,68,0.42548093482500726,1.690265316408236,0.0022994689608804918,0.02062336224289691,NA,2907,"tags=34%, list=19%, signal=27%",25930/51466/6662/153090/8660/9922/4318/6239/9448/5335/83481/382/23499/9647/6714/10013/3673/407006/3675/407007/3640/23332/3037,Factor6
GO:0046634,regulation of alpha-beta T cell activation,107,0.3721520951544668,1.6072761172814753,0.0023596873726275656,0.02113199969513572,NA,2607,"tags=29%, list=17%, signal=24%",23476/6461/2737/50943/5914/177/3142/8943/2033/135/604/2625/6522/864/3561/3718/7535/7297/257101/6046/51043/868/64332/84807/64926/4092/8651/3566/639/84695/80149,Factor6
GO:0034502,protein localization to chromosome,81,0.3933126164076357,1.6284686961313255,0.0023830121242515616,0.0213092196926768,NA,3296,"tags=40%, list=22%, signal=31%",9656/5371/1200/5347/51588/25900/3720/8019/221496/6046/51176/2146/55920/23137/152485/6688/9735/7014/7874/1025/84515/7015/23613/546/10664/25836/65057/54552/245711/142/8658/701,Factor6
GO:0060977,coronary vasculature morphogenesis,18,0.6379913909910458,1.9006668552600137,0.0023951138519069685,0.021385705459916,NA,2034,"tags=44%, list=14%, signal=38%",1636/4851/5159/7422/9464/6899/8829/23493,Factor6
GO:0003230,cardiac atrium development,34,0.5134596034074809,1.7652523410814254,0.0024623173661482206,0.021953234860614387,NA,2382,"tags=35%, list=16%, signal=30%",2022/161882/6659/4851/27031/54567/3480/57493/23493/5629/6654/2626,Factor6
GO:0002504,antigen processing and presentation of peptide or polysaccharide antigen via MHC class II,24,-0.5397443139390361,-1.7423167822666372,0.002476703663537579,0.022016361327641575,NA,3915,"tags=46%, list=26%, signal=34%",3108/3111/3115/29108/3113/567/3109/8722/1520/3122/54209,Factor6
GO:0010721,negative regulation of cell development,247,0.3056565852985095,1.4810564651282552,0.002476690724933668,0.022016361327641575,NA,2607,"tags=27%, list=17%, signal=22%",55558/7040/6497/6405/6461/8831/2737/161882/50943/5914/63976/7442/2931/3142/4851/1030/4609/10500/8408/604/6522/864/9355/4825/7422/4204/4882/10401/1029/3949/4776/3718/6911/6664/10371/80128/10221/81559/6591/140685/4192/9935/51043/3902/652/10013/393/6356/89780/8829/5629/407006/441478/4092/9572/5309/8651/407007/3566/2200/84695/56896/3624/23405/5802/80149,Factor6
GO:0048644,muscle organ morphogenesis,76,0.405140093124949,1.6447985199565884,0.002482260224089437,0.022033258277742326,NA,2414,"tags=30%, list=16%, signal=26%",7040/2022/3976/161882/2303/4851/1301/8321/104/6899/84159/2296/1281/54567/1909/57493/5457/55636/219537/23493/5629/4092/5469,Factor6
GO:0031016,pancreas development,73,0.4101331413088741,1.6496038368738146,0.002486369926447201,0.02203728168631953,NA,3328,"tags=36%, list=22%, signal=28%",6659/6934/2931/3481/6662/2696/4825/27031/2627/3643/652/5629/5170/51092/9480/93/5122/207/3175/3651/3110/168850/28514/6469/4233/2932,Factor6
GO:0016049,cell growth,434,0.27294315815730835,1.4028587493967675,0.002493319784638948,0.022066429283434563,NA,3882,"tags=35%, list=26%, signal=27%",8425/55558/7040/6548/112398/5361/6597/6405/984/5371/623/6722/84687/29882/9564/2931/26053/25/10298/4323/54437/6662/10500/8408/11054/604/4881/1154/7414/1954/2539/8877/728642/8128/1981/9355/4825/5916/8828/9150/7422/55210/4204/2335/9353/4882/57154/131566/3984/2017/1029/2803/55384/3487/8643/84260/2131/1594/10371/80128/400410/59284/9792/668/1909/23677/9928/23499/6494/57521/55615/3371/6794/10013/393/1002/89780/8829/6586/1601/84678/60676/3373/4092/1382/22883/8936/1855/9344/2810/2626/4088/29948/63923/7373/3488/3624/23394/5802/54617/7528/207/84289/64321/1946/51320/57611/23025/3475/5592/9423/55909/10110/56848/25942/7349/56920/7157/9746/10413/11007/3913/5459/2932/1785/53335/8751/9826/83667/3676/6423/23607/10631/8482/84258/6197/51199/64061/6387/3621/23242/27086/6595/2100/2064/93649/10038/1654/2137/147906/123879,Factor6
GO:0006836,neurotransmitter transport,193,-0.30264973464808215,-1.5120151386462204,0.002513388464086283,0.022211425620305026,NA,2806,"tags=30%, list=19%, signal=24%",1812/127833/116841/6534/4208/5217/7476/5579/79772/815/140679/388662/6857/3382/5028/26059/57084/8773/6570/22895/6622/10675/5908/3764/93664/6583/246213/11315/2824/25953/3766/9783/10814/63908/140730/785/1020/9581/5799/477/143425/23208/9899/55327/6623/2670/6854/6860/6507/6616/5538/6855/9378/6506/440279/23557/22999,Factor6
GO:0042254,ribosome biogenesis,261,-0.27910284484659936,-1.447660908556833,0.002518537470494075,0.02222434163201726,NA,3122,"tags=33%, list=21%, signal=27%",51106/1983/6209/10556/84881/92856/55011/91582/22868/23378/83939/27079/56915/51013/51096/11340/91893/6234/55759/6228/11157/51068/153443/51119/10248/10438/64216/80135/51550/11137/29063/3692/56902/55651/10412/51154/6203/2752/6223/2197/51335/6154/4927/10775/8850/404672/6125/29777/6130/55272/29081/6155/6227/2971/6230/6194/6169/2483/6206/10360/11224/51121/51367/10436/51504/51065/5901/51187/6202/6152/3921/6193/6207/6165/6232/6210/120379/51081/79033/6205/6233/9326/708/55505/6201/6208/6189,Factor6
GO:0061029,eyelid development in camera-type eye,13,0.6842273960711334,1.8644631057749639,0.0025582601278957874,0.022541862267292267,NA,2578,"tags=62%, list=17%, signal=51%",6722/6664/116039/7020/64220/6654/3066/3624,Factor6
GO:0072202,cell differentiation involved in metanephros development,21,0.5983494618530113,1.8355114232742131,0.0025659494759731846,0.022543698967478695,NA,3282,"tags=57%, list=22%, signal=45%",3976/10736/130497/5455/947/5155/2668/25937/5076/6299/10413/3913,Factor6
GO:1901184,regulation of ERBB signaling pathway,67,0.4248987398665529,1.6891077747573415,0.0025643669456328353,0.022543698967478695,NA,2926,"tags=36%, list=19%, signal=29%",7040/84619/5782/9052/8527/153090/64285/9961/23636/3092/92799/4318/9001/868/5753/6654/7879/79651/867/55658/26469/3672/5329/5774,Factor6
GO:0031047,regulatory ncRNA-mediated gene silencing,273,0.2961678627054152,1.4526750459522886,0.002586430320542878,0.02269056119637835,NA,5097,"tags=34%, list=34%, signal=23%",4849/3181/7040/51593/54487/23013/27327/4343/3192/283131/7538/1981/23264/26986/406941/4204/221400/1788/57690/55384/693175/442907/693174/2146/126374/1994/2332/652/407014/407006/407975/406992/407007/4088/90459/7015/8994/23405/57510/56478/407011/378938/90853/23112/406937/406900/23019/100302149/57472/724026/7157/4086/724027/407050/574457/693158/442898/27044/406913/100126333/406961/100302256/54456/442891/406968/8737/406890/10521/574453/29066/406920/103/406957/494326/693166/6780/768218/131405/406983/9271/442908/574452/693186/406903/574413/693178/664612/693121/9931/693211/407039/494337/664615/693135,Factor6
GO:2000318,positive regulation of T-helper 17 type immune response,18,0.6356056059598967,1.8935592632195681,0.002604901270674864,0.02275570741998967,NA,2185,"tags=39%, list=15%, signal=33%",23476/2033/64170/7297/6046/64332/84807,Factor6
GO:0009263,deoxyribonucleotide biosynthetic process,14,-0.6697458074558955,-1.8768823183863486,0.0026127342848237685,0.02275570741998967,NA,1810,"tags=57%, list=12%, signal=50%",50484/26289/9519/1633/1841/132/1716/2987,Factor6
GO:0009265,2'-deoxyribonucleotide biosynthetic process,14,-0.6697458074558955,-1.8768823183863486,0.0026127342848237685,0.02275570741998967,NA,1810,"tags=57%, list=12%, signal=50%",50484/26289/9519/1633/1841/132/1716/2987,Factor6
GO:0046385,deoxyribose phosphate biosynthetic process,14,-0.6697458074558955,-1.8768823183863486,0.0026127342848237685,0.02275570741998967,NA,1810,"tags=57%, list=12%, signal=50%",50484/26289/9519/1633/1841/132/1716/2987,Factor6
GO:0120193,tight junction organization,71,0.4088187310527861,1.6298838479522135,0.0026034182189165842,0.02275570741998967,NA,3483,"tags=37%, list=23%, signal=28%",79778/5566/24146/6722/4641/5872/7855/1364/6615/261734/2131/6591/6904/151306/1969/6093/1365/137075/2048/9080/79987/10015/23562/286676/1003/7043,Factor6
GO:0140029,exocytic process,84,-0.3755247652171497,-1.6287118970169163,0.002635845608342586,0.022923869381646127,NA,4047,"tags=42%, list=27%, signal=31%",6850/9341/5341/55823/6814/22871/5864/8723/9501/127262/127833/116841/4067/54843/54536/6857/26059/8773/22895/6622/9783/10814/63908/140730/695/143425/23208/6860/8673/10244/6616/6855/440279/23557/22999,Factor6
GO:0042058,regulation of epidermal growth factor receptor signaling pathway,61,0.4327158172706054,1.686652911955929,0.0027189302899356116,0.023594598826152027,NA,2926,"tags=38%, list=19%, signal=30%",7040/84619/5782/9052/8527/153090/64285/9961/23636/3092/92799/4318/9001/868/5753/6654/7879/79651/867/55658/3672/5329/5774,Factor6
GO:0044703,multi-organism reproductive process,180,0.3174139330057492,1.4825735292926867,0.0027207974422060162,0.023594598826152027,NA,3641,"tags=33%, list=24%, signal=26%",7040/3339/26173/26528/43847/3976/29924/5914/3291/7005/1636/6573/100137049/5467/3690/8061/1364/7421/790/7004/7422/4318/1829/2192/1594/3678/85360/7026/10155/23641/1307/23764/6781/3673/3675/340784/5469/285/639/8614/3488/5069/4313/7056/207/2201/1392/151/7349/142/54206/824/3691/4838/2778/7043/6406/8434/2706/3549,Factor6
GO:2000810,regulation of bicellular tight junction assembly,21,0.5968481345161273,1.8309059148671523,0.0027381583460185325,0.023711034987720828,NA,2683,"tags=48%, list=18%, signal=39%",5566/4641/7855/6615/261734/6591/151306/1969/6093/1365,Factor6
GO:0070934,CRD-mediated mRNA stabilization,11,0.7325791134384528,1.8970801420138086,0.0027568764611888997,0.023770664422869094,NA,1385,"tags=55%, list=9%, signal=50%",3184/10642/10644/3192/26986/10492,Factor6
GO:0007052,mitotic spindle organization,115,0.3543925120277083,1.5446837007204028,0.002754952930114656,0.023770664422869094,NA,3487,"tags=37%, list=23%, signal=28%",2316/2801/29082/5310/3611/55201/8243/5116/3192/4926/29128/5347/23636/90990/9639/10460/284403/3619/55835/9126/3833/83541/256364/7175/729440/4605/10579/22974/1062/3832/9493/24137/23332/6905/128866/1778/26065/1263/8658/3837/55143/1104,Factor6
GO:1901987,regulation of cell cycle phase transition,406,0.26860305026327713,1.3766076865497605,0.002756256507296407,0.023770664422869094,NA,4156,"tags=35%, list=28%, signal=26%",84444/23476/9656/7040/80279/6597/4330/4582/6909/5371/56241/84687/835/5310/6929/8289/22809/81620/22976/9510/197342/994/677/25959/63967/1030/678/8558/5347/1981/10106/80174/8914/55755/57492/55743/1029/1869/5514/7023/29980/11187/3619/1063/6872/56257/9894/65123/2146/55920/5127/55835/144455/348654/898/9088/9928/6599/5311/51512/57521/51339/9700/8444/9735/5629/7175/990/11329/55159/407006/2068/51343/9344/79915/1062/407007/5883/60/7015/5129/135458/3624/8317/54888/5591/54617/56658/207/993/81610/11186/8379/595/8720/25942/2735/80254/7157/6602/26057/51514/225689/1263/55193/1111/6598/701/55143/29935/26271/54584/26058/255374/29933/91603/58190/6595/113130/991/7508/151636/1654/55274/123879/10783/8525/84446/1018/8110/1543/406968/675/57520/11130/83990/54623/146956/574453/65992/11073/5933/51360,Factor6
GO:0019080,viral gene expression,104,0.36821639725546906,1.584869532112581,0.0027788451148153437,0.023925856438560107,NA,2327,"tags=30%, list=15%, signal=25%",23476/6597/2931/2033/5725/23435/8091/7538/5045/8661/8662/9150/23076/23089/3725/7023/55223/81603/9830/81559/51176/11282/6483/25833/6482/6487/1105/84875/10614/1025/7342,Factor6
GO:0001678,intracellular glucose homeostasis,143,0.33533831728520114,1.5070145693139392,0.0027941927561274697,0.0239894583207696,NA,3351,"tags=36%, list=22%, signal=28%",7040/6597/1277/55107/221937/5566/6722/6659/177/1636/7351/10723/9230/8660/4825/6810/5127/3607/3480/3099/8398/111/57521/2081/51085/3383/51092/8609/3171/9854/9572/54795/415116/2626/7776/4088/4041/3101/3651/1946/5076/1392/2646/25942/5296/10497/56262/6598/8111/5007/2030,Factor6
GO:0071375,cellular response to peptide hormone stimulus,286,0.2891104697999639,1.4227269698106686,0.0027906276230440868,0.0239894583207696,NA,3789,"tags=31%, list=25%, signal=24%",7040/6548/10603/6339/1291/5566/4691/2303/4641/9564/2931/1636/677/5872/7351/3690/3481/5829/8660/7249/3667/112/54328/4825/65010/57492/9361/6464/1445/3718/5580/7297/3297/857/1909/5970/51043/3480/6599/3645/376497/57727/3643/9640/5905/6714/2887/990/5791/5170/6654/3625/29904/10458/9518/8651/2200/2195/6338/80339/88/3624/6093/5591/207/9021/406937/10014/5296/2771/142/55625/23038/11132/2932/5770/2875/6778/2778/6844/30837/7532/2706/64900/23189/8473/10999/4929/208,Factor6
GO:1903053,regulation of extracellular matrix organization,61,0.43012679177753566,1.676561329414394,0.002843222922816474,0.024375682156208948,NA,3779,"tags=44%, list=25%, signal=33%",7040/3912/1291/84627/4851/11117/25/23187/3690/6662/3915/6624/4811/4035/2264/165/4088/1803/23332/406937/3037/90102/3913/1605/8434/2191/284217,Factor6
GO:0016925,protein sumoylation,60,0.4287438291352071,1.6667645082966998,0.002850263513775513,0.024401332666938943,NA,3648,"tags=43%, list=24%, signal=33%",83637/57178/1958/5371/23551/51564/51588/1959/8535/10401/1029/84901/79677/23137/5970/10155/825/5905/54795/9759/54552/115426/53335/7329/10210/405,Factor6
GO:0061383,trabecula morphogenesis,44,0.472848744430248,1.697904428100404,0.0028791529677353886,0.024595255417811705,NA,2768,"tags=39%, list=18%, signal=32%",22904/1277/2022/6722/7059/9510/4851/7422/54567/133522/57493/55636/23493/6654/5469/4313/2201,Factor6
GO:0006406,mRNA export from nucleus,60,0.4278058805342476,1.6631181830729898,0.0028810768748921624,0.024595255417811705,NA,2685,"tags=35%, list=18%, signal=29%",3181/8106/9887/283131/8021/29890/6830/10482/55308/5976/57187/8888/2332/7175/26993/91746/26019/55677/23049/54888/65125,Factor6
GO:0036344,platelet morphogenesis,26,0.5484440254252678,1.75789183508569,0.0028995280023974184,0.024682846427188196,NA,563,"tags=27%, list=4%, signal=26%",4627/87/161882/6722/23218/4237/2033,Factor6
GO:0071322,cellular response to carbohydrate stimulus,135,0.3398041962482425,1.5194987265518614,0.002897725079329621,0.024682846427188196,NA,3351,"tags=36%, list=22%, signal=28%",7040/6597/1277/55107/5566/6722/6659/177/1636/677/7351/5606/10723/9230/8660/4825/65010/6810/5127/81035/3480/8398/111/5603/57521/2081/51085/3383/51092/8609/9854/9572/54795/415116/2626/7776/4088/4041/3651/1946/5076/1392/25942/10497/6598/8111/5007/2030,Factor6
GO:0061028,establishment of endothelial barrier,47,0.4655290514295546,1.6994368458779825,0.0029086039211562963,0.02472518453146544,NA,4117,"tags=47%, list=27%, signal=34%",91663/54345/2194/50943/7414/7422/4615/2889/9294/1909/27134/3383/5802/6093/1365/54538/9414/1003/57826/4478/50848/7132,Factor6
GO:0003188,heart valve formation,15,0.6527386105967811,1.8593100429075908,0.0029283883080672337,0.024858304693973547,NA,2382,"tags=47%, list=16%, signal=39%",161882/4851/6662/1009/8642/23493/2626,Factor6
GO:0035886,vascular associated smooth muscle cell differentiation,32,0.5154343025215515,1.7415797230463521,0.0029515129331452437,0.024984225348407843,NA,2113,"tags=41%, list=14%, signal=35%",2022/1786/6722/4851/7422/4776/1311/5155/1909/4772/2627/23493/407006,Factor6
GO:0001942,hair follicle development,89,0.38655199406565843,1.6347474515816443,0.0029476565085851526,0.024984225348407843,NA,2616,"tags=26%, list=17%, signal=21%",3911/54345/1291/64434/2736/4851/4926/6662/51588/6615/9355/114803/2131/11187/5970/84283/6654/2068/10468/3066/3488/3624/54888,Factor6
GO:0035988,chondrocyte proliferation,23,0.5787173061595711,1.8127579745907894,0.00296815509245757,0.025089860788557884,NA,2259,"tags=48%, list=15%, signal=41%",4323/6662/8091/2355/10736/4882/1311/2131/51176/6781/4092,Factor6
GO:0010638,positive regulation of organelle organization,456,0.26263485791322094,1.3564060415828922,0.0029892879493894978,0.025233107102199583,NA,3328,"tags=27%, list=22%, signal=22%",55558/3184/3181/9696/2316/10763/5371/10174/22880/2931/29109/51466/25/50807/11346/9898/4926/3481/11135/4609/59341/6624/8408/5829/5609/112476/5159/7016/23636/84937/8877/22899/79443/80115/2041/9727/55755/4318/4204/11284/4882/57787/3984/2017/57192/9639/54892/5514/3064/89848/9001/3297/10051/382/5155/55835/23137/6382/10155/286/7755/3643/9647/9700/6714/8440/6356/90019/8829/90678/5629/7175/7014/10733/25970/83444/54551/9662/10458/8936/10163/23130/9788/4798/1736/51750/4088/4041/123720/54737/10018/9066/28964/546/57026/88/55971/4216/10142/54617/7528/2896/23332/5329/3178/8379/6376/148170/65057/23019/1778/57472/10615/57143/7157/581/9918/225689/10015/54891/3320/8658/5007/4233/2932,Factor6
GO:0030150,protein import into mitochondrial matrix,14,-0.6643320302771125,-1.8617108569909586,0.0030056197391681093,0.02533548275240027,NA,2043,"tags=57%, list=14%, signal=49%",80273/10440/10245/9804/84134/29103/131118/140823,Factor6
GO:0033120,positive regulation of RNA splicing,38,0.5024166049649601,1.7500169609095177,0.003026985984255241,0.025373636338117296,NA,2805,"tags=37%, list=19%, signal=30%",6625/26528/4691/5430/65109/5976/282996/11338/65110/2081/29896/5394/3167/9967,Factor6
GO:0046638,positive regulation of alpha-beta T cell differentiation,52,0.4472705400273094,1.679766959559653,0.00302408699331068,0.025373636338117296,NA,2424,"tags=33%, list=16%, signal=28%",23476/6461/2737/50943/5914/3142/8943/2033/864/3561/7535/6046/51043/64332/84807/8651/3566,Factor6
GO:0008360,regulation of cell shape,123,0.35194856529408547,1.5435867183084195,0.003020993067340898,0.025373636338117296,NA,2666,"tags=27%, list=18%, signal=22%",55558/342979/4627/5361/23129/23654/2245/54751/1613/11135/79784/23268/7422/752/2335/2011/1729/3679/5365/57381/5362/23370/116985/6356/4628/10458/30011/9344/8994/152273/6354/10395/2768,Factor6
GO:0007163,establishment or maintenance of cell polarity,205,0.3079539255295354,1.4631962239466925,0.003015826892239723,0.025373636338117296,NA,3441,"tags=32%, list=23%, signal=25%",1822/4627/6548/23513/5310/3611/9231/10312/25/4926/55083/6624/25794/2625/5347/23616/9578/23094/9355/55755/4000/2011/23221/8729/7477/171177/27031/57381/3064/382/79585/115701/9124/3480/286/9267/6494/6794/84552/55691/85302/9265/26086/26030/27/2195/5754/60/57710/154810/6093/23332/10252/1741/51421/10615/399687/90102/10015/6469/29999/81609/2932/9826/1003,Factor6
GO:0010880,regulation of release of sequestered calcium ion into cytosol by sarcoplasmic reticulum,28,-0.5252839189284345,-1.7729237672685578,0.003037130463817818,0.025423312924208318,NA,2423,"tags=57%, list=16%, signal=48%",9472/801/845/201140/6262/6546/287/10345/55151/477/2281/6717/79041/805/9446/844,Factor6
GO:2000197,regulation of ribonucleoprotein complex localization,11,0.7277323474092566,1.8845290012314584,0.003077025646041921,0.025686093802203887,NA,2685,"tags=73%, list=18%, signal=60%",283131/6830/57187/26993/8241/55677/54888/65125,Factor6
GO:2000146,negative regulation of cell motility,304,0.28994861369241687,1.4412166398695954,0.0030770465779311773,0.025686093802203887,NA,4158,"tags=37%, list=28%, signal=27%",25930/7040/6915/2022/6722/9231/4851/23309/11117/51466/3728/1265/10076/153090/2625/7414/79595/1009/54328/2041/406941/104/29775/4204/9353/79812/4035/482/79890/1813/2192/2796/22846/5365/1281/83481/10221/127435/54567/7026/23598/11188/652/393/7057/401720/6781/407006/4092/9518/57522/1647/285/63923/23613/3066/3488/5054/1803/207/10395/2768/1365/7454/23332/6376/406937/5592/25942/9839/10014/90102/225689/5912/11009/6469/134/2932/5770/407050/84034/8751/1605/613/4838/6423/6406/8434/406913/9466/6387/90627/3621/889/23189/8473/4070/93649/406961/57826/2309/3622/114757/4771/406968/56254/406890/7076/4286/574453/8976,Factor6
GO:0043434,response to peptide hormone,398,0.2693389048293953,1.3791571498589785,0.0030818177021693953,0.025690339268291767,NA,3789,"tags=31%, list=25%, signal=24%",7040/6548/1277/10603/6339/1291/5566/1958/4691/2303/4641/7352/7442/9564/2931/3291/1636/677/5872/84327/7351/3690/3481/59341/5829/8660/7249/3667/790/112/54328/1959/4825/65010/57492/9361/6464/4882/1445/3718/5580/7297/1281/3297/857/1909/5970/51043/3480/6599/3645/376497/57727/3643/9640/5905/6714/6794/2887/990/5791/5170/6654/3625/29904/10458/9518/249/8805/8651/4088/4041/2200/2195/6338/2650/8614/3636/80339/88/3488/5122/3624/6093/5591/207/9021/406937/8792/10014/117581/5296/7248/3784/2771/142/55625/23038/11132/9365/2932/5770/54206/83667/2875/1605/6778/2778/23607/6844/30837/54765/7532/8890/6387/2706/64900/23189/5207/22937/8473/10999/4929/208,Factor6
GO:0002244,hematopoietic progenitor cell differentiation,124,0.3516361068975078,1.5466500746754366,0.0030862936942542296,0.025692116153688178,NA,3385,"tags=34%, list=23%, signal=26%",9739/7040/6722/6659/5914/147808/126549/1636/4851/23212/25/1106/641649/2625/7538/23094/7422/4602/2296/2131/1052/10019/23495/6688/652/6654/2068/10468/5469/3624/23648/5591/54502/25942/118856/7157/54517/1938/6469/51205/5156/3213,Factor6
GO:1902742,apoptotic process involved in development,38,0.50161448834319,1.7472230291826334,0.0030931489608357504,0.025713667292354577,NA,3238,"tags=45%, list=22%, signal=35%",23513/5371/2303/3714/4851/7855/7421/9464/9353/2296/51176/6586/4041/10018/5076/581/1111,Factor6
GO:0042743,hydrogen peroxide metabolic process,49,-0.43784117931993854,-1.706451995768438,0.0031213324684205616,0.025912218715111193,NA,1886,"tags=33%, list=13%, signal=29%",6622/1535/11315/10549/51/3043/255027/65018/6647/847/5052/25824/2876/7001/10935/4504,Factor6
GO:0044706,multi-multicellular organism process,186,0.32056245489812096,1.5005186788703186,0.0031342122385045524,0.025983352354149843,NA,3641,"tags=33%, list=24%, signal=26%",7040/3339/26173/26528/43847/3976/29924/5914/3291/7005/1636/6573/100137049/5467/3690/8061/1364/7421/790/2683/7004/7422/49/4318/1829/2192/1594/3678/85360/7026/10155/23641/1307/23764/6781/3673/3675/340784/5469/285/639/8614/3488/5069/4313/7056/207/2201/1392/151/7349/142/54206/824/3691/4838/2778/7043/6406/8434/2706/3549,Factor6
GO:0002067,glandular epithelial cell differentiation,68,0.42060571606937536,1.6708980251900367,0.003194856789026991,0.02641344563438364,NA,3522,"tags=40%, list=23%, signal=31%",2194/5914/2931/4851/7855/6662/4825/5916/2131/3169/857/133396/2627/652/5629/5170/51092/1181/207/3175/3651/168850/28514/10413/4781/2932/3596,Factor6
GO:0014020,primary neural tube formation,84,0.39531177685600705,1.6567056842553407,0.0031906574367173883,0.02641344563438364,NA,3175,"tags=37%, list=21%, signal=29%",7040/23513/6497/5566/57167/23654/5914/9620/25/9968/7249/2648/9355/5916/65979/57216/51684/6046/5727/652/4524/84678/54910/55764/10395/27443/5076/7248/1856/7289/4522,Factor6
GO:0048532,anatomical structure arrangement,17,0.6326882303114956,1.8611530808066683,0.0032143357671371516,0.02653808447744604,NA,3105,"tags=65%, list=21%, signal=51%",55558/6405/3309/1959/8828/10371/7020/9928/8829/5076/28514,Factor6
GO:0035195,miRNA-mediated post-transcriptional gene silencing,215,0.3052580369517891,1.4597092943747632,0.0032462439515229453,0.026764859501817773,NA,6311,"tags=49%, list=42%, signal=29%",7040/54487/27327/4343/283131/7538/1981/406941/4204/57690/55384/693175/442907/693174/126374/1994/2332/652/407014/407006/407975/406992/407007/8994/57510/56478/407011/23112/406937/406900/23019/100302149/57472/724026/7157/724027/407050/574457/693158/442898/406913/100126333/406961/100302256/442891/406968/8737/406890/574453/406920/406957/494326/693166/768218/131405/406983/442908/574452/693186/406903/574413/693178/664612/693121/693211/407039/494337/664615/693135/693141/407030/100126308/406978/23369/574454/9698/442905/406946/407053/6774/407015/693189/693190/406963/693162/100126327/407019/100126335/406958/407023/768212/407021/389421/574408/574450/8087/407001/574435/693209/574506/724025/5936/407054/100302157/693228/442892,Factor6
GO:0010821,regulation of mitochondrion organization,101,-0.33782888975272035,-1.5158332367430942,0.003281790731588883,0.02702097368754945,NA,2732,"tags=32%, list=18%, signal=26%",55022/29108/6742/56947/5138/65084/3479/292/1191/10463/8743/1634/115209/55486/10572/192111/55288/23788/5910/255027/51499/65018/637/64112/26355/5716/27069/572/219736/28978/2876/291,Factor6
GO:0031032,actomyosin structure organization,202,0.30979513518720214,1.469015853475656,0.0033127989542199956,0.02723907134663563,NA,3519,"tags=35%, list=23%, signal=27%",4627/6548/7791/4621/6722/10174/84033/29109/51466/55561/25/11346/1265/128239/79784/5829/5159/2006/7016/9578/22899/2041/406941/4608/3984/9639/4629/200539/23363/51804/9124/4606/2314/9647/23370/116985/825/85462/6714/8829/5629/4628/10398/10391/10163/3856/114822/4088/88/6093/8557/10395/7454/23332/2318/9839/399687/90167/5296/7248/90102/11214/4625/10015/4703/4233/1785/5156/8500/7043/2036,Factor6
GO:0072527,pyrimidine-containing compound metabolic process,66,-0.4028996687004664,-1.6830462811712599,0.0033232096927462693,0.02728744525637843,NA,3591,"tags=45%, list=24%, signal=35%",1635/10201/30833/129607/50808/5631/252969/4329/10560/23583/51733/60489/81602/4832/8277/7374/27010/29922/56953/26289/4913/9519/5169/2079/1633/1841/79077/151531/4830/8382,Factor6
GO:0002460,adaptive immune response based on somatic recombination of immune receptors built from immunoglobulin superfamily domains,277,0.2882565567447255,1.4106051603249234,0.0033797622934612316,0.027714050806382097,NA,2817,"tags=24%, list=19%, signal=20%",602/23476/7040/50943/177/4791/22976/3560/3142/4851/23529/10312/710/7855/2033/3263/604/2625/4049/10747/3426/51279/60468/4615/10068/5817/3718/5580/6830/715/64170/7297/5873/5971/259307/79465/6046/51176/51043/23765/165918/64005/7186/64332/3383/353091/53833/7128/201294/84807/4092/970/54795/79915/6891/326/3566/2794/84695/5585/50615/80149/9021/7454/6398/2048/23180,Factor6
GO:0048660,regulation of smooth muscle cell proliferation,144,0.3343594910676576,1.5059788379168864,0.0033914125843965124,0.02777179843227959,NA,2896,"tags=31%, list=19%, signal=25%",4854/7040/5739/1786/7536/348093/6934/4209/9510/3690/4881/5159/2006/4602/4318/3725/4615/55810/442907/4846/10221/5155/3480/2081/652/6714/7057/1621/3673/407006/8241/5031/7128/26119/407007/7015/3488/4313/5591/207/2768/6376/406937/5592,Factor6
GO:0044458,motile cilium assembly,48,-0.4291308550192687,-1.6617335846408459,0.003406778407255616,0.027859774030569332,NA,2169,"tags=40%, list=14%, signal=34%",1756/7802/200162/2302/583/51364/8655/54558/120935/57545/221421/84071/55081/79582/7419/84223/644890/585/84217,Factor6
GO:2000352,negative regulation of endothelial cell apoptotic process,31,0.5216900515355026,1.7490441403145245,0.003447453679008792,0.028154205045238467,NA,4135,"tags=55%, list=28%, signal=40%",25/10298/5598/3690/2625/693175/3383/5170/7128/7015/5054/1003/3596/406913/889/51129/574453,Factor6
GO:0000280,nuclear division,368,0.277977132526121,1.4102983683935544,0.0034872667414152605,0.028440807375520672,NA,4231,"tags=35%, list=28%, signal=26%",7040/4439/2316/2801/84501/29082/3976/84687/4288/81620/126549/197342/994/8243/23212/2175/1613/3192/146909/4926/9985/3481/8438/29128/5159/5347/23636/90990/8877/9150/55755/4882/55743/9639/54892/80346/83987/55810/10919/146212/3619/1063/148479/10051/5155/100130958/23363/9820/348654/286151/9126/898/3833/9088/9928/51547/3643/138474/9031/2827/9700/652/9735/23113/10270/256364/7175/729440/26993/4605/25970/51343/256126/22974/1062/4041/3832/9493/10018/259266/24137/57026/29893/54617/25836/23332/8379/129563/166863/128866/10615/26065/22887/23141/9918/225689/245711/4781/1111/701/27436/3837/55143/26271/7329/1104/23397/4603/676/146691/113130/10592/991/140801/55512/54456/10734/3622/858/675/11130/83990/146956/10726/339345/10403/7155/10388/51203,Factor6
GO:0000727,double-strand break repair via break-induced replication,10,0.7320907583007451,1.8471677072729016,0.0035038917914262105,0.028535447434331413,NA,3093,"tags=80%, list=21%, signal=64%",4172/4176/4173/84296/8317/4174/4175/4171,Factor6
GO:0030317,flagellated sperm motility,112,-0.33662412520471446,-1.5423052644252782,0.0035178094315095805,0.028535447434331413,NA,1873,"tags=24%, list=12%, signal=21%",158787/6866/583/29922/120935/152015/84071/154865/54585/64518/9104/10233/83853/79582/7419/84223/83659/64147/644890/6863/80258/219670/135138/585/642987/84217/7846,Factor6
GO:0097722,sperm motility,112,-0.33662412520471446,-1.5423052644252782,0.0035178094315095805,0.028535447434331413,NA,1873,"tags=24%, list=12%, signal=21%",158787/6866/583/29922/120935/152015/84071/154865/54585/64518/9104/10233/83853/79582/7419/84223/83659/64147/644890/6863/80258/219670/135138/585/642987/84217/7846,Factor6
GO:0035051,cardiocyte differentiation,146,0.33205902179408786,1.4990466732569554,0.0035114595073904003,0.028535447434331413,NA,3348,"tags=34%, list=22%, signal=27%",23135/7040/6548/54345/6909/6722/5914/2931/4851/3192/1948/9794/5159/2539/2648/79191/9150/7422/4000/9464/57538/693175/4629/23363/1909/115701/2627/652/89780/23493/5629/2626/407007/7373/88/10664/3624/8557/7528/64321/10252/8324/406937/5592/7248/11214/28514/4703/9096/5156,Factor6
GO:0007635,chemosensory behavior,18,0.626106575108611,1.8652603028400474,0.0035489471607831557,0.028749334056505486,NA,4286,"tags=61%, list=29%, signal=44%",7442/54429/7162/55636/525/582/50944/29989/5582/109/11280,Factor6
GO:0032200,telomere organization,148,0.3270552477707874,1.4860071372573536,0.0035622250067810714,0.02881816122935506,NA,3294,"tags=34%, list=22%, signal=27%",84444/3184/3181/9401/54433/85456/5371/56252/3192/4609/5609/4000/11284/55869/5514/5976/79677/2146/23137/898/7515/152485/6714/7014/7874/83444/4798/1736/51750/23049/7015/135458/546/4216/5591/54617/7528/55226/5394/3178/65057/80119/54552/7157/225689/245711/23293/142/54891/3320/8658,Factor6
GO:0006995,cellular response to nitrogen starvation,11,-0.709919704254027,-1.8840327875781395,0.003597748683908782,0.02886092421255779,NA,2804,"tags=73%, list=19%, signal=59%",23766/84557/81631/11337/23710/10533/9474/11345,Factor6
GO:0043562,cellular response to nitrogen levels,11,-0.709919704254027,-1.8840327875781395,0.003597748683908782,0.02886092421255779,NA,2804,"tags=73%, list=19%, signal=59%",23766/84557/81631/11337/23710/10533/9474/11345,Factor6
GO:0072017,distal tubule development,11,0.7232412387831032,1.8728988675926315,0.0036106084048894266,0.02886092421255779,NA,2858,"tags=73%, list=19%, signal=59%",5310/65266/4851/7021/5455/5311/793/5076,Factor6
GO:0071166,ribonucleoprotein complex localization,12,0.6931757884823954,1.8509568495358009,0.003605537812947285,0.02886092421255779,NA,3298,"tags=75%, list=22%, signal=59%",283131/6830/57187/26993/8241/55677/54888/65125/26121,Factor6
GO:1900152,"negative regulation of nuclear-transcribed mRNA catabolic process, deadenylation-dependent decay",10,0.7318224339882855,1.8464906873823597,0.0035750361974516806,0.02886092421255779,NA,1385,"tags=50%, list=9%, signal=45%",3184/10642/3192/26986/10492,Factor6
GO:0072172,mesonephric tubule formation,10,0.7295354801815371,1.8407203820316191,0.0036106084048894266,0.02886092421255779,NA,2119,"tags=50%, list=14%, signal=43%",2625/130497/51804/2668/6495,Factor6
GO:0035850,epithelial cell differentiation involved in kidney development,46,0.47574763291400435,1.7310649060941186,0.00359976727505784,0.02886092421255779,NA,3490,"tags=52%, list=23%, signal=40%",2828/3976/2303/4851/4643/2625/10736/5420/4318/3975/130497/2131/947/5155/171023/1909/2668/25937/9788/5076/6299/10413/3913/23607,Factor6
GO:0170035,L-amino acid catabolic process,64,-0.391996556828119,-1.6275719577224141,0.003579102774175063,0.02886092421255779,NA,2623,"tags=50%, list=17%, signal=41%",23576/3242/144193/383/4842/8659/2747/131669/2184/3034/5625/549/2954/2571/80150/51268/384/3155/5053/2752/56922/23464/10993/2572/4942/2805/54511/2746/8528/1036/3176/1610,Factor6
GO:0071300,cellular response to retinoic acid,64,0.40812257980640454,1.6107645212374353,0.003592985930447557,0.02886092421255779,NA,3493,"tags=42%, list=23%, signal=33%",1277/5914/6662/4058/5916/4602/9464/6899/11211/7483/1813/7477/130497/255239/3371/5753/89780/27/5754/3066/8324/5076/7475/10413/2707/2932/3199,Factor6
GO:0060706,cell differentiation involved in embryonic placenta development,23,0.5725601881400917,1.793471589560461,0.0036207893388472225,0.028903969993685046,NA,2800,"tags=43%, list=19%, signal=35%",3976/7855/79733/6615/144455/7026/10733/3856/639/8521,Factor6
GO:0072662,protein localization to peroxisome,19,-0.5899748788194009,-1.7946707754853466,0.0036736505548773217,0.029087054531547616,NA,3676,"tags=63%, list=24%, signal=48%",5192/51555/9409/5194/5193/51762/4591/5191/26061/8504/5824/54469,Factor6
GO:0072663,establishment of protein localization to peroxisome,19,-0.5899748788194009,-1.7946707754853466,0.0036736505548773217,0.029087054531547616,NA,3676,"tags=63%, list=24%, signal=48%",5192/51555/9409/5194/5193/51762/4591/5191/26061/8504/5824/54469,Factor6
GO:0048048,embryonic eye morphogenesis,35,0.5039863629746121,1.742614492141406,0.003677507143361421,0.029087054531547616,NA,2858,"tags=46%, list=19%, signal=37%",6909/2295/4237/7855/5916/65979/6664/668/7020/5629/64220/84678/28996/2200/2201/5076,Factor6
GO:0022404,molting cycle process,91,0.38241252505906276,1.6239571357864984,0.00365597761979292,0.029087054531547616,NA,2616,"tags=25%, list=17%, signal=21%",3911/54345/1291/64434/2736/4851/4926/6662/51588/6615/9355/114803/2131/11187/5970/84283/6654/2068/10468/3066/3488/3624/54888,Factor6
GO:0022405,hair cycle process,91,0.38241252505906276,1.6239571357864984,0.00365597761979292,0.029087054531547616,NA,2616,"tags=25%, list=17%, signal=21%",3911/54345/1291/64434/2736/4851/4926/6662/51588/6615/9355/114803/2131/11187/5970/84283/6654/2068/10468/3066/3488/3624/54888,Factor6
GO:0071103,DNA conformation change,79,0.3875613551358784,1.585458506179837,0.003672675025561205,0.029087054531547616,NA,3124,"tags=34%, list=21%, signal=27%",3181/9401/63922/116447/25/89797/84164/7150/3159/4172/5976/3508/4176/2068/4173/7156/51750/84515/84296/9400/57680/4174/4175/80119/10721/4171/3148,Factor6
GO:0002520,immune system development,179,0.3173889792054714,1.4823260121651054,0.0036631513271657133,0.029087054531547616,NA,4469,"tags=41%, list=30%, signal=29%",57124/602/7040/9048/6722/6929/775/50943/4791/22976/23529/25/1030/604/2625/3720/4049/9464/6899/6830/51176/9935/171023/51804/165918/868/3200/8888/64332/6495/7128/2300/79840/79915/326/4088/4041/10018/5585/5591/7528/3175/8379/10721/8772/8792/916/7157/3148/6469/10288/6778/4050/23607/118460/9466/4055/56259/9156/5605/56033/1015/7292/2049/22890/103/23075/10370/9760/1235/5133/344167/7158,Factor6
GO:0061036,positive regulation of cartilage development,29,0.5234585513538417,1.7155056157439583,0.0036900049023709898,0.029147653403132315,NA,2418,"tags=38%, list=16%, signal=32%",2737/649/4017/6662/860/51222/4192/8817/652/4092/4088,Factor6
GO:0030033,microvillus assembly,14,0.6729933221495095,1.8888708369051725,0.003717445156100372,0.029325971146357252,NA,1227,"tags=36%, list=8%, signal=33%",688/6624/83715/5420/53827,Factor6
GO:0034655,nucleobase-containing compound catabolic process,498,0.256620530278087,1.3354414423031167,0.0037560567002795434,0.029591834944555306,NA,3794,"tags=32%, list=25%, signal=24%",2521/8148/3184/4849/51341/85456/1291/8570/221937/5566/23211/55095/124245/399664/9887/219988/9704/2931/27327/23367/10642/1773/677/10644/7351/65109/4343/2033/3192/283131/23435/678/155435/3182/8761/7016/51588/7538/84069/10949/79661/26986/406941/863/79147/4615/1029/57690/1869/5580/23644/9567/215/10492/5976/9583/11187/3297/400410/59284/668/5209/1994/7431/65110/3607/7186/23098/2027/3099/2332/3643/57521/2081/2668/6714/51085/23185/390916/9261/5211/5150/8241/954/51092/57109/26019/5141/1736/7498/149986/406992/23049/326340/28964/3101/23405/80149/6093/8654/54888/53632/89/207/80153/5394/56478/27443/378938/9967/54502/11219/377841/129563/4234/23112/406937/166863/406900/23019/10921/57472/54915/9759/57060/4850/55596/581/5143/9131/23293/1890/11165/407050/574457/27350/1775/26058/27044/3098/26135/100126333/118460/9611/53343/405/7188/7378/5214/5207/9924/57089/8473/2237/3458/28960/406961,Factor6
GO:0045721,negative regulation of gluconeogenesis,14,0.6714943133219815,1.8846636123081475,0.003786928108061786,0.029718510035531748,NA,2150,"tags=43%, list=14%, signal=37%",6934/2033/1196/4485/2648/7874,Factor6
GO:0002292,T cell differentiation involved in immune response,82,0.38403286618185994,1.6007347942307364,0.003782203591936173,0.029718510035531748,NA,2716,"tags=29%, list=18%, signal=24%",602/23476/6461/161882/50943/5914/3142/2033/604/2625/4602/3718/5971/4221/6046/51176/51043/64332/84807/4092/3566/84695/80149/9021,Factor6
GO:2000177,regulation of neural precursor cell proliferation,96,0.36934860559345783,1.579141850286456,0.0037809375434732923,0.029718510035531748,NA,3270,"tags=35%, list=22%, signal=28%",7040/2316/10763/2737/3611/4851/63925/9355/7422/79801/1813/284403/3975/54567/2290/4192/89780/5629/7424/84678/2787/145864/5309/63950/259266/176/64211/6376/644943/55679/7157/2771/6567/6469,Factor6
GO:0045622,regulation of T-helper cell differentiation,44,0.46615830165704075,1.6738803981238233,0.0038027429146411645,0.02975247532661676,NA,2607,"tags=39%, list=17%, signal=32%",23476/6461/50943/5914/3142/2033/604/2625/3718/6046/51043/64332/84807/4092/3566/84695/80149,Factor6
GO:0045581,negative regulation of T cell differentiation,44,0.4653240384821683,1.6708847274035301,0.0038027429146411645,0.02975247532661676,NA,2607,"tags=41%, list=17%, signal=34%",2737/50943/3142/604/6522/864/1029/3718/4192/51043/3902/652/441478/4092/8651/3566/84695/80149,Factor6
GO:0003229,ventricular cardiac muscle tissue development,63,0.41210264242670347,1.6207422388322503,0.0038151994256800485,0.02975247532661676,NA,2508,"tags=35%, list=17%, signal=29%",7040/10848/2022/2303/4851/1301/79191/4204/1829/2296/54567/1909/53615/57493/5457/55636/23493/8932/5629/4092/5469/7373,Factor6
GO:0051098,regulation of binding,191,0.31553474786282154,1.4821348145111588,0.0038124564760273305,0.02975247532661676,NA,4464,"tags=45%, list=30%, signal=32%",84444/602/6497/51341/2801/10763/161882/6934/5914/81620/8189/1454/489/81857/25/1565/2625/5347/8091/1981/4318/9464/3725/4035/2011/2296/1869/6664/7023/147138/2622/6872/51176/51339/4140/652/5457/23493/84630/1601/28996/26086/26119/3428/60/7015/6093/55355/207/2623/2962/5329/65057/488/10014/9759/54552/581/5792/4781/8658/4233/2932/8751/3676/64324/121665/3458/151636/9026/55906/8904/65992/5458/5195/6608/7448/9421/9044/51773/7291/55182/640/627/23560/8239,Factor6
GO:0030308,negative regulation of cell growth,157,0.318716691221345,1.4582596978152338,0.0038159388464368265,0.02975247532661676,NA,3882,"tags=38%, list=26%, signal=28%",55558/7040/6597/6405/5371/623/84687/2931/10500/8408/604/4881/2539/9150/4204/9353/131566/1029/55384/84260/1594/10371/80128/400410/9792/23677/6494/6794/10013/393/89780/8829/6586/1601/3373/4088/29948/3624/5802/7528/64321/3475/9423/56848/56920/7157/11007/53335/8751/83667/6423/64061/3621/27086/6595/2100/1654/147906/123879,Factor6
GO:0045446,endothelial cell differentiation,114,0.3584713932567969,1.5593202669237636,0.0038553166426891607,0.030020663314583425,NA,3105,"tags=33%, list=21%, signal=27%",23135/85301/91663/80781/54345/2194/50943/4851/8985/7414/8321/7422/4615/2889/9294/55810/7026/1909/27134/652/57493/3383/8829/23493/5629/6781/93/7498/4855/5802/6093/1365/64321/83605/51421/54538/9414/28514,Factor6
GO:0030857,negative regulation of epithelial cell differentiation,47,0.4548054541439502,1.6602898231700538,0.0038864285984774654,0.030223877629707976,NA,4446,"tags=57%, list=30%, signal=41%",399473/4851/6662/200734/10736/7422/4318/55810/130497/2146/857/10468/7498/4855/10252/595/2301/28514/10413/4838/3596/3458/2137/574453/6608/182/6926,Factor6
GO:0099504,synaptic vesicle cycle,210,-0.28910512694017737,-1.4740419280360046,0.003922237056130439,0.030463044764559483,NA,3079,"tags=30%, list=20%, signal=25%",9501/57030/1175/127262/836/127833/116841/5217/7476/5579/140679/6857/5028/1902/26059/57084/8773/115548/10947/6570/22895/6622/10675/6620/5908/51606/85439/93664/246213/9550/11315/51382/9783/529/6457/10814/63908/10094/140730/785/9829/1020/9581/6456/143425/23208/1499/29993/9899/9296/6623/284697/6854/6860/6616/11069/523/534/10396/6855/9378/440279/23557/22999,Factor6
GO:0043255,regulation of carbohydrate biosynthetic process,89,0.38064765225775393,1.6097776988137944,0.003959560905970507,0.030713350811176637,NA,2907,"tags=34%, list=19%, signal=27%",7040/5566/6934/2931/55657/2033/1196/3481/4485/8660/3667/2648/23178/5155/11091/1609/51547/160/3643/90673/6794/2887/5031/7874/53632/8445/207/79660/5592/3037,Factor6
GO:0048251,elastic fiber assembly,11,0.7197704344824942,1.8639109046617792,0.003968083231772252,0.03073989413610715,NA,1493,"tags=45%, list=10%, signal=41%",8425/11117/4015/1281/4629,Factor6
GO:0051225,spindle assembly,117,0.33762582863248547,1.4741569821029434,0.004032066906970871,0.031195465017090418,NA,3574,"tags=38%, list=24%, signal=30%",2316/2801/29082/1453/85378/55559/8243/3192/57519/4926/29128/5347/90990/9639/3619/23354/55835/9126/3833/256364/7175/729440/4605/22974/3832/9493/259266/24137/84445/54617/203068/23332/128866/1778/10615/26065/80254/225689/93323/8658/3837/55143/26271/1104/9611,Factor6
GO:0007219,Notch signaling pathway,165,0.31396266751023705,1.4434937426869492,0.004046118167727955,0.031264043842174856,NA,2722,"tags=26%, list=18%, signal=22%",4854/374887/7040/51341/57178/6909/2303/29924/3714/23013/4851/4323/142678/6662/9794/604/6615/55343/11156/26508/4204/2296/84667/3169/6721/4846/54567/6591/65989/54492/6714/23493/23090/6495/22848/55662/441478/84441/4855/9139/207/92714/3175,Factor6
GO:0003215,cardiac right ventricle morphogenesis,20,0.6009535800674115,1.8206832577969883,0.004064860255271814,0.031368646297725,NA,2382,"tags=45%, list=16%, signal=38%",10848/6659/4851/2625/9464/55636/23493/407975/2626,Factor6
GO:0001755,neural crest cell migration,55,0.4395157377932667,1.6581868888301958,0.0040758113553559586,0.031412934832136016,NA,2278,"tags=36%, list=15%, signal=31%",3911/6405/10501/54437/10500/55698/8828/9464/2335/6899/65979/57715/10371/1909/1947/2668/652/8829/57556/54910,Factor6
GO:0060430,lung saccule development,10,0.7237857811924169,1.8262130847070441,0.004111073421233692,0.03160790553758134,NA,2146,"tags=60%, list=14%, signal=51%",4054/2355/3169/171023/2627/64220,Factor6
GO:0030858,positive regulation of epithelial cell differentiation,62,0.41044936078018757,1.6128460274472136,0.004111597468303264,0.03160790553758134,NA,3066,"tags=37%, list=20%, signal=30%",3976/4851/1030/4926/6662/7421/4825/7161/2296/8643/3975/1594/4831/51176/5727/57521/2668/652/2810/5469/5054/5076/2118,Factor6
GO:1903671,negative regulation of sprouting angiogenesis,20,0.599899709193883,1.8174903904625463,0.004134343368361582,0.03174227704600669,NA,2210,"tags=35%, list=15%, signal=30%",29924/90993/1870/7057/57556/407006/10365,Factor6
GO:0048663,neuron fate commitment,72,0.4066447108607634,1.6270518914803287,0.00418740616804345,0.03210877477709653,NA,3270,"tags=38%, list=22%, signal=29%",4854/2737/3714/2736/4851/6662/5454/10919/3169/51684/54567/2290/54738/652/121643/5457/5629/6495/2636/63950/27319/3110/28514/54845/4781/120237/6469,Factor6
GO:1903510,mucopolysaccharide metabolic process,84,0.39063498541295616,1.6371057952021963,0.004204485245169275,0.03219877074032429,NA,3079,"tags=35%, list=20%, signal=28%",7040/3425/3038/9469/126792/79586/55501/2131/5155/3340/1909/64131/6483/160/8509/54480/6482/6487/960/8534/3373/3700/93010/22856/9435/10057/3037/2990/166012,Factor6
GO:0035194,regulatory ncRNA-mediated post-transcriptional gene silencing,225,0.2985058352753892,1.435844902914566,0.0042124029501353485,0.0322184677417078,NA,6311,"tags=50%, list=42%, signal=30%",7040/54487/27327/4343/283131/7538/1981/406941/4204/57690/55384/693175/442907/693174/126374/1994/2332/652/407014/407006/407975/406992/407007/8994/57510/56478/407011/378938/23112/406937/406900/23019/100302149/57472/724026/7157/724027/407050/574457/693158/442898/406913/100126333/406961/100302256/54456/442891/406968/8737/406890/574453/406920/103/406957/494326/693166/6780/768218/131405/406983/9271/442908/574452/693186/406903/574413/693178/664612/693121/9931/693211/407039/494337/664615/693135/693141/7503/407030/100126308/406978/23369/574454/9698/442905/406946/407053/6774/407015/693189/693190/406963/693162/100126327/407019/100126335/406958/407023/768212/407021/389421/574408/574450/8087/407001/574435/693209/574506/724025/5936/407054/100302157/693228/442892,Factor6
GO:0031018,endocrine pancreas development,43,0.4546611545243706,1.6324815641739803,0.0042279251643707145,0.032296204012246255,NA,3328,"tags=40%, list=22%, signal=31%",6659/2931/6662/2696/4825/2627/652/5170/51092/9480/207/3175/3651/3110/168850/28514/2932,Factor6
GO:0032784,regulation of DNA-templated transcription elongation,87,0.3773293126748035,1.5904149235639358,0.004264122340897066,0.03249034810187942,NA,3270,"tags=39%, list=22%, signal=31%",23476/51586/26173/23211/81857/55209/3192/9282/284695/10915/6829/6830/8812/65123/2146/8178/165918/10025/11198/8312/9441/51755/10614/9862/1025/5469/8621/9400/23613/2962/170394/6837/142/6469,Factor6
GO:0031099,regeneration,176,0.32123399278605275,1.4923785864399923,0.004261991458075341,0.03249034810187942,NA,3723,"tags=36%, list=25%, signal=28%",7040/3339/2316/1291/607/688/1636/4851/3482/5782/7351/5467/349667/8408/10076/790/23162/79147/1051/5738/693175/55959/83481/2146/4192/5727/3480/471/7298/3371/825/83999/401720/407006/1459/26019/2626/5469/407007/285/4313/5802/4548/2623/3651/2896/8324/3475/595/5774/55909/2735/10413/5792/4781/3913/8751/1605/10631/6387/8578/3549/9860/5207,Factor6
GO:0099003,vesicle-mediated transport in synapse,243,-0.2700220762279596,-1.3927977589996028,0.00427853970249034,0.032559038872360196,NA,2734,"tags=28%, list=18%, signal=23%",127833/116841/5217/7476/5579/140679/6857/801/5028/1902/26059/146395/57084/4289/8773/115548/10947/6570/50632/22895/6622/10675/6620/5908/51606/85439/93664/246213/9550/11315/51382/9783/529/6457/10814/2060/3208/63908/10094/140730/785/9829/1020/9581/6456/143425/23208/1499/29993/9899/9296/6623/284697/6854/6860/6616/11069/523/5867/534/10396/6855/805/9378/440279/23557/22999,Factor6
GO:0060340,positive regulation of type I interferon-mediated signaling pathway,19,0.6102456322216276,1.8267751353866604,0.004313776623354146,0.03278579030133094,NA,2981,"tags=42%, list=20%, signal=34%",81844/84166/389856/57506/90933/54502/8772/26065,Factor6
GO:0050817,coagulation,222,0.3056748181385044,1.4698070984699785,0.0043254859174987805,0.032833379880056864,NA,3622,"tags=35%, list=24%, signal=27%",4627/6915/3710/11093/2316/6722/7410/3611/710/11117/3690/135/8527/388552/8761/7414/375033/7094/5580/2192/1311/1281/5873/4846/5328/1606/5155/1609/8858/857/3083/10019/6714/89780/7057/3673/10398/954/222537/3315/2151/9002/285/3818/60/239/51206/7056/5054/2768/2623/7454/2048/5329/22821/2814/5592/151/7980/160851/6812/139189/79987/340205/5327/5912/6469/5156/2149/170692/84034/2778/6406/462/89781/2811/7450/2191,Factor6
GO:0061037,negative regulation of cartilage development,26,0.5323579328376292,1.70633213253206,0.0043794099665556575,0.03320088536909553,NA,1945,"tags=38%, list=13%, signal=34%",11173/4054/2737/5914/6662/5916/7483/6591/81792/652,Factor6
GO:0035264,multicellular organism growth,142,0.33393298100491603,1.5043728552017028,0.0043975594048088614,0.03325481873623966,NA,3840,"tags=37%, list=26%, signal=28%",1822/10848/10743/22809/5914/677/2033/3481/6881/2355/2648/7516/83931/5916/104/5454/84159/4882/5930/1813/1311/2131/1281/2307/5727/1435/25937/57493/55636/57731/6654/2068/10365/9518/9462/6338/8614/546/6712/25836/83605/320/9254/7157/114789/23038/2778/26058/91461/3549/6531/5324/55512,Factor6
GO:0051495,positive regulation of cytoskeleton organization,167,0.32345408407850196,1.4890465071593306,0.00439350944639913,0.03325481873623966,NA,2968,"tags=29%, list=20%, signal=23%",55558/2316/10763/10174/29109/51466/25/11346/4926/11135/59341/5829/7016/23636/22899/80115/2041/55755/4204/3984/2017/9639/89848/382/55835/9647/8440/6356/8829/5629/10733/54551/10458/8936/10163/9788/4088/123720/28964/57026/88/55971/10142/23332/6376/148170/1778/10615,Factor6
GO:0045684,positive regulation of epidermis development,27,0.5521956568703505,1.7880734523386952,0.004415485615285496,0.03334853609439309,NA,2414,"tags=44%, list=16%, signal=37%",4851/4926/7421/2296/8643/1594/4831/5727/652/84283/2810/5469,Factor6
GO:0030900,forebrain development,385,0.2714819539673909,1.3874105625885815,0.004443155435196028,0.03351551665572774,NA,2664,"tags=24%, list=18%, signal=20%",4854/23135/55558/3912/5361/6497/57178/2316/2737/6722/84687/85358/9253/22809/5914/266727/10642/2736/4851/10501/2260/153090/63925/2648/80709/9095/9355/1943/8828/79143/4204/5454/9353/5013/3746/482/1869/1813/7477/10460/284403/3975/2131/10371/1281/5455/9001/170302/51176/2290/2146/4192/3340/7026/139411/9928/6658/3480/471/23224/7515/25987/652/6714/89780/5457/8829/55636/6343/5629/431707/3625/5079/84678/582/1459/10579/63950/238/333/259266/8941/83696/546/5122/3624/5802/2018/64211/10395/55122,Factor6
GO:0046578,regulation of Ras protein signal transduction,45,0.45230977863413524,1.6284818784749664,0.0044821839066527,0.0336862855095705,NA,2840,"tags=33%, list=19%, signal=27%",10603/8831/4851/153090/23636/81848/2305/85360/8216/1435/6714/64926/10252/2048/22821,Factor6
GO:0050919,negative chemotaxis,45,0.4520911523912064,1.62769474343702,0.0044821839066527,0.0336862855095705,NA,3978,"tags=51%, list=26%, signal=38%",55558/6405/10501/3690/54437/10500/8828/9353/23768/57715/10371/57556/6586/54910/1803/1946/9423/56920/8633/8482/10512/7869/91584,Factor6
GO:0006360,transcription by RNA polymerase I,62,0.408312538801379,1.604449462196552,0.0044825619675917605,0.0336862855095705,NA,2197,"tags=29%, list=15%, signal=25%",6597/2316/4691/4641/6949/9013/1387/10514/11176/23133/25885/7343/6872/51547/10498/9031/7913/2068,Factor6
GO:0009116,nucleoside metabolic process,39,-0.46484165583118275,-1.7256130800435863,0.004495395727387375,0.03374066008588258,NA,3591,"tags=44%, list=24%, signal=33%",1635/353/140733/4860/22875/51733/60489/81602/2079/1841/132/56952/1716/51071/151531/84618/8382,Factor6
GO:0045066,regulatory T cell differentiation,36,0.4920257105837167,1.7053354563345502,0.004563742392927312,0.034182394164907454,NA,1735,"tags=28%, list=12%, signal=25%",6666/7040/50943/2175/604/2648/3561/259307/4192/3902,Factor6
GO:0000819,sister chromatid segregation,207,0.3099995390300167,1.4705357908038168,0.004565592716567197,0.034182394164907454,NA,4282,"tags=40%, list=29%, signal=29%",6597/2316/2801/29082/8289/81620/29882/8243/23212/3192/146909/4926/29128/5347/23636/90990/55755/57492/55743/9639/54892/10460/3619/1063/148479/10051/348654/9126/3833/9928/6599/9031/9700/9735/10270/256364/7175/729440/26993/4605/990/22974/1062/3832/9493/60/24137/54617/25836/23332/8379/129563/128866/10615/26065/6602/9918/225689/55193/6598/701/27436/3837/55143/26271/1104/23397/6595/113130/10592/991/55274/10783/8110/57520/9113/11130/10726/10403/7155/51203/5119,Factor6
GO:0010714,positive regulation of collagen metabolic process,23,0.563379163839313,1.7647132046996505,0.004586307045649265,0.03420999079718827,NA,3641,"tags=61%, list=24%, signal=46%",7040/2022/90993/406941/4602/7431/652/3673/3066/3624/7349/2149/7043/3549,Factor6
GO:0032967,positive regulation of collagen biosynthetic process,23,0.563379163839313,1.7647132046996505,0.004586307045649265,0.03420999079718827,NA,3641,"tags=61%, list=24%, signal=46%",7040/2022/90993/406941/4602/7431/652/3673/3066/3624/7349/2149/7043/3549,Factor6
GO:0010975,regulation of neuron projection development,406,0.2641301173964391,1.3536836216149992,0.004575875196139718,0.03420999079718827,NA,2904,"tags=26%, list=19%, signal=22%",55558/11178/5361/8175/6405/2316/23129/8831/6722/85358/23654/116983/4858/29882/2931/162979/25/2033/2260/59341/349667/10500/1948/8408/153090/2625/1954/8321/4058/112/10677/7422/5454/2335/9353/57154/482/2011/3984/4776/2889/2803/6911/5365/2580/10371/57187/80128/23303/7436/382/2146/4192/23363/9820/7431/23499/3480/23098/5362/10498/160/25987/5753/6794/10013/393/1002/83999/89780/8829/401720/221914/407006/1601/10938/3675/1523/26259/29904/10458/1382/27124/27/1855/238/26115/406992/407007/63923/22906/5754/3066/56896/23394/5802/64221/9139/207/56965/1946/2896/2048/57611/6376/3475/9423,Factor6
GO:0010596,negative regulation of endothelial cell migration,64,0.40183781143193087,1.5859600080281948,0.004637078939576368,0.03454595150658439,NA,2438,"tags=30%, list=16%, signal=25%",7040/6915/4851/3728/153090/406941/29775/4204/9353/79812/22846/54567/7026/23598/7057/6781/407006/1647/285,Factor6
GO:0010712,regulation of collagen metabolic process,37,0.49363110125260995,1.7128939123354365,0.004670814556798067,0.03475432016521229,NA,3641,"tags=51%, list=24%, signal=39%",7040/2022/4851/11117/90993/406941/4602/4261/7431/652/3673/3066/3624/406937/7349/2149/7043/2191/3549,Factor6
GO:0072110,glomerular mesangial cell proliferation,11,0.7110128714605098,1.8412323999150877,0.004683035318919193,0.03480228590274473,NA,1945,"tags=45%, list=13%, signal=40%",1958/3690/5159/5155/652,Factor6
GO:0055057,neuroblast division,15,0.6372689463550831,1.8152450808874947,0.0047154574185231,0.0349179901642797,NA,2762,"tags=60%, list=18%, signal=49%",9253/7005/2260/80709/51176/9181/89780/259266/8650,Factor6
GO:0010811,positive regulation of cell-substrate adhesion,114,0.3540963555793307,1.5402892227529923,0.004705291734840234,0.0349179901642797,NA,3192,"tags=34%, list=21%, signal=27%",91663/2316/3611/11117/3728/25/3690/11078/4811/7016/1295/2041/7422/6239/2335/25975/9448/2192/3678/1758/5155/4192/1307/9647/1435/8829/1601/201294/3675/4088/25890/6093/255743/6376/3037/55679/916/7248/1793,Factor6
GO:1903829,positive regulation of protein localization,435,0.260235897860532,1.33902380011983,0.0047159853979962954,0.0349179901642797,NA,3328,"tags=29%, list=22%, signal=23%",25930/7040/80279/10541/79778/29801/9696/2316/57602/55107/5566/5371/2737/84687/11190/57555/4641/6659/6934/2931/25999/1387/7855/3728/3783/5116/2033/135/23435/4926/55072/10347/8660/5347/7016/23636/1981/2696/4825/11156/29775/7422/57787/4035/1029/2010/6810/5580/55929/54434/7297/11187/6721/2622/81285/56257/81603/382/2767/55835/4248/10160/10155/9777/5880/57506/8398/652/6714/25937/6794/55691/89780/10075/7175/4628/1969/5170/7424/9531/3675/10391/9662/9854/1459/1855/1025/54795/80184/2151/2810/4088/257364/9695/636/7015/5122/80149/207/3651/2048/6769/10307/101/51421/84662/1392/399687/342667/5296/54552/9746/10413/27237/10497/56262/1263/142/6469/3320/8111/5007/246329/11132/2932,Factor6
GO:0062009,secondary palate development,26,0.5306979879475171,1.7010116195284628,0.004724238531034316,0.03493617868287586,NA,2444,"tags=42%, list=16%, signal=35%",2615/3714/8321/6899/1302/6664/51176/64386/89780/55636/10194,Factor6
GO:0032881,regulation of polysaccharide metabolic process,40,0.4785904973289483,1.6855761148191504,0.004738630376134518,0.0349996633296112,NA,2907,"tags=42%, list=19%, signal=34%",7040/7262/2931/3481/8660/3667/23178/5155/160/3643/90673/2887/53632/8445/207/79660/3037,Factor6
GO:0043114,regulation of vascular permeability,46,0.46702634837192625,1.699331464743331,0.004767231648995947,0.03514618724439331,NA,3788,"tags=48%, list=25%, signal=36%",7040/2828/83483/135/59341/624/4881/11156/9590/7422/9353/143282/27134/6714/3269/7349/9839/9414/613/1003/566/388125,Factor6
GO:0141193,nuclear receptor-mediated signaling pathway,156,0.3209879176430137,1.468835232630482,0.004770131270269408,0.03514618724439331,NA,2414,"tags=24%, list=16%, signal=21%",9612/6294/112398/6597/51341/57178/4330/5371/81/5914/9667/2033/25959/7421/5916/26508/56937/6899/55809/5292/1594/3169/133522/2146/6591/171023/10498/6714/10013/6256/79039/1601/2874/5740/81606/10365/8805/5469,Factor6
GO:0016137,glycoside metabolic process,14,-0.6463221848174142,-1.811240424591269,0.004777483004830051,0.03515737493298012,NA,3243,"tags=50%, list=22%, signal=39%",231/2717/84869/10327/2517/8574/1646,Factor6
GO:0048661,positive regulation of smooth muscle cell proliferation,87,0.3747409956182585,1.5795053601259317,0.004800856753491755,0.0352862971381644,NA,2661,"tags=32%, list=18%, signal=27%",4854/7040/1786/348093/4209/9510/3690/5159/4602/4318/3725/4615/55810/5155/3480/2081/652/6714/7057/3673/407006/5031/26119/407007/7015/3488/4313/207,Factor6
GO:0010273,detoxification of copper ion,12,-0.6790515169716685,-1.8362972433572697,0.004815378556302302,0.035306917954785855,NA,1605,"tags=50%, list=11%, signal=45%",11315/4489/4493/4501/4499/4504,Factor6
GO:1990169,stress response to copper ion,12,-0.6790515169716685,-1.8362972433572697,0.004815378556302302,0.035306917954785855,NA,1605,"tags=50%, list=11%, signal=45%",11315/4489/4493/4501/4499/4504,Factor6
GO:0007043,cell-cell junction assembly,144,0.32637582168113977,1.4700198253384522,0.004831980622234003,0.03538559806829202,NA,2693,"tags=28%, list=18%, signal=23%",80139/79778/5566/24146/6722/4641/23396/9231/1636/5872/7855/3728/64403/1364/51564/59341/6624/7414/1009/6615/10052/79191/261734/79147/7094/11187/6591/857/125111/6904/1002/85302/151306/1969/4092/60/6093/8506/1365/137075,Factor6
GO:0046545,development of primary female sexual characteristics,102,0.3615891350769309,1.5537285833975225,0.004868333469803526,0.03560855075546827,NA,2578,"tags=27%, list=17%, signal=23%",6874/835/9510/4851/2175/4323/268/7422/9353/84159/4882/1051/2189/2296/2796/4846/668/7026/3643/6714/6586/431707/3625/10468/149986/2516/4313/3624,Factor6
GO:0000184,"nuclear-transcribed mRNA catabolic process, nonsense-mediated decay",35,0.4970867060443208,1.718757810610253,0.004914162742644201,0.035837058783960415,NA,3208,"tags=40%, list=21%, signal=32%",9887/9704/65109/3182/26986/10492/5976/65110/26019/23049/80149/5394/10921/23293,Factor6
GO:0051145,smooth muscle cell differentiation,66,0.4053781529482764,1.605496781854457,0.004907162237458068,0.035837058783960415,NA,3301,"tags=39%, list=22%, signal=31%",7040/2022/6909/1786/6722/348093/4851/6662/7422/4204/4776/1311/5155/1909/4772/2627/652/23493/407006/6495/4855/255743/406937/26057/6469/9096,Factor6
GO:0010948,negative regulation of cell cycle process,270,0.28970004004222266,1.419774491144539,0.004917412910956573,0.035837058783960415,NA,4387,"tags=38%, list=29%, signal=28%",84444/23476/9656/80279/4582/5371/56241/3976/835/22809/81620/197342/677/25959/63967/79733/1030/678/153090/604/5347/2648/10432/10106/8914/55755/55743/1869/5514/29980/3619/1063/9894/65123/2146/899/144455/348654/286151/9088/5311/51512/9031/51339/9700/652/9735/5629/7175/7014/990/11329/55159/51343/9344/5883/135458/546/3624/54888/5591/56658/8379/595/8720/80254/7157/51514/1263/1111/8658/701/55143/29935/26271/54584/26058/29933/91603/146691/58190/991/7508/151636/123879/8525/84446/406968/675/11130/83990/146956/11073/5933/51360/339345/10403/10388/8260/8451/7013/8328/7517,Factor6
GO:0035023,regulation of Rho protein signal transduction,72,0.40291593477260856,1.6121324494585774,0.0049318213441789625,0.03589865608860701,NA,3756,"tags=38%, list=25%, signal=28%",9170/57572/2828/4650/396/25/25959/604/1281/9181/23370/57493/8829/54869/3675/27/10395/11214/54922/64787/4233/2149/613/90627/23189/2064/79933,Factor6
GO:0032770,positive regulation of monooxygenase activity,22,0.5575517849805685,1.7223927379744717,0.0050376259260552815,0.03658044753775323,NA,2726,"tags=32%, list=18%, signal=26%",7421/1594/2668/7014/7015/207/949,Factor6
GO:0007596,blood coagulation,217,0.3021682628115021,1.443925192217339,0.005034730954850116,0.03658044753775323,NA,3622,"tags=35%, list=24%, signal=27%",4627/6915/3710/11093/2316/6722/7410/3611/710/11117/3690/135/8527/388552/8761/7414/375033/7094/5580/2192/1311/1281/5873/4846/5328/1606/5155/1609/8858/857/3083/10019/6714/89780/7057/3673/10398/954/3315/2151/9002/3818/60/239/51206/7056/5054/2768/2623/7454/2048/5329/22821/2814/5592/151/7980/160851/6812/139189/79987/340205/5327/5912/6469/5156/2149/170692/84034/2778/462/89781/2811/7450/2191,Factor6
GO:0062125,regulation of mitochondrial gene expression,23,-0.5453840257790732,-1.7283455185574284,0.0050575121549255656,0.03663656942035623,NA,4368,"tags=78%, list=29%, signal=56%",55005/285367/84769/6472/5562/10128/79828/8846/63899/57215/84881/22868/51204/51335/79072/26995/23107/708,Factor6
GO:0046635,positive regulation of alpha-beta T cell activation,68,0.41081338353703034,1.6319970106170425,0.005055890705658603,0.03663656942035623,NA,2424,"tags=28%, list=16%, signal=24%",23476/6461/2737/50943/5914/3142/8943/2033/864/3561/7535/7297/6046/51043/64332/84807/64926/8651/3566,Factor6
GO:0003148,outflow tract septum morphogenesis,26,0.5292491032436633,1.696367603962954,0.00506906754483554,0.036676194589104205,NA,2018,"tags=35%, list=13%, signal=30%",2022/6909/5914/4091/8828/6899/2627/652/8829,Factor6
GO:0040036,regulation of fibroblast growth factor receptor signaling pathway,34,0.48756811692039304,1.6762385085771798,0.005080049483632819,0.03671158062092926,NA,3451,"tags=47%, list=23%, signal=36%",56975/2817/25865/2625/90993/81848/860/406941/143282/55959/7057/8481/10252/387914/693158/64094,Factor6
GO:0090158,endoplasmic reticulum membrane organization,12,-0.6762603398812859,-1.828749317067893,0.005206864447174748,0.037352486277358946,NA,2866,"tags=67%, list=19%, signal=54%",53407/64225/23204/10959/7905/10345/51062/662,Factor6
GO:0060707,trophoblast giant cell differentiation,11,0.7054304893267329,1.8267763144263625,0.005183503124686226,0.037352486277358946,NA,2517,"tags=64%, list=17%, signal=53%",3976/79733/6615/144455/7026/10733/639,Factor6
GO:0007097,nuclear migration,24,0.5424333083160472,1.7004283612924849,0.005206999256172346,0.037352486277358946,NA,2917,"tags=50%, list=19%, signal=40%",84823/29109/4001/4000/10460/199953/23224/25893/79789/10579/9423/1778,Factor6
GO:0002066,columnar/cuboidal epithelial cell development,48,0.442512634127433,1.6257292102577503,0.005212118957899265,0.037352486277358946,NA,3328,"tags=40%, list=22%, signal=31%",7040/2194/688/5914/2931/7855/4825/5916/7298/652/6714/54106/5170/51092/639/207/28514/10413/2932,Factor6
GO:0006334,nucleosome assembly,45,0.44915761121316317,1.6171329141910782,0.005201938767623394,0.037352486277358946,NA,3790,"tags=47%, list=25%, signal=35%",4678/10541/10036/7290/6662/23523/11177/29855/6046/11198/54108/546/29028/8208/4171/3148/55723/83743/6749/64061/1616,Factor6
GO:0048638,regulation of developmental growth,297,0.2828430339505029,1.4002522705470912,0.005182676048164501,0.037352486277358946,NA,3136,"tags=30%, list=21%, signal=24%",55558/375790/6405/10743/6909/6722/2303/29882/2931/3142/4851/25/5467/3481/2260/10500/8408/1954/2539/2355/3720/4825/9150/7422/55841/4204/5454/2335/57154/7161/3984/2017/2296/2803/1813/693175/5292/10371/80128/2307/170302/83481/26524/59284/51804/5727/23499/2627/3643/825/1435/10013/393/1002/407014/89780/8829/55636/23493/57731/5629/6495/4092/1382/9518/407975/407007/10018/7373/8614/23394/5802/89/7528/207/25836/1946/57611/23025/3475/9423/25942/2735/5600/9254/56920/28514/10413,Factor6
GO:0140014,mitotic nuclear division,249,0.28858945955559284,1.3997400792804213,0.00518945498866725,0.037352486277358946,NA,3535,"tags=32%, list=24%, signal=25%",7040/2316/2801/29082/84687/4288/81620/8243/23212/1613/3192/146909/4926/3481/29128/5159/5347/23636/90990/8877/9150/55755/9639/54892/80346/83987/3619/1063/148479/10051/5155/23363/9820/348654/286151/9126/3833/9088/9928/3643/9031/9700/652/9735/23113/10270/256364/7175/729440/26993/4605/25970/22974/1062/4041/3832/9493/24137/57026/54617/25836/23332/8379/129563/128866/10615/26065/23141/9918/4781/1111/701/27436/3837/55143/26271/7329/1104/23397,Factor6
GO:0038065,collagen-activated signaling pathway,15,0.6350808130336375,1.8090122363862864,0.005266158505505021,0.03769493742598427,NA,3288,"tags=53%, list=22%, signal=42%",1277/1284/1282/3673/22801/126014/51206/1287,Factor6
GO:0000271,polysaccharide biosynthetic process,58,0.42315004344221924,1.6305164902906395,0.005357090919130867,0.03830034041471143,NA,2907,"tags=38%, list=19%, signal=31%",7040/3038/2931/3481/8660/3667/23178/2997/2131/5155/3340/160/8509/3643/90673/2887/9572/53632/8445/207/79660/3037,Factor6
GO:0014808,release of sequestered calcium ion into cytosol by sarcoplasmic reticulum,32,-0.4779776680846813,-1.6687310659023218,0.0053815632769802935,0.038429717855877045,NA,2423,"tags=50%, list=16%, signal=42%",9472/801/845/201140/6262/6546/287/10345/55151/477/2281/6717/79041/805/9446/844,Factor6
GO:0050852,T cell receptor signaling pathway,123,0.34011025964470865,1.4916659174596238,0.00540725056989719,0.038521866648664735,NA,3961,"tags=35%, list=26%, signal=26%",54923/6461/50943/25865/9564/3783/25/55072/2625/27040/2355/79679/5074/80381/1445/7535/5335/10657/257101/5293/84106/5970/868/64332/6794/84807/3937/27242/784/80149/65125/23180/10616/916/11120/23607/121665/84433/8890/23149/8525/2534/1236,Factor6
GO:0006997,nucleus organization,123,0.3397370895329921,1.490029256637796,0.00540725056989719,0.038521866648664735,NA,2272,"tags=24%, list=15%, signal=20%",1760/57602/84823/5371/29082/7536/283131/23435/4926/11176/5347/4001/23133/4000/2113/1029/80346/2010/199953/221496/5253/57673/8444/7175/26993/9221/28996/23760/6314,Factor6
GO:0170039,proteinogenic amino acid metabolic process,152,-0.3132950561138287,-1.5100314428869803,0.005495901374486702,0.03910719903663678,NA,2623,"tags=26%, list=17%, signal=21%",2954/2571/80150/10588/23657/51268/435/384/2639/1491/23409/51074/3155/5053/2752/5092/7915/58478/56922/54529/23464/10993/2572/5723/9971/4942/29968/56954/55256/2805/54511/441024/2746/8528/1036/284716/4693/3176/1610,Factor6
GO:0030224,monocyte differentiation,33,0.5019751489908038,1.7086494372682246,0.005558562889440403,0.03950643695124682,NA,2446,"tags=36%, list=16%, signal=31%",4627/22985/2194/677/4609/7422/140685/133396/1435/652/5469/3428,Factor6
GO:0036342,post-anal tail morphogenesis,19,0.6058135687557059,1.813507718283606,0.005576320724384168,0.03958596584907347,NA,2109,"tags=42%, list=14%, signal=36%",23513/9968/8642/4882/84667/8312/89780/1969,Factor6
GO:0046459,short-chain fatty acid metabolic process,15,-0.6248655393786665,-1.7800496276941726,0.005627123571659741,0.03985273063030935,NA,5203,"tags=87%, list=35%, signal=57%",55902/55258/116285/84532/5105/122970/5264/7306/84693/35/54995/5096/5095,Factor6
GO:0061387,regulation of extent of cell growth,93,0.3706960371193259,1.5772702448648785,0.0056214019999565835,0.03985273063030935,NA,3601,"tags=40%, list=24%, signal=30%",55558/6405/6722/29882/25/10500/8408/1954/4825/7422/2335/57154/3984/2017/2803/10371/80128/23499/10013/393/1002/89780/8829/1382/23394/5802/1946/57611/3475/9423/25942/56920/2932/1785/53335/8482/6387,Factor6
GO:0042744,hydrogen peroxide catabolic process,29,-0.5014243328238989,-1.707756941329503,0.005657034526617592,0.04001754353512233,NA,2264,"tags=38%, list=15%, signal=32%",23530/6622/10549/3043/847/5052/25824/2876/7001/10935/4504,Factor6
GO:0051851,modulation by host of symbiont process,81,0.3769378529545653,1.5606707446355523,0.005704750629280487,0.04030777496210257,NA,2662,"tags=33%, list=18%, signal=28%",23476/6597/29801/2194/3482/2033/23435/8091/9150/23076/3725/7023/64170/79677/8812/51176/23137/25833/2332/51114/407006/1105/1025/53349/407007/80149/4583,Factor6
GO:0001836,release of cytochrome c from mitochondria,50,-0.4170824965180609,-1.625240512732748,0.005748370367772848,0.04056841710370838,NA,2370,"tags=36%, list=16%, signal=30%",29108/3479/2537/1191/8743/55486/3429/51499/65018/637/64112/26355/122509/5716/83982/27069/572/2876,Factor6
GO:0030204,chondroitin sulfate metabolic process,25,0.5301654935307344,1.6829268136402293,0.005795316493990642,0.04085189767167439,NA,3509,"tags=52%, list=23%, signal=40%",9469/126792/79586/55501/2131/64131/54480/3373/22856/2990/166012/56548/55454,Factor6
GO:0045740,positive regulation of DNA replication,40,0.47486300001995385,1.6724480220819156,0.005814047857786313,0.040936058923923026,NA,3021,"tags=45%, list=20%, signal=36%",58525/25792/81620/2736/27154/79733/2260/11177/80174/144455/5753/79915/546/8317/54617/993/7349/2735,Factor6
GO:0043297,apical junction assembly,70,0.3966856864719789,1.582788785590419,0.005829602074029049,0.04095225125893311,NA,3441,"tags=34%, list=23%, signal=27%",79778/5566/24146/6722/4641/9231/5872/7855/1364/7414/6615/261734/6591/6904/85302/151306/1969/6093/1365/137075/9080/10015/23562/1003,Factor6
GO:0038127,ERBB signaling pathway,123,0.33709271425008425,1.4784314751224519,0.005830159782328916,0.04095225125893311,NA,2926,"tags=28%, list=19%, signal=23%",7040/84619/9564/5782/9052/25/6662/8527/153090/64285/9961/23636/3092/92799/4318/6464/4882/9001/5335/868/6714/5753/8440/5170/6654/7879/27/79651/867/55658/26469/207/3672/5329/5774,Factor6
GO:0048659,smooth muscle cell proliferation,147,0.32599637587945063,1.4783637205814775,0.005836732011186917,0.04095225125893311,NA,2896,"tags=30%, list=19%, signal=24%",4854/7040/5739/1786/7536/348093/6934/4209/9510/3690/4881/5159/2006/4602/4318/3725/4615/55810/442907/4846/10221/5155/3480/2081/652/6714/7057/1621/3673/407006/8241/5031/7128/26119/407007/7015/3488/4313/5591/207/2768/6376/406937/5592,Factor6
GO:0045620,negative regulation of lymphocyte differentiation,52,0.42776035903506204,1.6064946233047213,0.005889087809478326,0.041271549102006824,NA,3924,"tags=48%, list=26%, signal=36%",2737/50943/3142/604/6522/864/1029/3718/4192/51043/3902/652/441478/4092/8651/3566/84695/3624/80149/6469/3549/3623/2064/430/7292,Factor6
GO:0045945,positive regulation of transcription by RNA polymerase III,17,0.614983079773417,1.809070563871167,0.005907659768150533,0.04135361837705373,NA,2617,"tags=53%, list=17%, signal=44%",4641/10514/8178/2972/57521/9031/7913/3624/57680,Factor6
GO:0071230,cellular response to amino acid stimulus,71,0.395651990194982,1.5773905138061897,0.00598452313274931,0.04184306371354999,NA,2571,"tags=31%, list=17%, signal=26%",2906/3184/1277/1291/1278/1786/1282/2033/1290/1051/1788/1281/3297/23677/1307/57521/599/6495/10458/8651/80339/4313,Factor6
GO:0001974,blood vessel remodeling,43,0.4465785856500868,1.6034607328424848,0.005997724084247282,0.04188677063239672,NA,2333,"tags=37%, list=16%, signal=32%",7040/2316/3976/2303/1636/2324/4882/2296/2131/4846/54567/1909/3200/55636/1621/93,Factor6
GO:0150116,regulation of cell-substrate junction organization,61,0.41375628175389545,1.6127518560844434,0.006026792489995995,0.04204106289028456,NA,3095,"tags=39%, list=21%, signal=31%",6548/25/1613/4323/7414/9922/7422/7094/9448/382/55920/23499/1307/9647/6714/8829/7057/4088/6093/10395/1946/23332/7248/90102,Factor6
GO:1903514,release of sequestered calcium ion into cytosol by endoplasmic reticulum,34,-0.4687261780646319,-1.6535362925575507,0.006059542273906358,0.04222064888420072,NA,2423,"tags=47%, list=16%, signal=40%",9472/801/845/201140/6262/6546/287/10345/55151/477/2281/6717/79041/805/9446/844,Factor6
GO:0019755,one-carbon compound transport,22,-0.5396591331909343,-1.6978916594179838,0.006119889036785806,0.04255917462258804,NA,1388,"tags=27%, list=9%, signal=25%",363/362/3043/760/6563/358,Factor6
GO:0071331,cellular response to hexose stimulus,125,0.34244822246015905,1.5068126466019138,0.006122250605240391,0.04255917462258804,NA,3351,"tags=35%, list=22%, signal=28%",7040/6597/1277/55107/5566/6722/6659/177/1636/7351/10723/9230/8660/4825/65010/6810/5127/3480/8398/111/57521/2081/51085/3383/51092/8609/9854/9572/54795/415116/2626/7776/4088/4041/3651/1946/5076/1392/25942/10497/6598/8111/5007/2030,Factor6
GO:0006891,intra-Golgi vesicle-mediated transport,30,-0.48525821326962315,-1.6659444052822419,0.00614504216556493,0.042668397617350036,NA,2190,"tags=37%, list=15%, signal=31%",8774/51226/1315/22818/51560/57511/22796/83452/27095/11316/11345,Factor6
GO:0018105,peptidyl-serine phosphorylation,145,0.3232253752494195,1.4588048751039235,0.006203068498322617,0.043021742047629936,NA,2788,"tags=30%, list=19%, signal=25%",85456/5566/3976/5310/25865/2931/63967/8408/7150/5347/1981/3589/2011/5580/283629/6872/4294/857/7786/8312/9647/5603/57521/2081/4140/10013/51085/89780/57731/9261/84630/11184/28996/4092/3270/1647/23049/369/6093/5591/10142/207/65125/154043,Factor6
GO:2000514,"regulation of CD4-positive, alpha-beta T cell activation",72,0.3975016022798855,1.5904688210180618,0.006234551223346244,0.04309133053108694,NA,2607,"tags=31%, list=17%, signal=25%",23476/6461/50943/5914/177/3142/2033/604/2625/864/3561/3718/6046/51043/868/64332/84807/4092/8651/3566/84695/80149,Factor6
GO:0030038,contractile actin filament bundle assembly,103,0.353661846103093,1.5187961665877374,0.006233327369046141,0.04309133053108694,NA,3769,"tags=42%, list=25%, signal=31%",6548/7791/6722/10174/29109/51466/25/11346/5829/2006/7016/22899/2041/406941/3984/9639/9124/9647/23370/116985/85462/6714/8829/10391/10163/114822/4088/6093/10395/7454/23332/9839/90167/5296/7248/90102/4233/1785/8500/7043/3693/79933/4070,Factor6
GO:0043149,stress fiber assembly,103,0.353661846103093,1.5187961665877374,0.006233327369046141,0.04309133053108694,NA,3769,"tags=42%, list=25%, signal=31%",6548/7791/6722/10174/29109/51466/25/11346/5829/2006/7016/22899/2041/406941/3984/9639/9124/9647/23370/116985/85462/6714/8829/10391/10163/114822/4088/6093/10395/7454/23332/9839/90167/5296/7248/90102/4233/1785/8500/7043/3693/79933/4070,Factor6
GO:0021543,pallium development,174,0.3138839309622912,1.453073809639212,0.006242701018727185,0.043098234868119985,NA,2664,"tags=28%, list=18%, signal=23%",23135/55558/3912/57178/2316/2737/6722/84687/5914/266727/10642/10501/153090/9355/79143/4204/5454/9353/10460/284403/1281/5455/170302/51176/2290/2146/4192/9928/3480/471/23224/7515/25987/89780/6343/5629/5079/582/1459/10579/63950/238/259266/8941/83696/5802/2018/64211/55122,Factor6
GO:0170033,L-amino acid metabolic process,157,-0.29786904176184814,-1.4490217040612403,0.006254636042660607,0.043131225891436475,NA,2623,"tags=25%, list=17%, signal=21%",2954/2571/80150/10588/23657/51268/435/384/2639/1491/23409/51074/3155/11315/5053/2752/5092/7915/58478/56922/54529/23464/10993/2572/5723/9971/4942/29968/56954/55256/2805/54511/441024/2746/8528/1036/284716/4693/3176/1610,Factor6
GO:0048534,hematopoietic or lymphoid organ development,96,0.3607116265745944,1.542214636206905,0.006282847005985881,0.04327625017723075,NA,4298,"tags=42%, list=29%, signal=30%",57124/602/7040/9048/6722/4791/25/1030/2625/3720/4049/9464/6899/9935/171023/51804/3200/64332/6495/2300/326/4041/10018/5585/3175/8379/8772/8792/7157/6469/4050/23607/4055/5605/56033/1015/2049/22890/10370/9760,Factor6
GO:0060841,venous blood vessel development,16,0.6336152391141464,1.8430551033705533,0.0063222278126860345,0.043358146685807716,NA,2839,"tags=50%, list=19%, signal=41%",2022/4851/1948/7422/57493/5629/93/83605,Factor6
GO:0043649,dicarboxylic acid catabolic process,17,-0.5931382655555127,-1.7483598385093506,0.00631823464050395,0.043358146685807716,NA,3389,"tags=65%, list=23%, signal=50%",60496/122970/2571/10588/10005/2752/2572/2805/2746/10840/8528,Factor6
GO:0055007,cardiac muscle cell differentiation,116,0.3380287458199337,1.4766308698753237,0.0063235126824000305,0.043358146685807716,NA,3348,"tags=35%, list=22%, signal=28%",23135/7040/6548/6722/5914/2931/3192/1948/9794/5159/2539/2648/79191/9150/7422/4000/57538/693175/4629/23363/115701/2627/652/89780/23493/5629/2626/407007/7373/88/10664/8557/7528/8324/5592/7248/11214/28514/4703/9096/5156,Factor6
GO:0001101,response to acid chemical,116,0.3378400798727643,1.4758067093116745,0.0063235126824000305,0.043358146685807716,NA,2571,"tags=29%, list=17%, signal=24%",2906/3184/80781/1277/1291/1278/1786/84687/1282/2033/7422/1290/4615/1051/1788/1281/3297/5970/23677/3480/6494/5311/1307/57521/599/4524/6495/10365/10458/3856/8651/84918/80339/4313,Factor6
GO:0002090,regulation of receptor internalization,72,0.3965445351366812,1.586639439093167,0.0064212668877108485,0.04397838128662873,NA,2012,"tags=24%, list=13%, signal=21%",23513/1815/3690/1948/3092/124930/55697/7422/79890/1813/29978/868/2332/338692/3643/6311/89780,Factor6
GO:1902850,microtubule cytoskeleton organization involved in mitosis,145,0.32243246768278666,1.4552262655259527,0.0064439569358432005,0.04403370572826187,NA,2981,"tags=29%, list=20%, signal=23%",2316/2801/29082/5310/3611/55201/8243/5116/3192/4926/29128/5347/23636/90990/55755/9639/10460/284403/3064/3619/55835/9126/3833/83541/9700/256364/7175/729440/4605/26086/10579/22974/1062/3832/9493/24137/23332/6905/10252/128866/1778/26065,Factor6
GO:0008015,blood circulation,482,0.25403450433947816,1.3197656091955665,0.0064426441323708,0.04403370572826187,NA,3441,"tags=29%, list=23%, signal=23%",7040/6548/6915/1760/10848/2828/146/83483/2316/6339/2022/6909/5566/1278/623/9424/2303/8912/79924/775/2784/65266/177/7442/489/2931/3291/1636/8985/26509/710/11117/3728/487/25/5606/135/59341/624/89797/6649/4881/2006/388591/112/10052/1727/1889/79191/11156/9590/7422/4204/1829/9353/4882/482/2296/1813/5331/1311/2131/10021/143282/347148/81285/4846/6508/5155/2767/857/125111/7026/1909/27134/2627/8509/58498/6714/121643/55636/219537/23493/1621/57731/6781/7424/10365/10391/4092/54795/1522/3270/2626/2946/4088/4041/2028/6338/157378/4313/80149/6093/8654/8557/10142/2768/65125/2034/3672/3269/4922/5592/8913/1392/488/151/57835/7349/2548/3274/9839/9414/4625/28514/79987/3784/7137/4544/3320/9096/9365/134/2837/5770/6331/2149/84034/3676/613/1003,Factor6
GO:0051148,negative regulation of muscle cell differentiation,64,0.3953452100975962,1.5603352266577402,0.006480813992907493,0.04423540876019645,NA,3858,"tags=44%, list=26%, signal=33%",1786/348093/2931/4851/5725/3481/2539/9150/4204/693175/5155/2146/4772/23493/407006/407007/7528/8324/10014/9759/28514/26057/4086/6469/27086/4773/93649/93166,Factor6
GO:0003184,pulmonary valve morphogenesis,19,0.5993925856191176,1.7942864543870432,0.00648816073453927,0.044235457858674415,NA,2146,"tags=47%, list=14%, signal=41%",4851/4091/26508/9353/4846/4772/652/23493/64220,Factor6
GO:0002076,osteoblast development,16,0.6323590414343705,1.839401085282557,0.006529511940084873,0.04446708300891698,NA,4901,"tags=88%, list=33%, signal=59%",2736/860/3727/4221/4088/4041/63923/8994/6469/3199/5745/43/23314/632,Factor6
GO:0006081,cellular aldehyde metabolic process,62,-0.38306844003586665,-1.5731014947477295,0.006570769165501434,0.04467067185198519,NA,2878,"tags=37%, list=19%, signal=30%",6888/195814/11320/7167/6121/55163/6120/224/10327/217/11315/9380/25953/83875/27122/2098/216/3029/8574/2739/223/1910/128,Factor6
GO:1900180,regulation of protein localization to nucleus,137,0.32830235613389575,1.4716098821196153,0.006575040478910567,0.04467067185198519,NA,3490,"tags=36%, list=23%, signal=28%",7040/80279/2316/2737/6934/1387/3728/2033/23435/5347/7016/9258/29775/4000/1029/5580/25885/55929/7297/56257/51684/81603/26524/705/10155/57506/4140/652/6714/25937/6794/7175/9531/4088/7015/56957/84445/80149/207/29969/84662/25942/5296/10413/142/6469/3320/2932/83667/23607,Factor6
GO:0050920,regulation of chemotaxis,181,0.3004541719406637,1.4039393756078986,0.0065816420448917955,0.04467067185198519,NA,2685,"tags=24%, list=18%, signal=20%",55558/7040/6405/9048/4858/177/25865/51157/4851/8740/2260/59341/1948/5159/1954/406941/7422/9353/79890/6810/5155/4192/5880/8817/9647/7162/1435/10013/89780/8829/7057/3673/7424/3315/2833/245937/4088/285/5054/6354/64221/1803/65125,Factor6
GO:0060563,neuroepithelial cell differentiation,44,0.44536515293309165,1.5992163967737014,0.006646476929174478,0.045059973511962406,NA,2679,"tags=34%, list=18%, signal=28%",56975/7040/6659/9231/4851/25/5454/1051/6664/51176/57521/652/1834/5054/203068,Factor6
GO:0045616,regulation of keratinocyte differentiation,33,0.49740803099174813,1.69310364059938,0.006676841690262166,0.045214971760910196,NA,3344,"tags=39%, list=22%, signal=31%",4851/677/4926/7421/7538/2296/1594/4831/2146/5469/6093/2118/54206,Factor6
GO:0042364,water-soluble vitamin biosynthetic process,12,-0.6690477680711817,-1.809245015256631,0.006694515086107157,0.045283773764273665,NA,3243,"tags=67%, list=22%, signal=52%",231/10560/55163/27010/10327/55312/9104/29968,Factor6
GO:0060008,Sertoli cell differentiation,22,0.5484760815152202,1.6943560135628184,0.006705230668982412,0.04530540946407735,NA,2714,"tags=45%, list=18%, signal=37%",2316/5914/9667/5872/6662/6382/2516/546/3624/2623,Factor6
GO:1905332,positive regulation of morphogenesis of an epithelium,35,0.4890158468267326,1.6908515074444455,0.006737251901517359,0.0454707919489867,NA,2119,"tags=43%, list=14%, signal=37%",7040/3976/25/6662/85474/2625/7422/79812/3975/5293/4192/51804/2668/652/6495,Factor6
GO:0030282,bone mineralization,115,0.3371284896008745,1.469435344317442,0.006750383338144051,0.045508456799769795,NA,3615,"tags=35%, list=24%, signal=27%",56975/22904/4054/1291/1278/645811/6662/7421/4015/2355/4322/860/54880/79147/1311/130497/1594/116039/7020/652/6256/2068/54795/93/249/4088/387733/89/2623/2201/7071/3381/162466/166929/2719/9923/9365/56172/91461/246,Factor6
GO:0072203,cell proliferation involved in metanephros development,10,0.7028840491203704,1.7734750818408833,0.006827901875395448,0.0458771065808343,NA,3270,"tags=70%, list=22%, signal=55%",1958/4609/5159/130497/5727/2719/6469,Factor6
GO:0030866,cortical actin cytoskeleton organization,40,0.4716010650825524,1.660959620934663,0.006822253850485661,0.0458771065808343,NA,1559,"tags=20%, list=10%, signal=18%",30846/3748/29109/5872/128239/752/7094/382,Factor6
GO:0044403,biological process involved in symbiotic interaction,265,0.28449199304066985,1.3875375246033306,0.00681380531897123,0.0458771065808343,NA,3144,"tags=29%, list=21%, signal=23%",23476/55876/6597/29801/29082/2194/3609/3482/2033/3690/23435/1948/290/8091/5045/9150/23076/2335/219931/3725/4615/3949/5817/2192/7023/64170/3678/79677/8812/55223/6510/81603/81559/51176/857/23137/6614/4261/25833/131578/2332/3643/7726/6714/3383/8829/51114/3673/25893/1969/407006/1105/7293/3625/7879/1234/222537/1025/53349/407007/867/6338/3916/80149/1803/207/4583/79720/949/53373/128866/10738/9080/30835/11060/6541/8542,Factor6
GO:0070131,positive regulation of mitochondrial translation,12,-0.6670447625539826,-1.8038284696518658,0.006851110165582202,0.04590274936492279,NA,2989,"tags=92%, list=20%, signal=73%",55005/285367/84769/79828/84881/22868/51335/79072/26995/23107/708,Factor6
GO:0003177,pulmonary valve development,23,0.5522336910067361,1.7298014359607565,0.006862183039289105,0.04590274936492279,NA,2146,"tags=39%, list=14%, signal=34%",4851/4091/26508/9353/4846/4772/652/23493/64220,Factor6
GO:0090090,negative regulation of canonical Wnt signaling pathway,131,0.3364303802380463,1.4988156620137723,0.006859140969263015,0.04590274936492279,NA,3328,"tags=33%, list=22%, signal=26%",1958/2737/6934/2931/4851/6662/643965/440193/10076/153090/7090/8321/261734/2010/3487/27031/1500/26524/6591/4192/55593/857/8312/7162/51339/80114/25937/6794/83999/1601/10297/9580/63923/8994/84445/57680/64321/7089/2735/2719/6469/9096/2932,Factor6
GO:0044089,positive regulation of cellular component biogenesis,447,0.2569129785061792,1.3267567888682072,0.006848998117550589,0.04590274936492279,NA,3328,"tags=27%, list=22%, signal=22%",7040/375790/9696/2316/3038/6722/57555/10174/22880/9231/29109/81857/26053/11117/51466/25/50807/23187/11346/9898/4926/11135/6662/6624/8408/153090/5829/7016/23636/27286/22899/8128/1981/80115/2041/79191/9727/10677/7422/55755/4204/261734/23768/4615/57787/3984/2017/9639/9448/3064/89848/9001/3297/382/55835/857/6382/10155/2332/5880/57506/1307/9647/116985/7162/6714/8440/6356/8829/90678/7175/54869/10733/84630/9146/1969/7879/3373/29904/9662/10458/22883/10163/23130/9788/4088/54737/10018/28964/23613/23394/6093/55971/10142/1365/1946/23332/2048/6376/148170/23019/1778/57472/10615/90167/54674/54552/7248/90102/7157/9746/54922/64787/581/225689/10497/7058/10015/3320/4233/2932,Factor6
GO:0048703,embryonic viscerocranium morphogenesis,10,0.7024708407757537,1.7724324992076546,0.006899397580246381,0.046049467570481666,NA,3598,"tags=80%, list=24%, signal=61%",2303/6899/3975/3340/25836/4522/3199/157506,Factor6
GO:0071333,cellular response to glucose stimulus,122,0.33820444619842394,1.4868118515642124,0.00689227691597443,0.046049467570481666,NA,3351,"tags=35%, list=22%, signal=28%",7040/6597/1277/55107/5566/6722/6659/177/1636/7351/10723/9230/8660/4825/6810/5127/3480/8398/111/57521/2081/51085/3383/51092/8609/9854/9572/54795/415116/2626/7776/4088/4041/3651/1946/5076/1392/25942/10497/6598/8111/5007/2030,Factor6
GO:0006063,uronic acid metabolic process,12,-0.6666400891249742,-1.802734148111341,0.006929407720100265,0.046147558374634585,NA,1748,"tags=33%, list=12%, signal=29%",10327/51181/55347/51084,Factor6
GO:0019585,glucuronate metabolic process,12,-0.6666400891249742,-1.802734148111341,0.006929407720100265,0.046147558374634585,NA,1748,"tags=33%, list=12%, signal=29%",10327/51181/55347/51084,Factor6
GO:0071326,cellular response to monosaccharide stimulus,126,0.3398331095989827,1.4984558882371244,0.006948220722110586,0.04622177294940453,NA,3351,"tags=35%, list=22%, signal=27%",7040/6597/1277/55107/5566/6722/6659/177/1636/7351/10723/9230/8660/4825/65010/6810/5127/3480/8398/111/57521/2081/51085/3383/51092/8609/9854/9572/54795/415116/2626/7776/4088/4041/3651/1946/5076/1392/25942/10497/6598/8111/5007/2030,Factor6
GO:0021545,cranial nerve development,61,0.41000484950921623,1.5981294090488716,0.0069666688076629995,0.04624241509227412,NA,2119,"tags=36%, list=14%, signal=31%",55558/5361/6405/2737/10312/89797/1959/104/8828/6899/3746/4882/2131/10371/9935/7020/51804/3200/5457/8829/55636/6495,Factor6
GO:0010634,positive regulation of epithelial cell migration,48,0.43258755136221194,1.5892658514262847,0.006962177248865556,0.04624241509227412,NA,3192,"tags=40%, list=21%, signal=31%",6662/8660/9922/4318/6239/9448/5335/382/9647/6714/10013/3673/407006/3675/407007/3640/23332/3037/1793,Factor6
GO:0021675,nerve development,92,0.36841842457524954,1.5696701119908811,0.006978427396768529,0.046269507063062626,NA,3664,"tags=42%, list=24%, signal=32%",55558/5361/6405/2737/3611/10312/89797/1959/1889/104/8828/6899/3746/4882/2131/10371/55959/9935/7020/51804/1909/3200/5457/8829/55636/6495/23405/2048/5205/5076/6299/4902/5459/3213/3676/1605/5582/9860/3198,Factor6
GO:0005979,regulation of glycogen biosynthetic process,26,0.5224044847517326,1.6744289950923192,0.0070001152171649894,0.046311409894460365,NA,2672,"tags=46%, list=18%, signal=38%",2931/3481/8660/3667/23178/3643/90673/2887/53632/8445/207/79660,Factor6
GO:0010962,regulation of glucan biosynthetic process,26,0.5224044847517326,1.6744289950923192,0.0070001152171649894,0.046311409894460365,NA,2672,"tags=46%, list=18%, signal=38%",2931/3481/8660/3667/23178/3643/90673/2887/53632/8445/207/79660,Factor6
GO:0032526,response to retinoic acid,99,0.35722853105859054,1.5291794374394971,0.007023449509005745,0.046414835735501786,NA,3640,"tags=37%, list=24%, signal=29%",1277/6909/5914/3482/6662/4058/5916/4602/9464/6899/11211/7483/1813/7477/130497/171023/255239/5727/2627/3371/5753/6256/89780/8273/27/5754/3066/4313/8324/5076/7475/10413/2707/2932/3199/1592/2706,Factor6
GO:0072593,reactive oxygen species metabolic process,208,-0.2754732449349566,-1.40308380990734,0.007036705381467587,0.046451504199457996,NA,2406,"tags=24%, list=16%, signal=20%",23408/2537/23530/256471/1410/384/51167/1816/706/329/3692/10229/6622/7305/5446/1535/1906/55486/873/11315/83875/3988/9474/10549/51/55312/51181/84275/11334/3043/255027/65018/6647/847/4151/54541/183/5052/2950/4724/25824/10193/2876/4722/27244/7001/10935/4504/5547/140823,Factor6
GO:0048566,embryonic digestive tract development,32,0.49394173134340946,1.6689593600304125,0.007048434312125837,0.04647802363149061,NA,3641,"tags=47%, list=24%, signal=36%",2737/348093/2295/3142/2736/10736/6664/6343/64220/25836/6299/6469/5156/91461/3549,Factor6
GO:0072074,kidney mesenchyme development,16,0.6277122658936231,1.8258845805555468,0.007152045395454061,0.04707985022358959,NA,3270,"tags=56%, list=22%, signal=44%",4609/10736/130497/51804/5311/6495/2297/5076/6469,Factor6
GO:0036302,atrioventricular canal development,13,0.6448289971852247,1.757105724922962,0.007155324839025728,0.04707985022358959,NA,2907,"tags=54%, list=19%, signal=43%",2022/6909/2627/121643/55636/2626/3037,Factor6
GO:0048639,positive regulation of developmental growth,157,0.30998205157405323,1.418295135796928,0.0073128483510143385,0.048063835345216376,NA,3136,"tags=32%, list=21%, signal=26%",375790/6909/6722/29882/3142/4851/5467/3481/2260/1954/7422/4204/5454/2335/57154/3984/2803/1813/693175/5292/2307/170302/59284/23499/2627/3643/825/1435/1002/89780/8829/55636/23493/57731/5629/4092/1382/407975/407007/23394/89/207/25836/1946/57611/23025/9423/2735/9254/28514/10413,Factor6
GO:0010453,regulation of cell fate commitment,44,0.44296933870221866,1.5906135113067923,0.007377204648114569,0.04838129751271655,NA,2851,"tags=39%, list=19%, signal=31%",23476/9112/2033/2260/54815/1108/1107/3718/57459/6046/53615/652/89780/3066/84695/64321/8324,Factor6
GO:0090066,regulation of anatomical structure size,445,0.25907254080893083,1.3386266163518492,0.007369405248929595,0.04838129751271655,NA,3376,"tags=30%, list=22%, signal=24%",64857/55558/6915/91663/6405/146/1291/6722/2303/85358/7410/2784/29882/1636/8985/51466/3783/25/25959/135/6840/128239/84335/11135/59341/10723/10500/8408/624/6649/11078/4881/2006/1954/51334/23616/112/80115/4825/1889/10677/5916/7422/2335/9353/51332/57154/79890/3984/2017/2296/5580/2803/7477/1311/54434/2131/10371/56996/89848/80128/130271/4846/1185/382/171023/857/1909/23499/1759/2314/57521/10013/8440/393/1002/23108/6356/54961/89780/8829/6560/219537/6343/1621/57731/80131/10365/10458/1382/54795/6338/2055/57026/88/4313/6712/23394/5802/6093/55971/65125/7454/3672/3269/1946/4922/57611/5076/148170/3475/5592/9423/151/25942/7349/3274/56920/5296/7248/79987/57704/56262/4544/3320/4703/23038/134/2932/1785/2837/2149/53335,Factor6
GO:0030948,negative regulation of vascular endothelial growth factor receptor signaling pathway,10,0.7008339674495659,1.7683024381260908,0.007400572069427368,0.048474572399563404,NA,2104,"tags=50%, list=14%, signal=43%",11117/153090/10016/79812/9146,Factor6
GO:0007098,centrosome cycle,124,0.33336026098319094,1.4662648756197156,0.00740751305458734,0.048474572399563404,NA,3360,"tags=36%, list=22%, signal=28%",9696/984/2801/11190/22809/55559/5347/23636/728642/1107/2648/7516/81669/116840/10432/284001/55755/57787/9639/22995/54875/284403/899/23354/55835/348654/4957/5311/84552/57018/10733/26548/26005/9662/1647/3832/57710/55226/128866/80254/93323/1111/10015/1785/26973,Factor6
GO:0070193,synaptonemal complex organization,17,0.6030378369809004,1.7739317318854189,0.007429786168565481,0.04856759353356199,NA,4635,"tags=47%, list=31%, signal=33%",9985/5347/10919/100130958/256126/10734/10388/93426,Factor6
GO:0034332,adherens junction organization,52,0.41939488322211316,1.5750772849959451,0.00753226778457704,0.04918415811229233,NA,2762,"tags=37%, list=18%, signal=30%",80139/25930/9253/23396/9231/64403/1948/7414/1009/7422/1445/6904/3801/6714/1002/4092/9788/60/8650,Factor6
GO:0010563,negative regulation of phosphorus metabolic process,254,0.2854245705633238,1.3823046844223676,0.00755904278919266,0.04925227123293423,NA,3133,"tags=31%, list=21%, signal=25%",7040/80279/90007/5566/1849/84619/2931/84327/9052/25/3192/23435/1030/84335/153090/8660/9961/5347/7249/7016/23636/200734/64780/1981/2041/104/863/9353/1029/5580/2192/7023/10221/26524/4221/5155/1609/857/9467/7026/26146/79888/376497/9647/25937/5753/8440/51085/57493/2887/11329/5170/7128/401265/4092/3315/51005/7498/2810/1647/8651/4041/28964/3624/80149/5591/89/207/154043/2048/406900/5592/79706/2646/9759/7157/54922/23141,Factor6
GO:0045936,negative regulation of phosphate metabolic process,254,0.2854245705633238,1.3823046844223676,0.00755904278919266,0.04925227123293423,NA,3133,"tags=31%, list=21%, signal=25%",7040/80279/90007/5566/1849/84619/2931/84327/9052/25/3192/23435/1030/84335/153090/8660/9961/5347/7249/7016/23636/200734/64780/1981/2041/104/863/9353/1029/5580/2192/7023/10221/26524/4221/5155/1609/857/9467/7026/26146/79888/376497/9647/25937/5753/8440/51085/57493/2887/11329/5170/7128/401265/4092/3315/51005/7498/2810/1647/8651/4041/28964/3624/80149/5591/89/207/154043/2048/406900/5592/79706/2646/9759/7157/54922/23141,Factor6
GO:0048872,homeostasis of number of cells,294,0.27431730549144884,1.3573156889902038,0.007667499975167571,0.049904991739022624,NA,2714,"tags=25%, list=18%, signal=21%",7040/80279/51341/10603/22985/1291/161882/6722/6659/50943/4851/10312/677/8740/25/9469/9898/23774/6662/55690/604/2625/2539/27040/2355/7538/9258/7422/23186/4602/2113/54892/3718/2176/64170/2131/51621/4846/6510/5293/2146/9935/171023/10019/64332/5880/23495/6688/1435/652/10013/8444/25893/407006/53833/7128/6654/2068/10365/28996/3171/407975/5469/407007/10018/6338/7373/3624/5585/5591/207/4583/2034/2623,Factor6
