gene,score
ZNF560_RNA,0.4832797348499298
FREM3_RNA,0.4717632234096527
ZNF492_RNA,0.4449240267276764
ZC3H12B_RNA,0.4430290758609772
ZNF208_RNA,0.4360794425010681
ZNF98_RNA,0.43382880091667175
KCNJ9_RNA,0.4052048325538635
RANBP17_RNA,0.4050639867782593
SLC25A21_RNA,0.39710527658462524
TMEFF2_RNA,0.38992249965667725
CSDC2_RNA,0.38744544982910156
EPHB1_RNA,0.3870207369327545
SGCD_RNA,0.36456233263015747
MIPOL1_RNA,0.36303645372390747
GLIS1_RNA,0.362753689289093
TACR1_RNA,0.36227473616600037
FGF17_RNA,0.36217382550239563
GDNF_RNA,0.3585112392902374
NKAIN1_RNA,0.3549714982509613
BASP1_RNA,0.3527320921421051
REPS2_RNA,0.34756648540496826
ADAMTS20_RNA,0.34509050846099854
DSCAML1_RNA,0.34328317642211914
ABHD6_RNA,0.34232479333877563
KCNH8_RNA,0.3374289572238922
SLCO5A1_RNA,0.33662012219429016
ZNF488_RNA,0.3354986310005188
DNM3_RNA,0.33381038904190063
ADCY5_RNA,0.3324674069881439
RAB33A_RNA,0.33174964785575867
IL1RAPL1_RNA,0.3265746235847473
NMUR2_RNA,0.3255684971809387
MEX3B_RNA,0.31868091225624084
PCSK6_RNA,0.31862303614616394
IRX2_RNA,0.3181525468826294
AMOTL2_RNA,0.31588342785835266
FAM133A_RNA,0.312330961227417
ZNF727_RNA,0.3112603724002838
NTN4_RNA,0.310806006193161
TKTL2_RNA,0.3099314272403717
SHISA2_RNA,0.30874544382095337
SPHKAP_RNA,0.3080615699291229
FERMT1_RNA,0.30506351590156555
AIM2_RNA,0.304988294839859
GPR179_RNA,0.3039903938770294
CSMD3_RNA,0.30262601375579834
SCUBE3_RNA,0.3012039363384247
SUSD5_RNA,0.29936695098876953
GALNT13_RNA,0.29896408319473267
VTCN1_RNA,0.2989370822906494
PHACTR3_RNA,0.29793697595596313
NR0B1_RNA,0.2973712086677551
MCF2L2_RNA,0.29587477445602417
GABRA3_RNA,0.2954109013080597
PCDHGB4_RNA,0.29470938444137573
KIF21B_RNA,0.29464417695999146
GFRA1_RNA,0.29441791772842407
MDGA2_RNA,0.2939666211605072
USP43_RNA,0.2923285961151123
ITGA9_RNA,0.2903846800327301
GNAI1_RNA,0.28804948925971985
TRAM1L1_RNA,0.2869483232498169
SYT6_RNA,0.28691527247428894
PZP_RNA,0.28618013858795166
GALNT14_RNA,0.28593283891677856
C1QL1_RNA,0.284975528717041
P2RX7_RNA,0.28469058871269226
IGFBPL1_RNA,0.2833586633205414
PAX1_RNA,0.28269726037979126
UGT8_RNA,0.28117719292640686
PLCL1_RNA,0.2796231508255005
ARHGAP22_RNA,0.2765515148639679
RBP3_RNA,0.2765447795391083
PCDH15_RNA,0.2757128179073334
RCOR2_RNA,0.2752324640750885
RNF150_RNA,0.27373185753822327
WNK2_RNA,0.27263686060905457
SFTPC_RNA,0.2718689739704132
FAM107B_RNA,0.27043673396110535
FAM89A_RNA,0.27032896876335144
LPAR4_RNA,0.270235151052475
CRYAB_RNA,0.27001309394836426
STARD10_RNA,0.2696751356124878
ALCAM_RNA,0.2696165144443512
LRRC8B_RNA,0.26889699697494507
SH3GL2_RNA,0.26796796917915344
SLC44A1_RNA,0.26766473054885864
NETO1_RNA,0.26526889204978943
TSPAN15_RNA,0.2642812728881836
CLEC4F_RNA,0.2627386748790741
REM1_RNA,0.2624756991863251
KCNK12_RNA,0.26144540309906006
SNX22_RNA,0.2613053023815155
DGKI_RNA,0.26035428047180176
EYA1_RNA,0.2603512406349182
SOX4_RNA,0.26007696986198425
RIPPLY2_RNA,0.2597680985927582
ZC4H2_RNA,0.259684294462204
SSTR2_RNA,0.25930255651474
SIRT2_RNA,0.25876516103744507
ACRV1_RNA,0.25815704464912415
WASF1_RNA,0.2571360170841217
SMCP_RNA,0.2570199966430664
SHB_RNA,0.25683772563934326
TNFRSF8_RNA,0.256399005651474
SAMD11_RNA,0.2563254237174988
SCN3A_RNA,0.2562792897224426
BEND4_RNA,0.2562257647514343
RPS6KA6_RNA,0.25438401103019714
ZNF804A_RNA,0.25427982211112976
FA2H_RNA,0.253967821598053
MEX3A_RNA,0.25381940603256226
KCNH1_RNA,0.2529710829257965
VSTM2B_RNA,0.2529546022415161
MEGF11_RNA,0.2525634467601776
BIRC7_RNA,0.2516137659549713
PPP2R3A_RNA,0.2513270378112793
RASGEF1C_RNA,0.2513267397880554
DNAH10_RNA,0.25124281644821167
SLITRK1_RNA,0.25100013613700867
PLCXD2_RNA,0.2508881688117981
EPB41_RNA,0.24941229820251465
ATCAY_RNA,0.2479310780763626
KCNIP3_RNA,0.24766097962856293
ZNF257_RNA,0.2472667098045349
VIPR2_RNA,0.24579769372940063
PLCH2_RNA,0.24554719030857086
CNKSR1_RNA,0.24510261416435242
UBE2E2_RNA,0.2448549121618271
PAX9_RNA,0.24404172599315643
PFN2_RNA,0.24282333254814148
KLHL35_RNA,0.24198313057422638
SLC1A1_RNA,0.24195414781570435
VEPH1_RNA,0.2417965531349182
ZNF695_RNA,0.24079953134059906
POPDC3_RNA,0.24073073267936707
MAGEH1_RNA,0.24069145321846008
DOK6_RNA,0.240067720413208
GADD45G_RNA,0.23941706120967865
FLRT1_RNA,0.23925098776817322
GAL3ST1_RNA,0.2383011430501938
ASB2_RNA,0.23777540028095245
CACNA1A_RNA,0.2370963990688324
TMC6_RNA,0.23679658770561218
CBLN1_RNA,0.2360074669122696
ADAM29_RNA,0.23480761051177979
CCDC85A_RNA,0.23455098271369934
GNAL_RNA,0.2340407371520996
UST_RNA,0.23365066945552826
FLNB_RNA,0.2320265918970108
GLRA3_RNA,0.2320115566253662
ATRNL1_RNA,0.2319800853729248
CHST3_RNA,0.23188799619674683
EXOSC1_RNA,0.2317814826965332
SHISA7_RNA,0.23156525194644928
SIX1_RNA,0.23154695332050323
DPP10_RNA,0.2314278930425644
SERINC5_RNA,0.2312280833721161
MLLT11_RNA,0.2309972047805786
TMSB15A_RNA,0.23050417006015778
FHDC1_RNA,0.2304234802722931
GPR153_RNA,0.23025257885456085
OPCML_RNA,0.23020292818546295
MTMR7_RNA,0.23001207411289215
LYPD5_RNA,0.22926239669322968
ENPP4_RNA,0.22923479974269867
LHX1_RNA,0.22917602956295013
OPRD1_RNA,0.22913064062595367
IPMK_RNA,0.22899077832698822
CYP27C1_RNA,0.22824449837207794
MYLIP_RNA,0.22778195142745972
ADAMTS17_RNA,0.2277406007051468
JAKMIP3_RNA,0.22748978435993195
RASGEF1B_RNA,0.22643527388572693
ATP6V0A4_RNA,0.2261229306459427
MTSS1_RNA,0.22580088675022125
PPIF_RNA,0.22569076716899872
PKNOX2_RNA,0.22564680874347687
SATB1_RNA,0.2244117558002472
KHDRBS2_RNA,0.22431229054927826
SMOC1_RNA,0.22425146400928497
DLK2_RNA,0.22379504144191742
CCNB3_RNA,0.22360114753246307
PROM2_RNA,0.22357934713363647
RICTOR_RNA,0.22243742644786835
VAX1_RNA,0.22226999700069427
DOCK10_RNA,0.22221896052360535
PIP4K2A_RNA,0.2220713347196579
LCNL1_RNA,0.2220398336648941
RPRM_RNA,0.22149688005447388
FRMD4A_RNA,0.22146661579608917
MIIP_RNA,0.2213660478591919
PPA1_RNA,0.22118563950061798
DIP2C_RNA,0.2209825962781906
FGF13_RNA,0.22074340283870697
FBLL1_RNA,0.22055311501026154
KCNQ5_RNA,0.22041723132133484
REC8_RNA,0.21933889389038086
VLDLR_RNA,0.21929313242435455
PTGER3_RNA,0.21923452615737915
KLRC1_RNA,0.21923093497753143
NOG_RNA,0.2186765968799591
ABLIM3_RNA,0.2178693413734436
MAGEL2_RNA,0.21726302802562714
SLC16A7_RNA,0.21725884079933167
KANK4_RNA,0.21700067818164825
VAX2_RNA,0.21697556972503662
CDH18_RNA,0.21654924750328064
PRKCQ_RNA,0.21652206778526306
NLRP11_RNA,0.216448575258255
TUSC3_RNA,0.21613365411758423
ELMO1_RNA,0.21598181128501892
STMN4_RNA,0.21569453179836273
RNF144A_RNA,0.21539191901683807
TSHR_RNA,0.2152062952518463
NPY5R_RNA,0.21519382297992706
NPR3_RNA,0.21491168439388275
NPM2_RNA,0.2145044058561325
RPL32_RNA,0.2144661396741867
RIMS2_RNA,0.21387827396392822
DUSP26_RNA,0.21356935799121857
RAB9B_RNA,0.21351666748523712
JPH4_RNA,0.21318428218364716
PCDHGA8_RNA,0.21265104413032532
FBXL2_RNA,0.21211209893226624
CCDC120_RNA,0.21207772195339203
CHD7_RNA,0.21191643178462982
TMEM163_RNA,0.21154923737049103
TMIGD2_RNA,0.21142631769180298
SLC44A5_RNA,0.21139338612556458
PDE1A_RNA,0.2113225758075714
RAP2A_RNA,0.21010957658290863
LGR5_RNA,0.20968720316886902
FHIT_RNA,0.20956529676914215
SNAP91_RNA,0.20932306349277496
AGPAT4_RNA,0.20930230617523193
SBF1P1_RNA,0.20925238728523254
GPR85_RNA,0.20859667658805847
DACH2_RNA,0.20848819613456726
ARHGAP24_RNA,0.20824779570102692
ABI3BP_RNA,0.2082086205482483
NPY1R_RNA,0.20794959366321564
USP49_RNA,0.20777010917663574
ADAMTS12_RNA,0.20756646990776062
SSTR1_RNA,0.2075023204088211
WNT2_RNA,0.20718953013420105
TLX1NB_RNA,0.20638300478458405
NDN_RNA,0.20584918558597565
KIF26A_RNA,0.20581617951393127
GYPA_RNA,0.20576871931552887
PRKCZ_RNA,0.2054619938135147
FSHR_RNA,0.20534466207027435
ANKRD18A_RNA,0.20534247159957886
CDH3_RNA,0.20477816462516785
PATE2_RNA,0.20476986467838287
ONECUT2_RNA,0.20469725131988525
SIM1_RNA,0.20462845265865326
SPINK5_RNA,0.20448210835456848
ADAMTS4_RNA,0.20442086458206177
CNBD1_RNA,0.20433111488819122
ADAMTS15_RNA,0.20427502691745758
FXYD2_RNA,0.20410315692424774
FAAH_RNA,0.20368197560310364
USH1C_RNA,0.20347636938095093
DNAH17_RNA,0.2032303512096405
PCDHA5_RNA,0.20322775840759277
RAB25_RNA,0.20314596593379974
GRIK2_RNA,0.20312915742397308
FABP4_RNA,0.20298586785793304
SIX4_RNA,0.20263458788394928
SYT16_RNA,0.20249556005001068
BAMBI_RNA,0.20220421254634857
MSRB2_RNA,0.20206861197948456
CADM3_RNA,0.2018241435289383
TBPL1_RNA,0.2017677128314972
SMAD6_RNA,0.20172767341136932
TMEM213_RNA,0.20125168561935425
ANKRD6_RNA,0.20090533792972565
SLC45A3_RNA,0.20085003972053528
LRP6_RNA,0.20036569237709045
NPPA_RNA,0.1998000591993332
MC5R_RNA,0.19949984550476074
ANGPTL7_RNA,0.19949917495250702
DEPDC7_RNA,0.1992264688014984
PDIA2_RNA,0.19911059737205505
PDE2A_RNA,0.199071004986763
CD207_RNA,0.1989600956439972
NOS1_RNA,0.19878359138965607
FGD3_RNA,0.19876043498516083
NXN_RNA,0.19875693321228027
LINGO1_RNA,0.1986684650182724
TMEM132C_RNA,0.198378324508667
FAM124A_RNA,0.1983652114868164
SLC1A7_RNA,0.19822220504283905
TNFRSF21_RNA,0.19809368252754211
DLG5_RNA,0.19808728992938995
TMEM169_RNA,0.1978861391544342
KLHL32_RNA,0.19782303273677826
GLYATL1_RNA,0.197330504655838
GRHL1_RNA,0.1972447782754898
AFF3_RNA,0.19705131649971008
TRDN_RNA,0.19694146513938904
DOCK11_RNA,0.1967352032661438
ZNF74_RNA,0.19609615206718445
TKTL1_RNA,0.19536279141902924
MAPK8_RNA,0.19513647258281708
SEMA6C_RNA,0.19511091709136963
ALPL_RNA,0.19485923647880554
XKR4_RNA,0.194668248295784
KCNQ1OT1_RNA,0.19435477256774902
C1QTNF8_RNA,0.194353386759758
MYB_RNA,0.19427849352359772
C3orf22_RNA,0.19423311948776245
SOX10_RNA,0.19416962563991547
CACNA1C_RNA,0.1940964162349701
AFF2_RNA,0.19376005232334137
SLC18A3_RNA,0.19348256289958954
DIO3_RNA,0.19337335228919983
LIMD2_RNA,0.1931660771369934
GREB1L_RNA,0.19307959079742432
SULF1_RNA,0.19299200177192688
GLYCTK_RNA,0.1926916390657425
BMP2_RNA,0.19253194332122803
FLJ16779_RNA,0.19241803884506226
PCDHA2_RNA,0.19236047565937042
SEC61A2_RNA,0.19204917550086975
SLC1A6_RNA,0.19194483757019043
TNIP2_RNA,0.19177447259426117
DDR2_RNA,0.1917308270931244
MNX1_RNA,0.1912817358970642
TLX1_RNA,0.19114872813224792
PLEKHO1_RNA,0.1910714954137802
CRTAC1_RNA,0.19103361666202545
IGSF9B_RNA,0.1909152865409851
PTGDS_RNA,0.1907903403043747
CLEC2D_RNA,0.19076420366764069
EHD1_RNA,0.19073253870010376
GRID2_RNA,0.1906907856464386
MYCN_RNA,0.19064658880233765
BEST1_RNA,0.19041138887405396
TMEM63A_RNA,0.1903335601091385
PODN_RNA,0.18952421844005585
DUOX1_RNA,0.18930622935295105
TMEM200A_RNA,0.18911753594875336
LRRN4_RNA,0.1889156550168991
CLASP2_RNA,0.18888413906097412
HS3ST5_RNA,0.18864427506923676
TEX14_RNA,0.18863463401794434
LRFN2_RNA,0.1883556842803955
NAP1L3_RNA,0.18808525800704956
ACVR2B_RNA,0.188070610165596
DLL1_RNA,0.18806873261928558
PRSS35_RNA,0.18752852082252502
DUOXA1_RNA,0.18730854988098145
ARHGEF16_RNA,0.18729007244110107
BCAS1_RNA,0.18724378943443298
KCNB1_RNA,0.1869087666273117
HRNR_RNA,0.18675868213176727
PDX1_RNA,0.18647557497024536
PRSS48_RNA,0.18646317720413208
FCRLA_RNA,0.18639320135116577
RPL30_RNA,0.18625156581401825
NKD1_RNA,0.18619000911712646
BMF_RNA,0.18606144189834595
SBK1_RNA,0.18598462641239166
STON1-GTF2A1L_RNA,0.18577037751674652
GPC2_RNA,0.18535077571868896
CYTH1_RNA,0.185038760304451
LIMS2_RNA,0.1846776306629181
USP51_RNA,0.18458285927772522
AATK_RNA,0.18431483209133148
ACTR1A_RNA,0.18429771065711975
ARG2_RNA,0.18407396972179413
MICAL3_RNA,0.1840561479330063
TMEM98_RNA,0.18402427434921265
KCNS3_RNA,0.1839117407798767
NEU4_RNA,0.18365707993507385
DPYSL4_RNA,0.1834811419248581
SRD5A2_RNA,0.18335586786270142
TLE3_RNA,0.1833381950855255
STON1_RNA,0.18331675231456757
MICAL1_RNA,0.1833133101463318
SFRP2_RNA,0.1828688085079193
CDC123_RNA,0.1828266978263855
TOX2_RNA,0.18276387453079224
ELFN2_RNA,0.182587131857872
MTMR8_RNA,0.18253321945667267
SLC8A3_RNA,0.18209293484687805
KRT83_RNA,0.18166308104991913
MYOD1_RNA,0.18159925937652588
GIPR_RNA,0.1815667301416397
DPYS_RNA,0.18141141533851624
DAB2_RNA,0.18140073120594025
GABRR2_RNA,0.1811956763267517
SORCS3_RNA,0.18096846342086792
MAGEE1_RNA,0.1808183193206787
SLC22A12_RNA,0.1806589663028717
SFMBT2_RNA,0.18042194843292236
CDH7_RNA,0.18039754033088684
ACP5_RNA,0.1802608221769333
CLGN_RNA,0.18024063110351563
LDB1_RNA,0.17984458804130554
PELI1_RNA,0.17974577844142914
MTHFD2_RNA,0.17960448563098907
TOX3_RNA,0.17960014939308167
ABI1_RNA,0.1795814037322998
CUTC_RNA,0.17924512922763824
LRCH2_RNA,0.17923212051391602
KLHL13_RNA,0.1785406917333603
ABCG1_RNA,0.1785353422164917
PLCB4_RNA,0.17853175103664398
NUDT5_RNA,0.17849232256412506
FAM110A_RNA,0.17840465903282166
CORO7_RNA,0.17823144793510437
SATL1_RNA,0.178073450922966
ANKS1B_RNA,0.1780121922492981
POLR2F_RNA,0.1780075877904892
DLX6_RNA,0.17773938179016113
PGA3_RNA,0.17746660113334656
TF_RNA,0.17734743654727936
KCNK3_RNA,0.1772584170103073
SYN3_RNA,0.1771419495344162
MYT1_RNA,0.17679521441459656
RASL11B_RNA,0.17673075199127197
ZNF469_RNA,0.1766563206911087
PDGFRA_RNA,0.176495760679245
HES5_RNA,0.1761205494403839
SLC35E4_RNA,0.17595413327217102
CHCHD1_RNA,0.17592790722846985
IGSF8_RNA,0.17591528594493866
POLB_RNA,0.17567658424377441
EVI2A_RNA,0.17554089426994324
FAM53B_RNA,0.17543363571166992
DUOX2_RNA,0.17526035010814667
MAP3K15_RNA,0.17519763112068176
PCDHAC1_RNA,0.1751020848751068
SLC14A2_RNA,0.17492355406284332
BOK_RNA,0.17490962147712708
ABCC2_RNA,0.17481093108654022
RUNX1T1_RNA,0.17471374571323395
DCAF12L2_RNA,0.17469970881938934
PAIP2B_RNA,0.1746119111776352
PRCD_RNA,0.17454670369625092
RFPL3S_RNA,0.1745445877313614
DNAJC12_RNA,0.1745069921016693
MMP16_RNA,0.17444448173046112
ZNF578_RNA,0.17432567477226257
SHD_RNA,0.17415663599967957
OPTC_RNA,0.17400051653385162
SARNP_RNA,0.17365428805351257
MSX2_RNA,0.17362169921398163
TBC1D2_RNA,0.17306078970432281
NEUROD4_RNA,0.17302241921424866
ANGPTL2_RNA,0.17292898893356323
LDOC1_RNA,0.17291341722011566
SLC29A3_RNA,0.1729057878255844
PCBP3_RNA,0.1728445440530777
MARCKSL1_RNA,0.17278693616390228
CSMD2_RNA,0.17273055016994476
CBX2_RNA,0.17256030440330505
EDIL3_RNA,0.17247514426708221
OAZ3_RNA,0.1724536120891571
SPHK1_RNA,0.17231130599975586
HUNK_RNA,0.17226864397525787
TMPRSS11F_RNA,0.17216743528842926
ZNF248_RNA,0.17200803756713867
PGF_RNA,0.171752467751503
PATE3_RNA,0.17171692848205566
LCOR_RNA,0.17144381999969482
DCX_RNA,0.1714276224374771
SLC6A14_RNA,0.17139849066734314
CTNNA3_RNA,0.17139394581317902
FOLR2_RNA,0.17124633491039276
POLE4_RNA,0.17110010981559753
MIR575_RNA,0.17104487121105194
RIPK2_RNA,0.17093725502490997
ASXL3_RNA,0.17087391018867493
KCNIP2_RNA,0.17083388566970825
PC_RNA,0.17080311477184296
C14orf39_RNA,0.17061614990234375
INA_RNA,0.17056779563426971
CBLB_RNA,0.1705435961484909
SUPT3H_RNA,0.17032405734062195
IQCJ_RNA,0.17021781206130981
PCDHA3_RNA,0.1701718121767044
TDRKH_RNA,0.16985037922859192
ZNF732_RNA,0.16973379254341125
CNNM2_RNA,0.16944490373134613
OSBPL11_RNA,0.16941078007221222
FAM13C_RNA,0.1692151576280594
LRRTM1_RNA,0.16911692917346954
RTN4RL2_RNA,0.16904345154762268
DUSP7_RNA,0.16900917887687683
PFDN2_RNA,0.16889576613903046
ADAMTS16_RNA,0.1687670201063156
LRRC4_RNA,0.1687285602092743
STAM_RNA,0.16871249675750732
FOXA1_RNA,0.1685100495815277
KIF13A_RNA,0.1684780716896057
MAGEC2_RNA,0.1684769243001938
MYLK_RNA,0.16832610964775085
PLP1_RNA,0.16805733740329742
GSDMB_RNA,0.16803507506847382
LRRC1_RNA,0.16798579692840576
HDAC2_RNA,0.16791659593582153
PCDHA9_RNA,0.16779430210590363
IRF4_RNA,0.1673373579978943
CCT3_RNA,0.1672753095626831
LCE1D_RNA,0.16721117496490479
RPS12_RNA,0.1671634316444397
APOE_RNA,0.16676631569862366
ASB13_RNA,0.16659653186798096
COL11A1_RNA,0.16634441912174225
EEPD1_RNA,0.16619911789894104
AFAP1L2_RNA,0.16607925295829773
CDH13_RNA,0.1659492403268814
SEC31B_RNA,0.1657739132642746
STEAP4_RNA,0.16564838588237762
IGFALS_RNA,0.1656155288219452
TMCC2_RNA,0.1655084490776062
RNF207_RNA,0.1655018925666809
ARL2_RNA,0.16546757519245148
ALDH8A1_RNA,0.16540125012397766
CCND1_RNA,0.16536858677864075
SFXN2_RNA,0.1653602570295334
SCN5A_RNA,0.16505204141139984
FOXE1_RNA,0.16483229398727417
PDCD11_RNA,0.16453032195568085
AZU1_RNA,0.16437822580337524
PLS1_RNA,0.1643235683441162
TBC1D16_RNA,0.16431806981563568
HMGB4_RNA,0.1642250269651413
CMTM5_RNA,0.16413646936416626
PPP1R16B_RNA,0.16407151520252228
JAK1_RNA,0.16406874358654022
CACNA2D1_RNA,0.1640281230211258
CNTNAP5_RNA,0.1639929562807083
LGI3_RNA,0.16391612589359283
BCAR1_RNA,0.1637764871120453
SNCG_RNA,0.1637641340494156
CYP26B1_RNA,0.16375745832920074
FSD1_RNA,0.16335974633693695
SOX11_RNA,0.16329796612262726
NHLRC1_RNA,0.1632915586233139
FRMD5_RNA,0.16323056817054749
TNR_RNA,0.16310684382915497
FAM171A2_RNA,0.1630772054195404
HOXD8_RNA,0.1629357933998108
IRX4_RNA,0.1627228856086731
NALCN_RNA,0.16261190176010132
PKP4_RNA,0.16236819326877594
GRID1_RNA,0.16227073967456818
WWP2_RNA,0.1622323840856552
HOXD1_RNA,0.1621624380350113
SHANK2_RNA,0.16212284564971924
CACNA1E_RNA,0.1621207594871521
GABBR2_RNA,0.16207255423069
PATE1_RNA,0.1619461625814438
EHD3_RNA,0.1618400514125824
TEAD4_RNA,0.16167086362838745
HR_RNA,0.1616695672273636
COLQ_RNA,0.16153083741664886
C10orf90_RNA,0.16145990788936615
TMEM229B_RNA,0.16129529476165771
RPL39_RNA,0.16127656400203705
RIMS3_RNA,0.16127029061317444
ST18_RNA,0.16120374202728271
B4GALNT1_RNA,0.16111035645008087
A1BG_RNA,0.16094067692756653
GNB3_RNA,0.160775825381279
C1orf220_RNA,0.16075611114501953
SUV39H2_RNA,0.16069954633712769
ST8SIA2_RNA,0.16068047285079956
SSTR5_RNA,0.1606779843568802
MTPAP_RNA,0.1606154441833496
EXOSC5_RNA,0.16058939695358276
CCDC7_RNA,0.16056939959526062
HOXD3_RNA,0.1605253964662552
ERC2_RNA,0.16049781441688538
PPM1L_RNA,0.16049173474311829
PHACTR1_RNA,0.16035737097263336
GPR17_RNA,0.16028304398059845
SNHG3_RNA,0.16022518277168274
RPS8_RNA,0.1601416915655136
CBX8_RNA,0.16009490191936493
ATOH8_RNA,0.1600944995880127
ADAMTS7_RNA,0.15987856686115265
PLEKHG4_RNA,0.15978628396987915
BIN1_RNA,0.15975354611873627
RTKN2_RNA,0.15936477482318878
TLX3_RNA,0.15933650732040405
CXCL12_RNA,0.15917135775089264
PDE8A_RNA,0.15908661484718323
CISD1_RNA,0.1590109020471573
IGSF21_RNA,0.1587287336587906
RAB3B_RNA,0.1587267965078354
FLG2_RNA,0.15867207944393158
LRRC10B_RNA,0.1585710644721985
LHX4_RNA,0.15845714509487152
LAG3_RNA,0.15836970508098602
SLC39A11_RNA,0.15812420845031738
RPL23_RNA,0.15806250274181366
FHOD3_RNA,0.15787602961063385
TUBB3_RNA,0.1577310860157013
RPS3_RNA,0.15771624445915222
MAP3K4_RNA,0.15769797563552856
DAPL1_RNA,0.15758022665977478
MSC_RNA,0.15757253766059875
NET1_RNA,0.15746259689331055
EPB41L3_RNA,0.15731263160705566
CD5L_RNA,0.1572183519601822
ATP10B_RNA,0.15708793699741364
LDB3_RNA,0.1570802927017212
IL20RB_RNA,0.15703430771827698
PLEKHA6_RNA,0.15700337290763855
FBXO10_RNA,0.15699471533298492
SF3B5_RNA,0.15688952803611755
VAT1L_RNA,0.15684160590171814
BEX4_RNA,0.15676742792129517
AKAP3_RNA,0.1565518081188202
BMP8B_RNA,0.15646211802959442
EPB41L4B_RNA,0.1559690237045288
C17orf99_RNA,0.15588882565498352
MIR548F1_RNA,0.15583954751491547
GJC2_RNA,0.15579842031002045
PLCD4_RNA,0.15577425062656403
RAB18_RNA,0.1557721346616745
TRIM17_RNA,0.15570341050624847
CSNK1E_RNA,0.1553966999053955
RHBG_RNA,0.15536876022815704
RBPJ_RNA,0.15521672368049622
LYG2_RNA,0.1550057828426361
TSPYL2_RNA,0.15494972467422485
TULP4_RNA,0.15486624836921692
ASAH2B_RNA,0.15476463735103607
A2M_RNA,0.15475237369537354
RAI2_RNA,0.15469731390476227
BCL11B_RNA,0.15447312593460083
ST6GAL1_RNA,0.15436510741710663
CRMP1_RNA,0.15411688387393951
SMAD7_RNA,0.1541079878807068
FAM117B_RNA,0.15409591794013977
PRDM14_RNA,0.15402929484844208
ARL3_RNA,0.15402869880199432
PTPRK_RNA,0.15400993824005127
PAK3_RNA,0.15380658209323883
CUEDC2_RNA,0.1536705195903778
THEM4_RNA,0.15357479453086853
FAIM2_RNA,0.15351451933383942
COX7A2_RNA,0.15347236394882202
ZNF124_RNA,0.15340885519981384
LRRC3_RNA,0.1533745527267456
VWC2_RNA,0.15328948199748993
PITRM1_RNA,0.15315310657024384
LRP12_RNA,0.1530943363904953
CCNJ_RNA,0.15277035534381866
KLRD1_RNA,0.15273725986480713
DOK2_RNA,0.15268604457378387
TBC1D8_RNA,0.1526140421628952
ALDH18A1_RNA,0.15261223912239075
TCP1_RNA,0.15253804624080658
ARL5B_RNA,0.15253688395023346
TRIM42_RNA,0.15253427624702454
MST1R_RNA,0.15238423645496368
MRPL43_RNA,0.15233108401298523
TBX21_RNA,0.15230530500411987
KCNV2_RNA,0.15226958692073822
DCAF4L2_RNA,0.15218283236026764
SH3D19_RNA,0.15215665102005005
ATP1A3_RNA,0.15214671194553375
IGF2R_RNA,0.1521240472793579
SRRM3_RNA,0.15209552645683289
TAF5_RNA,0.15205515921115875
ZNF239_RNA,0.15204516053199768
USP3_RNA,0.15198364853858948
SLC34A2_RNA,0.15175658464431763
MAP4K5_RNA,0.15174482762813568
PEA15_RNA,0.15161943435668945
ACOT7_RNA,0.15150073170661926
SGMS1_RNA,0.15137501060962677
LHCGR_RNA,0.15117934346199036
UGDH_RNA,0.1511424332857132
ZDHHC2_RNA,0.15111859142780304
NAV1_RNA,0.1510341912508011
LINGO4_RNA,0.15091083943843842
ANKS1A_RNA,0.15087763965129852
FEV_RNA,0.1508304625749588
RNF125_RNA,0.150654599070549
TSPAN8_RNA,0.1506308913230896
OPHN1_RNA,0.15058842301368713
C17orf78_RNA,0.15051540732383728
TINAG_RNA,0.15051116049289703
IFI16_RNA,0.15042108297348022
SEC13_RNA,0.15041972696781158
TAS2R19_RNA,0.15018580853939056
POU4F1_RNA,0.1501583606004715
ANKRD13B_RNA,0.15001098811626434
LCA5_RNA,0.1500067561864853
KCNT2_RNA,0.149998739361763
PDE3B_RNA,0.14997842907905579
ACTL8_RNA,0.14990705251693726
HECW1_RNA,0.14963455498218536
TBC1D10A_RNA,0.14958688616752625
SH3RF3_RNA,0.14957629144191742
PIK3R3_RNA,0.14952413737773895
ZNF485_RNA,0.14945565164089203
RAB3IL1_RNA,0.14945225417613983
MAP1A_RNA,0.1493479311466217
DLL3_RNA,0.14920586347579956
C1orf198_RNA,0.1491960883140564
ZNF681_RNA,0.14915497601032257
SMPD3_RNA,0.14912815392017365
PLEKHH1_RNA,0.14909735321998596
DEFB124_RNA,0.14907735586166382
ESYT3_RNA,0.14903280138969421
RNF122_RNA,0.14896850287914276
C14orf132_RNA,0.1489528864622116
SUPV3L1_RNA,0.1489521861076355
PCDHGA7_RNA,0.1486653983592987
PDSS1_RNA,0.14848855137825012
SUFU_RNA,0.14845608174800873
CNTNAP2_RNA,0.1482522189617157
ATF7IP_RNA,0.14813901484012604
GPRIN2_RNA,0.14805492758750916
ASCC1_RNA,0.14800235629081726
GPC3_RNA,0.14787282049655914
HSF2_RNA,0.14781394600868225
MUC13_RNA,0.1477985978126526
SULF2_RNA,0.14764301478862762
BCL2L14_RNA,0.14757061004638672
SEMA6B_RNA,0.1475546509027481
RPL37A_RNA,0.1472945362329483
DEXI_RNA,0.14719675481319427
RIPK4_RNA,0.14701169729232788
DDX4_RNA,0.14690713584423065
MXD4_RNA,0.14689397811889648
TFAP2E_RNA,0.14683085680007935
GDPD5_RNA,0.14681361615657806
CA10_RNA,0.1467110961675644
KIN_RNA,0.14648114144802094
SEMA4G_RNA,0.14647610485553741
LOC284798_RNA,0.14640504121780396
TRPA1_RNA,0.14628423750400543
RAB3C_RNA,0.14620162546634674
PCBP4_RNA,0.14596210420131683
EIF3H_RNA,0.14591999351978302
CLSTN2_RNA,0.1457323133945465
FCHO1_RNA,0.14562954008579254
RSU1_RNA,0.14561966061592102
BAG2_RNA,0.14561529457569122
YPEL2_RNA,0.14520499110221863
ST6GALNAC3_RNA,0.14519049227237701
FXYD6_RNA,0.14518314599990845
DNASE1L2_RNA,0.14508506655693054
LNP1_RNA,0.14505407214164734
ZNF233_RNA,0.1450497806072235
MALAT1_RNA,0.14501675963401794
FOXD1_RNA,0.14496144652366638
GTPBP4_RNA,0.14482910931110382
GFRA2_RNA,0.14481687545776367
CCDC62_RNA,0.14481458067893982
RGMB_RNA,0.14477717876434326
UAP1_RNA,0.1446862369775772
SH3GL3_RNA,0.1446859985589981
EFS_RNA,0.1445164680480957
EDARADD_RNA,0.1445053070783615
NSUN6_RNA,0.14447280764579773
HOXA13_RNA,0.14438101649284363
DCT_RNA,0.14436279237270355
XKR7_RNA,0.14434698224067688
COMMD3_RNA,0.1443188488483429
KHDRBS3_RNA,0.14431361854076385
TRIM46_RNA,0.1441105306148529
PCDHA7_RNA,0.14404985308647156
GCNT1_RNA,0.14402291178703308
ASTN2_RNA,0.14387406408786774
BCL7A_RNA,0.1435898095369339
CUL2_RNA,0.14357931911945343
KIF5C_RNA,0.14354296028614044
ZFYVE27_RNA,0.1435258686542511
EFCAB5_RNA,0.14345964789390564
RNF112_RNA,0.143365740776062
ZDHHC9_RNA,0.14327292144298553
SPAG6_RNA,0.1430690735578537
GUCA1B_RNA,0.14301086962223053
AOAH_RNA,0.14299720525741577
GPR158_RNA,0.1429552435874939
RUNX2_RNA,0.1428600400686264
TFAP2A_RNA,0.14282090961933136
PABPC1_RNA,0.14276795089244843
FIG4_RNA,0.14268368482589722
ASPRV1_RNA,0.14267513155937195
NPM3_RNA,0.14266638457775116
FAM163A_RNA,0.1426088958978653
CLDN2_RNA,0.14258605241775513
PLAC8L1_RNA,0.14258159697055817
PI15_RNA,0.14257515966892242
NKX2-1_RNA,0.14243440330028534
FAM131C_RNA,0.1423768550157547
TAPT1_RNA,0.1421033889055252
SLC30A2_RNA,0.14196552336215973
KDM1A_RNA,0.14196161925792694
GPR62_RNA,0.14183981716632843
LCE1E_RNA,0.1418192982673645
MARCKS_RNA,0.14175397157669067
HES6_RNA,0.1417437642812729
ZNF804B_RNA,0.14173930883407593
RBMS3_RNA,0.14163462817668915
RPS18_RNA,0.14152592420578003
ST3GAL6_RNA,0.1414615660905838
PSAP_RNA,0.14142990112304688
SLC26A1_RNA,0.1412518471479416
DEFB119_RNA,0.14116883277893066
TRIM67_RNA,0.14097456634044647
PATE4_RNA,0.14093416929244995
PCDH7_RNA,0.14088234305381775
RRAGD_RNA,0.14084675908088684
TCEAL2_RNA,0.14079251885414124
DNAJB7_RNA,0.14042329788208008
MYCNOS_RNA,0.14038358628749847
TRIT1_RNA,0.14033286273479462
TRHR_RNA,0.14029289782047272
CNTN6_RNA,0.14021065831184387
HOXA11_RNA,0.14000298082828522
AOC2_RNA,0.13999980688095093
APOD_RNA,0.13985630869865417
STMN1_RNA,0.13974754512310028
SLC22A16_RNA,0.13972967863082886
TMEM105_RNA,0.1396825760602951
ANKH_RNA,0.13958263397216797
ENPP2_RNA,0.13955506682395935
CDH15_RNA,0.1395300328731537
ZSCAN1_RNA,0.1394953429698944
NCOA4_RNA,0.13948453962802887
ZNF32_RNA,0.13943731784820557
GALNT8_RNA,0.1393195241689682
OBSCN_RNA,0.1392969936132431
VHLL_RNA,0.1392836570739746
TCF15_RNA,0.13917189836502075
MESP2_RNA,0.13914470374584198
RBM11_RNA,0.13909417390823364
EEF1B2_RNA,0.13906711339950562
CBX4_RNA,0.1390639841556549
ZDHHC22_RNA,0.13898473978042603
SMTNL1_RNA,0.13896003365516663
ST14_RNA,0.13893617689609528
WNT11_RNA,0.13879266381263733
SH3BGRL2_RNA,0.13871678709983826
ZDHHC16_RNA,0.1386488527059555
RPL9_RNA,0.1384258270263672
DNA2_RNA,0.13841351866722107
SOX1_RNA,0.13841097056865692
ERBB3_RNA,0.13833560049533844
PSTK_RNA,0.13827556371688843
TET1_RNA,0.13826900720596313
UPB1_RNA,0.13821467757225037
HES4_RNA,0.13814830780029297
EFNA1_RNA,0.1380406767129898
CLIP4_RNA,0.13799190521240234
RPS27_RNA,0.13793091475963593
KIAA1549_RNA,0.13783474266529083
PLA2G7_RNA,0.1377888321876526
YBX1_RNA,0.13773314654827118
TSPO2_RNA,0.13770076632499695
KCTD4_RNA,0.1375051736831665
F5_RNA,0.13735444843769073
BCCIP_RNA,0.13732950389385223
NOL4_RNA,0.13716301321983337
C1QC_RNA,0.13708065450191498
CMTM7_RNA,0.1370578110218048
EFHD1_RNA,0.137015700340271
GBF1_RNA,0.1369766741991043
BRWD3_RNA,0.13695400953292847
C3orf20_RNA,0.13688337802886963
PRKX_RNA,0.13687336444854736
CASP9_RNA,0.13682375848293304
FAM167B_RNA,0.13667209446430206
PFKFB2_RNA,0.13656921684741974
RPSA_RNA,0.1365477591753006
TPBG_RNA,0.1365361213684082
CYP2D6_RNA,0.13643144071102142
ELAVL4_RNA,0.13642452657222748
ZRANB1_RNA,0.13631868362426758
ARHGEF2_RNA,0.13620881736278534
GDF6_RNA,0.1361268311738968
CDK19_RNA,0.13606004416942596
ATL1_RNA,0.1360486000776291
LRRC8D_RNA,0.13597598671913147
YPEL4_RNA,0.13594011962413788
SLC10A6_RNA,0.1358141005039215
SH3BP5_RNA,0.13579751551151276
CCDC82_RNA,0.13578897714614868
SLC17A5_RNA,0.135773703455925
NKAPL_RNA,0.13577121496200562
RPS20_RNA,0.13570334017276764
LILRB5_RNA,0.13561946153640747
SYNGR2_RNA,0.1355908364057541
HSPB3_RNA,0.13558481633663177
SLC22A23_RNA,0.1355718970298767
PPP2R2A_RNA,0.13549575209617615
UBQLN4_RNA,0.13547873497009277
ARMCX4_RNA,0.1354473978281021
KPNA5_RNA,0.1354241818189621
ZNF135_RNA,0.13539095222949982
ADCY7_RNA,0.13535945117473602
SLC45A2_RNA,0.13528834283351898
DAAM2_RNA,0.13526587188243866
CD27_RNA,0.13520589470863342
PLAC1_RNA,0.13520477712154388
RPL27_RNA,0.135196253657341
CRYBB1_RNA,0.13515819609165192
GJB1_RNA,0.13511593639850616
KDM5B_RNA,0.13496023416519165
LRTM2_RNA,0.13493554294109344
DNASE1L3_RNA,0.13485629856586456
RPL22_RNA,0.134783074259758
OLFML2B_RNA,0.13473869860172272
FAM171A1_RNA,0.13469049334526062
CARD14_RNA,0.1345750242471695
KIAA0408_RNA,0.13456642627716064
GPT_RNA,0.134271040558815
ACVR2A_RNA,0.1342598795890808
MTHFR_RNA,0.1341896951198578
LEFTY2_RNA,0.13416258990764618
TSPAN1_RNA,0.13414336740970612
ADCY2_RNA,0.13412439823150635
MPZL1_RNA,0.1340508908033371
MFSD2B_RNA,0.13399173319339752
SNHG1_RNA,0.13393695652484894
C1QL2_RNA,0.13393539190292358
IL5RA_RNA,0.1338200867176056
FAM171B_RNA,0.13380500674247742
SH2D6_RNA,0.13377231359481812
CD1D_RNA,0.13374409079551697
CLN8_RNA,0.13372290134429932
C2_RNA,0.13370299339294434
CLDN11_RNA,0.13369975984096527
CMKLR1_RNA,0.1334524154663086
POU4F2_RNA,0.13339710235595703
DNAJC6_RNA,0.13339601457118988
DMRT3_RNA,0.13332323729991913
KCND2_RNA,0.13326208293437958
CORO1C_RNA,0.13310302793979645
LYG1_RNA,0.1330825239419937
LCE1C_RNA,0.13307522237300873
MAGEC1_RNA,0.13303473591804504
MTMR2_RNA,0.1329870969057083
CYB5R4_RNA,0.13295406103134155
SYT9_RNA,0.13292552530765533
RPP38_RNA,0.1328534036874771
CRABP1_RNA,0.13283689320087433
MOG_RNA,0.13282465934753418
GFPT1_RNA,0.13272908329963684
GNE_RNA,0.13271194696426392
SSH2_RNA,0.13271106779575348
RBP7_RNA,0.13262240588665009
RAB27B_RNA,0.13255514204502106
PTBP2_RNA,0.13250325620174408
KLRG1_RNA,0.13246029615402222
NTRK1_RNA,0.13243624567985535
RGR_RNA,0.13231435418128967
RPL5_RNA,0.1322963982820511
PI4K2A_RNA,0.13224676251411438
MTAP_RNA,0.13221703469753265
FAM110B_RNA,0.13207298517227173
ERCC5_RNA,0.13205896317958832
CEACAM21_RNA,0.13198931515216827
RGS17_RNA,0.13191291689872742
KIF5B_RNA,0.1319064348936081
EIF3L_RNA,0.13186483085155487
SSR2_RNA,0.13174204528331757
CTTNBP2_RNA,0.1316916048526764
SGSM1_RNA,0.13168002665042877
FBXL15_RNA,0.13164590299129486
ELAVL2_RNA,0.13158631324768066
LAPTM4B_RNA,0.13157515227794647
RPL37_RNA,0.13155554234981537
ASB12_RNA,0.13155308365821838
MAD2L2_RNA,0.13145378232002258
LARP6_RNA,0.1314314752817154
NPHP4_RNA,0.13132207095623016
MEIG1_RNA,0.13131658732891083
UROS_RNA,0.131315678358078
KCNJ11_RNA,0.13130539655685425
MDN1_RNA,0.1312747597694397
CAPN13_RNA,0.13119593262672424
GPR161_RNA,0.1311229020357132
DGKD_RNA,0.13112026453018188
MMS19_RNA,0.13110338151454926
EPHB2_RNA,0.13104039430618286
SAMD14_RNA,0.13098172843456268
PLEKHA5_RNA,0.130877286195755
ERCC6_RNA,0.13086605072021484
UBE2D1_RNA,0.1308596134185791
PCDHA8_RNA,0.1307806819677353
INTS9_RNA,0.1307252198457718
ID3_RNA,0.13064874708652496
JRKL_RNA,0.13060954213142395
RASL10A_RNA,0.13057172298431396
RPS6KL1_RNA,0.1304606795310974
TAGLN3_RNA,0.13043278455734253
TAS2R50_RNA,0.13041190803050995
CNTF_RNA,0.13040974736213684
CACNA2D3_RNA,0.130290225148201
HCN3_RNA,0.1302596479654312
ALDOB_RNA,0.13023996353149414
FGF12_RNA,0.13014236092567444
ENAH_RNA,0.13008621335029602
CNP_RNA,0.13003475964069366
PRPF18_RNA,0.129994198679924
C1QA_RNA,0.1299837827682495
DOCK5_RNA,0.12997524440288544
CABP7_RNA,0.12997418642044067
FLG_RNA,0.12984734773635864
GHR_RNA,0.1298375278711319
HYAL1_RNA,0.12977296113967896
PM20D1_RNA,0.12957119941711426
COMMD2_RNA,0.12950356304645538
TSPAN14_RNA,0.12949472665786743
NUDT4_RNA,0.12932857871055603
KCNA6_RNA,0.12928272783756256
GPR173_RNA,0.1292462944984436
HFM1_RNA,0.12923000752925873
TBC1D7_RNA,0.1292077749967575
ITGA2B_RNA,0.12920279800891876
TRPV4_RNA,0.12918183207511902
PANX1_RNA,0.12916940450668335
RPL38_RNA,0.12912219762802124
RPS16_RNA,0.1290513128042221
FOXO4_RNA,0.1288990080356598
TAS2R20_RNA,0.12883606553077698
MIR657_RNA,0.1287853866815567
GPR21_RNA,0.12878230214118958
TOMM5_RNA,0.12867380678653717
MPST_RNA,0.1286592036485672
WAC_RNA,0.12863963842391968
UCN_RNA,0.1285668909549713
CPB2_RNA,0.1285395473241806
SBF1_RNA,0.12846159934997559
CSGALNACT2_RNA,0.1284359246492386
SH3BP1_RNA,0.1283285915851593
CD209_RNA,0.128303661942482
CLEC10A_RNA,0.12824828922748566
DCTN3_RNA,0.12823911011219025
DACT2_RNA,0.12819752097129822
GDI2_RNA,0.12813138961791992
SOX8_RNA,0.12812118232250214
MYLK3_RNA,0.12810564041137695
CCDC17_RNA,0.1280444711446762
ST3GAL5_RNA,0.12794554233551025
MYH6_RNA,0.1278853565454483
BUB3_RNA,0.12778648734092712
GNRH1_RNA,0.12777692079544067
GPR162_RNA,0.1275876760482788
TMEM182_RNA,0.1275606006383896
AKR1B10_RNA,0.12745459377765656
HDGF_RNA,0.1274224817752838
NEGR1_RNA,0.1274060606956482
FASN_RNA,0.1274004429578781
GDPD1_RNA,0.1273249387741089
EPC1_RNA,0.1271994560956955
RNF39_RNA,0.12708604335784912
DYRK4_RNA,0.1269982010126114
LAYN_RNA,0.12697730958461761
MORC2_RNA,0.12685377895832062
PPRC1_RNA,0.1267623007297516
JPH3_RNA,0.1267089545726776
NAA11_RNA,0.12669914960861206
MEIS3_RNA,0.12665188312530518
RPL4_RNA,0.12662047147750854
CNTN1_RNA,0.1266184151172638
MACROD2_RNA,0.12654387950897217
TP53I3_RNA,0.12651537358760834
TRH_RNA,0.1264660805463791
A4GALT_RNA,0.12642909586429596
RSPO3_RNA,0.12642426788806915
TMEM63C_RNA,0.1263699233531952
RASSF4_RNA,0.12631534039974213
EPHX1_RNA,0.12631073594093323
C6orf58_RNA,0.12613525986671448
GTF3C6_RNA,0.1259261667728424
RPL11_RNA,0.1258331537246704
RPS25_RNA,0.12576159834861755
SLC25A16_RNA,0.12574854493141174
TTYH2_RNA,0.12574808299541473
CALCR_RNA,0.12574778497219086
TIMP2_RNA,0.12564434111118317
DDX21_RNA,0.1255420446395874
GAD1_RNA,0.1255371868610382
MBP_RNA,0.12552058696746826
GPR50_RNA,0.12532007694244385
INSM1_RNA,0.12524117529392242
NKAIN4_RNA,0.12523698806762695
WDR37_RNA,0.12519265711307526
GPIHBP1_RNA,0.12513388693332672
SEC24C_RNA,0.12506581842899323
SH3BGR_RNA,0.12504982948303223
RPS7_RNA,0.12502925097942352
TNFAIP8L2_RNA,0.12497121840715408
CNN2_RNA,0.12495981901884079
TMEM100_RNA,0.1248476430773735
CNTNAP4_RNA,0.124764584004879
ELFN1_RNA,0.12475517392158508
ZNF778_RNA,0.1247275099158287
FGD1_RNA,0.12472047656774521
ALDH1B1_RNA,0.12459206581115723
KCTD16_RNA,0.12456834316253662
PCDHB15_RNA,0.12455808371305466
RPS6_RNA,0.12444175034761429
C21orf91_RNA,0.12443935126066208
SPINK7_RNA,0.12440499663352966
NDUFA9_RNA,0.12430434674024582
KCNK9_RNA,0.12424920499324799
LHFPL3_RNA,0.12412116676568985
DIXDC1_RNA,0.1241094097495079
CDR2L_RNA,0.12407414615154266
TMEM88_RNA,0.12396594882011414
STH_RNA,0.12396297603845596
ARHGEF17_RNA,0.12393802404403687
FUT9_RNA,0.1239081621170044
MDS2_RNA,0.12389884144067764
SPTBN2_RNA,0.12387175112962723
ID1_RNA,0.12384217977523804
KCNIP4_RNA,0.123831607401371
PAFAH1B3_RNA,0.1237940713763237
RAB11FIP4_RNA,0.12372714281082153
OSR2_RNA,0.12351465970277786
ZNF70_RNA,0.12346450984477997
OR9A2_RNA,0.12339694052934647
CNRIP1_RNA,0.12335728108882904
BOP1_RNA,0.12335672974586487
ASB4_RNA,0.12331785261631012
ATE1_RNA,0.12329554557800293
KCNA3_RNA,0.12325329333543777
ATP6V1E2_RNA,0.12322898954153061
MYO1D_RNA,0.12322650104761124
CYB5R3_RNA,0.12322107702493668
AHR_RNA,0.12319760024547577
GSTA4_RNA,0.12316567450761795
PGM3_RNA,0.12308944016695023
ZNF25_RNA,0.12306831032037735
COL20A1_RNA,0.12303297966718674
C9orf153_RNA,0.12295949459075928
CDH17_RNA,0.12295619398355484
SPOCK3_RNA,0.12295026332139969
FBXW4_RNA,0.12289641052484512
NLRC4_RNA,0.12280041724443436
NRXN2_RNA,0.1226721778512001
NKX2-8_RNA,0.1226421520113945
UCP2_RNA,0.12254928797483444
SGIP1_RNA,0.12251405417919159
CWF19L1_RNA,0.12247920036315918
CHADL_RNA,0.12245198339223862
AFMID_RNA,0.12231547385454178
THAP3_RNA,0.12222880870103836
RAB40A_RNA,0.12208575755357742
MMP15_RNA,0.12207817286252975
SGK2_RNA,0.12196366488933563
EDNRA_RNA,0.12193390727043152
E2F2_RNA,0.1218227967619896
ABCC1_RNA,0.12182255834341049
RUFY3_RNA,0.12181336432695389
HDAC5_RNA,0.12171625345945358
SYNE1_RNA,0.12169044464826584
SGPL1_RNA,0.12168370187282562
RALYL_RNA,0.12165197730064392
LMOD2_RNA,0.12148052453994751
AMOTL1_RNA,0.12146759033203125
DCLRE1C_RNA,0.12145209312438965
UBTD1_RNA,0.12143435329198837
LENEP_RNA,0.12138812988996506
TMEM125_RNA,0.12138526886701584
RPL7_RNA,0.12123871594667435
PTPRM_RNA,0.12101785093545914
SCNM1_RNA,0.12097620964050293
RIMS1_RNA,0.12074670195579529
ADAM32_RNA,0.12069835513830185
NCF4_RNA,0.12069611996412277
TM4SF1_RNA,0.12062276899814606
NINJ2_RNA,0.12059272825717926
GSDMC_RNA,0.12056650221347809
EPHA7_RNA,0.1204775795340538
LCAT_RNA,0.12042637914419174
FCHSD2_RNA,0.12028227001428604
CILP2_RNA,0.12016493827104568
ZSCAN16_RNA,0.12013699859380722
SFT2D1_RNA,0.12013403326272964
SPATA12_RNA,0.12010554224252701
SIRT1_RNA,0.11998819559812546
TMEM139_RNA,0.1199745461344719
CHAT_RNA,0.11995827406644821
RPP30_RNA,0.11994472146034241
C1QB_RNA,0.11990546435117722
SELL_RNA,0.11986156553030014
TAC4_RNA,0.11984558403491974
CADPS_RNA,0.11982099711894989
POLR3A_RNA,0.11979459226131439
LRFN4_RNA,0.11968491226434708
SEMA3C_RNA,0.11963757127523422
SNORD83A_RNA,0.11963040381669998
ANKRD36B_RNA,0.11958586424589157
MIR124-2_RNA,0.11947232484817505
OR2L13_RNA,0.11943118274211884
ACO2_RNA,0.11935363709926605
ECEL1_RNA,0.11913122236728668
FZD9_RNA,0.1190480962395668
SSR4_RNA,0.11904393136501312
HMBOX1_RNA,0.11901170760393143
TINAGL1_RNA,0.11897826194763184
FGF7_RNA,0.11892946064472198
MAG_RNA,0.1188834086060524
ATP12A_RNA,0.11885635554790497
MME_RNA,0.11880596727132797
VDAC2_RNA,0.11877885460853577
LY96_RNA,0.11873210221529007
ALX4_RNA,0.11872459948062897
MUC4_RNA,0.11868619173765182
C12orf57_RNA,0.11862794309854507
LARP4B_RNA,0.11857549101114273
ZFR2_RNA,0.11852578073740005
CYP2E1_RNA,0.11849810928106308
SLC4A5_RNA,0.11849524080753326
RPS15A_RNA,0.11832337826490402
CIT_RNA,0.11832333356142044
G6PC2_RNA,0.11827319115400314
ADAP1_RNA,0.1181466206908226
TRERF1_RNA,0.11805137246847153
NTRK2_RNA,0.11803650856018066
ANKRD26_RNA,0.11801744252443314
ARHGEF7_RNA,0.11782415956258774
ZNF737_RNA,0.11780773103237152
RPL15_RNA,0.11779803782701492
DYSF_RNA,0.11773326247930527
OTUD1_RNA,0.1176387369632721
TAF3_RNA,0.11762353032827377
GTF2A1L_RNA,0.11758139729499817
RBX1_RNA,0.11755100637674332
HBQ1_RNA,0.11753861606121063
ANKRD16_RNA,0.11742091178894043
ACOXL_RNA,0.11736532300710678
PPP1R14B_RNA,0.11736439168453217
PYGB_RNA,0.11732934415340424
PRLHR_RNA,0.11731436848640442
ANGPT4_RNA,0.11730775982141495
CDK5R1_RNA,0.11730118095874786
PHB2_RNA,0.1172996237874031
INSRR_RNA,0.11728661507368088
PIP5KL1_RNA,0.11721714586019516
ARRB1_RNA,0.11715256422758102
SHPRH_RNA,0.11710384488105774
CAPN3_RNA,0.1170269027352333
RPL35A_RNA,0.11699194461107254
GLCCI1_RNA,0.11691952496767044
PDK4_RNA,0.1169041320681572
MMD_RNA,0.11681067943572998
DYNC1I1_RNA,0.11674701422452927
PCDHGA3_RNA,0.1166505292057991
GATA2_RNA,0.11658110469579697
TMEM72_RNA,0.11649219691753387
SSBP3_RNA,0.11647656559944153
BCOR_RNA,0.11635611951351166
MASTL_RNA,0.11631275713443756
CD22_RNA,0.11627351492643356
PRAME_RNA,0.11627169698476791
PYCR1_RNA,0.11626505106687546
LRP2BP_RNA,0.11624467372894287
DLX5_RNA,0.11621560156345367
PRICKLE1_RNA,0.11619514971971512
AKAP6_RNA,0.11617758125066757
SGCZ_RNA,0.11614707112312317
ROR2_RNA,0.116056889295578
CD200_RNA,0.11605440825223923
OR1F1_RNA,0.11591847240924835
FLJ13224_RNA,0.11587227880954742
ENHO_RNA,0.11586349457502365
TRMT11_RNA,0.11584839969873428
CTSH_RNA,0.11584547907114029
MYH14_RNA,0.1157248243689537
KCNN3_RNA,0.11571827530860901
AIP_RNA,0.11565028876066208
PCGF2_RNA,0.11558783799409866
IGF2BP1_RNA,0.11552558094263077
ZNF572_RNA,0.11551022529602051
PRKAB2_RNA,0.1153513714671135
DACH1_RNA,0.11533066630363464
ASAH1_RNA,0.11531582474708557
CDH23_RNA,0.11526044458150864
ZNF610_RNA,0.11519905924797058
AKNA_RNA,0.11518440395593643
NKX6-2_RNA,0.1151752918958664
TRUB1_RNA,0.11515294015407562
TATDN1_RNA,0.11513718217611313
VWC2L_RNA,0.11501941829919815
RPP25_RNA,0.11500417441129684
C16orf87_RNA,0.11497184634208679
EBI3_RNA,0.11493519693613052
SGK3_RNA,0.11490022391080856
SH2D4B_RNA,0.11486458778381348
MTMR9_RNA,0.11484410613775253
PIGC_RNA,0.11480887234210968
TNFRSF13C_RNA,0.11476846039295197
POLL_RNA,0.11475171148777008
TDH_RNA,0.11464174091815948
SETMAR_RNA,0.11457657814025879
PBOV1_RNA,0.11454938352108002
DCAF13_RNA,0.11452660709619522
KY_RNA,0.1145203709602356
BYSL_RNA,0.11444225907325745
CTBP2_RNA,0.11443763226270676
CCNY_RNA,0.11440029740333557
SLC31A2_RNA,0.11434215307235718
SPSB1_RNA,0.1142565980553627
MSRA_RNA,0.11422819644212723
C1QTNF7_RNA,0.11421777307987213
MEIS2_RNA,0.11420241743326187
UBASH3B_RNA,0.11417544633150101
DMRT2_RNA,0.11407443135976791
DCAF4L1_RNA,0.1140173077583313
RYR1_RNA,0.1139836460351944
PSTPIP1_RNA,0.11397025734186172
UBAP2_RNA,0.11393781006336212
YPEL1_RNA,0.11392150819301605
GABRP_RNA,0.11390995979309082
COX15_RNA,0.11388204246759415
SCAMP3_RNA,0.11386647820472717
SERP1_RNA,0.11383116245269775
RPL24_RNA,0.11352915316820145
TPPP_RNA,0.11350878328084946
FABP6_RNA,0.11348997056484222
ELAVL3_RNA,0.11343345791101456
TNFSF9_RNA,0.11339017748832703
TGM4_RNA,0.1133153885602951
VPS72_RNA,0.11324440687894821
CAPZB_RNA,0.11321529746055603
RPL7A_RNA,0.11306127160787582
UBXN1_RNA,0.11304688453674316
HEPHL1_RNA,0.11299663782119751
FAM89B_RNA,0.11288172006607056
TTC9B_RNA,0.11286652088165283
ANKRD44_RNA,0.11285819113254547
CELA2A_RNA,0.11284906417131424
TSHZ1_RNA,0.11281272768974304
GABRQ_RNA,0.11274752765893936
COL14A1_RNA,0.11274296790361404
EVI5L_RNA,0.11273789405822754
IDI1_RNA,0.11264782398939133
RXFP4_RNA,0.11257069557905197
CCL19_RNA,0.1125681921839714
SLC25A1_RNA,0.1125483587384224
VPS26A_RNA,0.11241845041513443
FAM66C_RNA,0.11240608990192413
PPP2R2D_RNA,0.11238358169794083
CCDC28B_RNA,0.11235006153583527
PRR5L_RNA,0.11232586950063705
ASB18_RNA,0.1122596338391304
TCP11_RNA,0.11225387454032898
STARD8_RNA,0.112233966588974
ZNF697_RNA,0.11218437552452087
SLC22A3_RNA,0.11211198568344116
GABRR1_RNA,0.11207610368728638
DYNLT1_RNA,0.11207033693790436
NF2_RNA,0.11184468865394592
AMH_RNA,0.11182533949613571
SCRT1_RNA,0.11181631684303284
TKT_RNA,0.1118118166923523
SPOCK1_RNA,0.11177825182676315
ZBTB37_RNA,0.11175838112831116
WNT7B_RNA,0.1116974875330925
YME1L1_RNA,0.11164926737546921
PCDHGB1_RNA,0.11164321005344391
TNK2_RNA,0.11160391569137573
SLC45A4_RNA,0.11146997660398483
BMI1_RNA,0.11141902208328247
FCER1A_RNA,0.1114160344004631
RNASE1_RNA,0.11141110211610794
HS1BP3_RNA,0.11131712794303894
HBS1L_RNA,0.11125808209180832
SLC1A5_RNA,0.11120819300413132
PDE6C_RNA,0.11117672920227051
RNF5_RNA,0.11112775653600693
KLK6_RNA,0.11110390722751617
FKBP4_RNA,0.11104299128055573
PQBP1_RNA,0.11099735647439957
PRSS23_RNA,0.11099500954151154
CLTCL1_RNA,0.11087469756603241
PCGF6_RNA,0.11074646562337875
RPL34_RNA,0.11069764941930771
IRF8_RNA,0.11061803996562958
GSN_RNA,0.11061495542526245
CTSC_RNA,0.110602006316185
ODC1_RNA,0.1104104146361351
HEY1_RNA,0.11034867912530899
ASPA_RNA,0.1103072240948677
SLC22A1_RNA,0.11024170368909836
TAF1D_RNA,0.11022061109542847
PPP1R14A_RNA,0.11019663512706757
RASAL2_RNA,0.1101439818739891
PPP3CB_RNA,0.11012211441993713
TMEM151A_RNA,0.11011619865894318
RAB3IP_RNA,0.11010250449180603
RUSC2_RNA,0.11002332717180252
C1orf105_RNA,0.10996653884649277
KIFAP3_RNA,0.10993044078350067
RPL18A_RNA,0.10987436026334763
FKBP11_RNA,0.10987339913845062
RALGPS2_RNA,0.10986980050802231
AADAT_RNA,0.1098695769906044
TNKS2_RNA,0.10984815657138824
KIF1A_RNA,0.10982195287942886
LOXL2_RNA,0.10981054604053497
MLXIP_RNA,0.10970080643892288
SCARA3_RNA,0.10968881100416183
TRPM6_RNA,0.10966209322214127
BAHCC1_RNA,0.10965316742658615
RPS3A_RNA,0.1096111387014389
KDM1B_RNA,0.10959403216838837
FAT2_RNA,0.10956845432519913
TBC1D9_RNA,0.10951371490955353
CACNA1G_RNA,0.10946816951036453
ADSL_RNA,0.10939261317253113
USP44_RNA,0.10938827693462372
KIAA1755_RNA,0.10932407528162003
HGF_RNA,0.10931195318698883
SLC5A11_RNA,0.10928235948085785
CLTA_RNA,0.10920074582099915
NUMA1_RNA,0.10917054116725922
CALN1_RNA,0.10914740711450577
LRIT2_RNA,0.10912381112575531
IGLON5_RNA,0.10909126698970795
CSTF2T_RNA,0.10906035453081131
IL17B_RNA,0.10904809832572937
MIR942_RNA,0.10898981988430023
MEOX1_RNA,0.1089605838060379
EXOSC4_RNA,0.1088961660861969
RCL1_RNA,0.10889346897602081
WNT8B_RNA,0.10879956930875778
UROC1_RNA,0.10878942906856537
HINT3_RNA,0.10876928269863129
RPS29_RNA,0.10869375616312027
HAND2_RNA,0.1086498275399208
ANXA9_RNA,0.10864929854869843
ZNF540_RNA,0.10859884321689606
IGF1_RNA,0.10858502238988876
RASL10B_RNA,0.10852402448654175
HERC4_RNA,0.10847167670726776
LST1_RNA,0.10846029967069626
TMEFF1_RNA,0.10842332243919373
ACBD5_RNA,0.10842126607894897
RAF1_RNA,0.10838866233825684
BICD2_RNA,0.10835643857717514
TAS2R46_RNA,0.10832883417606354
DAB2IP_RNA,0.10827438533306122
PLAA_RNA,0.10821743309497833
CFTR_RNA,0.10819930583238602
BGLAP_RNA,0.10817797482013702
CSK_RNA,0.10804180800914764
CDNF_RNA,0.10802504420280457
RPS21_RNA,0.10800530761480331
NPSR1_RNA,0.10799479484558105
SAMD8_RNA,0.1079869419336319
PPFIA2_RNA,0.10797415673732758
CD300LG_RNA,0.10789885371923447
ATP8A1_RNA,0.10788481682538986
PHYHIPL_RNA,0.10780144482851028
LEPROTL1_RNA,0.10779941827058792
FBXO16_RNA,0.10779670625925064
DENND4B_RNA,0.10777439177036285
NDUFB8_RNA,0.10775970667600632
USP17L2_RNA,0.10775580257177353
ADO_RNA,0.10773909091949463
ASIP_RNA,0.10772132128477097
CLDND1_RNA,0.10767923295497894
GMEB1_RNA,0.1076730489730835
ECD_RNA,0.10766477882862091
CHMP5_RNA,0.10765419900417328
EFNA3_RNA,0.10762907564640045
TBCC_RNA,0.10761349648237228
TMEM174_RNA,0.10759688913822174
SYK_RNA,0.1075955405831337
GIPC2_RNA,0.10754627734422684
ADORA2A_RNA,0.10751718282699585
C8orf44_RNA,0.1074628084897995
EIF3E_RNA,0.10732763260602951
HLX_RNA,0.10724639147520065
RPS11_RNA,0.10724373161792755
AMDHD1_RNA,0.1072017103433609
TMEM179_RNA,0.10717694461345673
ILF2_RNA,0.10714266449213028
ANKRD55_RNA,0.10713648051023483
MPEG1_RNA,0.10711945593357086
SAR1A_RNA,0.1071089580655098
SLC10A5_RNA,0.10706743597984314
ZBTB20_RNA,0.10701866447925568
NINJ1_RNA,0.10692300647497177
JMJD1C_RNA,0.10691118240356445
CROCC_RNA,0.10688906908035278
TRIM8_RNA,0.10682032257318497
NGF_RNA,0.10681294649839401
PLD1_RNA,0.10675964504480362
PAQR3_RNA,0.10673210769891739
MAGEC3_RNA,0.10662897676229477
GNRHR_RNA,0.10649629682302475
PBLD_RNA,0.10648608207702637
ZFPL1_RNA,0.10644707083702087
STXBP2_RNA,0.10637843608856201
EPB41L2_RNA,0.10632271319627762
MTCH1_RNA,0.10623203963041306
ADAT3_RNA,0.10618313401937485
ZNF462_RNA,0.10617682337760925
NCAM1_RNA,0.10608794540166855
ASB14_RNA,0.10608164966106415
ZBTB7C_RNA,0.10606612265110016
LCN12_RNA,0.10604918003082275
C6orf226_RNA,0.10603174567222595
ALDH1L2_RNA,0.10600762814283371
KCNAB2_RNA,0.10599973052740097
RPL31_RNA,0.10586916655302048
CTRB2_RNA,0.10585851967334747
TIAL1_RNA,0.10577952861785889
AMY2B_RNA,0.10576771199703217
POU2F2_RNA,0.10572531074285507
EMG1_RNA,0.10567474365234375
POLR3H_RNA,0.10566557198762894
MAP7D1_RNA,0.10559206455945969
POLR3D_RNA,0.10549310594797134
ATOH1_RNA,0.1054920181632042
COL7A1_RNA,0.10547046363353729
PEX5_RNA,0.1054447665810585
CDC40_RNA,0.10531754046678543
HPCAL1_RNA,0.1053130105137825
RELN_RNA,0.10531117767095566
HTR2B_RNA,0.10528583824634552
IL1R1_RNA,0.10521413385868073
CAMKV_RNA,0.10520161688327789
DSC1_RNA,0.10514196753501892
IL10RA_RNA,0.10509350895881653
C9_RNA,0.10508845746517181
SRC_RNA,0.10504072159528732
PRKCE_RNA,0.1049165278673172
ZNF37A_RNA,0.104908786714077
TRIM62_RNA,0.10490591078996658
TTC3_RNA,0.10489065200090408
GABRB3_RNA,0.10485995560884476
MIR320A_RNA,0.10476680845022202
XPNPEP1_RNA,0.104645736515522
NCOA2_RNA,0.10452671349048615
PCP2_RNA,0.10452450811862946
IKZF5_RNA,0.1044059693813324
RPL12_RNA,0.10435967892408371
IL9_RNA,0.10433980077505112
P4HA3_RNA,0.1043257936835289
TSIX_RNA,0.10432320833206177
MICALL1_RNA,0.10424070060253143
SNX32_RNA,0.10421871393918991
DQX1_RNA,0.10421021282672882
NMU_RNA,0.10420555621385574
CDH8_RNA,0.10420162230730057
ZNF534_RNA,0.10420049726963043
BNC1_RNA,0.10417335480451584
CHN2_RNA,0.10404355078935623
RIN2_RNA,0.10401027649641037
THY1_RNA,0.10398197174072266
MLF2_RNA,0.10396861284971237
TBC1D8B_RNA,0.10396816581487656
CIDEC_RNA,0.1039523184299469
GGTA1_RNA,0.10390891879796982
F7_RNA,0.10390091687440872
KCP_RNA,0.10387662798166275
CMTM8_RNA,0.10384632647037506
ALX1_RNA,0.10383440554141998
PRR16_RNA,0.10382328182458878
CTSG_RNA,0.10377785563468933
GBX2_RNA,0.10376895219087601
DDX25_RNA,0.10376062244176865
OPTN_RNA,0.10374601930379868
RABGGTB_RNA,0.10367421805858612
SLC7A6_RNA,0.10366827994585037
CEACAM19_RNA,0.10363515466451645
HNRNPH3_RNA,0.10358437150716782
XRRA1_RNA,0.10356089472770691
TPP2_RNA,0.10353323817253113
GJB7_RNA,0.10350684076547623
TPMT_RNA,0.1035061702132225
ENTPD4_RNA,0.10341555625200272
TMEM92_RNA,0.10335826873779297
ZBTB46_RNA,0.1033107340335846
GLTP_RNA,0.10329914093017578
KRTCAP2_RNA,0.10324793308973312
VAT1_RNA,0.10322705656290054
SRCIN1_RNA,0.10319364070892334
MAGED2_RNA,0.10318374633789063
ACSL4_RNA,0.10312347114086151
CEP70_RNA,0.10302459448575974
HSF1_RNA,0.1029663011431694
BEST3_RNA,0.10295484215021133
KCNH7_RNA,0.10292255133390427
FGF3_RNA,0.102902352809906
SLC1A4_RNA,0.10281737148761749
MAPKAPK2_RNA,0.10280923545360565
GLRX3_RNA,0.1027860939502716
TMEM89_RNA,0.10273775458335876
RNU4ATAC_RNA,0.10270803421735764
HAPLN2_RNA,0.1025514155626297
PCP4_RNA,0.10253063589334488
RPL19_RNA,0.10252255946397781
KCNJ12_RNA,0.10250715911388397
SCARNA7_RNA,0.1024542972445488
POF1B_RNA,0.10244078934192657
NRTN_RNA,0.10242363810539246
SMOC2_RNA,0.10237893462181091
MRPS16_RNA,0.10231181979179382
GAST_RNA,0.10225838422775269
NOL9_RNA,0.10222781449556351
DRAM2_RNA,0.10221965610980988
UBQLN2_RNA,0.10220891237258911
NDUFAF3_RNA,0.1022038608789444
DAP3_RNA,0.10218798369169235
FTSJ1_RNA,0.1021851971745491
KEL_RNA,0.10212799906730652
RPL14_RNA,0.1021152213215828
PCSK2_RNA,0.10204607993364334
RIT2_RNA,0.10198802500963211
FLJ12825_RNA,0.10198111087083817
EXOSC7_RNA,0.10195550322532654
NUDT18_RNA,0.10195444524288177
PRIMA1_RNA,0.10195020586252213
PCDHA4_RNA,0.10193543881177902
NT5C1A_RNA,0.10188338160514832
FDFT1_RNA,0.1017380878329277
PTGDR_RNA,0.10172700881958008
POU2F1_RNA,0.10172422230243683
PEX5L_RNA,0.10167980194091797
SLITRK4_RNA,0.10167345404624939
SLC6A3_RNA,0.10163211822509766
SERPINB2_RNA,0.10158515721559525
ACSM5_RNA,0.10156474262475967
NFAM1_RNA,0.10150903463363647
ABL2_RNA,0.10149271786212921
C9orf72_RNA,0.10144349187612534
CCNG2_RNA,0.10141228139400482
NKAIN2_RNA,0.10139744728803635
EFTUD2_RNA,0.10137876123189926
ARL15_RNA,0.10136985033750534
SOX6_RNA,0.10131300240755081
E2F3_RNA,0.10125923156738281
MGC27382_RNA,0.1012289747595787
C11orf71_RNA,0.10122653096914291
ZFYVE16_RNA,0.1012188121676445
ETS1_RNA,0.10119101405143738
THAP7_RNA,0.10118216276168823
PDZD8_RNA,0.10115838795900345
NHS_RNA,0.10115105658769608
TNFAIP8L3_RNA,0.10109953582286835
PIGM_RNA,0.10106904059648514
ZDHHC11_RNA,0.10102500021457672
RHBDL3_RNA,0.1010076031088829
RMND1_RNA,0.10087522119283676
HOOK3_RNA,0.10086195170879364
FRY_RNA,0.10079603642225266
SNORA77_RNA,0.10077957063913345
AQP3_RNA,0.1007545068860054
C15orf39_RNA,0.10074510425329208
KLHL9_RNA,0.1005481407046318
WDR87_RNA,0.10052361339330673
PPEF2_RNA,0.10051525384187698
LUZP2_RNA,0.10050106793642044
CD8A_RNA,0.10047649592161179
GIMAP5_RNA,0.10034292936325073
DIP2B_RNA,0.1002916619181633
ZEB2_RNA,0.10024448484182358
NOP10_RNA,0.10016576945781708
IGSF9_RNA,0.10012270510196686
ETS2_RNA,0.100077323615551
ELOVL4_RNA,0.10007337480783463
NANOS1_RNA,0.10006345063447952
NRIP2_RNA,0.10002029687166214
RPL29_RNA,0.10001053661108017
GABARAP_RNA,0.10000583529472351
ZSCAN4_RNA,0.09998972713947296
SLC5A3_RNA,0.09994752705097198
DGCR5_RNA,0.09988030791282654
ARID1B_RNA,0.09985442459583282
MAPRE3_RNA,0.09985213726758957
CHD4_RNA,0.09984023869037628
CEP57_RNA,0.09977144747972488
PASD1_RNA,0.09976949542760849
TEX11_RNA,0.09975738823413849
MRPL14_RNA,0.09974534064531326
PARL_RNA,0.09973400831222534
LCORL_RNA,0.0997304916381836
RRP12_RNA,0.09972663223743439
CHUK_RNA,0.09969311952590942
CUTA_RNA,0.09968364983797073
TMPRSS13_RNA,0.09956418722867966
TIGD1_RNA,0.09955231100320816
CORIN_RNA,0.09954708069562912
AP1B1_RNA,0.09952615201473236
IP6K3_RNA,0.09948805719614029
PREP_RNA,0.099413201212883
LZTS2_RNA,0.09935688227415085
PDZRN3_RNA,0.09934390336275101
GAS5_RNA,0.09933054447174072
CABLES1_RNA,0.09928186237812042
TET3_RNA,0.09916962683200836
TRPV5_RNA,0.09910217672586441
FAM186B_RNA,0.09908273071050644
AOC3_RNA,0.09905724972486496
SCRG1_RNA,0.09901980310678482
SLFNL1_RNA,0.099003866314888
GDPD4_RNA,0.09898542612791061
SNX16_RNA,0.09893367439508438
PRDX3_RNA,0.09892558306455612
RPS19_RNA,0.09890508651733398
CLDN20_RNA,0.09887979179620743
ST8SIA3_RNA,0.09886688739061356
LBR_RNA,0.09886012226343155
UCMA_RNA,0.09872343391180038
DPM3_RNA,0.0987061932682991
ARPC5_RNA,0.09867612272500992
LMX1A_RNA,0.09865140169858932
RPL18AP3_RNA,0.098629094660282135
SCD_RNA,0.09859231859445572
BMPER_RNA,0.09859076887369156
SERPINA12_RNA,0.09856674820184708
GAB2_RNA,0.09856373071670532
FRMD7_RNA,0.09849944710731506
RARS2_RNA,0.09849777072668076
CACNA2D2_RNA,0.09844471514225006
GABARAPL1_RNA,0.0983886569738388
ROM1_RNA,0.09836455434560776
GIMAP7_RNA,0.09831956773996353
BMPR1A_RNA,0.09829477220773697
OSR1_RNA,0.09827665239572525
TIMM17B_RNA,0.09820081293582916
TPST2_RNA,0.09819068759679794
TOMM22_RNA,0.09815061837434769
NARF_RNA,0.09811916202306747
DENND4A_RNA,0.09810137748718262
MYH4_RNA,0.09808365255594254
NR5A2_RNA,0.0980607196688652
PUS3_RNA,0.09802911430597305
NEK7_RNA,0.09801306575536728
DLGAP1_RNA,0.09801079332828522
SNORA14B_RNA,0.09799438714981079
ZNF22_RNA,0.09797125309705734
SCARB2_RNA,0.09796792268753052
DGCR6L_RNA,0.09795526415109634
PDCD4_RNA,0.09795210510492325
NT5C2_RNA,0.09793242812156677
TUBA8_RNA,0.0979168564081192
NEURL1B_RNA,0.09789230674505234
TBC1D12_RNA,0.09783703088760376
FAM149B1_RNA,0.09777408838272095
SCARNA3_RNA,0.09777307510375977
DBNDD2_RNA,0.09776867181062698
CCDC136_RNA,0.09776236116886139
BRPF1_RNA,0.09772048890590668
COX6A2_RNA,0.09771508723497391
HRCT1_RNA,0.09769753366708755
ACVR1_RNA,0.09768135100603104
DUSP18_RNA,0.09765572100877762
SNORA12_RNA,0.09762159734964371
EIF4EBP1_RNA,0.0976189598441124
GDF7_RNA,0.09757133573293686
PMM1_RNA,0.09750908613204956
PHC1_RNA,0.09749998897314072
DUOXA2_RNA,0.09742646664381027
MYO7A_RNA,0.0973300114274025
TCHH_RNA,0.09732100367546082
NUP210L_RNA,0.09730195254087448
MOBP_RNA,0.09728842228651047
BAG3_RNA,0.09715025871992111
SHF_RNA,0.09712232649326324
B4GALT3_RNA,0.0971015989780426
CRABP2_RNA,0.09708985686302185
FUT11_RNA,0.097071073949337
ZNF609_RNA,0.09701571613550186
DIAPH2_RNA,0.09696432948112488
EVX1_RNA,0.09695807844400406
GK2_RNA,0.09695549309253693
CFD_RNA,0.09694648534059525
MFNG_RNA,0.09693565219640732
SCRT2_RNA,0.0969148501753807
AGTPBP1_RNA,0.09688183665275574
MGST1_RNA,0.09688106179237366
CCL24_RNA,0.09686722606420517
LIPA_RNA,0.0968530923128128
SMARCB1_RNA,0.09681499749422073
OR6X1_RNA,0.09679903835058212
ATP1B3_RNA,0.09678910672664642
RBM12B_RNA,0.09677963703870773
MIA_RNA,0.0967741459608078
NDUFB9_RNA,0.09676576405763626
FSD1L_RNA,0.09671907871961594
PXK_RNA,0.0967186763882637
SP9_RNA,0.0967174768447876
DLX3_RNA,0.09663750231266022
MUC15_RNA,0.09662562608718872
MRPL51_RNA,0.096624955534935
ZNF365_RNA,0.09654901921749115
APOBEC3H_RNA,0.0965246707201004
ANKRD34B_RNA,0.09649265557527542
INPP1_RNA,0.09646053612232208
USP34_RNA,0.09645611047744751
PDE7A_RNA,0.09642023593187332
MAP4K4_RNA,0.0963803380727768
SYNPO2L_RNA,0.09637902677059174
C11orf24_RNA,0.09635744243860245
METTL5_RNA,0.09635228663682938
PROK1_RNA,0.09634727239608765
RNF32_RNA,0.09634342044591904
HSD17B11_RNA,0.09630175679922104
YOD1_RNA,0.09630166739225388
ZC3H7B_RNA,0.09627941995859146
MCM10_RNA,0.0962478294968605
HADHB_RNA,0.09622462093830109
VTI1A_RNA,0.09619611501693726
AKT3_RNA,0.09618829935789108
ZNF300_RNA,0.09617001563310623
PHLDB2_RNA,0.09609358757734299
TESK1_RNA,0.09602038562297821
WNK1_RNA,0.09601987153291702
GYG1_RNA,0.09598303586244583
MED30_RNA,0.09594989567995071
TPM1_RNA,0.09590847790241241
MAPT_RNA,0.09585047513246536
ANXA7_RNA,0.09584668278694153
MC1R_RNA,0.09579198807477951
IFIT2_RNA,0.09576720744371414
MYOC_RNA,0.0957636758685112
SETD5_RNA,0.09574480354785919
DLX4_RNA,0.09567102044820786
SVIL_RNA,0.09566592425107956
SCARB1_RNA,0.09563954919576645
GMIP_RNA,0.09558707475662231
SMAP2_RNA,0.09554830193519592
ZBTB17_RNA,0.09548164159059525
KAZALD1_RNA,0.09545261412858963
TLL1_RNA,0.09540186822414398
VPS13B_RNA,0.0953494980931282
PTPRN_RNA,0.09531313180923462
KCNK6_RNA,0.09530419111251831
HAP1_RNA,0.09529516100883484
TUBGCP2_RNA,0.09526707977056503
TSPYL4_RNA,0.09520290046930313
WDR74_RNA,0.09514377266168594
TTLL12_RNA,0.09513527154922485
ZMYND11_RNA,0.0951072946190834
OSBP2_RNA,0.09499898552894592
GRHL3_RNA,0.0949598029255867
COL4A3_RNA,0.09491558372974396
RCVRN_RNA,0.09490937739610672
NKPD1_RNA,0.0948624238371849
MXI1_RNA,0.09485363215208054
ANKRD31_RNA,0.09484905004501343
ZBED4_RNA,0.09480267763137817
PRL_RNA,0.09476431459188461
ITGAD_RNA,0.09475303441286087
XDH_RNA,0.09473688155412674
ADCY10_RNA,0.09470311552286148
TRMT2A_RNA,0.09470266103744507
GPR101_RNA,0.0945986807346344
P2RX6_RNA,0.09459677338600159
QSOX1_RNA,0.09452734142541885
ARHGEF9_RNA,0.09444374591112137
ZNF649_RNA,0.09436527639627457
RABIF_RNA,0.09432715177536011
DUSP14_RNA,0.09429982304573059
ANKRD1_RNA,0.09429959952831268
NOL6_RNA,0.0942772626876831
RGS8_RNA,0.09420120716094971
RBM17_RNA,0.09419256448745728
ZSCAN2_RNA,0.0941309928894043
OSGIN1_RNA,0.09410043060779572
KRT5_RNA,0.09397698938846588
HMX3_RNA,0.09393811225891113
STAR_RNA,0.0938364788889885
MSTO1_RNA,0.09380029886960983
PDE6G_RNA,0.09378813207149506
TRPM1_RNA,0.09377054870128632
HOXD4_RNA,0.09366840124130249
CEACAM8_RNA,0.0936620756983757
CIB1_RNA,0.09363944828510284
HECA_RNA,0.09361112117767334
SCN11A_RNA,0.09360206872224808
ALDH1A2_RNA,0.09358786791563034
MYBPHL_RNA,0.09358041733503342
ARVCF_RNA,0.09355385601520538
HDDC2_RNA,0.0935426652431488
MFSD9_RNA,0.0935048833489418
UPF2_RNA,0.09350097924470901
CERK_RNA,0.09348992258310318
GABRG1_RNA,0.09348807483911514
SOCS7_RNA,0.09342656284570694
ZNF703_RNA,0.0934191420674324
BMP4_RNA,0.09336722642183304
LOC154449_RNA,0.09330397099256516
SEMA4C_RNA,0.09329751878976822
SNX18_RNA,0.0932893231511116
SART1_RNA,0.09327520430088043
ZNF292_RNA,0.09323983639478683
CHEK2_RNA,0.09322778135538101
ZBTB32_RNA,0.09311734139919281
CACNA2D4_RNA,0.0930422842502594
HECW2_RNA,0.09296216070652008
KLHDC8B_RNA,0.092949278652668
RANGAP1_RNA,0.09284257143735886
RPL6_RNA,0.09280694276094437
GLIPR1_RNA,0.09278959035873413
SLC46A2_RNA,0.09278058260679245
ALPK2_RNA,0.0927104577422142
OXGR1_RNA,0.09266900271177292
ARMC1_RNA,0.0926651731133461
TPCN2_RNA,0.09266439825296402
CLDN19_RNA,0.09265872836112976
HEXIM2_RNA,0.09264504164457321
FOXP1_RNA,0.09263096749782562
HSD17B2_RNA,0.09258366376161575
ARHGAP4_RNA,0.09256501495838165
AFAP1_RNA,0.09255197644233704
SHROOM4_RNA,0.09248816967010498
IRX1_RNA,0.09242264181375504
GGA1_RNA,0.09234794974327087
ZNF280B_RNA,0.09228646010160446
KLF13_RNA,0.09226298332214355
RPS10_RNA,0.09221942722797394
DOC2B_RNA,0.0922149121761322
PWWP2B_RNA,0.09221205860376358
DNAJB12_RNA,0.09216304123401642
HPS4_RNA,0.092152900993824
GHITM_RNA,0.09209344536066055
NLRP4_RNA,0.0920681580901146
CHST15_RNA,0.09205310046672821
ATP7A_RNA,0.09203456342220306
COL11A2_RNA,0.09201517701148987
SDR42E1_RNA,0.09200461953878403
GRK7_RNA,0.09200036525726318
ZNF518B_RNA,0.09195525199174881
GALNT9_RNA,0.09192929416894913
KLHL31_RNA,0.0919116958975792
NCAPD2_RNA,0.09189510345458984
HEY2_RNA,0.09188070148229599
NPFFR1_RNA,0.09188000857830048
KDM4D_RNA,0.0918678268790245
PHYHIP_RNA,0.0918409526348114
PCDHB10_RNA,0.09183000773191452
A4GNT_RNA,0.09181403368711472
LRRC20_RNA,0.09180798381567001
MDFI_RNA,0.09176821261644363
XPO7_RNA,0.09174100309610367
SCARF2_RNA,0.09168139845132828
SLC19A2_RNA,0.0916794091463089
HMGN3_RNA,0.0916057750582695
ACAP3_RNA,0.09160543233156204
MTX2_RNA,0.09158813208341599
INPP5F_RNA,0.09156710654497147
RAB40B_RNA,0.09154319763183594
STRAP_RNA,0.0915251225233078
PCDHGA6_RNA,0.09151611477136612
ODF2L_RNA,0.09146744757890701
TAS2R39_RNA,0.09144316613674164
PTMS_RNA,0.09143994003534317
PSMB3_RNA,0.09141440689563751
SH3BP4_RNA,0.0913817510008812
STXBP5_RNA,0.09137360006570816
GTF2B_RNA,0.0913090929389
C16orf86_RNA,0.0913078710436821
DNER_RNA,0.09130598604679108
TFEB_RNA,0.09124012291431427
ATP6V1E1_RNA,0.09119319915771484
MAP3K3_RNA,0.09114180505275726
MED15_RNA,0.09111345559358597
GOPC_RNA,0.09110458940267563
SMC3_RNA,0.09109076857566833
DLG2_RNA,0.09108934551477432
RPL3_RNA,0.09108243137598038
AKNAD1_RNA,0.09105195850133896
MYC_RNA,0.09104090183973312
PINX1_RNA,0.09102329611778259
COL4A4_RNA,0.09101884067058563
CD33_RNA,0.09101629257202148
RFPL4B_RNA,0.09101265668869019
GLIPR2_RNA,0.09087785333395004
PARD3_RNA,0.09087575227022171
CLLU1_RNA,0.09083769470453262
BLK_RNA,0.09081102162599564
PTGER1_RNA,0.09075777977705002
CHST13_RNA,0.09074845165014267
RPS2_RNA,0.09070829302072525
STRADA_RNA,0.09068778157234192
TSPYL1_RNA,0.09065668284893036
SNHG12_RNA,0.09065414220094681
FGD2_RNA,0.09064209461212158
RPS27A_RNA,0.09059230238199234
LDLRAP1_RNA,0.09056656807661057
NAGK_RNA,0.09056151658296585
ECHDC1_RNA,0.09049616754055023
ADRA1A_RNA,0.09042523801326752
CAMK1_RNA,0.0903320387005806
STAB2_RNA,0.09029792249202728
MYH11_RNA,0.09024754166603088
SFTPA1_RNA,0.09018615633249283
TBX19_RNA,0.09015180170536041
STOX1_RNA,0.09013791382312775
ASB11_RNA,0.09011311829090118
JMJD6_RNA,0.09010826796293259
IL27_RNA,0.09002716094255447
ACBD6_RNA,0.09002596884965897
TMEM30A_RNA,0.08999595791101456
C12orf56_RNA,0.08999272435903549
MIR138-1_RNA,0.08997713029384613
SCGB3A2_RNA,0.08996666967868805
DDX50_RNA,0.08995883166790009
DLX2_RNA,0.08991601318120956
TTC36_RNA,0.08991001546382904
OIT3_RNA,0.08988156169652939
M6PR_RNA,0.08985299617052078
FAU_RNA,0.08984914422035217
PLIN4_RNA,0.0898437425494194
GUCA1A_RNA,0.08982975035905838
SLITRK5_RNA,0.0897858589887619
CLCN6_RNA,0.08969038724899292
BMP6_RNA,0.0896807387471199
CTRB1_RNA,0.0896778330206871
MEMO1_RNA,0.08963745087385178
PDLIM2_RNA,0.08962693810462952
NHLH1_RNA,0.08961549401283264
MED13L_RNA,0.08960384875535965
HDAC4_RNA,0.08954126387834549
ABCC5_RNA,0.08949333429336548
TG_RNA,0.08948058634996414
PDZD7_RNA,0.08946400880813599
FBXO25_RNA,0.08936907351016998
TRIM63_RNA,0.08934658020734787
SLC5A2_RNA,0.08927498757839203
RASL11A_RNA,0.08925826847553253
SAP30BP_RNA,0.08923625200986862
AMPD1_RNA,0.08919341117143631
FBXO2_RNA,0.08916571736335754
RAC3_RNA,0.08915851265192032
MBTD1_RNA,0.08908161520957947
TTC13_RNA,0.08902242034673691
KIF6_RNA,0.08899812400341034
MIR1200_RNA,0.08897964656352997
USP46_RNA,0.08894133567810059
AMN1_RNA,0.08893466740846634
ZCCHC7_RNA,0.08892606198787689
MMP12_RNA,0.08885204792022705
OR2M4_RNA,0.08884377032518387
DRP2_RNA,0.0888320654630661
AKR1A1_RNA,0.0888240784406662
PDE11A_RNA,0.0887967124581337
RDH16_RNA,0.08877391368150711
TIAM1_RNA,0.08875740319490433
ABCB6_RNA,0.08873631805181503
IFNAR2_RNA,0.08873385190963745
HAGH_RNA,0.08868353068828583
TLL2_RNA,0.08866030722856522
BID_RNA,0.08865521848201752
AQP11_RNA,0.08864069730043411
WNT2B_RNA,0.08862444013357162
TDRG1_RNA,0.08854201436042786
VCAN_RNA,0.08846742659807205
TMEM45A_RNA,0.08846040070056915
GPC6_RNA,0.08839460462331772
SHOC2_RNA,0.0883546695113182
NRXN1_RNA,0.08834169059991837
ERGIC2_RNA,0.08832228928804398
MRPL48_RNA,0.08826979994773865
RPAIN_RNA,0.0882321372628212
PABPC4_RNA,0.08821074664592743
CNOT7_RNA,0.08819280564785004
NUDT13_RNA,0.08816567063331604
CDH11_RNA,0.08815348148345947
BMS1P4_RNA,0.08813339471817017
SLC16A14_RNA,0.08797654509544373
CCR7_RNA,0.08795001357793808
L1CAM_RNA,0.08794497698545456
OSGEPL1_RNA,0.08794119954109192
HCFC1R1_RNA,0.0879310593008995
EVPL_RNA,0.08788615465164185
DGAT2_RNA,0.08785662055015564
MN1_RNA,0.08785218745470047
MGAT5_RNA,0.08779525011777878
TAF11_RNA,0.08770406246185303
TYROBP_RNA,0.08762277662754059
MAGEE2_RNA,0.08760460466146469
HIF1AN_RNA,0.08756735175848007
MRPS21_RNA,0.08755414932966232
KCTD20_RNA,0.08755356818437576
MRPL18_RNA,0.08753839135169983
LYPLA2_RNA,0.08751709759235382
MYEOV_RNA,0.0875045582652092
F2_RNA,0.08743105083703995
RPS6KA5_RNA,0.08741441369056702
ZBTB12_RNA,0.08734173327684402
PSMB4_RNA,0.0873330757021904
ADIPOR1_RNA,0.0873132273554802
TMEM150B_RNA,0.08730627596378326
NUDT2_RNA,0.0872722789645195
PTH2R_RNA,0.08723979443311691
UCK2_RNA,0.08723429590463638
CHST9_RNA,0.08722088485956192
TIMM8B_RNA,0.08721069246530533
RNF182_RNA,0.08716916292905807
MYH15_RNA,0.08716827630996704
PCDHGA5_RNA,0.0871623307466507
CAMTA1_RNA,0.08715080469846725
ZNF23_RNA,0.08714909106492996
RNF130_RNA,0.08712068200111389
ORMDL2_RNA,0.08711119741201401
LSM2_RNA,0.08711109310388565
RNF146_RNA,0.08707333356142044
TMEM132E_RNA,0.0870690569281578
DUSP9_RNA,0.0869932621717453
ASPDH_RNA,0.08698718994855881
FSHB_RNA,0.08697640895843506
SQLE_RNA,0.08697442710399628
ZBTB5_RNA,0.0869518369436264
SCUBE2_RNA,0.08693823218345642
CYTH4_RNA,0.08690176159143448
TMCC1_RNA,0.08684481680393219
INSM2_RNA,0.08683407306671143
ERC1_RNA,0.08682329952716827
CD79A_RNA,0.08678948879241943
ENOSF1_RNA,0.08671116083860397
FKBP7_RNA,0.08668754249811172
MMP1_RNA,0.0866607278585434
UNC5CL_RNA,0.08662939071655273
NR1H4_RNA,0.08662058413028717
LRRC69_RNA,0.08659567683935165
MAP3K11_RNA,0.08658328652381897
CBX1_RNA,0.08657098561525345
COL6A6_RNA,0.08654073625802994
FAT4_RNA,0.08649448305368423
PCDHA13_RNA,0.08648984134197235
CDON_RNA,0.08648619800806046
DNAI1_RNA,0.08647012710571289
ISG20L2_RNA,0.08646216988563538
TMEM126A_RNA,0.08642850816249847
BTRC_RNA,0.08640148490667343
PSMD4_RNA,0.08637123554944992
NCOA7_RNA,0.0863371342420578
SULT1C4_RNA,0.0863020196557045
CCDC66_RNA,0.08630117774009705
RTKN_RNA,0.08629050850868225
LHX5_RNA,0.08622108399868011
ZNF274_RNA,0.08621260523796082
CXXC4_RNA,0.08608682453632355
SPACA3_RNA,0.08606532961130142
SLC7A6OS_RNA,0.0859544575214386
OPALIN_RNA,0.08585473895072937
MYL1_RNA,0.0858246311545372
ZCCHC24_RNA,0.08580324798822403
NKIRAS1_RNA,0.08576983213424683
MSH4_RNA,0.08576644957065582
RNF113A_RNA,0.08576013892889023
SYT13_RNA,0.0856875479221344
GALR3_RNA,0.08568466454744339
LYL1_RNA,0.0855432003736496
SELP_RNA,0.08545034378767014
CDV3_RNA,0.08544666320085526
TSPAN11_RNA,0.08539830148220062
TBC1D14_RNA,0.08535218238830566
HMGA1_RNA,0.08535091578960419
ZNF718_RNA,0.08533547073602676
GPATCH4_RNA,0.08532950282096863
LGSN_RNA,0.0853167176246643
MYH13_RNA,0.08527737855911255
MYO3A_RNA,0.08522464334964752
SERINC2_RNA,0.085208959877491
SNORD15B_RNA,0.08517085760831833
JMJD7-PLA2G4B_RNA,0.08515767753124237
PCGF3_RNA,0.08513534069061279
TCF20_RNA,0.08510806411504745
DPYSL3_RNA,0.08510567247867584
TIPRL_RNA,0.0850670337677002
ANKRD7_RNA,0.08504078537225723
PAG1_RNA,0.08503469824790955
PTRH2_RNA,0.0850193202495575
IL10RB_RNA,0.0849892869591713
TRPC6_RNA,0.08496005833148956
C5orf47_RNA,0.08494951575994492
ZFAND2B_RNA,0.08493157476186752
RNGTT_RNA,0.08492174744606018
NLGN2_RNA,0.08487370610237122
SCLT1_RNA,0.08484029024839401
CCNC_RNA,0.08482584357261658
TTBK1_RNA,0.08482193946838379
DCTN1_RNA,0.08479716628789902
GRHPR_RNA,0.08477897197008133
FLJ42393_RNA,0.08475081622600555
DNAH12_RNA,0.08472325652837753
UQCRB_RNA,0.08466813713312149
BTAF1_RNA,0.08463490009307861
GPD1_RNA,0.0846223533153534
ACACA_RNA,0.08459484577178955
NKX6-1_RNA,0.08458270877599716
ARHGEF10L_RNA,0.08453668653964996
HDAC8_RNA,0.08453179150819778
EXOC2_RNA,0.084485724568367
RPF2_RNA,0.0844806358218193
FBP2_RNA,0.08446403592824936
GIMAP8_RNA,0.08440276980400085
ABCA2_RNA,0.08439058810472488
CLSTN3_RNA,0.08438671380281448
PDE8B_RNA,0.08438170701265335
LYRM2_RNA,0.08436601608991623
ABCC8_RNA,0.08431971818208694
DST_RNA,0.0842461958527565
BAK1_RNA,0.08406452089548111
DAZL_RNA,0.08404356241226196
SLC6A6_RNA,0.08402492105960846
MYO5A_RNA,0.08399201929569244
DIP2A_RNA,0.08398080617189407
PSMG4_RNA,0.08395437151193619
C2CD2L_RNA,0.08392686396837234
THNSL1_RNA,0.08391307294368744
MYOT_RNA,0.08383425325155258
AGBL5_RNA,0.08382131904363632
ZSCAN23_RNA,0.08381833136081696
PLCD3_RNA,0.08381008356809616
FAM180B_RNA,0.08375832438468933
POGK_RNA,0.08375431597232819
GRAMD1A_RNA,0.08375304937362671
ZDHHC8_RNA,0.08373061567544937
SPATA19_RNA,0.08372259885072708
RAPGEF1_RNA,0.0837206020951271
FMO5_RNA,0.08371174335479736
ENPP5_RNA,0.0836944654583931
NPAS4_RNA,0.08368981629610062
ARHGAP10_RNA,0.083677276968956
SLC28A1_RNA,0.0836741030216217
NECAP1_RNA,0.08367204666137695
MKRN2_RNA,0.08363575488328934
USP35_RNA,0.08363209664821625
LRCH3_RNA,0.08355391770601273
TTLL2_RNA,0.08353094011545181
CATSPER2_RNA,0.08352077752351761
CEP97_RNA,0.0835026353597641
RXRG_RNA,0.08350101113319397
TNF_RNA,0.08348707854747772
RANBP6_RNA,0.08340968191623688
SLIT3_RNA,0.08340827375650406
UNC13D_RNA,0.08340034633874893
ARF4_RNA,0.08339963853359222
BRS3_RNA,0.08338981866836548
CA1_RNA,0.08337844163179398
CD47_RNA,0.08337205648422241
RPA4_RNA,0.0833645835518837
IL19_RNA,0.083344466984272
COPA_RNA,0.08334328234195709
NFYA_RNA,0.08333994448184967
NKX6-3_RNA,0.08333885669708252
CUX2_RNA,0.08331049978733063
FBXO7_RNA,0.08330415934324265
TNNC1_RNA,0.08325304836034775
CAPN14_RNA,0.08325286954641342
C10orf53_RNA,0.08321315795183182
IGF2_RNA,0.08320127427577972
C4orf33_RNA,0.08314377069473267
DDC_RNA,0.08310574293136597
RIOK1_RNA,0.08310534060001373
TBC1D22A_RNA,0.08310411125421524
SS18L2_RNA,0.08304678648710251
MTFR1_RNA,0.08300711959600449
LGMN_RNA,0.08293705433607101
TNRC6C_RNA,0.08293451368808746
BPNT1_RNA,0.0828578993678093
CLCA2_RNA,0.082815021276474
MTMR14_RNA,0.08278337866067886
RPL10_RNA,0.08277731388807297
MORF4L2_RNA,0.08275256305932999
PRPSAP2_RNA,0.0827462300658226
SNHG5_RNA,0.08268885314464569
RPLP0_RNA,0.0826750174164772
AIF1_RNA,0.0826692134141922
CBR4_RNA,0.08265835046768188
IL1RAPL2_RNA,0.08265221118927002
GJB5_RNA,0.0826505720615387
NSMCE4A_RNA,0.08262184262275696
DHH_RNA,0.08259066194295883
TCEANC_RNA,0.082553863525390625
IFIT5_RNA,0.08249582350254059
SLC22A13_RNA,0.08246095478534698
KCNK10_RNA,0.08246037364006042
ITSN1_RNA,0.08245190978050232
DGKA_RNA,0.08244383335113525
GTF2H5_RNA,0.08231650292873383
XYLB_RNA,0.08231589943170547
COX6C_RNA,0.08231454342603683
C1orf43_RNA,0.08225417137145996
PGS1_RNA,0.08223035931587219
SCARA5_RNA,0.08220215886831284
LRRC10_RNA,0.08219818025827408
WDR27_RNA,0.0820823684334755
DAPK2_RNA,0.08205651491880417
TMEM88B_RNA,0.08194717019796371
TSPYL6_RNA,0.08192627131938934
LRFN5_RNA,0.0819115936756134
RNF7_RNA,0.08190692961215973
SIX2_RNA,0.08186446875333786
RIT1_RNA,0.08181967586278915
SOX3_RNA,0.0818125307559967
DMRTB1_RNA,0.08178474754095078
MED23_RNA,0.08177478611469269
CLASP1_RNA,0.08172319084405899
RAB2A_RNA,0.0817013829946518
RHBDL2_RNA,0.08167930692434311
DSCAM_RNA,0.08164271712303162
PLCL2_RNA,0.08163943141698837
MAGEB6_RNA,0.08160857111215591
DGAT1_RNA,0.08160039037466049
KCNK2_RNA,0.08151999861001968
INTS10_RNA,0.08151810616254807
AMMECR1_RNA,0.08151279389858246
TRDMT1_RNA,0.08150754868984222
C15orf62_RNA,0.08149426430463791
GMDS_RNA,0.08148736506700516
ARSA_RNA,0.08142104744911194
HPS6_RNA,0.08139145374298096
IL2RG_RNA,0.08137067407369614
ASB1_RNA,0.08133889734745026
NAT2_RNA,0.08132349699735641
BTF3L4_RNA,0.08131130784749985
WNT9A_RNA,0.08130886405706406
UXT_RNA,0.08128203451633453
RPL13P5_RNA,0.08125534653663635
VHL_RNA,0.08124945312738419
CA8_RNA,0.08124007284641266
LTC4S_RNA,0.08122289180755615
PLEKHO2_RNA,0.0811978355050087
CREB3_RNA,0.08119510859251022
BCL9L_RNA,0.08117759227752686
CRHR1_RNA,0.0811590701341629
CSDE1_RNA,0.08110235631465912
FRS3_RNA,0.08109847456216812
RPUSD3_RNA,0.08108393847942352
ADK_RNA,0.08108069002628326
JAGN1_RNA,0.08107195794582367
ABCG5_RNA,0.08106142282485962
TUBE1_RNA,0.08104243874549866
TRIM11_RNA,0.08104004710912704
SPINK9_RNA,0.08097167313098907
TOB2_RNA,0.08095754683017731
GLB1L2_RNA,0.0809556320309639
SLN_RNA,0.08094307035207748
CSGALNACT1_RNA,0.0809384137392044
CENPP_RNA,0.08090187609195709
SNX27_RNA,0.08087939769029617
IGFN1_RNA,0.08083869516849518
HSPBAP1_RNA,0.08083458244800568
RRAGB_RNA,0.08082075417041779
PLEKHM2_RNA,0.08075832575559616
SH3TC2_RNA,0.08074546605348587
ROGDI_RNA,0.0806935653090477
GRK4_RNA,0.08068808168172836
C10orf88_RNA,0.08066388219594955
MAML2_RNA,0.08060307055711746
SLC22A7_RNA,0.08057917654514313
ANAPC11_RNA,0.08056424558162689
SPATA21_RNA,0.08055590093135834
SLC25A34_RNA,0.08047999441623688
ANKRD33B_RNA,0.08047420531511307
PSMB5_RNA,0.0803414061665535
SHKBP1_RNA,0.08032090961933136
UBE2T_RNA,0.08029196411371231
SLC25A32_RNA,0.08027945458889008
NARS2_RNA,0.08024748414754868
ZDHHC19_RNA,0.08020585775375366
TMC8_RNA,0.08011523634195328
PFDN6_RNA,0.08009697496891022
MFF_RNA,0.0800928846001625
RGPD8_RNA,0.08008069545030594
PCSK7_RNA,0.08005008101463318
ADRA2C_RNA,0.08004821836948395
HCST_RNA,0.07998694479465485
SH3KBP1_RNA,0.07998076826334
GLIPR1L1_RNA,0.07997318357229233
ANKRD34A_RNA,0.07995385676622391
SMNDC1_RNA,0.07993185520172119
EEF1E1_RNA,0.07992043346166611
RPL13AP20_RNA,0.07988403737545013
LTB_RNA,0.07983812689781189
CKS2_RNA,0.07981798052787781
FGFR1OP2_RNA,0.07974117249250412
CSF1R_RNA,0.07972364127635956
GON4L_RNA,0.07971789687871933
NDRG3_RNA,0.07970743626356125
CCDC77_RNA,0.07966520637273788
MLANA_RNA,0.0796574279665947
PCDHA10_RNA,0.079657182097435
SLC40A1_RNA,0.07962465286254883
ICA1_RNA,0.07950954884290695
PRAF2_RNA,0.07946202158927917
PARD6A_RNA,0.07943098247051239
USP5_RNA,0.07940079271793365
FRAS1_RNA,0.07939843833446503
UBE2R2_RNA,0.07938919961452484
ZMAT5_RNA,0.07937468588352203
MIR1276_RNA,0.07937078177928925
SGSM3_RNA,0.07931551337242126
MIR2116_RNA,0.07929941266775131
EVL_RNA,0.07929764688014984
DHTKD1_RNA,0.0792802944779396
RPL8_RNA,0.07927531749010086
KLHL5_RNA,0.07922643423080444
FBXW12_RNA,0.07914166152477264
PSG8_RNA,0.07912098616361618
ZBTB24_RNA,0.07907740771770477
NOP2_RNA,0.07905818521976471
KCNG3_RNA,0.0790451243519783
KIF3C_RNA,0.07903295755386353
CACYBP_RNA,0.07900536805391312
DTNB_RNA,0.07900460064411163
MUS81_RNA,0.07898421585559845
RPL13_RNA,0.07896687090396881
LIPE_RNA,0.07895562052726746
FSTL5_RNA,0.07894045859575272
HADHA_RNA,0.07887212187051773
CHRNA4_RNA,0.07884934544563293
PRB4_RNA,0.07884456217288971
ZNF281_RNA,0.07883385568857193
HOMER3_RNA,0.07881931960582733
DHRS2_RNA,0.07878593355417252
NACA_RNA,0.07876983284950256
STIP1_RNA,0.07876177132129669
TFAM_RNA,0.07875171303749084
FOXR1_RNA,0.07873527705669403
ADRA2B_RNA,0.07873464375734329
EIF4EBP2_RNA,0.07871823757886887
MATN1_RNA,0.0786917582154274
NBEAL1_RNA,0.07868935912847519
ANKRD46_RNA,0.07868519425392151
TRMT112_RNA,0.07864510267972946
SLC43A1_RNA,0.0786188468337059
RTN4R_RNA,0.07861728221178055
CPSF3_RNA,0.07861011475324631
C2orf68_RNA,0.07860508561134338
GHRH_RNA,0.07856199145317078
STK10_RNA,0.07846342027187347
DGCR11_RNA,0.07845977693796158
GRIA2_RNA,0.07843543589115143
IHH_RNA,0.07841692864894867
PENK_RNA,0.07840066403150558
LYVE1_RNA,0.07834181189537048
CACNG5_RNA,0.07832358032464981
OR9A4_RNA,0.07830487936735153
BRF2_RNA,0.07826600223779678
PRH1_RNA,0.07825007289648056
LHPP_RNA,0.07820381224155426
APOOL_RNA,0.07817737013101578
GNPAT_RNA,0.07816876471042633
SLC16A8_RNA,0.07815969735383987
TMEM31_RNA,0.07814323157072067
SNORA59A_RNA,0.07808708399534225
IGHMBP2_RNA,0.07806263864040375
MAST1_RNA,0.07780284434556961
PCDH20_RNA,0.07777582108974457
HCK_RNA,0.07775016874074936
SMAP1_RNA,0.07774769514799118
ATP8B4_RNA,0.07773100584745407
RPL13A_RNA,0.07772599905729294
MSTN_RNA,0.07771172374486923
KIAA0087_RNA,0.07770906388759613
SLC4A9_RNA,0.07769066095352173
PHF5A_RNA,0.07767580449581146
CKM_RNA,0.07767223566770554
LY6G6C_RNA,0.07763174921274185
TTC24_RNA,0.07762759923934937
ASB15_RNA,0.07759074121713638
MITF_RNA,0.07758235186338425
KDM5A_RNA,0.07757846266031265
SUSD4_RNA,0.0775747299194336
SP7_RNA,0.07755871117115021
GUCY2F_RNA,0.07755297422409058
LGI2_RNA,0.07753538340330124
LPA_RNA,0.07752984762191772
AVPI1_RNA,0.07748880982398987
TMEM70_RNA,0.07748736441135406
GDAP1L1_RNA,0.0774797648191452
ATXN7L2_RNA,0.07747799158096313
HDAC11_RNA,0.07746700942516327
INTS8_RNA,0.07745363563299179
CCDC6_RNA,0.07745017856359482
SLC2A6_RNA,0.07745009660720825
MAN2A1_RNA,0.07743952423334122
HIRA_RNA,0.07742169499397278
RPL26_RNA,0.07734010368585587
CABP1_RNA,0.07733863592147827
HPSE2_RNA,0.07729718834161758
UBE4B_RNA,0.07728158682584763
DIO1_RNA,0.07727950066328049
THOC5_RNA,0.07726242393255234
NSUN3_RNA,0.0772576555609703
UCP3_RNA,0.0772315114736557
TMC7_RNA,0.07722944021224976
C12orf71_RNA,0.07721799612045288
AHSA1_RNA,0.0772063136100769
TACR3_RNA,0.07716246694326401
GALR1_RNA,0.07710622251033783
PYCARD_RNA,0.07709682732820511
LRP2_RNA,0.07706864923238754
TRIM27_RNA,0.07702939957380295
BAZ1A_RNA,0.07701984792947769
PPP3CC_RNA,0.07698050141334534
CPXM2_RNA,0.07694248110055923
STC2_RNA,0.076901376247406
C11orf54_RNA,0.07690030336380005
C17orf67_RNA,0.07685615867376328
PCDHGB5_RNA,0.07684803009033203
RPS28_RNA,0.07684723287820816
PTPRO_RNA,0.07682958245277405
RWDD1_RNA,0.07681557536125183
POLR3C_RNA,0.0768151804804802
TAS1R3_RNA,0.07679922878742218
PRPH_RNA,0.07676845788955688
WBP2_RNA,0.07676461338996887
NDUFB11_RNA,0.07676258683204651
MED24_RNA,0.07675695419311523
GDF11_RNA,0.07675240933895111
MTF2_RNA,0.07675083726644516
GDF9_RNA,0.07673932611942291
ACRBP_RNA,0.07671559602022171
GPSM1_RNA,0.07669185847043991
WDR75_RNA,0.07659105956554413
CCDC149_RNA,0.07658755779266357
POLDIP3_RNA,0.07657469063997269
KIF18B_RNA,0.07653068006038666
TUBA3D_RNA,0.07649347931146622
VANGL2_RNA,0.07646195590496063
DIO3OS_RNA,0.07644080370664597
NIN_RNA,0.0764356255531311
GRB2_RNA,0.07641904056072235
KLHL3_RNA,0.0764080062508583
ADAM22_RNA,0.07635974884033203
OTC_RNA,0.07635748386383057
SLC22A14_RNA,0.0763559341430664
CYP1A1_RNA,0.07633460313081741
SEPHS1_RNA,0.07630583643913269
CORO2A_RNA,0.07628525048494339
EPCAM_RNA,0.0762743130326271
GSK3B_RNA,0.07624474167823792
ENTPD7_RNA,0.07621283084154129
RORC_RNA,0.07619279623031616
KATNA1_RNA,0.07615692168474197
GRIA4_RNA,0.07614823430776596
DHRS9_RNA,0.07614497095346451
BLZF1_RNA,0.0761427953839302
LANCL1_RNA,0.07608557492494583
TBKBP1_RNA,0.07606276124715805
VPS37A_RNA,0.07604096084833145
STAG3_RNA,0.07604020088911057
C1orf216_RNA,0.075965777039527893
BNIPL_RNA,0.07596492022275925
IZUMO1_RNA,0.07595188170671463
GNG8_RNA,0.07593919336795807
TRAPPC4_RNA,0.07592456042766571
STRN_RNA,0.07592207938432693
PSD_RNA,0.07587378472089767
SLC27A6_RNA,0.07575864344835281
SDHB_RNA,0.07570771872997284
GTPBP1_RNA,0.0757071003317833
HACE1_RNA,0.07568830251693726
ZNF436_RNA,0.07565736770629883
CYB5A_RNA,0.07565033435821533
PTGER4_RNA,0.07563398778438568
WNT5A_RNA,0.07557990401983261
NHLRC4_RNA,0.07545675337314606
DIRC3_RNA,0.07542770355939865
FGF21_RNA,0.07542397826910019
MON1A_RNA,0.0753859132528305
EFHB_RNA,0.07537876814603806
RERE_RNA,0.07532738894224167
TRIM75_RNA,0.07528440654277802
HRH3_RNA,0.07523281872272491
MRPL52_RNA,0.07522065937519073
CCT4_RNA,0.0752130001783371
CILP_RNA,0.07520530372858047
BEND7_RNA,0.07517548650503159
PKD1L1_RNA,0.07516992092132568
GLUD1_RNA,0.07516389340162277
UPK2_RNA,0.07514505088329315
TIMM50_RNA,0.07513238489627838
GNG4_RNA,0.07513106614351273
CMTM1_RNA,0.07511764764785767
CCDC116_RNA,0.07503575831651688
SLC27A2_RNA,0.07503057271242142
DAND5_RNA,0.07500090450048447
MAFB_RNA,0.07498278468847275
OR4D1_RNA,0.07493194937705994
PIK3IP1_RNA,0.07490631192922592
PTPRG_RNA,0.07489052414894104
SLC25A28_RNA,0.07486779242753983
GEM_RNA,0.0748571828007698
PIWIL2_RNA,0.07485014200210571
ESRP1_RNA,0.07482443749904633
GNB4_RNA,0.07479051500558853
HAX1_RNA,0.07475893944501877
ZNF236_RNA,0.07473424077033997
OVCH1_RNA,0.07472466677427292
MIR346_RNA,0.0747116208076477
YY1AP1_RNA,0.07470677047967911
MFRP_RNA,0.07470029592514038
ADH4_RNA,0.07467316091060638
SLCO2B1_RNA,0.07466328144073486
SOX7_RNA,0.0746527686715126
NXPH2_RNA,0.07465219497680664
SIGLEC12_RNA,0.07463402301073074
PCDHB11_RNA,0.07459340244531631
NDUFV2_RNA,0.07455845177173615
MAL_RNA,0.07455265522003174
SUSD1_RNA,0.07450830191373825
GCM1_RNA,0.07449549436569214
BTN1A1_RNA,0.07447677105665207
SERPIND1_RNA,0.0744740217924118
SLIT2_RNA,0.07433978468179703
TSNARE1_RNA,0.07431492209434509
ZNF556_RNA,0.07431172579526901
PES1_RNA,0.07426629215478897
DNAJC11_RNA,0.07425364851951599
SEC61B_RNA,0.07422347366809845
THAP8_RNA,0.07419918477535248
ALDOC_RNA,0.07417592406272888
CCDC103_RNA,0.07415405660867691
FLAD1_RNA,0.07412461936473846
GRM1_RNA,0.07410278171300888
GLRA1_RNA,0.07409012317657471
PLEKHB2_RNA,0.07408484071493149
NKIRAS2_RNA,0.07408471405506134
UBE2J1_RNA,0.07407666742801666
NUP50_RNA,0.07402260601520538
BMP1_RNA,0.07402090728282928
RPL13AP5_RNA,0.07401719689369202
MXD1_RNA,0.07399391382932663
PCMTD1_RNA,0.07399260997772217
SYPL2_RNA,0.07397809624671936
DTX4_RNA,0.07395509630441666
RND2_RNA,0.07393757998943329
ADIPOQ_RNA,0.07393108308315277
KCNQ1DN_RNA,0.07388529926538467
CLDN18_RNA,0.0738537535071373
XKRX_RNA,0.07379777729511261
DNAI2_RNA,0.07378825545310974
SLC37A2_RNA,0.07378648966550827
CLEC4D_RNA,0.07374434918165207
UCN2_RNA,0.07373560965061188
ZBTB47_RNA,0.07372833788394928
PROZ_RNA,0.07369957864284515
RPLP1_RNA,0.07365445792675018
PLCB3_RNA,0.07365035265684128
SLC12A6_RNA,0.07364633679389954
SUMO4_RNA,0.07359527796506882
LRRC27_RNA,0.07358329743146896
SCUBE1_RNA,0.07357979565858841
CDC42SE1_RNA,0.07356534153223038
MIR181A2_RNA,0.07355599850416183
PID1_RNA,0.07351353764533997
INTS7_RNA,0.07351278513669968
ZNF93_RNA,0.07349123805761337
CTSB_RNA,0.0734810009598732
WDR49_RNA,0.07347485423088074
LMBR1L_RNA,0.07346585392951965
JOSD1_RNA,0.07346285134553909
ANXA13_RNA,0.07344423979520798
OOEP_RNA,0.07344341278076172
GSC2_RNA,0.0734269991517067
NCAM2_RNA,0.07340345531702042
CPEB3_RNA,0.07339810580015182
LRRK2_RNA,0.07339203357696533
SNORA16B_RNA,0.07338357716798782
DDHD2_RNA,0.07337747514247894
IFI27L2_RNA,0.07337365299463272
ESR1_RNA,0.07337293773889542
MAGEA8_RNA,0.07336790859699249
BFSP2_RNA,0.07335226237773895
NCKAP1L_RNA,0.07332438975572586
DDX10_RNA,0.07331502437591553
RAD51AP2_RNA,0.07327266037464142
PHLDA1_RNA,0.07321716099977493
UPK1B_RNA,0.07321247458457947
MIR563_RNA,0.07320692390203476
RASGRF2_RNA,0.07318787276744843
TMEM219_RNA,0.07318494468927383
SHISA3_RNA,0.07314876466989517
ZFAND1_RNA,0.07312537729740143
YWHAQ_RNA,0.07310447096824646
COLEC12_RNA,0.07306788861751556
LHX9_RNA,0.07302530109882355
SH2B2_RNA,0.07301906496286392
DACT3_RNA,0.07300791144371033
RGS9BP_RNA,0.07299719750881195
RNF115_RNA,0.0729798674583435
DRD2_RNA,0.072934091091156
KCNK7_RNA,0.07288403064012527
CPXM1_RNA,0.07286737114191055
RANBP1_RNA,0.0727560818195343
ARRB2_RNA,0.07271618396043777
KCNJ13_RNA,0.07271483540534973
XRN1_RNA,0.07269352674484253
NAP1L1_RNA,0.07268114387989044
YEATS2_RNA,0.07267037034034729
REV3L_RNA,0.07266885787248611
ATOX1_RNA,0.07266198098659515
NME1_RNA,0.0726511999964714
TMTC1_RNA,0.07263349741697311
MAGI3_RNA,0.07262086123228073
MLYCD_RNA,0.07259929180145264
PPIL1_RNA,0.07253561913967133
BACH2_RNA,0.0725240409374237
MIR1197_RNA,0.07251002639532089
CBX6_RNA,0.07250501215457916
UQCRH_RNA,0.07249659299850464
SNORD32B_RNA,0.07245416194200516
POU5F2_RNA,0.07245089113712311
FUBP1_RNA,0.07241643965244293
HSPA14_RNA,0.07240300625562668
TRPC1_RNA,0.07235696166753769
ATP13A5_RNA,0.07235363870859146
EIF2A_RNA,0.07234740257263184
TMLHE_RNA,0.07233478873968124
B4GALT6_RNA,0.07232657074928284
ARAP1_RNA,0.07229144126176834
GPBAR1_RNA,0.07227866351604462
RGS11_RNA,0.07226620614528656
VPS18_RNA,0.07215065509080887
PKD2L2_RNA,0.07214421778917313
BAIAP2L1_RNA,0.07208442687988281
TMEM126B_RNA,0.0720658078789711
DVL3_RNA,0.07203047722578049
HAS2_RNA,0.07202835381031036
SEC23IP_RNA,0.0719800814986229
NOLC1_RNA,0.07197875529527664
EIF3A_RNA,0.07195711135864258
POLR2K_RNA,0.07194851338863373
DERL1_RNA,0.07190006226301193
NEURL2_RNA,0.07188480347394943
MIR345_RNA,0.0718555897474289
LSM1_RNA,0.07184544205665588
KDM4A_RNA,0.07181405276060104
MAP3K7_RNA,0.07180394232273102
HMX2_RNA,0.0717996284365654
LCP1_RNA,0.0717715471982956
SOX13_RNA,0.07176917046308517
TREX2_RNA,0.07175003737211227
TUBGCP4_RNA,0.07170815765857697
EEF1D_RNA,0.07165708392858505
OSGIN2_RNA,0.07163959741592407
SIGLEC11_RNA,0.07157814502716064
MFSD6_RNA,0.07156691700220108
UVRAG_RNA,0.07152192294597626
NDUFB4_RNA,0.07151620835065842
AJAP1_RNA,0.07145365327596664
CXCR6_RNA,0.0714433565735817
TRIML2_RNA,0.07142885029315948
FEZF2_RNA,0.07140720635652542
ZNF516_RNA,0.07140140980482101
FGF8_RNA,0.07136332243680954
PRICKLE2_RNA,0.0713617280125618
SMPD2_RNA,0.07135307788848877
NEUROG2_RNA,0.07131804525852203
CCND3_RNA,0.0713152140378952
GPR52_RNA,0.07122819125652313
CLIC6_RNA,0.07120609283447266
HERC1_RNA,0.07114461809396744
FOXN2_RNA,0.07113510370254517
LIG3_RNA,0.07110980153083801
FBN2_RNA,0.0711095929145813
ZSWIM3_RNA,0.071102045476436615
ZNRF1_RNA,0.07109837979078293
MYH8_RNA,0.07109237462282181
JPH2_RNA,0.07109159231185913
CD300A_RNA,0.07108752429485321
IL12RB1_RNA,0.07107709348201752
SNTG2_RNA,0.07103068381547928
ACTN3_RNA,0.07100395858287811
PHIP_RNA,0.07097982615232468
BCAN_RNA,0.07087267935276031
SEC63_RNA,0.07082439959049225
PCDHAC2_RNA,0.0708201602101326
TMEM86A_RNA,0.07081543654203415
RAB40AL_RNA,0.07080096006393433
NLRP9_RNA,0.07079828530550003
METTL13_RNA,0.07076749205589294
DPEP2_RNA,0.07075543701648712
NRG3_RNA,0.07074947655200958
PIK3AP1_RNA,0.07073187083005905
ITFG2_RNA,0.07070371508598328
ZDHHC3_RNA,0.07069311290979385
RAPGEF2_RNA,0.07064802199602127
KLHL23_RNA,0.07064129412174225
AATF_RNA,0.07061542570590973
KIAA1586_RNA,0.07061431556940079
PTPDC1_RNA,0.07057370245456696
VTA1_RNA,0.07056668400764465
MIR1286_RNA,0.0705513283610344
PIWIL1_RNA,0.0705510824918747
TAF5L_RNA,0.07054697722196579
PKDCC_RNA,0.07054690271615982
IL13_RNA,0.07053739577531815
KLF8_RNA,0.07047916203737259
B3GNT3_RNA,0.07047585397958755
ST13_RNA,0.07046462595462799
RTP1_RNA,0.07041620463132858
PSMA6_RNA,0.07039911299943924
ATM_RNA,0.07039256393909454
MTMR4_RNA,0.07036950439214706
GDAP2_RNA,0.0703582838177681
STAB1_RNA,0.0703434869647026
HSF2BP_RNA,0.0703275203704834
PRDM6_RNA,0.07031068205833435
LOC153910_RNA,0.07030066102743149
DVL1_RNA,0.07030057907104492
ZNF250_RNA,0.07028689235448837
B3GNT6_RNA,0.07027542591094971
EAF1_RNA,0.0701930820941925
KLHL22_RNA,0.07016108185052872
C1QTNF4_RNA,0.07013458758592606
CAND2_RNA,0.07013434171676636
LATS1_RNA,0.07012546062469482
VCX_RNA,0.070124551653862
GPAA1_RNA,0.07011249661445618
KCNG2_RNA,0.07011095434427261
CYP7B1_RNA,0.07009105384349823
YARS2_RNA,0.070017971098423
COMMD6_RNA,0.0699797049164772
SNORA33_RNA,0.06997885555028915
MIR1250_RNA,0.06995943933725357
GPHA2_RNA,0.06995587795972824
VSTM1_RNA,0.06995117664337158
DCAF16_RNA,0.06994228065013885
S1PR5_RNA,0.06992960721254349
TET2_RNA,0.06992305815219879
APLNR_RNA,0.06991253048181534
GSR_RNA,0.06987757235765457
NR4A3_RNA,0.0698482096195221
PMF1_RNA,0.06984322518110275
ARHGAP27_RNA,0.06983485072851181
ESRP2_RNA,0.06983385235071182
DGCR2_RNA,0.0698271319270134
CDKN2B_RNA,0.06982359290122986
GPR18_RNA,0.0697869285941124
ANTXRL_RNA,0.06977103650569916
KRTAP11-1_RNA,0.06975509971380234
FOXI2_RNA,0.06974945217370987
SLC25A44_RNA,0.06973261386156082
AGPS_RNA,0.06972187012434006
PATL2_RNA,0.06962967664003372
TBL3_RNA,0.06961983442306519
CD4_RNA,0.06961623579263687
TAS2R40_RNA,0.06959113478660583
NME2_RNA,0.06950996816158295
NKX2-3_RNA,0.06947751343250275
KLHL18_RNA,0.06946323066949844
ARMCX5_RNA,0.06944210082292557
ARFGAP1_RNA,0.06943615525960922
DNAJA1_RNA,0.0693809986114502
ST3GAL3_RNA,0.06938017904758453
SLC38A4_RNA,0.06936825066804886
SNORD46_RNA,0.06936486065387726
HAS3_RNA,0.06933524459600449
CCDC154_RNA,0.06933046132326126
RBM4_RNA,0.06932437419891357
ZNF202_RNA,0.06931684166193008
CPLX4_RNA,0.06931589543819427
GNL2_RNA,0.06929871439933777
KLHL20_RNA,0.06929830461740494
LRRC18_RNA,0.06929104030132294
PBRM1_RNA,0.06923652440309525
STOML2_RNA,0.06920347362756729
TOMM40L_RNA,0.06918635219335556
SNORD6_RNA,0.06917735189199448
VPS13D_RNA,0.06916677951812744
EIF3D_RNA,0.06913792341947556
WNK3_RNA,0.0691317617893219
MTRF1L_RNA,0.06906095892190933
TNFRSF1B_RNA,0.06902196258306503
GPR63_RNA,0.06892043352127075
NOC2L_RNA,0.06886984407901764
APOBEC2_RNA,0.06885544210672379
TPO_RNA,0.06878820061683655
MATK_RNA,0.06872189790010452
GPR27_RNA,0.06871851533651352
SLC23A1_RNA,0.06868429481983185
ATP8B2_RNA,0.06867611408233643
JSRP1_RNA,0.06866011768579483
TCF7L1_RNA,0.0686374232172966
SLC2A4_RNA,0.06863609701395035
VARS2_RNA,0.06862861663103104
AMT_RNA,0.0686245933175087
USF1_RNA,0.0686134397983551
RRP7A_RNA,0.06860516220331192
BTN2A1_RNA,0.06858256459236145
PTPRS_RNA,0.06856726109981537
POP1_RNA,0.06854158639907837
GORASP2_RNA,0.06853115558624268
TUG1_RNA,0.06852835416793823
EP300_RNA,0.0685281902551651
GDI1_RNA,0.06850799918174744
ABCF1_RNA,0.06849800050258636
KCNJ3_RNA,0.06847980618476868
PLLP_RNA,0.06846541911363602
FAM169A_RNA,0.0684594213962555
LEFTY1_RNA,0.06844546645879745
LYSMD1_RNA,0.0684332549571991
NAP1L2_RNA,0.06838814914226532
DEFA4_RNA,0.06838392466306686
ACTL7B_RNA,0.06836961209774017
ANKRD13A_RNA,0.06835555285215378
BARX1_RNA,0.06830303370952606
TRIM71_RNA,0.06829188764095306
RWDD2A_RNA,0.06826591491699219
EHF_RNA,0.06824564933776855
BTN2A2_RNA,0.06824017316102982
PCDHGA11_RNA,0.06823155283927917
KLHDC3_RNA,0.06820657104253769
SNORD104_RNA,0.06819692254066467
DCAF10_RNA,0.06818860024213791
CDC7_RNA,0.0681498572230339
GOLT1B_RNA,0.06811592727899551
CEBPE_RNA,0.06808393448591232
COX7A2L_RNA,0.06807547807693481
RHOQ_RNA,0.06805314123630524
TFAP4_RNA,0.06804719567298889
MAP1B_RNA,0.06804706156253815
FIGLA_RNA,0.06798411905765533
SERPINA6_RNA,0.06793581694364548
NUPR1_RNA,0.06793489307165146
FLJ30679_RNA,0.06792707741260529
EXTL1_RNA,0.0678873136639595
SLC35D3_RNA,0.06788646429777145
THAP2_RNA,0.06785546243190765
EHMT2_RNA,0.0678170919418335
JMJD4_RNA,0.06781408935785294
CLEC16A_RNA,0.0677952989935875
PMP2_RNA,0.06776798516511917
RAD52_RNA,0.06769642233848572
FOXI1_RNA,0.0676715075969696
CYP26A1_RNA,0.06764668226242065
ADIPOR2_RNA,0.06758148223161697
OSBPL8_RNA,0.06757070869207382
ERLIN1_RNA,0.06753981858491898
PLA2G15_RNA,0.0675395205616951
NR4A2_RNA,0.06751976907253265
THSD4_RNA,0.06751678138971329
ELP3_RNA,0.06751102209091187
ADAM18_RNA,0.06747906655073166
LY86_RNA,0.06744100898504257
HSPB9_RNA,0.06742440909147263
ANKRD39_RNA,0.06741641461849213
PTPRE_RNA,0.06730002909898758
SLC9A4_RNA,0.06726153939962387
RSAD1_RNA,0.06721899658441544
TUBD1_RNA,0.06715403497219086
NEU3_RNA,0.06715299189090729
WDR77_RNA,0.06711701303720474
YIF1A_RNA,0.0671086311340332
ZAR1L_RNA,0.06707219034433365
FDPS_RNA,0.06706460565328598
SLC9A5_RNA,0.06704472005367279
AGRP_RNA,0.06699371337890625
LAX1_RNA,0.06694769114255905
PLCZ1_RNA,0.06694670766592026
OR2L8_RNA,0.06688341498374939
STK3_RNA,0.0668482705950737
PCDHGA10_RNA,0.0668405145406723
CAMSAP1_RNA,0.06681910902261734
PMS1_RNA,0.06681578606367111
VSIG4_RNA,0.06678465008735657
SFRP1_RNA,0.0667843297123909
ZNF750_RNA,0.06676419824361801
LRRC8A_RNA,0.06674153357744217
SLC25A19_RNA,0.06674139946699142
NOC3L_RNA,0.06668667495250702
DNLZ_RNA,0.06667693704366684
MYO1A_RNA,0.0666728988289833
SLC22A11_RNA,0.06665787845849991
ZNF157_RNA,0.06659555435180664
ZC3H3_RNA,0.06656032055616379
ITGB1BP2_RNA,0.06655731052160263
CUZD1_RNA,0.06654102355241776
REEP3_RNA,0.06647541373968124
FGFBP2_RNA,0.0664498433470726
IDO2_RNA,0.0664123147726059
CFL1_RNA,0.06640317291021347
BDKRB1_RNA,0.06635231524705887
MDH1_RNA,0.06633498519659042
LRRC8C_RNA,0.06633280962705612
NRXN3_RNA,0.06625750660896301
CHORDC1_RNA,0.06625022739171982
DDX43_RNA,0.06621313840150833
SEL1L2_RNA,0.06620429456233978
TEKT4_RNA,0.06619597971439362
BST1_RNA,0.06617887318134308
SLC30A8_RNA,0.06611599773168564
SUSD2_RNA,0.06610996276140213
ZNF677_RNA,0.06610529869794846
VAMP8_RNA,0.06609101593494415
TBC1D25_RNA,0.06609078496694565
SNORA70C_RNA,0.06608201563358307
RPL7L1_RNA,0.06607384979724884
ALPI_RNA,0.06604529172182083
RFPL3_RNA,0.06600840389728546
TBCE_RNA,0.06600596755743027
NMT2_RNA,0.06600374728441238
NCKAP5L_RNA,0.06596417725086212
SLC38A9_RNA,0.06595715880393982
HAR1B_RNA,0.06595344096422195
ADAT2_RNA,0.06593326479196548
NAA10_RNA,0.06590332090854645
RIPK3_RNA,0.06590259820222855
TAL1_RNA,0.06586939841508865
EXOSC3_RNA,0.06583555787801743
ALAS1_RNA,0.06579514592885971
CCT5_RNA,0.06576864421367645
RPL18_RNA,0.06575985252857208
BPI_RNA,0.0657467395067215
LTA_RNA,0.06574054807424545
HIPK2_RNA,0.06573976576328278
OTUB1_RNA,0.06572248041629791
GAS2_RNA,0.0656542256474495
CISD3_RNA,0.06562890857458115
EBF3_RNA,0.0655997097492218
CD5_RNA,0.06554806977510452
ZNF823_RNA,0.06553293764591217
MS4A6A_RNA,0.06549274176359177
ING4_RNA,0.06540665775537491
APOBEC4_RNA,0.06540198624134064
HSPA1A_RNA,0.06537508964538574
C1orf162_RNA,0.06534931808710098
HMGN5_RNA,0.0653485357761383
ZYG11A_RNA,0.06534057855606079
C16orf54_RNA,0.06532835215330124
CTTN_RNA,0.06528940051794052
TM4SF20_RNA,0.06526727229356766
CLCN5_RNA,0.06515388190746307
PAPOLG_RNA,0.06514596194028854
WNT4_RNA,0.06513753533363342
WDR3_RNA,0.06501574069261551
PGLYRP2_RNA,0.06500007957220078
XBP1_RNA,0.06496782600879669
COMTD1_RNA,0.06493363529443741
PPP1R2_RNA,0.06492936611175537
SIGLEC10_RNA,0.0648970901966095
CRHBP_RNA,0.06487180292606354
BTD_RNA,0.0648612305521965
DRG1_RNA,0.06484927237033844
AWAT2_RNA,0.06481880694627762
ZNF169_RNA,0.06480628252029419
LIG4_RNA,0.06477920711040497
KCNK13_RNA,0.06468155235052109
SFXN4_RNA,0.06466639786958694
HSBP1_RNA,0.06464555859565735
QRFP_RNA,0.06458285450935364
SLC36A1_RNA,0.06454528123140335
SMG5_RNA,0.0645330399274826
MIR145_RNA,0.06452898681163788
AZI2_RNA,0.06451788544654846
KLF2_RNA,0.06450599431991577
SERHL2_RNA,0.06448718160390854
BARX2_RNA,0.06445915251970291
IFFO2_RNA,0.06444621831178665
PCMT1_RNA,0.06441503763198853
ADH1B_RNA,0.06437766551971436
NPY_RNA,0.06436154246330261
TTC4_RNA,0.06435655802488327
LRRC4C_RNA,0.06429367512464523
OLIG3_RNA,0.06428202241659164
ST8SIA4_RNA,0.06427998840808868
MAGEA1_RNA,0.06424442678689957
SNORA11_RNA,0.06422844529151917
TSEN54_RNA,0.0642281100153923
POLN_RNA,0.06421276181936264
MIAT_RNA,0.06419627368450165
MRPL24_RNA,0.06418624520301819
METTL6_RNA,0.06418386846780777
LTBP4_RNA,0.06416530907154083
FIP1L1_RNA,0.06413443386554718
TM9SF3_RNA,0.0641058087348938
TRIM31_RNA,0.06410356611013412
RAP1GDS1_RNA,0.06409675627946854
ARMCX1_RNA,0.06407120823860168
BTLA_RNA,0.06406071782112122
TMEM8B_RNA,0.06405071169137955
NKRF_RNA,0.06403631716966629
CCDC70_RNA,0.06402534246444702
ASAP3_RNA,0.0640236884355545
PSMD3_RNA,0.06396783888339996
ARHGAP17_RNA,0.06396236270666122
SASH3_RNA,0.06395798921585083
ERMN_RNA,0.0639483630657196
HS3ST1_RNA,0.06394700706005096
C6orf136_RNA,0.0639379471540451
TAS2R3_RNA,0.06393610686063766
FKBPL_RNA,0.06393232196569443
HGFAC_RNA,0.0638861432671547
CHD1L_RNA,0.0638837218284607
GNG2_RNA,0.063831627368927
PACSIN2_RNA,0.06378243863582611
TJAP1_RNA,0.06377730518579483
PODXL2_RNA,0.06376351416110992
PCDHGA12_RNA,0.06375313550233841
MRPL28_RNA,0.06370309740304947
PRR15L_RNA,0.06369084864854813
LPAR5_RNA,0.06369075924158096
TOM1_RNA,0.06367293745279312
LPO_RNA,0.0636654794216156
PYROXD1_RNA,0.063664011657238
PAQR5_RNA,0.06365317106246948
FFAR1_RNA,0.0636352151632309
GRP_RNA,0.06362961232662201
RFX5_RNA,0.06360623985528946
RBP2_RNA,0.06359416991472244
SERPINI1_RNA,0.06352381408214569
RARA_RNA,0.0634845718741417
ARPC4_RNA,0.06346749514341354
MINPP1_RNA,0.06345604360103607
LZTR1_RNA,0.06344865262508392
EBF1_RNA,0.06344781070947647
GP5_RNA,0.06341919302940369
CLK2_RNA,0.06340225785970688
CYP24A1_RNA,0.063395194709301
JARID2_RNA,0.06335612386465073
STAMBPL1_RNA,0.06335203349590302
TMEM106A_RNA,0.0633329451084137
ST7_RNA,0.06328998506069183
ITIH3_RNA,0.06327641755342484
DUS1L_RNA,0.06327512860298157
SNORD101_RNA,0.06327442079782486
C2orf69_RNA,0.06327111274003983
MRPL33_RNA,0.0632617324590683
PMVK_RNA,0.06324311345815659
ADH6_RNA,0.06322629749774933
LCN1_RNA,0.06322113424539566
FNIP2_RNA,0.06321477144956589
CPS1_RNA,0.06317844986915588
PAQR7_RNA,0.0631728395819664
KIF20B_RNA,0.06316603720188141
TMEM14B_RNA,0.06316529214382172
POLR2B_RNA,0.06312746554613113
GALK2_RNA,0.06312034279108047
ATP6V0B_RNA,0.06310076266527176
ZSWIM2_RNA,0.06309913843870163
FYN_RNA,0.06309125572443008
GJB4_RNA,0.06305466592311859
IRX6_RNA,0.06303570419549942
EIF2B5_RNA,0.06302360445261002
HAO2_RNA,0.06298155337572098
BTBD18_RNA,0.062964528799057
RGPD5_RNA,0.06295455247163773
C16orf78_RNA,0.06295017898082733
ZNF738_RNA,0.06294707208871841
SHE_RNA,0.06293874979019165
KSR1_RNA,0.06292079389095306
NKTR_RNA,0.06289170682430267
ZNF716_RNA,0.06288892030715942
SH3PXD2A_RNA,0.06288890540599823
RPS13_RNA,0.06286530941724777
SIGLEC1_RNA,0.06284086406230927
AGXT2_RNA,0.06283498555421829
PSG9_RNA,0.06283167004585266
NFU1_RNA,0.0628204494714737
VANGL1_RNA,0.0628080815076828
PRPS1_RNA,0.06279458850622177
DNMT3B_RNA,0.06278028339147568
HEATR5A_RNA,0.06276556104421616
TUBB_RNA,0.0627635046839714
CHRNA3_RNA,0.0627623125910759
TMEM184B_RNA,0.0627596378326416
HHEX_RNA,0.06275223195552826
ABI3_RNA,0.06274064630270004
MFAP2_RNA,0.06273360550403595
CA6_RNA,0.06272073835134506
OR6B1_RNA,0.06270938366651535
ZKSCAN3_RNA,0.06268391013145447
PSMB10_RNA,0.06267976015806198
F11_RNA,0.06263488531112671
SAC3D1_RNA,0.06260982900857925
LMOD1_RNA,0.0625954195857048
RGPD3_RNA,0.06257287412881851
DMBT1_RNA,0.0625608041882515
UFC1_RNA,0.06253593415021896
FBXL19_RNA,0.06250324100255966
KCNK17_RNA,0.06250032037496567
MMP21_RNA,0.06247502937912941
CCR8_RNA,0.06246607378125191
LDHB_RNA,0.0624406598508358
PIGR_RNA,0.06242411583662033
MRGPRF_RNA,0.0623958557844162
PSMD10_RNA,0.06236077845096588
PLA1A_RNA,0.06236017495393753
MED17_RNA,0.062359798699617386
DDX52_RNA,0.062348026782274246
TTLL13_RNA,0.06231091171503067
ACAN_RNA,0.06229183077812195
FTL_RNA,0.06226479262113571
COASY_RNA,0.06223970279097557
RET_RNA,0.06220662593841553
SNX11_RNA,0.06216798350214958
TTLL11_RNA,0.06216183304786682
MRPL13_RNA,0.06215599179267883
KRT12_RNA,0.06212422996759415
RHOBTB2_RNA,0.062115296721458435
WIPF1_RNA,0.06207118183374405
DPH5_RNA,0.06205776706337929
C1orf174_RNA,0.062044039368629456
DNAJB4_RNA,0.06202587112784386
CCDC88A_RNA,0.062019966542720795
CHCHD6_RNA,0.061981622129678726
HSD17B3_RNA,0.0619797445833683
OR2B11_RNA,0.06195351853966713
VPS28_RNA,0.06194902956485748
VPS33B_RNA,0.06193949282169342
FUNDC2_RNA,0.06192539632320404
IVNS1ABP_RNA,0.06192028895020485
LONRF3_RNA,0.06191466748714447
SCARNA21_RNA,0.061907339841127396
RNF222_RNA,0.06186598166823387
RPS4X_RNA,0.06184320151805878
AKR7L_RNA,0.06183980777859688
NANS_RNA,0.06183234229683876
ART4_RNA,0.061824746429920197
AP2B1_RNA,0.061819158494472504
SERPINI2_RNA,0.06181352958083153
SLC44A4_RNA,0.06180994585156441
LRRC40_RNA,0.06171964854001999
SLITRK2_RNA,0.06169542297720909
NCK2_RNA,0.06168544292449951
RNASEH2B_RNA,0.061665162444114685
APOL2_RNA,0.06165517494082451
ZNF34_RNA,0.06160951033234596
SNX20_RNA,0.061604779213666916
AKIRIN2_RNA,0.06157637760043144
KDM6B_RNA,0.06157228723168373
PCDHGA4_RNA,0.0615716315805912
ZNF467_RNA,0.061562471091747284
NRBF2_RNA,0.06154205650091171
SLC25A17_RNA,0.06153315305709839
C14orf180_RNA,0.06150200590491295
ZBTB44_RNA,0.0614793486893177
LYAR_RNA,0.06147542595863342
SLC38A2_RNA,0.06147274747490883
SNRPC_RNA,0.06142539158463478
ZFP82_RNA,0.06139014661312103
NMNAT2_RNA,0.06138963997364044
CCT7_RNA,0.06138626113533974
MRPS18C_RNA,0.06135249510407448
MYBPC3_RNA,0.06132639944553375
MYOZ1_RNA,0.06131111457943916
REN_RNA,0.061304036527872086
OBP2A_RNA,0.06129861995577812
MOSPD1_RNA,0.06128609925508499
TSEN2_RNA,0.06126667559146881
GULP1_RNA,0.061245422810316086
TAL2_RNA,0.061221539974212646
SH3BGRL_RNA,0.061178743839263916
SNRPD3_RNA,0.06116774305701256
SNHG10_RNA,0.0611676461994648
SNX14_RNA,0.0611642561852932
PLEKHM3_RNA,0.06116282939910889
OXER1_RNA,0.06115613505244255
UBA3_RNA,0.06114906072616577
HRH2_RNA,0.061119478195905685
UBR4_RNA,0.06111820787191391
FPR3_RNA,0.061102479696273804
PELP1_RNA,0.06109847128391266
MED18_RNA,0.06105485558509827
CX3CL1_RNA,0.06105329841375351
FRAT1_RNA,0.06104205176234245
GPR19_RNA,0.061010051518678665
UBIAD1_RNA,0.060997240245342255
YIF1B_RNA,0.06091949716210365
LOC100192426_RNA,0.060893069952726364
SLC39A2_RNA,0.06088659167289734
C12orf75_RNA,0.06087438762187958
TTK_RNA,0.060854364186525345
FBXO44_RNA,0.060850996524095535
PGBD1_RNA,0.060827527195215225
RGS10_RNA,0.06080053746700287
HLTF_RNA,0.06079684570431709
C16orf90_RNA,0.060729674994945526
COMMD1_RNA,0.06068181246519089
IGBP1_RNA,0.06068144738674164
ZNF280A_RNA,0.06067659333348274
RBMXL3_RNA,0.06064314395189285
PTAFR_RNA,0.06063159555196762
DCP1B_RNA,0.060591619461774826
PNKD_RNA,0.06052924320101738
MLX_RNA,0.060511600226163864
NKX2-2_RNA,0.060502614825963974
NBPF1_RNA,0.06049305573105812
NLRP1_RNA,0.06046067178249359
GLDN_RNA,0.06040699779987335
CRKL_RNA,0.06035759672522545
OXSR1_RNA,0.06033845990896225
TBX20_RNA,0.06033444404602051
LRRFIP2_RNA,0.06032982096076012
CEP350_RNA,0.060321249067783356
MIR558_RNA,0.060295913368463516
RABGAP1L_RNA,0.060257989913225174
PCDHA12_RNA,0.06024075299501419
MRPS22_RNA,0.060228701680898666
KLHL38_RNA,0.06021503359079361
PHF8_RNA,0.06020023301243782
LPAR2_RNA,0.06013619527220726
DCXR_RNA,0.06012527272105217
LCT_RNA,0.06007278710603714
FABP9_RNA,0.060070887207984924
NCKAP5_RNA,0.0600573793053627
SLC26A3_RNA,0.06003360077738762
PITPNB_RNA,0.05999278277158737
KCNA5_RNA,0.05998798832297325
IDI2_RNA,0.059977591037750244
MYH7_RNA,0.05995497852563858
CCDC142_RNA,0.05993606895208359
CACNG1_RNA,0.05993323028087616
RNF181_RNA,0.05991983786225319
GIMAP4_RNA,0.059902455657720566
DBN1_RNA,0.05990171432495117
AP1AR_RNA,0.059884436428546906
COX17_RNA,0.05983545258641243
CCL21_RNA,0.059824224561452866
POGZ_RNA,0.059816986322402954
MIR2278_RNA,0.05980722978711128
SLC35B1_RNA,0.05980641767382622
LRP11_RNA,0.059784431010484695
SIGLEC16_RNA,0.059761904180049896
SRM_RNA,0.059759654104709625
RALGPS1_RNA,0.05975806340575218
SLC6A4_RNA,0.05972719565033913
ACSM4_RNA,0.05971049889922142
DSCR9_RNA,0.05970986187458038
GNL3_RNA,0.059699736535549164
UGGT1_RNA,0.059693239629268646
RB1CC1_RNA,0.05968041345477104
UBE2E3_RNA,0.05967385694384575
SCPEP1_RNA,0.05967257544398308
ME3_RNA,0.059651099145412445
KCNC3_RNA,0.05964728444814682
TMPRSS5_RNA,0.05962822958827019
NFKBIL1_RNA,0.059616148471832275
PACS2_RNA,0.05961479991674423
SEMA4A_RNA,0.05960780009627342
CDH22_RNA,0.05959361419081688
DENND1C_RNA,0.05958943068981171
PHF6_RNA,0.05958859249949455
RASAL3_RNA,0.05952804908156395
MIR581_RNA,0.05952028930187225
AP3M1_RNA,0.059518102556467056
AARSD1_RNA,0.05947635695338249
ARL6IP5_RNA,0.059466589242219925
EPHB3_RNA,0.05945105850696564
HCN2_RNA,0.05944894626736641
SPDEF_RNA,0.05943719297647476
PDE6A_RNA,0.05943482369184494
BCL2L13_RNA,0.05943307653069496
FAM83A_RNA,0.05942702665925026
HAUS6_RNA,0.05942527577280998
SREBF2_RNA,0.0594157837331295
CAPN5_RNA,0.05937254801392555
PUF60_RNA,0.05936930328607559
ZNF536_RNA,0.059344224631786346
F12_RNA,0.059340622276067734
CAP1_RNA,0.059338685125112534
GJC3_RNA,0.05933587625622749
POLG2_RNA,0.059310704469680786
UNC5B_RNA,0.05930740758776665
MTX1_RNA,0.05928093567490578
OSTM1_RNA,0.05925237759947777
KRT19_RNA,0.05924277380108833
HTR3E_RNA,0.05924036353826523
SCGB3A1_RNA,0.059221476316452026
HOXA10_RNA,0.05919652432203293
RECK_RNA,0.05917920172214508
BCYRN1_RNA,0.05916531756520271
TMEM25_RNA,0.05916042625904083
ZNHIT3_RNA,0.05911750718951225
SOX17_RNA,0.05910741165280342
TNNT3_RNA,0.059093404561281204
ALDH3B1_RNA,0.05909071862697601
DCUN1D4_RNA,0.059083472937345505
HLA-DPB1_RNA,0.0590510256588459
SLC2A13_RNA,0.05904892832040787
CXCL17_RNA,0.0590432733297348
GJA9_RNA,0.05903871729969978
RPL35_RNA,0.059029970318078995
MIR1284_RNA,0.05900745093822479
MCPH1_RNA,0.05900164321064949
ADAM28_RNA,0.05897698178887367
ISL1_RNA,0.0589698851108551
SIAH2_RNA,0.05896618217229843
CEACAM1_RNA,0.05894055590033531
SPOCD1_RNA,0.05890375003218651
ARFGAP3_RNA,0.058890990912914276
MRPS35_RNA,0.05889001488685608
PLA2G3_RNA,0.0588870495557785
ETNK1_RNA,0.058881331235170364
TSC2_RNA,0.05888090655207634
MRPL38_RNA,0.05885753035545349
RNASET2_RNA,0.05884465575218201
PLA2G6_RNA,0.05881087854504585
MIR648_RNA,0.05879697948694229
PTGER2_RNA,0.05879281833767891
RAD21_RNA,0.05879148840904236
CCL11_RNA,0.05876300856471062
ZMIZ1_RNA,0.05872730538249016
NIT1_RNA,0.058723919093608856
BCS1L_RNA,0.058699700981378555
ACAT2_RNA,0.05869879201054573
MBIP_RNA,0.05867345631122589
RCAN2_RNA,0.05867046117782593
CPT1B_RNA,0.05863819643855095
TESK2_RNA,0.058637600392103195
HUS1B_RNA,0.058631397783756256
IBTK_RNA,0.05862874165177345
SLC25A10_RNA,0.05861886963248253
CLPB_RNA,0.058617688715457916
CHD5_RNA,0.058591604232788086
HTRA2_RNA,0.058533862233161926
PLEKHG2_RNA,0.05850960686802864
FSD2_RNA,0.05848429352045059
ASGR2_RNA,0.05845201015472412
DAD1_RNA,0.058433350175619125
GAL_RNA,0.05842168256640434
TMEM119_RNA,0.058411870151758194
CR1L_RNA,0.0584065206348896
MAF1_RNA,0.05839936435222626
PTPRT_RNA,0.05836860090494156
RAB5C_RNA,0.058331381529569626
TXNRD1_RNA,0.05826522409915924
GSTO2_RNA,0.05826500430703163
LPIN1_RNA,0.058262988924980164
MAPK12_RNA,0.05822063609957695
MIR634_RNA,0.05817265436053276
ALLC_RNA,0.05816519260406494
TOP3B_RNA,0.05814012512564659
DKK4_RNA,0.05811864137649536
YRDC_RNA,0.05811367556452751
PLCB2_RNA,0.05811242014169693
SEC22A_RNA,0.05809920281171799
SNX30_RNA,0.0580819696187973
RNF19B_RNA,0.05806939676403999
SLC16A9_RNA,0.05805747210979462
EXOC6_RNA,0.058033451437950134
NUS1_RNA,0.057994503527879715
PEX19_RNA,0.05798754841089249
RAD54L2_RNA,0.05796724185347557
AADAC_RNA,0.0579582154750824
RUFY2_RNA,0.0579565204679966
RIPPLY1_RNA,0.05794782191514969
ATOH7_RNA,0.05793817713856697
ELL2_RNA,0.05793586000800133
PPIH_RNA,0.05791570991277695
SLC45A1_RNA,0.0579037070274353
PCTP_RNA,0.0579024963080883
FXYD4_RNA,0.057900570333004
DAPP1_RNA,0.05787593126296997
ATAD2B_RNA,0.05785137787461281
FAM135B_RNA,0.05785064399242401
NUDT11_RNA,0.057828374207019806
ZNF276_RNA,0.05781383812427521
FANCD2_RNA,0.057802170515060425
SNORD124_RNA,0.05779002979397774
ZNF735_RNA,0.05778835341334343
OR2F1_RNA,0.057778529822826385
MCHR1_RNA,0.05775017291307449
INTS4_RNA,0.057748354971408844
PLEKHB1_RNA,0.05770105868577957
EFNB1_RNA,0.057672854512929916
JMJD7_RNA,0.05767090991139412
CYP4F22_RNA,0.05764668434858322
TMEM132B_RNA,0.05762524902820587
TTC9C_RNA,0.05761832371354103
C10orf55_RNA,0.05760082229971886
PCDHGB6_RNA,0.05759049206972122
MIF4GD_RNA,0.057569004595279694
ZNF330_RNA,0.05756813660264015
LPGAT1_RNA,0.05756467580795288
TTC9_RNA,0.057563766837120056
OR6B3_RNA,0.05750524625182152
CRTC2_RNA,0.0574919730424881
OR6V1_RNA,0.057485662400722504
TIA1_RNA,0.05746876075863838
ATP13A2_RNA,0.057463839650154114
CABYR_RNA,0.057457465678453445
NSMCE2_RNA,0.057451751083135605
CNGA1_RNA,0.0574483647942543
ADD2_RNA,0.0574069544672966
LRSAM1_RNA,0.05739469826221466
CACNG4_RNA,0.05738142877817154
BTBD8_RNA,0.05734343081712723
SNRPG_RNA,0.057281408458948135
OLFML3_RNA,0.05728140100836754
RNF13_RNA,0.057269979268312454
UBE2Q1_RNA,0.05724659934639931
SLC27A4_RNA,0.05719117075204849
TYW1B_RNA,0.057159796357154846
PTS_RNA,0.05713403970003128
ARL16_RNA,0.05711226910352707
TTLL1_RNA,0.05710255354642868
CTU2_RNA,0.05709557607769966
ISLR_RNA,0.05707810819149017
BATF_RNA,0.05705564469099045
HSD11B1L_RNA,0.05704804137349129
RCC2_RNA,0.05704304575920105
RHOBTB1_RNA,0.057012349367141724
GBP2_RNA,0.05699711665511131
MYO7B_RNA,0.056964803487062454
SLC25A39_RNA,0.05695280432701111
FAM177A1_RNA,0.05694109573960304
TBX3_RNA,0.05692215636372566
HLA-DMB_RNA,0.05691526085138321
GCLC_RNA,0.056892238557338715
RTL1_RNA,0.05686267092823982
CASP8AP2_RNA,0.056858085095882416
LRIG1_RNA,0.056850284337997437
SRL_RNA,0.056848783046007156
SERF2_RNA,0.05683514475822449
PSMD11_RNA,0.0568314827978611
REG4_RNA,0.05682189017534256
ITLN1_RNA,0.0568065270781517
HSPA12A_RNA,0.05680622160434723
MEP1A_RNA,0.056642722338438034
MIP_RNA,0.05664213374257088
ANKRD13D_RNA,0.05664190649986267
TDRD6_RNA,0.056631483137607574
DHX16_RNA,0.056631121784448624
EXOC6B_RNA,0.05662600323557854
SCD5_RNA,0.0566214881837368
MORN4_RNA,0.05661291256546974
VCP_RNA,0.056581150740385056
CLN3_RNA,0.05655766651034355
NUTF2_RNA,0.05653249844908714
PLA2G4B_RNA,0.05653057619929314
MAP3K9_RNA,0.05649033188819885
VPS11_RNA,0.05648300424218178
UBAP2L_RNA,0.05647953227162361
RNF17_RNA,0.05642898380756378
KRTAP5-1_RNA,0.05642896145582199
TRIM50_RNA,0.056411147117614746
ASH1L_RNA,0.056386012583971024
DCUN1D3_RNA,0.05636543035507202
RPS6KB2_RNA,0.05629406124353409
ZC3H11A_RNA,0.056292321532964706
STARD6_RNA,0.056283365935087204
MAN2B1_RNA,0.05626952648162842
PARK7_RNA,0.05626930668950081
STX12_RNA,0.05625150352716446
GOLGA4_RNA,0.056230586022138596
DHX57_RNA,0.056227292865514755
CD68_RNA,0.056214556097984314
SLC39A6_RNA,0.056186869740486145
ZNF438_RNA,0.05618178844451904
SDHAF2_RNA,0.05617956072092056
IVL_RNA,0.05617368966341019
BAD_RNA,0.05612807348370552
BTG4_RNA,0.05611981824040413
GORAB_RNA,0.056118495762348175
AMPD2_RNA,0.05611299350857735
ABHD10_RNA,0.05610116571187973
GLP1R_RNA,0.05609031394124031
EIF4ENIF1_RNA,0.05608554184436798
SNORD115-41_RNA,0.056055910885334015
C3orf62_RNA,0.05604986101388931
PEG10_RNA,0.056041426956653595
OR2AT4_RNA,0.056032970547676086
BIVM_RNA,0.05602187663316727
GDF2_RNA,0.05600409582257271
SLC15A4_RNA,0.05598180741071701
ZNF511_RNA,0.055978599935770035
CLEC11A_RNA,0.055978115648031235
ZNF638_RNA,0.05596381053328514
MTO1_RNA,0.05595056340098381
OVCH2_RNA,0.05594451725482941
MFHAS1_RNA,0.05594423785805702
SNORD19_RNA,0.05590372905135155
LSM10_RNA,0.055889859795570374
ABCC10_RNA,0.05588393658399582
SNF8_RNA,0.0558709017932415
WDR24_RNA,0.055870749056339264
GPR35_RNA,0.055833686143159866
LRP1B_RNA,0.055810801684856415
KLHL30_RNA,0.05580891668796539
GNAZ_RNA,0.05580646172165871
GPKOW_RNA,0.05579766258597374
PRDX5_RNA,0.05579577386379242
GSTO1_RNA,0.055790871381759644
APBA1_RNA,0.055780697613954544
C11orf91_RNA,0.05574912950396538
OR5K2_RNA,0.05573490634560585
ECHS1_RNA,0.055690255016088486
G6PD_RNA,0.05568617954850197
GNL3L_RNA,0.05567067116498947
NFKBIE_RNA,0.055661026388406754
JTB_RNA,0.05563809722661972
FAM20B_RNA,0.05561087653040886
GFPT2_RNA,0.055600691586732864
SNORA47_RNA,0.055593885481357574
RPGRIP1_RNA,0.055550530552864075
SLC16A10_RNA,0.05553627759218216
TTLL3_RNA,0.05551326274871826
UBE2E1_RNA,0.055510830134153366
HAAO_RNA,0.05547153577208519
CRBN_RNA,0.055457811802625656
AKR1C2_RNA,0.05545439571142197
PTK2_RNA,0.05545094981789589
STAMBP_RNA,0.05543780326843262
LSR_RNA,0.05537312477827072
NUP93_RNA,0.0553593672811985
SLC2A11_RNA,0.05535465478897095
USP27X_RNA,0.05535180866718292
SMCR5_RNA,0.055348269641399384
RELT_RNA,0.05533212423324585
SH3BGRL3_RNA,0.055327408015728
MMP13_RNA,0.055324483662843704
GDF10_RNA,0.05529896542429924
PLA2G12B_RNA,0.05529378727078438
RBM15_RNA,0.05528238043189049
CCL14_RNA,0.055279798805713654
MBOAT4_RNA,0.05527683347463608
SRRD_RNA,0.05526553839445114
PITPNM1_RNA,0.055255893617868423
DGUOK_RNA,0.05524921789765358
DGKB_RNA,0.05524042621254921
VEGFC_RNA,0.05522148683667183
SCARNA18_RNA,0.055221084505319595
TAS2R7_RNA,0.055215172469615936
ZNF76_RNA,0.05520564690232277
FGF9_RNA,0.0551990382373333
TOR1AIP2_RNA,0.0551922544836998
BOLA1_RNA,0.0551823265850544
MNAT1_RNA,0.055167097598314285
LOC100271832_RNA,0.05516207590699196
FBXL20_RNA,0.05516085773706436
CDKN2A_RNA,0.05514281243085861
RASGRF1_RNA,0.05513932183384895
ECH1_RNA,0.05509171634912491
DCAKD_RNA,0.05506163835525513
EIF2B3_RNA,0.0550592839717865
RPL36A_RNA,0.05505131930112839
HSD17B13_RNA,0.05504918843507767
CADM2_RNA,0.05502510443329811
TIFAB_RNA,0.05501652508974075
GABPB2_RNA,0.05499725788831711
MRPL9_RNA,0.054980453103780746
LY6H_RNA,0.05497836321592331
UPP2_RNA,0.05496515706181526
BTC_RNA,0.054958462715148926
E2F5_RNA,0.05494692176580429
ARHGEF11_RNA,0.05494463071227074
TAF1A_RNA,0.05490671470761299
ARNT_RNA,0.05478807911276817
TLX2_RNA,0.05477006360888481
GPR155_RNA,0.0547604076564312
ZNF397_RNA,0.054724227637052536
ZNF81_RNA,0.05471355840563774
TMPRSS12_RNA,0.05470686033368111
CAPZA3_RNA,0.054695867002010345
GNLY_RNA,0.054687466472387314
ATG4A_RNA,0.05467304214835167
FAM13A_RNA,0.05467274785041809
GFI1B_RNA,0.054669979959726334
KLC2_RNA,0.05466054752469063
MAT1A_RNA,0.05462532863020897
NOX5_RNA,0.05460735782980919
SCYL3_RNA,0.05456332862377167
NR1I3_RNA,0.054554615169763565
DEFB134_RNA,0.054547227919101715
TRAPPC3_RNA,0.054538387805223465
HHATL_RNA,0.05453794449567795
CAGE1_RNA,0.05453016981482506
MBD5_RNA,0.05449509993195534
ACTC1_RNA,0.05448991060256958
SPG21_RNA,0.054481301456689835
RPL21_RNA,0.054456181824207306
HLA-DMA_RNA,0.05445517972111702
APOC2_RNA,0.054454974830150604
QRICH2_RNA,0.0544443242251873
MIR140_RNA,0.054416488856077194
LCMT1_RNA,0.054412733763456345
CHKB-CPT1B_RNA,0.05440858006477356
CDH1_RNA,0.05440811067819595
RBM15B_RNA,0.05435816943645477
SLCO6A1_RNA,0.05435718968510628
HCLS1_RNA,0.05435548722743988
HGS_RNA,0.054352495819330215
INSL6_RNA,0.05429818481206894
DEF6_RNA,0.05427189916372299
CNPY3_RNA,0.05425288900732994
TSC1_RNA,0.05422477424144745
C4orf51_RNA,0.054219625890254974
MAPKAPK3_RNA,0.05421001464128494
PLCXD3_RNA,0.05420150235295296
CDKAL1_RNA,0.05419126898050308
EDC4_RNA,0.0541805736720562
GRIK4_RNA,0.054079946130514145
TRAK1_RNA,0.05407187342643738
SLC25A29_RNA,0.0540628619492054
TFDP2_RNA,0.054042767733335495
NIPA1_RNA,0.054039616137742996
ME1_RNA,0.05403550714254379
MIR769_RNA,0.05402746424078941
ZNF280D_RNA,0.05402011424303055
BRD1_RNA,0.05401897057890892
SMC1B_RNA,0.0539938285946846
WDFY3_RNA,0.053978435695171356
STXBP1_RNA,0.05397188663482666
TRMT5_RNA,0.05396196246147156
INSL3_RNA,0.053917814046144485
TMEM184A_RNA,0.05390593782067299
DPY30_RNA,0.05388794094324112
SCO2_RNA,0.053880058228969574
IL12B_RNA,0.0538799911737442
FCRL5_RNA,0.053874481469392776
MIR146B_RNA,0.05384233221411705
UBE2L6_RNA,0.053834620863199234
CEP170_RNA,0.053832173347473145
C3AR1_RNA,0.05382228642702103
VIT_RNA,0.0538177564740181
MLST8_RNA,0.053795408457517624
WDR45_RNA,0.05377388000488281
CBLN2_RNA,0.053772032260894775
NT5DC1_RNA,0.053767409175634384
ZACN_RNA,0.053759995847940445
CASKIN2_RNA,0.05374482646584511
PRG4_RNA,0.05374312773346901
PRCC_RNA,0.05374079942703247
ZPBP_RNA,0.0537373311817646
ZNF329_RNA,0.05370384454727173
CWC15_RNA,0.05366705358028412
HSD17B4_RNA,0.05366487056016922
LILRB1_RNA,0.053657449781894684
SSU72_RNA,0.053648173809051514
DNAL4_RNA,0.05363018438220024
GRIA1_RNA,0.05361419543623924
DSC3_RNA,0.05358577519655228
MGP_RNA,0.05355731397867203
RNASE6_RNA,0.05355120077729225
HACL1_RNA,0.053546398878097534
ACTL6B_RNA,0.05354200676083565
SLC9A2_RNA,0.05352319777011871
FERMT3_RNA,0.05351537838578224
PEX3_RNA,0.05351318418979645
KIDINS220_RNA,0.0535026378929615
BIN3_RNA,0.053485043346881866
BRMS1_RNA,0.05348370969295502
B4GALNT3_RNA,0.05344948545098305
TEX10_RNA,0.05343417450785637
PIM3_RNA,0.053429100662469864
GPR182_RNA,0.053407683968544006
PRR15_RNA,0.05334370210766792
C11orf65_RNA,0.05333174392580986
HNRNPA1_RNA,0.05333049222826958
PDS5A_RNA,0.0533161461353302
ZZEF1_RNA,0.05328863114118576
RPS17_RNA,0.05325378105044365
TCN1_RNA,0.053252529352903366
SMC6_RNA,0.053250253200531006
PSAPL1_RNA,0.05322324112057686
UBE2V1_RNA,0.05320817232131958
KRT14_RNA,0.053172167390584946
WRN_RNA,0.05317031964659691
SGCG_RNA,0.05315326526761055
TLR8_RNA,0.053150422871112823
DCAF12_RNA,0.053137339651584625
BHMT_RNA,0.05313415825366974
C3orf52_RNA,0.05312687158584595
TRMT12_RNA,0.05310127139091492
VAV1_RNA,0.053085993975400925
FBLN2_RNA,0.05308502912521362
PTF1A_RNA,0.05306401476264
TRIM35_RNA,0.05306239053606987
GCG_RNA,0.05306233465671539
NPC2_RNA,0.05305550992488861
FOXN4_RNA,0.0530518963932991
NDUFS5_RNA,0.05304768308997154
TBC1D19_RNA,0.05303829163312912
HDX_RNA,0.053005315363407135
HUWE1_RNA,0.05300421267747879
IFT74_RNA,0.05300035700201988
NAB1_RNA,0.0529821440577507
C11orf86_RNA,0.05296793580055237
ZFP3_RNA,0.05295459181070328
MRGPRD_RNA,0.05293532460927963
MRPL40_RNA,0.05293075367808342
EPHA8_RNA,0.05288134887814522
PRTFDC1_RNA,0.05285901948809624
SNHG8_RNA,0.052839308977127075
HINFP_RNA,0.05282694473862648
GATA6_RNA,0.05281699821352959
DLEU1_RNA,0.05281580612063408
C22orf23_RNA,0.052799325436353683
ZWINT_RNA,0.052759621292352676
DNAJC13_RNA,0.052756793797016144
EIF4B_RNA,0.05273595452308655
PRLR_RNA,0.05271780863404274
DGKK_RNA,0.05267481878399849
DCAF7_RNA,0.052614931017160416
BAG4_RNA,0.052590735256671906
KCNB2_RNA,0.05258863791823387
CACNA1I_RNA,0.05258813500404358
SMPDL3A_RNA,0.05257086083292961
ESRRA_RNA,0.05255994200706482
BMP2K_RNA,0.05254918709397316
TRIM72_RNA,0.052542638033628464
RABAC1_RNA,0.052537959069013596
IRGC_RNA,0.05253452807664871
GPS1_RNA,0.05253339931368828
DLK1_RNA,0.05252780020236969
C1orf94_RNA,0.05250540375709534
TMPPE_RNA,0.05250231921672821
BLID_RNA,0.05249716714024544
TRAK2_RNA,0.05247727036476135
COMT_RNA,0.0524454303085804
GLRX5_RNA,0.05244376137852669
TLR6_RNA,0.05243685841560364
CPM_RNA,0.052421946078538895
ILKAP_RNA,0.052420295774936676
FAM81B_RNA,0.05240599066019058
ZNF33A_RNA,0.05239548906683922
ABT1_RNA,0.05238735303282738
TMED3_RNA,0.05234875902533531
B3GNT8_RNA,0.052327342331409454
AUP1_RNA,0.05232415720820427
ZNF670_RNA,0.05232099071145058
PSD3_RNA,0.05231808125972748
SEC22B_RNA,0.052309904247522354
CNTLN_RNA,0.05230376496911049
DNMBP_RNA,0.052300672978162766
PDHB_RNA,0.052295487374067307
PSMB2_RNA,0.052269503474235535
PTGES2_RNA,0.05226672440767288
PAGE2B_RNA,0.052241358906030655
C9orf152_RNA,0.05223355442285538
GPR151_RNA,0.05221782252192497
CLMN_RNA,0.05220823734998703
CDKN1C_RNA,0.05220281705260277
TIGD2_RNA,0.052177801728248596
USP20_RNA,0.05217026174068451
MEA1_RNA,0.052169688045978546
CORO6_RNA,0.05216711759567261
DEPDC5_RNA,0.052155327051877975
SMTNL2_RNA,0.05215464159846306
EIF1_RNA,0.05214284360408783
GTF2E1_RNA,0.05211467295885086
IGFBP4_RNA,0.05211183428764343
SPAST_RNA,0.05208924040198326
BIRC6_RNA,0.052078332751989365
MAP2_RNA,0.05207667127251625
LMX1B_RNA,0.052068956196308136
RCC1_RNA,0.05206534266471863
MEF2D_RNA,0.05205841362476349
NR2E3_RNA,0.051992982625961304
MRPL3_RNA,0.05198951065540314
MTR_RNA,0.05194621533155441
CASQ2_RNA,0.051924027502536774
LOH12CR2_RNA,0.05191576108336449
DHRS7C_RNA,0.05188954994082451
C15orf32_RNA,0.05185409262776375
RAD51AP1_RNA,0.05179300531744957
AMD1_RNA,0.051786914467811584
NDUFA11_RNA,0.05176466703414917
ARHGAP12_RNA,0.05174309015274048
KREMEN1_RNA,0.05173488333821297
FAM20A_RNA,0.05172416940331459
CATSPER4_RNA,0.05171813443303108
FGL1_RNA,0.051708225160837173
COPS5_RNA,0.05170702561736107
USP22_RNA,0.0517069473862648
USP45_RNA,0.05164605751633644
ZKSCAN4_RNA,0.05163487792015076
GCKR_RNA,0.05163077265024185
FGL2_RNA,0.05161966383457184
MYO5B_RNA,0.051600053906440735
PKP1_RNA,0.051564302295446396
LILRB4_RNA,0.05155356973409653
KLHL28_RNA,0.05150819942355156
PTPN6_RNA,0.05150255560874939
CSF1_RNA,0.05149207264184952
LRRK1_RNA,0.05142424628138542
RXFP3_RNA,0.051411811262369156
TYSND1_RNA,0.051391005516052246
GMFG_RNA,0.051383424550294876
TAS2R4_RNA,0.051381248980760574
CD200R1_RNA,0.051374856382608414
SPDYA_RNA,0.051334232091903687
DHX36_RNA,0.05129646882414818
WDR48_RNA,0.05127321556210518
CCR9_RNA,0.051260754466056824
POLR2A_RNA,0.05124768614768982
MNT_RNA,0.051238205283880234
C3orf36_RNA,0.05122319608926773
MRPL47_RNA,0.05119997635483742
SUPT5H_RNA,0.051161233335733414
SIGLEC15_RNA,0.051141172647476196
FAHD1_RNA,0.05112827941775322
R3HCC1_RNA,0.051128219813108444
ZNF711_RNA,0.05109843611717224
LRRC42_RNA,0.05108795315027237
MMP17_RNA,0.051083751022815704
DCAF8L1_RNA,0.051082927733659744
PHF1_RNA,0.05107354000210762
ZNF518A_RNA,0.051060572266578674
GFOD2_RNA,0.0510575957596302
HOXC5_RNA,0.05104941502213478
TBCB_RNA,0.05104359611868858
PRDM2_RNA,0.05104004964232445
BTN3A2_RNA,0.05103601887822151
MAPKBP1_RNA,0.05102728679776192
DMAP1_RNA,0.05102641135454178
MIR125B1_RNA,0.05101335793733597
IL4I1_RNA,0.05099822208285332
ANKRD28_RNA,0.05099552497267723
MAD1L1_RNA,0.0509750135242939
PPP1R9B_RNA,0.05094129219651222
APPL1_RNA,0.05093155801296234
APPL2_RNA,0.050910886377096176
CLEC4A_RNA,0.05090276524424553
CAV1_RNA,0.05088941752910614
CC2D1B_RNA,0.05086406320333481
KLK13_RNA,0.0508570671081543
DFFB_RNA,0.05083037167787552
APCDD1_RNA,0.050822533667087555
AKAP13_RNA,0.05081280693411827
ARL8A_RNA,0.050797149538993835
PGRMC1_RNA,0.0507713183760643
WNT5B_RNA,0.050758324563503265
COX18_RNA,0.05073438957333565
KCNK18_RNA,0.05071375519037247
ILDR1_RNA,0.05070895329117775
ATP11C_RNA,0.050704050809144974
SOAT1_RNA,0.05069359764456749
TGM7_RNA,0.05069337412714958
GTF3C2_RNA,0.05069144442677498
RAD21L1_RNA,0.05069056153297424
UBR3_RNA,0.05068246275186539
ATP2B3_RNA,0.050662584602832794
GADL1_RNA,0.05063362047076225
RPS9_RNA,0.050625596195459366
FAM174B_RNA,0.050623755902051926
PARVG_RNA,0.05062252655625343
ULBP2_RNA,0.050615500658750534
NAGA_RNA,0.050598472356796265
ZNF451_RNA,0.05058444291353226
SPATA4_RNA,0.05058402940630913
MIR629_RNA,0.050573255866765976
GRIP1_RNA,0.05057325214147568
MIR577_RNA,0.05057153478264809
AARS2_RNA,0.0505339689552784
NUF2_RNA,0.05051948502659798
LRTM1_RNA,0.05050681158900261
AVPR2_RNA,0.05050602927803993
BCL6_RNA,0.050501104444265366
DSE_RNA,0.050473593175411224
MGAT4A_RNA,0.05044523626565933
MFAP5_RNA,0.050402846187353134
CCNI_RNA,0.0503828227519989
IL17RE_RNA,0.05037893354892731
CDC37L1_RNA,0.05036267265677452
POLD4_RNA,0.050328001379966736
ANGEL1_RNA,0.050322938710451126
SNX12_RNA,0.05030279606580734
ZCWPW2_RNA,0.050278808921575546
CCDC134_RNA,0.050267696380615234
TFAP2C_RNA,0.05019470304250717
CCK_RNA,0.05017407238483429
PECR_RNA,0.050167761743068695
UBAP1_RNA,0.050153542309999466
ZCCHC18_RNA,0.050135936588048935
IL10_RNA,0.050128024071455
SLC9A6_RNA,0.050116606056690216
RPAP2_RNA,0.05011628195643425
HBM_RNA,0.05011463537812233
AGPAT1_RNA,0.05006971210241318
FLT3_RNA,0.05001451075077057
EIF2B4_RNA,0.050008367747068405
BEX2_RNA,0.049995407462120056
ZIC3_RNA,0.04998946562409401
MC4R_RNA,0.049906130880117416
PEX7_RNA,0.04990437999367714
GAK_RNA,0.049901772290468216
PHOSPHO1_RNA,0.04989437758922577
RGL4_RNA,0.04988956078886986
IL1RL2_RNA,0.049846138805150986
PKDREJ_RNA,0.04983583837747574
P2RY12_RNA,0.04981587082147598
ATP2C2_RNA,0.04980950802564621
DDIT4_RNA,0.049799807369709015
RAPSN_RNA,0.0497845783829689
CDX2_RNA,0.049782756716012955
DDX18_RNA,0.04977978765964508
PPP1R9A_RNA,0.049771569669246674
SPATA9_RNA,0.04974306747317314
MAGOHB_RNA,0.04974143207073212
SIGMAR1_RNA,0.04974125325679779
SMARCAD1_RNA,0.049735281616449356
FAM24B_RNA,0.049716394394636154
RBM34_RNA,0.049699731171131134
TGFB1_RNA,0.04969935864210129
HES7_RNA,0.04969872534275055
NUDT7_RNA,0.049614373594522476
MIR9-3_RNA,0.049606598913669586
PATZ1_RNA,0.04958897829055786
STX4_RNA,0.049565475434064865
AHI1_RNA,0.04954560473561287
GUCA2A_RNA,0.04954276606440544
MED12_RNA,0.04952923581004143
TAF2_RNA,0.04952622950077057
TMEM183A_RNA,0.04952456057071686
AXIN2_RNA,0.04950461909174919
NME7_RNA,0.04945175722241402
DTD1_RNA,0.04941510409116745
FRAT2_RNA,0.049382686614990234
FAM78A_RNA,0.04937795549631119
CD53_RNA,0.04936828836798668
XRCC5_RNA,0.049355242401361465
DSC2_RNA,0.04935411363840103
IDH3G_RNA,0.04934626445174217
CCIN_RNA,0.04934611916542053
DDO_RNA,0.04933682829141617
SLC2A8_RNA,0.04931291937828064
EEF1A1_RNA,0.04928011819720268
SRF_RNA,0.04927841201424599
MTRR_RNA,0.049255698919296265
PER3_RNA,0.0492546483874321
P2RY10_RNA,0.04925117641687393
INTS5_RNA,0.04923039674758911
TBC1D23_RNA,0.049228485673666
TPRKB_RNA,0.04921863228082657
CD28_RNA,0.049187298864126205
NRN1L_RNA,0.049166809767484665
RCE1_RNA,0.04916439577937126
EIF1B_RNA,0.04915599152445793
PCDHGA1_RNA,0.049139101058244705
FAM83B_RNA,0.04913477972149849
DCLRE1A_RNA,0.049076881259679794
SCARNA5_RNA,0.04903595522046089
VGF_RNA,0.049030885100364685
PRRT3_RNA,0.04900388419628143
PM20D2_RNA,0.04897616431117058
PNLDC1_RNA,0.048974718898534775
CD247_RNA,0.0489693358540535
PHKG2_RNA,0.048949018120765686
DMXL2_RNA,0.04894460365176201
ZNF229_RNA,0.048925574868917465
MIR26B_RNA,0.04891124740242958
PDCL2_RNA,0.04890987649559975
TNS3_RNA,0.04890906438231468
TSEN15_RNA,0.048907630145549774
GGA2_RNA,0.04889977350831032
LRRC59_RNA,0.04887962341308594
PLB1_RNA,0.04886673390865326
ANO3_RNA,0.04884081333875656
HCG18_RNA,0.048839736729860306
FANCG_RNA,0.04880654439330101
KRTAP1-5_RNA,0.048797428607940674
NTM_RNA,0.04879291355609894
TRIM29_RNA,0.04878278821706772
SPIN3_RNA,0.04878205433487892
TAS2R60_RNA,0.04877284914255142
SLA2_RNA,0.048760272562503815
SHARPIN_RNA,0.048725806176662445
UBE4A_RNA,0.04866740107536316
SLAMF7_RNA,0.048656973987817764
OBP2B_RNA,0.04860410466790199
STMN2_RNA,0.048586148768663406
GPR137_RNA,0.04858226329088211
ATF5_RNA,0.04858028516173363
LRG1_RNA,0.04857143387198448
MIR556_RNA,0.04855867475271225
SOX12_RNA,0.04855859652161598
BAG1_RNA,0.04854904115200043
ALDH2_RNA,0.048541225492954254
MIR454_RNA,0.04852958768606186
PAPPA_RNA,0.04852711409330368
KRT32_RNA,0.048526450991630554
ITM2A_RNA,0.0485076978802681
ZNF620_RNA,0.04849156364798546
AKR1E2_RNA,0.048477500677108765
TAF7L_RNA,0.04846927151083946
UBE2L3_RNA,0.04845600947737694
GABRE_RNA,0.04838293418288231
IL16_RNA,0.04838109016418457
IL5_RNA,0.0483253076672554
TOMM20_RNA,0.04832392558455467
ARPC2_RNA,0.04831172525882721
MYH2_RNA,0.048290740698575974
HPSE_RNA,0.04828150197863579
SNRPN_RNA,0.04827108234167099
ATP2B4_RNA,0.048267025500535965
NEUROG3_RNA,0.04824962094426155
CNDP1_RNA,0.048247285187244415
ZNF652_RNA,0.04824068024754524
DAB1_RNA,0.048190221190452576
TDRD10_RNA,0.04815695434808731
CLDN9_RNA,0.0481446348130703
MAPK7_RNA,0.04812042787671089
TBX22_RNA,0.04811812564730644
CASC3_RNA,0.048108071088790894
MPZ_RNA,0.04807953163981438
GTF3C5_RNA,0.04807490110397339
WAS_RNA,0.04807032644748688
HES3_RNA,0.04805620014667511
ZNF410_RNA,0.04804312437772751
IRAK1_RNA,0.047988902777433395
PGAM4_RNA,0.0479729101061821
ATP6V1B1_RNA,0.047966886311769485
LHFPL4_RNA,0.04796242341399193
COX8A_RNA,0.04794653132557869
SLC6A13_RNA,0.04791294038295746
CHRM2_RNA,0.047883059829473495
WDR12_RNA,0.047872044146060944
EXOG_RNA,0.04787054657936096
MIR1278_RNA,0.04785703122615814
CCDC73_RNA,0.04785691574215889
TMEM63B_RNA,0.04784318059682846
EGFL6_RNA,0.04783448204398155
GNB1_RNA,0.0478292815387249
ANAPC13_RNA,0.047817982733249664
TMEM215_RNA,0.047809354960918427
MS4A4A_RNA,0.047807127237319946
SENP7_RNA,0.04780004546046257
MAP2K6_RNA,0.047780901193618774
ATAD1_RNA,0.0477730967104435
APOF_RNA,0.047768838703632355
SYTL3_RNA,0.047767966985702515
ARF1_RNA,0.04776519164443016
AKAP1_RNA,0.04775361344218254
KIAA0513_RNA,0.04773024469614029
DRAP1_RNA,0.047728002071380615
CSNK2B_RNA,0.04772593453526497
SEC14L5_RNA,0.047719843685626984
CNTN4_RNA,0.047713179141283035
POLR1E_RNA,0.04770897701382637
TAF4B_RNA,0.04770832508802414
UTP23_RNA,0.04765452817082405
SLC25A41_RNA,0.047654036432504654
RPS14_RNA,0.04764027148485184
FOXK2_RNA,0.0476171113550663
RNF214_RNA,0.04760285094380379
SENP6_RNA,0.047559432685375214
WDR11_RNA,0.047535449266433716
FEM1A_RNA,0.04750383645296097
AMELX_RNA,0.04748053103685379
C1orf87_RNA,0.04747014492750168
SFT2D2_RNA,0.04746704921126366
SOX18_RNA,0.04745364934206009
DEDD_RNA,0.047400277107954025
TMEM81_RNA,0.047384053468704224
FOLH1_RNA,0.04736730083823204
MRPL12_RNA,0.04732230678200722
GIMAP1_RNA,0.04731955751776695
DNAH2_RNA,0.0472993440926075
KIF25_RNA,0.04729265719652176
CORO1A_RNA,0.047288741916418076
ZNF646_RNA,0.04726693406701088
CAV3_RNA,0.04726492986083031
PRTG_RNA,0.04725480452179909
PCSK9_RNA,0.047249626368284225
SIGIRR_RNA,0.04720865935087204
KCNK15_RNA,0.04720787703990936
TFIP11_RNA,0.047202445566654205
RPE65_RNA,0.047178857028484344
MATR3_RNA,0.04717797040939331
SCP2_RNA,0.04716281220316887
RNFT2_RNA,0.04714532941579819
SERPINC1_RNA,0.047136057168245316
TUT1_RNA,0.04713427275419235
XPO6_RNA,0.04713303968310356
RNF38_RNA,0.04712638631463051
PRR3_RNA,0.04711640998721123
TNK1_RNA,0.047108858823776245
LHX8_RNA,0.04710548743605614
IRF5_RNA,0.0470849983394146
LSAMP_RNA,0.047075655311346054
TBPL2_RNA,0.047053560614585876
ALOX12_RNA,0.047051481902599335
NUDC_RNA,0.047008950263261795
FCGRT_RNA,0.04700373113155365
ZBTB41_RNA,0.04700085148215294
ABCG8_RNA,0.046989135444164276
LHFPL1_RNA,0.046989090740680695
APOA2_RNA,0.04698506370186806
RTN4_RNA,0.0469842292368412
AK1_RNA,0.04696378484368324
KLK10_RNA,0.04696076735854149
CHIA_RNA,0.046907536685466766
TRUB2_RNA,0.04688475653529167
SIRT7_RNA,0.04687764495611191
TMEM59_RNA,0.04687248915433884
DYNC1I2_RNA,0.04686830937862396
GCHFR_RNA,0.046846453100442886
PIK3R2_RNA,0.0468432679772377
LAPTM5_RNA,0.0468294583261013
NIT2_RNA,0.04682891070842743
COX7B_RNA,0.04682018607854843
FBXL4_RNA,0.04681500419974327
PMAIP1_RNA,0.04678737744688988
KIF11_RNA,0.0467676967382431
C16orf92_RNA,0.04676460474729538
GATA5_RNA,0.04675564542412758
TMEM121_RNA,0.046743325889110565
DCUN1D1_RNA,0.04674307629466057
RD3_RNA,0.04672680050134659
RPIA_RNA,0.046725887805223465
PON1_RNA,0.046714454889297485
MAGEB2_RNA,0.04670277610421181
GPN1_RNA,0.046696752309799194
APOA5_RNA,0.04668096452951431
NOC4L_RNA,0.04667454585433006
KLF1_RNA,0.04666225239634514
SIAH3_RNA,0.0466175340116024
MYO1H_RNA,0.04661421477794647
CD1E_RNA,0.04661024361848831
SNRPE_RNA,0.04660936817526817
BTF3_RNA,0.04660749062895775
IPPK_RNA,0.04660668969154358
RDH8_RNA,0.04656895250082016
UGT2B7_RNA,0.04656391590833664
SNAI3_RNA,0.04655847325921059
NHLH2_RNA,0.04654751718044281
HSCB_RNA,0.046544041484594345
KRT74_RNA,0.04653081297874451
SS18L1_RNA,0.04651185870170593
EML5_RNA,0.04651016369462013
SNTG1_RNA,0.04647492617368698
COLEC10_RNA,0.04643372818827629
TMED5_RNA,0.04643058404326439
FAM151B_RNA,0.04642779007554054
SULT1C2_RNA,0.04642515257000923
TMEM175_RNA,0.046392105519771576
CIZ1_RNA,0.04636085033416748
SF3A1_RNA,0.04635718837380409
ANKRD50_RNA,0.0463501438498497
FNTA_RNA,0.04633910953998566
YWHAZ_RNA,0.04633399471640587
CPSF1_RNA,0.04632147401571274
HOXA9_RNA,0.046276334673166275
PCA3_RNA,0.04624105989933014
CD14_RNA,0.046234212815761566
TSGA10IP_RNA,0.04619922116398811
TMOD4_RNA,0.046184834092855453
DPH2_RNA,0.04614982381463051
SHC2_RNA,0.046143122017383575
BRWD1_RNA,0.046090662479400635
MRTO4_RNA,0.046089377254247665
CXCR3_RNA,0.04607676714658737
CCDC117_RNA,0.04606682434678078
TLN1_RNA,0.04603663459420204
RELA_RNA,0.04601653665304184
NAP1L5_RNA,0.04599476978182793
SRD5A3_RNA,0.04598766937851906
TARS2_RNA,0.04597144573926926
ZNF764_RNA,0.045954301953315735
MTOR_RNA,0.04595271497964859
PNPLA1_RNA,0.04593599587678909
GJA5_RNA,0.0459061898291111
COL19A1_RNA,0.04590114951133728
MORC3_RNA,0.04587531089782715
TUBA1A_RNA,0.04587320610880852
ENPP6_RNA,0.045859165489673615
NUBP2_RNA,0.04584488272666931
PPP1R7_RNA,0.045812852680683136
RAPGEFL1_RNA,0.045792896300554276
CCDC25_RNA,0.04578284174203873
SNAPC3_RNA,0.045782458037137985
RNF185_RNA,0.04575811326503754
SLC5A1_RNA,0.04573715478181839
MFN1_RNA,0.04573521763086319
MS4A6E_RNA,0.04573171213269234
GLCE_RNA,0.04571162536740303
SYNRG_RNA,0.04569046571850777
TXNIP_RNA,0.04563654214143753
MORF4L1_RNA,0.04563577473163605
SNAPIN_RNA,0.045633602887392044
XPNPEP2_RNA,0.0456160269677639
TMEM138_RNA,0.04561292752623558
ASB16_RNA,0.045602865517139435
NACA2_RNA,0.045602280646562576
HSD17B1_RNA,0.04559189826250076
BRSK2_RNA,0.04559050872921944
PPP1R11_RNA,0.04558165743947029
ZNF526_RNA,0.0455801747739315
CD37_RNA,0.04555542767047882
MLLT10_RNA,0.04554406553506851
COMMD5_RNA,0.04554126411676407
ZNF318_RNA,0.045495230704545975
KIAA2013_RNA,0.04549068212509155
ADCY9_RNA,0.0454879067838192
MEP1B_RNA,0.04547254741191864
PPP1R12B_RNA,0.04545538127422333
FUT6_RNA,0.045439694076776505
ASGR1_RNA,0.04542252793908119
TXNRD2_RNA,0.04539010301232338
SEMA4B_RNA,0.04536345228552818
ATG5_RNA,0.04535683989524841
RAX_RNA,0.04534547030925751
MIB1_RNA,0.04533449932932854
C2CD4C_RNA,0.04532778635621071
NKG7_RNA,0.04532643035054207
SUCLG1_RNA,0.045320767909288406
KSR2_RNA,0.0453195683658123
NDUFAF2_RNA,0.04529382288455963
PHF2_RNA,0.04526937007904053
FDXACB1_RNA,0.04525294899940491
ATP6V1B2_RNA,0.04522663354873657
PRCP_RNA,0.04521225020289421
ACD_RNA,0.04521004110574722
ADA_RNA,0.045204270631074905
WDR13_RNA,0.04519632086157799
PILRA_RNA,0.04519223794341087
NXPH1_RNA,0.045186880975961685
GJB3_RNA,0.045179590582847595
SORBS1_RNA,0.0451568104326725
ZNHIT2_RNA,0.045154452323913574
WDR17_RNA,0.04514738544821739
NQO1_RNA,0.04509655386209488
THOC6_RNA,0.04507724940776825
WSB1_RNA,0.04506932199001312
PTPRD_RNA,0.04503509774804115
RNF113B_RNA,0.04500901326537132
CCDC107_RNA,0.04499739035964012
PFDN4_RNA,0.04498812556266785
SNORD111_RNA,0.04498538747429848
MORN5_RNA,0.044955428689718246
CDA_RNA,0.044936615973711014
TMEM39B_RNA,0.04492441564798355
IGSF6_RNA,0.0449182465672493
MUC20_RNA,0.04489696025848389
CDX1_RNA,0.04489489644765854
PLAC4_RNA,0.04486379772424698
CLNK_RNA,0.044860877096652985
S100G_RNA,0.04485660046339035
PORCN_RNA,0.04485126957297325
FLI1_RNA,0.044835422188043594
THRSP_RNA,0.04481092467904091
BTN3A3_RNA,0.04480624198913574
MTHFD2L_RNA,0.04480230063199997
PRB2_RNA,0.04479489475488663
SPARCL1_RNA,0.04479016363620758
ACTR3_RNA,0.04476987197995186
MAPK10_RNA,0.04476257786154747
PDZK1_RNA,0.04471564665436745
NEU1_RNA,0.044693585485219955
PSMB6_RNA,0.04469272121787071
FAM135A_RNA,0.04464970529079437
PROKR2_RNA,0.04460522532463074
TH_RNA,0.044603150337934494
BEND5_RNA,0.04456138610839844
PRPF3_RNA,0.04453234747052193
RNF220_RNA,0.044530656188726425
LYRM4_RNA,0.04451458156108856
ITGA11_RNA,0.044512804597616196
CDS2_RNA,0.04450012743473053
DPAGT1_RNA,0.04449435696005821
ZNF90_RNA,0.04448796436190605
ZNF564_RNA,0.044487398117780685
PGC_RNA,0.04448254778981209
THTPA_RNA,0.044430654495954514
RABGAP1_RNA,0.04443035274744034
TEF_RNA,0.04441918432712555
HORMAD1_RNA,0.04441285505890846
DKK1_RNA,0.044342219829559326
NDUFS2_RNA,0.04432938992977142
LRRC23_RNA,0.044308871030807495
UGT3A2_RNA,0.04430605471134186
CCAR1_RNA,0.044294849038124084
MED28_RNA,0.044280409812927246
VCPIP1_RNA,0.044269029051065445
ASAH2_RNA,0.04422755911946297
BLOC1S2_RNA,0.04422405734658241
FNDC8_RNA,0.04419539496302605
SPCS3_RNA,0.04418659955263138
AP4B1_RNA,0.04416165500879288
ORMDL1_RNA,0.0441470742225647
DSG3_RNA,0.04413851723074913
PRB3_RNA,0.044124528765678406
DHRS3_RNA,0.04409780353307724
TRIM15_RNA,0.044085923582315445
AANAT_RNA,0.0440831258893013
DYRK1B_RNA,0.04406432434916496
PLXNA1_RNA,0.0440388061106205
LTV1_RNA,0.0440007820725441
ZFP37_RNA,0.043990205973386765
RBPJL_RNA,0.04396890848875046
MAD2L1_RNA,0.043962955474853516
HEATR5B_RNA,0.04394926875829697
ALKBH2_RNA,0.04393580183386803
ABCA4_RNA,0.04392745718359947
FCRL6_RNA,0.0439150370657444
NCAPH2_RNA,0.043890710920095444
WFDC12_RNA,0.043883610516786575
ARPC1B_RNA,0.043843887746334076
UCHL5_RNA,0.04381857439875603
REEP4_RNA,0.043817535042762756
ITIH2_RNA,0.043778177350759506
MIR505_RNA,0.043774109333753586
C17orf100_RNA,0.04376232251524925
SNORD115-22_RNA,0.043735627084970474
USP31_RNA,0.043727800250053406
CORO1B_RNA,0.043694909662008286
PCSK1N_RNA,0.04367491230368614
HECTD3_RNA,0.043656282126903534
ACADSB_RNA,0.04365570470690727
OAF_RNA,0.043651435524225235
DCTN6_RNA,0.04361679404973984
TMEM95_RNA,0.043613918125629425
MIR1537_RNA,0.04361247643828392
STRN3_RNA,0.0436113066971302
TMEM141_RNA,0.0436001718044281
MAEA_RNA,0.04359927773475647
P2RX5_RNA,0.04358983412384987
CREB3L4_RNA,0.04356963187456131
NFASC_RNA,0.043560490012168884
RNASE8_RNA,0.04355977848172188
TRNT1_RNA,0.043557096272706985
CD74_RNA,0.04352932050824165
IL12RB2_RNA,0.04352353885769844
UBA52_RNA,0.043522611260414124
ATP2A1_RNA,0.04352039098739624
CYP19A1_RNA,0.04351918026804924
RPRD2_RNA,0.043515440076589584
TTF1_RNA,0.04350532218813896
EXOC1_RNA,0.043501656502485275
SLC25A27_RNA,0.043472401797771454
ATP1B1_RNA,0.04345261678099632
MYH7B_RNA,0.043434832245111465
WNT9B_RNA,0.04343369975686073
NPLOC4_RNA,0.04341191425919533
TGS1_RNA,0.043392568826675415
FBL_RNA,0.04337925463914871
CCDC63_RNA,0.04337460920214653
HBB_RNA,0.04337248578667641
BCL2L15_RNA,0.043346185237169266
GTPBP2_RNA,0.04334157705307007
DNM1L_RNA,0.04331442713737488
RHOF_RNA,0.04331348091363907
PLXND1_RNA,0.04331034794449806
CDC25A_RNA,0.043298911303281784
C1QTNF3_RNA,0.043285124003887177
FXR1_RNA,0.04327154532074928
CCDC18_RNA,0.043264806270599365
SEMA7A_RNA,0.04323314502835274
PPME1_RNA,0.04319595545530319
CASK_RNA,0.043191246688365936
EEF2_RNA,0.043184880167245865
PKIA_RNA,0.043181389570236206
SETDB1_RNA,0.0431734099984169
ATG3_RNA,0.04316088929772377
SLC16A2_RNA,0.04312765225768089
SUPT7L_RNA,0.04312673211097717
GNGT1_RNA,0.0431213341653347
OR11A1_RNA,0.04311681538820267
FXR2_RNA,0.04310106486082077
MTDH_RNA,0.043079935014247894
EDEM1_RNA,0.043079107999801636
PITX3_RNA,0.043075937777757645
ACTBL2_RNA,0.04304228723049164
ITIH1_RNA,0.04301374405622482
OMA1_RNA,0.043010979890823364
PHACTR4_RNA,0.04300503805279732
TCL1A_RNA,0.04295823350548744
FADS3_RNA,0.042944733053445816
BAHD1_RNA,0.04293988645076752
DDB1_RNA,0.04293966665863991
SH3RF2_RNA,0.042932990938425064
CYP2W1_RNA,0.04292803257703781
IMPDH2_RNA,0.04292463883757591
C2CD3_RNA,0.0429181270301342
SMU1_RNA,0.042903535068035126
SYCP2L_RNA,0.04289381951093674
MAN1A2_RNA,0.04288444295525551
GTF2E2_RNA,0.04287785291671753
LRIG2_RNA,0.04286953806877136
POLR1C_RNA,0.042868126183748245
CHTF18_RNA,0.04286704584956169
HEXIM1_RNA,0.042844709008932114
ERCC4_RNA,0.04283599182963371
RBM44_RNA,0.04280905798077583
PISD_RNA,0.04280804470181465
CABIN1_RNA,0.04278211668133736
TNFRSF13B_RNA,0.042761195451021194
AAK1_RNA,0.04275931790471077
HK2_RNA,0.042709801346063614
MGST3_RNA,0.0426766499876976
NECAB1_RNA,0.04266495630145073
SAMM50_RNA,0.042656708508729935
MAST2_RNA,0.042654357850551605
MIR708_RNA,0.042646992951631546
COL21A1_RNA,0.0426204651594162
KCNAB1_RNA,0.04261837527155876
APLP1_RNA,0.04259761422872543
NTF3_RNA,0.042587678879499435
PDCD1_RNA,0.042579520493745804
LYZL4_RNA,0.04257749393582344
FGF18_RNA,0.04255618155002594
TNNT1_RNA,0.0425499863922596
STX8_RNA,0.04254792258143425
NOS1AP_RNA,0.042524825781583786
CD38_RNA,0.042508624494075775
SPINT1_RNA,0.042493175715208054
HABP4_RNA,0.04247349500656128
UBA6_RNA,0.0424627885222435
COMMD8_RNA,0.04244024306535721
FBXO46_RNA,0.04243233799934387
SEMA3G_RNA,0.04242858663201332
MIR1249_RNA,0.042418502271175385
PAK1IP1_RNA,0.04240523278713226
VCL_RNA,0.04239590838551521
FBXL14_RNA,0.042379289865493774
REPS1_RNA,0.04237537458539009
CCDC157_RNA,0.04234115779399872
ZBTB8B_RNA,0.04229264706373215
ASAP1_RNA,0.04228927940130234
BHLHE22_RNA,0.042279765009880066
UXS1_RNA,0.04225714132189751
GDE1_RNA,0.0422220416367054
STXBP6_RNA,0.0422079861164093
NEUROD1_RNA,0.04220529645681381
MGAT3_RNA,0.0421898178756237
PIGP_RNA,0.042183175683021545
GGT1_RNA,0.042141739279031754
FGF14_RNA,0.04213719442486763
ITK_RNA,0.04211505129933357
SLC2A12_RNA,0.04211364686489105
FOXE3_RNA,0.042111217975616455
PARM1_RNA,0.04210829362273216
BSCL2_RNA,0.04210812225937843
ATP7B_RNA,0.04208560287952423
ALOX15_RNA,0.04207102209329605
KCTD9_RNA,0.04206939786672592
NHLRC2_RNA,0.04206572845578194
AGFG1_RNA,0.042036835104227066
SNRPA1_RNA,0.042033057659864426
SLC4A1_RNA,0.04203115776181221
PI16_RNA,0.04198761284351349
EYA3_RNA,0.04198369383811951
PI4KA_RNA,0.04197750240564346
DDX20_RNA,0.04196924716234207
POLR3GL_RNA,0.04195946455001831
NDST2_RNA,0.04195348173379898
VBP1_RNA,0.04195241630077362
ZBBX_RNA,0.04193282499909401
ATP6V0D1_RNA,0.041899241507053375
CTSW_RNA,0.04188309982419014
MGLL_RNA,0.04185624420642853
HTATSF1_RNA,0.041853584349155426
CSF2RB_RNA,0.04184543713927269
MRPL2_RNA,0.04183554649353027
FAM83D_RNA,0.04183489456772804
GDPD3_RNA,0.041818637400865555
TUBGCP6_RNA,0.04181383550167084
XPNPEP3_RNA,0.04180758818984032
BOLA3_RNA,0.04179379343986511
LRRC66_RNA,0.04178416728973389
SLC10A1_RNA,0.04175335541367531
GOLM1_RNA,0.041746415197849274
WDR86_RNA,0.041738688945770264
THEMIS_RNA,0.04170665517449379
RAB2B_RNA,0.04168907180428505
ANGPTL5_RNA,0.04168661683797836
DNAJB5_RNA,0.04168414697051048
RC3H2_RNA,0.041674189269542694
ATG16L1_RNA,0.04166673123836517
SCAND1_RNA,0.041651688516139984
KRTCAP3_RNA,0.041639696806669235
NOB1_RNA,0.0416192002594471
ATAD5_RNA,0.04156791418790817
C8B_RNA,0.041562292724847794
EFNA2_RNA,0.041524045169353485
MSLN_RNA,0.04148753732442856
SRGAP1_RNA,0.04147057607769966
USP15_RNA,0.04144066199660301
SPOPL_RNA,0.04143601655960083
MBNL1_RNA,0.04143392667174339
ARHGDIA_RNA,0.04140916094183922
SH3YL1_RNA,0.04140906035900116
RBM4B_RNA,0.04140830039978027
MCCD1_RNA,0.04140683636069298
POU2AF1_RNA,0.041406478732824326
STRADB_RNA,0.04135992005467415
CT62_RNA,0.041328538209199905
GTPBP8_RNA,0.0413215197622776
CCDC81_RNA,0.04131157696247101
CST7_RNA,0.04128390923142433
TRNAU1AP_RNA,0.04126119241118431
OLIG2_RNA,0.04125552996993065
IL4R_RNA,0.0412132702767849
CRELD1_RNA,0.04120917245745659
DNAJC9_RNA,0.04120916500687599
ZNF213_RNA,0.04120524227619171
HELZ_RNA,0.0412038154900074
FNDC5_RNA,0.04119007661938667
MPG_RNA,0.04117486998438835
RDH10_RNA,0.04117128252983093
RXRB_RNA,0.041136421263217926
EIF4E2_RNA,0.04111872985959053
EOMES_RNA,0.04111439362168312
DARS2_RNA,0.041073307394981384
EGLN2_RNA,0.041055869311094284
MAPK3_RNA,0.04105149209499359
TRIM26_RNA,0.041042331606149673
ZCRB1_RNA,0.04103248566389084
ZNF669_RNA,0.04102101922035217
OR13D1_RNA,0.041010983288288116
MOGAT3_RNA,0.04099424555897713
SLC7A3_RNA,0.04099341481924057
ANP32B_RNA,0.04097019135951996
FRMD4B_RNA,0.040965065360069275
ZNF384_RNA,0.04096047580242157
SLFN5_RNA,0.04094717279076576
CLP1_RNA,0.04094375669956207
RPS23_RNA,0.04091915488243103
TBXAS1_RNA,0.04091838002204895
FOXB2_RNA,0.040912460535764694
SDF2L1_RNA,0.040906548500061035
APOL5_RNA,0.04089247062802315
NRP2_RNA,0.040855783969163895
C1orf50_RNA,0.040849220007658005
MIR331_RNA,0.04080166295170784
PADI3_RNA,0.04074624925851822
TPST1_RNA,0.04074579104781151
GAA_RNA,0.04072463884949684
FUT7_RNA,0.04072130098938942
FAM83C_RNA,0.040708206593990326
WDFY4_RNA,0.040688663721084595
GIP_RNA,0.040677789598703384
PROX2_RNA,0.04065639153122902
THBS3_RNA,0.040622904896736145
TMEM223_RNA,0.040619805455207825
RERG_RNA,0.04060140624642372
ODF4_RNA,0.0405949242413044
DNAH1_RNA,0.04058145359158516
EDAR_RNA,0.04056338965892792
CRLF3_RNA,0.04054638743400574
BANP_RNA,0.04053938016295433
TEC_RNA,0.040523309260606766
PREB_RNA,0.0404755137860775
PAFAH1B2_RNA,0.04045558720827103
CEBPA_RNA,0.040448930114507675
CD70_RNA,0.04042194411158562
RPS6KA1_RNA,0.04042121395468712
KRT86_RNA,0.040420763194561005
GREM1_RNA,0.0404159240424633
ASNSD1_RNA,0.04040178656578064
B3GALT2_RNA,0.04038375988602638
SELE_RNA,0.04037906229496002
OXT_RNA,0.04034978523850441
KCNH2_RNA,0.04034760966897011
CRTAM_RNA,0.040332041680812836
LMBRD1_RNA,0.04032302275300026
FBXO6_RNA,0.04032024368643761
NENF_RNA,0.04028700292110443
SMARCC1_RNA,0.04027706757187843
GPSM3_RNA,0.04027699679136276
BTBD19_RNA,0.04023713618516922
LIX1L_RNA,0.04023602977395058
ADD1_RNA,0.040222469717264175
VWCE_RNA,0.04021264985203743
MIR30C1_RNA,0.04020702466368675
DNAJC5B_RNA,0.04018351063132286
RP1L1_RNA,0.04017830640077591
CLIC3_RNA,0.04015861824154854
NOL11_RNA,0.040149569511413574
PTGFR_RNA,0.04013662412762642
ZNF577_RNA,0.0401330329477787
FAM83F_RNA,0.04012778773903847
TJP2_RNA,0.04012247920036316
LY6K_RNA,0.04009956121444702
SNAP29_RNA,0.040097836405038834
DSPP_RNA,0.0400930680334568
TCF25_RNA,0.04008471593260765
CDYL_RNA,0.04004887118935585
SLC25A36_RNA,0.04004444181919098
ANP32A_RNA,0.0400409959256649
SDR9C7_RNA,0.04002704843878746
PKN1_RNA,0.04002561792731285
NOL12_RNA,0.04001842066645622
AURKAIP1_RNA,0.03998338058590889
BRDT_RNA,0.039982061833143234
TMEM40_RNA,0.039981942623853683
GPR83_RNA,0.0399697907269001
AK2_RNA,0.03996635600924492
RPL28_RNA,0.03996341675519943
FKBP2_RNA,0.039958320558071136
SYVN1_RNA,0.0399455800652504
IPO8_RNA,0.03986496105790138
GCM2_RNA,0.03986410051584244
HMGCS2_RNA,0.039823148399591446
STOML3_RNA,0.039812132716178894
ATP6V1H_RNA,0.03980253264307976
MFSD6L_RNA,0.03978964313864708
CMPK1_RNA,0.03977356478571892
PCBP1_RNA,0.039769429713487625
TNFRSF17_RNA,0.03974483534693718
ZBTB34_RNA,0.0397145077586174
TRAPPC9_RNA,0.039710257202386856
ACOT13_RNA,0.03968651220202446
KLHL2_RNA,0.039657603949308395
UBE2O_RNA,0.03964748978614807
MIR1288_RNA,0.03964404761791229
RRAGA_RNA,0.039641425013542175
PRR23C_RNA,0.039610087871551514
ZNF619_RNA,0.039607804268598557
GGA3_RNA,0.039603475481271744
GAL3ST2_RNA,0.039598558098077774
GLT1D1_RNA,0.03958344832062721
GRM2_RNA,0.03956129401922226
MCEE_RNA,0.0395309217274189
VPS45_RNA,0.03952544927597046
SURF2_RNA,0.039521317929029465
TCEAL5_RNA,0.0395013764500618
MIR374A_RNA,0.039487842470407486
LEMD2_RNA,0.03948284313082695
MLLT6_RNA,0.039467282593250275
MRFAP1L1_RNA,0.03945620357990265
NANOS2_RNA,0.03945602476596832
SLIT1_RNA,0.03944570943713188
LY9_RNA,0.039417754858732224
PPIL4_RNA,0.039394114166498184
KLHL11_RNA,0.039393190294504166
NCALD_RNA,0.039393048733472824
KLHL10_RNA,0.039390817284584045
ASCC2_RNA,0.039356764405965805
SLC7A14_RNA,0.0393560416996479
BBS10_RNA,0.03932502120733261
HS3ST4_RNA,0.03931291773915291
CATSPERG_RNA,0.039306823164224625
PPP2R5B_RNA,0.03926914557814598
IMP4_RNA,0.03926419839262962
THRA_RNA,0.039260383695364
CCL23_RNA,0.03924839198589325
NMT1_RNA,0.03924452140927315
PPARD_RNA,0.039239659905433655
SRPK3_RNA,0.03923210874199867
CETP_RNA,0.03922509029507637
WWP1_RNA,0.039221975952386856
FLYWCH1_RNA,0.03921276330947876
SLC25A33_RNA,0.039211470633745193
G3BP2_RNA,0.0392090268433094
SPINT2_RNA,0.039203520864248276
SLC39A14_RNA,0.03919171914458275
SCFD2_RNA,0.03917747363448143
SNORD115-6_RNA,0.039120614528656006
SCLY_RNA,0.03911646828055382
RPS19BP1_RNA,0.03908673673868179
RNU11_RNA,0.039081871509552
ZNF449_RNA,0.039056286215782166
RAPGEF5_RNA,0.039044976234436035
STARD3_RNA,0.03903298079967499
ANKRD10_RNA,0.039031583815813065
CNGB3_RNA,0.03901812061667442
ZNF185_RNA,0.039018090814352036
TNFRSF10A_RNA,0.039010562002658844
CNIH4_RNA,0.039006512612104416
CHIT1_RNA,0.03900260850787163
HERC3_RNA,0.03897755593061447
KDM4C_RNA,0.03893689438700676
CD1C_RNA,0.03892643749713898
CTBP1_RNA,0.038916897028684616
ZBTB7B_RNA,0.03890388086438179
NME6_RNA,0.03885692358016968
SLC16A5_RNA,0.03878810256719589
ADAMTSL3_RNA,0.038734931498765945
DAXX_RNA,0.038691580295562744
EXOSC10_RNA,0.03868671879172325
SIRT4_RNA,0.03867592662572861
PDHA1_RNA,0.038671672344207764
RCN2_RNA,0.03866184130311012
ABHD12_RNA,0.03865913674235344
NOSIP_RNA,0.038653645664453506
SMYD3_RNA,0.038622379302978516
COL15A1_RNA,0.03859711065888405
TRIM58_RNA,0.03859640285372734
DOCK2_RNA,0.038594476878643036
PJA1_RNA,0.0385710634291172
C6orf89_RNA,0.03856169432401657
DNMT3L_RNA,0.03854222595691681
SF3B2_RNA,0.03853173926472664
CGREF1_RNA,0.03851820155978203
ITGB1_RNA,0.0385117307305336
TRAPPC6B_RNA,0.03849969059228897
MIR2052_RNA,0.038499508053064346
FOSL2_RNA,0.03848162293434143
NOD2_RNA,0.0384715273976326
ARHGAP15_RNA,0.038468483835458755
AHSG_RNA,0.03840327262878418
GRINA_RNA,0.03837752714753151
ARHGAP30_RNA,0.038359545171260834
MIR301B_RNA,0.03834587335586548
USP21_RNA,0.038306545466184616
B3GALT5_RNA,0.03830544278025627
IRS1_RNA,0.038295768201351166
MRFAP1_RNA,0.03827056661248207
ADAM17_RNA,0.038252413272857666
RPL17_RNA,0.03824697807431221
GABBR1_RNA,0.03824210539460182
ABCE1_RNA,0.03821840137243271
COPB2_RNA,0.03820911422371864
BCL11A_RNA,0.038205452263355255
SESN3_RNA,0.03819786012172699
SASS6_RNA,0.03818649426102638
ETV3_RNA,0.038167405873537064
ADH1A_RNA,0.03816094994544983
C3orf38_RNA,0.03815170377492905
SNORD116-10_RNA,0.03814989700913429
PALM_RNA,0.038143567740917206
VPS37C_RNA,0.038139618933200836
SLC35F5_RNA,0.03813549503684044
ANKRD40_RNA,0.03811691328883171
APBA2_RNA,0.038111235946416855
BNIP3L_RNA,0.038087695837020874
MFN2_RNA,0.038079310208559036
ALG9_RNA,0.038073040544986725
UTP3_RNA,0.03806557133793831
POMGNT1_RNA,0.03806339204311371
RAB7A_RNA,0.038062408566474915
IRAK1BP1_RNA,0.03805934265255928
COPS7A_RNA,0.03803331404924393
MAPKAP1_RNA,0.03802172839641571
ZDHHC20_RNA,0.03801800683140755
GPSM2_RNA,0.038008078932762146
SNORD62B_RNA,0.03798976168036461
LAMB1_RNA,0.03798399865627289
NUP188_RNA,0.037975337356328964
SCYL1_RNA,0.03796062618494034
CPNE1_RNA,0.037947919219732285
CDK12_RNA,0.037944503128528595
ZSCAN29_RNA,0.03794361650943756
OXNAD1_RNA,0.03792296722531319
PAGE2_RNA,0.037898775190114975
TEX101_RNA,0.03787039592862129
GZMH_RNA,0.03786583989858627
OR2H2_RNA,0.03786280006170273
MAK16_RNA,0.03785638138651848
FTH1_RNA,0.03785514086484909
CHCHD5_RNA,0.037850577384233475
SNX25_RNA,0.03782162815332413
RNF152_RNA,0.037819087505340576
TNRC6B_RNA,0.03780773654580116
GTF3C3_RNA,0.03778466209769249
SNORD115-17_RNA,0.03777121752500534
CNR2_RNA,0.037757594138383865
CYB561D2_RNA,0.037752360105514526
EXOC7_RNA,0.03772828355431557
PPFIBP1_RNA,0.0377141609787941
TSGA13_RNA,0.037708986550569534
LRRC52_RNA,0.037702396512031555
ZNF821_RNA,0.03767694532871246
MIR381_RNA,0.037673208862543106
OR52I1_RNA,0.037672702223062515
ZBED2_RNA,0.03766194358468056
HAVCR1_RNA,0.03765883296728134
MTA3_RNA,0.037655655294656754
EXOSC2_RNA,0.03765350580215454
FMO1_RNA,0.03764282912015915
TRPM2_RNA,0.03761095553636551
PRKACB_RNA,0.0376066155731678
RAD23B_RNA,0.037601687014102936
PARD6G_RNA,0.037587620317935944
PELI3_RNA,0.037577077746391296
RSL24D1_RNA,0.037574153393507004
TMC2_RNA,0.037554699927568436
CHFR_RNA,0.03750640153884888
S100Z_RNA,0.037499915808439255
PYY_RNA,0.03749443218111992
ADHFE1_RNA,0.03747618943452835
CARD18_RNA,0.03747415170073509
PSMA5_RNA,0.03746570646762848
EEF2K_RNA,0.03744642436504364
MAD2L1BP_RNA,0.037445712834596634
KLHL24_RNA,0.03744100406765938
TATDN2_RNA,0.03742815554141998
EDC3_RNA,0.037417881190776825
DNASE1_RNA,0.037405356764793396
ASPG_RNA,0.03739508241415024
MRPL44_RNA,0.037367064505815506
GPX1_RNA,0.03734781593084335
CRYBA1_RNA,0.037336163222789764
JRK_RNA,0.03732958436012268
DPT_RNA,0.037319768220186234
FAM76B_RNA,0.03731469064950943
TAGAP_RNA,0.03730734437704086
CHAC2_RNA,0.0373024083673954
CDK18_RNA,0.03730122745037079
MVK_RNA,0.03730032965540886
TCERG1_RNA,0.03729020431637764
C4BPB_RNA,0.0372668020427227
ANO4_RNA,0.03726030886173248
SYT4_RNA,0.03725945204496384
OGG1_RNA,0.037251923233270645
NUP88_RNA,0.03724757209420204
RHBDD1_RNA,0.0372198112308979
FOXD2_RNA,0.03719114139676094
NR0B2_RNA,0.0371604785323143
MRPL10_RNA,0.03715367242693901
FBXO33_RNA,0.03714878112077713
NAT9_RNA,0.037147291004657745
RTTN_RNA,0.03714567795395851
SYMPK_RNA,0.03712700679898262
FADS2_RNA,0.037119489163160324
EPHA5_RNA,0.03708535432815552
ADH1C_RNA,0.037074971944093704
TAS2R42_RNA,0.0370243676006794
CRYBA4_RNA,0.037019163370132446
ZNF706_RNA,0.03697393089532852
VIL1_RNA,0.03696373477578163
LRRC8E_RNA,0.036962829530239105
MIR130A_RNA,0.03696161508560181
RAB10_RNA,0.036937445402145386
MAP3K14_RNA,0.03693729639053345
CHMP1B_RNA,0.03692415729165077
TADA2B_RNA,0.03691820800304413
XRCC6_RNA,0.03691684082150459
AP2M1_RNA,0.03691208362579346
FBXW5_RNA,0.03688793256878853
TRPT1_RNA,0.03687534108757973
LILRB2_RNA,0.036860644817352295
FAM118A_RNA,0.03685175999999046
ZNF513_RNA,0.036835186183452606
C19orf38_RNA,0.036828313022851944
CDK2AP2_RNA,0.036824386566877365
MSL1_RNA,0.036800567060709
FRG1_RNA,0.03679448366165161
MED1_RNA,0.03679194673895836
SPP2_RNA,0.03677254915237427
TM2D2_RNA,0.03673950210213661
LEP_RNA,0.03668930381536484
OR10H1_RNA,0.03667294979095459
NBR1_RNA,0.03666513413190842
TXN_RNA,0.03665952757000923
URB1_RNA,0.036655083298683167
LRP8_RNA,0.03664683923125267
CTRC_RNA,0.03664051741361618
LRRN4CL_RNA,0.03663233295083046
NSDHL_RNA,0.036630965769290924
DCAF17_RNA,0.036630354821681976
RNF8_RNA,0.03661142289638519
PKHD1_RNA,0.036610379815101624
PPOX_RNA,0.03660898655653
PPP2R3C_RNA,0.03659530356526375
ALG13_RNA,0.036583829671144485
TCF7L2_RNA,0.036571770906448364
STK25_RNA,0.03656961768865585
KIAA1210_RNA,0.03654637932777405
DEFB135_RNA,0.036497585475444794
LIN28B_RNA,0.036479175090789795
GRIN2C_RNA,0.036456406116485596
N4BP2_RNA,0.03644389286637306
SP140_RNA,0.03644384443759918
CLK3_RNA,0.03643714264035225
PACRGL_RNA,0.036434415727853775
SEMA4F_RNA,0.03636455908417702
CAPZA1_RNA,0.03635626658797264
KBTBD8_RNA,0.036353450268507004
GAP43_RNA,0.036353275179862976
SBK2_RNA,0.03635053709149361
CYCSP52_RNA,0.036349277943372726
SPIB_RNA,0.03631842881441116
UBE2K_RNA,0.036311984062194824
LDLRAD2_RNA,0.03629448637366295
CERCAM_RNA,0.03627544268965721
MIR623_RNA,0.03622015193104744
KATNB1_RNA,0.03621704503893852
DYNC1LI1_RNA,0.03621641919016838
HEXA_RNA,0.03619053214788437
PLEKHH3_RNA,0.03614348545670509
RAP2C_RNA,0.03614242747426033
SUSD3_RNA,0.03613673523068428
DDX6_RNA,0.03611920773983002
PPP1R10_RNA,0.036116939038038254
PPP1R8_RNA,0.036113936454057693
ISY1_RNA,0.03609268739819527
TGM2_RNA,0.0360422283411026
PCDHA6_RNA,0.0360322967171669
ZBTB48_RNA,0.03598978370428085
SFPQ_RNA,0.03598525747656822
SLC18A2_RNA,0.035981860011816025
ZNF514_RNA,0.03595219552516937
QKI_RNA,0.03594980761408806
UNCX_RNA,0.0359419621527195
STX5_RNA,0.035931870341300964
KIF1C_RNA,0.03592948988080025
VDAC3_RNA,0.035876549780368805
PYGO2_RNA,0.035863328725099564
KTI12_RNA,0.035841140896081924
GPN3_RNA,0.035810716450214386
MRPL41_RNA,0.03580659627914429
RANBP2_RNA,0.03576817736029625
HDLBP_RNA,0.03576720878481865
DMRT1_RNA,0.035754721611738205
GNPDA2_RNA,0.03575433790683746
TAF9_RNA,0.035707026720047
DNAJC4_RNA,0.035701386630535126
CCDC50_RNA,0.03568856418132782
KANK1_RNA,0.03568132221698761
MGC15885_RNA,0.03567507490515709
CCDC88B_RNA,0.03567444905638695
HAVCR2_RNA,0.035650331526994705
TXNDC16_RNA,0.035604171454906464
MYT1L_RNA,0.0355718620121479
IQCF1_RNA,0.03556807339191437
FAM3D_RNA,0.035543687641620636
CHRDL1_RNA,0.035543013364076614
SLC2A9_RNA,0.035534270107746124
THUMPD3_RNA,0.035533394664525986
NHSL2_RNA,0.035513732582330704
PAX5_RNA,0.03550645709037781
TRMT61B_RNA,0.03550631180405617
MRPL1_RNA,0.035497985780239105
PGBD4_RNA,0.03549770265817642
SPEM1_RNA,0.03548753634095192
C19orf47_RNA,0.03548415005207062
FBXL16_RNA,0.03547733277082443
CLTC_RNA,0.03546649217605591
TMEM185A_RNA,0.035461634397506714
BIK_RNA,0.035456474870443344
ZNF589_RNA,0.03542633354663849
TGFBR1_RNA,0.03542323037981987
LAIR1_RNA,0.03539954125881195
KRTAP7-1_RNA,0.0353817492723465
DCLK3_RNA,0.03535490483045578
C6orf120_RNA,0.03532840311527252
PIP_RNA,0.03532220423221588
IL34_RNA,0.03530966117978096
GMCL1_RNA,0.03530481830239296
MYOM3_RNA,0.03528343141078949
COCH_RNA,0.035279881209135056
PNRC2_RNA,0.035263750702142715
POLR2D_RNA,0.035251516848802567
P4HA1_RNA,0.03524927422404289
ZCCHC17_RNA,0.035224854946136475
MIR578_RNA,0.035204850137233734
ZNF189_RNA,0.03518399968743324
SKIL_RNA,0.03518221154808998
MIR1262_RNA,0.035176992416381836
GALE_RNA,0.03516266122460365
DYRK2_RNA,0.035158656537532806
PDP1_RNA,0.03514833748340607
CNTN2_RNA,0.035127848386764526
CSMD1_RNA,0.03511989116668701
GATAD2B_RNA,0.03511414676904678
DR1_RNA,0.03508618474006653
HSPB2_RNA,0.03507232293486595
ZNF423_RNA,0.03506873920559883
GOT1_RNA,0.03506295382976532
RCN3_RNA,0.035046789795160294
KDM5C_RNA,0.03503378853201866
ZNF668_RNA,0.03502942994236946
NDUFA1_RNA,0.03502633050084114
MPDZ_RNA,0.03502453863620758
WDTC1_RNA,0.035012610256671906
ASB5_RNA,0.03501089662313461
LRRC14B_RNA,0.03498086705803871
ALG12_RNA,0.03497868776321411
MIR148B_RNA,0.034973740577697754
KCNQ1_RNA,0.0349670872092247
ZNF611_RNA,0.03494374826550484
ERAS_RNA,0.034937188029289246
RAB27A_RNA,0.03492836654186249
GAL3ST3_RNA,0.03492452949285507
PLCG2_RNA,0.034916043281555176
SNX2_RNA,0.03490675613284111
TADA3_RNA,0.03490300104022026
TMEM33_RNA,0.034894417971372604
ZC3H8_RNA,0.03487158566713333
SMARCAL1_RNA,0.034870464354753494
PRICKLE4_RNA,0.03485598415136337
TCF21_RNA,0.03484465926885605
SNX1_RNA,0.034831732511520386
XRCC4_RNA,0.03482997417449951
CDC25B_RNA,0.03477559983730316
DDAH2_RNA,0.03477516397833824
MFSD3_RNA,0.034737732261419296
PTEN_RNA,0.03473750874400139
RP2_RNA,0.03472478315234184
FSCN1_RNA,0.03472454473376274
HEATR6_RNA,0.03471219167113304
B4GALT2_RNA,0.034710876643657684
ADCYAP1_RNA,0.03470342606306076
CDKL5_RNA,0.03470237925648689
UHRF2_RNA,0.03469634801149368
OXSM_RNA,0.03468506783246994
EIF3I_RNA,0.034679628908634186
SV2C_RNA,0.03467429056763649
RPRD1A_RNA,0.03465714305639267
IFT20_RNA,0.03464839234948158
SIRPD_RNA,0.03464186564087868
DPYSL2_RNA,0.03462730348110199
KLHL17_RNA,0.03462522476911545
PGM2L1_RNA,0.034598976373672485
CD84_RNA,0.034593597054481506
MYBPC2_RNA,0.034569595009088516
ZNF605_RNA,0.034545496106147766
ICMT_RNA,0.034465745091438293
BANF1_RNA,0.034419238567352295
VPS53_RNA,0.034406162798404694
TTN_RNA,0.03438856825232506
ATP6V1G2_RNA,0.03437777981162071
RNF31_RNA,0.034359611570835114
TM2D3_RNA,0.034352436661720276
ZMYM6_RNA,0.03434015065431595
PNO1_RNA,0.034330688416957855
BPHL_RNA,0.03432852402329445
PSMB1_RNA,0.03432707488536835
TPH1_RNA,0.03430011868476868
DERA_RNA,0.0342952124774456
NEIL2_RNA,0.03426876664161682
CCDC38_RNA,0.034266769886016846
SMARCE1_RNA,0.034238651394844055
TUBG1_RNA,0.03421417251229286
PLXDC2_RNA,0.03421236202120781
TBX5_RNA,0.034180231392383575
ZNF678_RNA,0.03414485976099968
TOPBP1_RNA,0.034121643751859665
WBP11_RNA,0.034081604331731796
TBP_RNA,0.03407779335975647
CYFIP2_RNA,0.03405458480119705
RNPEP_RNA,0.034053757786750793
TIMP4_RNA,0.0340394489467144
ATP6V1F_RNA,0.0340314544737339
RAB11FIP2_RNA,0.034025438129901886
MMP3_RNA,0.034024327993392944
PTTG2_RNA,0.03402063250541687
CDK11A_RNA,0.034010786563158035
DAO_RNA,0.0339939184486866
CCDC85C_RNA,0.033993300050497055
SMTN_RNA,0.033983487635850906
GPX3_RNA,0.033978063613176346
SLFN11_RNA,0.03396028280258179
MED11_RNA,0.03395853564143181
MIR191_RNA,0.03395146131515503
EML3_RNA,0.033928077667951584
TBC1D24_RNA,0.03392721340060234
ADRA2A_RNA,0.03391072526574135
PKD2L1_RNA,0.033903028815984726
MPHOSPH10_RNA,0.033898960798978806
USP50_RNA,0.03389269486069679
NGRN_RNA,0.03389188274741173
BTG1_RNA,0.03388166427612305
DPF2_RNA,0.03388016298413277
CDK9_RNA,0.03387780115008354
TP53INP1_RNA,0.03387386351823807
TNFAIP8_RNA,0.03386501967906952
SEC61A1_RNA,0.033863432705402374
PRPF40B_RNA,0.033863283693790436
ELOVL7_RNA,0.03385816887021065
CST6_RNA,0.03384389355778694
B2M_RNA,0.03380787745118141
CYS1_RNA,0.03379831835627556
TMEM134_RNA,0.03378574550151825
NDUFS8_RNA,0.03377491980791092
PRRG2_RNA,0.03377196565270424
CHKB_RNA,0.03377065435051918
C2orf76_RNA,0.03376861289143562
ZNF234_RNA,0.03376251831650734
CPA2_RNA,0.03375450521707535
RRAGC_RNA,0.033750418573617935
FCN3_RNA,0.03374636173248291
DZIP3_RNA,0.03373643755912781
CCRL2_RNA,0.03370477631688118
TLR7_RNA,0.03367573395371437
SGCE_RNA,0.0336637906730175
IKBKE_RNA,0.03363722935318947
CALCB_RNA,0.03363649547100067
MMP19_RNA,0.03363140672445297
SPATS1_RNA,0.03361225873231888
ZNF77_RNA,0.03360198810696602
CD177_RNA,0.03358453884720802
B3GALT6_RNA,0.03357906639575958
MAMLD1_RNA,0.03357558697462082
TMCO2_RNA,0.03357138857245445
SH2D3C_RNA,0.03353457897901535
GFM2_RNA,0.03352605178952217
LAT_RNA,0.03352440893650055
TMEM14A_RNA,0.03351481258869171
KISS1_RNA,0.03351324796676636
RSF1_RNA,0.033487141132354736
LAPTM4A_RNA,0.03348444029688835
SLC26A9_RNA,0.033483222126960754
EBAG9_RNA,0.03348177671432495
IL21R_RNA,0.03346933797001839
GALR2_RNA,0.0334441103041172
SLC4A1AP_RNA,0.033438898622989655
GGCX_RNA,0.03342927619814873
ELP2_RNA,0.03342762961983681
ADAM23_RNA,0.033417172729969025
NEDD4_RNA,0.03340478613972664
PTCHD3_RNA,0.03340265899896622
MIR583_RNA,0.03339805826544762
FAHD2A_RNA,0.033379554748535156
KCNMB4_RNA,0.03337086737155914
FARP1_RNA,0.03336857631802559
CD86_RNA,0.033355582505464554
HSDL1_RNA,0.03334881365299225
FLRT2_RNA,0.03334455192089081
SPEN_RNA,0.0333273746073246
GOLGA2_RNA,0.033325813710689545
NUP43_RNA,0.03331470862030983
PTCH1_RNA,0.03331160172820091
FGF23_RNA,0.03330772742629051
CLDN6_RNA,0.033292897045612335
EGLN3_RNA,0.03327310085296631
CXorf38_RNA,0.0332699678838253
PPP2R5D_RNA,0.03326151892542839
SLC28A2_RNA,0.03324957191944122
WFS1_RNA,0.03323926404118538
ZC3H12D_RNA,0.03322577103972435
RPTOR_RNA,0.033221907913684845
SLC15A5_RNA,0.033220987766981125
MRPL50_RNA,0.03321537375450134
FAM168B_RNA,0.03321399167180061
PTK6_RNA,0.03320382535457611
DNAH3_RNA,0.03320132941007614
FBXO27_RNA,0.033198993653059006
CIITA_RNA,0.0331905223429203
CPT1A_RNA,0.03312927484512329
ZNF491_RNA,0.03312276676297188
TTC21B_RNA,0.0331219807267189
NOP58_RNA,0.0331147164106369
PRKCD_RNA,0.033109400421381
MRPL37_RNA,0.03310158848762512
ZDHHC6_RNA,0.033094123005867004
MTHFD1L_RNA,0.03307899460196495
MRGPRE_RNA,0.03305715322494507
MPO_RNA,0.033046867698431015
PANK4_RNA,0.03303271532058716
PUSL1_RNA,0.0330304317176342
NTNG2_RNA,0.0330064557492733
CYP26C1_RNA,0.03299778327345848
SLC6A15_RNA,0.03299590200185776
TIGD5_RNA,0.03299308195710182
DUSP28_RNA,0.032981209456920624
BAIAP2L2_RNA,0.03297881782054901
UQCRHL_RNA,0.03297751024365425
OSTF1_RNA,0.03296646848320961
RPL41_RNA,0.03295285627245903
CHP2_RNA,0.03288063406944275
FBXO30_RNA,0.03286450728774071
PARP11_RNA,0.03281863406300545
DBR1_RNA,0.03279946371912956
ZNF184_RNA,0.0327928252518177
DHCR24_RNA,0.03277868777513504
TXN2_RNA,0.03277695178985596
APOH_RNA,0.032759301364421844
DHRS7_RNA,0.032757557928562164
SNTN_RNA,0.03274931758642197
ATP1A4_RNA,0.032745007425546646
TLR9_RNA,0.03273721784353256
OR52N1_RNA,0.03273583576083183
ZNF337_RNA,0.03273121267557144
ROMO1_RNA,0.032710250467061996
GNGT2_RNA,0.03270844742655754
VAMP1_RNA,0.032698486000299454
TSPAN33_RNA,0.03265658766031265
COX7C_RNA,0.03262675181031227
ATF6_RNA,0.03261440992355347
CFDP1_RNA,0.03261337801814079
PPT1_RNA,0.03256939351558685
STT3A_RNA,0.03256116807460785
NDUFAB1_RNA,0.03252981975674629
ITPKC_RNA,0.03251819685101509
CCDC115_RNA,0.032509565353393555
IL31RA_RNA,0.032502174377441406
MIR26A1_RNA,0.0324975848197937
GUF1_RNA,0.03249384090304375
AQP10_RNA,0.03249160945415497
CDC27_RNA,0.03249124437570572
RPS6KC1_RNA,0.0324888601899147
SESN2_RNA,0.03247470036149025
MIR181B2_RNA,0.03244924172759056
KCNK1_RNA,0.03244722634553909
NDUFB3_RNA,0.03244447335600853
HLA-DOA_RNA,0.03243458643555641
DYNLL1_RNA,0.03242695331573486
CDC42EP2_RNA,0.03241822496056557
ANTXR1_RNA,0.032410163432359695
MIR598_RNA,0.03240644559264183
CCDC138_RNA,0.03240003064274788
COX11_RNA,0.03239600360393524
STAG2_RNA,0.032395824790000916
MACROD1_RNA,0.03239329531788826
PLXNA3_RNA,0.03236756846308708
ACY1_RNA,0.03236641362309456
LNX1_RNA,0.03230975568294525
PGAM1_RNA,0.0322982594370842
ATP6V0A1_RNA,0.03228997439146042
MYBBP1A_RNA,0.03227822855114937
KRTAP19-8_RNA,0.03225221857428551
LRRC47_RNA,0.03223534673452377
ANGPTL3_RNA,0.03222810477018356
CPA3_RNA,0.03219684585928917
DDX1_RNA,0.032185886055231094
ANO10_RNA,0.03218367323279381
MECR_RNA,0.032174982130527496
SAMHD1_RNA,0.032162297517061234
HSD17B14_RNA,0.032139360904693604
SELPLG_RNA,0.03213835507631302
GCNT7_RNA,0.0320962518453598
ENTPD6_RNA,0.03209424018859863
CENPQ_RNA,0.03206055611371994
FAM3B_RNA,0.03205687552690506
FITM2_RNA,0.03205002099275589
XKR6_RNA,0.03203650191426277
ATP4B_RNA,0.03202476724982262
TSTD2_RNA,0.03202395141124725
ETFA_RNA,0.03202110528945923
ISM1_RNA,0.03201984986662865
STXBP4_RNA,0.03201776742935181
PHLDB3_RNA,0.032016728073358536
FCER1G_RNA,0.0320076122879982
CTLA4_RNA,0.03197929635643959
TTC32_RNA,0.03197801858186722
PPP1R14D_RNA,0.0319584421813488
FOXJ2_RNA,0.03195192292332649
MREG_RNA,0.031920820474624634
MIR1322_RNA,0.03191133961081505
TCN2_RNA,0.03190833702683449
IL18BP_RNA,0.031893860548734665
NUDT3_RNA,0.031861744821071625
CBFA2T3_RNA,0.03184784576296806
PARP15_RNA,0.03184178099036217
PAPSS2_RNA,0.03181283548474312
RNF103_RNA,0.031811147928237915
ATP6V0E1_RNA,0.0317995548248291
OSBPL7_RNA,0.03177698701620102
ZNF142_RNA,0.031743165105581284
ZNF704_RNA,0.0317363440990448
ZSWIM7_RNA,0.031726159155368805
SH3BP5L_RNA,0.031714484095573425
HBA1_RNA,0.03165314346551895
SGTA_RNA,0.03164277598261833
HTT_RNA,0.03163106366991997
BMP3_RNA,0.03160189464688301
OPN4_RNA,0.03158954530954361
GEMIN6_RNA,0.03157387673854828
ACO1_RNA,0.03155640885233879
ATXN7L3_RNA,0.03153898939490318
KRT78_RNA,0.03153567388653755
STT3B_RNA,0.03152679651975632
SOS2_RNA,0.03152570128440857
AKAP14_RNA,0.03152031451463699
KLHL12_RNA,0.031520236283540726
PHF20L1_RNA,0.031517937779426575
MIR627_RNA,0.03150612860918045
ACAD11_RNA,0.031486041843891144
GTDC1_RNA,0.031470198184251785
ARTN_RNA,0.03146716579794884
LAD1_RNA,0.03146715834736824
PRIM2_RNA,0.03146108612418175
DHDH_RNA,0.03145509585738182
SNORD115-12_RNA,0.03143644332885742
CLIP3_RNA,0.03143530339002609
ATG2B_RNA,0.03141293674707413
UBE2J2_RNA,0.031401943415403366
TRPC3_RNA,0.03140025958418846
CBL_RNA,0.031379565596580505
DNASE2B_RNA,0.03137015551328659
TUB_RNA,0.03136005997657776
MSL2_RNA,0.0313449501991272
SENP5_RNA,0.031344711780548096
C1orf56_RNA,0.031342215836048126
PPP2R1B_RNA,0.03133955970406532
SMPD4_RNA,0.03131896257400513
HIGD2B_RNA,0.03131723776459694
APEX2_RNA,0.031277846544981
DMXL1_RNA,0.03124740906059742
ZNF595_RNA,0.03123413398861885
DYNLL2_RNA,0.031207755208015442
OR13J1_RNA,0.03120533376932144
LALBA_RNA,0.031190956011414528
QRFPR_RNA,0.031186560168862343
CPOX_RNA,0.031184198334813118
KLHL6_RNA,0.031170086935162544
SNORA14A_RNA,0.03115777298808098
GPR148_RNA,0.0311540849506855
FOXH1_RNA,0.031139103695750237
MYH1_RNA,0.031077653169631958
RNF139_RNA,0.031074296683073044
FARP2_RNA,0.031068973243236542
RNF128_RNA,0.031058156862854958
PCDHB12_RNA,0.03105541504919529
GNG3_RNA,0.031053869053721428
RPP14_RNA,0.031053612008690834
TRAPPC1_RNA,0.031051184982061386
ABCA1_RNA,0.031041549518704414
UNC45B_RNA,0.03099689446389675
CALB1_RNA,0.030992472544312477
ACSM3_RNA,0.030958471819758415
SLC36A3_RNA,0.030957886949181557
SNORD114-20_RNA,0.030920328572392464
ASPM_RNA,0.030916856601834297
HLA-A_RNA,0.030912267044186592
PAAF1_RNA,0.030900126323103905
IPO13_RNA,0.030885806307196617
RANBP9_RNA,0.030878063291311264
TIMP3_RNA,0.03083515539765358
GTF2A2_RNA,0.030818913131952286
FAM167A_RNA,0.03078802116215229
ASRGL1_RNA,0.0307791568338871
SPIN2B_RNA,0.030753670260310173
ITGB2_RNA,0.030693650245666504
CDCP2_RNA,0.030671369284391403
DGCR6_RNA,0.030660690739750862
DUSP22_RNA,0.030656978487968445
C2CD4D_RNA,0.03065565787255764
RAB6B_RNA,0.030619889497756958
MMGT1_RNA,0.0305852722376585
HLA-F_RNA,0.030568737536668777
PLEK_RNA,0.030545370653271675
FBN1_RNA,0.030533019453287125
CARS2_RNA,0.030511487275362015
RHOT1_RNA,0.030502334237098694
SIDT1_RNA,0.03047335520386696
MIR569_RNA,0.030467722564935684
CD40_RNA,0.030450664460659027
SEC31A_RNA,0.030445117503404617
SLC6A20_RNA,0.03043951280415058
INPP5A_RNA,0.03043932095170021
FBRSL1_RNA,0.030418163165450096
TOP2B_RNA,0.030417049303650856
SNORA80B_RNA,0.03041563369333744
SFN_RNA,0.030403589829802513
STAT5B_RNA,0.03038196451961994
NDUFS4_RNA,0.030375223606824875
PRDM8_RNA,0.030359281226992607
SMARCA1_RNA,0.030352331697940826
RLF_RNA,0.030337462201714516
PRPS1L1_RNA,0.030330274254083633
PPP1R15B_RNA,0.03027423471212387
CMC1_RNA,0.030243907123804092
C12orf60_RNA,0.030242467299103737
NUMBL_RNA,0.03019273467361927
ARID4B_RNA,0.030188027769327164
TM6SF1_RNA,0.030187809839844704
FCRL4_RNA,0.030182426795363426
SIGLEC8_RNA,0.03015727363526821
PDXP_RNA,0.030151430517435074
MUSK_RNA,0.030138405039906502
ADAMDEC1_RNA,0.030138351023197174
TERC_RNA,0.030128078535199165
CNKSR3_RNA,0.03012489341199398
MRPS28_RNA,0.030110804364085197
C14orf93_RNA,0.030059214681386948
UBQLN1_RNA,0.030054518952965736
MIR597_RNA,0.03001442924141884
IKBKG_RNA,0.03000735305249691
MIR595_RNA,0.030004410073161125
TAS2R5_RNA,0.029998779296875
NDUFA6_RNA,0.02997758239507675
MTNR1B_RNA,0.029970642179250717
GPT2_RNA,0.02996714599430561
SCNN1A_RNA,0.029959795996546745
OCRL_RNA,0.02993061952292919
WDR64_RNA,0.029893843457102776
NPAT_RNA,0.029891332611441612
LAMB4_RNA,0.02988249808549881
PIP4K2B_RNA,0.029871471226215363
DNTTIP2_RNA,0.029860245063900948
CDC42_RNA,0.029850661754608154
GPR176_RNA,0.029848933219909668
LSM3_RNA,0.029828829690814018
PDCD10_RNA,0.029827941209077835
FGFR4_RNA,0.02982763759791851
DCAF8_RNA,0.02981029823422432
GRIN2B_RNA,0.029805878177285194
HLA-DQB2_RNA,0.029777150601148605
DBF4B_RNA,0.029766112565994263
MAP1LC3B2_RNA,0.02976599521934986
SOCS5_RNA,0.029723331332206726
ANAPC5_RNA,0.029711276292800903
SLC5A4_RNA,0.02970423921942711
MAGEA10_RNA,0.029692383483052254
ARCN1_RNA,0.02968139573931694
PRAP1_RNA,0.029662813991308212
GNL1_RNA,0.02966221235692501
OSBP_RNA,0.029661955311894417
ARPC3_RNA,0.02964354120194912
DGKE_RNA,0.029639117419719696
PLXNB3_RNA,0.029633620753884315
CAPN9_RNA,0.029625482857227325
GLS_RNA,0.029622158035635948
ZNF445_RNA,0.0296180360019207
CAMTA2_RNA,0.029578132554888725
C9orf85_RNA,0.02956048958003521
NAV2_RNA,0.029544448480010033
EXD3_RNA,0.029533958062529564
SERINC1_RNA,0.029485221952199936
STK32C_RNA,0.02948218770325184
SPACA4_RNA,0.029408767819404602
EPM2AIP1_RNA,0.02940363436937332
HLA-G_RNA,0.029397007077932358
SCN9A_RNA,0.029395852237939835
NAF1_RNA,0.029369086027145386
GTSF1_RNA,0.029368741437792778
TSKS_RNA,0.029362250119447708
CCDC78_RNA,0.029356224462389946
COG2_RNA,0.029329439625144005
ZNF517_RNA,0.029324855655431747
UBR1_RNA,0.02930583246052265
TRAPPC2_RNA,0.029284829273819923
NT5DC3_RNA,0.02928108349442482
SNORD115-14_RNA,0.0292808897793293
TNIP3_RNA,0.029278934001922607
NUP155_RNA,0.029278669506311417
PIK3C2B_RNA,0.029276834800839424
CD80_RNA,0.029271654784679413
CNBP_RNA,0.02924843318760395
ARHGDIB_RNA,0.02924812026321888
GPR160_RNA,0.02924259938299656
NEDD4L_RNA,0.029238050803542137
GNA15_RNA,0.029237739741802216
SPSB4_RNA,0.029195470735430717
MYO18B_RNA,0.02918997034430504
COQ3_RNA,0.029173193499445915
TBC1D2B_RNA,0.029165102168917656
OR2B2_RNA,0.029153505340218544
MTA2_RNA,0.02914196439087391
ZNF75D_RNA,0.02912209741771221
SNORD116-11_RNA,0.029113605618476868
XIRP1_RNA,0.029104184359312057
ACAT1_RNA,0.029102876782417297
XPO5_RNA,0.02909570373594761
PICALM_RNA,0.029075801372528076
RBP5_RNA,0.029065489768981934
SNURF_RNA,0.02905433624982834
SCARNA20_RNA,0.029037347063422203
VAC14_RNA,0.029028890654444695
CPEB1_RNA,0.02902260236442089
SIAH1_RNA,0.029011249542236328
VKORC1_RNA,0.02899814210832119
KCNQ2_RNA,0.028983687981963158
RNF151_RNA,0.028983119875192642
ANKS3_RNA,0.02897520735859871
SNRPF_RNA,0.02896554209291935
UTP6_RNA,0.028950663283467293
LSM7_RNA,0.028936676681041718
PLXNB1_RNA,0.02888583019375801
LRRC25_RNA,0.02887813001871109
HYOU1_RNA,0.02886311151087284
LETM1_RNA,0.028852948918938637
MRPS10_RNA,0.02883574739098549
ABHD14A_RNA,0.028820645064115524
AZIN1_RNA,0.028809964656829834
CHGB_RNA,0.028808698058128357
UBL4B_RNA,0.028803134337067604
ABCF3_RNA,0.02880227193236351
EHHADH_RNA,0.02879423089325428
PXT1_RNA,0.02878987230360508
MIR181B1_RNA,0.028780456632375717
SIGLEC6_RNA,0.028776712715625763
TMCO5A_RNA,0.028770187869668007
PDZRN4_RNA,0.02874375693500042
MNDA_RNA,0.028741655871272087
SYCE1L_RNA,0.028738129884004593
HOXC9_RNA,0.028737658634781837
HOXB9_RNA,0.02873138338327408
SVIP_RNA,0.028729377314448357
MFSD10_RNA,0.028725257143378258
TMEM200B_RNA,0.02869444340467453
DCAF6_RNA,0.028661994263529778
ENSA_RNA,0.02866099216043949
ZNF484_RNA,0.028659338131546974
GCNT3_RNA,0.028624843806028366
NUBPL_RNA,0.028622077777981758
TFPI_RNA,0.028615901246666908
PSMB7_RNA,0.028554508462548256
ZNF692_RNA,0.028542889282107353
KIF5A_RNA,0.028529850766062737
NSMCE1_RNA,0.028529828414320946
FGF20_RNA,0.028524236753582954
ZP1_RNA,0.02851308323442936
SPATA8_RNA,0.028500232845544815
WDR26_RNA,0.0284980870783329
LOC100130691_RNA,0.028492232784628868
TMEM212_RNA,0.028480350971221924
PYCR2_RNA,0.0284618828445673
PDZD4_RNA,0.028459426015615463
TFAP2B_RNA,0.028436731547117233
BTBD16_RNA,0.02842392399907112
STRA6_RNA,0.028380177915096283
GALNT1_RNA,0.028374653309583664
TRABD_RNA,0.028348764404654503
PANK1_RNA,0.028323054313659668
GAB4_RNA,0.028238002210855484
LYRM1_RNA,0.028236962854862213
TMEM186_RNA,0.028222914785146713
MAPK8IP3_RNA,0.028222814202308655
SUMO2_RNA,0.028206663206219673
TRIM45_RNA,0.02820645458996296
IDE_RNA,0.028196748346090317
CD1A_RNA,0.028184575960040092
NR2F1_RNA,0.028183655813336372
RPL27A_RNA,0.0281823743134737
ATG16L2_RNA,0.028174851089715958
OR10H5_RNA,0.02816472202539444
CPA4_RNA,0.028161484748125076
ZFPM2_RNA,0.028135834261775017
ARMC7_RNA,0.028134867548942566
ALOXE3_RNA,0.028132576495409012
ASPSCR1_RNA,0.02813045307993889
SLC6A19_RNA,0.02812199480831623
FAM53A_RNA,0.028113778680562973
PNRC1_RNA,0.028112998232245445
SUMO1_RNA,0.028097381815314293
ZBTB22_RNA,0.028096292167901993
CDH12_RNA,0.02807970531284809
ARMC8_RNA,0.028077581897377968
MAP6D1_RNA,0.02807174064218998
PRR19_RNA,0.028070436790585518
GHRL_RNA,0.028068942949175835
MIR543_RNA,0.028019294142723083
ZNF878_RNA,0.0279706921428442
C20orf173_RNA,0.027961986139416695
WDR6_RNA,0.02796168066561222
DOLPP1_RNA,0.027936646714806557
PRKCH_RNA,0.02792859822511673
SLC11A2_RNA,0.027925541624426842
ATP6V1A_RNA,0.02791942097246647
TDO2_RNA,0.027916232123970985
ARHGEF19_RNA,0.027913682162761688
ISM2_RNA,0.027910996228456497
VPS26B_RNA,0.027902139350771904
SMG7_RNA,0.027896398678421974
ARFGEF1_RNA,0.02788730151951313
TCF12_RNA,0.02788678929209709
SNORA7B_RNA,0.027873747050762177
SNRPA_RNA,0.027852632105350494
STX18_RNA,0.027812907472252846
SLC38A10_RNA,0.02778707630932331
CHMP6_RNA,0.02775237150490284
FANCL_RNA,0.027735451236367226
NUSAP1_RNA,0.02771182544529438
R3HDM1_RNA,0.027700800448656082
UBXN2B_RNA,0.02769704908132553
RBM41_RNA,0.027656404301524162
ACTR5_RNA,0.027639584615826607
NRIP1_RNA,0.02761012874543667
PAEP_RNA,0.02760140411555767
F10_RNA,0.02759736217558384
MRPL27_RNA,0.027593329548835754
TMC4_RNA,0.027588434517383575
MRPL46_RNA,0.027587875723838806
HMGN4_RNA,0.027586065232753754
LOC730668_RNA,0.027569837868213654
SNORA2B_RNA,0.027527153491973877
CRLF1_RNA,0.027523620054125786
HLA-DRA_RNA,0.027522891759872437
DSTYK_RNA,0.027481961995363235
SLC23A3_RNA,0.027474185451865196
COX8C_RNA,0.027470452710986137
NLE1_RNA,0.02746199071407318
RNF215_RNA,0.027454828843474388
PHTF2_RNA,0.027445649728178978
CHMP4C_RNA,0.02743125893175602
ZNF598_RNA,0.027429873123764992
MEI1_RNA,0.027393056079745293
RGP1_RNA,0.027392076328396797
TRNP1_RNA,0.027364050969481468
NFKB2_RNA,0.027362540364265442
CCDC57_RNA,0.027355113998055458
C17orf107_RNA,0.02731725201010704
SLC2A2_RNA,0.0273119043558836
SYCE1_RNA,0.027308041229844093
NGDN_RNA,0.02729530818760395
VPS25_RNA,0.02729206159710884
HBA2_RNA,0.027273468673229218
ATAD3A_RNA,0.02727135270833969
TYW3_RNA,0.027264928445219994
BCL9_RNA,0.02726060524582863
EBP_RNA,0.02725878171622753
EIF1AD_RNA,0.027248598635196686
FAM118B_RNA,0.027234360575675964
CPT2_RNA,0.02722480706870556
TBCD_RNA,0.027216626331210136
ATN1_RNA,0.027206644415855408
SMARCA4_RNA,0.027170859277248383
GAR1_RNA,0.027156973257660866
PEX13_RNA,0.02713327668607235
THUMPD2_RNA,0.02712830901145935
CNOT10_RNA,0.027077505365014076
ENY2_RNA,0.027076411992311478
YIPF3_RNA,0.027067268267273903
TREML1_RNA,0.027058713138103485
LUC7L3_RNA,0.027053453028202057
TREM2_RNA,0.027031278237700462
TCEAL8_RNA,0.027029838413000107
CENPJ_RNA,0.027016639709472656
ZNF510_RNA,0.02700594812631607
DEGS2_RNA,0.027004603296518326
ATP1B4_RNA,0.026981383562088013
MS4A2_RNA,0.026943746954202652
MIOX_RNA,0.026938054710626602
MUC17_RNA,0.026935279369354248
ZNF382_RNA,0.026934035122394562
INTS2_RNA,0.026915589347481728
B3GAT2_RNA,0.026901960372924805
SNORD115-42_RNA,0.02689969353377819
ZDHHC21_RNA,0.026882510632276535
INSC_RNA,0.026866432279348373
CSTB_RNA,0.026862140744924545
FAT1_RNA,0.02685409039258957
BCORL1_RNA,0.02684895135462284
EIF2B2_RNA,0.026843972504138947
NECAP2_RNA,0.026832375675439835
UNC119_RNA,0.02680843137204647
ZBTB33_RNA,0.026794441044330597
SNORD115-31_RNA,0.026794157922267914
CDC42EP1_RNA,0.02679278887808323
PEX26_RNA,0.02676340378820896
WFDC1_RNA,0.02671927772462368
ARL11_RNA,0.02670900523662567
MMADHC_RNA,0.026707230135798454
LPCAT4_RNA,0.026694701984524727
GPATCH3_RNA,0.026694506406784058
ADAMTSL1_RNA,0.026693230494856834
ELMO3_RNA,0.026685917750000954
YIPF6_RNA,0.02667909301817417
TCEAL1_RNA,0.0266751479357481
FOXI3_RNA,0.026669079437851906
DPP3_RNA,0.026659829542040825
MIR545_RNA,0.026651233434677124
LAS1L_RNA,0.026633644476532936
XIST_RNA,0.026624249294400215
SCAMP2_RNA,0.02660093829035759
LHFPL5_RNA,0.0265977680683136
NUDCD1_RNA,0.026597747579216957
CYP8B1_RNA,0.026566268876194954
SPZ1_RNA,0.02655726484954357
CDCA3_RNA,0.026545317843556404
DDI2_RNA,0.026530452072620392
ZSCAN18_RNA,0.026528242975473404
TMEM39A_RNA,0.026516342535614967
TMOD1_RNA,0.026512404903769493
DPM2_RNA,0.02650579623878002
POMC_RNA,0.0264911986887455
PRR23A_RNA,0.026462970301508904
MIR215_RNA,0.026452653110027313
KLK1_RNA,0.026422753930091858
CEACAM4_RNA,0.026383187621831894
SEPSECS_RNA,0.02635861188173294
EAF2_RNA,0.026324432343244553
PGRMC2_RNA,0.02632315829396248
BTNL9_RNA,0.02631133794784546
ANKRD23_RNA,0.026304202154278755
ALKBH8_RNA,0.026297584176063538
MPHOSPH6_RNA,0.026295168325304985
RRP9_RNA,0.026235908269882202
NAPG_RNA,0.02621845342218876
ORM2_RNA,0.026210810989141464
RPUSD2_RNA,0.026200201362371445
ZSCAN20_RNA,0.02619818225502968
TCAP_RNA,0.026180729269981384
MLNR_RNA,0.026177046820521355
AMOT_RNA,0.02614477090537548
THAP11_RNA,0.026136938482522964
NMB_RNA,0.026088448241353035
AOX2P_RNA,0.02607385441660881
PPM1F_RNA,0.02607382833957672
PIGF_RNA,0.026073230430483818
KRT40_RNA,0.026060959324240685
PRSS12_RNA,0.026043744757771492
EPB42_RNA,0.02603057585656643
NEFL_RNA,0.026026269420981407
LYPD3_RNA,0.025987327098846436
IRX3_RNA,0.025971412658691406
PSMD2_RNA,0.025958934798836708
EDA_RNA,0.025942999869585037
RAB11A_RNA,0.0259285569190979
MYL2_RNA,0.025922080501914024
ABTB2_RNA,0.025917332619428635
ZNF684_RNA,0.02590622566640377
NKX2-4_RNA,0.0259048193693161
COPS8_RNA,0.025898702442646027
ZER1_RNA,0.025885900482535362
ATXN10_RNA,0.025881009176373482
RAD54L_RNA,0.02588069811463356
PDIA5_RNA,0.02588045410811901
IKZF1_RNA,0.025870993733406067
NPEPPS_RNA,0.025862328708171844
NIPBL_RNA,0.02585570327937603
ZNF460_RNA,0.0258436668664217
MIXL1_RNA,0.025841236114501953
DAZAP2_RNA,0.025762541219592094
SPI1_RNA,0.025751888751983643
AQP8_RNA,0.02571241930127144
ELMO2_RNA,0.025686968117952347
VTN_RNA,0.025684179738163948
TRIB3_RNA,0.025674009695649147
KLHL14_RNA,0.025668157264590263
MRPL34_RNA,0.025666894391179085
MIR17HG_RNA,0.025666242465376854
FAM83H_RNA,0.025666166096925735
TAS2R8_RNA,0.02562284842133522
CCNT2_RNA,0.025620341300964355
DCDC2B_RNA,0.025619475170969963
LIMK2_RNA,0.025611331686377525
UBA2_RNA,0.02560047246515751
SLC7A7_RNA,0.02555467188358307
TULP3_RNA,0.02554691769182682
SIGLEC7_RNA,0.0255443062633276
ZNF35_RNA,0.025541674345731735
PEBP4_RNA,0.025534799322485924
PRPF40A_RNA,0.025529934093356133
NOTO_RNA,0.025500068441033363
CCDC54_RNA,0.025498541072010994
TTC21A_RNA,0.02549508586525917
GABRB2_RNA,0.025460567325353622
WFDC5_RNA,0.025459056720137596
INPP5K_RNA,0.025409428402781487
PBX1_RNA,0.025397920981049538
TP73_RNA,0.025380974635481834
RNF149_RNA,0.025358308106660843
FAM50A_RNA,0.025357944890856743
EXOC3L2_RNA,0.025351420044898987
NCKAP1_RNA,0.02534804306924343
ARID1A_RNA,0.025346966460347176
TBCEL_RNA,0.025318801403045654
ASCC3_RNA,0.02530602551996708
C4orf46_RNA,0.02528882399201393
UBXN2A_RNA,0.025234384462237358
CXCR5_RNA,0.025233346968889236
DCTN5_RNA,0.02523012086749077
CKS1B_RNA,0.025204692035913467
ZNF280C_RNA,0.02519392780959606
PRDM7_RNA,0.02515060268342495
MIR574_RNA,0.025145353749394417
DPF1_RNA,0.025140943005681038
SIX6_RNA,0.02513258159160614
MIR570_RNA,0.02513124607503414
LIN37_RNA,0.02512883022427559
ARL5C_RNA,0.025115419179201126
ITGB4_RNA,0.025110123679041862
CTNNB1_RNA,0.025104327127337456
ZNF774_RNA,0.025095932185649872
B3GNT7_RNA,0.025095636025071144
TTLL7_RNA,0.025080708786845207
NR2C2_RNA,0.025058425962924957
SNORD100_RNA,0.02504943311214447
RAD51C_RNA,0.02504126913845539
GLO1_RNA,0.025039007887244225
PTPN23_RNA,0.02503250166773796
ZNF574_RNA,0.025032110512256622
IQSEC2_RNA,0.025006726384162903
HNRNPUL1_RNA,0.025004340335726738
KPNA6_RNA,0.0249837264418602
AP4E1_RNA,0.024983558803796768
CTNNBIP1_RNA,0.02495662495493889
EBNA1BP2_RNA,0.02495589852333069
SLC22A4_RNA,0.024952974170446396
SLC26A11_RNA,0.024950100108981133
BSDC1_RNA,0.024938562884926796
PKMYT1_RNA,0.024936644360423088
SLC25A38_RNA,0.024923238903284073
DOCK3_RNA,0.02491072006523609
SNRNP25_RNA,0.02490638568997383
ISG15_RNA,0.024906184524297714
C1orf226_RNA,0.0249025858938694
SNORA65_RNA,0.024887006729841232
CALR3_RNA,0.024882886558771133
GNG10_RNA,0.02481692284345627
PELI2_RNA,0.02481239289045334
RPS6KB1_RNA,0.02480492927134037
POLR1B_RNA,0.02479584328830242
PRKAR2A_RNA,0.024793947115540504
EBF2_RNA,0.024792231619358063
MAP4K1_RNA,0.024785857647657394
ZNRF4_RNA,0.02477985993027687
IFNGR1_RNA,0.024748491123318672
UBE2G2_RNA,0.0247375275939703
C8orf74_RNA,0.024727921932935715
NSUN4_RNA,0.02471984177827835
FBXO42_RNA,0.02469738945364952
TAS2R41_RNA,0.024685818701982498
CD300LF_RNA,0.024681594222784042
SRCAP_RNA,0.02468101680278778
FGF5_RNA,0.024678999558091164
INE1_RNA,0.024656230583786964
THRAP3_RNA,0.02465198002755642
LAMP3_RNA,0.024626335129141808
PROM1_RNA,0.024616055190563202
LGALS2_RNA,0.024615637958049774
RPL21P28_RNA,0.02461216039955616
IDUA_RNA,0.024593714624643326
ABHD5_RNA,0.02452973835170269
ZNF48_RNA,0.024512138217687607
STAP1_RNA,0.02449507638812065
MPND_RNA,0.024474341422319412
OTOA_RNA,0.024473831057548523
CMTM6_RNA,0.02446354553103447
ZNF672_RNA,0.02442830614745617
CNNM4_RNA,0.02440345101058483
EZR_RNA,0.024402685463428497
PSMA4_RNA,0.024402083829045296
ZYG11B_RNA,0.02438095211982727
ANKAR_RNA,0.02438018098473549
DPH3_RNA,0.02437523379921913
ADM2_RNA,0.02437269687652588
ENG_RNA,0.0243624746799469
PLXNC1_RNA,0.02435183897614479
RUNDC3A_RNA,0.02434862032532692
FANCM_RNA,0.0243417639285326
PAX7_RNA,0.024330487474799156
RBM6_RNA,0.02432611770927906
MIMT1_RNA,0.02432166412472725
TLR1_RNA,0.024309542030096054
SNAPC4_RNA,0.024304518476128578
VPS13C_RNA,0.024303777143359184
ACAA1_RNA,0.02429419569671154
RPS15_RNA,0.024282772094011307
C6orf132_RNA,0.024263929575681686
ACTL6A_RNA,0.024246489629149437
SLC12A3_RNA,0.024220194667577744
SPRR2D_RNA,0.024188853800296783
DHX38_RNA,0.02416781708598137
CD52_RNA,0.024152202531695366
OGFOD1_RNA,0.024132268503308296
PIK3R5_RNA,0.024121539667248726
CCDC43_RNA,0.02411816455423832
LIPT1_RNA,0.02411162108182907
ZBTB11_RNA,0.0241094920784235
STAG1_RNA,0.02410837449133396
PPP2CB_RNA,0.024101203307509422
CCDC88C_RNA,0.02409983240067959
TRAM2_RNA,0.024099409580230713
ABR_RNA,0.024079322814941406
GHRLOS_RNA,0.024066900834441185
PUM2_RNA,0.02403981052339077
C1QTNF5_RNA,0.02402062714099884
TPM3_RNA,0.024013176560401917
CHRM5_RNA,0.023992588743567467
KIF7_RNA,0.023991553112864494
SCN4B_RNA,0.023987317457795143
HERPUD1_RNA,0.023978600278496742
SNORD17_RNA,0.02397250197827816
OTUD7B_RNA,0.023962536826729774
HDAC10_RNA,0.02392757125198841
CAPN11_RNA,0.023926597088575363
SLAMF8_RNA,0.023913947865366936
FGD6_RNA,0.023880744352936745
BIN2_RNA,0.02388029173016548
EHBP1_RNA,0.02386578731238842
C1orf122_RNA,0.02384984865784645
NBPF3_RNA,0.02384304627776146
ESCO2_RNA,0.023820307105779648
TFB2M_RNA,0.023804455995559692
SNX3_RNA,0.023796819150447845
GOLPH3L_RNA,0.023746881633996964
TP53BP1_RNA,0.02374497801065445
LRRC55_RNA,0.0237205121666193
ITGB6_RNA,0.02371843159198761
HPN_RNA,0.023711955174803734
PRDX4_RNA,0.02371189184486866
TRAF3IP3_RNA,0.023708490654826164
OR52K1_RNA,0.023706447333097458
ANAPC4_RNA,0.023699797689914703
PHC2_RNA,0.02367793582379818
CD40LG_RNA,0.023637868463993073
JAK2_RNA,0.023601261898875237
PIWIL3_RNA,0.0236007459461689
YTHDF2_RNA,0.023599833250045776
MIR602_RNA,0.02359824813902378
LACTB2_RNA,0.023575911298394203
STARD5_RNA,0.023565588518977165
ACYP2_RNA,0.02356056123971939
MIR153-2_RNA,0.02355782687664032
VAMP4_RNA,0.02353832870721817
NISCH_RNA,0.023503458127379417
DHX30_RNA,0.02349315583705902
AP1G2_RNA,0.02347310446202755
SLC25A46_RNA,0.023473085835576057
B3GNT2_RNA,0.02346075512468815
PCGF5_RNA,0.023460185155272484
CYP4A11_RNA,0.023455090820789337
CREB3L3_RNA,0.023445308208465576
C14orf178_RNA,0.023425664752721786
MIRLET7A2_RNA,0.023409152403473854
UBR2_RNA,0.02340906858444214
PHOX2B_RNA,0.02340560592710972
GTSF1L_RNA,0.02340247482061386
MCF2L_RNA,0.023362161591649055
MYO1F_RNA,0.02336101233959198
TCERG1L_RNA,0.023350914940238
DDA1_RNA,0.023349996656179428
TM4SF5_RNA,0.023341063410043716
GLUD2_RNA,0.02333572693169117
FCGR2A_RNA,0.023325545713305473
MSL3_RNA,0.02332194149494171
DNAJC1_RNA,0.023280883207917213
RRS1_RNA,0.02324567548930645
LRFN3_RNA,0.02324281819164753
MARK4_RNA,0.023234862834215164
ALG10B_RNA,0.023157894611358643
FOXD3_RNA,0.02315092459321022
PPP1CA_RNA,0.023145891726017
C22orf31_RNA,0.02314058691263199
ERP27_RNA,0.023093681782484055
NKX3-2_RNA,0.023081256076693535
MAGIX_RNA,0.023076709359884262
HAUS3_RNA,0.023073459044098854
MEGF6_RNA,0.02306002378463745
PEX6_RNA,0.023058459162712097
CEP63_RNA,0.02305053174495697
TCP11L2_RNA,0.023042753338813782
RHBDF2_RNA,0.02303939498960972
ZNF546_RNA,0.02302537113428116
POP5_RNA,0.023016953840851784
CRIPT_RNA,0.02300831489264965
GPRC5D_RNA,0.02300340123474598
BTG2_RNA,0.02298629842698574
SAV1_RNA,0.022979671135544777
PEX16_RNA,0.022953439503908157
MIR199A1_RNA,0.022952644154429436
NUAK1_RNA,0.0229469183832407
MRPS18B_RNA,0.02292529307305813
RHBDD3_RNA,0.02291599102318287
MIR1243_RNA,0.02291553094983101
WNT6_RNA,0.02290915697813034
MED21_RNA,0.022903138771653175
SNORD115-18_RNA,0.022882653400301933
PSMD6_RNA,0.022875463590025902
CXADR_RNA,0.022874994203448296
CSTF2_RNA,0.022867128252983093
CYP2F1_RNA,0.02286626398563385
ZC3H10_RNA,0.022861061617732048
PHF20_RNA,0.022816834971308708
RABEPK_RNA,0.022815166041254997
THAP1_RNA,0.022802218794822693
SETD3_RNA,0.02278900146484375
SLURP1_RNA,0.022766584530472755
CUEDC1_RNA,0.022764436900615692
IRF9_RNA,0.0227555800229311
SYF2_RNA,0.022719988599419594
AXIN1_RNA,0.022714389488101006
TIMM8A_RNA,0.022710107266902924
ZNF256_RNA,0.022698380053043365
GAN_RNA,0.022695234045386314
RPUSD4_RNA,0.022657135501503944
WRNIP1_RNA,0.02264898084104061
BMP10_RNA,0.02264253981411457
STX6_RNA,0.0226411335170269
DUSP11_RNA,0.02263672836124897
ASB10_RNA,0.022620487958192825
TMUB2_RNA,0.022606046870350838
NPAS1_RNA,0.02256038971245289
NCCRP1_RNA,0.022556142881512642
SH3GLB2_RNA,0.02253556251525879
SURF1_RNA,0.02252483181655407
ACSBG2_RNA,0.022520670667290688
TEX2_RNA,0.022515736520290375
IL13RA2_RNA,0.022503837943077087
RPS6KA4_RNA,0.0224746223539114
SLCO4C1_RNA,0.02247190661728382
INHBC_RNA,0.02247147262096405
PPIL2_RNA,0.022456983104348183
KRBA2_RNA,0.02245369181036949
INHBE_RNA,0.022451480850577354
ZW10_RNA,0.022450817748904228
C11orf21_RNA,0.022446751594543457
NGEF_RNA,0.022434258833527565
RRP1B_RNA,0.022431261837482452
ZNF573_RNA,0.022412557154893875
ZFYVE19_RNA,0.02240280993282795
ZNF154_RNA,0.022397393360733986
GRK5_RNA,0.022348538041114807
PPP2R5A_RNA,0.022348400205373764
UBR5_RNA,0.02234811708331108
SLC39A1_RNA,0.022337637841701508
ZSWIM6_RNA,0.022313829511404037
PAPSS1_RNA,0.022310830652713776
PNPO_RNA,0.022308336570858955
NFYC_RNA,0.02230391651391983
MIR199B_RNA,0.022295285016298294
MIA3_RNA,0.02229285053908825
DCBLD2_RNA,0.022288091480731964
RNF166_RNA,0.022266244515776634
RHOG_RNA,0.02225465141236782
MC2R_RNA,0.02223653718829155
MAP2K1_RNA,0.022223912179470062
SLC38A7_RNA,0.02221626602113247
PRPF19_RNA,0.022199809551239014
NBAS_RNA,0.022199787199497223
TSSK3_RNA,0.02219446934759617
MORN2_RNA,0.022193927317857742
CALHM3_RNA,0.022175101563334465
CR2_RNA,0.022166067734360695
FBXO15_RNA,0.02216331660747528
POLR1A_RNA,0.02216310054063797
CYP3A4_RNA,0.02215508371591568
SPAG9_RNA,0.022144794464111328
BRD3_RNA,0.02213262766599655
TIMM9_RNA,0.022122599184513092
MIR604_RNA,0.022120967507362366
KPNB1_RNA,0.022099873051047325
EFCAB7_RNA,0.022075392305850983
USP14_RNA,0.022075127810239792
LLGL1_RNA,0.022067105397582054
TNNI3K_RNA,0.02205784060060978
SLC35B3_RNA,0.022048117592930794
TWIST1_RNA,0.022046905010938644
SNIP1_RNA,0.022030524909496307
TSC22D1_RNA,0.022025585174560547
ACAP1_RNA,0.022009797394275665
SNRNP40_RNA,0.02197727933526039
CRYBB2_RNA,0.021962685510516167
GZMA_RNA,0.021951699629426003
HHIP_RNA,0.021950678899884224
POLR3B_RNA,0.02194976434111595
CTXN1_RNA,0.0219009667634964
KRAS_RNA,0.021887322887778282
KIF14_RNA,0.021884441375732422
ACCSL_RNA,0.021876079961657524
MDM4_RNA,0.021837173029780388
PPP2R2C_RNA,0.021821826696395874
RNF169_RNA,0.02181139588356018
PPM1D_RNA,0.021800091490149498
PKLR_RNA,0.021797657012939453
REXO4_RNA,0.0217420756816864
GABARAPL3_RNA,0.021717123687267303
ZNF362_RNA,0.021712368354201317
FAM136A_RNA,0.0217012707144022
NDUFAF4_RNA,0.021666334941983223
SCGB1A1_RNA,0.021648231893777847
ATP6V1G1_RNA,0.021642670035362244
FGF6_RNA,0.021632147952914238
LGALS4_RNA,0.02162180095911026
SYNPO2_RNA,0.02162151038646698
SPIN4_RNA,0.021614380180835724
CISD2_RNA,0.02160782366991043
ATG2A_RNA,0.021597977727651596
SLK_RNA,0.02158804051578045
GLT8D2_RNA,0.021568410098552704
SIK3_RNA,0.021556304767727852
SNORD115-38_RNA,0.021546117961406708
SCRN2_RNA,0.02151251770555973
NFIB_RNA,0.02150607295334339
USP24_RNA,0.021501943469047546
VPS4A_RNA,0.021491890773177147
YIPF4_RNA,0.021484341472387314
DDN_RNA,0.021476995199918747
ZKSCAN2_RNA,0.021465979516506195
ADPGK_RNA,0.021452341228723526
BAIAP2_RNA,0.02143453247845173
FBXO34_RNA,0.02142517827451229
ACTR2_RNA,0.021419338881969452
CRLS1_RNA,0.021418914198875427
PLA2G2D_RNA,0.021417617797851563
C7_RNA,0.021404439583420753
STK40_RNA,0.02136663906276226
OSCAR_RNA,0.021366480737924576
GK5_RNA,0.02135256491601467
CD72_RNA,0.02131681516766548
COLEC11_RNA,0.021306199952960014
OAT_RNA,0.021299870684742928
RNF26_RNA,0.021294884383678436
NBR2_RNA,0.021287089213728905
POLR2I_RNA,0.021278027445077896
PARP8_RNA,0.02125588245689869
UBE2G1_RNA,0.021231546998023987
SF1_RNA,0.021223420277237892
HLA-DPA1_RNA,0.021214282140135765
G2E3_RNA,0.021181650459766388
MIR98_RNA,0.021178828552365303
ABCA3_RNA,0.02117258310317993
MIR548F3_RNA,0.02114219032227993
IL23R_RNA,0.02113659307360649
MUC5B_RNA,0.021126462146639824
TBC1D5_RNA,0.021125508472323418
SFXN3_RNA,0.021119939163327217
ADAP2_RNA,0.02111523225903511
MIR628_RNA,0.021104035899043083
BLMH_RNA,0.021088071167469025
CHMP4A_RNA,0.021065568551421165
OR10Q1_RNA,0.02106437273323536
UBA1_RNA,0.021052412688732147
RNF123_RNA,0.021047672256827354
PHF13_RNA,0.021039823070168495
NOL10_RNA,0.021022815257310867
GOLGA7_RNA,0.021012116223573685
SLCO4A1_RNA,0.021011853590607643
SMARCA5_RNA,0.02100500650703907
TTR_RNA,0.02100379578769207
EIF5B_RNA,0.021000299602746964
MIR624_RNA,0.020994680002331734
FBXO11_RNA,0.020990395918488503
PXDN_RNA,0.020978450775146484
IL22RA2_RNA,0.020978335291147232
FCGR3A_RNA,0.02097644843161106
KIFC1_RNA,0.020972566679120064
CUL4B_RNA,0.020970765501260757
FPGS_RNA,0.020952774211764336
TTF2_RNA,0.02094854973256588
STOX2_RNA,0.02094823308289051
GARNL3_RNA,0.020931411534547806
PI4KB_RNA,0.020923832431435585
ADAM21_RNA,0.020901015028357506
OGT_RNA,0.020889779552817345
RNF43_RNA,0.020888304337859154
IL1A_RNA,0.02084421180188656
CDKN2D_RNA,0.02083868905901909
BTBD3_RNA,0.02081904746592045
RPL26L1_RNA,0.02080896869301796
SHISA5_RNA,0.02080029994249344
HMBS_RNA,0.02078867144882679
CEP290_RNA,0.02077295072376728
C14orf119_RNA,0.020769936963915825
GPBP1L1_RNA,0.02075960300862789
BMS1_RNA,0.020756226032972336
RTP3_RNA,0.020721063017845154
LRTOMT_RNA,0.020719625055789948
TRIM59_RNA,0.02071589045226574
ADCK1_RNA,0.020712031051516533
SNORD117_RNA,0.02065967582166195
FBXO8_RNA,0.020656591281294823
SPPL3_RNA,0.020623212680220604
NEK10_RNA,0.02061418443918228
RHOB_RNA,0.020613128319382668
PUS1_RNA,0.020572496578097343
ZNF251_RNA,0.020533468574285507
ERMP1_RNA,0.020525729283690453
PTPRU_RNA,0.020518016070127487
NAA38_RNA,0.02050875872373581
CLDN7_RNA,0.020504971966147423
NDUFB6_RNA,0.020476439967751503
KCTD10_RNA,0.020474405959248543
MRPS7_RNA,0.020457016304135323
CYYR1_RNA,0.02044854313135147
SH2B3_RNA,0.020441632717847824
SLC35A3_RNA,0.020424913614988327
ZNF358_RNA,0.020421799272298813
TREH_RNA,0.020421486347913742
CST1_RNA,0.02041643299162388
NAA40_RNA,0.02041127160191536
ATG9A_RNA,0.020389292389154434
CD6_RNA,0.02036525309085846
MIR503_RNA,0.020364858210086823
MYSM1_RNA,0.02035563811659813
CFB_RNA,0.02034931629896164
CHMP2B_RNA,0.02034902572631836
ADARB2_RNA,0.020342553034424782
GUK1_RNA,0.020342472940683365
CYB5RL_RNA,0.020335039123892784
HEATR1_RNA,0.0203199852257967
DHX37_RNA,0.020307963714003563
ATAD3B_RNA,0.020297380164265633
MIR668_RNA,0.020287077873945236
PDZD11_RNA,0.020276540890336037
SAMD5_RNA,0.020272932946681976
NR1H2_RNA,0.0202690027654171
PLEKHN1_RNA,0.020223969593644142
KRT9_RNA,0.020219651982188225
HNMT_RNA,0.02021709457039833
NFIL3_RNA,0.020203962922096252
SLC28A3_RNA,0.020197732374072075
MTF1_RNA,0.020175514742732048
ADAMTS14_RNA,0.020169971510767937
JOSD2_RNA,0.02016613632440567
CDIPT_RNA,0.02015460468828678
MLLT3_RNA,0.02014875039458275
RAC2_RNA,0.020133595913648605
ELL3_RNA,0.020114829763770103
CACNB3_RNA,0.020114075392484665
XAB2_RNA,0.020113708451390266
REP15_RNA,0.020109275355935097
ALMS1_RNA,0.02010417729616165
SERPINA11_RNA,0.020078709349036217
DOCK1_RNA,0.020063340663909912
CAPS_RNA,0.020050035789608955
NIF3L1_RNA,0.02002210170030594
CBX7_RNA,0.020010558888316154
CLCN3_RNA,0.01998964324593544
RBM12_RNA,0.019960571080446243
TMEM208_RNA,0.019956545904278755
RNF4_RNA,0.019942859187722206
ZBTB2_RNA,0.019940003752708435
SLC18A1_RNA,0.019921893253922462
GPR149_RNA,0.0199133288115263
ATP2A3_RNA,0.01991027034819126
ACOX3_RNA,0.019904157146811485
TMEM200C_RNA,0.019901813939213753
NAGLU_RNA,0.019895518198609352
SLC22A2_RNA,0.01985040120780468
ZNF565_RNA,0.01984955370426178
PNMA5_RNA,0.01984696090221405
ACVR1B_RNA,0.019817335531115532
TRIP12_RNA,0.01980682834982872
ALAD_RNA,0.019735019654035568
TUBA3E_RNA,0.019695252180099487
TDG_RNA,0.019690340384840965
GM2A_RNA,0.0196783859282732
GOLGA3_RNA,0.019671620801091194
PGLYRP1_RNA,0.01967049017548561
OTX2_RNA,0.01965855062007904
PFKFB3_RNA,0.019638044759631157
MIR30E_RNA,0.019637957215309143
TMEM135_RNA,0.019635576754808426
GIPC1_RNA,0.019628770649433136
NAA35_RNA,0.019624371081590652
ZDHHC18_RNA,0.019620005041360855
COPS2_RNA,0.019596029072999954
ETV3L_RNA,0.019594814628362656
MIR194-1_RNA,0.019592273980379105
SNX4_RNA,0.019578097388148308
BCKDK_RNA,0.019573122262954712
GABPB1_RNA,0.019570745527744293
PBX3_RNA,0.019563142210245132
LTB4R2_RNA,0.0195609237998724
DET1_RNA,0.019549788907170296
HBG1_RNA,0.01954810880124569
TSHZ3_RNA,0.01954614743590355
FBXO45_RNA,0.019544215872883797
BRD9_RNA,0.019543176516890526
RAB23_RNA,0.019542116671800613
GAPVD1_RNA,0.019539039582014084
ANP32D_RNA,0.01952330581843853
CCT8_RNA,0.019498933106660843
WDR70_RNA,0.01947685144841671
FYTTD1_RNA,0.019450435414910316
ZNF827_RNA,0.01943294145166874
CD3D_RNA,0.01942625641822815
ZNF496_RNA,0.01942446455359459
ZNF622_RNA,0.019405938684940338
RFTN1_RNA,0.019399553537368774
FAM193A_RNA,0.019385505467653275
VSTM2L_RNA,0.01936808042228222
HSP90B3P_RNA,0.01936793141067028
CACNA1B_RNA,0.01936502568423748
PEF1_RNA,0.019352655857801437
RASD2_RNA,0.0193458404392004
ZNF808_RNA,0.01932653598487377
TAS2R1_RNA,0.019322769716382027
OTUD5_RNA,0.019300799816846848
MIR592_RNA,0.019289838150143623
ZNF813_RNA,0.019283784553408623
FST_RNA,0.01927751861512661
RPAP1_RNA,0.019268186762928963
CNOT6L_RNA,0.019256766885519028
LY6G5B_RNA,0.019255151972174644
ELF2_RNA,0.019226515665650368
TMEM196_RNA,0.019215000793337822
QDPR_RNA,0.019212981685996056
MAGEA4_RNA,0.01918359287083149
TRAPPC10_RNA,0.019172385334968567
CRYBG3_RNA,0.019168950617313385
CTNNAL1_RNA,0.019161375239491463
GSPT1_RNA,0.01914847455918789
EIF4A2_RNA,0.019133754074573517
GRN_RNA,0.01913127489387989
PPP3CA_RNA,0.01912545971572399
RNF11_RNA,0.019094163551926613
SAP130_RNA,0.019084755331277847
MIR933_RNA,0.019084110856056213
SAMD3_RNA,0.01908184587955475
SERPINB9_RNA,0.019080083817243576
LAGE3_RNA,0.019037654623389244
MIR593_RNA,0.019024301320314407
MKX_RNA,0.019020039588212967
PLA2G4C_RNA,0.019002702087163925
TEX13B_RNA,0.018985914066433907
UBE2W_RNA,0.018973147496581078
LACTB_RNA,0.018962891772389412
MRPS11_RNA,0.018951578065752983
DECR1_RNA,0.018937716260552406
TRIM39_RNA,0.01890620030462742
MPI_RNA,0.018900098279118538
PARP6_RNA,0.01889442279934883
COPS7B_RNA,0.018877040594816208
SGK1_RNA,0.018858332186937332
GRID2IP_RNA,0.018846897408366203
DRD3_RNA,0.018774893134832382
NKX3-1_RNA,0.018767496570944786
TOX_RNA,0.018766364082694054
CALM3_RNA,0.01875850185751915
SCN2A_RNA,0.01873181201517582
OR1J4_RNA,0.01872948370873928
MMRN2_RNA,0.018685176968574524
MOGS_RNA,0.01868126355111599
RAP1A_RNA,0.018677987158298492
HEMK1_RNA,0.01865796372294426
MTMR1_RNA,0.018655795603990555
TAS2R38_RNA,0.01865212619304657
TACSTD2_RNA,0.018633894622325897
RGS9_RNA,0.01862434111535549
SEC16A_RNA,0.01861601509153843
EME1_RNA,0.01859770342707634
GPR20_RNA,0.01859770156443119
ZNF221_RNA,0.018585918471217155
AMPD3_RNA,0.018583232536911964
RBM23_RNA,0.01857665926218033
EWSR1_RNA,0.01857556402683258
POLE3_RNA,0.01857105642557144
PARS2_RNA,0.01855776086449623
STX1B_RNA,0.01855667307972908
FAM178B_RNA,0.01851397380232811
PRR13_RNA,0.018508512526750565
CIR1_RNA,0.01850799284875393
PSENEN_RNA,0.0185038223862648
GNA13_RNA,0.018503401428461075
GPR88_RNA,0.018483344465494156
NR4A1_RNA,0.01847834698855877
DCC_RNA,0.01846783049404621
IL20_RNA,0.018453866243362427
MIR383_RNA,0.01844978705048561
APTX_RNA,0.018447188660502434
KIAA0586_RNA,0.01841917634010315
LINS1_RNA,0.018409138545393944
RAB14_RNA,0.018399957567453384
SLC35E3_RNA,0.018376516178250313
HYAL3_RNA,0.01837068796157837
KRT15_RNA,0.01836574450135231
SNORD92_RNA,0.018358364701271057
NAPSA_RNA,0.018340671434998512
CMA1_RNA,0.018313154578208923
MIR539_RNA,0.01827259175479412
COPE_RNA,0.01825196109712124
GJA4_RNA,0.018239691853523254
TMCC3_RNA,0.018225889652967453
SNORD115-2_RNA,0.018216311931610107
CDK1_RNA,0.018213529139757156
SNAP23_RNA,0.018206169828772545
BBX_RNA,0.018203096464276314
CR1_RNA,0.018135206773877144
EDF1_RNA,0.01812431402504444
RASSF6_RNA,0.018121596425771713
RNF121_RNA,0.018116170540452003
CENPM_RNA,0.01811337098479271
CDH26_RNA,0.018110185861587524
DDX42_RNA,0.018105225637555122
CDH24_RNA,0.018093379214406013
CTSE_RNA,0.01805640198290348
FIBCD1_RNA,0.018046613782644272
CH25H_RNA,0.018034711480140686
KLK2_RNA,0.018032358959317207
BPTF_RNA,0.018031010404229164
CRYGA_RNA,0.018013637512922287
NEK1_RNA,0.018012816086411476
HOXC13_RNA,0.017990050837397575
GRPEL1_RNA,0.017956828698515892
CD96_RNA,0.017946068197488785
RDH14_RNA,0.01794072613120079
HMG20A_RNA,0.017923368141055107
MYF6_RNA,0.017883475869894028
PLVAP_RNA,0.01783931814134121
IGFBP6_RNA,0.017823603004217148
FER1L6_RNA,0.017814876511693
MDP1_RNA,0.017812592908740044
CCNH_RNA,0.017809847369790077
CLK1_RNA,0.017794881016016006
IL17RA_RNA,0.017789414152503014
HNRNPR_RNA,0.01778579317033291
TMEM160_RNA,0.0177797619253397
ZNF10_RNA,0.01777360588312149
RTEL1_RNA,0.017770027741789818
IP6K1_RNA,0.017752056941390038
MYO19_RNA,0.01775144785642624
OMP_RNA,0.01772957108914852
CABP5_RNA,0.01770462654531002
SLC7A4_RNA,0.017677607014775276
HPGDS_RNA,0.017666256055235863
TRIM54_RNA,0.017666185274720192
NR5A1_RNA,0.017658352851867676
RTN2_RNA,0.017656007781624794
SLCO2A1_RNA,0.017654433846473694
ZNF841_RNA,0.017649568617343903
CSPP1_RNA,0.017629975453019142
ID2_RNA,0.017610326409339905
RUNDC3B_RNA,0.017562728375196457
PRKCI_RNA,0.017562508583068848
UBXN7_RNA,0.01755935326218605
BEST2_RNA,0.017555134370923042
SNORD109B_RNA,0.017531871795654297
OVGP1_RNA,0.01752866618335247
ZBTB9_RNA,0.01752813719213009
PKD1L3_RNA,0.017519915476441383
GIT1_RNA,0.017515959218144417
ACVRL1_RNA,0.017515916377305984
GOT2_RNA,0.017508558928966522
ANKZF1_RNA,0.01746736839413643
SAMD1_RNA,0.017462728545069695
FBN3_RNA,0.01745280809700489
DPEP3_RNA,0.017451614141464233
BMP8A_RNA,0.01744876429438591
SORBS3_RNA,0.017430873587727547
ME2_RNA,0.017416153103113174
ANKLE1_RNA,0.017408423125743866
HMGXB4_RNA,0.017403198406100273
CCR1_RNA,0.0173952579498291
OR3A3_RNA,0.017376964911818504
WDSUB1_RNA,0.017371175810694695
SOX5_RNA,0.01736101508140564
TMEM86B_RNA,0.017340078949928284
FCN1_RNA,0.017334433272480965
DPPA2_RNA,0.01732255145907402
SMCR8_RNA,0.017302457243204117
MYO9A_RNA,0.017283719033002853
ZBTB10_RNA,0.017274552956223488
MED13_RNA,0.017269717529416084
GNAT1_RNA,0.01725604198873043
PITPNM2_RNA,0.017247522249817848
DIRAS2_RNA,0.017239650711417198
TMEM165_RNA,0.017237083986401558
BEND3_RNA,0.01719755120575428
IL15RA_RNA,0.017194444313645363
RPL36AL_RNA,0.01719253696501255
ACP1_RNA,0.01718716137111187
HNF1B_RNA,0.01718026213347912
RPS6KA2_RNA,0.017151856794953346
MBTPS1_RNA,0.01714126579463482
VMO1_RNA,0.017140809446573257
OTUD3_RNA,0.01712765172123909
CCNK_RNA,0.017113227397203445
AGAP3_RNA,0.01710759475827217
ESPN_RNA,0.017069153487682343
SNORD115-37_RNA,0.01706237532198429
C9orf78_RNA,0.017052648589015007
QSOX2_RNA,0.017049113288521767
PRMT5_RNA,0.017042765393853188
MFGE8_RNA,0.017032930627465248
C1D_RNA,0.017029548063874245
MCAT_RNA,0.01702379621565342
PFN1_RNA,0.017021914944052696
NEBL_RNA,0.017018234357237816
WSB2_RNA,0.017017628997564316
WDR5B_RNA,0.017007065936923027
CASP10_RNA,0.017006060108542442
CCDC141_RNA,0.016996491700410843
FRMD1_RNA,0.01699603535234928
COG1_RNA,0.01698228344321251
RBM10_RNA,0.016966555267572403
PUM1_RNA,0.016960302367806435
MIR337_RNA,0.016959160566329956
TRIM37_RNA,0.016957392916083336
RNF168_RNA,0.016948116943240166
KLC4_RNA,0.01691238023340702
SCHIP1_RNA,0.01691015623509884
PRKRA_RNA,0.01690858229994774
TUBB6_RNA,0.01690812036395073
CLCN1_RNA,0.016867350786924362
PRPF38A_RNA,0.01686513051390648
NAIF1_RNA,0.016823671758174896
CCL17_RNA,0.01680007018148899
NPFFR2_RNA,0.016772259026765823
SF3B1_RNA,0.016761774197220802
GPR15_RNA,0.01675044745206833
LMO7_RNA,0.0167428869754076
RCSD1_RNA,0.016726836562156677
RPL36_RNA,0.016704527661204338
IRX5_RNA,0.01669478416442871
C14orf28_RNA,0.01668586954474449
MET_RNA,0.016681557521224022
SLC7A2_RNA,0.016672732308506966
RGS2_RNA,0.01667189411818981
UBL7_RNA,0.016663139685988426
PPP1R3E_RNA,0.016647104173898697
GRM6_RNA,0.016643593087792397
EIF2S3_RNA,0.016631627455353737
ACOX1_RNA,0.016622373834252357
SCARNA11_RNA,0.016608826816082
CPT1C_RNA,0.016580570489168167
VEGFB_RNA,0.016570787876844406
PDLIM7_RNA,0.01656939461827278
FAM8A1_RNA,0.016566220670938492
MIR548K_RNA,0.01656244322657585
STARD9_RNA,0.016551800072193146
RBBP5_RNA,0.016543777659535408
SEC62_RNA,0.016533412039279938
IGFL3_RNA,0.016520867124199867
TBRG1_RNA,0.01651899889111519
CYP4F12_RNA,0.016511084511876106
ACIN1_RNA,0.016505300998687744
HK1_RNA,0.01649637520313263
EMB_RNA,0.016494635492563248
TMEM222_RNA,0.01648857071995735
CCL26_RNA,0.01648256927728653
CD300C_RNA,0.016467956826090813
TNIK_RNA,0.01646094024181366
THBS2_RNA,0.016459641978144646
PDE12_RNA,0.016446789726614952
INCENP_RNA,0.01642959751188755
MIR744_RNA,0.016423208639025688
KCNK4_RNA,0.016421161592006683
SNED1_RNA,0.01641751639544964
CBY1_RNA,0.01640959270298481
PPP2R1A_RNA,0.016407104209065437
MAP3K2_RNA,0.01639554277062416
LDHD_RNA,0.016390545293688774
ALAS2_RNA,0.016344647854566574
CEPT1_RNA,0.016320617869496346
PATL1_RNA,0.01631501503288746
MIR409_RNA,0.016311397776007652
MADCAM1_RNA,0.01630970649421215
UTP18_RNA,0.01630922593176365
VASH1_RNA,0.0163075253367424
PDE6D_RNA,0.016303906217217445
PLD6_RNA,0.016291242092847824
BECN1_RNA,0.01628839783370495
JMY_RNA,0.016269007697701454
ZSCAN10_RNA,0.0162613857537508
DNAJC19_RNA,0.01625887118279934
CNTROB_RNA,0.016253216192126274
SNRPB_RNA,0.016251808032393456
C12orf42_RNA,0.016227327287197113
KCTD18_RNA,0.016226423904299736
C6orf47_RNA,0.01620660535991192
PCYT1A_RNA,0.01617051661014557
CFHR5_RNA,0.016170378774404526
KRT33B_RNA,0.01616966351866722
ZMYND19_RNA,0.016167478635907173
ASCL4_RNA,0.016141727566719055
BLNK_RNA,0.016139507293701172
SPATA7_RNA,0.016110822558403015
OAZ1_RNA,0.016108937561511993
SEMG1_RNA,0.01608644612133503
LAMP2_RNA,0.016066065058112144
C9orf43_RNA,0.01604480855166912
RFNG_RNA,0.016030827537178993
ARL6IP6_RNA,0.016019761562347412
MRPS15_RNA,0.01600467972457409
IKZF3_RNA,0.01600346714258194
KCNE2_RNA,0.015993820503354073
BTBD9_RNA,0.01598666049540043
APRT_RNA,0.015983952209353447
RABGEF1_RNA,0.01596474088728428
GTF3A_RNA,0.015963101759552956
PPP3R2_RNA,0.01596015878021717
TRPC7_RNA,0.015926556661725044
STRBP_RNA,0.01592634618282318
MUSTN1_RNA,0.015924198552966118
TBL1XR1_RNA,0.015915172174572945
HYLS1_RNA,0.01590830832719803
LRRCC1_RNA,0.015895990654826164
AKR1D1_RNA,0.01588180474936962
HSPE1_RNA,0.015875063836574554
IGSF10_RNA,0.01585843600332737
KRT3_RNA,0.01582338660955429
HPS3_RNA,0.015813805162906647
PTCD3_RNA,0.015808232128620148
LILRA1_RNA,0.015807772055268288
GNAI2_RNA,0.0157708078622818
NPHS1_RNA,0.015745079144835472
PLA2G12A_RNA,0.015740949660539627
KDM2B_RNA,0.01573188230395317
CLEC1B_RNA,0.01572898030281067
SMUG1_RNA,0.01572548598051071
CRAT_RNA,0.015723027288913727
CCDC90B_RNA,0.015720127150416374
MRPS34_RNA,0.015705330297350883
METAP1_RNA,0.01570310816168785
PRMT7_RNA,0.015697836875915527
TMEM42_RNA,0.015667149797081947
NCR3_RNA,0.015628889203071594
SDF2_RNA,0.015628449618816376
COX5B_RNA,0.015624192543327808
SF3B4_RNA,0.01560929324477911
SNORA38_RNA,0.015573903918266296
RPUSD1_RNA,0.015552660450339317
RALGAPA2_RNA,0.01554922480136156
MAPRE1_RNA,0.015543822199106216
PKIG_RNA,0.01552905049175024
CAB39_RNA,0.015520286746323109
WRAP53_RNA,0.015514553524553776
TNMD_RNA,0.015501252375543118
MIR485_RNA,0.015499117784202099
ADAMTS5_RNA,0.01549811102449894
PRDM12_RNA,0.015495402738451958
SLC35A1_RNA,0.01548311673104763
PSMC4_RNA,0.015468397177755833
PCYOX1_RNA,0.015465253964066505
SPNS3_RNA,0.015458676032721996
SIRPG_RNA,0.01544132363051176
SHBG_RNA,0.015427688136696815
EDN3_RNA,0.01540576945990324
PCF11_RNA,0.015404824167490005
VWA5B2_RNA,0.01539680827409029
KPNA2_RNA,0.01538259070366621
TESC_RNA,0.01537704560905695
CYC1_RNA,0.015372718684375286
TXNDC12_RNA,0.015368541702628136
OR2A12_RNA,0.015356995165348053
CEP68_RNA,0.015350510366261005
PPP1R1B_RNA,0.015343994833528996
SNCAIP_RNA,0.015343432314693928
SRP68_RNA,0.015343270264565945
COPS4_RNA,0.015299422666430473
MECP2_RNA,0.015291606076061726
SNRNP27_RNA,0.015245774760842323
DIS3L2_RNA,0.015237374231219292
SNORD62A_RNA,0.015236534178256989
FBXW8_RNA,0.015227860771119595
CNGB1_RNA,0.015225199051201344
TGFBR2_RNA,0.015222756192088127
CLPTM1_RNA,0.015186558477580547
PIAS1_RNA,0.015182090923190117
FNBP1L_RNA,0.015168111771345139
CAPN7_RNA,0.015159341506659985
RING1_RNA,0.015148785896599293
VWA2_RNA,0.015135173685848713
PNPLA6_RNA,0.015133856795728207
VTI1B_RNA,0.015081421472132206
FAM114A2_RNA,0.015080705285072327
SHC1_RNA,0.015075917355716228
MIR181A1_RNA,0.01503698993474245
SSNA1_RNA,0.015035944059491158
CCR6_RNA,0.015023629181087017
B9D1_RNA,0.015008587390184402
TRAF2_RNA,0.015005207620561123
PNPT1_RNA,0.014985212124884129
CALML4_RNA,0.01498483121395111
PIF1_RNA,0.014973745681345463
NPW_RNA,0.014968708157539368
ALG3_RNA,0.014964594505727291
GZMM_RNA,0.014960287138819695
FAM120B_RNA,0.014959685504436493
SLC25A14_RNA,0.01494886726140976
AKR1B1_RNA,0.014947696588933468
MIA2_RNA,0.014931011945009232
PPP4R2_RNA,0.014926204457879066
CNNM1_RNA,0.014916962012648582
FUCA1_RNA,0.014885981567203999
GNRH2_RNA,0.014873995445668697
NDUFV1_RNA,0.014868753030896187
NUP62_RNA,0.0148478327319026
TRAPPC2L_RNA,0.014844575896859169
PTHLH_RNA,0.014842873439192772
ZNF197_RNA,0.014842401258647442
DNM2_RNA,0.014809772372245789
TGFBRAP1_RNA,0.014802370220422745
S100A3_RNA,0.014795642346143723
ZNF79_RNA,0.014787564054131508
CYP7A1_RNA,0.014777347445487976
GAS7_RNA,0.014752481132745743
PPARA_RNA,0.014748181216418743
MRM1_RNA,0.014733057469129562
ZNF624_RNA,0.014716733247041702
AIFM1_RNA,0.014711922965943813
GRHL2_RNA,0.01470149215310812
SCAI_RNA,0.014701132662594318
LSS_RNA,0.014687233604490757
INO80C_RNA,0.014657647348940372
PGAM5_RNA,0.0146407475695014
WDR33_RNA,0.014623147435486317
SLC22A6_RNA,0.014601067639887333
ATG4B_RNA,0.014594444073736668
MRPL20_RNA,0.014580074697732925
MGAT2_RNA,0.014576016925275326
LAT2_RNA,0.014569730497896671
SNORD114-3_RNA,0.014567417092621326
DCAF11_RNA,0.014557032845914364
MIR1289-2_RNA,0.01455425750464201
LYPLAL1_RNA,0.014540964737534523
EIF4G3_RNA,0.014529590494930744
ESX1_RNA,0.014525464735925198
ST6GALNAC1_RNA,0.014518823474645615
CD3E_RNA,0.014515021815896034
SPESP1_RNA,0.014508566819131374
PCK1_RNA,0.014481587335467339
LMAN1L_RNA,0.014477849937975407
CYB5B_RNA,0.014473246410489082
NDUFS6_RNA,0.014467475935816765
KREMEN2_RNA,0.014456010423600674
USF2_RNA,0.014452206902205944
BCAS3_RNA,0.01444988138973713
SLC10A2_RNA,0.01444963924586773
POLR3K_RNA,0.014448053203523159
KDM4B_RNA,0.014440704137086868
RND3_RNA,0.014423655346035957
MPV17_RNA,0.014420079067349434
AMPH_RNA,0.014419198967516422
ZNF512_RNA,0.014415545389056206
OR52K2_RNA,0.014398175291717052
ZXDB_RNA,0.014384729787707329
ERCC3_RNA,0.014366110786795616
SLC31A1_RNA,0.014359603635966778
SSB_RNA,0.014343089424073696
ATPAF2_RNA,0.014322005212306976
AGR2_RNA,0.014311650767922401
DNAH8_RNA,0.014301040209829807
RAD51_RNA,0.01427287794649601
CAPS2_RNA,0.014258223585784435
PDE1B_RNA,0.014248793013393879
TTC22_RNA,0.014227085746824741
KIAA0319L_RNA,0.014224538579583168
MAP3K13_RNA,0.014214086346328259
PLEKHA1_RNA,0.014213265851140022
GGN_RNA,0.014193656854331493
CNTFR_RNA,0.014175010845065117
UBE2Q2_RNA,0.014164584688842297
ZNF688_RNA,0.014164049178361893
TNP1_RNA,0.01413471158593893
SNORD11B_RNA,0.014125269837677479
AS3MT_RNA,0.014107721857726574
UBE2D3_RNA,0.01409655436873436
ZCCHC4_RNA,0.014070005156099796
MIR10B_RNA,0.014038189314305782
CRIP1_RNA,0.014031856320798397
NTS_RNA,0.014029317535459995
FAM117A_RNA,0.01402877178043127
PHF21B_RNA,0.014021571725606918
C12orf76_RNA,0.014019676484167576
FASLG_RNA,0.014009720645844936
NT5DC2_RNA,0.014009300619363785
MIR32_RNA,0.01400325633585453
SNORA5C_RNA,0.013994974084198475
MCM3AP_RNA,0.013990238308906555
TCTE1_RNA,0.013989136554300785
SERPINF1_RNA,0.013972535729408264
SLC38A8_RNA,0.013971751555800438
C11orf52_RNA,0.013965345919132233
ARMS2_RNA,0.013935166411101818
BRSK1_RNA,0.013932142406702042
MANBA_RNA,0.013929483480751514
DZIP1L_RNA,0.01392795518040657
MRPL55_RNA,0.013922861777245998
MCTS1_RNA,0.013921563513576984
C1orf159_RNA,0.01390308141708374
FLVCR2_RNA,0.013893692754209042
MORC1_RNA,0.01389241311699152
CCBE1_RNA,0.013851840049028397
ZNF366_RNA,0.013846621848642826
NUP35_RNA,0.013841030187904835
NCR1_RNA,0.013837327249348164
PPEF1_RNA,0.013826829381287098
REL_RNA,0.013819080777466297
RBM19_RNA,0.013816277496516705
TMC5_RNA,0.013813513331115246
ST3GAL2_RNA,0.013806043192744255
CD36_RNA,0.013795210979878902
TIAM2_RNA,0.013781932182610035
CLEC4C_RNA,0.013772093690931797
PCDHGC5_RNA,0.013770228251814842
RHO_RNA,0.013764939270913601
TXNDC9_RNA,0.01374838501214981
SLC25A31_RNA,0.013741431757807732
DERL3_RNA,0.013738920912146568
EIF5A_RNA,0.013721534051001072
MESTIT1_RNA,0.013718556612730026
DGKQ_RNA,0.013676295056939125
SNORA30_RNA,0.013670551590621471
MIR130B_RNA,0.013660122640430927
CRADD_RNA,0.013655058108270168
MAFG_RNA,0.013649261556565762
LZIC_RNA,0.013638964854180813
ATP6V1C1_RNA,0.013632752001285553
TPK1_RNA,0.013629423454403877
DUSP23_RNA,0.013622627593576908
ZNF644_RNA,0.013593814335763454
DHX34_RNA,0.01359324436634779
RAB43_RNA,0.013566211797297001
RLIM_RNA,0.013563296757638454
SNORD53_RNA,0.013543237000703812
KLHL8_RNA,0.013518553227186203
SYCP1_RNA,0.013514864258468151
ANKRD54_RNA,0.013481211848556995
OTOP2_RNA,0.013474303297698498
NPC1_RNA,0.013462687842547894
GYPC_RNA,0.013454027473926544
CCL13_RNA,0.013452310115098953
TTC14_RNA,0.013439401984214783
CLCN7_RNA,0.013438129797577858
EIF2S2_RNA,0.013409960083663464
ATF2_RNA,0.013394962064921856
NLRC3_RNA,0.013390240259468555
GPX2_RNA,0.01338772103190422
SLAIN2_RNA,0.01338144950568676
SYNCRIP_RNA,0.013355828821659088
TMEM170B_RNA,0.013355658389627934
VPS39_RNA,0.013334305956959724
MYCBP2_RNA,0.01333402469754219
EIF3J_RNA,0.013332897797226906
HCFC1_RNA,0.013322307728230953
DDX28_RNA,0.013316957280039787
MGAM_RNA,0.013300906866788864
TARBP1_RNA,0.013299014419317245
RNASEH1_RNA,0.013298535719513893
MYLK2_RNA,0.013259870931506157
UQCRC2_RNA,0.01325470395386219
CDC5L_RNA,0.013246765360236168
PAIP1_RNA,0.013231136836111546
TMEM101_RNA,0.013231080025434494
RHOH_RNA,0.013226060196757317
C11orf68_RNA,0.013218940235674381
NEFM_RNA,0.013208732008934021
CORT_RNA,0.013186774216592312
TLR10_RNA,0.013181769289076328
MGAT4C_RNA,0.013180346228182316
OR10G3_RNA,0.013176108710467815
SLC25A37_RNA,0.013171302154660225
TOPORS_RNA,0.013166497461497784
EXD1_RNA,0.01315529365092516
RSL1D1_RNA,0.013150655664503574
DSG1_RNA,0.013148644007742405
MED19_RNA,0.013104627840220928
SFI1_RNA,0.013103594072163105
C1orf127_RNA,0.013101852498948574
ZFYVE28_RNA,0.013091021217405796
SLC12A2_RNA,0.013090435415506363
CTDP1_RNA,0.013067182153463364
APBB2_RNA,0.01304673682898283
SPATA16_RNA,0.013021591119468212
CCL7_RNA,0.013016481883823872
LAMC2_RNA,0.01296748872846365
SOS1_RNA,0.012965728528797626
STX7_RNA,0.012962142005562782
EID2B_RNA,0.012913679704070091
GPR61_RNA,0.01290527917444706
TNS4_RNA,0.012882751412689686
UBE2QL1_RNA,0.012844438664615154
RPLP2_RNA,0.012831611558794975
TFE3_RNA,0.01281276997178793
NHEG1_RNA,0.012804850935935974
TACC1_RNA,0.012802786193788052
TIMM17A_RNA,0.012798449024558067
BARHL2_RNA,0.012793658301234245
WDR46_RNA,0.012777692638337612
RPL23A_RNA,0.012776542454957962
RAB35_RNA,0.01277440506964922
OR2J2_RNA,0.012771951034665108
TAF8_RNA,0.012756417505443096
SPIN1_RNA,0.01274881698191166
KCTD15_RNA,0.012742351740598679
MYO16_RNA,0.012739026919007301
RABEP1_RNA,0.012734589166939259
CLEC4E_RNA,0.012721939943730831
SSR1_RNA,0.012713087722659111
AP3M2_RNA,0.012701896950602531
RUNX3_RNA,0.012692009098827839
LRP3_RNA,0.012689421884715557
LIPJ_RNA,0.012683512642979622
CRNN_RNA,0.012681662105023861
YPEL3_RNA,0.012651500292122364
ENO2_RNA,0.012651276774704456
CCDC69_RNA,0.012632902711629868
WDR81_RNA,0.01262346189469099
ZFAT_RNA,0.01261933520436287
SLC8A2_RNA,0.01260328944772482
MUC6_RNA,0.012595166452229023
TRIM34_RNA,0.01259315013885498
ITSN2_RNA,0.012522109784185886
FOXP4_RNA,0.012512692250311375
ABCA9_RNA,0.012509763240814209
ARHGAP25_RNA,0.012495937757194042
TMEM14C_RNA,0.012487685307860374
MIR601_RNA,0.012482301332056522
NDUFC1_RNA,0.012450403533875942
HTR6_RNA,0.012446822598576546
CECR2_RNA,0.012401019223034382
DUSP12_RNA,0.012400145642459393
AMDHD2_RNA,0.012384080328047276
CCDC27_RNA,0.012366554699838161
HMGN1_RNA,0.012365009635686874
ACTG2_RNA,0.012363654561340809
P2RY6_RNA,0.01233787089586258
RBBP9_RNA,0.012335366569459438
SGCA_RNA,0.012295874767005444
ZNF85_RNA,0.012290803715586662
NRK_RNA,0.012256070971488953
CDCA8_RNA,0.01224988792091608
CREBL2_RNA,0.012244168668985367
LYSMD2_RNA,0.012235289439558983
RYBP_RNA,0.012212386354804039
TIGIT_RNA,0.012186365202069283
C18orf32_RNA,0.01218531746417284
USP11_RNA,0.012159105390310287
SMAD9_RNA,0.012111743912100792
TIMD4_RNA,0.012111171148717403
BCL10_RNA,0.012108330614864826
TRAPPC6A_RNA,0.012101572006940842
JAK3_RNA,0.01207513827830553
MED20_RNA,0.012071100063621998
MIR941-3_RNA,0.012068331241607666
BAALC_RNA,0.012056036852300167
MRPL39_RNA,0.012034963816404343
ADRB3_RNA,0.012017270550131798
RHCG_RNA,0.012008714489638805
EIF4A3_RNA,0.011973189190030098
NIPSNAP1_RNA,0.011971662752330303
FAM41C_RNA,0.011964919976890087
TAF1C_RNA,0.011953714303672314
CCDC71_RNA,0.011946110986173153
GNAI3_RNA,0.011941938661038876
UPK3A_RNA,0.011925187893211842
FNIP1_RNA,0.01192360371351242
TP53TG5_RNA,0.011912984773516655
SNORD96B_RNA,0.01190546341240406
USP13_RNA,0.011902043595910072
RAPGEF3_RNA,0.011896694079041481
UHMK1_RNA,0.011876032687723637
DDX47_RNA,0.01187197770923376
TJP3_RNA,0.011871486902236938
ZNF696_RNA,0.011855076998472214
NADSYN1_RNA,0.011838876642286777
ANGPTL6_RNA,0.01182473823428154
EPHA6_RNA,0.011821712367236614
RAB1A_RNA,0.011814597994089127
HOXC6_RNA,0.011811621487140656
CHD8_RNA,0.011806141585111618
HOXC12_RNA,0.01179285068064928
SLC25A26_RNA,0.01174969132989645
IL17RD_RNA,0.011741924099624157
WFDC10B_RNA,0.01172666810452938
ING5_RNA,0.011707689613103867
SLAIN1_RNA,0.01170217152684927
SNORD115-39_RNA,0.0117016127333045
ZNF687_RNA,0.011696151457726955
PCDHB6_RNA,0.011652547866106033
FCRL1_RNA,0.011652076616883278
MON2_RNA,0.011651194654405117
SRBD1_RNA,0.011635278351604939
CD160_RNA,0.011630753055214882
FAM98A_RNA,0.01162716280668974
HYAL4_RNA,0.011623881757259369
IQCD_RNA,0.011619954369962215
TBX18_RNA,0.011613082140684128
PRSS8_RNA,0.011608762666583061
MOSPD2_RNA,0.011598312295973301
IER5L_RNA,0.011593339964747429
TMEM156_RNA,0.011564952321350574
TRIM33_RNA,0.011564151383936405
C10orf62_RNA,0.01153789646923542
CYBA_RNA,0.011525548994541168
GOSR1_RNA,0.011509682051837444
GLRB_RNA,0.011506874114274979
CAMLG_RNA,0.011476738378405571
B3GAT1_RNA,0.011472227983176708
HMGCLL1_RNA,0.011451437138020992
TMEM167A_RNA,0.011450836434960365
C11orf16_RNA,0.01144308503717184
PTOV1_RNA,0.011430852115154266
BOLL_RNA,0.011421476490795612
EXOC5_RNA,0.011419259943068027
STAT6_RNA,0.011416245251893997
ARL6IP4_RNA,0.011404993943870068
ATP4A_RNA,0.011346269398927689
NEDD8_RNA,0.011318669654428959
NIP7_RNA,0.011302613653242588
CDC42BPB_RNA,0.01128751877695322
RUSC1_RNA,0.011287439614534378
OTOF_RNA,0.011277406476438046
KIF2A_RNA,0.011272492818534374
DNAH6_RNA,0.011261099949479103
EPX_RNA,0.011253313161432743
HCRTR1_RNA,0.011249363422393799
ERAL1_RNA,0.011234085075557232
AGAP11_RNA,0.011217216961085796
AASDHPPT_RNA,0.011215063743293285
TRPV1_RNA,0.011212923564016819
MIR605_RNA,0.01119181513786316
GNB1L_RNA,0.01118687354028225
LRRC41_RNA,0.011185933835804462
MIR551A_RNA,0.011149629950523376
CIAPIN1_RNA,0.011127784848213196
ARHGEF4_RNA,0.011125035583972931
MIR589_RNA,0.011119693517684937
AKAP8L_RNA,0.011114416643977165
KLF11_RNA,0.011109916493296623
WNT3A_RNA,0.011098458431661129
B4GALT1_RNA,0.011047853156924248
MIR758_RNA,0.01103663258254528
CLIC5_RNA,0.011009744368493557
SAFB_RNA,0.011001975275576115
ACTA2_RNA,0.011000691913068295
KPNA1_RNA,0.01098952442407608
TMEM82_RNA,0.010984327644109726
C2orf49_RNA,0.010948372073471546
PGD_RNA,0.010946732014417648
DLX1_RNA,0.010938233695924282
SNORD115-29_RNA,0.010935311205685139
ATP6V0C_RNA,0.010934717953205109
UBL5_RNA,0.010931969620287418
PSMA7_RNA,0.010926824994385242
LIMA1_RNA,0.010892397724092007
MAN2C1_RNA,0.01088707335293293
MIR548N_RNA,0.010880516842007637
SPN_RNA,0.010871799662709236
GLI4_RNA,0.010849947109818459
SNRNP35_RNA,0.010848786681890488
ZNF566_RNA,0.010848150588572025
FLVCR1_RNA,0.010841074399650097
ITGAE_RNA,0.010798043571412563
CYB561D1_RNA,0.010790261439979076
KCNRG_RNA,0.01078811939805746
ENOPH1_RNA,0.010757778771221638
PAIP2_RNA,0.01074991188943386
WDR54_RNA,0.01073664054274559
SYT3_RNA,0.010733213275671005
NDUFA8_RNA,0.01070817094296217
TBX10_RNA,0.010699880309402943
RPN1_RNA,0.010691793635487556
FKTN_RNA,0.01068718358874321
ROS1_RNA,0.010685792192816734
OTUB2_RNA,0.010674752295017242
RFX7_RNA,0.0106654679402709
C22orf42_RNA,0.010631714947521687
ZNF708_RNA,0.010629241354763508
C6orf52_RNA,0.01060796994715929
TOR2A_RNA,0.010601111687719822
CDCA2_RNA,0.010599869303405285
KIF13B_RNA,0.010583149269223213
DCP1A_RNA,0.010582477785646915
EBF4_RNA,0.010567153804004192
SPHK2_RNA,0.01052444614470005
SHISA4_RNA,0.010518470779061317
MSX1_RNA,0.010509145446121693
MRPS23_RNA,0.010504823178052902
NFRKB_RNA,0.010498344898223877
RBMXL1_RNA,0.010465647093951702
SRPRB_RNA,0.010459916666150093
SHQ1_RNA,0.010456744581460953
MVD_RNA,0.01044019777327776
HDGFL1_RNA,0.010436628945171833
MRPL22_RNA,0.010434708558022976
CSRNP2_RNA,0.010432065464556217
CEP120_RNA,0.010420707985758781
CA13_RNA,0.010405159555375576
LPXN_RNA,0.010395964607596397
LOC100131496_RNA,0.010390102863311768
MIR659_RNA,0.010385258123278618
ALKBH6_RNA,0.010382582433521748
PIP5K1A_RNA,0.010378705337643623
PHC3_RNA,0.010376359336078167
CXCL13_RNA,0.010372600518167019
SLC30A1_RNA,0.010369894094765186
TMEM38B_RNA,0.010368673130869865
FOXN3_RNA,0.010353364050388336
ANKHD1_RNA,0.010328716598451138
BACE1_RNA,0.010322168469429016
SPAG5_RNA,0.010314133018255234
MIR1205_RNA,0.010312741622328758
RALGAPA1_RNA,0.010305036790668964
ZNF559_RNA,0.01028052531182766
R3HDML_RNA,0.010276415385305882
SRP54_RNA,0.010269650258123875
MASP2_RNA,0.010242970660328865
PTP4A3_RNA,0.010229225270450115
CASR_RNA,0.010225513949990273
MAP3K8_RNA,0.010215682908892632
SEMA5B_RNA,0.010210609063506126
SCFD1_RNA,0.01019510067999363
PSCA_RNA,0.01017274521291256
MAPK14_RNA,0.010154490359127522
C22orf39_RNA,0.01015369314700365
SNRPD2_RNA,0.010142908431589603
ZNF207_RNA,0.010139930993318558
RALGDS_RNA,0.010096426121890545
MLKL_RNA,0.010087189264595509
QRSL1_RNA,0.010081011801958084
CAT_RNA,0.01007786113768816
HSPD1_RNA,0.010060669854283333
MAGOH_RNA,0.010050799697637558
SNORA79_RNA,0.010048550553619862
YIPF7_RNA,0.010045384056866169
PDCL_RNA,0.010020988062024117
ZNF141_RNA,0.009979233145713806
TLR5_RNA,0.009971215389668941
USP32_RNA,0.009880349971354008
IL18R1_RNA,0.009879943914711475
FANCE_RNA,0.009868496097624302
CRYZL1_RNA,0.009860828518867493
LDLRAD1_RNA,0.00985148549079895
CTSD_RNA,0.009847616776823997
CLNS1A_RNA,0.009846390224993229
ARMC6_RNA,0.009828656911849976
ZCCHC2_RNA,0.009824313223361969
DHX8_RNA,0.00981377623975277
KRT20_RNA,0.00980557594448328
TBXA2R_RNA,0.009798170998692513
ZNF131_RNA,0.009795201942324638
CD164L2_RNA,0.009777597151696682
XYLT2_RNA,0.009770682081580162
TTBK2_RNA,0.009754952043294907
PNCK_RNA,0.009740953333675861
LMTK3_RNA,0.009726707823574543
RNPC3_RNA,0.009720081463456154
CX3CR1_RNA,0.009708551689982414
KHDC1L_RNA,0.009707662276923656
MIR495_RNA,0.009705743752419949
MDC1_RNA,0.009697416797280312
RAPGEF6_RNA,0.009673859924077988
SDHAF1_RNA,0.009672693908214569
CDKL1_RNA,0.009671151638031006
MKNK1_RNA,0.009663316421210766
APAF1_RNA,0.009650789201259613
MCOLN1_RNA,0.009633911773562431
OR1E1_RNA,0.009631012566387653
TXNL4A_RNA,0.009629723615944386
SDK2_RNA,0.009598195552825928
RBM8A_RNA,0.009591197595000267
EXOC8_RNA,0.009588503278791904
PURG_RNA,0.009578097611665726
FAM9B_RNA,0.009565798565745354
GGNBP2_RNA,0.009564261883497238
SLC36A2_RNA,0.009561089798808098
TSPAN9_RNA,0.009559509344398975
DNAJB13_RNA,0.009558306075632572
PDCD6IP_RNA,0.009547471068799496
SYT14_RNA,0.009537735022604465
PRPF39_RNA,0.009516720660030842
NDST3_RNA,0.009505928494036198
SH3TC1_RNA,0.009471808560192585
UBE2S_RNA,0.009452705271542072
ERI3_RNA,0.009450959973037243
SGCB_RNA,0.009446176700294018
RPS26_RNA,0.009433350525796413
SNORD1B_RNA,0.009409925900399685
TMEM147_RNA,0.009409441612660885
PAX4_RNA,0.009402604773640633
HBD_RNA,0.009393508546054363
MIR554_RNA,0.00937538594007492
PCYT2_RNA,0.009358132258057594
FLNA_RNA,0.009299695491790771
UBP1_RNA,0.009250259026885033
IMP3_RNA,0.009245514869689941
RABEP2_RNA,0.009226175025105476
LYST_RNA,0.009217132814228535
RNU6ATAC_RNA,0.009215151891112328
KRTAP5-8_RNA,0.009188677184283733
GALK1_RNA,0.009180589579045773
TFG_RNA,0.009140104986727238
PPHLN1_RNA,0.009138194844126701
PKP2_RNA,0.009123808704316616
TECR_RNA,0.00911347009241581
GGT7_RNA,0.009095367044210434
GMFB_RNA,0.009087827987968922
GANC_RNA,0.009078694507479668
CCNDBP1_RNA,0.009076734073460102
MTCP1_RNA,0.009070380590856075
MIR410_RNA,0.009063458070158958
GPR132_RNA,0.009054524824023247
AKAP9_RNA,0.009045380167663097
ACTR1B_RNA,0.0090451305732131
MIR889_RNA,0.009039809927344322
ODF1_RNA,0.009027918800711632
TP53TG1_RNA,0.009026918560266495
SFTPD_RNA,0.00902604404836893
PROS1_RNA,0.0090162493288517
ALG11_RNA,0.009014108218252659
PIN4_RNA,0.008996113203465939
L3MBTL2_RNA,0.008951390162110329
OPA1_RNA,0.008950278162956238
ZNF691_RNA,0.008948256261646748
KC6_RNA,0.008939070627093315
ZBTB40_RNA,0.008926385082304478
TPRG1L_RNA,0.008924409747123718
ATP8B1_RNA,0.008921734988689423
SERBP1_RNA,0.008912564255297184
COG8_RNA,0.008900772780179977
ASCL2_RNA,0.008900649845600128
MIR187_RNA,0.008883102796971798
TMEM9_RNA,0.008879394270479679
CAMKK1_RNA,0.008861362934112549
CELSR1_RNA,0.008854822255671024
CCDC33_RNA,0.008842083625495434
KCND3_RNA,0.008819393813610077
KLHDC7B_RNA,0.00881498958915472
YPEL5_RNA,0.008807437494397163
KLHL25_RNA,0.008804098702967167
SLC12A8_RNA,0.008796810172498226
UBFD1_RNA,0.008795376867055893
ACAP2_RNA,0.008793037384748459
SMYD5_RNA,0.008790064603090286
PSMC5_RNA,0.008789043873548508
COX6A1_RNA,0.008783193305134773
MRPS6_RNA,0.008773617446422577
PSMG2_RNA,0.00875752791762352
DENND5B_RNA,0.008749688975512981
SLC37A3_RNA,0.008733752183616161
ACSL1_RNA,0.008682044222950935
RAB9A_RNA,0.00866840872913599
APH1A_RNA,0.008657910861074924
LRRC58_RNA,0.008645474910736084
CC2D2A_RNA,0.008596597239375114
ADAR_RNA,0.008582361042499542
FBLIM1_RNA,0.008577690459787846
ZNF28_RNA,0.008549743331968784
OR4F15_RNA,0.008546330034732819
VRK1_RNA,0.008542513474822044
ARHGAP6_RNA,0.008522791787981987
PPARG_RNA,0.008517678827047348
RGS13_RNA,0.008485669270157814
CSRP3_RNA,0.00846199318766594
SNX17_RNA,0.008458276279270649
RENBP_RNA,0.008456498384475708
CELA1_RNA,0.008446251973509789
PCCB_RNA,0.00843476690351963
DYNLRB1_RNA,0.008430974557995796
P2RY13_RNA,0.008405297994613647
NEURL4_RNA,0.008396312594413757
EID2_RNA,0.00838660541921854
ZNF7_RNA,0.008383923210203648
THAP6_RNA,0.008367606438696384
PAK2_RNA,0.008363266475498676
VSX2_RNA,0.008332498371601105
GALNT10_RNA,0.008302946574985981
MAP2K5_RNA,0.008301736786961555
CPNE2_RNA,0.008294310420751572
TMPRSS4_RNA,0.008267316967248917
METTL9_RNA,0.008256944827735424
CCS_RNA,0.008244668133556843
SLC25A11_RNA,0.008243578486144543
SLC2A5_RNA,0.008229978382587433
ARHGEF10_RNA,0.008228706195950508
NINL_RNA,0.008204404264688492
PRDM15_RNA,0.00819588266313076
LHB_RNA,0.008176780305802822
ZNF780B_RNA,0.008174258284270763
ADORA3_RNA,0.008149671368300915
EMILIN1_RNA,0.00814293883740902
CHTF8_RNA,0.008142848499119282
PIGO_RNA,0.008141027763485909
SNORD69_RNA,0.008140983060002327
CTTNBP2NL_RNA,0.008138039149343967
TMEM79_RNA,0.008137496188282967
GSC_RNA,0.008136811666190624
KIF3A_RNA,0.008133948780596256
BTK_RNA,0.008120779879391193
FAM180A_RNA,0.008111333474516869
NXT2_RNA,0.008087990805506706
IFI30_RNA,0.008074931800365448
TEX12_RNA,0.008071628399193287
ZSWIM4_RNA,0.008055547252297401
NAA15_RNA,0.008042839355766773
ZNF830_RNA,0.00802066083997488
PTPN4_RNA,0.008015746250748634
YTHDC2_RNA,0.008014693856239319
MYH10_RNA,0.008007531985640526
MED8_RNA,0.007980759255588055
RRP1_RNA,0.007944678887724876
UBE2A_RNA,0.007942423224449158
PFKFB1_RNA,0.007930673658847809
NUP107_RNA,0.007920104078948498
LRP5_RNA,0.007918037474155426
RAB4B_RNA,0.007910752668976784
USP39_RNA,0.007893905974924564
PPIL3_RNA,0.00788783933967352
DDX55_RNA,0.007845662534236908
SCIN_RNA,0.007832678034901619
ERH_RNA,0.007829433307051659
STUB1_RNA,0.007807497400790453
ZNF621_RNA,0.0077852532267570496
KCND1_RNA,0.007777567952871323
KIF19_RNA,0.007777026854455471
HPCAL4_RNA,0.007754465099424124
GPR31_RNA,0.007742558140307665
UBE2C_RNA,0.007689537014812231
OPN5_RNA,0.007669026963412762
ARMCX6_RNA,0.007642224431037903
CYP17A1_RNA,0.007620623335242271
PCDHGB3_RNA,0.007616393268108368
WDR88_RNA,0.007613989058881998
SRGN_RNA,0.007593733258545399
ZHX2_RNA,0.007573126815259457
ALOX5_RNA,0.007552115712314844
ACSM1_RNA,0.0075412592850625515
SLC26A6_RNA,0.007491599302738905
TFF3_RNA,0.007489359937608242
GEN1_RNA,0.007481744512915611
PEX14_RNA,0.007472129072993994
CUL5_RNA,0.0074632372707128525
PDCD5_RNA,0.007434497587382793
UPK3B_RNA,0.007433760911226273
LMAN2L_RNA,0.007426290772855282
VPS52_RNA,0.007426130119711161
SHMT2_RNA,0.007420440204441547
NSMAF_RNA,0.007419386878609657
SIRPB2_RNA,0.007366441655904055
SCGB2A1_RNA,0.007361002266407013
PAGE5_RNA,0.007346781436353922
SCRN3_RNA,0.007328929845243692
AAMP_RNA,0.007324199192225933
CHD3_RNA,0.007314759306609631
SCML2_RNA,0.007290408480912447
TGM6_RNA,0.00727238692343235
MATN3_RNA,0.007253945339471102
HOXD9_RNA,0.007236609235405922
HNF4A_RNA,0.007235380355268717
PLEKHG5_RNA,0.007220463361591101
KDM2A_RNA,0.007211764343082905
ZNF80_RNA,0.0072100842371582985
FXN_RNA,0.007180169224739075
NEK3_RNA,0.007171735167503357
PRDM10_RNA,0.007162101566791534
FUT5_RNA,0.007160264067351818
CACNG2_RNA,0.007151216734200716
PSKH1_RNA,0.007140863686800003
TACC2_RNA,0.007097463123500347
STS_RNA,0.007092517800629139
RARB_RNA,0.007080059498548508
PDCD2_RNA,0.007079131901264191
HPGD_RNA,0.007078768685460091
SLC22A17_RNA,0.007043180521577597
CD226_RNA,0.007042127661406994
PIK3CA_RNA,0.0070276507176458836
GNPTG_RNA,0.007021878380328417
NDUFA2_RNA,0.0070065767504274845
SH2D7_RNA,0.006990397814661264
SPTLC2_RNA,0.006989567540585995
TBC1D17_RNA,0.006984908599406481
ZNF174_RNA,0.006962087005376816
SDCBP2_RNA,0.006953525822609663
MIRLET7F2_RNA,0.006952780764549971
VPS16_RNA,0.006927408743649721
RBBP6_RNA,0.00692694541066885
ACTL7A_RNA,0.006902946624904871
MYNN_RNA,0.00689328508451581
CMTM2_RNA,0.006885914131999016
CMIP_RNA,0.006860898341983557
BLVRA_RNA,0.006860766094177961
FILIP1_RNA,0.006856681313365698
SENP1_RNA,0.006844609510153532
SNORD115-25_RNA,0.006842324975878
GART_RNA,0.006831081584095955
CTSS_RNA,0.0068165576085448265
L2HGDH_RNA,0.0067918323911726475
KIAA0232_RNA,0.006786281242966652
LEKR1_RNA,0.006755168084055185
EMD_RNA,0.006751269102096558
SIGLEC14_RNA,0.006728651002049446
KCNH5_RNA,0.006709489040076733
NSUN2_RNA,0.0066908784210681915
CASS4_RNA,0.006681447848677635
ETHE1_RNA,0.006673339754343033
ADH5_RNA,0.006659798789769411
HAND1_RNA,0.006638321094214916
MIR1266_RNA,0.00656893802806735
FCRL2_RNA,0.006567627191543579
POLG_RNA,0.006566222291439772
PPY_RNA,0.006551857106387615
GATA1_RNA,0.006518297828733921
WDR43_RNA,0.006508664693683386
DHX15_RNA,0.006479433737695217
SNX19_RNA,0.00646843621507287
HSD17B10_RNA,0.006457253824919462
ZNF616_RNA,0.006452797446399927
GPR68_RNA,0.006451915483921766
PIK3CG_RNA,0.0064474898390471935
VASP_RNA,0.0064465356990695
GLRX_RNA,0.006437266245484352
ZRSR2_RNA,0.006436903029680252
OLA1_RNA,0.006432025693356991
UBE2I_RNA,0.006430166307836771
TAF12_RNA,0.00642304727807641
NAA25_RNA,0.0064205750823020935
SLC22A24_RNA,0.00635402649641037
UTF1_RNA,0.00634412094950676
PIAS3_RNA,0.006339358631521463
DEF8_RNA,0.006335884798318148
LCN2_RNA,0.006325795780867338
TTC39A_RNA,0.006319279316812754
ANKRD13C_RNA,0.006305214483290911
UBASH3A_RNA,0.006299410946667194
CATSPERB_RNA,0.006285675801336765
MIB2_RNA,0.00628146855160594
SLC35A5_RNA,0.006263856776058674
SYT8_RNA,0.006247606594115496
SNORD116-17_RNA,0.006246107164770365
MIR941-1_RNA,0.006225071381777525
DDX46_RNA,0.006213725078850985
ASPH_RNA,0.006207352038472891
LTA4H_RNA,0.00619739992544055
CACNG7_RNA,0.006196947768330574
ZNF501_RNA,0.006195517256855965
KBTBD12_RNA,0.006195141468197107
ITGB7_RNA,0.0061876242980360985
LIN9_RNA,0.006184820085763931
GLRX2_RNA,0.006177055183798075
RUFY4_RNA,0.0061703515239059925
PLBD2_RNA,0.0061538321897387505
FETUB_RNA,0.006153708789497614
FBXO48_RNA,0.006153183989226818
DCAF12L1_RNA,0.006152254529297352
SYAP1_RNA,0.006150026805698872
ZFYVE9_RNA,0.006133312359452248
RFK_RNA,0.006133281625807285
MTMR6_RNA,0.006130828056484461
MSH5_RNA,0.006129332818090916
MIR329-2_RNA,0.0061238291673362255
BUB1B_RNA,0.006120373494923115
ZNF592_RNA,0.00611692713573575
CSF3R_RNA,0.006102674175053835
BUD13_RNA,0.006087372545152903
SNORD99_RNA,0.006047493778169155
PGAP1_RNA,0.006044113077223301
CYP4B1_RNA,0.0060064229182899
ATP6AP1_RNA,0.006001332309097052
PRC1_RNA,0.005986218806356192
MLXIPL_RNA,0.005983079317957163
DOHH_RNA,0.005977072287350893
RBMX_RNA,0.005975681822746992
TUBGCP3_RNA,0.0059728859923779964
MFSD11_RNA,0.005958171561360359
CDC26_RNA,0.005943973083049059
HNRNPH2_RNA,0.005940297152847052
TMEM43_RNA,0.005924318451434374
POLDIP2_RNA,0.005910121835768223
HSP90AB1_RNA,0.005909338593482971
SPOP_RNA,0.005896794144064188
RBM14_RNA,0.005874635651707649
LRRC14_RNA,0.005862048361450434
NDUFS7_RNA,0.005861555691808462
HESX1_RNA,0.005852182395756245
NECAB2_RNA,0.005837520584464073
SRPK1_RNA,0.005819167476147413
UGT1A7_RNA,0.005814791191369295
DUSP16_RNA,0.005810533184558153
BNIP3_RNA,0.0057893176563084126
STK39_RNA,0.005788170732557774
NOL7_RNA,0.005774091929197311
GCNT2_RNA,0.005769427865743637
CARM1_RNA,0.005754407029598951
CCDC86_RNA,0.0057543436996638775
CCL8_RNA,0.005749677307903767
KCNA7_RNA,0.005742922890931368
ZBTB8A_RNA,0.005741736851632595
COIL_RNA,0.005731500219553709
CIAO1_RNA,0.005721782334148884
DDX19A_RNA,0.005719601642340422
SYT11_RNA,0.005718425381928682
POLD1_RNA,0.005711293313652277
SCARNA23_RNA,0.005693361163139343
MLN_RNA,0.005665077827870846
TSNAX-DISC1_RNA,0.005656179040670395
CAMP_RNA,0.005656010936945677
SRRM5_RNA,0.005649062339216471
ZNF674_RNA,0.005647254176437855
CYP2S1_RNA,0.005620993673801422
FOXL2_RNA,0.005620830692350864
CIDEA_RNA,0.005610130727291107
SERPINF2_RNA,0.00559969712048769
TNFRSF9_RNA,0.005594757851213217
INPP5J_RNA,0.005581241101026535
GFI1_RNA,0.0055701108649373055
AQP12A_RNA,0.005562803242355585
NRAS_RNA,0.005556588526815176
CCDC127_RNA,0.005528670269995928
CCT2_RNA,0.005511059891432524
ZBTB3_RNA,0.005498778540641069
LMF2_RNA,0.005484031513333321
CTPS2_RNA,0.005476125981658697
ANKRD49_RNA,0.005438560154289007
FMR1_RNA,0.005428891628980637
NOTCH1_RNA,0.005425937939435244
SLC30A9_RNA,0.0054198880679905415
MIR591_RNA,0.005418897140771151
P4HB_RNA,0.0054182810708880424
ZNF319_RNA,0.005398803390562534
HMGB3_RNA,0.005396123975515366
FANCB_RNA,0.005346441641449928
ARL2BP_RNA,0.005341453477740288
CYSLTR1_RNA,0.005314541980624199
PABPN1_RNA,0.005306217819452286
FTO_RNA,0.005291163455694914
KRT85_RNA,0.0052845967002213
PLK1_RNA,0.005276530981063843
SPATS2_RNA,0.005272840615361929
SLC20A1_RNA,0.005268173757940531
GALNTL6_RNA,0.005246974062174559
MIR766_RNA,0.005243820603936911
RNASE7_RNA,0.0052436962723731995
STK4_RNA,0.005236293654888868
FITM1_RNA,0.005221946630626917
MED27_RNA,0.0052210865542292595
ZNF182_RNA,0.005218554753810167
IL17C_RNA,0.005212163552641869
KPNA4_RNA,0.005202688276767731
AGER_RNA,0.0051979380659759045
HNF1A_RNA,0.005191709380596876
ALDH3A2_RNA,0.005187544040381908
BHLHE23_RNA,0.005185079760849476
SLC19A1_RNA,0.005179909523576498
ELOVL5_RNA,0.0051778946071863174
DDHD1_RNA,0.005175258964300156
MRPL36_RNA,0.005137795116752386
MYH3_RNA,0.005130717996507883
SNORA74B_RNA,0.005121659487485886
TTC31_RNA,0.005116409156471491
ATXN3_RNA,0.005102196242660284
MRPS5_RNA,0.005099114030599594
SNORD113-1_RNA,0.00509656872600317
EPC2_RNA,0.005091973580420017
ART5_RNA,0.0050680432468652725
CATSPER3_RNA,0.005060115363448858
BTBD17_RNA,0.005056846421211958
PPWD1_RNA,0.005040997173637152
SLC39A7_RNA,0.00503590377047658
RAB11FIP1_RNA,0.005025546532124281
SCARNA14_RNA,0.005019467789679766
ARHGDIG_RNA,0.004967500921338797
LRRC49_RNA,0.004966941196471453
C1orf52_RNA,0.004966098815202713
PLOD1_RNA,0.004930445458739996
DCDC1_RNA,0.0048926398158073425
LCMT2_RNA,0.004875119309872389
CEP55_RNA,0.004828872159123421
PPT2_RNA,0.004828144796192646
TM7SF3_RNA,0.004825987853109837
SNRNP48_RNA,0.004816533997654915
MAP1LC3B_RNA,0.004778159782290459
CRISP2_RNA,0.004767688922584057
NCAPD3_RNA,0.004742176737636328
POMT1_RNA,0.004741691052913666
SNORA28_RNA,0.004655421245843172
GCC2_RNA,0.004639505874365568
PHOX2A_RNA,0.004634624347090721
TMEM190_RNA,0.004619888495653868
CCR10_RNA,0.0046112374402582645
DYNC1H1_RNA,0.004570615477859974
PPP4C_RNA,0.004559262190014124
MAPK13_RNA,0.004554032348096371
GFOD1_RNA,0.004511992912739515
BAP1_RNA,0.004497361369431019
UTS2_RNA,0.004491373896598816
CCDC59_RNA,0.004485266283154488
POU6F1_RNA,0.004477256443351507
LRRC31_RNA,0.004467954393476248
TTC27_RNA,0.004434364382177591
GSX1_RNA,0.0044334689155220985
DNAH14_RNA,0.004422252532094717
CPA6_RNA,0.004410921595990658
ADAMTS8_RNA,0.004407715052366257
ICOS_RNA,0.004407353233546019
PKNOX1_RNA,0.004406915511935949
TMEM123_RNA,0.004402817226946354
MKI67_RNA,0.004402381367981434
GOLT1A_RNA,0.004377186764031649
KCMF1_RNA,0.004372772295027971
LEPR_RNA,0.004371833987534046
WDR53_RNA,0.00435930909588933
ADRM1_RNA,0.004354625940322876
FGD5_RNA,0.004312546458095312
CSNK2A1_RNA,0.0042997319251298904
PFAS_RNA,0.004292376339435577
IWS1_RNA,0.004283012356609106
BBS12_RNA,0.0042825560085475445
CYP2R1_RNA,0.004278840031474829
TANC1_RNA,0.004277429077774286
TPD52L2_RNA,0.0042754486203193665
WDR36_RNA,0.004264965653419495
CS_RNA,0.004260445013642311
AMFR_RNA,0.004252552054822445
ENPP7_RNA,0.004228566307574511
SOAT2_RNA,0.004209459759294987
MIR765_RNA,0.0042093913070857525
THOC7_RNA,0.004197599831968546
SLC35D2_RNA,0.004185974132269621
EN1_RNA,0.004180711228400469
FMNL1_RNA,0.0041662720032036304
IL25_RNA,0.004140159115195274
TRAP1_RNA,0.004136416129767895
PPP1R3A_RNA,0.004133754875510931
PPIE_RNA,0.004129928071051836
MATN4_RNA,0.004115947987884283
GLB1L3_RNA,0.0040851472876966
PSKH2_RNA,0.004078565631061792
MAMDC4_RNA,0.004057686310261488
OTOR_RNA,0.004047953523695469
C16orf46_RNA,0.004039437044411898
LIPT2_RNA,0.0040328786708414555
XKR5_RNA,0.004022576380521059
THOC1_RNA,0.0040212529711425304
SLC30A7_RNA,0.0040206220000982285
GOSR2_RNA,0.004000229295343161
MYL6B_RNA,0.003968948498368263
SH3GL1_RNA,0.003966924734413624
SNORD115-19_RNA,0.003965203184634447
MIR573_RNA,0.003958030603826046
ZDHHC13_RNA,0.003942753188312054
PLEKHG7_RNA,0.003938617184758186
SORCS1_RNA,0.003938261419534683
COX6B1_RNA,0.003935019485652447
CHRNA9_RNA,0.003930704202502966
RGL1_RNA,0.00392947206273675
BRD2_RNA,0.003929410595446825
PAGE4_RNA,0.003924871329218149
CPNE9_RNA,0.0039113364182412624
CHRNA10_RNA,0.0039051943458616734
MBD4_RNA,0.0039023279678076506
ADD3_RNA,0.00389657961204648
DDX5_RNA,0.003887985832989216
HMGCR_RNA,0.0038772241678088903
ZMYM4_RNA,0.0038767284713685513
RPP21_RNA,0.0038657118566334248
DGCR8_RNA,0.0038323586340993643
GPNMB_RNA,0.003769399831071496
TMSB10_RNA,0.00376448268070817
GIN1_RNA,0.003748506773263216
ADAMTS19_RNA,0.003745538182556629
SELENBP1_RNA,0.003735665464773774
CDH16_RNA,0.003733567427843809
RNPEPL1_RNA,0.0037154897581785917
ASH2L_RNA,0.0036808131262660027
PEX12_RNA,0.003680555149912834
MYOCD_RNA,0.0036406361032277346
ARHGAP21_RNA,0.003637917572632432
USP19_RNA,0.00362681713886559
FBXO28_RNA,0.003616359317675233
PABPN1L_RNA,0.0036133271642029285
AURKB_RNA,0.003607110120356083
RAB8B_RNA,0.0035826184321194887
GPRIN3_RNA,0.0035740856546908617
ACER2_RNA,0.00354734412394464
ZNF665_RNA,0.0035273160319775343
SESTD1_RNA,0.0035213434603065252
RPL10L_RNA,0.0035014699678868055
PLA2G1B_RNA,0.003469438524916768
LRRC57_RNA,0.00346474745310843
MIR181D_RNA,0.0034632314927875996
ITGAM_RNA,0.0034491862170398235
CAPN10_RNA,0.003429617267102003
PRDX2_RNA,0.0034177852794528008
ATP6V1C2_RNA,0.0034112792927771807
CD1B_RNA,0.003398508531972766
OCIAD1_RNA,0.003382012015208602
TMEM104_RNA,0.003381395246833563
AHSP_RNA,0.003378655295819044
EPHA10_RNA,0.003361617913469672
PIGH_RNA,0.003358976449817419
TALDO1_RNA,0.003349131438881159
RSPO1_RNA,0.00333704543299973
OR1K1_RNA,0.003333922242745757
HHIPL2_RNA,0.0033273741137236357
USP36_RNA,0.003291662782430649
THOC2_RNA,0.0032307510264217854
INO80B_RNA,0.0032091571483761072
SNORD59A_RNA,0.003204787615686655
SNORD12B_RNA,0.0031998977065086365
MYO1G_RNA,0.0031600426882505417
CEP164_RNA,0.0031419782899320126
NEIL3_RNA,0.0031415477860718966
PSMG1_RNA,0.0031414486002177
NFE2L1_RNA,0.003120671259239316
MBTPS2_RNA,0.003113510087132454
RYK_RNA,0.00311275664716959
OR3A2_RNA,0.00311022880487144
TRIM69_RNA,0.0030980438459664583
MEAF6_RNA,0.003088249359279871
MYO18A_RNA,0.0030666941311210394
MAP2K4_RNA,0.003025312442332506
CALCOCO2_RNA,0.0030025611631572247
HRK_RNA,0.0029221184086054564
NOL8_RNA,0.0029123122803866863
DOCK8_RNA,0.0028970534913241863
TMEM201_RNA,0.002890015719458461
SENP8_RNA,0.0028853872790932655
PNMA3_RNA,0.002861556364223361
TUBB1_RNA,0.0028473513666540384
PINK1_RNA,0.0028323810547590256
ZNF586_RNA,0.002829969860613346
HNRNPC_RNA,0.0027959090657532215
AP3S1_RNA,0.0027811925392597914
RER1_RNA,0.0027755345217883587
ARID5A_RNA,0.002772297477349639
GRAP2_RNA,0.002713307971134782
BCL2L11_RNA,0.0027012364007532597
TBC1D13_RNA,0.0026951064355671406
MIR661_RNA,0.002683020895346999
TWF2_RNA,0.0026304866187274456
LSM12_RNA,0.0026301201432943344
TAOK2_RNA,0.002614273689687252
WDR31_RNA,0.0026123709976673126
ADRB2_RNA,0.002602812834084034
ARR3_RNA,0.002600491512566805
HECTD2_RNA,0.0025984076783061028
TMEM108_RNA,0.002576014492660761
PCDH18_RNA,0.0025754189118742943
MFSD1_RNA,0.0025743627920746803
KRT80_RNA,0.002565936418250203
SERPINB7_RNA,0.0025608004070818424
ARHGAP8_RNA,0.0025572110898792744
ZC3H18_RNA,0.002553316531702876
FASTKD3_RNA,0.002552448073402047
ACTB_RNA,0.00254070688970387
SDHC_RNA,0.002528331708163023
EEFSEC_RNA,0.0025132333394140005
NT5C1B_RNA,0.0024938401766121387
FCRLB_RNA,0.0024894641246646643
EIF4G1_RNA,0.0024863476864993572
ZBTB8OS_RNA,0.002482689218595624
UPK1A_RNA,0.00246608373709023
TNFAIP1_RNA,0.0024519460275769234
SMG1_RNA,0.00244972319342196
C16orf89_RNA,0.002408294240012765
UFSP2_RNA,0.0024020185228437185
COL13A1_RNA,0.002385540399700403
GBE1_RNA,0.0023851674050092697
JDP2_RNA,0.002357190940529108
SPAG8_RNA,0.0023565927986055613
SNTB2_RNA,0.0023265823256224394
PPID_RNA,0.002315904013812542
SLC6A18_RNA,0.0023138008546084166
PRELP_RNA,0.0023110751062631607
MAP1S_RNA,0.002308666706085205
TSC22D2_RNA,0.0022943054791539907
ZNHIT1_RNA,0.0022931687999516726
TRIM13_RNA,0.002291474724188447
COX6B2_RNA,0.002286388073116541
NR6A1_RNA,0.0022846306674182415
N4BP1_RNA,0.002280300250276923
ENTPD1_RNA,0.002280276734381914
RASA2_RNA,0.002275504870340228
ACSF3_RNA,0.0022728252224624157
SPINK1_RNA,0.002267874078825116
MGRN1_RNA,0.00226722564548254
ZNF845_RNA,0.002249987330287695
TTL_RNA,0.0022495293524116278
PLAG1_RNA,0.0022485977970063686
ZFPM1_RNA,0.002230921760201454
DSG4_RNA,0.0022274688817560673
CCL18_RNA,0.002218815963715315
FICD_RNA,0.002209351398050785
SNX10_RNA,0.0021990903187543154
NAA20_RNA,0.0021770293824374676
RNMT_RNA,0.0021647028625011444
NLRC5_RNA,0.002161293989047408
ZNF454_RNA,0.0021611249540001154
HNRNPL_RNA,0.0021334663033485413
URB2_RNA,0.0021177351009100676
SPRYD3_RNA,0.002107956912368536
AMACR_RNA,0.0021009461488574743
IL18_RNA,0.002066446468234062
FOLR3_RNA,0.0020626632031053305
MALT1_RNA,0.002061661100015044
CFL2_RNA,0.0020114562939852476
SNORA13_RNA,0.0020027083810418844
GSK3A_RNA,0.0019612982869148254
DNTT_RNA,0.001952750259079039
MIR655_RNA,0.0019480519695207477
EXT1_RNA,0.0019412155961617827
RAB40C_RNA,0.0019410165259614587
SMURF2_RNA,0.0019204373238608241
MYH16_RNA,0.0018958013970404863
LIN7B_RNA,0.001890656421892345
ZNF121_RNA,0.0018645363161340356
CNOT1_RNA,0.0018511151429265738
FAM170A_RNA,0.0018464747117832303
IL24_RNA,0.0018292616587132215
LOC100310782_RNA,0.0018137062434107065
HSPA1L_RNA,0.001810348010621965
RASSF5_RNA,0.0017922676634043455
PLA2G4F_RNA,0.0017657977296039462
DNAJB8_RNA,0.0017654860857874155
PCDHB9_RNA,0.0017624368192628026
SCTR_RNA,0.0017611244693398476
DNAJC8_RNA,0.0017324364744126797
UBA5_RNA,0.0017175143584609032
PML_RNA,0.0017119314288720489
OLIG1_RNA,0.0017009133007377386
WDFY1_RNA,0.0016838011797517538
CLRN1_RNA,0.0016771466471254826
RNF19A_RNA,0.0016705803573131561
FLT3LG_RNA,0.0016631812322884798
MIR380_RNA,0.0016458419850096107
PSEN2_RNA,0.0016414326382800937
PCDHB3_RNA,0.001633022096939385
BACH1_RNA,0.0016257533570751548
UCHL3_RNA,0.0016186436405405402
IMPA1_RNA,0.0015975834103301167
SNORD115-8_RNA,0.00159634614828974
CHGA_RNA,0.0015783747658133507
CAMKK2_RNA,0.0015735998749732971
CENPT_RNA,0.0015625943196937442
LRRC37B_RNA,0.0015598973259329796
WDR1_RNA,0.0015438938280567527
TEP1_RNA,0.001507184118963778
MAN1B1_RNA,0.0014853108441457152
RNF111_RNA,0.0014559230767190456
PRG2_RNA,0.001453891978599131
VPS54_RNA,0.001450050389394164
AUH_RNA,0.0014481029938906431
DNASE2_RNA,0.001441053580492735
TROAP_RNA,0.0014377136249095201
APEX1_RNA,0.0014339101035147905
CREBBP_RNA,0.0014245016500353813
CHRNB3_RNA,0.0014060180401429534
CHRNB2_RNA,0.0014007349964231253
RAB1B_RNA,0.0013967256527394056
GTF3C1_RNA,0.001379680703394115
AKAP7_RNA,0.0013556277845054865
ANO5_RNA,0.0013469696277752519
COX4I1_RNA,0.001342232571914792
YIPF2_RNA,0.001314749475568533
CELSR3_RNA,0.0013063754886388779
DNAJC16_RNA,0.00127555918879807
GPX4_RNA,0.001268011867068708
CHRNG_RNA,0.0012443109881132841
RXFP1_RNA,0.001212237635627389
EIF5A2_RNA,0.0012041801819577813
RBM45_RNA,0.0012017959961667657
CHRM1_RNA,0.0011884055566042662
BAZ2A_RNA,0.0011839121580123901
SNORD115-32_RNA,0.0011724006617441773
MS4A15_RNA,0.0011619010474532843
POLK_RNA,0.001154645229689777
MIR643_RNA,0.0011519048130139709
FAM3A_RNA,0.0011457351502031088
TRPC4AP_RNA,0.001143258181400597
TM4SF4_RNA,0.0011170272482559085
FARSB_RNA,0.001092248479835689
PSMD7_RNA,0.0010670345509424806
GPR180_RNA,0.0010583215625956655
MAPK15_RNA,0.0010550700826570392
FADS1_RNA,0.0010423241183161736
DYRK3_RNA,0.0010323076276108623
RFC1_RNA,0.0010301632573828101
MND1_RNA,0.0010164306731894612
TMEM11_RNA,0.001010459614917636
CLIC4_RNA,9.947732323780656e-4
DDX19B_RNA,9.84530197456479e-4
NPBWR2_RNA,9.727392462082207e-4
EHMT1_RNA,9.183523943647742e-4
TMEM184C_RNA,9.165219962596893e-4
BCKDHA_RNA,8.92032403498888e-4
NIPAL1_RNA,8.222992182709277e-4
RHOC_RNA,8.184630423784256e-4
SAMD4B_RNA,8.172625675797462e-4
POU2F3_RNA,7.90914345998317e-4
DEPDC1B_RNA,7.836103904992342e-4
TANC2_RNA,7.688842015340924e-4
GIGYF2_RNA,7.554322364740074e-4
AFM_RNA,7.28156475815922e-4
DIABLO_RNA,7.189179887063801e-4
FBXO21_RNA,6.992043345235288e-4
FOXP3_RNA,6.970468675717711e-4
MIR25_RNA,6.848597549833357e-4
DISC1_RNA,6.803354481235147e-4
PPM1H_RNA,6.71332236379385e-4
POLR2G_RNA,6.621980573982e-4
EMCN_RNA,6.531550898216665e-4
C3orf33_RNA,6.51734706480056e-4
MYL6_RNA,6.499891169369221e-4
HNRNPUL2_RNA,6.208457052707672e-4
ASCL3_RNA,6.194785819388926e-4
PIH1D1_RNA,6.173455039970577e-4
MITD1_RNA,6.004551541991532e-4
PACRG_RNA,5.852343165315688e-4
EIF2AK4_RNA,5.716739688068628e-4
EXOSC6_RNA,5.572396330535412e-4
GPR87_RNA,5.457468214444816e-4
GP9_RNA,5.18143642693758e-4
ABCA7_RNA,5.14900078997016e-4
PIGS_RNA,4.8644328489899635e-4
RAD23A_RNA,4.701176076196134e-4
UBE2V2_RNA,4.644178261514753e-4
CNOT8_RNA,4.6346732415258884e-4
SLFN14_RNA,4.608138697221875e-4
ZNF639_RNA,4.596119688358158e-4
TNFSF10_RNA,4.5221965410746634e-4
SECISBP2_RNA,4.5139293069951236e-4
VAMP3_RNA,4.5078081893734634e-4
DHDDS_RNA,4.406387743074447e-4
MRGPRX4_RNA,4.3367300531826913e-4
IFFO1_RNA,4.048893752042204e-4
ANAPC1_RNA,4.0456370334140956e-4
MTG1_RNA,4.0127639658749104e-4
DDX31_RNA,3.961577021982521e-4
TCF3_RNA,3.8470650906674564e-4
GLYAT_RNA,3.7800814607180655e-4
MCRS1_RNA,3.697316278703511e-4
FKBP8_RNA,3.577640454750508e-4
GRIN3B_RNA,3.570113331079483e-4
PRPF8_RNA,3.4311061608605087e-4
PLEKHG3_RNA,3.274193441029638e-4
CCDC51_RNA,3.0101448646746576e-4
ICAM3_RNA,2.8191047022119164e-4
UNK_RNA,2.723582729231566e-4
SGTB_RNA,2.6153691578656435e-4
RHOA_RNA,2.230308746220544e-4
ANKHD1-EIF4EBP3_RNA,1.9581250671762973e-4
ZNF222_RNA,1.8820296099875122e-4
AP1M2_RNA,1.6977029736153781e-4
USH2A_RNA,1.69335791724734e-4
ERICH1_RNA,1.090519072022289e-4
HCFC2_RNA,9.107594087254256e-5
KRT81_RNA,8.8997941929847e-5
PRPSAP1_RNA,8.562762377550825e-5
OR1L3_RNA,8.257327863248065e-5
SNORD94_RNA,6.981007027206942e-5
KCNE1_RNA,3.5594690416473895e-5
CPXCR1_RNA,2.9260601877467707e-5
GMPPA_RNA,2.8941927666892298e-5
RTN3_RNA,2.7614634745987132e-5
NXT1_RNA,-6.501566531369463e-5
KCNN4_RNA,-6.519766611745581e-5
DICER1_RNA,-9.272732131648809e-5
CREB1_RNA,-9.488558862358332e-5
INTS12_RNA,-1.0518561612116173e-4
EIF4A1_RNA,-1.1274214193690568e-4
MIR548J_RNA,-1.3349474465940148e-4
HIPK1_RNA,-1.5088309010025114e-4
IL6R_RNA,-1.5115708811208606e-4
FHL3_RNA,-1.8264332902617753e-4
ZFAND3_RNA,-1.830162073019892e-4
LPCAT3_RNA,-2.0391707948874682e-4
UROD_RNA,-2.2606790298596025e-4
GPR55_RNA,-2.3168724146671593e-4
ZBTB39_RNA,-2.3456770577467978e-4
ARMC3_RNA,-2.3540754045825452e-4
ENOX1_RNA,-2.3739089374430478e-4
NEUROG1_RNA,-2.423862461000681e-4
ZFP14_RNA,-2.5654802448116243e-4
SEC22C_RNA,-2.6275331038050354e-4
FTCD_RNA,-2.685924991965294e-4
SDF4_RNA,-2.7692451840266585e-4
PROCA1_RNA,-2.8314843075349927e-4
GALP_RNA,-3.1572923762723804e-4
SRP72_RNA,-3.5242020385339856e-4
ZNF714_RNA,-3.6007698508910835e-4
RPL10A_RNA,-3.6047774483449757e-4
PSMD14_RNA,-3.7202556268312037e-4
ZFP41_RNA,-3.8180555566214025e-4
HEATR3_RNA,-3.820239217020571e-4
IPO4_RNA,-3.910894738510251e-4
ATF1_RNA,-4.143551050219685e-4
MAZ_RNA,-4.7790200915187597e-4
MRPS14_RNA,-4.972038441337645e-4
CDK5_RNA,-5.096576642245054e-4
ASB7_RNA,-5.274137365631759e-4
LDHC_RNA,-5.288964021019638e-4
PDCD6_RNA,-5.558182019740343e-4
MIR483_RNA,-5.629942752420902e-4
CCR3_RNA,-5.858769291080534e-4
MIR376A1_RNA,-5.895884823985398e-4
C9orf163_RNA,-6.127581000328064e-4
PEAR1_RNA,-6.175367161631584e-4
IKBKB_RNA,-6.240740185603499e-4
HMOX2_RNA,-6.521615432575345e-4
SPCS2_RNA,-6.528132362291217e-4
NME4_RNA,-6.767826271243393e-4
SLC39A5_RNA,-6.791547639295459e-4
ARIH1_RNA,-6.796745001338422e-4
MIR1185-1_RNA,-6.844497402198613e-4
ETFB_RNA,-6.899288855493069e-4
SYS1-DBNDD2_RNA,-6.995986332185566e-4
SNORA49_RNA,-7.064271485432982e-4
DOK3_RNA,-7.102737436071038e-4
C1orf131_RNA,-7.147785509005189e-4
LOC375196_RNA,-7.223099237307906e-4
FBXO47_RNA,-7.298702257685363e-4
CCHCR1_RNA,-7.428898825310171e-4
SNORD82_RNA,-7.434885483235121e-4
PCCA_RNA,-7.589836022816598e-4
DNAJC17_RNA,-7.716345135122538e-4
DBT_RNA,-7.826699293218553e-4
SV2A_RNA,-7.830567192286253e-4
CCL22_RNA,-7.871018024161458e-4
ZSCAN5B_RNA,-7.941586663946509e-4
SMAD2_RNA,-7.974730106070638e-4
CPZ_RNA,-7.992283790372312e-4
CCNI2_RNA,-8.010109304450452e-4
SPCS1_RNA,-8.191964006982744e-4
VPS8_RNA,-8.223166805692017e-4
ZNF524_RNA,-8.308528340421617e-4
CD2BP2_RNA,-8.44534020870924e-4
CCDC97_RNA,-8.621857850812376e-4
TAF9B_RNA,-8.644977933727205e-4
HTR1B_RNA,-8.746566600166261e-4
PAPOLA_RNA,-8.842786774039268e-4
TEDDM1_RNA,-9.011314250528812e-4
GORASP1_RNA,-9.24000923987478e-4
FHL2_RNA,-9.449463686905801e-4
N6AMT1_RNA,-9.455228573642671e-4
SLCO3A1_RNA,-9.508098592050374e-4
FOXS1_RNA,-9.90303815342486e-4
NXF3_RNA,-0.0010030798148363829
CTHRC1_RNA,-0.0010097385384142399
SNORD115-5_RNA,-0.001034356071613729
EDEM3_RNA,-0.0010505529353395104
FXYD7_RNA,-0.0010643857531249523
UNKL_RNA,-0.001066792057827115
PTP4A2_RNA,-0.0010756622068583965
C15orf61_RNA,-0.001075992826372385
ZBTB6_RNA,-0.0010794278932735324
SRRM2_RNA,-0.0010798111325129867
CD7_RNA,-0.0010839413153007627
PPP1R3F_RNA,-0.00109292462002486
SNORD115-43_RNA,-0.0010989811271429062
MIR329-1_RNA,-0.0011050099274143577
MIR99A_RNA,-0.0011126544559374452
RECQL5_RNA,-0.0011174415703862906
RAB5B_RNA,-0.0011245448840782046
MIR645_RNA,-0.0011529566254466772
DHX32_RNA,-0.0011583351297304034
C5orf58_RNA,-0.0011591837974265218
CCL16_RNA,-0.0011684591881930828
OGFOD2_RNA,-0.001191004877910018
ATP6V1D_RNA,-0.0011978114489465952
NLRP10_RNA,-0.001214957213960588
SCARNA17_RNA,-0.001230479683727026
DFFA_RNA,-0.0012408384354785085
EGFL8_RNA,-0.0012433517258614302
HTR2C_RNA,-0.001249309629201889
HELT_RNA,-0.0012513927649706602
SCRIB_RNA,-0.0012542074546217918
ZNF581_RNA,-0.0012573371641337872
CPNE3_RNA,-0.0012811649357900023
MYOZ2_RNA,-0.0013184574199840426
PSMB8_RNA,-0.0013185073621571064
INO80D_RNA,-0.0013185619609430432
SULT1A2_RNA,-0.0013200308894738555
TDRD7_RNA,-0.0013256276724860072
PEX11B_RNA,-0.001351535553112626
MPP1_RNA,-0.0013538675848394632
PTPN1_RNA,-0.0013654944486916065
SNRPD1_RNA,-0.0013807854847982526
ZNF683_RNA,-0.0013872106792405248
FRMPD1_RNA,-0.0013930104905739427
BPGM_RNA,-0.0013973836321383715
NUBP1_RNA,-0.0014027891447767615
SLPI_RNA,-0.0014061473775655031
DPP8_RNA,-0.001406542956829071
NRBP1_RNA,-0.0014089848846197128
PIK3CB_RNA,-0.001410872326232493
MIR340_RNA,-0.0014169893693178892
KLC3_RNA,-0.0014179139398038387
HPS5_RNA,-0.0014344590017572045
HARBI1_RNA,-0.001438664854504168
KLHDC4_RNA,-0.0014503091806545854
HINT2_RNA,-0.0014632096281275153
HSPA13_RNA,-0.0014813292073085904
KANK3_RNA,-0.0014909090241417289
FRYL_RNA,-0.0015111366519704461
ZNF2_RNA,-0.0015205874806270003
ATG12_RNA,-0.0015233650337904692
BRD7_RNA,-0.0015334996860474348
CXorf58_RNA,-0.0015424583107233047
WFIKKN1_RNA,-0.0015477504348382354
ETV6_RNA,-0.0015783057315275073
RFPL2_RNA,-0.0015808872412890196
MIR134_RNA,-0.0015926896594464779
FBXO40_RNA,-0.0016027288511395454
C12orf54_RNA,-0.0016081251669675112
VPS29_RNA,-0.00160987360868603
SPRED3_RNA,-0.0016183408442884684
MIR152_RNA,-0.0016417254228144884
HAS1_RNA,-0.0016442035557702184
MRPL30_RNA,-0.001646561548113823
ZNF461_RNA,-0.0016637142980471253
RGL2_RNA,-0.0016740333521738648
C4orf36_RNA,-0.0016928194090723991
ASCL1_RNA,-0.0017096708761528134
PTPRH_RNA,-0.0017284592613577843
ARMC5_RNA,-0.001752117765136063
FDX1_RNA,-0.0017576332902535796
LCN10_RNA,-0.001757975434884429
THOP1_RNA,-0.0017606678884476423
SERPINE2_RNA,-0.0017643339233472943
ZFYVE26_RNA,-0.0017656554700806737
S100A1_RNA,-0.0017686979845166206
GPC1_RNA,-0.0017758661415427923
SEC11A_RNA,-0.0017859116196632385
HIBCH_RNA,-0.0017920166719704866
GPATCH8_RNA,-0.001820152741856873
ZNF486_RNA,-0.0018241138895973563
C3orf18_RNA,-0.0018245767569169402
RANBP3_RNA,-0.0018255598843097687
CKLF_RNA,-0.0018304645782336593
ANKRD17_RNA,-0.0018600563053041697
CENPF_RNA,-0.0018832532223314047
ARPC5L_RNA,-0.0018871655920520425
ZMYM3_RNA,-0.0018872128566727042
REXO2_RNA,-0.0018938331631943583
MMP7_RNA,-0.0019033827120438218
COPS3_RNA,-0.001904669334180653
PRF1_RNA,-0.0019161492818966508
POU5F1_RNA,-0.0019200362730771303
TRIM10_RNA,-0.0019228215096518397
CCR2_RNA,-0.0019245833391323686
PACSIN1_RNA,-0.001934674452058971
MLPH_RNA,-0.0019368414068594575
CNST_RNA,-0.0019375175470486283
OPRM1_RNA,-0.0019436674192547798
CHCHD4_RNA,-0.0019472750136628747
OR3A1_RNA,-0.0019507502438500524
CA14_RNA,-0.001977979438379407
TNNI1_RNA,-0.001997624058276415
NUDT21_RNA,-0.0019989963620901108
SAT2_RNA,-0.002001912798732519
ASB6_RNA,-0.0020090483594685793
CRYBA2_RNA,-0.0020154817029833794
SLC10A3_RNA,-0.002016406273469329
ZZZ3_RNA,-0.002018229803070426
CHIC2_RNA,-0.0020346883684396744
MVP_RNA,-0.002060825238004327
B3GALNT2_RNA,-0.0020766493398696184
UCK1_RNA,-0.0020791562274098396
CDKN2AIPNL_RNA,-0.0020896964706480503
KPNA3_RNA,-0.002091320464387536
PFDN5_RNA,-0.0020931141916662455
SLC37A1_RNA,-0.0021223174408078194
MRS2_RNA,-0.0021252112928777933
ABCD1_RNA,-0.002129944507032633
TNFRSF11A_RNA,-0.002177852438762784
TATDN3_RNA,-0.002187057863920927
NAGS_RNA,-0.0022082231007516384
ZNRF2_RNA,-0.0022126780822873116
DDX24_RNA,-0.002214769832789898
ZNF133_RNA,-0.0022153740283101797
DDX53_RNA,-0.002222313778474927
HEPH_RNA,-0.002234756015241146
CHIC1_RNA,-0.0022416962310671806
TXNDC5_RNA,-0.002271306235343218
RBM5_RNA,-0.0022848867811262608
CD19_RNA,-0.002285608323290944
FADD_RNA,-0.0022874544374644756
HSD3B1_RNA,-0.002300997730344534
TTPAL_RNA,-0.002304814290255308
MIR379_RNA,-0.002317586913704872
SNX15_RNA,-0.0023389142006635666
CCDC13_RNA,-0.0023404802195727825
MED14_RNA,-0.0023425268009305
GPR45_RNA,-0.0023477880749851465
ISCU_RNA,-0.002359229838475585
LDHAL6B_RNA,-0.002370087895542383
SLC41A3_RNA,-0.0023864128161221743
NLRP6_RNA,-0.0023884980473667383
PCDHA11_RNA,-0.002388819120824337
LIAS_RNA,-0.0024051321670413017
CER1_RNA,-0.0024226997047662735
PRAMEF12_RNA,-0.0024274413008242846
GC_RNA,-0.002430792897939682
ABCB4_RNA,-0.002434707712382078
PCID2_RNA,-0.002451008651405573
VGLL3_RNA,-0.0024673007428646088
MRPS12_RNA,-0.002493158681318164
MIR874_RNA,-0.0025236259680241346
BRMS1L_RNA,-0.0025337126571685076
SOD1_RNA,-0.0025340886786580086
PRDM13_RNA,-0.002534483792260289
SLC13A4_RNA,-0.002569881035014987
KBTBD3_RNA,-0.002579239197075367
MIR548H3_RNA,-0.0025820923037827015
ZNHIT6_RNA,-0.0025840038433670998
KRT8_RNA,-0.002602853812277317
GNAT2_RNA,-0.002614832716062665
UBE2F_RNA,-0.002621131017804146
SIL1_RNA,-0.0026241173036396503
MYL10_RNA,-0.0026261978782713413
TMF1_RNA,-0.0026302444748580456
DNAJC7_RNA,-0.002650362905114889
SBSN_RNA,-0.0026563801802694798
ETV1_RNA,-0.0026648209895938635
ZNF487_RNA,-0.0026675162371248007
SLC35A2_RNA,-0.0026749668177217245
WBP1_RNA,-0.002690983237698674
IL1R2_RNA,-0.0026989863254129887
ELOVL1_RNA,-0.0027025018353015184
YTHDF3_RNA,-0.0027028401382267475
STBD1_RNA,-0.002713722875341773
SDHA_RNA,-0.0027164253406226635
HELQ_RNA,-0.002792831277474761
DYTN_RNA,-0.002793988911435008
HBZ_RNA,-0.0027957726269960403
CPO_RNA,-0.0028107508551329374
SLC48A1_RNA,-0.002822582609951496
PDE5A_RNA,-0.0028295153751969337
CCT6B_RNA,-0.002835388295352459
TCTN3_RNA,-0.0028481523040682077
CCNE2_RNA,-0.002861990127712488
SLC5A5_RNA,-0.002864810870960355
FEZ2_RNA,-0.0028830610681325197
NKD2_RNA,-0.00288376840762794
HSH2D_RNA,-0.0028903938364237547
SF3B3_RNA,-0.0028907086234539747
MXRA8_RNA,-0.002932079369202256
C1orf146_RNA,-0.00294079864397645
GGT6_RNA,-0.0029438443016260862
GZMB_RNA,-0.0029513572808355093
PCLO_RNA,-0.0029557268135249615
BCR_RNA,-0.0029667613562196493
OLAH_RNA,-0.0029901994857937098
CASP14_RNA,-0.0030102282762527466
WDR25_RNA,-0.0030132350511848927
GRIN3A_RNA,-0.0030141856987029314
KIT_RNA,-0.0030167479999363422
AK5_RNA,-0.0030300908256322145
TAPBP_RNA,-0.0030336675699800253
NDUFB1_RNA,-0.0030551189556717873
FCHO2_RNA,-0.003063927171751857
FAM163B_RNA,-0.0030660333577543497
PRM1_RNA,-0.003070086007937789
HM13_RNA,-0.003084396943449974
HDAC6_RNA,-0.00310799153521657
HIGD1C_RNA,-0.003115851664915681
ZFP90_RNA,-0.0031254487112164497
LASP1_RNA,-0.0031516922172158957
NOP14_RNA,-0.00315348943695426
FN3KRP_RNA,-0.0031582931987941265
SLAMF9_RNA,-0.0031714369542896748
SNORD72_RNA,-0.003176844911649823
MIR760_RNA,-0.0031796381808817387
PHF23_RNA,-0.0031825299374759197
CTU1_RNA,-0.0032044406980276108
DDOST_RNA,-0.0032225160393863916
TCEAL7_RNA,-0.0032319752499461174
NAE1_RNA,-0.0032402679789811373
ZNF782_RNA,-0.0032441921066492796
KCTD5_RNA,-0.0032572250347584486
TMEM144_RNA,-0.003305604914203286
PCDHGA2_RNA,-0.00334139890037477
ATP6V1G3_RNA,-0.0033429102040827274
CEP76_RNA,-0.003345238044857979
TMEM232_RNA,-0.00335497735068202
PMFBP1_RNA,-0.0033720419742166996
BRAP_RNA,-0.003383826930075884
CAPSL_RNA,-0.0033993348479270935
TFB1M_RNA,-0.0034036722499877214
EPS8_RNA,-0.003422129200771451
STAC3_RNA,-0.003431189339607954
SRRM4_RNA,-0.003468970535323024
LVRN_RNA,-0.0034793030936270952
DEK_RNA,-0.0034910952672362328
SPRR2A_RNA,-0.003493601456284523
RECQL_RNA,-0.0034974028822034597
VASH2_RNA,-0.003498218022286892
LIN54_RNA,-0.0035433312878012657
WFDC11_RNA,-0.0035797927994281054
HOXB1_RNA,-0.003588633146136999
SLC38A1_RNA,-0.003602590411901474
ZBED3_RNA,-0.0036154778208583593
PARP16_RNA,-0.003619434079155326
RDX_RNA,-0.003637216053903103
SNX6_RNA,-0.0036610823590308428
ZNF623_RNA,-0.0036925924941897392
ARL6_RNA,-0.0037018791772425175
ZNF506_RNA,-0.003720948938280344
SNORA5A_RNA,-0.0037276435177773237
BCDIN3D_RNA,-0.003727912437170744
BDP1_RNA,-0.0037410820368677378
MIR218-2_RNA,-0.0037424054462462664
NDUFB10_RNA,-0.00374518777243793
IGFBP7_RNA,-0.003750685602426529
SMC1A_RNA,-0.003759778570383787
MCTP2_RNA,-0.0037726382724940777
TMED6_RNA,-0.0038177005480974913
ENDOG_RNA,-0.0038218870759010315
EIF4EBP3_RNA,-0.0038290577940642834
TTC33_RNA,-0.003832387737929821
GPRC5A_RNA,-0.003839318174868822
ATG7_RNA,-0.0038580079562962055
KRT84_RNA,-0.003867360996082425
AKR7A2_RNA,-0.0039153085090219975
SYNJ1_RNA,-0.00392262265086174
CDK8_RNA,-0.003935466054826975
ZNF431_RNA,-0.003951886668801308
POLA2_RNA,-0.003957028035074472
IL11_RNA,-0.003972603473812342
WWC1_RNA,-0.0039727287366986275
DDX17_RNA,-0.003985924180597067
LUZP4_RNA,-0.0040250965394079685
APIP_RNA,-0.0040301489643752575
PFDN1_RNA,-0.004030247684568167
KIAA1328_RNA,-0.004031321965157986
RPL3L_RNA,-0.004037242382764816
SIRT6_RNA,-0.0040405816398561
HAPLN1_RNA,-0.004054853226989508
MIR185_RNA,-0.004061119630932808
LMCD1_RNA,-0.004072816576808691
ZCCHC12_RNA,-0.00407833606004715
RAB19_RNA,-0.00408298522233963
HDHD2_RNA,-0.004105332773178816
IRS4_RNA,-0.004117970354855061
NUDT6_RNA,-0.004131062421947718
ZNF146_RNA,-0.00413207383826375
ZNF283_RNA,-0.004145881626754999
AQR_RNA,-0.004162982106208801
E4F1_RNA,-0.004171153996139765
PTK7_RNA,-0.004172123968601227
CRELD2_RNA,-0.004187741316854954
COMMD7_RNA,-0.0042535108514130116
VTRNA1-3_RNA,-0.0042547909542918205
ERI2_RNA,-0.004272370133548975
CCNF_RNA,-0.004281955771148205
MERTK_RNA,-0.004282113164663315
XYLT1_RNA,-0.0043070693500339985
ATP8A2_RNA,-0.004339500796049833
HNRNPA3_RNA,-0.004355569835752249
FBXO9_RNA,-0.00435929698869586
MED22_RNA,-0.004359734244644642
EGR2_RNA,-0.004363408777862787
FRMD8_RNA,-0.0043689715676009655
PSMD8_RNA,-0.004370369017124176
MRPL11_RNA,-0.004400739911943674
LIME1_RNA,-0.004400795325636864
OR51I2_RNA,-0.00441884296014905
RNF25_RNA,-0.004440366290509701
DSCC1_RNA,-0.004440424032509327
OR7D4_RNA,-0.0044444166123867035
SVEP1_RNA,-0.004444985184818506
YLPM1_RNA,-0.004445354454219341
B3GNTL1_RNA,-0.004476326052099466
PLIN1_RNA,-0.004479679279029369
TXLNA_RNA,-0.0044815391302108765
PRSS22_RNA,-0.004483623430132866
MST1_RNA,-0.004497983492910862
PTP4A1_RNA,-0.0045041716657578945
UBTD2_RNA,-0.004531193990260363
NLGN1_RNA,-0.004560737404972315
C8G_RNA,-0.004567618481814861
SEC23A_RNA,-0.004583081230521202
CGGBP1_RNA,-0.0045888363383710384
SNORA37_RNA,-0.004605618305504322
TMEM218_RNA,-0.0046170675195753574
SIDT2_RNA,-0.0046203043311834335
FARSA_RNA,-0.004623989574611187
APPBP2_RNA,-0.004641673061996698
ECT2_RNA,-0.004642010200768709
ZNF225_RNA,-0.004643244203180075
TRMU_RNA,-0.0046552750281989574
DCLRE1B_RNA,-0.004658576566725969
NDUFA3_RNA,-0.004672308452427387
TMEM214_RNA,-0.004676375072449446
RAB37_RNA,-0.004710291046649218
PIK3CD_RNA,-0.0047238534316420555
EZH1_RNA,-0.004725849721580744
MKS1_RNA,-0.004735437221825123
UBE2D2_RNA,-0.00474917097017169
NSL1_RNA,-0.004755617119371891
EID1_RNA,-0.004773134831339121
EXOC3_RNA,-0.004784054588526487
SFTPB_RNA,-0.004795085173100233
BTG3_RNA,-0.004807801451534033
SLC17A2_RNA,-0.004822747781872749
TBC1D10B_RNA,-0.004823966417461634
AGRN_RNA,-0.004830244462937117
ZMYM1_RNA,-0.00484200194478035
GPS2_RNA,-0.0048472085036337376
GAS2L1_RNA,-0.004854785744100809
TREML2_RNA,-0.004864167887717485
ZNF502_RNA,-0.004864505026489496
PCDHB16_RNA,-0.004865723196417093
NLRP5_RNA,-0.004867230076342821
ELF4_RNA,-0.004875496029853821
NPHP3_RNA,-0.004878112580627203
LTB4R_RNA,-0.0048968978226184845
PPP6C_RNA,-0.004898176994174719
KLK4_RNA,-0.004899083636701107
CTAG2_RNA,-0.004899951163679361
PPP2R5E_RNA,-0.004908659961074591
NFATC3_RNA,-0.004914202261716127
ERP44_RNA,-0.0049161529168486595
ORMDL3_RNA,-0.004919291473925114
TUSC2_RNA,-0.004927599336951971
DGKH_RNA,-0.0049307020381093025
TOP2A_RNA,-0.004947145935148001
ABL1_RNA,-0.00497302645817399
PPP3R1_RNA,-0.00497650820761919
ATP6V0A2_RNA,-0.00498011102899909
SETD4_RNA,-0.004993006587028503
ZNF266_RNA,-0.005049949046224356
MPP2_RNA,-0.005057752598077059
STXBP5L_RNA,-0.005062560085207224
NCBP1_RNA,-0.005083194933831692
GRIPAP1_RNA,-0.0050923279486596584
LCK_RNA,-0.005095901899039745
CCDC22_RNA,-0.005105464719235897
ADAM15_RNA,-0.005112120416015387
COQ5_RNA,-0.005125171504914761
CNFN_RNA,-0.005134458187967539
COQ10A_RNA,-0.005136975087225437
TPM2_RNA,-0.005167990457266569
PCM1_RNA,-0.005174329504370689
GADD45GIP1_RNA,-0.0051846373826265335
ITPA_RNA,-0.005186027381569147
TRAF7_RNA,-0.005192148964852095
MIR182_RNA,-0.00522974319756031
APBB1_RNA,-0.005233348812907934
MAPK9_RNA,-0.005247558932751417
URM1_RNA,-0.0052650487050414085
CLEC1A_RNA,-0.005269872024655342
PEX10_RNA,-0.005287649109959602
NFXL1_RNA,-0.00529166404157877
MRPL21_RNA,-0.005303532816469669
SKA2_RNA,-0.005321884993463755
TCEAL3_RNA,-0.005323648918420076
SURF4_RNA,-0.005323887802660465
NBN_RNA,-0.005339512601494789
CD48_RNA,-0.00535779632627964
FAM83E_RNA,-0.0053691864013671875
DDX59_RNA,-0.005421891808509827
AKAP10_RNA,-0.0054348064586520195
PPTC7_RNA,-0.005439129192382097
WWC3_RNA,-0.005449886899441481
SYNGAP1_RNA,-0.00545566575601697
RHOT2_RNA,-0.005457689985632896
TMEM204_RNA,-0.005459781736135483
MRPL16_RNA,-0.005471283569931984
CUL9_RNA,-0.0054747541435062885
PPA2_RNA,-0.005487577989697456
PCDHB2_RNA,-0.0054930453188717365
UBE3A_RNA,-0.005513250362128019
C1GALT1C1_RNA,-0.005538723897188902
FASTKD1_RNA,-0.005566586274653673
DTNBP1_RNA,-0.005584126804023981
CASP5_RNA,-0.005589395761489868
BEX1_RNA,-0.005649842321872711
VNN2_RNA,-0.005652184598147869
C16orf82_RNA,-0.005654006730765104
SPIRE1_RNA,-0.005689722951501608
ZCCHC14_RNA,-0.0057091377675533295
FCF1_RNA,-0.005740162450820208
MIR493_RNA,-0.005755243822932243
STRA8_RNA,-0.005789238028228283
RPF1_RNA,-0.005799311213195324
NUP54_RNA,-0.005801145453006029
FOXB1_RNA,-0.005818160250782967
PROCR_RNA,-0.005818427074700594
ABCB1_RNA,-0.005819474812597036
MAPRE2_RNA,-0.005824588239192963
MANEA_RNA,-0.0058289035223424435
MUC2_RNA,-0.005834005773067474
SERPINE3_RNA,-0.005838858895003796
SPATA24_RNA,-0.005861532408744097
PHF7_RNA,-0.0058740186505019665
COG4_RNA,-0.005876567680388689
CCDC110_RNA,-0.005881350953131914
OR2A14_RNA,-0.005888774991035461
SYNE2_RNA,-0.005889024119824171
PRRC1_RNA,-0.005897641181945801
PPM1G_RNA,-0.0059007010422647
C1QBP_RNA,-0.005922809708863497
CMAS_RNA,-0.0059236809611320496
TMEM37_RNA,-0.005927029065787792
NTHL1_RNA,-0.005940886214375496
TNKS_RNA,-0.005947824101895094
PDIK1L_RNA,-0.005949499551206827
SCARNA1_RNA,-0.00594997126609087
IL23A_RNA,-0.005957751534879208
TMEM18_RNA,-0.00596193503588438
BDKRB2_RNA,-0.005999109707772732
TMEM68_RNA,-0.005999444518238306
ATP11A_RNA,-0.006045777816325426
ZSWIM5_RNA,-0.006056175101548433
PADI6_RNA,-0.006062634289264679
FRZB_RNA,-0.006084194406867027
CPSF6_RNA,-0.006088880356401205
ZC3H15_RNA,-0.006104959174990654
CYP2C18_RNA,-0.006105393171310425
ZBTB38_RNA,-0.006108271423727274
CENPH_RNA,-0.006111809518188238
GTF2IRD1_RNA,-0.006130375899374485
CEBPZ_RNA,-0.006132583599537611
KLHL21_RNA,-0.006133565213531256
CST9_RNA,-0.006141327321529388
KRT18_RNA,-0.006145749241113663
EREG_RNA,-0.006169396918267012
C5orf34_RNA,-0.0061953747645020485
RNF44_RNA,-0.0061981636099517345
ATR_RNA,-0.006205031648278236
TMEM102_RNA,-0.006221984047442675
ZNF253_RNA,-0.0062389555387198925
SNORA15_RNA,-0.006269626785069704
TACO1_RNA,-0.0062747071497142315
TNFSF11_RNA,-0.006287952419370413
CDC20B_RNA,-0.006307361647486687
ATF4_RNA,-0.006308328825980425
EIF3IP1_RNA,-0.0063140979036688805
WDR44_RNA,-0.0063419705256819725
ERCC1_RNA,-0.006380491890013218
FPR1_RNA,-0.006381666287779808
EED_RNA,-0.006405165418982506
TMEM192_RNA,-0.006424564868211746
C20orf202_RNA,-0.006426932290196419
UBQLN3_RNA,-0.006432302761822939
APEH_RNA,-0.006433538161218166
NR2C1_RNA,-0.006444885395467281
MAN2B2_RNA,-0.006454996764659882
AMN_RNA,-0.0064575863070786
PIK3R6_RNA,-0.006480996962636709
SNORD115-15_RNA,-0.006514776963740587
ASXL1_RNA,-0.006550738122314215
THUMPD1_RNA,-0.006571921519935131
ADCY4_RNA,-0.006656309124082327
ADCK5_RNA,-0.006666793487966061
TOMM20L_RNA,-0.006668650545179844
SNORD115-35_RNA,-0.006719790864735842
SPDYE4_RNA,-0.006722551304847002
ZC3H4_RNA,-0.006725126877427101
MIR1913_RNA,-0.0067261746153235435
TRIM23_RNA,-0.006733494810760021
HNRNPA0_RNA,-0.0067339069209992886
CTNNBL1_RNA,-0.006765185855329037
MMD2_RNA,-0.006766438018530607
MIR494_RNA,-0.0067861308343708515
PA2G4_RNA,-0.006792525760829449
TRIM65_RNA,-0.006808850914239883
SCAP_RNA,-0.006810394115746021
FASTKD5_RNA,-0.006811778526753187
DECR2_RNA,-0.00682422611862421
RAB3GAP1_RNA,-0.0068272193893790245
HSP90AB2P_RNA,-0.00683176051825285
INPPL1_RNA,-0.006842902395874262
EVI5_RNA,-0.006849938537925482
GPD1L_RNA,-0.006864024326205254
RAX2_RNA,-0.006881995126605034
CEP135_RNA,-0.006905532907694578
ASB9_RNA,-0.006912167649716139
CEACAM5_RNA,-0.00691897002980113
CWC22_RNA,-0.006922144442796707
BCAS2_RNA,-0.006925913505256176
HIGD1A_RNA,-0.006962666288018227
FGFBP3_RNA,-0.006977173499763012
LY75_RNA,-0.007006094790995121
PODNL1_RNA,-0.007019820157438517
FHL1_RNA,-0.0070296223275363445
QRICH1_RNA,-0.0070300474762916565
RNPS1_RNA,-0.0070304530672729015
ZP2_RNA,-0.0070428140461444855
C15orf40_RNA,-0.0070444634184241295
TSPO_RNA,-0.007053361274302006
PTCRA_RNA,-0.007054009009152651
FOXP2_RNA,-0.0070561859756708145
ABHD4_RNA,-0.007072832901030779
TMEM120B_RNA,-0.007109996397048235
POPDC2_RNA,-0.007113265339285135
GPR137C_RNA,-0.00713916402310133
TES_RNA,-0.007144738454371691
CCL5_RNA,-0.007148622069507837
TMEM181_RNA,-0.00714949332177639
ETNK2_RNA,-0.00714956084266305
USO1_RNA,-0.00715102581307292
KIR3DL1_RNA,-0.007170678116381168
LAMA3_RNA,-0.007174026221036911
GUCY1A2_RNA,-0.00718725984916091
ATXN2L_RNA,-0.0071900151669979095
PANK3_RNA,-0.007194972597062588
MSH6_RNA,-0.007204361725598574
PRPF6_RNA,-0.007212137803435326
NAA50_RNA,-0.007224706932902336
SNORD56B_RNA,-0.007228338159620762
IREB2_RNA,-0.007234988734126091
ZMPSTE24_RNA,-0.007235783152282238
SIT1_RNA,-0.007236261386424303
EBPL_RNA,-0.007248720154166222
CDK11B_RNA,-0.007249373942613602
KLHL36_RNA,-0.007255331613123417
ARGFX_RNA,-0.007255692966282368
PRAM1_RNA,-0.007258163299411535
CENPL_RNA,-0.0072607435286045074
AIG1_RNA,-0.007267545443028212
ASTL_RNA,-0.007291798945516348
CCDC28A_RNA,-0.007306269370019436
FSCN2_RNA,-0.007312684785574675
ACOT8_RNA,-0.00731424568220973
TUBA4B_RNA,-0.007340550422668457
SNX7_RNA,-0.0073422654531896114
ADCY8_RNA,-0.007345505524426699
AP2A1_RNA,-0.007350772153586149
FUNDC1_RNA,-0.007367014419287443
TSN_RNA,-0.007374015636742115
CLEC3B_RNA,-0.007388212252408266
STAU2_RNA,-0.007390894927084446
SNORA38B_RNA,-0.007434988394379616
DOK4_RNA,-0.007444420829415321
PIGK_RNA,-0.007457282859832048
FBXO31_RNA,-0.007474437355995178
MRPL42_RNA,-0.007474832236766815
NTF4_RNA,-0.0074949986301362514
EDEM2_RNA,-0.007512758485972881
PLEKHA2_RNA,-0.0075232163071632385
HBEGF_RNA,-0.007529742084443569
SLC22A18AS_RNA,-0.007533646654337645
NOSTRIN_RNA,-0.007540629245340824
RNF187_RNA,-0.007559376768767834
VPS35_RNA,-0.007564714178442955
GEMIN7_RNA,-0.007588698994368315
SH2D2A_RNA,-0.007632690481841564
SNORA70B_RNA,-0.007643064484000206
TMC3_RNA,-0.007701598573476076
PKHD1L1_RNA,-0.007734064478427172
NDUFAF1_RNA,-0.007735393475741148
MIR411_RNA,-0.0077571566216647625
ARFGEF2_RNA,-0.007763149682432413
PALLD_RNA,-0.00777686620131135
TELO2_RNA,-0.007780279032886028
ANKDD1A_RNA,-0.007809668779373169
NTN1_RNA,-0.007810440380126238
PHYH_RNA,-0.00781723577529192
CASQ1_RNA,-0.007819617167115211
MT1X_RNA,-0.00782041996717453
CASD1_RNA,-0.007829291746020317
DYDC2_RNA,-0.007856091484427452
USP25_RNA,-0.007879147306084633
MMP27_RNA,-0.007892250083386898
IL21_RNA,-0.007893395610153675
SLC6A16_RNA,-0.007893701083958149
NACAD_RNA,-0.007894214242696762
ABCC11_RNA,-0.007919282652437687
TEX19_RNA,-0.007926486432552338
CENPV_RNA,-0.007941905409097672
GPX7_RNA,-0.00794259738177061
YTHDC1_RNA,-0.007954799570143223
RUVBL2_RNA,-0.00795823149383068
KALRN_RNA,-0.00796597171574831
ALG14_RNA,-0.007974918000400066
LTBP2_RNA,-0.008003764785826206
STAT3_RNA,-0.008005165494978428
MARK2_RNA,-0.00801004096865654
KCNJ1_RNA,-0.00801103562116623
CXXC1_RNA,-0.008012347854673862
STX11_RNA,-0.008042656816542149
COX10_RNA,-0.008053647354245186
ATXN7_RNA,-0.008058668114244938
SLC47A2_RNA,-0.008064701221883297
XPOT_RNA,-0.008092065341770649
SYT1_RNA,-0.008096314035356045
GLA_RNA,-0.008096429519355297
RANBP3L_RNA,-0.00811806321144104
IGDCC3_RNA,-0.008138570003211498
FOLR1_RNA,-0.008153686299920082
BHLHA15_RNA,-0.008167495019733906
ACAD9_RNA,-0.008209321647882462
P2RY2_RNA,-0.008221334777772427
TMEM91_RNA,-0.008233615197241306
SLC23A2_RNA,-0.008242353796958923
DCLK2_RNA,-0.008282879367470741
TSPAN2_RNA,-0.008300745859742165
TTLL5_RNA,-0.00833770539611578
ITIH5_RNA,-0.008368329145014286
DUT_RNA,-0.008390284143388271
NCDN_RNA,-0.008413989096879959
CDAN1_RNA,-0.008438869379460812
SLC32A1_RNA,-0.008454332128167152
IL6_RNA,-0.008459423668682575
SARM1_RNA,-0.008464991115033627
ZNF585A_RNA,-0.00848350953310728
HSPA12B_RNA,-0.00849834457039833
MGA_RNA,-0.00849862303584814
SRRM1_RNA,-0.008499380201101303
SLC5A8_RNA,-0.008500774390995502
STK38_RNA,-0.008513588458299637
HDAC1_RNA,-0.008524376899003983
RNASEK_RNA,-0.008527042344212532
ZNF660_RNA,-0.008548504672944546
FBXO5_RNA,-0.008570357225835323
PPM1E_RNA,-0.008582734502851963
DHCR7_RNA,-0.008585680276155472
TOR1AIP1_RNA,-0.008595561608672142
C19orf53_RNA,-0.008596239611506462
GFRA4_RNA,-0.00862000323832035
IDH2_RNA,-0.00866373535245657
SNAP47_RNA,-0.008671422488987446
HTRA4_RNA,-0.008686017245054245
KRT4_RNA,-0.008710172027349472
LONP2_RNA,-0.008759755641222
RSPH6A_RNA,-0.008768521249294281
PFKP_RNA,-0.008786531165242195
EIF4E1B_RNA,-0.008789067156612873
HOXB13_RNA,-0.008794200606644154
CYP1B1_RNA,-0.008800908923149109
ZNF263_RNA,-0.008835994638502598
TNS1_RNA,-0.008842065930366516
UBN1_RNA,-0.008861823938786983
TNFRSF4_RNA,-0.008869319222867489
GATAD2A_RNA,-0.008878778666257858
C1orf116_RNA,-0.008880550973117352
TNFSF13B_RNA,-0.008888349868357182
CUL3_RNA,-0.008896908722817898
MIER1_RNA,-0.008929749019443989
MANSC1_RNA,-0.008941173553466797
ULK1_RNA,-0.008971812203526497
STK16_RNA,-0.008973785676062107
DNAJB11_RNA,-0.008981453254818916
LMOD3_RNA,-0.009008100256323814
P2RX4_RNA,-0.009008311666548252
AIDA_RNA,-0.009024960920214653
BBS1_RNA,-0.009027901105582714
GCAT_RNA,-0.009048059582710266
RUVBL1_RNA,-0.009052649140357971
MIR299_RNA,-0.009062596596777439
SLC33A1_RNA,-0.009070487692952156
USH1G_RNA,-0.009079075418412685
SSRP1_RNA,-0.009084196761250496
POLQ_RNA,-0.009128871373832226
HMSD_RNA,-0.009133460000157356
PSMD1_RNA,-0.009137492626905441
RNF10_RNA,-0.009167664684355259
METTL14_RNA,-0.009178761392831802
INPP5B_RNA,-0.00918004009872675
POLR2E_RNA,-0.009199382737278938
TINF2_RNA,-0.00920102745294571
OR52I2_RNA,-0.009205293841660023
FYCO1_RNA,-0.009215516969561577
ARHGEF1_RNA,-0.009226073510944843
RAB41_RNA,-0.009231308475136757
FAM53C_RNA,-0.009250158444046974
CNTD1_RNA,-0.009260752238333225
NDUFA12_RNA,-0.00926182884722948
DKK2_RNA,-0.0092627527192235
MAPK1_RNA,-0.009270180948078632
OR51Q1_RNA,-0.009273982606828213
SENP2_RNA,-0.009274079464375973
AP1G1_RNA,-0.009292715229094028
NOS3_RNA,-0.009295202791690826
TRPC4_RNA,-0.009311817586421967
SPTBN1_RNA,-0.00931200385093689
C3orf49_RNA,-0.009312224574387074
RBBP7_RNA,-0.009315075352787971
LUC7L_RNA,-0.009320039302110672
THADA_RNA,-0.009320184588432312
CALCOCO1_RNA,-0.009353983215987682
FMO3_RNA,-0.00936863012611866
TFAP2D_RNA,-0.009375747293233871
KAAG1_RNA,-0.009381437674164772
OSGEP_RNA,-0.009381737560033798
COX5A_RNA,-0.009384428150951862
APP_RNA,-0.009404737502336502
NSA2_RNA,-0.009414028376340866
SRP14_RNA,-0.00941652711480856
SBNO1_RNA,-0.009419611655175686
HOXD13_RNA,-0.009449032135307789
VSIG10L_RNA,-0.009449535049498081
PLBD1_RNA,-0.009460060857236385
ZNF493_RNA,-0.009463351219892502
SPRYD4_RNA,-0.009463591501116753
FUBP3_RNA,-0.009488344192504883
AP2S1_RNA,-0.009499013423919678
TTLL10_RNA,-0.009511888958513737
LBX1_RNA,-0.009512275457382202
GPR141_RNA,-0.009531420655548573
SYCE2_RNA,-0.009542679414153099
PLEKHA3_RNA,-0.009548313915729523
COQ6_RNA,-0.009553955867886543
PTPRB_RNA,-0.009555652737617493
TIMM10_RNA,-0.009571126662194729
KRT79_RNA,-0.009572120383381844
MIR603_RNA,-0.009605132974684238
MIR320C1_RNA,-0.009614226408302784
TRAT1_RNA,-0.009625430218875408
SIKE1_RNA,-0.009629699401557446
AZGP1_RNA,-0.009630335494875908
XPO1_RNA,-0.009632728062570095
MTHFSD_RNA,-0.009642716497182846
DLG3_RNA,-0.009651937521994114
MIR626_RNA,-0.0096554234623909
TMEM44_RNA,-0.009684097021818161
PIGL_RNA,-0.009685258381068707
TNPO3_RNA,-0.009688995778560638
GIT2_RNA,-0.009735225699841976
RNF41_RNA,-0.009746878407895565
ARL5A_RNA,-0.009753880091011524
AMZ2_RNA,-0.009765712544322014
LAIR2_RNA,-0.009792677126824856
VEZF1_RNA,-0.009793659672141075
RAB20_RNA,-0.009810526855289936
C11orf87_RNA,-0.009821739047765732
RAD9A_RNA,-0.009822456166148186
L1TD1_RNA,-0.00983747374266386
RDH11_RNA,-0.009859862737357616
NOVA1_RNA,-0.009892159141600132
KCTD2_RNA,-0.009897559881210327
SNORD11_RNA,-0.009902585297822952
CSNK1D_RNA,-0.009925919584929943
ADAMTS2_RNA,-0.009944670833647251
ROCK1_RNA,-0.00995155144482851
DUSP15_RNA,-0.009959058836102486
PSME4_RNA,-0.00996499601751566
SUPT6H_RNA,-0.009968153201043606
CACNA1S_RNA,-0.009983125142753124
NEK2_RNA,-0.009993050247430801
KLF5_RNA,-0.009996679611504078
ST8SIA6_RNA,-0.010002990253269672
LPCAT2_RNA,-0.010020752437412739
SLC35B2_RNA,-0.010029138065874577
SNORD115-1_RNA,-0.010039960965514183
SNORD12C_RNA,-0.010042036883533001
POMP_RNA,-0.010049221105873585
NRG1_RNA,-0.010054212063550949
PRR5-ARHGAP8_RNA,-0.010065628215670586
THYN1_RNA,-0.01009878795593977
JKAMP_RNA,-0.010106497444212437
USP10_RNA,-0.010130457580089569
ZNF793_RNA,-0.010157131589949131
PTGR2_RNA,-0.010186520405113697
MIR33B_RNA,-0.010191193781793118
C18orf54_RNA,-0.010195066221058369
HAUS4_RNA,-0.01019745972007513
TRIB1_RNA,-0.010229415260255337
CHST11_RNA,-0.01023269072175026
FAIM_RNA,-0.010243642143905163
CHST4_RNA,-0.010263084433972836
TSR2_RNA,-0.010264287702739239
ELMOD3_RNA,-0.010266216471791267
ZNF689_RNA,-0.01026813592761755
PARP1_RNA,-0.010308776050806046
SEL1L_RNA,-0.010348710231482983
ZNF569_RNA,-0.010349667631089687
RNF170_RNA,-0.01035858690738678
KIR3DL2_RNA,-0.010363146662712097
FOXO3_RNA,-0.010370851494371891
TMEM59L_RNA,-0.010373316705226898
KLK3_RNA,-0.010385704226791859
PDHX_RNA,-0.010399122722446918
TMED8_RNA,-0.010400739498436451
TMTC4_RNA,-0.010402621701359749
USP37_RNA,-0.010411982424557209
IL22_RNA,-0.010426445864140987
LRPAP1_RNA,-0.010432714596390724
ZNF721_RNA,-0.010447652079164982
CRB3_RNA,-0.010451867245137691
KRT10_RNA,-0.01045227237045765
AKR7A3_RNA,-0.010480159893631935
LRRN1_RNA,-0.010493115521967411
PLD3_RNA,-0.010494658723473549
PLAC9_RNA,-0.010499644093215466
TMCO1_RNA,-0.010513544082641602
E2F4_RNA,-0.01052106637507677
DKC1_RNA,-0.010531043633818626
KIF26B_RNA,-0.010532982647418976
TBL1X_RNA,-0.010564012452960014
TDRD9_RNA,-0.010581673122942448
CRTC3_RNA,-0.010585840791463852
RIBC2_RNA,-0.010586434043943882
PMPCA_RNA,-0.010588336735963821
ZC3H7A_RNA,-0.010600589215755463
SLC34A3_RNA,-0.01062742155045271
ARL4D_RNA,-0.0106737045571208
SLC5A10_RNA,-0.010700494050979614
MIR647_RNA,-0.010726706124842167
ZFC3H1_RNA,-0.010743080638349056
ALG2_RNA,-0.010761532932519913
SAMD12_RNA,-0.010779336094856262
SNORD88A_RNA,-0.010792865417897701
INCA1_RNA,-0.01080838218331337
FBRS_RNA,-0.010844375006854534
OR7C2_RNA,-0.010884561575949192
TRPC5_RNA,-0.0108910221606493
ZFP42_RNA,-0.010898744687438011
ATP11B_RNA,-0.010909849777817726
KRT16_RNA,-0.01091152336448431
INO80E_RNA,-0.010925675742328167
NLRP3_RNA,-0.010934890247881413
SFRP5_RNA,-0.010942608118057251
LSM14B_RNA,-0.010967938229441643
TXNDC2_RNA,-0.010968460701406002
TPT1_RNA,-0.010977334342896938
PBK_RNA,-0.010996997356414795
CD46_RNA,-0.011000390164554119
SHC4_RNA,-0.011004224419593811
DCP2_RNA,-0.011043479666113853
CDK5RAP3_RNA,-0.011044614017009735
FAM162A_RNA,-0.011079014278948307
KIF3B_RNA,-0.01108213048428297
MS4A1_RNA,-0.011085901409387589
HS6ST2_RNA,-0.01108740083873272
HTR1A_RNA,-0.01108928769826889
DISP2_RNA,-0.011103625409305096
ARID3A_RNA,-0.01113842986524105
ST7L_RNA,-0.011139653623104095
TMEM179B_RNA,-0.011178003624081612
TAOK1_RNA,-0.011186757124960423
C19orf73_RNA,-0.011188089847564697
CSF2_RNA,-0.01119074784219265
DCTN2_RNA,-0.011204526759684086
P2RX1_RNA,-0.011205017566680908
DEFB1_RNA,-0.011211622506380081
ACTR6_RNA,-0.011215092614293098
CALB2_RNA,-0.011216938495635986
MYL4_RNA,-0.011248794384300709
PIK3R4_RNA,-0.011255585588514805
SURF6_RNA,-0.011260835453867912
CNGA2_RNA,-0.011324465274810791
DPH1_RNA,-0.011332593858242035
TSPYL5_RNA,-0.01133351307362318
MRPL49_RNA,-0.01133981253951788
USP38_RNA,-0.011367013677954674
ERCC6L_RNA,-0.011380324140191078
FKBP15_RNA,-0.011380412615835667
CCDC150_RNA,-0.011387411504983902
ANKMY1_RNA,-0.011388059705495834
ADAMTS6_RNA,-0.011405780911445618
MLH1_RNA,-0.011419141665101051
MED31_RNA,-0.011439734138548374
UBE2Z_RNA,-0.011445321142673492
EIF2B1_RNA,-0.01144822034984827
SPINK4_RNA,-0.01145098451524973
PHGDH_RNA,-0.011485672555863857
TERF1_RNA,-0.011502944864332676
ULK3_RNA,-0.011505969800055027
C1QL4_RNA,-0.011518377810716629
ITGB1BP1_RNA,-0.011567221954464912
ANAPC7_RNA,-0.011570011265575886
BCLAF1_RNA,-0.011637819930911064
RPS5_RNA,-0.01165431272238493
KHDRBS1_RNA,-0.011665853671729565
SCT_RNA,-0.011667895130813122
KLHL1_RNA,-0.011688519269227982
CCDC3_RNA,-0.0116962268948555
IL2RB_RNA,-0.01170152798295021
ADAM7_RNA,-0.011710003018379211
RARG_RNA,-0.011716821230947971
ACTR10_RNA,-0.011723680421710014
C20orf144_RNA,-0.011736146174371243
ADAM8_RNA,-0.01173989474773407
CDK5RAP1_RNA,-0.011749833822250366
TMEM87A_RNA,-0.011750251054763794
SACM1L_RNA,-0.011760219931602478
COL2A1_RNA,-0.011766527779400349
SCOC_RNA,-0.011784225702285767
TM4SF19_RNA,-0.011807863600552082
TYMP_RNA,-0.011812624521553516
SENP3_RNA,-0.011813809163868427
HSPA7_RNA,-0.01182162668555975
PSMA2_RNA,-0.01183441374450922
ABCB11_RNA,-0.011836931109428406
ZNF320_RNA,-0.011847564950585365
SIGLEC9_RNA,-0.011888398788869381
KLK5_RNA,-0.011898798868060112
CLEC12B_RNA,-0.011901002377271652
FIGNL2_RNA,-0.011912524700164795
CSNK1G3_RNA,-0.011914989911019802
MIR1301_RNA,-0.011920835822820663
HCG9_RNA,-0.011933860369026661
MIR487A_RNA,-0.011948768980801105
RCOR3_RNA,-0.011962510645389557
UQCRQ_RNA,-0.011982484720647335
MUTYH_RNA,-0.011985351331532001
GBGT1_RNA,-0.01199016161262989
GNG5_RNA,-0.011995760723948479
BMX_RNA,-0.011999866925179958
SLC24A2_RNA,-0.012027746066451073
PPP2R5C_RNA,-0.012035870924592018
COL18A1_RNA,-0.0120396064594388
WSCD2_RNA,-0.012052299454808235
ACTG1_RNA,-0.012055023573338985
TREML4_RNA,-0.012090276926755905
CACNB2_RNA,-0.012095822021365166
ATP6V0D2_RNA,-0.012098223902285099
RBM33_RNA,-0.012099053710699081
MYLK4_RNA,-0.012113440781831741
LARP1_RNA,-0.01213565468788147
DYM_RNA,-0.012145723216235638
SNORD116-5_RNA,-0.01215161383152008
UBA7_RNA,-0.012159946374595165
MT2A_RNA,-0.01217392273247242
PRKAG2_RNA,-0.012187779881060123
CTCF_RNA,-0.012190937995910645
TTC29_RNA,-0.01222493126988411
VWA5B1_RNA,-0.012226639315485954
FEM1B_RNA,-0.012231259606778622
SLC7A8_RNA,-0.01223649550229311
CBX5_RNA,-0.012253042310476303
MED25_RNA,-0.012254143133759499
NDUFB5_RNA,-0.012272387742996216
APOL3_RNA,-0.012333445250988007
CNPY2_RNA,-0.012334578670561314
FAAH2_RNA,-0.01238643005490303
SND1_RNA,-0.01239286083728075
NDUFS1_RNA,-0.012402933090925217
MED26_RNA,-0.012404276058077812
XPA_RNA,-0.012414049357175827
ELOVL3_RNA,-0.012423750013113022
PIBF1_RNA,-0.01244065910577774
NR1H3_RNA,-0.012443283572793007
ST6GALNAC4_RNA,-0.012491744011640549
MRPS18A_RNA,-0.012502651661634445
PPM1K_RNA,-0.012526081874966621
GHSR_RNA,-0.012537631206214428
ZNF571_RNA,-0.012542005628347397
PDCD2L_RNA,-0.012569389306008816
CTSK_RNA,-0.012580616399645805
CCDC42_RNA,-0.012583760544657707
LDHAL6A_RNA,-0.012599126435816288
POLR3E_RNA,-0.012637661769986153
ZNF205_RNA,-0.012643365189433098
UQCRFS1_RNA,-0.012665605172514915
BRI3_RNA,-0.01267508789896965
ANAPC10_RNA,-0.012676212005317211
RIOK2_RNA,-0.012679701671004295
COQ10B_RNA,-0.012691623531281948
CCNL1_RNA,-0.012709027156233788
EXTL2_RNA,-0.012716388329863548
STK38L_RNA,-0.012723943218588829
ZNF771_RNA,-0.012753209099173546
EME2_RNA,-0.012759853154420853
MAT2A_RNA,-0.01277282927185297
FBLN1_RNA,-0.012790294364094734
SNAI1_RNA,-0.012795038521289825
MAPK8IP1_RNA,-0.012799826450645924
UGT1A6_RNA,-0.012813529931008816
LSM11_RNA,-0.012815558351576328
TMEM65_RNA,-0.012823877856135368
NR1D2_RNA,-0.012828545644879341
MIR183_RNA,-0.012828771024942398
NCBP2_RNA,-0.012870773673057556
HECTD1_RNA,-0.012877366505563259
ADAT1_RNA,-0.01290732529014349
FAM174A_RNA,-0.01292893011122942
MIR1305_RNA,-0.012932904064655304
IP6K2_RNA,-0.01294661033898592
MIR9-1_RNA,-0.012978368438780308
SETX_RNA,-0.012992274016141891
SKAP1_RNA,-0.013004827313125134
RAMP2_RNA,-0.013013392686843872
WDR59_RNA,-0.013021614402532578
IQCH_RNA,-0.013023155741393566
PADI2_RNA,-0.01303015649318695
NAALADL1_RNA,-0.013057987205684185
GATA4_RNA,-0.013074551708996296
TSHZ2_RNA,-0.01308753713965416
KNCN_RNA,-0.013089494779706001
CDKN1B_RNA,-0.013089495711028576
ANXA3_RNA,-0.01310476753860712
HELLS_RNA,-0.013104978948831558
COPZ1_RNA,-0.013113767839968204
ZNF420_RNA,-0.013119818642735481
POLR2C_RNA,-0.013121719472110271
ZNF557_RNA,-0.013126451522111893
KCNN2_RNA,-0.013126885518431664
RETN_RNA,-0.01314135268330574
CPD_RNA,-0.013143627904355526
KCNQ4_RNA,-0.01317261066287756
SYT10_RNA,-0.013173133134841919
SYNGR3_RNA,-0.01319874171167612
SNRNP200_RNA,-0.01320049911737442
ELF3_RNA,-0.013204507529735565
PROX1_RNA,-0.013207080774009228
KIF2C_RNA,-0.013241550885140896
SPRR3_RNA,-0.013241668231785297
TMPRSS6_RNA,-0.01324345450848341
IL26_RNA,-0.013259179890155792
LHX3_RNA,-0.013259721919894218
RNASEH2A_RNA,-0.013284925371408463
IER3_RNA,-0.0132899833843112
CLDND2_RNA,-0.01329729612916708
SRD5A1_RNA,-0.013299962505698204
MAPKAPK5_RNA,-0.013304585590958595
MAP3K10_RNA,-0.013307410292327404
CCDC124_RNA,-0.013310129754245281
NVL_RNA,-0.013323654420673847
LY6D_RNA,-0.013343184255063534
CPA5_RNA,-0.013361492194235325
TRA2A_RNA,-0.013376977294683456
CSNK1G1_RNA,-0.01338321901857853
SNORD115-11_RNA,-0.013437834568321705
EPPK1_RNA,-0.013444438576698303
NUP153_RNA,-0.013457763940095901
ARID3C_RNA,-0.013467162847518921
C7orf25_RNA,-0.013470414094626904
MFAP3_RNA,-0.013477959670126438
PDF_RNA,-0.013497911393642426
FNDC4_RNA,-0.013533798977732658
UBXN4_RNA,-0.013564672321081161
ZRANB2_RNA,-0.01356653030961752
SETBP1_RNA,-0.013615930452942848
ANO8_RNA,-0.013629458844661713
PREPL_RNA,-0.013659772463142872
HARS2_RNA,-0.013685343787074089
ZNF428_RNA,-0.013691187836229801
CIC_RNA,-0.013697548769414425
USP28_RNA,-0.01369927916675806
RNF213_RNA,-0.013739843852818012
TNFRSF25_RNA,-0.013771490193903446
ACLY_RNA,-0.013784264214336872
FOXK1_RNA,-0.013811707496643066
MIR1827_RNA,-0.01383450347930193
SNAPC2_RNA,-0.0138446856290102
GPATCH1_RNA,-0.013852247036993504
RCCD1_RNA,-0.013855009339749813
ISG20_RNA,-0.013865109533071518
GATC_RNA,-0.01387770939618349
WFDC8_RNA,-0.013893479481339455
SVOP_RNA,-0.013916841708123684
VIPR1_RNA,-0.01392174419015646
MIR29A_RNA,-0.013929266482591629
KCNH6_RNA,-0.013934435322880745
ATG4C_RNA,-0.013943811878561974
TM2D1_RNA,-0.013951714150607586
ISCA1_RNA,-0.014002513140439987
PHLPP1_RNA,-0.01404584664851427
ATP2B2_RNA,-0.014045849442481995
ITGB3BP_RNA,-0.014048224315047264
ZMYM2_RNA,-0.014049377292394638
ANKRD37_RNA,-0.014092182740569115
NRBP2_RNA,-0.014093335717916489
RAB30_RNA,-0.014108649455010891
CD3G_RNA,-0.014112235978245735
RTF1_RNA,-0.01411231979727745
FUT3_RNA,-0.014115674421191216
CRYBB3_RNA,-0.014116055332124233
CD2_RNA,-0.014120236970484257
NQO2_RNA,-0.014168238267302513
PGR_RNA,-0.014182980172336102
MTM1_RNA,-0.014188633300364017
SNORA11B_RNA,-0.014211396686732769
NMD3_RNA,-0.014229180291295052
PPFIA1_RNA,-0.014234312810003757
PALMD_RNA,-0.014234360307455063
RAG2_RNA,-0.014249234460294247
S1PR4_RNA,-0.014266579411923885
KDSR_RNA,-0.014273920096457005
ACYP1_RNA,-0.014276904053986073
CD59_RNA,-0.014284969307482243
FAM181B_RNA,-0.014285740442574024
WDR18_RNA,-0.014310629107058048
EVX2_RNA,-0.014324512332677841
NPBWR1_RNA,-0.014328401535749435
TRAFD1_RNA,-0.014340642839670181
PIGQ_RNA,-0.014343555085361004
UBE2U_RNA,-0.014362912625074387
C1R_RNA,-0.014378750696778297
BBS5_RNA,-0.014379405416548252
BRCC3_RNA,-0.014392093755304813
TMEM115_RNA,-0.01439881045371294
C1orf53_RNA,-0.014423653483390808
HNRNPM_RNA,-0.014468214474618435
TRPM8_RNA,-0.014470932073891163
KLF14_RNA,-0.014509527012705803
MANF_RNA,-0.014522284269332886
APOL4_RNA,-0.014531726948916912
RNF167_RNA,-0.014532181434333324
HYAL2_RNA,-0.014534633606672287
MIR641_RNA,-0.014539317227900028
DNAJC27_RNA,-0.014541094191372395
DLAT_RNA,-0.014554680325090885
FRMPD2_RNA,-0.014555472880601883
PRUNE2_RNA,-0.01456386223435402
CCL28_RNA,-0.014584220945835114
RPH3AL_RNA,-0.014590644277632236
ATP2C1_RNA,-0.014602678827941418
RFC4_RNA,-0.01462456863373518
EML4_RNA,-0.014624769799411297
COL9A1_RNA,-0.014629279263317585
SNORD71_RNA,-0.014636250212788582
SF3A2_RNA,-0.01463724672794342
ST6GALNAC6_RNA,-0.014641936868429184
CARD9_RNA,-0.014669699594378471
ALKBH1_RNA,-0.014682816341519356
EXOSC9_RNA,-0.014696958474814892
SH3RF1_RNA,-0.014701259322464466
ZNF30_RNA,-0.014718172140419483
CYLD_RNA,-0.014719802886247635
HADH_RNA,-0.014727609232068062
SNORA35_RNA,-0.014739250764250755
CDK20_RNA,-0.014758866280317307
RBM18_RNA,-0.014765233732759953
PFN4_RNA,-0.014774968847632408
CCDC83_RNA,-0.014792514964938164
UTRN_RNA,-0.014805145561695099
ROPN1L_RNA,-0.014825878664851189
GOLGA1_RNA,-0.014852229505777359
RBL2_RNA,-0.014868001453578472
IER2_RNA,-0.014880450442433357
DDX49_RNA,-0.01488797552883625
CAPN6_RNA,-0.014892244711518288
TMEM117_RNA,-0.014904073439538479
UGT2B15_RNA,-0.014904974959790707
HP1BP3_RNA,-0.014912758022546768
CCKAR_RNA,-0.014932096935808659
NIPAL4_RNA,-0.014936436899006367
SIM2_RNA,-0.014936978928744793
DAZAP1_RNA,-0.01493902038782835
FAM98B_RNA,-0.01495943684130907
SYTL4_RNA,-0.014964050613343716
PPIB_RNA,-0.014970111660659313
EIF3G_RNA,-0.014990107156336308
MIR30B_RNA,-0.015006224624812603
RRH_RNA,-0.015026895329356194
SECISBP2L_RNA,-0.015030213631689548
TMEM26_RNA,-0.015034188516438007
FGG_RNA,-0.015053358860313892
INHBA_RNA,-0.015059228986501694
FLII_RNA,-0.015078911557793617
FLOT1_RNA,-0.015101587399840355
ENGASE_RNA,-0.015104390680789948
NDUFC2_RNA,-0.015140801668167114
SNORA53_RNA,-0.015151994302868843
CCNA1_RNA,-0.015161409974098206
EPN3_RNA,-0.015168829821050167
ATF3_RNA,-0.015179102309048176
ZNF71_RNA,-0.015184164978563786
ZNF747_RNA,-0.015193731524050236
TIMM13_RNA,-0.015202411450445652
AKT1S1_RNA,-0.015213833190500736
HOXB6_RNA,-0.015239501371979713
SP2_RNA,-0.015250274911522865
AEBP2_RNA,-0.01528544444590807
ZNF570_RNA,-0.015286547131836414
PSMD12_RNA,-0.015300717204809189
MIR326_RNA,-0.015305762179195881
CBY3_RNA,-0.015318644233047962
FAM43A_RNA,-0.015322896651923656
INO80_RNA,-0.015339765697717667
CKAP4_RNA,-0.015352119691669941
CCR4_RNA,-0.015382356941699982
MMEL1_RNA,-0.015389279462397099
PPP1CC_RNA,-0.015405137091875076
MIR298_RNA,-0.01541835442185402
TRMT6_RNA,-0.015427345409989357
AKIRIN1_RNA,-0.0154368095099926
TIGD7_RNA,-0.015437448397278786
MS4A3_RNA,-0.015440549701452255
CLOCK_RNA,-0.015464703552424908
C2orf42_RNA,-0.015468897297978401
DCK_RNA,-0.015499954111874104
PROC_RNA,-0.015516504645347595
TTC39B_RNA,-0.015524527058005333
ZNF75A_RNA,-0.01556400302797556
ZSWIM1_RNA,-0.01558178011327982
BCL2A1_RNA,-0.015599234960973263
MRPL19_RNA,-0.015612405724823475
RBBP4_RNA,-0.015619411133229733
RSPO4_RNA,-0.015620016492903233
TGFBR3_RNA,-0.015638256445527077
BBS7_RNA,-0.01564328372478485
ASTE1_RNA,-0.01564834639430046
TNNC2_RNA,-0.015672629699110985
ZNF766_RNA,-0.0156866367906332
CDCA5_RNA,-0.01569436863064766
CDK4_RNA,-0.015723828226327896
CNOT6_RNA,-0.01574874483048916
ATRIP_RNA,-0.01576990820467472
TXNDC17_RNA,-0.0157740768045187
LONP1_RNA,-0.015781156718730927
TLR2_RNA,-0.015794483944773674
ZBTB25_RNA,-0.015824712812900543
USP48_RNA,-0.015826532617211342
RTBDN_RNA,-0.015838297083973885
RASSF1_RNA,-0.015845485031604767
PRKAB1_RNA,-0.01584971882402897
B3GAT3_RNA,-0.01587372086942196
GLMN_RNA,-0.01587941125035286
DAP_RNA,-0.01589224487543106
MTMR12_RNA,-0.01589362323284149
YWHAH_RNA,-0.015899591147899628
FOXJ3_RNA,-0.015908729285001755
PTCD1_RNA,-0.015909627079963684
MAN1C1_RNA,-0.01592719927430153
LRRC45_RNA,-0.015930412337183952
CHD2_RNA,-0.015932530164718628
PTRH1_RNA,-0.01593351550400257
CALHM2_RNA,-0.015939898788928986
OR1I1_RNA,-0.01595952734351158
DHX9_RNA,-0.01596440002322197
LCN8_RNA,-0.015967536717653275
NANOG_RNA,-0.015969034284353256
AIMP1_RNA,-0.015979070216417313
LETMD1_RNA,-0.016024792566895485
ILF3_RNA,-0.016026761382818222
EP400_RNA,-0.01603277213871479
CD300LB_RNA,-0.016045337542891502
ACOT11_RNA,-0.016055921092629433
ARHGAP9_RNA,-0.01606299728155136
SPNS1_RNA,-0.016064772382378578
TAX1BP3_RNA,-0.016067128628492355
TGOLN2_RNA,-0.0161151010543108
FGR_RNA,-0.016128597781062126
UNC13C_RNA,-0.01613342948257923
PRR14_RNA,-0.016149597242474556
HIC1_RNA,-0.016181422397494316
PSMA3_RNA,-0.01620831899344921
OFD1_RNA,-0.016211044043302536
KCNA4_RNA,-0.016220159828662872
ASB8_RNA,-0.016223011538386345
ZEB1_RNA,-0.016223402693867683
VPS4B_RNA,-0.016225161030888557
EPS15_RNA,-0.016229992732405663
IFRD2_RNA,-0.016250358894467354
PRR22_RNA,-0.01625390537083149
ROPN1B_RNA,-0.01628928631544113
IQCC_RNA,-0.0162908136844635
PCNT_RNA,-0.0162968710064888
SNORD114-15_RNA,-0.016338663175702095
ZNF341_RNA,-0.016343967989087105
MAGT1_RNA,-0.01637156493961811
UMPS_RNA,-0.016372403129935265
AMBP_RNA,-0.016375526785850525
PPFIA4_RNA,-0.016392232850193977
TOP1MT_RNA,-0.016392633318901062
SPAG17_RNA,-0.016408447176218033
NPPB_RNA,-0.016411811113357544
RGS19_RNA,-0.016413619741797447
SMARCC2_RNA,-0.016444753855466843
JAG2_RNA,-0.016457820311188698
TCOF1_RNA,-0.01646088808774948
ATP2A2_RNA,-0.01651082932949066
TMPO_RNA,-0.0165245421230793
KCTD13_RNA,-0.01655491068959236
SNPH_RNA,-0.016563205048441887
HINT1_RNA,-0.016572367399930954
DVL2_RNA,-0.01659162901341915
RNASE13_RNA,-0.01660962961614132
IFNG_RNA,-0.016634628176689148
PRMT1_RNA,-0.016635125502943993
DNAJB2_RNA,-0.016667423769831657
SCN7A_RNA,-0.01666826196014881
PTMA_RNA,-0.01667005755007267
LRPPRC_RNA,-0.016692301258444786
ADAM10_RNA,-0.01669742725789547
GAGE10_RNA,-0.01670711860060692
ALOX15B_RNA,-0.016727281734347343
C1orf141_RNA,-0.01674070581793785
TGFB1I1_RNA,-0.016756882891058922
ZNF414_RNA,-0.016770735383033752
DENND2D_RNA,-0.016786396503448486
GLOD5_RNA,-0.01679895631968975
TAF13_RNA,-0.016810143366456032
ARL13B_RNA,-0.016828881576657295
ITGA10_RNA,-0.016832299530506134
HAMP_RNA,-0.01684296876192093
TMEM164_RNA,-0.016896862536668777
ANAPC2_RNA,-0.016939593479037285
ZNF407_RNA,-0.01700645498931408
NTN3_RNA,-0.017009252682328224
SCAPER_RNA,-0.017014654353260994
MRPS2_RNA,-0.017046866938471794
GPR6_RNA,-0.01704983413219452
CDK5RAP2_RNA,-0.017062967643141747
GSDMA_RNA,-0.017065050080418587
RHEBL1_RNA,-0.017085213214159012
HRC_RNA,-0.01709785871207714
R3HDM2_RNA,-0.017101991921663284
PHGR1_RNA,-0.017121102660894394
RNF40_RNA,-0.017147263512015343
SPATA22_RNA,-0.01715479977428913
C2orf66_RNA,-0.017188895493745804
STK17B_RNA,-0.017202800139784813
CTSO_RNA,-0.01720700040459633
SCNN1D_RNA,-0.017209699377417564
PLSCR2_RNA,-0.017213871702551842
ARPP19_RNA,-0.017222117632627487
IQCA1_RNA,-0.017241928726434708
ZP3_RNA,-0.017250778153538704
DHX40_RNA,-0.01726003922522068
TPR_RNA,-0.01726621203124523
GRM4_RNA,-0.01726621761918068
GFM1_RNA,-0.017269499599933624
GRPR_RNA,-0.017276333644986153
ZNF710_RNA,-0.01727813109755516
ZNF474_RNA,-0.01727946847677231
GPR156_RNA,-0.017342736944556236
BNIP1_RNA,-0.01735091209411621
ANKRD33_RNA,-0.017351793125271797
TMEM87B_RNA,-0.017351917922496796
PPP4R1_RNA,-0.017365161329507828
OR2H1_RNA,-0.017371170222759247
ABCC4_RNA,-0.017380045726895332
RSRC2_RNA,-0.017394790425896645
RAB4A_RNA,-0.017396267503499985
SRP19_RNA,-0.017405394464731216
ALDH1A3_RNA,-0.017425157129764557
TCP11L1_RNA,-0.017426801845431328
SNAPC5_RNA,-0.017437664791941643
HIRIP3_RNA,-0.017448175698518753
PNMA1_RNA,-0.017452696338295937
DNASE1L1_RNA,-0.017472511157393456
PKN2_RNA,-0.01748516969382763
MPRIP_RNA,-0.017528265714645386
DHX29_RNA,-0.017547888681292534
CLEC12A_RNA,-0.017559127882122993
PDCD7_RNA,-0.01757076010107994
GPR152_RNA,-0.017573373392224312
VNN1_RNA,-0.017576370388269424
CELSR2_RNA,-0.017601022496819496
CT45A1_RNA,-0.01761862076818943
TBCK_RNA,-0.017629995942115784
TBC1D15_RNA,-0.01763155683875084
ACAD8_RNA,-0.01765543781220913
ABCG2_RNA,-0.01765887811779976
ZNF195_RNA,-0.017671283334493637
FUT1_RNA,-0.017692219465970993
IFIT3_RNA,-0.01771111972630024
SLC38A6_RNA,-0.017739536240696907
HOXC4_RNA,-0.017754919826984406
SLC17A8_RNA,-0.017764266580343246
ARHGEF3_RNA,-0.01776505820453167
CENPI_RNA,-0.017777953296899796
MTA1_RNA,-0.01779419369995594
SLFN12L_RNA,-0.017822060734033585
SSTR4_RNA,-0.01782294735312462
TBK1_RNA,-0.017827730625867844
MIR425_RNA,-0.017850827425718307
TUBGCP5_RNA,-0.017872052267193794
ZNF555_RNA,-0.017879825085401535
WDR89_RNA,-0.017975587397813797
NKAP_RNA,-0.017982039600610733
SCMH1_RNA,-0.017984237521886826
CPAMD8_RNA,-0.01799570396542549
ANLN_RNA,-0.018000563606619835
MIR377_RNA,-0.018031306564807892
LTK_RNA,-0.018044253811240196
UGGT2_RNA,-0.0180511511862278
ID4_RNA,-0.018055249005556107
DCST2_RNA,-0.01806236431002617
FOXRED1_RNA,-0.018090903759002686
GLB1_RNA,-0.018122633919119835
GCLM_RNA,-0.01812330074608326
HCRT_RNA,-0.018131576478481293
ITM2C_RNA,-0.018144194036722183
CDKL2_RNA,-0.0181820560246706
GSTM2_RNA,-0.018182968720793724
CRTAP_RNA,-0.01820000447332859
RAD50_RNA,-0.01821228675544262
PRKDC_RNA,-0.018225714564323425
MIR613_RNA,-0.018233943730592728
WNT8A_RNA,-0.018234601244330406
WTAP_RNA,-0.018247447907924652
USP30_RNA,-0.018263181671500206
GMPS_RNA,-0.018296832218766212
IFT52_RNA,-0.01834391988813877
PF4V1_RNA,-0.018387429416179657
ACTA1_RNA,-0.018399082124233246
SPTAN1_RNA,-0.018426883965730667
CETN3_RNA,-0.018453257158398628
FKBP6_RNA,-0.01846347190439701
HAUS5_RNA,-0.018465835601091385
SSC5D_RNA,-0.018474647775292397
DHRS1_RNA,-0.01848357729613781
NUDT22_RNA,-0.018526410683989525
ZDHHC5_RNA,-0.01854250766336918
MAP2K2_RNA,-0.018544219434261322
GOLGA5_RNA,-0.018557144328951836
ATP8B3_RNA,-0.01856892742216587
IFITM1_RNA,-0.018576953560113907
CHAD_RNA,-0.018594108521938324
HLA-E_RNA,-0.018608015030622482
GTF2H4_RNA,-0.01860872469842434
TTC17_RNA,-0.018632560968399048
FAM91A1_RNA,-0.018707286566495895
ELAC2_RNA,-0.018707510083913803
PSME1_RNA,-0.018709249794483185
ATL2_RNA,-0.018724853172898293
OR51B2_RNA,-0.018737083300948143
EIF3F_RNA,-0.018744181841611862
NOP16_RNA,-0.018768252804875374
IPO11_RNA,-0.018773632124066353
BRIX1_RNA,-0.018795030191540718
ANGEL2_RNA,-0.018808487802743912
CNPY1_RNA,-0.01881711371243
NFKBID_RNA,-0.018850216642022133
INPP5D_RNA,-0.018854137510061264
IFI27_RNA,-0.01887505315244198
SH3GLB1_RNA,-0.018887201324105263
TNRC6A_RNA,-0.018898949027061462
ICAM2_RNA,-0.01891021616756916
MAGEF1_RNA,-0.018914714455604553
NCOA3_RNA,-0.01892375387251377
AHCTF1_RNA,-0.018929390236735344
ALDH5A1_RNA,-0.01894017681479454
PGBD5_RNA,-0.018943438306450844
AK3_RNA,-0.01897672936320305
ZNF394_RNA,-0.01899220421910286
IL4_RNA,-0.019002992659807205
TAP2_RNA,-0.019015206024050713
RCBTB1_RNA,-0.019018158316612244
TOMM40_RNA,-0.01902644895017147
MIR300_RNA,-0.01905519887804985
GRIN1_RNA,-0.019094232469797134
CDK17_RNA,-0.019108964130282402
PSAT1_RNA,-0.019115282222628593
MMAB_RNA,-0.019122488796710968
NAT8L_RNA,-0.019123056903481483
PRRG4_RNA,-0.019146589562296867
PAX2_RNA,-0.01914968527853489
CCDC15_RNA,-0.019154436886310577
CENPO_RNA,-0.019195979461073875
ARRDC1_RNA,-0.019202573224902153
GJB2_RNA,-0.01920314133167267
MAP3K12_RNA,-0.01922098733484745
CEACAM3_RNA,-0.01923980563879013
SLMAP_RNA,-0.019241802394390106
PSIP1_RNA,-0.019242025911808014
GPN2_RNA,-0.01924210786819458
SH2D1B_RNA,-0.019272033125162125
ANXA6_RNA,-0.019276130944490433
MIER3_RNA,-0.01928560622036457
C1orf35_RNA,-0.019291497766971588
TMEM120A_RNA,-0.019316287711262703
MRPS9_RNA,-0.019321607425808907
NEB_RNA,-0.019327957183122635
ADAMTSL2_RNA,-0.01935402676463127
POLE_RNA,-0.019372303038835526
CELP_RNA,-0.019374363124370575
MIR154_RNA,-0.01937517523765564
PARP2_RNA,-0.019391028210520744
PCDHB14_RNA,-0.019412605091929436
DYRK1A_RNA,-0.01941274106502533
IYD_RNA,-0.019421614706516266
FLYWCH2_RNA,-0.019441109150648117
MPP4_RNA,-0.019456813111901283
TGFA_RNA,-0.01949755661189556
MYH9_RNA,-0.019513331353664398
ACBD3_RNA,-0.019530411809682846
C19orf12_RNA,-0.019533198326826096
DAGLB_RNA,-0.01953952945768833
DBP_RNA,-0.019552042707800865
ENTPD3_RNA,-0.01959054544568062
SLC5A12_RNA,-0.019598258659243584
USP18_RNA,-0.01959976553916931
PYGO1_RNA,-0.019605934619903564
SCCPDH_RNA,-0.019611801952123642
TERF2_RNA,-0.019619030877947807
OR1D2_RNA,-0.019631020724773407
TTLL4_RNA,-0.0196317657828331
RANGRF_RNA,-0.019632456824183464
OR51M1_RNA,-0.019652632996439934
CCDC68_RNA,-0.019703703001141548
RFX3_RNA,-0.01971548981964588
GMPR2_RNA,-0.019717134535312653
PLTP_RNA,-0.019763587042689323
ACSL6_RNA,-0.019772639498114586
CDKN2AIP_RNA,-0.019773337990045547
NDUFV3_RNA,-0.019778961315751076
CCDC121_RNA,-0.019781745970249176
ANKS4B_RNA,-0.01978287100791931
USP9X_RNA,-0.019785992801189423
CDT1_RNA,-0.0198229793459177
HNRNPA1L2_RNA,-0.01982327364385128
STOML1_RNA,-0.01982790231704712
KHSRP_RNA,-0.019843624904751778
FKBP1A_RNA,-0.01984458602964878
TMEM41A_RNA,-0.0198532585054636
DERL2_RNA,-0.019869500771164894
TAF6L_RNA,-0.019875336438417435
DYDC1_RNA,-0.019878698512911797
AIRE_RNA,-0.01988055743277073
RAET1E_RNA,-0.01990370824933052
CAPN2_RNA,-0.01991644687950611
TRA2B_RNA,-0.01992412842810154
CDC14B_RNA,-0.01993359997868538
MMP23B_RNA,-0.01993505097925663
ZNF579_RNA,-0.019944943487644196
LRRTM2_RNA,-0.01996784098446369
ASPN_RNA,-0.01998215727508068
COQ4_RNA,-0.019985154271125793
WWOX_RNA,-0.020001158118247986
FBXO38_RNA,-0.020008256658911705
NDUFB7_RNA,-0.02001144364476204
SIX3_RNA,-0.020045602694153786
ATMIN_RNA,-0.020056797191500664
OVOL1_RNA,-0.020067831501364708
PAF1_RNA,-0.020082883536815643
MON1B_RNA,-0.02009362168610096
IMMP2L_RNA,-0.02010299451649189
AWAT1_RNA,-0.02012614905834198
C18orf21_RNA,-0.020160993561148643
ZNF143_RNA,-0.020171163603663445
IL1RL1_RNA,-0.020178554579615593
KIR2DL4_RNA,-0.02018638141453266
RECQL4_RNA,-0.02019285038113594
PRSS16_RNA,-0.02020399458706379
KRT31_RNA,-0.020223433151841164
TBC1D22B_RNA,-0.02023462951183319
MIR618_RNA,-0.020241526886820793
COL6A3_RNA,-0.020252011716365814
KRT1_RNA,-0.020266849547624588
ARMCX3_RNA,-0.020270999521017075
UQCRC1_RNA,-0.020272722467780113
PDCL3_RNA,-0.020276596769690514
SFMBT1_RNA,-0.020306840538978577
TFPT_RNA,-0.020321931689977646
PGP_RNA,-0.02032482624053955
RIC8B_RNA,-0.02034042216837406
TMOD2_RNA,-0.02035941183567047
CALM2_RNA,-0.020373808220028877
RTN1_RNA,-0.02037990838289261
C17orf50_RNA,-0.020387280732393265
SLC14A1_RNA,-0.020420247688889503
RBM7_RNA,-0.020452503114938736
ASNS_RNA,-0.020500635728240013
BEX5_RNA,-0.020502563565969467
C4BPA_RNA,-0.020512370392680168
SCGN_RNA,-0.020512564107775688
UBXN6_RNA,-0.020521048456430435
LGALS3BP_RNA,-0.020532740280032158
LHX6_RNA,-0.02054104395210743
TMEM109_RNA,-0.020542627200484276
ZNF235_RNA,-0.02054876647889614
COG7_RNA,-0.020549872890114784
ABO_RNA,-0.020576948300004005
PCDH12_RNA,-0.02058756910264492
ZFP64_RNA,-0.020590657368302345
TICAM2_RNA,-0.02060726471245289
RYR2_RNA,-0.020619047805666924
RANBP10_RNA,-0.02062041126191616
BRPF3_RNA,-0.020625805482268333
COG6_RNA,-0.02063080295920372
SLC35F1_RNA,-0.02065189927816391
IRF2BP2_RNA,-0.020668894052505493
EFNA4_RNA,-0.02069348469376564
SLFN13_RNA,-0.02069426141679287
INSIG2_RNA,-0.020698174834251404
KIF22_RNA,-0.020698441192507744
ADCY3_RNA,-0.020707855001091957
ADI1_RNA,-0.020737359300255775
NOP56_RNA,-0.02077009528875351
PRDM11_RNA,-0.02077130787074566
CNTNAP1_RNA,-0.02077346481382847
PAFAH1B1_RNA,-0.020775126293301582
GJA8_RNA,-0.020776359364390373
SUOX_RNA,-0.02078372985124588
NIPA2_RNA,-0.02078847587108612
LDLRAD3_RNA,-0.02079695463180542
GSPT2_RNA,-0.02079705521464348
TCEAL6_RNA,-0.020800132304430008
TSPAN19_RNA,-0.020807869732379913
LRIT1_RNA,-0.020809922367334366
RAD1_RNA,-0.02081059291958809
CRX_RNA,-0.020812854170799255
KAT2A_RNA,-0.02083148993551731
THAP4_RNA,-0.02085038274526596
DHRS7B_RNA,-0.020903097465634346
AAAS_RNA,-0.020907677710056305
TNFSF4_RNA,-0.02091442607343197
HNRNPD_RNA,-0.020928464829921722
RASIP1_RNA,-0.020931214094161987
ISL2_RNA,-0.020947713404893875
GRIA3_RNA,-0.020978523418307304
PIKFYVE_RNA,-0.02098001353442669
PAFAH2_RNA,-0.020980078727006912
RAB3A_RNA,-0.02101765386760235
TWIST2_RNA,-0.021038254722952843
MAN2A2_RNA,-0.021048463881015778
THSD7A_RNA,-0.02105085551738739
MX2_RNA,-0.021072259172797203
BNC2_RNA,-0.02108958549797535
BLOC1S3_RNA,-0.021103281527757645
SF3A3_RNA,-0.02110864780843258
DCAF5_RNA,-0.021131323650479317
SCAMP1_RNA,-0.021136797964572906
LPP_RNA,-0.021139372140169144
NRIP3_RNA,-0.021157506853342056
AASDH_RNA,-0.021159032359719276
MMP11_RNA,-0.021170105785131454
BRIP1_RNA,-0.021179934963583946
C8orf76_RNA,-0.021200282499194145
GABRD_RNA,-0.021203285083174706
PSMD9_RNA,-0.021213026717305183
CEACAM20_RNA,-0.021221693605184555
KRT34_RNA,-0.021228434517979622
GPR84_RNA,-0.021246150135993958
PIGT_RNA,-0.021257542073726654
RIF1_RNA,-0.02127545140683651
NCK1_RNA,-0.021287472918629646
PXN_RNA,-0.02135741338133812
SEC23B_RNA,-0.021366266533732414
FLCN_RNA,-0.021374065428972244
WDR20_RNA,-0.021380990743637085
FFAR2_RNA,-0.021406587213277817
CIB3_RNA,-0.021408535540103912
ANKRD11_RNA,-0.02141875959932804
OR2C1_RNA,-0.021443448960781097
RNFT1_RNA,-0.02146175503730774
POLR3F_RNA,-0.02146483212709427
DHFR_RNA,-0.02147354744374752
TNFSF8_RNA,-0.021481404080986977
KCTD6_RNA,-0.021489892154932022
GTSE1_RNA,-0.021493040025234222
RNF114_RNA,-0.021499721333384514
SIRT5_RNA,-0.021531423553824425
SLC46A3_RNA,-0.02153330110013485
APBB1IP_RNA,-0.02154715172946453
ESRRB_RNA,-0.02155328541994095
TPI1_RNA,-0.021568160504102707
MIR1256_RNA,-0.021571874618530273
BACE2_RNA,-0.02157328836619854
NFS1_RNA,-0.021585458889603615
LILRA5_RNA,-0.021590787917375565
MXRA5_RNA,-0.02160029299557209
HOXC10_RNA,-0.021608371287584305
AVPR1B_RNA,-0.02162821963429451
CD81_RNA,-0.02167103812098503
CCDC12_RNA,-0.021702496334910393
SLC17A4_RNA,-0.02174087055027485
LBH_RNA,-0.021742915734648705
STX17_RNA,-0.021784702315926552
METRN_RNA,-0.021786291152238846
SNORD37_RNA,-0.02178722433745861
CCDC93_RNA,-0.02178926207125187
OR2A5_RNA,-0.021809550002217293
MORN1_RNA,-0.02183949574828148
NFYB_RNA,-0.021847456693649292
ST6GALNAC2_RNA,-0.021850911900401115
KCNN1_RNA,-0.02185581438243389
HMGCS1_RNA,-0.021875452250242233
DENND1A_RNA,-0.021924197673797607
RNF138_RNA,-0.02193721942603588
ARHGEF18_RNA,-0.021957332268357277
HELB_RNA,-0.021973278373479843
NECAB3_RNA,-0.02198817767202854
SH2D3A_RNA,-0.021989086642861366
TOE1_RNA,-0.021991848945617676
POU5F1B_RNA,-0.02203446626663208
ZGLP1_RNA,-0.02204684354364872
BFSP1_RNA,-0.022047314792871475
PTPN2_RNA,-0.02207881025969982
DCAF15_RNA,-0.022082027047872543
FBXW11_RNA,-0.02209128811955452
CYTH2_RNA,-0.022095855325460434
NAT1_RNA,-0.022099081426858902
HSPA8_RNA,-0.022116631269454956
KDM6A_RNA,-0.022142795845866203
NFAT5_RNA,-0.022161921486258507
ZFP91_RNA,-0.022164173424243927
CLDN14_RNA,-0.022171929478645325
BMPR2_RNA,-0.02218475006520748
FIBP_RNA,-0.0222158320248127
FBP1_RNA,-0.022230159491300583
ZNF345_RNA,-0.02223985455930233
TXNDC11_RNA,-0.022255534306168556
MEGF9_RNA,-0.022271163761615753
RNASEL_RNA,-0.022325733676552773
BIRC2_RNA,-0.022348972037434578
NPM1_RNA,-0.022354330867528915
CAPN1_RNA,-0.022372175008058548
NOX1_RNA,-0.02237403765320778
OR2AE1_RNA,-0.022379104048013687
GABPA_RNA,-0.022400058805942535
TPPP2_RNA,-0.02241390198469162
SON_RNA,-0.022447742521762848
SLC30A6_RNA,-0.02247617579996586
PSMC6_RNA,-0.0224868506193161
KCTD3_RNA,-0.022541677579283714
UTP14A_RNA,-0.022576842457056046
ZDHHC7_RNA,-0.022584334015846252
SERPINA5_RNA,-0.02263307198882103
ZNF607_RNA,-0.022663764655590057
GABRA5_RNA,-0.0226698350161314
EIF2AK2_RNA,-0.022673046216368675
PARP14_RNA,-0.022697119042277336
CDC14A_RNA,-0.02270697057247162
QPRT_RNA,-0.02272598259150982
ITPR1_RNA,-0.022752324119210243
CLPTM1L_RNA,-0.02275850437581539
MIR617_RNA,-0.022776124998927116
PRKAG1_RNA,-0.022784523665905
MIR126_RNA,-0.022788947448134422
ALKBH7_RNA,-0.022793302312493324
SYNJ2BP_RNA,-0.022822916507720947
MIR33A_RNA,-0.022824348881840706
DGAT2L6_RNA,-0.02288632281124592
THAP10_RNA,-0.022891512140631676
P2RY4_RNA,-0.022897155955433846
ADNP_RNA,-0.022900018841028214
KRT77_RNA,-0.022906018421053886
NF1_RNA,-0.022911036387085915
NCSTN_RNA,-0.022916149348020554
PRDM4_RNA,-0.022932838648557663
SRXN1_RNA,-0.02293323166668415
POLI_RNA,-0.02294733189046383
FER1L5_RNA,-0.02296769618988037
SOCS4_RNA,-0.022980835288763046
ANKRA2_RNA,-0.0229888204485178
WDR7_RNA,-0.023011434823274612
RTN4IP1_RNA,-0.023012079298496246
VSTM2A_RNA,-0.023013388738036156
MMP23A_RNA,-0.02302156761288643
MIRLET7G_RNA,-0.023060249164700508
CSNK2A2_RNA,-0.02309410460293293
SNORD115-44_RNA,-0.02311113476753235
C17orf75_RNA,-0.023141028359532356
HOXC8_RNA,-0.023191329091787338
MIR1185-2_RNA,-0.02319963276386261
DNAJC15_RNA,-0.023236654698848724
EXD2_RNA,-0.023238884285092354
GNS_RNA,-0.0232394952327013
ZDHHC14_RNA,-0.023262469097971916
DAPK3_RNA,-0.02327502891421318
PET117_RNA,-0.023325098678469658
CPLX2_RNA,-0.023334654048085213
PCOTH_RNA,-0.023342721164226532
SNORD115-23_RNA,-0.023351015523076057
HK3_RNA,-0.023368634283542633
RIMKLB_RNA,-0.023381629958748817
ERGIC3_RNA,-0.023397240787744522
SCAMP5_RNA,-0.023405803367495537
RAPGEF4_RNA,-0.023412736132740974
BSX_RNA,-0.02341730333864689
ETFDH_RNA,-0.02342776581645012
NXNL2_RNA,-0.023435980081558228
TM4SF18_RNA,-0.023449281230568886
ZIM2_RNA,-0.023461375385522842
TSC22D3_RNA,-0.02347235381603241
OR51I1_RNA,-0.023486001417040825
KLHL34_RNA,-0.02348932810127735
TXNL1_RNA,-0.023491300642490387
TMEM64_RNA,-0.023495832458138466
CKAP2L_RNA,-0.023518593981862068
B4GALT5_RNA,-0.023520251736044884
NUP85_RNA,-0.023525608703494072
CREG1_RNA,-0.02355235442519188
SPAG7_RNA,-0.023578112944960594
HCCS_RNA,-0.02360188215970993
B3GALNT1_RNA,-0.023604480549693108
TIMM44_RNA,-0.023611899465322495
EN2_RNA,-0.023614520207047462
ZNF440_RNA,-0.023629413917660713
MFSD5_RNA,-0.023630350828170776
FMN1_RNA,-0.023631956428289413
PTPN13_RNA,-0.023703638464212418
GLE1_RNA,-0.023753834888339043
RBMS2_RNA,-0.023772578686475754
KCNH4_RNA,-0.02377539686858654
TSPAN13_RNA,-0.023777838796377182
LRFN1_RNA,-0.023785479366779327
BCO2_RNA,-0.023787502199411392
HCN4_RNA,-0.023828163743019104
GHRHR_RNA,-0.023858772590756416
UCP1_RNA,-0.02389393374323845
CDH20_RNA,-0.02389579266309738
CHM_RNA,-0.023915784433484077
MRPS26_RNA,-0.02391674928367138
PAK4_RNA,-0.02392500266432762
CRIP3_RNA,-0.023937828838825226
TP53RK_RNA,-0.02394140511751175
TRMT1_RNA,-0.02394482120871544
ZNF140_RNA,-0.023946331813931465
PRRT2_RNA,-0.023956334218382835
F13A1_RNA,-0.023997703567147255
CD180_RNA,-0.024027355015277863
THAP9_RNA,-0.024031389504671097
FCRL3_RNA,-0.024036431685090065
ABHD13_RNA,-0.02403932996094227
CD79B_RNA,-0.024056145921349525
MBD3_RNA,-0.02410445362329483
ZNF507_RNA,-0.024116354063153267
OR10A4_RNA,-0.024116499349474907
SLC35C2_RNA,-0.02413649670779705
ADORA2B_RNA,-0.024143284186720848
RILPL1_RNA,-0.024145156145095825
AGAP1_RNA,-0.024151667952537537
SLC5A6_RNA,-0.024158313870429993
ENTHD1_RNA,-0.024161165580153465
TMEM128_RNA,-0.02416181191802025
NCF2_RNA,-0.024166423827409744
USP7_RNA,-0.024197498336434364
RASD1_RNA,-0.024228496477007866
GDF5_RNA,-0.024235256016254425
UBAC2_RNA,-0.02423601783812046
ADPRHL1_RNA,-0.024258898571133614
ERN2_RNA,-0.02429373376071453
CAV2_RNA,-0.024294903501868248
NCOA5_RNA,-0.024299638345837593
DDX27_RNA,-0.024316081777215004
GCDH_RNA,-0.024321649223566055
IGFL2_RNA,-0.0243363194167614
CLEC9A_RNA,-0.024342553690075874
TNFSF12_RNA,-0.024356627836823463
FBXW2_RNA,-0.024364620447158813
ALKBH5_RNA,-0.024379346519708633
PLA2G4E_RNA,-0.024398447945713997
DENND1B_RNA,-0.024407068267464638
MRPS27_RNA,-0.024418607354164124
SCML1_RNA,-0.024428559467196465
SMC2_RNA,-0.024432780221104622
RAET1L_RNA,-0.024470577016472816
OSTC_RNA,-0.024492016062140465
PITPNM3_RNA,-0.024505384266376495
MRPL54_RNA,-0.024525903165340424
MIR938_RNA,-0.02453293465077877
IGSF22_RNA,-0.02453613094985485
ERLIN2_RNA,-0.024542231112718582
MTIF2_RNA,-0.024548279121518135
HGSNAT_RNA,-0.02455330640077591
NCOA6_RNA,-0.024561425670981407
CAMK2G_RNA,-0.024569226428866386
SETD6_RNA,-0.02457803674042225
CLCC1_RNA,-0.02458580583333969
MGMT_RNA,-0.024601126089692116
HNRNPF_RNA,-0.02460586652159691
DENND3_RNA,-0.024643201380968094
AADACL2_RNA,-0.02464810013771057
EPHA3_RNA,-0.024653363972902298
MAN1A1_RNA,-0.024658799171447754
EPM2A_RNA,-0.024658912792801857
PBX2_RNA,-0.024661025032401085
NCOR2_RNA,-0.024674108251929283
LEMD1_RNA,-0.024684004485607147
STAT1_RNA,-0.024711525067687035
SNX29_RNA,-0.024714786559343338
GOLGB1_RNA,-0.02471548691391945
SLC46A1_RNA,-0.02471861056983471
ELOF1_RNA,-0.02472502924501896
FLRT3_RNA,-0.02475872077047825
FAM32A_RNA,-0.024773774668574333
PNKP_RNA,-0.024786876514554024
LRRIQ3_RNA,-0.024789778515696526
BIRC5_RNA,-0.024800674989819527
CCDC39_RNA,-0.024809494614601135
MIR96_RNA,-0.02481228858232498
MARS2_RNA,-0.02481316588819027
HAUS2_RNA,-0.024814335629343987
CACNA1H_RNA,-0.02481866627931595
GNPNAT1_RNA,-0.024826396256685257
GALNT7_RNA,-0.0248334389179945
MIR196A2_RNA,-0.024882744997739792
SLC17A9_RNA,-0.024891475215554237
GPBP1_RNA,-0.024897025898098946
TSPAN3_RNA,-0.024899529293179512
OTOS_RNA,-0.02490166388452053
TBX4_RNA,-0.024904048070311546
MYOG_RNA,-0.02491009049117565
SLC39A10_RNA,-0.024910319596529007
HLA-DPB2_RNA,-0.02491333708167076
UBE2B_RNA,-0.024941053241491318
ZNF829_RNA,-0.024947181344032288
ZNF770_RNA,-0.024964667856693268
MAP3K5_RNA,-0.024966072291135788
GPRIN1_RNA,-0.024970531463623047
CDK7_RNA,-0.024991579353809357
B3GNT4_RNA,-0.025058884173631668
TPSG1_RNA,-0.02506251260638237
SNORD89_RNA,-0.025064099580049515
IRF6_RNA,-0.025071779265999794
NUDT17_RNA,-0.02507839724421501
PAOX_RNA,-0.025109458714723587
MYO15A_RNA,-0.025152171030640602
VPS33A_RNA,-0.025153016671538353
CPSF4L_RNA,-0.025153234601020813
MSH3_RNA,-0.025158781558275223
SCARF1_RNA,-0.025176258757710457
PACS1_RNA,-0.025179646909236908
EIF6_RNA,-0.025182459503412247
RFX1_RNA,-0.025187093764543533
CD99L2_RNA,-0.025202957913279533
FSCN3_RNA,-0.02521069161593914
PROK2_RNA,-0.025215737521648407
SDHD_RNA,-0.025228776037693024
GTF2A1_RNA,-0.025243127718567848
ZNF709_RNA,-0.025256067514419556
DUSP2_RNA,-0.025259507820010185
ADAM30_RNA,-0.02526877261698246
WNK4_RNA,-0.025280607864260674
TMEM114_RNA,-0.025286804884672165
NSFL1C_RNA,-0.02529766596853733
METTL4_RNA,-0.02530417963862419
LIMD1_RNA,-0.02531459555029869
ZNF532_RNA,-0.02531767077744007
DNAJC21_RNA,-0.02535896748304367
UBXN8_RNA,-0.02538527362048626
OR52B6_RNA,-0.02542545273900032
CDKL3_RNA,-0.02546798065304756
FOXF1_RNA,-0.025499386712908745
PSMB9_RNA,-0.025502055883407593
LONRF1_RNA,-0.02552223764359951
CLEC14A_RNA,-0.02552315592765808
TGDS_RNA,-0.025544337928295135
SEC14L4_RNA,-0.02554585598409176
ZNF614_RNA,-0.025547172874212265
C12orf43_RNA,-0.025584658607840538
ZNF500_RNA,-0.025593964383006096
CSE1L_RNA,-0.025596175342798233
CDC73_RNA,-0.025596672669053078
P4HA2_RNA,-0.025601183995604515
MBLAC2_RNA,-0.025622133165597916
PTDSS1_RNA,-0.025661136955022812
ABCB7_RNA,-0.025673875585198402
SRP9_RNA,-0.025678725913167
CCDC102B_RNA,-0.025691555812954903
KAT5_RNA,-0.02572445198893547
CHRNE_RNA,-0.025743916630744934
FFAR3_RNA,-0.025755329057574272
DPM1_RNA,-0.025758951902389526
ST3GAL1_RNA,-0.02576124668121338
CTDSPL2_RNA,-0.025778846815228462
PUS7L_RNA,-0.025794818997383118
JAZF1_RNA,-0.025809772312641144
MIR135B_RNA,-0.025812100619077682
SLC7A9_RNA,-0.025818627327680588
ZNF529_RNA,-0.025828152894973755
ZNF682_RNA,-0.025829404592514038
DRD5_RNA,-0.02584921382367611
INHA_RNA,-0.02584957517683506
OR1J1_RNA,-0.025876644998788834
FUT10_RNA,-0.025893311947584152
METAP2_RNA,-0.025895122438669205
FSTL4_RNA,-0.02593086287379265
SLC29A2_RNA,-0.025938386097550392
IAH1_RNA,-0.02593967691063881
HS3ST3A1_RNA,-0.02595030888915062
UPF3B_RNA,-0.02595589868724346
SERPINA10_RNA,-0.02596798539161682
ZNF775_RNA,-0.02596983313560486
HAUS7_RNA,-0.025978462770581245
ZC3H6_RNA,-0.02599143050611019
VPS37D_RNA,-0.026001786813139915
HMCN1_RNA,-0.026048919185996056
PRELID1_RNA,-0.026084238663315773
HPYR1_RNA,-0.026085153222084045
YAF2_RNA,-0.02609134651720524
GFER_RNA,-0.02609395422041416
CARD11_RNA,-0.026123087853193283
ALDH9A1_RNA,-0.02613021247088909
CLPX_RNA,-0.0261395163834095
CARTPT_RNA,-0.026160014793276787
SLC39A4_RNA,-0.02616487815976143
COL3A1_RNA,-0.026164917275309563
PDRG1_RNA,-0.026220690459012985
GMPPB_RNA,-0.02623436599969864
ATXN1L_RNA,-0.02624882385134697
MIR26A2_RNA,-0.026250772178173065
DIS3_RNA,-0.02625853568315506
ULBP1_RNA,-0.026267465204000473
RESP18_RNA,-0.026305029168725014
TMEM127_RNA,-0.026318736374378204
TEKT2_RNA,-0.02633274719119072
SIK2_RNA,-0.02633434534072876
GPR150_RNA,-0.02635016478598118
MRPS25_RNA,-0.026356549933552742
FOXM1_RNA,-0.026368586346507072
MIR487B_RNA,-0.026393374428153038
EML6_RNA,-0.026400338858366013
LRCH4_RNA,-0.026409143581986427
KRT36_RNA,-0.02641608752310276
LMO4_RNA,-0.02642357163131237
CHKA_RNA,-0.02646719664335251
TMEM203_RNA,-0.026471050456166267
MIR1208_RNA,-0.026472926139831543
PSMF1_RNA,-0.02647944912314415
PHF21A_RNA,-0.026487134397029877
DBNL_RNA,-0.026514586061239243
ISLR2_RNA,-0.026518316939473152
PHPT1_RNA,-0.026529964059591293
SPOCK2_RNA,-0.02653387375175953
PCGF1_RNA,-0.026542918756604195
BTBD7_RNA,-0.02655049040913582
COMP_RNA,-0.026556042954325676
PHF10_RNA,-0.026557670906186104
F2R_RNA,-0.026582736521959305
RWDD2B_RNA,-0.02658519521355629
NHP2_RNA,-0.026589805260300636
WDR5_RNA,-0.026593875139951706
MAP6_RNA,-0.02659706398844719
ESR2_RNA,-0.02660372480750084
OSBPL9_RNA,-0.02661762200295925
ZNF568_RNA,-0.026650354266166687
C7orf33_RNA,-0.026664206758141518
MCM5_RNA,-0.02667219005525112
AGMAT_RNA,-0.02672136388719082
GSTM3_RNA,-0.02672777883708477
PLCD1_RNA,-0.02673027105629444
C5orf24_RNA,-0.026751168072223663
OAZ2_RNA,-0.0267623458057642
SLC10A7_RNA,-0.026769284158945084
RAB11B_RNA,-0.026788953691720963
RASGEF1A_RNA,-0.02681286260485649
OR1B1_RNA,-0.026818081736564636
CHMP1A_RNA,-0.026834217831492424
DENND2C_RNA,-0.02684752456843853
LCP2_RNA,-0.026870420202612877
CTSA_RNA,-0.026888158172369003
MIRLET7I_RNA,-0.026895584538578987
IFT57_RNA,-0.02690887823700905
LEO1_RNA,-0.026940125972032547
BCL2L10_RNA,-0.0269482359290123
GPM6B_RNA,-0.02695266716182232
CD164_RNA,-0.026957044377923012
PIAS4_RNA,-0.026962433010339737
BZW2_RNA,-0.026968324556946754
LLPH_RNA,-0.026983942836523056
TMEM161B_RNA,-0.026993904262781143
TUFM_RNA,-0.026996510103344917
LOC283731_RNA,-0.027004357427358627
UBAC1_RNA,-0.02700880914926529
VGLL4_RNA,-0.02703266218304634
RAB13_RNA,-0.027039965614676476
NUP160_RNA,-0.027049226686358452
TAF1_RNA,-0.02706560678780079
MED6_RNA,-0.02710709162056446
KHDC1_RNA,-0.02711375057697296
MYO6_RNA,-0.02712284028530121
IFITM2_RNA,-0.027124419808387756
EAPP_RNA,-0.027133191004395485
CD55_RNA,-0.02714630216360092
MIR193A_RNA,-0.027155902236700058
CLPP_RNA,-0.02717318944633007
ARSB_RNA,-0.027182048186659813
DTX3_RNA,-0.027193186804652214
EI24_RNA,-0.027200158685445786
PIN1_RNA,-0.02721407450735569
NPTX1_RNA,-0.02723316289484501
MAST3_RNA,-0.027256937697529793
TSKU_RNA,-0.02727433666586876
FER_RNA,-0.027282677590847015
S100PBP_RNA,-0.027298571541905403
OVOL2_RNA,-0.0273011215031147
ZNF350_RNA,-0.027311349287629128
ZNF41_RNA,-0.02731216885149479
CXCL6_RNA,-0.027321452274918556
SEMA5A_RNA,-0.027339067310094833
STX10_RNA,-0.027347872033715248
CYP4X1_RNA,-0.027361921966075897
SUPT16H_RNA,-0.027367807924747467
PRPF4_RNA,-0.027438610792160034
DDX51_RNA,-0.02744036167860031
COL1A1_RNA,-0.02745140716433525
PYDC1_RNA,-0.027464985847473145
FOSB_RNA,-0.027481503784656525
TMED2_RNA,-0.02749381959438324
GZF1_RNA,-0.02749488689005375
IGF1R_RNA,-0.027510173618793488
GRIN2A_RNA,-0.027534622699022293
ARL8B_RNA,-0.027544967830181122
TPD52L1_RNA,-0.02756408043205738
SERTAD1_RNA,-0.027577299624681473
LCN6_RNA,-0.02761264331638813
SART3_RNA,-0.027625514194369316
TSFM_RNA,-0.027632707729935646
ALOX12B_RNA,-0.027673283591866493
TMEM187_RNA,-0.02768666297197342
NGB_RNA,-0.027697354555130005
NADK_RNA,-0.027703991159796715
DYNC1LI2_RNA,-0.027712620794773102
RAB28_RNA,-0.027715465053915977
MIR101-1_RNA,-0.027739297598600388
BCAP31_RNA,-0.027780095115303993
CCNB1IP1_RNA,-0.02778034098446369
CLVS2_RNA,-0.02780265547335148
MIR376B_RNA,-0.027803417295217514
KCNJ2_RNA,-0.027807142585515976
AFTPH_RNA,-0.02780928462743759
SNORD114-16_RNA,-0.027815144509077072
SETD1A_RNA,-0.027824414893984795
ZNF8_RNA,-0.02785702422261238
PF4_RNA,-0.027874263003468513
UNC80_RNA,-0.027874955907464027
PLXDC1_RNA,-0.02789040096104145
SYN2_RNA,-0.027897505089640617
MIER2_RNA,-0.027904627844691277
CLDN15_RNA,-0.027914153411984444
LRBA_RNA,-0.02793126180768013
ZBTB1_RNA,-0.027956606820225716
RALY_RNA,-0.027962911874055862
C2CD2_RNA,-0.02797108143568039
CITED1_RNA,-0.028013169765472412
SPSB3_RNA,-0.02805684693157673
RBKS_RNA,-0.028076088055968285
PLD4_RNA,-0.028105711564421654
CDK3_RNA,-0.028149202466011047
LYSMD3_RNA,-0.028152789920568466
MIR654_RNA,-0.028159933164715767
TMEM171_RNA,-0.028174499049782753
HIVEP1_RNA,-0.02818358689546585
DNAJC18_RNA,-0.028228236362338066
MARK3_RNA,-0.028247548267245293
ALG8_RNA,-0.028283387422561646
PPP2CA_RNA,-0.028288716450333595
PEMT_RNA,-0.028304995968937874
DHX33_RNA,-0.028310667723417282
FNDC1_RNA,-0.028322521597146988
IL18RAP_RNA,-0.02832726202905178
PSTPIP2_RNA,-0.028341220691800117
FHOD1_RNA,-0.028346307575702667
CHEK1_RNA,-0.028352392837405205
COL9A2_RNA,-0.028387919068336487
ARV1_RNA,-0.028414053842425346
SGPP2_RNA,-0.028427282348275185
POLR2H_RNA,-0.028437605127692223
CPSF2_RNA,-0.028454849496483803
PCSK1_RNA,-0.028466278687119484
PIGG_RNA,-0.02846856787800789
CFP_RNA,-0.028474200516939163
YJEFN3_RNA,-0.0284970011562109
TIGD3_RNA,-0.028500644490122795
SNN_RNA,-0.02851334773004055
SET_RNA,-0.028550414368510246
RAB24_RNA,-0.028552642092108727
GPLD1_RNA,-0.028568169102072716
RASSF3_RNA,-0.0285789892077446
ZBTB43_RNA,-0.028580639511346817
CETN2_RNA,-0.02859506942331791
STK19_RNA,-0.0286379624158144
RSBN1_RNA,-0.028643686324357986
OCA2_RNA,-0.028668154031038284
VEZT_RNA,-0.02867281064391136
PDE4D_RNA,-0.028677325695753098
SLC2A3_RNA,-0.028679806739091873
CEL_RNA,-0.028699928894639015
EIF4E_RNA,-0.02872299589216709
TAC3_RNA,-0.028739776462316513
MSLNL_RNA,-0.02875213883817196
LRRN2_RNA,-0.028764961287379265
WDR62_RNA,-0.02879231795668602
MATN2_RNA,-0.02882470190525055
GALNT5_RNA,-0.028843993321061134
DBF4_RNA,-0.02885112538933754
SIPA1L2_RNA,-0.028856411576271057
TRIM38_RNA,-0.028864476829767227
MTRF1_RNA,-0.028872687369585037
CALCA_RNA,-0.028873873874545097
PRKAR1A_RNA,-0.028900109231472015
COMMD9_RNA,-0.02890601195394993
ACER3_RNA,-0.028918800875544548
ZNF641_RNA,-0.028939146548509598
BSND_RNA,-0.028945276513695717
GGPS1_RNA,-0.02894863672554493
LIPH_RNA,-0.02895851992070675
SPG11_RNA,-0.028965817764401436
SNORA2A_RNA,-0.02896689437329769
SERAC1_RNA,-0.0289689302444458
ING2_RNA,-0.028969842940568924
HS6ST1_RNA,-0.0289731677621603
MIR412_RNA,-0.02898884005844593
CREBZF_RNA,-0.029002660885453224
TBC1D10C_RNA,-0.029006049036979675
DYNC2LI1_RNA,-0.02900833822786808
OR1L6_RNA,-0.02902093157172203
ZC3H12C_RNA,-0.02903800643980503
ADH7_RNA,-0.0290474034845829
RNF144B_RNA,-0.029107455164194107
CDC37_RNA,-0.029115134850144386
PDPK1_RNA,-0.0291204322129488
DNAJA3_RNA,-0.02912324108183384
RSPH4A_RNA,-0.02915256842970848
SLC26A8_RNA,-0.029169252142310143
SHANK3_RNA,-0.029173661023378372
PRND_RNA,-0.029257986694574356
PNN_RNA,-0.029292868450284004
HMHB1_RNA,-0.02929435297846794
PRELID2_RNA,-0.029305877164006233
RALGAPB_RNA,-0.029306717216968536
PI4K2B_RNA,-0.029319103807210922
NACC1_RNA,-0.029321301728487015
TBC1D4_RNA,-0.029325567185878754
STAT4_RNA,-0.029377318918704987
BCL2L2_RNA,-0.02940627560019493
INF2_RNA,-0.029410485178232193
GRB14_RNA,-0.02942931093275547
IPO9_RNA,-0.02946433052420616
PPAT_RNA,-0.029477884992957115
GPATCH2_RNA,-0.029493466019630432
ART1_RNA,-0.029504382982850075
ATPAF1_RNA,-0.029528843238949776
MPV17L2_RNA,-0.02954220026731491
MRPL35_RNA,-0.02959221415221691
SPDYC_RNA,-0.02960929088294506
UNC50_RNA,-0.029620036482810974
OR1A1_RNA,-0.029628627002239227
KDR_RNA,-0.029664713889360428
MPPE1_RNA,-0.029667021706700325
KCTD21_RNA,-0.029680315405130386
SLC39A9_RNA,-0.029691830277442932
C15orf48_RNA,-0.02971702627837658
CHPF_RNA,-0.029720686376094818
SLC16A3_RNA,-0.029723484069108963
ERCC8_RNA,-0.029725849628448486
DHPS_RNA,-0.0297435000538826
ZNF768_RNA,-0.02976788952946663
TREM1_RNA,-0.029780374839901924
MYADML2_RNA,-0.029819989576935768
MCCC2_RNA,-0.02982845902442932
LEPROT_RNA,-0.029844090342521667
CGN_RNA,-0.029859470203518867
CLCF1_RNA,-0.029863620176911354
FRS2_RNA,-0.029871201142668724
GRM7_RNA,-0.029888875782489777
COL17A1_RNA,-0.029913051053881645
IKZF4_RNA,-0.029935574159026146
KPTN_RNA,-0.02997852861881256
IL17REL_RNA,-0.0300243329256773
AIPL1_RNA,-0.030025998130440712
KRTAP5-11_RNA,-0.03003431111574173
KLHDC2_RNA,-0.0300424937158823
PCDHGC4_RNA,-0.030046243220567703
EGFL7_RNA,-0.030067944899201393
NUDT1_RNA,-0.030102133750915527
FRK_RNA,-0.030114753171801567
ACSL5_RNA,-0.03012232482433319
RRAS_RNA,-0.030139023438096046
INTS3_RNA,-0.030154390260577202
PSPC1_RNA,-0.03016434609889984
SCML4_RNA,-0.03023386374115944
SNRK_RNA,-0.030309533700346947
RPP40_RNA,-0.030361564829945564
BEND2_RNA,-0.03036402352154255
EHD4_RNA,-0.03037000633776188
DNAJA2_RNA,-0.030441738665103912
SLC35F3_RNA,-0.03045940399169922
KLKB1_RNA,-0.030471958220005035
TADA1_RNA,-0.030479032546281815
CLEC2L_RNA,-0.030499175190925598
SEC24B_RNA,-0.03050096705555916
TTC7B_RNA,-0.030502324923872948
NRP1_RNA,-0.03051847219467163
FAM43B_RNA,-0.030527085065841675
CTNS_RNA,-0.030530618503689766
HLA-B_RNA,-0.030557643622159958
NAV3_RNA,-0.03057442419230938
WDR82_RNA,-0.03058737702667713
APBB3_RNA,-0.030598444864153862
ZFYVE1_RNA,-0.030613278970122337
C9orf40_RNA,-0.030626969411969185
CYP3A43_RNA,-0.030643803998827934
KRT71_RNA,-0.030709074810147285
CEP192_RNA,-0.030732998624444008
UBE3B_RNA,-0.030738523229956627
ARF3_RNA,-0.030740631744265556
ITGAX_RNA,-0.030751600861549377
SOX30_RNA,-0.03076889179646969
ATP9A_RNA,-0.030796732753515244
CALHM1_RNA,-0.03082888387143612
SMG6_RNA,-0.03083221986889839
ACMSD_RNA,-0.030853934586048126
MIR23B_RNA,-0.030854174867272377
NPPC_RNA,-0.03086159937083721
SERPINB8_RNA,-0.030866310000419617
MR1_RNA,-0.0308817308396101
MEFV_RNA,-0.030892040580511093
ZNF385B_RNA,-0.030894534662365913
KRTAP5-9_RNA,-0.03092508390545845
PASK_RNA,-0.030927594751119614
LGALS7_RNA,-0.030929697677493095
ZFAND6_RNA,-0.030940445140004158
EIF2S1_RNA,-0.03094400092959404
TAF1B_RNA,-0.030986184254288673
OR5C1_RNA,-0.030987311154603958
ZNF268_RNA,-0.030990052968263626
SRPK2_RNA,-0.03102467581629753
SLC38A5_RNA,-0.031038383021950722
ITCH_RNA,-0.031050361692905426
RNF24_RNA,-0.03105512261390686
KCTD17_RNA,-0.03107813559472561
PHEX_RNA,-0.031109772622585297
LMO1_RNA,-0.031125469133257866
TUBA1B_RNA,-0.031146949157118797
RHOV_RNA,-0.031150730326771736
RUNDC1_RNA,-0.031153807416558266
EPHA1_RNA,-0.03119027428328991
RPE_RNA,-0.031222881749272346
ARIH2_RNA,-0.0312232356518507
CDK16_RNA,-0.031249264255166054
GJA3_RNA,-0.03125213831663132
GRM5_RNA,-0.03126457706093788
GRWD1_RNA,-0.03127672150731087
KRT13_RNA,-0.03128087893128395
CTBS_RNA,-0.03128524869680405
SLC2A7_RNA,-0.03131961077451706
CWH43_RNA,-0.031324900686740875
PAWR_RNA,-0.03134211525321007
SST_RNA,-0.03134734556078911
ACADVL_RNA,-0.03135031461715698
IMMP1L_RNA,-0.03136548399925232
ARID2_RNA,-0.03136806562542915
TMEM19_RNA,-0.031371768563985825
PALB2_RNA,-0.031385041773319244
STK35_RNA,-0.03138962760567665
NCAPH_RNA,-0.031403668224811554
FCAMR_RNA,-0.03140726685523987
CNGA4_RNA,-0.0314156599342823
MIR30A_RNA,-0.03144443780183792
CHD6_RNA,-0.03147352486848831
MGAT5B_RNA,-0.031485650688409805
ENPP3_RNA,-0.03150373697280884
WDR55_RNA,-0.03150482848286629
CWF19L2_RNA,-0.03150983527302742
ZNF418_RNA,-0.031516291201114655
MYL7_RNA,-0.031522009521722794
HCG27_RNA,-0.0315268337726593
CD69_RNA,-0.03153665363788605
ING1_RNA,-0.03156175836920738
DNAJC24_RNA,-0.03158899396657944
RWDD3_RNA,-0.031589534133672714
MIR656_RNA,-0.03161893039941788
RFT1_RNA,-0.03163209185004234
DCUN1D5_RNA,-0.03163854405283928
LSG1_RNA,-0.031644556671381
LCLAT1_RNA,-0.0316743440926075
KCNJ15_RNA,-0.03167559951543808
SNORD115-40_RNA,-0.031685277819633484
TCF4_RNA,-0.03169628605246544
PPM1A_RNA,-0.03171379119157791
AP3S2_RNA,-0.03171823173761368
ARL10_RNA,-0.0317329503595829
TK1_RNA,-0.03174574673175812
ZNF629_RNA,-0.03174738213419914
DRD4_RNA,-0.03175397217273712
FAM131B_RNA,-0.031761981546878815
CEP152_RNA,-0.03176511451601982
MIR128-2_RNA,-0.031799204647541046
PLA2G2A_RNA,-0.031815603375434875
PPFIBP2_RNA,-0.03181980922818184
NDC80_RNA,-0.031826332211494446
SGPP1_RNA,-0.03182800114154816
HBG2_RNA,-0.03185313940048218
TYK2_RNA,-0.03185845911502838
LARP4_RNA,-0.031874995678663254
SNRPB2_RNA,-0.031878162175416946
OGFR_RNA,-0.031881336122751236
FAM177B_RNA,-0.03188471496105194
NDUFA10_RNA,-0.03189605474472046
CCDC137_RNA,-0.031933218240737915
ARRDC2_RNA,-0.031956322491168976
C1orf74_RNA,-0.03197886049747467
FPR2_RNA,-0.031986039131879807
C8orf58_RNA,-0.03199449181556702
GEMIN8_RNA,-0.032018888741731644
SNX9_RNA,-0.032021425664424896
MCAM_RNA,-0.03204474225640297
RPL39L_RNA,-0.03205982223153114
FUZ_RNA,-0.032065022736787796
SORL1_RNA,-0.0321037583053112
SPEF2_RNA,-0.03210396319627762
MAOA_RNA,-0.0321371965110302
PSME3_RNA,-0.03215409442782402
ZNF177_RNA,-0.032166942954063416
MIR369_RNA,-0.032166942954063416
ZG16B_RNA,-0.03217204660177231
NDST1_RNA,-0.032196711748838425
AGTRAP_RNA,-0.032280270010232925
KCNS2_RNA,-0.03231420740485191
ZNF429_RNA,-0.03231758624315262
GRM3_RNA,-0.03236173465847969
AURKC_RNA,-0.032378993928432465
CRISPLD2_RNA,-0.0323885902762413
ONECUT3_RNA,-0.03238929063081741
ZBTB26_RNA,-0.03239629045128822
DNAJC5_RNA,-0.03240408003330231
S1PR1_RNA,-0.03242826089262962
LEMD3_RNA,-0.03245370835065842
ZNF226_RNA,-0.03249800205230713
MIDN_RNA,-0.03252054750919342
COQ2_RNA,-0.032531220465898514
SLC7A1_RNA,-0.03253575786948204
CAPNS1_RNA,-0.032539453357458115
ST8SIA1_RNA,-0.032560717314481735
MBD1_RNA,-0.032592594623565674
OR5AU1_RNA,-0.032601892948150635
USP6NL_RNA,-0.032609548419713974
GRAMD1B_RNA,-0.03261350467801094
ACTR8_RNA,-0.03262045979499817
EFCAB8_RNA,-0.03263533487915993
MYBL1_RNA,-0.03266462683677673
CNIH3_RNA,-0.032667942345142365
C2orf81_RNA,-0.03267814591526985
TSNAX_RNA,-0.032684240490198135
TNFSF13_RNA,-0.03269701451063156
CYP3A7_RNA,-0.032709911465644836
DOT1L_RNA,-0.032715655863285065
NOTUM_RNA,-0.03272608295083046
RABGGTA_RNA,-0.032760705798864365
PRKAG3_RNA,-0.032774630934000015
GTF3C4_RNA,-0.03278930485248566
LIMCH1_RNA,-0.0328572615981102
CGB7_RNA,-0.03288610652089119
MIR382_RNA,-0.03288771212100983
NTAN1_RNA,-0.03288803622126579
HNRNPK_RNA,-0.032946355640888214
ATG9B_RNA,-0.03294883295893669
TMEM69_RNA,-0.032995790243148804
SARS2_RNA,-0.032999854534864426
IQCB1_RNA,-0.033007293939590454
CCNA2_RNA,-0.03300754353404045
BRF1_RNA,-0.03301667049527168
ELSPBP1_RNA,-0.03305478394031525
TARBP2_RNA,-0.033082738518714905
PAPPA2_RNA,-0.03308597579598427
HNRNPU_RNA,-0.03309211507439613
RNH1_RNA,-0.03310725837945938
LBP_RNA,-0.033109940588474274
PARN_RNA,-0.0331178680062294
NPC1L1_RNA,-0.03312886506319046
ZMAT2_RNA,-0.033147361129522324
NID2_RNA,-0.0331798754632473
YWHAE_RNA,-0.03318425640463829
SNORD105_RNA,-0.03319508209824562
LETM2_RNA,-0.03319735825061798
RAPH1_RNA,-0.03320262208580971
GRSF1_RNA,-0.03320905938744545
ZNF843_RNA,-0.03323420137166977
PCBP2_RNA,-0.03324422612786293
RAI1_RNA,-0.03326082229614258
TADA2A_RNA,-0.03326885402202606
CLCA1_RNA,-0.033279359340667725
TRPV2_RNA,-0.03331825137138367
B9D2_RNA,-0.03333398327231407
JUNB_RNA,-0.03335925564169884
ZNF33B_RNA,-0.03336057811975479
KDM3B_RNA,-0.03339806944131851
PTPN22_RNA,-0.0334036611020565
GTPBP3_RNA,-0.03340686112642288
WFDC13_RNA,-0.033464670181274414
DEGS1_RNA,-0.03349219635128975
DOLK_RNA,-0.033507850021123886
PRPF38B_RNA,-0.0335138775408268
TBCA_RNA,-0.03352009877562523
ANK1_RNA,-0.033539772033691406
UBN2_RNA,-0.03354088217020035
SERP2_RNA,-0.033545125275850296
KIF1B_RNA,-0.03358469903469086
LGALS12_RNA,-0.033587370067834854
KLF12_RNA,-0.03361364081501961
GNG13_RNA,-0.033625323325395584
TOMM34_RNA,-0.033629998564720154
GOLIM4_RNA,-0.03365291655063629
PCNP_RNA,-0.033671796321868896
ANKRD27_RNA,-0.03372400254011154
LILRA4_RNA,-0.03372439369559288
GALNT6_RNA,-0.03372544050216675
TYRO3_RNA,-0.0337398387491703
ZNF740_RNA,-0.03376419469714165
ITGA3_RNA,-0.03376827761530876
TUBG2_RNA,-0.03379513695836067
YIPF5_RNA,-0.033796362578868866
EXPH5_RNA,-0.03382639214396477
WDR47_RNA,-0.03385227173566818
STIM2_RNA,-0.03389327973127365
ISCA2_RNA,-0.033904727548360825
SLC25A5_RNA,-0.033920492976903915
GFAP_RNA,-0.03397688269615173
SETD1B_RNA,-0.03398045524954796
TMEM185B_RNA,-0.03399670869112015
BCL7C_RNA,-0.03404713049530983
KLF4_RNA,-0.03405094891786575
SLC35C1_RNA,-0.034055195748806
C1QTNF9_RNA,-0.034064751118421555
RND1_RNA,-0.03408626839518547
SPNS2_RNA,-0.03409536927938461
BFAR_RNA,-0.03409619629383087
MIR455_RNA,-0.03409690409898758
HMG20B_RNA,-0.03409994766116142
GEMIN4_RNA,-0.034145914018154144
RNF126_RNA,-0.034164488315582275
AGPAT5_RNA,-0.03420325368642807
TASP1_RNA,-0.034216757863759995
PHYHD1_RNA,-0.03424651175737381
NUDT12_RNA,-0.034260883927345276
KCTD11_RNA,-0.03430110961198807
PRKAA2_RNA,-0.03431066498160362
METTL3_RNA,-0.03435640037059784
IPO5_RNA,-0.034359220415353775
ZBP1_RNA,-0.034371647983789444
MEN1_RNA,-0.034418344497680664
BHLHA9_RNA,-0.034435272216796875
PSORS1C2_RNA,-0.03448484465479851
TCTA_RNA,-0.03450734168291092
NAA16_RNA,-0.034520916640758514
SLC22A9_RNA,-0.03454965725541115
MAP7D2_RNA,-0.03456266596913338
CSTF1_RNA,-0.03457004576921463
TOP1_RNA,-0.03458036109805107
ITIH4_RNA,-0.034588273614645004
NPR1_RNA,-0.03459816426038742
TCEA1_RNA,-0.03459901362657547
ELMOD1_RNA,-0.034611646085977554
LRRC7_RNA,-0.03461863845586777
PNPLA7_RNA,-0.0346272774040699
AOX1_RNA,-0.034634340554475784
S100A6_RNA,-0.03464992344379425
RAB6A_RNA,-0.03465218096971512
C5orf22_RNA,-0.03465411812067032
SGSH_RNA,-0.03467528149485588
CATSPER1_RNA,-0.034684356302022934
FNBP4_RNA,-0.03469276428222656
KLK14_RNA,-0.03469948098063469
HEBP2_RNA,-0.034712065011262894
CLEC3A_RNA,-0.03471764549612999
GNA14_RNA,-0.0347437709569931
POP7_RNA,-0.034783072769641876
ATXN1_RNA,-0.03478594869375229
GRIK3_RNA,-0.03480640426278114
RGS4_RNA,-0.03481113538146019
IDH3B_RNA,-0.03481993079185486
CD244_RNA,-0.034837279468774796
TSG101_RNA,-0.03490553796291351
FMNL2_RNA,-0.034945592284202576
ZNF749_RNA,-0.03495751693844795
MEF2C_RNA,-0.03498068079352379
CA9_RNA,-0.03498527780175209
LRP10_RNA,-0.034990426152944565
TOR3A_RNA,-0.034998569637537
FBXL6_RNA,-0.03501211106777191
RBM25_RNA,-0.03502911701798439
STK31_RNA,-0.03504687547683716
CARD6_RNA,-0.03508707508444786
C17orf58_RNA,-0.035097379237413406
REV1_RNA,-0.03510759770870209
PIGN_RNA,-0.03510762006044388
SCEL_RNA,-0.03510802239179611
SCAF1_RNA,-0.035159580409526825
GLP2R_RNA,-0.035161346197128296
QPCTL_RNA,-0.035165660083293915
ZWILCH_RNA,-0.03517531976103783
FARS2_RNA,-0.035180337727069855
TNNI2_RNA,-0.03518728166818619
AGTR1_RNA,-0.03519232198596001
SCG3_RNA,-0.035208266228437424
MANBAL_RNA,-0.03522813692688942
CITED4_RNA,-0.03523314744234085
RCHY1_RNA,-0.03523342311382294
RARRES1_RNA,-0.035234831273555756
EFR3A_RNA,-0.03523632884025574
CLCN4_RNA,-0.035264983773231506
ZNF215_RNA,-0.03526623174548149
SAFB2_RNA,-0.03529101982712746
PTPN7_RNA,-0.03529134765267372
UPRT_RNA,-0.035298027098178864
NCKIPSD_RNA,-0.035315170884132385
TTC5_RNA,-0.035316020250320435
CCDC80_RNA,-0.03535005450248718
AGAP2_RNA,-0.035354144871234894
DNAJC5G_RNA,-0.03536011651158333
EFCAB2_RNA,-0.0353989340364933
SEC14L3_RNA,-0.035418443381786346
HSD11B2_RNA,-0.035422515124082565
PCDHGB7_RNA,-0.035453639924526215
CPSF7_RNA,-0.03545894846320152
CDC20_RNA,-0.035459309816360474
HOXB8_RNA,-0.035459402948617935
DCUN1D2_RNA,-0.035461921244859695
DRD1_RNA,-0.03551606461405754
SLC5A9_RNA,-0.03552151843905449
ZNF780A_RNA,-0.035525478422641754
ADIG_RNA,-0.035534340888261795
RAN_RNA,-0.03555459529161453
CAPRIN2_RNA,-0.03557253256440163
PTPN11_RNA,-0.03557936102151871
EIF3K_RNA,-0.03560035675764084
CLSPN_RNA,-0.03561493381857872
IK_RNA,-0.0356157124042511
PIGV_RNA,-0.035635482519865036
ITPRIPL2_RNA,-0.03564177080988884
SAT1_RNA,-0.03565417602658272
PAQR4_RNA,-0.03566250577569008
TWF1_RNA,-0.03566831722855568
ARMCX2_RNA,-0.035673804581165314
ZMYND8_RNA,-0.03568931668996811
SSR3_RNA,-0.03572782501578331
SEMA3E_RNA,-0.035735003650188446
CARD8_RNA,-0.035741161555051804
RNASE10_RNA,-0.03574554994702339
SLC11A1_RNA,-0.03574618324637413
KEAP1_RNA,-0.035750217735767365
LRRIQ4_RNA,-0.03576269373297691
PAK1_RNA,-0.03576892986893654
CD276_RNA,-0.03577633574604988
MEX3D_RNA,-0.035799525678157806
TRAIP_RNA,-0.0358302928507328
PROP1_RNA,-0.035841602832078934
JAM3_RNA,-0.03587106987833977
CHCHD7_RNA,-0.0359160490334034
LRRC28_RNA,-0.035938214510679245
TRPM7_RNA,-0.03594299778342247
PDK2_RNA,-0.035943880677223206
HAUS1_RNA,-0.035974010825157166
ANO6_RNA,-0.03598343953490257
TMEM167B_RNA,-0.03599314019083977
EPS8L3_RNA,-0.0359932966530323
MYOF_RNA,-0.03599629923701286
KIF12_RNA,-0.03600207343697548
SNORD114-7_RNA,-0.036022841930389404
FURIN_RNA,-0.03603522107005119
SLTM_RNA,-0.03603886812925339
SNORA54_RNA,-0.03604159131646156
ARID4A_RNA,-0.036063071340322495
SAMD13_RNA,-0.036069050431251526
PRSS21_RNA,-0.03607825189828873
ECHDC3_RNA,-0.03611256182193756
SUZ12_RNA,-0.03611863777041435
RETSAT_RNA,-0.03612348064780235
TMBIM4_RNA,-0.036164045333862305
YY1_RNA,-0.03616541624069214
P4HTM_RNA,-0.036181867122650146
NUP133_RNA,-0.036187805235385895
VWDE_RNA,-0.03619011491537094
CPN2_RNA,-0.03620516136288643
ELL_RNA,-0.036228254437446594
HLF_RNA,-0.036270882934331894
TARDBP_RNA,-0.03628390282392502
USHBP1_RNA,-0.036289434880018234
IL7_RNA,-0.03629255294799805
SAG_RNA,-0.036319587379693985
MTFMT_RNA,-0.03632074594497681
E2F6_RNA,-0.03632091358304024
PIM1_RNA,-0.03635634109377861
STYX_RNA,-0.03643815219402313
AVIL_RNA,-0.036443278193473816
EFEMP1_RNA,-0.036491792649030685
CLDN16_RNA,-0.036515284329652786
ZNF544_RNA,-0.036534637212753296
CLEC7A_RNA,-0.03659382462501526
SMURF1_RNA,-0.03660273179411888
FOXA2_RNA,-0.03660992160439491
ATP13A1_RNA,-0.036611657589673996
VSIG2_RNA,-0.0366312600672245
MED16_RNA,-0.03664768114686012
ENO1_RNA,-0.03666474670171738
TMEM145_RNA,-0.03667334094643593
PTPMT1_RNA,-0.03671300411224365
IQGAP2_RNA,-0.0367562510073185
PRIM1_RNA,-0.036757539957761765
RASGRP3_RNA,-0.03676203265786171
ZNF224_RNA,-0.03677091747522354
FBXL5_RNA,-0.036771610379219055
ZNF100_RNA,-0.036785099655389786
THSD7B_RNA,-0.036788713186979294
SDCBP_RNA,-0.03680124878883362
SHC3_RNA,-0.03681187331676483
RGPD4_RNA,-0.036821398884058
DHRS4_RNA,-0.036829981952905655
ARRDC3_RNA,-0.03684273362159729
STARD7_RNA,-0.036914680153131485
EPHX4_RNA,-0.03691868111491203
TMED7-TICAM2_RNA,-0.03693116456270218
MIS12_RNA,-0.03694823756814003
UNC5D_RNA,-0.03695002570748329
GDAP1_RNA,-0.0369529128074646
ZNF554_RNA,-0.03695560619235039
PLIN2_RNA,-0.03696344792842865
ZDBF2_RNA,-0.0369655042886734
ARHGEF15_RNA,-0.036967817693948746
SYNPR_RNA,-0.03701510280370712
PRKCB_RNA,-0.03705926612019539
SIPA1_RNA,-0.037067100405693054
TDRD3_RNA,-0.03707209601998329
SLC12A4_RNA,-0.037073854357004166
SERTAD3_RNA,-0.037100061774253845
SLC22A25_RNA,-0.03711315244436264
TMX2_RNA,-0.03712364286184311
CEP250_RNA,-0.0371248796582222
SNORD9_RNA,-0.037126749753952026
DENND5A_RNA,-0.03714596480131149
APOA1_RNA,-0.03717127814888954
BTBD2_RNA,-0.03722226247191429
LUZP1_RNA,-0.03723231703042984
NMNAT1_RNA,-0.037242643535137177
COL12A1_RNA,-0.03727102652192116
RFTN2_RNA,-0.03727751970291138
BSPRY_RNA,-0.03728732094168663
ZGPAT_RNA,-0.03730831295251846
SLC17A6_RNA,-0.03734136000275612
OR7C1_RNA,-0.03735809028148651
MRPS24_RNA,-0.03736305236816406
NEK4_RNA,-0.03737826272845268
TRIM25_RNA,-0.037405334413051605
P2RX3_RNA,-0.03740649297833443
NUMB_RNA,-0.03744976967573166
TXK_RNA,-0.03749000281095505
BOC_RNA,-0.037490762770175934
ZNF580_RNA,-0.03749878332018852
ANTXR2_RNA,-0.037550803273916245
TDRD5_RNA,-0.03756735101342201
ADARB1_RNA,-0.037593841552734375
AKTIP_RNA,-0.0375978983938694
ZNF155_RNA,-0.037618283182382584
SPTLC3_RNA,-0.03763655945658684
TOX4_RNA,-0.03769449144601822
USP8_RNA,-0.03772043436765671
MPL_RNA,-0.037734974175691605
RPGRIP1L_RNA,-0.03773583099246025
SP110_RNA,-0.037746138870716095
ACR_RNA,-0.037773504853248596
ZNF175_RNA,-0.037787411361932755
SQSTM1_RNA,-0.0377957820892334
MRPL32_RNA,-0.03781196102499962
RFX8_RNA,-0.03781405836343765
TMEM199_RNA,-0.037882983684539795
ZNF277_RNA,-0.03790442645549774
KLHL33_RNA,-0.03793315961956978
ISOC1_RNA,-0.0379708856344223
RPN2_RNA,-0.03798634186387062
SCN3B_RNA,-0.03800094872713089
NCOA1_RNA,-0.03800689056515694
KRCC1_RNA,-0.03801256790757179
SLC25A4_RNA,-0.03801768273115158
TMEM53_RNA,-0.038020938634872437
SNX8_RNA,-0.03805049881339073
NXF1_RNA,-0.038066472858190536
PTTG1_RNA,-0.03806809335947037
MRPL15_RNA,-0.03806855529546738
COG3_RNA,-0.038088422268629074
ARHGAP5_RNA,-0.03808958828449249
CCDC92_RNA,-0.03809375688433647
MIR181C_RNA,-0.03810238093137741
MYBL2_RNA,-0.03813415393233299
FMO2_RNA,-0.03819124400615692
CSTF3_RNA,-0.03820064291357994
NHLRC3_RNA,-0.03825867548584938
KRT6B_RNA,-0.038263220340013504
GCC1_RNA,-0.03827406093478203
MEG3_RNA,-0.03831179440021515
C21orf58_RNA,-0.03831491246819496
PHLDA2_RNA,-0.03832193464040756
SLC24A5_RNA,-0.038322944194078445
PUS10_RNA,-0.03833695501089096
DDX54_RNA,-0.03836571052670479
GNAO1_RNA,-0.038369350135326385
TNNT2_RNA,-0.0383993461728096
AFF4_RNA,-0.03843170404434204
ZNF16_RNA,-0.03845477104187012
DPPA4_RNA,-0.038462404161691666
ZNF490_RNA,-0.038479033857584
IER3IP1_RNA,-0.038498006761074066
C2orf74_RNA,-0.0385054312646389
PTGES3_RNA,-0.03851711004972458
ILVBL_RNA,-0.03852396085858345
PTTG1IP_RNA,-0.03857886791229248
NAPA_RNA,-0.038582637906074524
ZNF165_RNA,-0.03859052062034607
KCNG1_RNA,-0.03860722482204437
CCPG1_RNA,-0.03861065208911896
AMBRA1_RNA,-0.038620635867118835
RP1_RNA,-0.03868074342608452
ZNF763_RNA,-0.03873557597398758
UBE2H_RNA,-0.03878253698348999
MIR200A_RNA,-0.038787517696619034
S1PR3_RNA,-0.03879249840974808
FASTKD2_RNA,-0.038797829300165176
ANKRD12_RNA,-0.03880631551146507
TDRD1_RNA,-0.038812365382909775
LPAR3_RNA,-0.03881319612264633
SNW1_RNA,-0.038827188313007355
CCDC87_RNA,-0.03882765397429466
SPTLC1_RNA,-0.03884993493556976
XIAP_RNA,-0.038870081305503845
TMEM51_RNA,-0.03888368979096413
RPA2_RNA,-0.038891907781362534
UBTF_RNA,-0.03890044614672661
ROBO4_RNA,-0.03890383616089821
RBMX2_RNA,-0.03894542157649994
GPR137B_RNA,-0.03895256295800209
ACE2_RNA,-0.038967642933130264
ZNF625_RNA,-0.039002034813165665
RSPRY1_RNA,-0.03901391103863716
IDH3A_RNA,-0.039022818207740784
CLN5_RNA,-0.03902359679341316
COX4I2_RNA,-0.03902439400553703
IRGM_RNA,-0.0390290729701519
FGF19_RNA,-0.039054855704307556
WFDC3_RNA,-0.03911156579852104
ZNF836_RNA,-0.03911573439836502
EPN1_RNA,-0.0391324944794178
ZDHHC24_RNA,-0.03920662775635719
PTPN3_RNA,-0.03922274708747864
SLC24A1_RNA,-0.039229001849889755
LENG1_RNA,-0.039233531802892685
SNORD115-30_RNA,-0.03927962854504585
ABRA_RNA,-0.039286620914936066
PRKCSH_RNA,-0.039297088980674744
USP29_RNA,-0.039337530732154846
HNRNPAB_RNA,-0.03933966904878616
UTS2R_RNA,-0.03939586877822876
TEX261_RNA,-0.03944291174411774
VSIG8_RNA,-0.03945605829358101
SNORA31_RNA,-0.03945709764957428
DTL_RNA,-0.039461005479097366
ALS2_RNA,-0.03949848562479019
HAPLN3_RNA,-0.039502281695604324
AMBN_RNA,-0.03953566774725914
SAP30_RNA,-0.039539989084005356
WDR73_RNA,-0.03954516723752022
PRRG3_RNA,-0.039558395743370056
IFT80_RNA,-0.03966330364346504
MT1G_RNA,-0.039676543325185776
CYP20A1_RNA,-0.03973611444234848
GUCY2C_RNA,-0.03974546492099762
MIR541_RNA,-0.03977036103606224
MAGED1_RNA,-0.0397716760635376
CNOT2_RNA,-0.039797067642211914
KLK7_RNA,-0.03980981931090355
C1orf210_RNA,-0.039826374500989914
ACVR1C_RNA,-0.03984648361802101
MYL9_RNA,-0.03984910994768143
C5orf46_RNA,-0.039853665977716446
ZNF765_RNA,-0.03985939174890518
TAF1L_RNA,-0.0398637056350708
RAD17_RNA,-0.03987673670053482
LILRA2_RNA,-0.03987805172801018
CHRDL2_RNA,-0.03990689292550087
CRYGN_RNA,-0.039923351258039474
PRR11_RNA,-0.03993276134133339
NDUFA13_RNA,-0.03993337228894234
ADAMTSL5_RNA,-0.03995061665773392
DNAJC25_RNA,-0.03995668888092041
CMPK2_RNA,-0.039971452206373215
HRH4_RNA,-0.03998054563999176
LRRC15_RNA,-0.040030140429735184
RFXAP_RNA,-0.04003574326634407
PHLDB1_RNA,-0.040046773850917816
FABP3_RNA,-0.040053125470876694
NTSR1_RNA,-0.04006646201014519
CADM4_RNA,-0.04008588567376137
KCNJ14_RNA,-0.04009411484003067
SEZ6L_RNA,-0.04010961949825287
NFKBIB_RNA,-0.0401131771504879
AGPAT3_RNA,-0.04017321765422821
ERI1_RNA,-0.04018380120396614
OR1E2_RNA,-0.040186867117881775
TPRA1_RNA,-0.04019906371831894
VSIG1_RNA,-0.04021177440881729
EEA1_RNA,-0.04021323844790459
ZNF777_RNA,-0.04023148491978645
GRK6_RNA,-0.04024152830243111
REG1A_RNA,-0.040295571088790894
SDAD1_RNA,-0.040316447615623474
MKKS_RNA,-0.040324918925762177
PLEKHG6_RNA,-0.040335942059755325
FILIP1L_RNA,-0.04037919268012047
B4GALT7_RNA,-0.040384236723184586
SPARC_RNA,-0.04039169102907181
SFTA1P_RNA,-0.04039570316672325
NHEJ1_RNA,-0.04043172299861908
GLIS2_RNA,-0.04044502228498459
ITLN2_RNA,-0.04045472294092178
KCNJ10_RNA,-0.040461115539073944
CLINT1_RNA,-0.04051496088504791
GBA2_RNA,-0.04062054306268692
HOXB5_RNA,-0.04062412306666374
FZD10_RNA,-0.040647272020578384
VSNL1_RNA,-0.040669821202754974
G6PC3_RNA,-0.0406770296394825
ATXN2_RNA,-0.04068661853671074
IRAK3_RNA,-0.0407063327729702
SRA1_RNA,-0.04070841148495674
CABP2_RNA,-0.04072493314743042
BLCAP_RNA,-0.040739111602306366
DDIT3_RNA,-0.040768831968307495
PTCD2_RNA,-0.040782246738672256
CDSN_RNA,-0.040798336267471313
C4orf50_RNA,-0.04083454608917236
PKD1L2_RNA,-0.040862128138542175
ACY3_RNA,-0.040885865688323975
GAPDH_RNA,-0.04091613367199898
JAKMIP1_RNA,-0.04093438386917114
TPX2_RNA,-0.040936414152383804
PARD6B_RNA,-0.04097394272685051
PIGU_RNA,-0.04104220122098923
TMEM217_RNA,-0.04104693606495857
D2HGDH_RNA,-0.041057392954826355
GCOM1_RNA,-0.04106772691011429
BUB1_RNA,-0.04106885567307472
ZNF562_RNA,-0.04112383723258972
HIF1A_RNA,-0.04112490266561508
SLC16A12_RNA,-0.041127510368824005
RAB26_RNA,-0.04113093763589859
CCNL2_RNA,-0.04114191234111786
GBX1_RNA,-0.04115314036607742
MIR376A2_RNA,-0.04116605222225189
NFKB1_RNA,-0.04117484390735626
CYGB_RNA,-0.04118744283914566
ZNF880_RNA,-0.041208188980817795
MIR496_RNA,-0.04124234616756439
STAM2_RNA,-0.04125766083598137
SLC15A3_RNA,-0.04127135127782822
PDE6H_RNA,-0.04128168523311615
PIGW_RNA,-0.04129336029291153
FAM9C_RNA,-0.04129722714424133
DIAPH1_RNA,-0.04132074862718582
TMEM62_RNA,-0.04132752865552902
DCST1_RNA,-0.04134837165474892
L3MBTL3_RNA,-0.04135313630104065
TOP3A_RNA,-0.04137210175395012
ADAMTSL4_RNA,-0.041390080004930496
NUCB1_RNA,-0.04140748456120491
PGAP3_RNA,-0.041407838463783264
UFSP1_RNA,-0.041415710002183914
DSP_RNA,-0.041419077664613724
SP1_RNA,-0.04145311191678047
CEBPG_RNA,-0.0414784774184227
PHLPP2_RNA,-0.04147868975996971
KCNC1_RNA,-0.041497085243463516
EFCAB3_RNA,-0.04150668531656265
LHFPL2_RNA,-0.0415307842195034
FAT3_RNA,-0.04155879467725754
VWA3A_RNA,-0.041560765355825424
ZNF549_RNA,-0.041563842445611954
LOXHD1_RNA,-0.041573770344257355
FOXC2_RNA,-0.04161899536848068
ZNF296_RNA,-0.041652265936136246
POLH_RNA,-0.041706349700689316
RSAD2_RNA,-0.04173761233687401
INVS_RNA,-0.041758667677640915
GLOD4_RNA,-0.04176685959100723
KTN1_RNA,-0.04178059101104736
GK_RNA,-0.04179304465651512
MBNL2_RNA,-0.041853077709674835
MACF1_RNA,-0.0418865941464901
GLB1L_RNA,-0.041943855583667755
PLK3_RNA,-0.041966456919908524
FKBP3_RNA,-0.04197028651833534
NFATC2IP_RNA,-0.041974782943725586
MUC1_RNA,-0.042020779103040695
NCAPG_RNA,-0.04202435538172722
UGT1A1_RNA,-0.04204249754548073
VTRNA1-1_RNA,-0.042080387473106384
BZW1_RNA,-0.042084548622369766
OXA1L_RNA,-0.04211106896400452
IFT172_RNA,-0.04212721437215805
SERINC3_RNA,-0.04214155673980713
RNF2_RNA,-0.04214715212583542
SGSM2_RNA,-0.04215693473815918
LEAP2_RNA,-0.04217526316642761
OIP5_RNA,-0.04217813163995743
MYOM2_RNA,-0.042191095650196075
PKP3_RNA,-0.04220166802406311
LIPG_RNA,-0.04220404848456383
GOLGA8B_RNA,-0.04220713675022125
BEND6_RNA,-0.04221111163496971
TMX4_RNA,-0.042244285345077515
LYPD6B_RNA,-0.04232814162969589
MOCS1_RNA,-0.042332809418439865
KHK_RNA,-0.042340926826000214
OR2AG2_RNA,-0.04235526919364929
PRRT4_RNA,-0.042365316301584244
SEH1L_RNA,-0.04236758500337601
SDCCAG8_RNA,-0.04237137734889984
EMX1_RNA,-0.042384520173072815
MOCS3_RNA,-0.04239285737276077
BNIP2_RNA,-0.04241221025586128
IKZF2_RNA,-0.042413558810949326
DNAJB14_RNA,-0.04241961985826492
LRRC3B_RNA,-0.042452432215213776
POLM_RNA,-0.04250980168581009
RPS27L_RNA,-0.04251175746321678
HSPA6_RNA,-0.04252741113305092
DNAJC14_RNA,-0.04253154993057251
NRL_RNA,-0.04253707453608513
DLG4_RNA,-0.04255184158682823
RSPO2_RNA,-0.04255931079387665
TGM1_RNA,-0.042560629546642303
GRAMD4_RNA,-0.042621713131666183
HSPA4_RNA,-0.042627930641174316
SSH1_RNA,-0.04263479262590408
KRT6A_RNA,-0.042682699859142303
LAMA5_RNA,-0.042708855122327805
KIF17_RNA,-0.04271383583545685
SNORD105B_RNA,-0.042715732008218765
TNKS1BP1_RNA,-0.04272095859050751
GLTPD2_RNA,-0.04274139180779457
POFUT2_RNA,-0.04274577647447586
NKAIN3_RNA,-0.04274982959032059
CHMP4B_RNA,-0.04276135936379433
MANEAL_RNA,-0.04279603436589241
TRIM7_RNA,-0.04282579571008682
MAP7_RNA,-0.042876750230789185
PTGIS_RNA,-0.0428968220949173
SLC26A5_RNA,-0.042906805872917175
BTNL2_RNA,-0.042910877615213394
PPIG_RNA,-0.04291800409555435
C1orf21_RNA,-0.04295199736952782
LCN9_RNA,-0.04298205301165581
AP4S1_RNA,-0.04303928464651108
FBXL12_RNA,-0.043055977672338486
ARRDC5_RNA,-0.04306856170296669
HTR7_RNA,-0.043083831667900085
GPR142_RNA,-0.04308420419692993
ILDR2_RNA,-0.04308745265007019
RBM42_RNA,-0.043107736855745316
IFNAR1_RNA,-0.043143078684806824
DNMT3A_RNA,-0.04316866770386696
MBOAT2_RNA,-0.04319668561220169
TACR2_RNA,-0.0432111881673336
SLC39A3_RNA,-0.04321618005633354
NDUFA7_RNA,-0.043217189610004425
KIAA1958_RNA,-0.04324421286582947
MSR1_RNA,-0.04325684905052185
MED10_RNA,-0.04326112940907478
PTCH2_RNA,-0.04326750338077545
ZNF785_RNA,-0.04326773062348366
FTSJ3_RNA,-0.04326973482966423
MC3R_RNA,-0.04330061748623848
CPNE5_RNA,-0.04331551492214203
NOVA2_RNA,-0.04331653192639351
IL1RN_RNA,-0.04332124814391136
ENO3_RNA,-0.04333866015076637
OS9_RNA,-0.043361466377973557
CIB4_RNA,-0.04336986318230629
TTC7A_RNA,-0.043372344225645065
KRI1_RNA,-0.04338167980313301
MELK_RNA,-0.043413542211055756
RNF20_RNA,-0.043424300849437714
INTS1_RNA,-0.04344189167022705
HAT1_RNA,-0.04344887658953667
DCD_RNA,-0.04348459094762802
OR52W1_RNA,-0.04349992796778679
EHBP1L1_RNA,-0.04351476579904556
CINP_RNA,-0.043540116399526596
MRPL4_RNA,-0.04355482757091522
VENTX_RNA,-0.043562546372413635
MB_RNA,-0.04356955364346504
PAQR8_RNA,-0.04357815906405449
RELL1_RNA,-0.04357871413230896
KIF4A_RNA,-0.0435958132147789
POLA1_RNA,-0.043614085763692856
SRMS_RNA,-0.04364582523703575
ATP10A_RNA,-0.0436924546957016
DHX35_RNA,-0.043701186776161194
HEPACAM2_RNA,-0.043717846274375916
OASL_RNA,-0.043731044977903366
TRPV6_RNA,-0.04373805597424507
ABCF2_RNA,-0.04375268891453743
CDC34_RNA,-0.04375645890831947
CCDC148_RNA,-0.043757181614637375
MAX_RNA,-0.043761786073446274
KRT82_RNA,-0.043764378875494
ZNF615_RNA,-0.04379505664110184
LAMP1_RNA,-0.04379783943295479
SIPA1L3_RNA,-0.04379887133836746
ANO7_RNA,-0.043838802725076675
NUDT9_RNA,-0.04384443908929825
PLSCR3_RNA,-0.04385366663336754
ZCCHC8_RNA,-0.04388321936130524
COX16_RNA,-0.04391978308558464
NDUFB2_RNA,-0.04395488277077675
KRT33A_RNA,-0.043960824608802795
ZNF311_RNA,-0.04398321732878685
SEMA3A_RNA,-0.04399481043219566
ZNF552_RNA,-0.044007766991853714
CCNYL1_RNA,-0.04402843862771988
IMPDH1_RNA,-0.044044483453035355
RBMXL2_RNA,-0.04404876381158829
IVD_RNA,-0.04407988488674164
DLGAP4_RNA,-0.04408375173807144
RHOBTB3_RNA,-0.04409542307257652
PLK4_RNA,-0.044098149985075
ACTN2_RNA,-0.04410333186388016
TRAPPC5_RNA,-0.04413113370537758
TIE1_RNA,-0.04414033889770508
NEXN_RNA,-0.04414500668644905
GCSH_RNA,-0.04416412487626076
FZR1_RNA,-0.0441831573843956
CHST1_RNA,-0.04420911520719528
PTGIR_RNA,-0.04421345889568329
PTPRJ_RNA,-0.044259946793317795
RTP4_RNA,-0.044327519834041595
DBX1_RNA,-0.04434354603290558
BHMT2_RNA,-0.04434448108077049
TMEM150C_RNA,-0.044366076588630676
C2CD4B_RNA,-0.04437045753002167
ZNF613_RNA,-0.04440443217754364
DNAJC10_RNA,-0.04442144185304642
MDH2_RNA,-0.04442855343222618
TTC16_RNA,-0.04445384442806244
EPB41L5_RNA,-0.04446442425251007
MCM6_RNA,-0.04447091743350029
PSMD13_RNA,-0.04447346553206444
SYNGR4_RNA,-0.04447615519165993
AUTS2_RNA,-0.04448780044913292
PVALB_RNA,-0.04449241980910301
TSPAN32_RNA,-0.04452269524335861
SNRNP70_RNA,-0.044540222734212875
SLC16A4_RNA,-0.04458175227046013
KIF20A_RNA,-0.04458863288164139
ERAP2_RNA,-0.044590551406145096
CCR5_RNA,-0.04459131136536598
NFE2L2_RNA,-0.044591616839170456
ALDH4A1_RNA,-0.04461270198225975
CCNT1_RNA,-0.04462815821170807
PPDPF_RNA,-0.044635143131017685
MIR204_RNA,-0.04463693127036095
NPS_RNA,-0.04466555267572403
TSEN34_RNA,-0.044673170894384384
AGBL1_RNA,-0.04468565061688423
RBP4_RNA,-0.044717688113451004
SPC25_RNA,-0.04472113400697708
VAPA_RNA,-0.04473225027322769
ANPEP_RNA,-0.04474864900112152
CABLES2_RNA,-0.044781122356653214
ETV2_RNA,-0.044799331575632095
ST8SIA5_RNA,-0.0448516421020031
OR52B2_RNA,-0.04485388100147247
ABHD14B_RNA,-0.04486564174294472
HIGD1B_RNA,-0.044885240495204926
PEG3_RNA,-0.044887725263834
DUSP8_RNA,-0.044897548854351044
ERN1_RNA,-0.04490217566490173
GAB1_RNA,-0.04491867497563362
HPRT1_RNA,-0.04492715373635292
UTP15_RNA,-0.0449666790664196
MAMSTR_RNA,-0.04496827721595764
CEBPB_RNA,-0.04496903344988823
ERP29_RNA,-0.04497140273451805
PPP1CB_RNA,-0.04498814046382904
ANKRD30B_RNA,-0.04500766843557358
PSEN1_RNA,-0.045032184571027756
HPS1_RNA,-0.045066993683576584
REXO1_RNA,-0.04508213698863983
DTYMK_RNA,-0.04509064927697182
MICB_RNA,-0.045150648802518845
SNORA36C_RNA,-0.04515191540122032
RFWD3_RNA,-0.04515913128852844
DNTTIP1_RNA,-0.04518166929483414
PSMC1_RNA,-0.04519367963075638
CCDC85B_RNA,-0.04521830007433891
ELAVL1_RNA,-0.04522465914487839
SOCS6_RNA,-0.045247096568346024
MYO1C_RNA,-0.045273758471012115
HOOK1_RNA,-0.04531390964984894
PSME2_RNA,-0.04532681778073311
SUMO3_RNA,-0.04532873257994652
RSBN1L_RNA,-0.04533175751566887
LIN52_RNA,-0.0453454814851284
ZNF260_RNA,-0.04536062851548195
UBE2N_RNA,-0.04537017643451691
OSM_RNA,-0.045403774827718735
ARL1_RNA,-0.04542773962020874
GRK1_RNA,-0.04543698951601982
SETDB2_RNA,-0.04545464366674423
PLK2_RNA,-0.04546201601624489
DTWD1_RNA,-0.04546276852488518
ZC3HC1_RNA,-0.045468542724847794
WIPF2_RNA,-0.045492853969335556
SESN1_RNA,-0.04550497233867645
TBRG4_RNA,-0.04550684615969658
CCDC65_RNA,-0.04552360624074936
TAP1_RNA,-0.04555642977356911
CCNB2_RNA,-0.045558393001556396
CRNKL1_RNA,-0.045563798397779465
ZRANB3_RNA,-0.04556727036833763
MEF2A_RNA,-0.04556833207607269
TRPM5_RNA,-0.04558633267879486
TNFSF15_RNA,-0.045639485120773315
THPO_RNA,-0.04569737985730171
GINS4_RNA,-0.045754361897706985
KCNE3_RNA,-0.04575712978839874
OPN1SW_RNA,-0.04576190561056137
GNA11_RNA,-0.04577471688389778
ST20_RNA,-0.045787692070007324
DNPEP_RNA,-0.04579407721757889
EGR3_RNA,-0.045801255851984024
FZD4_RNA,-0.04580153524875641
MLF1_RNA,-0.04583680257201195
KIAA1217_RNA,-0.04584003612399101
GSTZ1_RNA,-0.045848097652196884
RAB11FIP3_RNA,-0.045860376209020615
CHD9_RNA,-0.045861680060625076
ABCG4_RNA,-0.045873869210481644
DCN_RNA,-0.04587767273187637
ZNF367_RNA,-0.045881226658821106
LARP1B_RNA,-0.04589645937085152
CHRNA7_RNA,-0.04589679092168808
CDH10_RNA,-0.0459456592798233
GAPDHS_RNA,-0.04594577103853226
SMARCD2_RNA,-0.04596256837248802
ST3GAL4_RNA,-0.04596318304538727
TM9SF2_RNA,-0.04600228741765022
H19_RNA,-0.046012576669454575
FRMD6_RNA,-0.046021949499845505
LMBRD2_RNA,-0.04606320708990097
MIR106B_RNA,-0.0460875928401947
ARAF_RNA,-0.046093203127384186
MTIF3_RNA,-0.046119675040245056
SLAMF1_RNA,-0.046170324087142944
TAF4_RNA,-0.04622449353337288
SLC16A1_RNA,-0.046225275844335556
KCNMB1_RNA,-0.04623488336801529
RS1_RNA,-0.0462605319917202
PLEKHG4B_RNA,-0.046265047043561935
GNPTAB_RNA,-0.04627160355448723
IFI6_RNA,-0.04630649462342262
MYO15B_RNA,-0.046369921416044235
SERPINB5_RNA,-0.0463750958442688
PCYT1B_RNA,-0.046375107020139694
HPDL_RNA,-0.04637565091252327
TSSK4_RNA,-0.04640306159853935
FAM184A_RNA,-0.04640534520149231
TYR_RNA,-0.04642306640744209
CD302_RNA,-0.04642461612820625
C9orf50_RNA,-0.046447061002254486
NCL_RNA,-0.04646843671798706
DLST_RNA,-0.04650533199310303
CGRRF1_RNA,-0.046512871980667114
MUCL1_RNA,-0.04651930555701256
N4BP2L2_RNA,-0.04652135819196701
STAT2_RNA,-0.0465545728802681
IL1B_RNA,-0.04658014327287674
CPNE6_RNA,-0.04658777639269829
IL2RA_RNA,-0.04660392552614212
USPL1_RNA,-0.04660444334149361
TMX1_RNA,-0.04661618173122406
CHRM4_RNA,-0.046647608280181885
NGFR_RNA,-0.0467115193605423
MTCH2_RNA,-0.04671797156333923
DMP1_RNA,-0.04672766849398613
AFF1_RNA,-0.046771690249443054
TSGA10_RNA,-0.04683256894350052
TIRAP_RNA,-0.04683387279510498
PELO_RNA,-0.04683876782655716
ZCWPW1_RNA,-0.04686424136161804
C1S_RNA,-0.04693230614066124
NASP_RNA,-0.04695793241262436
RABL2A_RNA,-0.04697898402810097
RBPMS_RNA,-0.04698580130934715
CSAD_RNA,-0.04699123278260231
STYK1_RNA,-0.04699941352009773
HOXD12_RNA,-0.047014832496643066
ZFP1_RNA,-0.047017164528369904
DHRS12_RNA,-0.04702756926417351
LAMA4_RNA,-0.047034163028001785
VDAC1_RNA,-0.04706715792417526
ELK4_RNA,-0.04711758345365524
FAM114A1_RNA,-0.04712595045566559
F2RL2_RNA,-0.047150541096925735
FUS_RNA,-0.047170378267765045
SLC15A1_RNA,-0.04719919338822365
NLN_RNA,-0.047255802899599075
AFP_RNA,-0.04727330431342125
PGM2_RNA,-0.047282323241233826
HYMAI_RNA,-0.04731821268796921
CALY_RNA,-0.04732316732406616
PLA2R1_RNA,-0.04733174294233322
XRN2_RNA,-0.047352176159620285
NEFH_RNA,-0.04736064374446869
ITGB5_RNA,-0.04737303778529167
VMA21_RNA,-0.047375813126564026
TOR1A_RNA,-0.04738125577569008
MORC4_RNA,-0.0473993718624115
OPRL1_RNA,-0.04741664603352547
XRCC1_RNA,-0.04742805287241936
VRK2_RNA,-0.04742880165576935
SEPHS2_RNA,-0.04743633046746254
IQGAP3_RNA,-0.04745251685380936
USP16_RNA,-0.04745893552899361
THBD_RNA,-0.047487761825323105
ANGPTL4_RNA,-0.04749157652258873
PRMT2_RNA,-0.047502826899290085
PDP2_RNA,-0.047510359436273575
NXPH4_RNA,-0.04751664027571678
WDR4_RNA,-0.04752366617321968
RIMKLA_RNA,-0.04754725471138954
PPM1B_RNA,-0.04755449667572975
ANO9_RNA,-0.0475626215338707
SNORA74A_RNA,-0.04756905883550644
NAA30_RNA,-0.04757114499807358
DSTN_RNA,-0.04757576808333397
RSPH9_RNA,-0.04757600277662277
PPCDC_RNA,-0.04757934808731079
WT1_RNA,-0.047587644308805466
ZMYM5_RNA,-0.04760734364390373
LRRIQ1_RNA,-0.047622840851545334
ZNF528_RNA,-0.047648314386606216
ISOC2_RNA,-0.0476665273308754
FGFR2_RNA,-0.04767558351159096
RP9_RNA,-0.04768870025873184
MIR921_RNA,-0.047729071229696274
MGAT1_RNA,-0.047733061015605927
NDRG1_RNA,-0.04776443913578987
ABCA12_RNA,-0.04776467755436897
STYXL1_RNA,-0.047781940549612045
KIAA1671_RNA,-0.047802798449993134
NFE2L3_RNA,-0.047810930758714676
RBBP8_RNA,-0.04784709960222244
CANT1_RNA,-0.04789798706769943
ARFIP1_RNA,-0.047906544059515
PTH1R_RNA,-0.04792676493525505
CHERP_RNA,-0.04795460030436516
ZBTB4_RNA,-0.04795476421713829
RAB38_RNA,-0.04796159639954567
TBX6_RNA,-0.04796402528882027
HEXB_RNA,-0.047995299100875854
TOR1B_RNA,-0.048016536980867386
CRYL1_RNA,-0.04801984876394272
ESYT1_RNA,-0.048050858080387115
GCA_RNA,-0.048051416873931885
GPRC5B_RNA,-0.048062875866889954
IL22RA1_RNA,-0.048071783035993576
NUFIP1_RNA,-0.04812435433268547
LMNB2_RNA,-0.048149146139621735
APC2_RNA,-0.04818269610404968
CXCR2_RNA,-0.048210952430963516
AKAP5_RNA,-0.04822580888867378
METTL1_RNA,-0.0482281930744648
ZNF200_RNA,-0.04823713377118111
GALNT2_RNA,-0.048241227865219116
TCHP_RNA,-0.04825332760810852
NETO2_RNA,-0.04827558994293213
MAP7D3_RNA,-0.048289086669683456
NLRP14_RNA,-0.04828961193561554
GUCY2D_RNA,-0.0483037605881691
SECTM1_RNA,-0.04831302911043167
STAP2_RNA,-0.048318423330783844
REEP1_RNA,-0.04833144322037697
ADCYAP1R1_RNA,-0.04835013300180435
FAM193B_RNA,-0.04835290461778641
EPS8L1_RNA,-0.048357121646404266
SOBP_RNA,-0.04836640879511833
RAB12_RNA,-0.04838566109538078
HAUS8_RNA,-0.0484214685857296
E2F1_RNA,-0.04843016341328621
LMNB1_RNA,-0.048440612852573395
BTBD1_RNA,-0.0484422966837883
NDFIP2_RNA,-0.04844314977526665
ATG4D_RNA,-0.04847775027155876
MOV10L1_RNA,-0.04850219562649727
MIR665_RNA,-0.04854215681552887
MPP3_RNA,-0.04855914041399956
APBA3_RNA,-0.04856438934803009
BLVRB_RNA,-0.04857785254716873
CHSY1_RNA,-0.04858274757862091
MYCBP_RNA,-0.04860920086503029
PLA2G2F_RNA,-0.04861610382795334
KCTD19_RNA,-0.048628631979227066
BICC1_RNA,-0.048638612031936646
PEPD_RNA,-0.048640355467796326
TFCP2_RNA,-0.0486452691257
STK11IP_RNA,-0.048645924776792526
ITPR3_RNA,-0.04867582395672798
ZNF223_RNA,-0.048712436109781265
COL4A5_RNA,-0.04871731996536255
TEX264_RNA,-0.04871993884444237
MYL12B_RNA,-0.04874502867460251
MIR2113_RNA,-0.048754289746284485
SOX2_RNA,-0.048772815614938736
WDR72_RNA,-0.04878642410039902
GABRA2_RNA,-0.048790741711854935
APH1B_RNA,-0.04886351153254509
MFAP1_RNA,-0.04886874929070473
TPRG1_RNA,-0.04894229397177696
HSPA1B_RNA,-0.04894291236996651
SYNGR1_RNA,-0.04895428940653801
CPPED1_RNA,-0.04898873344063759
RB1_RNA,-0.04900655522942543
WDR19_RNA,-0.04902517795562744
CHRNA5_RNA,-0.04902686923742294
MRPS30_RNA,-0.04906938597559929
ARMC10_RNA,-0.04913650080561638
PLIN5_RNA,-0.049142975360155106
CD2AP_RNA,-0.04918387159705162
ANK3_RNA,-0.04920784384012222
HSP90B1_RNA,-0.049308374524116516
MYRIP_RNA,-0.04931960254907608
SLC30A4_RNA,-0.04933016002178192
ADCK2_RNA,-0.04933172091841698
PWP1_RNA,-0.04933230206370354
CPA1_RNA,-0.04933983087539673
HOOK2_RNA,-0.04935509338974953
SLC36A4_RNA,-0.04939796030521393
GOLPH3_RNA,-0.049398601055145264
MAP4K3_RNA,-0.04940607398748398
BCL2L1_RNA,-0.04941161721944809
UNC13B_RNA,-0.049425940960645676
INSR_RNA,-0.04950501769781113
KCNC2_RNA,-0.049575723707675934
TCEA2_RNA,-0.04960348457098007
MTMR3_RNA,-0.04961882159113884
GNPDA1_RNA,-0.049632202833890915
RCOR1_RNA,-0.049634940922260284
TNFRSF18_RNA,-0.04964381828904152
NRM_RNA,-0.04964495450258255
SLC37A4_RNA,-0.04965187609195709
RAE1_RNA,-0.049659643322229385
CLUL1_RNA,-0.04966229945421219
ZNF599_RNA,-0.04969073086977005
RBMS1_RNA,-0.049699317663908005
ANKRD22_RNA,-0.049728624522686005
PADI1_RNA,-0.049767300486564636
CTSZ_RNA,-0.04978356137871742
ESF1_RNA,-0.049793172627687454
NUP205_RNA,-0.04979846626520157
BATF3_RNA,-0.04981916397809982
SCN2B_RNA,-0.04986429214477539
DHODH_RNA,-0.04989541321992874
ATF7_RNA,-0.04989904910326004
HMGCL_RNA,-0.04990977421402931
SPTBN5_RNA,-0.049917034804821014
CRYZ_RNA,-0.049951281398534775
DNAJC30_RNA,-0.04995594173669815
PHKB_RNA,-0.04995984211564064
ARGLU1_RNA,-0.0499662421643734
RPA1_RNA,-0.05000283941626549
SLC25A35_RNA,-0.05001143366098404
DUS3L_RNA,-0.050017718225717545
FBXW7_RNA,-0.05002819001674652
CDR2_RNA,-0.050054918974637985
RPRD1B_RNA,-0.050076693296432495
MPDU1_RNA,-0.05009910464286804
EIF4E3_RNA,-0.0501030832529068
CCDC47_RNA,-0.05011659860610962
TMEM52_RNA,-0.05011783540248871
CCM2_RNA,-0.05016477033495903
ITGBL1_RNA,-0.050166744738817215
CXCR1_RNA,-0.050166789442300797
DEPDC1_RNA,-0.0501839816570282
PLRG1_RNA,-0.05021137371659279
CNDP2_RNA,-0.050262466073036194
FKBP1B_RNA,-0.05027226358652115
GMNN_RNA,-0.050296247005462646
DIDO1_RNA,-0.05030268803238869
RNF175_RNA,-0.050305597484111786
FREM1_RNA,-0.050309449434280396
TP53I11_RNA,-0.05031377449631691
REPIN1_RNA,-0.050318293273448944
DOCK9_RNA,-0.050331708043813705
OR2D3_RNA,-0.05033352971076965
HSPB7_RNA,-0.05035706236958504
PDK3_RNA,-0.050398264080286026
FN3K_RNA,-0.05044543370604515
PEX11A_RNA,-0.0504702664911747
PLA2G4D_RNA,-0.05047439783811569
AGXT_RNA,-0.05048548802733421
FXYD5_RNA,-0.050498105585575104
ATF6B_RNA,-0.05050799623131752
NFE2_RNA,-0.0505448654294014
AKAP11_RNA,-0.0505668930709362
TDP1_RNA,-0.0505688302218914
ORAI1_RNA,-0.05057135224342346
XPC_RNA,-0.05058446526527405
RAD54B_RNA,-0.050594937056303024
FN1_RNA,-0.05059853568673134
RFXANK_RNA,-0.050620950758457184
KBTBD6_RNA,-0.050635043531656265
CD93_RNA,-0.05064188316464424
GJD2_RNA,-0.05065074935555458
ZNF575_RNA,-0.050691090524196625
ERLEC1_RNA,-0.05069128796458244
GLIPR1L2_RNA,-0.05070686712861061
SEC24A_RNA,-0.05071398243308067
KIF27_RNA,-0.0507507249712944
FAM107A_RNA,-0.050797849893569946
SLC30A10_RNA,-0.05081932619214058
ADCY1_RNA,-0.05082591250538826
METRNL_RNA,-0.05083820968866348
NDEL1_RNA,-0.05085097253322601
KCTD8_RNA,-0.05085253342986107
F2RL1_RNA,-0.05087687447667122
OR51E2_RNA,-0.05088195577263832
CDC42EP5_RNA,-0.050891511142253876
HS2ST1_RNA,-0.05090003460645676
LPAR1_RNA,-0.0509038120508194
DPP9_RNA,-0.050929490476846695
NR1D1_RNA,-0.050937000662088394
ZNF385D_RNA,-0.05095361918210983
HIPK4_RNA,-0.050959281623363495
MIR222_RNA,-0.0509914755821228
MRRF_RNA,-0.05100949481129646
AAGAB_RNA,-0.051012296229600906
ATP9B_RNA,-0.05101669207215309
GALNT4_RNA,-0.05102260783314705
MIR324_RNA,-0.051032692193984985
ZNF227_RNA,-0.05108734220266342
GPR107_RNA,-0.05110303685069084
MAP2K7_RNA,-0.05112007260322571
DNAJB6_RNA,-0.051122333854436874
TRIAP1_RNA,-0.05114365369081497
HSD3B7_RNA,-0.051160067319869995
ZNF138_RNA,-0.05116327852010727
SLC25A42_RNA,-0.051177095621824265
ZNF576_RNA,-0.05119737610220909
STC1_RNA,-0.05121079087257385
INTS6_RNA,-0.05123294144868851
NDRG2_RNA,-0.05123724043369293
TST_RNA,-0.051275115460157394
TNNI3_RNA,-0.05129437521100044
ABHD1_RNA,-0.05132559686899185
HSPBP1_RNA,-0.05135053023695946
SMCHD1_RNA,-0.05138083174824715
PTCHD1_RNA,-0.051384180784225464
CDC25C_RNA,-0.05139117315411568
PPP1R1A_RNA,-0.05140019580721855
TRIO_RNA,-0.05145282298326492
ZNF551_RNA,-0.051462266594171524
POLR3G_RNA,-0.051512643694877625
ATAD2_RNA,-0.05153414607048035
AK7_RNA,-0.051535092294216156
PODXL_RNA,-0.05155487358570099
IGFBP5_RNA,-0.05158793553709984
HCN1_RNA,-0.05159745737910271
ESYT2_RNA,-0.05160416662693024
FIS1_RNA,-0.05162050947546959
C2orf88_RNA,-0.05163209140300751
EGLN1_RNA,-0.05165060982108116
AP3B1_RNA,-0.05165136978030205
EFNB3_RNA,-0.051656775176525116
KLHDC1_RNA,-0.051679447293281555
NEURL3_RNA,-0.05168081820011139
AHRR_RNA,-0.05168786644935608
SMARCD1_RNA,-0.051704972982406616
SASH1_RNA,-0.051743872463703156
RAB11FIP5_RNA,-0.05175178870558739
ZNF391_RNA,-0.051766570657491684
PLAGL2_RNA,-0.051766812801361084
EPOR_RNA,-0.05178464949131012
GTF2F1_RNA,-0.051793813705444336
EPS15L1_RNA,-0.05180139094591141
IMMT_RNA,-0.05185793712735176
PROKR1_RNA,-0.05188288912177086
MUC16_RNA,-0.051897063851356506
ALDOA_RNA,-0.05191659927368164
CASC2_RNA,-0.0519368052482605
MAS1_RNA,-0.051938656717538834
SDR39U1_RNA,-0.051973119378089905
SIRPB1_RNA,-0.051988355815410614
SLFN12_RNA,-0.05200447887182236
ZNF287_RNA,-0.05202103778719902
ARHGEF6_RNA,-0.05203113332390785
GABARAPL2_RNA,-0.05204311013221741
NLRP12_RNA,-0.0521651953458786
BARD1_RNA,-0.05218091234564781
NNT_RNA,-0.05221813544631004
ARHGAP1_RNA,-0.05223212391138077
CYB5R2_RNA,-0.05225811153650284
SNCA_RNA,-0.05227220430970192
CA5A_RNA,-0.05229877680540085
ZNF844_RNA,-0.05231621116399765
MBD2_RNA,-0.05232072249054909
MDGA1_RNA,-0.052347589284181595
NRSN2_RNA,-0.05235902965068817
RXRA_RNA,-0.052362777292728424
WDFY2_RNA,-0.05237647145986557
SRFBP1_RNA,-0.05241641402244568
ZNF567_RNA,-0.052419357001781464
RAB5A_RNA,-0.05245156213641167
PCIF1_RNA,-0.05245658755302429
ZNF468_RNA,-0.05253163352608681
STRN4_RNA,-0.05254384130239487
PFKM_RNA,-0.0525602325797081
KIAA1143_RNA,-0.05256287381052971
SLC26A2_RNA,-0.05264439433813095
LARP7_RNA,-0.052644576877355576
DIS3L_RNA,-0.052648354321718216
ROBO1_RNA,-0.05264997482299805
KDM3A_RNA,-0.052660346031188965
CYP27B1_RNA,-0.05266418308019638
MCOLN3_RNA,-0.05268469825387001
STARD3NL_RNA,-0.052711594849824905
ASB3_RNA,-0.05271727591753006
DDX23_RNA,-0.052717424929142
TK2_RNA,-0.05273548141121864
KCNT1_RNA,-0.05275099724531174
FAM120A_RNA,-0.05275103077292442
COQ7_RNA,-0.05276118218898773
POP4_RNA,-0.0527733638882637
FAM151A_RNA,-0.05279427021741867
OR51B5_RNA,-0.05281759053468704
HOXC11_RNA,-0.052838198840618134
HTR4_RNA,-0.052862949669361115
RASA1_RNA,-0.05287623777985573
SUCLG2_RNA,-0.05288626626133919
DNM1_RNA,-0.05291253700852394
IARS2_RNA,-0.05292194336652756
DLGAP5_RNA,-0.05293384566903114
PIGZ_RNA,-0.052950065582990646
SCO1_RNA,-0.05296001210808754
GLUL_RNA,-0.05297452583909035
CAD_RNA,-0.05305415391921997
MAF_RNA,-0.05305449664592743
HCG22_RNA,-0.05305644869804382
HIPK3_RNA,-0.05306320637464523
EMILIN2_RNA,-0.05306730419397354
KDELR3_RNA,-0.05307294428348541
ARF6_RNA,-0.05309728905558586
BAIAP3_RNA,-0.05312898010015488
SPTB_RNA,-0.05313811078667641
ZFP30_RNA,-0.05314633995294571
FEN1_RNA,-0.05315757542848587
RIMBP2_RNA,-0.053171392530202866
RMND5B_RNA,-0.053220514208078384
ZNF503_RNA,-0.05322184041142464
MAP9_RNA,-0.05323318764567375
RPGR_RNA,-0.05323369428515434
STAU1_RNA,-0.05324772372841835
EZH2_RNA,-0.053264010697603226
CACNA1F_RNA,-0.053277403116226196
SNUPN_RNA,-0.05332762375473976
IFT140_RNA,-0.053361278027296066
PGBD2_RNA,-0.05337193235754967
SH2D1A_RNA,-0.053406573832035065
IBSP_RNA,-0.053431350737810135
ARG1_RNA,-0.05344785749912262
PLXNA4_RNA,-0.05348147824406624
VWA5A_RNA,-0.05353572592139244
CLN6_RNA,-0.053564440459012985
S1PR2_RNA,-0.05357544496655464
NUP214_RNA,-0.05358337610960007
HMGN2_RNA,-0.05358802527189255
NUDCD2_RNA,-0.05359986796975136
POU4F3_RNA,-0.053622666746377945
MPHOSPH9_RNA,-0.053625911474227905
TMEM17_RNA,-0.05362670496106148
INSL5_RNA,-0.05362854525446892
PFKL_RNA,-0.0536314994096756
ADAMTS13_RNA,-0.05363854020833969
MOCOS_RNA,-0.05366738885641098
N4BP2L1_RNA,-0.053675342351198196
MFAP4_RNA,-0.05367623269557953
KIF24_RNA,-0.05368289351463318
MYL3_RNA,-0.05368609353899956
ZNF101_RNA,-0.053692109882831573
ASPHD1_RNA,-0.05370008945465088
TNIP1_RNA,-0.05371827632188797
ASXL2_RNA,-0.05372016131877899
ZNFX1_RNA,-0.05373518913984299
ANP32E_RNA,-0.053764887154102325
UCHL1_RNA,-0.05377252772450447
HIP1R_RNA,-0.053790584206581116
TSSC4_RNA,-0.0538099929690361
WTIP_RNA,-0.05381804704666138
PRKD2_RNA,-0.053850870579481125
CARD10_RNA,-0.05388239026069641
CNOT3_RNA,-0.05392161384224892
IRGQ_RNA,-0.053937457501888275
NUDT16L1_RNA,-0.05393838509917259
ZNF587_RNA,-0.05395383760333061
C4orf3_RNA,-0.053961437195539474
C5orf15_RNA,-0.05398090183734894
ANKFY1_RNA,-0.05399492755532265
AP3D1_RNA,-0.054000236093997955
TMEM150A_RNA,-0.05401468276977539
ZNF415_RNA,-0.05401737987995148
SLC25A3_RNA,-0.054045189172029495
DUSP1_RNA,-0.054072752594947815
ALG6_RNA,-0.054092083126306534
ANKRD52_RNA,-0.05410705506801605
BRI3BP_RNA,-0.05411761626601219
SPEG_RNA,-0.05411890894174576
ZNF335_RNA,-0.05412428081035614
ZKSCAN1_RNA,-0.05412587895989418
SLITRK3_RNA,-0.05413892865180969
CBLC_RNA,-0.05414051190018654
REM2_RNA,-0.05415669456124306
GLRA2_RNA,-0.05416920408606529
PADI4_RNA,-0.05417598411440849
ARX_RNA,-0.0541781410574913
MIR1180_RNA,-0.05419737845659256
TSPAN31_RNA,-0.05420142412185669
HTR3A_RNA,-0.054219864308834076
HRAS_RNA,-0.05422563850879669
OR1N1_RNA,-0.05428436025977135
IL13RA1_RNA,-0.05428871512413025
NLRP7_RNA,-0.054291389882564545
SEC24D_RNA,-0.054293230175971985
MOV10_RNA,-0.05430987477302551
HHLA2_RNA,-0.05432017147541046
SLC13A5_RNA,-0.05432582646608353
ANKLE2_RNA,-0.05438169464468956
TSLP_RNA,-0.054427891969680786
FIZ1_RNA,-0.05445355176925659
PCDH10_RNA,-0.05446577072143555
CKMT2_RNA,-0.054471444338560104
GPHN_RNA,-0.05450228601694107
ICA1L_RNA,-0.05460057407617569
ENDOD1_RNA,-0.054602157324552536
BCL3_RNA,-0.054646726697683334
MAT2B_RNA,-0.05466543883085251
FAM78B_RNA,-0.0546891875565052
TMEM198_RNA,-0.05471128225326538
REG1B_RNA,-0.05472523346543312
CENPB_RNA,-0.05478351563215256
DKKL1_RNA,-0.05479498207569122
GIPC3_RNA,-0.054797135293483734
SUGT1_RNA,-0.05480027571320534
SDS_RNA,-0.05481220781803131
GRB7_RNA,-0.05489218980073929
GPR78_RNA,-0.05494771897792816
ZNF790_RNA,-0.054978255182504654
ZNF24_RNA,-0.05499101057648659
RFC5_RNA,-0.0549921952188015
CCNB1_RNA,-0.055012382566928864
DAPK1_RNA,-0.055039118975400925
PLEKHJ1_RNA,-0.05504126846790314
ADAM11_RNA,-0.055071890354156494
POR_RNA,-0.055073440074920654
IFI27L1_RNA,-0.05514473840594292
C2CD4A_RNA,-0.055150579661130905
IPCEF1_RNA,-0.055192433297634125
CRY2_RNA,-0.05520417168736458
BOD1_RNA,-0.055239222943782806
ALX3_RNA,-0.055251121520996094
OR11H4_RNA,-0.05528993532061577
ANKRD53_RNA,-0.05529305338859558
CLU_RNA,-0.0552944578230381
RAET1G_RNA,-0.055304113775491714
CYP39A1_RNA,-0.0553240142762661
LDB2_RNA,-0.0553278923034668
API5_RNA,-0.05534600093960762
OR52H1_RNA,-0.0553588792681694
HMOX1_RNA,-0.05536966025829315
CRHR2_RNA,-0.055381692945957184
TPM4_RNA,-0.055410970002412796
UNC5C_RNA,-0.05543465167284012
LY6G5C_RNA,-0.05543515458703041
SLC25A2_RNA,-0.0554470457136631
FNDC7_RNA,-0.05544966831803322
SLC17A7_RNA,-0.05547773092985153
GSX2_RNA,-0.05549792945384979
PAN2_RNA,-0.055541157722473145
ATP6AP2_RNA,-0.05555496737360954
SYT2_RNA,-0.0555717907845974
CSAG1_RNA,-0.05559598654508591
NDE1_RNA,-0.055627938359975815
MAP4K2_RNA,-0.05569887161254883
EFHD2_RNA,-0.05570722743868828
TTLL8_RNA,-0.05572757124900818
SLC26A7_RNA,-0.055741675198078156
TMCO6_RNA,-0.05575982481241226
YEATS4_RNA,-0.055767714977264404
ULK4_RNA,-0.05577155202627182
IRF3_RNA,-0.05577273666858673
EGFLAM_RNA,-0.05580760911107063
FGFR1_RNA,-0.055814892053604126
PTER_RNA,-0.05581864342093468
SMC4_RNA,-0.05583297088742256
PDE9A_RNA,-0.05585888400673866
CITED2_RNA,-0.05585988238453865
ZNF317_RNA,-0.055877357721328735
SLC22A8_RNA,-0.05588970333337784
AVEN_RNA,-0.0558926984667778
KNG1_RNA,-0.055906690657138824
ERGIC1_RNA,-0.055941808968782425
NDOR1_RNA,-0.05596577003598213
CLTB_RNA,-0.05598776787519455
MADD_RNA,-0.056005168706178665
KCNG4_RNA,-0.05603000521659851
SLC29A1_RNA,-0.056041672825813293
NCLN_RNA,-0.056051116436719894
UBLCP1_RNA,-0.05607646331191063
FAM120AOS_RNA,-0.05615732818841934
FHAD1_RNA,-0.05616549029946327
FMNL3_RNA,-0.05623358488082886
ITM2B_RNA,-0.05624985322356224
ZNF84_RNA,-0.0562765933573246
SMAGP_RNA,-0.056289710104465485
ACAD10_RNA,-0.0562928169965744
UBOX5_RNA,-0.05630497634410858
BBC3_RNA,-0.05631920322775841
OTUD4_RNA,-0.05636979267001152
ZNF789_RNA,-0.056378770619630814
GGCT_RNA,-0.056428708136081696
PIM2_RNA,-0.05643729493021965
SEMA3F_RNA,-0.05645362287759781
ACSS2_RNA,-0.056484270840883255
TRIM47_RNA,-0.05649363249540329
ATP1A1_RNA,-0.05652248486876488
NIPSNAP3B_RNA,-0.05654582753777504
KIAA1191_RNA,-0.05655503645539284
CLDN23_RNA,-0.05656043067574501
DLEU2_RNA,-0.05662257969379425
CENPA_RNA,-0.05662352964282036
PRSS3_RNA,-0.056656140834093094
TPH2_RNA,-0.056669704616069794
DYNC2H1_RNA,-0.05668755620718002
GPM6A_RNA,-0.056692853569984436
DCPS_RNA,-0.05670034512877464
ZNF527_RNA,-0.056735698133707047
IRAK4_RNA,-0.05677551031112671
WIZ_RNA,-0.05677616223692894
ABLIM1_RNA,-0.05680849775671959
FAM111B_RNA,-0.056831054389476776
ZNF480_RNA,-0.05684491991996765
KCNJ5_RNA,-0.056847404688596725
ASPHD2_RNA,-0.05685492604970932
CRTC1_RNA,-0.05688467621803284
CC2D1A_RNA,-0.056920479983091354
YTHDF1_RNA,-0.05693792179226875
YES1_RNA,-0.0569525770843029
KCNAB3_RNA,-0.05696982517838478
IL7R_RNA,-0.05701753869652748
SLC35F4_RNA,-0.057033658027648926
NAGPA_RNA,-0.057046953588724136
MAK_RNA,-0.05706328898668289
MEGF8_RNA,-0.05711369216442108
SLC39A8_RNA,-0.05714014172554016
ZNF284_RNA,-0.05720183998346329
WDR35_RNA,-0.05721716582775116
JMJD8_RNA,-0.05724590644240379
CDRT4_RNA,-0.05726955458521843
C2orf15_RNA,-0.057292066514492035
MRAP2_RNA,-0.05730156600475311
DDX3X_RNA,-0.05730845034122467
HMGB2_RNA,-0.057317376136779785
MID1IP1_RNA,-0.057343121618032455
TECPR2_RNA,-0.05734500288963318
NYX_RNA,-0.05737235024571419
CASKIN1_RNA,-0.05737804248929024
CCDC9_RNA,-0.05739038810133934
NDUFS3_RNA,-0.057391948997974396
DONSON_RNA,-0.05745185539126396
MYEF2_RNA,-0.05751259997487068
OR7A5_RNA,-0.05751490592956543
ZNF473_RNA,-0.057538408786058426
KRT23_RNA,-0.05754673108458519
KIF15_RNA,-0.05757080391049385
KRBA1_RNA,-0.057600416243076324
TMX3_RNA,-0.05761520564556122
CYB5D2_RNA,-0.057620130479335785
MUL1_RNA,-0.057625651359558105
OXR1_RNA,-0.05763253942131996
IFI44L_RNA,-0.057671330869197845
HSBP1L1_RNA,-0.057675767689943314
ANKRD34C_RNA,-0.05770347639918327
SETD2_RNA,-0.05770586058497429
FAM161B_RNA,-0.05771050602197647
EXO1_RNA,-0.057713307440280914
PHKA1_RNA,-0.05774705484509468
PHAX_RNA,-0.0577641986310482
ZNF267_RNA,-0.057777900248765945
FBXO43_RNA,-0.0577949658036232
CEP78_RNA,-0.05780022591352463
KRTAP5-6_RNA,-0.057839568704366684
RIOK3_RNA,-0.05787375569343567
C19orf25_RNA,-0.05787864699959755
PECAM1_RNA,-0.05788898095488548
FHL5_RNA,-0.05790911987423897
ESPL1_RNA,-0.05792519077658653
ZNF653_RNA,-0.05794050544500351
OLFML1_RNA,-0.05794158950448036
CSTA_RNA,-0.05796174705028534
PDIA3_RNA,-0.05799178034067154
VAMP2_RNA,-0.05802484229207039
SLBP_RNA,-0.05805189535021782
SP3_RNA,-0.05807267501950264
U2AF2_RNA,-0.05807344242930412
TAF15_RNA,-0.05808759480714798
ANO2_RNA,-0.058100100606679916
PGM1_RNA,-0.058121416717767715
MTMR11_RNA,-0.058128517121076584
NDUFA4L2_RNA,-0.05815352872014046
ZFP36L1_RNA,-0.0581945925951004
CREM_RNA,-0.058197543025016785
SNORD67_RNA,-0.058204345405101776
DTX3L_RNA,-0.05822945013642311
AGGF1_RNA,-0.05826204642653465
TAF7_RNA,-0.058265168219804764
COPG2_RNA,-0.058274321258068085
MXD3_RNA,-0.0582885704934597
PITX2_RNA,-0.05830353498458862
PRR12_RNA,-0.05832753702998161
NME3_RNA,-0.0583379901945591
ARF5_RNA,-0.05835117772221565
MDM2_RNA,-0.058375034481287
TAOK3_RNA,-0.058386772871017456
MAGEA12_RNA,-0.0583932027220726
MRPL23_RNA,-0.05842393636703491
DCDC2_RNA,-0.05842508375644684
ATG10_RNA,-0.05844096094369888
YWHAB_RNA,-0.058448851108551025
MCM8_RNA,-0.05848352983593941
TMEM176B_RNA,-0.0584898367524147
CREB3L2_RNA,-0.058495212346315384
RIN3_RNA,-0.0584968701004982
CNTN5_RNA,-0.058506742119789124
GSS_RNA,-0.058572933077812195
EMP2_RNA,-0.05859578400850296
SAP18_RNA,-0.05861450731754303
PTPRF_RNA,-0.05862262845039368
GABRG2_RNA,-0.058636825531721115
ZNF282_RNA,-0.05864059180021286
EGR4_RNA,-0.058649349957704544
MTX3_RNA,-0.05869390815496445
MYL5_RNA,-0.05878482758998871
EARS2_RNA,-0.0588216632604599
SLC9A3_RNA,-0.0588308721780777
FAM98C_RNA,-0.058855123817920685
MED7_RNA,-0.058874260634183884
ARHGAP19_RNA,-0.058931708335876465
PRR5_RNA,-0.058943670243024826
AGT_RNA,-0.05895122513175011
SYS1_RNA,-0.05897430330514908
SEC14L2_RNA,-0.0589805468916893
SLC25A23_RNA,-0.059028107672929764
ECSIT_RNA,-0.059049297124147415
WIPI2_RNA,-0.05905473232269287
PDZK1IP1_RNA,-0.05906479060649872
SLC17A1_RNA,-0.05907081440091133
SPP1_RNA,-0.05911064147949219
LRCH1_RNA,-0.05912336707115173
CSRNP1_RNA,-0.059125807136297226
LOC728743_RNA,-0.05914255604147911
BARHL1_RNA,-0.05916368588805199
BRAF_RNA,-0.059163983911275864
CRK_RNA,-0.05916411802172661
SIN3A_RNA,-0.059185001999139786
FAM131A_RNA,-0.05920489877462387
HS6ST3_RNA,-0.05922183021903038
TMEM107_RNA,-0.05923568829894066
MESP1_RNA,-0.05924185737967491
SH2D5_RNA,-0.05931597575545311
CCDC24_RNA,-0.05932777002453804
WIF1_RNA,-0.05938072130084038
RRP15_RNA,-0.05945444107055664
GRIP2_RNA,-0.059488847851753235
OR6A2_RNA,-0.05951950326561928
CPNE7_RNA,-0.05954163148999214
APOL6_RNA,-0.059543512761592865
DALRD3_RNA,-0.059553466737270355
MFSD8_RNA,-0.05956631526350975
CALR_RNA,-0.05963043123483658
FBXL22_RNA,-0.05965189263224602
KLRG2_RNA,-0.05966995283961296
CENPE_RNA,-0.05968154966831207
PDGFB_RNA,-0.05969640612602234
ETF1_RNA,-0.05974183976650238
STXBP3_RNA,-0.059774868190288544
DIO2_RNA,-0.05980762094259262
WASF2_RNA,-0.059813983738422394
SH3PXD2B_RNA,-0.05984428524971008
IRF1_RNA,-0.05984678864479065
WDR38_RNA,-0.05986398458480835
PHTF1_RNA,-0.05987009406089783
RMI1_RNA,-0.0598837174475193
COL1A2_RNA,-0.05988917499780655
MIR2276_RNA,-0.059977445751428604
KLHL7_RNA,-0.05998171493411064
NFKBIA_RNA,-0.060069065541028976
ZNF627_RNA,-0.060106027871370316
ITGAV_RNA,-0.060144662857055664
OPN3_RNA,-0.0601583831012249
DTWD2_RNA,-0.06016797572374344
ZBED5_RNA,-0.06018625572323799
UBE3C_RNA,-0.060208916664123535
ERG_RNA,-0.060226988047361374
DNAJC28_RNA,-0.060239117592573166
TRAF1_RNA,-0.060244202613830566
ELF5_RNA,-0.060253821313381195
POLD3_RNA,-0.060269828885793686
TRIM61_RNA,-0.06027575209736824
TMSB4X_RNA,-0.06031746789813042
MRPS31_RNA,-0.06033315509557724
IQCK_RNA,-0.060355640947818756
CEACAM6_RNA,-0.06039029732346535
TSPAN17_RNA,-0.060397710651159286
ZNF839_RNA,-0.0604415088891983
CHRND_RNA,-0.06048071011900902
SAR1B_RNA,-0.060588885098695755
AACS_RNA,-0.06059189513325691
CLSTN1_RNA,-0.06059535592794418
ALG5_RNA,-0.06062166392803192
RNF208_RNA,-0.06062544509768486
AXL_RNA,-0.06063245236873627
USP1_RNA,-0.060680974274873734
HIGD2A_RNA,-0.060698095709085464
FCGBP_RNA,-0.0607275627553463
CCDC140_RNA,-0.06073087081313133
MUC12_RNA,-0.06076505035161972
ABCB10_RNA,-0.06078149750828743
ZMYND15_RNA,-0.060838621109724045
SERGEF_RNA,-0.06084033101797104
ZNF44_RNA,-0.06086406856775284
TPCN1_RNA,-0.060941874980926514
TNFAIP8L1_RNA,-0.06095140427350998
KLHDC10_RNA,-0.060976821929216385
GEMIN5_RNA,-0.06108911335468292
CSNK1A1L_RNA,-0.061095334589481354
PHOSPHO2_RNA,-0.06114755943417549
SAAL1_RNA,-0.061152826994657516
RNF183_RNA,-0.06117861717939377
HAL_RNA,-0.06118539348244667
PTGS2_RNA,-0.061187442392110825
FGF2_RNA,-0.061203666031360626
RRAS2_RNA,-0.061214081943035126
PGLS_RNA,-0.06122879683971405
SERTAD4_RNA,-0.06125103682279587
JUN_RNA,-0.061277952045202255
FOS_RNA,-0.061291348189115524
VPS41_RNA,-0.06129156053066254
MT1H_RNA,-0.06129411980509758
TMOD3_RNA,-0.061327263712882996
SLC41A1_RNA,-0.06134343519806862
CAND1_RNA,-0.06140393018722534
GSTM4_RNA,-0.06142578274011612
NT5C_RNA,-0.06147864833474159
ZNF326_RNA,-0.061488356441259384
MAVS_RNA,-0.06149158254265785
TSR1_RNA,-0.06149307265877724
TMEM74_RNA,-0.06149789318442345
OR10AD1_RNA,-0.061513591557741165
RNF34_RNA,-0.061537228524684906
SEMA3B_RNA,-0.061539579182863235
NRF1_RNA,-0.0615430511534214
FKBP14_RNA,-0.06155753135681152
YBX2_RNA,-0.061565883457660675
ELK1_RNA,-0.061633650213479996
APOL1_RNA,-0.06164514273405075
CCDC112_RNA,-0.06166115403175354
GHDC_RNA,-0.06166447699069977
DAAM1_RNA,-0.06168843433260918
RELL2_RNA,-0.06168965995311737
YIPF1_RNA,-0.06169026717543602
PBXIP1_RNA,-0.061731304973363876
SNAP25_RNA,-0.06173418089747429
ZDHHC17_RNA,-0.06177576258778572
PDIA6_RNA,-0.06179748475551605
AGL_RNA,-0.06179938092827797
PIGA_RNA,-0.061804600059986115
GTF2F2_RNA,-0.06181047484278679
FH_RNA,-0.061812445521354675
LIMS1_RNA,-0.06181760132312775
PARP3_RNA,-0.06183747202157974
GPR4_RNA,-0.06186434254050255
BRD4_RNA,-0.061886265873909
LMAN1_RNA,-0.061893586069345474
AQP2_RNA,-0.06191026046872139
PNMT_RNA,-0.06192656606435776
SOD3_RNA,-0.0619291327893734
S100A11_RNA,-0.0619870200753212
XKR9_RNA,-0.062026143074035645
VWF_RNA,-0.06206509843468666
EIF2AK3_RNA,-0.0620768740773201
ZNF333_RNA,-0.06214290112257004
CDC23_RNA,-0.06215911731123924
LSM4_RNA,-0.06216365098953247
HAGHL_RNA,-0.06218056380748749
PCDHB8_RNA,-0.062210697680711746
MOCS2_RNA,-0.06221329793334007
ABAT_RNA,-0.062218524515628815
INPP5E_RNA,-0.062225792557001114
S100P_RNA,-0.06222911551594734
CDK5R2_RNA,-0.06224860996007919
KBTBD7_RNA,-0.062251314520835876
CNNM3_RNA,-0.06228046119213104
G3BP1_RNA,-0.06231051683425903
MPHOSPH8_RNA,-0.06235206499695778
CD320_RNA,-0.062356136739254
ZNF343_RNA,-0.0623568594455719
ABCD3_RNA,-0.062367334961891174
TMEM143_RNA,-0.06236837059259415
TOM1L2_RNA,-0.06238752603530884
OTUD6B_RNA,-0.06238814443349838
CDCP1_RNA,-0.06242205202579498
PAPOLB_RNA,-0.06243128702044487
LMF1_RNA,-0.06243819370865822
CUBN_RNA,-0.06245472654700279
FKRP_RNA,-0.062455516308546066
TIPARP_RNA,-0.062457721680402756
OR52E2_RNA,-0.06245939061045647
PYROXD2_RNA,-0.06255117803812027
ORAI2_RNA,-0.062580108642578125
SLC15A2_RNA,-0.06260132789611816
ZNF792_RNA,-0.06261859834194183
MIRLET7C_RNA,-0.06264769285917282
DMC1_RNA,-0.06265412271022797
NID1_RNA,-0.06270571053028107
FAM149A_RNA,-0.06273569166660309
RHOU_RNA,-0.06276370584964752
PRRG1_RNA,-0.06280197203159332
ENOX2_RNA,-0.06280258297920227
COL24A1_RNA,-0.06282148510217667
EXOSC8_RNA,-0.06283081322908401
PRSS36_RNA,-0.0628313422203064
UPF3A_RNA,-0.0628378689289093
ORAI3_RNA,-0.06284044682979584
LTBP3_RNA,-0.0628507137298584
FAM76A_RNA,-0.06290178000926971
ZNF783_RNA,-0.06293421983718872
ZNF608_RNA,-0.0629466325044632
EXOC4_RNA,-0.06295550614595413
BBS9_RNA,-0.06301501393318176
TP53INP2_RNA,-0.06304143369197845
ATRN_RNA,-0.0630735456943512
LSM14A_RNA,-0.06323710083961487
UTP20_RNA,-0.06331032514572144
TC2N_RNA,-0.06334987282752991
F8_RNA,-0.06335093080997467
MKRN1_RNA,-0.06335458159446716
BCL2_RNA,-0.06336145102977753
PDGFRB_RNA,-0.06337349116802216
RBM39_RNA,-0.06339134275913239
ANKRD42_RNA,-0.06342189759016037
PXDNL_RNA,-0.0634789988398552
ZNF628_RNA,-0.0635061115026474
POLRMT_RNA,-0.06350775063037872
PRMT6_RNA,-0.06351077556610107
SLC25A18_RNA,-0.06352132558822632
GREM2_RNA,-0.06353264302015305
HOXA7_RNA,-0.06357147544622421
ERBB4_RNA,-0.0635933130979538
CAPRIN1_RNA,-0.06362878531217575
RAB33B_RNA,-0.06364637613296509
SH3BP2_RNA,-0.06364897638559341
IFNGR2_RNA,-0.06366967409849167
RAVER1_RNA,-0.06366997957229614
GRIK5_RNA,-0.06368893384933472
TRHDE_RNA,-0.06370105594396591
MCHR2_RNA,-0.0637066662311554
SORT1_RNA,-0.0637514665722847
KRT2_RNA,-0.06375891715288162
MAPK1IP1L_RNA,-0.06379210203886032
ZNF417_RNA,-0.06381399929523468
UCKL1_RNA,-0.06381704658269882
AURKA_RNA,-0.06382422149181366
CYP2J2_RNA,-0.06384032964706421
PPM1M_RNA,-0.06385261565446854
DCHS1_RNA,-0.06391384452581406
IRF2BP1_RNA,-0.06392338126897812
PREX1_RNA,-0.06396546959877014
MCCC1_RNA,-0.06398075073957443
TOB1_RNA,-0.06399314850568771
ITFG1_RNA,-0.06401927769184113
CCL20_RNA,-0.06401994824409485
PPP5C_RNA,-0.06409019976854324
WHAMM_RNA,-0.0641152635216713
GABRG3_RNA,-0.06413140147924423
USE1_RNA,-0.06421860307455063
LCA5L_RNA,-0.06421966105699539
ACP6_RNA,-0.06422983855009079
MGC16275_RNA,-0.06424020230770111
PLEKHA8_RNA,-0.06425732374191284
ZNF791_RNA,-0.06429596990346909
SLC6A2_RNA,-0.0643230453133583
WNT10B_RNA,-0.06433039903640747
PDSS2_RNA,-0.06433220952749252
FGGY_RNA,-0.06437727063894272
TCFL5_RNA,-0.06443421542644501
TMEM176A_RNA,-0.06448651105165482
ESCO1_RNA,-0.06457051634788513
SPATA2_RNA,-0.06460260599851608
KLF7_RNA,-0.06462935358285904
PPP1R16A_RNA,-0.06463771313428879
TMEM130_RNA,-0.06465252488851547
CTNND1_RNA,-0.06471029669046402
AP1S1_RNA,-0.06476529687643051
MARCO_RNA,-0.06480952352285385
CCDC160_RNA,-0.06483251601457596
ZNRF3_RNA,-0.06483738869428635
PER2_RNA,-0.06484144926071167
RASAL1_RNA,-0.06484243273735046
FBF1_RNA,-0.06484315544366837
TRIP13_RNA,-0.0648450031876564
CKAP2_RNA,-0.06489421427249908
RAP2B_RNA,-0.06492242217063904
B4GALT4_RNA,-0.06495065242052078
ALDH16A1_RNA,-0.06495793163776398
RPL22L1_RNA,-0.06498865783214569
SIVA1_RNA,-0.0650254487991333
CHID1_RNA,-0.0650421604514122
HOXA2_RNA,-0.06505324691534042
SLC4A2_RNA,-0.06505371630191803
CEP72_RNA,-0.06505739688873291
IL6ST_RNA,-0.06506622582674026
HJURP_RNA,-0.06507963687181473
TMEM132D_RNA,-0.06508143246173859
TTYH1_RNA,-0.06509022414684296
ARFRP1_RNA,-0.06512626260519028
TMPRSS7_RNA,-0.06521541625261307
NUDT15_RNA,-0.06521591544151306
ANKRD24_RNA,-0.06523456424474716
KATNAL1_RNA,-0.06529928743839264
ACTN1_RNA,-0.0652998760342598
EIF4G2_RNA,-0.06531780958175659
SMAD3_RNA,-0.06536339968442917
ZNF512B_RNA,-0.06537722051143646
AP2A2_RNA,-0.06540610641241074
RHAG_RNA,-0.0654163509607315
ZNF648_RNA,-0.06545235216617584
HSPB8_RNA,-0.06546249240636826
LRGUK_RNA,-0.06547973304986954
STIL_RNA,-0.06551404297351837
SAP30L_RNA,-0.06553739309310913
SLC43A2_RNA,-0.06557902693748474
CCDC60_RNA,-0.06558509916067123
GP1BA_RNA,-0.06559130549430847
OR10A2_RNA,-0.06565269827842712
LSM6_RNA,-0.06567123532295227
TMEM151B_RNA,-0.06571204960346222
TNFRSF10D_RNA,-0.06572907418012619
MYPOP_RNA,-0.0657309889793396
TECPR1_RNA,-0.06573289632797241
LTBR_RNA,-0.06576831638813019
ELAC1_RNA,-0.06579340249300003
FMO4_RNA,-0.06581344455480576
TTLL9_RNA,-0.0658349022269249
DNHD1_RNA,-0.06584817171096802
JUP_RNA,-0.06585197150707245
REST_RNA,-0.06585850566625595
NR3C1_RNA,-0.06591998785734177
GANAB_RNA,-0.06594029814004898
ANKIB1_RNA,-0.06599659472703934
AHCY_RNA,-0.06600248068571091
DUS4L_RNA,-0.06604592502117157
BRD8_RNA,-0.06604649871587753
NCOR1_RNA,-0.06605418771505356
CSNK1G2_RNA,-0.0660882443189621
RAB21_RNA,-0.06613016873598099
DDX60L_RNA,-0.06613346189260483
SLC25A12_RNA,-0.06613702327013016
MIR221_RNA,-0.06617287546396255
NDUFA4_RNA,-0.06617327779531479
CYB5D1_RNA,-0.06618000566959381
ZNF148_RNA,-0.06618927419185638
SPATA1_RNA,-0.06626011431217194
HMGA2_RNA,-0.06630752235651016
MKNK2_RNA,-0.06632034480571747
SH2B1_RNA,-0.06638070195913315
C6orf62_RNA,-0.06643085181713104
SPINK2_RNA,-0.06645622849464417
SKP2_RNA,-0.06646840274333954
YWHAG_RNA,-0.06648556143045425
SLU7_RNA,-0.06649798154830933
STX2_RNA,-0.06651177257299423
TRAF3IP2_RNA,-0.06651751697063446
MSH2_RNA,-0.0665440484881401
ZNF69_RNA,-0.06656958162784576
VRK3_RNA,-0.0665934830904007
ZNF786_RNA,-0.0665958970785141
AP1M1_RNA,-0.06663822382688522
LNX2_RNA,-0.06664217263460159
CFI_RNA,-0.0666670948266983
SUB1_RNA,-0.06668280810117722
CCT6A_RNA,-0.06672759354114532
MIR27B_RNA,-0.06672818958759308
PPAN_RNA,-0.06676994264125824
RELB_RNA,-0.0667852982878685
HIBADH_RNA,-0.06680896133184433
SYNJ2_RNA,-0.06681457161903381
PTPRN2_RNA,-0.0668315663933754
KLF3_RNA,-0.06684547662734985
HHIPL1_RNA,-0.06691764295101166
SLC30A3_RNA,-0.06695487350225449
HCP5_RNA,-0.0670209750533104
PRSS33_RNA,-0.06703799217939377
CAP2_RNA,-0.06712863594293594
RBM26_RNA,-0.06714172661304474
EIF1AX_RNA,-0.06715097278356552
SEC11C_RNA,-0.06715560704469681
SYCP3_RNA,-0.06718934327363968
RPAP3_RNA,-0.06719266623258591
ARHGEF12_RNA,-0.06721861660480499
ENPP1_RNA,-0.06723345816135406
DLEC1_RNA,-0.06725126504898071
PCDHB7_RNA,-0.0672718808054924
ZC3H12A_RNA,-0.06728975474834442
APLP2_RNA,-0.06729039549827576
ITPK1_RNA,-0.06732486188411713
RSPH3_RNA,-0.0673426017165184
RAP1GAP2_RNA,-0.06736675649881363
NOTCH3_RNA,-0.06740143895149231
ATXN7L1_RNA,-0.06743455678224564
ITGB3_RNA,-0.06744901835918427
INMT_RNA,-0.06747779995203018
IPO7_RNA,-0.06748609989881516
COL8A2_RNA,-0.06748713552951813
ZNF347_RNA,-0.0675298273563385
SSBP1_RNA,-0.0676112100481987
SPR_RNA,-0.06763720512390137
HKDC1_RNA,-0.06769515573978424
DMWD_RNA,-0.06771032512187958
BCAP29_RNA,-0.06771483272314072
SERPINB1_RNA,-0.06772666424512863
FBXO32_RNA,-0.06781568378210068
CYFIP1_RNA,-0.06781967729330063
PDLIM5_RNA,-0.06784608960151672
DLL4_RNA,-0.06785217672586441
PI3_RNA,-0.06790608912706375
LLGL2_RNA,-0.06791511923074722
PICK1_RNA,-0.06792030483484268
UAP1L1_RNA,-0.0679357573390007
SCN1B_RNA,-0.0679401382803917
CENPN_RNA,-0.06794065237045288
TAF6_RNA,-0.06794155389070511
C11orf58_RNA,-0.06794688105583191
SAE1_RNA,-0.06795291602611542
ZNF597_RNA,-0.06804299354553223
UPP1_RNA,-0.06805449724197388
ANKRD30A_RNA,-0.0680781826376915
TM9SF4_RNA,-0.06809459626674652
LOXL3_RNA,-0.06811241805553436
MRAS_RNA,-0.06811481714248657
SDC1_RNA,-0.0681302472949028
FOXC1_RNA,-0.06816110759973526
NEUROD6_RNA,-0.06817050278186798
ADAM9_RNA,-0.06818889081478119
LY6E_RNA,-0.06820119172334671
RAB8A_RNA,-0.06820307672023773
CHST5_RNA,-0.06820514053106308
PGK1_RNA,-0.06821610778570175
CFLAR_RNA,-0.06822521984577179
CYB5R1_RNA,-0.06824470311403275
MOGAT2_RNA,-0.06834033876657486
VMAC_RNA,-0.06834439188241959
ERCC2_RNA,-0.06837514042854309
AHDC1_RNA,-0.06842958927154541
TRAM1_RNA,-0.0684497207403183
ZSCAN12_RNA,-0.06846778094768524
SPEF1_RNA,-0.06850803643465042
LIMK1_RNA,-0.06851736456155777
RGS3_RNA,-0.06854012608528137
ARID3B_RNA,-0.06856797635555267
ZNF57_RNA,-0.068569116294384
ILK_RNA,-0.0686865746974945
PRKCG_RNA,-0.06869834661483765
NUP37_RNA,-0.06871622055768967
TRPS1_RNA,-0.06877191364765167
ZFX_RNA,-0.06877391785383224
SAA2_RNA,-0.06880811601877213
DSEL_RNA,-0.0688130110502243
PSMC2_RNA,-0.06883606314659119
GLS2_RNA,-0.0688396468758583
ELMOD2_RNA,-0.06888384371995926
RAP1B_RNA,-0.06891711801290512
ZFHX3_RNA,-0.0689663365483284
GSG1_RNA,-0.06898903846740723
HTATIP2_RNA,-0.06900699436664581
DNAJB9_RNA,-0.06900998950004578
DNAJB1_RNA,-0.06901506334543228
COTL1_RNA,-0.06907603144645691
RBM27_RNA,-0.0691046267747879
CYP51A1_RNA,-0.06910479813814163
SLC9A1_RNA,-0.06911230087280273
ADCY6_RNA,-0.06912121176719666
ZNF254_RNA,-0.0691431313753128
MAML1_RNA,-0.069160096347332
MED4_RNA,-0.06921166181564331
DDRGK1_RNA,-0.06923609226942062
DDX41_RNA,-0.06923934817314148
S100A12_RNA,-0.06925833970308304
CDC42BPG_RNA,-0.06926324963569641
CBFB_RNA,-0.06927012652158737
CARHSP1_RNA,-0.0692715048789978
RINL_RNA,-0.06927364319562912
NEUROD2_RNA,-0.06937118619680405
HOXD10_RNA,-0.06938187032938004
PPP1R3C_RNA,-0.06938713788986206
OPA3_RNA,-0.069394052028656
FAM47E_RNA,-0.0694461390376091
ZNF398_RNA,-0.06945125758647919
AVL9_RNA,-0.06949572265148163
TRIP11_RNA,-0.06950227171182632
ANKRD2_RNA,-0.06950616836547852
TMED10_RNA,-0.06951222568750381
ALS2CL_RNA,-0.06952671706676483
PAN3_RNA,-0.06953521817922592
ZNF585B_RNA,-0.06954221427440643
PIAS2_RNA,-0.06959239393472672
GPR146_RNA,-0.06964979320764542
TTC1_RNA,-0.06966376304626465
NODAL_RNA,-0.06967587769031525
SLC6A17_RNA,-0.06969287246465683
CD83_RNA,-0.06974046677350998
EML1_RNA,-0.06975734978914261
MAP3K1_RNA,-0.0698169395327568
LRRC46_RNA,-0.06985032558441162
C5AR1_RNA,-0.06986834108829498
TPD52_RNA,-0.06988850980997086
HSPA5_RNA,-0.06989823281764984
UNC5A_RNA,-0.06990591436624527
SMAD4_RNA,-0.06991151720285416
SPATA2L_RNA,-0.06993710994720459
CPEB4_RNA,-0.06994006782770157
MTBP_RNA,-0.0699458196759224
PIGX_RNA,-0.06997575610876083
DMTF1_RNA,-0.07001055032014847
HYDIN_RNA,-0.07003787159919739
OSCP1_RNA,-0.07004344463348389
GRIN2D_RNA,-0.07007750123739243
MOAP1_RNA,-0.07007967680692673
AQP9_RNA,-0.070095062255859375
SMPDL3B_RNA,-0.07009796798229218
PIK3C3_RNA,-0.07011030614376068
NFIC_RNA,-0.07011598348617554
LRIG3_RNA,-0.07014301419258118
NUDT8_RNA,-0.07014617323875427
WARS2_RNA,-0.07023974508047104
FLT4_RNA,-0.07026831805706024
ATL3_RNA,-0.07028914988040924
CLDN3_RNA,-0.07029029726982117
TBX1_RNA,-0.07029172778129578
ABCD4_RNA,-0.07030380517244339
RINT1_RNA,-0.07032773643732071
PPP1R15A_RNA,-0.07034250348806381
STX3_RNA,-0.0703478530049324
ZNF346_RNA,-0.07038810104131699
ZNF354C_RNA,-0.07039055973291397
HOXA6_RNA,-0.0704151839017868
RAD18_RNA,-0.07044738531112671
S100A8_RNA,-0.07048598676919937
MOGAT1_RNA,-0.07049085199832916
IL12A_RNA,-0.07067789882421494
ANXA11_RNA,-0.07069078832864761
PRKCA_RNA,-0.07072429358959198
ACP2_RNA,-0.07074990123510361
SPATA18_RNA,-0.07076051831245422
SDR16C5_RNA,-0.07077505439519882
CTNNA1_RNA,-0.0707915648818016
PHF14_RNA,-0.07079344987869263
SPAG16_RNA,-0.070829838514328
TAPBPL_RNA,-0.07083617150783539
SHISA9_RNA,-0.07087548822164536
CCDC61_RNA,-0.07087848335504532
ZNF800_RNA,-0.07088716328144073
KCTD1_RNA,-0.07089806348085403
MED9_RNA,-0.07094283401966095
CCDC89_RNA,-0.07095056027173996
TCP10L_RNA,-0.070961132645607
GNAQ_RNA,-0.0709713026881218
CDK10_RNA,-0.07097329944372177
ETAA1_RNA,-0.0709812194108963
TTC39C_RNA,-0.07098442316055298
HTR5A_RNA,-0.07099027931690216
RNASE4_RNA,-0.07100212574005127
BUD31_RNA,-0.071022167801857
ITPR2_RNA,-0.07106048613786697
SRRT_RNA,-0.07113578915596008
FBXO36_RNA,-0.07118424028158188
C3orf70_RNA,-0.07120078802108765
PIP5K1C_RNA,-0.07124660164117813
CYTH3_RNA,-0.07128298282623291
B4GALNT2_RNA,-0.07130416482686996
MEX3C_RNA,-0.07131999731063843
NUDT14_RNA,-0.07137431204319
TMEM61_RNA,-0.0714077427983284
LIN7C_RNA,-0.07142871618270874
ADAD2_RNA,-0.07143071293830872
XPO4_RNA,-0.07145082950592041
ZNF83_RNA,-0.071457140147686
WDR41_RNA,-0.07148896157741547
SYNM_RNA,-0.071511410176754
CASP7_RNA,-0.0715276449918747
CHCHD10_RNA,-0.07155400514602661
RALA_RNA,-0.0715746209025383
FGD4_RNA,-0.07158337533473969
BEST4_RNA,-0.07158850133419037
HOXA4_RNA,-0.07162913680076599
GFRA3_RNA,-0.07167327404022217
BCAT2_RNA,-0.07168450206518173
GLT8D1_RNA,-0.07170882076025009
SERPINA1_RNA,-0.07173103839159012
MTHFS_RNA,-0.07174011319875717
GDF3_RNA,-0.07174688577651978
TMEM60_RNA,-0.07177429646253586
ACBD4_RNA,-0.07178880274295807
KIFC2_RNA,-0.07180731743574142
RGL3_RNA,-0.07181494683027267
S100A9_RNA,-0.07185208052396774
DENR_RNA,-0.07186505943536758
SLC35A4_RNA,-0.07187129557132721
TRIM2_RNA,-0.07190804928541183
MEST_RNA,-0.07193786650896072
CNIH2_RNA,-0.07194116711616516
MKLN1_RNA,-0.07194630056619644
SPAG1_RNA,-0.07195383310317993
SALL3_RNA,-0.07203231006860733
DOK1_RNA,-0.07205349951982498
SLC39A13_RNA,-0.07207050174474716
CYP2U1_RNA,-0.0720718577504158
SUDS3_RNA,-0.07211291790008545
CDCA7_RNA,-0.07214691489934921
UFM1_RNA,-0.07215207070112228
HSPH1_RNA,-0.0721767470240593
KRT7_RNA,-0.07219097018241882
C1orf115_RNA,-0.07219202816486359
POLD2_RNA,-0.07221195101737976
PEBP1_RNA,-0.07221261411905289
ZNF396_RNA,-0.07222168147563934
ZIC4_RNA,-0.07234378159046173
MIR1251_RNA,-0.0723557099699974
TLE4_RNA,-0.07240547984838486
ZAP70_RNA,-0.0724087506532669
SLC25A13_RNA,-0.07248593121767044
VDR_RNA,-0.07248881459236145
LMNA_RNA,-0.07250162959098816
TRIM3_RNA,-0.07253815233707428
NUFIP2_RNA,-0.07260214537382126
ZXDC_RNA,-0.07261018455028534
IPP_RNA,-0.07262352108955383
TSPAN7_RNA,-0.07268024235963821
ZNF17_RNA,-0.07269199192523956
MXRA7_RNA,-0.07272159308195114
ZNF630_RNA,-0.07279375195503235
FBXO24_RNA,-0.07293053716421127
KCNC4_RNA,-0.07296331226825714
DDI1_RNA,-0.07296552509069443
KIFC3_RNA,-0.07300166040658951
CLC_RNA,-0.07304467260837555
LINGO3_RNA,-0.07309053093194962
FERMT2_RNA,-0.07309167087078094
ARMC2_RNA,-0.07312806695699692
TNFSF18_RNA,-0.0731300488114357
PART1_RNA,-0.07313129305839539
AGFG2_RNA,-0.07314848899841309
TMC1_RNA,-0.07316414266824722
SDK1_RNA,-0.07316630333662033
ADAMTS10_RNA,-0.07317404448986053
CD300E_RNA,-0.0731789618730545
PITPNC1_RNA,-0.07319290935993195
SYT7_RNA,-0.0732353925704956
SNX24_RNA,-0.07324135303497314
ABTB1_RNA,-0.07324887812137604
TPP1_RNA,-0.07324978709220886
TYRP1_RNA,-0.07326764613389969
FIGNL1_RNA,-0.07326818257570267
ZBTB16_RNA,-0.07327120006084442
SLC6A12_RNA,-0.07331512123346329
SLC9A8_RNA,-0.073333740234375
GAD2_RNA,-0.07341968268156052
PANK2_RNA,-0.07346027344465256
ZFAND5_RNA,-0.07353740185499191
ZNF45_RNA,-0.07356332987546921
NBEA_RNA,-0.07367689907550812
ZNF408_RNA,-0.07368859648704529
MAPK8IP2_RNA,-0.07371708750724792
FAR1_RNA,-0.0737442672252655
OSBPL5_RNA,-0.07377118617296219
TBC1D9B_RNA,-0.07379563897848129
HBP1_RNA,-0.07380262762308121
IFRD1_RNA,-0.07387058436870575
ZCCHC3_RNA,-0.07393483072519302
FCN2_RNA,-0.0739481970667839
CAPZA2_RNA,-0.07394825667142868
USP2_RNA,-0.07398507744073868
UBC_RNA,-0.07398833334445953
ZNF26_RNA,-0.07402004301548004
ZNF799_RNA,-0.07404903322458267
FANCC_RNA,-0.07405293732881546
NR2C2AP_RNA,-0.0740632563829422
SUCLA2_RNA,-0.07410649955272675
ELANE_RNA,-0.07412059605121613
ARFGAP2_RNA,-0.07412700355052948
KRR1_RNA,-0.07414344698190689
RAI14_RNA,-0.07414592057466507
ZDHHC15_RNA,-0.07415278255939484
BTNL8_RNA,-0.07415806502103806
RBM22_RNA,-0.07417131215333939
RNF145_RNA,-0.07419124990701675
CCKBR_RNA,-0.07426717877388
COPS6_RNA,-0.07427878677845001
LYRM7_RNA,-0.07428692281246185
AIMP2_RNA,-0.07429356873035431
XPR1_RNA,-0.07435251772403717
IDH1_RNA,-0.07436638325452805
TM7SF2_RNA,-0.0743948221206665
MBD6_RNA,-0.07442435622215271
PDXK_RNA,-0.07446546852588654
GATA3_RNA,-0.07447943091392517
PRKD1_RNA,-0.07448141276836395
BTBD10_RNA,-0.0744890421628952
NIPAL2_RNA,-0.07450240850448608
RAB22A_RNA,-0.0745244175195694
PRKAA1_RNA,-0.07454756647348404
USP12_RNA,-0.07455921173095703
FXYD3_RNA,-0.0745740458369255
FAM13B_RNA,-0.07463259994983673
GALNS_RNA,-0.07463915646076202
ATAD3C_RNA,-0.07464329898357391
ATP6V0E2_RNA,-0.07468041777610779
ZCCHC10_RNA,-0.0747394785284996
PLAC8_RNA,-0.07474390417337418
HSF4_RNA,-0.07475190609693527
CTDSPL_RNA,-0.07483560591936111
ARHGAP23_RNA,-0.07484473288059235
FPGT_RNA,-0.07486660778522491
MLLT1_RNA,-0.07487492263317108
CBFA2T2_RNA,-0.07494429498910904
RRAD_RNA,-0.07498030364513397
CASZ1_RNA,-0.07498198747634888
IKBIP_RNA,-0.0750390961766243
CDKN3_RNA,-0.0750499963760376
ZFR_RNA,-0.07506093382835388
TFPI2_RNA,-0.0750780925154686
FER1L4_RNA,-0.07511592656373978
NPTN_RNA,-0.07512054592370987
FAM168A_RNA,-0.07514326274394989
KCNMB3_RNA,-0.07514401525259018
HDDC3_RNA,-0.07522950321435928
ZNF212_RNA,-0.0752609595656395
UMODL1_RNA,-0.07527827471494675
SIN3B_RNA,-0.07528099417686462
IRF2_RNA,-0.0752827525138855
IL27RA_RNA,-0.07529399544000626
HDAC3_RNA,-0.07530871033668518
MTUS2_RNA,-0.075372114777565
STIM1_RNA,-0.07539249956607819
ALDH3A1_RNA,-0.07546227425336838
ARL6IP1_RNA,-0.07548023015260696
MAPK6_RNA,-0.0754934623837471
HSD11B1_RNA,-0.07553037256002426
PTPN12_RNA,-0.0755414217710495
ZNF787_RNA,-0.07557953149080276
VWA1_RNA,-0.07559513300657272
CCL25_RNA,-0.07560589909553528
CDC6_RNA,-0.07565099000930786
KCTD7_RNA,-0.07567297667264938
TSPAN6_RNA,-0.0756935179233551
FAH_RNA,-0.07574191689491272
USP4_RNA,-0.07576800137758255
NUCKS1_RNA,-0.07577183097600937
CHST14_RNA,-0.07580573856830597
MBLAC1_RNA,-0.07582885771989822
ALG1_RNA,-0.07587631791830063
RBM24_RNA,-0.0758896991610527
NFATC2_RNA,-0.07590746879577637
TTC23L_RNA,-0.07592680305242538
CDC42SE2_RNA,-0.0759277492761612
TBCCD1_RNA,-0.07594001293182373
TRIM28_RNA,-0.07595180720090866
ACSS1_RNA,-0.07599514722824097
FUT2_RNA,-0.07602765411138535
ALKBH3_RNA,-0.07607417553663254
RACGAP1_RNA,-0.07607760280370712
PARP4_RNA,-0.07608159631490707
LRWD1_RNA,-0.07621768116950989
ZNF264_RNA,-0.07622267305850983
NMBR_RNA,-0.07624168694019318
SAA1_RNA,-0.07625922560691833
USP42_RNA,-0.07626479864120483
ACADM_RNA,-0.07630761712789536
MCOLN2_RNA,-0.07640407979488373
EGOT_RNA,-0.07641808688640594
U2AF1L4_RNA,-0.07645594328641891
ZFP62_RNA,-0.07645691931247711
ARSK_RNA,-0.07651986181735992
SCYL2_RNA,-0.07652982324361801
THBS1_RNA,-0.07654769718647003
NXPH3_RNA,-0.07659968733787537
RILPL2_RNA,-0.07662035524845123
TRIM36_RNA,-0.07665815949440002
SEMA6A_RNA,-0.07666094601154327
ANO1_RNA,-0.07666340470314026
HSDL2_RNA,-0.076663874089717865
TMED7_RNA,-0.07667437195777893
PARD3B_RNA,-0.07667797803878784
IGSF1_RNA,-0.07672333717346191
PPP1R14C_RNA,-0.07672672718763351
THRB_RNA,-0.07675392925739288
SLC35E1_RNA,-0.07677705585956573
CUL4A_RNA,-0.07682426273822784
LENG8_RNA,-0.07682740688323975
GXYLT2_RNA,-0.07688651233911514
MIR635_RNA,-0.07690788805484772
C5_RNA,-0.07691122591495514
ZNF700_RNA,-0.07696899771690369
HES2_RNA,-0.07696948945522308
ODF2_RNA,-0.07697469741106033
TMTC3_RNA,-0.07702422142028809
RAP1GAP_RNA,-0.0770438015460968
HMMR_RNA,-0.07709817588329315
OAS2_RNA,-0.07712985575199127
XRCC2_RNA,-0.07714799046516418
TMEM168_RNA,-0.07715372741222382
FAM124B_RNA,-0.07716680318117142
CDC42BPA_RNA,-0.07717600464820862
NEDD1_RNA,-0.07718375325202942
ITGA8_RNA,-0.07718979567289352
BRCA2_RNA,-0.07719827443361282
NGLY1_RNA,-0.07722360640764236
NUCB2_RNA,-0.07722477614879608
ZNF713_RNA,-0.07722645998001099
CD34_RNA,-0.07724980264902115
SV2B_RNA,-0.07726597785949707
BAX_RNA,-0.07732472568750381
MMP9_RNA,-0.07732540369033813
CTNND2_RNA,-0.07737024873495102
PCP4L1_RNA,-0.07741908729076385
PVR_RNA,-0.07742621004581451
LARS2_RNA,-0.07742734998464584
HMGXB3_RNA,-0.07742804288864136
PAX8_RNA,-0.07746122777462006
H6PD_RNA,-0.07749401777982712
IGF2BP3_RNA,-0.07757680118083954
CAMK1D_RNA,-0.07758821547031403
LOXL4_RNA,-0.07759468257427216
ECSCR_RNA,-0.07766520231962204
SPTY2D1_RNA,-0.07770893722772598
IFI35_RNA,-0.07771763950586319
MMP25_RNA,-0.07772759348154068
CACNA1D_RNA,-0.07774040102958679
CXCL1_RNA,-0.07775089889764786
FEZ1_RNA,-0.0777587965130806
COL5A2_RNA,-0.07777391374111176
DNMT1_RNA,-0.07778359949588776
STK11_RNA,-0.07785820960998535
LNPEP_RNA,-0.07787274569272995
ZNF699_RNA,-0.07788235694169998
GSTP1_RNA,-0.07792143523693085
TDRD12_RNA,-0.07793596386909485
TUFT1_RNA,-0.07795767486095428
KCNJ16_RNA,-0.07797139883041382
TRIM52_RNA,-0.07801232486963272
NFIX_RNA,-0.07807446271181107
FAF1_RNA,-0.07807924598455429
KLC1_RNA,-0.07813724130392075
MSRB3_RNA,-0.07815338671207428
ADNP2_RNA,-0.0782301127910614
FAP_RNA,-0.07834039628505707
STX1A_RNA,-0.07835756987333298
RAVER2_RNA,-0.07835864275693893
ZCCHC9_RNA,-0.0783824548125267
ZNF230_RNA,-0.07843640446662903
SNAPC1_RNA,-0.07843904197216034
CDCA4_RNA,-0.07844749093055725
HSPA9_RNA,-0.07844864577054977
ACE_RNA,-0.07845531404018402
CHI3L2_RNA,-0.07847056537866592
UBE2M_RNA,-0.07848456501960754
FATE1_RNA,-0.0785105749964714
GYS1_RNA,-0.07851475477218628
HNRNPA2B1_RNA,-0.07852241396903992
ZNF805_RNA,-0.07852417230606079
COL6A1_RNA,-0.0785372331738472
UIMC1_RNA,-0.07854674756526947
BEGAIN_RNA,-0.07863788306713104
TRAF4_RNA,-0.07871747016906738
GLYR1_RNA,-0.07878625392913818
ZMYND10_RNA,-0.07880040258169174
PLEKHH2_RNA,-0.0788419172167778
TMBIM6_RNA,-0.07890510559082031
HSPG2_RNA,-0.07894688844680786
EML2_RNA,-0.0789661854505539
SKI_RNA,-0.07897351682186127
LCTL_RNA,-0.07899411022663116
MOSPD3_RNA,-0.07900671660900116
GPD2_RNA,-0.07900859415531158
RBM47_RNA,-0.07906997948884964
REEP2_RNA,-0.07907477766275406
TNPO2_RNA,-0.07909735292196274
UPF1_RNA,-0.07909823209047318
HNRNPH1_RNA,-0.07912010699510574
HCG11_RNA,-0.07914280146360397
CA4_RNA,-0.07922176271677017
ZNF3_RNA,-0.07927070558071136
ZNF426_RNA,-0.07933728396892548
DCTPP1_RNA,-0.07940994948148727
NRARP_RNA,-0.07941176742315292
FNBP1_RNA,-0.07941189408302307
CBX3_RNA,-0.07946185767650604
RGS12_RNA,-0.07951267808675766
GPR139_RNA,-0.07951675355434418
TUBA4A_RNA,-0.0795295238494873
DHRS11_RNA,-0.0795377716422081
ZNF761_RNA,-0.07953886687755585
LMLN_RNA,-0.07957567274570465
RFFL_RNA,-0.07959664613008499
MCM7_RNA,-0.079643614590168
HAO1_RNA,-0.0796801745891571
RFC3_RNA,-0.07970301061868668
ITPKB_RNA,-0.0797458291053772
FOXF2_RNA,-0.07976706326007843
MIR590_RNA,-0.0797782838344574
DMGDH_RNA,-0.079817995429039
HTR1D_RNA,-0.07990068942308426
TXNL4B_RNA,-0.07992202788591385
MRPL17_RNA,-0.07993141561746597
CCNO_RNA,-0.07997230440378189
COL27A1_RNA,-0.07998636364936829
LRRC37A3_RNA,-0.07998993992805481
TP53AIP1_RNA,-0.0800219252705574
PPP1R12A_RNA,-0.08009862154722214
TAX1BP1_RNA,-0.0801859050989151
OCEL1_RNA,-0.08021263778209686
YKT6_RNA,-0.08022479712963104
UBXN11_RNA,-0.08022978156805038
ACER1_RNA,-0.08029725402593613
CHD1_RNA,-0.08035921305418015
PPP1R12C_RNA,-0.08038435876369476
UBL3_RNA,-0.08039841800928116
RGS16_RNA,-0.08041306585073471
SRGAP3_RNA,-0.0804377943277359
SLA_RNA,-0.0804571807384491
CTDSP1_RNA,-0.08045860379934311
CASP6_RNA,-0.08057638257741928
FZD6_RNA,-0.08063533157110214
PSMC3_RNA,-0.08070769160985947
TMUB1_RNA,-0.08071760088205338
RIBC1_RNA,-0.08086024224758148
GSTCD_RNA,-0.08086805045604706
CTDSP2_RNA,-0.08101124316453934
RAMP3_RNA,-0.08105593919754028
OR2AG1_RNA,-0.08106593042612076
LPAR6_RNA,-0.08106814324855804
USP47_RNA,-0.08110778033733368
RAB17_RNA,-0.08115508407354355
FAM120C_RNA,-0.08119621127843857
ZNF114_RNA,-0.08120161294937134
LPCAT1_RNA,-0.08121880143880844
WNT1_RNA,-0.08123450726270676
CDK13_RNA,-0.08124223351478577
YY2_RNA,-0.08130085468292236
SULT4A1_RNA,-0.08133125305175781
CRYGD_RNA,-0.081332728266716
PFKFB4_RNA,-0.08138210326433182
P2RY11_RNA,-0.0813969224691391
ZNF662_RNA,-0.08140445500612259
SACS_RNA,-0.08143255859613419
DPY19L4_RNA,-0.08149996399879456
CROT_RNA,-0.08150482177734375
FOXRED2_RNA,-0.08150620758533478
RSRC1_RNA,-0.0815182477235794
OGFRL1_RNA,-0.08156899362802505
CEND1_RNA,-0.08157539367675781
FBXL8_RNA,-0.0815991461277008
CHCHD3_RNA,-0.08164213597774506
LRRC32_RNA,-0.08164723217487335
ZMIZ2_RNA,-0.08165150880813599
GABRA1_RNA,-0.08165678381919861
FGF11_RNA,-0.08165968954563141
TRAF3IP1_RNA,-0.08167910575866699
TP63_RNA,-0.08173175901174545
FLOT2_RNA,-0.0817524865269661
POU3F1_RNA,-0.08177362382411957
SUV39H1_RNA,-0.08186599612236023
AHNAK_RNA,-0.08187498152256012
PDYN_RNA,-0.08194805681705475
ZNF419_RNA,-0.08195558935403824
TSC22D4_RNA,-0.08202194422483444
METTL8_RNA,-0.08208705484867096
FLNC_RNA,-0.0821286141872406
SREBF1_RNA,-0.08214659243822098
GNG12_RNA,-0.08215641230344772
C1QL3_RNA,-0.08217418938875198
LMAN2_RNA,-0.08217441290616989
PXMP2_RNA,-0.08219362050294876
ESAM_RNA,-0.08220592886209488
PPFIA3_RNA,-0.08224117010831833
NAT10_RNA,-0.08224695175886154
ZNF879_RNA,-0.08225183933973312
AQP1_RNA,-0.08228395134210587
ZNF664_RNA,-0.08229772001504898
DNAL1_RNA,-0.08230388164520264
GBA3_RNA,-0.08234334737062454
FANCA_RNA,-0.08235495537519455
DNAJC3_RNA,-0.08236175030469894
HEG1_RNA,-0.0824681967496872
SYTL2_RNA,-0.0824754536151886
SYT17_RNA,-0.08251040428876877
NXNL1_RNA,-0.08251891285181046
BTBD6_RNA,-0.08251935988664627
RNF133_RNA,-0.08252004534006119
MYO1B_RNA,-0.08253423124551773
MMP24_RNA,-0.08259067684412003
CLIP2_RNA,-0.08260199427604675
TTC19_RNA,-0.08265946805477142
ZSCAN21_RNA,-0.08269286155700684
TIMM22_RNA,-0.08270208537578583
SPATC1_RNA,-0.08274926245212555
KIRREL2_RNA,-0.08275039494037628
RBM28_RNA,-0.08279773592948914
PIP4K2C_RNA,-0.08282393217086792
SLC4A11_RNA,-0.08288107812404633
SP140L_RNA,-0.08294235914945602
NANOS3_RNA,-0.08294352889060974
GBP4_RNA,-0.08295370638370514
WIPI1_RNA,-0.08298291265964508
CNN3_RNA,-0.08299175649881363
GCH1_RNA,-0.08307743817567825
EIF3B_RNA,-0.0831192284822464
LIX1_RNA,-0.08312069624662399
SLC16A13_RNA,-0.08313626050949097
L3MBTL4_RNA,-0.08317716419696808
WDR90_RNA,-0.08318937569856644
HORMAD2_RNA,-0.08322200924158096
KIRREL3_RNA,-0.0832359567284584
EPB41L4A_RNA,-0.08332612365484238
SORD_RNA,-0.08336281776428223
PWWP2A_RNA,-0.08338724076747894
GPAM_RNA,-0.08339441567659378
ZNF302_RNA,-0.0834093913435936
TEX9_RNA,-0.08341631293296814
RBL1_RNA,-0.08341753482818604
EFCAB10_RNA,-0.08343221247196198
RNLS_RNA,-0.08345767855644226
GJB6_RNA,-0.08347535878419876
TSPAN5_RNA,-0.083525151014328
SLC12A1_RNA,-0.0835389718413353
IFIH1_RNA,-0.0835840106010437
NMUR1_RNA,-0.08359960466623306
HUS1_RNA,-0.083602674305439
ZNF814_RNA,-0.08360490947961807
CCDC40_RNA,-0.08360570669174194
BLOC1S1_RNA,-0.08366793394088745
TBC1D20_RNA,-0.08373550325632095
MACC1_RNA,-0.08376485109329224
MTNR1A_RNA,-0.08377000689506531
CAMK2N1_RNA,-0.08377794176340103
TSPAN18_RNA,-0.08379779011011124
TMEM132A_RNA,-0.08381394296884537
HSP90AA1_RNA,-0.08384978026151657
LRRC4B_RNA,-0.08385413885116577
CD163_RNA,-0.0839313268661499
SLC30A5_RNA,-0.083950139582157135
SFXN1_RNA,-0.08396017551422119
SFXN5_RNA,-0.08396194130182266
CACNB4_RNA,-0.0839705765247345
UBE2D4_RNA,-0.08397556841373444
COL4A6_RNA,-0.08404053747653961
RIC8A_RNA,-0.08405165374279022
DAGLA_RNA,-0.08410783112049103
ARRDC4_RNA,-0.08412394672632217
THG1L_RNA,-0.08412522077560425
TRMT61A_RNA,-0.08421390503644943
HLCS_RNA,-0.08426061272621155
AKAP8_RNA,-0.08434675633907318
FGF10_RNA,-0.0843549445271492
PARP9_RNA,-0.08435909450054169
KCNMB2_RNA,-0.08436288684606552
SLC19A3_RNA,-0.08438046276569366
COPB1_RNA,-0.08438815921545029
MLH3_RNA,-0.08446670323610306
ATXN8OS_RNA,-0.08446895331144333
KRT222_RNA,-0.08451542258262634
ZNF530_RNA,-0.08452878892421722
ARID5B_RNA,-0.08456484973430634
KBTBD4_RNA,-0.08457666635513306
SLC41A2_RNA,-0.08458684384822845
SAMD10_RNA,-0.0845881924033165
ELOVL6_RNA,-0.08461429923772812
FBXL13_RNA,-0.0846620500087738
FAM83G_RNA,-0.08469020575284958
NT5M_RNA,-0.08469722419977188
IGSF11_RNA,-0.08470838516950607
CDC42EP4_RNA,-0.08473333716392517
CKAP5_RNA,-0.08482962846755981
ATRX_RNA,-0.08497756719589233
CD9_RNA,-0.08498011529445648
GPR39_RNA,-0.08498671650886536
TLN2_RNA,-0.08508046716451645
RDM1_RNA,-0.08517249673604965
PAQR6_RNA,-0.08522089570760727
PDK1_RNA,-0.0852285772562027
NPDC1_RNA,-0.08534785360097885
ZSCAN5A_RNA,-0.08535253256559372
KIAA0753_RNA,-0.08536546677350998
UBQLNL_RNA,-0.08539235591888428
SPIRE2_RNA,-0.08539463579654694
PLXNB2_RNA,-0.08540403842926025
OCLN_RNA,-0.08544573932886124
NPR2_RNA,-0.08546800911426544
UBB_RNA,-0.08547656983137131
EPN2_RNA,-0.08549236506223679
RGS1_RNA,-0.08553560823202133
LMTK2_RNA,-0.08554253727197647
TRRAP_RNA,-0.08559953421354294
PCDHGA9_RNA,-0.08560273051261902
TJP1_RNA,-0.0856776311993599
FBXL3_RNA,-0.08569008111953735
NDRG4_RNA,-0.08569616824388504
KIAA0319_RNA,-0.08575569838285446
IFT122_RNA,-0.08583325892686844
PCOLCE2_RNA,-0.08586624264717102
PRPF31_RNA,-0.08588583022356033
ADRA1B_RNA,-0.0859120786190033
ZNF14_RNA,-0.0859174057841301
CTXN3_RNA,-0.08592063188552856
PRSS27_RNA,-0.08593243360519409
TMEM9B_RNA,-0.08593596518039703
RSPH1_RNA,-0.08595305681228638
URGCP_RNA,-0.08597373962402344
SLC24A4_RNA,-0.0860113576054573
TCIRG1_RNA,-0.08601148426532745
PRKD3_RNA,-0.08603604137897491
ZNF219_RNA,-0.08604197949171066
LIPC_RNA,-0.0860898569226265
RGS7BP_RNA,-0.08609021455049515
PRDX1_RNA,-0.08615036308765411
VPS37B_RNA,-0.08615071326494217
FANCF_RNA,-0.08617311716079712
SPPL2A_RNA,-0.0862036719918251
CLIP1_RNA,-0.08620820939540863
NR1I2_RNA,-0.08624492585659027
PSMC3IP_RNA,-0.08626114577054977
PUS7_RNA,-0.0862625241279602
FGF22_RNA,-0.08628742396831512
ZC3H14_RNA,-0.08630499243736267
S100A14_RNA,-0.08633163571357727
STK36_RNA,-0.0863528773188591
TTC23_RNA,-0.08637531846761703
DEPDC4_RNA,-0.08643776178359985
SPON1_RNA,-0.08651997894048691
TMEM45B_RNA,-0.0865831971168518
HTR2A_RNA,-0.08659641444683075
RNF6_RNA,-0.08660053461790085
C1QTNF9B_RNA,-0.08661913871765137
IL15_RNA,-0.08663545548915863
SLC25A30_RNA,-0.08666853606700897
VCAM1_RNA,-0.08675981312990189
TCF7_RNA,-0.0867752656340599
BRCA1_RNA,-0.0867963656783104
OPRK1_RNA,-0.08691547065973282
SLC4A8_RNA,-0.08693476021289825
PEX1_RNA,-0.08695999532938004
NEAT1_RNA,-0.08704038709402084
TSSK6_RNA,-0.08710610866546631
TNFSF14_RNA,-0.08710995316505432
SKA3_RNA,-0.0871526300907135
SIRPA_RNA,-0.08722051978111267
CSF3_RNA,-0.0873209685087204
LCN15_RNA,-0.0873272642493248
PRX_RNA,-0.08741044998168945
NKX1-2_RNA,-0.08746125549077988
TIGD6_RNA,-0.08748796582221985
MCM2_RNA,-0.08752618730068207
C1orf185_RNA,-0.08756932616233826
CCNG1_RNA,-0.08760213851928711
SLC9A7_RNA,-0.08763295412063599
LUC7L2_RNA,-0.08765877783298492
WDR76_RNA,-0.08766064792871475
GGH_RNA,-0.0877518430352211
ANKFN1_RNA,-0.08778328448534012
NEK9_RNA,-0.08779312670230865
MED29_RNA,-0.08779339492321014
PMS2CL_RNA,-0.08779385685920715
CCDC106_RNA,-0.08782888203859329
ING3_RNA,-0.0878562480211258
EFR3B_RNA,-0.08785736560821533
ESD_RNA,-0.08787399530410767
DEAF1_RNA,-0.08788038045167923
LSP1_RNA,-0.08789848536252975
UBL4A_RNA,-0.08790280669927597
ZNF331_RNA,-0.08793917298316956
FANCI_RNA,-0.08795997500419617
COX19_RNA,-0.08798510581254959
PRRX2_RNA,-0.08799666911363602
FZD8_RNA,-0.08803222328424454
RPRML_RNA,-0.08803308755159378
PURA_RNA,-0.0880824476480484
GCK_RNA,-0.08808771520853043
FCER2_RNA,-0.08809669315814972
FLT1_RNA,-0.08813370764255524
FABP1_RNA,-0.08814415335655212
ALKBH4_RNA,-0.08817806839942932
CCNJL_RNA,-0.08822333812713623
MGAT4B_RNA,-0.08823897689580917
MAL2_RNA,-0.08829160779714584
TMEM161A_RNA,-0.08829531073570251
NAAA_RNA,-0.08836549520492554
FJX1_RNA,-0.08840019255876541
ROCK2_RNA,-0.08841308951377869
S100A4_RNA,-0.08843530714511871
DEDD2_RNA,-0.08848267793655396
RBM38_RNA,-0.08852247148752213
VGLL2_RNA,-0.08856377005577087
APLN_RNA,-0.08860722184181213
LBX2_RNA,-0.0886450782418251
ZNF831_RNA,-0.08869241178035736
CD63_RNA,-0.0888100415468216
SNHG4_RNA,-0.08888305723667145
DMKN_RNA,-0.08888993412256241
FRMD3_RNA,-0.08889865130186081
ZNF594_RNA,-0.0889066606760025
CEACAM16_RNA,-0.08892175555229187
AIFM2_RNA,-0.08899864554405212
BET1_RNA,-0.08907061815261841
OLFM3_RNA,-0.08910731226205826
GLG1_RNA,-0.08911173790693283
HDC_RNA,-0.08918008953332901
ERF_RNA,-0.08920496702194214
FNDC3B_RNA,-0.0892491564154625
PLEK2_RNA,-0.08925705403089523
ZNF160_RNA,-0.08925718069076538
KDELR1_RNA,-0.089302197098732
MBOAT7_RNA,-0.0893239676952362
INSIG1_RNA,-0.08932963758707047
FAM184B_RNA,-0.08932983875274658
CES2_RNA,-0.08939629048109055
NR2F6_RNA,-0.08946821093559265
APOO_RNA,-0.08949215710163116
KLHL15_RNA,-0.08950366824865341
SCN8A_RNA,-0.08950931578874588
JUND_RNA,-0.08954888582229614
HOXD11_RNA,-0.0895702913403511
DPYSL5_RNA,-0.08958496898412704
ZFP2_RNA,-0.0895855724811554
NPL_RNA,-0.0896027460694313
VAPB_RNA,-0.08960619568824768
MAGI2_RNA,-0.08980061858892441
CACNG8_RNA,-0.08980512619018555
ANG_RNA,-0.08993960171937943
PNPLA5_RNA,-0.08997900784015656
KCNH3_RNA,-0.09007298201322556
CYP4F2_RNA,-0.09008762240409851
ZNF550_RNA,-0.09008778631687164
CD82_RNA,-0.09010220319032669
TMPRSS9_RNA,-0.09016993641853333
SHMT1_RNA,-0.09017392247915268
CBLL1_RNA,-0.0902147963643074
RBM3_RNA,-0.09022019803524017
SMPX_RNA,-0.09023410081863403
SLC6A7_RNA,-0.09027975797653198
ZNF92_RNA,-0.09032990783452988
SS18_RNA,-0.09033525735139847
BBS2_RNA,-0.09035592526197433
GJC1_RNA,-0.09035598486661911
PPIL6_RNA,-0.09035812318325043
ZNF483_RNA,-0.09037274867296219
EIF2AK1_RNA,-0.0903768464922905
NPHP1_RNA,-0.09041424095630646
SCAMP4_RNA,-0.09042070060968399
ZNF626_RNA,-0.09048493206501007
LIN7A_RNA,-0.09049412608146667
ASAP2_RNA,-0.09051647782325745
MIR93_RNA,-0.09053902328014374
FRRS1_RNA,-0.09055782854557037
CTNNA2_RNA,-0.09063063561916351
SKA1_RNA,-0.09063558280467987
ACOT9_RNA,-0.09067636728286743
HTR1E_RNA,-0.09071251004934311
TICAM1_RNA,-0.09076902270317078
KDELR2_RNA,-0.09077245742082596
PPARGC1B_RNA,-0.09086707979440689
NYNRIN_RNA,-0.09088004380464554
C1QTNF6_RNA,-0.0908949226140976
EPHX3_RNA,-0.09100494533777237
ESM1_RNA,-0.09100733697414398
CHRNA1_RNA,-0.09106763452291489
HSPA2_RNA,-0.09117407351732254
ALDH6A1_RNA,-0.09117543697357178
TMEM177_RNA,-0.09126497060060501
SNX33_RNA,-0.09128301590681076
ZNF432_RNA,-0.09130164235830307
ABHD15_RNA,-0.09130402654409409
MRPS33_RNA,-0.09133023768663406
APOBEC3D_RNA,-0.09136918932199478
GAS2L2_RNA,-0.09140462428331375
WBP2NL_RNA,-0.09145225584506989
PLIN3_RNA,-0.09148821979761124
SMAD5_RNA,-0.09155576676130295
TBC1D21_RNA,-0.09165754169225693
MMRN1_RNA,-0.09171145409345627
RALB_RNA,-0.09183459728956223
TRPM4_RNA,-0.0918615311384201
COX7A1_RNA,-0.0918707326054573
GCNT4_RNA,-0.09188564866781235
FZD5_RNA,-0.091905876994133
DDX60_RNA,-0.0920022651553154
ZNF354B_RNA,-0.0920722559094429
QSER1_RNA,-0.09209633618593216
NUP62CL_RNA,-0.09215851873159409
ESPNL_RNA,-0.09224457293748856
MEPCE_RNA,-0.0922451987862587
NBEAL2_RNA,-0.09229706972837448
C2orf80_RNA,-0.09239500761032104
TSNAXIP1_RNA,-0.09240203350782394
C8orf33_RNA,-0.0924108698964119
CHPF2_RNA,-0.0924130529165268
TPPP3_RNA,-0.09242372959852219
SLC2A1_RNA,-0.09243029356002808
PLXNA2_RNA,-0.0924619510769844
EPSTI1_RNA,-0.09260129928588867
BCL6B_RNA,-0.09261288493871689
CYP4F3_RNA,-0.09263943135738373
LEF1_RNA,-0.09272146224975586
NCAN_RNA,-0.09275069832801819
SULT1A1_RNA,-0.09293728321790695
OLR1_RNA,-0.09302876889705658
THBS4_RNA,-0.0931384414434433
RBCK1_RNA,-0.09319287538528442
IFI44_RNA,-0.09322752058506012
CLDN5_RNA,-0.09326832741498947
ZBTB45_RNA,-0.09330222755670547
CPLX1_RNA,-0.09330534189939499
AP1S3_RNA,-0.09339608997106552
STAT5A_RNA,-0.09340304881334305
PCNA_RNA,-0.09345697611570358
GXYLT1_RNA,-0.09348215162754059
HOXB2_RNA,-0.09352010488510132
CHST12_RNA,-0.09353005141019821
ACOT4_RNA,-0.09353430569171906
CCDC159_RNA,-0.09355538338422775
KCNA2_RNA,-0.09357597678899765
ZMAT1_RNA,-0.09357652813196182
PRNP_RNA,-0.09360656887292862
TMCO3_RNA,-0.0936407670378685
ABHD3_RNA,-0.09365171194076538
DUSP3_RNA,-0.09366880357265472
ASTN1_RNA,-0.09368191659450531
FIBIN_RNA,-0.09368613362312317
MLEC_RNA,-0.0937047004699707
CCDC152_RNA,-0.09378597140312195
STON2_RNA,-0.09381791204214096
HIF3A_RNA,-0.09390447288751602
NHSL1_RNA,-0.09396012127399445
PIP5K1B_RNA,-0.09396585822105408
CAMK2A_RNA,-0.09397560358047485
PSMA1_RNA,-0.09398756921291351
SLC35B4_RNA,-0.09399324655532837
APCDD1L_RNA,-0.09402313083410263
SMPD1_RNA,-0.09403231739997864
GIGYF1_RNA,-0.09410268068313599
TRIOBP_RNA,-0.09410689026117325
OXCT1_RNA,-0.09413136541843414
TEAD2_RNA,-0.09414202719926834
MYOZ3_RNA,-0.0941505953669548
FAM185A_RNA,-0.09419919550418854
GDA_RNA,-0.09420094639062881
SOX15_RNA,-0.0942893847823143
MYO9B_RNA,-0.09430466592311859
CTSF_RNA,-0.09438387304544449
SDSL_RNA,-0.09440124034881592
CAPN8_RNA,-0.0944783017039299
RRN3P2_RNA,-0.09452756494283676
PTGES_RNA,-0.09456932544708252
TTC8_RNA,-0.09463834762573242
C1orf54_RNA,-0.09466211497783661
RAB15_RNA,-0.09467066824436188
GABRA4_RNA,-0.0946929082274437
RGS5_RNA,-0.09473799914121628
KNTC1_RNA,-0.09475357085466385
MSI1_RNA,-0.09484739601612091
JAM2_RNA,-0.09484939277172089
MIR339_RNA,-0.09489277750253677
HOTAIR_RNA,-0.09490622580051422
MAP4_RNA,-0.09495189785957336
FAR2_RNA,-0.09498009085655212
ABHD2_RNA,-0.09501586854457855
CDC42EP3_RNA,-0.09501643478870392
INPP4B_RNA,-0.09503404051065445
CHRAC1_RNA,-0.09513959288597107
PCDH1_RNA,-0.09519844502210617
KIF23_RNA,-0.09521912783384323
EPO_RNA,-0.09522270411252975
ZHX1_RNA,-0.0952693521976471
RASSF10_RNA,-0.09531430155038834
ZSCAN22_RNA,-0.09533729404211044
POM121C_RNA,-0.09538187086582184
RASSF9_RNA,-0.0955200269818306
TRIM21_RNA,-0.09554172307252884
P2RY14_RNA,-0.09556522965431213
ULK2_RNA,-0.09557376801967621
ZNF444_RNA,-0.09562614560127258
HGD_RNA,-0.09564151614904404
TNFRSF10C_RNA,-0.09567097574472427
DPP7_RNA,-0.09568018466234207
ERAP1_RNA,-0.09571637213230133
ISYNA1_RNA,-0.09573020786046982
PRPH2_RNA,-0.09576106816530228
SKP1_RNA,-0.09579599648714066
IRF7_RNA,-0.09586194902658463
PLAU_RNA,-0.09588561207056046
CLEC17A_RNA,-0.09589625895023346
SLC44A2_RNA,-0.09593808650970459
GTF2H3_RNA,-0.0959482416510582
TOLLIP_RNA,-0.09600254148244858
GBP3_RNA,-0.09601150453090668
EIF4H_RNA,-0.0960162803530693
TLE6_RNA,-0.09603729844093323
SLC20A2_RNA,-0.09609072655439377
ASS1_RNA,-0.0961022898554802
ZC3HAV1L_RNA,-0.09610471874475479
DCLK1_RNA,-0.09620817750692368
SMYD4_RNA,-0.09622058272361755
BSG_RNA,-0.09625274688005447
ZNF136_RNA,-0.09628754109144211
CIRBP_RNA,-0.09632699936628342
CDC16_RNA,-0.09633409976959229
ZNF416_RNA,-0.09636333584785461
SCNN1G_RNA,-0.09640298783779144
TGFB3_RNA,-0.09641557186841965
MAP2K3_RNA,-0.09643606841564178
ST6GALNAC5_RNA,-0.09644579887390137
APOM_RNA,-0.09650377929210663
TMEM54_RNA,-0.09654297679662704
NUP98_RNA,-0.0966082289814949
TMED1_RNA,-0.09662110358476639
MTHFD1_RNA,-0.09678524732589722
ITGA5_RNA,-0.09679169952869415
CNN1_RNA,-0.09686033427715302
PDGFRL_RNA,-0.09686492383480072
PSMG3_RNA,-0.09687060117721558
ACADS_RNA,-0.09693323820829391
ZNF784_RNA,-0.09694262593984604
SLC2A14_RNA,-0.09696094691753387
FOXQ1_RNA,-0.09698212891817093
MCM3_RNA,-0.0970643013715744
CHODL_RNA,-0.09708642959594727
CIB2_RNA,-0.09709195792675018
FASTK_RNA,-0.09710227698087692
PLOD3_RNA,-0.09710461646318436
POLR1D_RNA,-0.09717538207769394
ZNF132_RNA,-0.09718678146600723
DNAH7_RNA,-0.09724748134613037
GP6_RNA,-0.09725905954837799
THAP5_RNA,-0.09727469831705093
LZTFL1_RNA,-0.09736281633377075
CALU_RNA,-0.09740010648965836
VN1R1_RNA,-0.09742998331785202
SHCBP1_RNA,-0.09747005254030228
AKAP12_RNA,-0.09750591963529587
FBLN5_RNA,-0.09751031547784805
AHCYL1_RNA,-0.09754722565412521
SYTL1_RNA,-0.09759984165430069
PTK2B_RNA,-0.09760129451751709
CLCNKA_RNA,-0.09760992974042892
CACNG3_RNA,-0.09763764590024948
RRM2_RNA,-0.09764057397842407
SSX2IP_RNA,-0.09770418703556061
ABCB5_RNA,-0.09773513674736023
TAGLN_RNA,-0.09775660187005997
ABCC9_RNA,-0.09778675436973572
ZBTB7A_RNA,-0.0977911427617073
IDS_RNA,-0.09781064093112946
TAS1R1_RNA,-0.0978270024061203
CLK4_RNA,-0.09783541411161423
MYBPH_RNA,-0.09783593565225601
C22orf15_RNA,-0.09787977486848831
SOCS3_RNA,-0.09788934886455536
KIF9_RNA,-0.09794452041387558
ALOX5AP_RNA,-0.09794916957616806
HMGB1_RNA,-0.09801816195249557
INPP4A_RNA,-0.09802187234163284
MFSD2A_RNA,-0.09806732088327408
ZNF443_RNA,-0.09817642718553543
STK24_RNA,-0.09823411703109741
HOXB7_RNA,-0.0982813611626625
ZNF181_RNA,-0.09829112887382507
HPR_RNA,-0.09839846193790436
COQ9_RNA,-0.09841695427894592
NR2F2_RNA,-0.09845259040594101
FBXL17_RNA,-0.09846163541078568
ZNF43_RNA,-0.09847250580787659
COG5_RNA,-0.09856903553009033
RIPK1_RNA,-0.09858410805463791
FAM162B_RNA,-0.09861388057470322
DSG2_RNA,-0.09861797839403152
CNOT4_RNA,-0.09862474352121353
UNC119B_RNA,-0.09872773289680481
PGGT1B_RNA,-0.09878913313150406
CDADC1_RNA,-0.09887194633483887
WDHD1_RNA,-0.09888411313295364
CXCL5_RNA,-0.09891258180141449
NACC2_RNA,-0.09891673922538757
CMTM3_RNA,-0.09891841560602188
TLR3_RNA,-0.09905563294887543
KIF18A_RNA,-0.099101722240448
SMARCA2_RNA,-0.09911932796239853
SLC13A3_RNA,-0.09916538745164871
PDAP1_RNA,-0.0992555171251297
SMARCD3_RNA,-0.09937379509210587
GPRASP1_RNA,-0.09945321828126907
N4BP3_RNA,-0.09946540743112564
ZNF273_RNA,-0.09952819347381592
MCFD2_RNA,-0.09955018013715744
TMEM129_RNA,-0.09955396503210068
ZNF107_RNA,-0.09955921024084091
THNSL2_RNA,-0.09958396106958389
PNPLA8_RNA,-0.09964440762996674
TGM5_RNA,-0.09972228109836578
MARK1_RNA,-0.09973003715276718
NNAT_RNA,-0.09973998367786407
ACTN4_RNA,-0.09974754601716995
CACHD1_RNA,-0.0997883677482605
KLHDC7A_RNA,-0.09985288232564926
EPB41L1_RNA,-0.09992532432079315
SHH_RNA,-0.09998832643032074
DLG1_RNA,-0.1000199019908905
VAV2_RNA,-0.1000264436006546
PLD5_RNA,-0.10010149329900742
RBM46_RNA,-0.10017324239015579
WFDC2_RNA,-0.10019508749246597
SBF2_RNA,-0.1002006009221077
SOHLH1_RNA,-0.10024726390838623
CLUAP1_RNA,-0.10025753080844879
PKD2_RNA,-0.10027947276830673
VPS36_RNA,-0.1004633978009224
MPZL2_RNA,-0.10051455348730087
PTBP1_RNA,-0.10054638236761093
PLAGL1_RNA,-0.1005660891532898
FAM133B_RNA,-0.10076773166656494
DCTN4_RNA,-0.10081814229488373
AGA_RNA,-0.10087351500988007
ECE2_RNA,-0.10097922384738922
AGBL4_RNA,-0.10107570886611938
CYP46A1_RNA,-0.10108980536460876
PHF12_RNA,-0.10111383348703384
C10orf105_RNA,-0.10112840682268143
CA3_RNA,-0.10123077780008316
PLOD2_RNA,-0.1012423038482666
PTDSS2_RNA,-0.10127507150173187
ZNF561_RNA,-0.10128249228000641
HOXA5_RNA,-0.10131541639566422
DLGAP2_RNA,-0.10135376453399658
TBX15_RNA,-0.10139741748571396
MTPN_RNA,-0.10144956409931183
SNX5_RNA,-0.10147259384393692
EEF1A2_RNA,-0.10151050239801407
NIPSNAP3A_RNA,-0.10151708871126175
APOBEC3A_RNA,-0.1015617772936821
SSPN_RNA,-0.10159704834222794
EXT2_RNA,-0.1016254648566246
HOXA3_RNA,-0.1016264408826828
TSPAN16_RNA,-0.10162811726331711
RCBTB2_RNA,-0.10170667618513107
CCDC126_RNA,-0.10175301134586334
EIF3M_RNA,-0.10177258402109146
ANKK1_RNA,-0.1018378958106041
NOM1_RNA,-0.10194724053144455
TSPAN12_RNA,-0.10195454210042953
ITGA4_RNA,-0.10198256373405457
SNTB1_RNA,-0.10202145576477051
ZNF583_RNA,-0.10210733115673065
DIAPH3_RNA,-0.10212206840515137
FAM161A_RNA,-0.10218130052089691
BGN_RNA,-0.10228974372148514
SLC12A9_RNA,-0.10229924321174622
PRKG1_RNA,-0.10243505239486694
ZNF667_RNA,-0.10244426876306534
RNF14_RNA,-0.10245611518621445
TYW1_RNA,-0.1024588793516159
DPEP1_RNA,-0.1024843081831932
NANP_RNA,-0.10249156504869461
KCNK5_RNA,-0.10253021121025085
TNPO1_RNA,-0.10255575180053711
ZC3H13_RNA,-0.10258298367261887
SORCS2_RNA,-0.10261599719524384
NRAP_RNA,-0.10261693596839905
BCKDHB_RNA,-0.10262109339237213
FNDC3A_RNA,-0.10265453159809113
C3_RNA,-0.10268063098192215
ZNF395_RNA,-0.10278874635696411
CRIM1_RNA,-0.10283466428518295
KCNE4_RNA,-0.10284462571144104
AIFM3_RNA,-0.10291913151741028
ABLIM2_RNA,-0.1029982715845108
POU3F4_RNA,-0.10301899909973145
PNPLA2_RNA,-0.10302602499723434
CSNK1A1_RNA,-0.10303428024053574
CHCHD2_RNA,-0.10304898768663406
MAFF_RNA,-0.10308961570262909
NNMT_RNA,-0.1031079888343811
CYTL1_RNA,-0.1031210720539093
CBR3_RNA,-0.10313766449689865
TRIL_RNA,-0.10314539074897766
TMEM97_RNA,-0.10316222906112671
CRH_RNA,-0.10327651351690292
GTF2H1_RNA,-0.10329659283161163
DCBLD1_RNA,-0.10332407802343369
NMI_RNA,-0.10334885865449905
TMED9_RNA,-0.10335754603147507
ST6GAL2_RNA,-0.10336936265230179
PTPN18_RNA,-0.10337384790182114
FEZF1_RNA,-0.10339882224798203
LAP3_RNA,-0.10347247868776321
DSN1_RNA,-0.1035022884607315
PAXIP1_RNA,-0.10364535450935364
CPE_RNA,-0.10371487587690353
PSPN_RNA,-0.10372006893157959
GINS3_RNA,-0.1037549376487732
SYT5_RNA,-0.10383102297782898
CDYL2_RNA,-0.1038636639714241
CDK2_RNA,-0.10393530130386353
NPAS2_RNA,-0.1039489135146141
WFIKKN2_RNA,-0.10396063327789307
GALNT12_RNA,-0.10400225222110748
MAFA_RNA,-0.10405230522155762
HP_RNA,-0.10405290126800537
SLC25A40_RNA,-0.10411811619997025
PLA2G2C_RNA,-0.1041586846113205
ZNF548_RNA,-0.10424111783504486
P2RX2_RNA,-0.10424506664276123
KBTBD11_RNA,-0.10426065325737
CHAF1A_RNA,-0.10434665530920029
REEP5_RNA,-0.10443861782550812
NOTCH4_RNA,-0.10453406721353531
FAF2_RNA,-0.10455393046140671
TMEM233_RNA,-0.10463151335716248
RPS6KA3_RNA,-0.10480101406574249
CLVS1_RNA,-0.10487307608127594
RNF141_RNA,-0.1048789769411087
SOX21_RNA,-0.10503605753183365
PLEKHF2_RNA,-0.10504363477230072
TRAF3_RNA,-0.10504657030105591
FUT4_RNA,-0.10506470501422882
KCNJ8_RNA,-0.10514087975025177
CCL2_RNA,-0.1051691547036171
TTC38_RNA,-0.10518945753574371
PAM_RNA,-0.10526371747255325
LIG1_RNA,-0.10527492314577103
GALNTL5_RNA,-0.1053084060549736
ITPKA_RNA,-0.10532084852457047
HSPA4L_RNA,-0.10542510449886322
CXCL10_RNA,-0.10543351620435715
SLC38A11_RNA,-0.10545564442873001
SP6_RNA,-0.10546707361936569
FZD2_RNA,-0.10546855628490448
SMAD1_RNA,-0.10556194186210632
CAB39L_RNA,-0.10563407093286514
ZNF584_RNA,-0.10564570873975754
RRM2B_RNA,-0.10567392408847809
SPC24_RNA,-0.10569051653146744
PKN3_RNA,-0.10572037100791931
GNB5_RNA,-0.10573416203260422
SPA17_RNA,-0.1058139055967331
SOST_RNA,-0.1059194952249527
RAB42_RNA,-0.10593637079000473
ZNF655_RNA,-0.10598285496234894
PABPC4L_RNA,-0.10601712018251419
PITX1_RNA,-0.10604387521743774
FSTL3_RNA,-0.10604601353406906
VIM_RNA,-0.10604778677225113
KCNMA1_RNA,-0.10605795681476593
BDH2_RNA,-0.10606640577316284
NUDT19_RNA,-0.10612332820892334
ZNF563_RNA,-0.10613823682069778
IMPACT_RNA,-0.10614186525344849
PDLIM1_RNA,-0.1061527356505394
BSN_RNA,-0.10617609322071075
CUL1_RNA,-0.106188103556633
TAF10_RNA,-0.10620136559009552
CLCN2_RNA,-0.10621807724237442
ENTPD5_RNA,-0.10632304847240448
PLD2_RNA,-0.1063363179564476
PRDX6_RNA,-0.10635749250650406
ZNF541_RNA,-0.10636211931705475
NOX3_RNA,-0.1064169853925705
ZNF547_RNA,-0.1064712181687355
PHRF1_RNA,-0.10647479444742203
STK32A_RNA,-0.10656500607728958
ACADL_RNA,-0.10657615959644318
MIR210_RNA,-0.10657903552055359
TMEM106B_RNA,-0.10658643394708633
GMEB2_RNA,-0.106608085334301
CASP2_RNA,-0.10662860423326492
ASL_RNA,-0.10668405145406723
RASSF8_RNA,-0.10669254511594772
PPP4R4_RNA,-0.10670949518680573
ZNF304_RNA,-0.1067546159029007
UNC93B1_RNA,-0.10676239430904388
TM9SF1_RNA,-0.10676929354667664
RGMA_RNA,-0.10678954422473907
PRKACA_RNA,-0.10682230442762375
CHSY3_RNA,-0.1068369597196579
TRIM55_RNA,-0.10688845068216324
FANK1_RNA,-0.10691118985414505
LSM5_RNA,-0.10702551901340485
PAX3_RNA,-0.10708688199520111
NFIA_RNA,-0.10710025578737259
PARP10_RNA,-0.10716760158538818
CNR1_RNA,-0.10717303305864334
ACOT12_RNA,-0.10734698921442032
COL23A1_RNA,-0.10736250877380371
CDS1_RNA,-0.10738416761159897
HEYL_RNA,-0.107401542365551
DMPK_RNA,-0.10748071223497391
VTRNA1-2_RNA,-0.10762527585029602
RNF212_RNA,-0.10763061046600342
AKT2_RNA,-0.10766515880823135
MIR149_RNA,-0.10768277198076248
TANK_RNA,-0.1077343001961708
ARFIP2_RNA,-0.10774386674165726
CHN1_RNA,-0.10780142992734909
NCEH1_RNA,-0.10787993669509888
PVT1_RNA,-0.1078987643122673
C7orf57_RNA,-0.10791129618883133
EDN1_RNA,-0.10802577435970306
FBXO22_RNA,-0.10804836452007294
TFR2_RNA,-0.1080813854932785
ZNF20_RNA,-0.10815298557281494
ZNF772_RNA,-0.10821674764156342
IGFBP1_RNA,-0.10833234339952469
PDGFD_RNA,-0.10839539021253586
CCDC30_RNA,-0.1084795892238617
CRIP2_RNA,-0.10848221927881241
TLE2_RNA,-0.10849293321371078
TBL2_RNA,-0.10849471390247345
ROBO2_RNA,-0.10851268470287323
NDUFA5_RNA,-0.10852095484733582
TRADD_RNA,-0.1085376963019371
IGFBP3_RNA,-0.10854966193437576
PRKRIP1_RNA,-0.10859599709510803
IL32_RNA,-0.10860950499773026
WBP4_RNA,-0.10877464711666107
MBNL3_RNA,-0.10882331430912018
CD248_RNA,-0.1088237315416336
ABI2_RNA,-0.10882996767759323
SLC17A3_RNA,-0.10884511470794678
RAB32_RNA,-0.10890816152095795
ZNF543_RNA,-0.10892243683338165
KCNQ3_RNA,-0.10892882943153381
TMEM50B_RNA,-0.1090053915977478
TRIM68_RNA,-0.1090187132358551
IFT81_RNA,-0.10903043299913406
COMMD10_RNA,-0.10903877764940262
TIGD4_RNA,-0.10912203788757324
CERKL_RNA,-0.10912344604730606
CAPN12_RNA,-0.10913091897964478
GPA33_RNA,-0.10913661867380142
SPATA20_RNA,-0.10926004499197006
PDE3A_RNA,-0.10930579900741577
ZNF324B_RNA,-0.10945694148540497
MIOS_RNA,-0.10946624726057053
KCNV1_RNA,-0.10953076928853989
RIMS4_RNA,-0.10953597724437714
PSD4_RNA,-0.10960345715284348
LAMC3_RNA,-0.10960602760314941
RNF216_RNA,-0.10961349308490753
CACNB1_RNA,-0.10964111983776093
CXCL3_RNA,-0.10966476052999496
GPR26_RNA,-0.10970170795917511
MT1A_RNA,-0.10977133363485336
DNAJC2_RNA,-0.10978652536869049
TIPIN_RNA,-0.10983867943286896
RAB3GAP2_RNA,-0.10988844931125641
LAMB3_RNA,-0.10994014889001846
LGALS8_RNA,-0.1099647730588913
SVOPL_RNA,-0.10998484492301941
PALM3_RNA,-0.11008863896131516
CRYM_RNA,-0.11012641340494156
B3GALT4_RNA,-0.11015494912862778
GNAS_RNA,-0.11017131805419922
CHRNA2_RNA,-0.11021096259355545
ZNF671_RNA,-0.11032703518867493
TRMT2B_RNA,-0.11038022488355637
IFT88_RNA,-0.11038282513618469
GAB3_RNA,-0.1104324534535408
DZIP1_RNA,-0.11048265546560287
GPC4_RNA,-0.11049683392047882
PIH1D2_RNA,-0.11057671904563904
A2ML1_RNA,-0.11058817058801651
TFDP1_RNA,-0.11059042811393738
PCBD2_RNA,-0.11063851416110992
TXLNB_RNA,-0.11064790189266205
PKD1_RNA,-0.1106671392917633
BET1L_RNA,-0.11068239063024521
SMC5_RNA,-0.11084944754838943
NLK_RNA,-0.11088491976261139
SBDS_RNA,-0.11089762300252914
DLD_RNA,-0.11096378415822983
LANCL2_RNA,-0.11096969246864319
CUX1_RNA,-0.1110614538192749
IFITM5_RNA,-0.11110623925924301
NUB1_RNA,-0.11113358289003372
C19orf18_RNA,-0.11116591840982437
GLDC_RNA,-0.11124394088983536
NELL1_RNA,-0.11127784103155136
TYMS_RNA,-0.11129245907068253
NUDCD3_RNA,-0.11132292449474335
HIP1_RNA,-0.11134310811758041
PURB_RNA,-0.11139975488185883
BATF2_RNA,-0.11141756176948547
RTN4RL1_RNA,-0.11142385751008987
GTF2I_RNA,-0.11144192516803741
TECTB_RNA,-0.11146117746829987
MARVELD2_RNA,-0.11146160960197449
STX16_RNA,-0.11149569600820541
PDGFC_RNA,-0.111527219414711
PDE6B_RNA,-0.1116432175040245
VKORC1L1_RNA,-0.11165884137153625
IQCG_RNA,-0.11172465234994888
RORA_RNA,-0.11175260692834854
OR51E1_RNA,-0.11179482936859131
MRPS17_RNA,-0.1118224486708641
SAMD9_RNA,-0.11183558404445648
PCDHGB2_RNA,-0.11185933649539948
ZNF497_RNA,-0.11188360303640366
TRIM44_RNA,-0.11206808686256409
SHANK1_RNA,-0.11209935694932938
AP4M1_RNA,-0.11213719099760056
TMPRSS3_RNA,-0.11214453727006912
ELK3_RNA,-0.11217093467712402
CCND2_RNA,-0.11217615008354187
CHST8_RNA,-0.11221302300691605
CFH_RNA,-0.11224916577339172
ZFYVE21_RNA,-0.11225146800279617
TMEM106C_RNA,-0.11233881115913391
RCN1_RNA,-0.1123531311750412
NPTX2_RNA,-0.11237812042236328
PTGR1_RNA,-0.11245180666446686
FBXL7_RNA,-0.1124790832400322
LYPLA1_RNA,-0.11252319812774658
SLC25A15_RNA,-0.11256710439920425
ZFP36L2_RNA,-0.11258701980113983
GALNT3_RNA,-0.11261525750160217
FBXW9_RNA,-0.11262867599725723
DDR1_RNA,-0.1126757338643074
SALL2_RNA,-0.11271581798791885
SSTR3_RNA,-0.11272469907999039
TRIM66_RNA,-0.11272760480642319
TTLL6_RNA,-0.11273970454931259
CDK2AP1_RNA,-0.11288449168205261
AGK_RNA,-0.11290039867162704
SNORD93_RNA,-0.1129208579659462
ALPK3_RNA,-0.11296682804822922
PCK2_RNA,-0.11315816640853882
DMBX1_RNA,-0.11325924843549728
RGS14_RNA,-0.11327626556158066
KCNA1_RNA,-0.11336161941289902
LAMA1_RNA,-0.11341240257024765
GRTP1_RNA,-0.11342494189739227
SIRT3_RNA,-0.11343657225370407
TMEM140_RNA,-0.11345139890909195
APC_RNA,-0.11367710679769516
CYB561_RNA,-0.11369501799345016
COL6A2_RNA,-0.11374860256910324
ZNF746_RNA,-0.11375410109758377
FOXA3_RNA,-0.11379655450582504
RRP8_RNA,-0.11383970826864243
STARD13_RNA,-0.11384651809930801
SYNPO_RNA,-0.11386227607727051
NCAPG2_RNA,-0.1138741672039032
TSPAN10_RNA,-0.11388485133647919
AMIGO1_RNA,-0.1139148697257042
LENG9_RNA,-0.11392051726579666
RABL3_RNA,-0.11392467468976974
PTPRR_RNA,-0.1140199825167656
THEM5_RNA,-0.11405351012945175
TCEA3_RNA,-0.11415443569421768
PRKAR2B_RNA,-0.11418553441762924
FECH_RNA,-0.11421587318181992
VSX1_RNA,-0.11422138661146164
CDH5_RNA,-0.11424477398395538
FBXO4_RNA,-0.1143023893237114
HTR1F_RNA,-0.114405557513237
HS3ST2_RNA,-0.1144360825419426
RHBDL1_RNA,-0.11444736272096634
POLR2L_RNA,-0.11447274684906006
FADS6_RNA,-0.11451505124568939
FBXL18_RNA,-0.1145731657743454
AIF1L_RNA,-0.11464298516511917
CXCL16_RNA,-0.11476555466651917
ZMAT4_RNA,-0.1147770881652832
ZNF425_RNA,-0.11480028927326202
OSMR_RNA,-0.11480154097080231
TMEM170A_RNA,-0.11482124775648117
LXN_RNA,-0.11483144015073776
ZNF18_RNA,-0.11486925184726715
PJA2_RNA,-0.11487428843975067
HIVEP2_RNA,-0.11494103819131851
GAL3ST4_RNA,-0.11498815566301346
ATP1A2_RNA,-0.11499429494142532
CNKSR2_RNA,-0.11508189886808395
GNB2_RNA,-0.11515490710735321
BHLHE41_RNA,-0.11517584323883057
LRP4_RNA,-0.11521106213331223
PERP_RNA,-0.11538014560937881
NDFIP1_RNA,-0.11543851345777512
ZNF354A_RNA,-0.11544201523065567
SMS_RNA,-0.11548440903425217
NOD1_RNA,-0.11548632383346558
TMEM216_RNA,-0.11548765748739243
PTPN5_RNA,-0.11550895869731903
CENPK_RNA,-0.1155511662364006
ZNF324_RNA,-0.11560404300689697
PILRB_RNA,-0.11562200635671616
CHMP2A_RNA,-0.11563768982887268
SLC12A5_RNA,-0.1157258003950119
ZNF773_RNA,-0.11574002355337143
SLC25A25_RNA,-0.11585421860218048
MTUS1_RNA,-0.11588814854621887
EIF5_RNA,-0.1159333661198616
HTR3B_RNA,-0.11603593826293945
IGSF3_RNA,-0.1160639300942421
ARMC9_RNA,-0.11607808619737625
ZFP28_RNA,-0.11609629541635513
ZC3HAV1_RNA,-0.11629800498485565
CORO2B_RNA,-0.11630361527204514
C1GALT1_RNA,-0.11637929826974869
ZDHHC4_RNA,-0.11648668348789215
BCAR3_RNA,-0.1164947897195816
AP1S2_RNA,-0.11649687588214874
GPR108_RNA,-0.11652867496013641
TNRC18_RNA,-0.11657190322875977
MPPED1_RNA,-0.11659642308950424
EMP1_RNA,-0.11670131981372833
TMIE_RNA,-0.11671911925077438
BBS4_RNA,-0.11676384508609772
ARHGAP26_RNA,-0.11688149720430374
TNFRSF10B_RNA,-0.11698778718709946
SP4_RNA,-0.117001473903656
SIAE_RNA,-0.11700434982776642
DHX58_RNA,-0.11702194064855576
ACTR3B_RNA,-0.11702349036931992
PPIC_RNA,-0.11703593283891678
NRSN1_RNA,-0.11705688387155533
PPIA_RNA,-0.11712919920682907
PDE1C_RNA,-0.11718733608722687
RAD9B_RNA,-0.11723723262548447
IQSEC1_RNA,-0.1172623559832573
SLC44A3_RNA,-0.11727965623140335
RMST_RNA,-0.11730458587408066
ITGA1_RNA,-0.11736231297254562
IGF2BP2_RNA,-0.11741680651903152
AKT1_RNA,-0.117466039955616
TUBB2A_RNA,-0.11746975779533386
ZNF433_RNA,-0.11749149113893509
PDE4C_RNA,-0.11762790381908417
SNX13_RNA,-0.11767679452896118
ZFHX4_RNA,-0.11775151640176773
PIK3R1_RNA,-0.11783149093389511
CD44_RNA,-0.11787689477205276
LYSMD4_RNA,-0.11788114905357361
ZNF582_RNA,-0.11792318522930145
CMTM4_RNA,-0.11793632805347443
PCOLCE_RNA,-0.11801716685295105
MAPK11_RNA,-0.1180213913321495
NAB2_RNA,-0.11811313778162003
COBLL1_RNA,-0.11814073473215103
MNS1_RNA,-0.11818248778581619
AFG3L2_RNA,-0.11818250268697739
KLF10_RNA,-0.11820889264345169
ANK2_RNA,-0.11822279542684555
PON3_RNA,-0.11823713779449463
TMEM205_RNA,-0.11845838278532028
CDK6_RNA,-0.11850019544363022
TRIM9_RNA,-0.11852011829614639
SHISA6_RNA,-0.11856582760810852
ZNF441_RNA,-0.11860263347625732
S100A2_RNA,-0.1186356320977211
CRCP_RNA,-0.11866870522499084
CAPG_RNA,-0.11867271363735199
C1RL_RNA,-0.11868176609277725
PRTN3_RNA,-0.11874207854270935
PTAR1_RNA,-0.11876726150512695
AASS_RNA,-0.11890088021755219
JAG1_RNA,-0.11890871077775955
RHEB_RNA,-0.11893530189990997
ZNF446_RNA,-0.11897933483123779
POU6F2_RNA,-0.11903811246156693
IL17D_RNA,-0.11918031424283981
ZNF385A_RNA,-0.11927008628845215
EXTL3_RNA,-0.11927689611911774
PBX4_RNA,-0.11930729448795319
MX1_RNA,-0.11938642710447311
TAC1_RNA,-0.1193939819931984
GRM8_RNA,-0.11940349638462067
PCDH17_RNA,-0.11945560574531555
QPCT_RNA,-0.11947295069694519
TNFAIP3_RNA,-0.1195230782032013
ARPC1A_RNA,-0.11952970921993256
DOCK7_RNA,-0.11966519057750702
MTMR10_RNA,-0.11968263238668442
GADD45B_RNA,-0.11972964555025101
RAC1_RNA,-0.11974117904901505
PRR18_RNA,-0.11974523216485977
GPR135_RNA,-0.11976730078458786
TUBB2B_RNA,-0.11979624629020691
CHURC1_RNA,-0.11983165144920349
NUAK2_RNA,-0.11986957490444183
MAFK_RNA,-0.11987455189228058
CTR9_RNA,-0.11994530260562897
HEBP1_RNA,-0.11998381465673447
SCNN1B_RNA,-0.120015449821949
RAMP1_RNA,-0.12001590430736542
UBR7_RNA,-0.1200195699930191
SAMD4A_RNA,-0.12007401138544083
ADAMTS9_RNA,-0.12016092985868454
CDK15_RNA,-0.12023176997900009
EPAS1_RNA,-0.12035303562879562
SLC3A2_RNA,-0.12039275467395782
IRAK2_RNA,-0.12040482461452484
SBNO2_RNA,-0.12041939049959183
MDM1_RNA,-0.12043887376785278
PAICS_RNA,-0.12055223435163498
ARL4C_RNA,-0.1205986812710762
LYNX1_RNA,-0.12065023183822632
TMEM131_RNA,-0.12071425467729568
SNAI2_RNA,-0.12087902426719666
DDX56_RNA,-0.12090525031089783
NRGN_RNA,-0.1209179013967514
CHRNB1_RNA,-0.12093844264745712
HSD17B12_RNA,-0.12104117125272751
PHKA2_RNA,-0.12105755507946014
LRRC36_RNA,-0.12106285244226456
CHST2_RNA,-0.12110522389411926
NLGN4X_RNA,-0.12110701948404312
TMEM116_RNA,-0.12111704051494598
SERPINH1_RNA,-0.12116511166095734
SLC22A15_RNA,-0.12119495123624802
TRPV3_RNA,-0.12133211642503738
HERPUD2_RNA,-0.12133414298295975
UNC13A_RNA,-0.12134350091218948
VOPP1_RNA,-0.12136881053447723
ATP10D_RNA,-0.12160775065422058
PPP1R13B_RNA,-0.12161122262477875
TP53I13_RNA,-0.12161604315042496
SLC35D1_RNA,-0.12169602513313293
COL5A1_RNA,-0.1217096820473671
DHRS13_RNA,-0.12194672971963882
SLC16A6_RNA,-0.12204371392726898
RDH13_RNA,-0.12208232283592224
APOLD1_RNA,-0.12210816144943237
KRT75_RNA,-0.12213496118783951
ALDH1A1_RNA,-0.12225717306137085
TBC1D1_RNA,-0.12233752012252808
SEZ6L2_RNA,-0.12249449640512466
PMPCB_RNA,-0.12262038886547089
PSPH_RNA,-0.1226385161280632
SLC6A5_RNA,-0.12267554551362991
CDO1_RNA,-0.12275130301713943
TULP2_RNA,-0.12275547534227371
OBSL1_RNA,-0.12287353724241257
NFKBIZ_RNA,-0.12292083352804184
MEGF10_RNA,-0.12293116748332977
PLAUR_RNA,-0.12300464510917664
LHX2_RNA,-0.12306645512580872
ABCB9_RNA,-0.12319529801607132
ASF1B_RNA,-0.12322486191987991
ZNF853_RNA,-0.12324079126119614
SLC25A22_RNA,-0.12327152490615845
APOBEC3G_RNA,-0.12330029159784317
PCYOX1L_RNA,-0.12330465018749237
OAS1_RNA,-0.12345453351736069
PIGB_RNA,-0.12347102910280228
DMD_RNA,-0.12350153923034668
SYCP2_RNA,-0.12350247800350189
OXTR_RNA,-0.12355632334947586
KLF6_RNA,-0.12361132353544235
DNAH5_RNA,-0.12361624836921692
IL11RA_RNA,-0.12363474071025848
TCF23_RNA,-0.12381760030984879
SLC10A4_RNA,-0.12383652478456497
ICAM5_RNA,-0.12386750429868698
TMEM38A_RNA,-0.12422097474336624
CES3_RNA,-0.12422343343496323
SSBP4_RNA,-0.12429192662239075
PARP12_RNA,-0.1243322491645813
BCL7B_RNA,-0.12434817850589752
TNFRSF1A_RNA,-0.1244334802031517
REEP6_RNA,-0.12461759895086288
TNN_RNA,-0.12463996559381485
MID2_RNA,-0.12464658170938492
GALNT11_RNA,-0.12465104460716248
MAML3_RNA,-0.12465722113847733
CASP8_RNA,-0.12465868890285492
RRM1_RNA,-0.12477122992277145
TXNDC15_RNA,-0.1248774603009224
LMBR1_RNA,-0.12489350140094757
TGFBI_RNA,-0.12490318715572357
GPR143_RNA,-0.12493148446083069
PPP2R2B_RNA,-0.12496700137853622
UGP2_RNA,-0.12497957795858383
ZFP36_RNA,-0.12499772012233734
EFCAB6_RNA,-0.12501771748065948
ZNF862_RNA,-0.12502701580524445
CYBRD1_RNA,-0.1251859962940216
POT1_RNA,-0.12527596950531006
TRIM41_RNA,-0.12530876696109772
TSPAN4_RNA,-0.12534570693969727
KAT2B_RNA,-0.1253604143857956
NTN5_RNA,-0.12544788420200348
CYP11A1_RNA,-0.12550660967826843
SLC6A1_RNA,-0.1257113218307495
TMEM41B_RNA,-0.12573817372322083
DUSP10_RNA,-0.1257724016904831
SHPK_RNA,-0.12584541738033295
PYGM_RNA,-0.12590821087360382
PCBD1_RNA,-0.12617789208889008
GDPD2_RNA,-0.12623541057109833
MBOAT1_RNA,-0.12625254690647125
ANXA4_RNA,-0.12627142667770386
MAGI1_RNA,-0.12631472945213318
RHBDD2_RNA,-0.1263209879398346
IFITM4P_RNA,-0.1263226866722107
ZNF180_RNA,-0.12635718286037445
SNCB_RNA,-0.12654821574687958
LONRF2_RNA,-0.12660953402519226
UGCG_RNA,-0.1268044412136078
APOB_RNA,-0.12680484354496002
PCDHGC3_RNA,-0.12681587040424347
DTX1_RNA,-0.12704314291477203
AP3B2_RNA,-0.1270987093448639
DOCK4_RNA,-0.12716691195964813
CBLN4_RNA,-0.1271880716085434
UNG_RNA,-0.12725350260734558
TRAF6_RNA,-0.1273987591266632
XRCC3_RNA,-0.1274246871471405
SRPX_RNA,-0.12751361727714539
SRR_RNA,-0.127685546875
SYN1_RNA,-0.1277029663324356
NAPEPLD_RNA,-0.1277974396944046
CRY1_RNA,-0.1278158277273178
AGBL3_RNA,-0.12785762548446655
DACT1_RNA,-0.12786276638507843
CISH_RNA,-0.1279158741235733
GTPBP10_RNA,-0.1281270980834961
SLC25A45_RNA,-0.1282016932964325
SMOX_RNA,-0.12832480669021606
LYN_RNA,-0.12836165726184845
SLC24A3_RNA,-0.12836770713329315
GLIS3_RNA,-0.1284448653459549
WNT7A_RNA,-0.12846320867538452
EDN2_RNA,-0.12847097218036652
C8orf48_RNA,-0.12849897146224976
GINS1_RNA,-0.1286299079656601
S100A5_RNA,-0.12869291007518768
SLC8A1_RNA,-0.12879757583141327
NLRX1_RNA,-0.1289588212966919
ZHX3_RNA,-0.12901580333709717
LRRFIP1_RNA,-0.1290893852710724
GABRB1_RNA,-0.12911222875118256
MRI1_RNA,-0.1291557401418686
VPS13A_RNA,-0.12920668721199036
HSPB1_RNA,-0.12927061319351196
GAPT_RNA,-0.12929396331310272
CYP4F11_RNA,-0.1293327659368515
APLF_RNA,-0.12941743433475494
TRIM14_RNA,-0.12950284779071808
OGDH_RNA,-0.1295190453529358
CAST_RNA,-0.12953004240989685
ZNF471_RNA,-0.12956993281841278
BANF2_RNA,-0.129680797457695
HERC6_RNA,-0.12968474626541138
NOL3_RNA,-0.12969975173473358
KLF16_RNA,-0.12971365451812744
ERRFI1_RNA,-0.12989675998687744
LITAF_RNA,-0.13002222776412964
SPATA17_RNA,-0.13018272817134857
ROBO3_RNA,-0.1302105188369751
CREG2_RNA,-0.13023532927036285
PRDM1_RNA,-0.13044165074825287
ARHGAP20_RNA,-0.13051339983940125
NFATC1_RNA,-0.1306130588054657
SOSTDC1_RNA,-0.13063673675060272
S100B_RNA,-0.1307760328054428
CHRD_RNA,-0.13078130781650543
PDE4B_RNA,-0.13098445534706116
CHRNB4_RNA,-0.1310117244720459
NRG2_RNA,-0.13106879591941833
FUCA2_RNA,-0.13114848732948303
STK32B_RNA,-0.1312628537416458
MAB21L2_RNA,-0.13140307366847992
MCM4_RNA,-0.131462961435318
MZF1_RNA,-0.13151848316192627
FMN2_RNA,-0.1317109614610672
MAEL_RNA,-0.13183824717998505
SPATA3_RNA,-0.13187909126281738
NAT14_RNA,-0.13188669085502625
PAPLN_RNA,-0.13190703094005585
SYDE1_RNA,-0.13194844126701355
LIFR_RNA,-0.13195516169071198
ZNF606_RNA,-0.13202722370624542
GPRC5C_RNA,-0.1320335417985916
FAM81A_RNA,-0.13211125135421753
TCTN2_RNA,-0.13212820887565613
SERTAD2_RNA,-0.13230594992637634
SPAG4_RNA,-0.13239862024784088
PDE7B_RNA,-0.13245078921318054
SYP_RNA,-0.1324959099292755
ZKSCAN5_RNA,-0.1325349062681198
NEK11_RNA,-0.1326112002134323
CXCL11_RNA,-0.13264986872673035
PMS2_RNA,-0.1327582150697708
DCTD_RNA,-0.13282838463783264
SAGE1_RNA,-0.13291682302951813
TRIM32_RNA,-0.1329641044139862
F2RL3_RNA,-0.13307417929172516
PRMT3_RNA,-0.13322865962982178
PPP1R3B_RNA,-0.1333101987838745
MSI2_RNA,-0.13332568109035492
SRPX2_RNA,-0.13333365321159363
LRRC2_RNA,-0.13338948786258698
ELN_RNA,-0.13341687619686127
PTPRA_RNA,-0.13342222571372986
RFESD_RNA,-0.13344481587409973
PANX2_RNA,-0.1335221529006958
GNG11_RNA,-0.13371974229812622
C11orf42_RNA,-0.1337248831987381
B4GALNT4_RNA,-0.133896604180336
DYNLRB2_RNA,-0.133931502699852
SLC4A10_RNA,-0.13399645686149597
ZNF214_RNA,-0.1340036690235138
LRRC17_RNA,-0.1340421587228775
LYPD1_RNA,-0.13426779210567474
TEKT1_RNA,-0.13427411019802094
EPHB6_RNA,-0.13432683050632477
KRIT1_RNA,-0.13433046638965607
SLCO1C1_RNA,-0.13433817028999329
GRAMD1C_RNA,-0.13448186218738556
HDAC9_RNA,-0.13449901342391968
IL17RC_RNA,-0.13458898663520813
BCL2L12_RNA,-0.1347018927335739
ZNF211_RNA,-0.13471513986587524
WASL_RNA,-0.13480819761753082
EFHC1_RNA,-0.13490311801433563
CSPG5_RNA,-0.1349366009235382
TP53BP2_RNA,-0.13501326739788055
ECE1_RNA,-0.13508084416389465
VSIG10_RNA,-0.13526681065559387
FAM111A_RNA,-0.1353764533996582
OGDHL_RNA,-0.13538555800914764
CHST6_RNA,-0.13541251420974731
FAM3C_RNA,-0.1355503350496292
STAC2_RNA,-0.1356591284275055
CXCL2_RNA,-0.1356952041387558
PSMD5_RNA,-0.13570936024188995
NAALAD2_RNA,-0.13575489819049835
UNC45A_RNA,-0.13583247363567352
HOMER1_RNA,-0.13589981198310852
STOM_RNA,-0.13595831394195557
TRIM24_RNA,-0.13605502247810364
SCAND3_RNA,-0.13611117005348206
LRRC61_RNA,-0.13617520034313202
APOBEC3B_RNA,-0.13636434078216553
KBTBD2_RNA,-0.13647307455539703
CYCS_RNA,-0.13653045892715454
ZIC1_RNA,-0.13657349348068237
PNOC_RNA,-0.13665436208248138
EPHX2_RNA,-0.1367093324661255
ANKRD45_RNA,-0.1367439329624176
DNALI1_RNA,-0.13677054643630981
C7orf50_RNA,-0.13693863153457642
PITPNA_RNA,-0.13705383241176605
GPR12_RNA,-0.13728785514831543
JAKMIP2_RNA,-0.137342631816864
GAS2L3_RNA,-0.13734716176986694
ZFAND2A_RNA,-0.13739436864852905
NTNG1_RNA,-0.1374475508928299
POMT2_RNA,-0.13746565580368042
PPM1J_RNA,-0.1374722570180893
PPP1R13L_RNA,-0.1375497579574585
SULT2B1_RNA,-0.13756166398525238
E2F8_RNA,-0.1376495063304901
ZNF442_RNA,-0.13772787153720856
CPSF4_RNA,-0.13781192898750305
ZNF680_RNA,-0.1379484385251999
SLC7A10_RNA,-0.1379925161600113
ACSBG1_RNA,-0.13826939463615417
RFC2_RNA,-0.13830001652240753
C4orf19_RNA,-0.13831718266010284
ZNF470_RNA,-0.13842326402664185
CAMK2N2_RNA,-0.13843299448490143
ABCC3_RNA,-0.1384519785642624
NSD1_RNA,-0.13848726451396942
SPON2_RNA,-0.13851109147071838
LGALS1_RNA,-0.1385401338338852
MIPEP_RNA,-0.13858269155025482
COL25A1_RNA,-0.13863089680671692
COPZ2_RNA,-0.1387474238872528
SMYD1_RNA,-0.13892227411270142
ARNT2_RNA,-0.1389281004667282
RUFY1_RNA,-0.13899412751197815
DTHD1_RNA,-0.13914360105991364
ENPEP_RNA,-0.13918611407279968
VILL_RNA,-0.1393522471189499
FOXL1_RNA,-0.13936609029769897
GADD45A_RNA,-0.13951648771762848
STEAP1_RNA,-0.13952331244945526
SLC35F2_RNA,-0.13966381549835205
HDAC7_RNA,-0.1396726816892624
PTPN9_RNA,-0.13969343900680542
RASSF7_RNA,-0.13988731801509857
PTPN21_RNA,-0.14019089937210083
NEK8_RNA,-0.14027442038059235
GPI_RNA,-0.1402762085199356
PNP_RNA,-0.14031459391117096
PHACTR2_RNA,-0.14053350687026978
HTRA3_RNA,-0.14055629074573517
PRMT8_RNA,-0.14060650765895844
ATIC_RNA,-0.1406475305557251
CASP4_RNA,-0.14065882563591003
EPDR1_RNA,-0.14066869020462036
FES_RNA,-0.14078766107559204
RNF157_RNA,-0.14080041646957397
PDIA4_RNA,-0.1410045623779297
MIR155HG_RNA,-0.14101606607437134
FIGN_RNA,-0.14110346138477325
MYO10_RNA,-0.14113369584083557
PHF19_RNA,-0.1411743015050888
ITPRIP_RNA,-0.14122270047664642
ABCB8_RNA,-0.1413133144378662
PDS5B_RNA,-0.1414813995361328
GAS8_RNA,-0.14148646593093872
C19orf44_RNA,-0.14174342155456543
SEC14L1_RNA,-0.1417657434940338
SNHG11_RNA,-0.14187228679656982
POU3F3_RNA,-0.14188922941684723
ERMAP_RNA,-0.14193835854530334
NUDT16_RNA,-0.1420440375804901
CXXC5_RNA,-0.14217238128185272
SLC25A24_RNA,-0.14217472076416016
POLE2_RNA,-0.14220598340034485
ARSG_RNA,-0.14236164093017578
PEX11G_RNA,-0.14242936670780182
RAB31_RNA,-0.14248600602149963
RBM43_RNA,-0.14252428710460663
MRO_RNA,-0.14255397021770477
DCAF4_RNA,-0.14261890947818756
CALM1_RNA,-0.14264273643493652
GYG2_RNA,-0.14268776774406433
GUSB_RNA,-0.14277562499046326
SOCS1_RNA,-0.14278531074523926
MPZL3_RNA,-0.14285190403461456
MEPE_RNA,-0.14288480579853058
CHST10_RNA,-0.14291581511497498
TACC3_RNA,-0.14309078454971313
C1QTNF2_RNA,-0.14315645396709442
PIR_RNA,-0.14326639473438263
BAG5_RNA,-0.14332517981529236
HPX_RNA,-0.14332877099514008
DBI_RNA,-0.14339229464530945
UEVLD_RNA,-0.1435505896806717
LPIN3_RNA,-0.14383001625537872
UACA_RNA,-0.1438332051038742
NEK5_RNA,-0.14391812682151794
WNT10A_RNA,-0.14392970502376556
OLFM1_RNA,-0.14399492740631104
RASSF2_RNA,-0.14405672252178192
FAS_RNA,-0.14423026144504547
S100A10_RNA,-0.1442592740058899
LTF_RNA,-0.14427074790000916
MICAL2_RNA,-0.14427141845226288
SERPINB6_RNA,-0.14431552588939667
BAZ1B_RNA,-0.14434601366519928
ONECUT1_RNA,-0.1443527191877365
PGPEP1_RNA,-0.14445647597312927
KCNJ4_RNA,-0.1445743441581726
CYP4V2_RNA,-0.14496976137161255
CSRP1_RNA,-0.1450694352388382
TBR1_RNA,-0.14526543021202087
TIMELESS_RNA,-0.14530953764915466
CASP1_RNA,-0.1453278511762619
TULP1_RNA,-0.14533086121082306
POFUT1_RNA,-0.14533796906471252
KCNS1_RNA,-0.14548254013061523
WWC2_RNA,-0.14549946784973145
TCTN1_RNA,-0.14587244391441345
ENKUR_RNA,-0.14602214097976685
POSTN_RNA,-0.1460263580083847
COL4A2_RNA,-0.14609643816947937
MCTP1_RNA,-0.14622555673122406
MYOM1_RNA,-0.1463116705417633
GNA12_RNA,-0.14634941518306732
UHRF1_RNA,-0.14635667204856873
CKB_RNA,-0.1463676542043686
RRBP1_RNA,-0.14663566648960114
RALBP1_RNA,-0.14686472713947296
EGR1_RNA,-0.1469508707523346
CHRNA6_RNA,-0.1471143662929535
AGR3_RNA,-0.14717550575733185
APOBEC3C_RNA,-0.14744263887405396
FBXO41_RNA,-0.1475747674703598
WDR93_RNA,-0.14774344861507416
ZDHHC1_RNA,-0.14776813983917236
SERPINE1_RNA,-0.14781680703163147
MYADM_RNA,-0.14790868759155273
LRRC56_RNA,-0.14827944338321686
LIF_RNA,-0.1483529955148697
CPEB2_RNA,-0.14842064678668976
ZIK1_RNA,-0.14857955276966095
ZNF835_RNA,-0.14865222573280334
MAMDC2_RNA,-0.14880241453647614
LOX_RNA,-0.14884495735168457
CCDC146_RNA,-0.14892522990703583
PLEKHA4_RNA,-0.14896486699581146
BCAS4_RNA,-0.14904122054576874
DPY19L3_RNA,-0.1491173356771469
CD274_RNA,-0.1491694301366806
HOMER2_RNA,-0.14917071163654327
CALD1_RNA,-0.1491946130990982
OSBPL6_RNA,-0.14922021329402924
RADIL_RNA,-0.1492346078157425
ENTPD8_RNA,-0.1493247002363205
HERC5_RNA,-0.14933201670646667
MAP3K6_RNA,-0.14984554052352905
EGF_RNA,-0.1499897986650467
ZDHHC12_RNA,-0.1499921679496765
NPTXR_RNA,-0.15005680918693542
RHPN1_RNA,-0.15025003254413605
SUMF2_RNA,-0.150278240442276
SLC22A5_RNA,-0.15031850337982178
CABP4_RNA,-0.15031898021697998
SP100_RNA,-0.15034955739974976
RASL12_RNA,-0.15079353749752045
ENTPD2_RNA,-0.15082965791225433
JPH1_RNA,-0.15138225257396698
TRIM4_RNA,-0.15140342712402344
ZNF134_RNA,-0.15145671367645264
ACTR3C_RNA,-0.15153391659259796
TEKT3_RNA,-0.1515590101480484
QTRT1_RNA,-0.15162520110607147
ALPK1_RNA,-0.15181158483028412
MGST2_RNA,-0.15183140337467194
SLC27A3_RNA,-0.15187133848667145
LDLR_RNA,-0.1519375443458557
CTH_RNA,-0.15198767185211182
PPL_RNA,-0.15198786556720734
COL22A1_RNA,-0.15206928551197052
CAMK1G_RNA,-0.15210233628749847
AQP6_RNA,-0.15211418271064758
HSD17B8_RNA,-0.1522390991449356
CHAF1B_RNA,-0.15236471593379974
TRANK1_RNA,-0.15238408744335175
SRI_RNA,-0.15241315960884094
FRMPD4_RNA,-0.15245376527309418
CD101_RNA,-0.15256844460964203
TGIF1_RNA,-0.15258994698524475
RILP_RNA,-0.15266461670398712
NWD1_RNA,-0.15274235606193542
CHAC1_RNA,-0.15277063846588135
RPH3A_RNA,-0.15285538136959076
WDR91_RNA,-0.15295283496379852
ZNF334_RNA,-0.15296298265457153
FEM1C_RNA,-0.1531061977148056
GPR75_RNA,-0.1531444936990738
LPL_RNA,-0.15318205952644348
CCDC122_RNA,-0.15348201990127563
PDCD1LG2_RNA,-0.15370111167430878
PPCS_RNA,-0.15370896458625793
IGDCC4_RNA,-0.1537202149629593
ADPRH_RNA,-0.15389299392700195
DOK7_RNA,-0.15390142798423767
EPHA4_RNA,-0.15392521023750305
FKBP10_RNA,-0.15395554900169373
CPVL_RNA,-0.15395627915859222
PCSK4_RNA,-0.1539570540189743
FDXR_RNA,-0.15415167808532715
KLF17_RNA,-0.1541701704263687
COL8A1_RNA,-0.15430116653442383
TTPA_RNA,-0.1544342339038849
STMN3_RNA,-0.1545732617378235
NRN1_RNA,-0.15459363162517548
YDJC_RNA,-0.15466371178627014
MYO1E_RNA,-0.1547367125749588
ICAM1_RNA,-0.15474142134189606
FZD3_RNA,-0.1547456979751587
SORBS2_RNA,-0.15480194985866547
GATAD1_RNA,-0.15489669144153595
FOSL1_RNA,-0.15501630306243896
TP53_RNA,-0.15503855049610138
TLCD1_RNA,-0.15505842864513397
ZNF776_RNA,-0.15506619215011597
HTRA1_RNA,-0.15543627738952637
GINS2_RNA,-0.1557260900735855
PGAP2_RNA,-0.15588824450969696
GAMT_RNA,-0.1558970808982849
GJD3_RNA,-0.15595030784606934
BST2_RNA,-0.1559775173664093
PAQR9_RNA,-0.1559927761554718
IFITM3_RNA,-0.156126469373703
CANX_RNA,-0.1563916951417923
VEGFA_RNA,-0.1564098596572876
SLC7A11_RNA,-0.15662933886051178
EYA4_RNA,-0.15675784647464752
SPPL2B_RNA,-0.15680861473083496
TRIP10_RNA,-0.1570444107055664
PKIB_RNA,-0.15718571841716766
RHOD_RNA,-0.1573156863451004
SYNC_RNA,-0.15738442540168762
MPV17L_RNA,-0.15738582611083984
SLC25A43_RNA,-0.15740641951560974
GALC_RNA,-0.1574145257472992
DGKZ_RNA,-0.1575492024421692
SOHLH2_RNA,-0.1576409935951233
ADAMTS1_RNA,-0.15764635801315308
ZNF558_RNA,-0.1577102392911911
SLC27A5_RNA,-0.1577550321817398
MYCBPAP_RNA,-0.15780109167099
LAMB2_RNA,-0.15795236825942993
SYDE2_RNA,-0.15801094472408295
KIAA0040_RNA,-0.1580381989479065
COL4A1_RNA,-0.1581011563539505
PNMA2_RNA,-0.15810462832450867
BICD1_RNA,-0.15825200080871582
RBAK_RNA,-0.15825696289539337
CSPG4_RNA,-0.15829552710056305
NAPB_RNA,-0.15844586491584778
PSORS1C1_RNA,-0.1585126668214798
SALL1_RNA,-0.158532053232193
SCG5_RNA,-0.1585703343153
AHNAK2_RNA,-0.15871015191078186
BDNF_RNA,-0.15871360898017883
TCF19_RNA,-0.158909872174263
TMED4_RNA,-0.15909254550933838
AEN_RNA,-0.15919837355613708
NTSR2_RNA,-0.15924690663814545
CRB2_RNA,-0.15930232405662537
ENC1_RNA,-0.15934623777866364
COL9A3_RNA,-0.15939617156982422
MARVELD3_RNA,-0.15945501625537872
AR_RNA,-0.1595432460308075
RNF135_RNA,-0.1596122682094574
FZD1_RNA,-0.15993814170360565
SCG2_RNA,-0.15998756885528564
NTRK3_RNA,-0.16033458709716797
MASP1_RNA,-0.1604025512933731
SNX31_RNA,-0.16059598326683044
MGC12916_RNA,-0.16087649762630463
CLDN4_RNA,-0.1609613597393036
NRCAM_RNA,-0.16098906099796295
SCN4A_RNA,-0.16116498410701752
GSG1L_RNA,-0.16133683919906616
SNX21_RNA,-0.16146191954612732
KIF21A_RNA,-0.16149529814720154
UBXN10_RNA,-0.16170881688594818
TBX2_RNA,-0.16175299882888794
SP8_RNA,-0.1618364304304123
GPR37_RNA,-0.1619740128517151
PREX2_RNA,-0.1621260792016983
FAM20C_RNA,-0.16214242577552795
MMP28_RNA,-0.16222107410430908
DAG1_RNA,-0.16225403547286987
CALML6_RNA,-0.16238778829574585
STEAP2_RNA,-0.16239815950393677
GLI1_RNA,-0.16252824664115906
SYT12_RNA,-0.16261310875415802
C16orf74_RNA,-0.16269643604755402
ZNF600_RNA,-0.1627654731273651
ANGPT2_RNA,-0.16279414296150208
KITLG_RNA,-0.16296693682670593
ACOX2_RNA,-0.1632203608751297
ARHGAP29_RNA,-0.16340018808841705
CRISPLD1_RNA,-0.16343477368354797
IGFL4_RNA,-0.163577139377594
HOXB4_RNA,-0.16361644864082336
KCTD14_RNA,-0.16374444961547852
SLC4A4_RNA,-0.16410234570503235
GSTM5_RNA,-0.16421210765838623
SLC22A18_RNA,-0.1642831265926361
DBH_RNA,-0.1643267124891281
NAP1L4_RNA,-0.1643587201833725
RGS7_RNA,-0.1643807590007782
APOBEC3F_RNA,-0.1644687056541443
EDNRB_RNA,-0.16448034346103668
C6orf118_RNA,-0.16471250355243683
PDE4A_RNA,-0.16486181318759918
ABHD11_RNA,-0.1649097204208374
GSTK1_RNA,-0.1651110053062439
TNC_RNA,-0.16515426337718964
SMYD2_RNA,-0.165274515748024
CCNE1_RNA,-0.16565170884132385
KLHDC8A_RNA,-0.1656617522239685
DGKG_RNA,-0.16583429276943207
SPATS2L_RNA,-0.16614210605621338
CXCR4_RNA,-0.16620789468288422
ZNF837_RNA,-0.16632160544395447
KCNIP1_RNA,-0.16649727523326874
CA5B_RNA,-0.16656552255153656
SEMA6D_RNA,-0.1666000634431839
PARVB_RNA,-0.1666511744260788
BCAM_RNA,-0.16671380400657654
C6orf141_RNA,-0.1667228788137436
IQCE_RNA,-0.1667756736278534
EHD2_RNA,-0.16701741516590118
SP5_RNA,-0.16713766753673553
MYBPC1_RNA,-0.16721655428409576
FBXO3_RNA,-0.16724015772342682
CHPT1_RNA,-0.16755546629428864
ARHGAP18_RNA,-0.1677887886762619
MMACHC_RNA,-0.16796284914016724
CARD16_RNA,-0.16810274124145508
AHCYL2_RNA,-0.16816723346710205
TMTC2_RNA,-0.16819745302200317
TLK1_RNA,-0.16835737228393555
CLCNKB_RNA,-0.1684730052947998
CA11_RNA,-0.16876350343227386
SCGB1D2_RNA,-0.1689026802778244
PLEKHF1_RNA,-0.16910697519779205
CCDC34_RNA,-0.16921336948871613
SLC26A4_RNA,-0.1692604273557663
ADAMTS18_RNA,-0.16954784095287323
RGS22_RNA,-0.1696186661720276
ANKRD29_RNA,-0.1698402315378189
MID1_RNA,-0.1700514703989029
DNAJA4_RNA,-0.1700558364391327
OTX1_RNA,-0.1707170009613037
SFRP4_RNA,-0.17080523073673248
WNT16_RNA,-0.17086902260780334
CNPY4_RNA,-0.17099620401859283
GDF15_RNA,-0.1711496263742447
SMO_RNA,-0.17118008434772491
TMEM67_RNA,-0.1712707281112671
FMOD_RNA,-0.17128214240074158
MEIS1_RNA,-0.1715126782655716
PAH_RNA,-0.17167265713214874
TRAF5_RNA,-0.17172037065029144
CYSLTR2_RNA,-0.1717430055141449
KISS1R_RNA,-0.17177650332450867
CLDN1_RNA,-0.17186059057712555
RIC3_RNA,-0.17186486721038818
GPR37L1_RNA,-0.17193570733070374
TEAD1_RNA,-0.17231129109859467
NME5_RNA,-0.17236313223838806
HIVEP3_RNA,-0.17248275876045227
FSIP1_RNA,-0.17248304188251495
TMEM229A_RNA,-0.17255744338035583
MAPK4_RNA,-0.17257414758205414
SPRED1_RNA,-0.1725868433713913
ART3_RNA,-0.17281189560890198
CADPS2_RNA,-0.17309437692165375
RAG1_RNA,-0.17320778965950012
PLCG1_RNA,-0.17329727113246918
BMPR1B_RNA,-0.1735350787639618
TMEM209_RNA,-0.17379075288772583
ABCA5_RNA,-0.1739434450864792
CA7_RNA,-0.17394429445266724
DPYD_RNA,-0.1739526093006134
SDC2_RNA,-0.1740535944700241
RREB1_RNA,-0.17437365651130676
MYL12A_RNA,-0.17439037561416626
KIF16B_RNA,-0.17441099882125854
MMP2_RNA,-0.17469456791877747
HRH1_RNA,-0.17479874193668365
ITGA6_RNA,-0.17481356859207153
CADM1_RNA,-0.17498527467250824
LYPD6_RNA,-0.1752275675535202
SLC16A11_RNA,-0.17526988685131073
TAT_RNA,-0.1753564327955246
DIRAS3_RNA,-0.17591790854930878
IL20RA_RNA,-0.1760513186454773
ANGPT1_RNA,-0.17615962028503418
TMEM80_RNA,-0.1764092892408371
ELP4_RNA,-0.17667652666568756
CEBPD_RNA,-0.17672036588191986
FXYD1_RNA,-0.17696219682693481
DDAH1_RNA,-0.177143856883049
TNXB_RNA,-0.17732001841068268
KLF15_RNA,-0.1777157485485077
TGIF2_RNA,-0.1779092252254486
SATB2_RNA,-0.17801429331302643
KCNU1_RNA,-0.17801429331302643
PSD2_RNA,-0.17802295088768005
ANKMY2_RNA,-0.17833858728408813
TMEM231_RNA,-0.1783502697944641
FUT8_RNA,-0.17889408767223358
NIPAL3_RNA,-0.1793132871389389
CD109_RNA,-0.17932450771331787
OCIAD2_RNA,-0.17938274145126343
OSBPL1A_RNA,-0.1794176697731018
CAMK2D_RNA,-0.17948216199874878
SFTA2_RNA,-0.17979241907596588
IRS2_RNA,-0.1798582822084427
F11R_RNA,-0.1802758127450943
DBNDD1_RNA,-0.18058918416500092
IQUB_RNA,-0.1806444227695465
LRP1_RNA,-0.1809731274843216
ABHD8_RNA,-0.18108361959457397
LDHA_RNA,-0.18130220472812653
LAMC1_RNA,-0.181474506855011
CBLN3_RNA,-0.18165017664432526
DRAM1_RNA,-0.18177273869514465
ZMAT3_RNA,-0.1817816197872162
TIFA_RNA,-0.1822075992822647
RHPN2_RNA,-0.18299107253551483
RASGRP1_RNA,-0.1830197274684906
ZNF12_RNA,-0.1831105500459671
PYGL_RNA,-0.18316961824893951
DTNA_RNA,-0.18334224820137024
KL_RNA,-0.18356138467788696
GALM_RNA,-0.18366888165473938
ZYX_RNA,-0.1837058812379837
CSRP2_RNA,-0.1837300956249237
CCDC125_RNA,-0.1841234266757965
ACBD7_RNA,-0.18413397669792175
DPP4_RNA,-0.18442614376544952
PDLIM3_RNA,-0.18459413945674896
PLAT_RNA,-0.18474936485290527
SSBP2_RNA,-0.1848595142364502
NEK6_RNA,-0.184883713722229
PCMTD2_RNA,-0.1851990520954132
AMIGO2_RNA,-0.1852201372385025
NEIL1_RNA,-0.18549853563308716
NOXA1_RNA,-0.18582522869110107
SERPING1_RNA,-0.1861492395401001
IQGAP1_RNA,-0.18620546162128448
DKK3_RNA,-0.18639077246189117
MYD88_RNA,-0.1864243894815445
NLGN3_RNA,-0.18685458600521088
RHBDF1_RNA,-0.18726761639118195
FOXJ1_RNA,-0.18738164007663727
VAMP5_RNA,-0.18742085993289948
CYP27A1_RNA,-0.1875326931476593
KLHL29_RNA,-0.18776138126850128
PTGS1_RNA,-0.18827880918979645
BANK1_RNA,-0.18861082196235657
SYPL1_RNA,-0.1889074742794037
KANK2_RNA,-0.1891057789325714
DCHS2_RNA,-0.18930265307426453
LZTS1_RNA,-0.1895967721939087
NAMPT_RNA,-0.18959736824035645
MRC2_RNA,-0.18967030942440033
PDZD2_RNA,-0.18976183235645294
SIX5_RNA,-0.1898534595966339
HOPX_RNA,-0.18991485238075256
RCAN1_RNA,-0.19000253081321716
PLSCR4_RNA,-0.19045540690422058
SEZ6_RNA,-0.19053810834884644
NELL2_RNA,-0.1907244473695755
DNAH11_RNA,-0.1907365620136261
RLBP1_RNA,-0.19093197584152222
SEC61G_RNA,-0.19100011885166168
COL16A1_RNA,-0.19139854609966278
GNG7_RNA,-0.19140812754631042
STK17A_RNA,-0.19141264259815216
TMEM158_RNA,-0.19144301116466522
PTGFRN_RNA,-0.19146499037742615
KIAA1614_RNA,-0.1915523260831833
TRIM6_RNA,-0.19155855476856232
ZNF860_RNA,-0.19167983531951904
CDKN1A_RNA,-0.1920686662197113
STARD4_RNA,-0.1921381950378418
PNPLA3_RNA,-0.19242654740810394
CCDC102A_RNA,-0.19243700802326202
BMP7_RNA,-0.19277845323085785
PHLDA3_RNA,-0.19278407096862793
HPD_RNA,-0.19291801750659943
TLCD2_RNA,-0.19294941425323486
DUSP5_RNA,-0.1932036578655243
KCTD12_RNA,-0.19333268702030182
GLI3_RNA,-0.19344927370548248
SLC47A1_RNA,-0.19350387156009674
BIRC3_RNA,-0.19351349771022797
RASGRP2_RNA,-0.1937769651412964
OTP_RNA,-0.193917378783226
SOCS2_RNA,-0.19400815665721893
TFRC_RNA,-0.19454945623874664
PPP1R1C_RNA,-0.19480650126934052
PHF11_RNA,-0.19508910179138184
ZFP92_RNA,-0.19509360194206238
DDB2_RNA,-0.1954711228609085
TUBA1C_RNA,-0.19571462273597717
NEO1_RNA,-0.19587884843349457
OLFM4_RNA,-0.19595561921596527
NKX2-5_RNA,-0.19667880237102509
SLC6A11_RNA,-0.19683381915092468
LPIN2_RNA,-0.19690750539302826
MPP7_RNA,-0.1969430148601532
LGR6_RNA,-0.19743427634239197
ARSI_RNA,-0.19744005799293518
S100A16_RNA,-0.19764527678489685
LRRN3_RNA,-0.19775448739528656
PIK3C2A_RNA,-0.19782303273677826
CMBL_RNA,-0.1981026828289032
GAS1_RNA,-0.19832885265350342
ZMYND12_RNA,-0.19882453978061676
SPTBN4_RNA,-0.19929088652133942
OLFM2_RNA,-0.1993119865655899
CREB3L1_RNA,-0.19935207068920135
LMO2_RNA,-0.1993560940027237
EMX2_RNA,-0.19942645728588104
C6orf15_RNA,-0.19956567883491516
CASP3_RNA,-0.20004618167877197
NDP_RNA,-0.2002113312482834
EMX2OS_RNA,-0.2003881186246872
PRR7_RNA,-0.2004731148481369
PLSCR1_RNA,-0.20053543150424957
NEDD9_RNA,-0.20060965418815613
TNFRSF12A_RNA,-0.2006295770406723
LGI4_RNA,-0.2008993774652481
RDH5_RNA,-0.2009420096874237
PXMP4_RNA,-0.2009871006011963
AGBL2_RNA,-0.2015211433172226
SLC2A4RG_RNA,-0.20153029263019562
CACNG6_RNA,-0.20164510607719421
SPATA13_RNA,-0.20183342695236206
INTU_RNA,-0.2018774300813675
CXCL14_RNA,-0.20196712017059326
COL5A3_RNA,-0.2020149677991867
HPCA_RNA,-0.20203855633735657
CLYBL_RNA,-0.2026824653148651
FOXO1_RNA,-0.20271338522434235
FOXG1_RNA,-0.20280000567436218
PER1_RNA,-0.2028072327375412
CPNE8_RNA,-0.2030218094587326
OLFML2A_RNA,-0.20318950712680817
SKAP2_RNA,-0.203192800283432
ZAR1_RNA,-0.20325057208538055
CDKN2C_RNA,-0.20366422832012177
ARL4A_RNA,-0.20382565259933472
MECOM_RNA,-0.20460690557956696
OAS3_RNA,-0.2046097368001938
DUSP4_RNA,-0.204707533121109
ARL9_RNA,-0.2048938125371933
RASA3_RNA,-0.20507988333702087
LOXL1_RNA,-0.20517688989639282
PON2_RNA,-0.2052234262228012
PCDH8_RNA,-0.20523418486118317
FCHSD1_RNA,-0.20524421334266663
ETV7_RNA,-0.20549774169921875
DOC2A_RNA,-0.2055037021636963
ACHE_RNA,-0.20555539429187775
EFNB2_RNA,-0.20613300800323486
SLC25A20_RNA,-0.20636777579784393
POU3F2_RNA,-0.20639702677726746
C20orf96_RNA,-0.2068399041891098
CA12_RNA,-0.20701920986175537
GRPEL2_RNA,-0.20716413855552673
HABP2_RNA,-0.2071806788444519
XK_RNA,-0.20730462670326233
KNDC1_RNA,-0.20736543834209442
TM6SF2_RNA,-0.20759917795658112
TRIM56_RNA,-0.2076455056667328
NT5E_RNA,-0.20801731944084167
B3GNT9_RNA,-0.20802642405033112
RFX2_RNA,-0.20809583365917206
ULBP3_RNA,-0.2083578109741211
ATP2B1_RNA,-0.20837664604187012
RARRES2_RNA,-0.2087285816669464
MCC_RNA,-0.20916825532913208
PRDM5_RNA,-0.20963995158672333
AGPAT2_RNA,-0.21026566624641418
SLC12A7_RNA,-0.21031734347343445
WWTR1_RNA,-0.2103932946920395
TMEM47_RNA,-0.210688516497612
RGS20_RNA,-0.2114165872335434
PRKAR1B_RNA,-0.21181493997573853
NUP210_RNA,-0.2120707631111145
EMILIN3_RNA,-0.2127021849155426
ACACB_RNA,-0.2130030393600464
NPNT_RNA,-0.2130855917930603
MDH1B_RNA,-0.21316087245941162
KCNF1_RNA,-0.2131652981042862
FAM110C_RNA,-0.213340163230896
ADM_RNA,-0.21342803537845612
EGFR_RNA,-0.2134661078453064
RBPMS2_RNA,-0.21421083807945251
NOS2_RNA,-0.21427644789218903
ITPRIPL1_RNA,-0.21445032954216003
LMO3_RNA,-0.21447332203388214
TGFB2_RNA,-0.21490466594696045
MICA_RNA,-0.2152550220489502
HEATR4_RNA,-0.21545982360839844
GREB1_RNA,-0.21563681960105896
EID3_RNA,-0.2159440815448761
IMPA2_RNA,-0.21596886217594147
NOX4_RNA,-0.21604005992412567
HHAT_RNA,-0.21610721945762634
SEL1L3_RNA,-0.21640180051326752
ADRB1_RNA,-0.2165365368127823
ECHDC2_RNA,-0.21698614954948425
PDLIM4_RNA,-0.21699997782707214
B3GNT5_RNA,-0.21703596413135529
LAMA2_RNA,-0.21718497574329376
MED12L_RNA,-0.2172614485025406
TMEM220_RNA,-0.21773922443389893
PARVA_RNA,-0.21829569339752197
FKBP5_RNA,-0.21859489381313324
PLCE1_RNA,-0.2187538743019104
GLI2_RNA,-0.2188737392425537
GSDMD_RNA,-0.21912291646003723
PCDH19_RNA,-0.2193850725889206
NFATC4_RNA,-0.2195158749818802
SLC38A3_RNA,-0.21963085234165192
TNFAIP2_RNA,-0.2202296257019043
XAF1_RNA,-0.22024373710155487
BHLHE40_RNA,-0.22032420337200165
CBR1_RNA,-0.22033773362636566
TFCP2L1_RNA,-0.22059473395347595
SPATA6_RNA,-0.22077900171279907
CAMK4_RNA,-0.22085444629192352
ACAA2_RNA,-0.22093906998634338
RCAN3_RNA,-0.2209961861371994
PTX3_RNA,-0.221028134226799
PRICKLE3_RNA,-0.22128842771053314
PRODH_RNA,-0.22132182121276855
EFHC2_RNA,-0.2214692384004593
CDK14_RNA,-0.22163373231887817
NPAS3_RNA,-0.22252163290977478
PPP1R3D_RNA,-0.22257228195667267
STK33_RNA,-0.22316500544548035
TWSG1_RNA,-0.22331924736499786
EPHA2_RNA,-0.22395503520965576
SALL4_RNA,-0.2241630256175995
AFAP1L1_RNA,-0.22445262968540192
GPC5_RNA,-0.2246466875076294
EMID1_RNA,-0.22509893774986267
ESRRG_RNA,-0.2252267450094223
SDC3_RNA,-0.22588270902633667
DIRAS1_RNA,-0.2259015291929245
PIRT_RNA,-0.22594095766544342
WIPF3_RNA,-0.2263399362564087
MICALL2_RNA,-0.22647525370121002
USP53_RNA,-0.2269253134727478
COBL_RNA,-0.22698034346103668
HVCN1_RNA,-0.22707778215408325
ADAM12_RNA,-0.2280549556016922
NPY2R_RNA,-0.2281932830810547
NES_RNA,-0.2282937616109848
WASF3_RNA,-0.22841818630695343
FBLN7_RNA,-0.2291945368051529
ZNF217_RNA,-0.22920459508895874
HOXA1_RNA,-0.22960810363292694
RNF180_RNA,-0.22962167859077454
RASEF_RNA,-0.22963593900203705
PLEKHA7_RNA,-0.22971601784229279
ADAMTS3_RNA,-0.23010054230690002
EDA2R_RNA,-0.23060978949069977
SGMS2_RNA,-0.23108629882335663
DOCK6_RNA,-0.23139460384845734
TRIB2_RNA,-0.2314022183418274
SLC6A9_RNA,-0.23161019384860992
SLC27A1_RNA,-0.23178809881210327
CHST7_RNA,-0.23206345736980438
ADAM33_RNA,-0.23248235881328583
MT3_RNA,-0.23259249329566956
ADRA1D_RNA,-0.2327602207660675
GOLGA7B_RNA,-0.23353207111358643
CA2_RNA,-0.23377396166324615
ALK_RNA,-0.23438520729541779
RFX4_RNA,-0.2351476401090622
TTC12_RNA,-0.23520886898040771
PPP1R3G_RNA,-0.2355230748653412
ATP1B2_RNA,-0.23568838834762573
PCDHB1_RNA,-0.23582464456558228
YAP1_RNA,-0.23636068403720856
HNF4G_RNA,-0.23655563592910767
ITGA7_RNA,-0.23680461943149567
CLDN12_RNA,-0.23698966205120087
C2orf72_RNA,-0.23712916672229767
STAC_RNA,-0.23725037276744843
FZD7_RNA,-0.23729224503040314
VWA3B_RNA,-0.23762062191963196
SHROOM1_RNA,-0.23766353726387024
EPS8L2_RNA,-0.2376675307750702
CREB5_RNA,-0.2386903166770935
TNFRSF11B_RNA,-0.23926100134849548
SARDH_RNA,-0.23977677524089813
PAMR1_RNA,-0.24015015363693237
FSTL1_RNA,-0.24019555747509003
SOX9_RNA,-0.24051061272621155
MT1E_RNA,-0.24056383967399597
MARVELD1_RNA,-0.24061770737171173
PTPN14_RNA,-0.24096883833408356
GJA1_RNA,-0.2413547933101654
ATP13A4_RNA,-0.24173155426979065
LRAT_RNA,-0.24174794554710388
BDH1_RNA,-0.2419966459274292
C1QTNF1_RNA,-0.2423194795846939
OPLAH_RNA,-0.24343682825565338
FREM2_RNA,-0.243597611784935
LRRC43_RNA,-0.24448858201503754
COL28A1_RNA,-0.24455152451992035
TRIM5_RNA,-0.24492605030536652
TLE1_RNA,-0.2455579787492752
PRPS2_RNA,-0.24572671949863434
PLS3_RNA,-0.245839461684227
SPRED2_RNA,-0.24596720933914185
WEE1_RNA,-0.24634215235710144
NSUN7_RNA,-0.24662098288536072
HSPB6_RNA,-0.24678635597229004
FAM181A_RNA,-0.24682539701461792
LGR4_RNA,-0.2475375384092331
FABP7_RNA,-0.24851085245609283
PHKG1_RNA,-0.24935343861579895
PABPC1L_RNA,-0.2496042102575302
TNFRSF19_RNA,-0.24982218444347382
KCNJ6_RNA,-0.24991264939308167
PTN_RNA,-0.25014346837997437
AQP4_RNA,-0.25083521008491516
CDH2_RNA,-0.25099027156829834
BCAT1_RNA,-0.25099894404411316
TIMP1_RNA,-0.25101232528686523
PSRC1_RNA,-0.25112542510032654
PRDM16_RNA,-0.2511386275291443
HEPACAM_RNA,-0.25140348076820374
RORB_RNA,-0.25178924202919006
ARC_RNA,-0.2522529661655426
PLP2_RNA,-0.25249359011650085
CTF1_RNA,-0.2530449628829956
CUL7_RNA,-0.25311756134033203
ZBTB42_RNA,-0.253447949886322
HES1_RNA,-0.2536119818687439
GRB10_RNA,-0.25370004773139954
DES_RNA,-0.25408416986465454
DPY19L1_RNA,-0.2545030117034912
DOK5_RNA,-0.25503864884376526
LRRC34_RNA,-0.25547635555267334
FBXO39_RNA,-0.255816251039505
ACSF2_RNA,-0.25626862049102783
IER5_RNA,-0.25681495666503906
TRIP4_RNA,-0.2569826543331146
HS3ST3B1_RNA,-0.25740453600883484
DRG2_RNA,-0.2575314939022064
TMEM154_RNA,-0.25783321261405945
IL17RB_RNA,-0.25839072465896606
DPP6_RNA,-0.2589660584926605
RBM20_RNA,-0.26033180952072144
SNTA1_RNA,-0.2605399787425995
WSCD1_RNA,-0.2612406015396118
PNPLA4_RNA,-0.26143476366996765
GATM_RNA,-0.26168346405029297
PTPRZ1_RNA,-0.26226580142974854
PLCH1_RNA,-0.2624073028564453
HOXB3_RNA,-0.2635057270526886
SHROOM2_RNA,-0.2635653018951416
PCDH9_RNA,-0.26387351751327515
KATNAL2_RNA,-0.2643469274044037
PMEPA1_RNA,-0.2650476396083832
RAB3D_RNA,-0.2654736042022705
CLDN10_RNA,-0.26564887166023254
SHOX2_RNA,-0.26608434319496155
MT1F_RNA,-0.2663201093673706
INHBB_RNA,-0.2667841613292694
TMBIM1_RNA,-0.26706403493881226
ERBB2_RNA,-0.2671552002429962
SLC43A3_RNA,-0.26741787791252136
ARAP2_RNA,-0.26760920882225037
TMEM71_RNA,-0.26785552501678467
ARSF_RNA,-0.2689691185951233
ZDHHC23_RNA,-0.2690298855304718
SCRN1_RNA,-0.2697054445743561
LTBP1_RNA,-0.2698483467102051
OSBPL10_RNA,-0.27041923999786377
SSH3_RNA,-0.27052542567253113
CPNE4_RNA,-0.2707117795944214
CD151_RNA,-0.2711026668548584
MTTP_RNA,-0.2713792026042938
ADORA1_RNA,-0.274192750453949
TTYH3_RNA,-0.27446258068084717
EFNA5_RNA,-0.27480241656303406
MAP1LC3A_RNA,-0.2762483060359955
TEAD3_RNA,-0.27629953622817993
ACSL3_RNA,-0.2770553529262543
DYNLT3_RNA,-0.27770110964775085
OSBPL3_RNA,-0.2779376804828644
PACSIN3_RNA,-0.2782093584537506
DUSP6_RNA,-0.27853819727897644
GPR3_RNA,-0.27895021438598633
ANXA2_RNA,-0.2792969048023224
FABP5_RNA,-0.2797495722770691
CLIC1_RNA,-0.28033944964408875
KLHL26_RNA,-0.281466543674469
FAM50B_RNA,-0.28236138820648193
MPPED2_RNA,-0.2838304936885834
MMP14_RNA,-0.2843053340911865
F3_RNA,-0.2843843400478363
RHOJ_RNA,-0.2851351499557495
CHDH_RNA,-0.2852049767971039
MDFIC_RNA,-0.2855238616466522
MDK_RNA,-0.2858157455921173
ANKRD9_RNA,-0.2858797311782837
CHI3L1_RNA,-0.2860424518585205
RGS6_RNA,-0.28641843795776367
SLC4A3_RNA,-0.2865954339504242
TAGLN2_RNA,-0.2866470217704773
PAX6_RNA,-0.28700587153434753
AEBP1_RNA,-0.28704118728637695
BLM_RNA,-0.2872771620750427
B3GALT1_RNA,-0.2875356078147888
RYR3_RNA,-0.288104385137558
RGN_RNA,-0.28859472274780273
ANXA5_RNA,-0.28866907954216003
ETV4_RNA,-0.2890912592411041
RBP1_RNA,-0.28935807943344116
SWAP70_RNA,-0.2895266115665436
MLC1_RNA,-0.290280818939209
GPR157_RNA,-0.290653258562088
E2F7_RNA,-0.2907017171382904
PPARGC1A_RNA,-0.2927948534488678
GMPR_RNA,-0.2936208248138428
BBOX1_RNA,-0.2940880358219147
AQP5_RNA,-0.2941139042377472
MOXD1_RNA,-0.29481303691864014
CDH6_RNA,-0.29566556215286255
G0S2_RNA,-0.295696496963501
LATS2_RNA,-0.29590269923210144
KLHDC9_RNA,-0.29636216163635254
IL1RAP_RNA,-0.29636672139167786
FGFRL1_RNA,-0.2963913679122925
TERT_RNA,-0.29676276445388794
TSTD1_RNA,-0.2988903522491455
FGF1_RNA,-0.29914072155952454
MAOB_RNA,-0.29928117990493774
NMRAL1_RNA,-0.30034971237182617
KHNYN_RNA,-0.30065271258354187
DLC1_RNA,-0.30276280641555786
TMCO4_RNA,-0.30287855863571167
ALDH1L1_RNA,-0.303876668214798
CD58_RNA,-0.3043060302734375
SAMD9L_RNA,-0.30759137868881226
VASN_RNA,-0.3089976906776428
S100A13_RNA,-0.30971312522888184
MAP1LC3C_RNA,-0.3097258508205414
CGNL1_RNA,-0.3103012144565582
DPF3_RNA,-0.31046539545059204
DNAJC22_RNA,-0.31059181690216064
DDIT4L_RNA,-0.3117128014564514
ROR1_RNA,-0.311874657869339
RAB36_RNA,-0.31221121549606323
ITGA2_RNA,-0.312249094247818
CST3_RNA,-0.3125831186771393
NMNAT3_RNA,-0.31357088685035706
NR3C2_RNA,-0.31434914469718933
ANKRD35_RNA,-0.31474819779396057
CCDC8_RNA,-0.3153899610042572
ETV5_RNA,-0.31665393710136414
PCSK5_RNA,-0.31697943806648254
ADAM19_RNA,-0.3170132040977478
ZIC2_RNA,-0.31749051809310913
GPX8_RNA,-0.3192545473575592
IGFBP2_RNA,-0.3201509118080139
FGFR3_RNA,-0.32129743695259094
TRPM3_RNA,-0.32232189178466797
MEOX2_RNA,-0.32278645038604736
SLC1A2_RNA,-0.32346394658088684
FKBP9_RNA,-0.3236495852470398
SLC1A3_RNA,-0.32473599910736084
RIN1_RNA,-0.32537713646888733
LGALS3_RNA,-0.3269207775592804
MSN_RNA,-0.32761746644973755
CAMK2B_RNA,-0.32805266976356506
TNFAIP6_RNA,-0.3284764587879181
SDC4_RNA,-0.3294931948184967
HFE_RNA,-0.33036142587661743
P2RY1_RNA,-0.33210134506225586
EVC_RNA,-0.33385297656059265
DENND2A_RNA,-0.33392956852912903
PMP22_RNA,-0.33428454399108887
STEAP3_RNA,-0.3350415527820587
NR2E1_RNA,-0.3404276967048645
EPHB4_RNA,-0.34049418568611145
HDHD3_RNA,-0.3423256576061249
MAB21L1_RNA,-0.3425515294075012
MYO5C_RNA,-0.3458271026611328
SPRY1_RNA,-0.34802404046058655
LFNG_RNA,-0.3486707806587219
DMRTA2_RNA,-0.34882232546806335
ITGB8_RNA,-0.3489905893802643
PLEKHG1_RNA,-0.3497231602668762
DNAH9_RNA,-0.3516942858695984
ARSD_RNA,-0.3538525104522705
ARSJ_RNA,-0.35404476523399353
SPRY4_RNA,-0.3567781150341034
ACCS_RNA,-0.35756558179855347
MAST4_RNA,-0.3596824109554291
SPRY2_RNA,-0.3627811670303345
ZNF521_RNA,-0.3628052771091461
MT1M_RNA,-0.36282026767730713
XKR8_RNA,-0.3648435175418854
ARAP3_RNA,-0.3663049638271332
PDPN_RNA,-0.3687056005001068
GRIK1_RNA,-0.36969444155693054
EFEMP2_RNA,-0.37051841616630554
ZIC5_RNA,-0.3712978959083557
TOM1L1_RNA,-0.37603840231895447
CHL1_RNA,-0.3776325285434723
ANXA1_RNA,-0.38018572330474854
SH2D4A_RNA,-0.38280993700027466
TRIP6_RNA,-0.3830573558807373
ELOVL2_RNA,-0.3867185711860657
CDCA7L_RNA,-0.3923965096473694
CNGA3_RNA,-0.40277111530303955
CMYA5_RNA,-0.40409326553344727
EVC2_RNA,-0.4057944118976593
PDGFA_RNA,-0.4110180735588074
PIPOX_RNA,-0.4169789254665375
EMP3_RNA,-0.41922727227211
DBX2_RNA,-0.4240563213825226
LGI1_RNA,-0.4292283356189728
ALDH7A1_RNA,-0.44722577929496765
RAB34_RNA,-0.44954609870910645
SLC2A10_RNA,-0.459289014339447
PLA2G5_RNA,-0.4694766402244568
SHROOM3_RNA,-0.47216612100601196
CDH4_RNA,-0.4921332895755768
EYA2_RNA,-0.49937903881073
ACSS3_RNA,-0.55797576904296875
FBXO17_RNA,-0.5627902150154114
VAV3_RNA,-0.6127688884735107
