gene,score
SCARNA7_RNA,2.7555747032165527
SNORD17_RNA,2.5067803859710693
SCARNA5_RNA,2.45365834236145
SCARNA21_RNA,2.408381938934326
ZBTB20_RNA,2.1956515312194824
ZNF460_RNA,2.182321786880493
SNORA12_RNA,2.038630723953247
SNORA54_RNA,1.9264459609985352
SNORA49_RNA,1.7891992330551147
MALAT1_RNA,1.7838367223739624
SNORA5C_RNA,1.7039027214050293
SNORA74B_RNA,1.6487236022949219
KCNQ1OT1_RNA,1.5969101190567017
SNORA74A_RNA,1.555163025856018
SNORA47_RNA,1.5326874256134033
NBEAL1_RNA,1.4749102592468262
POU5F2_RNA,1.4418532848358154
SNORD15B_RNA,1.4191550016403198
TET1_RNA,1.3863308429718018
SNORD94_RNA,1.3714513778686523
SNORA53_RNA,1.342215657234192
PCDHGA8_RNA,1.3401212692260742
PLAC4_RNA,1.311647653579712
SNORA80B_RNA,1.3030598163604736
TMPPE_RNA,1.2575956583023071
ANKRD36B_RNA,1.2556605339050293
TTN_RNA,1.2366355657577515
PCA3_RNA,1.2313162088394165
SNORA7B_RNA,1.2079826593399048
ZNF221_RNA,1.1962864398956299
TAS2R3_RNA,1.1940581798553467
SNORA37_RNA,1.1750447750091553
CCDC7_RNA,1.1496564149856567
ZNF573_RNA,1.1120929718017578
FLJ42393_RNA,1.0866681337356567
KLHL11_RNA,1.085744857788086
MIR125B1_RNA,1.0805145502090454
MED12L_RNA,1.0714038610458374
ANGPTL3_RNA,1.063298225402832
SYCP3_RNA,1.061306357383728
SHPRH_RNA,1.0513232946395874
SNORA28_RNA,1.0320178270339966
PCDHB11_RNA,1.0216190814971924
SNORA38B_RNA,1.019083857536316
SNORA5A_RNA,1.0190430879592896
LRP1B_RNA,1.0170395374298096
FAT3_RNA,0.9993445873260498
RAPH1_RNA,0.9977511763572693
BTBD18_RNA,0.9892841577529907
ZNF124_RNA,0.9823108911514282
KCNJ13_RNA,0.979646623134613
SLC10A1_RNA,0.973858118057251
BIRC6_RNA,0.9715349078178406
NEAT1_RNA,0.9600731134414673
RNU6ATAC_RNA,0.9583459496498108
TAS2R50_RNA,0.9538867473602295
SNORA38_RNA,0.952769935131073
TREH_RNA,0.9464306235313416
LOC100131496_RNA,0.9435282945632935
ADAM32_RNA,0.938377857208252
DST_RNA,0.9371071457862854
MATR3_RNA,0.9359240531921387
USP37_RNA,0.928955078125
REL_RNA,0.9267702102661133
MIR9-1_RNA,0.9256042242050171
HELB_RNA,0.9250993728637695
ALMS1_RNA,0.9245011210441589
ABCA1_RNA,0.9206917881965637
MGA_RNA,0.9193674921989441
SCARNA3_RNA,0.9152901768684387
NDUFV2_RNA,0.9112534523010254
SYNE2_RNA,0.9098605513572693
ZBTB37_RNA,0.9075539112091064
WDR49_RNA,0.9051535129547119
CHRNG_RNA,0.9010512232780457
ZNF543_RNA,0.895685076713562
CA1_RNA,0.8952100276947021
RNF169_RNA,0.8927753567695618
DCDC2B_RNA,0.8894996643066406
BLID_RNA,0.8881206512451172
PCDHGB4_RNA,0.8877958059310913
TAS2R4_RNA,0.8837843537330627
CRYBG3_RNA,0.8813619613647461
ZSCAN23_RNA,0.8761224150657654
NUP210L_RNA,0.8713356852531433
RBM15_RNA,0.8660277128219604
FREM2_RNA,0.8642613291740417
ARHGAP5_RNA,0.856350839138031
ZNF805_RNA,0.8544922471046448
SCARNA1_RNA,0.8535066246986389
TAS2R19_RNA,0.853476345539093
ZSCAN20_RNA,0.852791428565979
TNRC6B_RNA,0.8498051166534424
APOBEC4_RNA,0.8496190309524536
ZNF484_RNA,0.84852135181427
GPR18_RNA,0.839248776435852
TAS2R46_RNA,0.8359354734420776
CLDN18_RNA,0.8353039026260376
DDX53_RNA,0.8316283226013184
RNU4ATAC_RNA,0.8313305377960205
GNAT2_RNA,0.8303069472312927
FAT1_RNA,0.8291972279548645
USP17L2_RNA,0.8281771540641785
CEP350_RNA,0.8263939619064331
ANKAR_RNA,0.8255025148391724
DYNC2H1_RNA,0.8250014781951904
VCAN_RNA,0.8163843154907227
PAPPA_RNA,0.8157291412353516
VPS13C_RNA,0.8152636885643005
GNRHR_RNA,0.8129444718360901
MACF1_RNA,0.8121259212493896
WNK3_RNA,0.8108294010162354
ZBTB32_RNA,0.8085104823112488
EML5_RNA,0.8081876039505005
ZNF808_RNA,0.8078381419181824
ATM_RNA,0.8063048124313354
GCNT7_RNA,0.8047077655792236
SLC5A9_RNA,0.8024821281433105
NEB_RNA,0.802462100982666
TSPYL6_RNA,0.800155520439148
ATAD2B_RNA,0.7998201847076416
PCDH9_RNA,0.7996214032173157
USP34_RNA,0.7991549968719482
STON2_RNA,0.7945823669433594
SARNP_RNA,0.7899675965309143
TRPS1_RNA,0.7890377640724182
ST3GAL3_RNA,0.7876560688018799
UTRN_RNA,0.785759687423706
SACS_RNA,0.7854218482971191
FSD2_RNA,0.785328209400177
ZNF462_RNA,0.7800717353820801
ZACN_RNA,0.7800079584121704
MDN1_RNA,0.77548980712890625
VTRNA1-3_RNA,0.7722774147987366
MUC5B_RNA,0.7722692489624023
KCNRG_RNA,0.7715688347816467
GPR182_RNA,0.7689434289932251
FAT4_RNA,0.7674356698989868
HMCN1_RNA,0.7661044001579285
PCDHGA11_RNA,0.7660951614379883
FMN1_RNA,0.7654625177383423
AKAP9_RNA,0.7636086940765381
CEP192_RNA,0.7629602551460266
ITPR2_RNA,0.7608433365821838
MYO9A_RNA,0.7603824734687805
NFAT5_RNA,0.7568621039390564
GPX2_RNA,0.7565658092498779
ZNF750_RNA,0.7564185857772827
APLF_RNA,0.7559163570404053
LYST_RNA,0.7545878291130066
ASB18_RNA,0.7545662522315979
FBXL13_RNA,0.7532356381416321
KDM5A_RNA,0.7505401372909546
COL6A6_RNA,0.7490036487579346
C17orf78_RNA,0.746245265007019
BDP1_RNA,0.7452384829521179
RALGAPA1_RNA,0.7447348833084106
ZNF292_RNA,0.743843674659729
PCDHAC1_RNA,0.743570864200592
SUMO4_RNA,0.7419214844703674
SCUBE3_RNA,0.7395457625389099
AHNAK_RNA,0.7394744157791138
MLANA_RNA,0.7384714484214783
ANGPTL7_RNA,0.738030195236206
CPB2_RNA,0.7378601431846619
MKLN1_RNA,0.737726628780365
SLC8A1_RNA,0.7346757054328918
MED13_RNA,0.7346580624580383
GDAP2_RNA,0.7344719767570496
N4BP2_RNA,0.7330586314201355
IL1RAPL1_RNA,0.7309852242469788
SNORA14B_RNA,0.7296097278594971
LCOR_RNA,0.7268550992012024
NFIA_RNA,0.7255187034606934
PCDHB12_RNA,0.7250701189041138
PRTG_RNA,0.7245256304740906
PRSS48_RNA,0.7239954471588135
PCDHGB3_RNA,0.7222696542739868
GPR87_RNA,0.7186349034309387
DMXL1_RNA,0.7183793783187866
PZP_RNA,0.7163604497909546
RTL1_RNA,0.7151163220405579
NKAIN3_RNA,0.7135710120201111
VPS13B_RNA,0.7122154235839844
INO80D_RNA,0.7116233110427856
GAN_RNA,0.7109606862068176
LAMB4_RNA,0.7106924057006836
HERC1_RNA,0.7104114294052124
LPP_RNA,0.7100939750671387
RNF213_RNA,0.7093048691749573
ZNF283_RNA,0.7070808410644531
RGL4_RNA,0.7070356011390686
GCM2_RNA,0.7068686485290527
PCDHGA7_RNA,0.7065691947937012
DSPP_RNA,0.7061590552330017
FANCB_RNA,0.706125020980835
ZNF410_RNA,0.7059601545333862
MGAM_RNA,0.703702986240387
CD160_RNA,0.6989147663116455
ESRP2_RNA,0.6980517506599426
PREX2_RNA,0.6930675506591797
REV3L_RNA,0.6917431950569153
EXPH5_RNA,0.6914671063423157
PHC3_RNA,0.6896573901176453
SLFNL1_RNA,0.6878004670143127
KCNH7_RNA,0.6877581477165222
RIF1_RNA,0.6857032179832458
TULP4_RNA,0.6852152943611145
DNAH14_RNA,0.6841433644294739
ULK4_RNA,0.6839209198951721
LRBA_RNA,0.6832205653190613
LNPEP_RNA,0.6831923723220825
TAS2R20_RNA,0.6821534633636475
RBP2_RNA,0.6809563040733337
ZNF841_RNA,0.6808544993400574
PRKDC_RNA,0.6800156831741333
SPINK7_RNA,0.6779356002807617
CHD9_RNA,0.6771291494369507
BRWD3_RNA,0.6771233081817627
SNORD114-20_RNA,0.6748149394989014
PCDHGA5_RNA,0.6737732887268066
VPS13D_RNA,0.6723732352256775
CHN2_RNA,0.6723039150238037
HMBOX1_RNA,0.6718645095825195
UBR5_RNA,0.6703080534934998
DGKH_RNA,0.6686419248580933
BCL2L14_RNA,0.6678081750869751
GUCY1A2_RNA,0.6660140156745911
PEG3_RNA,0.6630221009254456
FAT2_RNA,0.6612684726715088
DMXL2_RNA,0.6598162651062012
APOBEC2_RNA,0.6593270897865295
HEATR1_RNA,0.6577797532081604
UBR4_RNA,0.6568489670753479
PCDHGB6_RNA,0.6555998921394348
ZNF782_RNA,0.6553266048431396
CDON_RNA,0.6547338366508484
ZNF749_RNA,0.6535149216651917
ZNF121_RNA,0.6534181237220764
SYNE1_RNA,0.653177797794342
ATR_RNA,0.6521379947662354
HRNR_RNA,0.6517298817634583
AKAP13_RNA,0.6516863703727722
SMCR5_RNA,0.6512637138366699
HELZ_RNA,0.6505947113037109
MYCBP2_RNA,0.6500653028488159
LRP6_RNA,0.6499248743057251
ZNF714_RNA,0.6476356983184814
LIFR_RNA,0.647240161895752
BRCA2_RNA,0.6471807360649109
WDFY3_RNA,0.6471054553985596
ADAMTS9_RNA,0.6470217108726501
TSIX_RNA,0.6468338370323181
DNAH7_RNA,0.6461426615715027
MIR575_RNA,0.646033525466919
IKZF2_RNA,0.6458576917648315
NRIP1_RNA,0.6453737616539001
FER_RNA,0.643653154373169
SPDYA_RNA,0.6427270770072937
RGPD5_RNA,0.6400675773620605
RAD50_RNA,0.6397778391838074
SCARNA18_RNA,0.6397399306297302
ERCC6_RNA,0.6396238803863525
ERCC5_RNA,0.6395761966705322
CYP51A1_RNA,0.6375752091407776
FGD4_RNA,0.637245774269104
RANBP17_RNA,0.6368198394775391
ZFHX4_RNA,0.6365524530410767
DYNC1H1_RNA,0.634893000125885
ZNF611_RNA,0.6340336203575134
ARR3_RNA,0.6335738897323608
SCARNA11_RNA,0.6332773566246033
SPATA21_RNA,0.6327479481697083
CKLF_RNA,0.6324949860572815
SETX_RNA,0.6317554712295532
ZNF417_RNA,0.630618155002594
ASH1L_RNA,0.6295047402381897
XRN1_RNA,0.6285064220428467
DNAH11_RNA,0.6280727386474609
RBM12B_RNA,0.6278128027915955
MAK_RNA,0.626861035823822
SNORD114-3_RNA,0.6264985799789429
ZNF557_RNA,0.6262129545211792
STAB2_RNA,0.626090407371521
JMJD7_RNA,0.6256257891654968
FBN1_RNA,0.6245764493942261
RANBP2_RNA,0.6240999102592468
SMG1_RNA,0.6233453154563904
SNORD46_RNA,0.621898353099823
HIPK3_RNA,0.6216861009597778
SLC25A2_RNA,0.6203643679618835
NIN_RNA,0.6198213696479797
HTR2B_RNA,0.6193568110466003
LRGUK_RNA,0.6190709471702576
ZNF407_RNA,0.6186358332633972
RORA_RNA,0.6181789636611938
BTAF1_RNA,0.6173872947692871
UBN2_RNA,0.617384135723114
MIR99A_RNA,0.6170190572738647
SLC5A3_RNA,0.6165729761123657
MIR2278_RNA,0.6162527203559875
PATE4_RNA,0.6158417463302612
ZNF451_RNA,0.6158076524734497
BMP2K_RNA,0.6151348948478699
SCARNA17_RNA,0.614890992641449
RGPD8_RNA,0.6137588024139404
ZNF564_RNA,0.6123850345611572
BARD1_RNA,0.611668586730957
SNORD71_RNA,0.6114915609359741
JMJD1C_RNA,0.6099566221237183
REST_RNA,0.6096773743629456
ZNF772_RNA,0.6095824241638184
SORL1_RNA,0.6094995737075806
BRAF_RNA,0.6076663136482239
ZNF586_RNA,0.6067635416984558
ATP7A_RNA,0.6067227721214294
RTEL1_RNA,0.6066667437553406
PBOV1_RNA,0.6058228611946106
DICER1_RNA,0.6051138043403625
ASCC3_RNA,0.6047167778015137
BACH1_RNA,0.6044473052024841
CHD6_RNA,0.6029361486434937
STAG1_RNA,0.6029025912284851
DLEU2_RNA,0.6017031669616699
SLC22A13_RNA,0.6014843583106995
MACC1_RNA,0.6013925075531006
ACVR2B_RNA,0.6010125279426575
VPS13A_RNA,0.60060882568359375
TTBK2_RNA,0.5995180606842041
SCLT1_RNA,0.5992287397384644
ZNF490_RNA,0.5989766120910645
HMGB4_RNA,0.5967087149620056
PVT1_RNA,0.5963688492774963
PCDHA9_RNA,0.5963293313980103
FNDC3B_RNA,0.5962483882904053
LOC730668_RNA,0.5960947275161743
XRRA1_RNA,0.5957746505737305
MED13L_RNA,0.5947230458259583
ABL2_RNA,0.5946099162101746
MIRLET7A2_RNA,0.5942445397377014
ANKRD26_RNA,0.5938367247581482
LDHAL6B_RNA,0.5930508375167847
TAC4_RNA,0.5927655100822449
MPHOSPH9_RNA,0.5923404097557068
SPATA12_RNA,0.5888849496841431
SOX5_RNA,0.5887500643730164
ADCY7_RNA,0.5860965251922607
HOOK3_RNA,0.5849930047988892
ZNF594_RNA,0.5848981142044067
LRRN4_RNA,0.5844994187355042
MEP1B_RNA,0.5841258764266968
ESR2_RNA,0.5840291976928711
ANKFN1_RNA,0.583712100982666
GPR75_RNA,0.5832939743995667
USH2A_RNA,0.5826092958450317
NTN3_RNA,0.5812409520149231
LONRF3_RNA,0.5812275409698486
TSPO2_RNA,0.580898106098175
TBCE_RNA,0.5806813836097717
SBF2_RNA,0.5805569887161255
PTAR1_RNA,0.5804706811904907
AFAP1_RNA,0.5800486207008362
FAM186B_RNA,0.5792626738548279
PIKFYVE_RNA,0.5788889527320862
STARD9_RNA,0.5786775350570679
ZNF264_RNA,0.5786440372467041
CHD1L_RNA,0.5780289769172668
GJB7_RNA,0.5774486064910889
KIAA0408_RNA,0.5773798823356628
TAOK1_RNA,0.5760539174079895
ZNF236_RNA,0.5756601095199585
DLEU1_RNA,0.5756363868713379
XKR6_RNA,0.5753644108772278
ZNF17_RNA,0.5750070810317993
RXFP4_RNA,0.5749539136886597
ZNF177_RNA,0.5748140215873718
TOR1AIP2_RNA,0.5743088126182556
PROX2_RNA,0.5742954611778259
DOCK4_RNA,0.5738629698753357
ZNF708_RNA,0.5737307071685791
FRYL_RNA,0.5735183954238892
SMCHD1_RNA,0.5724673271179199
ANKHD1_RNA,0.5722634792327881
GPR52_RNA,0.5715062022209167
FANCM_RNA,0.5701654553413391
NF1_RNA,0.569980263710022
RREB1_RNA,0.5699469447135925
NBAS_RNA,0.5695409178733826
CRYBA1_RNA,0.569389820098877
OR9A4_RNA,0.5688584446907043
GNL3L_RNA,0.5688514709472656
ZNF81_RNA,0.5680412650108337
EIF4A1_RNA,0.5676422715187073
PCDHGA6_RNA,0.5675824284553528
AHCTF1_RNA,0.5670990347862244
ARAP2_RNA,0.5668216943740845
APC_RNA,0.5663637518882751
TRIP11_RNA,0.566165030002594
HSPG2_RNA,0.566156268119812
TET2_RNA,0.5654470920562744
CHD7_RNA,0.5641331672668457
MIR17HG_RNA,0.5639457702636719
PKD1L3_RNA,0.563355565071106
PTPN14_RNA,0.5623591542243958
RNF152_RNA,0.56171715259552
RICTOR_RNA,0.5616691708564758
LRRC69_RNA,0.5615219473838806
AWAT1_RNA,0.5614306330680847
MMP16_RNA,0.5613514184951782
SNORD116-17_RNA,0.5611677765846252
ZFX_RNA,0.5603581666946411
ABCA12_RNA,0.559758186340332
UBE2V1_RNA,0.5596107840538025
PHACTR2_RNA,0.5595178008079529
HECTD1_RNA,0.5588192939758301
PHIP_RNA,0.5587930679321289
SPINK9_RNA,0.5587742924690247
IGF2R_RNA,0.5582232475280762
TP53BP1_RNA,0.5580987334251404
TOP3B_RNA,0.5579680800437927
ITGB8_RNA,0.5566213726997375
TMEM72_RNA,0.5564132332801819
ART4_RNA,0.5563027858734131
MTR_RNA,0.5561808347702026
IQUB_RNA,0.5561398267745972
HFM1_RNA,0.5541588664054871
MIR30A_RNA,0.5540791153907776
CDK6_RNA,0.5535497069358826
ANKRD12_RNA,0.552670955657959
ZNF70_RNA,0.5511772036552429
ADAMTS6_RNA,0.5498836636543274
ZNF652_RNA,0.5494354963302612
GABRB1_RNA,0.5482603907585144
PDE4D_RNA,0.5481827259063721
MAN1A2_RNA,0.5478869080543518
ASPM_RNA,0.5464792847633362
SERPINE3_RNA,0.54619300365448
TEP1_RNA,0.546153724193573
BPTF_RNA,0.5449559092521667
MAP3K1_RNA,0.5447682738304138
ARFGEF2_RNA,0.5444183945655823
SNORD12C_RNA,0.5443111658096313
LRIG2_RNA,0.5441598296165466
FAM135A_RNA,0.5437805652618408
VCPIP1_RNA,0.543433666229248
CXCR6_RNA,0.5433304309844971
ITPRIPL2_RNA,0.5432179570198059
ZNF354C_RNA,0.5430365204811096
OR2H2_RNA,0.5423603653907776
UBE4A_RNA,0.5421394109725952
NLGN1_RNA,0.5415382981300354
STXBP4_RNA,0.5411625504493713
C11orf42_RNA,0.5411027073860168
MIR181A2_RNA,0.5408649444580078
MGC12916_RNA,0.5406402349472046
PIK3CA_RNA,0.5404251217842102
NUFIP2_RNA,0.5404103994369507
LRP1_RNA,0.5403836369514465
TPRG1_RNA,0.5402668118476868
SNORA30_RNA,0.5399619340896606
USP9X_RNA,0.5395612716674805
PARP14_RNA,0.5393350124359131
ZNF678_RNA,0.5390199422836304
TRPM7_RNA,0.5387118458747864
PM20D1_RNA,0.5384198427200317
DDI1_RNA,0.5383407473564148
KNTC1_RNA,0.537915825843811
MAD1L1_RNA,0.5377781987190247
RTTN_RNA,0.5376987457275391
TUBB1_RNA,0.537692666053772
MIR569_RNA,0.5374292731285095
NCOA3_RNA,0.5373700261116028
ZNF141_RNA,0.5372393727302551
POU2F1_RNA,0.5365744829177856
RLF_RNA,0.536378800868988
GREB1L_RNA,0.5363110303878784
ZNF737_RNA,0.536299467086792
CMYA5_RNA,0.5361811518669128
ZFYVE16_RNA,0.5361136794090271
ACSBG2_RNA,0.5358933210372925
SPG11_RNA,0.5356294512748718
TPR_RNA,0.5355650186538696
DENND4A_RNA,0.5353423357009888
HDHD2_RNA,0.5351083278656006
SBF1P1_RNA,0.5349708199501038
STH_RNA,0.5348701477050781
GHRLOS_RNA,0.5344577431678772
ATP8B4_RNA,0.5341982841491699
DNAH10_RNA,0.533758282661438
PIK3C2A_RNA,0.5337502956390381
SNORA14A_RNA,0.5333092212677002
PLXDC2_RNA,0.5332862734794617
UBR1_RNA,0.5332252383232117
ZNF418_RNA,0.5328437089920044
ZBTB10_RNA,0.5317522883415222
GPRIN3_RNA,0.531585693359375
ZNF442_RNA,0.5312180519104004
MIB1_RNA,0.5308798551559448
CLDN20_RNA,0.5305389165878296
MIRLET7C_RNA,0.5303782224655151
KCNV2_RNA,0.5300514101982117
SFMBT2_RNA,0.5299637913703918
ZNF518A_RNA,0.5298671722412109
FCGBP_RNA,0.5287113189697266
PRELID2_RNA,0.5280576348304749
C3orf49_RNA,0.5279542803764343
PCM1_RNA,0.5275344252586365
PLCE1_RNA,0.5275050401687622
ZNF780B_RNA,0.5272298455238342
FNIP1_RNA,0.526724100112915
ZNF770_RNA,0.5264589786529541
MUSK_RNA,0.5264410972595215
NUP155_RNA,0.5262969136238098
TCP11L2_RNA,0.5261685848236084
PLEKHG6_RNA,0.5256036520004272
TRHR_RNA,0.5253008604049683
SEMA5A_RNA,0.5245400667190552
ZNF551_RNA,0.524340808391571
PCDHA11_RNA,0.5239184498786926
MIR1200_RNA,0.5234201550483704
ZFYVE26_RNA,0.5228413343429565
MIR181B2_RNA,0.5227375030517578
FAM169A_RNA,0.5220156311988831
UBR2_RNA,0.5216382145881653
GALK2_RNA,0.5214797854423523
SNORD113-1_RNA,0.5213937759399414
TJP2_RNA,0.5210584998130798
CCND2_RNA,0.5209645628929138
PRB4_RNA,0.5209407806396484
ANO2_RNA,0.5207874178886414
SPTBN1_RNA,0.5200018286705017
DOCK11_RNA,0.5197634696960449
FABP9_RNA,0.5197626948356628
USP50_RNA,0.5197497606277466
RALGAPA2_RNA,0.5196769833564758
CASP8AP2_RNA,0.5185874104499817
PSAPL1_RNA,0.5181763172149658
LHX4_RNA,0.5179685354232788
ANAPC1_RNA,0.5178198218345642
CCDC18_RNA,0.5177547335624695
ATF7IP_RNA,0.5175542235374451
ZNF382_RNA,0.5175243020057678
ZNF780A_RNA,0.5174934267997742
SYDE2_RNA,0.5166425704956055
SERPIND1_RNA,0.5157465934753418
ARID2_RNA,0.5154524445533752
INSL6_RNA,0.5143568515777588
RHCG_RNA,0.5142137408256531
ZNF555_RNA,0.5140864849090576
ZNF483_RNA,0.5136525630950928
MSH4_RNA,0.5132017731666565
NSD1_RNA,0.5130336284637451
RNF180_RNA,0.5130290985107422
PCDHGA10_RNA,0.5123859643936157
SLC4A9_RNA,0.5122398734092712
MIR1537_RNA,0.5120862722396851
MAP3K2_RNA,0.511653482913971
HLTF_RNA,0.5114562511444092
ZNF792_RNA,0.5112432837486267
USP24_RNA,0.5100750923156738
TSNAX-DISC1_RNA,0.5098701119422913
ANKRD50_RNA,0.5091351866722107
ZNF234_RNA,0.50888991355896
CHD1_RNA,0.5088626146316528
ARHGEF10_RNA,0.5079692602157593
ZNF577_RNA,0.5076188445091248
ACOT11_RNA,0.5074520111083984
POLQ_RNA,0.5073214769363403
ZNF790_RNA,0.5069855451583862
WDFY4_RNA,0.5066022872924805
MIR921_RNA,0.5059884786605835
FBN2_RNA,0.5055858492851257
UTP20_RNA,0.5050850510597229
PCDHGA1_RNA,0.50440216064453125
TANC2_RNA,0.5043295621871948
NHLRC2_RNA,0.5040225386619568
ARFGEF1_RNA,0.5039995312690735
IL5_RNA,0.5037736296653748
MYH16_RNA,0.50367271900177
ITGA2_RNA,0.5030321478843689
GOLGB1_RNA,0.5029453635215759
CNTNAP5_RNA,0.5019793510437012
TAS1R3_RNA,0.5014220476150513
OR10AD1_RNA,0.5013019442558289
ZNF445_RNA,0.5009222626686096
ALG11_RNA,0.5007097125053406
PSD3_RNA,0.5002328753471375
ZC3H12C_RNA,0.49961620569229126
ZNF562_RNA,0.4992266893386841
DDR2_RNA,0.4990837872028351
ZNF454_RNA,0.49874386191368103
SNORA2B_RNA,0.49869465827941895
ZNF337_RNA,0.49766257405281067
MCC_RNA,0.4973977208137512
NEK10_RNA,0.496994286775589
FER1L5_RNA,0.4969230890274048
PRB3_RNA,0.49582451581954956
LAMA2_RNA,0.49486106634140015
TNXB_RNA,0.49440592527389526
ITGA9_RNA,0.4942435026168823
ZNF845_RNA,0.49388763308525085
SPATA1_RNA,0.4938027560710907
ZC3H6_RNA,0.49366477131843567
RLIM_RNA,0.49329644441604614
THBS2_RNA,0.4928048551082611
SLC28A2_RNA,0.4923976957798004
MAN2A1_RNA,0.4921587109565735
ATG2B_RNA,0.4914035201072693
TRIO_RNA,0.49095574021339417
ZNF426_RNA,0.49009940028190613
DCHS1_RNA,0.48984915018081665
ARHGEF12_RNA,0.4895339012145996
FZD3_RNA,0.4894964396953583
ZNF552_RNA,0.4894635081291199
ATP11B_RNA,0.489248126745224
KLHL24_RNA,0.4880438446998596
SLC2A2_RNA,0.48781129717826843
DIRC3_RNA,0.48772379755973816
DOCK7_RNA,0.4874587059020996
NPAT_RNA,0.48710906505584717
ZNF493_RNA,0.4868803918361664
PCP2_RNA,0.48670247197151184
TNC_RNA,0.4864746928215027
ZKSCAN1_RNA,0.4862106144428253
ZNF347_RNA,0.48617151379585266
DNAJC13_RNA,0.48600682616233826
PCDHA8_RNA,0.4858768582344055
ABHD2_RNA,0.48581382632255554
MIR1262_RNA,0.4857313930988312
OPHN1_RNA,0.48528948426246643
CCDC141_RNA,0.4848649799823761
ZC3HAV1L_RNA,0.484234482049942
CENPF_RNA,0.4841997027397156
NBEA_RNA,0.48386865854263306
ZNF587_RNA,0.4837493300437927
STAB1_RNA,0.48360204696655273
KIF27_RNA,0.4828626811504364
EVI5_RNA,0.482706755399704
SNORA2A_RNA,0.4825117588043213
ASXL3_RNA,0.4822986125946045
SLC34A3_RNA,0.48183441162109375
MIR648_RNA,0.4815370738506317
PTPN13_RNA,0.48146623373031616
ZFHX3_RNA,0.481170654296875
USP45_RNA,0.48092177510261536
HCRTR1_RNA,0.4807707667350769
PAG1_RNA,0.48058202862739563
RHBG_RNA,0.48053815960884094
INTS6_RNA,0.4804389774799347
ASXL2_RNA,0.47975659370422363
NCKAP5_RNA,0.47956886887550354
NCOA2_RNA,0.47907379269599915
CNOT1_RNA,0.4789360463619232
HUWE1_RNA,0.478659451007843
UGGT2_RNA,0.4781537353992462
FAM66C_RNA,0.4774622917175293
CSPP1_RNA,0.4773261547088623
ATAD5_RNA,0.4771929979324341
EDEM3_RNA,0.47705864906311035
ILDR2_RNA,0.47705724835395813
C11orf65_RNA,0.4769425392150879
GON4L_RNA,0.47648710012435913
CYP3A7_RNA,0.4764123558998108
ZNF546_RNA,0.4763031005859375
CYP3A4_RNA,0.47572651505470276
HIVEP1_RNA,0.4756322205066681
ACAD11_RNA,0.47524985671043396
RBM41_RNA,0.4751541316509247
MIR1256_RNA,0.47492215037345886
RYR3_RNA,0.4748193323612213
NFATC3_RNA,0.47411054372787476
SNORD62A_RNA,0.4728240966796875
MIR591_RNA,0.4727923572063446
INSR_RNA,0.4725458025932312
SNORD105B_RNA,0.4722687602043152
ADAM21_RNA,0.4722538888454437
INVS_RNA,0.47157326340675354
EML6_RNA,0.4712355136871338
TRPM3_RNA,0.47119632363319397
RBM44_RNA,0.47110515832901
UGGT1_RNA,0.47104135155677795
KLF12_RNA,0.4706680178642273
N4BP2L2_RNA,0.47028541564941406
ZNF254_RNA,0.4702105224132538
ASB14_RNA,0.4700804054737091
TMTC3_RNA,0.47007516026496887
DCP2_RNA,0.4700419008731842
ARSJ_RNA,0.4695001244544983
DNHD1_RNA,0.46865731477737427
MON2_RNA,0.46850311756134033
RNF113B_RNA,0.4682704508304596
ATP13A4_RNA,0.46822482347488403
HEXIM2_RNA,0.46810242533683777
USP31_RNA,0.46755340695381165
C1QTNF7_RNA,0.46754762530326843
STEAP4_RNA,0.4670427739620209
SKIL_RNA,0.466821551322937
TAS2R39_RNA,0.4668172299861908
NIPBL_RNA,0.4667031466960907
PGLYRP1_RNA,0.4666411876678467
SNORD114-7_RNA,0.46656134724617004
ADRA1A_RNA,0.4665290117263794
SBNO1_RNA,0.4662625789642334
GLRA1_RNA,0.4651511311531067
PAPOLB_RNA,0.46422767639160156
IGSF10_RNA,0.46413329243659973
CEP290_RNA,0.46350887417793274
ZNF44_RNA,0.46314623951911926
HCG18_RNA,0.46279391646385193
PILRB_RNA,0.4624805748462677
DNAH5_RNA,0.46247440576553345
ACOX1_RNA,0.4621167778968811
GLIPR1L1_RNA,0.4621085524559021
ZNF704_RNA,0.4618159234523773
MCCD1_RNA,0.4610438048839569
EVC_RNA,0.4605156183242798
VTRNA1-1_RNA,0.46011412143707275
CCDC17_RNA,0.45916032791137695
ELK4_RNA,0.45820051431655884
TFCP2L1_RNA,0.45796865224838257
MUC6_RNA,0.4579118490219116
ATP11C_RNA,0.4576933681964874
PCSK5_RNA,0.457529217004776
GRM5_RNA,0.45734670758247375
NRXN1_RNA,0.4573323726654053
TNPO1_RNA,0.45697712898254395
ITGA4_RNA,0.4566406309604645
ZNF644_RNA,0.45653626322746277
OR51M1_RNA,0.4558604657649994
RAB3GAP2_RNA,0.45581838488578796
ARMC2_RNA,0.4557653069496155
MIR623_RNA,0.4556201696395874
TRIM17_RNA,0.45524850487709045
GDF7_RNA,0.4549625813961029
MFAP3_RNA,0.45476070046424866
EFCAB8_RNA,0.4543094038963318
SLC16A7_RNA,0.45415371656417847
CENPI_RNA,0.4537639021873474
IQGAP1_RNA,0.4537370204925537
RAB11FIP1_RNA,0.45344096422195435
FLNB_RNA,0.4532625675201416
ZC3H11A_RNA,0.4532419741153717
CYP20A1_RNA,0.45301052927970886
ZIM2_RNA,0.45285579562187195
MDM4_RNA,0.4527930021286011
ESR1_RNA,0.4522768259048462
ZNF616_RNA,0.45222461223602295
PANK3_RNA,0.4519559144973755
QSER1_RNA,0.4517894983291626
AMY2B_RNA,0.45177069306373596
ZBTB3_RNA,0.4517501890659332
ZNF625_RNA,0.45107945799827576
EEA1_RNA,0.45107656717300415
UBQLN3_RNA,0.4510672986507416
OTUD7B_RNA,0.4509231150150299
ZNF160_RNA,0.45037445425987244
PCDHA4_RNA,0.450202614068985
TAF1_RNA,0.45002421736717224
GRIK3_RNA,0.44979825615882874
CXCL17_RNA,0.4497917592525482
DENND1B_RNA,0.44964274764060974
CYP2W1_RNA,0.4495287537574768
APOL6_RNA,0.44899070262908936
LRRK2_RNA,0.4489401578903198
PCDHA12_RNA,0.4489000141620636
DDX6_RNA,0.4487834572792053
ZNF233_RNA,0.44865015149116516
RELL1_RNA,0.44858604669570923
DIO1_RNA,0.4484812915325165
LDHAL6A_RNA,0.4477035105228424
CCDC62_RNA,0.44764289259910583
ZZEF1_RNA,0.44750094413757324
OR52I1_RNA,0.44716885685920715
BNC2_RNA,0.44706520438194275
PBRM1_RNA,0.44702306389808655
FOXK1_RNA,0.44686177372932434
ITGAV_RNA,0.4467407763004303
ATP8B1_RNA,0.4460858106613159
ROCK2_RNA,0.44608578085899353
GAPVD1_RNA,0.4458009600639343
XPO4_RNA,0.4452528953552246
MIR134_RNA,0.44513046741485596
PKD2L2_RNA,0.4449784457683563
SVEP1_RNA,0.4449489414691925
SFT2D2_RNA,0.4447460174560547
TTC21B_RNA,0.44461116194725037
PDZD2_RNA,0.44414281845092773
ANKHD1-EIF4EBP3_RNA,0.4441336691379547
SNORD53_RNA,0.44388309121131897
RAD54L2_RNA,0.4436025619506836
RBMXL3_RNA,0.443534255027771
GLS2_RNA,0.4425230324268341
RC3H2_RNA,0.4423544406890869
BRWD1_RNA,0.4420434832572937
INTU_RNA,0.4420158267021179
EGOT_RNA,0.44195792078971863
DNAH1_RNA,0.4416138827800751
ITCH_RNA,0.4415305256843567
SNORD9_RNA,0.4414876699447632
FBXL4_RNA,0.44136857986450195
DNA2_RNA,0.4413445293903351
ZNF37A_RNA,0.44125398993492126
NOL9_RNA,0.4411815404891968
ZNF638_RNA,0.4410374164581299
ZNF699_RNA,0.4408983886241913
OR52H1_RNA,0.4407578408718109
VIL1_RNA,0.4406512379646301
CEP97_RNA,0.4405989646911621
DDX60_RNA,0.4404413104057312
C11orf16_RNA,0.4403282403945923
CORIN_RNA,0.44026562571525574
MED23_RNA,0.44016000628471375
POLK_RNA,0.43984705209732056
RECQL_RNA,0.43968233466148376
SNORA59A_RNA,0.439445436000824
DIP2B_RNA,0.43939828872680664
MIR101-1_RNA,0.4393795430660248
TRRAP_RNA,0.4392760694026947
SCN7A_RNA,0.43893495202064514
PARD3B_RNA,0.4386310279369354
CDC42BPA_RNA,0.43852636218070984
AFF4_RNA,0.43848103284835815
PTPRG_RNA,0.438468873500824
WRN_RNA,0.43795090913772583
AASS_RNA,0.43793171644210815
COL12A1_RNA,0.4378918409347534
USP53_RNA,0.43787556886672974
WDR27_RNA,0.43767523765563965
DENND5B_RNA,0.43753185868263245
ZSCAN12_RNA,0.4372609555721283
CTRB1_RNA,0.43718421459198
ZNF132_RNA,0.4370732009410858
PSEN2_RNA,0.4356424808502197
PRR15L_RNA,0.4354168474674225
CCDC88A_RNA,0.4353788197040558
MIR590_RNA,0.43491944670677185
PCDHAC2_RNA,0.43490928411483765
SNORA13_RNA,0.4349015951156616
ATXN7_RNA,0.434360146522522
SLC23A1_RNA,0.4340054988861084
ZBTB41_RNA,0.4336945712566376
TRIP12_RNA,0.4332127869129181
SNTB2_RNA,0.4330272972583771
GHRL_RNA,0.43261823058128357
G6PC2_RNA,0.43241167068481445
KCNE1_RNA,0.43212562799453735
NUP205_RNA,0.43194639682769775
NEDD4_RNA,0.4315430819988251
IQGAP2_RNA,0.43150219321250916
FLJ13224_RNA,0.43139147758483887
MIR933_RNA,0.431205689907074
THSD7A_RNA,0.43119508028030396
URB1_RNA,0.4309881925582886
CBL_RNA,0.4307490289211273
PATE3_RNA,0.4304863214492798
XYLB_RNA,0.43042975664138794
MICAL3_RNA,0.4298191964626312
KIF13B_RNA,0.42938610911369324
JMY_RNA,0.42922741174697876
ZRANB3_RNA,0.4291372299194336
PCDHA13_RNA,0.42902761697769165
GOLGA3_RNA,0.4284805357456207
DOCK2_RNA,0.4283674359321594
CHD8_RNA,0.42811691761016846
PDK3_RNA,0.42766106128692627
ZNF280C_RNA,0.4270804524421692
RASAL2_RNA,0.4269085228443146
AKAP11_RNA,0.4266948699951172
FLG_RNA,0.42669162154197693
MLH3_RNA,0.4266495704650879
AMOTL1_RNA,0.42649534344673157
SAMD4A_RNA,0.4263960123062134
ATRNL1_RNA,0.42627352476119995
FLNA_RNA,0.4260261654853821
ZNF880_RNA,0.42601436376571655
C3orf20_RNA,0.42583325505256653
ZNF765_RNA,0.42572563886642456
PUS7L_RNA,0.42571860551834106
UBXN7_RNA,0.42541882395744324
PRICKLE2_RNA,0.42530131340026855
ZNF836_RNA,0.42510122060775757
LIN7C_RNA,0.42503640055656433
LIMD1_RNA,0.4245932996273041
SLC4A4_RNA,0.4245185852050781
ATXN1_RNA,0.4244672656059265
ZNF615_RNA,0.4244217276573181
IRAK3_RNA,0.4243384897708893
INTS2_RNA,0.42429378628730774
TNIK_RNA,0.42410194873809814
RASSF8_RNA,0.42351600527763367
HEATR5B_RNA,0.42336440086364746
ATRX_RNA,0.4233119785785675
TAS2R7_RNA,0.4227261245250702
SETBP1_RNA,0.42252668738365173
RIMS1_RNA,0.42235398292541504
ADCY10_RNA,0.4219532907009125
TCP11L1_RNA,0.42181113362312317
THBS1_RNA,0.42177602648735046
HIVEP2_RNA,0.42174649238586426
MIR199A1_RNA,0.420706182718277
MIR27B_RNA,0.4206758439540863
ERBB4_RNA,0.42057478427886963
TCP10L_RNA,0.42019662261009216
KIAA1958_RNA,0.4201360046863556
STRADA_RNA,0.4199517071247101
LENEP_RNA,0.4199274480342865
C20orf144_RNA,0.41984009742736816
CSMD1_RNA,0.4196719527244568
GUCY2C_RNA,0.41931822896003723
TLR1_RNA,0.41919293999671936
ANKRD17_RNA,0.41882169246673584
GRIN2B_RNA,0.41864436864852905
PTPRJ_RNA,0.41854724287986755
C9orf153_RNA,0.4183497130870819
SLC13A4_RNA,0.4182828366756439
KATNAL1_RNA,0.4178038537502289
NR2C2_RNA,0.41769954562187195
LYG2_RNA,0.4176858365535736
CUBN_RNA,0.4176807105541229
CPEB4_RNA,0.41737061738967896
ZNF43_RNA,0.41718921065330505
CAV3_RNA,0.4166145324707031
KIAA1328_RNA,0.41655510663986206
ZNF431_RNA,0.41650301218032837
PAPPA2_RNA,0.41648387908935547
PTP4A1_RNA,0.4163588285446167
ZEB1_RNA,0.4161820113658905
FUT10_RNA,0.4160921275615692
HELLS_RNA,0.41592517495155334
PTPN4_RNA,0.4159103035926819
DGKI_RNA,0.4155197739601135
MIR26B_RNA,0.41508349776268005
EPPK1_RNA,0.4149489104747772
ZNF595_RNA,0.4147377610206604
DUOX1_RNA,0.414494127035141
SLC30A7_RNA,0.4144040048122406
PTPN22_RNA,0.4143875241279602
ARHGAP8_RNA,0.4143368899822235
AKAP6_RNA,0.4143345057964325
ZNF79_RNA,0.4140661358833313
MAP2K6_RNA,0.41380608081817627
SRFBP1_RNA,0.41377371549606323
P2RY1_RNA,0.41345009207725525
DMD_RNA,0.4134000837802887
USP47_RNA,0.413247674703598
ZNF155_RNA,0.41319817304611206
CDH6_RNA,0.4129015803337097
CACNA1D_RNA,0.41286441683769226
KIF14_RNA,0.41285112500190735
PDE3A_RNA,0.412618488073349
CKMT2_RNA,0.41216129064559937
MTBP_RNA,0.41204097867012024
BBX_RNA,0.4117392301559448
PIK3CG_RNA,0.4116872251033783
SUGT1_RNA,0.4115549325942993
MIR548K_RNA,0.411517858505249
ZNF619_RNA,0.4110499918460846
ACAP2_RNA,0.4103403687477112
CDK12_RNA,0.4102862477302551
ZNF829_RNA,0.4102073013782501
SLC1A2_RNA,0.4099552035331726
TP53TG5_RNA,0.40951797366142273
C5orf58_RNA,0.40947219729423523
CMA1_RNA,0.4094049632549286
SNORA16B_RNA,0.409353107213974
DZIP1L_RNA,0.4091883599758148
GRPR_RNA,0.40916845202445984
ZC3HAV1_RNA,0.4090173840522766
ZNF660_RNA,0.4088953137397766
PCF11_RNA,0.40874311327934265
KIAA0586_RNA,0.408720463514328
ROR1_RNA,0.40862706303596497
FBXW12_RNA,0.408551424741745
PURA_RNA,0.4084685742855072
ALAS2_RNA,0.4083745777606964
ZNF69_RNA,0.40774494409561157
SON_RNA,0.40772339701652527
SNORD11_RNA,0.40708667039871216
KDM6A_RNA,0.40703898668289185
CNGB3_RNA,0.40674805641174316
ARRDC3_RNA,0.4066093862056732
ZNF235_RNA,0.40613389015197754
ZNF324B_RNA,0.4054257869720459
GOLGA4_RNA,0.4053255021572113
OR52I2_RNA,0.40510398149490356
SSH2_RNA,0.4049995541572571
KDM5B_RNA,0.40479665994644165
JAG1_RNA,0.40477538108825684
MIR558_RNA,0.4046991765499115
HDAC8_RNA,0.4046716094017029
ZNF33A_RNA,0.40454819798469543
AFF1_RNA,0.40397539734840393
TRAPPC10_RNA,0.4035991132259369
LAMA1_RNA,0.40333232283592224
RNF222_RNA,0.4032794237136841
ZNF154_RNA,0.40297383069992065
TRDMT1_RNA,0.4029640257358551
OR1K1_RNA,0.40292370319366455
EFCAB6_RNA,0.4027406871318817
DDX60L_RNA,0.4025528132915497
SYCP2L_RNA,0.40251609683036804
TLR6_RNA,0.4024095833301544
PCDHA5_RNA,0.40230467915534973
SLC10A6_RNA,0.4016076326370239
AQR_RNA,0.4014323949813843
LCORL_RNA,0.4012068212032318
DMP1_RNA,0.40076854825019836
MTMR8_RNA,0.4006877541542053
CBX5_RNA,0.4001413881778717
OXNAD1_RNA,0.40007296204566956
ZNF669_RNA,0.39981475472450256
GPR21_RNA,0.3997553288936615
MGC15885_RNA,0.3997245132923126
EGLN2_RNA,0.39972034096717834
OBSCN_RNA,0.399507075548172
CDKAL1_RNA,0.39925795793533325
ATP10D_RNA,0.39903345704078674
HEATR4_RNA,0.39894795417785645
ZNF608_RNA,0.39863309264183044
ZNF148_RNA,0.3984808921813965
CD84_RNA,0.39832615852355957
ATXN3_RNA,0.3981831967830658
CCNT1_RNA,0.3976348638534546
ST6GALNAC6_RNA,0.3970414698123932
BRIP1_RNA,0.39688006043434143
SOCS4_RNA,0.39687585830688477
UNC80_RNA,0.3967307209968567
AR_RNA,0.39659497141838074
AGRP_RNA,0.39644578099250793
OVCH1_RNA,0.396340548992157
SP1_RNA,0.39630332589149475
PRDM5_RNA,0.39592793583869934
ZNF507_RNA,0.3958529829978943
MAGI3_RNA,0.39583292603492737
MTX3_RNA,0.39583128690719604
PKD1_RNA,0.39581313729286194
CEP152_RNA,0.3957870304584503
WDR17_RNA,0.39577803015708923
ROBO2_RNA,0.3953285813331604
ZDBF2_RNA,0.3951522409915924
ITPR1_RNA,0.39514511823654175
DCHS2_RNA,0.39466792345046997
ZNF20_RNA,0.3946605324745178
OR5C1_RNA,0.3946203589439392
CRNKL1_RNA,0.39445239305496216
MIR645_RNA,0.39420244097709656
SNORD115-5_RNA,0.3940705358982086
NAV2_RNA,0.39399760961532593
TAS2R38_RNA,0.3936823010444641
CIITA_RNA,0.3936310112476349
DGAT2L6_RNA,0.39360669255256653
PLEKHA8_RNA,0.3935789465904236
PEX1_RNA,0.39337870478630066
POLA1_RNA,0.39337125420570374
ZNF620_RNA,0.39319005608558655
MIR1276_RNA,0.3930303454399109
UBA6_RNA,0.39282917976379395
SNORD111_RNA,0.3923190236091614
GPC6_RNA,0.39210402965545654
GTF2I_RNA,0.39192137122154236
ZNF570_RNA,0.39190590381622314
RABGAP1L_RNA,0.39158645272254944
CLN3_RNA,0.3914867341518402
SENP7_RNA,0.39131513237953186
WDR36_RNA,0.39112523198127747
MORC3_RNA,0.39102044701576233
TPP2_RNA,0.3910198509693146
ZNF8_RNA,0.39095962047576904
KLHL15_RNA,0.39088934659957886
SETD2_RNA,0.39071446657180786
ALK_RNA,0.39054596424102783
RBL1_RNA,0.3903350234031677
NT5DC3_RNA,0.3902035057544708
COL5A2_RNA,0.3900682330131531
FRY_RNA,0.39005398750305176
SLC39A5_RNA,0.3900042176246643
ZKSCAN3_RNA,0.3899179995059967
ARHGAP10_RNA,0.38984209299087524
TET3_RNA,0.389799028635025
MIR30C1_RNA,0.3897036015987396
OR52W1_RNA,0.38944312930107117
THADA_RNA,0.38933756947517395
FOXE1_RNA,0.38928672671318054
DOCK10_RNA,0.38928431272506714
MID1_RNA,0.38927438855171204
PAPLN_RNA,0.3891838788986206
TMEM132B_RNA,0.3888415992259979
LRIG3_RNA,0.3888363242149353
TSSK4_RNA,0.3885416090488434
TAS2R5_RNA,0.3883567750453949
DPYD_RNA,0.38797467947006226
MYH7B_RNA,0.387970894575119
CLOCK_RNA,0.3879230320453644
KIDINS220_RNA,0.3878980875015259
RPAP2_RNA,0.38781434297561646
C1orf105_RNA,0.3877406418323517
IL12RB2_RNA,0.38761720061302185
ASAP2_RNA,0.3875063359737396
OR51I2_RNA,0.3873811364173889
MIR138-1_RNA,0.38735470175743103
ZNF441_RNA,0.3868250250816345
ZNF624_RNA,0.38620278239250183
AHI1_RNA,0.3860841691493988
SNORD83A_RNA,0.3859354853630066
CEP170_RNA,0.38583624362945557
ZNF510_RNA,0.38509875535964966
KIF1B_RNA,0.3850121796131134
AP4E1_RNA,0.3850100338459015
ABCC9_RNA,0.3846183717250824
LARP4_RNA,0.3845633864402771
OR52K1_RNA,0.3843730390071869
ZNF528_RNA,0.38433966040611267
SMCR8_RNA,0.38431745767593384
UBR3_RNA,0.38415998220443726
OR2AE1_RNA,0.38414230942726135
ZNF823_RNA,0.3841284513473511
PRLR_RNA,0.38402050733566284
PCDHGA4_RNA,0.383868932723999
MIR597_RNA,0.3835664391517639
PLXNA4_RNA,0.3835374116897583
ZNF100_RNA,0.38345295190811157
DOCK8_RNA,0.383407860994339
FARP2_RNA,0.3831503391265869
ZMYM1_RNA,0.38290509581565857
HIPK1_RNA,0.3828880190849304
IGF2BP3_RNA,0.3826407194137573
PCDHGB5_RNA,0.3824481964111328
ZNF23_RNA,0.3823546767234802
PCDHA7_RNA,0.38234516978263855
FGD6_RNA,0.3822028338909149
CCDC66_RNA,0.38211849331855774
BOLL_RNA,0.38197487592697144
EPB41L4A_RNA,0.38112151622772217
SNORD89_RNA,0.3810907304286957
EGLN1_RNA,0.3810746967792511
PHOSPHO1_RNA,0.38083329796791077
SMC5_RNA,0.38080427050590515
AGL_RNA,0.37966397404670715
ANKRD7_RNA,0.3795442581176758
CD80_RNA,0.3793691396713257
MIR548N_RNA,0.37936004996299744
TAS2R40_RNA,0.3793054521083832
SIPA1L2_RNA,0.3792734444141388
PTPRS_RNA,0.37903404235839844
ADH6_RNA,0.37888726592063904
ZNF506_RNA,0.3786701560020447
WDR7_RNA,0.37857088446617126
MIR1251_RNA,0.37846025824546814
BBS1_RNA,0.3780527412891388
ZNF568_RNA,0.3779946565628052
MERTK_RNA,0.37794628739356995
FBXL20_RNA,0.377875417470932
PATE1_RNA,0.3776620030403137
SHROOM4_RNA,0.37760448455810547
FNDC3A_RNA,0.3775365352630615
NAA25_RNA,0.37720808386802673
SNORD67_RNA,0.3770484924316406
ZBTB44_RNA,0.37678879499435425
STK17B_RNA,0.37677237391471863
ZNF197_RNA,0.376747727394104
CPD_RNA,0.3767268657684326
ZBTB38_RNA,0.3763344883918762
NOD1_RNA,0.3762144446372986
GAPDHS_RNA,0.3761272430419922
ZNF565_RNA,0.37582969665527344
ATP9B_RNA,0.3754477798938751
MDGA2_RNA,0.3754136264324188
ADAMTSL4_RNA,0.37535718083381653
OR9A2_RNA,0.3750666677951813
MIR593_RNA,0.3749912977218628
RSF1_RNA,0.37458983063697815
CHL1_RNA,0.3743589222431183
ROCK1_RNA,0.3743525445461273
PELI2_RNA,0.3742448389530182
NR3C2_RNA,0.37418270111083984
CCDC15_RNA,0.37417519092559814
SENP5_RNA,0.3738216161727905
IBTK_RNA,0.3737696409225464
IFI30_RNA,0.37354782223701477
PKHD1L1_RNA,0.3735112249851227
SNORD88A_RNA,0.3734365999698639
ADAM17_RNA,0.3730176091194153
PRSS8_RNA,0.37264782190322876
ITSN2_RNA,0.37261149287223816
PDZD8_RNA,0.3722924590110779
PCDHGA12_RNA,0.3722347617149353
LCT_RNA,0.37210598587989807
MEFV_RNA,0.37210574746131897
ANKRD44_RNA,0.3720713257789612
MIR624_RNA,0.3720647394657135
AKT3_RNA,0.37198036909103394
DPF3_RNA,0.3719252943992615
ZNF440_RNA,0.3717222213745117
MIR601_RNA,0.3716931939125061
RMST_RNA,0.3715445399284363
MFSD2B_RNA,0.3715318739414215
BAIAP2L1_RNA,0.3714892566204071
MIR661_RNA,0.37144067883491516
USP32_RNA,0.3713974356651306
SHROOM3_RNA,0.37126225233078003
ACTL7A_RNA,0.37120380997657776
ROBO1_RNA,0.37119486927986145
FXYD2_RNA,0.37117472290992737
SNTG1_RNA,0.3711661100387573
CYP2D6_RNA,0.3707488477230072
GALNT5_RNA,0.37072479724884033
CLCN5_RNA,0.37046611309051514
MTOR_RNA,0.37039920687675476
SOX6_RNA,0.3703290522098541
DIAPH2_RNA,0.37031289935112
DDI2_RNA,0.36988481879234314
AASDH_RNA,0.3695763647556305
HYMAI_RNA,0.36950334906578064
RALGAPB_RNA,0.3694840669631958
CPSF4L_RNA,0.3694682717323303
TEDDM1_RNA,0.3694332242012024
SNORD115-29_RNA,0.3694228529930115
ZNF713_RNA,0.36925485730171204
FOXN3_RNA,0.3688467741012573
SCN3A_RNA,0.3685348927974701
ZNFX1_RNA,0.368315190076828
PCDHGA9_RNA,0.36827459931373596
C22orf15_RNA,0.36812692880630493
SAMD9_RNA,0.3679406940937042
INPP4B_RNA,0.36788642406463623
ZNF225_RNA,0.36740899085998535
GPR141_RNA,0.3673768937587738
PKD1L1_RNA,0.3673582077026367
PPM1L_RNA,0.3671344518661499
SRGAP1_RNA,0.36704835295677185
ZNF398_RNA,0.3665604889392853
MIR98_RNA,0.36647194623947144
ZYG11B_RNA,0.36641114950180054
DCDC1_RNA,0.36626356840133667
SNORA11B_RNA,0.3662330210208893
KCNJ2_RNA,0.36617302894592285
KIF20B_RNA,0.3659685254096985
GPATCH2_RNA,0.3659016489982605
RPA4_RNA,0.36564701795578003
ZNF208_RNA,0.3655555844306946
KCNMB3_RNA,0.36534929275512695
PLEKHG7_RNA,0.3651215136051178
FBXO30_RNA,0.3650384843349457
SLC26A2_RNA,0.3648822605609894
TLN2_RNA,0.3647943139076233
WWC2_RNA,0.3646959662437439
PDE5A_RNA,0.36457914113998413
ACER2_RNA,0.36449870467185974
TBC1D19_RNA,0.36398518085479736
OR1L6_RNA,0.36390626430511475
USP3_RNA,0.36352506279945374
OR52B6_RNA,0.3627285957336426
MIR454_RNA,0.362703412771225
ZNF217_RNA,0.3624362349510193
CD93_RNA,0.3620491921901703
LAMB1_RNA,0.3619062602519989
SESN3_RNA,0.3618488609790802
ESYT3_RNA,0.36175933480262756
PPP1R9A_RNA,0.36168912053108215
MIR613_RNA,0.3616870939731598
NUDT13_RNA,0.36159268021583557
CUL9_RNA,0.3610474765300751
ZBTB34_RNA,0.36078202724456787
GXYLT2_RNA,0.36076462268829346
ZNF90_RNA,0.3607611656188965
MYSM1_RNA,0.3606413006782532
ZNF563_RNA,0.3602207601070404
DDHD1_RNA,0.36021968722343445
MBNL3_RNA,0.360210657119751
PRDM7_RNA,0.36016201972961426
ENTPD7_RNA,0.3600447475910187
MIR668_RNA,0.35996681451797485
IL17REL_RNA,0.3599529564380646
SNORD37_RNA,0.3598843812942505
HAVCR1_RNA,0.35904237627983093
MAMDC4_RNA,0.35883840918540955
MIR215_RNA,0.3587529957294464
MBD5_RNA,0.35843780636787415
STK4_RNA,0.35842859745025635
TGM4_RNA,0.3583170175552368
KLHL28_RNA,0.3582337498664856
ATRN_RNA,0.3581800162792206
CECR2_RNA,0.3580862581729889
MAP1B_RNA,0.35791015625
WDR35_RNA,0.35753902792930603
KPNA5_RNA,0.35717007517814636
TRPC5_RNA,0.3570113480091095
ZNF253_RNA,0.35692620277404785
ST7L_RNA,0.3569181561470032
CLPB_RNA,0.3568000793457031
LATS1_RNA,0.35678157210350037
HACE1_RNA,0.3566438555717468
PSMA2_RNA,0.3564857542514801
QRFP_RNA,0.35608527064323425
ARRDC5_RNA,0.35595884919166565
RNPC3_RNA,0.3558114469051361
ACMSD_RNA,0.3556614816188812
UPK1B_RNA,0.35540133714675903
CEACAM8_RNA,0.35532671213150024
RNF144B_RNA,0.3551490008831024
SERPINI2_RNA,0.35502707958221436
GIGYF2_RNA,0.35492515563964844
MSH3_RNA,0.3548976480960846
ZBTB25_RNA,0.3548595905303955
PGAP1_RNA,0.3548147678375244
CCDC39_RNA,0.35447490215301514
ZNF12_RNA,0.35434287786483765
PPP1R3C_RNA,0.35427194833755493
PARD6B_RNA,0.35425466299057007
HORMAD1_RNA,0.35422283411026
GABPB2_RNA,0.3539600670337677
PSME4_RNA,0.35389551520347595
GALNT4_RNA,0.3538871109485626
PDCD11_RNA,0.3535902202129364
SAMD8_RNA,0.35343611240386963
TRAF6_RNA,0.3532937467098236
SCARNA20_RNA,0.353200227022171
NUP98_RNA,0.3527657091617584
TASP1_RNA,0.3523845076560974
IGF1R_RNA,0.3522508442401886
ARHGAP21_RNA,0.35220322012901306
PCDHGA2_RNA,0.3521129786968231
TAF2_RNA,0.35130345821380615
IRGQ_RNA,0.3510191738605499
MIR1243_RNA,0.35086727142333984
SYTL4_RNA,0.3507811725139618
ANO6_RNA,0.3507760465145111
PPARGC1B_RNA,0.3506460189819336
SCTR_RNA,0.3506346642971039
ZNF571_RNA,0.3505939543247223
ZNF136_RNA,0.35044991970062256
SP4_RNA,0.3504355549812317
ZNF107_RNA,0.35037654638290405
ZNF157_RNA,0.3503720760345459
DCUN1D3_RNA,0.35005319118499756
LHCGR_RNA,0.34994444251060486
KIF13A_RNA,0.34982502460479736
SLC35F5_RNA,0.3497273027896881
NKTR_RNA,0.3491748869419098
UTP15_RNA,0.34907978773117065
ONECUT1_RNA,0.3489510416984558
TNKS_RNA,0.3483039140701294
MIR374A_RNA,0.34828585386276245
ZNF572_RNA,0.34826409816741943
ZNF814_RNA,0.34800463914871216
RBAK_RNA,0.3479851186275482
FGF23_RNA,0.34793463349342346
GK5_RNA,0.3479032814502716
TIAM2_RNA,0.3477676808834076
PARD3_RNA,0.3473539650440216
BRCA1_RNA,0.3468715250492096
PLEKHG1_RNA,0.34684401750564575
MYO1H_RNA,0.3467676639556885
SLC7A11_RNA,0.3466493487358093
RNF133_RNA,0.3465802073478699
RASA2_RNA,0.346510648727417
DSEL_RNA,0.3463972806930542
MIR300_RNA,0.3462713062763214
DSE_RNA,0.3462429642677307
SLK_RNA,0.3462410271167755
MIR1185-2_RNA,0.34618625044822693
IDE_RNA,0.3461667001247406
ANKRD28_RNA,0.3459886610507965
GRIA2_RNA,0.34577253460884094
UNC5C_RNA,0.3457562327384949
TRIM33_RNA,0.3456290364265442
TM4SF19_RNA,0.3454965054988861
PPARA_RNA,0.34547480940818787
DOCK5_RNA,0.3454585075378418
PRKAA2_RNA,0.3452450931072235
HERC4_RNA,0.34481853246688843
ZFP14_RNA,0.3444468677043915
CEACAM1_RNA,0.34408891201019287
CATSPERG_RNA,0.343998521566391
STK3_RNA,0.3437136113643646
KDM4C_RNA,0.3435976505279541
PKDREJ_RNA,0.3435162305831909
AMT_RNA,0.34347009658813477
ZNF549_RNA,0.34335246682167053
ZNF700_RNA,0.3433365523815155
TCF4_RNA,0.34311631321907043
ZNF486_RNA,0.34311172366142273
TBC1D14_RNA,0.34305307269096375
ALG10B_RNA,0.34304627776145935
OR52K2_RNA,0.342833012342453
PHLPP2_RNA,0.3427487015724182
EPHA4_RNA,0.3427145183086395
IRGM_RNA,0.3419683575630188
TEAD1_RNA,0.3419109284877777
ZNF397_RNA,0.3416350185871124
TMLHE_RNA,0.34149911999702454
CNKSR3_RNA,0.34144890308380127
KCNT2_RNA,0.3413705825805664
ZNF268_RNA,0.3410937488079071
SEL1L_RNA,0.3410724699497223
IPPK_RNA,0.34101855754852295
HERC3_RNA,0.34077882766723633
ZFYVE9_RNA,0.34071987867355347
LOC100130691_RNA,0.34070172905921936
SLC9A7_RNA,0.34068673849105835
ZBTB40_RNA,0.3405529260635376
PARP4_RNA,0.3403746485710144
ZNF248_RNA,0.3400469124317169
MRPS30_RNA,0.33988213539123535
ZNF267_RNA,0.3398568630218506
CFLAR_RNA,0.33980974555015564
MYO5B_RNA,0.33972200751304626
SLC38A9_RNA,0.33963263034820557
PLEKHM3_RNA,0.3395451605319977
PCDHB8_RNA,0.3395044207572937
PTPRB_RNA,0.33948737382888794
FOXO3_RNA,0.33939963579177856
COL7A1_RNA,0.33933505415916443
PGM2L1_RNA,0.3391207158565521
QRICH2_RNA,0.3390754461288452
ZNF250_RNA,0.338766872882843
TSSK3_RNA,0.3386838734149933
EPHA6_RNA,0.33853742480278015
SMAD2_RNA,0.3385184407234192
ZNF227_RNA,0.3385002017021179
ZBTB43_RNA,0.33846426010131836
VAV3_RNA,0.33842796087265015
ADORA2A_RNA,0.3383156657218933
GCNT1_RNA,0.3383026719093323
SLC7A6_RNA,0.33814311027526855
ADH1A_RNA,0.3380824029445648
ERAP2_RNA,0.3379879891872406
LIG3_RNA,0.33793944120407104
CLDN2_RNA,0.3377465009689331
FZD5_RNA,0.3374078571796417
AHNAK2_RNA,0.3373626470565796
RBM28_RNA,0.33732715249061584
PRB2_RNA,0.3369338810443878
NHSL1_RNA,0.33692193031311035
ADH4_RNA,0.33682912588119507
CRLS1_RNA,0.3367861211299896
ACTN3_RNA,0.33677709102630615
TMED8_RNA,0.3367706835269928
MAST4_RNA,0.33633583784103394
ZNF93_RNA,0.33610865473747253
RASA1_RNA,0.3360963463783264
LAMA4_RNA,0.3360825181007385
CMTM1_RNA,0.3360266089439392
NDUFA13_RNA,0.3356037437915802
SNORD116-11_RNA,0.3355529308319092
CWF19L2_RNA,0.3353922665119171
CNOT6L_RNA,0.33532023429870605
NCOR1_RNA,0.33524152636528015
TRAPPC6B_RNA,0.3351587653160095
DYRK1A_RNA,0.33508527278900146
STK31_RNA,0.3349118232727051
P2RY4_RNA,0.3348398208618164
URB2_RNA,0.3347497880458832
ZNF45_RNA,0.33471235632896423
FGGY_RNA,0.33469468355178833
SYT2_RNA,0.33446916937828064
OSBPL3_RNA,0.33429786562919617
DCBLD2_RNA,0.3342278301715851
C1orf185_RNA,0.3341619074344635
ZAR1_RNA,0.3340926766395569
DCLRE1C_RNA,0.3340044617652893
PLA2R1_RNA,0.334001362323761
SNORD115-42_RNA,0.3339671790599823
TM4SF20_RNA,0.33387744426727295
DNAH12_RNA,0.33386364579200745
CENPE_RNA,0.3338503837585449
SNORD56B_RNA,0.33381718397140503
FLG2_RNA,0.33371737599372864
MIA3_RNA,0.33336830139160156
MIR581_RNA,0.33330851793289185
WDHD1_RNA,0.3332929313182831
ZNF304_RNA,0.33322086930274963
MAP3K4_RNA,0.3332119584083557
MAP3K5_RNA,0.3330058455467224
ZNF613_RNA,0.3329932987689972
MIR1205_RNA,0.33298081159591675
SRBD1_RNA,0.33292391896247864
ARID4B_RNA,0.33284997940063477
ZIK1_RNA,0.33265000581741333
BMPR1A_RNA,0.3326222598552704
SNORA11_RNA,0.3325819671154022
MET_RNA,0.33252739906311035
CCDC134_RNA,0.3324945867061615
ZFP30_RNA,0.3323250412940979
FNIP2_RNA,0.33222150802612305
ATL3_RNA,0.3322010040283203
PTPRZ1_RNA,0.33218199014663696
ANK2_RNA,0.3316367268562317
ABCB4_RNA,0.3309105634689331
DYRK2_RNA,0.3305476903915405
SNORA79_RNA,0.33050617575645447
ESCO1_RNA,0.33038750290870667
TMEM232_RNA,0.33028969168663025
CYP3A43_RNA,0.33016934990882874
MIR2276_RNA,0.33005666732788086
INPP5B_RNA,0.32969680428504944
CDH11_RNA,0.3296709954738617
ANKRD31_RNA,0.3296029567718506
MIR30E_RNA,0.32957854866981506
SPAG9_RNA,0.32953062653541565
ALOX12_RNA,0.3295305073261261
FRS2_RNA,0.32923832535743713
ZNF354B_RNA,0.32918980717658997
C12orf56_RNA,0.32911601662635803
ZHX3_RNA,0.3290990889072418
IFT172_RNA,0.32909536361694336
FIGN_RNA,0.32898589968681335
CATSPERB_RNA,0.3289766311645508
CHST9_RNA,0.3287501335144043
SAMD9L_RNA,0.3286077678203583
SCN8A_RNA,0.3283921778202057
CHD2_RNA,0.3282141387462616
XPNPEP3_RNA,0.3279971480369568
SYT14_RNA,0.3279659152030945
MPDZ_RNA,0.3279019892215729
MIR1278_RNA,0.3278547525405884
STAG2_RNA,0.3275327682495117
IL7_RNA,0.32750001549720764
TEC_RNA,0.3274730443954468
ZNF606_RNA,0.32747188210487366
MIR545_RNA,0.3274010121822357
SNX25_RNA,0.32712042331695557
STON1-GTF2A1L_RNA,0.32704949378967285
AVPR2_RNA,0.32698923349380493
ZNF134_RNA,0.3268181085586548
WDR43_RNA,0.32681629061698914
ARHGAP12_RNA,0.32681548595428467
DSC2_RNA,0.3267502784729004
RNU11_RNA,0.3265683650970459
MCM3AP_RNA,0.32640549540519714
ZNF432_RNA,0.32611241936683655
PRH1_RNA,0.3260864317417145
RORB_RNA,0.3260013163089752
TANC1_RNA,0.3258444368839264
PYGO1_RNA,0.32580438256263733
PROX1_RNA,0.32552778720855713
ST8SIA4_RNA,0.3251957893371582
P2RY14_RNA,0.3250599503517151
SYCP2_RNA,0.32503870129585266
NRP1_RNA,0.3248324990272522
PDE6A_RNA,0.3246564269065857
TTC39B_RNA,0.3245801329612732
DPYSL2_RNA,0.32454100251197815
CAGE1_RNA,0.32447952032089233
BTBD7_RNA,0.32430899143218994
RASGRP1_RNA,0.3241283893585205
CLEC2D_RNA,0.3239821195602417
ZNF85_RNA,0.3238186836242676
MED17_RNA,0.32379576563835144
TAS2R8_RNA,0.3237508535385132
ATF6_RNA,0.3232971131801605
HBP1_RNA,0.3232312798500061
MIP_RNA,0.32300880551338196
OMP_RNA,0.32299187779426575
ARID1B_RNA,0.32284849882125854
PCDHB1_RNA,0.32281672954559326
OSBPL8_RNA,0.3227244019508362
ATAD3B_RNA,0.32257527112960815
DNAJC3_RNA,0.3225068747997284
POLR1A_RNA,0.3224061131477356
CSMD2_RNA,0.3218250572681427
LVRN_RNA,0.32181358337402344
VPS8_RNA,0.321676105260849
RAG2_RNA,0.3213766813278198
NDUFS1_RNA,0.3213519752025604
DNAH6_RNA,0.3209657371044159
APOA2_RNA,0.3209311366081238
PIBF1_RNA,0.32090383768081665
CHRNA6_RNA,0.32084545493125916
MECOM_RNA,0.3207828402519226
PTGER4_RNA,0.32063165307044983
GNB4_RNA,0.320605605840683
PCDH18_RNA,0.3202599585056305
RASGEF1B_RNA,0.3202134668827057
L3MBTL4_RNA,0.3201049268245697
S100G_RNA,0.31999313831329346
SPIRE1_RNA,0.3199898600578308
DEXI_RNA,0.31995248794555664
ZNF548_RNA,0.3198850452899933
UBE3A_RNA,0.319661408662796
TDRD3_RNA,0.31963178515434265
ADAMTS19_RNA,0.3195651173591614
MAPKBP1_RNA,0.3194528818130493
POF1B_RNA,0.3193725645542145
WNT8B_RNA,0.31932464241981506
DIABLO_RNA,0.31928959488868713
ZNF583_RNA,0.3192131221294403
WDFY2_RNA,0.3191162049770355
ABCG8_RNA,0.31881362199783325
ZNF527_RNA,0.31868553161621094
PCDHB9_RNA,0.31867337226867676
TRIM13_RNA,0.3186042904853821
NAV3_RNA,0.3184643089771271
CRIM1_RNA,0.31834790110588074
XAF1_RNA,0.31822723150253296
SLC26A7_RNA,0.3181641399860382
ZBTB39_RNA,0.31807371973991394
H6PD_RNA,0.3180638253688812
ZC3H14_RNA,0.318041056394577
MIR573_RNA,0.3179410696029663
ZNF229_RNA,0.3178321123123169
AMELX_RNA,0.31735512614250183
ZNF800_RNA,0.3171962797641754
OR6V1_RNA,0.31717997789382935
RAPGEF2_RNA,0.31713029742240906
SLC12A2_RNA,0.31697124242782593
LTB4R2_RNA,0.31682783365249634
PIK3C3_RNA,0.3167647421360016
ZNF485_RNA,0.3166642189025879
TMF1_RNA,0.3166341781616211
OGFOD2_RNA,0.3162568211555481
NR1I3_RNA,0.3162204623222351
C15orf62_RNA,0.31588563323020935
CCR9_RNA,0.3157947063446045
CEP250_RNA,0.315760999917984
SPTAN1_RNA,0.31573033332824707
ASPN_RNA,0.31572961807250977
DLG5_RNA,0.31572943925857544
TMEM184A_RNA,0.3156425654888153
ELF2_RNA,0.3156081438064575
STXBP5_RNA,0.31553351879119873
GP1BA_RNA,0.315412700176239
VCL_RNA,0.315250039100647
LAMC1_RNA,0.3151075839996338
ZNF773_RNA,0.31503570079803467
GRM6_RNA,0.31480398774147034
OMA1_RNA,0.3148011863231659
APAF1_RNA,0.314761221408844
IQCJ_RNA,0.3147467076778412
MIR194-1_RNA,0.31459707021713257
ATAD2_RNA,0.3145022392272949
MIR744_RNA,0.31437990069389343
PLEKHH2_RNA,0.3142605423927307
SNORD100_RNA,0.31420817971229553
PDE3B_RNA,0.31396281719207764
GP6_RNA,0.3139435648918152
TTF2_RNA,0.313933789730072
BMS1P4_RNA,0.3136991858482361
MIR708_RNA,0.31361424922943115
ZFC3H1_RNA,0.31354227662086487
ZNF436_RNA,0.31328776478767395
MFN1_RNA,0.3131074607372284
EXOC6B_RNA,0.313048392534256
DNAH8_RNA,0.31302085518836975
BCAP29_RNA,0.31247925758361816
RRH_RNA,0.31243282556533813
OTUD3_RNA,0.31240540742874146
ZNF516_RNA,0.31239795684814453
ZNF257_RNA,0.31234946846961975
RFX3_RNA,0.3122982680797577
CNR1_RNA,0.3122234642505646
AKAP12_RNA,0.3120346963405609
FRMD6_RNA,0.31168532371520996
ZNF766_RNA,0.31166914105415344
SNX30_RNA,0.3113914728164673
WDR73_RNA,0.31125572323799133
SRPK1_RNA,0.31115996837615967
B3GALNT2_RNA,0.311156302690506
RNF168_RNA,0.3111308217048645
ARHGAP20_RNA,0.31099995970726013
SLMAP_RNA,0.31089726090431213
MMP21_RNA,0.31084543466567993
FCHO2_RNA,0.3107703924179077
FRRS1_RNA,0.31065109372138977
GGT1_RNA,0.3106182813644409
ZNF470_RNA,0.31047895550727844
TMTC1_RNA,0.31042957305908203
ILK_RNA,0.31038904190063477
TRPA1_RNA,0.3103157877922058
TSC1_RNA,0.31022411584854126
TRPM5_RNA,0.3102073669433594
ABRA_RNA,0.3101206421852112
PKN2_RNA,0.310097873210907
HPS5_RNA,0.30978912115097046
OCLN_RNA,0.30975502729415894
ZNF671_RNA,0.3097362816333771
FAM120C_RNA,0.3096570074558258
ZNF28_RNA,0.3096051514148712
MIR941-1_RNA,0.30957499146461487
GC_RNA,0.30944132804870605
SNX13_RNA,0.3093326985836029
ZNF35_RNA,0.30926933884620667
CDK13_RNA,0.3091261088848114
LIN54_RNA,0.3090364336967468
GRHL2_RNA,0.3090188801288605
PIP_RNA,0.30901822447776794
SLC5A4_RNA,0.3088262975215912
BCKDHA_RNA,0.3088070750236511
TACC1_RNA,0.3087954521179199
ZNF71_RNA,0.3086325526237488
KIF21A_RNA,0.30858126282691956
PIK3R4_RNA,0.30846452713012695
TERC_RNA,0.30843019485473633
GANC_RNA,0.3078949749469757
LRP11_RNA,0.3078868091106415
TCF20_RNA,0.3078765869140625
ATP2A1_RNA,0.3078145980834961
ZMYM2_RNA,0.30772626399993896
ZNF491_RNA,0.30767661333084106
BICD1_RNA,0.3075927495956421
ZNF793_RNA,0.30742424726486206
CDYL_RNA,0.3073890209197998
AAK1_RNA,0.30692145228385925
THOC2_RNA,0.3068239986896515
PHF20L1_RNA,0.30666643381118774
BMPR2_RNA,0.3063940405845642
MIR563_RNA,0.3063603937625885
PPP2R3A_RNA,0.30626973509788513
CDKL1_RNA,0.3062673807144165
KCNN3_RNA,0.3061300814151764
BCL2_RNA,0.30606022477149963
ARPC1B_RNA,0.3059942424297333
LONP2_RNA,0.30590495467185974
ZNF350_RNA,0.30586713552474976
COG5_RNA,0.30561572313308716
MIR2116_RNA,0.30555078387260437
FBXO32_RNA,0.3053717017173767
FUT2_RNA,0.30533233284950256
AVL9_RNA,0.3052041828632355
ZKSCAN2_RNA,0.30467602610588074
SETDB1_RNA,0.3046409487724304
ZNF813_RNA,0.3044891953468323
DDX47_RNA,0.30434682965278625
FOXN2_RNA,0.30380570888519287
ZNF318_RNA,0.30379852652549744
ZNF550_RNA,0.30365049839019775
SRPX2_RNA,0.30355876684188843
NKPD1_RNA,0.30324921011924744
CCDC150_RNA,0.3031652271747589
SLC41A2_RNA,0.3030966520309448
IQCH_RNA,0.30299514532089233
B3GALT5_RNA,0.3029911518096924
GPHA2_RNA,0.30297377705574036
MIPOL1_RNA,0.30291748046875
ZNF649_RNA,0.3027283549308777
SECISBP2L_RNA,0.3026946783065796
FKTN_RNA,0.3025825321674347
ZNF366_RNA,0.30228888988494873
DSP_RNA,0.3022080957889557
CLCC1_RNA,0.3021862804889679
MYO5A_RNA,0.3021089732646942
ARG1_RNA,0.3019266426563263
CLTC_RNA,0.3019101023674011
PDS5B_RNA,0.3018263876438141
PDS5A_RNA,0.30166491866111755
CTTNBP2_RNA,0.3015172779560089
SYNPO2L_RNA,0.30149567127227783
OGT_RNA,0.3010793924331665
CYCSP52_RNA,0.30096203088760376
HOMER1_RNA,0.3009609580039978
MYO19_RNA,0.3009592592716217
MPP4_RNA,0.3008546233177185
GCC2_RNA,0.3007707893848419
ZNF776_RNA,0.3007034659385681
GPSM2_RNA,0.30068859457969666
SLC12A6_RNA,0.3006189465522766
FAM184B_RNA,0.3005596399307251
CAPS2_RNA,0.3004348874092102
TMED7-TICAM2_RNA,0.3003044128417969
KLHL6_RNA,0.30020594596862793
SLC5A2_RNA,0.30013883113861084
MIR130A_RNA,0.30012553930282593
MIR505_RNA,0.3001054525375366
SNORD96B_RNA,0.3000819683074951
SNORA65_RNA,0.30002519488334656
DIDO1_RNA,0.29998865723609924
KCNJ6_RNA,0.299889475107193
ZNF256_RNA,0.2998678982257843
CC2D2A_RNA,0.2995724081993103
ZNF534_RNA,0.2992722988128662
LMTK2_RNA,0.2992328703403473
REV1_RNA,0.2991332411766052
ZBTB24_RNA,0.2989819347858429
ITGB1_RNA,0.298729807138443
MGAT4A_RNA,0.29871970415115356
TNK1_RNA,0.29849445819854736
VTI1A_RNA,0.298379510641098
LUZP1_RNA,0.2983604967594147
PHLDB2_RNA,0.2983030080795288
EXOC8_RNA,0.2982676923274994
CSMD3_RNA,0.29799261689186096
SMTNL1_RNA,0.29793795943260193
LINS1_RNA,0.297919362783432
ARID5B_RNA,0.2977162003517151
MIR326_RNA,0.29771602153778076
ZNF501_RNA,0.29769811034202576
SDCCAG8_RNA,0.2976434826850891
CAND1_RNA,0.2975689172744751
ZNF674_RNA,0.2974008321762085
COL4A3_RNA,0.2973582446575165
PRUNE2_RNA,0.29727408289909363
CSNK1A1_RNA,0.2972359359264374
ZNF343_RNA,0.29682686924934387
PTCHD1_RNA,0.2966020107269287
NOTCH1_RNA,0.29637348651885986
CASK_RNA,0.2961456775665283
ZZZ3_RNA,0.29613155126571655
PCDHA10_RNA,0.29607319831848145
NF2_RNA,0.2960231602191925
GIT2_RNA,0.2958030104637146
TNR_RNA,0.2957465648651123
MIR154_RNA,0.2957414388656616
NUP153_RNA,0.29556170105934143
C10orf62_RNA,0.2955451011657715
LIPG_RNA,0.2955120801925659
FEM1C_RNA,0.295499712228775
ADAMTS15_RNA,0.2952824831008911
TNRC6C_RNA,0.29512056708335876
SLC35D1_RNA,0.2949542701244354
CCDC60_RNA,0.2945823669433594
TGFB2_RNA,0.2945035696029663
UHMK1_RNA,0.29447141289711
ZNF26_RNA,0.29424577951431274
ZNF514_RNA,0.294143408536911
TAS2R60_RNA,0.2941076159477234
NEK4_RNA,0.2940835952758789
STX17_RNA,0.29407912492752075
KRBA2_RNA,0.29401007294654846
CEP120_RNA,0.2939991056919098
KIAA1614_RNA,0.29399439692497253
LMBRD2_RNA,0.29398128390312195
MAMDC2_RNA,0.2938849627971649
HCFC2_RNA,0.2937749922275543
TMOD2_RNA,0.2935517132282257
ZFAT_RNA,0.29354357719421387
ARHGAP18_RNA,0.29324254393577576
SFTPB_RNA,0.2930271327495575
ZNF189_RNA,0.29297804832458496
TSTD2_RNA,0.2926420569419861
DLC1_RNA,0.2925552427768707
MORN1_RNA,0.2924146056175232
ZNF665_RNA,0.2922033369541168
ABCC2_RNA,0.2921040952205658
ZNF560_RNA,0.2920748293399811
HTR4_RNA,0.29202863574028015
SOAT1_RNA,0.292012095451355
NLGN4X_RNA,0.2919229567050934
PRDM15_RNA,0.2918872535228729
ZNF333_RNA,0.2914445996284485
TAS2R42_RNA,0.29139646887779236
ZNF449_RNA,0.29130852222442627
BMPR1B_RNA,0.2911089360713959
MIR655_RNA,0.29093337059020996
DSCR9_RNA,0.29091718792915344
TLN1_RNA,0.2908802926540375
MBOAT2_RNA,0.290810763835907
OR2B2_RNA,0.2907976508140564
MTNR1B_RNA,0.29054689407348633
SNORD11B_RNA,0.29041042923927307
MIRLET7G_RNA,0.2900633215904236
CR1_RNA,0.29005521535873413
ITSN1_RNA,0.29005080461502075
LHFPL2_RNA,0.2900227904319763
CD2AP_RNA,0.2899753451347351
LRRC8E_RNA,0.28988349437713623
YEATS2_RNA,0.28984710574150085
PCDHGC5_RNA,0.2897256314754486
ABCC4_RNA,0.28968915343284607
TBL1XR1_RNA,0.28966566920280457
NFXL1_RNA,0.28939974308013916
CSNK1G1_RNA,0.28930187225341797
SLC12A1_RNA,0.2892467975616455
CLDN19_RNA,0.2892097532749176
FAM91A1_RNA,0.28909385204315186
LHFPL5_RNA,0.28900015354156494
SNORD101_RNA,0.28898948431015015
LARP1B_RNA,0.2888878583908081
ITGAM_RNA,0.2888476848602295
ZNF791_RNA,0.2887946367263794
AKR1E2_RNA,0.2886788249015808
TRANK1_RNA,0.2885342538356781
IL6ST_RNA,0.2883782386779785
HTT_RNA,0.2882860600948334
CLASP1_RNA,0.2882397472858429
ZNF443_RNA,0.28823357820510864
SFMBT1_RNA,0.28796663880348206
ATP6V0A2_RNA,0.2877945303916931
CD226_RNA,0.2877224385738373
PDE6C_RNA,0.2875594198703766
C20orf173_RNA,0.2873028516769409
ZNF662_RNA,0.287278950214386
FYCO1_RNA,0.28707194328308105
ITGB1BP2_RNA,0.2868897020816803
SPEN_RNA,0.28659525513648987
LDLR_RNA,0.2865718603134155
XRCC2_RNA,0.28653281927108765
CEP135_RNA,0.2864903509616852
ZNF394_RNA,0.28648054599761963
SEC24A_RNA,0.28647518157958984
NEDD9_RNA,0.2864725589752197
GPR158_RNA,0.2864181101322174
NUP133_RNA,0.2862324118614197
ZNF721_RNA,0.2859353721141815
KIF24_RNA,0.2859281003475189
MYO18A_RNA,0.28587502241134644
CDCA2_RNA,0.28583860397338867
SGMS2_RNA,0.2857683002948761
TG_RNA,0.2856881618499756
KPNA6_RNA,0.28565555810928345
ALS2_RNA,0.28560730814933777
ZNF544_RNA,0.2855280041694641
MDM2_RNA,0.2854958176612854
TMEM92_RNA,0.28547990322113037
SNORD6_RNA,0.2854195535182953
WDR44_RNA,0.28538620471954346
TSHR_RNA,0.28537777066230774
ACACB_RNA,0.28519678115844727
FBXW7_RNA,0.2849850654602051
PIWIL2_RNA,0.2849768400192261
SENP6_RNA,0.28475627303123474
GJB3_RNA,0.284684419631958
CDH26_RNA,0.28463780879974365
NEK1_RNA,0.2845730781555176
EPHA1_RNA,0.2845272421836853
PGGT1B_RNA,0.28441041707992554
XKRX_RNA,0.2842918336391449
MIR1180_RNA,0.28386297821998596
CAPN7_RNA,0.2838575541973114
ADAM28_RNA,0.28384146094322205
RAB40AL_RNA,0.2838234007358551
SNORD72_RNA,0.2838023006916046
F5_RNA,0.2837231159210205
MTMR4_RNA,0.2836875021457672
STAT2_RNA,0.28361377120018005
ZNF718_RNA,0.2836076319217682
FMO5_RNA,0.28357240557670593
PRC1_RNA,0.28326812386512756
CUL5_RNA,0.2832000255584717
ZBTB16_RNA,0.28305068612098694
ACACA_RNA,0.2829967737197876
XPR1_RNA,0.28285282850265503
PCDHGB1_RNA,0.2824084162712097
LRP4_RNA,0.2823716998100281
TXNDC5_RNA,0.2822292745113373
IPO4_RNA,0.2822171747684479
DNASE1_RNA,0.28185373544692993
SLFN12L_RNA,0.28183233737945557
EIF2AK2_RNA,0.2818223834037781
FRMD4A_RNA,0.28173211216926575
SMC4_RNA,0.2815991938114166
TIPARP_RNA,0.28155192732810974
ATP4A_RNA,0.2815273106098175
ZNF879_RNA,0.28130918741226196
FOSL2_RNA,0.28109264373779297
STRN3_RNA,0.2810315787792206
APPL1_RNA,0.28101927042007446
ZNF180_RNA,0.2809346616268158
EML4_RNA,0.28086069226264954
MASP2_RNA,0.2808435261249542
MFRP_RNA,0.2806515693664551
PIGN_RNA,0.28039538860321045
BCAT1_RNA,0.2799835503101349
IL6R_RNA,0.2799575924873352
SNORD114-15_RNA,0.2798987030982971
MIR148B_RNA,0.27986904978752136
CFB_RNA,0.279857873916626
TMEM95_RNA,0.2798537611961365
CTNND1_RNA,0.27977895736694336
NHS_RNA,0.2797679901123047
ERCC6L_RNA,0.2797654867172241
TSGA10_RNA,0.2797457277774811
DGKG_RNA,0.27958405017852783
ESRRG_RNA,0.27919936180114746
CLTCL1_RNA,0.27888739109039307
RAD21L1_RNA,0.2788792848587036
EEF2K_RNA,0.2788585126399994
MIR320A_RNA,0.27865588665008545
TDRD1_RNA,0.2786006033420563
JAK1_RNA,0.2785941958427429
LONRF2_RNA,0.2785855233669281
SMURF2_RNA,0.27846086025238037
ZMYM4_RNA,0.2783809006214142
BAZ1A_RNA,0.2780919075012207
MIR654_RNA,0.2780425250530243
ZNF260_RNA,0.27793005108833313
EYA3_RNA,0.27786940336227417
TLR2_RNA,0.277751624584198
PCDH15_RNA,0.27768373489379883
PTGFRN_RNA,0.27765199542045593
PABPN1L_RNA,0.27752450108528137
CEBPZ_RNA,0.27742183208465576
MCM8_RNA,0.27733325958251953
NAA11_RNA,0.277283251285553
DET1_RNA,0.27724704146385193
MYO16_RNA,0.2772446572780609
KLF7_RNA,0.27720698714256287
YTHDC2_RNA,0.27714067697525024
PSG8_RNA,0.2770094573497772
RSPH6A_RNA,0.27700427174568176
RB1CC1_RNA,0.27695193886756897
MIR320C1_RNA,0.2768937945365906
SIK2_RNA,0.27687856554985046
LHB_RNA,0.2767568528652191
PPP1R12B_RNA,0.27654746174812317
TYW1B_RNA,0.2765199542045593
TCEANC_RNA,0.2763230502605438
KCNIP4_RNA,0.27629703283309937
ANKFY1_RNA,0.27611252665519714
MED1_RNA,0.2759656310081482
TMEM161B_RNA,0.2758644223213196
TP53INP1_RNA,0.2757161855697632
SYNJ2BP_RNA,0.2756647765636444
RAB23_RNA,0.2755550146102905
DNAJC16_RNA,0.2754455506801605
MUTYH_RNA,0.27506497502326965
HAS2_RNA,0.2750568985939026
TNFSF15_RNA,0.27476733922958374
LPIN3_RNA,0.274431437253952
PKHD1_RNA,0.2743857204914093
TSGA13_RNA,0.27430880069732666
TNKS2_RNA,0.27416548132896423
ADAMTS18_RNA,0.27388542890548706
ADAM9_RNA,0.27374616265296936
MBNL1_RNA,0.2736630439758301
JRK_RNA,0.2736337184906006
CASS4_RNA,0.27351412177085876
SLC6A4_RNA,0.27350711822509766
TMEM174_RNA,0.27342554926872253
XIST_RNA,0.27337807416915894
KALRN_RNA,0.2733430862426758
XPO1_RNA,0.2732682526111603
STRN_RNA,0.273206502199173
ZBTB1_RNA,0.27314361929893494
INTS8_RNA,0.2729044258594513
BICC1_RNA,0.2728702425956726
FANCD2_RNA,0.2728041410446167
EVC2_RNA,0.2723754942417145
RGS17_RNA,0.27235835790634155
RAB22A_RNA,0.27228593826293945
TAF4B_RNA,0.27223125100135803
HGF_RNA,0.2722099721431732
SMC1B_RNA,0.27216047048568726
SLC22A1_RNA,0.2718811333179474
RAB40A_RNA,0.27187255024909973
SNORD92_RNA,0.27181896567344666
GPLD1_RNA,0.27171385288238525
HTR1F_RNA,0.271670937538147
PFAS_RNA,0.27153027057647705
FREM1_RNA,0.2715156078338623
GSTCD_RNA,0.27130255103111267
GTF3C1_RNA,0.2711510956287384
GPD2_RNA,0.271132230758667
NAV1_RNA,0.2710755169391632
SLC26A1_RNA,0.2708602845668793
TREML4_RNA,0.2708449363708496
SPTBN5_RNA,0.27079325914382935
C4orf51_RNA,0.2706884741783142
PGM3_RNA,0.270518958568573
PRKAG3_RNA,0.2704312205314636
KIF5B_RNA,0.2699712812900543
THRSP_RNA,0.26996490359306335
FN1_RNA,0.26980844140052795
POLI_RNA,0.2697474956512451
BBS9_RNA,0.26972290873527527
SPINK5_RNA,0.26968955993652344
OR2B11_RNA,0.2695365846157074
ZNF334_RNA,0.26944229006767273
RNASE8_RNA,0.2694346010684967
IL17RD_RNA,0.2692898213863373
LRRC58_RNA,0.26914387941360474
HIGD1C_RNA,0.2691214084625244
PIAS2_RNA,0.2691131830215454
ZSCAN29_RNA,0.2690748870372772
PAN3_RNA,0.26892346143722534
SNORD117_RNA,0.2688817083835602
ZNF567_RNA,0.2688228487968445
ZNF433_RNA,0.26879552006721497
DMTF1_RNA,0.26875782012939453
PRKG1_RNA,0.2687179744243622
MIR26A2_RNA,0.26870813965797424
NHEJ1_RNA,0.26862651109695435
ZFP62_RNA,0.2684449851512909
BNIP2_RNA,0.2684325873851776
KIAA1586_RNA,0.2682763934135437
CCDC142_RNA,0.26821979880332947
ENPP1_RNA,0.2681921422481537
GMPS_RNA,0.26797035336494446
PRKCA_RNA,0.26795506477355957
PTK6_RNA,0.2676929831504822
PPP1R12A_RNA,0.26764193177223206
ABCB5_RNA,0.2675876021385193
TAS2R41_RNA,0.2675604224205017
CPSF2_RNA,0.2675270140171051
MIR541_RNA,0.2674407958984375
GAB1_RNA,0.267332524061203
KATNAL2_RNA,0.26728692650794983
ZBTB11_RNA,0.2670882046222687
SCARNA23_RNA,0.2669692635536194
ZBTB8B_RNA,0.26696687936782837
ZNF14_RNA,0.26692885160446167
ERC1_RNA,0.26662909984588623
NOC3L_RNA,0.2666008472442627
CCDC38_RNA,0.2664596140384674
MAGI1_RNA,0.266402006149292
RPS10_RNA,0.2663603723049164
DHX8_RNA,0.2661321461200714
CCNE2_RNA,0.26609131693840027
KIF16B_RNA,0.26598960161209106
TGFBR1_RNA,0.26594850420951843
CA13_RNA,0.2658531963825226
MIR181A1_RNA,0.2657623291015625
NLRP3_RNA,0.26550328731536865
VANGL1_RNA,0.26543328166007996
TSPAN16_RNA,0.26535871624946594
NRCAM_RNA,0.26527249813079834
DPP8_RNA,0.2652598023414612
PCCA_RNA,0.26522141695022583
SP3_RNA,0.2649879455566406
PIK3R1_RNA,0.2645638883113861
USP28_RNA,0.2644854784011841
NR3C1_RNA,0.2642967402935028
MANBA_RNA,0.26425307989120483
TNRC6A_RNA,0.26416105031967163
EXOSC3_RNA,0.26404663920402527
PDLIM5_RNA,0.2640446722507477
EP300_RNA,0.2639490067958832
ERN1_RNA,0.2639438807964325
EFR3B_RNA,0.26394081115722656
MIR598_RNA,0.26357337832450867
KLHL8_RNA,0.2634468376636505
KDM3B_RNA,0.2634332478046417
ATG7_RNA,0.26335516571998596
HECW2_RNA,0.2633513808250427
GFPT1_RNA,0.26320770382881165
CREB1_RNA,0.26315850019454956
ZNF605_RNA,0.2630780339241028
TAF8_RNA,0.2626977562904358
NLRP12_RNA,0.26269039511680603
LAMB2_RNA,0.2626759111881256
LCLAT1_RNA,0.2626493275165558
SIX4_RNA,0.2626083493232727
BTBD9_RNA,0.2625822424888611
HUS1B_RNA,0.2625315487384796
ANKIB1_RNA,0.26252785325050354
ARIH1_RNA,0.26239633560180664
SCAPER_RNA,0.26229357719421387
APPBP2_RNA,0.26214197278022766
ZNF277_RNA,0.2621285617351532
DENND2C_RNA,0.2621147036552429
SNORA77_RNA,0.26210397481918335
GRID2IP_RNA,0.2621019184589386
CD109_RNA,0.2620325982570648
COG3_RNA,0.2619447410106659
PDZK1_RNA,0.26190054416656494
ALPK1_RNA,0.2618980407714844
MIR32_RNA,0.2618977725505829
MIR758_RNA,0.26186636090278625
NID2_RNA,0.2618497312068939
ATP7B_RNA,0.26174333691596985
ITGA2B_RNA,0.26163214445114136
VPS54_RNA,0.26159292459487915
PPARGC1A_RNA,0.2615129053592682
MIR1913_RNA,0.2614266276359558
AGTPBP1_RNA,0.26126813888549805
ZNF518B_RNA,0.26105013489723206
PIGL_RNA,0.2608790099620819
ZNF471_RNA,0.26065337657928467
ZNF626_RNA,0.26045989990234375
CLIP1_RNA,0.2604207396507263
NAA15_RNA,0.260299414396286
HEPHL1_RNA,0.2602808475494385
SNORD114-16_RNA,0.2601436376571655
TNFRSF9_RNA,0.2600221037864685
CDKL5_RNA,0.2600049078464508
MALT1_RNA,0.2599914073944092
PCNT_RNA,0.259950190782547
TGS1_RNA,0.2598654627799988
SLC4A1_RNA,0.2596990764141083
C1orf220_RNA,0.2593589127063751
PATL2_RNA,0.2592257261276245
COL4A1_RNA,0.25861284136772156
MIR618_RNA,0.25861117243766785
PCDH17_RNA,0.2583250105381012
MAN2C1_RNA,0.25830063223838806
ADAM10_RNA,0.25811630487442017
SLFN14_RNA,0.258087158203125
PDCD6_RNA,0.25799545645713806
SLC31A2_RNA,0.25798821449279785
SPRED1_RNA,0.2578813135623932
PPP1R3B_RNA,0.25777459144592285
LMAN1_RNA,0.2577371597290039
SMAD5_RNA,0.2576391100883484
ACOT12_RNA,0.257557213306427
TIGIT_RNA,0.2574031949043274
CDC40_RNA,0.2573646605014801
PRKD3_RNA,0.2573586404323578
MLYCD_RNA,0.2572886645793915
FRAS1_RNA,0.2572869062423706
PCMTD1_RNA,0.25715798139572144
TFDP2_RNA,0.2569269835948944
IL1RAP_RNA,0.25671789050102234
PANK2_RNA,0.25649553537368774
ZNF41_RNA,0.2563817501068115
SNORD115-32_RNA,0.25618505477905273
RBBP5_RNA,0.2559261918067932
RNGTT_RNA,0.2558709979057312
MIR1288_RNA,0.2558138370513916
RBM33_RNA,0.25580212473869324
LPGAT1_RNA,0.2557770907878876
FAM185A_RNA,0.2557204067707062
SLC14A2_RNA,0.25568610429763794
HAL_RNA,0.2556058466434479
TTC17_RNA,0.25558409094810486
DIP2A_RNA,0.2555045783519745
CCDC83_RNA,0.25548115372657776
SF3B1_RNA,0.2553517818450928
JMJD7-PLA2G4B_RNA,0.2552463412284851
PMS2CL_RNA,0.25523173809051514
C5_RNA,0.2551874816417694
ZNF827_RNA,0.25510430335998535
ELMO3_RNA,0.2549484372138977
ATP13A5_RNA,0.2549092769622803
FAM151B_RNA,0.25487253069877625
LRP8_RNA,0.25474312901496887
ZNF804B_RNA,0.25471508502960205
HYDIN_RNA,0.2546917796134949
ITGB3_RNA,0.25465142726898193
PDE8A_RNA,0.2545825242996216
PCDHA6_RNA,0.2544075548648834
ZNF24_RNA,0.2543517053127289
GABARAPL3_RNA,0.25421732664108276
PCDHGA3_RNA,0.254204124212265
SNORD115-25_RNA,0.25395387411117554
OR10G3_RNA,0.2538638710975647
IDS_RNA,0.25385570526123047
SLC16A10_RNA,0.2537391185760498
CNTLN_RNA,0.2536739706993103
COL25A1_RNA,0.2536005675792694
C3orf22_RNA,0.2532835602760315
STOX2_RNA,0.25323960185050964
TRAK2_RNA,0.2532064616680145
ARHGAP29_RNA,0.25308167934417725
RAD52_RNA,0.253071129322052
CDK5RAP2_RNA,0.2529318332672119
SCYL3_RNA,0.2528461813926697
MYOF_RNA,0.2527329921722412
MIR329-1_RNA,0.2527097761631012
ZNF320_RNA,0.2526302635669708
BEND3_RNA,0.252515584230423
ABCB7_RNA,0.25246813893318176
USP38_RNA,0.2524648904800415
ZNF761_RNA,0.25242695212364197
NSUN6_RNA,0.25237053632736206
OPN1SW_RNA,0.25234153866767883
AMMECR1_RNA,0.2519814372062683
WDR88_RNA,0.25197121500968933
PRDM10_RNA,0.2519383132457733
MND1_RNA,0.2519218623638153
KCNAB1_RNA,0.25180238485336304
PAPOLG_RNA,0.25171777606010437
GPR161_RNA,0.25162750482559204
HDAC9_RNA,0.2515522241592407
APCDD1L_RNA,0.2515030801296234
SLC22A7_RNA,0.25148534774780273
SNX29_RNA,0.25137221813201904
AARS2_RNA,0.2513611912727356
SLC4A8_RNA,0.2513342797756195
ZNF468_RNA,0.2512245774269104
SNRK_RNA,0.25105494260787964
TBC1D2B_RNA,0.2509744465351105
MIR23B_RNA,0.2509547472000122
CCDC30_RNA,0.2507752478122711
MTMR9_RNA,0.25047701597213745
IL10RA_RNA,0.2503707706928253
SNORA36C_RNA,0.25026047229766846
GEMIN5_RNA,0.2500479221343994
SEMA3C_RNA,0.2498343288898468
ASNS_RNA,0.24982507526874542
NFKBIZ_RNA,0.24978065490722656
CD163_RNA,0.24960505962371826
ZNF614_RNA,0.24932405352592468
OPA1_RNA,0.24925488233566284
VWF_RNA,0.24919630587100983
KHNYN_RNA,0.2491104006767273
CNOT2_RNA,0.24890148639678955
CAD_RNA,0.24883437156677246
ZNF710_RNA,0.2488003671169281
CLEC7A_RNA,0.2487994283437729
RAG1_RNA,0.248759463429451
POLH_RNA,0.24875545501708984
ST3GAL1_RNA,0.24864594638347626
ZNF75D_RNA,0.24851569533348083
METTL8_RNA,0.2484031468629837
TMEM33_RNA,0.24835892021656036
ATP9A_RNA,0.24822433292865753
SOS2_RNA,0.24811707437038422
OR13D1_RNA,0.2480810284614563
SLCO5A1_RNA,0.24797983467578888
MIR181B1_RNA,0.2479502409696579
SLC38A4_RNA,0.24786905944347382
CELSR1_RNA,0.24781326949596405
PLXNC1_RNA,0.24775384366512299
MIR222_RNA,0.24751441180706024
USP44_RNA,0.24750018119812012
USP25_RNA,0.24743373692035675
TMEM39A_RNA,0.24742700159549713
TBC1D4_RNA,0.24723710119724274
PUM1_RNA,0.24712421000003815
TXK_RNA,0.24700984358787537
MIR9-3_RNA,0.24698765575885773
GNS_RNA,0.24685527384281158
ZNF57_RNA,0.2468280792236328
EPB41L5_RNA,0.24675817787647247
CEP164_RNA,0.24671252071857452
HDX_RNA,0.24666236340999603
MAML2_RNA,0.24658729135990143
WNT2B_RNA,0.24631522595882416
CDCA7L_RNA,0.2462916076183319
EPHA3_RNA,0.24622605741024017
SLC46A2_RNA,0.24617838859558105
NEIL3_RNA,0.24616356194019318
SLC25A32_RNA,0.2461266666650772
ZNF287_RNA,0.2460825890302658
MIR382_RNA,0.2458423525094986
NPNT_RNA,0.24569405615329742
BACH2_RNA,0.24562370777130127
TMPRSS12_RNA,0.24560178816318512
MAVS_RNA,0.2455766648054123
MIR617_RNA,0.2455763816833496
USP15_RNA,0.24557532370090485
C8orf74_RNA,0.2455366551876068
PON1_RNA,0.24549910426139832
COL24A1_RNA,0.24546754360198975
TMEM135_RNA,0.24528808891773224
SNHG10_RNA,0.24526932835578918
ZNF641_RNA,0.24519015848636627
INO80_RNA,0.2450534999370575
ZNF181_RNA,0.24504658579826355
PLEKHA2_RNA,0.2448393851518631
PHACTR1_RNA,0.24481531977653503
FAM135B_RNA,0.24479305744171143
MIR2113_RNA,0.24476787447929382
SLC24A5_RNA,0.24467024207115173
STK38L_RNA,0.2445874959230423
FSHR_RNA,0.24456213414669037
DDX3X_RNA,0.2443857640028
EIF4B_RNA,0.24436451494693756
C1orf50_RNA,0.24426600337028503
USP8_RNA,0.2437199205160141
ZNF211_RNA,0.24371850490570068
SNORD115-1_RNA,0.24368686974048615
RGS22_RNA,0.24358098208904266
PDE4B_RNA,0.24344393610954285
FRK_RNA,0.24333277344703674
CKAP5_RNA,0.24331402778625488
ZSCAN22_RNA,0.24328982830047607
EIF2AK3_RNA,0.2432771772146225
TARBP1_RNA,0.24317121505737305
COL16A1_RNA,0.24288514256477356
ATXN1L_RNA,0.24283459782600403
NPAS3_RNA,0.24277228116989136
TSEN2_RNA,0.2426309436559677
FMNL3_RNA,0.242461159825325
P2RX7_RNA,0.24229846894741058
RASSF2_RNA,0.2421473264694214
KLHL36_RNA,0.24209356307983398
MIR627_RNA,0.24206973612308502
ZNF324_RNA,0.24203592538833618
ZNF559_RNA,0.24198274314403534
TMOD3_RNA,0.24197548627853394
ZNF345_RNA,0.24181649088859558
RYR2_RNA,0.24177615344524384
SCARNA14_RNA,0.24176938831806183
ZC3H10_RNA,0.24176113307476044
CRB2_RNA,0.24174241721630096
ACTR8_RNA,0.24151189625263214
MIR376B_RNA,0.2414751797914505
TSFM_RNA,0.24145212769508362
NOP2_RNA,0.24128778278827667
KIF26B_RNA,0.24123625457286835
NEDD1_RNA,0.24119320511817932
FOXR1_RNA,0.24113860726356506
MTPAP_RNA,0.241047665476799
MKI67_RNA,0.24091634154319763
MBTD1_RNA,0.2408405840396881
ARL5B_RNA,0.2408294379711151
VHLL_RNA,0.24082151055335999
GEN1_RNA,0.24080130457878113
KRR1_RNA,0.2407318353652954
ZNF623_RNA,0.24068495631217957
PLA2G2F_RNA,0.24067610502243042
ADAM7_RNA,0.24067409336566925
LPL_RNA,0.24061843752861023
ZNF101_RNA,0.24048620462417603
KIAA0232_RNA,0.24046330153942108
HS3ST3B1_RNA,0.24040231108665466
HPS3_RNA,0.24030984938144684
GCC1_RNA,0.24026374518871307
HOMER2_RNA,0.24018019437789917
ARNT_RNA,0.24008256196975708
GDPD4_RNA,0.24003495275974274
PPP2R1B_RNA,0.23993578553199768
FGL2_RNA,0.23991233110427856
TMEM154_RNA,0.23989395797252655
DNM3_RNA,0.2398684173822403
ATP8B2_RNA,0.23982198536396027
QKI_RNA,0.2398088425397873
TMEM67_RNA,0.23980410397052765
FBXO38_RNA,0.23978273570537567
RGS9BP_RNA,0.23965978622436523
ALDH6A1_RNA,0.23960034549236298
ADNP2_RNA,0.23959238827228546
MIR380_RNA,0.2393883466720581
TBC1D8_RNA,0.2393844723701477
NCBP1_RNA,0.23926067352294922
SPTY2D1_RNA,0.23915855586528778
LOC100192426_RNA,0.23914039134979248
CTDSPL2_RNA,0.2389577478170395
GIMAP5_RNA,0.23894697427749634
CAMSAP1_RNA,0.23885029554367065
SASH1_RNA,0.23872265219688416
BTBD8_RNA,0.2386714220046997
GRM7_RNA,0.2386181354522705
HSPA4L_RNA,0.2386021465063095
SLC39A9_RNA,0.23857145011425018
FUT6_RNA,0.23850826919078827
PLCD4_RNA,0.23843678832054138
DNLZ_RNA,0.23829591274261475
PTPN11_RNA,0.23816527426242828
MIR381_RNA,0.23812568187713623
NCKAP1L_RNA,0.23809292912483215
NFIB_RNA,0.23803408443927765
TGFBR3_RNA,0.2379647195339203
GNRH1_RNA,0.23791161179542542
MYO1E_RNA,0.2377258837223053
DTX3L_RNA,0.2376619428396225
CAMK2D_RNA,0.23749980330467224
ZNF133_RNA,0.23747092485427856
GJA9_RNA,0.2374366968870163
RSBN1_RNA,0.23731179535388947
XKR4_RNA,0.23699674010276794
NT5C1B_RNA,0.23693065345287323
NCOA1_RNA,0.23681622743606567
DISC1_RNA,0.23661115765571594
CACNB2_RNA,0.2366064488887787
GLYCTK_RNA,0.23650670051574707
FER1L4_RNA,0.23647576570510864
TMPRSS11F_RNA,0.23641933500766754
DUSP10_RNA,0.2363390028476715
CEPT1_RNA,0.2362060397863388
MME_RNA,0.23608773946762085
ZKSCAN5_RNA,0.23599982261657715
SEC23A_RNA,0.23590169847011566
RAB30_RNA,0.23584608733654022
SLC25A24_RNA,0.2358105182647705
DYNC1LI2_RNA,0.23579835891723633
S1PR2_RNA,0.2357509285211563
SLC10A7_RNA,0.23564311861991882
DHTKD1_RNA,0.23536702990531921
ANGEL2_RNA,0.235177680850029
WBP2NL_RNA,0.23517535626888275
ZNF609_RNA,0.23507429659366608
COL4A4_RNA,0.23507080972194672
RPS6KA3_RNA,0.23505805432796478
CNKSR2_RNA,0.23501056432724
FGF2_RNA,0.23493628203868866
CLN5_RNA,0.23487187922000885
PLAG1_RNA,0.23486332595348358
CDS2_RNA,0.23479868471622467
ESYT2_RNA,0.2346070110797882
DGCR11_RNA,0.2344975471496582
MED12_RNA,0.23439499735832214
OR51I1_RNA,0.2343573421239853
MIR298_RNA,0.23409190773963928
ZNF655_RNA,0.23400914669036865
TUBA3D_RNA,0.23397523164749146
TYR_RNA,0.23389670252799988
DNMT3A_RNA,0.23366421461105347
ERCC8_RNA,0.2336425930261612
NAA16_RNA,0.23361721634864807
GPAM_RNA,0.23358221352100372
TNFRSF10A_RNA,0.2335175722837448
GTF3C4_RNA,0.2334640771150589
HNF4G_RNA,0.23346222937107086
OR51B2_RNA,0.23345282673835754
CPS1_RNA,0.23323974013328552
ARHGAP26_RNA,0.23320944607257843
PPWD1_RNA,0.23312965035438538
SMG6_RNA,0.23310144245624542
PCSK7_RNA,0.2330208569765091
DARS2_RNA,0.23301702737808228
RPS6KA5_RNA,0.2330080270767212
TBC1D12_RNA,0.2329946905374527
SNORD115-40_RNA,0.23299281299114227
STARD13_RNA,0.232977494597435
DHX29_RNA,0.2328803539276123
CELA2A_RNA,0.23271654546260834
OFD1_RNA,0.2326621413230896
PATE2_RNA,0.2325667291879654
ZNF646_RNA,0.23250381648540497
FAM180A_RNA,0.23242200911045074
CPA6_RNA,0.23231828212738037
ZNF84_RNA,0.23230218887329102
TBCK_RNA,0.23228752613067627
ZNF532_RNA,0.23228058218955994
PLEKHA3_RNA,0.2321571409702301
ZNF226_RNA,0.2318895161151886
BIK_RNA,0.23183132708072662
ZNF585A_RNA,0.23177184164524078
UNC13B_RNA,0.23154273629188538
CLCN3_RNA,0.23150460422039032
GNA13_RNA,0.2314840853214264
GSK3B_RNA,0.23129920661449432
MSH6_RNA,0.2312181293964386
EPM2A_RNA,0.23119723796844482
IRAK1BP1_RNA,0.23109011352062225
EPB42_RNA,0.231018528342247
SLC2A12_RNA,0.2309022843837738
TRMT11_RNA,0.23087754845619202
SLC4A5_RNA,0.23074202239513397
ALKBH8_RNA,0.23059046268463135
KIAA1671_RNA,0.23054718971252441
AHRR_RNA,0.23036426305770874
PLEKHA5_RNA,0.23032917082309723
TRPC1_RNA,0.2302769273519516
MIR1301_RNA,0.2301992028951645
GAB3_RNA,0.23000802099704742
C16orf90_RNA,0.229924738407135
CDH2_RNA,0.2299077957868576
RPS6KC1_RNA,0.22986547648906708
AOAH_RNA,0.2298480123281479
SEPSECS_RNA,0.2298014760017395
TIGD7_RNA,0.22959765791893005
ZCCHC2_RNA,0.22953879833221436
UPK3B_RNA,0.2295387238264084
PRIM2_RNA,0.22948791086673737
SNORD19_RNA,0.22942893207073212
NT5C2_RNA,0.2292252480983734
WDR33_RNA,0.22904819250106812
SLC25A16_RNA,0.2288244068622589
NLRC3_RNA,0.2287912219762802
DOCK9_RNA,0.22878049314022064
OR11H4_RNA,0.22875995934009552
WDR3_RNA,0.22873274981975555
NBPF3_RNA,0.22863411903381348
THBS3_RNA,0.22844606637954712
OGFRL1_RNA,0.22825875878334045
TRIM38_RNA,0.22821690142154694
TSPAN32_RNA,0.22805766761302948
JAK2_RNA,0.2279476821422577
TTLL13_RNA,0.22792477905750275
SFTPA1_RNA,0.22791147232055664
SPON1_RNA,0.22782106697559357
BMS1_RNA,0.2274332195520401
ZNF416_RNA,0.22743278741836548
LEMD3_RNA,0.22738415002822876
MGAT5_RNA,0.22726818919181824
SETDB2_RNA,0.22710072994232178
MIR604_RNA,0.22702622413635254
NCAPD3_RNA,0.22699201107025146
DDX21_RNA,0.2269052118062973
IREB2_RNA,0.22686943411827087
G3BP1_RNA,0.22686247527599335
DIS3_RNA,0.226852148771286
SLC24A1_RNA,0.2267395704984665
THSD7B_RNA,0.22667711973190308
ZDHHC21_RNA,0.22667203843593597
STAM2_RNA,0.2265855222940445
PMS2_RNA,0.2264002561569214
TRIM75_RNA,0.22633405029773712
UBE3C_RNA,0.22629708051681519
PIK3R2_RNA,0.22623461484909058
GTF3C3_RNA,0.2261960208415985
SLC30A4_RNA,0.22611862421035767
NR2E3_RNA,0.2261108011007309
ENTPD8_RNA,0.22598546743392944
ZNF680_RNA,0.22580046951770782
TAF1L_RNA,0.22564750909805298
ZNF621_RNA,0.22540366649627686
PSMG4_RNA,0.2253611981868744
XIAP_RNA,0.22532926499843597
SOCS6_RNA,0.22523102164268494
IFITM5_RNA,0.2251729816198349
CTNNB1_RNA,0.22512002289295197
NOL4_RNA,0.22505316138267517
ZHX1_RNA,0.22504259645938873
ZNF878_RNA,0.22492046654224396
ZYG11A_RNA,0.22488579154014587
RBM39_RNA,0.22485564649105072
FUT11_RNA,0.22480183839797974
LCA5_RNA,0.22479639947414398
SLC7A6OS_RNA,0.22468812763690948
ADAM22_RNA,0.22465716302394867
EIF4G3_RNA,0.22435446083545685
SF3B3_RNA,0.22434134781360626
HDAC4_RNA,0.2243264615535736
DPY19L4_RNA,0.2240954488515854
RBM12_RNA,0.22404298186302185
ABHD1_RNA,0.2240193486213684
DAPK1_RNA,0.22389951348304749
SCYL2_RNA,0.22387979924678802
ELP4_RNA,0.2237692028284073
ZSCAN2_RNA,0.22369152307510376
TIGD4_RNA,0.22358258068561554
EDNRB_RNA,0.22339928150177002
BAZ1B_RNA,0.22339101135730743
WDR81_RNA,0.2233588695526123
ZNF230_RNA,0.22320780158042908
MSR1_RNA,0.22314774990081787
HTRA4_RNA,0.22314724326133728
WDR11_RNA,0.22313636541366577
MEGF10_RNA,0.2229282557964325
PHF6_RNA,0.2229139357805252
MIR657_RNA,0.22288283705711365
MIR578_RNA,0.22282910346984863
ASB15_RNA,0.2228125035762787
MEMO1_RNA,0.2227705866098404
MIR760_RNA,0.22263021767139435
XYLT2_RNA,0.22260484099388123
BLM_RNA,0.22259990870952606
ZNF529_RNA,0.22240012884140015
SLC45A2_RNA,0.22235064208507538
PPIL4_RNA,0.22228358685970306
ACSBG1_RNA,0.22222407162189484
EPB41_RNA,0.2222125381231308
MTHFR_RNA,0.22220824658870697
LRRTM2_RNA,0.22220580279827118
DUSP4_RNA,0.2219865322113037
SMC1A_RNA,0.22197014093399048
BLZF1_RNA,0.22194835543632507
DNAJB7_RNA,0.22192500531673431
PJA2_RNA,0.22169554233551025
POLE_RNA,0.22150181233882904
MIR548J_RNA,0.2214711457490921
NR1D2_RNA,0.22124607861042023
OR51Q1_RNA,0.22119063138961792
PCDHGB7_RNA,0.22114820778369904
ZNF526_RNA,0.2210359126329422
MAB21L2_RNA,0.2209661453962326
TBC1D5_RNA,0.2209150195121765
ZNF648_RNA,0.22087296843528748
GPT_RNA,0.22068120539188385
SORBS1_RNA,0.2206764817237854
KLHL3_RNA,0.22055086493492126
LYG1_RNA,0.22046612203121185
KDR_RNA,0.2203739732503891
OR3A3_RNA,0.22036771476268768
PCDHGB2_RNA,0.2203606367111206
POLG_RNA,0.22021132707595825
SPPL2A_RNA,0.22006145119667053
RSPH3_RNA,0.22003206610679626
LRCH3_RNA,0.21986807882785797
IPMK_RNA,0.21985024213790894
OTUD4_RNA,0.2198268175125122
SCFD1_RNA,0.21953000128269196
SNX18_RNA,0.21948088705539703
ZNF419_RNA,0.21945655345916748
DAAM1_RNA,0.2193620651960373
MIR942_RNA,0.21934646368026733
VCAM1_RNA,0.21932700276374817
SCAI_RNA,0.2192779928445816
PPFIA1_RNA,0.2191716879606247
BNIPL_RNA,0.21911878883838654
TEX9_RNA,0.21909096837043762
CEP76_RNA,0.21904195845127106
CHKB-CPT1B_RNA,0.21894454956054688
ANKRD13C_RNA,0.21892637014389038
SLC36A3_RNA,0.21889765560626984
RBM47_RNA,0.2187364101409912
UNC5D_RNA,0.21867917478084564
IKZF3_RNA,0.21857194602489471
ZNF331_RNA,0.21856437623500824
GHSR_RNA,0.2185286581516266
CRLF3_RNA,0.21848754584789276
FAM184A_RNA,0.21844203770160675
NDST2_RNA,0.21841852366924286
SYNC_RNA,0.2182064950466156
AGR2_RNA,0.218155175447464
FPR3_RNA,0.21815356612205505
RBL2_RNA,0.21802040934562683
TMCO2_RNA,0.21799585223197937
GPR156_RNA,0.2178908735513687
ANK3_RNA,0.2177298367023468
ADAMTS5_RNA,0.2176779955625534
STAG3_RNA,0.2176266461610794
LRRC18_RNA,0.21748416125774384
PLSCR2_RNA,0.21740837395191193
SKP2_RNA,0.21740098297595978
STIL_RNA,0.217313751578331
TUBGCP5_RNA,0.21730883419513702
RRP8_RNA,0.21727393567562103
RFX7_RNA,0.21724805235862732
PTPDC1_RNA,0.2171219289302826
METTL14_RNA,0.21709829568862915
SLC39A14_RNA,0.21696101129055023
SPTLC2_RNA,0.2169169783592224
CGNL1_RNA,0.21682989597320557
MYOT_RNA,0.21678805351257324
RPGRIP1L_RNA,0.21663257479667664
HEATR5A_RNA,0.21661902964115143
NLRC5_RNA,0.21643684804439545
SERINC5_RNA,0.21641427278518677
CACHD1_RNA,0.21639876067638397
CHST4_RNA,0.21623794734477997
CHRM5_RNA,0.216185063123703
OSM_RNA,0.21617716550827026
RGPD3_RNA,0.216013103723526
MRC2_RNA,0.21589995920658112
NOM1_RNA,0.21573075652122498
LAMA3_RNA,0.215581476688385
ABLIM1_RNA,0.2155536264181137
MEGF8_RNA,0.21543091535568237
TJP1_RNA,0.21540579199790955
CCDC73_RNA,0.21528515219688416
NBN_RNA,0.21511246263980865
AP1G1_RNA,0.21497510373592377
BANP_RNA,0.21485161781311035
ASCL3_RNA,0.21478118002414703
PANX1_RNA,0.21475382149219513
ZNF175_RNA,0.21444502472877502
ZNF224_RNA,0.21434691548347473
RP1_RNA,0.21410991251468658
ACSS3_RNA,0.21400709450244904
FLT1_RNA,0.21395033597946167
RAB8B_RNA,0.21379487216472626
MAML3_RNA,0.2136843353509903
CEP78_RNA,0.21361683309078217
YES1_RNA,0.21337959170341492
ART1_RNA,0.21319687366485596
FOXP1_RNA,0.21317914128303528
CD40LG_RNA,0.21300645172595978
NUP43_RNA,0.21300429105758667
DSTYK_RNA,0.21293427050113678
HEATR6_RNA,0.212833970785141
RAF1_RNA,0.2128157913684845
PDGFD_RNA,0.21279168128967285
PPP1R15B_RNA,0.21266113221645355
SEMA3A_RNA,0.21265393495559692
MIR589_RNA,0.2126423865556717
ITGA1_RNA,0.21257951855659485
CDAN1_RNA,0.2125633805990219
JARID2_RNA,0.21250100433826447
TRAPPC5_RNA,0.21246105432510376
RNF19A_RNA,0.21245241165161133
KRT12_RNA,0.21239201724529266
RDH5_RNA,0.21217836439609528
IDI2_RNA,0.2121189385652542
MIR329-2_RNA,0.21200859546661377
TBC1D16_RNA,0.21195684373378754
JAM3_RNA,0.21194854378700256
FBXW2_RNA,0.21194256842136383
METTL3_RNA,0.21192878484725952
HBA1_RNA,0.21192650496959686
VMAC_RNA,0.2118934541940689
ERAP1_RNA,0.2117987424135208
ZNF566_RNA,0.21179655194282532
SDHA_RNA,0.2117527723312378
SLA2_RNA,0.21173791587352753
PYROXD1_RNA,0.21172262728214264
DNAJB8_RNA,0.21166527271270752
MIR1250_RNA,0.21142250299453735
CEP70_RNA,0.21138133108615875
ENTPD4_RNA,0.21117131412029266
NLRP6_RNA,0.21114996075630188
SASS6_RNA,0.21114838123321533
NPR3_RNA,0.21100535988807678
TLR8_RNA,0.21099093556404114
PER2_RNA,0.2109316885471344
HIPK2_RNA,0.2108597457408905
ZNF778_RNA,0.210822194814682
PIK3AP1_RNA,0.2107100784778595
UPF2_RNA,0.2106948047876358
GLIS3_RNA,0.2106265425682068
UBASH3B_RNA,0.2104983627796173
TDRD12_RNA,0.2103833556175232
GNRH2_RNA,0.2103140652179718
ZXDC_RNA,0.21028554439544678
CBY3_RNA,0.21028175950050354
FAM168A_RNA,0.21027961373329163
CARD14_RNA,0.21026702225208282
TRIM9_RNA,0.21021768450737
ZKSCAN4_RNA,0.21002459526062012
AKAP10_RNA,0.21000619232654572
PDK1_RNA,0.20995649695396423
RUNX1T1_RNA,0.2099168747663498
EPHA7_RNA,0.20989343523979187
INTS4_RNA,0.20982784032821655
ST8SIA1_RNA,0.20977094769477844
GMEB1_RNA,0.2093958556652069
ASXL1_RNA,0.2091914415359497
CCR2_RNA,0.20909033715724945
OR1B1_RNA,0.20906177163124084
EXOC4_RNA,0.20905952155590057
SNORD115-38_RNA,0.20898212492465973
SIPA1L3_RNA,0.20897048711776733
MIR185_RNA,0.20895497500896454
CDSN_RNA,0.208903968334198
KIAA0087_RNA,0.2088715136051178
MIR152_RNA,0.20886117219924927
EPHA5_RNA,0.20873677730560303
RIT1_RNA,0.2086990624666214
SMARCC1_RNA,0.20860151946544647
PRKCI_RNA,0.20856371521949768
DLG1_RNA,0.20851731300354004
WNT3A_RNA,0.20851260423660278
GJC1_RNA,0.20849761366844177
NBPF1_RNA,0.20835095643997192
SMARCE1_RNA,0.20827393233776093
DNMT3B_RNA,0.20822830498218536
CDC27_RNA,0.20814970135688782
MIR641_RNA,0.2081121802330017
PAN2_RNA,0.2079455405473709
ACSL3_RNA,0.20794211328029633
GAS2L3_RNA,0.20780660212039948
MPEG1_RNA,0.20774441957473755
MIR411_RNA,0.20774351060390472
HNF1A_RNA,0.20772483944892883
ZNF92_RNA,0.20770803093910217
POLR1B_RNA,0.20758040249347687
PLCL2_RNA,0.20756077766418457
LRCH1_RNA,0.20750850439071655
ZNF697_RNA,0.20748622715473175
ZFP37_RNA,0.20745372772216797
MLLT10_RNA,0.20743818581104279
ZNF492_RNA,0.20730112493038177
ZNF487_RNA,0.2072620838880539
LAMA5_RNA,0.20700320601463318
THOC5_RNA,0.2068982571363449
EDC4_RNA,0.2068401426076889
ANKRD10_RNA,0.20683550834655762
ZW10_RNA,0.20671087503433228
MIOS_RNA,0.20654037594795227
GLG1_RNA,0.20645689964294434
CLASP2_RNA,0.20601437985897064
BCO2_RNA,0.20593324303627014
OVCH2_RNA,0.20590689778327942
CCDC102B_RNA,0.20579810440540314
NR4A3_RNA,0.20575226843357086
TMEM213_RNA,0.20565848052501678
RBM20_RNA,0.20549003779888153
POLE2_RNA,0.2054889053106308
ZNF600_RNA,0.2054717093706131
SLC37A2_RNA,0.20539350807666779
MXD1_RNA,0.2053697258234024
BHMT_RNA,0.20535065233707428
LTBP1_RNA,0.2051723599433899
FER1L6_RNA,0.2051674723625183
VGLL3_RNA,0.20514222979545593
ZNF138_RNA,0.2050934135913849
SH3TC1_RNA,0.20505385100841522
G2E3_RNA,0.20493066310882568
TNFRSF11A_RNA,0.20486287772655487
RAX2_RNA,0.20479150116443634
MIR1284_RNA,0.20440420508384705
ASB3_RNA,0.20427271723747253
ITGA6_RNA,0.20422837138175964
CACNA1C_RNA,0.20421479642391205
TBK1_RNA,0.20418976247310638
USP13_RNA,0.20403452217578888
MCPH1_RNA,0.20402570068836212
ALPK2_RNA,0.20400312542915344
MIR556_RNA,0.20393136143684387
MIR425_RNA,0.2038932889699936
SNX27_RNA,0.20380869507789612
OR2C1_RNA,0.20360444486141205
MIA_RNA,0.20348770916461945
HECTD2_RNA,0.2034607231616974
ZRANB1_RNA,0.2034439593553543
AVIL_RNA,0.20342694222927094
PTPRE_RNA,0.20342430472373962
ABCC3_RNA,0.20338140428066254
YY1AP1_RNA,0.20335876941680908
PRPF18_RNA,0.2032936066389084
MCTP1_RNA,0.20328378677368164
COL4A5_RNA,0.20319083333015442
MAK16_RNA,0.20312537252902985
MYH10_RNA,0.203027606010437
KLHL20_RNA,0.20299753546714783
HIGD2B_RNA,0.20297713577747345
FBXO11_RNA,0.2028779685497284
SPOPL_RNA,0.2027316391468048
CENPL_RNA,0.20260155200958252
TOPBP1_RNA,0.202583909034729
NNT_RNA,0.20258240401744843
ZBTB46_RNA,0.20257918536663055
MIR605_RNA,0.20256474614143372
TMEM181_RNA,0.20244938135147095
CASZ1_RNA,0.20244739949703217
IPP_RNA,0.2023305594921112
CNNM2_RNA,0.20227627456188202
TNFRSF10C_RNA,0.20226895809173584
SNORA70B_RNA,0.2020050287246704
SLCO6A1_RNA,0.20199967920780182
MIR496_RNA,0.20199693739414215
XIRP1_RNA,0.20190660655498505
TNFRSF19_RNA,0.20185238122940063
SCAND3_RNA,0.2017597109079361
PTK7_RNA,0.2013983279466629
PUS7_RNA,0.20131146907806396
C9_RNA,0.20128539204597473
NAMPT_RNA,0.20124170184135437
MIR570_RNA,0.2011660486459732
COL27A1_RNA,0.20111261308193207
CCR6_RNA,0.2009727656841278
KDM5C_RNA,0.20088844001293182
MCTP2_RNA,0.20084820687770844
LRIG1_RNA,0.2008335292339325
ZNF799_RNA,0.200822114944458
HAUS3_RNA,0.20081999897956848
RHOBTB1_RNA,0.20078304409980774
NLRC4_RNA,0.20066681504249573
COL4A2_RNA,0.20064307749271393
REEP3_RNA,0.20064117014408112
NFE2L3_RNA,0.2006169557571411
NAA35_RNA,0.20054815709590912
CENPJ_RNA,0.20052093267440796
CASP10_RNA,0.20042017102241516
TCF12_RNA,0.20039653778076172
FERMT2_RNA,0.20033393800258636
SELP_RNA,0.200089231133461
SMARCAD1_RNA,0.19995541870594025
IRS1_RNA,0.19992905855178833
AADACL2_RNA,0.19986003637313843
MIR345_RNA,0.1998445838689804
RFC1_RNA,0.1998123973608017
NMBR_RNA,0.1997707188129425
SNORD82_RNA,0.199715256690979
EDEM1_RNA,0.19962328672409058
ZCCHC4_RNA,0.1996021270751953
ITPR3_RNA,0.19958192110061646
CARD6_RNA,0.19950516521930695
VRK2_RNA,0.19940704107284546
MIR487B_RNA,0.1993577629327774
MOGAT1_RNA,0.19932164251804352
GK_RNA,0.19932082295417786
MNAT1_RNA,0.19926193356513977
KLHL18_RNA,0.19924035668373108
TRIT1_RNA,0.1990322768688202
ZNF844_RNA,0.1990041881799698
PTEN_RNA,0.19893239438533783
TNS1_RNA,0.19892968237400055
AMBRA1_RNA,0.1988464742898941
SLC26A3_RNA,0.1986818164587021
CDC14B_RNA,0.19864808022975922
CDYL2_RNA,0.19860287010669708
FAM13A_RNA,0.198581725358963
INPP4A_RNA,0.19854575395584106
SLC18A1_RNA,0.1985321342945099
WNK1_RNA,0.19847844541072845
PDGFC_RNA,0.19842328131198883
CLSPN_RNA,0.19837303459644318
PLCB3_RNA,0.19835075736045837
ZNF682_RNA,0.19832353293895721
TRIM71_RNA,0.1982860416173935
AGBL3_RNA,0.1981087177991867
CDKL3_RNA,0.19808432459831238
ZNF732_RNA,0.19806919991970062
KIF15_RNA,0.1980392038822174
ADAM8_RNA,0.19795408844947815
WDR64_RNA,0.19789613783359528
MTMR3_RNA,0.19776301085948944
GRIA4_RNA,0.1976204216480255
KLRD1_RNA,0.197543203830719
ZMAT3_RNA,0.19743089377880096
DOCK1_RNA,0.1973710060119629
CFTR_RNA,0.197322279214859
CCDC88C_RNA,0.19721320271492004
STYX_RNA,0.1972031444311142
ZNF558_RNA,0.1971268206834793
FEM1B_RNA,0.19709111750125885
PTPRD_RNA,0.19707827270030975
TIAM1_RNA,0.19707481563091278
TRIM23_RNA,0.19703389704227448
APOF_RNA,0.19701384007930756
C2CD3_RNA,0.1968303620815277
SRCAP_RNA,0.19679714739322662
SNORD1B_RNA,0.1967078596353531
TPCN2_RNA,0.19667936861515045
ERCC4_RNA,0.19666950404644012
PLD1_RNA,0.1966557800769806
TMC4_RNA,0.19654510915279388
PFKFB2_RNA,0.1965007334947586
DBT_RNA,0.19648215174674988
ZNF582_RNA,0.1964515745639801
LRRC4C_RNA,0.19642789661884308
MIR204_RNA,0.19632264971733093
RINT1_RNA,0.19623693823814392
DPY19L3_RNA,0.19617997109889984
LOXL4_RNA,0.196066752076149
MMRN1_RNA,0.1959315836429596
SNORD115-14_RNA,0.1957973688840866
DCC_RNA,0.19573894143104553
NUP160_RNA,0.19572901725769043
ARID4A_RNA,0.19562864303588867
MTM1_RNA,0.19552209973335266
ANKMY1_RNA,0.19547656178474426
DNAJC14_RNA,0.19544145464897156
MAP4K3_RNA,0.1953752636909485
PPAT_RNA,0.1953548938035965
SEMA6D_RNA,0.19533924758434296
CD300LB_RNA,0.19533474743366241
CCDC93_RNA,0.19523513317108154
GBP2_RNA,0.19517770409584045
IL17RA_RNA,0.195128932595253
ST6GAL2_RNA,0.19510503113269806
AGPAT4_RNA,0.19508390128612518
ADAMTS3_RNA,0.19500970840454102
POU5F1_RNA,0.19496020674705505
RAD18_RNA,0.19483326375484467
ACVR2A_RNA,0.19474944472312927
ZNF146_RNA,0.19432519376277924
KRT20_RNA,0.1942833513021469
ADAMTSL1_RNA,0.19425691664218903
EPC1_RNA,0.1940896064043045
AP3B1_RNA,0.19387352466583252
KLC3_RNA,0.19380880892276764
VTN_RNA,0.1937887966632843
SSBP2_RNA,0.19374361634254456
GRID2_RNA,0.1936897337436676
THAP9_RNA,0.1935841590166092
ARMC8_RNA,0.1935519576072693
SH3RF1_RNA,0.19353318214416504
CNTF_RNA,0.19343379139900208
DDX17_RNA,0.19329699873924255
PLCB4_RNA,0.19327472150325775
LRRC7_RNA,0.19318528473377228
DUSP16_RNA,0.1931678056716919
SPTLC3_RNA,0.19306625425815582
NWD1_RNA,0.1929517239332199
TOP2B_RNA,0.19293230772018433
CHTF8_RNA,0.19289414584636688
SIGLEC15_RNA,0.19283507764339447
TAF1A_RNA,0.19280339777469635
CDK14_RNA,0.19279955327510834
C6orf141_RNA,0.19268932938575745
CENPP_RNA,0.19268818199634552
PPP3CC_RNA,0.19266043603420258
NHLRC3_RNA,0.19263257086277008
MIR629_RNA,0.19261333346366882
CYLD_RNA,0.19254174828529358
SOCS7_RNA,0.1924804300069809
USP6NL_RNA,0.19242574274539948
INCENP_RNA,0.1924111396074295
TMEM106A_RNA,0.19239701330661774
SIKE1_RNA,0.19233648478984833
PPFIA2_RNA,0.19233496487140656
ZNF627_RNA,0.19227279722690582
ESF1_RNA,0.19218289852142334
RNF150_RNA,0.19214826822280884
AFG3L2_RNA,0.1921292245388031
OR52B2_RNA,0.1920226365327835
HNF4A_RNA,0.19196133315563202
MIR574_RNA,0.19187834858894348
CSNK1G3_RNA,0.19183349609375
HELQ_RNA,0.19177262485027313
EGFR_RNA,0.19161751866340637
MIR643_RNA,0.191511332988739
MIR626_RNA,0.19149334728717804
RBMS2_RNA,0.19148416817188263
PIK3R5_RNA,0.1914719194173813
SMARCA5_RNA,0.19146910309791565
MYH9_RNA,0.19144576787948608
XYLT1_RNA,0.19130083918571472
CHM_RNA,0.19126327335834503
CCR8_RNA,0.19107210636138916
FKBP14_RNA,0.19097617268562317
LARS2_RNA,0.19094793498516083
KDM3A_RNA,0.19088362157344818
ENAH_RNA,0.19067488610744476
PALB2_RNA,0.1906391680240631
HEG1_RNA,0.19051308929920197
COL14A1_RNA,0.19050149619579315
SRD5A1_RNA,0.19049188494682312
BMP10_RNA,0.19047024846076965
GNPTAB_RNA,0.19041647017002106
ASPH_RNA,0.1903570294380188
PROM2_RNA,0.19033989310264587
ZSCAN21_RNA,0.19028958678245544
IRAK2_RNA,0.19024088978767395
PIGR_RNA,0.19017474353313446
SLFN5_RNA,0.19014936685562134
SMC6_RNA,0.19014227390289307
CSF2RB_RNA,0.1900046318769455
MFHAS1_RNA,0.19000014662742615
SAMD12_RNA,0.1899855136871338
PHF20_RNA,0.18990524113178253
CLK4_RNA,0.18990346789360046
NPC1_RNA,0.1898573935031891
ZNF585B_RNA,0.18979501724243164
ZNF473_RNA,0.18965528905391693
TSR1_RNA,0.18964292109012604
C8orf44_RNA,0.18959788978099823
SCLY_RNA,0.18956749141216278
DIP2C_RNA,0.1895114630460739
TSC22D2_RNA,0.18942756950855255
SALL4_RNA,0.18927046656608582
DPP4_RNA,0.18922802805900574
ZEB2_RNA,0.18916620314121246
MYBPH_RNA,0.18908348679542542
MIR153-2_RNA,0.18894517421722412
ACLY_RNA,0.18891848623752594
CDK17_RNA,0.1888647824525833
AGPS_RNA,0.18880492448806763
PCDHGC4_RNA,0.18874326348304749
TICAM2_RNA,0.18873187899589539
PMS1_RNA,0.18868008255958557
NUDT6_RNA,0.18867641687393188
THRAP3_RNA,0.18862979114055634
PEX13_RNA,0.18860070407390594
ARMCX4_RNA,0.18858979642391205
EPS15_RNA,0.18848808109760284
PSG9_RNA,0.18845278024673462
SPATA7_RNA,0.1884373426437378
ZNF33B_RNA,0.18829798698425293
HLCS_RNA,0.18822649121284485
FAM83E_RNA,0.18809391558170319
ADAMTS20_RNA,0.18807676434516907
OR6A2_RNA,0.1880645453929901
SMC2_RNA,0.18795108795166016
LNX2_RNA,0.1878465861082077
ERI2_RNA,0.18780399858951569
TUBB3_RNA,0.18776752054691315
ZNF25_RNA,0.18766732513904572
IPO9_RNA,0.18747521936893463
CEP68_RNA,0.1873595267534256
YOD1_RNA,0.18721409142017365
DGKD_RNA,0.1871892511844635
COL19A1_RNA,0.18709245324134827
TMTC2_RNA,0.18703845143318176
ALX4_RNA,0.18703675270080566
TXNIP_RNA,0.18700522184371948
MCM10_RNA,0.18699808418750763
MIR634_RNA,0.18696346879005432
WFDC13_RNA,0.18691624701023102
MBNL2_RNA,0.18690422177314758
PPFIBP1_RNA,0.18684889376163483
MIR33B_RNA,0.18670597672462463
TNFRSF17_RNA,0.18659712374210358
GRIK2_RNA,0.1864769160747528
ERN2_RNA,0.18639087677001953
IFFO2_RNA,0.18628303706645966
ZNF607_RNA,0.1862010955810547
TFRC_RNA,0.1861691027879715
MEX3C_RNA,0.18611188232898712
TTC27_RNA,0.1860896199941635
ZNF839_RNA,0.18598736822605133
TXNDC16_RNA,0.18591952323913574
IQGAP3_RNA,0.18585257232189178
MYBPC3_RNA,0.18580061197280884
PRKAA1_RNA,0.18578167259693146
CYP2F1_RNA,0.18573985993862152
PCDHB10_RNA,0.18564487993717194
SERHL2_RNA,0.18556034564971924
OR1D2_RNA,0.1854468584060669
DSC3_RNA,0.1853971928358078
SRGAP3_RNA,0.18538324534893036
GBE1_RNA,0.1853228211402893
OTUB2_RNA,0.18526603281497955
ARSG_RNA,0.18519671261310577
JAKMIP2_RNA,0.18515652418136597
VN1R1_RNA,0.1851455420255661
SH2D4B_RNA,0.1851128339767456
NDUFA7_RNA,0.18503396213054657
FLNC_RNA,0.18499556183815002
GLDN_RNA,0.18498800694942474
HTR3E_RNA,0.18498246371746063
ARRDC4_RNA,0.18496641516685486
CCNL1_RNA,0.18493792414665222
KCNQ3_RNA,0.1849033683538437
MIR2052_RNA,0.18472585082054138
ZNF143_RNA,0.18460613489151
NOD2_RNA,0.18438541889190674
DYRK3_RNA,0.18438385426998138
ATP6V1B1_RNA,0.18423518538475037
NT5C1A_RNA,0.18417735397815704
NTRK3_RNA,0.1841590702533722
LEKR1_RNA,0.18397393822669983
SLC22A12_RNA,0.18391142785549164
INE1_RNA,0.1838057041168213
SNORD115-39_RNA,0.18368610739707947
ADAMTS12_RNA,0.1836099475622177
ZNF184_RNA,0.18356749415397644
NOL10_RNA,0.18351176381111145
ATP8A1_RNA,0.1834588497877121
RPS6KB1_RNA,0.18341968953609467
ZNF18_RNA,0.18333202600479126
GAB2_RNA,0.18330363929271698
RNF216_RNA,0.18329282104969025
APOB_RNA,0.1832898110151291
MEF2A_RNA,0.18328805267810822
MAP3K3_RNA,0.18328344821929932
MIR539_RNA,0.1831202656030655
RSBN1L_RNA,0.18300780653953552
GGCX_RNA,0.1827818602323532
CHRND_RNA,0.1827523112297058
CBLB_RNA,0.18274657428264618
TMPRSS9_RNA,0.18263724446296692
MUC16_RNA,0.1826186627149582
ZNF597_RNA,0.182530015707016
PPM1A_RNA,0.1824846863746643
IRF4_RNA,0.1824425905942917
MIR487A_RNA,0.1824011504650116
ZSCAN5A_RNA,0.18236508965492249
PDE7B_RNA,0.1822577714920044
RSRC1_RNA,0.1822168380022049
SENP1_RNA,0.18208809196949005
ESYT1_RNA,0.18208447098731995
NUMA1_RNA,0.18207399547100067
PIGB_RNA,0.1820450723171234
OSBPL9_RNA,0.1820293813943863
TEX14_RNA,0.18199406564235687
NFKB1_RNA,0.1819666177034378
TMEM184C_RNA,0.18174602091312408
MTF2_RNA,0.181723952293396
ZNF547_RNA,0.18166185915470123
ARHGAP24_RNA,0.18163536489009857
CDH17_RNA,0.18159422278404236
KLHDC10_RNA,0.18158560991287231
EXOC2_RNA,0.18150077760219574
TTC39C_RNA,0.18134671449661255
RPE_RNA,0.18127229809761047
TMCO5A_RNA,0.18125322461128235
BCLAF1_RNA,0.18119390308856964
PROZ_RNA,0.18114282190799713
MIR494_RNA,0.18111422657966614
PPP4R1_RNA,0.18110206723213196
CPNE3_RNA,0.18100354075431824
CSPG4_RNA,0.18096235394477844
MIR889_RNA,0.1807505190372467
CHST3_RNA,0.18074391782283783
MTO1_RNA,0.1804785430431366
CHIA_RNA,0.18038074672222137
ZSWIM4_RNA,0.18037483096122742
ABCC10_RNA,0.18032903969287872
PRKD1_RNA,0.18030321598052979
MIR140_RNA,0.1801934540271759
ERGIC2_RNA,0.1801048219203949
CCDC148_RNA,0.18008895218372345
REPS1_RNA,0.18008378148078918
ZDHHC17_RNA,0.180025115609169
MIR554_RNA,0.1799323558807373
NEU3_RNA,0.17985457181930542
SUV39H2_RNA,0.1798371523618698
MIER3_RNA,0.17975600063800812
MIR1185-1_RNA,0.17975156009197235
FNBP1L_RNA,0.1797022968530655
ACOX3_RNA,0.17962785065174103
ZNF281_RNA,0.17954152822494507
MEIS1_RNA,0.17939512431621552
VPS37A_RNA,0.17930954694747925
RHOBTB3_RNA,0.1793031096458435
CTPS2_RNA,0.17926307022571564
PAXIP1_RNA,0.17917494475841522
RYR1_RNA,0.1791180521249771
ATE1_RNA,0.17899924516677856
ZNF80_RNA,0.17898380756378174
ADAT1_RNA,0.1789548099040985
CLIP4_RNA,0.17891381680965424
SNORD116-10_RNA,0.1789064258337021
SP140_RNA,0.17890402674674988
SHC3_RNA,0.17882892489433289
MIR665_RNA,0.1787501573562622
HCG9_RNA,0.17861787974834442
MIR30B_RNA,0.17848949134349823
TRIM66_RNA,0.1784629225730896
WDR75_RNA,0.17844536900520325
TNPO3_RNA,0.17799876630306244
TM6SF1_RNA,0.17784443497657776
GHR_RNA,0.17783552408218384
DCAF16_RNA,0.17769861221313477
HUS1_RNA,0.17763447761535645
HAUS6_RNA,0.1776324212551117
SPATA6_RNA,0.17752613127231598
MYOG_RNA,0.17751258611679077
RWDD3_RNA,0.1773577630519867
EPN3_RNA,0.17732897400856018
FOXO1_RNA,0.17720961570739746
FSIP1_RNA,0.1772031933069229
SYNRG_RNA,0.17713531851768494
MSI2_RNA,0.17707650363445282
POP1_RNA,0.1768665462732315
PLXNA1_RNA,0.1767818033695221
SLFN12_RNA,0.1767731010913849
TOP3A_RNA,0.17676055431365967
BIRC7_RNA,0.17669425904750824
RNF32_RNA,0.17654061317443848
NPHP1_RNA,0.17647790908813477
ADAMTS16_RNA,0.17642025649547577
TMEM170B_RNA,0.17625296115875244
ZNF77_RNA,0.17612335085868835
TCF7_RNA,0.1761205643415451
TLR3_RNA,0.1759384125471115
ETNK1_RNA,0.17591944336891174
MARK3_RNA,0.17585614323616028
MUC15_RNA,0.1758158951997757
TPH1_RNA,0.1756422519683838
ANKS4B_RNA,0.17561185359954834
IMMP2L_RNA,0.17559848725795746
GPR180_RNA,0.17556670308113098
CYP26C1_RNA,0.17551977932453156
ZNF530_RNA,0.17544956505298615
CDCP1_RNA,0.1754463165998459
ZNF667_RNA,0.17542558908462524
EHBP1_RNA,0.1753566712141037
NR5A2_RNA,0.175318643450737
SLC39A1_RNA,0.17523784935474396
SLC2A13_RNA,0.1752116084098816
CLSTN2_RNA,0.1751485913991928
SESTD1_RNA,0.17512106895446777
ANKRD30A_RNA,0.1750721037387848
ONECUT3_RNA,0.17505855858325958
TPK1_RNA,0.17495064437389374
CD101_RNA,0.17483125627040863
RNF40_RNA,0.17479060590267181
ZNF317_RNA,0.17478153109550476
PIGA_RNA,0.17464329302310944
CDRT4_RNA,0.174319326877594
KIAA1549_RNA,0.1742914766073227
PER3_RNA,0.17424868047237396
FSCN2_RNA,0.17422538995742798
SPC24_RNA,0.1741594523191452
LTBP2_RNA,0.17409013211727142
DHX15_RNA,0.17406240105628967
CCDC103_RNA,0.1740112006664276
NOX4_RNA,0.17386485636234283
MIR577_RNA,0.17384298145771027
S100PBP_RNA,0.17371916770935059
TBX20_RNA,0.1737176477909088
RFTN2_RNA,0.1736827790737152
MARK1_RNA,0.1736738234758377
ABCA5_RNA,0.17357991635799408
IMMP1L_RNA,0.17356422543525696
CLDN14_RNA,0.17355260252952576
ATP4B_RNA,0.17354001104831696
UBAP2_RNA,0.17353886365890503
AOC2_RNA,0.17352592945098877
IGFALS_RNA,0.1734360307455063
KCTD20_RNA,0.1734268218278885
KLHL10_RNA,0.17342539131641388
ZBED4_RNA,0.17336420714855194
STON1_RNA,0.1732960343360901
KDM1B_RNA,0.17311027646064758
HSD17B3_RNA,0.17310242354869843
SGPL1_RNA,0.17299027740955353
TTC3_RNA,0.17298336327075958
NRP2_RNA,0.1729615032672882
MTRF1L_RNA,0.17295941710472107
KBTBD8_RNA,0.17287129163742065
HPR_RNA,0.17274834215641022
GUCY2F_RNA,0.1724594086408615
DHX9_RNA,0.17234593629837036
COG2_RNA,0.1723373979330063
STK33_RNA,0.17225557565689087
ANKRD18A_RNA,0.1722036898136139
MIR1322_RNA,0.17218489944934845
HBS1L_RNA,0.17213591933250427
OR2AG1_RNA,0.17211340367794037
LIN7A_RNA,0.17182926833629608
VRK1_RNA,0.1717119961977005
FUT9_RNA,0.17164109647274017
TMEM89_RNA,0.17161977291107178
ALDOB_RNA,0.171580508351326
PHKA1_RNA,0.17152835428714752
NCAPG_RNA,0.17151708900928497
LARP4B_RNA,0.17149308323860168
MIR628_RNA,0.17144541442394257
NFRKB_RNA,0.17142362892627716
SLC30A6_RNA,0.17137563228607178
COL6A3_RNA,0.17101523280143738
LRPPRC_RNA,0.17088355123996735
CNBD1_RNA,0.17086568474769592
ZNF480_RNA,0.17083026468753815
EFEMP1_RNA,0.17065098881721497
KDM4A_RNA,0.17061372101306915
MIR299_RNA,0.17058604955673218
ETV3_RNA,0.17055322229862213
SCT_RNA,0.17053817212581635
FLVCR1_RNA,0.17052340507507324
CDC5L_RNA,0.17050854861736298
IL7R_RNA,0.17042255401611328
TTC13_RNA,0.1704176515340805
FAM20B_RNA,0.1703827977180481
MAGEA8_RNA,0.1703076958656311
ZDHHC2_RNA,0.17017695307731628
KTN1_RNA,0.17015312612056732
ASAP3_RNA,0.17012035846710205
RGP1_RNA,0.1701013743877411
MAGI2_RNA,0.1700485348701477
LEPR_RNA,0.17003841698169708
HMGXB3_RNA,0.17000971734523773
PKD2_RNA,0.16999156773090363
SLC5A10_RNA,0.16998261213302612
OR2AT4_RNA,0.16998183727264404
FGF7_RNA,0.16997525095939636
GXYLT1_RNA,0.16996276378631592
PRDM1_RNA,0.16984784603118896
RNF6_RNA,0.16982057690620422
SNORD93_RNA,0.16981931030750275
MAP4K5_RNA,0.16970595717430115
NUP107_RNA,0.1696561872959137
TRIM52_RNA,0.16956613957881927
CCDC78_RNA,0.16944561898708344
PREX1_RNA,0.16939455270767212
ZFP2_RNA,0.16934478282928467
HECA_RNA,0.16919177770614624
CDC14A_RNA,0.1691216230392456
CCNT2_RNA,0.16901960968971252
FSCN3_RNA,0.16887643933296204
TOMM20L_RNA,0.1688278317451477
FIG4_RNA,0.16873256862163544
ZNF131_RNA,0.16871517896652222
RCOR1_RNA,0.16862066090106964
TC2N_RNA,0.16851520538330078
RIC8B_RNA,0.16843263804912567
FHDC1_RNA,0.168432354927063
DCAF17_RNA,0.16837331652641296
GTF2A1L_RNA,0.16833119094371796
BUB1B_RNA,0.16822433471679688
MIR199B_RNA,0.16816851496696472
ZNF786_RNA,0.16814595460891724
PDE12_RNA,0.16808566451072693
SMU1_RNA,0.16807129979133606
EIF2AK4_RNA,0.1678164303302765
SNORA70C_RNA,0.16779547929763794
NLRP5_RNA,0.16769708693027496
GABRR2_RNA,0.1676940768957138
CCDC138_RNA,0.1676713526248932
TTLL11_RNA,0.16764914989471436
RBMS3_RNA,0.16746829450130463
FAM151A_RNA,0.1674184948205948
GCNT2_RNA,0.16729125380516052
SEC16A_RNA,0.1672259420156479
TRAM2_RNA,0.16713330149650574
AXL_RNA,0.16713087260723114
SLC11A1_RNA,0.16711217164993286
ADCY9_RNA,0.16710664331912994
NCOA4_RNA,0.16703005135059357
VMA21_RNA,0.16692258417606354
RIMKLB_RNA,0.1669221967458725
DZIP3_RNA,0.16685375571250916
TUBGCP6_RNA,0.16668176651000977
CCDC77_RNA,0.16667315363883972
ATP11A_RNA,0.16659189760684967
COPB2_RNA,0.16649898886680603
SPAG17_RNA,0.1664830893278122
MARVELD2_RNA,0.16645781695842743
SATB2_RNA,0.1663772016763687
TIRAP_RNA,0.16620585322380066
TMEM105_RNA,0.16602453589439392
ZFP28_RNA,0.16601067781448364
SVIL_RNA,0.1658044010400772
SRRM5_RNA,0.16578537225723267
MIRLET7F2_RNA,0.16577985882759094
FMNL2_RNA,0.165674090385437
ZNF329_RNA,0.16566286981105804
RRAGD_RNA,0.165655255317688
NOTO_RNA,0.16559645533561707
ZNF276_RNA,0.16557474434375763
SDK1_RNA,0.1655496507883072
HYAL1_RNA,0.16553857922554016
MAP3K8_RNA,0.1654687374830246
TBC1D23_RNA,0.16539661586284637
NUP50_RNA,0.16534346342086792
DCAF10_RNA,0.165274977684021
SLC35A3_RNA,0.16526293754577637
NUDCD1_RNA,0.16494372487068176
PIAS1_RNA,0.1649320125579834
DCAF4L1_RNA,0.16485263407230377
OR10A2_RNA,0.16484814882278442
ZMYM5_RNA,0.16479367017745972
FNDC7_RNA,0.16476263105869293
SETD5_RNA,0.16475270688533783
FASTKD1_RNA,0.1647113561630249
ATXN7L1_RNA,0.1646861582994461
MIR603_RNA,0.16463670134544373
PHGR1_RNA,0.16453801095485687
PTK2_RNA,0.16442053020000458
MYO9B_RNA,0.16440775990486145
POLR2B_RNA,0.16432596743106842
GTPBP10_RNA,0.16424570977687836
BNC1_RNA,0.1642310619354248
PRPF40B_RNA,0.1641348898410797
PRAP1_RNA,0.1641339361667633
SNORD115-41_RNA,0.16395442187786102
GYPA_RNA,0.16387450695037842
GFM2_RNA,0.16380861401557922
COL28A1_RNA,0.16373100876808167
ZNF10_RNA,0.1636466681957245
BICD2_RNA,0.16360650956630707
EP400_RNA,0.16360048949718475
RBMXL1_RNA,0.1634826511144638
ELP2_RNA,0.16332700848579407
GPR151_RNA,0.16325099766254425
EFR3A_RNA,0.1632331758737564
SYTL3_RNA,0.16322985291481018
CARD8_RNA,0.1632198989391327
CPNE8_RNA,0.16321338713169098
CCNJ_RNA,0.16313192248344421
TRAF5_RNA,0.16312506794929504
LRRC10_RNA,0.16304664313793182
KIF18A_RNA,0.16299746930599213
MIR765_RNA,0.16296988725662231
RHBDD1_RNA,0.1629546880722046
EGF_RNA,0.1629529446363449
ZNF420_RNA,0.16288617253303528
TMCC1_RNA,0.16280129551887512
ADCYAP1R1_RNA,0.1627996563911438
SNX19_RNA,0.16274847090244293
RHOF_RNA,0.16261352598667145
ZFP82_RNA,0.1625678390264511
GIN1_RNA,0.16244232654571533
NME6_RNA,0.1624012291431427
MBOAT4_RNA,0.1623193323612213
SNORD115-6_RNA,0.16230472922325134
SNORD116-5_RNA,0.16223320364952087
MYO15B_RNA,0.16220836341381073
PNRC1_RNA,0.16220775246620178
SEC23IP_RNA,0.162201389670372
NKD1_RNA,0.16211239993572235
MIR583_RNA,0.16208049654960632
MIA2_RNA,0.16208034753799438
SLC35F4_RNA,0.16201815009117126
KBTBD7_RNA,0.1619226038455963
NR6A1_RNA,0.1618581861257553
C16orf54_RNA,0.16170655190944672
ARL10_RNA,0.16160880029201508
BAG5_RNA,0.16145813465118408
MIR938_RNA,0.16143402457237244
LRCH2_RNA,0.16134673357009888
SFXN2_RNA,0.1613033413887024
EARS2_RNA,0.1612837314605713
FLT3_RNA,0.16119182109832764
NVL_RNA,0.16117556393146515
CTTNBP2NL_RNA,0.16115915775299072
DCP1A_RNA,0.16106635332107544
APOBEC3D_RNA,0.160972461104393
SEC24C_RNA,0.1606290489435196
NBEAL2_RNA,0.16060608625411987
SLC25A25_RNA,0.16051937639713287
SHOC2_RNA,0.16040697693824768
FAM83C_RNA,0.1603558212518692
C6orf47_RNA,0.16028976440429688
CPT1B_RNA,0.16028103232383728
KIF2A_RNA,0.16023492813110352
DGCR6_RNA,0.16010956466197968
TMEM120B_RNA,0.16002723574638367
WNT4_RNA,0.16001929342746735
MIR346_RNA,0.1600104123353958
TOPORS_RNA,0.15990671515464783
FAM114A2_RNA,0.15987826883792877
YPEL2_RNA,0.15979991853237152
DDX52_RNA,0.159793421626091
EXOC7_RNA,0.1597864329814911
ZNF195_RNA,0.1597244143486023
VWA2_RNA,0.15970845520496368
ZNF569_RNA,0.15963777899742126
MIR941-3_RNA,0.15956000983715057
USP22_RNA,0.1594657599925995
FBXO28_RNA,0.15945929288864136
TTLL7_RNA,0.15941151976585388
FIGNL1_RNA,0.15940165519714355
MYO1B_RNA,0.1593933403491974
SNORD115-8_RNA,0.15938018262386322
IPO11_RNA,0.1593744307756424
ACAP1_RNA,0.15934981405735016
TRIM32_RNA,0.1592734307050705
SCHIP1_RNA,0.1591179221868515
CRYBB3_RNA,0.15908008813858032
RAPSN_RNA,0.15904776751995087
CCDC57_RNA,0.15904180705547333
CAPN14_RNA,0.15899324417114258
IZUMO1_RNA,0.15895573794841766
MIR548F1_RNA,0.1589530110359192
PBX1_RNA,0.15894702076911926
TNRC18_RNA,0.15886947512626648
ARSB_RNA,0.1587923765182495
PLXNA2_RNA,0.15845489501953125
ITGA5_RNA,0.15833353996276855
ASTE1_RNA,0.1583046317100525
FGD2_RNA,0.15801310539245605
SNORD115-18_RNA,0.1580115556716919
ZDHHC23_RNA,0.1579652726650238
RBM45_RNA,0.15790963172912598
SGMS1_RNA,0.1578948199748993
AQP10_RNA,0.15752318501472473
SYS1-DBNDD2_RNA,0.1575118452310562
MIR301B_RNA,0.15749144554138184
TTC23_RNA,0.15735644102096558
IGF1_RNA,0.1572374701499939
TMEM131_RNA,0.15705044567584991
SCFD2_RNA,0.15703041851520538
FHAD1_RNA,0.15692801773548126
XRCC3_RNA,0.15685267746448517
KCNA2_RNA,0.15678894519805908
SLC2A3_RNA,0.1567312628030777
CDC42BPB_RNA,0.15667082369327545
FBXO25_RNA,0.15666934847831726
ZNF540_RNA,0.15658456087112427
SLC23A3_RNA,0.1565805822610855
RGS1_RNA,0.15652906894683838
LIPH_RNA,0.15649598836898804
NALCN_RNA,0.1564362347126007
GCHFR_RNA,0.1564270406961441
CHSY1_RNA,0.15634672343730927
ATP2B1_RNA,0.15632115304470062
SAMD3_RNA,0.1561838835477829
CLEC16A_RNA,0.15607015788555145
ALPK3_RNA,0.15591976046562195
RYK_RNA,0.15587212145328522
PTGS2_RNA,0.1558648645877838
PMFBP1_RNA,0.15585234761238098
ZNF709_RNA,0.15579897165298462
OR3A2_RNA,0.1557573676109314
CSNK2A1_RNA,0.15574128925800323
SERPINA10_RNA,0.1556125283241272
EPHB2_RNA,0.15560437738895416
FSHB_RNA,0.15551291406154633
DIXDC1_RNA,0.15537399053573608
STAT3_RNA,0.15535257756710052
SMYD4_RNA,0.1553313136100769
SUPT16H_RNA,0.15530841052532196
MIR410_RNA,0.15520253777503967
TRIB1_RNA,0.1551031619310379
FIGNL2_RNA,0.15502950549125671
PDE4C_RNA,0.15484336018562317
ZFP90_RNA,0.15473590791225433
MRRF_RNA,0.15467602014541626
ZNF7_RNA,0.15460820496082306
SNORD115-37_RNA,0.15460537374019623
GSG1_RNA,0.154496431350708
ASB16_RNA,0.1543569415807724
DEPDC4_RNA,0.1543550193309784
ACAD10_RNA,0.15426266193389893
CLRN1_RNA,0.15425579249858856
PWWP2A_RNA,0.15421931445598602
USP49_RNA,0.15421143174171448
YARS2_RNA,0.154192253947258
MTRF1_RNA,0.15411430597305298
ABCC5_RNA,0.1541137397289276
ZNF3_RNA,0.1540762037038803
XPC_RNA,0.15402987599372864
REG1B_RNA,0.15391293168067932
PRPF40A_RNA,0.15388129651546478
PRKCH_RNA,0.1536700427532196
ZNF521_RNA,0.15359781682491302
PCDHA3_RNA,0.15355607867240906
CHIT1_RNA,0.1533651351928711
PI15_RNA,0.15335224568843842
TLR7_RNA,0.15330898761749268
ACBD5_RNA,0.15329980850219727
RCAN3_RNA,0.15326951444149017
UCP1_RNA,0.15324968099594116
CDC73_RNA,0.1532202810049057
SNAP23_RNA,0.15315239131450653
SLC7A2_RNA,0.15313966572284698
TTC5_RNA,0.15308447182178497
PUS10_RNA,0.15297232568264008
SMAD4_RNA,0.15294615924358368
RUNX2_RNA,0.15290120244026184
CILP_RNA,0.1529003232717514
MIR493_RNA,0.15287521481513977
NEDD4L_RNA,0.15275028347969055
ZNF500_RNA,0.1527055948972702
P4HA1_RNA,0.15267358720302582
MIR337_RNA,0.15265974402427673
TRPM8_RNA,0.15264442563056946
GZF1_RNA,0.15261441469192505
RASGRP3_RNA,0.15247109532356262
RBM19_RNA,0.15241371095180511
FILIP1_RNA,0.15238448977470398
TOP2A_RNA,0.1523532122373581
SLC20A2_RNA,0.15217769145965576
WNT8A_RNA,0.15217101573944092
PTCD3_RNA,0.1521371304988861
SLC30A2_RNA,0.15210552513599396
ZC3H12D_RNA,0.15208964049816132
HIF1A_RNA,0.15207387506961823
SLC23A2_RNA,0.15205572545528412
CAPN12_RNA,0.15197472274303436
TXLNA_RNA,0.15193070471286774
EFHC1_RNA,0.15190304815769196
UHRF1_RNA,0.15183869004249573
MIR874_RNA,0.15176962316036224
MITF_RNA,0.151751309633255
ZNF75A_RNA,0.15170127153396606
SLC37A3_RNA,0.15168708562850952
USO1_RNA,0.1516839861869812
TIGD2_RNA,0.15158455073833466
TTPAL_RNA,0.1514906883239746
RNF214_RNA,0.1514289528131485
FRMD4B_RNA,0.15138494968414307
PTRH1_RNA,0.1513223946094513
BCL10_RNA,0.1512935310602188
MXRA5_RNA,0.1512596309185028
RAI14_RNA,0.15110021829605103
FUBP1_RNA,0.1510946899652481
SPAST_RNA,0.1510401964187622
SNORD115-17_RNA,0.1509624570608139
GPBP1L1_RNA,0.15090268850326538
HMG20A_RNA,0.15087585151195526
A2M_RNA,0.15082934498786926
DENND5A_RNA,0.150729700922966
ETAA1_RNA,0.15069147944450378
XRCC5_RNA,0.15063922107219696
CCDC85A_RNA,0.15061624348163605
IL18RAP_RNA,0.150602787733078
OXTR_RNA,0.15053360164165497
SH3PXD2B_RNA,0.15049052238464355
WWC3_RNA,0.1503819227218628
IPO8_RNA,0.15037645399570465
PRPF8_RNA,0.15032979846000671
SLC24A2_RNA,0.15019580721855164
ARL13B_RNA,0.15012355148792267
FASTKD2_RNA,0.1498894840478897
SLC19A2_RNA,0.1497405469417572
ZNF783_RNA,0.14972390234470367
ANTXR2_RNA,0.14968740940093994
LSAMP_RNA,0.1496792733669281
UHRF2_RNA,0.14955781400203705
PLIN4_RNA,0.14948607981204987
ATP1A4_RNA,0.14926494657993317
PRPF3_RNA,0.14923644065856934
MSH5_RNA,0.1491950899362564
TRMT5_RNA,0.14919480681419373
SUDS3_RNA,0.1491321474313736
FLRT3_RNA,0.14896248281002045
LRRK1_RNA,0.1489228904247284
SNORD115-22_RNA,0.14884524047374725
SP7_RNA,0.1488448679447174
YLPM1_RNA,0.1488088220357895
AFTPH_RNA,0.1487298309803009
ZNF140_RNA,0.14871449768543243
OR6X1_RNA,0.14871180057525635
FBF1_RNA,0.1486307680606842
KCNH1_RNA,0.14858108758926392
DIS3L2_RNA,0.14854872226715088
ABCD3_RNA,0.14847783744335175
PLCG1_RNA,0.14844121038913727
EDAR_RNA,0.14843876659870148
ADAM12_RNA,0.1482391506433487
OSBPL11_RNA,0.14809618890285492
MSLNL_RNA,0.1480809897184372
GBF1_RNA,0.1480162888765335
POGK_RNA,0.14784261584281921
IGDCC4_RNA,0.1477447748184204
GCOM1_RNA,0.14767912030220032
AFAP1L1_RNA,0.1476457566022873
RDH16_RNA,0.14755919575691223
SMAD9_RNA,0.1475503295660019
KLC1_RNA,0.14735491573810577
NPSR1_RNA,0.14732368290424347
STK17A_RNA,0.14731618762016296
SH3BP2_RNA,0.147263303399086
ZNF589_RNA,0.14725016057491302
MIR196A2_RNA,0.14705032110214233
CTNNA2_RNA,0.14695894718170166
CYP17A1_RNA,0.1469368189573288
POLR3D_RNA,0.14690355956554413
SLC36A1_RNA,0.14688092470169067
TTC36_RNA,0.14684952795505524
MYH8_RNA,0.1468433439731598
POLR3A_RNA,0.1468081921339035
FGD5_RNA,0.14674848318099976
NHSL2_RNA,0.1467178761959076
ADCY1_RNA,0.1466819941997528
BCAS3_RNA,0.1466468721628189
POU5F1B_RNA,0.14663401246070862
TMED6_RNA,0.1466004103422165
EML1_RNA,0.14658361673355103
CREB3L2_RNA,0.14655683934688568
NSUN3_RNA,0.14654889702796936
ADAMDEC1_RNA,0.1465446799993515
GFOD1_RNA,0.14643460512161255
MIR340_RNA,0.1463741660118103
STK32A_RNA,0.14629994332790375
PHKA2_RNA,0.1462099403142929
RRBP1_RNA,0.14613744616508484
PARP8_RNA,0.14600196480751038
MFSD8_RNA,0.1458299458026886
NLRP9_RNA,0.14579610526561737
MIR1197_RNA,0.1457785665988922
WSB1_RNA,0.1457253247499466
CASP8_RNA,0.1455470323562622
IKZF1_RNA,0.14554521441459656
HDLBP_RNA,0.14540545642375946
DDX31_RNA,0.1453993171453476
CDCP2_RNA,0.14539127051830292
B3GNT5_RNA,0.14532890915870667
SNORA33_RNA,0.145291268825531
NCAM2_RNA,0.1452380120754242
LEP_RNA,0.14523398876190186
CR1L_RNA,0.14521154761314392
RPL36A_RNA,0.1450943499803543
FLRT2_RNA,0.14502283930778503
SNTB1_RNA,0.14500418305397034
GRK4_RNA,0.14498001337051392
LETM1_RNA,0.14487484097480774
RELT_RNA,0.14478497207164764
SH3TC2_RNA,0.14478036761283875
OTX2_RNA,0.14463725686073303
RAB3IP_RNA,0.14462144672870636
MUSTN1_RNA,0.14461515843868256
ROS1_RNA,0.14457745850086212
B3GNT8_RNA,0.14457273483276367
SOS1_RNA,0.14451371133327484
GTF2A1_RNA,0.14438100159168243
ONECUT2_RNA,0.14429587125778198
MST1_RNA,0.14421316981315613
SECISBP2_RNA,0.14416655898094177
RABEP1_RNA,0.14410394430160522
CSNK1A1L_RNA,0.14402034878730774
MIRLET7I_RNA,0.14399316906929016
EXO1_RNA,0.14398998022079468
VSIG10_RNA,0.14396066963672638
NXF3_RNA,0.14391878247261047
NLN_RNA,0.14391005039215088
TNNI3K_RNA,0.1438995599746704
FAF1_RNA,0.14372369647026062
FANCL_RNA,0.1435260772705078
A2ML1_RNA,0.1435202807188034
ATP10B_RNA,0.14348268508911133
CLPX_RNA,0.14328747987747192
ESPL1_RNA,0.14328214526176453
NOS1AP_RNA,0.14328086376190186
CDC42EP2_RNA,0.14323320984840393
ELP3_RNA,0.14319808781147003
SNHG3_RNA,0.14309795200824738
KLHDC1_RNA,0.14276891946792603
MOV10L1_RNA,0.1427416056394577
TRIM44_RNA,0.14249670505523682
ZDHHC15_RNA,0.14246858656406403
IL19_RNA,0.14245207607746124
AGFG1_RNA,0.1424434930086136
MYO5C_RNA,0.14239542186260223
OR2D3_RNA,0.14232057332992554
XRN2_RNA,0.14220741391181946
SYK_RNA,0.1421927511692047
DFFA_RNA,0.14211183786392212
OR3A1_RNA,0.14203539490699768
EPS8L3_RNA,0.14203397929668427
SMG5_RNA,0.14194604754447937
TRIM61_RNA,0.14193080365657806
ZNF83_RNA,0.14192752540111542
HCG27_RNA,0.14185012876987457
DLAT_RNA,0.14180836081504822
ZNF169_RNA,0.14171487092971802
FAR2_RNA,0.14171208441257477
XPO5_RNA,0.1416473686695099
STXBP5L_RNA,0.141592875123024
RPTOR_RNA,0.14158065617084503
SLC28A1_RNA,0.14157496392726898
ZNF300_RNA,0.14153233170509338
WNT16_RNA,0.1415073722600937
DUOXA2_RNA,0.14144955575466156
PDE7A_RNA,0.14139555394649506
CDH23_RNA,0.14134365320205688
LBX2_RNA,0.1410980373620987
SMAP1_RNA,0.14108364284038544
THOC1_RNA,0.14108188450336456
WDR19_RNA,0.14099864661693573
ACCS_RNA,0.14093555510044098
OXSR1_RNA,0.14075042307376862
ETV6_RNA,0.14071397483348846
ABI2_RNA,0.14064066112041473
OSBPL6_RNA,0.1406373828649521
PAFAH1B2_RNA,0.1405986100435257
COL17A1_RNA,0.14056487381458282
ABCC1_RNA,0.14055293798446655
PDIK1L_RNA,0.14047105610370636
F2_RNA,0.14043307304382324
ZNF16_RNA,0.14039646089076996
SALL3_RNA,0.1403886079788208
CASR_RNA,0.14031817018985748
IL1R2_RNA,0.14027611911296844
VGLL4_RNA,0.1401834636926651
CTRB2_RNA,0.1400936245918274
PHTF1_RNA,0.14009292423725128
RAB33B_RNA,0.13996566832065582
C14orf180_RNA,0.13992395997047424
FBXW11_RNA,0.1399015486240387
GPC5_RNA,0.13989023864269257
CA5B_RNA,0.13981571793556213
SCN5A_RNA,0.13977910578250885
FBXO42_RNA,0.13974888622760773
ACE2_RNA,0.13972963392734528
SCML2_RNA,0.13969095051288605
MECP2_RNA,0.13969019055366516
ADAMTS17_RNA,0.13966462016105652
ECT2_RNA,0.13958260416984558
AQP4_RNA,0.13956093788146973
SNORD115-23_RNA,0.13937315344810486
IFT81_RNA,0.13930964469909668
SMARCA1_RNA,0.13924896717071533
GRIN3B_RNA,0.13913139700889587
RNASEH2B_RNA,0.13908661901950836
LIMCH1_RNA,0.1390756070613861
SIM1_RNA,0.13897469639778137
PFN4_RNA,0.13892973959445953
KIF11_RNA,0.13886390626430511
BEST2_RNA,0.1387586146593094
MIR485_RNA,0.1387534737586975
CNST_RNA,0.13870270550251007
NUP88_RNA,0.13865512609481812
FAM114A1_RNA,0.13849589228630066
PRR23C_RNA,0.1384737640619278
SFI1_RNA,0.13843102753162384
STIM2_RNA,0.1384059488773346
EXOC6_RNA,0.13840316236019135
SAMHD1_RNA,0.13837891817092896
LATS2_RNA,0.1383604258298874
ZNF610_RNA,0.138222798705101
SNCAIP_RNA,0.13821840286254883
TSHZ2_RNA,0.13810405135154724
MYO7A_RNA,0.1380726844072342
ZNF681_RNA,0.13805215060710907
UBXN2A_RNA,0.13787981867790222
CHUK_RNA,0.1378515362739563
TECPR1_RNA,0.1378438025712967
C19orf18_RNA,0.13777518272399902
MCM2_RNA,0.13775916397571564
SBNO2_RNA,0.13771536946296692
DTWD2_RNA,0.13766272366046906
BMP8A_RNA,0.13763666152954102
PGC_RNA,0.1375725269317627
TAF1D_RNA,0.1374880075454712
SLC25A37_RNA,0.1374831348657608
CD200R1_RNA,0.13744156062602997
LGALS2_RNA,0.13713647425174713
RFX5_RNA,0.13680244982242584
POFUT1_RNA,0.13674616813659668
DYM_RNA,0.1366465985774994
SNAI3_RNA,0.1365261673927307
MSL2_RNA,0.13644343614578247
GLYATL1_RNA,0.13638795912265778
EXOG_RNA,0.13637961447238922
PROC_RNA,0.1362908035516739
FBXL18_RNA,0.13618826866149902
ADSL_RNA,0.13611356914043427
OIT3_RNA,0.1360817551612854
EXOC5_RNA,0.13589568436145782
SGTB_RNA,0.13583935797214508
ITGB4_RNA,0.13583490252494812
TUBA3E_RNA,0.1357925981283188
RNF149_RNA,0.13574689626693726
CD5_RNA,0.13560599088668823
FBXO21_RNA,0.13555607199668884
GPR135_RNA,0.13555346429347992
SNORD115-31_RNA,0.13553862273693085
PDCD1LG2_RNA,0.13552740216255188
SLC12A3_RNA,0.13550643622875214
RUFY3_RNA,0.13549351692199707
ARHGEF10L_RNA,0.13545706868171692
SLURP1_RNA,0.1353919804096222
ZSWIM6_RNA,0.13516850769519806
PHLDB1_RNA,0.13516823947429657
SNORD115-12_RNA,0.1349802017211914
ZNF789_RNA,0.13492417335510254
ACO1_RNA,0.13475623726844788
GABPB1_RNA,0.13466444611549377
ATG16L1_RNA,0.13464249670505524
EXOSC6_RNA,0.1346314698457718
DEFB134_RNA,0.13462306559085846
PPM1D_RNA,0.13460630178451538
SNORD99_RNA,0.13459879159927368
MRPL42_RNA,0.13459402322769165
ATF2_RNA,0.13456733524799347
SEC24B_RNA,0.13451924920082092
MYO6_RNA,0.13449765741825104
MAGT1_RNA,0.13449716567993164
SLC16A4_RNA,0.13443945348262787
APOLD1_RNA,0.13435596227645874
ZBTB5_RNA,0.13435432314872742
GARNL3_RNA,0.13423728942871094
PXT1_RNA,0.1341545730829239
TMEM164_RNA,0.13415254652500153
PFKFB3_RNA,0.134095698595047
CDV3_RNA,0.13404634594917297
PTPN7_RNA,0.13400879502296448
IPO7_RNA,0.13398140668869019
ARHGEF6_RNA,0.13381104171276093
YME1L1_RNA,0.1337616890668869
PGBD4_RNA,0.13371670246124268
MPRIP_RNA,0.13368037343025208
RGS13_RNA,0.1336500346660614
EPN2_RNA,0.13363739848136902
NMD3_RNA,0.13358883559703827
SPATA13_RNA,0.13358263671398163
FAM171B_RNA,0.1335807591676712
CELSR2_RNA,0.13349546492099762
VPS18_RNA,0.13349267840385437
CRKL_RNA,0.13338685035705566
RUFY2_RNA,0.1333683282136917
APOBEC3A_RNA,0.13331271708011627
ANKRD27_RNA,0.13323985040187836
P4HA3_RNA,0.13318295776844025
CCNH_RNA,0.13317622244358063
TRIM56_RNA,0.1331377774477005
MYH3_RNA,0.1331309676170349
KIAA1143_RNA,0.13309869170188904
SLAIN2_RNA,0.1330745667219162
RNFT2_RNA,0.13301187753677368
SLC39A10_RNA,0.13296008110046387
PTGR2_RNA,0.1329418122768402
ACSL1_RNA,0.13291123509407043
DCUN1D1_RNA,0.13289695978164673
PCDHB15_RNA,0.1328652799129486
CREBBP_RNA,0.13285662233829498
DNAJC10_RNA,0.13277176022529602
TMEM82_RNA,0.1327235847711563
GFM1_RNA,0.1327119618654251
IL2RA_RNA,0.13270001113414764
DNMT1_RNA,0.1326579451560974
WFDC10B_RNA,0.13264153897762299
PACRGL_RNA,0.13260069489479065
FAM13C_RNA,0.1325369030237198
RFWD3_RNA,0.1324326992034912
DNAL1_RNA,0.1323973685503006
ZNF429_RNA,0.13239465653896332
RABGAP1_RNA,0.13237999379634857
ABCA9_RNA,0.132351353764534
RAB3GAP1_RNA,0.13234469294548035
TFIP11_RNA,0.13234177231788635
APOA5_RNA,0.13231752812862396
WWP1_RNA,0.13214293122291565
TBCEL_RNA,0.13212355971336365
ANAPC4_RNA,0.13195934891700745
PHF14_RNA,0.13191984593868256
KANK1_RNA,0.131749227643013
TNFAIP3_RNA,0.131734237074852
LRRC37B_RNA,0.13171124458312988
TOMM5_RNA,0.1316833645105362
HS3ST3A1_RNA,0.13164590299129486
CCR4_RNA,0.131617933511734
PTPRK_RNA,0.13157063722610474
CAPRIN2_RNA,0.13150790333747864
SCN11A_RNA,0.1314808875322342
TXLNB_RNA,0.13142026960849762
BRAP_RNA,0.13138580322265625
L2HGDH_RNA,0.13131918013095856
DENND3_RNA,0.13130652904510498
FANCI_RNA,0.13126029074192047
RBM26_RNA,0.1312023550271988
SAMD5_RNA,0.13110508024692535
SMC3_RNA,0.13110320270061493
DLGAP5_RNA,0.13103127479553223
SLCO2B1_RNA,0.13102993369102478
ADAP2_RNA,0.13092729449272156
CCDC27_RNA,0.13092538714408875
ASTN1_RNA,0.13091738522052765
FANCA_RNA,0.13088056445121765
SNORD115-35_RNA,0.13075383007526398
POLR3E_RNA,0.13073812425136566
HEXA_RNA,0.13068169355392456
PGPEP1_RNA,0.13057078421115875
ZNF385D_RNA,0.13054560124874115
RNMT_RNA,0.13043741881847382
XPOT_RNA,0.13033875823020935
MAP3K7_RNA,0.1301535964012146
GPR157_RNA,0.13008257746696472
RP1L1_RNA,0.1299108862876892
NFATC2_RNA,0.12989315390586853
ZNF200_RNA,0.12987935543060303
TYW1_RNA,0.12987852096557617
SLC30A1_RNA,0.1298554390668869
SLC22A16_RNA,0.12984374165534973
E2F7_RNA,0.12982097268104553
ZNF592_RNA,0.1297939568758011
RRN3P2_RNA,0.12968586385250092
COL8A1_RNA,0.12959745526313782
LRP2BP_RNA,0.12959694862365723
RRM2B_RNA,0.12948578596115112
ACSM4_RNA,0.1294781118631363
SLC12A4_RNA,0.12945875525474548
SLC38A6_RNA,0.12945407629013062
GJC3_RNA,0.12940829992294312
MYO10_RNA,0.12939244508743286
GRHL1_RNA,0.12934757769107819
LMOD2_RNA,0.12929627299308777
TAF1B_RNA,0.12928031384944916
DCAF13_RNA,0.12925158441066742
CHPF2_RNA,0.1291884332895279
ENPP3_RNA,0.1291087567806244
SLC22A14_RNA,0.1290530264377594
ZNF239_RNA,0.12903708219528198
ZNF311_RNA,0.1288830190896988
GPR132_RNA,0.1287662237882614
NFKBID_RNA,0.12870068848133087
ZC3H12A_RNA,0.1286291778087616
MIR377_RNA,0.12862662971019745
ESCO2_RNA,0.1285158097743988
GLI3_RNA,0.12850956618785858
RNF151_RNA,0.12850406765937805
AKAP8_RNA,0.12849202752113342
MIR548H3_RNA,0.12848582863807678
POLR3B_RNA,0.12841898202896118
PLCZ1_RNA,0.12841179966926575
DHX57_RNA,0.12836113572120667
MYL2_RNA,0.12827391922473907
KBTBD11_RNA,0.1282218098640442
GNE_RNA,0.12821553647518158
GCG_RNA,0.128208726644516
APBB2_RNA,0.12818510830402374
OR1I1_RNA,0.12815524637699127
ANKRD6_RNA,0.1281156986951828
EIF4G1_RNA,0.12809710204601288
ERMP1_RNA,0.12806573510169983
FAM41C_RNA,0.12805026769638062
GPR155_RNA,0.1279764324426651
YTHDF3_RNA,0.1278977394104004
EAF2_RNA,0.12787193059921265
MAPK14_RNA,0.12783385813236237
TNFSF8_RNA,0.12779085338115692
ADAM30_RNA,0.12778691947460175
ARMC9_RNA,0.12773694097995758
KCP_RNA,0.12760856747627258
FUT3_RNA,0.1275067776441574
TXNDC2_RNA,0.12748539447784424
SLC16A1_RNA,0.12747104465961456
SRXN1_RNA,0.1274518221616745
RARB_RNA,0.12744708359241486
KIN_RNA,0.12735967338085175
GJB4_RNA,0.1273481249809265
KCNJ14_RNA,0.12726549804210663
CHFR_RNA,0.12724372744560242
SLC16A6_RNA,0.12720267474651337
FBXO22_RNA,0.12716232240200043
CD27_RNA,0.12703299522399902
ZMYND8_RNA,0.1270216703414917
USPL1_RNA,0.12701785564422607
HEMK1_RNA,0.12700356543064117
C3orf70_RNA,0.1269930601119995
ZPBP_RNA,0.12689918279647827
TLR5_RNA,0.12686783075332642
PFKFB1_RNA,0.1268138289451599
RBM6_RNA,0.1268058866262436
C14orf39_RNA,0.12663009762763977
RAB19_RNA,0.1266060173511505
PCDHB3_RNA,0.12659399211406708
CACNB4_RNA,0.1265181601047516
FOS_RNA,0.12647958099842072
GART_RNA,0.12640583515167236
SNORD59A_RNA,0.12638594210147858
SAR1B_RNA,0.12613222002983093
LSM11_RNA,0.12602123618125916
NANOG_RNA,0.12600012123584747
A4GNT_RNA,0.12595134973526
SNORD105_RNA,0.1259181797504425
NRK_RNA,0.1258963644504547
SYAP1_RNA,0.12588229775428772
KCTD3_RNA,0.12585143744945526
ADAM19_RNA,0.1258126199245453
TRMT12_RNA,0.12580643594264984
MMP14_RNA,0.12578339874744415
CLMN_RNA,0.12577734887599945
IL9_RNA,0.12576355040073395
MAP2_RNA,0.12556007504463196
ATG16L2_RNA,0.12552474439144135
ZNF496_RNA,0.1255204975605011
SNORD69_RNA,0.12550081312656403
TTLL5_RNA,0.12549835443496704
FARS2_RNA,0.1254928857088089
FPR2_RNA,0.12548691034317017
KCND3_RNA,0.12545688450336456
GRIP1_RNA,0.12541763484477997
CNOT4_RNA,0.12533371150493622
DOK7_RNA,0.12528492510318756
GRAMD4_RNA,0.12520451843738556
ILDR1_RNA,0.12514984607696533
DDX59_RNA,0.1250867247581482
MAPK6_RNA,0.12506236135959625
MIR543_RNA,0.12492164224386215
PSMA6_RNA,0.12474764138460159
ZBTB6_RNA,0.12474020570516586
AEBP2_RNA,0.124581478536129
WDR70_RNA,0.1245623528957367
MTHFD2L_RNA,0.12448949366807938
PAM_RNA,0.12446171045303345
TTK_RNA,0.12445706129074097
LGR4_RNA,0.12444861978292465
DNAH3_RNA,0.12441248446702957
UBE4B_RNA,0.12406715005636215
PAFAH1B1_RNA,0.12402717769145966
SEC14L1_RNA,0.12402600795030594
CCDC125_RNA,0.12394697964191437
PRSS35_RNA,0.1239243671298027
GRIA3_RNA,0.1239107996225357
TTC23L_RNA,0.12374730408191681
VARS2_RNA,0.12371817231178284
EHMT1_RNA,0.12369129061698914
PGBD1_RNA,0.1236865371465683
RPGR_RNA,0.12359194457530975
F13A1_RNA,0.12353743612766266
KCNK5_RNA,0.12349902838468552
TMEM64_RNA,0.12349899858236313
SNX21_RNA,0.12349511682987213
OR2L8_RNA,0.12347542494535446
MIR145_RNA,0.12337256968021393
UEVLD_RNA,0.12335126101970673
AHR_RNA,0.1233336478471756
ENOSF1_RNA,0.12330415099859238
DMGDH_RNA,0.12327179312705994
CYFIP1_RNA,0.12322758138179779
MIR455_RNA,0.123203806579113
VTRNA1-2_RNA,0.12319601327180862
WARS2_RNA,0.12309138476848602
ATP6V1A_RNA,0.12307187914848328
BZW1_RNA,0.12281516939401627
AKAP8L_RNA,0.12276878952980042
XDH_RNA,0.12268730252981186
LMBR1_RNA,0.12249915301799774
TBPL2_RNA,0.1224886029958725
SLC35F1_RNA,0.12247723340988159
ODF2L_RNA,0.12236416339874268
PURG_RNA,0.1222500279545784
PTBP2_RNA,0.12215155363082886
MGAT4C_RNA,0.1221122294664383
DEPDC5_RNA,0.12209846824407578
MARS2_RNA,0.12208642065525055
SOCS3_RNA,0.12207942456007004
ZNF684_RNA,0.12205168604850769
ZNF860_RNA,0.12203937768936157
SMARCD2_RNA,0.12198221683502197
STRBP_RNA,0.12195339798927307
MIR26A1_RNA,0.1217806488275528
NDUFA9_RNA,0.12177574634552002
UPF1_RNA,0.1217033639550209
RDH10_RNA,0.12163735926151276
RPP14_RNA,0.12159916758537292
CYP8B1_RNA,0.1215931698679924
PF4_RNA,0.1214948371052742
MIR1305_RNA,0.12144669890403748
IFIH1_RNA,0.121440589427948
ADAMTSL3_RNA,0.12143831700086594
WDR26_RNA,0.12131113559007645
TMC3_RNA,0.12130869179964066
TGFBRAP1_RNA,0.12110655754804611
MAPKAPK5_RNA,0.12096818536520004
PTPRM_RNA,0.1209520772099495
SERPINC1_RNA,0.12093985080718994
SPATC1_RNA,0.12092410027980804
ABCB11_RNA,0.12091763317584991
NBR1_RNA,0.12090416252613068
KIF7_RNA,0.12088461965322495
GCNT4_RNA,0.12071900069713593
CEACAM16_RNA,0.12069638818502426
HIP1_RNA,0.12067597359418869
WDR41_RNA,0.12058766931295395
NYNRIN_RNA,0.12056193500757217
ZCCHC7_RNA,0.12051881849765778
ZNF2_RNA,0.12050517648458481
JRKL_RNA,0.12047626823186874
MASTL_RNA,0.12043821811676025
ARID3B_RNA,0.12043480575084686
SNTG2_RNA,0.12032171338796616
FRMD3_RNA,0.12028077244758606
KIAA0753_RNA,0.1201658621430397
MTDH_RNA,0.12008415162563324
SYT16_RNA,0.12005221098661423
NEURL4_RNA,0.11999328434467316
MDM1_RNA,0.11993008106946945
OR13J1_RNA,0.11988574266433716
AKNAD1_RNA,0.11978547275066376
IFT74_RNA,0.11976908147335052
LOXL3_RNA,0.11976508051156998
SS18_RNA,0.11976450681686401
PLK4_RNA,0.11967875808477402
RASEF_RNA,0.11963695287704468
THUMPD1_RNA,0.11963149905204773
NINL_RNA,0.11961086839437485
HGD_RNA,0.11958003044128418
SIRT1_RNA,0.11944389343261719
RAP2B_RNA,0.11942920088768005
HBB_RNA,0.1193871796131134
GIMAP8_RNA,0.11936771869659424
LCTL_RNA,0.11936753988265991
ARHGEF11_RNA,0.11936018615961075
SCRN1_RNA,0.11929134279489517
PRR5L_RNA,0.11922678351402283
SLC10A5_RNA,0.11911231279373169
MIR769_RNA,0.1190505102276802
PLA2G4B_RNA,0.11894651502370834
DTL_RNA,0.11894575506448746
FBXW8_RNA,0.11894116550683975
EME2_RNA,0.11893417686223984
MIR1827_RNA,0.11890938878059387
DDX46_RNA,0.11889754980802536
VWA3B_RNA,0.11889231204986572
C6orf89_RNA,0.11876038461923599
SSR3_RNA,0.11875104904174805
TCERG1_RNA,0.11870958656072617
EXTL3_RNA,0.11866123229265213
ZNF284_RNA,0.11865408718585968
SUSD1_RNA,0.1186399832367897
CRK_RNA,0.1186375692486763
IFIT2_RNA,0.11861806362867355
GLYAT_RNA,0.11859660595655441
RGS7BP_RNA,0.11853247135877609
CDH16_RNA,0.11851995438337326
COL4A6_RNA,0.11851678788661957
PCDH19_RNA,0.11846279352903366
RPL39_RNA,0.11839446425437927
SLC22A24_RNA,0.11830683797597885
LRP12_RNA,0.11830441653728485
OR4D1_RNA,0.11823795735836029
NADSYN1_RNA,0.11821865290403366
FRMD7_RNA,0.11820098012685776
BCOR_RNA,0.11819670349359512
PCDH12_RNA,0.11818087846040726
PTCD1_RNA,0.1181623637676239
FANCC_RNA,0.11810097098350525
C1orf21_RNA,0.11807849258184433
SLC2A9_RNA,0.11801355332136154
GATC_RNA,0.11794193089008331
DHX35_RNA,0.11793901026248932
C5orf34_RNA,0.11776700615882874
STK36_RNA,0.11776009202003479
ABCB1_RNA,0.11775434762239456
PGM2_RNA,0.11762725561857224
CHIC1_RNA,0.11751957982778549
PABPC4L_RNA,0.1174883171916008
MPPE1_RNA,0.11735888570547104
BIRC2_RNA,0.11732389777898788
PRKCE_RNA,0.11726547032594681
MYH2_RNA,0.11719882488250732
RAP2A_RNA,0.11712925136089325
ADRB2_RNA,0.11711493134498596
ACP6_RNA,0.1170898899435997
ZNF561_RNA,0.11701695621013641
DDB1_RNA,0.11695719510316849
C1orf74_RNA,0.11690966039896011
RNF39_RNA,0.11680783331394196
DGKB_RNA,0.1167195662856102
SCN2A_RNA,0.11671479046344757
TKTL2_RNA,0.11661391705274582
MCOLN2_RNA,0.1163036972284317
TRMT2B_RNA,0.11627674102783203
MIR379_RNA,0.11626065522432327
TLK1_RNA,0.11618946492671967
KLHL5_RNA,0.11613739281892776
RFESD_RNA,0.11611449718475342
STT3A_RNA,0.11603524535894394
ZBTB33_RNA,0.11602671444416046
FBXO24_RNA,0.11600935459136963
ZNF461_RNA,0.1159861758351326
C10orf90_RNA,0.11595296859741211
ZNF438_RNA,0.11591777950525284
IVNS1ABP_RNA,0.11589859426021576
CLK1_RNA,0.1157851293683052
NLRP10_RNA,0.11566469073295593
BOC_RNA,0.11562510579824448
SLCO1C1_RNA,0.11559075117111206
FNBP4_RNA,0.11552347242832184
SORT1_RNA,0.11549177020788193
GK2_RNA,0.115407295525074
PSEN1_RNA,0.11532481014728546
IL18R1_RNA,0.11532457917928696
EPC2_RNA,0.11526712775230408
ZNF34_RNA,0.11519300937652588
MLNR_RNA,0.11516358703374863
ZNF30_RNA,0.11514881998300552
FKBP15_RNA,0.11511153727769852
SNORD12B_RNA,0.11509224027395248
ANGPT2_RNA,0.11507279425859451
MDP1_RNA,0.11502770334482193
WFDC12_RNA,0.11501827090978622
BRD1_RNA,0.11498863995075226
MR1_RNA,0.11484145373106003
HEPACAM_RNA,0.11483217775821686
IL5RA_RNA,0.11483121663331985
DRD3_RNA,0.11475253105163574
SNORD115-43_RNA,0.1145792230963707
ZNF263_RNA,0.11437826603651047
CHRNA9_RNA,0.11423473805189133
CDK8_RNA,0.11417225003242493
PHF8_RNA,0.11417101323604584
TRPV5_RNA,0.11407728493213654
TGFBR2_RNA,0.11406506597995758
NID1_RNA,0.11404687911272049
CPSF6_RNA,0.11398865282535553
FAM111A_RNA,0.11387886852025986
PCBD2_RNA,0.11386238783597946
INTS7_RNA,0.11377402395009995
TEX2_RNA,0.11358223110437393
GSPT1_RNA,0.11355110257863998
PLRG1_RNA,0.11350050568580627
OR2A5_RNA,0.1134980171918869
STAR_RNA,0.11347877979278564
SCO1_RNA,0.11347810178995132
BMPER_RNA,0.11339613795280457
PRKAB2_RNA,0.11338694393634796
POLG2_RNA,0.11337859183549881
COL8A2_RNA,0.11333218961954117
BAZ2A_RNA,0.1132943332195282
ATG10_RNA,0.11322322487831116
SLC35E3_RNA,0.1132093071937561
UVRAG_RNA,0.11317035555839539
SLC26A5_RNA,0.11311843246221542
MOSPD2_RNA,0.11311443150043488
METTL6_RNA,0.11299461871385574
RND3_RNA,0.1129908636212349
ANGEL1_RNA,0.11298885941505432
HRH4_RNA,0.11288914829492569
TTC21A_RNA,0.11287150532007217
PURB_RNA,0.11280271410942078
GLCE_RNA,0.1128007099032402
PDCD1_RNA,0.11275247484445572
CUZD1_RNA,0.11264631152153015
MIR766_RNA,0.1126255914568901
SETD3_RNA,0.11258567124605179
CNOT10_RNA,0.11253708600997925
RIN2_RNA,0.1125367060303688
MORC4_RNA,0.11253533512353897
LPIN1_RNA,0.11238168179988861
GPR101_RNA,0.11232776194810867
INSRR_RNA,0.11215122044086456
TNP1_RNA,0.11210738867521286
KCNU1_RNA,0.1120070070028305
YIPF7_RNA,0.11190035194158554
ZNF584_RNA,0.11189084500074387
MAOA_RNA,0.11188402026891708
C1orf127_RNA,0.1118817925453186
ECD_RNA,0.11160600185394287
MYBL1_RNA,0.11154680699110031
WFDC5_RNA,0.11152965575456619
WEE1_RNA,0.11150817573070526
DHX36_RNA,0.11143726855516434
EFCAB3_RNA,0.11130627244710922
GCNT3_RNA,0.11126775294542313
GSDMB_RNA,0.1112382560968399
RSPRY1_RNA,0.11113035678863525
ADAT2_RNA,0.11112301796674728
DDX20_RNA,0.11108068376779556
NUDT4_RNA,0.11105366796255112
UACA_RNA,0.11104881763458252
ICAM1_RNA,0.11104802787303925
ZNF266_RNA,0.1109265685081482
PIK3CB_RNA,0.1108885183930397
CAND2_RNA,0.11086955666542053
CTRC_RNA,0.1108669862151146
CATSPER2_RNA,0.1108468770980835
PDGFRB_RNA,0.1108010932803154
KSR1_RNA,0.11077285557985306
GRAMD1C_RNA,0.11071784794330597
TNKS1BP1_RNA,0.11070699244737625
CTBS_RNA,0.11065787822008133
PDP1_RNA,0.11063326895236969
SLA_RNA,0.11063016206026077
BAG4_RNA,0.11044341325759888
BCL2L13_RNA,0.11042530089616776
ZNF182_RNA,0.11042480170726776
ZNF469_RNA,0.11037443578243256
VSIG8_RNA,0.1102617010474205
TMC2_RNA,0.11021548509597778
MIR592_RNA,0.11018069088459015
SNORD109B_RNA,0.11011560261249542
JAK3_RNA,0.11010457575321198
WDR91_RNA,0.11007857322692871
DZIP1_RNA,0.11000299453735352
CELSR3_RNA,0.1099906787276268
TRAPPC2_RNA,0.10990927368402481
CRISPLD1_RNA,0.10981675982475281
EIF3A_RNA,0.10978760570287704
PLA2G12B_RNA,0.1096515879034996
SIGLEC11_RNA,0.1096368208527565
TUBGCP4_RNA,0.1096259206533432
MIR25_RNA,0.10959140956401825
MTNR1A_RNA,0.10958944261074066
COBLL1_RNA,0.10958800464868546
CSDE1_RNA,0.10955777764320374
SH2D3A_RNA,0.10946157574653625
FGF6_RNA,0.10943301022052765
STX6_RNA,0.10935281217098236
COLEC12_RNA,0.10933288931846619
SPDYC_RNA,0.10931330919265747
CD28_RNA,0.1093132272362709
TRAF3IP2_RNA,0.1092977449297905
MCF2L2_RNA,0.10922810435295105
ZAR1L_RNA,0.1092204749584198
TMEM140_RNA,0.1091776043176651
ZNF695_RNA,0.10914923250675201
LONRF1_RNA,0.10907023400068283
MIR193A_RNA,0.10906179249286652
MIR331_RNA,0.1090535968542099
NCAPG2_RNA,0.10905300080776215
ARID3A_RNA,0.10902009159326553
SLC6A6_RNA,0.10899031162261963
SLC35B4_RNA,0.10896404087543488
SLC16A12_RNA,0.10896267741918564
SYNPO2_RNA,0.10893037915229797
NMNAT1_RNA,0.10890702158212662
PICALM_RNA,0.10876230895519257
MIR495_RNA,0.10872995108366013
LOC100271832_RNA,0.10858525335788727
TIGD6_RNA,0.10843468457460403
GRIN3A_RNA,0.10838018357753754
IGSF9B_RNA,0.1083211600780487
DNMBP_RNA,0.10830333083868027
CD207_RNA,0.10830153524875641
NANP_RNA,0.10822884738445282
LBR_RNA,0.1081433892250061
PCDHGC3_RNA,0.1081356480717659
CRISPLD2_RNA,0.10812518000602722
NSMAF_RNA,0.10808704793453217
SLC6A20_RNA,0.1079820767045021
SNORD115-11_RNA,0.10785654932260513
MIR187_RNA,0.10783477872610092
PRR5-ARHGAP8_RNA,0.107826828956604
NUCKS1_RNA,0.10778869688510895
AGBL1_RNA,0.10774476826190948
ZBED2_RNA,0.10772700607776642
CBFA2T2_RNA,0.10767654329538345
MIR29A_RNA,0.1076291874051094
MRPL19_RNA,0.10762546956539154
DHX38_RNA,0.10759743303060532
SNORD115-44_RNA,0.1075964942574501
CPEB3_RNA,0.10759589821100235
COX6B2_RNA,0.10737587511539459
BBS2_RNA,0.10731404274702072
CWC22_RNA,0.10731001943349838
PLAU_RNA,0.10727337747812271
TRIM24_RNA,0.10726387053728104
CAPRIN1_RNA,0.10719408839941025
RRP15_RNA,0.10716751962900162
ZCCHC8_RNA,0.10714668780565262
BTNL2_RNA,0.10714586824178696
ADCY6_RNA,0.10710301995277405
PLAC8L1_RNA,0.1070581004023552
CPZ_RNA,0.10699336230754852
SLC36A2_RNA,0.1069883480668068
SND1_RNA,0.10696486383676529
ACSF3_RNA,0.10691685974597931
ZC3H12B_RNA,0.10681387782096863
HSP90AB2P_RNA,0.10681178420782089
SIGLEC16_RNA,0.10675374418497086
GPR179_RNA,0.10666364431381226
MTF1_RNA,0.10663498193025589
KCNS2_RNA,0.10646621882915497
TTLL8_RNA,0.10644913464784622
MIER1_RNA,0.10628128796815872
RPL21P28_RNA,0.10621409118175507
C16orf78_RNA,0.10605763643980026
TMCO3_RNA,0.10594091564416885
PPP3R2_RNA,0.10593653470277786
SLC17A4_RNA,0.10587231814861298
GATAD2B_RNA,0.10581754893064499
ACCSL_RNA,0.10578425228595734
OPRL1_RNA,0.10577447712421417
FCN1_RNA,0.10576772689819336
CD86_RNA,0.10572303831577301
NAPEPLD_RNA,0.10566900670528412
NRN1L_RNA,0.10566035658121109
USP19_RNA,0.10562840849161148
C9orf152_RNA,0.10557803511619568
VAV1_RNA,0.10538103431463242
PLCG2_RNA,0.10527767986059189
ZNF222_RNA,0.10527593642473221
GRAMD1B_RNA,0.1052488163113594
MIR191_RNA,0.10512589663267136
RGPD4_RNA,0.10509868711233139
UBE3B_RNA,0.10506679862737656
OR1E2_RNA,0.10503903776407242
ESRRB_RNA,0.10502088069915771
BTD_RNA,0.10495106130838394
ASB7_RNA,0.10490076243877411
HDAC6_RNA,0.10480805486440659
SERAC1_RNA,0.10479465872049332
CYP4V2_RNA,0.10446171462535858
SLC22A23_RNA,0.10439452528953552
MC1R_RNA,0.10438214987516403
NUP54_RNA,0.10437490791082382
TYK2_RNA,0.10430238395929337
PGS1_RNA,0.10417712479829788
KPNB1_RNA,0.10409041494131088
RNASEL_RNA,0.1040281429886818
DKK4_RNA,0.10393054038286209
PTPRF_RNA,0.10379157960414886
NUP85_RNA,0.103699691593647
CC2D1B_RNA,0.10367779433727264
SNX14_RNA,0.1036774292588234
THAP6_RNA,0.10360278934240341
ALDH1A2_RNA,0.10355719923973083
TMEM87B_RNA,0.10347183048725128
ALG12_RNA,0.10346781462430954
HAO2_RNA,0.10346218198537827
IFIT5_RNA,0.10329993814229965
SNORD115-15_RNA,0.10314024239778519
OR10A4_RNA,0.1030869111418724
OR1L3_RNA,0.10306889563798904
NRIP2_RNA,0.10303670167922974
MAPK10_RNA,0.1029934510588646
ENTPD5_RNA,0.10293217748403549
B3GNTL1_RNA,0.10289127379655838
PUM2_RNA,0.10285554081201553
ZNF835_RNA,0.1028318926692009
TLL1_RNA,0.1027987152338028
BEND2_RNA,0.10278242081403732
MIR656_RNA,0.10254200547933578
TBRG4_RNA,0.10248735547065735
OR6B1_RNA,0.10246121883392334
GRIK1_RNA,0.10244312882423401
KC6_RNA,0.10242219269275665
PRKAR2A_RNA,0.10237587243318558
B3GALT2_RNA,0.10237030684947968
MIR376A2_RNA,0.10234411060810089
COPA_RNA,0.10233435034751892
MYO1G_RNA,0.10232961922883987
RAD9B_RNA,0.10225152969360352
SMURF1_RNA,0.10210761427879333
MAP1A_RNA,0.1020188257098198
SNX33_RNA,0.10199891030788422
ABCG5_RNA,0.10196232795715332
TTC14_RNA,0.10191673785448074
ZNF274_RNA,0.1019066721200943
PXDNL_RNA,0.10184583812952042
ME2_RNA,0.10176246613264084
UPB1_RNA,0.1017155721783638
L3MBTL3_RNA,0.1016276478767395
SGCD_RNA,0.10159368813037872
NAPSA_RNA,0.10156917572021484
SLC15A5_RNA,0.10153074562549591
RFTN1_RNA,0.10148520022630692
ABCG2_RNA,0.10146655142307281
CYSLTR2_RNA,0.10140671581029892
DDX18_RNA,0.10138840228319168
MIR548F3_RNA,0.10138258337974548
ZSWIM3_RNA,0.10136883705854416
PYGL_RNA,0.10119857639074326
PHKG1_RNA,0.10119353979825974
PCDHB16_RNA,0.10118947178125381
YPEL1_RNA,0.10118362307548523
NCF2_RNA,0.10113616287708282
MTA2_RNA,0.10112984478473663
EFCAB7_RNA,0.10108547657728195
SLC15A1_RNA,0.10098390281200409
CHSY3_RNA,0.10093259811401367
UPRT_RNA,0.10090044885873795
CCNI2_RNA,0.10087021440267563
SH3BP5_RNA,0.10073473304510117
ATP2B4_RNA,0.10073263943195343
TDP1_RNA,0.10069036483764648
ZNF251_RNA,0.10050959140062332
ANKRD33B_RNA,0.1004951000213623
CD69_RNA,0.10049401968717575
MS4A6E_RNA,0.10032427310943604
KNG1_RNA,0.10030470788478851
VTCN1_RNA,0.10026812553405762
KDM2A_RNA,0.10026384890079498
KDM1A_RNA,0.10019834339618683
EPS8_RNA,0.10015612840652466
FARP1_RNA,0.10008447617292404
EIF2S3_RNA,0.10002796351909637
ACSL4_RNA,0.09996886551380157
TDG_RNA,0.09971043467521667
SNRNP48_RNA,0.09959283471107483
TTLL4_RNA,0.0995626151561737
RANBP3L_RNA,0.09952715039253235
TMX3_RNA,0.09936778247356415
ABHD5_RNA,0.09936589002609253
TMEM87A_RNA,0.09930282086133957
TRIM35_RNA,0.09929671883583069
MIR409_RNA,0.09927254170179367
UBN1_RNA,0.0991443544626236
KLHL13_RNA,0.09912528097629547
PTCHD3_RNA,0.09905517846345901
RBBP9_RNA,0.09904976189136505
KPNA4_RNA,0.09902644902467728
CLEC4D_RNA,0.09900587052106857
POLR1E_RNA,0.09900552034378052
LIG4_RNA,0.09896150231361389
IFT140_RNA,0.09891409426927567
PNPLA3_RNA,0.098907470703125
TAOK2_RNA,0.09889356046915054
IFT88_RNA,0.09888604283332825
ABCG1_RNA,0.09885203093290329
THUMPD2_RNA,0.09879735857248306
CPVL_RNA,0.0987246111035347
RECQL5_RNA,0.09870943427085876
HCFC1_RNA,0.09863775968551636
CLVS2_RNA,0.09862541407346725
TEX12_RNA,0.09860777854919434
NOL8_RNA,0.09860052913427353
ZNF740_RNA,0.09859561920166016
WDR72_RNA,0.09857583045959473
FIGLA_RNA,0.09843649715185165
OR52E2_RNA,0.09836716204881668
ZNF727_RNA,0.09832388907670975
DAPP1_RNA,0.0982154905796051
CFH_RNA,0.09819160401821136
MED28_RNA,0.09813878685235977
CDK19_RNA,0.0981341227889061
FAM13B_RNA,0.09812231361865997
MOXD1_RNA,0.09805323928594589
PFKFB4_RNA,0.0979885682463646
ZNF687_RNA,0.09795031696557999
CNPY1_RNA,0.0978008508682251
HHIP_RNA,0.09774418920278549
SAR1A_RNA,0.09772550314664841
PON3_RNA,0.09763570874929428
SULT1A2_RNA,0.09759017080068588
SEC23B_RNA,0.09753331542015076
PARP15_RNA,0.09751733392477036
TTL_RNA,0.097442127764225
SLC44A5_RNA,0.09742580354213715
ITGB6_RNA,0.0974229946732521
ITGA3_RNA,0.09734714031219482
PRRG2_RNA,0.09732706099748611
SH3PXD2A_RNA,0.09731465578079224
MLEC_RNA,0.09720850735902786
ITK_RNA,0.09719535708427429
RNASE7_RNA,0.09708219766616821
DNAJB14_RNA,0.09707280993461609
KCNA3_RNA,0.09705138206481934
C9orf43_RNA,0.09686685353517532
WDR12_RNA,0.09685300290584564
TREML2_RNA,0.09668239206075668
ST20_RNA,0.09661830961704254
MIR155HG_RNA,0.09661299735307693
MANEA_RNA,0.09659391641616821
GALC_RNA,0.09657291322946548
ZNF554_RNA,0.09656223654747009
GOLIM4_RNA,0.09651340544223785
PCYT1A_RNA,0.09646443277597427
ANKS1A_RNA,0.09637336432933807
AMOT_RNA,0.0963582694530487
OR4F15_RNA,0.09634749591350555
GRK7_RNA,0.0963359996676445
ATP6V1C2_RNA,0.09633427113294601
FOXJ3_RNA,0.09632907807826996
VPS41_RNA,0.09632387012243271
PHKB_RNA,0.09631995856761932
RBM5_RNA,0.09628378599882126
FAR1_RNA,0.09626839309930801
ENDOD1_RNA,0.09621167927980423
FTO_RNA,0.09601745754480362
ADAM18_RNA,0.09598749130964279
PAX6_RNA,0.0959838256239891
CREB5_RNA,0.09588136523962021
OR2J2_RNA,0.0957975760102272
REG1A_RNA,0.09577461332082748
ZNF763_RNA,0.09560409188270569
GOLGA5_RNA,0.09558672457933426
RALBP1_RNA,0.09556826949119568
GEM_RNA,0.09548363089561462
MIR146B_RNA,0.09540209174156189
TMX1_RNA,0.09525950253009796
PPP4R2_RNA,0.09524928778409958
GALNT7_RNA,0.09524162113666534
TBC1D10C_RNA,0.09523563832044601
MAPK8_RNA,0.09520310908555984
RP2_RNA,0.0951325073838234
KHDRBS2_RNA,0.09511271119117737
ADNP_RNA,0.09510992467403412
GPR152_RNA,0.095036581158638
PDHX_RNA,0.09501559287309647
ANKS3_RNA,0.09494651108980179
AQP2_RNA,0.09488867968320847
TMEM71_RNA,0.094879150390625
MYO1A_RNA,0.09486627578735352
FUT5_RNA,0.09484837204217911
CLEC1B_RNA,0.09475357085466385
CHEK1_RNA,0.09470511972904205
DCLRE1A_RNA,0.09464851766824722
CST9_RNA,0.0946364626288414
RBM4_RNA,0.09458774328231812
SYTL1_RNA,0.0945243239402771
SEL1L3_RNA,0.09434518963098526
DHX40_RNA,0.09434252232313156
FUT4_RNA,0.09425930678844452
C3_RNA,0.09423670917749405
DSC1_RNA,0.09409152716398239
RNF24_RNA,0.09406981617212296
FAM117B_RNA,0.09406688809394836
DDHD2_RNA,0.09406284242868423
TMEM150B_RNA,0.09404680877923965
KLF3_RNA,0.09399884194135666
CHDH_RNA,0.09397467970848083
ELMOD2_RNA,0.09395492076873779
CERKL_RNA,0.09394078701734543
ZC3H4_RNA,0.0937792956829071
NYX_RNA,0.09376364201307297
SH2D7_RNA,0.09374869614839554
KLHL29_RNA,0.0937398299574852
TBXAS1_RNA,0.09365209937095642
BRS3_RNA,0.09364722669124603
MBOAT1_RNA,0.0936078429222107
C1orf146_RNA,0.09356429427862167
PRND_RNA,0.09355103969573975
BGLAP_RNA,0.09353989362716675
TMEM168_RNA,0.09349337220191956
IL20RB_RNA,0.09348806738853455
VPS4B_RNA,0.09348277747631073
VPS53_RNA,0.0934123769402504
WSCD1_RNA,0.09334535151720047
MRGPRD_RNA,0.09333277493715286
SLC44A4_RNA,0.09329526126384735
HMGCR_RNA,0.09325437247753143
MIR602_RNA,0.09318944811820984
FAP_RNA,0.09313612431287766
EPHB4_RNA,0.0930406004190445
MIR376A1_RNA,0.09300539642572403
HNRNPU_RNA,0.09298262745141983
GREB1_RNA,0.09288882464170456
ARSD_RNA,0.09284758567810059
STT3B_RNA,0.0927644595503807
GLUL_RNA,0.09273700416088104
MGC27382_RNA,0.09268023818731308
CCL21_RNA,0.09266804158687592
TAGAP_RNA,0.09265922755002975
CELP_RNA,0.0926421731710434
CLCA1_RNA,0.09253666549921036
SNORD115-30_RNA,0.09250638633966446
GPBP1_RNA,0.092442587018013
ADAR_RNA,0.09241599589586258
FUT8_RNA,0.09241155534982681
ZNF223_RNA,0.09237028658390045
PHC1_RNA,0.09233903884887695
HYOU1_RNA,0.09228281676769257
WDR20_RNA,0.09223248064517975
STK38_RNA,0.09221126139163971
ZNF670_RNA,0.09219987690448761
JMJD4_RNA,0.0921974629163742
UGCG_RNA,0.09203874319791794
ALDH18A1_RNA,0.09202142804861069
EIF4E_RNA,0.0919174924492836
BBS7_RNA,0.09185689687728882
PGBD2_RNA,0.09177517890930176
SLC18A2_RNA,0.091743364930152893
WDR47_RNA,0.09174150228500366
CKM_RNA,0.09169550985097885
SNRNP40_RNA,0.09160307049751282
WTIP_RNA,0.09155239164829254
GRIA1_RNA,0.09155015647411346
KCNJ1_RNA,0.09150807559490204
MAPK1_RNA,0.0914159044623375
NAA50_RNA,0.09139931946992874
TRIM37_RNA,0.09125523269176483
DUSP18_RNA,0.09109414368867874
NARS2_RNA,0.09108907729387283
MFSD6L_RNA,0.09106245636940002
EMB_RNA,0.09102476388216019
MEF2C_RNA,0.09102042764425278
TMOD4_RNA,0.09099354594945908
ST3GAL2_RNA,0.09098798781633377
ABCB10_RNA,0.0909634605050087
NUSAP1_RNA,0.09080193936824799
BRPF1_RNA,0.09079238772392273
VEGFA_RNA,0.09072808176279068
ETS1_RNA,0.09062772989273071
SLC26A6_RNA,0.09056223183870316
HKDC1_RNA,0.09047083556652069
TECPR2_RNA,0.09041254967451096
PDIA4_RNA,0.09041129052639008
SNX15_RNA,0.09038665890693665
SSR1_RNA,0.09037339687347412
CEP57_RNA,0.09030502289533615
PHRF1_RNA,0.09025847166776657
SNORD115-2_RNA,0.09015995264053345
GSR_RNA,0.09012823551893234
SRPK3_RNA,0.0901200994849205
RAB11FIP2_RNA,0.089993417263031
PTCH1_RNA,0.08998562395572662
TFPI_RNA,0.08997044712305069
ALLC_RNA,0.08992290496826172
PCDHB6_RNA,0.08991125226020813
LRRC1_RNA,0.08986616134643555
DLL4_RNA,0.08985860645771027
ITGA10_RNA,0.08985023200511932
BHLHA15_RNA,0.08984386920928955
DCX_RNA,0.08980447798967361
TUBE1_RNA,0.08979134261608124
KRTAP19-8_RNA,0.08975155651569366
EYA4_RNA,0.08969191461801529
DHODH_RNA,0.08968625217676163
HRH1_RNA,0.08961443603038788
ADAMTS1_RNA,0.08933186531066895
PEX3_RNA,0.08919790387153625
OSBPL10_RNA,0.08917500078678131
TBC1D9_RNA,0.08909693360328674
ITFG2_RNA,0.08909023553133011
CALCR_RNA,0.08903927356004715
ITPKB_RNA,0.08889085054397583
TMEM170A_RNA,0.0888313353061676
ARIH2_RNA,0.08881790935993195
CRX_RNA,0.08878815919160843
CCL16_RNA,0.08877217769622803
GGT6_RNA,0.08876105397939682
CCDC80_RNA,0.08870819211006165
TMEM209_RNA,0.08868341892957687
NAGS_RNA,0.08865344524383545
TANK_RNA,0.08862467855215073
AMFR_RNA,0.08853301405906677
CANX_RNA,0.0885305255651474
TAF5_RNA,0.08842899650335312
KLRG2_RNA,0.08842694759368896
SPIB_RNA,0.08836642652750015
MIR221_RNA,0.0883452370762825
PIP5K1A_RNA,0.08834226429462433
GBX1_RNA,0.08833552151918411
PSTPIP2_RNA,0.08827097713947296
ZSCAN16_RNA,0.08826708048582077
ANKLE2_RNA,0.0882532149553299
WDR89_RNA,0.08824465423822403
ZFR_RNA,0.08819255977869034
NOSTRIN_RNA,0.088186115026474
NKX2-4_RNA,0.08808910101652145
LEAP2_RNA,0.08796001225709915
RFPL3S_RNA,0.08794815093278885
CYBRD1_RNA,0.08791769295930862
MIR33A_RNA,0.08788742870092392
PIK3C2B_RNA,0.08788520842790604
KBTBD2_RNA,0.08788394182920456
TIMP3_RNA,0.08784376829862595
TOR1AIP1_RNA,0.08780469745397568
KRTAP11-1_RNA,0.08769010007381439
ALDH8A1_RNA,0.08766593039035797
SIGLEC9_RNA,0.08752795308828354
PRPF39_RNA,0.08749694377183914
MIR659_RNA,0.08742727339267731
SUPT6H_RNA,0.08737201988697052
COL11A1_RNA,0.08735340088605881
MIR369_RNA,0.08727503567934036
GUCY2D_RNA,0.08720510452985764
GTF2H1_RNA,0.08719123154878616
MTMR12_RNA,0.08718907833099365
GBP3_RNA,0.08715470880270004
PDCL_RNA,0.08714894950389862
HPYR1_RNA,0.08713984489440918
HTR7_RNA,0.08712245523929596
HSF2BP_RNA,0.08711250126361847
CXCR1_RNA,0.08704269677400589
FBXO40_RNA,0.08703872561454773
FASTKD5_RNA,0.08687395602464676
ITGB7_RNA,0.08683982491493225
PHTF2_RNA,0.08682537078857422
OR5AU1_RNA,0.08681519329547882
NAB1_RNA,0.08679629862308502
CHORDC1_RNA,0.08674175292253494
NEK5_RNA,0.08672516793012619
DCTN5_RNA,0.0864882543683052
ZGPAT_RNA,0.08645445108413696
SNORD115-19_RNA,0.08638358861207962
RAD54B_RNA,0.0863504707813263
PTCD2_RNA,0.08628618717193604
ENOX2_RNA,0.08627709001302719
HSPA6_RNA,0.08623561263084412
MYNN_RNA,0.08622808009386063
FHL5_RNA,0.08622120320796967
MDGA1_RNA,0.0861736312508583
TUBGCP3_RNA,0.0859702080488205
IKBKB_RNA,0.08595380932092667
SLC6A16_RNA,0.0859101414680481
FEM1A_RNA,0.0858888104557991
SNIP1_RNA,0.0858432799577713
ITGAD_RNA,0.08581910282373428
PRR23A_RNA,0.08567027002573013
ACTL7B_RNA,0.08566626906394958
NCR1_RNA,0.08556056022644043
ZNF474_RNA,0.08554208278656006
GPRC5D_RNA,0.08554063737392426
CD274_RNA,0.08550416678190231
C17orf107_RNA,0.08542874455451965
B4GALNT2_RNA,0.08540651202201843
MAP7D3_RNA,0.08540398627519608
DDX50_RNA,0.08528835326433182
FAM83F_RNA,0.08520711958408356
FAM170A_RNA,0.08518774807453156
SH2B3_RNA,0.08517207205295563
UIMC1_RNA,0.08511137962341309
EXOC1_RNA,0.0850740298628807
SLC7A9_RNA,0.08504634350538254
C10orf55_RNA,0.08489400893449783
FAM111B_RNA,0.0848313644528389
ZMAT1_RNA,0.08482072502374649
CLCN1_RNA,0.08473071455955505
RDX_RNA,0.08465919643640518
VEZF1_RNA,0.08462010324001312
ZDHHC20_RNA,0.08461756259202957
BMF_RNA,0.084610216319561
MIR551A_RNA,0.08453666418790817
RNF115_RNA,0.0844859704375267
STARD5_RNA,0.0844476968050003
F3_RNA,0.08442056179046631
AMN_RNA,0.0843564048409462
ZNF346_RNA,0.08431888371706009
FCGR2A_RNA,0.0843036025762558
HK2_RNA,0.08424987643957138
MYO3A_RNA,0.08424273133277893
ZCWPW2_RNA,0.08419039845466614
ATG2A_RNA,0.08418039232492447
CREBZF_RNA,0.08408879488706589
LGSN_RNA,0.08400135487318039
CYB5R4_RNA,0.0839911475777626
RABGGTB_RNA,0.08393727988004684
OR2A12_RNA,0.08382793515920639
WDR74_RNA,0.08380890637636185
SGK1_RNA,0.08378758281469345
MAP3K6_RNA,0.08372865617275238
ZNF556_RNA,0.08364515751600266
CSTF1_RNA,0.08362521231174469
SYNCRIP_RNA,0.08357714116573334
ZNF114_RNA,0.08355977386236191
SOCS5_RNA,0.08354470878839493
SAG_RNA,0.08353827893733978
BCL2L15_RNA,0.08350358158349991
ANKRD40_RNA,0.0834551602602005
SLITRK5_RNA,0.0832337960600853
RXFP3_RNA,0.08314075320959091
COX10_RNA,0.0831364169716835
FLT3LG_RNA,0.08312676101922989
SLC22A8_RNA,0.08311505615711212
ENTPD3_RNA,0.08309376984834671
XKR9_RNA,0.08304644376039505
SLC30A8_RNA,0.08302340656518936
WNK4_RNA,0.08299583941698074
MYCBPAP_RNA,0.08296231925487518
ZNF302_RNA,0.08295005559921265
TJP3_RNA,0.08290793001651764
LETM2_RNA,0.08282490819692612
OPRD1_RNA,0.08277759701013565
RAVER2_RNA,0.08274829387664795
GPR39_RNA,0.08274039626121521
KRBA1_RNA,0.08273348212242126
MID2_RNA,0.08272825926542282
KLHL21_RNA,0.08264197409152985
COPB1_RNA,0.082611083984375
VEZT_RNA,0.08260170370340347
PLEKHF2_RNA,0.08259561657905579
CYP4F11_RNA,0.08250841498374939
PRSS12_RNA,0.08237957209348679
SPIN3_RNA,0.08237722516059875
NGLY1_RNA,0.08230849355459213
SEC14L3_RNA,0.08230032026767731
TSNARE1_RNA,0.08216283470392227
KLHL12_RNA,0.08212843537330627
ERI1_RNA,0.08207977563142776
POLD1_RNA,0.08206219226121902
RBM46_RNA,0.08202385157346725
USP35_RNA,0.08196394145488739
TRPM2_RNA,0.08196236938238144
DRP2_RNA,0.08194957673549652
DNAJC24_RNA,0.08187299221754074
ZBTB47_RNA,0.08183854818344116
FES_RNA,0.081829071044921875
PLOD2_RNA,0.08180186152458191
GPR149_RNA,0.08163458853960037
MTMR2_RNA,0.0815519317984581
MRI1_RNA,0.08152543008327484
NUP210_RNA,0.0815092921257019
C15orf32_RNA,0.08146770298480988
HMGCS1_RNA,0.08141772449016571
RAB3D_RNA,0.08132839947938919
DSG4_RNA,0.08128487318754196
B3GALT1_RNA,0.08121967315673828
RNF17_RNA,0.08119780570268631
NACC2_RNA,0.08119022101163864
ZNF746_RNA,0.08117073774337769
CHRNA7_RNA,0.08116653561592102
TBC1D24_RNA,0.0811527669429779
TRIM34_RNA,0.08115165680646896
FAM120B_RNA,0.08108694106340408
OR1A1_RNA,0.08100488036870956
CSTF2_RNA,0.08098059892654419
MTIF2_RNA,0.08097761124372482
CUL4B_RNA,0.08089841157197952
SLC9A4_RNA,0.08088274300098419
MAP4K4_RNA,0.08087514340877533
DTNA_RNA,0.08085786551237106
IQCB1_RNA,0.08084504306316376
KDM4B_RNA,0.08078555762767792
KAT2B_RNA,0.08078184723854065
BCKDHB_RNA,0.0807594433426857
CALU_RNA,0.08072149008512497
AP4S1_RNA,0.08060072362422943
B3GNT4_RNA,0.08053502440452576
TRPC6_RNA,0.08048678189516068
NEURL2_RNA,0.08048663288354874
PGAM4_RNA,0.08046376705169678
ANKK1_RNA,0.08043284714221954
SMARCC2_RNA,0.0804235115647316
ZNF711_RNA,0.08039277791976929
DLG2_RNA,0.08036743849515915
FLJ30679_RNA,0.08034610748291016
TNS3_RNA,0.08022168278694153
ARHGAP6_RNA,0.08012401312589645
POLD3_RNA,0.08002728968858719
SLC2A10_RNA,0.07993243634700775
GAS7_RNA,0.07990485429763794
VPS36_RNA,0.07988834381103516
ZNF165_RNA,0.07978379726409912
IFI44L_RNA,0.07975028455257416
PCDHB14_RNA,0.07972465455532074
ZNF335_RNA,0.07962224632501602
CSGALNACT2_RNA,0.07960689067840576
CABIN1_RNA,0.07954461127519608
FBXO33_RNA,0.07954424619674683
INMT_RNA,0.07948920130729675
PCDH1_RNA,0.07948344200849533
TEX10_RNA,0.07938149571418762
CTSS_RNA,0.07933968305587769
PDP2_RNA,0.07933159172534943
CCDC154_RNA,0.07933028042316437
C2orf88_RNA,0.07924961298704147
NUBPL_RNA,0.07918525487184525
YIPF4_RNA,0.07900439947843552
QRSL1_RNA,0.07898841798305511
OR2F1_RNA,0.07888418436050415
VASH1_RNA,0.07884735614061356
MESTIT1_RNA,0.07883251458406448
LIN9_RNA,0.07873857021331787
C4orf36_RNA,0.07872840017080307
SEC24D_RNA,0.07872564345598221
IFNAR1_RNA,0.07866592705249786
BTBD19_RNA,0.07855333387851715
HSPBAP1_RNA,0.07850230485200882
PTPRO_RNA,0.07850136607885361
MTMR1_RNA,0.07842756062746048
SLC17A5_RNA,0.07840286195278168
ELL2_RNA,0.07839419692754745
TK2_RNA,0.07839135080575943
OR1J1_RNA,0.07834431529045105
SLC20A1_RNA,0.07830392569303513
KIF3A_RNA,0.07829734683036804
CROT_RNA,0.07821352779865265
MIR1266_RNA,0.07810376584529877
ANKRD23_RNA,0.07802187651395798
HK3_RNA,0.07802119851112366
AGPAT5_RNA,0.07789325714111328
CARD18_RNA,0.07773648947477341
WDR87_RNA,0.07769355922937393
HMHB1_RNA,0.0776757150888443
DCLK1_RNA,0.07764428853988647
CCDC6_RNA,0.07763203233480453
MTMR10_RNA,0.07760151475667953
TMC1_RNA,0.07757250219583511
FGF11_RNA,0.077515609562397
IQCC_RNA,0.07751220464706421
HPS4_RNA,0.077510766685009
SFXN5_RNA,0.0774993821978569
ZP1_RNA,0.07747729122638702
GALR3_RNA,0.07738339155912399
ZFP92_RNA,0.07736215740442276
MYL1_RNA,0.07729688286781311
RIC3_RNA,0.07725442945957184
SNORD32B_RNA,0.07719767838716507
RNF20_RNA,0.0771922692656517
NES_RNA,0.07705619931221008
LIPJ_RNA,0.07702942937612534
RIOK3_RNA,0.07691751420497894
MIR93_RNA,0.07688488811254501
GPRIN2_RNA,0.07683625817298889
COQ7_RNA,0.07679887115955353
EMILIN2_RNA,0.07678287476301193
YIPF6_RNA,0.07667533308267593
TEX13B_RNA,0.07666589319705963
M6PR_RNA,0.0766497403383255
COG6_RNA,0.07659616321325302
SNTN_RNA,0.07656991481781006
MYLK3_RNA,0.07656475156545639
NUDT3_RNA,0.07654105126857758
ANKRD13A_RNA,0.07652728259563446
SPATS1_RNA,0.07648994773626328
SLC11A2_RNA,0.07648371905088425
KBTBD6_RNA,0.07637052983045578
MIR135B_RNA,0.07631424069404602
MED6_RNA,0.07619232684373856
CCDC116_RNA,0.07615132629871368
NPY2R_RNA,0.07613763213157654
MIR181D_RNA,0.07606523483991623
TGFBI_RNA,0.07603060454130173
KBTBD12_RNA,0.07595966011285782
PNPT1_RNA,0.07595665752887726
INTS3_RNA,0.07585132867097855
TMEM106B_RNA,0.07577657699584961
CLCN2_RNA,0.07565407454967499
SLC39A6_RNA,0.0756005197763443
ZNF142_RNA,0.07557850331068039
SLC26A8_RNA,0.0755462720990181
EPX_RNA,0.07547794282436371
MIR106B_RNA,0.07542770355939865
MCCC1_RNA,0.07539317011833191
MLN_RNA,0.07530061155557632
NSUN7_RNA,0.07519053667783737
NLRP14_RNA,0.07508375495672226
CYP2U1_RNA,0.07497002929449081
PMP2_RNA,0.07485973089933395
ITGAX_RNA,0.07484734058380127
LYVE1_RNA,0.0747353732585907
C18orf54_RNA,0.07469964772462845
LAX1_RNA,0.07467180490493774
MTAP_RNA,0.07460405677556992
FHOD3_RNA,0.07458610832691193
OSBP_RNA,0.07449417561292648
RIPK1_RNA,0.07448539137840271
VWA5B1_RNA,0.07445459812879562
TP63_RNA,0.07443109154701233
SIK3_RNA,0.07442262768745422
TM4SF4_RNA,0.07439584285020828
TRIM42_RNA,0.07428549230098724
ACSM3_RNA,0.07423628866672516
FLCN_RNA,0.0740552619099617
GOSR1_RNA,0.07402274012565613
PHLPP1_RNA,0.07398509979248047
DHX32_RNA,0.07395380735397339
CALB1_RNA,0.07391498982906342
RFFL_RNA,0.07379378378391266
CEACAM20_RNA,0.07376733422279358
PTPN21_RNA,0.0736316591501236
ZNF774_RNA,0.07358887791633606
SIRPD_RNA,0.07354225963354111
SLC16A9_RNA,0.07353997230529785
PELI1_RNA,0.07351669669151306
TFB1M_RNA,0.07345263659954071
RBBP8_RNA,0.07342725247144699
MIR595_RNA,0.07332894206047058
ITIH4_RNA,0.07304240018129349
LEO1_RNA,0.07303014397621155
COL15A1_RNA,0.07301898300647736
RALGPS2_RNA,0.07301843166351318
FOSB_RNA,0.07295805215835571
POLR3C_RNA,0.0729297623038292
SNORA15_RNA,0.07278662919998169
C2orf42_RNA,0.07261240482330322
ZNF497_RNA,0.07260527461767197
BEST3_RNA,0.07259501516819
WIPI1_RNA,0.07258845865726471
MLH1_RNA,0.07252553850412369
HACL1_RNA,0.07250549644231796
KIF3B_RNA,0.07237675040960312
ZNF502_RNA,0.07235626876354218
CRHR2_RNA,0.07228618115186691
TAS1R1_RNA,0.07221931219100952
DEPDC1_RNA,0.07221837341785431
CSE1L_RNA,0.07219994068145752
BUB1_RNA,0.07214336097240448
GALNT11_RNA,0.07214225083589554
CDH15_RNA,0.07210950553417206
BTN2A2_RNA,0.07196557521820068
FAM83B_RNA,0.07193391770124435
EIF4EBP2_RNA,0.071869857609272
PCMTD2_RNA,0.07184392213821411
ATP1A1_RNA,0.07175124436616898
SGCG_RNA,0.07172980159521103
PYGB_RNA,0.0717228353023529
OSGEPL1_RNA,0.07160355150699615
DHX34_RNA,0.07158460468053818
TIGD1_RNA,0.07138188183307648
SH3D19_RNA,0.07130368798971176
ZNRF3_RNA,0.07109562307596207
SLC7A1_RNA,0.07108128815889359
ZNF716_RNA,0.07102888077497482
SNED1_RNA,0.07087787985801697
ST18_RNA,0.0708017572760582
ACAD9_RNA,0.07073553651571274
HSPA13_RNA,0.070701703429222107
WDR93_RNA,0.07058146595954895
HAUS2_RNA,0.07053373754024506
FAM20A_RNA,0.07046639919281006
C2orf49_RNA,0.07032786309719086
UBA7_RNA,0.07029169797897339
NLK_RNA,0.070140741765499115
SPINK4_RNA,0.07013790309429169
CD46_RNA,0.07013656198978424
CGN_RNA,0.07011143118143082
RANBP6_RNA,0.07006462663412094
C2CD2_RNA,0.07003356516361237
PLS3_RNA,0.0700153037905693
ARGFX_RNA,0.0700080618262291
GALNT10_RNA,0.06998951733112335
PHEX_RNA,0.06997648626565933
IRF9_RNA,0.06988660991191864
GRAP2_RNA,0.06986891478300095
FRMPD2_RNA,0.06986632198095322
BDNF_RNA,0.06985484063625336
AKR1D1_RNA,0.06985151022672653
KRT40_RNA,0.06983839720487595
STK10_RNA,0.06976015865802765
PROS1_RNA,0.06973811239004135
PARP9_RNA,0.06973111629486084
SLC15A2_RNA,0.0697060078382492
PCGF3_RNA,0.06967952102422714
PHOSPHO2_RNA,0.06961093842983246
PPEF2_RNA,0.06954603642225266
PITRM1_RNA,0.06954410672187805
OR2A14_RNA,0.06952409446239471
CLK3_RNA,0.06945639848709106
MSH2_RNA,0.06945576518774033
IYD_RNA,0.06938371807336807
OR7C1_RNA,0.06936489790678024
LRRC14B_RNA,0.0693562775850296
UTP6_RNA,0.06934937834739685
GP5_RNA,0.0693398043513298
ETFDH_RNA,0.06918720155954361
GUF1_RNA,0.06915783137083054
MVP_RNA,0.0691128596663475
TBRG1_RNA,0.06908954679965973
GLOD5_RNA,0.06900244951248169
KLF13_RNA,0.06898573786020279
IL21_RNA,0.06897640228271484
DDIT4_RNA,0.06897541135549545
TCTN2_RNA,0.06894482672214508
OR7D4_RNA,0.06886603683233261
CLDN12_RNA,0.06885265558958054
RPGRIP1_RNA,0.06874581426382065
SLC22A25_RNA,0.06865227222442627
XPNPEP1_RNA,0.06864243745803833
POLM_RNA,0.06859023869037628
NCKAP1_RNA,0.06858514994382858
WDR90_RNA,0.06858024001121521
NMT2_RNA,0.06848649680614471
ZNF536_RNA,0.0684145987033844
CRELD1_RNA,0.06829682737588882
LIME1_RNA,0.06829001754522324
INTS10_RNA,0.06828572601079941
CPO_RNA,0.06828246265649796
CPT1A_RNA,0.06820723414421082
PDIA6_RNA,0.06814731657505035
KRIT1_RNA,0.06804566085338593
FLVCR2_RNA,0.06804138422012329
STAT5A_RNA,0.06796266883611679
SLC38A2_RNA,0.06796156615018845
LRRIQ3_RNA,0.06796056777238846
SYT11_RNA,0.06788861006498337
TP53BP2_RNA,0.06788120418787003
NPC1L1_RNA,0.06782447546720505
FBXL14_RNA,0.06780172139406204
TMPRSS4_RNA,0.06775840371847153
BIRC3_RNA,0.0677480697631836
SCARF1_RNA,0.06774195283651352
SLC25A15_RNA,0.06771828979253769
PRKRA_RNA,0.06758839637041092
SPAG5_RNA,0.06756846606731415
SLC45A4_RNA,0.06754500418901443
SARM1_RNA,0.06753057986497879
PLEKHN1_RNA,0.06732268631458282
SLC25A13_RNA,0.06732095777988434
CTNNA3_RNA,0.06729763746261597
PARN_RNA,0.06725203990936279
LMAN1L_RNA,0.06724901497364044
GLTPD2_RNA,0.067192442715168
CCDC146_RNA,0.06693482398986816
PVR_RNA,0.06688903272151947
RNF123_RNA,0.06685391068458557
EFCAB5_RNA,0.066836878657341
C11orf52_RNA,0.06680647283792496
GLE1_RNA,0.06676599383354187
MRPL46_RNA,0.06675778329372406
TRIM65_RNA,0.0666971430182457
CCDC85C_RNA,0.06668593734502792
CXCR5_RNA,0.06662926822900772
ATMIN_RNA,0.06662236154079437
RECK_RNA,0.06658253818750381
TULP1_RNA,0.06649597734212875
DCAF8L1_RNA,0.06643343716859818
ALDH1L2_RNA,0.06641040742397308
TMTC4_RNA,0.06638876348733902
BTBD10_RNA,0.0663725733757019
NTN1_RNA,0.06634398549795151
MIR412_RNA,0.06634074449539185
C3orf36_RNA,0.06633716821670532
FASN_RNA,0.0663330927491188
C4orf19_RNA,0.06623882800340652
UMPS_RNA,0.06618299335241318
PPP1R3G_RNA,0.06617634743452072
KPNA1_RNA,0.0659915953874588
MEOX1_RNA,0.0659235492348671
EXD3_RNA,0.06590425223112106
ABCA4_RNA,0.06580018997192383
DIS3L_RNA,0.06578942388296127
RRP1B_RNA,0.06578196585178375
NFKBIA_RNA,0.06575406342744827
RASSF4_RNA,0.06568349152803421
TINAG_RNA,0.06564079970121384
HHIPL1_RNA,0.06555743515491486
HYAL4_RNA,0.06552181392908096
COL3A1_RNA,0.06551548093557358
GNAQ_RNA,0.06550489366054535
RASSF9_RNA,0.06542308628559113
OXER1_RNA,0.06537535786628723
PRKX_RNA,0.06533927470445633
ZNF629_RNA,0.06532199680805206
CSTF2T_RNA,0.06518916040658951
EXT2_RNA,0.0649295300245285
ELMOD3_RNA,0.06491485983133316
CXADR_RNA,0.06489930301904678
FAM124B_RNA,0.06487595289945602
MIR383_RNA,0.06482160091400146
TNFRSF10D_RNA,0.06478258967399597
MORC2_RNA,0.0647096261382103
TTC39A_RNA,0.06469113379716873
PLCH1_RNA,0.06467545032501221
SPDYE4_RNA,0.06458418071269989
LAD1_RNA,0.06451697647571564
NUP188_RNA,0.06447409838438034
GRPEL2_RNA,0.06445124000310898
RABGEF1_RNA,0.06437943130731583
FZD6_RNA,0.06431001424789429
FLI1_RNA,0.06429725140333176
CPSF3_RNA,0.06428404897451401
FBXO34_RNA,0.06426382809877396
SEC22B_RNA,0.06424593180418015
MAGEE2_RNA,0.06424248963594437
PRDM4_RNA,0.06419192999601364
PAK3_RNA,0.06418028473854065
SRP54_RNA,0.06417510658502579
NEK7_RNA,0.06415140628814697
FCHSD1_RNA,0.06412055343389511
DAZL_RNA,0.06410474330186844
MGAT2_RNA,0.06409838050603867
PDE1C_RNA,0.06409204006195068
LOC100310782_RNA,0.06402090191841125
MAP3K12_RNA,0.06378769129514694
MIR130B_RNA,0.06376057118177414
DLEC1_RNA,0.06375277787446976
SLC31A1_RNA,0.06368087977170944
CNR2_RNA,0.06362777203321457
GPR78_RNA,0.06362120807170868
SLAMF8_RNA,0.06343543529510498
FAM177B_RNA,0.06335015594959259
SLC44A1_RNA,0.06333988904953003
PROP1_RNA,0.06320022791624069
P4HA2_RNA,0.06315909326076508
IL1R1_RNA,0.06308688223361969
GABPA_RNA,0.06303557753562927
OR10H1_RNA,0.06300152093172073
DCT_RNA,0.06296710669994354
SATB1_RNA,0.06296069920063019
THUMPD3_RNA,0.0629582330584526
PXDN_RNA,0.06294691562652588
CAPN3_RNA,0.06293728202581406
TTPA_RNA,0.06288810819387436
LDLRAD1_RNA,0.06283916532993317
TBX10_RNA,0.06274298578500748
TDRD6_RNA,0.06271658092737198
PSCA_RNA,0.06269539892673492
ARHGAP19_RNA,0.06250783056020737
SMARCA2_RNA,0.06230218708515167
TWF1_RNA,0.06227653846144676
GRM8_RNA,0.062276389449834824
WDR76_RNA,0.06225971505045891
KCTD12_RNA,0.06225807964801788
LOXHD1_RNA,0.062186289578676224
DNASE1L2_RNA,0.062105726450681686
BEND7_RNA,0.06207936257123947
NRAS_RNA,0.06207381188869476
PI4K2B_RNA,0.06201982498168945
PAQR5_RNA,0.06199599802494049
C6orf120_RNA,0.06194846332073212
ARAP1_RNA,0.06191178411245346
AKNA_RNA,0.0618874728679657
ARMCX5_RNA,0.061867933720350266
ARFIP1_RNA,0.06184219941496849
MAP9_RNA,0.06182999163866043
FCRL1_RNA,0.06177781522274017
MST1R_RNA,0.061764441430568695
C18orf32_RNA,0.06169669330120087
LRIT1_RNA,0.0616767480969429
TGM1_RNA,0.06164843589067459
BTLA_RNA,0.06163845956325531
USP7_RNA,0.061598099768161774
TTLL9_RNA,0.061487261205911636
CSRP3_RNA,0.0614871121942997
CD302_RNA,0.06142900884151459
SHC4_RNA,0.06138372793793678
SNORA31_RNA,0.06136181950569153
ATP10A_RNA,0.06135744974017143
TP53RK_RNA,0.061343561857938766
OTOA_RNA,0.061321407556533813
TMEM229B_RNA,0.061206091195344925
NSUN4_RNA,0.06119776889681816
POGZ_RNA,0.061191391199827194
OPN5_RNA,0.061174530535936356
FMO2_RNA,0.0611572191119194
ZDHHC5_RNA,0.061099305748939514
DPEP1_RNA,0.06106630340218544
RNF111_RNA,0.0610649473965168
GCM1_RNA,0.061060402542352676
CCDC88B_RNA,0.06104736030101776
GLS_RNA,0.06103026866912842
ARHGAP15_RNA,0.06100517511367798
CLNK_RNA,0.060993630439043045
KCTD9_RNA,0.06096908077597618
SAMD11_RNA,0.06095908582210541
AKAP5_RNA,0.06090518459677696
IL1RAPL2_RNA,0.06090307608246803
PADI6_RNA,0.060853779315948486
ADCY8_RNA,0.060706593096256256
AWAT2_RNA,0.06066066026687622
CDC23_RNA,0.06066024675965309
HSPA4_RNA,0.060653287917375565
RRM1_RNA,0.06058546155691147
KCNMA1_RNA,0.060464587062597275
ITGBL1_RNA,0.060461170971393585
AGK_RNA,0.06042332947254181
MYF6_RNA,0.06040310859680176
EXD2_RNA,0.0603909008204937
LPAR6_RNA,0.06033917888998985
DNM1L_RNA,0.06030568480491638
PNPLA8_RNA,0.060293059796094894
SP140L_RNA,0.060264021158218384
AMPD1_RNA,0.06022006645798683
DHX16_RNA,0.06017877161502838
CDK5RAP1_RNA,0.060178738087415695
FUBP3_RNA,0.06015292927622795
CYTH4_RNA,0.060149792581796646
FSTL1_RNA,0.06007840856909752
ST6GALNAC2_RNA,0.060063935816287994
OR51B5_RNA,0.05993913859128952
ZBTB48_RNA,0.05993743613362312
HSD3B1_RNA,0.059929098933935165
DDX10_RNA,0.059907954186201096
TRPM6_RNA,0.05988478288054466
GALNT1_RNA,0.05978066101670265
CLIC4_RNA,0.05973701924085617
SLC22A4_RNA,0.05951204150915146
TMEM116_RNA,0.059485822916030884
RBMS1_RNA,0.059468939900398254
FAM9B_RNA,0.05945996940135956
AS3MT_RNA,0.05944192036986351
DNAJC22_RNA,0.05937032774090767
ZP2_RNA,0.05930963158607483
ZBTB42_RNA,0.05927104130387306
ANO9_RNA,0.059232067316770554
CTNNA1_RNA,0.059203483164310455
PTTG2_RNA,0.05919339507818222
IGHMBP2_RNA,0.059192024171352386
SLC10A2_RNA,0.05905121937394142
MIR1208_RNA,0.05902525782585144
KATNA1_RNA,0.058954473584890366
COL23A1_RNA,0.058948952704668045
MFSD11_RNA,0.05893700569868088
SNAPC3_RNA,0.05887981876730919
TLCD2_RNA,0.058862313628196716
PDGFRA_RNA,0.058849457651376724
HNRNPF_RNA,0.058765608817338943
C12orf42_RNA,0.058738116174936295
SPEM1_RNA,0.058728791773319244
GINS4_RNA,0.058703694492578506
SAGE1_RNA,0.05868655815720558
ZNF207_RNA,0.05864092707633972
LPCAT2_RNA,0.05861617624759674
VDR_RNA,0.05857875943183899
MIR503_RNA,0.05856899544596672
CBR4_RNA,0.058519598096609116
CNIH3_RNA,0.058500826358795166
GLDC_RNA,0.05846913531422615
SNORD124_RNA,0.058461129665374756
DEGS2_RNA,0.058444224298000336
TMEM45B_RNA,0.05839657783508301
KITLG_RNA,0.058386385440826416
CAPZA3_RNA,0.05831605941057205
TMEM26_RNA,0.05828559026122093
SERINC1_RNA,0.05823368951678276
SHE_RNA,0.05821242555975914
IFITM4P_RNA,0.05820707231760025
RFT1_RNA,0.05813712999224663
ZNF512B_RNA,0.0581166110932827
MYLIP_RNA,0.05806951969861984
GLB1_RNA,0.05805296450853348
MIR635_RNA,0.05799775943160057
MEGF9_RNA,0.057987961918115616
EIF2S1_RNA,0.057919275015592575
RIPK4_RNA,0.05783124268054962
ZC3H13_RNA,0.05779573693871498
ORM2_RNA,0.05772991105914116
SGK2_RNA,0.05766637995839119
CDC26_RNA,0.057637155055999756
F11_RNA,0.057620760053396225
AFM_RNA,0.05761409550905228
MIR1286_RNA,0.05758397653698921
AANAT_RNA,0.05748659744858742
ACER3_RNA,0.05746583268046379
GEMIN7_RNA,0.05733439698815346
SNURF_RNA,0.05732293426990509
PPP1R3A_RNA,0.05730609968304634
PCDHB7_RNA,0.05730448663234711
TIPIN_RNA,0.0572810024023056
IL4R_RNA,0.057257261127233505
MKRN2_RNA,0.0572551004588604
INHBE_RNA,0.05725498124957085
SDR42E1_RNA,0.05722996965050697
SPRY1_RNA,0.05718151107430458
LRRC15_RNA,0.057085324078798294
SP100_RNA,0.05708125978708267
IMPACT_RNA,0.05706783011555672
PSD4_RNA,0.057040341198444366
ACY1_RNA,0.05701090395450592
GOPC_RNA,0.056958094239234924
IGSF11_RNA,0.05695059150457382
PIP5KL1_RNA,0.05692093074321747
PDCD6IP_RNA,0.05691811069846153
NDE1_RNA,0.05690799281001091
PPFIBP2_RNA,0.05687049403786659
ANGPT1_RNA,0.05683460459113121
CDK3_RNA,0.05681741237640381
UGDH_RNA,0.05679267272353172
TBCCD1_RNA,0.05675378441810608
AOX1_RNA,0.05669405311346054
PPP1R14D_RNA,0.05666554346680641
SLC17A2_RNA,0.05651528015732765
EPM2AIP1_RNA,0.05650908127427101
SPNS1_RNA,0.05633576959371567
ERLIN2_RNA,0.056318990886211395
KIF20A_RNA,0.05630957707762718
SPN_RNA,0.05629245564341545
OSGIN2_RNA,0.05628696456551552
PAK2_RNA,0.056250058114528656
SNHG12_RNA,0.056241054087877274
MOCS3_RNA,0.056176312267780304
COG8_RNA,0.05612504854798317
UNKL_RNA,0.05598749220371246
TCEA1_RNA,0.055961932986974716
TPO_RNA,0.05592972785234451
MYH1_RNA,0.055831532925367355
NAA30_RNA,0.05579357594251633
ACBD3_RNA,0.055678851902484894
ZC3H7A_RNA,0.05564812198281288
WNT5A_RNA,0.05560966208577156
KCNJ15_RNA,0.05550290271639824
CMKLR1_RNA,0.05548422783613205
COL21A1_RNA,0.05541737377643585
SULT1C2_RNA,0.055294234305620193
PTGS1_RNA,0.055189888924360275
USP48_RNA,0.05517381429672241
POU3F2_RNA,0.05515381321310997
CASP14_RNA,0.055150389671325684
VPS16_RNA,0.05511069670319557
RHOT1_RNA,0.05505704507231712
ARPP19_RNA,0.055007122457027435
FOXI2_RNA,0.054953232407569885
NET1_RNA,0.05489405617117882
OSMR_RNA,0.05488230660557747
BECN1_RNA,0.05485429987311363
DHX37_RNA,0.054804734885692596
FAAH2_RNA,0.054750457406044006
LGALS8_RNA,0.0547269806265831
IL10_RNA,0.05470801517367363
PSMD9_RNA,0.05468530207872391
COL5A3_RNA,0.05462760850787163
MC2R_RNA,0.05458911135792732
WDR48_RNA,0.05458403006196022
MIR181C_RNA,0.05457794666290283
KLHL25_RNA,0.05450936034321785
CEP72_RNA,0.05448414012789726
SLFN11_RNA,0.05444684997200966
HNRNPH1_RNA,0.0544084757566452
TMPRSS5_RNA,0.054403748363256454
RASA3_RNA,0.05432140454649925
SRMS_RNA,0.054175302386283875
SLC25A30_RNA,0.054137032479047775
WDR37_RNA,0.05411794036626816
UFSP2_RNA,0.05408978462219238
CYP7A1_RNA,0.054029401391744614
C3orf38_RNA,0.054003793746232986
STX7_RNA,0.05385607108473778
ALDH3A2_RNA,0.0538320355117321
EPHB3_RNA,0.053799744695425034
OR1N1_RNA,0.05368150398135185
PARP11_RNA,0.053680915385484695
VNN1_RNA,0.05353614315390587
RPE65_RNA,0.053452618420124054
IDO2_RNA,0.053401339799165726
C6orf132_RNA,0.053397130221128464
PGA3_RNA,0.0533863864839077
MTCP1_RNA,0.05334993824362755
IVL_RNA,0.05327976122498512
JUN_RNA,0.053277574479579926
CROCC_RNA,0.053246598690748215
IRF2BP2_RNA,0.05322142317891121
KCNA7_RNA,0.053211014717817307
LRRC49_RNA,0.053175028413534164
GPATCH1_RNA,0.05316820740699768
TRERF1_RNA,0.05316087603569031
CMTM4_RNA,0.053090326488018036
CFP_RNA,0.05299536511301994
PLXNB1_RNA,0.05296224355697632
CLEC4C_RNA,0.052947998046875
ADPGK_RNA,0.05292229354381561
OR11A1_RNA,0.05292082950472832
BCL11B_RNA,0.05290203541517258
CTSE_RNA,0.052894722670316696
OR1J4_RNA,0.05288376286625862
ATL2_RNA,0.05285830795764923
PLXNB3_RNA,0.05281439051032066
NETO2_RNA,0.05280165374279022
FGD3_RNA,0.052757661789655685
ELL_RNA,0.05274224281311035
ATP1B4_RNA,0.05273228511214256
BBS10_RNA,0.05264842137694359
URGCP_RNA,0.052495077252388
CRIP1_RNA,0.05236830562353134
ZNF273_RNA,0.05236505717039108
ADAMTS4_RNA,0.05232875049114227
DEFB135_RNA,0.05231495201587677
GPR15_RNA,0.05229795351624489
OR52N1_RNA,0.052282921969890594
SPACA4_RNA,0.05221451818943024
TAF5L_RNA,0.052205052226781845
KCNMB2_RNA,0.05217605456709862
NEK8_RNA,0.05211284011602402
EHMT2_RNA,0.052041396498680115
ASL_RNA,0.0520176999270916
GSTZ1_RNA,0.05201229825615883
LRRIQ4_RNA,0.05189486965537071
GDI2_RNA,0.051846373826265335
TLE3_RNA,0.05175919830799103
PCDH7_RNA,0.051735591143369675
B3GNT6_RNA,0.051656853407621384
CNGA3_RNA,0.05156223848462105
INPP5D_RNA,0.05153776332736015
SYCE2_RNA,0.05153035745024681
ZNF831_RNA,0.051505621522665024
WNT9B_RNA,0.05148100480437279
GRIN2A_RNA,0.051439326256513596
CCDC50_RNA,0.05140646547079086
DCAF5_RNA,0.0513799712061882
C20orf202_RNA,0.05134383216500282
DDX27_RNA,0.05129339545965195
NELL1_RNA,0.05127481743693352
EXOSC10_RNA,0.0512385256588459
SHQ1_RNA,0.0512298122048378
BTBD3_RNA,0.05120503157377243
RHOH_RNA,0.051186077296733856
ADCY3_RNA,0.051166798919439316
HIF1AN_RNA,0.051147863268852234
ZNF862_RNA,0.05110342800617218
S100Z_RNA,0.0510515458881855
KRT23_RNA,0.05102555826306343
UCK2_RNA,0.051013484597206116
TRIB2_RNA,0.050957102328538895
NUP93_RNA,0.05087132751941681
NUP35_RNA,0.05084827169775963
LRRC31_RNA,0.05074445530772209
SSH1_RNA,0.05073266103863716
ST14_RNA,0.0506967268884182
PCYOX1_RNA,0.050676845014095306
PELO_RNA,0.05053374543786049
C1orf116_RNA,0.05046346038579941
SMAD7_RNA,0.05045824497938156
MMS19_RNA,0.050413403660058975
ENPEP_RNA,0.050346821546554565
HSD17B2_RNA,0.05033835396170616
POU4F3_RNA,0.05021747946739197
UBE2H_RNA,0.050173088908195496
TRAK1_RNA,0.050165340304374695
RPL17_RNA,0.05013779550790787
EXOSC2_RNA,0.050112493336200714
FAM76B_RNA,0.05011167749762535
DUSP1_RNA,0.05007496848702431
TMEM63A_RNA,0.0500197671353817
PLSCR4_RNA,0.049985066056251526
NRXN3_RNA,0.04989692568778992
CPA4_RNA,0.04989350587129593
ALS2CL_RNA,0.04987166076898575
RBBP6_RNA,0.04982343316078186
BMP2_RNA,0.04977530986070633
ARFRP1_RNA,0.04976022616028786
VCP_RNA,0.04969622939825058
TXNRD1_RNA,0.04963797330856323
EZH1_RNA,0.049541547894477844
REN_RNA,0.04953189194202423
C16orf87_RNA,0.049498990178108215
RNASEH2A_RNA,0.04948648437857628
CADM2_RNA,0.04948064684867859
GBP4_RNA,0.04944566637277603
DCTN4_RNA,0.04942939057946205
C19orf44_RNA,0.04941046983003616
BTRC_RNA,0.04938896372914314
CCDC70_RNA,0.04937370494008064
TMEM200C_RNA,0.04930366948246956
RBPJL_RNA,0.049277327954769135
SPP2_RNA,0.04925939813256264
CFHR5_RNA,0.049248162657022476
PRKCQ_RNA,0.049209848046302795
LPIN2_RNA,0.04916834086179733
ITPRIPL1_RNA,0.049054477363824844
DGCR8_RNA,0.048985566943883896
MIR128-2_RNA,0.048955149948596954
MUC17_RNA,0.04890913516283035
AURKA_RNA,0.048904456198215485
KIF23_RNA,0.048891909420490265
GNAI3_RNA,0.0487760566174984
SLC35F2_RNA,0.04858946055173874
ZBTB26_RNA,0.04855364188551903
EDN2_RNA,0.04851362109184265
IPO5_RNA,0.04835936054587364
ARHGAP30_RNA,0.04825255647301674
AMD1_RNA,0.04824628680944443
RPS17_RNA,0.04818085581064224
GFPT2_RNA,0.048122767359018326
IL1RL1_RNA,0.048120200634002686
GNPNAT1_RNA,0.04810221865773201
EDN1_RNA,0.04809829965233803
COL1A2_RNA,0.047961995005607605
BTN1A1_RNA,0.047938477247953415
MAN1A1_RNA,0.047877732664346695
NRF1_RNA,0.04787229001522064
TRIM5_RNA,0.04781021550297737
NLRP1_RNA,0.047792285680770874
N4BP1_RNA,0.047790560871362686
TAOK3_RNA,0.047747205942869186
MYO1F_RNA,0.04773028567433357
SEC31A_RNA,0.04770902544260025
KRT6B_RNA,0.04768374562263489
KCTD19_RNA,0.04762846603989601
DHFR_RNA,0.04761273413896561
MYH13_RNA,0.04755465313792229
TAF6L_RNA,0.047554295510053635
CYP24A1_RNA,0.04751937836408615
PGR_RNA,0.047475263476371765
RB1_RNA,0.04744410887360573
CYP2E1_RNA,0.04741009697318077
ALOX15B_RNA,0.04735950380563736
FZD8_RNA,0.04734586551785469
GJA8_RNA,0.0473264642059803
ACOT9_RNA,0.04731546342372894
WDR55_RNA,0.04729999601840973
SART3_RNA,0.04727255180478096
CCPG1_RNA,0.04726625606417656
VPS35_RNA,0.04710563272237778
PFKM_RNA,0.04704756662249565
HARS2_RNA,0.0470169372856617
SYCP1_RNA,0.04699918255209923
MRO_RNA,0.046786580234766006
SWAP70_RNA,0.046706102788448334
LRRC40_RNA,0.0466456413269043
SORCS3_RNA,0.04656083509325981
PHOX2A_RNA,0.04653399437665939
OPLAH_RNA,0.046477288007736206
MATN2_RNA,0.046423107385635376
PLXNA3_RNA,0.04637407511472702
ATP6V1C1_RNA,0.04629930481314659
FLRT1_RNA,0.04619789123535156
DCAF6_RNA,0.046154290437698364
TRNT1_RNA,0.04614304006099701
DENND2D_RNA,0.04609769210219383
EPHA2_RNA,0.045935433357954025
GDF2_RNA,0.045932836830616
NUDT22_RNA,0.04586847871541977
C1QTNF9_RNA,0.04584486782550812
CNOT6_RNA,0.04576573893427849
DTHD1_RNA,0.04571396857500076
CEACAM3_RNA,0.045638229697942734
RAB21_RNA,0.045544981956481934
MFN2_RNA,0.04553205892443657
HOXC5_RNA,0.04552594572305679
ZNF396_RNA,0.04549708217382431
CASP7_RNA,0.045472126454114914
DIAPH3_RNA,0.04546559974551201
CABYR_RNA,0.045417316257953644
CASP5_RNA,0.04541165381669998
SNRNP200_RNA,0.0453975573182106
ANKRD1_RNA,0.045348625630140305
FGF5_RNA,0.04519519954919815
ZNF696_RNA,0.04518386721611023
CCDC54_RNA,0.04518238082528114
RNASE13_RNA,0.04510994255542755
FANCE_RNA,0.045007143169641495
ELOVL2_RNA,0.04486613720655441
CHKB_RNA,0.04484044387936592
MYLK_RNA,0.04472953453660011
PLA2G4F_RNA,0.04469960927963257
CIDEC_RNA,0.044625334441661835
DNAH17_RNA,0.04455125331878662
ALKBH3_RNA,0.044509511440992355
MED14_RNA,0.04450913518667221
PPFIA4_RNA,0.044481899589300156
SNX31_RNA,0.04443477466702461
TTC12_RNA,0.04441255331039429
CRBN_RNA,0.0443129800260067
ANP32D_RNA,0.04430060088634491
WFDC8_RNA,0.04421873390674591
ARFGAP3_RNA,0.04414647817611694
FBXO47_RNA,0.04410448297858238
CAPN2_RNA,0.04401896893978119
GUCA1A_RNA,0.04401488974690437
KIAA0319L_RNA,0.04399903863668442
DHX33_RNA,0.04396091774106026
CNTD1_RNA,0.043954554945230484
OR2AG2_RNA,0.04394149407744408
TUBD1_RNA,0.04390890151262283
RARS2_RNA,0.04390757158398628
FLJ12825_RNA,0.043790534138679504
DPY19L1_RNA,0.04377596080303192
HPDL_RNA,0.0436769500374794
DCBLD1_RNA,0.04366832971572876
CDC42SE1_RNA,0.04365626350045204
SLC7A14_RNA,0.04364024102687836
LRTM1_RNA,0.043584685772657394
KRAS_RNA,0.043460454791784286
RBBP4_RNA,0.043286629021167755
CCIN_RNA,0.04324867203831673
MAB21L1_RNA,0.0431012362241745
RAB4B_RNA,0.043083082884550095
ARMCX2_RNA,0.04296930134296417
STAT5B_RNA,0.0429232195019722
THNSL1_RNA,0.042883068323135376
CRNN_RNA,0.04283158481121063
ODF2_RNA,0.04282807186245918
KCNJ5_RNA,0.042817503213882446
MMP19_RNA,0.04278692975640297
COLEC10_RNA,0.04274807497859001
DUSP3_RNA,0.042693112045526505
TBC1D8B_RNA,0.04264100641012192
SLC38A1_RNA,0.04263860732316971
HSPA7_RNA,0.042625632137060165
TGM6_RNA,0.04262427240610123
TMEM41B_RNA,0.042621202766895294
RMND1_RNA,0.042582616209983826
C6orf15_RNA,0.042548030614852905
CD44_RNA,0.04251042753458023
SLC2A14_RNA,0.042504794895648956
EDEM2_RNA,0.04249687120318413
PNRC2_RNA,0.04232950881123543
MICALL1_RNA,0.042301204055547714
TM9SF2_RNA,0.04227331280708313
DNAI1_RNA,0.042221978306770325
ZBBX_RNA,0.04219375178217888
MIR10B_RNA,0.042150188237428665
GPRC5A_RNA,0.042058926075696945
MAML1_RNA,0.04205401614308357
NUDT21_RNA,0.04202144593000412
LMNA_RNA,0.04197324812412262
GORAB_RNA,0.04194493964314461
RBM10_RNA,0.0419042594730854
PASD1_RNA,0.04190077260136604
ANKRD9_RNA,0.04179859161376953
LSR_RNA,0.041779715567827225
MIR126_RNA,0.041714224964380264
WDFY1_RNA,0.04153415560722351
RGL1_RNA,0.04148409888148308
SOX11_RNA,0.04146799072623253
THSD4_RNA,0.041428182274103165
ZFAND1_RNA,0.041230443865060806
NOTCH4_RNA,0.04116533324122429
LIN37_RNA,0.04106319695711136
ATP2C1_RNA,0.0410422720015049
SLC30A9_RNA,0.04099307209253311
ZXDB_RNA,0.04092613235116005
ZNF98_RNA,0.040924131870269775
UTP23_RNA,0.04092107340693474
RDH13_RNA,0.040888529270887375
CCDC87_RNA,0.04087964817881584
LRP5_RNA,0.04080476611852646
LRRN4CL_RNA,0.040761347860097885
DNAJC17_RNA,0.040749479085206985
RPRD1B_RNA,0.04069647565484047
CXorf38_RNA,0.0406251959502697
EHHADH_RNA,0.04054868221282959
CRHR1_RNA,0.04052691161632538
DCAF4L2_RNA,0.04046120122075081
TRIM45_RNA,0.040436726063489914
TMC5_RNA,0.040424641221761703
FADS1_RNA,0.04041338339447975
TUG1_RNA,0.040355365723371506
PBLD_RNA,0.04033765196800232
MIR1249_RNA,0.04032605513930321
GPHN_RNA,0.04020175337791443
ERBB2_RNA,0.04020064324140549
RGS2_RNA,0.04010564088821411
DBF4_RNA,0.040099214762449265
SEMA3E_RNA,0.040010202676057816
DPEP2_RNA,0.03998076543211937
NOP58_RNA,0.03991468623280525
FMO4_RNA,0.039911117404699326
ETV1_RNA,0.03981592133641243
CCDC81_RNA,0.03977273032069206
FYTTD1_RNA,0.039753034710884094
CPEB2_RNA,0.039720434695482254
SLC1A3_RNA,0.039711497724056244
BTNL8_RNA,0.03966802731156349
FRMD8_RNA,0.039648961275815964
MLKL_RNA,0.03960936516523361
NOL11_RNA,0.03957265987992287
CENPO_RNA,0.03953978419303894
KIF5C_RNA,0.039460666477680206
HIBCH_RNA,0.039409734308719635
KLHL30_RNA,0.03940281271934509
TFAM_RNA,0.039346303790807724
POMT1_RNA,0.03934090957045555
TMEM30A_RNA,0.0392926000058651
ZNF677_RNA,0.0392574816942215
MIR124-2_RNA,0.03920946270227432
ATP2A2_RNA,0.039177630096673965
DBR1_RNA,0.039094749838113785
TM9SF3_RNA,0.03906675800681114
C14orf132_RNA,0.039028216153383255
BCR_RNA,0.0390242338180542
SLC39A8_RNA,0.03902234509587288
LSG1_RNA,0.038945961743593216
ACAN_RNA,0.03894052654504776
PRDM11_RNA,0.03889285400509834
CHST11_RNA,0.03887147828936577
RGS8_RNA,0.03880960866808891
PNPLA1_RNA,0.03880031034350395
PANK1_RNA,0.03878549486398697
CAMK4_RNA,0.03877871111035347
MCOLN3_RNA,0.038661111146211624
ALKBH1_RNA,0.038587938994169235
NMB_RNA,0.0385347455739975
ZNF214_RNA,0.038461312651634216
GTPBP4_RNA,0.03841477632522583
KL_RNA,0.038386061787605286
DACT1_RNA,0.03837906941771507
CD19_RNA,0.03832181170582771
KLHL34_RNA,0.0382833257317543
KLHL33_RNA,0.038219962269067764
FAM9C_RNA,0.038178976625204086
SIRPB2_RNA,0.038168273866176605
OVOL1_RNA,0.038099247962236404
IL10RB_RNA,0.03805140405893326
TWSG1_RNA,0.03804353252053261
SLC6A2_RNA,0.03800366073846817
RAET1E_RNA,0.03795766457915306
KCNB1_RNA,0.037905216217041016
CIB4_RNA,0.03788066655397415
DNAJC21_RNA,0.0378120020031929
DIO2_RNA,0.03776505962014198
COL20A1_RNA,0.037743330001831055
SUCLG2_RNA,0.0377255454659462
PRMT3_RNA,0.03754382207989693
CTDSPL_RNA,0.037484705448150635
HLA-DOA_RNA,0.037403035908937454
SPATA16_RNA,0.03739718347787857
ADM_RNA,0.03739183023571968
ASB11_RNA,0.03737204894423485
PPP1R3D_RNA,0.03735022619366646
PLSCR1_RNA,0.0373263843357563
ZNF280D_RNA,0.037302542477846146
ACTBL2_RNA,0.037292223423719406
LAMC2_RNA,0.03726312518119812
DGKE_RNA,0.03724108263850212
NIPA1_RNA,0.03723794221878052
IL4_RNA,0.037220414727926254
ZBP1_RNA,0.03721750155091286
BSN_RNA,0.03716887906193733
BBS12_RNA,0.03703552857041359
NFASC_RNA,0.03695309907197952
TCF21_RNA,0.036918435245752335
GTF2H3_RNA,0.03691655769944191
ST8SIA6_RNA,0.03690207749605179
SPRYD4_RNA,0.03687876835465431
PCGF5_RNA,0.03681665658950806
NR2E1_RNA,0.036677610129117966
ROR2_RNA,0.036605268716812134
FKBP6_RNA,0.03659723699092865
AMBP_RNA,0.036592062562704086
TMEM212_RNA,0.03657669946551323
STAT1_RNA,0.03656228631734848
IGSF3_RNA,0.03655260056257248
PHOX2B_RNA,0.036531925201416016
FOXI1_RNA,0.03648744150996208
PCCB_RNA,0.036424774676561356
ADAMTS14_RNA,0.03638317435979843
CLINT1_RNA,0.036374129354953766
ASAH2B_RNA,0.03635384514927864
RS1_RNA,0.03634307533502579
SLC6A14_RNA,0.036340683698654175
NEK6_RNA,0.0361899696290493
GPM6B_RNA,0.03617672622203827
PLB1_RNA,0.03616794943809509
PAFAH2_RNA,0.03609727695584297
EIF2A_RNA,0.036045514047145844
IGSF22_RNA,0.03602517023682594
RIPPLY1_RNA,0.035997550934553146
CUL4A_RNA,0.035943653434515
LRRFIP2_RNA,0.03593992441892624
MUC2_RNA,0.03580662980675697
PIGG_RNA,0.0357537567615509
LDHC_RNA,0.03571794927120209
LINGO4_RNA,0.035715483129024506
GRB10_RNA,0.035705409944057465
SLC12A9_RNA,0.035687029361724854
INHBA_RNA,0.03558459132909775
ZNF446_RNA,0.035572294145822525
ASB1_RNA,0.035416532307863235
PECR_RNA,0.035388194024562836
PM20D2_RNA,0.0353771336376667
PCDHA2_RNA,0.03524106368422508
TP53I3_RNA,0.035234685987234116
GPRASP1_RNA,0.035133205354213715
GPA33_RNA,0.03500581160187721
RPL7L1_RNA,0.03499574586749077
IL22_RNA,0.03499267250299454
IARS2_RNA,0.03497288376092911
CRISP2_RNA,0.03492804989218712
MTHFS_RNA,0.03489995375275612
JMJD6_RNA,0.03488731011748314
LALBA_RNA,0.034873392432928085
SCAP_RNA,0.034860759973526
MYBBP1A_RNA,0.03479625657200813
SYNJ2_RNA,0.034712959080934525
ANKZF1_RNA,0.0346701480448246
CCT5_RNA,0.03464599698781967
NPEPPS_RNA,0.03462088108062744
NOVA1_RNA,0.03461133688688278
HSPA8_RNA,0.034478917717933655
RNF34_RNA,0.034465353935956955
RASSF5_RNA,0.03442440181970596
PLA2G4E_RNA,0.03430475667119026
ANKRA2_RNA,0.034258004277944565
NSUN2_RNA,0.03418052941560745
GTF2E1_RNA,0.034140653908252716
EID3_RNA,0.03406422957777977
PPM1E_RNA,0.03406010940670967
MRM1_RNA,0.0340128131210804
TADA2A_RNA,0.034000299870967865
CCDC117_RNA,0.03399046137928963
ZNF202_RNA,0.03398454934358597
STAC_RNA,0.03393000736832619
ATP2C2_RNA,0.03392186015844345
PPM1K_RNA,0.03390149772167206
CCDC126_RNA,0.0338800847530365
NEK9_RNA,0.03384917974472046
DTWD1_RNA,0.03380892053246498
ITGA11_RNA,0.0337521992623806
KIT_RNA,0.033722616732120514
MFSD1_RNA,0.03369424492120743
RPL13AP20_RNA,0.03364228084683418
MS4A2_RNA,0.03362128138542175
LRP2_RNA,0.033559758216142654
C1GALT1_RNA,0.03353726118803024
MAP2K4_RNA,0.03349057212471962
SATL1_RNA,0.03348851948976517
CD300E_RNA,0.0334419384598732
SLC25A31_RNA,0.03341362997889519
CLLU1_RNA,0.03337356075644493
FZD4_RNA,0.03335938975214958
TMEM62_RNA,0.03333107754588127
TGIF2_RNA,0.033311519771814346
FAF2_RNA,0.03330007940530777
CADPS_RNA,0.0332973375916481
ABCC11_RNA,0.03326581418514252
CTDP1_RNA,0.033178165555000305
EEF1A1_RNA,0.03316769376397133
SLC30A5_RNA,0.033126454800367355
RAET1G_RNA,0.033110301941633224
POT1_RNA,0.03309483826160431
FOXI3_RNA,0.033045023679733276
ARHGEF4_RNA,0.03302060812711716
MIR218-2_RNA,0.033010415732860565
CHMP4A_RNA,0.032993923872709274
C1QTNF9B_RNA,0.032963551580905914
IGFL3_RNA,0.03291907534003258
POLR2D_RNA,0.03278018906712532
SHF_RNA,0.03273060917854309
SLC39A11_RNA,0.03270087018609047
CHKA_RNA,0.03265387937426567
GRWD1_RNA,0.03261558338999748
GHRHR_RNA,0.03257506713271141
PLSCR3_RNA,0.032569244503974915
USP1_RNA,0.032536111772060394
RBMX_RNA,0.03246188908815384
EPSTI1_RNA,0.032371629029512405
SCN4A_RNA,0.03223998844623566
UGT1A6_RNA,0.03221631795167923
MYH6_RNA,0.03217848017811775
HAUS7_RNA,0.03204534947872162
SENP2_RNA,0.031964268535375595
SIRT5_RNA,0.031949348747730255
GDAP1_RNA,0.03194790333509445
CYP2C18_RNA,0.03193594887852669
PHLDB3_RNA,0.03193429857492447
PSPC1_RNA,0.03186984732747078
TTC16_RNA,0.03186572715640068
DHH_RNA,0.031823087483644485
CCNF_RNA,0.031678345054388046
ACTR3C_RNA,0.03161130100488663
CDC20B_RNA,0.0315694585442543
IRF6_RNA,0.03155308961868286
FRAT2_RNA,0.03152963146567345
ZSWIM5_RNA,0.031474851071834564
SLCO4C1_RNA,0.031472496688365936
IGDCC3_RNA,0.03145050257444382
APH1B_RNA,0.031423088163137436
C5orf46_RNA,0.03141861781477928
ZNF135_RNA,0.03133868798613548
AKR7L_RNA,0.0313163585960865
GIGYF1_RNA,0.03127298131585121
MAN1B1_RNA,0.031244339421391487
UPP2_RNA,0.031177077442407608
LAIR2_RNA,0.03103911690413952
TNFSF4_RNA,0.03099469281733036
KBTBD4_RNA,0.030961457639932632
INPPL1_RNA,0.030918464064598083
GPR148_RNA,0.03089066967368126
ICA1L_RNA,0.030881162732839584
STARD8_RNA,0.03085297904908657
LRRC8C_RNA,0.030796045437455177
ARSF_RNA,0.03079574927687645
COL11A2_RNA,0.03077048808336258
SRPK2_RNA,0.030769478529691696
KLF11_RNA,0.030765917152166367
FAM161B_RNA,0.03075467422604561
MTMR14_RNA,0.03067401982843876
ADIPOQ_RNA,0.030673440545797348
HP1BP3_RNA,0.030664091929793358
CLN8_RNA,0.030655335634946823
MFSD9_RNA,0.030651777982711792
IL22RA2_RNA,0.030620818957686424
SLC9A8_RNA,0.030599940568208694
FAM53B_RNA,0.03053857758641243
ZNF280B_RNA,0.030501706525683403
MTHFSD_RNA,0.030479304492473602
MPP3_RNA,0.030444907024502754
PLEKHG4_RNA,0.030412869527935982
NIT2_RNA,0.030397551134228706
GDF5_RNA,0.030333731323480606
NSL1_RNA,0.030305074527859688
ZNF415_RNA,0.030294237658381462
KCND2_RNA,0.030253861099481583
DNAJC27_RNA,0.030244065448641777
HSDL2_RNA,0.030171172693371773
HOXC12_RNA,0.030168045312166214
RNF31_RNA,0.030159568414092064
TTBK1_RNA,0.030086250975728035
PCLO_RNA,0.030051907524466515
STXBP3_RNA,0.029955347999930382
EAF1_RNA,0.02993493713438511
DGKK_RNA,0.029787573963403702
PCTP_RNA,0.029691779986023903
RAB43_RNA,0.02965480461716652
AQP9_RNA,0.02963981032371521
ATP6V0C_RNA,0.029630636796355247
FXR1_RNA,0.02951122261583805
MPZL1_RNA,0.029466772451996803
PNLDC1_RNA,0.02936652861535549
GOSR2_RNA,0.029314223676919937
CNTN6_RNA,0.029262270778417587
WDR4_RNA,0.02925501950085163
HEATR3_RNA,0.029250310733914375
ITIH2_RNA,0.02922857739031315
CD96_RNA,0.029127465561032295
POLN_RNA,0.02900541201233864
S100P_RNA,0.028959227725863457
HSF2_RNA,0.028925567865371704
GOLGA2_RNA,0.028915448114275932
ABCA7_RNA,0.02888842672109604
GAGE10_RNA,0.02883981354534626
OLR1_RNA,0.028823675587773323
RIPK3_RNA,0.02879735268652439
HHIPL2_RNA,0.028762346133589745
HSD17B1_RNA,0.028699204325675964
SGSM3_RNA,0.028645291924476624
CARD9_RNA,0.028639163821935654
PLEKHH1_RNA,0.028585975989699364
CCNB3_RNA,0.028430869802832603
KANK2_RNA,0.028359834104776382
EFHB_RNA,0.028247937560081482
ANKRD30B_RNA,0.02824261784553528
WDR5B_RNA,0.02822563797235489
PRRC1_RNA,0.028216231614351273
SPATA22_RNA,0.028185322880744934
RAD1_RNA,0.02805439755320549
MIOX_RNA,0.02795664221048355
UNC45B_RNA,0.02789352275431156
PCSK1_RNA,0.027834413573145866
PADI3_RNA,0.02782454341650009
CCNK_RNA,0.02779076248407364
OAS3_RNA,0.027773356065154076
SLC35D2_RNA,0.02775844931602478
SEMA6A_RNA,0.027729524299502373
MOCOS_RNA,0.027658693492412567
GATAD1_RNA,0.027624117210507393
ODF4_RNA,0.027545856311917305
DVL2_RNA,0.027540257200598717
LZIC_RNA,0.027439774945378304
LFNG_RNA,0.027423223480582237
GTDC1_RNA,0.02739698998630047
FREM3_RNA,0.027386635541915894
CLEC4F_RNA,0.02735777571797371
WDR62_RNA,0.027315950021147728
FIP1L1_RNA,0.027263248339295387
MIR183_RNA,0.02724018506705761
ATP1A2_RNA,0.02722429297864437
NAPG_RNA,0.027190890163183212
ZMYND11_RNA,0.027165936306118965
PLS1_RNA,0.02714567631483078
FBXL2_RNA,0.02711580879986286
CMTM6_RNA,0.027112388983368874
MIR483_RNA,0.02710721455514431
USP46_RNA,0.027100136503577232
FAM149B1_RNA,0.027078306302428246
PHF7_RNA,0.02706080488860607
RUFY4_RNA,0.026998328045010567
AKT1_RNA,0.02694016881287098
MAN2B1_RNA,0.026907050982117653
ARHGEF3_RNA,0.026858054101467133
CCNL2_RNA,0.02683207020163536
CD1A_RNA,0.02661444991827011
MYEOV_RNA,0.026582427322864532
IL17C_RNA,0.026568502187728882
RANBP9_RNA,0.026562046259641647
RBM34_RNA,0.026492103934288025
CHST15_RNA,0.02646668441593647
SLC6A18_RNA,0.026413725689053535
CIT_RNA,0.026392146944999695
PXK_RNA,0.026339396834373474
SERPINB5_RNA,0.026260795071721077
GOLGA1_RNA,0.026219790801405907
SENP8_RNA,0.026193758472800255
USP18_RNA,0.026167403906583786
ANKRD52_RNA,0.02614246867597103
ADD2_RNA,0.026135999709367752
APTX_RNA,0.026067396625876427
SH3GLB1_RNA,0.02605685032904148
POU2F3_RNA,0.02594156377017498
SLC26A4_RNA,0.025913655757904053
PARS2_RNA,0.025872783735394478
TRIM10_RNA,0.025866607204079628
GPD1L_RNA,0.025848055258393288
GALP_RNA,0.025778014212846756
SPHKAP_RNA,0.02570880576968193
LAMP2_RNA,0.02569245919585228
ARHGEF2_RNA,0.02568567730486393
CA12_RNA,0.02564626932144165
MYO15A_RNA,0.02564186602830887
KCNA6_RNA,0.025637920945882797
CXorf58_RNA,0.025616999715566635
CYB5RL_RNA,0.02555159665644169
ALG9_RNA,0.02551446296274662
FGF14_RNA,0.02550307847559452
PLBD1_RNA,0.0253282617777586
GNL2_RNA,0.02531341277062893
DYTN_RNA,0.02528330311179161
KCTD18_RNA,0.025279931724071503
AGBL4_RNA,0.02524590492248535
CHAT_RNA,0.025170469656586647
MTHFD1_RNA,0.02515292540192604
APOL5_RNA,0.02513802796602249
ALG13_RNA,0.025105152279138565
RCBTB1_RNA,0.024975383654236794
NCKAP5L_RNA,0.02496814727783203
GTSF1L_RNA,0.024923566728830338
OXR1_RNA,0.02488069050014019
TP53AIP1_RNA,0.02481919154524803
RHOU_RNA,0.024789312854409218
PTPN2_RNA,0.024772658944129944
SLTM_RNA,0.02465040795505047
ASB10_RNA,0.024542413651943207
B4GALNT3_RNA,0.024538341909646988
MRPS22_RNA,0.02451329492032528
TMEM43_RNA,0.02448689565062523
PIWIL1_RNA,0.024436766281723976
ETV5_RNA,0.024405671283602715
SLC38A10_RNA,0.024397563189268112
CT62_RNA,0.02439695969223976
TRPV3_RNA,0.024320969358086586
FANCG_RNA,0.024243682622909546
NMNAT3_RNA,0.024201907217502594
CTH_RNA,0.02418476901948452
UAP1_RNA,0.024180641397833824
ING3_RNA,0.024137847125530243
CPA1_RNA,0.02412363514304161
SCARB2_RNA,0.024087009951472282
ARID1A_RNA,0.02406621351838112
HERC6_RNA,0.024054989218711853
ZNF639_RNA,0.023982973769307137
XKR5_RNA,0.023869933560490608
RFPL3_RNA,0.02385161630809307
C7orf33_RNA,0.023791387677192688
DNTT_RNA,0.023730473592877388
APC2_RNA,0.023648887872695923
MEGF11_RNA,0.02363879792392254
AGAP1_RNA,0.023636188358068466
SPOCD1_RNA,0.02361922711133957
MIR1289-2_RNA,0.023579958826303482
ZNF578_RNA,0.023568009957671165
ATG5_RNA,0.023552851751446724
PSMD1_RNA,0.023536814376711845
TPST1_RNA,0.02350604347884655
TMED10_RNA,0.023480001837015152
ANKRD42_RNA,0.023361321538686752
CTR9_RNA,0.02336123026907444
PLA2G4C_RNA,0.02335875667631626
DNAJC11_RNA,0.023289110511541367
OSBPL5_RNA,0.023265978321433067
PEX6_RNA,0.02320178784430027
TXNDC12_RNA,0.023155221715569496
C14orf178_RNA,0.02313350699841976
ENTPD1_RNA,0.02312380261719227
DQX1_RNA,0.02300408110022545
GNG12_RNA,0.02297736518085003
RPN1_RNA,0.02295263484120369
ITPKC_RNA,0.022922972217202187
LHFPL1_RNA,0.022914806380867958
CTSG_RNA,0.022892415523529053
AGXT2_RNA,0.022767679765820503
ATXN2_RNA,0.022691641002893448
MRPL50_RNA,0.022690415382385254
LRRC36_RNA,0.02268635481595993
THAP3_RNA,0.02267274633049965
SDR9C7_RNA,0.02262306585907936
NEIL1_RNA,0.02261882647871971
PIGO_RNA,0.02252504602074623
IRAK4_RNA,0.022523947060108185
FCRL6_RNA,0.02247653901576996
CCL14_RNA,0.02246907353401184
MYH4_RNA,0.02245868369936943
SERPINB9_RNA,0.022358363494277
DCAF7_RNA,0.022324491292238235
COL5A1_RNA,0.02220654860138893
MOGS_RNA,0.02219865657389164
NUAK1_RNA,0.02218753658235073
LRRN3_RNA,0.022165946662425995
ZNF395_RNA,0.022089460864663124
CLEC17A_RNA,0.022042592987418175
ARG2_RNA,0.02199111133813858
NFYA_RNA,0.02198726125061512
GJA3_RNA,0.021979643031954765
C5orf47_RNA,0.021977150812745094
TBX15_RNA,0.02195877395570278
KRTAP5-11_RNA,0.02190503664314747
KCNG2_RNA,0.021871283650398254
KBTBD3_RNA,0.02186698094010353
EMG1_RNA,0.02177225798368454
NEK11_RNA,0.02176843211054802
LDLRAD2_RNA,0.021767109632492065
NUDT12_RNA,0.02175544574856758
GIP_RNA,0.02174881100654602
TNS4_RNA,0.021721916273236275
ATRIP_RNA,0.021696321666240692
TRIM4_RNA,0.021553413942456245
KLF17_RNA,0.021533824503421783
SNHG4_RNA,0.021517159417271614
SCGB1A1_RNA,0.02148495241999626
ACVRL1_RNA,0.021460603922605515
THAP5_RNA,0.02145153470337391
MYOZ2_RNA,0.021433327347040176
PPP2R5C_RNA,0.02142093889415264
SLC4A2_RNA,0.021419348195195198
ECHDC3_RNA,0.021382631734013557
RPAIN_RNA,0.02135804295539856
WFDC11_RNA,0.021352481096982956
TDRD5_RNA,0.021293163299560547
EHBP1L1_RNA,0.021240947768092155
LRRCC1_RNA,0.021194439381361008
IGFL2_RNA,0.021114278584718704
CATSPER4_RNA,0.021044572815299034
LHX8_RNA,0.02099628560245037
RGS6_RNA,0.020943107083439827
MUC13_RNA,0.020906593650579453
NPHP3_RNA,0.02083185315132141
IRGC_RNA,0.02082986570894718
TMPRSS6_RNA,0.020714087411761284
SETMAR_RNA,0.020652569830417633
ACSM1_RNA,0.020595423877239227
PTPRT_RNA,0.020531805232167244
AZI2_RNA,0.02050614543259144
PADI1_RNA,0.020473649725317955
INTS1_RNA,0.02045595645904541
EXT1_RNA,0.02045544795691967
IDH1_RNA,0.020453041419386864
NEK3_RNA,0.020428290590643883
CADM1_RNA,0.020416894927620888
RCC2_RNA,0.020313937216997147
PODXL_RNA,0.020311320200562477
TBX22_RNA,0.020309416577219963
GSDMA_RNA,0.020266560837626457
FOXB1_RNA,0.02023710310459137
CAT_RNA,0.020219586789608
RRP12_RNA,0.020215103402733803
CASP4_RNA,0.020161936059594154
STK24_RNA,0.020106375217437744
DDX43_RNA,0.02005702629685402
COL18A1_RNA,0.01982427015900612
ZNF668_RNA,0.019744357094168663
TOX4_RNA,0.019742418080568314
LTA4H_RNA,0.019739359617233276
HEPH_RNA,0.019725097343325615
DENND2A_RNA,0.01971009001135826
VPS52_RNA,0.01966056413948536
STK35_RNA,0.0195692777633667
MEIS2_RNA,0.0195680633187294
PADI4_RNA,0.019430698826909065
SUZ12_RNA,0.019262030720710754
TMEM117_RNA,0.01925758458673954
TRAF3IP3_RNA,0.019208725541830063
TMCC3_RNA,0.01911979727447033
TBX4_RNA,0.01906323805451393
PRICKLE1_RNA,0.01906098611652851
RBP5_RNA,0.01900821551680565
FBXO36_RNA,0.018942320719361305
SELE_RNA,0.01875576563179493
TACR2_RNA,0.018751144409179688
GJA1_RNA,0.018741795793175697
RTKN2_RNA,0.018686383962631226
MYC_RNA,0.018632816150784492
PLK2_RNA,0.01842324249446392
AHCYL2_RNA,0.018377216532826424
HMGA2_RNA,0.018364960327744484
NOL6_RNA,0.018305961042642593
SEMG1_RNA,0.018219631165266037
USP12_RNA,0.01821311004459858
TGFB3_RNA,0.018177298828959465
OVGP1_RNA,0.018063032999634743
KY_RNA,0.018051862716674805
ALPI_RNA,0.017981218174099922
EDA_RNA,0.01793612912297249
GLMN_RNA,0.017804333940148354
RAB25_RNA,0.01779658906161785
KLKB1_RNA,0.017780931666493416
RBMXL2_RNA,0.01777755655348301
ACSF2_RNA,0.017773348838090897
TRIM25_RNA,0.01774655468761921
XPO7_RNA,0.017711535096168518
FFAR3_RNA,0.01770615577697754
DDO_RNA,0.01768803969025612
TTLL6_RNA,0.017685439437627792
MEG3_RNA,0.017644261941313744
GAB4_RNA,0.017636016011238098
BANF2_RNA,0.017593367025256157
NCAN_RNA,0.017543334513902664
FABP4_RNA,0.017459198832511902
ARL2BP_RNA,0.017428701743483543
ZNF599_RNA,0.017363766208291054
CDK5RAP3_RNA,0.01730700023472309
KRTAP7-1_RNA,0.017223019152879715
MIR149_RNA,0.017020205035805702
FSD1L_RNA,0.01697756163775921
ZFYVE21_RNA,0.016893798485398293
CHEK2_RNA,0.016885142773389816
AFF2_RNA,0.016871606931090355
CD1D_RNA,0.01682511530816555
GALNT2_RNA,0.016671866178512573
DDX42_RNA,0.016652170568704605
SGCZ_RNA,0.016619540750980377
AFF3_RNA,0.016589419916272163
ITIH3_RNA,0.016585377976298332
SACM1L_RNA,0.016572626307606697
CWF19L1_RNA,0.016432739794254303
ICOS_RNA,0.016317017376422882
LRRC57_RNA,0.0163066778331995
CNNM4_RNA,0.016305148601531982
BUD13_RNA,0.016278889030218124
STARD7_RNA,0.016137748956680298
DEFB119_RNA,0.016090208664536476
PLAA_RNA,0.016056150197982788
KRT82_RNA,0.016024149954319
FOXA1_RNA,0.016012994572520256
ADD3_RNA,0.016010373830795288
ASAP1_RNA,0.015999946743249893
MASP1_RNA,0.015989940613508224
USP16_RNA,0.015974262729287148
NCEH1_RNA,0.015923773869872093
QRICH1_RNA,0.015856703743338585
CNPY2_RNA,0.015834752470254898
P2RY10_RNA,0.015824461355805397
PIWIL3_RNA,0.01582268439233303
RBPJ_RNA,0.015811530873179436
ATP6V1G3_RNA,0.015805840492248535
UBOX5_RNA,0.015779703855514526
FAM76A_RNA,0.01576673425734043
PLA2G3_RNA,0.015753036364912987
SPTB_RNA,0.015688439831137657
PIK3CD_RNA,0.015642927959561348
KLHDC2_RNA,0.015615127980709076
RAP1B_RNA,0.015590419061481953
LAT_RNA,0.015568660572171211
KCNE3_RNA,0.015490401536226273
SDAD1_RNA,0.015421953983604908
NR1H4_RNA,0.015412280336022377
EMILIN1_RNA,0.015384829603135586
DCUN1D2_RNA,0.015338116325438023
B3GNT2_RNA,0.015337808057665825
KLHL22_RNA,0.015308622270822525
CYP7B1_RNA,0.015275543555617332
TSC2_RNA,0.015228047966957092
FZD7_RNA,0.015179533511400223
IFRD1_RNA,0.015143784694373608
KLHL14_RNA,0.015128775499761105
DNAJC28_RNA,0.015122851356863976
NPHP4_RNA,0.015106234699487686
PDSS1_RNA,0.01507648453116417
MAP3K15_RNA,0.015018041245639324
FGFR1_RNA,0.014888981357216835
MBTPS1_RNA,0.014873158186674118
AMOTL2_RNA,0.014864778146147728
PIGV_RNA,0.014853130094707012
KCNK4_RNA,0.014833606779575348
FBXL5_RNA,0.01482703909277916
NKX1-2_RNA,0.014826896600425243
TAF10_RNA,0.014826527796685696
YTHDC1_RNA,0.014707052148878574
RAB20_RNA,0.014701404608786106
F2RL3_RNA,0.014689108356833458
IGFBP5_RNA,0.014608215540647507
AMN1_RNA,0.014579604379832745
SIN3A_RNA,0.014567004516720772
DCD_RNA,0.014539698138833046
CHRNA10_RNA,0.01451568678021431
MTHFD1L_RNA,0.014467548578977585
GPR63_RNA,0.014415633864700794
PSORS1C1_RNA,0.014407927170395851
LYPD1_RNA,0.014373330399394035
SPAG4_RNA,0.014369534328579903
MCF2L_RNA,0.014315673150122166
DUSP6_RNA,0.014310657978057861
GALM_RNA,0.014309865422546864
MYEF2_RNA,0.01421665120869875
RCOR3_RNA,0.014121105894446373
WWP2_RNA,0.014079743064939976
MCM4_RNA,0.014026472344994545
RHPN2_RNA,0.013985859230160713
AZIN1_RNA,0.01397019810974598
IDH3A_RNA,0.013889236375689507
TNNI1_RNA,0.013876830227673054
BCL2L11_RNA,0.01386724691838026
ME3_RNA,0.01386390533298254
USHBP1_RNA,0.013794846832752228
KLHL9_RNA,0.013737966306507587
DMBT1_RNA,0.013719290494918823
C12orf71_RNA,0.013683863915503025
FBXO31_RNA,0.013683452270925045
PAOX_RNA,0.013639645650982857
STAU2_RNA,0.01357183326035738
PIK3IP1_RNA,0.013535687699913979
IL25_RNA,0.013500646688044071
TPH2_RNA,0.013499880209565163
ARL5A_RNA,0.013489624485373497
MTMR11_RNA,0.013418440707027912
RCBTB2_RNA,0.013406461104750633
REP15_RNA,0.013279184699058533
MAGEA10_RNA,0.013262641616165638
C9orf85_RNA,0.013253999873995781
ATP6V0D2_RNA,0.013221307657659054
ZBTB8A_RNA,0.013218886218965054
HDGFL1_RNA,0.01318956445902586
SIGLEC6_RNA,0.013122625648975372
IRF1_RNA,0.013058841228485107
TRIM63_RNA,0.01305729802697897
GSC_RNA,0.013044324703514576
PSKH2_RNA,0.013042572885751724
CHCHD3_RNA,0.012983578257262707
LCN6_RNA,0.012938681058585644
PLEKHA1_RNA,0.012785830534994602
RAD51AP2_RNA,0.012698201462626457
TNN_RNA,0.012591112405061722
KLF8_RNA,0.012459016405045986
FAM120A_RNA,0.012418754398822784
TRIM55_RNA,0.012385339476168156
CADPS2_RNA,0.012341567315161228
SMAD6_RNA,0.01231036800891161
ZIC4_RNA,0.012285898439586163
USP42_RNA,0.012144842185080051
ID1_RNA,0.012077377177774906
AARSD1_RNA,0.012073117308318615
PASK_RNA,0.012051668018102646
GFRA1_RNA,0.012034773826599121
CLUAP1_RNA,0.011938017792999744
ZFYVE1_RNA,0.011920219287276268
A1BG_RNA,0.011901795864105225
SPTLC1_RNA,0.011891372501850128
PPCDC_RNA,0.011845382861793041
CTNNAL1_RNA,0.011800072155892849
ZFP3_RNA,0.011757762171328068
UBASH3A_RNA,0.011751271784305573
MED20_RNA,0.011742934584617615
NTNG1_RNA,0.011703661642968655
RAD17_RNA,0.011661321856081486
TM9SF1_RNA,0.01165201235562563
ICAM3_RNA,0.011615133844316006
PHAX_RNA,0.011606895364820957
KLHL31_RNA,0.011576871387660503
NOP14_RNA,0.01157174352556467
PITPNC1_RNA,0.011554944328963757
L1TD1_RNA,0.01152605190873146
SRD5A2_RNA,0.01151658222079277
ABCE1_RNA,0.011478867381811142
COMMD2_RNA,0.011467606760561466
COPG2_RNA,0.011401432566344738
TIFAB_RNA,0.01134220790117979
ABCA3_RNA,0.011331536807119846
ITGA8_RNA,0.011319532059133053
CRADD_RNA,0.011260786093771458
ARL4C_RNA,0.011256244033575058
PLAUR_RNA,0.011237763799726963
PXMP4_RNA,0.011209451593458652
RTP3_RNA,0.011192109435796738
AGBL2_RNA,0.01117189135402441
UGT1A7_RNA,0.011023029685020447
GEMIN4_RNA,0.011020549573004246
MTHFD2_RNA,0.011016701348125935
DFFB_RNA,0.010964738205075264
TCF23_RNA,0.010951187461614609
CAST_RNA,0.010919959284365177
TRIM7_RNA,0.010860473848879337
PPIG_RNA,0.01073332130908966
NHEG1_RNA,0.01061627734452486
MLLT3_RNA,0.010567205026745796
SLC46A1_RNA,0.010502121411263943
NXNL1_RNA,0.010493368841707706
CXCR3_RNA,0.01041833683848381
SEC22C_RNA,0.010356143116950989
E2F5_RNA,0.01033844519406557
E2F2_RNA,0.010269171558320522
PIH1D2_RNA,0.010226374492049217
ENPP7_RNA,0.010216569527983665
FOLR3_RNA,0.01021599117666483
SPATA24_RNA,0.010183125734329224
ECE1_RNA,0.010005848482251167
SERPINE1_RNA,0.009936942718923092
TRIM15_RNA,0.009901715442538261
NUP214_RNA,0.009893113747239113
RAB38_RNA,0.00988700520247221
STX3_RNA,0.009876622818410397
GPN2_RNA,0.009792502038180828
RNF170_RNA,0.009745457209646702
TNFRSF10B_RNA,0.009667294099926949
CTSW_RNA,0.009557075798511505
PREPL_RNA,0.009537848643958569
SYNJ1_RNA,0.009536363184452057
DDX55_RNA,0.009487556293606758
PDSS2_RNA,0.009458321146667004
RBM25_RNA,0.009432440623641014
BFSP2_RNA,0.009421790018677711
CCND1_RNA,0.009418664500117302
FUT7_RNA,0.009401909075677395
ABCB6_RNA,0.009395694360136986
SS18L1_RNA,0.009358474053442478
STRA8_RNA,0.009356964379549026
NAALAD2_RNA,0.00929699931293726
CD300A_RNA,0.009269321337342262
IL16_RNA,0.009262526407837868
SH3YL1_RNA,0.009253719821572304
XPA_RNA,0.009247859939932823
SLC25A12_RNA,0.009237201884388924
PHF2_RNA,0.009208671748638153
FICD_RNA,0.00917211826890707
GOLGA8B_RNA,0.009169441647827625
RIOK2_RNA,0.009142761118710041
ARHGAP27_RNA,0.009076816029846668
NDST3_RNA,0.009048921056091785
PRSS23_RNA,0.009005745872855186
SLC17A3_RNA,0.008862250484526157
NR0B2_RNA,0.00885758176445961
ALG6_RNA,0.008782419376075268
KRT34_RNA,0.008768372237682343
PFDN5_RNA,0.00870903953909874
ANXA9_RNA,0.008692414499819279
TUBA8_RNA,0.00867833849042654
ZCCHC14_RNA,0.008670714683830738
DSCAM_RNA,0.008648612536489964
DSG3_RNA,0.008555813692510128
PRPS1L1_RNA,0.008541825227439404
DDX4_RNA,0.008451847359538078
UBXN2B_RNA,0.008395376615226269
FGL1_RNA,0.008243617601692677
SETD6_RNA,0.008222737349569798
PNPO_RNA,0.008202807046473026
OPTC_RNA,0.008167152293026447
TAS2R1_RNA,0.008123446255922318
STAM_RNA,0.008101818151772022
LYSMD3_RNA,0.008072957396507263
SPATA19_RNA,0.008058552630245686
DHX30_RNA,0.008047891780734062
EBF2_RNA,0.007874248549342155
ITGB3BP_RNA,0.007869762368500233
IRX6_RNA,0.007861663587391376
KCNK12_RNA,0.007847871631383896
FAM118A_RNA,0.007835564203560352
SNORA35_RNA,0.007689354475587606
LMLN_RNA,0.007489120587706566
FKBP2_RNA,0.0074263508431613445
TNFSF18_RNA,0.007414490450173616
CCNA2_RNA,0.007285114377737045
FBXO43_RNA,0.007263363804668188
BTG4_RNA,0.007208715658634901
TMCO6_RNA,0.007143269293010235
FGFR3_RNA,0.007089885417371988
SULF1_RNA,0.007044038735330105
OR2H1_RNA,0.006966162007302046
OR10Q1_RNA,0.006958095822483301
CCDC43_RNA,0.006950885057449341
LIN52_RNA,0.0068905833177268505
COQ2_RNA,0.006887663155794144
KDM2B_RNA,0.006804497912526131
PSPN_RNA,0.006719116121530533
FGFR1OP2_RNA,0.0067024375312030315
ZDHHC7_RNA,0.006696647498756647
AGAP11_RNA,0.00657133013010025
HIP1R_RNA,0.006569010205566883
DTX4_RNA,0.006564815528690815
BNIP3L_RNA,0.006538430694490671
GRIP2_RNA,0.006508942227810621
SLC10A4_RNA,0.006498653441667557
RASSF3_RNA,0.0064965952187776566
MYL5_RNA,0.0064915260300040245
BLOC1S1_RNA,0.006441427860409021
XPO6_RNA,0.006422487087547779
SCMH1_RNA,0.0063567981123924255
GHRH_RNA,0.006322378758341074
EDARADD_RNA,0.0062685380689799786
MTMR6_RNA,0.006208937615156174
ACTR3_RNA,0.006190584972500801
IKBKE_RNA,0.006181930657476187
APOA1_RNA,0.006173576228320599
DDX5_RNA,0.00615942757576704
PNMA2_RNA,0.006114188116043806
CCR3_RNA,0.006106702145189047
TDH_RNA,0.006064216606318951
STAMBPL1_RNA,0.0060626789927482605
ICMT_RNA,0.005942459683865309
FRMD5_RNA,0.00593081209808588
LCE1D_RNA,0.005814476870000362
CALCOCO2_RNA,0.005725010763853788
FKBP9_RNA,0.005704126320779324
BCAR3_RNA,0.005700218956917524
GINS1_RNA,0.005646956618875265
TRIM2_RNA,0.005625597666949034
MTMR7_RNA,0.005605613812804222
MOGAT3_RNA,0.00556842889636755
DBX1_RNA,0.005539975594729185
GNAT1_RNA,0.005516412202268839
HJURP_RNA,0.005401190370321274
FPGT_RNA,0.005362062714993954
DHRS13_RNA,0.005309380125254393
ZNF735_RNA,0.005299201235175133
GCLC_RNA,0.005272994749248028
COL13A1_RNA,0.005249901674687862
ABL1_RNA,0.005229842383414507
PRM1_RNA,0.005202653352171183
SET_RNA,0.00507806520909071
KRT74_RNA,0.004998164251446724
DAB2_RNA,0.004925522021949291
PSMD12_RNA,0.004908157512545586
UTP14A_RNA,0.004893109668046236
UBA2_RNA,0.004861712455749512
CPT2_RNA,0.004833822138607502
VAV2_RNA,0.0048238313756883144
N4BP3_RNA,0.004776222165673971
AOX2P_RNA,0.0047754403203725815
JSRP1_RNA,0.004739679396152496
PLK3_RNA,0.0047241086140275
SCD_RNA,0.004707204177975655
ID4_RNA,0.00457422249019146
F8_RNA,0.004509116057306528
ATOH1_RNA,0.004504851531237364
HAPLN1_RNA,0.0044814785942435265
PPP1R1C_RNA,0.004472807515412569
CIB3_RNA,0.00446693692356348
LRRC2_RNA,0.004395394120365381
UST_RNA,0.0043779583647847176
MARVELD3_RNA,0.004371864255517721
HPSE_RNA,0.00433109886944294
MELK_RNA,0.0042112539522349834
RNF215_RNA,0.004164525307714939
NR2C1_RNA,0.004161684308201075
FRMD1_RNA,0.004130059387534857
MIR200A_RNA,0.004121450707316399
DKK1_RNA,0.004088797606527805
TM7SF3_RNA,0.00407169247046113
ASPG_RNA,0.0040122633799910545
AP4B1_RNA,0.003965095616877079
USP29_RNA,0.003944021183997393
MRPS31_RNA,0.003918891306966543
SNX2_RNA,0.003883399534970522
ARHGEF18_RNA,0.003880316624417901
CEACAM6_RNA,0.0038595530204474926
B4GALT5_RNA,0.0038420807104557753
REPS2_RNA,0.003837905591353774
NAGA_RNA,0.0036306774709373713
GRK1_RNA,0.0035743145272135735
TREM1_RNA,0.0034411593805998564
CDH4_RNA,0.003381987102329731
EBF1_RNA,0.0033784627448767424
UNC5CL_RNA,0.0033421495463699102
HERC5_RNA,0.003334976965561509
AUH_RNA,0.003300071693956852
FOXB2_RNA,0.0032575251534581184
CBLC_RNA,0.0032573980279266834
IGSF6_RNA,0.0032199479173868895
TNFRSF1B_RNA,0.003208503359928727
NLRP7_RNA,0.0031929919496178627
PRDM6_RNA,0.0031634748447686434
STARD4_RNA,0.003156437072902918
GPR61_RNA,0.003110651858150959
LILRA5_RNA,0.0030882570426911116
DCUN1D5_RNA,0.0030844956636428833
GLRX2_RNA,0.0029911966994404793
VLDLR_RNA,0.002981167985126376
LEMD2_RNA,0.0029329839162528515
ZFP64_RNA,0.002826465992256999
PEX26_RNA,0.002730852458626032
SLC25A21_RNA,0.0026467684656381607
ZDHHC11_RNA,0.0026106301229447126
IMPDH2_RNA,0.002592693082988262
ZFP1_RNA,0.002488892525434494
MRPS24_RNA,0.0024837604723870754
C5orf22_RNA,0.002465892117470503
SEC22A_RNA,0.002448683138936758
SARS2_RNA,0.0023636873811483383
ADH7_RNA,0.002354780677706003
PPM1H_RNA,0.0023352268617600203
C1S_RNA,0.002332716714590788
PRDM2_RNA,0.002262069145217538
KIF2C_RNA,0.0022012239787727594
FILIP1L_RNA,0.0021548012737184763
EYA1_RNA,0.0021267705596983433
TPCN1_RNA,0.00200257427059114
LCP1_RNA,0.0019891683477908373
B3GNT3_RNA,0.001972161466255784
FNBP1_RNA,0.0018982389010488987
CEACAM4_RNA,0.0018109584925696254
TLE1_RNA,0.0018069950165227056
C10orf53_RNA,0.0017955665243789554
SH3BP4_RNA,0.0017696337308734655
HSPA1B_RNA,0.0015935349510982633
FGFR2_RNA,0.0015006378525868058
MOV10_RNA,0.0014090128242969513
EMX1_RNA,0.0013764445902779698
AKAP7_RNA,0.0013371275272220373
UCMA_RNA,0.0013335953699424863
SREBF1_RNA,0.0012678406201303005
RASGRF2_RNA,0.0011299960315227509
COG4_RNA,0.0010861220071092248
PDCD4_RNA,9.931435342878103e-4
PAPOLA_RNA,9.9254644010216e-4
ARMS2_RNA,9.83310746960342e-4
FKBP10_RNA,9.566577500663698e-4
MIR182_RNA,9.523628978058696e-4
PRIM1_RNA,9.45335254073143e-4
EFCAB10_RNA,9.187416289933026e-4
ASTL_RNA,8.244809578172863e-4
SLC25A36_RNA,7.970170699991286e-4
PLCXD2_RNA,7.95673462562263e-4
DUOXA1_RNA,7.783585460856557e-4
RGS12_RNA,7.158966036513448e-4
HORMAD2_RNA,6.775386282242835e-4
CBX2_RNA,6.51736103463918e-4
PAX4_RNA,6.499093724414706e-4
EDNRA_RNA,6.084769265726209e-4
FTSJ3_RNA,5.27179567143321e-4
NOX5_RNA,5.125350435264409e-4
C8B_RNA,5.121388239786029e-4
AGBL5_RNA,3.975509316660464e-4
AP3M1_RNA,3.358237736392766e-4
MIPEP_RNA,3.058871370740235e-4
STK39_RNA,2.6657458511181176e-4
COLQ_RNA,2.543735899962485e-4
FAM193A_RNA,2.4162277986761183e-4
CLEC4A_RNA,2.2248522145673633e-4
KRT71_RNA,2.096280368277803e-4
ZNF282_RNA,1.808942179195583e-4
RIOK1_RNA,1.6882698400877416e-4
SLC5A5_RNA,1.5463063027709723e-4
NDST1_RNA,1.3037353346589953e-4
VEPH1_RNA,1.202008752443362e-5
CAPN10_RNA,1.0682922948035412e-5
LMX1A_RNA,-8.298271131934598e-5
MIR96_RNA,-1.5131985128391534e-4
CLCN4_RNA,-1.516054617241025e-4
HPS6_RNA,-2.2765426547266543e-4
C17orf99_RNA,-3.487073990982026e-4
SEC13_RNA,-3.624937089625746e-4
C21orf58_RNA,-3.9893650682643056e-4
VSIG4_RNA,-4.584944399539381e-4
IL23R_RNA,-4.6159018529579043e-4
TTF1_RNA,-4.806675424333662e-4
PLXND1_RNA,-5.326143000274897e-4
RAPGEF6_RNA,-5.437492509372532e-4
CUL7_RNA,-5.705408984795213e-4
HINFP_RNA,-7.049666019156575e-4
STAP1_RNA,-7.152812904678285e-4
BTN3A2_RNA,-7.631747284904122e-4
CCDC47_RNA,-8.287164382636547e-4
AQP8_RNA,-8.782809018157423e-4
NUFIP1_RNA,-9.357508970424533e-4
N6AMT1_RNA,-9.435337851755321e-4
ULBP3_RNA,-9.772272314876318e-4
SLC25A46_RNA,-0.0010413445997983217
PIGK_RNA,-0.0010578553192317486
TADA1_RNA,-0.0010983567917719483
MRPS25_RNA,-0.0011926395818591118
HELT_RNA,-0.0012115944409742951
MMP12_RNA,-0.0012205791426822543
KCNJ8_RNA,-0.0012423669686540961
RPAP3_RNA,-0.0012624458177015185
NEO1_RNA,-0.0012806333834305406
CD180_RNA,-0.0013021653285250068
CRYGN_RNA,-0.0013113070745021105
NANOS2_RNA,-0.0013476479798555374
PARP1_RNA,-0.001437483704648912
NPLOC4_RNA,-0.0014625599142163992
CDC42_RNA,-0.0014707610243931413
MYOC_RNA,-0.00149810709990561
PUSL1_RNA,-0.0016310730716213584
MMACHC_RNA,-0.001638266840018332
FZD1_RNA,-0.0016706926980987191
KIAA1217_RNA,-0.0017017354257404804
DOCK3_RNA,-0.0017235367558896542
FAM53C_RNA,-0.001753859338350594
FBXO39_RNA,-0.0018665245734155178
IL15_RNA,-0.001880866358987987
TCP11_RNA,-0.001897961599752307
NODAL_RNA,-0.0019123192178085446
NPPB_RNA,-0.0019708203617483377
TLR9_RNA,-0.002116947202011943
SERPINA6_RNA,-0.002212307881563902
SLN_RNA,-0.002215462503954768
TGM7_RNA,-0.002316415775567293
CALR3_RNA,-0.002326121786609292
CUL3_RNA,-0.002350712427869439
SNORD104_RNA,-0.00238821841776371
GNPAT_RNA,-0.0024192449636757374
CNOT7_RNA,-0.002428852254524827
UGT1A1_RNA,-0.0024589088279753923
PIM1_RNA,-0.002460015006363392
KRT85_RNA,-0.0024872992653399706
NFATC4_RNA,-0.0024875071831047535
TRAF3_RNA,-0.0024944806937128305
TRNAU1AP_RNA,-0.0025184061378240585
SLC40A1_RNA,-0.0025526266545057297
ACP5_RNA,-0.0025920576881617308
CARD11_RNA,-0.002697678981348872
NLRP11_RNA,-0.0027869045734405518
GNL3_RNA,-0.002814055886119604
ZNF425_RNA,-0.0028390574734658003
TRIM31_RNA,-0.002863186877220869
ACTN2_RNA,-0.002872788580134511
SPZ1_RNA,-0.002914543030783534
DOK6_RNA,-0.0029166892636567354
MPV17L_RNA,-0.003061906201764941
TNFAIP2_RNA,-0.0031094737350940704
ARCN1_RNA,-0.0031267725862562656
CSRNP1_RNA,-0.0031629689037799835
LCK_RNA,-0.0031885667704045773
MATN4_RNA,-0.0032005172688513994
MORC1_RNA,-0.0032058607321232557
KRT75_RNA,-0.0032281572930514812
LRRC37A3_RNA,-0.0032702325843274593
PRPF4_RNA,-0.003294705878943205
NUDT17_RNA,-0.0033071991056203842
ARSI_RNA,-0.003317788941785693
ACADSB_RNA,-0.0033182029146701097
ZSCAN5B_RNA,-0.003373773768544197
EEF2_RNA,-0.0034044519998133183
NPL_RNA,-0.0034954724833369255
TNFAIP8_RNA,-0.003535281866788864
BSDC1_RNA,-0.003548704320564866
DGKQ_RNA,-0.003557830583304167
ADH1C_RNA,-0.00357848615385592
RACGAP1_RNA,-0.0036066388711333275
MED7_RNA,-0.003622775198891759
FBXL8_RNA,-0.0036299098283052444
TIMM8A_RNA,-0.0036898942198604345
TNFRSF8_RNA,-0.003732283366844058
NLRX1_RNA,-0.003740752814337611
ANAPC5_RNA,-0.003774839686229825
WTAP_RNA,-0.003790679620578885
ADAMTS10_RNA,-0.003924064803868532
INTS9_RNA,-0.003931727726012468
PLIN1_RNA,-0.003977885935455561
LIN28B_RNA,-0.004086859989911318
BHLHE23_RNA,-0.004123346414417028
TMEM38B_RNA,-0.0041654533706605434
SLC22A2_RNA,-0.004193028900772333
TAL1_RNA,-0.00422478886321187
ZFP42_RNA,-0.004271108657121658
C4orf46_RNA,-0.004305028356611729
PTAFR_RNA,-0.004328763112425804
CCL26_RNA,-0.004333830904215574
CLIP2_RNA,-0.0043690400198102
NOC2L_RNA,-0.004377858713269234
XRCC4_RNA,-0.004387758206576109
GATA1_RNA,-0.004453940782696009
DCST1_RNA,-0.004492102190852165
PITX3_RNA,-0.004495119675993919
OR7C2_RNA,-0.004526025615632534
F10_RNA,-0.004554005339741707
UGT2B15_RNA,-0.004592379555106163
CDK11A_RNA,-0.004607067443430424
RNF146_RNA,-0.004672589711844921
VPS45_RNA,-0.004676481708884239
GPR50_RNA,-0.004684810526669025
CCDC13_RNA,-0.004706838168203831
BPHL_RNA,-0.004742308519780636
ZBTB17_RNA,-0.004805494099855423
PIP4K2B_RNA,-0.004812456201761961
MIR339_RNA,-0.004813728854060173
OR10H5_RNA,-0.004921512212604284
PPM1F_RNA,-0.004982846789062023
CLP1_RNA,-0.005001896992325783
FERMT1_RNA,-0.005007656756788492
LCMT2_RNA,-0.005018202122300863
LAIR1_RNA,-0.005019976291805506
RAB9A_RNA,-0.005022129975259304
NKX2-3_RNA,-0.0050286282785236835
COQ6_RNA,-0.0050708395428955555
ASTN2_RNA,-0.005133066326379776
STRADB_RNA,-0.005169789306819439
FASLG_RNA,-0.00517020421102643
AKT2_RNA,-0.0052133584395051
GTPBP8_RNA,-0.0052465046755969524
WDR31_RNA,-0.0052799624390900135
OR5K2_RNA,-0.005295344162732363
AADAC_RNA,-0.005304440390318632
SLC2A7_RNA,-0.005342478398233652
KEL_RNA,-0.005429762415587902
USP36_RNA,-0.005434798076748848
PARP10_RNA,-0.005470924079418182
TM4SF5_RNA,-0.005474109668284655
IL27_RNA,-0.0055089183151721954
CERK_RNA,-0.00560183497145772
DOK2_RNA,-0.00569347245618701
HNRNPR_RNA,-0.005694541614502668
HSPA9_RNA,-0.005774641875177622
LIMK2_RNA,-0.0058321296237409115
WASL_RNA,-0.005865904968231916
ERCC1_RNA,-0.005895200185477734
GALNS_RNA,-0.005931003484874964
CDK15_RNA,-0.005954677704721689
MAGED2_RNA,-0.006182955577969551
AKAP1_RNA,-0.006183464080095291
ALOX5_RNA,-0.006205676589161158
MPZL3_RNA,-0.006296148523688316
AP3M2_RNA,-0.00629665469750762
SLC24A4_RNA,-0.006306348834186792
CCAR1_RNA,-0.006315954495221376
SLC6A19_RNA,-0.0063363234512507915
SRRD_RNA,-0.006341149564832449
CARS2_RNA,-0.006361269857734442
KLF14_RNA,-0.006366272922605276
API5_RNA,-0.0063893916085362434
HGS_RNA,-0.006436113268136978
SLC5A8_RNA,-0.006488627754151821
DPP3_RNA,-0.0065459865145385265
ARL6_RNA,-0.006622741464525461
RSRC2_RNA,-0.006661954335868359
MRPL35_RNA,-0.0069043696857988834
PACSIN2_RNA,-0.006909173913300037
BSX_RNA,-0.006917513441294432
RPRD1A_RNA,-0.006945502012968063
GADD45B_RNA,-0.006951510440558195
IL24_RNA,-0.006953192409127951
IRF7_RNA,-0.006966252811253071
HAVCR2_RNA,-0.006994984578341246
DR1_RNA,-0.007007483392953873
RGS3_RNA,-0.007017186377197504
NPFFR1_RNA,-0.007065469399094582
LYPD6_RNA,-0.007157419808208942
NCAPD2_RNA,-0.007177168969064951
NEUROG1_RNA,-0.007213568780571222
GPNMB_RNA,-0.007215343415737152
DNAJB12_RNA,-0.007244988344609737
CBFB_RNA,-0.007262684870511293
EIF3B_RNA,-0.007303754333406687
CALN1_RNA,-0.007313670124858618
SUPV3L1_RNA,-0.007358069531619549
LRRC34_RNA,-0.00738975265994668
HSPA12A_RNA,-0.007406571414321661
AQP12A_RNA,-0.007413629442453384
CDH20_RNA,-0.00742434523999691
FPR1_RNA,-0.00745038315653801
ITGA7_RNA,-0.007498509716242552
ARSK_RNA,-0.007502779830247164
HSPA1A_RNA,-0.0075195045210421085
CSRP2_RNA,-0.007576618809252977
FBXO8_RNA,-0.0075914207845926285
AMBN_RNA,-0.007595886010676622
TULP2_RNA,-0.007666852790862322
SEC14L4_RNA,-0.007745550014078617
SYT8_RNA,-0.007811969146132469
NOTCH3_RNA,-0.007815176621079445
ZNF837_RNA,-0.007829916663467884
DBX2_RNA,-0.007849816232919693
LRSAM1_RNA,-0.007853725925087929
ALCAM_RNA,-0.007874800823628902
DNAJB13_RNA,-0.007900473661720753
TIA1_RNA,-0.00798290316015482
OR2M4_RNA,-0.008022136054933071
C14orf93_RNA,-0.00805229227989912
DPH1_RNA,-0.008083357475697994
ZNF391_RNA,-0.008135354146361351
TDRD7_RNA,-0.008164223283529282
SPDEF_RNA,-0.008218557573854923
GAK_RNA,-0.008244593627750874
CPN2_RNA,-0.008246135897934437
GPR142_RNA,-0.008338111452758312
OPN3_RNA,-0.008366773836314678
HNRNPC_RNA,-0.00842121709138155
LCN10_RNA,-0.00854315422475338
ZNF630_RNA,-0.008607530035078526
DPPA2_RNA,-0.008624831214547157
CXCR2_RNA,-0.008692698553204536
PLXNB2_RNA,-0.008728924207389355
STK11IP_RNA,-0.00885679479688406
GAS2_RNA,-0.008920418098568916
EPB41L2_RNA,-0.008938601240515709
RAB2B_RNA,-0.008943351916968822
BSCL2_RNA,-0.00899374671280384
YAP1_RNA,-0.0090061966329813
IL23A_RNA,-0.009007265791296959
RETSAT_RNA,-0.009021599777042866
RHBDL2_RNA,-0.00904950499534607
AQP11_RNA,-0.009099201299250126
TAP1_RNA,-0.009133247658610344
CDC25C_RNA,-0.009240487590432167
SLC5A12_RNA,-0.009309778921306133
DHPS_RNA,-0.00933306198567152
TATDN1_RNA,-0.00944826751947403
EFTUD2_RNA,-0.009458652697503567
NLRP4_RNA,-0.00948386825621128
TRUB1_RNA,-0.009624132886528969
PRDM14_RNA,-0.00966457650065422
BTN2A1_RNA,-0.009685361757874489
LRRC66_RNA,-0.009721077978610992
CUL2_RNA,-0.009763953275978565
WFDC3_RNA,-0.009780045598745346
MOCS1_RNA,-0.009815381839871407
LHFPL4_RNA,-0.009822008199989796
SLC35E4_RNA,-0.00983821414411068
SBF1_RNA,-0.009838355705142021
NIP7_RNA,-0.00992502085864544
PTF1A_RNA,-0.009980518370866776
ZNHIT6_RNA,-0.010016486980021
NCAM1_RNA,-0.01014017965644598
CAB39_RNA,-0.01015506125986576
GLB1L2_RNA,-0.010193020105361938
LIAS_RNA,-0.010224022902548313
LMNB1_RNA,-0.0102898133918643
TAX1BP3_RNA,-0.010371260344982147
C1RL_RNA,-0.01039187889546156
HCRT_RNA,-0.010436573065817356
OTUD6B_RNA,-0.010554678738117218
C1orf141_RNA,-0.01061701774597168
CSF2_RNA,-0.010646695271134377
RAPGEF5_RNA,-0.010657568462193012
PSMC6_RNA,-0.010706034488976002
NFAM1_RNA,-0.010745584964752197
HEBP2_RNA,-0.010781392455101013
ZC3H7B_RNA,-0.010895022191107273
ERRFI1_RNA,-0.010900980792939663
SYTL2_RNA,-0.010970696806907654
PALLD_RNA,-0.010997160337865353
PLEKHG3_RNA,-0.011110484600067139
COL2A1_RNA,-0.011132524348795414
KIF21B_RNA,-0.01113835908472538
MYLK4_RNA,-0.011207732371985912
REG4_RNA,-0.01121035311371088
UGT3A2_RNA,-0.011266469024121761
GNPDA2_RNA,-0.011267130263149738
TUB_RNA,-0.011289510875940323
GBGT1_RNA,-0.011311509646475315
RALGPS1_RNA,-0.0113443061709404
GLI2_RNA,-0.011374101974070072
OLIG3_RNA,-0.011380746960639954
PPP2R5E_RNA,-0.011381619609892368
SETD4_RNA,-0.011394519358873367
MBD1_RNA,-0.011405589058995247
C1QTNF8_RNA,-0.01142582856118679
ETF1_RNA,-0.011452262289822102
ZSCAN4_RNA,-0.011467673815786839
POLR3G_RNA,-0.011520655825734138
PRKAR1A_RNA,-0.011569289490580559
PAGE2B_RNA,-0.011668176390230656
EREG_RNA,-0.011707967147231102
TRIM27_RNA,-0.011721023358404636
TRIM72_RNA,-0.011753236874938011
TCN1_RNA,-0.011778829619288445
HAUS5_RNA,-0.011784710921347141
CPLX4_RNA,-0.011786001734435558
TLR10_RNA,-0.011802769266068935
SOAT2_RNA,-0.011819045059382915
SCN9A_RNA,-0.011823423206806183
MYL10_RNA,-0.011928010731935501
CTAG2_RNA,-0.011935815215110779
RAB27B_RNA,-0.01195378415286541
STARD6_RNA,-0.012031233869493008
GFI1_RNA,-0.012137624435126781
ALG14_RNA,-0.012164907529950142
CUX1_RNA,-0.012193568982183933
FAM193B_RNA,-0.012269752100110054
CTLA4_RNA,-0.012283305637538433
DENND1A_RNA,-0.012298163957893848
SERPINB2_RNA,-0.012320399284362793
GOLPH3L_RNA,-0.012340624816715717
SLC27A1_RNA,-0.012421304360032082
RABEP2_RNA,-0.012484160251915455
MRPS14_RNA,-0.012491387315094471
F2R_RNA,-0.012500641867518425
TTLL3_RNA,-0.012512669898569584
NAF1_RNA,-0.012552979402244091
ANKDD1A_RNA,-0.012556775473058224
TIGD5_RNA,-0.01255763042718172
NDEL1_RNA,-0.01259162649512291
C16orf46_RNA,-0.012604578398168087
MRPL30_RNA,-0.012688962742686272
POMT2_RNA,-0.012702965177595615
MTRR_RNA,-0.012731551192700863
BIN3_RNA,-0.01273895800113678
CDCA4_RNA,-0.01275136973708868
ERC2_RNA,-0.012754468247294426
C7orf25_RNA,-0.012865805998444557
CDC42EP3_RNA,-0.012926381081342697
CTTN_RNA,-0.012948013842105865
BTK_RNA,-0.013006477616727352
RNF141_RNA,-0.013020736165344715
TRIM50_RNA,-0.013036506250500679
UTS2_RNA,-0.013066527433693409
DCLK2_RNA,-0.013077111914753914
GALNT6_RNA,-0.013084106147289276
IQCE_RNA,-0.01314390916377306
PDPK1_RNA,-0.013183722272515297
ERMAP_RNA,-0.013312538154423237
TMEM185B_RNA,-0.013354630209505558
CLEC12A_RNA,-0.013445296324789524
AKR7A3_RNA,-0.013500209897756577
GPR37_RNA,-0.013618986122310162
PLA2G12A_RNA,-0.013668427243828773
LZTR1_RNA,-0.01369715016335249
C9orf163_RNA,-0.013823811896145344
ZBTB8OS_RNA,-0.013880692422389984
FAM133B_RNA,-0.013903372921049595
FOXK2_RNA,-0.014016782864928246
FLII_RNA,-0.014081016182899475
KRT13_RNA,-0.014084518887102604
TEX19_RNA,-0.014096527360379696
HP_RNA,-0.014174176380038261
PSTPIP1_RNA,-0.014192169532179832
RBM15B_RNA,-0.014220844954252243
ENGASE_RNA,-0.014306334778666496
GNGT1_RNA,-0.014427430927753448
FCRL2_RNA,-0.01446046493947506
EEPD1_RNA,-0.01449974812567234
ABTB2_RNA,-0.014516313560307026
CLC_RNA,-0.014522706158459187
METTL4_RNA,-0.01452946662902832
R3HDML_RNA,-0.01457514613866806
GATM_RNA,-0.01457536406815052
GATAD2A_RNA,-0.014592453837394714
CACNA2D4_RNA,-0.014638659544289112
RPS6KL1_RNA,-0.014710735529661179
AP1G2_RNA,-0.014763017185032368
AMACR_RNA,-0.014763486571609974
USP51_RNA,-0.014823928475379944
TRA2B_RNA,-0.014848007820546627
COIL_RNA,-0.014851395972073078
GTF2IRD1_RNA,-0.014903288334608078
CRIPT_RNA,-0.014926024712622166
ZDHHC3_RNA,-0.015025475062429905
PDCL2_RNA,-0.015030577778816223
PLIN2_RNA,-0.015040704049170017
APBA3_RNA,-0.015042271465063095
MTFMT_RNA,-0.015054586343467236
DNAJC5B_RNA,-0.01506297942250967
NRG1_RNA,-0.015075620263814926
EFNB1_RNA,-0.015085740946233273
ZBTB2_RNA,-0.015093722380697727
DBNL_RNA,-0.01515844464302063
C2orf74_RNA,-0.015160363167524338
GTF2B_RNA,-0.01527651771903038
UCP3_RNA,-0.015371434390544891
RAB31_RNA,-0.015433207154273987
P2RX1_RNA,-0.015468109399080276
DCPS_RNA,-0.015495781786739826
PEX7_RNA,-0.015516327694058418
GP9_RNA,-0.01552814431488514
SH2D1B_RNA,-0.015561055392026901
TMEM192_RNA,-0.015599471516907215
ASAH2_RNA,-0.015675753355026245
CBX6_RNA,-0.015701472759246826
LYRM7_RNA,-0.015716711059212685
CYP4F22_RNA,-0.015729043632745743
PCOTH_RNA,-0.015754004940390587
RPRD2_RNA,-0.01578453741967678
KAAG1_RNA,-0.015792343765497208
CHIC2_RNA,-0.015865372493863106
TULP3_RNA,-0.01589513011276722
OR1E1_RNA,-0.015908796340227127
DUOX2_RNA,-0.016008468344807625
GLB1L_RNA,-0.01603776030242443
IRS4_RNA,-0.016043363139033318
MAP3K14_RNA,-0.01606261357665062
SLC25A26_RNA,-0.016068095341324806
PIGM_RNA,-0.016083786264061928
RNF183_RNA,-0.016090862452983856
PKP2_RNA,-0.016117198392748833
UBFD1_RNA,-0.016137290745973587
ARFGAP1_RNA,-0.016139019280672073
KLHDC4_RNA,-0.016257531940937042
BUB3_RNA,-0.016276638954877853
ATG4C_RNA,-0.016279324889183044
ZNF738_RNA,-0.016381701454520226
MEGF6_RNA,-0.01639704406261444
SAAL1_RNA,-0.016425011679530144
RCAN1_RNA,-0.016496125608682632
CLVS1_RNA,-0.016524460166692734
TMEM139_RNA,-0.01654726266860962
MMP24_RNA,-0.01663992553949356
VOPP1_RNA,-0.01665366254746914
NISCH_RNA,-0.016661183908581734
WDSUB1_RNA,-0.016690440475940704
KAT5_RNA,-0.016695283353328705
HOXB1_RNA,-0.01673099212348461
GAA_RNA,-0.016740188002586365
GPATCH8_RNA,-0.016750045120716095
IL17RC_RNA,-0.01677454076707363
DNM2_RNA,-0.016776220872998238
CNN3_RNA,-0.016806840896606445
SLC9A3_RNA,-0.016810055822134018
AIM2_RNA,-0.016851579770445824
IRS2_RNA,-0.01685626059770584
SNX9_RNA,-0.016856897622346878
SPRY2_RNA,-0.01685848832130432
IFT80_RNA,-0.016876401379704475
HSD17B4_RNA,-0.01696065440773964
PLEKHB2_RNA,-0.016983799636363983
C12orf54_RNA,-0.017003701999783516
DPYS_RNA,-0.017077352851629257
MAGEB6_RNA,-0.017080163583159447
IKBKG_RNA,-0.017086610198020935
SLFN13_RNA,-0.017112594097852707
TAF7L_RNA,-0.0171430055052042
TOR1B_RNA,-0.01717257872223854
HADHB_RNA,-0.0172437634319067
FITM2_RNA,-0.017421191558241844
SNX16_RNA,-0.017463967204093933
MAN2A2_RNA,-0.017564520239830017
GABRR1_RNA,-0.01760783977806568
PGLYRP2_RNA,-0.017611002549529076
GAS1_RNA,-0.017613662406802177
MYOD1_RNA,-0.01762250065803528
FASTKD3_RNA,-0.017655029892921448
CD72_RNA,-0.01766172982752323
UROC1_RNA,-0.017677191644906998
KIF1C_RNA,-0.01767836883664131
SLC4A1AP_RNA,-0.0177026204764843
FMR1_RNA,-0.017722567543387413
ATG4A_RNA,-0.017749706283211708
KDELR3_RNA,-0.017810793593525887
CLNS1A_RNA,-0.017813103273510933
KRTAP5-1_RNA,-0.017880426719784737
PBXIP1_RNA,-0.017995772883296013
PKLR_RNA,-0.01800639182329178
DDOST_RNA,-0.01813461259007454
GPR68_RNA,-0.018144605681300163
TBC1D2_RNA,-0.018198750913143158
CCDC149_RNA,-0.018220016732811928
CCDC127_RNA,-0.0182510856539011
PLEK_RNA,-0.018285585567355156
GALR1_RNA,-0.018303819000720978
SIL1_RNA,-0.018318267539143562
SFRP4_RNA,-0.0183523278683424
SOCS2_RNA,-0.018360352143645287
CCDC110_RNA,-0.018424300476908684
RAX_RNA,-0.0184426661580801
PRMT7_RNA,-0.018456196412444115
SNX7_RNA,-0.01847972720861435
TARS2_RNA,-0.01848967745900154
KCNA4_RNA,-0.018500423058867455
NTF4_RNA,-0.01867009699344635
ATF1_RNA,-0.018683243542909622
SFPQ_RNA,-0.018700264394283295
SMPDL3A_RNA,-0.018736951053142548
LRTOMT_RNA,-0.01876004785299301
MIR210_RNA,-0.01881685107946396
TBC1D9B_RNA,-0.018849922344088554
TCIRG1_RNA,-0.018886912614107132
QSOX2_RNA,-0.018973832949995995
KLK3_RNA,-0.01901307888329029
VENTX_RNA,-0.019058793783187866
GLUD1_RNA,-0.01912619173526764
LMCD1_RNA,-0.019144505262374878
USP10_RNA,-0.019148943945765495
CALML4_RNA,-0.01920822449028492
SPINT1_RNA,-0.019216448068618774
TSKS_RNA,-0.0193114522844553
LLPH_RNA,-0.01934388093650341
DYNC2LI1_RNA,-0.01938953436911106
ZDHHC24_RNA,-0.01940907910466194
SH3RF3_RNA,-0.019448984414339066
UNC13C_RNA,-0.019577406346797943
MAGEC3_RNA,-0.019641757011413574
LPO_RNA,-0.019689103588461876
NUDT5_RNA,-0.01970338076353073
G3BP2_RNA,-0.01978534832596779
RNF157_RNA,-0.01990126259624958
CCDC136_RNA,-0.019961996003985405
LRRC8B_RNA,-0.0199628546833992
CD177_RNA,-0.020002854987978935
ADARB1_RNA,-0.02001141384243965
TYMP_RNA,-0.020054927095770836
CTNS_RNA,-0.020075233653187752
KIF4A_RNA,-0.02021392434835434
MYH15_RNA,-0.020219163969159126
ZNF689_RNA,-0.020232094451785088
IRX4_RNA,-0.020248040556907654
LOC154449_RNA,-0.02041793055832386
DUSP12_RNA,-0.02042592130601406
GLI1_RNA,-0.020464736968278885
FGF8_RNA,-0.020509950816631317
INSC_RNA,-0.020552292466163635
NIPA2_RNA,-0.0205539520829916
KLHL23_RNA,-0.020559443160891533
PSMD5_RNA,-0.02060900814831257
CALCA_RNA,-0.020619088783860207
NME7_RNA,-0.020689375698566437
AMPD3_RNA,-0.02069494128227234
ZAP70_RNA,-0.02073432132601738
TTC4_RNA,-0.020748084411025047
ZBED5_RNA,-0.020763646811246872
ITIH1_RNA,-0.020800800994038582
GPR107_RNA,-0.020883746445178986
CNGA1_RNA,-0.020897887647151947
OR6B3_RNA,-0.020908784121274948
SIGLEC1_RNA,-0.021020684391260147
TAL2_RNA,-0.021040603518486023
RNF207_RNA,-0.02110711671411991
HARBI1_RNA,-0.021189028397202492
ELL3_RNA,-0.021212851628661156
GDF11_RNA,-0.021223261952400208
PINK1_RNA,-0.021237820386886597
GPR146_RNA,-0.021251467987895012
SLC6A13_RNA,-0.021374668926000595
CDH12_RNA,-0.02137935720384121
ZDHHC16_RNA,-0.021391598507761955
UNC5B_RNA,-0.02144479937851429
TMEM183A_RNA,-0.021446427330374718
IFNGR1_RNA,-0.021471837535500526
SERPINB7_RNA,-0.021518871188163757
CTCF_RNA,-0.021539980545639992
RRAGB_RNA,-0.02161904238164425
SERINC3_RNA,-0.021679101511836052
CYB561D1_RNA,-0.021686237305402756
PSMC1_RNA,-0.021696308627724648
BRF2_RNA,-0.02174079790711403
LUZP4_RNA,-0.021742530167102814
LIG1_RNA,-0.021743768826127052
ABHD15_RNA,-0.021763494238257408
MYOM3_RNA,-0.021860599517822266
PDXK_RNA,-0.02193649671971798
HES5_RNA,-0.0219800416380167
TLX3_RNA,-0.02208077162504196
TMEM65_RNA,-0.022089894860982895
C1GALT1C1_RNA,-0.022158183157444
RNF19B_RNA,-0.022173840552568436
EIF2S2_RNA,-0.02218632958829403
FUCA1_RNA,-0.022207453846931458
TRPC4_RNA,-0.02228318341076374
PTGDR_RNA,-0.02229483239352703
GFOD2_RNA,-0.022295188158750534
ARID3C_RNA,-0.02232593484222889
HS2ST1_RNA,-0.022358432412147522
APBA1_RNA,-0.02239782176911831
PLEKHO2_RNA,-0.022403674200177193
PHF19_RNA,-0.02243754453957081
TMX4_RNA,-0.02251475676894188
DDR1_RNA,-0.02252655290067196
GM2A_RNA,-0.022587850689888
MSN_RNA,-0.022596057504415512
DPEP3_RNA,-0.022607048973441124
RNASE10_RNA,-0.022649256512522697
LXN_RNA,-0.022652650251984596
MON1B_RNA,-0.022722117602825165
NPHS1_RNA,-0.022811217233538628
RPS6KA6_RNA,-0.022838469594717026
MAGEA4_RNA,-0.022930894047021866
MXRA7_RNA,-0.022952618077397346
SERTAD2_RNA,-0.022977730259299278
CRTAM_RNA,-0.02303808182477951
DNAJC5_RNA,-0.023131538182497025
FAM118B_RNA,-0.02320260927081108
RNF41_RNA,-0.023217281326651573
ASAH1_RNA,-0.023279622197151184
CHST5_RNA,-0.02329646795988083
PDK4_RNA,-0.023356780409812927
C6orf58_RNA,-0.023404274135828018
DLGAP1_RNA,-0.023476343601942062
CASD1_RNA,-0.02349378727376461
E2F8_RNA,-0.023569362238049507
ARAP3_RNA,-0.023641405627131462
MSRA_RNA,-0.023693865165114403
NEK2_RNA,-0.02382282353937626
SFXN1_RNA,-0.023855019360780716
TPX2_RNA,-0.023871643468737602
APPL2_RNA,-0.023888738825917244
MYCBP_RNA,-0.023912867531180382
HMX2_RNA,-0.023929040879011154
TBC1D21_RNA,-0.023930754512548447
CRY1_RNA,-0.02397819422185421
RNF144A_RNA,-0.023998599499464035
SNX6_RNA,-0.0240094643086195
CLEC4E_RNA,-0.024011066183447838
ST3GAL6_RNA,-0.024043984711170197
TMEM81_RNA,-0.024146465584635735
ZNF330_RNA,-0.024210218340158463
CABP4_RNA,-0.024263493716716766
SNHG5_RNA,-0.024387776851654053
ZNF74_RNA,-0.02441670373082161
FANK1_RNA,-0.024519439786672592
UBQLNL_RNA,-0.024595104157924652
RIMS2_RNA,-0.02467392571270466
TGIF1_RNA,-0.024707885459065437
AEN_RNA,-0.024717047810554504
CYSLTR1_RNA,-0.024728931486606598
ACOT13_RNA,-0.024858970195055008
HMGCS2_RNA,-0.024886438623070717
BRF1_RNA,-0.024888357147574425
ENKUR_RNA,-0.024896860122680664
TMEM86A_RNA,-0.024941956624388695
TAT_RNA,-0.02497556060552597
SYT10_RNA,-0.025069965049624443
ACIN1_RNA,-0.025072487071156502
MCFD2_RNA,-0.025094574317336082
KRTCAP3_RNA,-0.025115905329585075
KLC4_RNA,-0.025224853307008743
SMCP_RNA,-0.025248205289244652
COX15_RNA,-0.025263948366045952
TPST2_RNA,-0.025290582329034805
STK11_RNA,-0.025299957022070885
IGFL4_RNA,-0.02533060871064663
NCR3_RNA,-0.02536601759493351
SEH1L_RNA,-0.025396939367055893
CTSC_RNA,-0.025400519371032715
VWC2L_RNA,-0.025499284267425537
STEAP2_RNA,-0.025504492223262787
TMEM190_RNA,-0.02551099844276905
TRIM11_RNA,-0.025545703247189522
DPT_RNA,-0.02569534257054329
TCHH_RNA,-0.025696810334920883
CLCN7_RNA,-0.025700189173221588
TBL1X_RNA,-0.025860080495476723
ULK2_RNA,-0.025891760364174843
TMEM40_RNA,-0.025894176214933395
CNTN1_RNA,-0.025960898026823997
MMRN2_RNA,-0.0259697288274765
KRT4_RNA,-0.025982825085520744
FGF3_RNA,-0.026026150211691856
CILP2_RNA,-0.026036249473690987
VNN2_RNA,-0.026078322902321815
PIF1_RNA,-0.026099149137735367
MTFR1_RNA,-0.02616872265934944
PPP2R2D_RNA,-0.026196474209427834
IHH_RNA,-0.026214035227894783
TOM1L1_RNA,-0.02624214068055153
NEU1_RNA,-0.026314731687307358
SYNM_RNA,-0.026324843987822533
NAB2_RNA,-0.026351969689130783
APOC2_RNA,-0.02645058184862137
ITGB2_RNA,-0.026503242552280426
RORC_RNA,-0.026541702449321747
PTPN1_RNA,-0.026554271578788757
NRTN_RNA,-0.026565641164779663
PIPOX_RNA,-0.026611583307385445
EEF1D_RNA,-0.02664068154990673
TMPRSS13_RNA,-0.026764150708913803
DNAJC15_RNA,-0.02677641063928604
ALOX15_RNA,-0.02678927406668663
LMNB2_RNA,-0.026807695627212524
CD300C_RNA,-0.026849307119846344
SLC6A5_RNA,-0.026853615418076515
PEX11A_RNA,-0.02688799798488617
PAGE4_RNA,-0.026944972574710846
ACTR5_RNA,-0.02694827690720558
COX8C_RNA,-0.026973644271492958
VCX_RNA,-0.0269854124635458
VASH2_RNA,-0.02698614075779915
MAGOHB_RNA,-0.02711288444697857
CRIP3_RNA,-0.02719106152653694
VWA5A_RNA,-0.02721499651670456
TNFAIP1_RNA,-0.027319734916090965
E4F1_RNA,-0.02738909050822258
NNMT_RNA,-0.027402279898524284
KRT36_RNA,-0.027406534180045128
EPS8L1_RNA,-0.027449343353509903
LYSMD4_RNA,-0.027489788830280304
NAT10_RNA,-0.02751721255481243
GSC2_RNA,-0.02754293754696846
RRP7A_RNA,-0.02764776349067688
OIP5_RNA,-0.02768302895128727
PAIP1_RNA,-0.02769748866558075
PDHA1_RNA,-0.027723243460059166
PRSS22_RNA,-0.027756836265325546
FCER1A_RNA,-0.027771318331360817
TRAFD1_RNA,-0.02785404957830906
MC3R_RNA,-0.027886783704161644
FFAR2_RNA,-0.027916694059967995
SQSTM1_RNA,-0.027937723323702812
NOX3_RNA,-0.027960749343037605
LMO7_RNA,-0.027971968054771423
DEFA4_RNA,-0.02811521291732788
SLC16A8_RNA,-0.028183110058307648
IL13RA1_RNA,-0.028195485472679138
C16orf82_RNA,-0.0282125324010849
ALDH1B1_RNA,-0.028230195865035057
RFC5_RNA,-0.0282566137611866
CLDN4_RNA,-0.028258278965950012
ACADVL_RNA,-0.0283509511500597
KHDC1L_RNA,-0.028369296342134476
MMP23B_RNA,-0.02843170054256916
CDC7_RNA,-0.028452157974243164
SLC33A1_RNA,-0.02848043106496334
EHD4_RNA,-0.02851782739162445
ANKRD49_RNA,-0.028564609587192535
LCE1E_RNA,-0.02858230099081993
NR1I2_RNA,-0.02858954295516014
JOSD1_RNA,-0.028598587960004807
LHX9_RNA,-0.028617827221751213
YY2_RNA,-0.0286507960408926
ZCCHC24_RNA,-0.028703713789582253
ACSS2_RNA,-0.02873653918504715
NTS_RNA,-0.028812283650040627
RNF2_RNA,-0.028812792152166367
INPP5F_RNA,-0.028856148943305016
TMEM41A_RNA,-0.028942324221134186
PMPCB_RNA,-0.02894323319196701
ADAM29_RNA,-0.028947779908776283
BARHL2_RNA,-0.028967073187232018
TCP1_RNA,-0.029056349769234657
ZFP91_RNA,-0.029072124511003494
TMPO_RNA,-0.029079541563987732
SNORD62B_RNA,-0.029117198660969734
ADPRH_RNA,-0.029124174267053604
PPARG_RNA,-0.02915145829319954
DUSP11_RNA,-0.0292831864207983
NDOR1_RNA,-0.029356714338064194
PPAN_RNA,-0.029417499899864197
ANLN_RNA,-0.029443010687828064
GPKOW_RNA,-0.02947630174458027
C11orf54_RNA,-0.02951993979513645
UBE2W_RNA,-0.029591422528028488
GYS1_RNA,-0.029614122584462166
C15orf40_RNA,-0.029622457921504974
FBN3_RNA,-0.029624249786138535
DCAF12L1_RNA,-0.02969401888549328
KCNG4_RNA,-0.029702704399824142
IL20_RNA,-0.029774924740195274
SALL2_RNA,-0.029778359457850456
PPEF1_RNA,-0.029802292585372925
SRP19_RNA,-0.029815291985869408
FAM53A_RNA,-0.02984604611992836
UNC13D_RNA,-0.02986273728311062
ALG1_RNA,-0.029897112399339676
IL26_RNA,-0.029915690422058105
NCOA7_RNA,-0.029949204996228218
TPPP2_RNA,-0.03000667132437229
SLC35E1_RNA,-0.03006081096827984
C3orf52_RNA,-0.030073801055550575
STX11_RNA,-0.030155405402183533
GDF3_RNA,-0.03015659563243389
MED26_RNA,-0.030199971050024033
NECAP2_RNA,-0.03023158758878708
TFB2M_RNA,-0.030280068516731262
MBTPS2_RNA,-0.030298614874482155
LONP1_RNA,-0.030358929187059402
C9orf72_RNA,-0.03037238121032715
CCL11_RNA,-0.030410392209887505
ABI1_RNA,-0.03046044148504734
PPA2_RNA,-0.030475428327918053
CBX8_RNA,-0.030538205057382584
RFPL4B_RNA,-0.030553434044122696
CRYBA4_RNA,-0.030557533726096153
HEXB_RNA,-0.03058650530874729
IL13_RNA,-0.030624622479081154
KCNN4_RNA,-0.030647506937384605
KCNK18_RNA,-0.030656998977065086
DYDC1_RNA,-0.03066975437104702
TES_RNA,-0.030698832124471664
KRTAP5-8_RNA,-0.030874626711010933
OLFML2A_RNA,-0.030887091532349586
CDH10_RNA,-0.030899418517947197
NUMB_RNA,-0.030955888330936432
CYB5D1_RNA,-0.03099631704390049
PALMD_RNA,-0.031023917719721794
SH2D4A_RNA,-0.031036142259836197
KCNE2_RNA,-0.031056683510541916
LPXN_RNA,-0.03106657974421978
OLFM4_RNA,-0.031153058633208275
MRPS16_RNA,-0.03116626851260662
TNFSF10_RNA,-0.031183112412691116
CSF3R_RNA,-0.03124871291220188
FBXO3_RNA,-0.03130272403359413
TNFSF11_RNA,-0.03133393079042435
RUNDC3B_RNA,-0.03134521469473839
P2RX4_RNA,-0.031362466514110565
NFE2L1_RNA,-0.03136862814426422
MBD4_RNA,-0.03146647289395332
MRS2_RNA,-0.03149193152785301
ZNF48_RNA,-0.031544312834739685
IER5L_RNA,-0.03156047314405441
TBC1D1_RNA,-0.03170466423034668
PLEKHA7_RNA,-0.03177999332547188
TLE6_RNA,-0.03186657652258873
KLRC1_RNA,-0.031896889209747314
MTTP_RNA,-0.03197726979851723
SLC9A6_RNA,-0.032111864537000656
POLR1C_RNA,-0.032122593373060226
ZC3HC1_RNA,-0.03213818371295929
CRY2_RNA,-0.03215218335390091
ADAM33_RNA,-0.032156892120838165
TINF2_RNA,-0.032187167555093765
FITM1_RNA,-0.03221512958407402
AK2_RNA,-0.03223930671811104
PPY_RNA,-0.032239947468042374
PI4KB_RNA,-0.03227584436535835
UCN2_RNA,-0.03229830786585808
MAN2B2_RNA,-0.03230477124452591
WNT7A_RNA,-0.03233719617128372
RPL7_RNA,-0.03235408663749695
FBXO4_RNA,-0.03241158649325371
PRF1_RNA,-0.032430533319711685
ABCD4_RNA,-0.03247904032468796
CNTROB_RNA,-0.03250322490930557
ZMYM6_RNA,-0.03252637758851051
VAPB_RNA,-0.03261784464120865
HADHA_RNA,-0.032625894993543625
TMEM167A_RNA,-0.032671600580215454
ZMYM3_RNA,-0.03283974528312683
ZSWIM2_RNA,-0.03290148451924324
FCRL4_RNA,-0.0329417884349823
CPA3_RNA,-0.03294653445482254
MAPK4_RNA,-0.03296012803912163
LRRC8A_RNA,-0.03296294063329697
SCML4_RNA,-0.032981988042593
DCUN1D4_RNA,-0.03299454599618912
MTG1_RNA,-0.03301595523953438
MT1X_RNA,-0.033019766211509705
GFRA4_RNA,-0.03303977847099304
ALKBH5_RNA,-0.03308989107608795
BTN3A3_RNA,-0.03309406340122223
GMEB2_RNA,-0.03324473276734352
TEKT2_RNA,-0.033249884843826294
PANK4_RNA,-0.03332456946372986
FDXACB1_RNA,-0.033375442028045654
HEY1_RNA,-0.03337695822119713
UPK1A_RNA,-0.03344246745109558
CCDC63_RNA,-0.03346213325858116
AXIN1_RNA,-0.03350064158439636
NPBWR1_RNA,-0.03359808772802353
NTM_RNA,-0.03360956534743309
CCT3_RNA,-0.033695947378873825
MAP1LC3C_RNA,-0.03374931588768959
SDF2_RNA,-0.03375257924199104
FDX1_RNA,-0.03383364528417587
FECH_RNA,-0.03384140133857727
HSPB9_RNA,-0.03385331854224205
CLEC12B_RNA,-0.03389787673950195
TAPBP_RNA,-0.033900186419487
DMC1_RNA,-0.034005384892225266
UNC93B1_RNA,-0.03404170647263527
TBL2_RNA,-0.03405403718352318
SAP30_RNA,-0.034188464283943176
UBQLN1_RNA,-0.0341927744448185
PPTC7_RNA,-0.034201644361019135
SEMA4C_RNA,-0.03423880413174629
SERTAD3_RNA,-0.03425530716776848
DLG3_RNA,-0.03439582884311676
CDK7_RNA,-0.034435734152793884
DHDDS_RNA,-0.03451303392648697
LIF_RNA,-0.034546859562397
KCNE4_RNA,-0.03455089032649994
HSH2D_RNA,-0.034552570432424545
BLK_RNA,-0.03464283049106598
CYP4F12_RNA,-0.03466667979955673
FDPS_RNA,-0.03468257561326027
SPRR2A_RNA,-0.034682661294937134
ARFGAP2_RNA,-0.03478003293275833
LRAT_RNA,-0.0347864031791687
MYH11_RNA,-0.034868475049734116
RPF2_RNA,-0.03487570211291313
C14orf28_RNA,-0.0349486880004406
RBM14_RNA,-0.03494882956147194
MFSD2A_RNA,-0.03494919463992119
TRPM1_RNA,-0.0349610298871994
EXOSC1_RNA,-0.03497053310275078
ITPRIP_RNA,-0.03501380980014801
ZNF215_RNA,-0.03503300994634628
CDC6_RNA,-0.035117097198963165
ALKBH6_RNA,-0.03511810675263405
VAPA_RNA,-0.035198114812374115
C1R_RNA,-0.03521738946437836
TMEM101_RNA,-0.03522889316082001
CHURC1_RNA,-0.03537526726722717
SLC35A5_RNA,-0.03538183495402336
KRTAP1-5_RNA,-0.03540307283401489
TIMP4_RNA,-0.035498954355716705
APBA2_RNA,-0.03558184951543808
FCN2_RNA,-0.03567439317703247
CLCNKA_RNA,-0.03569720685482025
DKK2_RNA,-0.03572503477334976
DNAJC2_RNA,-0.03573710843920708
LRRC55_RNA,-0.03576444461941719
TBCC_RNA,-0.03578681871294975
EVX2_RNA,-0.0358712412416935
FST_RNA,-0.03590802475810051
TTC8_RNA,-0.03591747581958771
ZNF764_RNA,-0.0359877347946167
MMP27_RNA,-0.0360000878572464
PAQR3_RNA,-0.0360882543027401
IL12B_RNA,-0.03609218820929527
CABP5_RNA,-0.03611931949853897
SHPK_RNA,-0.03614896163344383
SLC19A3_RNA,-0.036267802119255066
ABCB8_RNA,-0.03635909780859947
HMGXB4_RNA,-0.03637818992137909
KCNH5_RNA,-0.036400455981492996
ATP8B3_RNA,-0.036450523883104324
NR5A1_RNA,-0.03645199164748192
NPFFR2_RNA,-0.03648495674133301
LILRB5_RNA,-0.036499571055173874
SRPX_RNA,-0.036517638713121414
OPRM1_RNA,-0.036608267575502396
NUP37_RNA,-0.036628372967243195
SCAMP1_RNA,-0.036644186824560165
SNRPD3_RNA,-0.03664529323577881
LRRN1_RNA,-0.03666696324944496
FSTL5_RNA,-0.036727599799633026
RCSD1_RNA,-0.03677523881196976
ACSS1_RNA,-0.03686216473579407
CEBPE_RNA,-0.03687504678964615
COL22A1_RNA,-0.03691133111715317
INO80B_RNA,-0.03693743795156479
CHAC2_RNA,-0.036966849118471146
TRMT61B_RNA,-0.03699498623609543
TCOF1_RNA,-0.03700127825140953
RBM23_RNA,-0.037038661539554596
PBX4_RNA,-0.037067901343107224
MLPH_RNA,-0.03706890344619751
ANGPTL4_RNA,-0.03711988404393196
RASSF6_RNA,-0.03719320893287659
SGSM2_RNA,-0.03720959275960922
CHMP1B_RNA,-0.03727351874113083
CASC2_RNA,-0.03731357678771019
JKAMP_RNA,-0.03731644153594971
STOX1_RNA,-0.037340179085731506
MAFF_RNA,-0.03737249597907066
TM9SF4_RNA,-0.03737287595868111
LYRM2_RNA,-0.03748583048582077
DERL2_RNA,-0.03753144294023514
PYCR1_RNA,-0.03757518157362938
SLC2A5_RNA,-0.03765658289194107
PI4KA_RNA,-0.03767140582203865
ARHGEF17_RNA,-0.03769450634717941
RELN_RNA,-0.03774673864245415
CPXCR1_RNA,-0.03776632621884346
C6orf118_RNA,-0.03778481483459473
SESN1_RNA,-0.0377984419465065
C16orf86_RNA,-0.03781859576702118
CCDC121_RNA,-0.03782803192734718
TMCO4_RNA,-0.03785652294754982
OSR1_RNA,-0.03796255588531494
SNX12_RNA,-0.038020502775907516
FAM8A1_RNA,-0.038037993013858795
ANKRD37_RNA,-0.0381077341735363
RPUSD4_RNA,-0.038119953125715256
ALDH3B1_RNA,-0.03813377767801285
SLU7_RNA,-0.038225214928388596
HAO1_RNA,-0.038248706609010696
POLR3F_RNA,-0.03828037157654762
MRPL38_RNA,-0.0383976548910141
SHROOM2_RNA,-0.038633961230516434
ARHGAP25_RNA,-0.03877405449748039
SHC1_RNA,-0.03880354389548302
ABT1_RNA,-0.03884885832667351
OTOR_RNA,-0.03884945809841156
CNTN5_RNA,-0.03891617804765701
CYP2R1_RNA,-0.03898182138800621
PPHLN1_RNA,-0.03898729383945465
NTN5_RNA,-0.039015330374240875
CHRM2_RNA,-0.03907926380634308
LRRC28_RNA,-0.0390947200357914
C2orf68_RNA,-0.03911830112338066
KCTD14_RNA,-0.039135582745075226
SMPDL3B_RNA,-0.039154764264822006
CD300LF_RNA,-0.03918532282114029
SNHG1_RNA,-0.03922315314412117
NPR2_RNA,-0.03924354910850525
OTOP2_RNA,-0.039499592036008835
E2F6_RNA,-0.0395108163356781
SYS1_RNA,-0.039570972323417664
DNAJC9_RNA,-0.039577748626470566
MAPKAP1_RNA,-0.03960305079817772
CPSF4_RNA,-0.03962504491209984
CYP4F3_RNA,-0.03962918370962143
ARHGAP22_RNA,-0.03972024843096733
RASSF10_RNA,-0.03973455727100372
CYTH1_RNA,-0.039745233952999115
MKS1_RNA,-0.039870742708444595
ADAMTS7_RNA,-0.03987826406955719
NT5E_RNA,-0.03988610580563545
SHB_RNA,-0.03999323770403862
C22orf23_RNA,-0.04001303389668465
ACAD8_RNA,-0.0400317907333374
PCGF6_RNA,-0.04006803408265114
PLD2_RNA,-0.040073659271001816
ARMCX3_RNA,-0.040077365934848785
HS1BP3_RNA,-0.04012654721736908
CCNG1_RNA,-0.040160294622182846
ACBD6_RNA,-0.040213651955127716
PECAM1_RNA,-0.04024673253297806
SPTBN4_RNA,-0.04028862342238426
TDRG1_RNA,-0.040328290313482285
IRF8_RNA,-0.04034446179866791
ZC3H8_RNA,-0.04036340117454529
SLC15A4_RNA,-0.040379781275987625
TNFRSF13B_RNA,-0.04043576493859291
RNF4_RNA,-0.040467604994773865
PRX_RNA,-0.0404914952814579
NLE1_RNA,-0.04050026088953018
C4BPA_RNA,-0.040520522743463516
FBXO45_RNA,-0.0405375212430954
IQCF1_RNA,-0.04057417809963226
PARD6G_RNA,-0.040583282709121704
PLAGL1_RNA,-0.04065956175327301
EIF2B5_RNA,-0.040790531784296036
CABP2_RNA,-0.04084986448287964
NDUFA11_RNA,-0.04088108614087105
NAIF1_RNA,-0.04092666134238243
ZBTB7B_RNA,-0.041008587926626205
CLDN7_RNA,-0.04101218283176422
DYNC1I2_RNA,-0.04103195667266846
TCF19_RNA,-0.041034646332263947
SLC25A34_RNA,-0.041048288345336914
TTC33_RNA,-0.04105446860194206
KCNJ16_RNA,-0.041130583733320236
GRK5_RNA,-0.04114130139350891
C11orf91_RNA,-0.041184891015291214
ARHGEF7_RNA,-0.04121391102671623
SLC16A3_RNA,-0.041239380836486816
EMP1_RNA,-0.04127463698387146
GPR37L1_RNA,-0.0413668267428875
CD38_RNA,-0.04140116274356842
C2orf72_RNA,-0.04140521585941315
NSMCE2_RNA,-0.04141410067677498
DNAJC6_RNA,-0.04143570736050606
UBXN8_RNA,-0.04144943505525589
SAP30BP_RNA,-0.041452161967754364
PCDH10_RNA,-0.041473738849163055
SMO_RNA,-0.04148884862661362
RPN2_RNA,-0.041489601135253906
P2RX2_RNA,-0.04149038344621658
POR_RNA,-0.04153751954436302
RPUSD2_RNA,-0.041544344276189804
LIMA1_RNA,-0.041642967611551285
APOL2_RNA,-0.04164843633770943
TUBGCP2_RNA,-0.04167468100786209
C4BPB_RNA,-0.04171416163444519
TRIP6_RNA,-0.041730958968400955
E2F3_RNA,-0.04173734784126282
SHMT1_RNA,-0.041737619787454605
BSND_RNA,-0.041760027408599854
ZFYVE28_RNA,-0.041765838861465454
S100A5_RNA,-0.0417768694460392
KLHL35_RNA,-0.04178736358880997
PHF21B_RNA,-0.04179144278168678
KDM4D_RNA,-0.041895776987075806
TGDS_RNA,-0.041928667575120926
ATAD1_RNA,-0.0419570691883564
COX19_RNA,-0.04202297702431679
BCL6B_RNA,-0.04215458035469055
RAET1L_RNA,-0.042170535773038864
TP53I13_RNA,-0.042202770709991455
SPAG1_RNA,-0.04221867769956589
BAG2_RNA,-0.0422188900411129
NMT1_RNA,-0.04227757826447487
SLC34A2_RNA,-0.04229561984539032
GLIPR1_RNA,-0.04230673611164093
TFAP2D_RNA,-0.04237149655818939
DSG1_RNA,-0.04237665235996246
SIGLEC8_RNA,-0.042469002306461334
GAS8_RNA,-0.04248664900660515
COMP_RNA,-0.04251774400472641
HCP5_RNA,-0.042604099959135056
CHTF18_RNA,-0.0426563136279583
STK19_RNA,-0.04266241565346718
TDRKH_RNA,-0.04266718775033951
LRRC45_RNA,-0.042720381170511246
LY9_RNA,-0.04274279624223709
LMBR1L_RNA,-0.04275839030742645
FLT4_RNA,-0.042801640927791595
CAPN11_RNA,-0.04283857345581055
RNF121_RNA,-0.04299851134419441
COMMD1_RNA,-0.0430365651845932
TSSC4_RNA,-0.0430389940738678
DNMT3L_RNA,-0.043106190860271454
HAUS4_RNA,-0.04318200796842575
HOOK2_RNA,-0.04322485998272896
ZDHHC6_RNA,-0.043235715478658676
PPL_RNA,-0.04329373314976692
FOXP2_RNA,-0.04334406927227974
ZMPSTE24_RNA,-0.04339414834976196
PDCD2_RNA,-0.043396465480327606
PADI2_RNA,-0.04346076771616936
CASP1_RNA,-0.04348579794168472
PLCL1_RNA,-0.04351384565234184
LENG9_RNA,-0.04353713244199753
PRG2_RNA,-0.043557435274124146
FBXO16_RNA,-0.04361233487725258
RAB5A_RNA,-0.043616317212581635
ANKRD33_RNA,-0.043682802468538284
TTLL2_RNA,-0.043694160878658295
SCGB2A1_RNA,-0.043849069625139236
C8orf48_RNA,-0.04386825114488602
CCL25_RNA,-0.04387081786990166
ARHGAP9_RNA,-0.04388174042105675
TSPAN9_RNA,-0.04389343038201332
HABP2_RNA,-0.04391154646873474
TRIM68_RNA,-0.0441722646355629
CNIH4_RNA,-0.04428154230117798
CALML6_RNA,-0.04430035874247551
SPIN1_RNA,-0.04430529475212097
RAPGEF3_RNA,-0.04431724548339844
WHAMM_RNA,-0.04436199367046356
TMED4_RNA,-0.044377949088811874
HPX_RNA,-0.044389981776475906
TYSND1_RNA,-0.04452428221702576
LEFTY1_RNA,-0.04455966502428055
CLCN6_RNA,-0.04458153620362282
WDR6_RNA,-0.044586293399333954
GMPPB_RNA,-0.044602714478969574
GNB1L_RNA,-0.04460771009325981
FAM168B_RNA,-0.04461665451526642
DCLRE1B_RNA,-0.044637829065322876
IL1RL2_RNA,-0.0446772463619709
PDIA5_RNA,-0.044678062200546265
ST3GAL5_RNA,-0.04470274597406387
ARMCX6_RNA,-0.044815704226493835
HFE_RNA,-0.04489265754818916
SLC24A3_RNA,-0.044991739094257355
EIF3E_RNA,-0.04501471295952797
ZSWIM1_RNA,-0.04506237804889679
SOX4_RNA,-0.0450972355902195
SUPT3H_RNA,-0.045123569667339325
FXR2_RNA,-0.04516281560063362
TCTN1_RNA,-0.04518716409802437
YTHDF2_RNA,-0.04526034742593765
THBS4_RNA,-0.045273199677467346
BDH2_RNA,-0.045335013419389725
OGDH_RNA,-0.04535755142569542
OXT_RNA,-0.04537859559059143
DHX58_RNA,-0.04540448263287544
SPNS3_RNA,-0.04542931169271469
CCNB1_RNA,-0.045533470809459686
MICALL2_RNA,-0.045564983040094376
AP1B1_RNA,-0.045592378824949265
CCDC51_RNA,-0.04560091719031334
PLEKHH3_RNA,-0.04563293606042862
RDH8_RNA,-0.04568076133728027
MCM5_RNA,-0.04581306874752045
PLA2G4D_RNA,-0.045840635895729065
BACE1_RNA,-0.04586628079414368
SPATA17_RNA,-0.04592977464199066
KRT84_RNA,-0.04603016749024391
SPCS3_RNA,-0.046069707721471786
ZNF367_RNA,-0.04607611522078514
APOM_RNA,-0.0460965633392334
ANAPC10_RNA,-0.04610978439450264
GPR55_RNA,-0.04614285007119179
GLA_RNA,-0.046157486736774445
ESPNL_RNA,-0.046184711158275604
STAMBP_RNA,-0.046355172991752625
PDGFA_RNA,-0.04637940973043442
CDK1_RNA,-0.04639542102813721
C2CD4A_RNA,-0.04641895368695259
ANKRD16_RNA,-0.046474795788526535
SPATA8_RNA,-0.046500373631715775
VPS11_RNA,-0.04650907218456268
SLC22A11_RNA,-0.04652458801865578
ACRV1_RNA,-0.04661347717046738
INSM2_RNA,-0.04665134474635124
PAQR8_RNA,-0.04668653756380081
TTC32_RNA,-0.04677276685833931
SLC43A2_RNA,-0.04687845706939697
CCNJL_RNA,-0.0468926839530468
BFAR_RNA,-0.046938732266426086
NCCRP1_RNA,-0.046946026384830475
CD2BP2_RNA,-0.04701393097639084
ABI3BP_RNA,-0.047075673937797546
RAB8A_RNA,-0.047097403556108475
PUS3_RNA,-0.04714655131101608
KIAA1210_RNA,-0.0471523255109787
EIF5_RNA,-0.04718825966119766
GGA2_RNA,-0.04720989242196083
AGFG2_RNA,-0.047225866466760635
CCL24_RNA,-0.047240447252988815
LAP3_RNA,-0.04727809503674507
B3GALNT1_RNA,-0.04729723930358887
KLF15_RNA,-0.04729748144745827
IGSF1_RNA,-0.04734569042921066
HINT2_RNA,-0.047488629817962646
C1QA_RNA,-0.04754655435681343
FAHD2A_RNA,-0.047558680176734924
TFAP2E_RNA,-0.04759028181433678
PPP3CA_RNA,-0.047605909407138824
CXCR4_RNA,-0.04761790856719017
OSBPL7_RNA,-0.047669555991888046
AGA_RNA,-0.04768740013241768
NAT2_RNA,-0.04777142032980919
PRPH2_RNA,-0.047857921570539474
SH2D1A_RNA,-0.04787750542163849
PPP1R14B_RNA,-0.0479021854698658
WAC_RNA,-0.047951530665159225
KRT77_RNA,-0.04800352454185486
N4BP2L1_RNA,-0.048034898936748505
TERT_RNA,-0.04805833473801613
NEBL_RNA,-0.04815284535288811
ING5_RNA,-0.048201773315668106
EED_RNA,-0.04823072627186775
FCHSD2_RNA,-0.048323530703783035
TYW3_RNA,-0.0483468659222126
SGIP1_RNA,-0.04836816340684891
SLC22A9_RNA,-0.048433274030685425
CDC42SE2_RNA,-0.048435527831315994
JUNB_RNA,-0.0484762005507946
SLC26A9_RNA,-0.04850921034812927
SRGN_RNA,-0.04852401837706566
AIDA_RNA,-0.048553466796875
ARHGEF9_RNA,-0.04861477389931679
HIC1_RNA,-0.04863607883453369
PCSK9_RNA,-0.04865894839167595
IFT122_RNA,-0.048664987087249756
DDX54_RNA,-0.048665665090084076
PAGE2_RNA,-0.048679299652576447
PIK3R3_RNA,-0.048915207386016846
C17orf50_RNA,-0.04893670603632927
CEP55_RNA,-0.04894179850816727
MAPK1IP1L_RNA,-0.04897980019450188
LSM12_RNA,-0.04899262264370918
FBXO5_RNA,-0.04901636391878128
OS9_RNA,-0.049087557941675186
NCK1_RNA,-0.04917053133249283
RGS16_RNA,-0.04919619485735893
RFX4_RNA,-0.0492914654314518
MX2_RNA,-0.049338385462760925
BMP1_RNA,-0.04934094846248627
NGDN_RNA,-0.04939524829387665
ZNF785_RNA,-0.04940155893564224
DPYSL3_RNA,-0.049421388655900955
SEC31B_RNA,-0.0494464673101902
WWTR1_RNA,-0.049568355083465576
LSS_RNA,-0.04956866428256035
RBMX2_RNA,-0.04957098886370659
CWH43_RNA,-0.04961239546537399
HSPA14_RNA,-0.049625150859355927
FAM78A_RNA,-0.049660827964544296
GGNBP2_RNA,-0.04969858378171921
CAV1_RNA,-0.049718402326107025
AMDHD2_RNA,-0.049753040075302124
PCK1_RNA,-0.04981161653995514
CASP6_RNA,-0.04985637217760086
NRBF2_RNA,-0.04991887882351875
LIPA_RNA,-0.04992716386914253
ALG2_RNA,-0.049944933503866196
YIPF5_RNA,-0.049989309161901474
KCTD16_RNA,-0.04999706894159317
ATG12_RNA,-0.05001649633049965
KCNN2_RNA,-0.05002755671739578
GATA5_RNA,-0.05007289722561836
HBZ_RNA,-0.05019095540046692
RAB41_RNA,-0.050238244235515594
CREBL2_RNA,-0.05031625181436539
SKA1_RNA,-0.050328999757766724
PIK3R6_RNA,-0.05042088031768799
ANO8_RNA,-0.05044712498784065
MYBPHL_RNA,-0.05044803023338318
MCHR1_RNA,-0.05060264468193054
YPEL4_RNA,-0.050605032593011856
TMEM74_RNA,-0.0506773516535759
OAT_RNA,-0.05069256201386452
RCL1_RNA,-0.05069831386208534
NAA40_RNA,-0.05070310831069946
TUBB6_RNA,-0.05088819935917854
ANXA1_RNA,-0.05098608508706093
DCLK3_RNA,-0.051047440618276596
AIMP2_RNA,-0.05108247697353363
MED22_RNA,-0.05111632123589516
PRDM13_RNA,-0.05113011598587036
LIMS1_RNA,-0.05115050822496414
DDX19A_RNA,-0.051159922033548355
B3GNT7_RNA,-0.051309630274772644
TRPC4AP_RNA,-0.05139162763953209
GTPBP1_RNA,-0.05160399153828621
ACER1_RNA,-0.05167268589138985
NPBWR2_RNA,-0.05167939513921738
UBE2U_RNA,-0.05186412110924721
KCNQ5_RNA,-0.051904454827308655
SULT2B1_RNA,-0.05190759524703026
ACOT8_RNA,-0.051914896816015244
BRMS1_RNA,-0.05197891965508461
RPL13P5_RNA,-0.05205317586660385
SIGLEC7_RNA,-0.05206547677516937
TMEM68_RNA,-0.0521235316991806
KIF22_RNA,-0.052133094519376755
DUSP5_RNA,-0.05213429406285286
DNAJC18_RNA,-0.05222533270716667
CNGA2_RNA,-0.052261680364608765
LRRC14_RNA,-0.05230303853750229
PARP12_RNA,-0.052404362708330154
GADL1_RNA,-0.05241256579756737
GCDH_RNA,-0.05241403728723526
LRRC59_RNA,-0.05243771895766258
USP30_RNA,-0.05245472863316536
GLIS1_RNA,-0.05246609076857567
SAV1_RNA,-0.05249498784542084
IL31RA_RNA,-0.05252416804432869
DNTTIP2_RNA,-0.052562907338142395
POLL_RNA,-0.0525842122733593
ITLN1_RNA,-0.05260029062628746
NR4A1_RNA,-0.05269400030374527
LYPLAL1_RNA,-0.05273709446191788
SPATA9_RNA,-0.05275299400091171
IFT57_RNA,-0.05276117101311684
SASH3_RNA,-0.05279024690389633
WRNIP1_RNA,-0.052792154252529144
C1orf210_RNA,-0.05282972753047943
MED21_RNA,-0.05289643257856369
GNAL_RNA,-0.05291828140616417
EDA2R_RNA,-0.0529334619641304
CASP3_RNA,-0.05295373871922493
PRAMEF12_RNA,-0.05299041047692299
HSD17B13_RNA,-0.053001705557107925
CCDC61_RNA,-0.05304684862494469
MYO1C_RNA,-0.05313148722052574
TRAT1_RNA,-0.053158145397901535
ORAI2_RNA,-0.05319945886731148
CKAP2L_RNA,-0.053237706422805786
SPSB3_RNA,-0.053273625671863556
EOMES_RNA,-0.05350923165678978
EME1_RNA,-0.05350930243730545
DNAJB4_RNA,-0.05353644862771034
EIF4H_RNA,-0.053565628826618195
ZNF692_RNA,-0.05359102413058281
USF1_RNA,-0.053676482290029526
RNF14_RNA,-0.0537274107336998
COG1_RNA,-0.05374171957373619
TMEM107_RNA,-0.05377231910824776
EXOSC8_RNA,-0.05378177389502525
JPH2_RNA,-0.05390274152159691
DAGLA_RNA,-0.05395988002419472
BDKRB2_RNA,-0.05398077517747879
MTUS1_RNA,-0.05400674045085907
STS_RNA,-0.054068516939878464
ZNF622_RNA,-0.05407048761844635
LYSMD1_RNA,-0.05412580072879791
DDX19B_RNA,-0.05415219068527222
ZNRF2_RNA,-0.05418110266327858
RNASEK_RNA,-0.05419405922293663
USH1G_RNA,-0.05422617495059967
RUFY1_RNA,-0.05423274263739586
NTF3_RNA,-0.05424271151423454
ST8SIA5_RNA,-0.05424957722425461
PKD1L2_RNA,-0.054268475621938705
LMOD3_RNA,-0.05427376925945282
HNMT_RNA,-0.054320525377988815
TLE4_RNA,-0.05432942509651184
ZNF821_RNA,-0.05438462272286415
APLN_RNA,-0.05443675071001053
BACE2_RNA,-0.054437004029750824
TMC6_RNA,-0.05449366942048073
FUT1_RNA,-0.054547373205423355
SCPEP1_RNA,-0.05458274856209755
DEPDC1B_RNA,-0.05462827906012535
GALNT13_RNA,-0.05467856675386429
C11orf21_RNA,-0.054930441081523895
NUAK2_RNA,-0.05495506897568703
VTA1_RNA,-0.05501549690961838
EXOSC7_RNA,-0.05508096516132355
TESK2_RNA,-0.05510277673602104
LDLRAD3_RNA,-0.055129099637269974
ART5_RNA,-0.05513279512524605
LIPT2_RNA,-0.0552077516913414
IL1A_RNA,-0.055209603160619736
TNFRSF21_RNA,-0.05521541088819504
TREML1_RNA,-0.05530896410346031
VPS39_RNA,-0.05536544695496559
MLC1_RNA,-0.055375080555677414
OBSL1_RNA,-0.05540022999048233
BAHCC1_RNA,-0.05547609552741051
LSM6_RNA,-0.055564139038324356
FBXL3_RNA,-0.05557403713464737
CTHRC1_RNA,-0.055606745183467865
PITPNM2_RNA,-0.05563882738351822
BCL6_RNA,-0.05564739927649498
DLD_RNA,-0.05567305535078049
B4GALT4_RNA,-0.05580035597085953
TM2D1_RNA,-0.055841244757175446
TRMT61A_RNA,-0.055847302079200745
VWA3A_RNA,-0.05588102340698242
PHLDA1_RNA,-0.05592075735330582
SLIT2_RNA,-0.05596686899662018
GTF2F2_RNA,-0.056064706295728683
ZNF326_RNA,-0.05611377954483032
EVPL_RNA,-0.05613882839679718
TSPYL5_RNA,-0.056157421320676804
PAICS_RNA,-0.056255824863910675
GPR176_RNA,-0.05627056211233139
ACSL5_RNA,-0.05640481412410736
ABHD13_RNA,-0.05645494908094406
CAP1_RNA,-0.05646180361509323
ARL5C_RNA,-0.056464824825525284
PLCD1_RNA,-0.056468039751052856
TMBIM6_RNA,-0.056500423699617386
RAPGEF1_RNA,-0.05655983090400696
TLX2_RNA,-0.05658601596951485
EPB41L3_RNA,-0.05660942569375038
FAM110B_RNA,-0.05663309618830681
SNX4_RNA,-0.05663633719086647
SNRPB_RNA,-0.05671827867627144
ARL1_RNA,-0.05674722418189049
SIGLEC12_RNA,-0.05674798786640167
UBE2E1_RNA,-0.05681823566555977
SUPT7L_RNA,-0.05683273822069168
TREX2_RNA,-0.05688972771167755
GSTO2_RNA,-0.05693573132157326
MGC16275_RNA,-0.0570327490568161
ISL1_RNA,-0.057066500186920166
CCDC22_RNA,-0.05719689279794693
DNAJA2_RNA,-0.05721522495150566
CLEC10A_RNA,-0.0572236031293869
SPHK1_RNA,-0.05730115622282028
C11orf86_RNA,-0.05730590224266052
DDX24_RNA,-0.057312823832035065
CSRNP2_RNA,-0.05739276483654976
RPAP1_RNA,-0.05739897862076759
PYY_RNA,-0.05740687996149063
LRP10_RNA,-0.05754902586340904
DAGLB_RNA,-0.05756951496005058
DYNC1LI1_RNA,-0.057570405304431915
INTS5_RNA,-0.057584308087825775
TUBA1C_RNA,-0.05761178582906723
TSPAN10_RNA,-0.05764478072524071
TSGA10IP_RNA,-0.057649992406368256
SLC16A14_RNA,-0.05767371505498886
CCNC_RNA,-0.05769601836800575
OPA3_RNA,-0.05772445723414421
FIBIN_RNA,-0.05773385986685753
IL21R_RNA,-0.057761773467063904
LUZP2_RNA,-0.057768985629081726
CUL1_RNA,-0.057817019522190094
SURF4_RNA,-0.05782685428857803
KLF6_RNA,-0.05785044655203819
KIAA0513_RNA,-0.05787006765604019
CTSH_RNA,-0.057947780936956406
GPX7_RNA,-0.05796964839100838
MYB_RNA,-0.0579739548265934
VPS33A_RNA,-0.05799596384167671
PPP1R15A_RNA,-0.05799950659275055
PIGC_RNA,-0.05802181735634804
MYOM1_RNA,-0.05816594883799553
RNF38_RNA,-0.05819180607795715
PRPF6_RNA,-0.058230217546224594
MRGPRX4_RNA,-0.05824274569749832
TPSG1_RNA,-0.05826495587825775
PAK1IP1_RNA,-0.05835561454296112
SLC16A5_RNA,-0.05838539078831673
PAX9_RNA,-0.0583859346807003
DEFB1_RNA,-0.05843818560242653
GEMIN6_RNA,-0.05849563702940941
FMO3_RNA,-0.05855710431933403
C8orf58_RNA,-0.05857113376259804
RAB17_RNA,-0.05875718221068382
AKR7A2_RNA,-0.05885552987456322
WWOX_RNA,-0.05890500172972679
LGI2_RNA,-0.05906911566853523
PPRC1_RNA,-0.05910009518265724
F7_RNA,-0.059129323810338974
COX18_RNA,-0.05918664485216141
FAM3D_RNA,-0.059215422719717026
TRIM39_RNA,-0.05922461673617363
YY1_RNA,-0.05923667177557945
RUNDC1_RNA,-0.059252239763736725
GPBAR1_RNA,-0.05926990509033203
KREMEN1_RNA,-0.059322163462638855
ELOVL5_RNA,-0.0593370646238327
ALDH5A1_RNA,-0.05946589261293411
STX2_RNA,-0.05946727842092514
KIFC3_RNA,-0.059477053582668304
FBLN2_RNA,-0.059482213109731674
RAPGEF4_RNA,-0.059539441019296646
PDZRN3_RNA,-0.05962065979838371
PTTG1IP_RNA,-0.05962326005101204
PPP2R5D_RNA,-0.05969974771142006
CDX2_RNA,-0.0597161129117012
CHD3_RNA,-0.05972442030906677
CTSK_RNA,-0.059778135269880295
KRT1_RNA,-0.05980050191283226
MTA3_RNA,-0.059821415692567825
CSF1R_RNA,-0.05982542783021927
APOOL_RNA,-0.05987738445401192
NGFR_RNA,-0.059884119778871536
SPSB1_RNA,-0.05988819897174835
DAND5_RNA,-0.05998203158378601
IQCK_RNA,-0.06003215163946152
ABCF3_RNA,-0.06003255769610405
UGT2B7_RNA,-0.06006688252091408
KIF1A_RNA,-0.060117803514003754
LRRC3B_RNA,-0.060208432376384735
TARBP2_RNA,-0.0602259561419487
LLGL2_RNA,-0.0603308379650116
RAD54L_RNA,-0.06036002188920975
PNPLA7_RNA,-0.0604044646024704
QSOX1_RNA,-0.060406677424907684
SCP2_RNA,-0.060419972985982895
PMF1_RNA,-0.06045173853635788
GPX8_RNA,-0.060466326773166656
NAGLU_RNA,-0.0605003647506237
GNA14_RNA,-0.0605449452996254
SPIN2B_RNA,-0.06056443229317665
SMPD2_RNA,-0.06060207262635231
SLC28A3_RNA,-0.06061164289712906
RABL3_RNA,-0.06065796688199043
AP3D1_RNA,-0.06069304421544075
SLC39A2_RNA,-0.06070687621831894
SLC25A33_RNA,-0.060758356004953384
SNW1_RNA,-0.06083953380584717
FUCA2_RNA,-0.06088614836335182
ACADS_RNA,-0.060909073799848557
CAPZA1_RNA,-0.06090961769223213
SLITRK3_RNA,-0.06094798073172569
GPR31_RNA,-0.06095363572239876
ANO5_RNA,-0.06096246838569641
KIFAP3_RNA,-0.06103990599513054
PTPN9_RNA,-0.06104712560772896
SCUBE1_RNA,-0.06106330081820488
ADRA1D_RNA,-0.06106732413172722
MSL1_RNA,-0.06112239137291908
SERPINH1_RNA,-0.06116139888763428
EZH2_RNA,-0.06138968840241432
SEC61A1_RNA,-0.061413295567035675
RFXANK_RNA,-0.061415985226631165
ACSM5_RNA,-0.061500996351242065
TRPV1_RNA,-0.06150713562965393
ZCCHC9_RNA,-0.06156272068619728
VASP_RNA,-0.06173240765929222
TBC1D20_RNA,-0.06187989190220833
RET_RNA,-0.06190933287143707
FGF21_RNA,-0.061916500329971313
CENPK_RNA,-0.06193220615386963
TNNT3_RNA,-0.06198878586292267
DPH2_RNA,-0.06203000992536545
GUCA1B_RNA,-0.06205118075013161
SMARCA4_RNA,-0.06209990754723549
ZBTB4_RNA,-0.06214553862810135
DDX23_RNA,-0.06214820221066475
TBC1D10A_RNA,-0.062194690108299255
TACR1_RNA,-0.062196034938097
GAST_RNA,-0.06222905218601227
STBD1_RNA,-0.062239691615104675
MUC4_RNA,-0.06225569546222687
PPP1R10_RNA,-0.062270861119031906
MADD_RNA,-0.0623895563185215
HMX3_RNA,-0.06240297481417656
SHCBP1_RNA,-0.062443431466817856
TMEM19_RNA,-0.06247216835618019
LPAR1_RNA,-0.06254905462265015
SIRT4_RNA,-0.06261599063873291
PRPF31_RNA,-0.06261633336544037
CSTF3_RNA,-0.06269146502017975
ERICH1_RNA,-0.06271230429410934
CEBPG_RNA,-0.06280054152011871
P2RX3_RNA,-0.06289330869913101
RAD51C_RNA,-0.06293383985757828
TMEM156_RNA,-0.06293412297964096
FAM83G_RNA,-0.06296654045581818
CYTH3_RNA,-0.06303128600120544
SLC43A1_RNA,-0.06305930018424988
ESX1_RNA,-0.06321871280670166
PSMD7_RNA,-0.06325998157262802
ADCY4_RNA,-0.06334593892097473
GAD1_RNA,-0.06336630880832672
ENTHD1_RNA,-0.06337899714708328
IFI44_RNA,-0.06340397894382477
DMRTB1_RNA,-0.06345907598733902
OTUD1_RNA,-0.06346985697746277
AVPR1B_RNA,-0.06348513811826706
HAT1_RNA,-0.06352534890174866
CCKAR_RNA,-0.06356337666511536
C17orf67_RNA,-0.06358182430267334
WDR46_RNA,-0.06360817700624466
TRPC3_RNA,-0.063667431473732
KRTAP5-6_RNA,-0.06367436051368713
CKAP2_RNA,-0.06376703828573227
ADORA2B_RNA,-0.0637841522693634
GAL3ST2_RNA,-0.06379334628582001
GTPBP2_RNA,-0.0638161227107048
ESRRA_RNA,-0.06395351886749268
DGCR2_RNA,-0.06395895779132843
NADK_RNA,-0.06402479857206345
LUC7L_RNA,-0.06405732035636902
POMGNT1_RNA,-0.06416594982147217
CIAO1_RNA,-0.06429265439510345
VKORC1L1_RNA,-0.0642952024936676
KRT15_RNA,-0.06437243521213531
ADAMTS13_RNA,-0.0643841028213501
ITFG1_RNA,-0.06440882384777069
CCDC122_RNA,-0.06442029029130936
ACTL6A_RNA,-0.06448688358068466
CCT6B_RNA,-0.06453513354063034
MRPL17_RNA,-0.06454380601644516
SGPP1_RNA,-0.06459784507751465
SH2D6_RNA,-0.06461461633443832
DAG1_RNA,-0.06463980674743652
HOXA6_RNA,-0.06469687819480896
CA6_RNA,-0.06476589292287827
ATPAF2_RNA,-0.06481043994426727
AKAP3_RNA,-0.0648145079612732
MZF1_RNA,-0.0648411437869072
PRTFDC1_RNA,-0.0648631826043129
XBP1_RNA,-0.06487222015857697
WNT11_RNA,-0.06491459906101227
PTX3_RNA,-0.0649324283003807
SPTBN2_RNA,-0.06493766605854034
D2HGDH_RNA,-0.06495524942874908
ANK1_RNA,-0.06497284024953842
ADD1_RNA,-0.06499592214822769
MRPL39_RNA,-0.06518351286649704
TAPT1_RNA,-0.0652524009346962
TRPV4_RNA,-0.06527872383594513
KHDRBS3_RNA,-0.06531734019517899
SNX20_RNA,-0.065388023853302
ERBB3_RNA,-0.06540361791849136
TEAD2_RNA,-0.06544637680053711
SLC6A3_RNA,-0.06546326726675034
EPDR1_RNA,-0.06555984914302826
TUFT1_RNA,-0.06558605283498764
ZIC5_RNA,-0.06565273553133011
HMGCL_RNA,-0.06575942039489746
HBEGF_RNA,-0.06579090654850006
BRD3_RNA,-0.06579886376857758
NDC80_RNA,-0.06580577790737152
LARP1_RNA,-0.06583190709352493
HOPX_RNA,-0.06592067331075668
PCID2_RNA,-0.06593076139688492
EXOSC9_RNA,-0.06596076488494873
LACTB_RNA,-0.06601396203041077
SF3A3_RNA,-0.06602071970701218
RTN4IP1_RNA,-0.0660218745470047
SNAPC1_RNA,-0.06603088229894638
ARMCX1_RNA,-0.06603846698999405
IQCG_RNA,-0.06604108214378357
OLFML2B_RNA,-0.0661512017250061
TXNDC15_RNA,-0.06616901606321335
HAS3_RNA,-0.066216379404068
ZCWPW1_RNA,-0.06624756008386612
PSAP_RNA,-0.06629660725593567
SCGN_RNA,-0.06629939377307892
TRAF1_RNA,-0.0663139820098877
SPOCK2_RNA,-0.06635552644729614
NDUFV3_RNA,-0.06638864427804947
CD3G_RNA,-0.06640219688415527
KLRG1_RNA,-0.06644712388515472
HYLS1_RNA,-0.06649614125490189
NAE1_RNA,-0.06651066243648529
MICAL1_RNA,-0.06654606759548187
MYL7_RNA,-0.06661419570446014
HBM_RNA,-0.06661861389875412
ERGIC1_RNA,-0.06665141880512238
LYN_RNA,-0.0666864812374115
LCA5L_RNA,-0.06669850647449493
EWSR1_RNA,-0.06675621122121811
CACNA2D1_RNA,-0.06682185083627701
LIX1_RNA,-0.06687001883983612
TRUB2_RNA,-0.06687352806329727
RNF8_RNA,-0.0668768584728241
ARHGAP4_RNA,-0.06688307225704193
MRPS27_RNA,-0.06689585000276566
SIRT7_RNA,-0.0669170618057251
UFM1_RNA,-0.0669451355934143
CD1E_RNA,-0.0669461041688919
ATOH8_RNA,-0.06697311252355576
MEX3A_RNA,-0.06697583198547363
HGFAC_RNA,-0.06698646396398544
ST6GAL1_RNA,-0.06703294068574905
CD83_RNA,-0.06703326851129532
SLC13A3_RNA,-0.0671035498380661
CLDN3_RNA,-0.06710868328809738
CD6_RNA,-0.06711319833993912
PLEK2_RNA,-0.06719376146793365
PTPRH_RNA,-0.06723993271589279
BCCIP_RNA,-0.06726851314306259
FOXD3_RNA,-0.06728337705135345
C2CD4B_RNA,-0.06728551536798477
ALG8_RNA,-0.06730111688375473
RFC3_RNA,-0.06736230850219727
PLEKHG2_RNA,-0.06737297028303146
PRL_RNA,-0.06738577783107758
SARDH_RNA,-0.06745244562625885
HSPD1_RNA,-0.06756357848644257
TNFAIP6_RNA,-0.06764667481184006
DUSP28_RNA,-0.06764889508485794
INHA_RNA,-0.06770413368940353
PWP1_RNA,-0.06775480508804321
OSTM1_RNA,-0.06778574734926224
TRAF2_RNA,-0.06780088692903519
OSGEP_RNA,-0.0679042786359787
EIF5A2_RNA,-0.06794902682304382
SNX5_RNA,-0.0679519847035408
CD1B_RNA,-0.06809160113334656
SCIN_RNA,-0.06811606138944626
LRCH4_RNA,-0.06812980026006699
COQ10B_RNA,-0.06815171241760254
PTPN12_RNA,-0.06823098659515381
GALR2_RNA,-0.0682356059551239
POFUT2_RNA,-0.06824753433465958
SLC1A4_RNA,-0.06825445592403412
FAM47E_RNA,-0.06834101676940918
TBX18_RNA,-0.06839053332805634
IGF2BP1_RNA,-0.06841737776994705
PAPSS1_RNA,-0.06844648718833923
ARRDC1_RNA,-0.06858910620212555
LMX1B_RNA,-0.06863494217395782
LY6K_RNA,-0.06866580247879028
CCNG2_RNA,-0.06876463443040848
NUBP1_RNA,-0.06881261616945267
UCHL5_RNA,-0.06884028762578964
TLX1NB_RNA,-0.06893930584192276
CD47_RNA,-0.06895960122346878
AFAP1L2_RNA,-0.06896120309829712
NECAB3_RNA,-0.06897866725921631
GULP1_RNA,-0.06898753345012665
NAT1_RNA,-0.06899621337652206
KIAA0040_RNA,-0.06900697946548462
YAF2_RNA,-0.06903290748596191
CCDC40_RNA,-0.06904733180999756
BIN2_RNA,-0.06908652186393738
LRRTM1_RNA,-0.06917009502649307
MKRN1_RNA,-0.0692022442817688
NIPAL3_RNA,-0.0692029744386673
KLF10_RNA,-0.06926407665014267
ZNRF4_RNA,-0.06931713223457336
MCM3_RNA,-0.06938853859901428
TEX11_RNA,-0.0694049820303917
ANKRD2_RNA,-0.06942964345216751
TNIP3_RNA,-0.06942985951900482
DMRTA2_RNA,-0.06943714618682861
PKNOX1_RNA,-0.06946535408496857
CETP_RNA,-0.06948807835578918
MIR324_RNA,-0.06950376182794571
ADAMTSL5_RNA,-0.06951704621315002
MYT1_RNA,-0.06955592334270477
MAGEB2_RNA,-0.06957057863473892
LZTS1_RNA,-0.06957529485225677
AHSP_RNA,-0.069610096514225
GTF2H4_RNA,-0.06963137537240982
BMP7_RNA,-0.06963642686605453
GRIK4_RNA,-0.06965643167495728
SRPRB_RNA,-0.06967590749263763
LRRC41_RNA,-0.06967642158269882
CLCA2_RNA,-0.06970483064651489
SPRR2D_RNA,-0.06972560286521912
ASB9_RNA,-0.06978675723075867
SLC25A27_RNA,-0.06978937983512878
DRAM1_RNA,-0.06980159133672714
CACNA1E_RNA,-0.06985052675008774
CTSF_RNA,-0.06989625841379166
TMED1_RNA,-0.06994549185037613
TNFSF13B_RNA,-0.0699625089764595
ATG9A_RNA,-0.07011829316616058
MED8_RNA,-0.07020110636949539
TRAF3IP1_RNA,-0.07024634629487991
RD3_RNA,-0.07025163620710373
FAM180B_RNA,-0.0703432559967041
NTRK2_RNA,-0.07051144540309906
LANCL2_RNA,-0.07060854136943817
ARMC6_RNA,-0.07065695524215698
TTC24_RNA,-0.07066293060779572
VTI1B_RNA,-0.07076200097799301
PYROXD2_RNA,-0.07076636701822281
MCEE_RNA,-0.07078418135643005
PTRH2_RNA,-0.0709439292550087
CCHCR1_RNA,-0.07097531110048294
FOXH1_RNA,-0.07098211348056793
MKNK2_RNA,-0.07099510729312897
BRD8_RNA,-0.07108083367347717
PRPF38A_RNA,-0.07115184515714645
IGF2BP2_RNA,-0.07118567079305649
FLAD1_RNA,-0.07123412191867828
ZFAND6_RNA,-0.07137486338615417
ASIP_RNA,-0.07141926139593124
MICB_RNA,-0.07145562767982483
TBX2_RNA,-0.07147052139043808
PAIP2B_RNA,-0.07147552818059921
CORO1C_RNA,-0.07157742977142334
MAP3K9_RNA,-0.07159151881933212
TRIM36_RNA,-0.07160710543394089
C8G_RNA,-0.07163508981466293
PHF13_RNA,-0.0717037096619606
PLEKHG4B_RNA,-0.0717165544629097
SAP30L_RNA,-0.07173877954483032
TBC1D22A_RNA,-0.07176058739423752
AGRN_RNA,-0.07177922874689102
TRMU_RNA,-0.0717809870839119
CRH_RNA,-0.07186798006296158
SORD_RNA,-0.07187502831220627
RRAD_RNA,-0.07191026210784912
FGF19_RNA,-0.07195205241441727
ANO10_RNA,-0.07197503745555878
PCYT1B_RNA,-0.07202177494764328
NIPAL1_RNA,-0.07222307473421097
TBP_RNA,-0.07224556803703308
SLC6A1_RNA,-0.07230398803949356
ALKBH4_RNA,-0.07231611758470535
GBA2_RNA,-0.07236506789922714
MICA_RNA,-0.07237736135721207
ADIG_RNA,-0.07245484739542007
SPRY4_RNA,-0.07254109531641006
ALDH1L1_RNA,-0.07254143804311752
NKIRAS1_RNA,-0.07264267653226852
CLK2_RNA,-0.07268770039081573
S100A3_RNA,-0.07272797077894211
VWDE_RNA,-0.07277490198612213
BRD7_RNA,-0.07282412052154541
PDCD7_RNA,-0.07290701568126678
RGL2_RNA,-0.07298401743173599
TIE1_RNA,-0.07301457226276398
ODF1_RNA,-0.07302669435739517
CENPN_RNA,-0.07303108274936676
FHOD1_RNA,-0.07303298264741898
CNPY4_RNA,-0.07317635416984558
POU3F3_RNA,-0.0731891542673111
SLC27A5_RNA,-0.07319618761539459
MPP7_RNA,-0.07322095334529877
ARF6_RNA,-0.07323712855577469
NOS2_RNA,-0.07325390726327896
SLC27A6_RNA,-0.07325616478919983
CCR1_RNA,-0.07325915992259979
CLDN16_RNA,-0.0732652023434639
TSPAN1_RNA,-0.07327064126729965
MRAS_RNA,-0.07329598814249039
ASPSCR1_RNA,-0.07346320152282715
C10orf88_RNA,-0.07358171045780182
MLLT6_RNA,-0.07363826036453247
SLC22A15_RNA,-0.07364985346794128
UBE2Q2_RNA,-0.07365813851356506
C19orf47_RNA,-0.07368216663599014
MRPS23_RNA,-0.07368279248476028
LGALS3BP_RNA,-0.07368872314691544
CHAF1A_RNA,-0.07371093332767487
MACROD2_RNA,-0.07375236600637436
PGF_RNA,-0.07375649362802505
POLB_RNA,-0.07381037622690201
HOXD12_RNA,-0.07388440519571304
ARMC1_RNA,-0.07390107959508896
BTNL9_RNA,-0.07392134517431259
TRAIP_RNA,-0.07392671704292297
LAMC3_RNA,-0.07396292686462402
CPA2_RNA,-0.07399468123912811
MAPK8IP3_RNA,-0.07402143627405167
CNTNAP1_RNA,-0.07402502745389938
SGCE_RNA,-0.07403221726417542
P2RX6_RNA,-0.07407236844301224
AMIGO1_RNA,-0.07407432794570923
TBX21_RNA,-0.0741623044013977
CSNK2A2_RNA,-0.0741826668381691
OLAH_RNA,-0.07424334436655045
C19orf12_RNA,-0.07424452155828476
PC_RNA,-0.0742902085185051
AHCYL1_RNA,-0.07439765334129333
BMP3_RNA,-0.07443481683731079
WASF3_RNA,-0.07445556670427322
FXYD3_RNA,-0.0744769349694252
BPI_RNA,-0.0745048075914383
PARVA_RNA,-0.07459189742803574
NFATC2IP_RNA,-0.07459494471549988
UTP18_RNA,-0.07461037486791611
UBXN4_RNA,-0.07466138899326324
TOM1L2_RNA,-0.0746661052107811
CCS_RNA,-0.07482326775789261
SLC25A43_RNA,-0.07485263049602509
BRIX1_RNA,-0.07486245781183243
LGALS4_RNA,-0.07488638162612915
IFRD2_RNA,-0.0749162882566452
FTSJ1_RNA,-0.07504932582378387
PTGER2_RNA,-0.07511948049068451
USP5_RNA,-0.07516730576753616
TSPAN12_RNA,-0.07516900449991226
SERBP1_RNA,-0.0751788392663002
PLEKHG5_RNA,-0.0751950740814209
PPP2R2B_RNA,-0.0752430111169815
STAU1_RNA,-0.07524680346250534
IL12RB1_RNA,-0.0752776637673378
HCG11_RNA,-0.07534068077802658
SGCA_RNA,-0.07541167736053467
MPHOSPH8_RNA,-0.0754488855600357
KIF26A_RNA,-0.07552887499332428
RNF114_RNA,-0.0755457878112793
FNDC8_RNA,-0.0755833238363266
UBE2O_RNA,-0.07565728574991226
KLHL7_RNA,-0.07575105130672455
RETN_RNA,-0.07582641392946243
MYO18B_RNA,-0.07583276182413101
TTC29_RNA,-0.0758456215262413
KIR3DL1_RNA,-0.07591909915208817
CHST10_RNA,-0.0759768858551979
DAP3_RNA,-0.07605605572462082
SVOPL_RNA,-0.07607006281614304
MIB2_RNA,-0.07608478516340256
CCT2_RNA,-0.07609660178422928
PKP4_RNA,-0.07610778510570526
AMPD2_RNA,-0.07611960917711258
FRMPD4_RNA,-0.07614630460739136
HAND1_RNA,-0.07614665478467941
C4orf33_RNA,-0.07621156424283981
CALCOCO1_RNA,-0.07632353901863098
ZWILCH_RNA,-0.07633543759584427
ABCB9_RNA,-0.07638441026210785
GCKR_RNA,-0.07639013975858688
OSCP1_RNA,-0.07642320543527603
GALE_RNA,-0.0764397382736206
TMEM215_RNA,-0.07647529244422913
ABCF1_RNA,-0.07649163156747818
PROKR1_RNA,-0.0765644982457161
TTC7A_RNA,-0.07662636786699295
ZNF280A_RNA,-0.07664169371128082
MAPRE1_RNA,-0.07664955407381058
RSAD2_RNA,-0.07677975296974182
SMYD3_RNA,-0.0768294408917427
BAD_RNA,-0.07689935714006424
EIF3M_RNA,-0.076908014714717865
CSF1_RNA,-0.0769197940826416
SLC2A1_RNA,-0.07692016661167145
IDH2_RNA,-0.07692816853523254
SQLE_RNA,-0.07694626599550247
DDIT4L_RNA,-0.07696547359228134
DUS3L_RNA,-0.07697588205337524
RANBP10_RNA,-0.07705377787351608
TMEM123_RNA,-0.07707687467336655
AP1AR_RNA,-0.07718662917613983
ANTXR1_RNA,-0.07722094655036926
LIX1L_RNA,-0.07724084705114365
DNAH2_RNA,-0.07726658880710602
SLC35D3_RNA,-0.07727568596601486
PABPC1L_RNA,-0.07729759812355042
TGOLN2_RNA,-0.07733460515737534
RPL11_RNA,-0.07744836062192917
SMUG1_RNA,-0.07755601406097412
UNK_RNA,-0.07758749276399612
SNAPC4_RNA,-0.07760553807020187
HOXD4_RNA,-0.07772649079561234
NKX2-8_RNA,-0.07774845510721207
MAFA_RNA,-0.0777679830789566
TMEM132E_RNA,-0.0779329314827919
GFAP_RNA,-0.07794683426618576
SBK2_RNA,-0.07795559614896774
RPS6KA2_RNA,-0.07796549052000046
FBXL19_RNA,-0.07800432294607162
FJX1_RNA,-0.07810456305742264
DYSF_RNA,-0.078128911554813385
VILL_RNA,-0.07814318686723709
RPL10L_RNA,-0.07815595716238022
DOT1L_RNA,-0.0781797468662262
IL15RA_RNA,-0.07818147540092468
MITD1_RNA,-0.07820527255535126
HK1_RNA,-0.07824607938528061
C3orf33_RNA,-0.07827739417552948
STAT6_RNA,-0.07831354439258575
TCF25_RNA,-0.07832462340593338
NAT9_RNA,-0.07833711057901382
RNF212_RNA,-0.07836903631687164
STAT4_RNA,-0.07839649170637131
ASCC1_RNA,-0.07842189818620682
RBM27_RNA,-0.07848645001649857
PAWR_RNA,-0.07856233417987823
DDX49_RNA,-0.0785910114645958
RBM4B_RNA,-0.07859779894351959
CDH7_RNA,-0.07862704992294312
MTPN_RNA,-0.07865092158317566
FZR1_RNA,-0.07869525998830795
ITLN2_RNA,-0.0787215307354927
MOSPD1_RNA,-0.07874958962202072
OCRL_RNA,-0.07886692136526108
SAT1_RNA,-0.07894818484783173
SLC4A10_RNA,-0.07901765406131744
PSORS1C2_RNA,-0.07902675122022629
CPNE4_RNA,-0.0790516585111618
TMBIM4_RNA,-0.07908180356025696
MAS1_RNA,-0.07911352068185806
JDP2_RNA,-0.0792011097073555
TMEM47_RNA,-0.07921210676431656
NFIL3_RNA,-0.07925254106521606
SCEL_RNA,-0.07926298677921295
KCTD7_RNA,-0.07934941351413727
HEPACAM2_RNA,-0.07935264706611633
SEL1L2_RNA,-0.0793779119849205
PSMD6_RNA,-0.07940249890089035
HDAC10_RNA,-0.07942628860473633
ZSCAN10_RNA,-0.07945558428764343
TGFA_RNA,-0.07946684211492538
SFXN4_RNA,-0.07946915924549103
LCE1C_RNA,-0.07948136329650879
CPM_RNA,-0.07948154956102371
OVOL2_RNA,-0.07957758009433746
SCRN2_RNA,-0.07966483384370804
C22orf31_RNA,-0.07968319952487946
TAPBPL_RNA,-0.0797237679362297
TMEM80_RNA,-0.07978079468011856
RPS6KA1_RNA,-0.07981441169977188
BRCC3_RNA,-0.07986091822385788
VRK3_RNA,-0.0798627957701683
PSMC2_RNA,-0.07989956438541412
GIMAP4_RNA,-0.08006095886230469
ROPN1B_RNA,-0.08017947524785995
CGB7_RNA,-0.08018670976161957
PNPLA6_RNA,-0.08020813763141632
AUTS2_RNA,-0.08023110032081604
FABP1_RNA,-0.08027082681655884
COPS2_RNA,-0.08030948787927628
TNNI2_RNA,-0.08031299710273743
CAMK1_RNA,-0.0803670659661293
PGK1_RNA,-0.08044502884149551
CALR_RNA,-0.08047165721654892
MOGAT2_RNA,-0.08052430301904678
LRRFIP1_RNA,-0.08052924275398254
DHRS3_RNA,-0.08052971959114075
UBIAD1_RNA,-0.08060858398675919
NME1_RNA,-0.08067552745342255
SLC7A7_RNA,-0.08083117753267288
DCAF11_RNA,-0.08086028695106506
FCGRT_RNA,-0.08087711036205292
BEST1_RNA,-0.08088542520999908
YIPF2_RNA,-0.08091691136360168
IPCEF1_RNA,-0.08092992752790451
GRIN2C_RNA,-0.08098103106021881
NEURL3_RNA,-0.0810062363743782
WWC1_RNA,-0.08102044463157654
ELF3_RNA,-0.08104488998651505
ADIPOR2_RNA,-0.08108483999967575
C2orf69_RNA,-0.08112242817878723
IDH3B_RNA,-0.08120886981487274
ISG20_RNA,-0.08128220587968826
CYB5B_RNA,-0.08138658106327057
OGFOD1_RNA,-0.08143012970685959
ICA1_RNA,-0.08145676553249359
CPA5_RNA,-0.08147253096103668
CREB3L4_RNA,-0.08149193227291107
INHBB_RNA,-0.08158262819051743
FCRL5_RNA,-0.08165396749973297
PLA2G15_RNA,-0.08170332759618759
TCTN3_RNA,-0.0817473828792572
TMC7_RNA,-0.08179693669080734
DCAF12_RNA,-0.0819491446018219
RAI1_RNA,-0.081993468105793
CITED1_RNA,-0.08200068771839142
CEACAM21_RNA,-0.0820038691163063
CORT_RNA,-0.08205851912498474
ACRBP_RNA,-0.08211439847946167
DCP1B_RNA,-0.0821470096707344
DSN1_RNA,-0.08220826834440231
PFKP_RNA,-0.08222658187150955
DCAF8_RNA,-0.08226639032363892
PPP1R8_RNA,-0.08230895549058914
GPSM1_RNA,-0.08230957388877869
GABARAP_RNA,-0.08241256326436996
RAD23B_RNA,-0.08244071900844574
PCGF1_RNA,-0.08247481286525726
NKX6-3_RNA,-0.08249396830797195
IFNG_RNA,-0.08250536024570465
SLAMF1_RNA,-0.08251316845417023
AXIN2_RNA,-0.08256424218416214
AIRE_RNA,-0.08260715752840042
PDHB_RNA,-0.08262716978788376
GABRP_RNA,-0.08264867216348648
NDUFV1_RNA,-0.08267809450626373
HES3_RNA,-0.08268779516220093
SLC35B3_RNA,-0.08272804319858551
RAE1_RNA,-0.08277171105146408
IRF5_RNA,-0.08282135426998138
SPAG16_RNA,-0.08282209187746048
MSTN_RNA,-0.08284537494182587
TMCO1_RNA,-0.08289623260498047
MTUS2_RNA,-0.08289685100317001
MAP3K13_RNA,-0.08297289907932281
SULF2_RNA,-0.08300641924142838
ACTN4_RNA,-0.08306999504566193
TRIOBP_RNA,-0.08308269828557968
CLIC5_RNA,-0.0830964595079422
HIVEP3_RNA,-0.08311015367507935
ELAC2_RNA,-0.08313926309347153
C9orf50_RNA,-0.0831688866019249
OR1F1_RNA,-0.08317181468009949
HHAT_RNA,-0.08322130143642426
CYP39A1_RNA,-0.08323007822036743
CMPK2_RNA,-0.08324357867240906
NXPH3_RNA,-0.08326772600412369
CXXC4_RNA,-0.08328603953123093
LGALS7_RNA,-0.08330696076154709
C1QTNF5_RNA,-0.08331530541181564
CT45A1_RNA,-0.08333101868629456
ISM2_RNA,-0.08342886716127396
GORASP1_RNA,-0.0834294930100441
EMILIN3_RNA,-0.08347135782241821
DDB2_RNA,-0.08352455496788025
ENTPD6_RNA,-0.08356942236423492
DNASE1L3_RNA,-0.08359365910291672
CALD1_RNA,-0.08362803608179092
CD164L2_RNA,-0.08365082740783691
COL6A1_RNA,-0.08377102017402649
IL27RA_RNA,-0.08377149701118469
SLC47A2_RNA,-0.08395200967788696
HS6ST1_RNA,-0.08397717028856277
SSX2IP_RNA,-0.08413241803646088
DIRAS2_RNA,-0.0841679647564888
SERPINA11_RNA,-0.08427909761667252
EIF3G_RNA,-0.0842919647693634
MYL6_RNA,-0.08436699956655502
CTBP1_RNA,-0.08446144312620163
HINT3_RNA,-0.08455274254083633
SLC6A11_RNA,-0.08456630259752274
DEFB124_RNA,-0.084587462246418
SCML1_RNA,-0.08463131636381149
ZFYVE27_RNA,-0.08466941118240356
RCE1_RNA,-0.08473221957683563
EXOC3_RNA,-0.0848967432975769
LRRC25_RNA,-0.08489714562892914
CDC37L1_RNA,-0.08493032306432724
NUDCD3_RNA,-0.08494642376899719
PLCXD3_RNA,-0.0850125402212143
HCG22_RNA,-0.08502323925495148
TMPRSS7_RNA,-0.08507665991783142
AP1S2_RNA,-0.08513207733631134
SNX24_RNA,-0.08513712137937546
TNFRSF12A_RNA,-0.08531645685434341
ZBTB9_RNA,-0.0855131521821022
PGAM5_RNA,-0.08553043007850647
HLF_RNA,-0.08555768430233002
LNX1_RNA,-0.08556057512760162
PABPN1_RNA,-0.08559077233076096
DSCC1_RNA,-0.08564405143260956
CYP1B1_RNA,-0.08565927296876907
SIT1_RNA,-0.08568374067544937
TUBA4B_RNA,-0.08569224923849106
IL17RB_RNA,-0.08571916818618774
LILRB1_RNA,-0.08572900295257568
SLAMF9_RNA,-0.08572964370250702
PNN_RNA,-0.08578123152256012
PPOX_RNA,-0.08582338690757751
HCK_RNA,-0.0858294814825058
VDAC2_RNA,-0.08583655953407288
JAKMIP3_RNA,-0.08600286394357681
ZBTB22_RNA,-0.0860319659113884
CHST7_RNA,-0.08605431020259857
TFAP2B_RNA,-0.08610165864229202
SLC9A2_RNA,-0.08610852807760239
CHST6_RNA,-0.08616094291210175
PES1_RNA,-0.0861690565943718
CCDC82_RNA,-0.08618384599685669
SLC30A10_RNA,-0.08620107918977737
PSTK_RNA,-0.08627445250749588
ASCL4_RNA,-0.08628170937299728
PAPSS2_RNA,-0.0862986147403717
DKKL1_RNA,-0.08631382137537003
RAP1GDS1_RNA,-0.08631864190101624
ATP6V1D_RNA,-0.08640851080417633
KRT2_RNA,-0.08644912391901016
CTBP2_RNA,-0.0864630863070488
TMEFF1_RNA,-0.08648718893527985
THRB_RNA,-0.08650889247655869
HDAC3_RNA,-0.08662576973438263
ARGLU1_RNA,-0.08688563853502274
RPS6KB2_RNA,-0.08692927658557892
KRT78_RNA,-0.08696342259645462
RHOC_RNA,-0.0870252251625061
SERPINA12_RNA,-0.08705230057239532
BTBD1_RNA,-0.08707618713378906
PTGR1_RNA,-0.08726797997951508
HES1_RNA,-0.08728727698326111
CEP63_RNA,-0.0873093530535698
ARHGEF16_RNA,-0.08738074451684952
SLC36A4_RNA,-0.08738990873098373
KCNK15_RNA,-0.08740018308162689
ACAT2_RNA,-0.08740301430225372
ARMC3_RNA,-0.08740860223770142
MS4A3_RNA,-0.08743731677532196
PSMD14_RNA,-0.08745300024747849
ZNF691_RNA,-0.08745608478784561
SCGB3A2_RNA,-0.08746430277824402
DOCK6_RNA,-0.08749324828386307
CARD16_RNA,-0.08761856704950333
OXCT1_RNA,-0.08768043667078018
TTC9C_RNA,-0.08781419694423676
ALAS1_RNA,-0.08787457644939423
SP110_RNA,-0.08817019313573837
ATP2B2_RNA,-0.08818808197975159
PAX8_RNA,-0.08822810649871826
TMEM167B_RNA,-0.08826557546854019
SH3BP5L_RNA,-0.08827376365661621
IFNAR2_RNA,-0.0882958248257637
C2orf15_RNA,-0.0883120745420456
FBXO48_RNA,-0.08834182471036911
CDKN2B_RNA,-0.08834683895111084
TRPM4_RNA,-0.08839266002178192
MBD2_RNA,-0.08856242895126343
ITIH5_RNA,-0.08861137181520462
CDH5_RNA,-0.08864591270685196
WDR77_RNA,-0.08864887803792953
RGS9_RNA,-0.08870130777359009
SIX1_RNA,-0.08872996270656586
S1PR4_RNA,-0.08875196427106857
TRAPPC9_RNA,-0.08877415955066681
TNNT2_RNA,-0.08886075019836426
TEX101_RNA,-0.08893092721700668
PELI3_RNA,-0.0889415368437767
HSPA1L_RNA,-0.08895548433065414
RASAL3_RNA,-0.08900001645088196
EXD1_RNA,-0.08901220560073853
FKBP5_RNA,-0.08901561051607132
CCT4_RNA,-0.0890338346362114
SMAD3_RNA,-0.08906945586204529
EZR_RNA,-0.08911558240652084
FAM181B_RNA,-0.08916708827018738
PAQR9_RNA,-0.08921194076538086
IGFBP3_RNA,-0.0892479419708252
GRPEL1_RNA,-0.08926016837358475
TRPV2_RNA,-0.08926069736480713
IAH1_RNA,-0.08927316218614578
BRD9_RNA,-0.08927633613348007
FCRLA_RNA,-0.08928456902503967
GDF9_RNA,-0.08938711881637573
MAFK_RNA,-0.0894131138920784
HDDC3_RNA,-0.08942300826311111
SCG2_RNA,-0.08954629302024841
HMMR_RNA,-0.08960767090320587
SLC39A7_RNA,-0.0896492525935173
DEK_RNA,-0.0897272452712059
REXO2_RNA,-0.08980120718479156
OSBP2_RNA,-0.08982793241739273
PACS2_RNA,-0.08983458578586578
GDPD1_RNA,-0.08987130224704742
OXSM_RNA,-0.08992402255535126
AIMP1_RNA,-0.08994480222463608
SIM2_RNA,-0.0899798646569252
GPS2_RNA,-0.09001550078392029
ASPRV1_RNA,-0.09003613144159317
MREG_RNA,-0.09008074551820755
CASP2_RNA,-0.09011177718639374
LZTS2_RNA,-0.09014122933149338
APEH_RNA,-0.09014181792736053
AGMAT_RNA,-0.09027887880802155
ABHD3_RNA,-0.09040118753910065
CCL17_RNA,-0.09052911400794983
RDH11_RNA,-0.090568907558918
NDUFB8_RNA,-0.09063997119665146
SPARCL1_RNA,-0.09067972749471664
RSU1_RNA,-0.09069561213254929
BCDIN3D_RNA,-0.09070229530334473
GMCL1_RNA,-0.09088364988565445
ENO1_RNA,-0.09094280749559402
CDC25A_RNA,-0.0911368578672409
LIPC_RNA,-0.09113788604736328
RILPL1_RNA,-0.09115079045295715
CD300LG_RNA,-0.09116867184638977
FRG1_RNA,-0.09118425846099854
HSP90B1_RNA,-0.09131959080696106
UQCRC2_RNA,-0.09154386073350906
DNAJA3_RNA,-0.09158103913068771
FAM149A_RNA,-0.0916208028793335
ERG_RNA,-0.09163651615381241
SNRNP70_RNA,-0.09165318310260773
PEG10_RNA,-0.0917331650853157
SSPN_RNA,-0.09191540628671646
MCAM_RNA,-0.09192579984664917
NIF3L1_RNA,-0.09193578362464905
UNC45A_RNA,-0.0919424444437027
DEF8_RNA,-0.09194744378328323
FAIM_RNA,-0.0919569805264473
SCO2_RNA,-0.09196267277002335
CAMK1D_RNA,-0.09197194874286652
FCRLB_RNA,-0.09203880280256271
BARHL1_RNA,-0.09206695109605789
C1QTNF1_RNA,-0.0920688584446907
SLC5A6_RNA,-0.09210360795259476
MFAP1_RNA,-0.0921468734741211
DEF6_RNA,-0.09220502525568008
RGS11_RNA,-0.09221918880939484
WDR1_RNA,-0.0922216847538948
SRP72_RNA,-0.09234478324651718
PTDSS1_RNA,-0.09235242754220963
HEXIM1_RNA,-0.09236080944538116
EIF1AD_RNA,-0.09246347844600677
GNA11_RNA,-0.09253181517124176
KCNK10_RNA,-0.0925489291548729
MS4A1_RNA,-0.09258119761943817
CHRNE_RNA,-0.09260546416044235
RARRES1_RNA,-0.0926368311047554
TBC1D22B_RNA,-0.09270966053009033
CEACAM5_RNA,-0.09271149337291718
PLAC1_RNA,-0.09272854775190353
ETFA_RNA,-0.09273742884397507
NCAPH2_RNA,-0.09276466071605682
BRI3BP_RNA,-0.09277305752038956
IFIT3_RNA,-0.09280366450548172
ATG4D_RNA,-0.09282135218381882
SPRR3_RNA,-0.09285593777894974
MTSS1_RNA,-0.09288546442985535
TBX19_RNA,-0.0929689034819603
DNASE2B_RNA,-0.09301488101482391
DNAJC1_RNA,-0.09307871758937836
CKAP4_RNA,-0.09315682202577591
FYN_RNA,-0.09318608790636063
KCNK7_RNA,-0.09319154173135757
PLOD1_RNA,-0.09319453686475754
PRMT5_RNA,-0.09324613213539124
GABRA4_RNA,-0.09325248748064041
ANXA5_RNA,-0.093448638916015625
HNF1B_RNA,-0.09350351989269257
IL22RA1_RNA,-0.09353834390640259
AURKC_RNA,-0.09369083493947983
HDAC7_RNA,-0.09379847347736359
CHRNA2_RNA,-0.09384477883577347
ARL4A_RNA,-0.09393059462308884
ELF4_RNA,-0.09394177049398422
NFE2_RNA,-0.09395284950733185
CSAD_RNA,-0.09396323561668396
PHACTR4_RNA,-0.0939803421497345
TRIM3_RNA,-0.09399183094501495
CPSF1_RNA,-0.09402651339769363
OR51E2_RNA,-0.0941503569483757
GMPPA_RNA,-0.09418373554944992
PCOLCE2_RNA,-0.09427239000797272
STX12_RNA,-0.09430146217346191
NRG2_RNA,-0.09447720646858215
YIF1A_RNA,-0.09453196078538895
HSPB2_RNA,-0.09454139322042465
PTCRA_RNA,-0.09459422528743744
CAPZA2_RNA,-0.09462393820285797
RRP1_RNA,-0.0946311503648758
EIF2B3_RNA,-0.09464394301176071
KIR2DL4_RNA,-0.09466207027435303
KLF1_RNA,-0.09471478313207626
FAM83A_RNA,-0.0947645828127861
SPATA2L_RNA,-0.09477978944778442
ANGPTL5_RNA,-0.09493925422430038
GPR35_RNA,-0.09498383104801178
SLC17A1_RNA,-0.09498453885316849
MEST_RNA,-0.09498801827430725
GALK1_RNA,-0.09502743929624557
SAFB2_RNA,-0.09507620334625244
FBXL17_RNA,-0.0950816348195076
SIN3B_RNA,-0.09513304382562637
INSIG1_RNA,-0.09513548761606216
RYBP_RNA,-0.09514184296131134
TSPAN6_RNA,-0.09514741599559784
GRM1_RNA,-0.0951860323548317
ERLIN1_RNA,-0.09529426693916321
TSHZ1_RNA,-0.09530054032802582
CHAD_RNA,-0.09536197781562805
FCRL3_RNA,-0.09539928287267685
OBP2B_RNA,-0.09547586739063263
GPR45_RNA,-0.09560269862413406
UBE2G1_RNA,-0.09562528133392334
KPNA3_RNA,-0.09564220905303955
MRPS9_RNA,-0.09564825147390366
GSDMC_RNA,-0.09566140919923782
AIPL1_RNA,-0.09566688537597656
PF4V1_RNA,-0.09567970782518387
GMFB_RNA,-0.09572746604681015
ATAD3A_RNA,-0.09575700014829636
ADH1B_RNA,-0.09580541402101517
SPOP_RNA,-0.09588492661714554
NDUFS4_RNA,-0.09591156989336014
STC2_RNA,-0.09594282507896423
CEL_RNA,-0.09605433791875839
HLA-A_RNA,-0.09609338641166687
DEPDC7_RNA,-0.0961141288280487
SLC47A1_RNA,-0.09612429141998291
ILF2_RNA,-0.09613589942455292
CRYGA_RNA,-0.0961703360080719
UNCX_RNA,-0.09618014097213745
AP4M1_RNA,-0.09621837735176086
MUS81_RNA,-0.09622161835432053
APOH_RNA,-0.09626933187246323
ANKRD11_RNA,-0.09628234803676605
C7_RNA,-0.09629082679748535
C5AR1_RNA,-0.0963243618607521
SLC25A45_RNA,-0.0963587760925293
PAQR7_RNA,-0.09641268849372864
ZNF747_RNA,-0.09650667756795883
FBXL12_RNA,-0.09655755013227463
SLC43A3_RNA,-0.09656357020139694
TMEM185A_RNA,-0.09663724154233932
CANT1_RNA,-0.09663883596658707
CDR2_RNA,-0.09667645394802094
HCST_RNA,-0.09668641537427902
KRT33B_RNA,-0.09671851247549057
GRSF1_RNA,-0.09683113545179367
DGKA_RNA,-0.09692025184631348
PLAC8_RNA,-0.09694448113441467
TTC19_RNA,-0.09695573151111603
IGFN1_RNA,-0.09709838032722473
METAP1_RNA,-0.09717825055122375
CABLES1_RNA,-0.09721221774816513
NRBP1_RNA,-0.09724238514900208
BIVM_RNA,-0.09724339842796326
ARMC10_RNA,-0.09726111590862274
PROKR2_RNA,-0.09731467813253403
FABP7_RNA,-0.09738987684249878
C19orf38_RNA,-0.09748369455337524
SLC8A3_RNA,-0.09758219122886658
KLK13_RNA,-0.09768638014793396
ASPHD2_RNA,-0.09768955409526825
RUSC2_RNA,-0.09769357740879059
NDUFA10_RNA,-0.09771173447370529
GEMIN8_RNA,-0.09773924946784973
SKA3_RNA,-0.09774813055992126
CYP4F2_RNA,-0.09776555746793747
EIF3D_RNA,-0.09777351468801498
IER3_RNA,-0.09791231900453568
KAZALD1_RNA,-0.09804058820009232
DACH1_RNA,-0.09804365783929825
PHF10_RNA,-0.09806950390338898
LANCL1_RNA,-0.09811418503522873
SLC25A18_RNA,-0.09816496819257736
TNIP2_RNA,-0.09819024056196213
LOC284798_RNA,-0.09829580783843994
SLC12A8_RNA,-0.09833212196826935
STX18_RNA,-0.09838439524173737
CD164_RNA,-0.09841667860746384
GNA15_RNA,-0.09845255315303802
ROM1_RNA,-0.09846430271863937
PGM1_RNA,-0.09850101917982101
MRPS18B_RNA,-0.09851516783237457
TCHP_RNA,-0.09858688712120056
GLT8D2_RNA,-0.098609559237957
ANGPTL6_RNA,-0.09868813306093216
ZNF576_RNA,-0.09877082705497742
MAP4_RNA,-0.09884046763181686
MCTS1_RNA,-0.09888958930969238
NHLRC4_RNA,-0.09889934957027435
CCNB2_RNA,-0.09890759736299515
ADAMTS2_RNA,-0.09891515225172043
MXRA8_RNA,-0.09893539547920227
LRWD1_RNA,-0.09895028918981552
NPM3_RNA,-0.09897904843091965
C1orf226_RNA,-0.09900109469890594
HERPUD2_RNA,-0.0990295261144638
VSX2_RNA,-0.09903542697429657
TTC31_RNA,-0.09904307126998901
THBD_RNA,-0.09905578941106796
CACNA1A_RNA,-0.09910435974597931
CLIC3_RNA,-0.09914827346801758
RAD51AP1_RNA,-0.09915993362665176
MECR_RNA,-0.0993829146027565
FBLIM1_RNA,-0.0994228944182396
BCAT2_RNA,-0.09945456683635712
BMX_RNA,-0.09954871982336044
CRCP_RNA,-0.09956863522529602
ST13_RNA,-0.09960070997476578
GLUD2_RNA,-0.09962207078933716
CREM_RNA,-0.09973499178886414
FAS_RNA,-0.09975246340036392
SYF2_RNA,-0.09990809112787247
FBP2_RNA,-0.09996574372053146
SUOX_RNA,-0.10003998130559921
CLIC1_RNA,-0.10015778988599777
GTF3C2_RNA,-0.1001649796962738
CYP4A11_RNA,-0.10020848363637924
MEP1A_RNA,-0.10022377967834473
EPAS1_RNA,-0.10032251477241516
MYO1D_RNA,-0.10035962611436844
EML3_RNA,-0.10036078095436096
FGD1_RNA,-0.10042376071214676
HDAC5_RNA,-0.10043451935052872
KRT33A_RNA,-0.1004432886838913
NPAS4_RNA,-0.10049434006214142
SDC1_RNA,-0.10050211101770401
TNMD_RNA,-0.10053015500307083
CAMP_RNA,-0.10056600719690323
GCAT_RNA,-0.10059790313243866
SHISA2_RNA,-0.10077309608459473
TCFL5_RNA,-0.10079492628574371
HSDL1_RNA,-0.10082238167524338
IFT52_RNA,-0.10085088759660721
RNF145_RNA,-0.10093370079994202
TRIL_RNA,-0.10094606876373291
UBC_RNA,-0.10098763555288315
TUBA1B_RNA,-0.10099039971828461
EGLN3_RNA,-0.1010701060295105
SPEG_RNA,-0.10119714587926865
FMN2_RNA,-0.10122283548116684
ABCD1_RNA,-0.10123156756162643
UBTD2_RNA,-0.10123857110738754
PLA2G1B_RNA,-0.1012692078948021
ILKAP_RNA,-0.10127528756856918
CD33_RNA,-0.10131629556417465
EFCAB2_RNA,-0.1013355478644371
GPR20_RNA,-0.1013687402009964
KLK2_RNA,-0.10153771936893463
COL9A3_RNA,-0.10155399888753891
IP6K1_RNA,-0.10165388882160187
RSPH4A_RNA,-0.10169854760169983
SLC3A2_RNA,-0.10172057151794434
ANKRD34B_RNA,-0.10173134505748749
ATXN7L2_RNA,-0.10173735022544861
ADAMTSL2_RNA,-0.10175073146820068
PIH1D1_RNA,-0.1017744392156601
APOBEC3F_RNA,-0.10179590433835983
CDO1_RNA,-0.1018197312951088
TERF1_RNA,-0.10183395445346832
CCDC68_RNA,-0.10185156762599945
SAMD13_RNA,-0.10185237973928452
DDAH1_RNA,-0.10189225524663925
GPT2_RNA,-0.10194258391857147
KLHL2_RNA,-0.10222127288579941
PDE11A_RNA,-0.1022336333990097
FBXO7_RNA,-0.10227397829294205
FAM83H_RNA,-0.10228104889392853
PRDX4_RNA,-0.10228346288204193
ORMDL1_RNA,-0.10233063250780106
ATP6V0A4_RNA,-0.10234244167804718
TEAD4_RNA,-0.10238638520240784
FERMT3_RNA,-0.10242047905921936
B4GALT7_RNA,-0.10245781391859055
ATL1_RNA,-0.10246393829584122
COMMD5_RNA,-0.1025073453783989
CKS1B_RNA,-0.10251636058092117
RFX2_RNA,-0.102552630007267
ZNF672_RNA,-0.10256373882293701
ANKMY2_RNA,-0.10257197916507721
GAPT_RNA,-0.10257977247238159
ERP44_RNA,-0.10259994864463806
PISD_RNA,-0.10261991620063782
MPI_RNA,-0.10263322293758392
RUVBL2_RNA,-0.10263635963201523
LEMD1_RNA,-0.10265302658081055
RAB28_RNA,-0.10271216928958893
RNF185_RNA,-0.10276050120592117
WBP4_RNA,-0.1027970165014267
MAGEA1_RNA,-0.10280336439609528
ARTN_RNA,-0.10281605273485184
ALDH9A1_RNA,-0.10285456478595734
ABHD6_RNA,-0.10296680778265
ALX1_RNA,-0.10300246626138687
DCAF4_RNA,-0.10302423685789108
C12orf60_RNA,-0.10303458571434021
C8orf76_RNA,-0.10306225717067719
KRT32_RNA,-0.10312500596046448
RBKS_RNA,-0.10320698469877243
GGA1_RNA,-0.10322976112365723
TDO2_RNA,-0.1032634824514389
SSTR5_RNA,-0.10333431512117386
DNAJB1_RNA,-0.10335036367177963
TMC8_RNA,-0.10339906066656113
GRN_RNA,-0.10340163111686707
UFSP1_RNA,-0.10341387242078781
HYAL2_RNA,-0.1034599170088768
CRYZL1_RNA,-0.10349101573228836
DCTN1_RNA,-0.10351535677909851
LRRC17_RNA,-0.10359171032905579
COG7_RNA,-0.10362458974123001
DAPK3_RNA,-0.1036280021071434
RRP9_RNA,-0.10371462255716324
OSBPL1A_RNA,-0.1037156879901886
CMTM2_RNA,-0.1037205383181572
THEMIS_RNA,-0.10373891144990921
PFKL_RNA,-0.10382100939750671
CD79B_RNA,-0.10385484993457794
NUDT18_RNA,-0.10402456670999527
ABAT_RNA,-0.1040378138422966
RHOB_RNA,-0.10410156846046448
TRIM58_RNA,-0.10410703718662262
TSN_RNA,-0.10411012172698975
INSL3_RNA,-0.10425982624292374
ANAPC7_RNA,-0.10427292436361313
FGR_RNA,-0.10431324690580368
HUNK_RNA,-0.10443934798240662
NUB1_RNA,-0.10448428988456726
NPR1_RNA,-0.10455010831356049
RCC1_RNA,-0.10459602624177933
CD1C_RNA,-0.10461755096912384
TOB2_RNA,-0.10464680194854736
NOL12_RNA,-0.1047230213880539
USP20_RNA,-0.10474899411201477
GNL1_RNA,-0.10475967824459076
MAPK13_RNA,-0.1047687754034996
OSR2_RNA,-0.104861781001091
UBE2G2_RNA,-0.10488729923963547
BCAS4_RNA,-0.10499487072229385
IL1B_RNA,-0.10500213503837585
ANXA2_RNA,-0.10505379736423492
GNAZ_RNA,-0.10505969077348709
C1orf131_RNA,-0.10511037707328796
ZDHHC13_RNA,-0.10525717586278915
RNASET2_RNA,-0.10530300438404083
IFNGR2_RNA,-0.105350062251091
C4orf50_RNA,-0.10535165667533875
TIMM22_RNA,-0.10546869039535522
AZU1_RNA,-0.10550243407487869
CINP_RNA,-0.10552861541509628
RTP4_RNA,-0.10555724054574966
TPRA1_RNA,-0.1056336760520935
CAPN8_RNA,-0.10563927888870239
CFI_RNA,-0.10564806312322617
CCL23_RNA,-0.10565114766359329
NR4A2_RNA,-0.10567229986190796
SUCLA2_RNA,-0.10568547248840332
HR_RNA,-0.10573527961969376
ELAC1_RNA,-0.10587622225284576
CENPB_RNA,-0.10591183602809906
NUCB2_RNA,-0.10593337565660477
SPACA3_RNA,-0.10596228390932083
DNAJC7_RNA,-0.10608597844839096
CPE_RNA,-0.10609405487775803
PSD2_RNA,-0.10611224174499512
KCNA1_RNA,-0.10613600164651871
ARL6IP6_RNA,-0.1061510294675827
MS4A4A_RNA,-0.10621616989374161
MIS12_RNA,-0.10626795887947083
SNF8_RNA,-0.10632415860891342
HBG2_RNA,-0.10639689117670059
BMP8B_RNA,-0.106429822742939
OAZ3_RNA,-0.10645125806331635
SLC25A20_RNA,-0.1064901277422905
SNAP47_RNA,-0.1064940020442009
WDR59_RNA,-0.10650960355997086
TEAD3_RNA,-0.10652118921279907
SEMA5B_RNA,-0.10654113441705704
RPP30_RNA,-0.1065698117017746
LCN9_RNA,-0.10657394677400589
LMAN2L_RNA,-0.10661322623491287
TFAP4_RNA,-0.10667239129543304
PGAM1_RNA,-0.1066790372133255
SGK3_RNA,-0.10668230801820755
CST6_RNA,-0.10675301402807236
EIF4G2_RNA,-0.10677973181009293
RHBDL3_RNA,-0.10679635405540466
IFI27L1_RNA,-0.10681498050689697
RSPO1_RNA,-0.10712037980556488
B4GALT3_RNA,-0.10714294761419296
TMEM161A_RNA,-0.10718164592981339
MS4A6A_RNA,-0.10721070319414139
LRPAP1_RNA,-0.10727434605360031
MAP6D1_RNA,-0.10727503895759583
TRMT2A_RNA,-0.10729837417602539
CCNYL1_RNA,-0.10730797797441483
GRHPR_RNA,-0.10746728628873825
EGFL7_RNA,-0.10747835785150528
RAB10_RNA,-0.10750080645084381
GSS_RNA,-0.10751251876354218
GNG10_RNA,-0.10767385363578796
HTATSF1_RNA,-0.10777305066585541
TNFSF14_RNA,-0.1078450083732605
CELA1_RNA,-0.10785992443561554
MRPL54_RNA,-0.10787347704172134
TLCD1_RNA,-0.10787863284349442
TRPC7_RNA,-0.10794851928949356
RBM8A_RNA,-0.10797157138586044
QTRT1_RNA,-0.10797780752182007
SMOX_RNA,-0.10806626081466675
HLA-E_RNA,-0.10807202756404877
ZFPM2_RNA,-0.10808569192886353
SUMF2_RNA,-0.10811542719602585
UNC50_RNA,-0.10812446475028992
FAM3C_RNA,-0.10813486576080322
FARSA_RNA,-0.10813639312982559
SCARA3_RNA,-0.108171246945858
FGG_RNA,-0.1081811785697937
OGFR_RNA,-0.10820591449737549
TOMM40L_RNA,-0.10820867121219635
SERTAD1_RNA,-0.10820910334587097
CLEC14A_RNA,-0.10821972787380219
FOXL1_RNA,-0.10826459527015686
PPP1CB_RNA,-0.10833034664392471
CREB3L3_RNA,-0.1084105372428894
FEN1_RNA,-0.10844844579696655
ANKRD55_RNA,-0.108455128967762
PTPRA_RNA,-0.10852954536676407
CHRNB3_RNA,-0.10854142159223557
NCOA6_RNA,-0.10859660059213638
HOXB6_RNA,-0.10861974954605103
LRRC46_RNA,-0.10869095474481583
UBP1_RNA,-0.10871467739343643
MED9_RNA,-0.10876169800758362
CHRNA1_RNA,-0.10879120975732803
SOX17_RNA,-0.1088409498333931
CES2_RNA,-0.108857661485672
LAT2_RNA,-0.1088745966553688
TIPRL_RNA,-0.10888846963644028
BATF3_RNA,-0.10890999436378479
EFHC2_RNA,-0.10902635753154755
PHF12_RNA,-0.10911693423986435
SNUPN_RNA,-0.10916449874639511
PDCD10_RNA,-0.10926208645105362
POLR2I_RNA,-0.10927636176347733
TBC1D15_RNA,-0.10928336530923843
KEAP1_RNA,-0.10932417958974838
RNF139_RNA,-0.10933979600667953
TBCD_RNA,-0.10937974601984024
CCDC65_RNA,-0.10943339020013809
OLFML3_RNA,-0.10944728553295135
SCRN3_RNA,-0.1095641553401947
SOX30_RNA,-0.10957792401313782
FAM20C_RNA,-0.10961315780878067
F2RL2_RNA,-0.10975202918052673
CLYBL_RNA,-0.10978984832763672
LMO3_RNA,-0.10979060083627701
ERCC2_RNA,-0.10981239378452301
PRKRIP1_RNA,-0.10981737077236176
DECR1_RNA,-0.10994285345077515
TNNI3_RNA,-0.11002589762210846
CDC42BPG_RNA,-0.11006777733564377
LTB4R_RNA,-0.11007022112607956
CATSPER3_RNA,-0.11010776460170746
LRRC8D_RNA,-0.1101447343826294
RIPK2_RNA,-0.11020339280366898
MIIP_RNA,-0.11023597419261932
ADHFE1_RNA,-0.11023597419261932
CGGBP1_RNA,-0.11024210602045059
TYRO3_RNA,-0.11025917530059814
DNAJB11_RNA,-0.11027602106332779
TAX1BP1_RNA,-0.11036097258329391
PEX11G_RNA,-0.11048012971878052
ASB8_RNA,-0.1105722039937973
SORCS2_RNA,-0.11066415905952454
NFYB_RNA,-0.11069599539041519
DCST2_RNA,-0.1107228621840477
TDRD10_RNA,-0.1107257604598999
NFS1_RNA,-0.11074691265821457
RENBP_RNA,-0.11075928807258606
VPS37D_RNA,-0.11076398193836212
IP6K3_RNA,-0.11076489090919495
POLR2A_RNA,-0.11076746135950089
HCLS1_RNA,-0.11077918112277985
ZG16B_RNA,-0.11083921045064926
SEMA3G_RNA,-0.11095201969146729
TTC38_RNA,-0.11098933219909668
FLYWCH2_RNA,-0.1110386922955513
PSMA3_RNA,-0.11106343567371368
ADH5_RNA,-0.11110427975654602
DMBX1_RNA,-0.11118818819522858
PRICKLE4_RNA,-0.11120151728391647
E2F4_RNA,-0.11125772446393967
MVK_RNA,-0.11128837615251541
TATDN3_RNA,-0.1113063395023346
BPNT1_RNA,-0.11133091151714325
GDPD3_RNA,-0.11135739833116531
ALDOA_RNA,-0.11141342669725418
AP3S2_RNA,-0.11144285649061203
HERPUD1_RNA,-0.11150234192609787
ADCK5_RNA,-0.11157543957233429
RBM22_RNA,-0.11157999187707901
RERE_RNA,-0.11158378422260284
CASKIN2_RNA,-0.11161351948976517
P2RY2_RNA,-0.11167047172784805
P2RY13_RNA,-0.11167644709348679
EIF2B2_RNA,-0.11168326437473297
RAD21_RNA,-0.11174963414669037
AIFM3_RNA,-0.11181192845106125
PARP6_RNA,-0.11181891709566116
SV2C_RNA,-0.11183374375104904
RPP40_RNA,-0.11188080906867981
FANCF_RNA,-0.11188947409391403
ADO_RNA,-0.11196601390838623
UBL4A_RNA,-0.11198639869689941
ARVCF_RNA,-0.11203804612159729
ENO3_RNA,-0.11208147555589676
PPP2R5A_RNA,-0.11223062872886658
C3AR1_RNA,-0.11228173971176147
CCL20_RNA,-0.11231563240289688
POLRMT_RNA,-0.11235702782869339
LAMP1_RNA,-0.11242464184761047
DERA_RNA,-0.11252349615097046
ABHD10_RNA,-0.11257652938365936
SALL1_RNA,-0.11259368807077408
CH25H_RNA,-0.11259666085243225
TMEM217_RNA,-0.1126587986946106
JAM2_RNA,-0.11276214569807053
ACAT1_RNA,-0.11283339560031891
SPAG8_RNA,-0.11287835985422134
NCF4_RNA,-0.11288867890834808
SIRPB1_RNA,-0.11289472132921219
HHLA2_RNA,-0.11291737109422684
LTK_RNA,-0.11293350905179977
MPZL2_RNA,-0.1129731610417366
CLPTM1L_RNA,-0.11298990249633789
FOXE3_RNA,-0.11308164894580841
SPIN4_RNA,-0.11315809935331345
ATP13A1_RNA,-0.11323054879903793
TSPAN4_RNA,-0.11323188245296478
DHRS12_RNA,-0.1133764386177063
VHL_RNA,-0.11338336765766144
TMEM115_RNA,-0.1133842021226883
ID3_RNA,-0.11341042816638947
MTCH2_RNA,-0.11344609409570694
FOXA3_RNA,-0.1134943887591362
PLD5_RNA,-0.11352018266916275
EGFL8_RNA,-0.11364206671714783
MYOM2_RNA,-0.11366797238588333
CATSPER1_RNA,-0.11373277753591537
TMEM45A_RNA,-0.11375396698713303
RHBDF1_RNA,-0.11384585499763489
SRF_RNA,-0.11395454406738281
TP53_RNA,-0.11396148800849915
PTGIS_RNA,-0.11402776837348938
HSD17B8_RNA,-0.1140308752655983
SOBP_RNA,-0.11403217911720276
SOX2_RNA,-0.11407005041837692
HAAO_RNA,-0.11415771394968033
SMS_RNA,-0.11426661163568497
AMIGO2_RNA,-0.11427059769630432
GABRB2_RNA,-0.1143001988530159
KANK3_RNA,-0.11436907202005386
PEX10_RNA,-0.11438741534948349
HSPH1_RNA,-0.11441563814878464
MUCL1_RNA,-0.11446165293455124
ARRB1_RNA,-0.11447818577289581
THG1L_RNA,-0.11454879492521286
ULK3_RNA,-0.11456969380378723
CIRBP_RNA,-0.11459032446146011
SCNN1D_RNA,-0.11459958553314209
GSDMD_RNA,-0.11466609686613083
GDF6_RNA,-0.11471215635538101
PLAT_RNA,-0.11474503576755524
CA5A_RNA,-0.11478511244058609
PTPN6_RNA,-0.11484360694885254
LSM14B_RNA,-0.11489295959472656
PCSK6_RNA,-0.11489483714103699
OSTF1_RNA,-0.11495733261108398
LRRC27_RNA,-0.11501247435808182
LAS1L_RNA,-0.11502110213041306
GANAB_RNA,-0.11503302305936813
HAP1_RNA,-0.11507850140333176
KRT80_RNA,-0.11511930078268051
LRG1_RNA,-0.11513102054595947
TMEM138_RNA,-0.11520698666572571
FNTA_RNA,-0.11525305360555649
HESX1_RNA,-0.11528371274471283
EHF_RNA,-0.11533229798078537
RCCD1_RNA,-0.11536065489053726
FCF1_RNA,-0.11541233211755753
SYCE1L_RNA,-0.11547862738370895
SLC37A4_RNA,-0.11557936668395996
ADCK2_RNA,-0.11559237539768219
KRT6A_RNA,-0.11560100317001343
ETS2_RNA,-0.11561817675828934
ISY1_RNA,-0.11570737510919571
SLC25A3_RNA,-0.11578924208879471
ACBD4_RNA,-0.11579611897468567
PER1_RNA,-0.11582069844007492
ACAP3_RNA,-0.11583895236253738
SIPA1_RNA,-0.11586399376392365
ZNF517_RNA,-0.11590307950973511
ELMO2_RNA,-0.11594356596469879
C22orf42_RNA,-0.11595364660024643
B3GNT9_RNA,-0.11608351767063141
SLC25A42_RNA,-0.1161222830414772
ADRA2B_RNA,-0.11613082140684128
BBS4_RNA,-0.11623430252075195
MAP4K2_RNA,-0.11626535654067993
ALDH16A1_RNA,-0.11627029627561569
ANO7_RNA,-0.11627327650785446
SLC35C2_RNA,-0.11630073189735413
PDZRN4_RNA,-0.11644050478935242
IER5_RNA,-0.11645948886871338
FOXJ2_RNA,-0.11650653183460236
PSMA5_RNA,-0.1165425255894661
ZDHHC18_RNA,-0.1165764257311821
HSD3B7_RNA,-0.11668011546134949
WDR86_RNA,-0.11672405898571014
FAM131B_RNA,-0.1167965978384018
SESN2_RNA,-0.11680981516838074
DPP7_RNA,-0.11683040857315063
LPCAT3_RNA,-0.11684567481279373
LAMB3_RNA,-0.11694399267435074
NEXN_RNA,-0.11697451770305634
SMYD2_RNA,-0.1170068010687828
LLGL1_RNA,-0.11701010912656784
TXNDC11_RNA,-0.11703065782785416
RBP3_RNA,-0.11703703552484512
KCTD2_RNA,-0.11704401671886444
SERF2_RNA,-0.11705657839775085
NAP1L4_RNA,-0.11708750575780869
AGER_RNA,-0.11719740182161331
KRT16_RNA,-0.11721723526716232
KRT14_RNA,-0.11722914129495621
ZMIZ1_RNA,-0.11723613739013672
AAGAB_RNA,-0.11724122613668442
SCCPDH_RNA,-0.11724233627319336
BHLHE40_RNA,-0.11724399030208588
PIGW_RNA,-0.11725941300392151
CAMTA1_RNA,-0.11726870387792587
SHMT2_RNA,-0.11734728515148163
ATXN8OS_RNA,-0.11744200438261032
LRFN2_RNA,-0.11747877299785614
RILP_RNA,-0.1174953430891037
HES2_RNA,-0.11749561876058578
HSD17B11_RNA,-0.11750327795743942
CRB3_RNA,-0.1175556480884552
RAB9B_RNA,-0.11767607182264328
ASB12_RNA,-0.1176830306649208
TUT1_RNA,-0.11769859492778778
PCDHB2_RNA,-0.11775005608797073
PHF21A_RNA,-0.11775153130292892
SLC25A41_RNA,-0.11783011257648468
SLC25A19_RNA,-0.11784400045871735
ACVR1B_RNA,-0.11789372563362122
SEMA4F_RNA,-0.11790361255407333
DYRK4_RNA,-0.11790385097265244
WASF2_RNA,-0.11799034476280212
MRPS18A_RNA,-0.11804866790771484
ARNT2_RNA,-0.11807318031787872
P4HTM_RNA,-0.11809013038873672
PPIA_RNA,-0.11809919774532318
LCN1_RNA,-0.11810549348592758
SCNM1_RNA,-0.11812526732683182
TMEM218_RNA,-0.11812885850667953
SCGB3A1_RNA,-0.11815927922725677
GINS3_RNA,-0.11817261576652527
TMEM169_RNA,-0.11817637085914612
RPL41_RNA,-0.11823872476816177
WDR25_RNA,-0.11828844249248505
ARL6IP4_RNA,-0.11831464618444443
ADPRHL1_RNA,-0.11832292377948761
INSL5_RNA,-0.11832538992166519
TIMD4_RNA,-0.1183490976691246
GLCCI1_RNA,-0.11835283041000366
RSPH9_RNA,-0.11843843013048172
MRPL44_RNA,-0.11848880350589752
RASL11B_RNA,-0.11849203705787659
C19orf25_RNA,-0.11851020157337189
ANKLE1_RNA,-0.11856510490179062
CES3_RNA,-0.11857744306325912
PTP4A2_RNA,-0.11860144138336182
ISCA1_RNA,-0.11862267553806305
MMGT1_RNA,-0.11862819641828537
MAEL_RNA,-0.11884744465351105
CCDC28B_RNA,-0.11887645721435547
PTGER1_RNA,-0.11894741654396057
MRPL27_RNA,-0.11903630942106247
AATF_RNA,-0.11911260336637497
TMEM165_RNA,-0.11913073062896729
CUTC_RNA,-0.11913886666297913
B9D1_RNA,-0.11916231364011765
TFAP2C_RNA,-0.11918440461158752
ARHGEF19_RNA,-0.11921588331460953
GPM6A_RNA,-0.11926212906837463
CTDSP2_RNA,-0.1192849650979042
FDXR_RNA,-0.11933084577322006
CCNDBP1_RNA,-0.11938303709030151
CITED2_RNA,-0.11941274255514145
MAP7_RNA,-0.11947356909513474
BCL9L_RNA,-0.11947844922542572
AGGF1_RNA,-0.11950402706861496
RAB18_RNA,-0.11951559036970139
C17orf75_RNA,-0.1195177361369133
GPR160_RNA,-0.11956127732992172
LGALS12_RNA,-0.11958955973386765
MDFI_RNA,-0.1196269541978836
OOEP_RNA,-0.11969485878944397
ZNF76_RNA,-0.11974213272333145
UGP2_RNA,-0.11981551349163055
TBL3_RNA,-0.11982240527868271
NTHL1_RNA,-0.11984091997146606
PRCP_RNA,-0.1198621615767479
MEI1_RNA,-0.1198945939540863
RABEPK_RNA,-0.11990365386009216
PNKP_RNA,-0.1199704110622406
SLC41A1_RNA,-0.11997555941343307
PAX3_RNA,-0.12006059288978577
CAB39L_RNA,-0.1200927123427391
KRT9_RNA,-0.1201070249080658
ZNF830_RNA,-0.12014935910701752
TTLL10_RNA,-0.12019779533147812
PARP16_RNA,-0.12020689994096756
EIF3L_RNA,-0.12022168934345245
HECW1_RNA,-0.12022790312767029
RHBDD3_RNA,-0.12023559957742691
PTS_RNA,-0.12031363695859909
CCDC90B_RNA,-0.12032988667488098
DNAH9_RNA,-0.12037108093500137
SDHB_RNA,-0.12040993571281433
SH3BGR_RNA,-0.12041176110506058
PSMC4_RNA,-0.12044337391853333
IMPA1_RNA,-0.12047819793224335
MYOCD_RNA,-0.12052617222070694
ANXA6_RNA,-0.12064027786254883
NFE2L2_RNA,-0.12064896523952484
ELMOD1_RNA,-0.12066192179918289
SHBG_RNA,-0.12070561200380325
TMEM132A_RNA,-0.12071158736944199
MXD3_RNA,-0.12075870484113693
SEZ6L_RNA,-0.12078408896923065
MRPS28_RNA,-0.12080253660678864
C3orf18_RNA,-0.12081187218427658
KIFC1_RNA,-0.1208796426653862
BBOX1_RNA,-0.12090222537517548
CDC123_RNA,-0.12096317857503891
CD48_RNA,-0.12103357166051865
NCAPH_RNA,-0.12104178965091705
ANP32A_RNA,-0.12105297297239304
DPP9_RNA,-0.1210533082485199
MDS2_RNA,-0.12106572091579437
TMED5_RNA,-0.12107503414154053
FXN_RNA,-0.12108812481164932
SNX1_RNA,-0.12109754979610443
RIC8A_RNA,-0.12113706767559052
NOXA1_RNA,-0.12122727185487747
ZP3_RNA,-0.12122873216867447
MAPKAPK3_RNA,-0.12127109616994858
MAST2_RNA,-0.12128418684005737
COX5B_RNA,-0.12147940695285797
CRTC3_RNA,-0.12151924520730972
CHMP2B_RNA,-0.12152441591024399
PIAS4_RNA,-0.12155028432607651
CCDC102A_RNA,-0.12157195806503296
GNPDA1_RNA,-0.12165439128875732
MINPP1_RNA,-0.1216731145977974
BEND6_RNA,-0.12167507410049438
MRPL47_RNA,-0.12180205434560776
TSEN34_RNA,-0.12181344628334045
ORAI3_RNA,-0.1218700110912323
RPH3AL_RNA,-0.12187055498361588
LASP1_RNA,-0.12188052386045456
MXI1_RNA,-0.12193910777568817
TCL1A_RNA,-0.12204819917678833
GDPD5_RNA,-0.12214278429746628
CCDC25_RNA,-0.12214629352092743
PLEKHM2_RNA,-0.12219089269638062
APOBEC3G_RNA,-0.12219826877117157
FKBPL_RNA,-0.12221721559762955
CGREF1_RNA,-0.1222812756896019
SH2D2A_RNA,-0.12241616100072861
IMMT_RNA,-0.12245560437440872
KLHDC7A_RNA,-0.12253277748823166
HPD_RNA,-0.12260722368955612
KCNH8_RNA,-0.12265700101852417
SSBP1_RNA,-0.12268044054508209
IWS1_RNA,-0.12275507301092148
UNC119B_RNA,-0.12281853705644608
MED30_RNA,-0.12283343821763992
MUC20_RNA,-0.12292473018169403
BAK1_RNA,-0.12294279783964157
DHRS7C_RNA,-0.12296932190656662
RAB3B_RNA,-0.12299136072397232
MRPS5_RNA,-0.12305590510368347
PRRG1_RNA,-0.1230766698718071
AAAS_RNA,-0.12311013042926788
IL1RN_RNA,-0.1232524886727333
PBX2_RNA,-0.1233053132891655
SOST_RNA,-0.12343946844339371
EXTL2_RNA,-0.12344159930944443
LIPT1_RNA,-0.12344393879175186
ENOX1_RNA,-0.12346386164426804
ROMO1_RNA,-0.12356884777545929
ELOVL6_RNA,-0.12357727438211441
MDFIC_RNA,-0.12359775602817535
TBX3_RNA,-0.12365009635686874
GRB14_RNA,-0.12365055829286575
RBM43_RNA,-0.12365655601024628
LYL1_RNA,-0.12382561713457108
ZBTB7C_RNA,-0.12384247034788132
MESP2_RNA,-0.12394475936889648
RHO_RNA,-0.12397640198469162
GALNTL6_RNA,-0.12402337789535522
PARVG_RNA,-0.12405987828969955
SLC38A11_RNA,-0.124074786901474
ERLEC1_RNA,-0.12409182637929916
MS4A15_RNA,-0.12412606179714203
CTU1_RNA,-0.1241275817155838
ASB6_RNA,-0.12418654561042786
HNRNPL_RNA,-0.12418864667415619
KRT79_RNA,-0.12419459968805313
HNRNPK_RNA,-0.12419959902763367
COX11_RNA,-0.12426158785820007
GGN_RNA,-0.12435293197631836
EXOSC4_RNA,-0.12436842173337936
DRG1_RNA,-0.12439171969890594
F11R_RNA,-0.12439627945423126
SLC25A10_RNA,-0.12446866929531097
SLC25A40_RNA,-0.12448494136333466
ULBP1_RNA,-0.12448791414499283
AGXT_RNA,-0.1246492862701416
SLC46A3_RNA,-0.12470194697380066
DDC_RNA,-0.12472302466630936
TRMT1_RNA,-0.12478555738925934
ANKRD39_RNA,-0.12482582032680511
SYN3_RNA,-0.12483329325914383
PLEKHA4_RNA,-0.1248341053724289
NEUROG2_RNA,-0.12485025823116302
HMG20B_RNA,-0.124885194003582
PREP_RNA,-0.12490105628967285
PLOD3_RNA,-0.12490791082382202
LRRIQ1_RNA,-0.125009685754776
PPP2R3C_RNA,-0.12501370906829834
HDAC1_RNA,-0.12505531311035156
SOSTDC1_RNA,-0.1250855177640915
DNAJB6_RNA,-0.1252504289150238
VSX1_RNA,-0.12541921436786652
FAM136A_RNA,-0.12550042569637299
FCAMR_RNA,-0.12553320825099945
BMP6_RNA,-0.12558580935001373
RER1_RNA,-0.12560075521469116
CCL13_RNA,-0.12561799585819244
TIMM44_RNA,-0.1257067769765854
SUPT5H_RNA,-0.12574122846126556
ISM1_RNA,-0.12574715912342072
MRPL14_RNA,-0.1257902979850769
CR2_RNA,-0.12585270404815674
KCTD1_RNA,-0.12592566013336182
SMAD1_RNA,-0.12601381540298462
APIP_RNA,-0.12601716816425323
NSMCE4A_RNA,-0.12616683542728424
TCEA3_RNA,-0.12620431184768677
TMEM104_RNA,-0.12637953460216522
FRMPD1_RNA,-0.12642942368984222
SKAP1_RNA,-0.12643122673034668
DRAM2_RNA,-0.12647058069705963
SLC27A4_RNA,-0.12650832533836365
NTAN1_RNA,-0.12651439011096954
TMED2_RNA,-0.1265893131494522
PJA1_RNA,-0.1267823725938797
NOSIP_RNA,-0.12688575685024261
NUF2_RNA,-0.12688958644866943
IBSP_RNA,-0.12694557011127472
SEC11A_RNA,-0.12694582343101501
F2RL1_RNA,-0.12699288129806519
SMTN_RNA,-0.12700773775577545
SIX6_RNA,-0.1270376741886139
CCDC89_RNA,-0.1270519495010376
CDNF_RNA,-0.12705828249454498
TRIM28_RNA,-0.1271025836467743
IKBIP_RNA,-0.12713521718978882
INPP5A_RNA,-0.12715113162994385
EIF4A3_RNA,-0.12717121839523315
MMP11_RNA,-0.12717488408088684
NME2_RNA,-0.1271953582763672
CEBPA_RNA,-0.12724633514881134
GCLM_RNA,-0.12724776566028595
SDCBP2_RNA,-0.12727190554141998
APOL3_RNA,-0.12730057537555695
NPM1_RNA,-0.12731845676898956
WNT2_RNA,-0.12744812667369843
ILF3_RNA,-0.1274791955947876
DMWD_RNA,-0.12748199701309204
CCL28_RNA,-0.12750698626041412
PPP2R2A_RNA,-0.12752722203731537
FGF17_RNA,-0.1275852918624878
SELL_RNA,-0.12776340544223785
CNNM3_RNA,-0.1277642846107483
AASDHPPT_RNA,-0.12781593203544617
UBE2S_RNA,-0.12785089015960693
SHOX2_RNA,-0.12786749005317688
RCN3_RNA,-0.12796713411808014
PMEPA1_RNA,-0.12797628343105316
MMP25_RNA,-0.12797673046588898
APLP2_RNA,-0.12804560363292694
KPNA2_RNA,-0.12812530994415283
TP73_RNA,-0.12819698452949524
NIT1_RNA,-0.12821123003959656
PIRT_RNA,-0.1282523274421692
RAB34_RNA,-0.1282692402601242
DTNB_RNA,-0.12828980386257172
PPIL6_RNA,-0.12837578356266022
WDR82_RNA,-0.12840653955936432
RGMB_RNA,-0.12841929495334625
PNP_RNA,-0.1284567266702652
CALHM3_RNA,-0.12845958769321442
FAM120AOS_RNA,-0.12848453223705292
RDH14_RNA,-0.12850075960159302
ELANE_RNA,-0.12851129472255707
GPC2_RNA,-0.1285742074251175
HSP90B3P_RNA,-0.1285780370235443
GPR137B_RNA,-0.12861596047878265
GPC4_RNA,-0.12864930927753448
CD244_RNA,-0.12868113815784454
SFTPD_RNA,-0.12871116399765015
SDC2_RNA,-0.12872712314128876
LHFPL3_RNA,-0.12873347103595734
TMBIM1_RNA,-0.12882386147975922
SPINK1_RNA,-0.12888337671756744
AVEN_RNA,-0.1289817839860916
MLF1_RNA,-0.12904872000217438
NPS_RNA,-0.12905126810073853
AP2B1_RNA,-0.12908610701560974
SDK2_RNA,-0.12908682227134705
DPP6_RNA,-0.12908989191055298
WNT5B_RNA,-0.12914912402629852
TRIM21_RNA,-0.12918393313884735
CIC_RNA,-0.12919963896274567
TBC1D7_RNA,-0.1292756199836731
SH3BGRL2_RNA,-0.12928122282028198
RFX8_RNA,-0.1292993128299713
MUL1_RNA,-0.1293591409921646
CCDC59_RNA,-0.12938635051250458
RSL1D1_RNA,-0.12940922379493713
GALNT3_RNA,-0.12943795323371887
MRPS10_RNA,-0.12945635616779327
RXRA_RNA,-0.12957033514976501
APOBEC3H_RNA,-0.12959210574626923
HS6ST3_RNA,-0.12962515652179718
ADIPOR1_RNA,-0.1296452432870865
VSIG2_RNA,-0.12965263426303864
ZNF574_RNA,-0.1296665519475937
ORMDL3_RNA,-0.12976230680942535
BATF2_RNA,-0.12981711328029633
MSTO1_RNA,-0.12984304130077362
SCRIB_RNA,-0.1298474371433258
CAPN13_RNA,-0.12991324067115784
MMP9_RNA,-0.12991425395011902
LBX1_RNA,-0.12995776534080505
CCNB1IP1_RNA,-0.13003680109977722
TNF_RNA,-0.13005220890045166
ANKRD24_RNA,-0.13007718324661255
P4HB_RNA,-0.13023409247398376
ZNF804A_RNA,-0.13023632764816284
PIGH_RNA,-0.13026784360408783
LZTFL1_RNA,-0.13030284643173218
CHODL_RNA,-0.13032524287700653
NKX2-1_RNA,-0.13038134574890137
ITGB5_RNA,-0.1303986757993698
METRNL_RNA,-0.1304222047328949
CA14_RNA,-0.13042542338371277
KDSR_RNA,-0.1304292380809784
GMPR2_RNA,-0.1304437220096588
PTH2R_RNA,-0.13053582608699799
LSM14A_RNA,-0.13055108487606049
AKIRIN1_RNA,-0.13058987259864807
CHCHD7_RNA,-0.13059072196483612
CHST13_RNA,-0.13062894344329834
CCRL2_RNA,-0.13063398003578186
HAUS1_RNA,-0.1306736171245575
ERF_RNA,-0.13075247406959534
PLXDC1_RNA,-0.13076768815517426
LDHD_RNA,-0.1308073252439499
CLDND2_RNA,-0.1308320164680481
TMEM201_RNA,-0.1308743804693222
CTNND2_RNA,-0.13092361390590668
SLC35A1_RNA,-0.13094943761825562
CCT8_RNA,-0.13099966943264008
DOLPP1_RNA,-0.13100752234458923
ZNF511_RNA,-0.13101808726787567
SLAIN1_RNA,-0.13115763664245605
MBIP_RNA,-0.13121020793914795
L3MBTL2_RNA,-0.13121673464775085
RNF135_RNA,-0.13127364218235016
THYN1_RNA,-0.13127386569976807
TSPAN5_RNA,-0.13134005665779114
ANGPT4_RNA,-0.13134104013442993
EIF3F_RNA,-0.1313837617635727
EDN3_RNA,-0.1314108967781067
EGR2_RNA,-0.13145767152309418
NOS3_RNA,-0.13146071135997772
NRL_RNA,-0.13147296011447906
DOK5_RNA,-0.13147462904453278
MICAL2_RNA,-0.13149742782115936
MMADHC_RNA,-0.1316942423582077
RFC4_RNA,-0.13170799612998962
UCKL1_RNA,-0.13171601295471191
PELP1_RNA,-0.13187816739082336
RBBP7_RNA,-0.13194192945957184
DHRS2_RNA,-0.1319524645805359
LRFN5_RNA,-0.1320302039384842
NEUROG3_RNA,-0.13204456865787506
EIF6_RNA,-0.13216952979564667
GSTP1_RNA,-0.13225193321704865
HAUS8_RNA,-0.13236652314662933
TAF11_RNA,-0.13237960636615753
COLEC11_RNA,-0.13238853216171265
PTPRU_RNA,-0.1325833946466446
UBL3_RNA,-0.13259971141815186
GNLY_RNA,-0.1326405555009842
ELK3_RNA,-0.13264887034893036
UROD_RNA,-0.13266591727733612
UBA3_RNA,-0.1326965093612671
EIF4ENIF1_RNA,-0.13269798457622528
PPP6C_RNA,-0.1327732503414154
DPM1_RNA,-0.1327769011259079
IRF2_RNA,-0.1329611837863922
EIF4E2_RNA,-0.1330147087574005
IL17RE_RNA,-0.13306298851966858
TNFAIP8L2_RNA,-0.13310325145721436
POP4_RNA,-0.13314402103424072
TAF12_RNA,-0.1331685334444046
RNASE6_RNA,-0.1331995725631714
BET1_RNA,-0.13328148424625397
COQ9_RNA,-0.13338275253772736
HLA-DPB2_RNA,-0.13339683413505554
DRG2_RNA,-0.13342417776584625
CACNA1S_RNA,-0.13342945277690887
ASB5_RNA,-0.13348619639873505
TPI1_RNA,-0.1334996521472931
TRIM26_RNA,-0.13350267708301544
TSPAN11_RNA,-0.13355328142642975
RPL37_RNA,-0.1335916519165039
SNHG11_RNA,-0.13361242413520813
SPATA3_RNA,-0.13374771177768707
GINS2_RNA,-0.13384979963302612
SIVA1_RNA,-0.13386540114879608
SPRED2_RNA,-0.133876234292984
SFTA2_RNA,-0.1339142918586731
NELL2_RNA,-0.13391603529453278
ALDH1A3_RNA,-0.13398268818855286
ZNF205_RNA,-0.1339893788099289
EFNA1_RNA,-0.13410305976867676
TECTB_RNA,-0.13412314653396606
TNNC2_RNA,-0.13417544960975647
TSEN54_RNA,-0.13418620824813843
SIAH2_RNA,-0.1342277228832245
CST1_RNA,-0.13424575328826904
GRB2_RNA,-0.13425606489181519
ERCC3_RNA,-0.13437223434448242
PRMT2_RNA,-0.13437756896018982
METTL13_RNA,-0.13441912829875946
BAHD1_RNA,-0.1344365030527115
CLDN23_RNA,-0.13452473282814026
DENR_RNA,-0.13452820479869843
OGG1_RNA,-0.13456569612026215
MRPS18C_RNA,-0.13458454608917236
NCLN_RNA,-0.1346895545721054
SCNN1A_RNA,-0.13470213115215302
INSIG2_RNA,-0.13485990464687347
MYH14_RNA,-0.13494832813739777
LTF_RNA,-0.1349911391735077
SENP3_RNA,-0.13501010835170746
TAF9B_RNA,-0.13502395153045654
APOE_RNA,-0.13510723412036896
LETMD1_RNA,-0.13527028262615204
CDC42EP5_RNA,-0.13533297181129456
OPTN_RNA,-0.13542214035987854
CAV2_RNA,-0.1354345679283142
TPM4_RNA,-0.13553738594055176
GLRA2_RNA,-0.1355680376291275
DIAPH1_RNA,-0.13556835055351257
OPRK1_RNA,-0.13558034598827362
C1orf174_RNA,-0.135589599609375
CHST2_RNA,-0.13573667407035828
PRPSAP2_RNA,-0.1357482373714447
CGRRF1_RNA,-0.13582348823547363
PEX5L_RNA,-0.13585646450519562
KHDC1_RNA,-0.13597480952739716
TMEM100_RNA,-0.13601021468639374
KRT83_RNA,-0.13604635000228882
MLXIP_RNA,-0.13621336221694946
LYZL4_RNA,-0.13630245625972748
POU4F2_RNA,-0.13630376756191254
KLF4_RNA,-0.13635337352752686
GPR19_RNA,-0.136378213763237
MAFG_RNA,-0.13643378019332886
TMEM127_RNA,-0.13644741475582123
ACADM_RNA,-0.13655513525009155
XRCC6_RNA,-0.13655979931354523
NAGPA_RNA,-0.13656437397003174
PDE6H_RNA,-0.13660551607608795
CXCL3_RNA,-0.1366112381219864
TRIML2_RNA,-0.13675858080387115
WDR53_RNA,-0.13676372170448303
SDS_RNA,-0.1368165761232376
PRDM16_RNA,-0.13683822751045227
MON1A_RNA,-0.13686349987983704
KIR3DL2_RNA,-0.13688111305236816
SEC14L2_RNA,-0.13690434396266937
FGF22_RNA,-0.13695655763149261
ZC3H15_RNA,-0.13698454201221466
KLHDC8B_RNA,-0.1370117962360382
GRID1_RNA,-0.13705086708068848
TSC22D3_RNA,-0.1370544582605362
FAM78B_RNA,-0.13708271086215973
BAP1_RNA,-0.1371011734008789
EIF3IP1_RNA,-0.13715514540672302
GDE1_RNA,-0.1372186839580536
UBE2D3_RNA,-0.13722580671310425
MRPL16_RNA,-0.13733063638210297
GBA3_RNA,-0.13733956217765808
MPZ_RNA,-0.13737353682518005
BCL11A_RNA,-0.13745692372322083
GDPD2_RNA,-0.13746124505996704
HLA-DMB_RNA,-0.13749533891677856
LTB_RNA,-0.13751818239688873
PSMB6_RNA,-0.1375260204076767
LMAN2_RNA,-0.1377032995223999
TRIM47_RNA,-0.1377066820859909
RUVBL1_RNA,-0.13774515688419342
PGD_RNA,-0.13775892555713654
NAALADL1_RNA,-0.1378611922264099
BCS1L_RNA,-0.13793990015983582
OXGR1_RNA,-0.13800817728042603
HBA2_RNA,-0.13801920413970947
KRT31_RNA,-0.13808271288871765
RPF1_RNA,-0.13813278079032898
PINX1_RNA,-0.13828027248382568
GPRC5B_RNA,-0.13845205307006836
MARK2_RNA,-0.1385604441165924
TFDP1_RNA,-0.1386064738035202
MAPK12_RNA,-0.13860885798931122
NFKBIE_RNA,-0.13861027359962463
ERGIC3_RNA,-0.13865436613559723
MX1_RNA,-0.138669952750206
TRMT6_RNA,-0.1386902928352356
CHST12_RNA,-0.13870632648468018
PRKAG1_RNA,-0.13877825438976288
SPINK2_RNA,-0.13880574703216553
RARG_RNA,-0.13882289826869965
RWDD2A_RNA,-0.13882498443126678
HOXB5_RNA,-0.13894222676753998
DONSON_RNA,-0.13894975185394287
KIAA1755_RNA,-0.13895586133003235
CC2D1A_RNA,-0.13895952701568604
APOL4_RNA,-0.13902828097343445
RHBDF2_RNA,-0.13905774056911469
CMPK1_RNA,-0.13906846940517426
MSRB3_RNA,-0.13910357654094696
MEPCE_RNA,-0.13914063572883606
LINGO3_RNA,-0.13920451700687408
COMMD9_RNA,-0.13922514021396637
BNIP1_RNA,-0.13924603164196014
FIBP_RNA,-0.13929346203804016
TAF6_RNA,-0.13935138285160065
TPM1_RNA,-0.13935330510139465
VAMP3_RNA,-0.13947029411792755
AQP6_RNA,-0.13952071964740753
PPID_RNA,-0.13961505889892578
CCDC8_RNA,-0.13963571190834045
MDH1B_RNA,-0.1396521031856537
PSMD8_RNA,-0.13968859612941742
CHPT1_RNA,-0.1396985501050949
BRD2_RNA,-0.13982447981834412
GLT8D1_RNA,-0.13988777995109558
C1QTNF3_RNA,-0.13995583355426788
TOE1_RNA,-0.13997559249401093
ANTXRL_RNA,-0.14003689587116241
CHRNB4_RNA,-0.14006496965885162
MCCC2_RNA,-0.14009897410869598
CDK2_RNA,-0.14009961485862732
PIM2_RNA,-0.14016744494438171
SMARCAL1_RNA,-0.14017364382743835
AACS_RNA,-0.1402561515569687
ACOX2_RNA,-0.14025788009166718
RNF13_RNA,-0.1403917372226715
SPATS2L_RNA,-0.14041729271411896
EXOSC5_RNA,-0.14045332372188568
GDF15_RNA,-0.14049507677555084
RFC2_RNA,-0.14055293798446655
ERP27_RNA,-0.1405646950006485
DHRS7B_RNA,-0.14068955183029175
DNASE1L1_RNA,-0.14070193469524384
WIPF1_RNA,-0.14077407121658325
GLRX3_RNA,-0.1408187448978424
SF3B2_RNA,-0.14082244038581848
ATG3_RNA,-0.14082637429237366
LMO2_RNA,-0.14085374772548676
S100A9_RNA,-0.14094729721546173
CDKN3_RNA,-0.1409597545862198
PCDH8_RNA,-0.14101871848106384
LCN8_RNA,-0.1410396546125412
USP27X_RNA,-0.1410796046257019
BID_RNA,-0.1412099152803421
GFI1B_RNA,-0.14128923416137695
LY6G6C_RNA,-0.14135771989822388
TSPYL1_RNA,-0.14139804244041443
STIM1_RNA,-0.14152643084526062
TDRD9_RNA,-0.14153285324573517
RAB42_RNA,-0.141598641872406
FKBP4_RNA,-0.1416037380695343
PPIH_RNA,-0.14169929921627045
RHEBL1_RNA,-0.14171931147575378
RIBC1_RNA,-0.14175577461719513
PGAP3_RNA,-0.14176365733146667
ADAM15_RNA,-0.14176839590072632
LUC7L2_RNA,-0.14177189767360687
STK32B_RNA,-0.1418665200471878
CLDN1_RNA,-0.14191633462905884
IMPA2_RNA,-0.14198531210422516
ATF3_RNA,-0.14200638234615326
POSTN_RNA,-0.14207397401332855
ROBO3_RNA,-0.1420898735523224
ADCY2_RNA,-0.14216963946819305
MCM7_RNA,-0.14219148457050323
SIAH1_RNA,-0.14219890534877777
RPS15A_RNA,-0.14223432540893555
CNBP_RNA,-0.14225661754608154
LHX1_RNA,-0.14226171374320984
TNPO2_RNA,-0.14227895438671112
RNF125_RNA,-0.14236639440059662
SORCS1_RNA,-0.1424689143896103
CTDSP1_RNA,-0.14253348112106323
COX6A1_RNA,-0.14254821836948395
PPIL2_RNA,-0.1425514817237854
RTKN_RNA,-0.1425734907388687
ANKRD13D_RNA,-0.14264827966690063
GDNF_RNA,-0.14272668957710266
MBD3_RNA,-0.14275497198104858
C18orf21_RNA,-0.1427706778049469
ANXA7_RNA,-0.14277641475200653
NR2C2AP_RNA,-0.1427810788154602
GATA6_RNA,-0.1428202986717224
RGN_RNA,-0.14286407828330994
THOP1_RNA,-0.14294758439064026
PRSS21_RNA,-0.14302405714988708
CALHM1_RNA,-0.14303265511989594
SLC25A29_RNA,-0.14309847354888916
CD58_RNA,-0.143128901720047
TMEM200B_RNA,-0.1432759165763855
ATP6V0A1_RNA,-0.1432938575744629
CCNE1_RNA,-0.14340533316135406
TCN2_RNA,-0.14342021942138672
GRHL3_RNA,-0.14345239102840424
UBTF_RNA,-0.14348210394382477
CDKN1B_RNA,-0.14348281919956207
RGR_RNA,-0.143605574965477
IQCD_RNA,-0.14376133680343628
CCR5_RNA,-0.14376172423362732
JPH1_RNA,-0.14383593201637268
RPL7A_RNA,-0.14393945038318634
LRIT2_RNA,-0.1440841108560562
UBE2J1_RNA,-0.1440982222557068
LRRC47_RNA,-0.14423519372940063
CDH13_RNA,-0.14426633715629578
ST6GALNAC1_RNA,-0.14428646862506866
CLEC1A_RNA,-0.1445336937904358
S1PR1_RNA,-0.1445716917514801
AMDHD1_RNA,-0.14465026557445526
NQO2_RNA,-0.1446520835161209
UROS_RNA,-0.14471334218978882
SLC16A2_RNA,-0.14479835331439972
PSMD4_RNA,-0.14482229948043823
CALCB_RNA,-0.1448489874601364
IQSEC1_RNA,-0.1449006050825119
MYRIP_RNA,-0.1449972242116928
NKRF_RNA,-0.14502033591270447
PCK2_RNA,-0.14502817392349243
MMP13_RNA,-0.1450391262769699
SMTNL2_RNA,-0.1450718641281128
STAP2_RNA,-0.1451023370027542
CNGA4_RNA,-0.14514374732971191
IRF3_RNA,-0.14516794681549072
MRPS35_RNA,-0.1451740860939026
FEZ2_RNA,-0.14532731473445892
TMEM91_RNA,-0.14535804092884064
PRMT1_RNA,-0.14541766047477722
MB_RNA,-0.1456613540649414
RNF113A_RNA,-0.1456954926252365
DDIT3_RNA,-0.14570727944374084
CYB5R1_RNA,-0.14570757746696472
PLCB2_RNA,-0.14574845135211945
STARD3NL_RNA,-0.14578095078468323
GLI4_RNA,-0.14591927826404572
PILRA_RNA,-0.14597027003765106
MC5R_RNA,-0.14599497616291046
DAAM2_RNA,-0.14603491127490997
CYFIP2_RNA,-0.14604417979717255
SLC5A1_RNA,-0.14612537622451782
TRAP1_RNA,-0.14619672298431396
MED18_RNA,-0.14622433483600616
SYCE1_RNA,-0.14625237882137299
MPP1_RNA,-0.14635422825813293
WIPF2_RNA,-0.14639653265476227
ELSPBP1_RNA,-0.14641250669956207
THTPA_RNA,-0.14643913507461548
KCNB2_RNA,-0.14646808803081512
PRKACB_RNA,-0.1466768980026245
ATP6V1H_RNA,-0.14668236672878265
FRAT1_RNA,-0.14672249555587769
KCNK2_RNA,-0.14673234522342682
TKT_RNA,-0.14676067233085632
LTBR_RNA,-0.1467835009098053
TPD52L2_RNA,-0.14678727090358734
DVL1_RNA,-0.1467982828617096
VIT_RNA,-0.1468014419078827
DENND4B_RNA,-0.14680889248847961
ZNF664_RNA,-0.14693596959114075
TMEM220_RNA,-0.14701205492019653
CS_RNA,-0.14703667163848877
TAP2_RNA,-0.14704632759094238
R3HCC1_RNA,-0.14706850051879883
DDRGK1_RNA,-0.14707089960575104
GALNT12_RNA,-0.14716121554374695
EIF4A2_RNA,-0.1471673846244812
DBH_RNA,-0.14726530015468597
NR2F6_RNA,-0.14726613461971283
SNX32_RNA,-0.1472999006509781
MFSD6_RNA,-0.14741648733615875
PON2_RNA,-0.1474238783121109
TBPL1_RNA,-0.14743001759052277
ACP2_RNA,-0.14745710790157318
TNFAIP8L1_RNA,-0.14751304686069489
CLCF1_RNA,-0.14751537144184113
SH3RF2_RNA,-0.1475415676832199
ATP6V0E2_RNA,-0.14757323265075684
YTHDF1_RNA,-0.14759601652622223
MKX_RNA,-0.14760006964206696
UAP1L1_RNA,-0.1476665437221527
GAS5_RNA,-0.14767496287822723
CARD10_RNA,-0.1477169245481491
NMRAL1_RNA,-0.14772287011146545
GMIP_RNA,-0.1477411836385727
PROCA1_RNA,-0.14779220521450043
KCTD15_RNA,-0.14780496060848236
ELF5_RNA,-0.14784805476665497
COL9A2_RNA,-0.1479703187942505
LOC153910_RNA,-0.1481305956840515
SLC17A9_RNA,-0.1481705904006958
RAD9A_RNA,-0.14819137752056122
CDKN2C_RNA,-0.14823269844055176
GPI_RNA,-0.1483706384897232
NKX3-2_RNA,-0.1484905183315277
ZNF354A_RNA,-0.14849205315113068
SLC6A12_RNA,-0.148591086268425
TSSK6_RNA,-0.14865685999393463
VPS72_RNA,-0.1486586630344391
SURF6_RNA,-0.1486605405807495
KIAA2013_RNA,-0.1487075835466385
VMO1_RNA,-0.14872650802135468
ENPP6_RNA,-0.1487862765789032
CCDC152_RNA,-0.14884239435195923
GPR173_RNA,-0.1488674134016037
UTS2R_RNA,-0.14893753826618195
PIGS_RNA,-0.14895473420619965
NGRN_RNA,-0.14897683262825012
PSMB3_RNA,-0.14908665418624878
GLOD4_RNA,-0.14912191033363342
MYADML2_RNA,-0.14913660287857056
COQ10A_RNA,-0.14927208423614502
AAMP_RNA,-0.14933495223522186
FGF20_RNA,-0.149370014667511
TMEM63B_RNA,-0.14940330386161804
CD53_RNA,-0.1494135558605194
PEX5_RNA,-0.14947101473808289
LYRM4_RNA,-0.149484783411026
ACTR1A_RNA,-0.1495080143213272
CTSO_RNA,-0.14952950179576874
SMPD4_RNA,-0.14955748617649078
SSR2_RNA,-0.14957569539546967
SPATS2_RNA,-0.14966866374015808
SPATA20_RNA,-0.1496698558330536
TMEM177_RNA,-0.14967255294322968
AP2A2_RNA,-0.14968323707580566
TRA2A_RNA,-0.1497231423854828
GPR84_RNA,-0.14975979924201965
CXCL2_RNA,-0.14976412057876587
COPS4_RNA,-0.1497996598482132
TRIM54_RNA,-0.14981599152088165
LSP1_RNA,-0.14985336363315582
UBR7_RNA,-0.14990293979644775
CD59_RNA,-0.15014374256134033
ALKBH2_RNA,-0.15015488862991333
RIN1_RNA,-0.1502843052148819
CD14_RNA,-0.15034326910972595
CBLL1_RNA,-0.1504918485879898
TMEM186_RNA,-0.15051612257957458
TSPAN3_RNA,-0.15056923031806946
HGSNAT_RNA,-0.15057750046253204
PAGE5_RNA,-0.15076611936092377
BCL7C_RNA,-0.1507684588432312
MRPL2_RNA,-0.15079040825366974
MRTO4_RNA,-0.15088655054569244
SLC2A11_RNA,-0.15104630589485168
CD68_RNA,-0.15105779469013214
HIBADH_RNA,-0.15111930668354034
NEURL1B_RNA,-0.15113694965839386
ABR_RNA,-0.15115253627300262
VSTM1_RNA,-0.1511603444814682
TOMM20_RNA,-0.15118540823459625
CDH24_RNA,-0.15119171142578125
CCNY_RNA,-0.15126833319664001
EPHX2_RNA,-0.15141184628009796
TMEM37_RNA,-0.15141597390174866
ADK_RNA,-0.1514364331960678
MRPL55_RNA,-0.15150097012519836
TOP1MT_RNA,-0.15152347087860107
SLC22A5_RNA,-0.15154646337032318
PPP2R1A_RNA,-0.15156929194927216
RNASEH1_RNA,-0.15160594880580902
TXNL4B_RNA,-0.15162687003612518
SEMA4G_RNA,-0.15165750682353973
RPUSD3_RNA,-0.15166454017162323
ACTL8_RNA,-0.15168139338493347
WIPI2_RNA,-0.1517060250043869
MSL3_RNA,-0.15173819661140442
ANXA13_RNA,-0.15176968276500702
POLDIP3_RNA,-0.1517830640077591
CCL8_RNA,-0.15180560946464539
EFNA5_RNA,-0.15181103348731995
GOLT1B_RNA,-0.1518116295337677
METAP2_RNA,-0.15187817811965942
BPGM_RNA,-0.15194819867610931
MEOX2_RNA,-0.15200543403625488
BTF3L4_RNA,-0.1520514339208603
QRFPR_RNA,-0.15209540724754333
POLR2H_RNA,-0.15213726460933685
DAZAP1_RNA,-0.15215948224067688
THNSL2_RNA,-0.15216796100139618
STOML1_RNA,-0.15217795968055725
GTF2E2_RNA,-0.15221785008907318
ETV7_RNA,-0.15230131149291992
FADS2_RNA,-0.1523398607969284
TMEM50B_RNA,-0.15234453976154327
RPS6KA4_RNA,-0.15237261354923248
GOLPH3_RNA,-0.15246973931789398
ESD_RNA,-0.1524815559387207
PSMB10_RNA,-0.15250083804130554
IGFBP2_RNA,-0.15259183943271637
PBX3_RNA,-0.15270322561264038
RIMKLA_RNA,-0.15273530781269073
RGS5_RNA,-0.15273620188236237
SPRED3_RNA,-0.15286403894424438
PLA2G6_RNA,-0.15289556980133057
BRPF3_RNA,-0.15292049944400787
SEPHS1_RNA,-0.15296059846878052
IVD_RNA,-0.15299822390079498
RCOR2_RNA,-0.15300413966178894
DUSP22_RNA,-0.15301506221294403
CALM1_RNA,-0.1530330330133438
SYDE1_RNA,-0.15307393670082092
MIAT_RNA,-0.1531197875738144
ING4_RNA,-0.15313544869422913
RIMS4_RNA,-0.15316317975521088
TMEM44_RNA,-0.15320482850074768
MRPL11_RNA,-0.15320493280887604
PPP1CC_RNA,-0.15326398611068726
SHH_RNA,-0.15334001183509827
NCBP2_RNA,-0.15337511897087097
BATF_RNA,-0.15338921546936035
PUF60_RNA,-0.15339821577072144
KLK10_RNA,-0.1534283608198166
PRSS36_RNA,-0.15345285832881927
ISOC2_RNA,-0.15349845588207245
SLC2A4_RNA,-0.15360403060913086
ARL9_RNA,-0.1536986529827118
DNAJC5G_RNA,-0.15372413396835327
FBXL7_RNA,-0.15382196009159088
BOD1_RNA,-0.15383385121822357
DDX56_RNA,-0.15384911000728607
IL12A_RNA,-0.15385915338993073
IL11RA_RNA,-0.153864786028862
FAM167A_RNA,-0.1538802832365036
ENC1_RNA,-0.15389826893806458
PTPMT1_RNA,-0.15392057597637177
FKBP7_RNA,-0.15396994352340698
B3GALT4_RNA,-0.1540358066558838
SAE1_RNA,-0.15407694876194
NUDT19_RNA,-0.15411348640918732
SKAP2_RNA,-0.1541968137025833
TOM1_RNA,-0.1542365998029709
CAMK2G_RNA,-0.15423710644245148
TMED3_RNA,-0.1542595773935318
XKR8_RNA,-0.1543288230895996
KLHDC8A_RNA,-0.1543371081352234
ICAM2_RNA,-0.15439125895500183
CA3_RNA,-0.1544536054134369
RAB11FIP5_RNA,-0.15452179312705994
CDX1_RNA,-0.15456317365169525
PPIL3_RNA,-0.15457837283611298
ELOVL3_RNA,-0.1546136438846588
STOM_RNA,-0.15466944873332977
PRLHR_RNA,-0.1546793282032013
PLD6_RNA,-0.15468914806842804
CLEC3A_RNA,-0.15470460057258606
SLC25A38_RNA,-0.1547965556383133
STX8_RNA,-0.15481866896152496
NR1H3_RNA,-0.15485703945159912
AGPAT3_RNA,-0.15491613745689392
PRRT3_RNA,-0.15502089262008667
TWIST1_RNA,-0.15509788691997528
ATP12A_RNA,-0.15512919425964355
KCNMB4_RNA,-0.1551816314458847
LPA_RNA,-0.15518862009048462
H19_RNA,-0.15522006154060364
CCDC112_RNA,-0.15527184307575226
RAB32_RNA,-0.15527988970279694
ULBP2_RNA,-0.15536414086818695
LAYN_RNA,-0.15537293255329132
TMEM31_RNA,-0.15538333356380463
KRT3_RNA,-0.15541395545005798
ST8SIA2_RNA,-0.15544076263904572
DERL1_RNA,-0.15546219050884247
ALDOC_RNA,-0.15547966957092285
SMPD1_RNA,-0.15551282465457916
SGPP2_RNA,-0.15557506680488586
ACE_RNA,-0.15565958619117737
CSNK1G2_RNA,-0.1556772142648697
NEUROD4_RNA,-0.15569213032722473
C1QBP_RNA,-0.15570253133773804
MEIG1_RNA,-0.15572421252727509
DUS4L_RNA,-0.1557280272245407
AIFM1_RNA,-0.1557285040616989
TMEM198_RNA,-0.1558283567428589
BLVRB_RNA,-0.1558300256729126
ACTN1_RNA,-0.15585815906524658
GTF3C5_RNA,-0.15587976574897766
ZGLP1_RNA,-0.15600748360157013
SMYD1_RNA,-0.15601012110710144
APBB3_RNA,-0.15601779520511627
ZDHHC9_RNA,-0.15614323318004608
KCMF1_RNA,-0.15621943771839142
FGF10_RNA,-0.15632133185863495
GOLM1_RNA,-0.15640218555927277
PLEKHF1_RNA,-0.1564142107963562
FAM83D_RNA,-0.15657448768615723
PHC2_RNA,-0.15660227835178375
RPL13A_RNA,-0.1566133201122284
NEIL2_RNA,-0.15662093460559845
CD99L2_RNA,-0.15662945806980133
C1orf56_RNA,-0.15666106343269348
C6orf62_RNA,-0.15678046643733978
NMUR1_RNA,-0.15679381787776947
FSTL3_RNA,-0.1567959487438202
FTCD_RNA,-0.15686950087547302
TXNRD2_RNA,-0.1569995880126953
ADAM23_RNA,-0.15715891122817993
CCDC42_RNA,-0.15715976059436798
HLA-F_RNA,-0.15716448426246643
FGFR4_RNA,-0.1572069376707077
CISH_RNA,-0.157283216714859
MAF_RNA,-0.15728579461574554
PIP4K2A_RNA,-0.1573241502046585
TMEM223_RNA,-0.15735672414302826
HSPA12B_RNA,-0.15738829970359802
KISS1_RNA,-0.15738965570926666
CCDC71_RNA,-0.1573958843946457
SRA1_RNA,-0.15745723247528076
GOLGA7_RNA,-0.1574867069721222
ECE2_RNA,-0.1575271040201187
TTC1_RNA,-0.1575758010149002
GJB5_RNA,-0.15757636725902557
NANS_RNA,-0.15757791697978973
SEC63_RNA,-0.15759900212287903
DEGS1_RNA,-0.15766207873821259
TMEM97_RNA,-0.15767326951026917
PMPCA_RNA,-0.1576870232820511
CRYBB2_RNA,-0.1576870232820511
PCYT2_RNA,-0.15771576762199402
CYP1A1_RNA,-0.15776178240776062
SCD5_RNA,-0.15781480073928833
RBM3_RNA,-0.15781785547733307
ESM1_RNA,-0.1578994244337082
PDF_RNA,-0.15793487429618835
TNFRSF4_RNA,-0.15795618295669556
NUP62CL_RNA,-0.1580321043729782
KCTD6_RNA,-0.1580749899148941
CLEC9A_RNA,-0.15808631479740143
ADRB3_RNA,-0.1581188291311264
RBM17_RNA,-0.15815992653369904
GLO1_RNA,-0.1582200825214386
BZW2_RNA,-0.15825138986110687
LY6D_RNA,-0.15826407074928284
ZNF384_RNA,-0.15827880799770355
WDR38_RNA,-0.158386692404747
RPS27_RNA,-0.1584952026605606
SIX5_RNA,-0.15874405205249786
RHOQ_RNA,-0.15875697135925293
MAN1C1_RNA,-0.15887095034122467
FETUB_RNA,-0.1588868796825409
VASN_RNA,-0.15898068249225616
SIDT1_RNA,-0.15899284183979034
RPL9_RNA,-0.1590149700641632
NAA38_RNA,-0.15906187891960144
ZFAND5_RNA,-0.1591464877128601
LENG1_RNA,-0.1591644585132599
RPS20_RNA,-0.1591986119747162
PAX5_RNA,-0.15927106142044067
KCNK9_RNA,-0.15930424630641937
TOR1A_RNA,-0.15938735008239746
SCARA5_RNA,-0.1595548391342163
NUDT7_RNA,-0.1595732867717743
MCM6_RNA,-0.15958844125270844
MVD_RNA,-0.15962821245193481
MYLK2_RNA,-0.15972588956356049
CCL22_RNA,-0.15973705053329468
KRTCAP2_RNA,-0.15976689755916595
COPS5_RNA,-0.15977953374385834
MKNK1_RNA,-0.15981091558933258
PDIA3_RNA,-0.15987993776798248
MARCKS_RNA,-0.1599261611700058
COL6A2_RNA,-0.1599644124507904
TRAF7_RNA,-0.16007475554943085
CD276_RNA,-0.16019752621650696
RAB11A_RNA,-0.1602661907672882
VPS33B_RNA,-0.160304993391037
FAM177A1_RNA,-0.16033001244068146
PPP1R3E_RNA,-0.16036468744277954
CTSA_RNA,-0.16037367284297943
RNFT1_RNA,-0.1603827178478241
RRAS2_RNA,-0.16039730608463287
RNH1_RNA,-0.1604376882314682
RELB_RNA,-0.16044491529464722
KLHL17_RNA,-0.16049349308013916
C1QL4_RNA,-0.16050510108470917
PHF23_RNA,-0.16052012145519257
GRTP1_RNA,-0.1605331152677536
RPL36_RNA,-0.16061082482337952
ZFYVE19_RNA,-0.16063405573368073
ACSL6_RNA,-0.16066063940525055
UTF1_RNA,-0.16066358983516693
ANKRD46_RNA,-0.16076907515525818
LYPLA2_RNA,-0.1608010083436966
FAM81B_RNA,-0.16080647706985474
CHRNA3_RNA,-0.16082832217216492
SIDT2_RNA,-0.16087332367897034
AIFM2_RNA,-0.1609630286693573
OSGIN1_RNA,-0.1610489785671234
FAM98A_RNA,-0.16111208498477936
CNOT8_RNA,-0.16128426790237427
RPL6_RNA,-0.161421999335289
PEX16_RNA,-0.16168157756328583
ACTA1_RNA,-0.16170258820056915
FOXRED1_RNA,-0.16179265081882477
ZNF408_RNA,-0.16188137233257294
NFKBIL1_RNA,-0.16190189123153687
DNAJC19_RNA,-0.16190743446350098
RPL18A_RNA,-0.16196659207344055
TNNC1_RNA,-0.1620446741580963
SLC22A6_RNA,-0.16211038827896118
NPY5R_RNA,-0.16212695837020874
REM2_RNA,-0.16222941875457764
BTG1_RNA,-0.16224025189876556
CORO7_RNA,-0.16236130893230438
SLC1A7_RNA,-0.16237345337867737
STIP1_RNA,-0.16244076192378998
KCTD5_RNA,-0.16281801462173462
DNPEP_RNA,-0.16282221674919128
PLA2G2D_RNA,-0.16282571852207184
NIPAL2_RNA,-0.16286151111125946
MIER2_RNA,-0.16305366158485413
LAPTM4B_RNA,-0.16311205923557281
IRAK1_RNA,-0.163142591714859
ASNSD1_RNA,-0.16322125494480133
RABAC1_RNA,-0.16324986517429352
ANKRD22_RNA,-0.16326697170734406
DCAKD_RNA,-0.16328610479831696
THAP2_RNA,-0.16330868005752563
LUC7L3_RNA,-0.1633632779121399
BLNK_RNA,-0.16342243552207947
GLYR1_RNA,-0.16343285143375397
ERAS_RNA,-0.16347023844718933
EID2B_RNA,-0.1634865254163742
HMGN4_RNA,-0.16349218785762787
PRPSAP1_RNA,-0.16350623965263367
PTN_RNA,-0.16353607177734375
LEPROT_RNA,-0.1635913997888565
GZMM_RNA,-0.16366839408874512
BAALC_RNA,-0.16377893090248108
CARHSP1_RNA,-0.16379816830158234
ST6GALNAC3_RNA,-0.1638009399175644
ZNF787_RNA,-0.16385547816753387
PKN1_RNA,-0.16403310000896454
HOMER3_RNA,-0.16404074430465698
LRRC52_RNA,-0.16416102647781372
TRAM1_RNA,-0.16417811810970306
EPOR_RNA,-0.16420729458332062
ZNF512_RNA,-0.1642482876777649
RNF122_RNA,-0.16425186395645142
CDC34_RNA,-0.16426125168800354
FURIN_RNA,-0.16434036195278168
HDAC11_RNA,-0.1643490046262741
LHX3_RNA,-0.1644143909215927
MAGEF1_RNA,-0.16442279517650604
AIF1L_RNA,-0.16449573636054993
NKAP_RNA,-0.16464607417583466
VPS4A_RNA,-0.1647115796804428
S100A14_RNA,-0.16472023725509644
CDH3_RNA,-0.16477225720882416
TCEAL8_RNA,-0.16478079557418823
ISG15_RNA,-0.16483062505722046
DPH5_RNA,-0.16485434770584106
PSMD2_RNA,-0.16491279006004333
KLK4_RNA,-0.16492819786071777
NDP_RNA,-0.16498473286628723
FUNDC2_RNA,-0.16500742733478546
LYPLA1_RNA,-0.16502778232097626
MKKS_RNA,-0.16504137217998505
NLGN3_RNA,-0.16512250900268555
GSN_RNA,-0.16512972116470337
BCL2A1_RNA,-0.16514801979064941
LY6G5B_RNA,-0.1651882380247116
ANO3_RNA,-0.16520380973815918
ZNHIT1_RNA,-0.16523820161819458
GGA3_RNA,-0.16524246335029602
B4GALT6_RNA,-0.1652703881263733
SLITRK1_RNA,-0.16531144082546234
UNG_RNA,-0.1653302013874054
DOLK_RNA,-0.16537851095199585
TACR3_RNA,-0.1656915247440338
FH_RNA,-0.1656973958015442
FAH_RNA,-0.1657346785068512
CASC3_RNA,-0.1657351553440094
RPS27L_RNA,-0.16576534509658813
CDADC1_RNA,-0.16581779718399048
OASL_RNA,-0.1658501923084259
PORCN_RNA,-0.1658751517534256
LGMN_RNA,-0.1659289449453354
FAM181A_RNA,-0.16593891382217407
COCH_RNA,-0.16594794392585754
ACO2_RNA,-0.1659662425518036
PACSIN3_RNA,-0.16596850752830505
NMUR2_RNA,-0.1660095900297165
PTK2B_RNA,-0.16603320837020874
WNT9A_RNA,-0.1660751849412918
CSGALNACT1_RNA,-0.16618001461029053
INPP5K_RNA,-0.16618746519088745
ETV3L_RNA,-0.1662411093711853
MCRS1_RNA,-0.16626422107219696
ZFP36L2_RNA,-0.16627997159957886
RAN_RNA,-0.16629494726657867
ANP32E_RNA,-0.16630017757415771
MMP15_RNA,-0.16630111634731293
RPS19_RNA,-0.16631494462490082
SNRPD1_RNA,-0.16637089848518372
THAP7_RNA,-0.16637171804904938
SDCBP_RNA,-0.1664109081029892
PSPH_RNA,-0.16641591489315033
B9D2_RNA,-0.16649523377418518
RAB35_RNA,-0.16657811403274536
UMODL1_RNA,-0.16658498346805573
GGPS1_RNA,-0.1666858047246933
ITPA_RNA,-0.16676972806453705
EIF2B1_RNA,-0.16677877306938171
MAT2A_RNA,-0.16682063043117523
TUBA1A_RNA,-0.1668918877840042
ESRP1_RNA,-0.16689588129520416
ORMDL2_RNA,-0.16700193285942078
IGBP1_RNA,-0.16700579226016998
FOXF1_RNA,-0.16706372797489166
TACC2_RNA,-0.1672254055738449
CD247_RNA,-0.16738581657409668
TUFM_RNA,-0.16739553213119507
MRPL18_RNA,-0.16749535501003265
AP1M2_RNA,-0.16755737364292145
SLC35B1_RNA,-0.1676783263683319
DSG2_RNA,-0.16770263016223907
HOXD3_RNA,-0.1677061766386032
FBXL22_RNA,-0.16772302985191345
RRM2_RNA,-0.16775810718536377
EAPP_RNA,-0.16777385771274567
CCL7_RNA,-0.1678110510110855
MRPS11_RNA,-0.16783234477043152
KRTAP5-9_RNA,-0.16783878207206726
EIF3I_RNA,-0.1679283082485199
MRFAP1L1_RNA,-0.16796760261058807
SLC17A8_RNA,-0.16804084181785583
PIGF_RNA,-0.1680523306131363
SERPINA5_RNA,-0.1680648922920227
CCT7_RNA,-0.16811738908290863
CCDC24_RNA,-0.16813528537750244
PYGM_RNA,-0.16817516088485718
CASP9_RNA,-0.16824807226657867
FPGS_RNA,-0.1682821661233902
IL6_RNA,-0.16831405460834503
TMEM102_RNA,-0.16835668683052063
CNN2_RNA,-0.16846376657485962
VDAC1_RNA,-0.1685773730278015
TXNDC9_RNA,-0.1686178296804428
GPR139_RNA,-0.16862384974956512
PATZ1_RNA,-0.16866327822208405
VAMP4_RNA,-0.16866900026798248
AKR1A1_RNA,-0.16874296963214874
HDC_RNA,-0.16875781118869781
TPM3_RNA,-0.1687958985567093
RBM7_RNA,-0.16880576312541962
LRRC4_RNA,-0.1688244342803955
FBLN5_RNA,-0.16886873543262482
LRRC56_RNA,-0.16895818710327148
RAB37_RNA,-0.16896262764930725
LENG8_RNA,-0.16898907721042633
CASQ1_RNA,-0.16903987526893616
PLIN3_RNA,-0.1690405011177063
DBF4B_RNA,-0.16904231905937195
SHISA6_RNA,-0.16909052431583405
PSMD11_RNA,-0.16913169622421265
ANKRD34C_RNA,-0.1691731959581375
AP1S3_RNA,-0.16920538246631622
COX6A2_RNA,-0.1693204641342163
ELN_RNA,-0.169383242726326
TRIM62_RNA,-0.16942937672138214
BAIAP2_RNA,-0.16944299638271332
SCYL1_RNA,-0.16947698593139648
CREB3_RNA,-0.16949254274368286
HLX_RNA,-0.16952194273471832
CST7_RNA,-0.16952645778656006
ZNF174_RNA,-0.16953228414058685
GPR108_RNA,-0.16957007348537445
PLD4_RNA,-0.16969577968120575
CYP26A1_RNA,-0.16970771551132202
PBK_RNA,-0.1698441356420517
KCNH4_RNA,-0.1698857545852661
DCDC2_RNA,-0.16989576816558838
PSMB4_RNA,-0.16995668411254883
PKIB_RNA,-0.16996978223323822
HTRA2_RNA,-0.17002534866333008
GCH1_RNA,-0.1701248288154602
AUP1_RNA,-0.17014966905117035
MBLAC2_RNA,-0.17015768587589264
RPP38_RNA,-0.17017705738544464
SPAG6_RNA,-0.1702008992433548
HMGB1_RNA,-0.17023779451847076
CLCNKB_RNA,-0.17029206454753876
PSMB1_RNA,-0.17038635909557343
SLPI_RNA,-0.17042526602745056
WDR54_RNA,-0.17044517397880554
HRK_RNA,-0.17049814760684967
GPR85_RNA,-0.17051705718040466
FKBP11_RNA,-0.17060397565364838
TIAL1_RNA,-0.17064513266086578
CDC16_RNA,-0.17064976692199707
PRNP_RNA,-0.17076249420642853
MAP4K1_RNA,-0.17078131437301636
KIF18B_RNA,-0.1707966923713684
PRKAB1_RNA,-0.17084552347660065
DDX1_RNA,-0.17086119949817657
MACROD1_RNA,-0.1709243506193161
C12orf57_RNA,-0.17096084356307983
TTC7B_RNA,-0.1709948629140854
OBP2A_RNA,-0.17100557684898376
TFEB_RNA,-0.17105120420455933
PRR11_RNA,-0.17110207676887512
CHRNB1_RNA,-0.1712927520275116
TMEM129_RNA,-0.1713722199201584
UBA5_RNA,-0.1714506894350052
BCL9_RNA,-0.17145144939422607
COL9A1_RNA,-0.17147588729858398
DBP_RNA,-0.1715206503868103
PXN_RNA,-0.17158013582229614
CNTNAP2_RNA,-0.1715961992740631
IRX2_RNA,-0.17161506414413452
B4GALT1_RNA,-0.17163431644439697
CXXC1_RNA,-0.17164890468120575
ST7_RNA,-0.17165569961071014
PTGFR_RNA,-0.17171752452850342
AIG1_RNA,-0.17173610627651215
FAM131A_RNA,-0.17174004018306732
LYAR_RNA,-0.17179346084594727
KIF6_RNA,-0.17182117700576782
TMEM171_RNA,-0.17186352610588074
SUSD5_RNA,-0.1719312071800232
TMEM144_RNA,-0.17196378111839294
HAX1_RNA,-0.17197686433792114
SOX21_RNA,-0.17199507355690002
MPPED2_RNA,-0.17210233211517334
BTG2_RNA,-0.1721077561378479
SLC44A2_RNA,-0.172166645526886
MMD_RNA,-0.1723112314939499
TTLL1_RNA,-0.17233285307884216
GIPC2_RNA,-0.17233635485172272
EGFLAM_RNA,-0.1723834127187729
MED11_RNA,-0.17244622111320496
DDX51_RNA,-0.17246562242507935
HLA-DRA_RNA,-0.17249129712581635
SKA2_RNA,-0.17261898517608643
ARL11_RNA,-0.17265337705612183
NUDT16_RNA,-0.1727186143398285
RNF166_RNA,-0.17276513576507568
NAAA_RNA,-0.1728074550628662
C1orf87_RNA,-0.1729215681552887
ARPC4_RNA,-0.17299588024616241
NASP_RNA,-0.17300713062286377
SDF4_RNA,-0.17306451499462128
UBAC2_RNA,-0.17307254672050476
CDKN2AIP_RNA,-0.17314554750919342
ALDH1A1_RNA,-0.17318113148212433
C1orf159_RNA,-0.1731865108013153
MMP1_RNA,-0.17328789830207825
RPL23_RNA,-0.17335756123065948
TACSTD2_RNA,-0.17340965569019318
RGL3_RNA,-0.17363037168979645
EIF3K_RNA,-0.17365394532680511
TIMM13_RNA,-0.17366333305835724
COQ4_RNA,-0.17369785904884338
ZIC3_RNA,-0.1737898737192154
TSPAN19_RNA,-0.17385727167129517
LRRC42_RNA,-0.17388632893562317
SLC7A4_RNA,-0.17390580475330353
UBE2D4_RNA,-0.1740095168352127
LSM1_RNA,-0.17402759194374084
S100A12_RNA,-0.17406845092773438
PPM1M_RNA,-0.17407579720020294
CYB561D2_RNA,-0.1740914136171341
CDKL2_RNA,-0.17409543693065643
HLA-DPA1_RNA,-0.17410700023174286
CPOX_RNA,-0.17410893738269806
HSF4_RNA,-0.17425832152366638
ACYP1_RNA,-0.17427662014961243
RNF43_RNA,-0.174452006816864
ABI3_RNA,-0.17447561025619507
ETV4_RNA,-0.17453759908676147
TCF15_RNA,-0.17456495761871338
IFFO1_RNA,-0.17466360330581665
ATG4B_RNA,-0.17475584149360657
COPS3_RNA,-0.1748027801513672
C12orf43_RNA,-0.1748054176568985
PLEKHA6_RNA,-0.17481514811515808
ZNF768_RNA,-0.17491158843040466
DPYSL5_RNA,-0.17493601143360138
ING1_RNA,-0.17493733763694763
PNPLA5_RNA,-0.17497767508029938
THAP4_RNA,-0.1750209927558899
ERI3_RNA,-0.17518559098243713
NDUFAF4_RNA,-0.17519080638885498
COPZ2_RNA,-0.1751948595046997
NARF_RNA,-0.175214946269989
RPL37A_RNA,-0.1752312034368515
PARVB_RNA,-0.17531231045722961
TOMM22_RNA,-0.1753217875957489
MAT2B_RNA,-0.17540939152240753
SEMA6C_RNA,-0.175506591796875
SIAE_RNA,-0.17552527785301208
WDR45_RNA,-0.17558804154396057
AKTIP_RNA,-0.17562198638916016
ARHGEF1_RNA,-0.1756221055984497
PKD2L1_RNA,-0.17563311755657196
PLEKHO1_RNA,-0.1757676899433136
SMPD3_RNA,-0.17581000924110413
MEX3B_RNA,-0.17583127319812775
C12orf76_RNA,-0.1759045571088791
BLMH_RNA,-0.17593657970428467
SP5_RNA,-0.17595842480659485
TXNL4A_RNA,-0.17599940299987793
TRIP13_RNA,-0.1760459989309311
TNIP1_RNA,-0.17605924606323242
PSRC1_RNA,-0.17611439526081085
SUB1_RNA,-0.1761447787284851
FEZF1_RNA,-0.1761629432439804
GABRA2_RNA,-0.17624595761299133
TRPT1_RNA,-0.17625223100185394
FAM24B_RNA,-0.17632794380187988
TOMM40_RNA,-0.17633935809135437
DAPK2_RNA,-0.17644581198692322
KCNJ11_RNA,-0.17652742564678192
C2orf76_RNA,-0.17657138407230377
TRIM69_RNA,-0.17667187750339508
GPR137C_RNA,-0.1767825037240982
ATOH7_RNA,-0.1767960488796234
ZDHHC4_RNA,-0.17681442201137543
TRMT112_RNA,-0.1768513023853302
TRAPPC3_RNA,-0.17685770988464355
TMEM108_RNA,-0.17703649401664734
PGLS_RNA,-0.17704074084758759
PXMP2_RNA,-0.17713628709316254
KCNIP1_RNA,-0.1771661639213562
KCNC4_RNA,-0.1771879345178604
MAP3K11_RNA,-0.1771899163722992
CRTAP_RNA,-0.17722855508327484
SLC14A1_RNA,-0.17725199460983276
FOXD1_RNA,-0.1772737056016922
USP14_RNA,-0.17729896306991577
MYCNOS_RNA,-0.1773318350315094
ZNF185_RNA,-0.17736905813217163
CLSTN1_RNA,-0.17746834456920624
RTF1_RNA,-0.17756929993629456
RHAG_RNA,-0.17758147418498993
VWC2_RNA,-0.17760922014713287
MRPL3_RNA,-0.17761151492595673
PRR15_RNA,-0.1776125580072403
OAS2_RNA,-0.17773643136024475
CA2_RNA,-0.1777413785457611
NXT1_RNA,-0.17775431275367737
SETD1B_RNA,-0.17776086926460266
ZNF524_RNA,-0.1777758151292801
MRPL15_RNA,-0.17777924239635468
CX3CR1_RNA,-0.17785480618476868
KCNQ2_RNA,-0.17786037921905518
HNRNPH2_RNA,-0.17786771059036255
SSTR2_RNA,-0.1778707355260849
TLL2_RNA,-0.17787516117095947
SIAH3_RNA,-0.17787566781044006
CACNA1F_RNA,-0.17787711322307587
RMND5B_RNA,-0.17794425785541534
FXYD1_RNA,-0.17794732749462128
FGFBP2_RNA,-0.1779833883047104
DLK2_RNA,-0.17811259627342224
ODC1_RNA,-0.17822568118572235
COMTD1_RNA,-0.17833681404590607
MMEL1_RNA,-0.17835736274719238
BCAR1_RNA,-0.1783672422170639
ARMC5_RNA,-0.17837055027484894
DUS1L_RNA,-0.1783844232559204
ZNF581_RNA,-0.17860527336597443
STX10_RNA,-0.17863282561302185
RNF103_RNA,-0.17871707677841187
PABPC4_RNA,-0.17880596220493317
VPS25_RNA,-0.17885813117027283
MORF4L2_RNA,-0.17886820435523987
HS3ST5_RNA,-0.1789131760597229
FAM171A1_RNA,-0.17892728745937347
CYP2J2_RNA,-0.17893122136592865
INPP5E_RNA,-0.17893366515636444
ZNF212_RNA,-0.1789502054452896
NACC1_RNA,-0.17897507548332214
RALGDS_RNA,-0.1789889633655548
GRB7_RNA,-0.17908108234405518
FAM110C_RNA,-0.17912662029266357
EIF4EBP3_RNA,-0.17923571169376373
CTSB_RNA,-0.1792534738779068
RPS27A_RNA,-0.17926077544689178
PSMC3IP_RNA,-0.17933019995689392
PDE1A_RNA,-0.17935776710510254
PCDH20_RNA,-0.1793648600578308
NRIP3_RNA,-0.17936865985393524
PICK1_RNA,-0.17939722537994385
UBQLN4_RNA,-0.17944985628128052
DTD1_RNA,-0.17946580052375793
NKIRAS2_RNA,-0.17954689264297485
DSCAML1_RNA,-0.17962071299552917
SNX8_RNA,-0.17962941527366638
MAT1A_RNA,-0.17964330315589905
LDB2_RNA,-0.1796608716249466
FAM163A_RNA,-0.17967011034488678
NENF_RNA,-0.17970015108585358
FOXD2_RNA,-0.17976228892803192
HTRA1_RNA,-0.17981760203838348
RILPL2_RNA,-0.17990024387836456
VIM_RNA,-0.17991751432418823
NCALD_RNA,-0.18001270294189453
TSNAX_RNA,-0.18007387220859528
SYMPK_RNA,-0.18007555603981018
POP5_RNA,-0.18007703125476837
DPP10_RNA,-0.18009927868843079
SHISA3_RNA,-0.18013310432434082
IFT20_RNA,-0.18014642596244812
DPYSL4_RNA,-0.18023735284805298
CD2_RNA,-0.18030156195163727
C5orf24_RNA,-0.18036562204360962
DCTN6_RNA,-0.18038839101791382
PSMG3_RNA,-0.18044227361679077
CCM2_RNA,-0.18047699332237244
LILRB4_RNA,-0.18055827915668488
DKC1_RNA,-0.1805882304906845
SEC61A2_RNA,-0.18069769442081451
ARFIP2_RNA,-0.1807003617286682
ACP1_RNA,-0.18075186014175415
NXF1_RNA,-0.1807570457458496
TEF_RNA,-0.18095125257968903
NDFIP2_RNA,-0.18107634782791138
CAPN9_RNA,-0.18117466568946838
FARSB_RNA,-0.1812005341053009
C14orf119_RNA,-0.18134379386901855
C3orf62_RNA,-0.18137803673744202
RPA2_RNA,-0.1814408004283905
SPG21_RNA,-0.18147164583206177
PIGX_RNA,-0.18147771060466766
ECHDC1_RNA,-0.18154913187026978
BEND4_RNA,-0.18160094320774078
FNDC1_RNA,-0.18163397908210754
TM2D2_RNA,-0.18169057369232178
PEAR1_RNA,-0.18171840906143188
TEX264_RNA,-0.18175485730171204
TMEM79_RNA,-0.1817847639322281
GZMA_RNA,-0.18186241388320923
CAPN1_RNA,-0.18186964094638824
SLC25A14_RNA,-0.1819344311952591
IL18_RNA,-0.18193571269512177
R3HDM1_RNA,-0.18197453022003174
PPP1CA_RNA,-0.1819794476032257
MNDA_RNA,-0.18198969960212708
SERP1_RNA,-0.18199244141578674
BCL2L2_RNA,-0.1820858120918274
KANK4_RNA,-0.18210680782794952
ATP6AP2_RNA,-0.18214504420757294
CETN3_RNA,-0.18229594826698303
PROK2_RNA,-0.1823008507490158
HOXB4_RNA,-0.18232853710651398
AHCY_RNA,-0.18233183026313782
MDC1_RNA,-0.18238556385040283
BNIP3_RNA,-0.18241645395755768
PSMB9_RNA,-0.18241672217845917
KCNH6_RNA,-0.1825028359889984
RPSA_RNA,-0.1825818121433258
ADCK1_RNA,-0.18258586525917053
CPNE1_RNA,-0.18266190588474274
CDK10_RNA,-0.18271097540855408
NANOS3_RNA,-0.1828031986951828
HECTD3_RNA,-0.18284687399864197
TSKU_RNA,-0.18285076320171356
PRKAG2_RNA,-0.18291206657886505
DOK1_RNA,-0.18292224407196045
CACNG1_RNA,-0.1830015927553177
ZNF319_RNA,-0.18302620947360992
VGLL2_RNA,-0.1830843985080719
BOP1_RNA,-0.18315300345420837
TIGD3_RNA,-0.18323294818401337
HBQ1_RNA,-0.18346166610717773
CYTH2_RNA,-0.183534637093544
TSPAN14_RNA,-0.1836508959531784
FBXW5_RNA,-0.18366344273090363
ME1_RNA,-0.18367750942707062
ALX3_RNA,-0.1840232014656067
BOLA3_RNA,-0.1840406358242035
RSL24D1_RNA,-0.18407173454761505
PLA2G7_RNA,-0.18407472968101501
POLA2_RNA,-0.184097021818161
GRIPAP1_RNA,-0.18410053849220276
LRRC3_RNA,-0.18411147594451904
ZNF341_RNA,-0.18411675095558167
TMEM119_RNA,-0.18413545191287994
UNC13A_RNA,-0.18427295982837677
WRAP53_RNA,-0.18429230153560638
SLC39A13_RNA,-0.18431329727172852
FAM171A2_RNA,-0.1843404918909073
PKIG_RNA,-0.1843796968460083
FASTK_RNA,-0.18441437184810638
SPNS2_RNA,-0.18444249033927917
COPS8_RNA,-0.184501051902771
LRRC43_RNA,-0.18450570106506348
RIPPLY2_RNA,-0.18456877768039703
HNRNPUL1_RNA,-0.18471011519432068
ZMYND19_RNA,-0.18473482131958008
TALDO1_RNA,-0.18483752012252808
CDKN1A_RNA,-0.18486134707927704
ENOPH1_RNA,-0.18494179844856262
DNAJA1_RNA,-0.18495097756385803
TUBB2B_RNA,-0.18501701951026917
RNF7_RNA,-0.18503397703170776
DAB1_RNA,-0.18503494560718536
SHC2_RNA,-0.18506409227848053
GNPTG_RNA,-0.185163676738739
SBSN_RNA,-0.18517595529556274
STEAP3_RNA,-0.18525031208992004
LMF1_RNA,-0.18526367843151093
MFAP2_RNA,-0.1852654218673706
TRAF4_RNA,-0.18530231714248657
RANBP3_RNA,-0.18538329005241394
WDR13_RNA,-0.18539100885391235
DGCR6L_RNA,-0.1854032725095749
ATP6V1G1_RNA,-0.18541626632213593
WT1_RNA,-0.18543052673339844
FBXO6_RNA,-0.18549814820289612
LPCAT1_RNA,-0.18559010326862335
ACOT4_RNA,-0.18572531640529633
EPO_RNA,-0.18582236766815186
METTL9_RNA,-0.18588390946388245
CTNNBL1_RNA,-0.18595540523529053
EPHX3_RNA,-0.1860736608505249
NFKB2_RNA,-0.18635831773281097
NUDT15_RNA,-0.1863674372434616
MRPL13_RNA,-0.1863698810338974
SLC2A6_RNA,-0.18638741970062256
DTYMK_RNA,-0.18642646074295044
ATP6V1E2_RNA,-0.1864476054906845
SNRPN_RNA,-0.18650470674037933
PAAF1_RNA,-0.18667571246623993
BTBD16_RNA,-0.18669171631336212
WDR24_RNA,-0.18673288822174072
TRABD_RNA,-0.18677134811878204
ABCF2_RNA,-0.1867918223142624
SOX9_RNA,-0.18680080771446228
RAB11FIP3_RNA,-0.18682290613651276
UCN_RNA,-0.18685968220233917
SLC38A8_RNA,-0.18687258660793304
PUS1_RNA,-0.1869402378797531
NEDD8_RNA,-0.18703638017177582
ACTR10_RNA,-0.1871630996465683
CHRNB2_RNA,-0.18719376623630524
GLIPR2_RNA,-0.18719996511936188
DGAT1_RNA,-0.18720827996730804
CDK4_RNA,-0.18726329505443573
TIFA_RNA,-0.187399759888649
EXOC3L2_RNA,-0.1874021738767624
ZFAND2B_RNA,-0.18742971122264862
PIGP_RNA,-0.1874607801437378
SMYD5_RNA,-0.18760992586612701
ZHX2_RNA,-0.1876513659954071
KLHDC3_RNA,-0.1876726597547531
FOXO4_RNA,-0.18769073486328125
OPN4_RNA,-0.18770010769367218
HHEX_RNA,-0.1877610981464386
ECSIT_RNA,-0.1877661645412445
TM4SF18_RNA,-0.1878393292427063
MPG_RNA,-0.1878952980041504
SGCB_RNA,-0.18796660006046295
CYBA_RNA,-0.18799491226673126
ATPAF1_RNA,-0.18801115453243256
RPL22_RNA,-0.18807175755500793
RPL12_RNA,-0.18813200294971466
NXT2_RNA,-0.18821114301681519
LST1_RNA,-0.18825319409370422
RPS5_RNA,-0.1883717179298401
TMEM18_RNA,-0.188400000333786
SLC44A3_RNA,-0.1884349137544632
LOC375196_RNA,-0.18848051130771637
RSAD1_RNA,-0.18849490582942963
ATP6V1B2_RNA,-0.18850077688694
GNB3_RNA,-0.18856832385063171
ANKH_RNA,-0.1886477917432785
CCDC137_RNA,-0.18866488337516785
KIFC2_RNA,-0.18867915868759155
NCSTN_RNA,-0.18870754539966583
UBXN10_RNA,-0.18875959515571594
NFU1_RNA,-0.18880213797092438
CCT6A_RNA,-0.18883229792118073
ZNF688_RNA,-0.18887703120708466
PHYHD1_RNA,-0.18888860940933228
AOC3_RNA,-0.18893113732337952
NOL7_RNA,-0.18893447518348694
CYP27C1_RNA,-0.18897290527820587
CAPG_RNA,-0.18898479640483856
GIPR_RNA,-0.18900911509990692
EFNA4_RNA,-0.18901239335536957
PTGES_RNA,-0.18912774324417114
COMMD10_RNA,-0.1891498565673828
PPP1R2_RNA,-0.18915700912475586
INCA1_RNA,-0.18923354148864746
CNTN4_RNA,-0.1892445832490921
ZCCHC18_RNA,-0.18929556012153625
MYBPC2_RNA,-0.18931891024112701
SLC1A5_RNA,-0.1893606334924698
IK_RNA,-0.18937097489833832
RHOA_RNA,-0.18939733505249023
PTBP1_RNA,-0.18940405547618866
GRM4_RNA,-0.1894669234752655
RPL10A_RNA,-0.18948940932750702
CHI3L2_RNA,-0.18950292468070984
GIMAP1_RNA,-0.18951274454593658
FBXW4_RNA,-0.18952082097530365
FBLN7_RNA,-0.18952161073684692
LIMK1_RNA,-0.18966980278491974
BDKRB1_RNA,-0.18982966244220734
SCN2B_RNA,-0.1898306906223297
CHP2_RNA,-0.18987511098384857
ADAT3_RNA,-0.18990235030651093
PCYOX1L_RNA,-0.190023273229599
TSPAN8_RNA,-0.1900629848241806
TEKT4_RNA,-0.19007988274097443
STK40_RNA,-0.19013400375843048
SMPX_RNA,-0.19030450284481049
DLL1_RNA,-0.19038988649845123
HMGB3_RNA,-0.190456822514534
CADM4_RNA,-0.19052954018115997
PTGES2_RNA,-0.19059763848781586
RBPMS_RNA,-0.19060923159122467
MAMSTR_RNA,-0.19078205525875092
REXO4_RNA,-0.1908993422985077
TSTD1_RNA,-0.19097550213336945
PPIC_RNA,-0.19100601971149445
GPX4_RNA,-0.19101926684379578
EMCN_RNA,-0.1910289078950882
NKAPL_RNA,-0.1910882443189621
PPIL1_RNA,-0.19109965860843658
AHSA1_RNA,-0.19122625887393951
SLC4A3_RNA,-0.19123506546020508
THAP1_RNA,-0.19124919176101685
CENPQ_RNA,-0.19131992757320404
MYH7_RNA,-0.1913398802280426
ADRB1_RNA,-0.191395103931427
NOLC1_RNA,-0.19139789044857025
MATN1_RNA,-0.19145001471042633
ATXN7L3_RNA,-0.19155912101268768
PDLIM3_RNA,-0.19160573184490204
ZSCAN18_RNA,-0.19163033366203308
EIF1AX_RNA,-0.19167914986610413
ALG5_RNA,-0.1917978823184967
MTA1_RNA,-0.19182199239730835
IL11_RNA,-0.19183729588985443
DNAJC25_RNA,-0.19185185432434082
GGH_RNA,-0.19192244112491608
SP8_RNA,-0.19200704991817474
NDUFAF1_RNA,-0.19201530516147614
SDHAF1_RNA,-0.19204388558864594
SDC4_RNA,-0.19205546379089355
NECAP1_RNA,-0.192058265209198
NKAIN4_RNA,-0.19207803905010223
ZNF843_RNA,-0.19209030270576477
SMARCD1_RNA,-0.19209659099578857
SAA2_RNA,-0.1921147108078003
STK25_RNA,-0.1921830028295517
DHRS1_RNA,-0.19219769537448883
COQ5_RNA,-0.19223527610301971
COX4I2_RNA,-0.19226762652397156
NTN4_RNA,-0.19240224361419678
SLIT1_RNA,-0.19240926206111908
KRT19_RNA,-0.19245411455631256
SLC35B2_RNA,-0.19254940748214722
TAF4_RNA,-0.19255554676055908
LTC4S_RNA,-0.19256243109703064
SH2B1_RNA,-0.19261480867862701
SNPH_RNA,-0.19266708195209503
AKR1B10_RNA,-0.19267022609710693
NR1H2_RNA,-0.19281558692455292
SRR_RNA,-0.19282226264476776
STEAP1_RNA,-0.19291779398918152
GNAI1_RNA,-0.19293078780174255
GIPC1_RNA,-0.1930348426103592
R3HDM2_RNA,-0.19305111467838287
NDUFS2_RNA,-0.19322320818901062
ZWINT_RNA,-0.19322802126407623
KREMEN2_RNA,-0.19324837625026703
TMEM42_RNA,-0.19325189292430878
CDC42EP4_RNA,-0.19327986240386963
NDRG3_RNA,-0.1932920515537262
TMEM25_RNA,-0.19332730770111084
ANO4_RNA,-0.1933433562517166
TMEM199_RNA,-0.19335918128490448
PIN4_RNA,-0.19337697327136993
HSP90AB1_RNA,-0.1933903694152832
POLR3H_RNA,-0.1934002786874771
KNDC1_RNA,-0.19349491596221924
CACNG6_RNA,-0.193581685423851
MAGIX_RNA,-0.1935899555683136
PPIE_RNA,-0.19383014738559723
HVCN1_RNA,-0.1938704401254654
BDH1_RNA,-0.19395674765110016
SPP1_RNA,-0.19398093223571777
FAM162A_RNA,-0.1940571367740631
SNAPC5_RNA,-0.19407834112644196
WNT10A_RNA,-0.19416175782680511
TFCP2_RNA,-0.19427743554115295
TMEM38A_RNA,-0.19432422518730164
TRIM59_RNA,-0.19434843957424164
DNER_RNA,-0.1943625509738922
CDC25B_RNA,-0.19440604746341705
DPH3_RNA,-0.19444639980793
AHSG_RNA,-0.1944485902786255
OTC_RNA,-0.19446036219596863
RAD23A_RNA,-0.194476917386055
C2CD4D_RNA,-0.19450022280216217
LOXL2_RNA,-0.19454115629196167
MAD2L1_RNA,-0.1945456862449646
SERGEF_RNA,-0.19455978274345398
FAM32A_RNA,-0.19458989799022675
MFNG_RNA,-0.19461314380168915
GPATCH3_RNA,-0.1946612447500229
PEX12_RNA,-0.19467779994010925
C6orf52_RNA,-0.19469524919986725
RND2_RNA,-0.19473996758460999
RPLP0_RNA,-0.19474534690380096
PAMR1_RNA,-0.19474895298480988
NCOA5_RNA,-0.19478975236415863
ABCA2_RNA,-0.19487649202346802
RAB27A_RNA,-0.19491001963615417
ASCL2_RNA,-0.19497328996658325
GHDC_RNA,-0.1949763298034668
UBAC1_RNA,-0.19502200186252594
DHRS7_RNA,-0.19505645334720612
GLRB_RNA,-0.1950717270374298
KCNT1_RNA,-0.19514676928520203
SLC38A7_RNA,-0.195173442363739
KSR2_RNA,-0.19526822865009308
ST6GALNAC4_RNA,-0.19530220329761505
SLC27A3_RNA,-0.1953779011964798
ARPC5_RNA,-0.19543398916721344
NT5C_RNA,-0.19550836086273193
CHRD_RNA,-0.19562330842018127
B4GALT2_RNA,-0.19566130638122559
TRIB3_RNA,-0.19566485285758972
IP6K2_RNA,-0.19576212763786316
RXRB_RNA,-0.19577862322330475
PTP4A3_RNA,-0.19588512182235718
DCN_RNA,-0.19602376222610474
SOX13_RNA,-0.19603735208511353
TADA2B_RNA,-0.1962391436100006
SLC2A8_RNA,-0.19625796377658844
CLDN6_RNA,-0.19628974795341492
EDF1_RNA,-0.1963048279285431
CCDC33_RNA,-0.19634850323200226
SRD5A3_RNA,-0.19635353982448578
LMF2_RNA,-0.19636152684688568
DNASE2_RNA,-0.1964723914861679
DMRT1_RNA,-0.19655470550060272
FGF18_RNA,-0.19655700027942657
ECHDC2_RNA,-0.19663453102111816
TSEN15_RNA,-0.1966722160577774
BRDT_RNA,-0.19669410586357117
GAPDH_RNA,-0.19675111770629883
PIAS3_RNA,-0.19676266610622406
HRC_RNA,-0.19677196443080902
FUZ_RNA,-0.19683432579040527
ARRDC2_RNA,-0.19687160849571228
SLC10A3_RNA,-0.1969863921403885
TMEM106C_RNA,-0.19701127707958221
HMOX2_RNA,-0.197012796998024
ZNHIT2_RNA,-0.19703181087970734
TBX1_RNA,-0.1970570832490921
MRGPRF_RNA,-0.1971188336610794
PRDX6_RNA,-0.1971789449453354
TTLL12_RNA,-0.19718395173549652
IL17B_RNA,-0.19719117879867554
UBA1_RNA,-0.19740064442157745
EFS_RNA,-0.1974707990884781
USP4_RNA,-0.19748732447624207
TRAPPC4_RNA,-0.19751949608325958
CA9_RNA,-0.1975266933441162
CDCA7_RNA,-0.19754570722579956
HOOK1_RNA,-0.1977066844701767
NDUFB5_RNA,-0.19773434102535248
ZNHIT3_RNA,-0.19780848920345306
COX8A_RNA,-0.19785696268081665
PSME2_RNA,-0.19788223505020142
RBM18_RNA,-0.19794324040412903
TOP1_RNA,-0.1979491114616394
HOXD1_RNA,-0.19796600937843323
FBXO15_RNA,-0.19802452623844147
PSMB5_RNA,-0.19805479049682617
CDK9_RNA,-0.1980617493391037
VWCE_RNA,-0.1981058567762375
KRT7_RNA,-0.1981498748064041
BST1_RNA,-0.1982470154762268
DAXX_RNA,-0.19825538992881775
TIMELESS_RNA,-0.19832032918930054
POPDC2_RNA,-0.19834142923355103
PRDX1_RNA,-0.19834356009960175
HAGHL_RNA,-0.19835057854652405
VPS26B_RNA,-0.19838352501392365
NDUFB7_RNA,-0.1984173208475113
CHID1_RNA,-0.198428213596344
DRD5_RNA,-0.19862830638885498
STRA6_RNA,-0.19863837957382202
ZER1_RNA,-0.1987214982509613
FBXO46_RNA,-0.19887292385101318
FAHD1_RNA,-0.19889606535434723
ACTR1B_RNA,-0.19893400371074677
GPC1_RNA,-0.19894437491893768
INO80E_RNA,-0.19897732138633728
CHD4_RNA,-0.1990058869123459
MAF1_RNA,-0.19905610382556915
CYP27B1_RNA,-0.19909527897834778
SLC26A11_RNA,-0.19911707937717438
TMEM147_RNA,-0.1991448849439621
CNPY3_RNA,-0.19917136430740356
U2AF2_RNA,-0.19918027520179749
LGI1_RNA,-0.19919230043888092
EPHB1_RNA,-0.19927459955215454
SOHLH2_RNA,-0.19933055341243744
TMX2_RNA,-0.19937825202941895
C15orf48_RNA,-0.19941623508930206
MRPS17_RNA,-0.1994464248418808
SF3B5_RNA,-0.19944749772548676
PHF11_RNA,-0.19950726628303528
CYP19A1_RNA,-0.19951479136943817
LMBRD1_RNA,-0.199546679854393
VPS37B_RNA,-0.19960059225559235
HDAC2_RNA,-0.199615478515625
FLYWCH1_RNA,-0.19962178170681
MAPKAPK2_RNA,-0.19963176548480988
S100A6_RNA,-0.19963203370571136
CA8_RNA,-0.199643075466156
LEF1_RNA,-0.19964803755283356
FAM161A_RNA,-0.1996648758649826
OAS1_RNA,-0.19971980154514313
MYL4_RNA,-0.199899822473526
ECSCR_RNA,-0.1999165117740631
MIXL1_RNA,-0.19992834329605103
FFAR1_RNA,-0.19995875656604767
NIPAL4_RNA,-0.20001572370529175
ANO1_RNA,-0.20004329085350037
EVI5L_RNA,-0.20014150440692902
LRFN4_RNA,-0.2001739889383316
RASGRP2_RNA,-0.20024533569812775
FGF12_RNA,-0.20034146308898926
ISCA2_RNA,-0.20034602284431458
DEDD2_RNA,-0.2003461718559265
ACOXL_RNA,-0.20043055713176727
TAGLN_RNA,-0.2004324197769165
RAD51_RNA,-0.20047074556350708
DGUOK_RNA,-0.2005235105752945
IMP4_RNA,-0.2005968987941742
FAM174B_RNA,-0.20062708854675293
CARM1_RNA,-0.20062783360481262
MAFB_RNA,-0.20068155229091644
LHX5_RNA,-0.20072491466999054
NMI_RNA,-0.20075958967208862
PSMD3_RNA,-0.2007628232240677
GSPT2_RNA,-0.20077478885650635
VPS37C_RNA,-0.20085957646369934
CDH18_RNA,-0.20086097717285156
EVX1_RNA,-0.20089708268642426
KRT86_RNA,-0.20093972980976105
PKDCC_RNA,-0.20099079608917236
COX7B_RNA,-0.20104265213012695
GSTM3_RNA,-0.2010989636182785
VAX1_RNA,-0.20110803842544556
NOG_RNA,-0.2011800855398178
SNTA1_RNA,-0.20119984447956085
LBP_RNA,-0.20126505196094513
HOXD10_RNA,-0.20127682387828827
SPPL2B_RNA,-0.20131874084472656
ZNF598_RNA,-0.20132270455360413
RNLS_RNA,-0.20139437913894653
CER1_RNA,-0.20145660638809204
SNAPIN_RNA,-0.20150470733642578
MAPK9_RNA,-0.20152528584003448
ARL8B_RNA,-0.2016131579875946
MPST_RNA,-0.20165276527404785
GLP1R_RNA,-0.2016686648130417
ARID5A_RNA,-0.20182965695858002
CRAT_RNA,-0.20186448097229004
MMP7_RNA,-0.20196057856082916
CORO1B_RNA,-0.20196540653705597
SLC29A2_RNA,-0.20200276374816895
SPATA4_RNA,-0.20203380286693573
NDUFB3_RNA,-0.2020801305770874
KLK1_RNA,-0.20211683213710785
ACVR1_RNA,-0.20212247967720032
VKORC1_RNA,-0.20218384265899658
HTR1B_RNA,-0.2022087424993515
WFIKKN1_RNA,-0.20236444473266602
PRPS2_RNA,-0.20236974954605103
ACTR2_RNA,-0.20246171951293945
PLAGL2_RNA,-0.20250608026981354
SFXN3_RNA,-0.20256756246089935
FADS3_RNA,-0.20263203978538513
DLX4_RNA,-0.2026718258857727
PNO1_RNA,-0.2027326077222824
CPSF7_RNA,-0.2027355581521988
LBH_RNA,-0.20277011394500732
COPE_RNA,-0.20277446508407593
RABIF_RNA,-0.20278224349021912
AURKB_RNA,-0.20281292498111725
ADI1_RNA,-0.20283105969429016
TMEM141_RNA,-0.20289021730422974
RINL_RNA,-0.20296375453472137
UPF3A_RNA,-0.2030382603406906
NAP1L1_RNA,-0.20305833220481873
RBM38_RNA,-0.20311972498893738
MTX1_RNA,-0.2031535506248474
ANG_RNA,-0.20320656895637512
PTHLH_RNA,-0.20321743190288544
B3GAT3_RNA,-0.20326189696788788
DDX25_RNA,-0.20327675342559814
ZCCHC10_RNA,-0.203292578458786
RPS26_RNA,-0.20333272218704224
HES7_RNA,-0.2034098356962204
TIMM8B_RNA,-0.20343925058841705
PRR16_RNA,-0.2034955620765686
TMEM59_RNA,-0.2035244256258011
CYP4B1_RNA,-0.2035384178161621
LTA_RNA,-0.20362341403961182
RECQL4_RNA,-0.20364348590373993
HPGDS_RNA,-0.20371660590171814
DYNLT3_RNA,-0.20372962951660156
LEPROTL1_RNA,-0.20377400517463684
RHPN1_RNA,-0.20385968685150146
ASB2_RNA,-0.20392398536205292
CORO6_RNA,-0.20392408967018127
KIF9_RNA,-0.20395269989967346
KCTD11_RNA,-0.20400121808052063
COMT_RNA,-0.2040548026561737
FKRP_RNA,-0.20406998693943024
CD36_RNA,-0.20413045585155487
HOXD11_RNA,-0.20413300395011902
IFI16_RNA,-0.20413506031036377
RHOJ_RNA,-0.20422229170799255
SEC62_RNA,-0.20422548055648804
MRPL48_RNA,-0.20424306392669678
APH1A_RNA,-0.20429660379886627
IGFBP6_RNA,-0.20429997146129608
PPP2R5B_RNA,-0.204359233379364
PSMB8_RNA,-0.20442207157611847
LNP1_RNA,-0.20452389121055603
SAP18_RNA,-0.20454156398773193
UQCRFS1_RNA,-0.20478500425815582
RDM1_RNA,-0.2048157900571823
MTX2_RNA,-0.2048255354166031
LDB1_RNA,-0.2049226611852646
MRPL40_RNA,-0.20492883026599884
SPARC_RNA,-0.20493628084659576
MNS1_RNA,-0.20495374500751495
SLC12A7_RNA,-0.2049732655286789
GRK6_RNA,-0.20513103902339935
P2RY11_RNA,-0.20513132214546204
PDE6D_RNA,-0.2051505595445633
SSRP1_RNA,-0.205177441239357
ANPEP_RNA,-0.2052554339170456
RASD1_RNA,-0.20531302690505981
ALDH4A1_RNA,-0.20535701513290405
ASGR2_RNA,-0.20536178350448608
EXTL1_RNA,-0.2053741216659546
PRSS33_RNA,-0.2053762823343277
ISL2_RNA,-0.2054148018360138
UBE2K_RNA,-0.2055654674768448
P2RX5_RNA,-0.20558133721351624
KCNC1_RNA,-0.20558777451515198
RAP2C_RNA,-0.20567923784255981
AGTRAP_RNA,-0.20569738745689392
PIGU_RNA,-0.20574481785297394
PLA2G2C_RNA,-0.20575907826423645
MLX_RNA,-0.20582303404808044
CDK20_RNA,-0.2059156894683838
GSTK1_RNA,-0.2059403657913208
PATL1_RNA,-0.20604044198989868
S100A16_RNA,-0.20623807609081268
MARCO_RNA,-0.2062399983406067
RASSF1_RNA,-0.2063734233379364
SP6_RNA,-0.2064158171415329
YKT6_RNA,-0.2064560055732727
OGDHL_RNA,-0.20647700130939484
C7orf50_RNA,-0.20649224519729614
P2RY12_RNA,-0.20651553571224213
ZC3H18_RNA,-0.206634983420372
AHDC1_RNA,-0.20664848387241364
CYB5A_RNA,-0.20665065944194794
CACNA2D3_RNA,-0.20677782595157623
NOL3_RNA,-0.20680305361747742
NBR2_RNA,-0.20690149068832397
EBP_RNA,-0.20692181587219238
MFSD5_RNA,-0.2070222795009613
INHBC_RNA,-0.20710915327072144
ACTB_RNA,-0.20710954070091248
AFP_RNA,-0.20719023048877716
ID2_RNA,-0.20720204710960388
CHRNA5_RNA,-0.20740757882595062
PTGIR_RNA,-0.20761911571025848
COQ3_RNA,-0.20768332481384277
KCNG3_RNA,-0.20772024989128113
SLC25A44_RNA,-0.207729309797287
SNX22_RNA,-0.20774754881858826
NDRG1_RNA,-0.20782309770584106
RNF128_RNA,-0.20782873034477234
RNF130_RNA,-0.20788416266441345
NOP56_RNA,-0.2079453021287918
HBD_RNA,-0.20797745883464813
RNF138_RNA,-0.20813433825969696
TMUB2_RNA,-0.20813608169555664
PIGT_RNA,-0.2082236111164093
SUV39H1_RNA,-0.2083650678396225
RAMP1_RNA,-0.20837385952472687
MRPL51_RNA,-0.2084471732378006
RPL36AL_RNA,-0.20850709080696106
TRAPPC6A_RNA,-0.20851212739944458
DERL3_RNA,-0.20852617919445038
SYT6_RNA,-0.20874233543872833
NUDT1_RNA,-0.2088509351015091
PKN3_RNA,-0.20886611938476563
FIBCD1_RNA,-0.20890244841575623
EHD3_RNA,-0.20894001424312592
RNF112_RNA,-0.20898832380771637
ACTR6_RNA,-0.20914198458194733
SLC41A3_RNA,-0.2091619223356247
SPESP1_RNA,-0.2091633677482605
PPA1_RNA,-0.20917470753192902
SLC25A17_RNA,-0.20922555029392242
ASB13_RNA,-0.20923633873462677
YIPF1_RNA,-0.209298774600029
STX5_RNA,-0.2093016356229782
RPL38_RNA,-0.20934924483299255
TST_RNA,-0.209385946393013
CLDN15_RNA,-0.20942851901054382
NRAP_RNA,-0.20943699777126312
MPHOSPH10_RNA,-0.2094624638557434
ZDHHC14_RNA,-0.20946763455867767
NIPSNAP1_RNA,-0.20949764549732208
STX4_RNA,-0.20955267548561096
RPL18_RNA,-0.20957711338996887
RPS28_RNA,-0.20957747101783752
EMP2_RNA,-0.2096145898103714
HMGB2_RNA,-0.209664449095726
MPHOSPH6_RNA,-0.20974065363407135
PARP3_RNA,-0.20984627306461334
VAC14_RNA,-0.20999446511268616
SLC9A5_RNA,-0.21006065607070923
LILRA1_RNA,-0.21015721559524536
LCN2_RNA,-0.21019914746284485
GZMB_RNA,-0.2102413773536682
UBE2Z_RNA,-0.21030840277671814
KPTN_RNA,-0.21032960712909698
CHMP5_RNA,-0.21039508283138275
POU4F1_RNA,-0.21048150956630707
TRIP10_RNA,-0.21049074828624725
PID1_RNA,-0.21052716672420502
RAB6A_RNA,-0.21055492758750916
PRG4_RNA,-0.21056082844734192
RNF25_RNA,-0.21081694960594177
GLB1L3_RNA,-0.2108280211687088
TOB1_RNA,-0.21090427041053772
MESP1_RNA,-0.21092894673347473
SRC_RNA,-0.21093399822711945
CACNA1H_RNA,-0.2110089659690857
PITX2_RNA,-0.21101219952106476
MRPL32_RNA,-0.21111908555030823
ADAMTS8_RNA,-0.21117804944515228
HIGD1B_RNA,-0.21118712425231934
LCP2_RNA,-0.21118758618831635
FHL2_RNA,-0.21123725175857544
AADAT_RNA,-0.2112644463777542
HLA-DPB1_RNA,-0.21127691864967346
RAB12_RNA,-0.2112974226474762
ANKRD54_RNA,-0.21136344969272614
AP1M1_RNA,-0.21141113340854645
RPL4_RNA,-0.21159493923187256
YRDC_RNA,-0.2116100937128067
FXYD4_RNA,-0.21171407401561737
CMTM3_RNA,-0.21174952387809753
NOP16_RNA,-0.2117830514907837
MT3_RNA,-0.21181350946426392
TM2D3_RNA,-0.21186849474906921
CYC1_RNA,-0.21198929846286774
HSPA2_RNA,-0.21201571822166443
LCMT1_RNA,-0.2120271921157837
UBAP2L_RNA,-0.21202801167964935
C1orf216_RNA,-0.2120884656906128
PHF5A_RNA,-0.2123139649629593
TXNL1_RNA,-0.2123192697763443
TMEM52_RNA,-0.21242153644561768
TTYH2_RNA,-0.2124258428812027
GATA3_RNA,-0.21250125765800476
PPM1J_RNA,-0.21256956458091736
GMNN_RNA,-0.21264587342739105
RPP21_RNA,-0.21268214285373688
TRIM14_RNA,-0.21273376047611237
NUS1_RNA,-0.2127462476491928
ELOVL7_RNA,-0.21282248198986053
GPRIN1_RNA,-0.2129068523645401
MAEA_RNA,-0.21291907131671906
GSTA4_RNA,-0.2129577398300171
TREM2_RNA,-0.21304625272750854
GZMH_RNA,-0.21305085718631744
SPAG7_RNA,-0.2132294923067093
FCER2_RNA,-0.21324768662452698
ZNF423_RNA,-0.2133224606513977
SLC35A2_RNA,-0.21333928406238556
C17orf58_RNA,-0.21336956322193146
MAD2L1BP_RNA,-0.2133697122335434
GGCT_RNA,-0.21340115368366241
KCNK13_RNA,-0.21346895396709442
SNRNP35_RNA,-0.21350060403347015
SCNN1G_RNA,-0.2137092798948288
UQCRC1_RNA,-0.2137138694524765
TMSB15A_RNA,-0.2139209508895874
ZCRB1_RNA,-0.21395978331565857
NUBP2_RNA,-0.21398180723190308
KLHL1_RNA,-0.21421173214912415
VBP1_RNA,-0.2142118215560913
MAGEA12_RNA,-0.21427200734615326
C1QB_RNA,-0.21430957317352295
DLST_RNA,-0.2143412083387375
FOXL2_RNA,-0.21435311436653137
RPS4X_RNA,-0.21443812549114227
DLGAP2_RNA,-0.21446174383163452
POLDIP2_RNA,-0.21446500718593597
NTSR1_RNA,-0.2144690901041031
MPDU1_RNA,-0.21448540687561035
MGLL_RNA,-0.21451734006404877
WDR5_RNA,-0.21457399427890778
CCR7_RNA,-0.21459992229938507
FOLH1_RNA,-0.21461725234985352
SNRPB2_RNA,-0.21466299891471863
ZNF541_RNA,-0.21470308303833008
SYPL2_RNA,-0.21485009789466858
C16orf74_RNA,-0.2150113731622696
SUFU_RNA,-0.2151186615228653
GCA_RNA,-0.2151702493429184
ASB4_RNA,-0.2152046412229538
RNF175_RNA,-0.21523155272006989
TBCB_RNA,-0.2152775377035141
TXNDC17_RNA,-0.21528156101703644
IPO13_RNA,-0.21539939939975739
APEX2_RNA,-0.21541719138622284
CCDC140_RNA,-0.2154178023338318
MRPS33_RNA,-0.21545878052711487
MIMT1_RNA,-0.215486541390419
MAX_RNA,-0.21549245715141296
NGF_RNA,-0.21550869941711426
ZNF775_RNA,-0.21558569371700287
CXXC5_RNA,-0.21565894782543182
SLC6A9_RNA,-0.21589398384094238
PPP1R13B_RNA,-0.2160245031118393
PPM1G_RNA,-0.21605779230594635
GTPBP3_RNA,-0.21615538001060486
RASSF7_RNA,-0.21620933711528778
HAR1B_RNA,-0.21628247201442719
KRI1_RNA,-0.21633125841617584
CBX4_RNA,-0.21633341908454895
GUCA2A_RNA,-0.21634504199028015
CPT1C_RNA,-0.21642166376113892
C19orf73_RNA,-0.2164543718099594
PIN1_RNA,-0.2165718674659729
TTC22_RNA,-0.21657231450080872
CYB5D2_RNA,-0.21660703420639038
S1PR3_RNA,-0.21663068234920502
RGS20_RNA,-0.21668122708797455
CD209_RNA,-0.2167021632194519
ST3GAL4_RNA,-0.21676896512508392
LCNL1_RNA,-0.216836079955101
STYXL1_RNA,-0.2168525755405426
PROM1_RNA,-0.21686536073684692
UTP3_RNA,-0.21692277491092682
CDCA3_RNA,-0.21693293750286102
POLD2_RNA,-0.21705874800682068
PTTG1_RNA,-0.21710024774074554
PHKG2_RNA,-0.21724386513233185
ZNF683_RNA,-0.21724969148635864
CSTA_RNA,-0.2173953503370285
DBNDD2_RNA,-0.21743685007095337
TSHZ3_RNA,-0.21745599806308746
PHPT1_RNA,-0.21751032769680023
BRD4_RNA,-0.21752704679965973
MGAT1_RNA,-0.21754445135593414
TADA3_RNA,-0.2176438719034195
LILRA2_RNA,-0.21769683063030243
PMP22_RNA,-0.21784472465515137
DPPA4_RNA,-0.21788142621517181
BOLA1_RNA,-0.21791085600852966
S100A2_RNA,-0.21795101463794708
MOAP1_RNA,-0.21808472275733948
IGFBPL1_RNA,-0.21809956431388855
CHCHD2_RNA,-0.21813148260116577
CACNG5_RNA,-0.2181844413280487
PROCR_RNA,-0.2181885689496994
GCSH_RNA,-0.21818864345550537
DDAH2_RNA,-0.21831631660461426
GTF2F1_RNA,-0.2183287888765335
PEX19_RNA,-0.21837933361530304
PPT1_RNA,-0.21843551099300385
CABP7_RNA,-0.21849370002746582
HNRNPA1L2_RNA,-0.2185191959142685
PRRG4_RNA,-0.2185305655002594
RAB14_RNA,-0.21854464709758759
CRELD2_RNA,-0.21861599385738373
DCK_RNA,-0.21863198280334473
SEMA4A_RNA,-0.21864642202854156
FAM98C_RNA,-0.21870028972625732
AGPAT2_RNA,-0.21870337426662445
FHL1_RNA,-0.218705415725708
B3GALT6_RNA,-0.218714639544487
DYRK1B_RNA,-0.21885035932064056
GTF2H5_RNA,-0.21897096931934357
RAB4A_RNA,-0.2190731316804886
MNX1_RNA,-0.21908077597618103
TNFRSF1A_RNA,-0.21908672153949738
PTER_RNA,-0.2191004604101181
APBB1_RNA,-0.21914657950401306
KRT18_RNA,-0.21918027102947235
DOK4_RNA,-0.21918551623821259
P2RY6_RNA,-0.21924079954624176
ATP6V0D1_RNA,-0.21925479173660278
PEX14_RNA,-0.21932165324687958
PSMG2_RNA,-0.21937598288059235
CRYZ_RNA,-0.21944668889045715
INTS12_RNA,-0.2195063829421997
TIMM17A_RNA,-0.2195170819759369
TMEM9B_RNA,-0.2195390909910202
SERPINB1_RNA,-0.21957971155643463
PACRG_RNA,-0.21967390179634094
EIF4EBP1_RNA,-0.2197333723306656
CDC20_RNA,-0.21985505521297455
OR51E1_RNA,-0.2198854684829712
ZNF771_RNA,-0.2199367880821228
FGF1_RNA,-0.2200194150209427
PLAC9_RNA,-0.22013895213603973
NTRK1_RNA,-0.22026288509368896
CD3D_RNA,-0.22042901813983917
PRPF38B_RNA,-0.22047197818756104
PSMA7_RNA,-0.2205525040626526
RADIL_RNA,-0.2205946445465088
CIAPIN1_RNA,-0.22064776718616486
KCNK6_RNA,-0.2207135409116745
HAND2_RNA,-0.2207694798707962
DLX1_RNA,-0.2208297848701477
LGR6_RNA,-0.22097432613372803
DNAJC8_RNA,-0.22109059989452362
ST6GALNAC5_RNA,-0.22114843130111694
GPN1_RNA,-0.22121959924697876
RPS11_RNA,-0.22124995291233063
RPL32_RNA,-0.2212783545255661
SMAP2_RNA,-0.22149565815925598
ZFPL1_RNA,-0.2215617299079895
GPAA1_RNA,-0.22159388661384583
TTR_RNA,-0.2216016799211502
BCAN_RNA,-0.2218194305896759
CENPA_RNA,-0.2219787985086441
PPP4C_RNA,-0.22205831110477448
ASPA_RNA,-0.22206352651119232
CD82_RNA,-0.222069650888443
SUCLG1_RNA,-0.22207985818386078
MGST3_RNA,-0.22210907936096191
SDC3_RNA,-0.22211502492427826
PARL_RNA,-0.2221558690071106
HSBP1L1_RNA,-0.22227145731449127
PRSS27_RNA,-0.22229814529418945
GUK1_RNA,-0.2223663032054901
MN1_RNA,-0.2223900854587555
PSMC3_RNA,-0.22239390015602112
DUSP14_RNA,-0.2224825769662857
MRPL1_RNA,-0.22248665988445282
NUDT11_RNA,-0.2227150797843933
KDELR2_RNA,-0.2227158397436142
CCDC159_RNA,-0.22273370623588562
DRD4_RNA,-0.22284357249736786
RPL19_RNA,-0.22294580936431885
HAPLN3_RNA,-0.22296126186847687
RELL2_RNA,-0.22306841611862183
ACVR1C_RNA,-0.22310906648635864
REM1_RNA,-0.22311313450336456
MYBPC1_RNA,-0.22314125299453735
CD151_RNA,-0.2231888324022293
POU6F1_RNA,-0.2232419103384018
PCSK4_RNA,-0.2232806384563446
UBE2C_RNA,-0.22339829802513123
HTR6_RNA,-0.22342045605182648
TCAP_RNA,-0.22343458235263824
ELAVL1_RNA,-0.22352583706378937
BEST4_RNA,-0.223617285490036
RIMS3_RNA,-0.2236826866865158
BFSP1_RNA,-0.22373095154762268
PAH_RNA,-0.2238195538520813
HPN_RNA,-0.22382178902626038
MRPL20_RNA,-0.2238657921552658
ATP8A2_RNA,-0.22389374673366547
RAVER1_RNA,-0.22389623522758484
TPMT_RNA,-0.2239544540643692
C1orf54_RNA,-0.22398997843265533
CCDC12_RNA,-0.22408080101013184
HYAL3_RNA,-0.2241906374692917
FADD_RNA,-0.22421228885650635
KCTD10_RNA,-0.2242746502161026
PLEKHJ1_RNA,-0.22439691424369812
CYYR1_RNA,-0.22444237768650055
C7orf57_RNA,-0.22450730204582214
MGAT3_RNA,-0.2245311141014099
DNAL4_RNA,-0.22464413940906525
MTCH1_RNA,-0.2247873842716217
TRIM67_RNA,-0.22485890984535217
PWWP2B_RNA,-0.22490258514881134
NSA2_RNA,-0.22490647435188293
STC1_RNA,-0.2249739021062851
SHISA5_RNA,-0.22504787147045135
TACO1_RNA,-0.22517557442188263
ZNF784_RNA,-0.22526425123214722
KRT5_RNA,-0.2253684252500534
ABHD14B_RNA,-0.22547228634357452
MRPS21_RNA,-0.2255163937807083
CRYBB1_RNA,-0.22558407485485077
CPNE2_RNA,-0.22558897733688354
JMJD8_RNA,-0.22562940418720245
CD70_RNA,-0.2257683426141739
TMIE_RNA,-0.22598004341125488
EIF3H_RNA,-0.22602243721485138
PSME1_RNA,-0.22604645788669586
RASGEF1A_RNA,-0.22607232630252838
EPS8L2_RNA,-0.22608821094036102
SLC7A10_RNA,-0.22608917951583862
AZGP1_RNA,-0.22610095143318176
BANK1_RNA,-0.22613252699375153
NSMCE1_RNA,-0.22614644467830658
POU3F4_RNA,-0.2262086570262909
TNFRSF25_RNA,-0.22623218595981598
LDLRAP1_RNA,-0.2262628972530365
ARHGAP17_RNA,-0.22641006112098694
XPNPEP2_RNA,-0.2264443337917328
SIGLEC14_RNA,-0.22659043967723846
CFD_RNA,-0.22661040723323822
PREB_RNA,-0.22662530839443207
TAF3_RNA,-0.22662904858589172
PSMA1_RNA,-0.22667568922042847
HSD17B12_RNA,-0.22681653499603271
RAB5B_RNA,-0.22688889503479004
ACAA2_RNA,-0.22693926095962524
DDX41_RNA,-0.22696223855018616
ZNF653_RNA,-0.22698873281478882
BARX2_RNA,-0.22701193392276764
PCNA_RNA,-0.2270834892988205
POU6F2_RNA,-0.22711311280727386
OXA1L_RNA,-0.22716094553470612
FMO1_RNA,-0.2272014021873474
SCARB1_RNA,-0.22734126448631287
NOTUM_RNA,-0.22745978832244873
PTDSS2_RNA,-0.22746255993843079
RWDD1_RNA,-0.22752797603607178
NUP62_RNA,-0.22763077914714813
UQCRH_RNA,-0.22767895460128784
GLTP_RNA,-0.22768943011760712
OTOF_RNA,-0.2277250736951828
TM7SF2_RNA,-0.227764293551445
SV2A_RNA,-0.22789683938026428
ZMAT5_RNA,-0.2279534488916397
SGSM1_RNA,-0.22799056768417358
RHOT2_RNA,-0.2281307727098465
PRPS1_RNA,-0.2282152622938156
CUEDC1_RNA,-0.22829507291316986
RNF182_RNA,-0.22839054465293884
UXT_RNA,-0.2283952534198761
ENY2_RNA,-0.2285657376050949
MTIF3_RNA,-0.22868260741233826
ZNF777_RNA,-0.2288428694009781
RPL22L1_RNA,-0.22884529829025269
PIGQ_RNA,-0.22886550426483154
RNF181_RNA,-0.22893506288528442
XK_RNA,-0.2289499193429947
KCTD4_RNA,-0.22896349430084229
EYA2_RNA,-0.22896386682987213
CENPH_RNA,-0.22900289297103882
TMSB10_RNA,-0.22906874120235443
DLX3_RNA,-0.22910146415233612
SLC37A1_RNA,-0.2291049212217331
ACR_RNA,-0.2293722927570343
EPHA8_RNA,-0.22939415276050568
PFDN4_RNA,-0.22944878041744232
UXS1_RNA,-0.22951048612594604
HTR1D_RNA,-0.2295309454202652
C4orf3_RNA,-0.22961333394050598
SLCO4A1_RNA,-0.2296764850616455
NCKIPSD_RNA,-0.22968164086341858
FBXW9_RNA,-0.2297467142343521
ARL15_RNA,-0.22977182269096375
ABCC8_RNA,-0.22983068227767944
NOP10_RNA,-0.22986559569835663
GTSE1_RNA,-0.22990016639232635
MNT_RNA,-0.2299116998910904
HPSE2_RNA,-0.22999083995819092
AFMID_RNA,-0.22999264299869537
TMEM14B_RNA,-0.2301846295595169
ILVBL_RNA,-0.23019425570964813
TMEM182_RNA,-0.23019488155841827
TMEM60_RNA,-0.23030894994735718
C2_RNA,-0.23033225536346436
HMGN1_RNA,-0.23037216067314148
LPAR3_RNA,-0.23042772710323334
PKNOX2_RNA,-0.2304408997297287
ART3_RNA,-0.23046492040157318
BCL2L10_RNA,-0.23050037026405334
TATDN2_RNA,-0.230535089969635
GFRA3_RNA,-0.23057152330875397
TNK2_RNA,-0.2306043952703476
SIRT2_RNA,-0.23068277537822723
MAST3_RNA,-0.23072053492069244
RCHY1_RNA,-0.23075205087661743
LIPE_RNA,-0.23076674342155457
DHDH_RNA,-0.23077522218227386
PRDX3_RNA,-0.23091477155685425
CDH1_RNA,-0.2309228777885437
MFSD10_RNA,-0.23092587292194366
XAB2_RNA,-0.23096898198127747
MXD4_RNA,-0.23117195069789886
CISD2_RNA,-0.23120079934597015
HSD11B1_RNA,-0.23120366036891937
RPS8_RNA,-0.2312394231557846
ZFPM1_RNA,-0.23127342760562897
NACA_RNA,-0.23137129843235016
CHCHD4_RNA,-0.23137564957141876
PEBP1_RNA,-0.23145054280757904
XRCC1_RNA,-0.2314818799495697
SAP130_RNA,-0.23148994147777557
EBF4_RNA,-0.23160603642463684
AVPI1_RNA,-0.23161278665065765
SERPINB6_RNA,-0.2316296398639679
PRCD_RNA,-0.23167622089385986
HSD17B10_RNA,-0.23177339136600494
FABP3_RNA,-0.2318657487630844
EIF2B4_RNA,-0.23187020421028137
STARD3_RNA,-0.23187850415706635
MRPS15_RNA,-0.2319193035364151
FGFBP3_RNA,-0.2319231927394867
BHMT2_RNA,-0.23200683295726776
CHRDL1_RNA,-0.23200933635234833
MBLAC1_RNA,-0.232051283121109
VAX2_RNA,-0.2321043461561203
POU3F1_RNA,-0.23212838172912598
MYT1L_RNA,-0.23217295110225677
SF3A1_RNA,-0.23218204081058502
NUCB1_RNA,-0.23221857845783234
PTPN3_RNA,-0.2322755604982376
WSB2_RNA,-0.2322784960269928
TH_RNA,-0.23239275813102722
MFF_RNA,-0.23255564272403717
PLA2G5_RNA,-0.23256464302539825
SGSH_RNA,-0.2325717955827713
SFT2D1_RNA,-0.23258402943611145
SLC18A3_RNA,-0.23258540034294128
TRIM46_RNA,-0.232587069272995
DDX28_RNA,-0.2326715886592865
ARV1_RNA,-0.2326866090297699
TNFAIP8L3_RNA,-0.23270024359226227
PRTN3_RNA,-0.2328602820634842
PRKCB_RNA,-0.23292145133018494
PPP1R16B_RNA,-0.23304763436317444
SERPINB8_RNA,-0.2331310212612152
MAP1LC3B2_RNA,-0.23314064741134644
HSBP1_RNA,-0.23315292596817017
TCTE1_RNA,-0.23320060968399048
RPS7_RNA,-0.23320218920707703
EBAG9_RNA,-0.233256995677948
ADA_RNA,-0.2332581728696823
GJB2_RNA,-0.23332077264785767
LY96_RNA,-0.23343324661254883
ZMYND12_RNA,-0.233480766415596
CXCL11_RNA,-0.23348368704319
SNAI2_RNA,-0.23350848257541656
CHPF_RNA,-0.23351983726024628
CDC37_RNA,-0.23352065682411194
C1orf52_RNA,-0.2336217761039734
C15orf61_RNA,-0.23373736441135406
PAEP_RNA,-0.23374389111995697
SLC19A1_RNA,-0.23375290632247925
ZIC1_RNA,-0.23376408219337463
GJA5_RNA,-0.23381786048412323
CORO2A_RNA,-0.233846977353096
PDPN_RNA,-0.23385749757289886
HLA-B_RNA,-0.23385821282863617
C1orf94_RNA,-0.2339017391204834
SEC61B_RNA,-0.23392067849636078
SPEF2_RNA,-0.23406283557415009
FHIT_RNA,-0.23409882187843323
LARP7_RNA,-0.234198659658432
FBXO9_RNA,-0.23429431021213531
C1orf198_RNA,-0.2343403548002243
MEA1_RNA,-0.23439472913742065
PIP5K1B_RNA,-0.23458705842494965
BEND5_RNA,-0.2346595823764801
EI24_RNA,-0.23466534912586212
TM4SF1_RNA,-0.2347484827041626
BTBD6_RNA,-0.23483850061893463
NDUFA6_RNA,-0.2348668873310089
FAM174A_RNA,-0.2349003106355667
C11orf58_RNA,-0.23499655723571777
VWA1_RNA,-0.2350674718618393
HSD11B2_RNA,-0.23517294228076935
PI16_RNA,-0.23521970212459564
ZNF32_RNA,-0.23525257408618927
NUDCD2_RNA,-0.23527924716472626
GALNT14_RNA,-0.2353915125131607
THOC6_RNA,-0.23542211949825287
NRXN2_RNA,-0.23544110357761383
PPM1B_RNA,-0.23555231094360352
E2F1_RNA,-0.2355794459581375
NRBP2_RNA,-0.23559564352035522
GIMAP7_RNA,-0.2356366366147995
LYPD5_RNA,-0.23564931750297546
SMAGP_RNA,-0.23566091060638428
ARL6IP1_RNA,-0.2356831282377243
CD63_RNA,-0.23571917414665222
CDCA8_RNA,-0.23572315275669098
MRPL9_RNA,-0.23572611808776855
POLR2K_RNA,-0.23576298356056213
PRDM12_RNA,-0.2358093559741974
SRRM2_RNA,-0.23590348660945892
CST3_RNA,-0.23602613806724548
PARP2_RNA,-0.2360784262418747
PART1_RNA,-0.23611246049404144
OR7A5_RNA,-0.23621529340744019
DAD1_RNA,-0.23623335361480713
NDUFB2_RNA,-0.2362668514251709
TUBB2A_RNA,-0.23627440631389618
TSNAXIP1_RNA,-0.23628778755664825
HMGN2_RNA,-0.23629537224769592
UBE2F_RNA,-0.2363327145576477
NFYC_RNA,-0.23637570440769196
RIBC2_RNA,-0.23640567064285278
BCORL1_RNA,-0.23641204833984375
HPGD_RNA,-0.23642335832118988
ZFP41_RNA,-0.2364235520362854
SPSB4_RNA,-0.2364301085472107
RNF10_RNA,-0.23649784922599792
TRHDE_RNA,-0.2365363985300064
DGCR5_RNA,-0.2365732491016388
HIPK4_RNA,-0.2365744262933731
SNRPG_RNA,-0.23660121858119965
B2M_RNA,-0.2366071194410324
SH3GLB2_RNA,-0.23663456737995148
HNRNPA1_RNA,-0.23675794899463654
TIMM17B_RNA,-0.23676089942455292
GJA4_RNA,-0.23677480220794678
SSC5D_RNA,-0.23682990670204163
NDUFAB1_RNA,-0.23685187101364136
CACNA1G_RNA,-0.23687434196472168
LYPD6B_RNA,-0.23690827190876007
SLC1A1_RNA,-0.23691490292549133
HEY2_RNA,-0.23706749081611633
MED19_RNA,-0.23713840544223785
FAM3B_RNA,-0.23722147941589355
HOXD8_RNA,-0.2372359037399292
TNFRSF11B_RNA,-0.23724502325057983
TIMM50_RNA,-0.23729364573955536
IRF2BP1_RNA,-0.23729541897773743
ARSA_RNA,-0.2373047173023224
RHOBTB2_RNA,-0.23731626570224762
HTR1A_RNA,-0.23732395470142365
KIAA1191_RNA,-0.2373836189508438
BCL2L1_RNA,-0.2374754697084427
NT5DC1_RNA,-0.2375371754169464
NT5M_RNA,-0.23754821717739105
CSPG5_RNA,-0.23761622607707977
KHK_RNA,-0.23778998851776123
MCAT_RNA,-0.23785537481307983
OSTC_RNA,-0.23799759149551392
KLHL32_RNA,-0.23804868757724762
RALB_RNA,-0.23805098235607147
VDAC3_RNA,-0.238094761967659
IGSF8_RNA,-0.23813998699188232
G0S2_RNA,-0.23814411461353302
AATK_RNA,-0.23815371096134186
SLC38A5_RNA,-0.23822423815727234
SART1_RNA,-0.23825085163116455
FOXA2_RNA,-0.23830446600914001
TMIGD2_RNA,-0.2383367419242859
CCDC9_RNA,-0.23841337859630585
PLTP_RNA,-0.23849771916866302
SLC27A2_RNA,-0.2385006546974182
TP53TG1_RNA,-0.23850102722644806
GNG2_RNA,-0.23850925266742706
C2orf66_RNA,-0.2385396659374237
EBF3_RNA,-0.23857292532920837
C2orf81_RNA,-0.23857320845127106
RANBP1_RNA,-0.23858948051929474
GLIPR1L2_RNA,-0.23860211670398712
SNAP29_RNA,-0.2386021465063095
HMOX1_RNA,-0.23860767483711243
PAX1_RNA,-0.2386249452829361
DAB2IP_RNA,-0.23870207369327545
CENPT_RNA,-0.23878134787082672
PDCL3_RNA,-0.23881083726882935
CCDC115_RNA,-0.2388572096824646
ANXA11_RNA,-0.23892132937908173
RWDD2B_RNA,-0.23901137709617615
SAMM50_RNA,-0.23901957273483276
RASIP1_RNA,-0.2390294224023819
FOXJ1_RNA,-0.23903924226760864
PRMT6_RNA,-0.2391306310892105
ENSA_RNA,-0.2391335368156433
THAP11_RNA,-0.2391725778579712
ENPP4_RNA,-0.23921562731266022
ALDH7A1_RNA,-0.23922815918922424
CNDP2_RNA,-0.23938991129398346
SULT1A1_RNA,-0.23941873013973236
SLC25A11_RNA,-0.23946216702461243
MATN3_RNA,-0.23952043056488037
NUTF2_RNA,-0.2395637482404709
PYCARD_RNA,-0.2395765632390976
SPIRE2_RNA,-0.23971416056156158
RPS2_RNA,-0.2398006021976471
MRPL49_RNA,-0.23993538320064545
LEFTY2_RNA,-0.24000270664691925
GNB5_RNA,-0.24000300467014313
UQCRB_RNA,-0.24005311727523804
MAGEC1_RNA,-0.24016092717647552
METRN_RNA,-0.24017712473869324
SLC22A18AS_RNA,-0.24029089510440826
NHLRC1_RNA,-0.2403135448694229
NCOR2_RNA,-0.24049298465251923
ZMYND15_RNA,-0.24054497480392456
FAM162B_RNA,-0.24060578644275665
UBXN6_RNA,-0.24073728919029236
MED29_RNA,-0.2408202737569809
RPL23A_RNA,-0.24084879457950592
RP9_RNA,-0.24122142791748047
DUSP9_RNA,-0.2412504106760025
LRRC23_RNA,-0.2412864863872528
B4GALNT4_RNA,-0.24130131304264069
SDHAF2_RNA,-0.24137848615646362
TBX6_RNA,-0.24143646657466888
IMPDH1_RNA,-0.2414475381374359
CDT1_RNA,-0.24155032634735107
BHLHA9_RNA,-0.2415936142206192
SLAMF7_RNA,-0.24185709655284882
YWHAB_RNA,-0.24189938604831696
PYDC1_RNA,-0.24193087220191956
TM6SF2_RNA,-0.24202722311019897
TMEM219_RNA,-0.2420392632484436
PCBP4_RNA,-0.2421140968799591
ZMAT4_RNA,-0.2421858310699463
VEGFC_RNA,-0.24237410724163055
TRAPPC2L_RNA,-0.24238340556621552
PKP3_RNA,-0.24238890409469604
ISG20L2_RNA,-0.24249768257141113
ZCCHC3_RNA,-0.24249818921089172
CACNB1_RNA,-0.2425636649131775
PSMF1_RNA,-0.24257661402225494
ALOX12B_RNA,-0.24260461330413818
RPL27A_RNA,-0.2427053451538086
BCAS2_RNA,-0.24277420341968536
NHLH2_RNA,-0.24277867376804352
EPS15L1_RNA,-0.24287770688533783
GYPC_RNA,-0.24291764199733734
CMC1_RNA,-0.24296966195106506
MORN2_RNA,-0.24298611283302307
NOS1_RNA,-0.24334260821342468
TRPV6_RNA,-0.24335603415966034
DCTD_RNA,-0.24341756105422974
BLVRA_RNA,-0.24349315464496613
GTF3C6_RNA,-0.24352946877479553
PRICKLE3_RNA,-0.2435656636953354
CWC15_RNA,-0.24357713758945465
CAMLG_RNA,-0.24367791414260864
SELPLG_RNA,-0.24370746314525604
GTSF1_RNA,-0.24418051540851593
FSTL4_RNA,-0.24418359994888306
POLR2C_RNA,-0.24423858523368835
DACT2_RNA,-0.24432174861431122
DGAT2_RNA,-0.24433453381061554
NPAS2_RNA,-0.2443356066942215
TTYH1_RNA,-0.24438607692718506
KCNK17_RNA,-0.244418665766716
LTV1_RNA,-0.244439959526062
YWHAG_RNA,-0.24446776509284973
KIF12_RNA,-0.24465927481651306
SLC15A3_RNA,-0.24470070004463196
ETV2_RNA,-0.24470382928848267
OLFML1_RNA,-0.244773268699646
ADORA1_RNA,-0.24483396112918854
KDM6B_RNA,-0.24484650790691376
MDH1_RNA,-0.24486368894577026
SNHG8_RNA,-0.2450813353061676
PDE6G_RNA,-0.24508732557296753
NANOS1_RNA,-0.24515210092067719
AMZ2_RNA,-0.24515382945537567
ABHD12_RNA,-0.24518299102783203
SIRPG_RNA,-0.24526551365852356
WNT1_RNA,-0.24537567794322968
STRN4_RNA,-0.245399609208107
MAPRE2_RNA,-0.24548014998435974
FAM43B_RNA,-0.24551807343959808
IFI27_RNA,-0.24552223086357117
CD5L_RNA,-0.24573755264282227
STAC3_RNA,-0.2458551526069641
EMID1_RNA,-0.24593400955200195
BHLHE22_RNA,-0.2461143583059311
ERP29_RNA,-0.24629147350788116
SLC45A3_RNA,-0.24632085859775543
SLC5A11_RNA,-0.24637776613235474
NDUFA5_RNA,-0.2463793307542801
LDHB_RNA,-0.24647651612758636
PTGER3_RNA,-0.2464880347251892
SDHD_RNA,-0.2465214878320694
MAGED1_RNA,-0.24662412703037262
MED24_RNA,-0.24666237831115723
BIRC5_RNA,-0.2467004507780075
C22orf39_RNA,-0.24670492112636566
COX7A2L_RNA,-0.24676921963691711
MEX3D_RNA,-0.24683980643749237
THEM4_RNA,-0.24693411588668823
COASY_RNA,-0.2470882385969162
CFL2_RNA,-0.24708841741085052
RUNX3_RNA,-0.24709142744541168
GADD45A_RNA,-0.24713696539402008
RPS19BP1_RNA,-0.24717721343040466
STOML2_RNA,-0.24720795452594757
EIF3J_RNA,-0.24722039699554443
B3GAT2_RNA,-0.2472303807735443
PDXP_RNA,-0.24752864241600037
BARX1_RNA,-0.247560054063797
LRP3_RNA,-0.24757862091064453
KLHL26_RNA,-0.24760445952415466
SERPINF2_RNA,-0.24760779738426208
CTU2_RNA,-0.2476167380809784
ECHS1_RNA,-0.24775730073451996
FAM89B_RNA,-0.24779413640499115
RNPEP_RNA,-0.24787306785583496
CACNA1B_RNA,-0.24791616201400757
UNC119_RNA,-0.24793557822704315
EML2_RNA,-0.24794349074363708
GFRA2_RNA,-0.24804778397083282
PPP1R12C_RNA,-0.2480756789445877
FNDC4_RNA,-0.24808751046657562
LOXL1_RNA,-0.24810080230236053
FGFRL1_RNA,-0.24815034866333008
CHMP6_RNA,-0.24828477203845978
MYO7B_RNA,-0.24831520020961761
TOR3A_RNA,-0.2483658343553543
RHBDL1_RNA,-0.24843376874923706
TMEM114_RNA,-0.24848856031894684
CD79A_RNA,-0.24881546199321747
PITX1_RNA,-0.24882979691028595
PEMT_RNA,-0.24891476333141327
PPP3CB_RNA,-0.24895448982715607
CXCL5_RNA,-0.24908843636512756
ACBD7_RNA,-0.24922135472297668
THEM5_RNA,-0.24922169744968414
PITPNM1_RNA,-0.24924874305725098
ROBO4_RNA,-0.24932029843330383
NPTN_RNA,-0.2493850439786911
TMEM150C_RNA,-0.24943922460079193
PPP2CA_RNA,-0.24950136244297028
ADM2_RNA,-0.2496519684791565
TAF13_RNA,-0.2496713101863861
RLBP1_RNA,-0.2497072070837021
PHLDA3_RNA,-0.2497599869966507
SLC25A4_RNA,-0.2498926967382431
CD9_RNA,-0.2498977929353714
TACC3_RNA,-0.24997004866600037
CENPM_RNA,-0.24998827278614044
OCIAD1_RNA,-0.2501230835914612
TSPO_RNA,-0.2501380443572998
TBC1D13_RNA,-0.2502243220806122
CALHM2_RNA,-0.25027385354042053
MRPS26_RNA,-0.25031062960624695
INF2_RNA,-0.2504135072231293
TCF3_RNA,-0.2504628002643585
RRS1_RNA,-0.25060030817985535
TMEM222_RNA,-0.25070053339004517
MGST2_RNA,-0.2507208287715912
C21orf91_RNA,-0.25088727474212646
GAS2L2_RNA,-0.2509055435657501
DAO_RNA,-0.25090616941452026
HTR3A_RNA,-0.25099557638168335
C16orf92_RNA,-0.2510001063346863
SEC11C_RNA,-0.25102129578590393
RGS10_RNA,-0.2510298788547516
ELOVL4_RNA,-0.25120940804481506
NDUFA12_RNA,-0.25126078724861145
CBX1_RNA,-0.25126370787620544
HTATIP2_RNA,-0.251338928937912
CDKN2AIPNL_RNA,-0.25134924054145813
TMEM229A_RNA,-0.2513774037361145
ARAF_RNA,-0.25141641497612
SKI_RNA,-0.2514171600341797
SNRPA_RNA,-0.25142383575439453
POLD4_RNA,-0.25167638063430786
FCGR3A_RNA,-0.2517463266849518
HBG1_RNA,-0.2517673075199127
NXN_RNA,-0.25179365277290344
ASGR1_RNA,-0.25179922580718994
PHYH_RNA,-0.25189536809921265
DPF2_RNA,-0.25189948081970215
FOXQ1_RNA,-0.2520618736743927
SCRG1_RNA,-0.252267986536026
TPRKB_RNA,-0.2524305582046509
NXNL2_RNA,-0.25258851051330566
ZRSR2_RNA,-0.25261539220809937
HOXA13_RNA,-0.25262612104415894
PPFIA3_RNA,-0.2526370584964752
GSX2_RNA,-0.2527177929878235
PITPNM3_RNA,-0.25272703170776367
ZNF428_RNA,-0.25276920199394226
DGKZ_RNA,-0.2529074549674988
AQP1_RNA,-0.25297167897224426
TRIM41_RNA,-0.2530159056186676
MSC_RNA,-0.2530576288700104
KRT8_RNA,-0.2531794607639313
RAB40C_RNA,-0.25319090485572815
LTBP4_RNA,-0.25323182344436646
MSX1_RNA,-0.2532588839530945
CIDEA_RNA,-0.2533251643180847
ATP13A2_RNA,-0.2533387541770935
FZD10_RNA,-0.2534169554710388
AK3_RNA,-0.25342968106269836
NUPR1_RNA,-0.25343361496925354
SNX17_RNA,-0.2534675896167755
POMC_RNA,-0.2535007894039154
PRKD2_RNA,-0.25350502133369446
TSPYL4_RNA,-0.25355491042137146
HAS1_RNA,-0.2536223530769348
LCAT_RNA,-0.2536228895187378
GHITM_RNA,-0.25366970896720886
MEPE_RNA,-0.25372618436813354
PROK1_RNA,-0.25372809171676636
NKX3-1_RNA,-0.2537321150302887
IGFBP1_RNA,-0.2538868188858032
SIRT3_RNA,-0.2539578080177307
CRLF1_RNA,-0.25410985946655273
TMEM176B_RNA,-0.25416532158851624
FAM43A_RNA,-0.2541685402393341
CDH8_RNA,-0.25438451766967773
MID1IP1_RNA,-0.2545488178730011
NDRG4_RNA,-0.2545647919178009
LAMP3_RNA,-0.2546248137950897
NAPB_RNA,-0.2547335624694824
ANGPTL2_RNA,-0.25479593873023987
NCK2_RNA,-0.2549551725387573
CCDC28A_RNA,-0.25506988167762756
LAGE3_RNA,-0.25507810711860657
TMEM86B_RNA,-0.2550957500934601
JAG2_RNA,-0.2551438510417938
FEZ1_RNA,-0.2551797926425934
TMEM231_RNA,-0.25519952178001404
KRT81_RNA,-0.25542595982551575
MED16_RNA,-0.2554742395877838
STOML3_RNA,-0.25558117032051086
MRPS12_RNA,-0.25559917092323303
SPINT2_RNA,-0.2556091547012329
TMEM51_RNA,-0.25567153096199036
PDLIM2_RNA,-0.25570058822631836
CD320_RNA,-0.2558264434337616
MYL3_RNA,-0.25589776039123535
SSTR4_RNA,-0.25590935349464417
TAF9_RNA,-0.2560412287712097
MPND_RNA,-0.25621306896209717
VSIG1_RNA,-0.2564346194267273
CACYBP_RNA,-0.2564479112625122
TAF1C_RNA,-0.25649213790893555
SREBF2_RNA,-0.2566104829311371
CBX3_RNA,-0.25671273469924927
RCN1_RNA,-0.25675174593925476
AP2A1_RNA,-0.25680655241012573
YWHAZ_RNA,-0.2568493187427521
GPC3_RNA,-0.2568918764591217
REPIN1_RNA,-0.25696179270744324
UBE2L6_RNA,-0.2569717466831207
NSDHL_RNA,-0.25700056552886963
SLBP_RNA,-0.257036954164505
NTNG2_RNA,-0.2570952773094177
PSMD13_RNA,-0.2573535442352295
CHCHD1_RNA,-0.25742948055267334
PMAIP1_RNA,-0.257676899433136
PPP1R16A_RNA,-0.25773555040359497
PI4K2A_RNA,-0.2577507495880127
COX7A1_RNA,-0.2577672004699707
TGM5_RNA,-0.2578170895576477
AK7_RNA,-0.2578362226486206
BCL2L12_RNA,-0.2578813135623932
GABRG3_RNA,-0.2579496502876282
NDUFS8_RNA,-0.25795480608940125
PPP5C_RNA,-0.25800275802612305
CAMKK2_RNA,-0.2580231726169586
GPR3_RNA,-0.25802552700042725
DHRS4_RNA,-0.25802773237228394
ABLIM3_RNA,-0.2580376863479614
ZSWIM7_RNA,-0.25807812809944153
SRRM1_RNA,-0.2581051290035248
FOXS1_RNA,-0.2582671642303467
LSM7_RNA,-0.2583472728729248
TEKT3_RNA,-0.2584335505962372
RNF5_RNA,-0.25845974683761597
GNG13_RNA,-0.2585795223712921
NUDT2_RNA,-0.25863149762153625
POP7_RNA,-0.2586982548236847
DCAF12L2_RNA,-0.2587290108203888
KCNJ12_RNA,-0.25875526666641235
WDTC1_RNA,-0.2587658166885376
COX6C_RNA,-0.25877904891967773
CYCS_RNA,-0.2588954269886017
TUSC3_RNA,-0.2590104043483734
ING2_RNA,-0.25907421112060547
SSR4_RNA,-0.25914227962493896
RPIA_RNA,-0.2592293918132782
TSPAN31_RNA,-0.25930437445640564
SNN_RNA,-0.2593367099761963
RNF220_RNA,-0.2593993842601776
TYRP1_RNA,-0.2595687210559845
ANKS1B_RNA,-0.2595946490764618
AIP_RNA,-0.25965386629104614
RPL26_RNA,-0.25972670316696167
HOXB8_RNA,-0.259729266166687
SFTA1P_RNA,-0.25980085134506226
AMH_RNA,-0.25987234711647034
KIAA0319_RNA,-0.259920597076416
C11orf24_RNA,-0.2600210905075073
SHANK2_RNA,-0.26014208793640137
PDZD7_RNA,-0.26017215847969055
ZNF22_RNA,-0.26026684045791626
FAM124A_RNA,-0.26063084602355957
MSLN_RNA,-0.26063668727874756
MOCS2_RNA,-0.2606376111507416
CHMP2A_RNA,-0.26065757870674133
PPT2_RNA,-0.2607068121433258
RARA_RNA,-0.2607531249523163
FGF9_RNA,-0.26076212525367737
SYT17_RNA,-0.2608354091644287
EHD1_RNA,-0.2609243392944336
NIPSNAP3A_RNA,-0.26095548272132874
CRABP2_RNA,-0.26104751229286194
PPME1_RNA,-0.2610534429550171
NAP1L3_RNA,-0.26105692982673645
RCVRN_RNA,-0.26106008887290955
RPS18_RNA,-0.26108723878860474
TSPAN17_RNA,-0.26117029786109924
APP_RNA,-0.2612607777118683
PEF1_RNA,-0.2612643539905548
GPN3_RNA,-0.2613188624382019
CEACAM19_RNA,-0.261322021484375
TMEM8B_RNA,-0.2613818645477295
TSC22D1_RNA,-0.261391282081604
UQCRQ_RNA,-0.2615388035774231
HIF3A_RNA,-0.2615572512149811
NPPC_RNA,-0.2616358995437622
UCK1_RNA,-0.2616775631904602
OLIG2_RNA,-0.26179879903793335
MPL_RNA,-0.2618822455406189
PYGO2_RNA,-0.2619384229183197
SEMA7A_RNA,-0.2620484530925751
LY75_RNA,-0.26206251978874207
TSR2_RNA,-0.26209041476249695
CNKSR1_RNA,-0.2621167302131653
FKBP3_RNA,-0.2622238099575043
KIF25_RNA,-0.2622566223144531
ATF7_RNA,-0.2622993588447571
LSM5_RNA,-0.2623959481716156
MGP_RNA,-0.26242631673812866
RPUSD1_RNA,-0.2625099718570709
RPL21_RNA,-0.2626534104347229
EDC3_RNA,-0.26270678639411926
LILRA4_RNA,-0.2628501355648041
SPHK2_RNA,-0.26289039850234985
YEATS4_RNA,-0.2630583941936493
MGMT_RNA,-0.2630644142627716
CCDC69_RNA,-0.2632109820842743
SLC22A3_RNA,-0.2634834051132202
ASF1B_RNA,-0.26372280716896057
CIB2_RNA,-0.2637367248535156
UBE2Q1_RNA,-0.2637636363506317
GFER_RNA,-0.26376718282699585
TNFSF13_RNA,-0.2637903094291687
TJAP1_RNA,-0.2638967037200928
ALKBH7_RNA,-0.26392072439193726
C15orf39_RNA,-0.2639617919921875
CMTM7_RNA,-0.26398080587387085
CSNK1E_RNA,-0.26404452323913574
MAP2K7_RNA,-0.2640943229198456
KLF5_RNA,-0.26413798332214355
SLC25A1_RNA,-0.26415303349494934
IL4I1_RNA,-0.26415419578552246
EFEMP2_RNA,-0.26420342922210693
ALOXE3_RNA,-0.26435959339141846
SUMO1_RNA,-0.26443761587142944
RPL35_RNA,-0.26449400186538696
ZNF513_RNA,-0.2644995152950287
CPAMD8_RNA,-0.264529824256897
TMED7_RNA,-0.26454657316207886
DBN1_RNA,-0.26454803347587585
TMEM187_RNA,-0.2645774483680725
TOMM34_RNA,-0.2646024823188782
LRRC4B_RNA,-0.2646147906780243
SNX11_RNA,-0.2646670639514923
LDHA_RNA,-0.2647787630558014
ZC4H2_RNA,-0.264784038066864
CPXM1_RNA,-0.2647971212863922
NDUFA3_RNA,-0.2648112177848816
PKIA_RNA,-0.2650386393070221
CAPN5_RNA,-0.2651400566101074
RPS12_RNA,-0.26515236496925354
ACTC1_RNA,-0.26516440510749817
LOX_RNA,-0.26516973972320557
PIM3_RNA,-0.26517385244369507
HLA-DMA_RNA,-0.2652207612991333
ADAM11_RNA,-0.2653188705444336
KAT2A_RNA,-0.26535066962242126
RSPO3_RNA,-0.2653621733188629
LRTM2_RNA,-0.26582348346710205
REEP5_RNA,-0.2659837603569031
SNAI1_RNA,-0.26602208614349365
AQP3_RNA,-0.2660648226737976
SIRT6_RNA,-0.2661260962486267
GATA2_RNA,-0.2661408483982086
FBP1_RNA,-0.26623818278312683
AGR3_RNA,-0.2663712799549103
C5orf15_RNA,-0.26646867394447327
SMNDC1_RNA,-0.26647040247917175
PRR22_RNA,-0.2664807140827179
NIPSNAP3B_RNA,-0.2665357291698456
RGS7_RNA,-0.26684388518333435
RABGGTA_RNA,-0.2671422064304352
OLA1_RNA,-0.26714828610420227
ADORA3_RNA,-0.267175555229187
TERF2_RNA,-0.26721328496932983
DYNLL2_RNA,-0.2672256827354431
CAPN6_RNA,-0.2672656774520874
SRRT_RNA,-0.2673294246196747
HOXB7_RNA,-0.26747748255729675
HDDC2_RNA,-0.26749730110168457
KIF3C_RNA,-0.2676663100719452
MYOZ3_RNA,-0.26769548654556274
PEPD_RNA,-0.2677406966686249
CTNNBIP1_RNA,-0.26777470111846924
CNP_RNA,-0.2677833139896393
PDE8B_RNA,-0.2678053081035614
TSLP_RNA,-0.2678729295730591
GPR26_RNA,-0.26789402961730957
PIR_RNA,-0.2681066393852234
SUMO2_RNA,-0.2681390941143036
MT1E_RNA,-0.26849642395973206
PTH1R_RNA,-0.2685059607028961
LSM4_RNA,-0.26855647563934326
EVI2A_RNA,-0.26865503191947937
RBCK1_RNA,-0.26866450905799866
HCN3_RNA,-0.2688504159450531
PHB2_RNA,-0.26888152956962585
CLIC6_RNA,-0.2688977122306824
DNAJC12_RNA,-0.2689560353755951
BBC3_RNA,-0.2689887583255768
MAPT_RNA,-0.26908251643180847
HTR1E_RNA,-0.26909181475639343
THPO_RNA,-0.26910310983657837
PSMA4_RNA,-0.2692648470401764
WBP11_RNA,-0.2693175971508026
IFI35_RNA,-0.26936379075050354
RAB3C_RNA,-0.26953527331352234
C1QL3_RNA,-0.2695908844470978
OTOS_RNA,-0.26965078711509705
NDFIP1_RNA,-0.2697105407714844
PLD3_RNA,-0.2697434425354004
POU2AF1_RNA,-0.2697724997997284
SLITRK2_RNA,-0.26988163590431213
RPL13_RNA,-0.2698953151702881
DCAF15_RNA,-0.27004486322402954
NDUFA1_RNA,-0.27010244131088257
RAB2A_RNA,-0.27014389634132385
TMEM61_RNA,-0.27029892802238464
FAAH_RNA,-0.2703073024749756
UCHL3_RNA,-0.2703079879283905
CERCAM_RNA,-0.2703893780708313
ZSCAN1_RNA,-0.27048397064208984
DYNLT1_RNA,-0.2705521285533905
ACYP2_RNA,-0.2706058919429779
AURKAIP1_RNA,-0.2706564664840698
RCN2_RNA,-0.2706828713417053
NPTX1_RNA,-0.2708037197589874
DUSP2_RNA,-0.2708403170108795
SOX8_RNA,-0.27087774872779846
MMAB_RNA,-0.2709541618824005
FAM117A_RNA,-0.2710810899734497
OSCAR_RNA,-0.27121031284332275
RHEB_RNA,-0.2712997496128082
CCL2_RNA,-0.27132296562194824
POLR2G_RNA,-0.27135980129241943
MRPL36_RNA,-0.27136656641960144
CHST14_RNA,-0.27139249444007874
A4GALT_RNA,-0.27149543166160583
HAGH_RNA,-0.27160751819610596
EIF4E1B_RNA,-0.27170366048812866
HIRA_RNA,-0.2717285752296448
TMEM126A_RNA,-0.27175402641296387
PRR3_RNA,-0.2718096673488617
PDZD11_RNA,-0.2718358635902405
GAP43_RNA,-0.2718549966812134
JAZF1_RNA,-0.2718985080718994
TMEM208_RNA,-0.27225103974342346
CHAF1B_RNA,-0.272356778383255
MYL12A_RNA,-0.2723822593688965
HOXC8_RNA,-0.2725072503089905
TMEM143_RNA,-0.2725704610347748
HOXB3_RNA,-0.27264663577079773
CPPED1_RNA,-0.2726898789405823
UBA52_RNA,-0.2727218568325043
DNAJB9_RNA,-0.27277782559394836
UBE2L3_RNA,-0.27283674478530884
AP3S1_RNA,-0.272873193025589
MT1M_RNA,-0.2729111313819885
EBNA1BP2_RNA,-0.27293094992637634
YIPF3_RNA,-0.27297648787498474
IGSF9_RNA,-0.2730605900287628
MEF2D_RNA,-0.273202508687973
CCDC157_RNA,-0.2733188271522522
MRPL33_RNA,-0.2734360694885254
TRAM1L1_RNA,-0.2734854221343994
MMD2_RNA,-0.27362799644470215
FADS6_RNA,-0.27363449335098267
PDCD2L_RNA,-0.27364471554756165
PDIA2_RNA,-0.2736462950706482
MGAT4B_RNA,-0.27372708916664124
STRAP_RNA,-0.27374377846717834
MMP28_RNA,-0.27378803491592407
SBDS_RNA,-0.2738085985183716
EFNB2_RNA,-0.27382776141166687
CXCL10_RNA,-0.2739035487174988
DCTN2_RNA,-0.2739579379558563
PRDX5_RNA,-0.2740468978881836
MAD2L2_RNA,-0.2741246521472931
PDCD5_RNA,-0.2742477059364319
CDKN2A_RNA,-0.27430278062820435
TRADD_RNA,-0.2743467390537262
NPW_RNA,-0.2743504047393799
MAPK11_RNA,-0.27445778250694275
ETHE1_RNA,-0.27445995807647705
LAPTM5_RNA,-0.27447712421417236
SRI_RNA,-0.2745092511177063
PAX2_RNA,-0.2745870351791382
RPS3A_RNA,-0.27462509274482727
C1orf35_RNA,-0.2746780514717102
BUD31_RNA,-0.2747005820274353
METTL5_RNA,-0.2747266888618469
APRT_RNA,-0.2747488021850586
PPCS_RNA,-0.2748372554779053
TSG101_RNA,-0.27499356865882874
FCN3_RNA,-0.27505603432655334
HOXC11_RNA,-0.2750663757324219
AJAP1_RNA,-0.27520230412483215
SORBS2_RNA,-0.2752261459827423
KHDRBS1_RNA,-0.2752346396446228
MRPS7_RNA,-0.27531251311302185
C1QC_RNA,-0.27550655603408813
RPS14_RNA,-0.27552422881126404
TWF2_RNA,-0.27553504705429077
CCDC120_RNA,-0.275560200214386
CXCL13_RNA,-0.27558159828186035
ZDHHC1_RNA,-0.2759022116661072
FOXC1_RNA,-0.2759661078453064
MMP23A_RNA,-0.27597030997276306
XKR7_RNA,-0.27600419521331787
TSPAN33_RNA,-0.27610015869140625
SIGLEC10_RNA,-0.2761356234550476
PDE9A_RNA,-0.27615904808044434
SERPINE2_RNA,-0.27626103162765503
NDUFAF2_RNA,-0.2763349413871765
CCR10_RNA,-0.2763766646385193
GLRA3_RNA,-0.2764626145362854
CREG1_RNA,-0.27653855085372925
TELO2_RNA,-0.2765437364578247
IRX3_RNA,-0.2766687572002411
PDGFB_RNA,-0.2767171263694763
ATP6V0B_RNA,-0.2768026888370514
KATNB1_RNA,-0.27698901295661926
NEU4_RNA,-0.27699902653694153
TMEM150A_RNA,-0.27705854177474976
CYB561_RNA,-0.27719590067863464
TTC9_RNA,-0.2772100269794464
CISD1_RNA,-0.27728503942489624
TRIM6_RNA,-0.2773515284061432
PLCH2_RNA,-0.2774008512496948
DALRD3_RNA,-0.2775607407093048
PYCR2_RNA,-0.2776492238044739
ASCC2_RNA,-0.27790066599845886
TMEM200A_RNA,-0.27799665927886963
SS18L2_RNA,-0.27801513671875
LMOD1_RNA,-0.2781258523464203
MARK4_RNA,-0.27813366055488586
ITPK1_RNA,-0.27815550565719604
LYRM1_RNA,-0.2782084345817566
MFAP5_RNA,-0.2782194912433624
TAF7_RNA,-0.2783716320991516
RMI1_RNA,-0.27850770950317383
UBE2V2_RNA,-0.2785223126411438
MRPL43_RNA,-0.2786567211151123
TLE2_RNA,-0.2787494361400604
USP39_RNA,-0.27876150608062744
HTRA3_RNA,-0.2788349986076355
BYSL_RNA,-0.27887773513793945
PAQR4_RNA,-0.2788976728916168
KIRREL3_RNA,-0.27912619709968567
SSB_RNA,-0.2791549265384674
ZMAT2_RNA,-0.2791590988636017
KCNJ10_RNA,-0.2792615294456482
ARL4D_RNA,-0.27937018871307373
FOXN4_RNA,-0.2794499397277832
CRYBA2_RNA,-0.2794538140296936
PDE6B_RNA,-0.27945995330810547
CEBPD_RNA,-0.2795601189136505
ZC3H3_RNA,-0.2795613706111908
S100A13_RNA,-0.27968332171440125
HOXC9_RNA,-0.2797238230705261
KLHL38_RNA,-0.27975213527679443
TMSB4X_RNA,-0.2797924280166626
PGRMC1_RNA,-0.2798089385032654
SSBP4_RNA,-0.2798311710357666
PPP4R4_RNA,-0.2800215184688568
TOX_RNA,-0.28034868836402893
DMPK_RNA,-0.2805100381374359
SPATA18_RNA,-0.2805226147174835
SEC14L5_RNA,-0.28054115176200867
RPL3L_RNA,-0.2805444300174713
RAP1GAP2_RNA,-0.2805961072444916
RHOV_RNA,-0.2806015610694885
SNAPC2_RNA,-0.2806576192378998
NRN1_RNA,-0.28066596388816833
TMOD1_RNA,-0.28068429231643677
RANGAP1_RNA,-0.28073713183403015
RING1_RNA,-0.28090763092041016
PRKCSH_RNA,-0.2809647023677826
MAP2K1_RNA,-0.28097495436668396
STK16_RNA,-0.2810661792755127
SPON2_RNA,-0.2810702919960022
CHADL_RNA,-0.281086802482605
SAC3D1_RNA,-0.281252920627594
ANAPC2_RNA,-0.28130996227264404
NFIX_RNA,-0.2813376188278198
SGTA_RNA,-0.2813868522644043
NRG3_RNA,-0.2814297378063202
NEGR1_RNA,-0.2815890610218048
FZD9_RNA,-0.28161612153053284
DHCR7_RNA,-0.2816295325756073
UBE2J2_RNA,-0.28163668513298035
CDK5_RNA,-0.2816738486289978
BST2_RNA,-0.2818619906902313
C12orf75_RNA,-0.2819003760814667
BSPRY_RNA,-0.2820998728275299
MPV17_RNA,-0.28227391839027405
ITGB1BP1_RNA,-0.2822831869125366
BAIAP2L2_RNA,-0.2825084328651428
GPIHBP1_RNA,-0.28251808881759644
NSFL1C_RNA,-0.28252384066581726
LPAR4_RNA,-0.28259584307670593
LYNX1_RNA,-0.28270193934440613
HES4_RNA,-0.2828109860420227
PRDX2_RNA,-0.282817006111145
FSD1_RNA,-0.2828242778778076
CNTN2_RNA,-0.28295451402664185
NAA20_RNA,-0.2829609215259552
TFR2_RNA,-0.2829647362232208
CACNA1I_RNA,-0.28301894664764404
BAG1_RNA,-0.28312569856643677
MRPL28_RNA,-0.283233642578125
NPY1R_RNA,-0.2833205461502075
THRA_RNA,-0.283431738615036
EBPL_RNA,-0.2835826277732849
PRR12_RNA,-0.28360605239868164
HOXB9_RNA,-0.2837066650390625
LMO1_RNA,-0.28375735878944397
ANKRD29_RNA,-0.2838141918182373
BHLHE41_RNA,-0.2838309705257416
MYL12B_RNA,-0.2839476466178894
IL2RB_RNA,-0.283997118473053
CDS1_RNA,-0.28414082527160645
GLRX_RNA,-0.28424912691116333
KTI12_RNA,-0.2842661738395691
MED27_RNA,-0.2842808663845062
UPK3A_RNA,-0.28448712825775146
SLIT3_RNA,-0.28468644618988037
RSPO2_RNA,-0.2847001552581787
TMEM204_RNA,-0.28472253680229187
HSF1_RNA,-0.2848046123981476
DECR2_RNA,-0.2848432958126068
TPBG_RNA,-0.2849227786064148
DRD2_RNA,-0.28499382734298706
ARHGEF15_RNA,-0.2851948142051697
RBM24_RNA,-0.28536564111709595
DOHH_RNA,-0.2854979336261749
MRPL22_RNA,-0.28556758165359497
IRX1_RNA,-0.2856222987174988
APBB1IP_RNA,-0.2856246829032898
KCTD8_RNA,-0.28577885031700134
CCBE1_RNA,-0.28579166531562805
SH2B2_RNA,-0.285799115896225
ISOC1_RNA,-0.2861441969871521
TCF7L2_RNA,-0.28615060448646545
CASKIN1_RNA,-0.2861550450325012
RPL15_RNA,-0.28618699312210083
KRCC1_RNA,-0.28624022006988525
MYCN_RNA,-0.2864684760570526
PPP1R3F_RNA,-0.2865534722805023
GYG2_RNA,-0.2865838408470154
LY86_RNA,-0.2865877151489258
SMARCD3_RNA,-0.2867899537086487
TROAP_RNA,-0.28681427240371704
CORO1A_RNA,-0.2868151366710663
UBL4B_RNA,-0.28700175881385803
MRGPRE_RNA,-0.28700748085975647
GPS1_RNA,-0.2870548665523529
GNGT2_RNA,-0.2870708703994751
DPAGT1_RNA,-0.2870846092700958
PDK2_RNA,-0.28723612427711487
DNAI2_RNA,-0.28725141286849976
NINJ1_RNA,-0.2873671054840088
VPS26A_RNA,-0.2873709499835968
MAP2K5_RNA,-0.28753286600112915
SCAMP2_RNA,-0.2875489294528961
RASL10B_RNA,-0.28755825757980347
MIR647_RNA,-0.287593811750412
FCHO1_RNA,-0.2876596748828888
MEIS3_RNA,-0.287685364484787
AEBP1_RNA,-0.28769880533218384
DNAJB2_RNA,-0.2878171503543854
FOXRED2_RNA,-0.2878711521625519
PODXL2_RNA,-0.2880777418613434
PTOV1_RNA,-0.28814852237701416
NXPH1_RNA,-0.2882463335990906
SUSD4_RNA,-0.2882730960845947
YIF1B_RNA,-0.28831687569618225
SHROOM1_RNA,-0.2884930670261383
MED15_RNA,-0.2885049283504486
SAMD4B_RNA,-0.2885375916957855
GDF10_RNA,-0.28861650824546814
CAP2_RNA,-0.2886427640914917
PSMG1_RNA,-0.28868865966796875
CD40_RNA,-0.2887275815010071
CFDP1_RNA,-0.2887585759162903
HS6ST2_RNA,-0.2889384329319
NDUFS5_RNA,-0.2890344560146332
PSMD10_RNA,-0.2890421748161316
TMEM9_RNA,-0.28905200958251953
NDUFS7_RNA,-0.2891242206096649
PAF1_RNA,-0.28926897048950195
ADRM1_RNA,-0.28935864567756653
ACTG1_RNA,-0.28945404291152954
SSU72_RNA,-0.2894960045814514
ANKRD35_RNA,-0.28961995244026184
MRPL24_RNA,-0.2897467315196991
THY1_RNA,-0.2898191213607788
HCCS_RNA,-0.289855420589447
RPLP2_RNA,-0.2902761995792389
SYPL1_RNA,-0.29028385877609253
PIP4K2C_RNA,-0.29036954045295715
PCMT1_RNA,-0.2904829680919647
SLC25A39_RNA,-0.2905322313308716
FOLR1_RNA,-0.29070666432380676
FAM3A_RNA,-0.2907245457172394
ADCYAP1_RNA,-0.29081985354423523
LILRB2_RNA,-0.2911016345024109
AKAP14_RNA,-0.29122844338417053
ANKRD53_RNA,-0.29134276509284973
ATF4_RNA,-0.2913660705089569
TNFSF9_RNA,-0.29140761494636536
JTB_RNA,-0.2916744351387024
SHKBP1_RNA,-0.29181963205337524
ARL2_RNA,-0.2918398380279541
GPR153_RNA,-0.2918647527694702
CDIPT_RNA,-0.29187533259391785
ZNF362_RNA,-0.29191985726356506
KCNQ1_RNA,-0.29192739725112915
COX7A2_RNA,-0.2919732928276062
AGT_RNA,-0.2920948266983032
BCAP31_RNA,-0.292169451713562
IL20RA_RNA,-0.2921970784664154
DNTTIP1_RNA,-0.2922796607017517
HOXB13_RNA,-0.2922893762588501
HOXA2_RNA,-0.2924216091632843
DBI_RNA,-0.2925345003604889
TGM2_RNA,-0.29272449016571045
ZRANB2_RNA,-0.2927504777908325
CDCA5_RNA,-0.2930728495121002
APOL1_RNA,-0.2931124269962311
PPP1R9B_RNA,-0.29319533705711365
SH3BP1_RNA,-0.2932029366493225
OCA2_RNA,-0.29329779744148254
PNMA1_RNA,-0.29340866208076477
BAMBI_RNA,-0.2934236526489258
TMEM70_RNA,-0.2934848368167877
NR2F1_RNA,-0.2937057912349701
CNN1_RNA,-0.29395559430122375
KISS1R_RNA,-0.2939637005329132
NETO1_RNA,-0.2939950227737427
BTF3_RNA,-0.29411229491233826
ECEL1_RNA,-0.29417407512664795
CBLN4_RNA,-0.2942141592502594
COX17_RNA,-0.29424577951431274
GABRG1_RNA,-0.29424604773521423
TEKT1_RNA,-0.29432469606399536
KCNS3_RNA,-0.2943529486656189
FBXO17_RNA,-0.29438018798828125
SNRPC_RNA,-0.2946327030658722
NKD2_RNA,-0.29489877820014954
C1QTNF2_RNA,-0.295057088136673
GUSB_RNA,-0.29507574439048767
MED31_RNA,-0.29530036449432373
IDI1_RNA,-0.29540127515792847
GBX2_RNA,-0.29546627402305603
ACTA2_RNA,-0.2955684959888458
USP43_RNA,-0.2956468164920807
TRIM8_RNA,-0.2957572340965271
ESPN_RNA,-0.295789897441864
B3GAT1_RNA,-0.2958064377307892
NDUFB10_RNA,-0.2959732711315155
EDIL3_RNA,-0.296158105134964
UPP1_RNA,-0.2962307929992676
TIMM10_RNA,-0.2963615953922272
JAGN1_RNA,-0.29647505283355713
AKR1C2_RNA,-0.296755313873291
CCND3_RNA,-0.29687899351119995
COPS7A_RNA,-0.2970622777938843
C1QTNF6_RNA,-0.2972474694252014
PLCD3_RNA,-0.29726508259773254
RPL26L1_RNA,-0.2972843647003174
HOXA11_RNA,-0.29741495847702026
HABP4_RNA,-0.29744285345077515
SFN_RNA,-0.2977084219455719
URM1_RNA,-0.29792794585227966
QPRT_RNA,-0.2981153726577759
MC4R_RNA,-0.29823848605155945
GNG11_RNA,-0.29833370447158813
SDR39U1_RNA,-0.2985873520374298
ADARB2_RNA,-0.29866665601730347
GPATCH4_RNA,-0.29883936047554016
CHRDL2_RNA,-0.29899224638938904
ATP6V1E1_RNA,-0.2990991175174713
SMARCB1_RNA,-0.2991396188735962
OAZ1_RNA,-0.29917311668395996
SEMA3B_RNA,-0.29937130212783813
MRPL37_RNA,-0.2994796633720398
AP1S1_RNA,-0.2996440529823303
PHF1_RNA,-0.29967063665390015
DLK1_RNA,-0.2998705506324768
COX7C_RNA,-0.2999280095100403
MED4_RNA,-0.2999618947505951
GNB1_RNA,-0.29996776580810547
HOXA1_RNA,-0.2999843955039978
RPL29_RNA,-0.29999595880508423
HSCB_RNA,-0.3000824451446533
LMO4_RNA,-0.30014219880104065
NCL_RNA,-0.3002077043056488
CXCL1_RNA,-0.3003583550453186
MRPL52_RNA,-0.30038124322891235
EEF1B2_RNA,-0.30038559436798096
CAPS_RNA,-0.30043381452560425
CCDC106_RNA,-0.30053919553756714
PARD6A_RNA,-0.30056697130203247
CSRP1_RNA,-0.30062466859817505
C16orf89_RNA,-0.30070966482162476
ERH_RNA,-0.300883024930954
ELK1_RNA,-0.30090221762657166
IQCA1_RNA,-0.3009023070335388
PITPNA_RNA,-0.30092760920524597
POLR1D_RNA,-0.300967812538147
RIN3_RNA,-0.30122578144073486
ARL16_RNA,-0.30125653743743896
BEX4_RNA,-0.3012959361076355
SMG7_RNA,-0.30130472779273987
GPX1_RNA,-0.3013664782047272
CSNK2B_RNA,-0.3014032542705536
CSF3_RNA,-0.3014364540576935
NR0B1_RNA,-0.30146151781082153
AGTR1_RNA,-0.30154144763946533
GABARAPL1_RNA,-0.3015728294849396
SPEF1_RNA,-0.30159592628479004
ISCU_RNA,-0.3016189932823181
EMX2OS_RNA,-0.3017028868198395
ZDHHC19_RNA,-0.30171504616737366
RESP18_RNA,-0.3018420934677124
ARPC2_RNA,-0.30185073614120483
GTF3A_RNA,-0.3019689917564392
HMGCLL1_RNA,-0.3021049499511719
REC8_RNA,-0.30213794112205505
LGR5_RNA,-0.30213794112205505
NAGK_RNA,-0.30221259593963623
MADCAM1_RNA,-0.30223047733306885
TBC1D25_RNA,-0.3023003339767456
SCNN1B_RNA,-0.30234208703041077
MUC12_RNA,-0.3026179373264313
NKG7_RNA,-0.30273953080177307
CCNI_RNA,-0.3027498126029968
CYP27A1_RNA,-0.3027704358100891
PITPNB_RNA,-0.302800714969635
HDGF_RNA,-0.30283448100090027
PDX1_RNA,-0.303091824054718
FBXL6_RNA,-0.30330079793930054
CLTB_RNA,-0.3033224940299988
NDUFC2_RNA,-0.303547739982605
HRH2_RNA,-0.3035694360733032
HM13_RNA,-0.30361208319664
ZCCHC17_RNA,-0.30365878343582153
RAB11FIP4_RNA,-0.3037872016429901
CBLN1_RNA,-0.30388185381889343
BTC_RNA,-0.3039124608039856
AP2M1_RNA,-0.30391252040863037
PTMA_RNA,-0.3039364516735077
NRARP_RNA,-0.30404162406921387
MYL6B_RNA,-0.3040444850921631
PERP_RNA,-0.3041030168533325
CD55_RNA,-0.3041207194328308
KLC2_RNA,-0.3041999042034149
PKMYT1_RNA,-0.30425313115119934
IRX5_RNA,-0.3043704628944397
TMEM203_RNA,-0.3043789863586426
RPL31_RNA,-0.3044075071811676
ATF6B_RNA,-0.3045026659965515
PLA1A_RNA,-0.30467233061790466
SH3KBP1_RNA,-0.3048969507217407
IKZF5_RNA,-0.305027037858963
NKX6-1_RNA,-0.30514925718307495
CLUL1_RNA,-0.30523648858070374
APLNR_RNA,-0.305370956659317
NFATC1_RNA,-0.3053818643093109
ALDH3A1_RNA,-0.3054571747779846
KCNQ1DN_RNA,-0.30548015236854553
CHRM4_RNA,-0.30548185110092163
GPR62_RNA,-0.3055832087993622
STMN3_RNA,-0.3058704733848572
QPCTL_RNA,-0.305987685918808
SLC7A8_RNA,-0.3061353266239166
FMNL1_RNA,-0.30631589889526367
WNT6_RNA,-0.30654820799827576
ITGAE_RNA,-0.3066297471523285
RALA_RNA,-0.30666983127593994
BLOC1S2_RNA,-0.3068433105945587
UBLCP1_RNA,-0.3068670928478241
NUDT8_RNA,-0.3068799674510956
SAFB_RNA,-0.30692777037620544
NAT14_RNA,-0.30696380138397217
MGRN1_RNA,-0.30701544880867004
MYBL2_RNA,-0.3071801960468292
C1orf122_RNA,-0.30719873309135437
GRIK5_RNA,-0.30751848220825195
PTCH2_RNA,-0.3075406551361084
EIF4E3_RNA,-0.307672917842865
DHRS11_RNA,-0.3077235519886017
KCNJ9_RNA,-0.3078386187553406
TMEM69_RNA,-0.30796772241592407
SAT2_RNA,-0.30803748965263367
UBTD1_RNA,-0.3081461489200592
PARM1_RNA,-0.30822160840034485
MEAF6_RNA,-0.30836623907089233
BRSK1_RNA,-0.3083769977092743
SLITRK4_RNA,-0.308418333530426
MANEAL_RNA,-0.3085748255252838
TMEM179B_RNA,-0.30876424908638
GMDS_RNA,-0.30909043550491333
HDHD3_RNA,-0.3091318607330322
LTBP3_RNA,-0.30915889143943787
C11orf71_RNA,-0.3093181848526001
REXO1_RNA,-0.3094116151332855
ALAD_RNA,-0.3094554543495178
RALY_RNA,-0.30948159098625183
SOD1_RNA,-0.30952373147010803
HS3ST1_RNA,-0.3096284866333008
C1orf43_RNA,-0.30965936183929443
SERTAD4_RNA,-0.3096594512462616
COPZ1_RNA,-0.3096677362918854
ABHD11_RNA,-0.30976036190986633
SOCS1_RNA,-0.30976536870002747
RPL5_RNA,-0.30980604887008667
EID1_RNA,-0.3100132644176483
CBLN3_RNA,-0.31001365184783936
DEDD_RNA,-0.3100410997867584
TRIAP1_RNA,-0.310079425573349
FAM133A_RNA,-0.31023886799812317
CTSD_RNA,-0.3102395534515381
GABRE_RNA,-0.31030890345573425
ZNF853_RNA,-0.31032615900039673
ENPP2_RNA,-0.31037336587905884
S100A4_RNA,-0.31037837266921997
CPXM2_RNA,-0.31041112542152405
INPP1_RNA,-0.31045010685920715
NDUFS3_RNA,-0.3105151653289795
RPS13_RNA,-0.3105214536190033
TINAGL1_RNA,-0.3105291724205017
STXBP2_RNA,-0.31064847111701965
RGS4_RNA,-0.31067293882369995
NDUFC1_RNA,-0.31068938970565796
GAL3ST3_RNA,-0.3108007311820984
DAZAP2_RNA,-0.3108038604259491
RNF11_RNA,-0.31081944704055786
GGTA1_RNA,-0.31104299426078796
PPIF_RNA,-0.3110450506210327
RFNG_RNA,-0.31127214431762695
RRAGC_RNA,-0.31157925724983215
MRPL23_RNA,-0.3116897940635681
DNAJA4_RNA,-0.31179702281951904
ARL6IP5_RNA,-0.3123989403247833
PAFAH1B3_RNA,-0.31246379017829895
SIRPA_RNA,-0.3126522898674011
PQBP1_RNA,-0.31294146180152893
ACADL_RNA,-0.313072144985199
DEAF1_RNA,-0.3131410777568817
DVL3_RNA,-0.31317389011383057
RNF187_RNA,-0.3131801187992096
KCNAB3_RNA,-0.3132520318031311
CRMP1_RNA,-0.3133815824985504
IL17D_RNA,-0.3134259581565857
RNASE4_RNA,-0.3139399588108063
RGMA_RNA,-0.3140157163143158
LGALS1_RNA,-0.3140491545200348
RGS19_RNA,-0.3141566216945648
SHARPIN_RNA,-0.31415799260139465
CASQ2_RNA,-0.3144311308860779
MIF4GD_RNA,-0.3146283030509949
GGT7_RNA,-0.31499311327934265
SPC25_RNA,-0.3150263726711273
RXFP1_RNA,-0.3150857388973236
IMP3_RNA,-0.3151947557926178
RPL35A_RNA,-0.315199077129364
NDUFB1_RNA,-0.31553763151168823
SLC6A15_RNA,-0.31554874777793884
REEP2_RNA,-0.3155612647533417
PPIB_RNA,-0.3155733048915863
TMEM14C_RNA,-0.3156655728816986
TCEAL1_RNA,-0.31567007303237915
EGFL6_RNA,-0.31567439436912537
YPEL5_RNA,-0.31578361988067627
SRP9_RNA,-0.3158189654350281
APOO_RNA,-0.3159421980381012
C2CD2L_RNA,-0.3160160779953003
PSMB7_RNA,-0.3160531520843506
RFX1_RNA,-0.3161384165287018
RPS25_RNA,-0.31620317697525024
TFG_RNA,-0.31626689434051514
RAB6B_RNA,-0.3162837326526642
NAA10_RNA,-0.31631404161453247
PDAP1_RNA,-0.3164770007133484
CMAS_RNA,-0.3165971636772156
GJC2_RNA,-0.31669875979423523
ZNF365_RNA,-0.3169775605201721
LIMD2_RNA,-0.3170497715473175
GJD2_RNA,-0.31705084443092346
FAM50B_RNA,-0.3170870542526245
GMFG_RNA,-0.3173534870147705
SUSD3_RNA,-0.31738850474357605
DUSP15_RNA,-0.31743624806404114
C1orf162_RNA,-0.31748050451278687
YWHAQ_RNA,-0.31752729415893555
JUP_RNA,-0.31757107377052307
VANGL2_RNA,-0.3176104426383972
TRIP4_RNA,-0.3177829086780548
RPL24_RNA,-0.31790247559547424
UGT8_RNA,-0.31792137026786804
PSME3_RNA,-0.31801512837409973
CDK16_RNA,-0.3183172345161438
PIGZ_RNA,-0.31843289732933044
CCDC160_RNA,-0.3184376358985901
ARF4_RNA,-0.3184570372104645
ZNF219_RNA,-0.3184845745563507
SLC48A1_RNA,-0.31860223412513733
CTSZ_RNA,-0.3186093866825104
GPRC5C_RNA,-0.31865817308425903
RAB1B_RNA,-0.3187206983566284
TESC_RNA,-0.31873083114624023
MPP2_RNA,-0.3187519907951355
ATP1B3_RNA,-0.31888511776924133
PEBP4_RNA,-0.31893670558929443
HSD17B14_RNA,-0.31894487142562866
DPF1_RNA,-0.31895458698272705
IFI27L2_RNA,-0.31897833943367004
SH3BGRL_RNA,-0.3190838098526001
NEUROD1_RNA,-0.3191150426864624
CLU_RNA,-0.3191937506198883
SPR_RNA,-0.3192673623561859
TBKBP1_RNA,-0.31932687759399414
KIF17_RNA,-0.3194282054901123
MAP1LC3B_RNA,-0.3194434642791748
PSENEN_RNA,-0.3194747269153595
ARPC3_RNA,-0.3195093274116516
FIS1_RNA,-0.3196392357349396
FDFT1_RNA,-0.3198481500148773
SETD1A_RNA,-0.31992945075035095
GNA12_RNA,-0.32025769352912903
LOC283731_RNA,-0.3207176625728607
C9orf40_RNA,-0.3207428455352783
TMEM126B_RNA,-0.3208134174346924
HOTAIR_RNA,-0.3208252191543579
VPS28_RNA,-0.32087308168411255
OTUD5_RNA,-0.32121339440345764
DRAP1_RNA,-0.3215332627296448
MYOZ1_RNA,-0.32160013914108276
ADCY5_RNA,-0.3216884732246399
MAGEH1_RNA,-0.32170218229293823
ZFAND2A_RNA,-0.3217776119709015
LRRC20_RNA,-0.3219063878059387
SSH3_RNA,-0.3219379484653473
DYNLRB1_RNA,-0.32194527983665466
SEMA4B_RNA,-0.32195916771888733
TSPAN15_RNA,-0.32196179032325745
MAP2K2_RNA,-0.3219883143901825
DOK3_RNA,-0.3223836421966553
YBX2_RNA,-0.3223845064640045
CPEB1_RNA,-0.32243773341178894
VWA5B2_RNA,-0.3224394917488098
EIF2AK1_RNA,-0.32257241010665894
FATE1_RNA,-0.32284411787986755
SLC4A11_RNA,-0.3228543996810913
ENPP5_RNA,-0.3229501247406006
SNRPD2_RNA,-0.3230426609516144
SPRYD3_RNA,-0.3231296241283417
PPP2CB_RNA,-0.32326945662498474
EPCAM_RNA,-0.3233271539211273
SH2D5_RNA,-0.32333317399024963
PAX7_RNA,-0.32336628437042236
C8orf33_RNA,-0.32352933287620544
RAB26_RNA,-0.3236660659313202
DLX2_RNA,-0.3236774802207947
RAPGEFL1_RNA,-0.3237144649028778
TRNP1_RNA,-0.32376623153686523
SAMD14_RNA,-0.32390516996383667
PRODH_RNA,-0.32426244020462036
RASL12_RNA,-0.3243188261985779
ATP6V0E1_RNA,-0.32435140013694763
PODNL1_RNA,-0.32441166043281555
PRRG3_RNA,-0.3244688808917999
HPS1_RNA,-0.3247012197971344
RIMBP2_RNA,-0.32482242584228516
HSP90AA1_RNA,-0.3248612880706787
TIMP1_RNA,-0.3249335289001465
TIMM9_RNA,-0.3250662386417389
HLA-DQB2_RNA,-0.32509928941726685
LSM2_RNA,-0.32518085837364197
BCKDK_RNA,-0.3252699375152588
SNRPE_RNA,-0.32529059052467346
THOC7_RNA,-0.32538557052612305
BCYRN1_RNA,-0.32539495825767517
SNRNP27_RNA,-0.32551833987236023
SYNGAP1_RNA,-0.32554101943969727
KCNS1_RNA,-0.32563531398773193
ETNK2_RNA,-0.32574328780174255
COX16_RNA,-0.32579895853996277
COMMD3_RNA,-0.3259032368659973
LCN15_RNA,-0.32604631781578064
KLHDC7B_RNA,-0.3262059986591339
TMEM11_RNA,-0.32623055577278137
CACNA2D2_RNA,-0.32646772265434265
SRL_RNA,-0.3265012800693512
SFTPC_RNA,-0.3265216648578644
KCNMB1_RNA,-0.32654377818107605
GPR88_RNA,-0.3266220986843109
SYT12_RNA,-0.3267022371292114
TMEM109_RNA,-0.32683902978897095
ACD_RNA,-0.3268584907054901
MAP2K3_RNA,-0.32692161202430725
TPM2_RNA,-0.3269456624984741
LAG3_RNA,-0.3269592523574829
BTBD2_RNA,-0.3271026015281677
ANKRD34A_RNA,-0.3271370232105255
CNGB1_RNA,-0.3271391987800598
SCG5_RNA,-0.3271987736225128
KLK5_RNA,-0.3272501230239868
FLOT2_RNA,-0.3272615075111389
RNPS1_RNA,-0.3273008167743683
CHMP1A_RNA,-0.32734060287475586
ATXN10_RNA,-0.327434241771698
TRDN_RNA,-0.32744285464286804
MSI1_RNA,-0.3274911642074585
EPHA10_RNA,-0.3275159001350403
FZD2_RNA,-0.32753631472587585
SPPL3_RNA,-0.3276086151599884
KIF19_RNA,-0.32764092087745667
TUBG1_RNA,-0.3277522027492523
UBAP1_RNA,-0.3277648687362671
ARL8A_RNA,-0.3277798891067505
PGBD5_RNA,-0.32806268334388733
DHCR24_RNA,-0.3281458616256714
KHSRP_RNA,-0.32830727100372314
MORF4L1_RNA,-0.32831865549087524
CYB5R2_RNA,-0.3285335600376129
UBE2T_RNA,-0.3287055492401123
HRAS_RNA,-0.32874298095703125
LCN12_RNA,-0.32879438996315
ELFN1_RNA,-0.3288061022758484
PHYHIPL_RNA,-0.32888245582580566
CLEC3B_RNA,-0.329006552696228
RPL14_RNA,-0.3292381167411804
FBXO10_RNA,-0.3293359875679016
PNPLA4_RNA,-0.3294600546360016
UBE2N_RNA,-0.3294875919818878
MDH2_RNA,-0.3295134902000427
SUSD2_RNA,-0.329574316740036
ZNF296_RNA,-0.3295866847038269
ATOX1_RNA,-0.3296968638896942
ATP2A3_RNA,-0.32997485995292664
RFK_RNA,-0.33002158999443054
GLRX5_RNA,-0.3300272822380066
DIRAS3_RNA,-0.3300440311431885
IL18BP_RNA,-0.33025407791137695
NQO1_RNA,-0.3303961455821991
FN3KRP_RNA,-0.33039718866348267
LOC728743_RNA,-0.3304324448108673
DUSP23_RNA,-0.3304940462112427
RPA1_RNA,-0.33073437213897705
COX4I1_RNA,-0.33082276582717896
PDE2A_RNA,-0.33089250326156616
PFDN6_RNA,-0.3309512436389923
C1D_RNA,-0.33113715052604675
FOXP3_RNA,-0.33122485876083374
BBS5_RNA,-0.33122697472572327
VIPR2_RNA,-0.3312603831291199
CHMP4C_RNA,-0.33128365874290466
RPS9_RNA,-0.3313464820384979
UBQLN2_RNA,-0.33145853877067566
APCDD1_RNA,-0.3314812481403351
CPNE9_RNA,-0.33149784803390503
TLX1_RNA,-0.3315221071243286
LITAF_RNA,-0.33161601424217224
NUDT14_RNA,-0.3316921293735504
SCGB1D2_RNA,-0.33172276616096497
GABBR1_RNA,-0.33203068375587463
NFIC_RNA,-0.33216390013694763
AIF1_RNA,-0.33233562111854553
SNX3_RNA,-0.3324241638183594
UBE2E2_RNA,-0.3324246108531952
ESAM_RNA,-0.33243685960769653
TRIM29_RNA,-0.33261051774024963
HLA-G_RNA,-0.3328489065170288
IDUA_RNA,-0.33306699991226196
IFI6_RNA,-0.3333390951156616
RCAN2_RNA,-0.3333723843097687
ELOVL1_RNA,-0.33338725566864014
HOXD13_RNA,-0.33338940143585205
LOH12CR2_RNA,-0.333560049533844
BCL7A_RNA,-0.3337281346321106
GPR162_RNA,-0.3337760865688324
RELA_RNA,-0.33392462134361267
MMP2_RNA,-0.3339634835720062
IGFBP7_RNA,-0.3340071439743042
TMEM39B_RNA,-0.334107905626297
MAGEL2_RNA,-0.3341469168663025
ALOX5AP_RNA,-0.33433017134666443
BCL7B_RNA,-0.33438563346862793
SV2B_RNA,-0.33440107107162476
RAC3_RNA,-0.3344513475894928
HTR2A_RNA,-0.3345377743244171
RAB15_RNA,-0.3345695436000824
ANAPC13_RNA,-0.33485665917396545
BAX_RNA,-0.33502936363220215
REEP6_RNA,-0.33509838581085205
CLGN_RNA,-0.3351059854030609
FAM98B_RNA,-0.33510783314704895
HTR3B_RNA,-0.33517947793006897
GSTM2_RNA,-0.33533087372779846
NDUFB11_RNA,-0.33547183871269226
USP21_RNA,-0.3357343077659607
DDA1_RNA,-0.3357890248298645
TUBG2_RNA,-0.33587685227394104
SECTM1_RNA,-0.3359386622905731
TNFRSF18_RNA,-0.336037278175354
HSD11B1L_RNA,-0.33617544174194336
PSMB2_RNA,-0.33630141615867615
CA7_RNA,-0.3364100158214569
RAB36_RNA,-0.3364538550376892
TUBB_RNA,-0.3364918529987335
CITED4_RNA,-0.3366691470146179
GPR6_RNA,-0.33699679374694824
NOC4L_RNA,-0.337024062871933
PSKH1_RNA,-0.33716148138046265
NME3_RNA,-0.33738672733306885
RERG_RNA,-0.3374580442905426
HOXA9_RNA,-0.3377911448478699
MRPL21_RNA,-0.33792412281036377
GOT2_RNA,-0.3380524218082428
ELAVL4_RNA,-0.33805862069129944
MAMLD1_RNA,-0.33812445402145386
HCN4_RNA,-0.3382090926170349
CLN6_RNA,-0.3382142186164856
NME5_RNA,-0.3382267951965332
TF_RNA,-0.3382406532764435
SIGMAR1_RNA,-0.338554322719574
C9orf78_RNA,-0.3388630747795105
RBX1_RNA,-0.3391689360141754
SKP1_RNA,-0.33940181136131287
DCXR_RNA,-0.3395140767097473
TMEM184B_RNA,-0.339547723531723
VPS29_RNA,-0.33968767523765564
SLC16A11_RNA,-0.3397805690765381
SRP68_RNA,-0.3398105502128601
ETFB_RNA,-0.34006157517433167
GCK_RNA,-0.34010079503059387
TXN_RNA,-0.34012550115585327
RPS6_RNA,-0.34076032042503357
UBL5_RNA,-0.34077680110931396
MAZ_RNA,-0.34080570936203003
SLC29A1_RNA,-0.3408719301223755
DMAP1_RNA,-0.3409704267978668
CLTA_RNA,-0.3410744369029999
SEZ6_RNA,-0.34112560749053955
SLC22A18_RNA,-0.34115374088287354
FLOT1_RNA,-0.3413243293762207
UBE2D2_RNA,-0.34132876992225647
CHCHD6_RNA,-0.34149566292762756
EID2_RNA,-0.34157276153564453
ARF1_RNA,-0.3415766954421997
SOX3_RNA,-0.3416725695133209
LARP6_RNA,-0.341693639755249
MPV17L2_RNA,-0.3418106436729431
SCUBE2_RNA,-0.3419771194458008
CD4_RNA,-0.3421545624732971
DMRT3_RNA,-0.3421800434589386
EVL_RNA,-0.3422110378742218
SERPINF1_RNA,-0.3422214686870575
POLR3GL_RNA,-0.3423946499824524
CIZ1_RNA,-0.3425240218639374
USP11_RNA,-0.3425658047199249
ARHGDIB_RNA,-0.3427817225456238
ACTR3B_RNA,-0.3428328037261963
PHACTR3_RNA,-0.34284889698028564
CD52_RNA,-0.34298577904701233
MFGE8_RNA,-0.3429951071739197
TMEM14A_RNA,-0.3432711362838745
KCTD13_RNA,-0.34362831711769104
RBM42_RNA,-0.3439902365207672
ASRGL1_RNA,-0.34426066279411316
ASCL1_RNA,-0.34428513050079346
PRPH_RNA,-0.3444254994392395
NCDN_RNA,-0.3444385826587677
ROPN1L_RNA,-0.3444710075855255
POMP_RNA,-0.3445180654525757
TMEM216_RNA,-0.3447863757610321
CXCL14_RNA,-0.34482041001319885
BIN1_RNA,-0.3448350131511688
IL34_RNA,-0.34506747126579285
YDJC_RNA,-0.3451738655567169
BCAM_RNA,-0.34519797563552856
TMEM121_RNA,-0.3452298641204834
SCARF2_RNA,-0.3452848494052887
HADH_RNA,-0.34532323479652405
DPY30_RNA,-0.34543532133102417
ZNF628_RNA,-0.3455204963684082
PPP1R13L_RNA,-0.34554359316825867
TK1_RNA,-0.3457604944705963
RPS15_RNA,-0.34582802653312683
GPR143_RNA,-0.34583649039268494
BRMS1L_RNA,-0.345840185880661
MANF_RNA,-0.34607622027397156
PCNP_RNA,-0.3461782932281494
RPS29_RNA,-0.34653404355049133
CKS2_RNA,-0.34654101729393005
KIRREL2_RNA,-0.34655895829200745
CCL5_RNA,-0.3465649485588074
FOXM1_RNA,-0.3465840518474579
DAPL1_RNA,-0.3466489911079407
PRELID1_RNA,-0.3466784656047821
CCL19_RNA,-0.3467135727405548
UBE2A_RNA,-0.34675508737564087
TOR2A_RNA,-0.34699735045433044
CHN1_RNA,-0.3470003008842468
STYK1_RNA,-0.3472382128238678
RIT2_RNA,-0.3472801744937897
GALNTL5_RNA,-0.3473295271396637
ADAD2_RNA,-0.34738069772720337
DNM1_RNA,-0.3479718267917633
DKK3_RNA,-0.34799230098724365
SYT9_RNA,-0.3481642007827759
BLCAP_RNA,-0.3483123183250427
SMOC2_RNA,-0.3483944535255432
DENND1C_RNA,-0.3486025929450989
CHD5_RNA,-0.34877073764801025
GALNT8_RNA,-0.34893080592155457
AP3B2_RNA,-0.3489415943622589
KCNH2_RNA,-0.3491502106189728
HMSD_RNA,-0.34918680787086487
TUSC2_RNA,-0.34925153851509094
ZNF579_RNA,-0.34928038716316223
TBCA_RNA,-0.34960150718688965
SH3GL1_RNA,-0.34960225224494934
FOLR2_RNA,-0.3500420153141022
DNALI1_RNA,-0.35005638003349304
CUEDC2_RNA,-0.35010209679603577
KCTD21_RNA,-0.3504038453102112
CBR1_RNA,-0.35049405694007874
HTR2C_RNA,-0.350671648979187
CHAC1_RNA,-0.3509511351585388
CYP2S1_RNA,-0.3509812653064728
REEP1_RNA,-0.35100916028022766
WAS_RNA,-0.3510749042034149
BET1L_RNA,-0.3511659801006317
GORASP2_RNA,-0.35156211256980896
PGRMC2_RNA,-0.3515802323818207
TMEM53_RNA,-0.3515821695327759
PRRX2_RNA,-0.35170915722846985
DTX1_RNA,-0.35176414251327515
ENO2_RNA,-0.3517685830593109
CAMKK1_RNA,-0.3517916202545166
NMU_RNA,-0.3519213795661926
NUDT16L1_RNA,-0.3519715666770935
CLSTN3_RNA,-0.35201507806777954
WBP1_RNA,-0.3522157371044159
LACTB2_RNA,-0.3523276150226593
ANXA3_RNA,-0.35249751806259155
PGAP2_RNA,-0.3526870012283325
MMP3_RNA,-0.35268890857696533
DLG4_RNA,-0.3527529835700989
PABPC1_RNA,-0.35292094945907593
GAMT_RNA,-0.3531263768672943
APOBEC3B_RNA,-0.35334229469299316
COMMD6_RNA,-0.3533947169780731
FNDC5_RNA,-0.3534952700138092
RNPEPL1_RNA,-0.35359427332878113
TMEM88_RNA,-0.35365286469459534
WFS1_RNA,-0.35368818044662476
SELENBP1_RNA,-0.35380619764328003
MRPL10_RNA,-0.3538176715373993
GYG1_RNA,-0.35381880402565
BSG_RNA,-0.3538477420806885
PEX11B_RNA,-0.3539145290851593
RTN4RL1_RNA,-0.35401761531829834
HOXC13_RNA,-0.35425007343292236
ADRA2C_RNA,-0.3543969690799713
PRAM1_RNA,-0.3544132113456726
NDUFA2_RNA,-0.3544457256793976
ERMN_RNA,-0.35467976331710815
WFIKKN2_RNA,-0.3547300398349762
DISP2_RNA,-0.35490402579307556
SPCS2_RNA,-0.35490795969963074
TMEM205_RNA,-0.3550633192062378
CHCHD5_RNA,-0.35513123869895935
ANKRD13B_RNA,-0.35535550117492676
INPP5J_RNA,-0.35537856817245483
CD22_RNA,-0.35539260506629944
RND1_RNA,-0.35560864210128784
TBC1D10B_RNA,-0.35566315054893494
SYNGR1_RNA,-0.35577884316444397
COMMD8_RNA,-0.3558119833469391
LPAR2_RNA,-0.3558371365070343
SFRP2_RNA,-0.355873703956604
TSC22D4_RNA,-0.3559305965900421
SLC35F3_RNA,-0.3560332655906677
LDB3_RNA,-0.3562546968460083
POLR2E_RNA,-0.35660281777381897
SSTR1_RNA,-0.35692742466926575
EBI3_RNA,-0.3572360873222351
PPP1R7_RNA,-0.3572366237640381
CRYGD_RNA,-0.35729604959487915
OPCML_RNA,-0.35732877254486084
VAT1_RNA,-0.35749003291130066
ARF5_RNA,-0.35756880044937134
MAGEE1_RNA,-0.3578106760978699
NPPA_RNA,-0.35791099071502686
ZIC2_RNA,-0.35802432894706726
CABLES2_RNA,-0.358045756816864
ATP2B3_RNA,-0.35810384154319763
PODN_RNA,-0.3581085503101349
ASH2L_RNA,-0.3582407236099243
SOX1_RNA,-0.3582831919193268
SEMA3F_RNA,-0.3582848012447357
PTPRN2_RNA,-0.35841915011405945
POM121C_RNA,-0.35848841071128845
LIN7B_RNA,-0.35849639773368835
ORAI1_RNA,-0.3585456609725952
GOLT1A_RNA,-0.35855111479759216
SCN4B_RNA,-0.35891473293304443
UPK2_RNA,-0.3590710461139679
TEX261_RNA,-0.3591276705265045
PTPN23_RNA,-0.35918354988098145
SAMD1_RNA,-0.35918644070625305
MEN1_RNA,-0.3592090606689453
SSNA1_RNA,-0.359331339597702
SERPINA1_RNA,-0.35952040553092957
NPAS1_RNA,-0.35952380299568176
GRAMD1A_RNA,-0.36025452613830566
PRKAR2B_RNA,-0.36033719778060913
YBX1_RNA,-0.3603442907333374
TBX5_RNA,-0.36056721210479736
CHST8_RNA,-0.36077681183815
ELOF1_RNA,-0.3608607351779938
CLEC11A_RNA,-0.36089077591896057
KCNQ4_RNA,-0.3609711825847626
SAMD10_RNA,-0.36131465435028076
MAGEC2_RNA,-0.36160603165626526
POLR2F_RNA,-0.36169952154159546
LSM3_RNA,-0.3618217408657074
MRPL34_RNA,-0.3618723154067993
UQCRHL_RNA,-0.3619249165058136
RTN4_RNA,-0.3621548116207123
MRPS34_RNA,-0.36216267943382263
PTPN18_RNA,-0.3622015416622162
KCND1_RNA,-0.36232152581214905
RPP25_RNA,-0.3623822331428528
GREM1_RNA,-0.36248746514320374
PAK1_RNA,-0.3627495765686035
DNAJB5_RNA,-0.36285558342933655
CPNE5_RNA,-0.36290669441223145
NACA2_RNA,-0.36292311549186707
FAM107B_RNA,-0.36301150918006897
NDUFS6_RNA,-0.36308762431144714
CSAG1_RNA,-0.363228976726532
CORO2B_RNA,-0.3635217845439911
HNRNPM_RNA,-0.3638190031051636
U2AF1L4_RNA,-0.3638814687728882
ALPL_RNA,-0.36397069692611694
SFRP1_RNA,-0.3642992377281189
COPS7B_RNA,-0.36445000767707825
CDR2L_RNA,-0.3647303879261017
PLK1_RNA,-0.3649634122848511
PTGES3_RNA,-0.36556386947631836
CHI3L1_RNA,-0.36557909846305847
EFNA2_RNA,-0.36571693420410156
UBE2M_RNA,-0.3658170700073242
COX6B1_RNA,-0.36633574962615967
SYNGR4_RNA,-0.36637234687805176
PACS1_RNA,-0.36641010642051697
MAP1S_RNA,-0.366554856300354
UBE2R2_RNA,-0.36658743023872375
UBL7_RNA,-0.36671751737594604
SFRP5_RNA,-0.36677414178848267
MAP6_RNA,-0.3669379949569702
CEBPB_RNA,-0.3670787215232849
TMEM132D_RNA,-0.36717551946640015
POLR2L_RNA,-0.3671834170818329
ARHGAP23_RNA,-0.36747583746910095
LYSMD2_RNA,-0.36760446429252625
HSPB3_RNA,-0.36772897839546204
ABHD14A_RNA,-0.3680019974708557
TMEM88B_RNA,-0.3682125210762024
CXCL6_RNA,-0.36825278401374817
HMGN3_RNA,-0.368349552154541
DUT_RNA,-0.36843428015708923
CD8A_RNA,-0.36851608753204346
DUSP7_RNA,-0.36853161454200745
VAMP1_RNA,-0.3685418665409088
TMEM17_RNA,-0.3686436414718628
ARHGAP1_RNA,-0.36880531907081604
ATCAY_RNA,-0.3689119517803192
C1orf53_RNA,-0.3690410852432251
FRS3_RNA,-0.3690875470638275
PKP1_RNA,-0.369341105222702
CALM2_RNA,-0.3694341778755188
WDR18_RNA,-0.36950114369392395
GNAI2_RNA,-0.36967554688453674
UBB_RNA,-0.36976370215415955
STK32C_RNA,-0.3697737753391266
CDKN1C_RNA,-0.36988207697868347
NAT8L_RNA,-0.3700197637081146
LHX6_RNA,-0.3702051043510437
GLP2R_RNA,-0.3702651858329773
FUNDC1_RNA,-0.3702907860279083
ANXA4_RNA,-0.3705621063709259
HCN1_RNA,-0.3707001209259033
TFPT_RNA,-0.3712020218372345
ZFP36L1_RNA,-0.37130558490753174
ELAVL2_RNA,-0.3714836537837982
MORN5_RNA,-0.37151655554771423
GIT1_RNA,-0.3716985583305359
SLC45A1_RNA,-0.37182798981666565
SHISA9_RNA,-0.37187835574150085
BMP4_RNA,-0.3719027042388916
GRP_RNA,-0.372201144695282
CREG2_RNA,-0.3722211420536041
SLC2A4RG_RNA,-0.3722560405731201
ELMO1_RNA,-0.37255820631980896
SLC25A28_RNA,-0.3727265000343323
MFSD3_RNA,-0.37273067235946655
CYP26B1_RNA,-0.37278005480766296
TTYH3_RNA,-0.372895210981369
ZNF444_RNA,-0.3730278015136719
PPARD_RNA,-0.3731575906276703
CUTA_RNA,-0.3732185959815979
KCNAB2_RNA,-0.3732951581478119
HSPE1_RNA,-0.3734186887741089
TMED9_RNA,-0.37394025921821594
NDUFB6_RNA,-0.3740755021572113
GOT1_RNA,-0.3745977282524109
TWIST2_RNA,-0.374832421541214
MSRB2_RNA,-0.37490132451057434
CRHBP_RNA,-0.37491485476493835
CD7_RNA,-0.37494489550590515
CLDND1_RNA,-0.3750580847263336
CRYL1_RNA,-0.3751876950263977
GAS2L1_RNA,-0.37527310848236084
TNFRSF13C_RNA,-0.37540262937545776
GAL_RNA,-0.375416100025177
TMEM214_RNA,-0.37563422322273254
KLHDC9_RNA,-0.3757719397544861
ZNRF1_RNA,-0.375855952501297
GPR150_RNA,-0.3760519325733185
PFDN1_RNA,-0.37608227133750916
HEYL_RNA,-0.3762643337249756
MAPK8IP1_RNA,-0.3764253258705139
PPP1R11_RNA,-0.3764723837375641
PARK7_RNA,-0.3765067756175995
DMRT2_RNA,-0.3767548203468323
MAPK7_RNA,-0.37677136063575745
UBXN1_RNA,-0.37684589624404907
NPC2_RNA,-0.37689489126205444
HSPB8_RNA,-0.37711137533187866
NECAB1_RNA,-0.37712332606315613
HOXA4_RNA,-0.3771630823612213
PGP_RNA,-0.3774525821208954
DACH2_RNA,-0.3774690628051758
NT5DC2_RNA,-0.37752750515937805
MAPK15_RNA,-0.37776878476142883
TFE3_RNA,-0.37781864404678345
NKX2-5_RNA,-0.37804973125457764
LYPD3_RNA,-0.378078430891037
PLIN5_RNA,-0.378081351518631
NDUFB9_RNA,-0.37809646129608154
ULK1_RNA,-0.3784922957420349
SCAMP3_RNA,-0.3785683214664459
TCERG1L_RNA,-0.3786192238330841
RASL10A_RNA,-0.37879082560539246
PIP5K1C_RNA,-0.3788248300552368
PNKD_RNA,-0.3789791762828827
CBY1_RNA,-0.37906354665756226
KCNIP3_RNA,-0.3792746365070343
IDH3G_RNA,-0.37958452105522156
THAP8_RNA,-0.3796525001525879
RBM11_RNA,-0.3797421157360077
FAU_RNA,-0.37988269329071045
PDE1B_RNA,-0.3799562156200409
SHISA4_RNA,-0.3799881339073181
RAMP3_RNA,-0.3800218403339386
REEP4_RNA,-0.38004064559936523
CIR1_RNA,-0.38005656003952026
USE1_RNA,-0.3800849914550781
MPO_RNA,-0.38024842739105225
ZBTB7A_RNA,-0.3804081380367279
MLLT1_RNA,-0.3804256021976471
C1orf115_RNA,-0.38043326139450073
CBR3_RNA,-0.38078564405441284
TMEM128_RNA,-0.3810082674026489
GSTM4_RNA,-0.38103821873664856
HNRNPAB_RNA,-0.38108116388320923
KLK14_RNA,-0.38111749291419983
ASPDH_RNA,-0.3812294006347656
NDUFB4_RNA,-0.3812423646450043
FBXL15_RNA,-0.38126587867736816
KCTD17_RNA,-0.3813299536705017
ZDHHC22_RNA,-0.38156452775001526
SCAND1_RNA,-0.3815902769565582
C19orf53_RNA,-0.3819515109062195
ABLIM2_RNA,-0.38246750831604004
PA2G4_RNA,-0.3825065493583679
JAKMIP1_RNA,-0.38257092237472534
SEC61G_RNA,-0.3826545178890228
PML_RNA,-0.38271984457969666
RNASE1_RNA,-0.38277730345726013
SLC39A3_RNA,-0.3832553029060364
BMI1_RNA,-0.38332507014274597
RAP1A_RNA,-0.3834143280982971
PPP1R14C_RNA,-0.3835222125053406
KCNJ3_RNA,-0.38363754749298096
LGALS3_RNA,-0.3838421404361725
LMTK3_RNA,-0.38398945331573486
GPR83_RNA,-0.38411590456962585
CADM3_RNA,-0.3845210373401642
NFKBIB_RNA,-0.38463085889816284
RPS23_RNA,-0.38465094566345215
CISD3_RNA,-0.38500070571899414
ENHO_RNA,-0.38502323627471924
VAMP8_RNA,-0.385372132062912
STARD10_RNA,-0.3853752911090851
SUMO3_RNA,-0.38554272055625916
UFC1_RNA,-0.3856422007083893
ACY3_RNA,-0.3857056796550751
GPR12_RNA,-0.3858778476715088
MAP7D1_RNA,-0.38589850068092346
PCOLCE_RNA,-0.385981023311615
RANGRF_RNA,-0.3860602378845215
ITM2C_RNA,-0.3861410319805145
GTF2A2_RNA,-0.38621845841407776
RASGRF1_RNA,-0.3863180875778198
SMOC1_RNA,-0.3864273428916931
FHL3_RNA,-0.3864551782608032
RPS3_RNA,-0.3865707218647003
GABBR2_RNA,-0.38658571243286133
RUSC1_RNA,-0.3866439759731293
RAB1A_RNA,-0.3868851661682129
RTP1_RNA,-0.3870506286621094
TGFB1I1_RNA,-0.3871249854564667
KIF5A_RNA,-0.38719916343688965
PDLIM4_RNA,-0.38729050755500793
HSPB7_RNA,-0.3873298168182373
CSDC2_RNA,-0.38763150572776794
ZNF467_RNA,-0.3878293037414551
HIGD1A_RNA,-0.3879202604293823
IL13RA2_RNA,-0.38794323801994324
NPTX2_RNA,-0.3880214989185333
F12_RNA,-0.3882887661457062
CSK_RNA,-0.3883054554462433
CLDN5_RNA,-0.38839712738990784
MAOB_RNA,-0.38854292035102844
SYT3_RNA,-0.38857200741767883
ASS1_RNA,-0.388700932264328
KDELR1_RNA,-0.3887560963630676
HOXA7_RNA,-0.38885992765426636
TMUB1_RNA,-0.38907378911972046
TMEM196_RNA,-0.38908109068870544
AMPH_RNA,-0.3890937864780426
DTX3_RNA,-0.38916897773742676
BTBD17_RNA,-0.38921865820884705
SLC25A5_RNA,-0.3894611597061157
NOX1_RNA,-0.38947609066963196
RPL34_RNA,-0.3895609378814697
WFDC1_RNA,-0.38968542218208313
C10orf105_RNA,-0.39005017280578613
WSCD2_RNA,-0.39029815793037415
SPOCK1_RNA,-0.3905216455459595
SURF2_RNA,-0.39052528142929077
RAB3IL1_RNA,-0.3905312418937683
SIGIRR_RNA,-0.3906385898590088
ARC_RNA,-0.3906539976596832
ZDHHC12_RNA,-0.3907324969768524
MAGOH_RNA,-0.39115947484970093
PTPRR_RNA,-0.3911803364753723
CETN2_RNA,-0.39119699597358704
AK1_RNA,-0.39136481285095215
ARPC1A_RNA,-0.3914838135242462
EGR4_RNA,-0.39186882972717285
PDRG1_RNA,-0.39192676544189453
ATP6AP1_RNA,-0.39193156361579895
PDGFRL_RNA,-0.3919369578361511
NRM_RNA,-0.3919818103313446
BAIAP3_RNA,-0.39199283719062805
USH1C_RNA,-0.39206796884536743
LRFN3_RNA,-0.3922354578971863
PSIP1_RNA,-0.39248138666152954
ZFAND3_RNA,-0.3927043676376343
GJD3_RNA,-0.39275211095809937
CTXN3_RNA,-0.3934662342071533
RAB5C_RNA,-0.3935626745223999
TKTL1_RNA,-0.3943004310131073
ATAD3C_RNA,-0.3944184184074402
PNOC_RNA,-0.39449259638786316
RPL10_RNA,-0.39452043175697327
TSPAN18_RNA,-0.394824355840683
FMOD_RNA,-0.39531129598617554
ABHD4_RNA,-0.39576518535614014
SP9_RNA,-0.3960017263889313
GNB2_RNA,-0.396630197763443
RGS14_RNA,-0.3966943323612213
PEA15_RNA,-0.3970537781715393
SLC16A13_RNA,-0.3971236050128937
FBXO44_RNA,-0.3971852660179138
IQSEC2_RNA,-0.39719265699386597
TOLLIP_RNA,-0.39722537994384766
FOXF2_RNA,-0.3972313702106476
EN1_RNA,-0.397258996963501
CENPV_RNA,-0.3973013460636139
PRR5_RNA,-0.3974229693412781
GSTO1_RNA,-0.3975910246372223
PALM_RNA,-0.3977191150188446
TCEA2_RNA,-0.3979905843734741
YWHAH_RNA,-0.3982689678668976
FKBP8_RNA,-0.3983413875102997
CRTC1_RNA,-0.3983505964279175
S100A8_RNA,-0.39870062470436096
ITM2A_RNA,-0.3987789750099182
FOXG1_RNA,-0.39880314469337463
COL1A1_RNA,-0.39891931414604187
ZBTB45_RNA,-0.39913466572761536
CCDC97_RNA,-0.3992004096508026
ITM2B_RNA,-0.3994491696357727
RTBDN_RNA,-0.39974838495254517
SCG3_RNA,-0.39980557560920715
MT1A_RNA,-0.3998602032661438
S100A1_RNA,-0.40008503198623657
HSPA5_RNA,-0.4001328945159912
SNRNP25_RNA,-0.40022316575050354
MORN4_RNA,-0.4003055691719055
OR2L13_RNA,-0.4005647897720337
SRRM4_RNA,-0.40084704756736755
KCNF1_RNA,-0.4008497893810272
LY6G5C_RNA,-0.4011862874031067
FKBP1B_RNA,-0.40125203132629395
GLT1D1_RNA,-0.40129247307777405
RFPL2_RNA,-0.40141695737838745
FTL_RNA,-0.4014892876148224
TESK1_RNA,-0.4015404284000397
CNFN_RNA,-0.4015633165836334
MIDN_RNA,-0.40169864892959595
AGAP3_RNA,-0.4019929766654968
CYP11A1_RNA,-0.4020102322101593
MRPL41_RNA,-0.4020537734031677
FBXO41_RNA,-0.40230047702789307
HOXA3_RNA,-0.4024045169353485
DYNLRB2_RNA,-0.40271440148353577
EEF1E1_RNA,-0.40295153856277466
NACAD_RNA,-0.40310248732566833
SLC35C1_RNA,-0.4031915068626404
SNRPF_RNA,-0.403448224067688
ALG3_RNA,-0.40348735451698303
DYNC1I1_RNA,-0.40353456139564514
ZFP36_RNA,-0.40447115898132324
CIB1_RNA,-0.404543399810791
MRPS6_RNA,-0.40454623103141785
SLC13A5_RNA,-0.40461403131484985
NDUFA4_RNA,-0.40463221073150635
PLP1_RNA,-0.4047331213951111
CAMK2B_RNA,-0.40487000346183777
VGF_RNA,-0.4049486517906189
SYT1_RNA,-0.4051467180252075
DES_RNA,-0.4051474630832672
BTG3_RNA,-0.40564748644828796
PET117_RNA,-0.4057510197162628
CNDP1_RNA,-0.40576523542404175
ACHE_RNA,-0.4058547019958496
CDK5R1_RNA,-0.4059089422225952
FABP5_RNA,-0.4060440957546234
FBL_RNA,-0.40647247433662415
FEV_RNA,-0.4066384732723236
SNRPA1_RNA,-0.4066663086414337
CACNG4_RNA,-0.406962126493454
AKR1B1_RNA,-0.4070129692554474
RNF167_RNA,-0.40714260935783386
AP2S1_RNA,-0.40719613432884216
TMEM176A_RNA,-0.40733250975608826
CACNG2_RNA,-0.40739142894744873
PRSS16_RNA,-0.40750885009765625
IER2_RNA,-0.4076695144176483
TFF3_RNA,-0.40776145458221436
TMEM175_RNA,-0.4080209732055664
TBC1D17_RNA,-0.4082660973072052
JUND_RNA,-0.40828704833984375
DMKN_RNA,-0.40837132930755615
STMN1_RNA,-0.408500999212265
CD34_RNA,-0.4085749685764313
NUDC_RNA,-0.40867647528648376
OTX1_RNA,-0.40886637568473816
UBE2D1_RNA,-0.40887826681137085
FRZB_RNA,-0.40924474596977234
MARVELD1_RNA,-0.4092538356781006
DHRS9_RNA,-0.4095457196235657
GAL3ST4_RNA,-0.4096606969833374
CX3CL1_RNA,-0.40978094935417175
C11orf87_RNA,-0.40984654426574707
TPD52_RNA,-0.40993642807006836
COBL_RNA,-0.41014423966407776
ARL3_RNA,-0.4102894365787506
DSTN_RNA,-0.41035962104797363
C2orf80_RNA,-0.4105759263038635
ABHD8_RNA,-0.41063690185546875
CNTNAP4_RNA,-0.41065460443496704
PDZD4_RNA,-0.41081273555755615
C6orf136_RNA,-0.4108644127845764
MAP3K10_RNA,-0.41120606660842896
NUDT9_RNA,-0.41120967268943787
ZNF503_RNA,-0.41132044792175293
ARF3_RNA,-0.4113934636116028
TMEM160_RNA,-0.4114567041397095
SERINC2_RNA,-0.4114772081375122
SLC9A1_RNA,-0.41195446252822876
PRIMA1_RNA,-0.4119780361652374
HPCAL1_RNA,-0.4123978912830353
ISLR_RNA,-0.41270682215690613
SF1_RNA,-0.41283535957336426
RTN1_RNA,-0.412933349609375
IER3IP1_RNA,-0.41316187381744385
NAP1L5_RNA,-0.41320866346359253
HES6_RNA,-0.41337257623672485
NUMBL_RNA,-0.41352951526641846
NHP2_RNA,-0.4137635827064514
GNG7_RNA,-0.4139311909675598
PAIP2_RNA,-0.41413626074790955
MUC1_RNA,-0.4141731858253479
SLC38A3_RNA,-0.414431631565094
OAF_RNA,-0.41452065110206604
CDK11B_RNA,-0.4145432710647583
UBXN11_RNA,-0.4145699739456177
IKZF4_RNA,-0.41470104455947876
LRRC32_RNA,-0.41478970646858215
FAM107A_RNA,-0.4148024618625641
CLPTM1_RNA,-0.4149039387702942
SLC25A22_RNA,-0.41494929790496826
ANKRD45_RNA,-0.415069043636322
CUX2_RNA,-0.4152364730834961
PCIF1_RNA,-0.41527846455574036
PTPRN_RNA,-0.41538745164871216
SULT1C4_RNA,-0.4157089591026306
CDK2AP1_RNA,-0.41574084758758545
B4GALNT1_RNA,-0.4157582223415375
CMIP_RNA,-0.4157637655735016
DIO3_RNA,-0.4158034026622772
LAPTM4A_RNA,-0.41607943177223206
SCAF1_RNA,-0.4162994921207428
DOC2B_RNA,-0.4163757264614105
POLE4_RNA,-0.41658344864845276
UPF3B_RNA,-0.41676589846611023
MGAT5B_RNA,-0.41680818796157837
ST8SIA3_RNA,-0.4168095290660858
OCIAD2_RNA,-0.4170260727405548
CDC42EP1_RNA,-0.41715317964553833
KCNN1_RNA,-0.4172227680683136
CD74_RNA,-0.41738781332969666
JOSD2_RNA,-0.4176049530506134
GABARAPL2_RNA,-0.4178272783756256
ZBTB12_RNA,-0.41813501715660095
DLGAP4_RNA,-0.41838911175727844
NAP1L2_RNA,-0.4183962345123291
RNF126_RNA,-0.4187719523906708
ARMC7_RNA,-0.41881245374679565
MRPL4_RNA,-0.4189881682395935
TFAP2A_RNA,-0.4190158247947693
GPR17_RNA,-0.41904664039611816
GRIN2D_RNA,-0.4191279709339142
TMEM158_RNA,-0.41915303468704224
CCDC3_RNA,-0.41934552788734436
NPM2_RNA,-0.41951385140419006
CYP4X1_RNA,-0.4197176992893219
GALNT9_RNA,-0.4198096990585327
POPDC3_RNA,-0.4200461804866791
SEZ6L2_RNA,-0.4200744926929474
NXPH2_RNA,-0.420538991689682
RASL11A_RNA,-0.4207243323326111
GDA_RNA,-0.4208279848098755
CXCL12_RNA,-0.4209495186805725
TMEFF2_RNA,-0.4210061728954315
SSTR3_RNA,-0.42117244005203247
ARX_RNA,-0.421425998210907
SYT4_RNA,-0.4214829206466675
WIZ_RNA,-0.42160019278526306
PAQR6_RNA,-0.42227521538734436
RSPO4_RNA,-0.4226953387260437
BEGAIN_RNA,-0.4229440987110138
EPB41L4B_RNA,-0.4230078458786011
ISYNA1_RNA,-0.4232686758041382
TCEAL3_RNA,-0.42342790961265564
MED25_RNA,-0.4235067367553711
STUB1_RNA,-0.42355477809906006
GMPR_RNA,-0.42406144738197327
TMEM63C_RNA,-0.4240676462650299
CACNB3_RNA,-0.42420294880867004
SLC17A6_RNA,-0.4244382679462433
FAM50A_RNA,-0.42447537183761597
TPPP_RNA,-0.4250022768974304
FAM81A_RNA,-0.42503243684768677
EPHB6_RNA,-0.4252171814441681
UBE2I_RNA,-0.4252576529979706
MANSC1_RNA,-0.42537322640419006
GPD1_RNA,-0.42546817660331726
POLE3_RNA,-0.4254704713821411
IFITM1_RNA,-0.4255167841911316
TSPYL2_RNA,-0.42561113834381104
SLC22A17_RNA,-0.4259340465068817
NMNAT2_RNA,-0.4263361692428589
PLVAP_RNA,-0.42640331387519836
RXRG_RNA,-0.4266742765903473
PLBD2_RNA,-0.42694517970085144
DPM2_RNA,-0.42704057693481445
USP2_RNA,-0.4270576238632202
ANAPC11_RNA,-0.4271482825279236
PRPF19_RNA,-0.4271671175956726
GRM2_RNA,-0.42720067501068115
ZDHHC8_RNA,-0.42723003029823303
CCL18_RNA,-0.4273451864719391
VEGFB_RNA,-0.4273606836795807
CD81_RNA,-0.42743971943855286
SLC29A3_RNA,-0.42749297618865967
FIZ1_RNA,-0.42751345038414
RTN3_RNA,-0.4277026653289795
RPL30_RNA,-0.42783358693122864
DIO3OS_RNA,-0.42788004875183105
RPL39L_RNA,-0.42794719338417053
EGR3_RNA,-0.4279668927192688
PDLIM7_RNA,-0.42802733182907104
SPATA2_RNA,-0.4280959665775299
TNNT1_RNA,-0.4282678961753845
RAC1_RNA,-0.4282779395580292
ATXN2L_RNA,-0.4283544421195984
QPCT_RNA,-0.4284859895706177
HOXD9_RNA,-0.4285636842250824
MT1H_RNA,-0.42863261699676514
KCNV1_RNA,-0.42866232991218567
BLOC1S3_RNA,-0.42881521582603455
PRSS3_RNA,-0.4292266070842743
TMEM120A_RNA,-0.4294501841068268
DIRAS1_RNA,-0.4296756684780121
SERPINI1_RNA,-0.4297448694705963
FBRS_RNA,-0.4297811985015869
CA10_RNA,-0.43014103174209595
TMCC2_RNA,-0.4303175210952759
PFN1_RNA,-0.4304925799369812
SH2D3C_RNA,-0.430675745010376
LRRN2_RNA,-0.4308801591396332
NDUFAF3_RNA,-0.43116459250450134
EPB41L1_RNA,-0.4319465756416321
LGI4_RNA,-0.432085782289505
TCTA_RNA,-0.43210890889167786
CLDN9_RNA,-0.43218618631362915
CD3E_RNA,-0.43227478861808777
HINT1_RNA,-0.4324876666069031
FBLL1_RNA,-0.4325251877307892
MAP1LC3A_RNA,-0.4325697124004364
SURF1_RNA,-0.43268904089927673
SLC25A35_RNA,-0.43299320340156555
KCNG1_RNA,-0.4331400990486145
CFL1_RNA,-0.4335484504699707
RAB24_RNA,-0.4336475729942322
SOX12_RNA,-0.4338108003139496
TSPAN2_RNA,-0.4339740574359894
SIX2_RNA,-0.4340059161186218
INSM1_RNA,-0.434097558259964
OLFM3_RNA,-0.43410882353782654
STXBP6_RNA,-0.43418270349502563
RHOD_RNA,-0.434270441532135
SCN1B_RNA,-0.4343912601470947
PTGDS_RNA,-0.4344167709350586
TPT1_RNA,-0.43473467230796814
CHERP_RNA,-0.4347847104072571
MSX2_RNA,-0.43482616543769836
CYTL1_RNA,-0.4359343647956848
SLC12A5_RNA,-0.43596696853637695
RPL3_RNA,-0.43641725182533264
UBE2E3_RNA,-0.4366006553173065
GRM3_RNA,-0.43689045310020447
PCBP3_RNA,-0.4369012117385864
CNRIP1_RNA,-0.4369954764842987
COMMD7_RNA,-0.43702563643455505
PRR13_RNA,-0.4370587170124054
YWHAE_RNA,-0.4374021589756012
NINJ2_RNA,-0.4374319911003113
VSIG10L_RNA,-0.43759775161743164
FAM167B_RNA,-0.43775060772895813
CALM3_RNA,-0.43820157647132874
DCTN3_RNA,-0.4382801949977875
APEX1_RNA,-0.4384956955909729
HNRNPA3_RNA,-0.4386652112007141
CYS1_RNA,-0.4387168288230896
AQP5_RNA,-0.4395231306552887
SLC7A3_RNA,-0.4397311508655548
RASGEF1C_RNA,-0.4398669898509979
MBOAT7_RNA,-0.4399353265762329
TMEM163_RNA,-0.4402087926864624
GDI1_RNA,-0.44044947624206543
HOXC6_RNA,-0.4412115812301636
HOXB2_RNA,-0.44124364852905273
CAMTA2_RNA,-0.4414463937282562
SPCS1_RNA,-0.44164976477622986
PENK_RNA,-0.4416962265968323
PNMA3_RNA,-0.4420417845249176
TMEM132C_RNA,-0.4422215223312378
GATA4_RNA,-0.4423041045665741
SNCA_RNA,-0.44233688712120056
GABRB3_RNA,-0.44265100359916687
HIRIP3_RNA,-0.4428877532482147
PLLP_RNA,-0.4429042637348175
GABRQ_RNA,-0.44305676221847534
SERP2_RNA,-0.4430783689022064
CD200_RNA,-0.4434143006801605
NEUROD6_RNA,-0.4434417188167572
GLIS2_RNA,-0.4436483085155487
FKBP1A_RNA,-0.4436860978603363
TRH_RNA,-0.44409453868865967
HSPBP1_RNA,-0.44422927498817444
WIF1_RNA,-0.444303035736084
CLDN10_RNA,-0.44451090693473816
USF2_RNA,-0.44491204619407654
PHGDH_RNA,-0.44504478573799133
GNG8_RNA,-0.4450575113296509
SYNGR2_RNA,-0.4452514052391052
DRD1_RNA,-0.44527241587638855
PRR7_RNA,-0.44532397389411926
MAST1_RNA,-0.4456883370876312
PLP2_RNA,-0.44576433300971985
PRRT4_RNA,-0.4458348751068115
KLF2_RNA,-0.44598183035850525
TCEAL7_RNA,-0.4468684494495392
DLX6_RNA,-0.4473918080329895
C2CD4C_RNA,-0.44757920503616333
SVIP_RNA,-0.4479411840438843
TPD52L1_RNA,-0.44853469729423523
C11orf68_RNA,-0.44869130849838257
RTN2_RNA,-0.44888654351234436
ADAP1_RNA,-0.44966718554496765
C1QL1_RNA,-0.44972187280654907
GJB6_RNA,-0.45051050186157227
SYVN1_RNA,-0.4505450129508972
EPHX4_RNA,-0.4505462944507599
TYROBP_RNA,-0.45108866691589355
SOHLH1_RNA,-0.45112839341163635
FOSL1_RNA,-0.45113974809646606
CRIP2_RNA,-0.4512196481227875
SNX10_RNA,-0.45136621594429016
PNCK_RNA,-0.4514443278312683
UBE2QL1_RNA,-0.45164725184440613
CCDC86_RNA,-0.4517568349838257
FSCN1_RNA,-0.45176389813423157
VAT1L_RNA,-0.4520716369152069
CHRAC1_RNA,-0.45226162672042847
ATP1B1_RNA,-0.452292799949646
CAPSL_RNA,-0.45241281390190125
SDSL_RNA,-0.45245975255966187
RBP7_RNA,-0.4524613320827484
MCHR2_RNA,-0.4527755081653595
CNOT3_RNA,-0.45298177003860474
LRRC10B_RNA,-0.4536561071872711
MAP7D2_RNA,-0.45383378863334656
IGF2_RNA,-0.4539317488670349
PDZK1IP1_RNA,-0.4547584652900696
SAA1_RNA,-0.45512449741363525
CAPZB_RNA,-0.45539215207099915
HOXA5_RNA,-0.455514132976532
METTL1_RNA,-0.45574817061424255
TBXA2R_RNA,-0.45638230443000793
EFHD2_RNA,-0.45656001567840576
VIPR1_RNA,-0.4567325711250305
KCNH3_RNA,-0.4567585587501526
CALB2_RNA,-0.4569019079208374
TIMP2_RNA,-0.4571567177772522
GSG1L_RNA,-0.4572241008281708
SRCIN1_RNA,-0.4573596715927124
TOX3_RNA,-0.45745009183883667
FAM131C_RNA,-0.458038330078125
NDUFA8_RNA,-0.458182156085968
HAMP_RNA,-0.4582904875278473
GPSM3_RNA,-0.45842158794403076
HNRNPA0_RNA,-0.4584514796733856
GREM2_RNA,-0.4585525691509247
CDKN2D_RNA,-0.4590025842189789
BEX1_RNA,-0.45936134457588196
CAMK2A_RNA,-0.45979931950569153
CLPP_RNA,-0.45990797877311707
RALYL_RNA,-0.45992201566696167
TYMS_RNA,-0.4612320065498352
ICAM5_RNA,-0.4613994061946869
WIPF3_RNA,-0.4619077742099762
NKAIN2_RNA,-0.4620702564716339
MED10_RNA,-0.4622829258441925
EIF5A_RNA,-0.4624793231487274
NKX2-2_RNA,-0.46248912811279297
CXCL16_RNA,-0.4625212550163269
CRABP1_RNA,-0.46295779943466187
ABO_RNA,-0.4630241096019745
RPL8_RNA,-0.46329477429389954
PRR19_RNA,-0.46356815099716187
UCHL1_RNA,-0.46424880623817444
TMEM54_RNA,-0.46428900957107544
CRYAB_RNA,-0.46439146995544434
NRSN1_RNA,-0.46446681022644043
CNNM1_RNA,-0.4645077586174011
PDE4A_RNA,-0.4653076231479645
GADD45GIP1_RNA,-0.4655536413192749
PCBD1_RNA,-0.465729683637619
POU2F2_RNA,-0.46577396988868713
DTNBP1_RNA,-0.4660715162754059
KCNIP2_RNA,-0.4664125442504883
FTH1_RNA,-0.4666101038455963
KCNC2_RNA,-0.4670748710632324
MRFAP1_RNA,-0.4672572612762451
NR1D1_RNA,-0.4673050343990326
GDAP1L1_RNA,-0.4673232138156891
SNAP91_RNA,-0.4676104485988617
MLST8_RNA,-0.4688558578491211
ZNF706_RNA,-0.46893149614334106
MRPS2_RNA,-0.4694007635116577
TARDBP_RNA,-0.4695574641227722
RFXAP_RNA,-0.4699594974517822
NAPA_RNA,-0.4701644480228424
SRRM3_RNA,-0.4704482853412628
MMP17_RNA,-0.4708535075187683
ATP6V1F_RNA,-0.47087880969047546
APOBEC3C_RNA,-0.47091788053512573
RHBDD2_RNA,-0.47094663977622986
ACAA1_RNA,-0.4720337986946106
SCOC_RNA,-0.47223734855651855
DCTPP1_RNA,-0.472615122795105
PMM1_RNA,-0.4729326367378235
BCAS1_RNA,-0.47316044569015503
CMTM5_RNA,-0.4733666777610779
L1CAM_RNA,-0.4735589921474457
ATG9B_RNA,-0.47403863072395325
RAB40B_RNA,-0.47417980432510376
PRCC_RNA,-0.47424209117889404
NDUFA4L2_RNA,-0.47425755858421326
ERAL1_RNA,-0.4745253622531891
ZMYND10_RNA,-0.4750635325908661
GPX3_RNA,-0.4751211106777191
NGEF_RNA,-0.4752204418182373
SLCO2A1_RNA,-0.47607484459877014
YJEFN3_RNA,-0.4762694239616394
GIPC3_RNA,-0.47645407915115356
ADRA2A_RNA,-0.47773775458335876
PRAME_RNA,-0.47783830761909485
CHRNA4_RNA,-0.4780682325363159
CCDC107_RNA,-0.4782137870788574
ALDH2_RNA,-0.47846105694770813
OTUB1_RNA,-0.478670597076416
ZFR2_RNA,-0.478751003742218
PPP3R1_RNA,-0.47945114970207214
NME4_RNA,-0.47954562306404114
GNG5_RNA,-0.4796818494796753
CACNG8_RNA,-0.481024831533432
EFNA3_RNA,-0.4810965657234192
HTR5A_RNA,-0.48165789246559143
TMEM98_RNA,-0.4820912182331085
STMN2_RNA,-0.48214828968048096
CDK2AP2_RNA,-0.4821817874908447
SPA17_RNA,-0.4826451241970062
KRT222_RNA,-0.48295858502388
EMP3_RNA,-0.4832841753959656
TAGLN2_RNA,-0.4846198856830597
KCNK3_RNA,-0.4848739504814148
ZNF575_RNA,-0.4848759174346924
KCNA5_RNA,-0.48487693071365356
CPNE7_RNA,-0.48537153005599976
GAD2_RNA,-0.4854327440261841
SHANK3_RNA,-0.48617538809776306
ENDOG_RNA,-0.48659127950668335
LPAR5_RNA,-0.4866287410259247
RPS21_RNA,-0.4868163466453552
FABP6_RNA,-0.48682302236557007
ROGDI_RNA,-0.4868781566619873
CAPNS1_RNA,-0.48694682121276855
SEMA6B_RNA,-0.48730844259262085
TPRG1L_RNA,-0.48757708072662354
TMEM151B_RNA,-0.48769187927246094
HOXC4_RNA,-0.487804114818573
PNMA5_RNA,-0.48804590106010437
DAP_RNA,-0.48896297812461853
AKIRIN2_RNA,-0.4894050359725952
NOVA2_RNA,-0.48980817198753357
OLFM2_RNA,-0.4899052679538727
THAP10_RNA,-0.49006232619285583
SCAMP4_RNA,-0.49065878987312317
ACOT7_RNA,-0.4912959337234497
CMBL_RNA,-0.49166229367256165
GAL3ST1_RNA,-0.4921300411224365
CRTC2_RNA,-0.4925452172756195
MPPED1_RNA,-0.49271392822265625
SLC35A4_RNA,-0.49292394518852234
HRCT1_RNA,-0.49299156665802
TFPI2_RNA,-0.4934209883213043
SOX7_RNA,-0.49357762932777405
MFAP4_RNA,-0.4935850203037262
RPRML_RNA,-0.4938099980354309
DPM3_RNA,-0.49382737278938293
C17orf100_RNA,-0.49428170919418335
GABRA3_RNA,-0.4945462644100189
BEX2_RNA,-0.494878888130188
RPL13AP5_RNA,-0.4952775537967682
DYNLL1_RNA,-0.49557915329933167
NEUROD2_RNA,-0.4956481456756592
IGFBP4_RNA,-0.4959062933921814
CBLN2_RNA,-0.49590933322906494
MCOLN1_RNA,-0.4960884749889374
CHMP4B_RNA,-0.49622032046318054
SOX15_RNA,-0.496436208486557
ARRB2_RNA,-0.4966721534729004
CCNO_RNA,-0.49667537212371826
DNAJC30_RNA,-0.49677738547325134
TP53I11_RNA,-0.49726423621177673
MRAP2_RNA,-0.4976425766944885
BRSK2_RNA,-0.4979720711708069
CBX7_RNA,-0.4983522295951843
PSAT1_RNA,-0.4984666109085083
FLJ16779_RNA,-0.4991143047809601
FCER1G_RNA,-0.4992125928401947
NOB1_RNA,-0.49923670291900635
OCEL1_RNA,-0.4992962181568146
RAB33A_RNA,-0.4993446171283722
PNMT_RNA,-0.4993447959423065
KLF16_RNA,-0.49948495626449585
NHLH1_RNA,-0.4996240437030792
RASAL1_RNA,-0.49969682097435
FAM110A_RNA,-0.49985069036483765
GPR137_RNA,-0.49989089369773865
NDRG2_RNA,-0.4999053180217743
VSTM2L_RNA,-0.5003364086151123
CYP46A1_RNA,-0.5007463693618774
FBLN1_RNA,-0.5009112358093262
GPR27_RNA,-0.5009905695915222
OTP_RNA,-0.5011352300643921
BOK_RNA,-0.501224935054779
PAK4_RNA,-0.5013524293899536
TBR1_RNA,-0.5014573335647583
G6PD_RNA,-0.5016568303108215
PCSK2_RNA,-0.5019253492355347
HOXA10_RNA,-0.5022032260894775
ARHGDIG_RNA,-0.5022842288017273
SDF2L1_RNA,-0.5024420022964478
ISLR2_RNA,-0.5025555491447449
SLC6A7_RNA,-0.5026553869247437
COX5A_RNA,-0.5028472542762756
EMX2_RNA,-0.5033497214317322
COPS6_RNA,-0.5038720965385437
OAZ2_RNA,-0.5042120814323425
NKX6-2_RNA,-0.5053048729896545
STMN4_RNA,-0.5056554079055786
DLL3_RNA,-0.5059197545051575
RABL2A_RNA,-0.506054162979126
ECH1_RNA,-0.5061362385749817
WNK2_RNA,-0.5064643621444702
PCBP1_RNA,-0.5067755579948425
TMEM233_RNA,-0.5068193078041077
AGAP2_RNA,-0.5069841146469116
PCBP2_RNA,-0.5070506930351257
FBXO27_RNA,-0.5077722072601318
BAG3_RNA,-0.507946789264679
MAG_RNA,-0.5081128478050232
AK5_RNA,-0.508231520652771
SYP_RNA,-0.5087060332298279
MATK_RNA,-0.5087614059448242
NDN_RNA,-0.5091174244880676
PNPLA2_RNA,-0.5093026161193848
CKB_RNA,-0.5097236633300781
DNAJC4_RNA,-0.5097246170043945
SHD_RNA,-0.5101736187934875
CCNA1_RNA,-0.5102386474609375
ZBED3_RNA,-0.5108416676521301
DACT3_RNA,-0.5110427141189575
GNAO1_RNA,-0.51157546043396
HCFC1R1_RNA,-0.5125712752342224
STX1A_RNA,-0.5126498937606812
CHST1_RNA,-0.5126969218254089
HNRNPUL2_RNA,-0.5133364796638489
PSMC5_RNA,-0.5141721367835999
PALM3_RNA,-0.5142650604248047
SYT7_RNA,-0.5145479440689087
SRP14_RNA,-0.514627993106842
PVALB_RNA,-0.515098512172699
PPP1R1B_RNA,-0.5153297781944275
SYNPO_RNA,-0.5153875946998596
KNCN_RNA,-0.5157158970832825
HMGA1_RNA,-0.5159702897071838
SH3GL2_RNA,-0.5161486864089966
SVOP_RNA,-0.5163394808769226
PTPN5_RNA,-0.5164766311645508
ITPKA_RNA,-0.5167445540428162
SDR16C5_RNA,-0.5168538093566895
RNF44_RNA,-0.5171664357185364
TMPRSS3_RNA,-0.5173428654670715
ZNF358_RNA,-0.5174486041069031
ZYX_RNA,-0.5176884531974792
TAC1_RNA,-0.5180277824401855
TICAM1_RNA,-0.5187743306159973
SIX3_RNA,-0.5192322731018066
GABRA1_RNA,-0.5197271704673767
LIMS2_RNA,-0.5198273062705994
HAPLN2_RNA,-0.5199277997016907
GNAS_RNA,-0.5209730267524719
ZNF385B_RNA,-0.5218493938446045
RPH3A_RNA,-0.5224438905715942
EIF1_RNA,-0.5232897400856018
DUSP26_RNA,-0.5234662294387817
SYN2_RNA,-0.5237125158309937
SYNPR_RNA,-0.5247721076011658
ABCG4_RNA,-0.5252830982208252
COTL1_RNA,-0.5270682573318481
CYGB_RNA,-0.5273159742355347
JPH3_RNA,-0.5279876589775085
FAM89A_RNA,-0.5286376476287842
GNG3_RNA,-0.5286388993263245
MGST1_RNA,-0.5288062691688538
DLX5_RNA,-0.5299193263053894
RPL27_RNA,-0.5307011604309082
FBRSL1_RNA,-0.5314143896102905
RAC2_RNA,-0.5331393480300903
DYDC2_RNA,-0.5339694023132324
MLF2_RNA,-0.5351694226264954
SPI1_RNA,-0.535230278968811
FOXP4_RNA,-0.5357469320297241
SPOCK3_RNA,-0.5357930064201355
PLEKHB1_RNA,-0.5360947251319885
IL32_RNA,-0.5361615419387817
FEZF2_RNA,-0.5367149710655212
ARPC5L_RNA,-0.5369385480880737
GABRG2_RNA,-0.5381459593772888
CREB3L1_RNA,-0.5385968089103699
EPN1_RNA,-0.5394178032875061
MAPK8IP2_RNA,-0.5400192141532898
ASPHD1_RNA,-0.5405992865562439
PRDM8_RNA,-0.5409557223320007
TSPAN13_RNA,-0.5413816571235657
AGPAT1_RNA,-0.5414005517959595
HPCAL4_RNA,-0.5415774583816528
PI3_RNA,-0.5417707562446594
STX16_RNA,-0.5418306589126587
NPDC1_RNA,-0.5422167778015137
CDA_RNA,-0.542538583278656
UNC5A_RNA,-0.5428129434585571
LPCAT4_RNA,-0.542943000793457
ELFN2_RNA,-0.5430479049682617
NLGN2_RNA,-0.5431252121925354
PPP1R1A_RNA,-0.5434179306030273
PCP4L1_RNA,-0.5434329509735107
YPEL3_RNA,-0.5440601110458374
ACTG2_RNA,-0.5444026589393616
EHD2_RNA,-0.544694185256958
EIF5B_RNA,-0.5447875261306763
CHCHD10_RNA,-0.544837474822998
NEFH_RNA,-0.5450968146324158
WNT10B_RNA,-0.5461011528968811
SLC1A6_RNA,-0.5464250445365906
HNRNPD_RNA,-0.5468047261238098
MOSPD3_RNA,-0.5472907423973083
TECR_RNA,-0.5483418107032776
TTC9B_RNA,-0.5487410426139832
BRI3_RNA,-0.5491979718208313
WFDC2_RNA,-0.5497404336929321
IGSF21_RNA,-0.5501760244369507
RAI2_RNA,-0.5519906282424927
TGFB1_RNA,-0.5520610213279724
FOXC2_RNA,-0.5526449680328369
ABTB1_RNA,-0.5527427792549133
ZMIZ2_RNA,-0.5533003807067871
SLCO3A1_RNA,-0.5545678734779358
HHATL_RNA,-0.55503082275390625
CARTPT_RNA,-0.55503249168396
PRKCZ_RNA,-0.5553480386734009
ADRA1B_RNA,-0.5554914474487305
GABRA5_RNA,-0.5563926100730896
RARRES2_RNA,-0.5564144253730774
MOBP_RNA,-0.5573327541351318
GADD45G_RNA,-0.5576815009117126
CMTM8_RNA,-0.5584328770637512
MYADM_RNA,-0.5594825744628906
PRMT8_RNA,-0.5617493391036987
FGF13_RNA,-0.5622080564498901
ACTL6B_RNA,-0.562208354473114
SCAMP5_RNA,-0.5624287724494934
SCRT2_RNA,-0.5626510381698608
MYPOP_RNA,-0.5643718242645264
TMEM145_RNA,-0.5646622180938721
PFDN2_RNA,-0.5655757188796997
KLK7_RNA,-0.5656179189682007
HIGD2A_RNA,-0.565875232219696
CA4_RNA,-0.5674640536308289
S1PR5_RNA,-0.5676529407501221
CCDC34_RNA,-0.5677998065948486
MAPK3_RNA,-0.569531261920929
NTSR2_RNA,-0.5702034831047058
S100B_RNA,-0.5703178644180298
INO80C_RNA,-0.5718156695365906
CHGB_RNA,-0.5719237327575684
FXYD5_RNA,-0.5725216269493103
CD37_RNA,-0.5728412866592407
SLC25A23_RNA,-0.5730905532836914
CNTFR_RNA,-0.5736803412437439
OLFM1_RNA,-0.5739543437957764
RRAGA_RNA,-0.5755453705787659
SLC6A17_RNA,-0.5759115815162659
RAP1GAP_RNA,-0.5779111981391907
G6PC3_RNA,-0.5783894062042236
CABP1_RNA,-0.5787209868431091
SORBS3_RNA,-0.5788890719413757
DUSP8_RNA,-0.5797455310821533
EEFSEC_RNA,-0.5800430774688721
GNG4_RNA,-0.5801776051521301
STX1B_RNA,-0.5805080533027649
DBNDD1_RNA,-0.5813375115394592
ZNF213_RNA,-0.5819315910339355
KCNK1_RNA,-0.5820266008377075
CHGA_RNA,-0.5825456976890564
HCN2_RNA,-0.583199679851532
MBD6_RNA,-0.5835230350494385
HS3ST4_RNA,-0.5848501920700073
MAL2_RNA,-0.5851566791534424
SLC32A1_RNA,-0.5855598449707031
HOXC10_RNA,-0.5856872797012329
TUBA4A_RNA,-0.5863522887229919
S100A10_RNA,-0.5865389704704285
VSTM2A_RNA,-0.5867186188697815
SDHC_RNA,-0.5869480967521667
ENG_RNA,-0.5876193046569824
AKT1S1_RNA,-0.5877389907836914
CSNK1D_RNA,-0.5878125429153442
TMEM125_RNA,-0.5901448726654053
RAB13_RNA,-0.590681791305542
LY6E_RNA,-0.5919704437255859
HNRNPA2B1_RNA,-0.5920348167419434
CAMK2N1_RNA,-0.5928223133087158
ZNF414_RNA,-0.592887818813324
HEBP1_RNA,-0.5929788947105408
OPALIN_RNA,-0.5930857062339783
PRKCD_RNA,-0.5951392650604248
ARHGDIA_RNA,-0.5951573848724365
EPHX1_RNA,-0.5952140092849731
LHPP_RNA,-0.5954886078834534
GSTM5_RNA,-0.5959238409996033
ZCCHC12_RNA,-0.596296489238739
ZNF488_RNA,-0.596589982509613
MLXIPL_RNA,-0.5968229174613953
GJB1_RNA,-0.59719318151474
CCKBR_RNA,-0.5975608825683594
EFNB3_RNA,-0.5981405973434448
RNF26_RNA,-0.5985546112060547
CLDN11_RNA,-0.5986412167549133
MYD88_RNA,-0.5991089940071106
SHISA7_RNA,-0.5995794534683228
PHLDA2_RNA,-0.6004772782325745
KCNC3_RNA,-0.6032569408416748
PRR14_RNA,-0.6033188700675964
SOX10_RNA,-0.6037136316299438
IL2RG_RNA,-0.6055001616477966
SH3GL3_RNA,-0.6058870553970337
PDYN_RNA,-0.6064985990524292
RBP1_RNA,-0.6070801019668579
CRYM_RNA,-0.6072989702224731
CDH22_RNA,-0.6085731983184814
CAMK1G_RNA,-0.608660876750946
CPNE6_RNA,-0.6086667776107788
TAC3_RNA,-0.6086791753768921
MBP_RNA,-0.6089144945144653
BASP1_RNA,-0.6090073585510254
MT2A_RNA,-0.609016478061676
PCSK1N_RNA,-0.6091678738594055
PHYHIP_RNA,-0.6093747019767761
SF3A2_RNA,-0.6096404790878296
SCN3B_RNA,-0.6098371744155884
PRR18_RNA,-0.6129416227340698
FXYD7_RNA,-0.6140214800834656
NR2F2_RNA,-0.6151750683784485
GABRD_RNA,-0.616748571395874
C1QL2_RNA,-0.6171224117279053
TSPAN7_RNA,-0.6177897453308105
RSPH1_RNA,-0.6182565689086914
EGR1_RNA,-0.6184665560722351
WBP2_RNA,-0.6188620328903198
UBE2B_RNA,-0.619262158870697
PFN2_RNA,-0.6209186315536499
MLLT11_RNA,-0.6213126182556152
SYNGR3_RNA,-0.6224291324615479
NEFL_RNA,-0.6225065588951111
RPRM_RNA,-0.6226133108139038
POLR3K_RNA,-0.6244061589241028
RAMP2_RNA,-0.6248021721839905
SBK1_RNA,-0.6252484917640686
IGLON5_RNA,-0.6260130405426025
C20orf96_RNA,-0.6265853047370911
CLEC2L_RNA,-0.6269761919975281
RRAS_RNA,-0.6272814869880676
DOC2A_RNA,-0.6275703310966492
LRFN1_RNA,-0.6279709339141846
RPLP1_RNA,-0.6304936408996582
NRSN2_RNA,-0.6306326389312744
SNCG_RNA,-0.6309117674827576
GRINA_RNA,-0.6313462853431702
GOLGA7B_RNA,-0.631533145904541
TMEM134_RNA,-0.631720244884491
C1QTNF4_RNA,-0.6317610740661621
PRKAR1B_RNA,-0.632686972618103
PDLIM1_RNA,-0.6327853798866272
PANX2_RNA,-0.6344385147094727
NPTXR_RNA,-0.6345253586769104
MRPL12_RNA,-0.6346888542175293
MARCKSL1_RNA,-0.6352922320365906
SOX18_RNA,-0.6367945671081543
RTN4R_RNA,-0.6382637619972229
PMVK_RNA,-0.6399064064025879
TOX2_RNA,-0.6409473419189453
HNRNPH3_RNA,-0.6412613391876221
TCEAL5_RNA,-0.6416507959365845
EN2_RNA,-0.6416962742805481
CCK_RNA,-0.6417466402053833
CCDC92_RNA,-0.6420508623123169
ATIC_RNA,-0.6454219818115234
SNAP25_RNA,-0.6455713510513306
IFITM3_RNA,-0.6469377279281616
JPH4_RNA,-0.6484293937683105
TMEM179_RNA,-0.6488145589828491
NGB_RNA,-0.6491565108299255
GSX1_RNA,-0.6506353616714478
TMEM151A_RNA,-0.6525631546974182
VSNL1_RNA,-0.6532140374183655
FAM178B_RNA,-0.6537384986877441
EMD_RNA,-0.6545763611793518
GAR1_RNA,-0.6552454233169556
RUNDC3A_RNA,-0.6558629274368286
HSPB1_RNA,-0.6561880707740784
MAL_RNA,-0.6565643548965454
NKAIN1_RNA,-0.6580961346626282
SF3B4_RNA,-0.66225433349609375
HRH3_RNA,-0.6653974652290344
KLK6_RNA,-0.6654751896858215
APOD_RNA,-0.6671338081359863
SLC39A4_RNA,-0.6685460805892944
RPL28_RNA,-0.6696195006370544
TAGLN3_RNA,-0.6702664494514465
HMBS_RNA,-0.6714205145835876
CDK18_RNA,-0.6724541187286377
CRTAC1_RNA,-0.6727962493896484
HS3ST2_RNA,-0.6729691028594971
SULT4A1_RNA,-0.6734631061553955
LHX2_RNA,-0.6737164258956909
ZNF580_RNA,-0.6748179197311401
SSBP3_RNA,-0.6758474111557007
CCDC85B_RNA,-0.6769727468490601
WNT7B_RNA,-0.6786639094352722
C6orf226_RNA,-0.6795707941055298
ATF5_RNA,-0.6807554364204407
CPLX2_RNA,-0.6817216277122498
ELAVL3_RNA,-0.6819931268692017
SLC30A3_RNA,-0.6822035312652588
CAMKV_RNA,-0.6822983026504517
GSK3A_RNA,-0.6824896931648254
SYT13_RNA,-0.6835693717002869
TCEAL6_RNA,-0.683966338634491
PLA2G2A_RNA,-0.6843085885047913
CTF1_RNA,-0.6893926858901978
FXYD6_RNA,-0.6902921795845032
LRRC61_RNA,-0.6911963224411011
CYB5R3_RNA,-0.6912549138069153
CBFA2T3_RNA,-0.6918931007385254
EEF1A2_RNA,-0.6920101642608643
BEX5_RNA,-0.6922978758811951
TP53INP2_RNA,-0.6926831007003784
RHOG_RNA,-0.693577229976654
EIF1B_RNA,-0.6942928433418274
STXBP1_RNA,-0.6943677663803101
NXPH4_RNA,-0.6952883005142212
FA2H_RNA,-0.6954612731933594
NPY_RNA,-0.6963364481925964
TRAPPC1_RNA,-0.6970557570457458
GPR4_RNA,-0.6974397897720337
PACSIN1_RNA,-0.6980500817298889
ATP6V1G2_RNA,-0.6983926892280579
TAF15_RNA,-0.7008236646652222
CSTB_RNA,-0.7012624740600586
LGI3_RNA,-0.7019866108894348
RAB7A_RNA,-0.7033194303512573
MANBAL_RNA,-0.7039699554443359
SERPING1_RNA,-0.706074059009552
TCEAL2_RNA,-0.7075902223587036
CHRM1_RNA,-0.7076643109321594
STAC2_RNA,-0.7092475295066833
TXN2_RNA,-0.7093454599380493
WASF1_RNA,-0.7119189500808716
MOG_RNA,-0.7141713500022888
PSD_RNA,-0.7147020697593689
BCL3_RNA,-0.7150163650512695
MDK_RNA,-0.7158128023147583
ATP1B2_RNA,-0.7210984826087952
FAM163B_RNA,-0.721664547920227
SLC8A2_RNA,-0.7236684560775757
PRKACA_RNA,-0.7238065600395203
MAPRE3_RNA,-0.72858428955078125
RPL18AP3_RNA,-0.7286344170570374
SCRT1_RNA,-0.7309713363647461
ENTPD2_RNA,-0.7312154173851013
NNAT_RNA,-0.7320587038993835
FAIM2_RNA,-0.7326859831809998
FN3K_RNA,-0.7342798709869385
CEND1_RNA,-0.7357534170150757
CA11_RNA,-0.7398124933242798
PRRT2_RNA,-0.7399464249610901
GRIN1_RNA,-0.7399580478668213
SP2_RNA,-0.7412101030349731
TMEM59L_RNA,-0.74126797914505
TPP1_RNA,-0.7438212633132935
TPPP3_RNA,-0.7463258504867554
ZNF703_RNA,-0.7517852187156677
MT1F_RNA,-0.7529858350753784
TNFSF12_RNA,-0.7563924789428711
KCNJ4_RNA,-0.7565351724624634
HMGN5_RNA,-0.758524477481842
RASD2_RNA,-0.7587054371833801
CCDC124_RNA,-0.7608911395072937
ANP32B_RNA,-0.7623112797737122
SH3BGRL3_RNA,-0.7686991095542908
HPRT1_RNA,-0.7700212597846985
OLIG1_RNA,-0.7712732553482056
FBXO2_RNA,-0.7712975740432739
IFITM2_RNA,-0.7733157873153687
VAMP5_RNA,-0.7751673460006714
LSM10_RNA,-0.7762460708618164
MYL9_RNA,-0.7798331379890442
PPP2R2C_RNA,-0.7837516665458679
PRKCG_RNA,-0.7939969897270203
RBP4_RNA,-0.7944422364234924
VSTM2B_RNA,-0.7947356104850769
APLP1_RNA,-0.7952362895011902
PCGF2_RNA,-0.7965574860572815
CD248_RNA,-0.7966285347938538
RAB11B_RNA,-0.7979000210762024
SRM_RNA,-0.7983165979385376
MT1G_RNA,-0.7986460328102112
INA_RNA,-0.8112316131591797
TMEM130_RNA,-0.812767744064331
TCF7L1_RNA,-0.8150731921195984
S100A11_RNA,-0.8166463375091553
SEPHS2_RNA,-0.8173754215240479
SHANK1_RNA,-0.818800687789917
LY6H_RNA,-0.8219302892684937
EFHD1_RNA,-0.8229589462280273
DDN_RNA,-0.8276248574256897
CAMK2N2_RNA,-0.8322497010231018
CACNG3_RNA,-0.8398465514183044
NECAB2_RNA,-0.8459315299987793
PRELP_RNA,-0.8463498950004578
ZNF385A_RNA,-0.8729856610298157
SOD3_RNA,-0.8733754754066467
BGN_RNA,-0.8765382170677185
PTMS_RNA,-0.8803568482398987
NEFM_RNA,-0.880474865436554
LINGO1_RNA,-0.887925922870636
CALY_RNA,-0.8892383575439453
CACNG7_RNA,-0.8909341096878052
SST_RNA,-0.8957698941230774
PRAF2_RNA,-0.8997125625610352
CNIH2_RNA,-0.9087238907814026
BANF1_RNA,-0.9098314046859741
SYT5_RNA,-0.9222975969314575
CPLX1_RNA,-0.9227906465530396
PPDPF_RNA,-0.9300001859664917
ATN1_RNA,-0.9321715831756592
RPS16_RNA,-0.9377764463424683
KRT10_RNA,-0.9412533044815063
UCP2_RNA,-0.9421970844268799
RAB3A_RNA,-0.9443829655647278
FUS_RNA,-0.9589009284973145
PCP4_RNA,-0.9603170156478882
RTN4RL2_RNA,-0.9827896356582642
RBPMS2_RNA,-0.9837686419487
HPCA_RNA,-0.9858402609825134
QDPR_RNA,-0.995128333568573
ATP1A3_RNA,-1.0053659677505493
SLC17A7_RNA,-1.0107418298721313
VAMP2_RNA,-1.011013388633728
SNCB_RNA,-1.0142667293548584
CLIP3_RNA,-1.0378793478012085
LDOC1_RNA,-1.0445547103881836
PPP1R14A_RNA,-1.0456178188323975
FBXL16_RNA,-1.0641893148422241
HSPB6_RNA,-1.064523696899414
RNF208_RNA,-1.0648854970932007
CDK5R2_RNA,-1.1210496425628662
CTXN1_RNA,-1.2318484783172607
NRGN_RNA,-1.3745590448379517
SYN1_RNA,-1.4772552251815796
