gene,score
LPCAT3_RNA,0.10252220928668976
PCCA_RNA,0.09820849448442459
MTA1_RNA,0.09813880175352097
PTPRA_RNA,0.09770658612251282
TAPBPL_RNA,0.09646286070346832
TOX4_RNA,0.09179507195949554
SLC20A2_RNA,0.08973754197359085
TLK1_RNA,0.08940721303224564
TTC7B_RNA,0.08831840008497238
MAN2C1_RNA,0.08808593451976776
YLPM1_RNA,0.08803068101406097
SLC2A4_RNA,0.08757632225751877
RPL13P5_RNA,0.08683810383081436
TTC23_RNA,0.0857558473944664
ALDH3A2_RNA,0.08549151569604874
ARHGEF10L_RNA,0.08543816953897476
OXA1L_RNA,0.08444427698850632
APBA2_RNA,0.08384102582931519
ATXN7L2_RNA,0.08328387141227722
CAND2_RNA,0.08230245858430862
SLC25A29_RNA,0.0821501761674881
MANEAL_RNA,0.08192314952611923
SOX9_RNA,0.08187716454267502
RGL1_RNA,0.08172342926263809
NSMAF_RNA,0.08145608007907867
ZFYVE1_RNA,0.08141882717609406
EBF4_RNA,0.0813860073685646
CECR2_RNA,0.08133366703987122
FOXP1_RNA,0.08094403147697449
LY86_RNA,0.08084000647068024
CPVL_RNA,0.08079424500465393
RFTN2_RNA,0.0805579349398613
TP53_RNA,0.08007755130529404
CYP2E1_RNA,0.07948701828718185
ZFYVE26_RNA,0.07921427488327026
ATP9A_RNA,0.07907257974147797
PEPD_RNA,0.07896262407302856
ATP11A_RNA,0.07854025810956955
DLST_RNA,0.07834271341562271
ATRN_RNA,0.07741085439920425
LIN52_RNA,0.07715114951133728
BMPR1B_RNA,0.076932892203331
BCL2L2_RNA,0.07691130042076111
B4GALT5_RNA,0.07686568051576614
MYO18A_RNA,0.07684621959924698
NPBWR1_RNA,0.0766940489411354
CUX1_RNA,0.07659867405891418
TCF12_RNA,0.07636599987745285
METTL3_RNA,0.0763230100274086
KCTD12_RNA,0.07605817914009094
SLC22A17_RNA,0.07516342401504517
CYP46A1_RNA,0.07503796368837357
PLIN3_RNA,0.0749099999666214
ABCD4_RNA,0.07482024282217026
FBXO44_RNA,0.0746002048254013
TBCK_RNA,0.07438191026449203
PRMT5_RNA,0.07399996370077133
LILRA1_RNA,0.07363374531269073
GMPR2_RNA,0.07344263792037964
IDUA_RNA,0.07343082875013351
PRTG_RNA,0.07342486083507538
HECTD1_RNA,0.07340343296527863
SECISBP2L_RNA,0.07334631681442261
ZNF592_RNA,0.07309466600418091
ATXN7L1_RNA,0.07296165823936462
ZFP36L2_RNA,0.07291845977306366
SUPT16H_RNA,0.0728946179151535
AXL_RNA,0.07281936705112457
SMAD1_RNA,0.07272070646286011
ZNF362_RNA,0.07216466963291168
WNK1_RNA,0.07205220311880112
AP4S1_RNA,0.07196862250566483
MTA3_RNA,0.0717717856168747
EPHB4_RNA,0.07162652909755707
USP3_RNA,0.07147126644849777
BCAM_RNA,0.07138028740882874
PHB2_RNA,0.071279376745224
DAPK1_RNA,0.0712687075138092
FIS1_RNA,0.07117844372987747
CDK14_RNA,0.07117144018411636
LRP10_RNA,0.07116790115833282
LPAR5_RNA,0.07108087092638016
PDE8A_RNA,0.0709003135561943
ADAM10_RNA,0.07088448107242584
SLC2A4RG_RNA,0.07087238878011703
ARHGEF17_RNA,0.07086791098117828
MAST3_RNA,0.07082760334014893
DPF3_RNA,0.07079508900642395
UBQLN4_RNA,0.07055957615375519
RALGAPA1_RNA,0.07049687951803207
TLN2_RNA,0.07009807974100113
SALL2_RNA,0.0700501799583435
PABPC1_RNA,0.07000957429409027
MTMR10_RNA,0.06997100263834
KLHDC1_RNA,0.0698276087641716
SLC12A9_RNA,0.06970859318971634
PDK2_RNA,0.06958809494972229
RABGGTA_RNA,0.06936941295862198
AGPAT2_RNA,0.06934656947851181
CPEB1_RNA,0.06925699859857559
PACS2_RNA,0.06870593130588531
DCAF11_RNA,0.06869439780712128
TM9SF1_RNA,0.0686466321349144
AMIGO1_RNA,0.06857937574386597
KLHL25_RNA,0.06855189800262451
CPSF2_RNA,0.06824231892824173
NGRN_RNA,0.06823626905679703
CCDC85A_RNA,0.06819819658994675
CLIP3_RNA,0.06817319244146347
MAP2K5_RNA,0.06814531981945038
ACIN1_RNA,0.06801740825176239
PGAP3_RNA,0.0677170604467392
CSF1R_RNA,0.06767971813678741
VPS13C_RNA,0.0676644816994667
MLF2_RNA,0.0676194429397583
USP5_RNA,0.06761176139116287
OR3A2_RNA,0.06734952330589294
KLHDC2_RNA,0.06717611104249954
RNF39_RNA,0.06716737151145935
AP3S2_RNA,0.06716369092464447
TRMT61A_RNA,0.06704208254814148
ZMIZ2_RNA,0.0669795349240303
TUBGCP3_RNA,0.06690189242362976
MOAP1_RNA,0.06680218130350113
CHD2_RNA,0.06668892502784729
PSMB5_RNA,0.06657031178474426
IGFL4_RNA,0.06656177341938019
HMG20A_RNA,0.06636301428079605
SPAG9_RNA,0.06630004197359085
PNMA1_RNA,0.06628426909446716
STK3_RNA,0.06625180691480637
EXD3_RNA,0.06605552136898041
NUDCD3_RNA,0.06604524701833725
DOCK4_RNA,0.06589359045028687
JAM2_RNA,0.06587991118431091
NPM3_RNA,0.06587196886539459
RPL4_RNA,0.06571439653635025
KTN1_RNA,0.06548891216516495
NR3C2_RNA,0.06519927084445953
ABLIM1_RNA,0.06509138643741608
ITPK1_RNA,0.06495983898639679
TCF3_RNA,0.06493256986141205
PABPN1_RNA,0.06491035968065262
COG5_RNA,0.06476718932390213
HAUS4_RNA,0.064754419028759
OCLN_RNA,0.06473691016435623
DPY19L3_RNA,0.06471289694309235
ZBTB46_RNA,0.06454969942569733
DKKL1_RNA,0.06441958993673325
BRF1_RNA,0.06440630555152893
PEX11A_RNA,0.06429186463356018
LILRB1_RNA,0.06425229460000992
UBE2Q2_RNA,0.06415439397096634
CRIM1_RNA,0.06408043950796127
TJP3_RNA,0.0639318972826004
EFNA2_RNA,0.06383179873228073
PPP2R5C_RNA,0.06382850557565689
ATN1_RNA,0.06364858150482178
EXOC4_RNA,0.06357625871896744
NCOA1_RNA,0.06343435496091843
CEP68_RNA,0.0633116364479065
TMC8_RNA,0.06331078708171844
WDR25_RNA,0.06323324888944626
KPTN_RNA,0.06313590705394745
RGL3_RNA,0.06311475485563278
LST1_RNA,0.06308794766664505
VPS13D_RNA,0.0630531832575798
BLNK_RNA,0.06304682791233063
ANK2_RNA,0.06301086395978928
ZBED3_RNA,0.06300929933786392
TTLL5_RNA,0.0630078837275505
ZNF691_RNA,0.06287701427936554
TTYH2_RNA,0.06283430755138397
ADORA3_RNA,0.06279047578573227
POMT2_RNA,0.06263139098882675
EBI3_RNA,0.062472570687532425
FAM161B_RNA,0.06236138939857483
CHD6_RNA,0.06234925985336304
ATP6V1C1_RNA,0.06231794133782387
KLC1_RNA,0.06209778040647507
NLRP3_RNA,0.062010060995817184
MAP4K3_RNA,0.06189226731657982
MEGF8_RNA,0.06176375970244408
NOD1_RNA,0.06174735352396965
SIPA1_RNA,0.06172080338001251
ABHD6_RNA,0.061714231967926025
HIBADH_RNA,0.0616057813167572
MAPKAPK2_RNA,0.06150587648153305
ADAMTS10_RNA,0.061493344604969025
TNFAIP8L2_RNA,0.0614534392952919
RFX4_RNA,0.06144658103585243
MICALL2_RNA,0.06137489154934883
DDX24_RNA,0.06129990145564079
RABGAP1_RNA,0.061271946877241135
AHCY_RNA,0.06122017279267311
LMAN2L_RNA,0.061150457710027695
TNFSF12_RNA,0.06099632754921913
TMEM164_RNA,0.060979150235652924
LRIG1_RNA,0.060950785875320435
KIF7_RNA,0.06081882864236832
CHD8_RNA,0.060787562280893326
MTHFD1_RNA,0.060774125158786774
TEAD2_RNA,0.06075403839349747
SELPLG_RNA,0.06073960289359093
DIS3L_RNA,0.060654278844594955
INPP5D_RNA,0.060639746487140656
LDB1_RNA,0.060627084225416183
URGCP_RNA,0.06055109575390816
TINF2_RNA,0.060515131801366806
TUBGCP4_RNA,0.06049514561891556
ZC3HC1_RNA,0.06047910451889038
CNNM4_RNA,0.06041623651981354
PPP1R3E_RNA,0.06040937453508377
SARNP_RNA,0.06038322299718857
CNTNAP1_RNA,0.06038271263241768
TBXAS1_RNA,0.06033012643456459
SH3RF1_RNA,0.06023837998509407
BTBD1_RNA,0.060155898332595825
BAHD1_RNA,0.06006608530879021
PPM1L_RNA,0.060046371072530746
ZNF609_RNA,0.060039982199668884
IFI27L2_RNA,0.06003386899828911
M6PR_RNA,0.05989185720682144
SASH3_RNA,0.059839051216840744
GABARAPL1_RNA,0.05968885496258736
LILRB4_RNA,0.05966883897781372
EDNRB_RNA,0.05958050861954689
SCAMP2_RNA,0.05940224230289459
VAPB_RNA,0.059375401586294174
PINK1_RNA,0.05934955179691315
EEF1B2_RNA,0.05931296572089195
DHX35_RNA,0.05930986627936363
FGF17_RNA,0.05922989547252655
PROX2_RNA,0.05919488146901131
GLYCTK_RNA,0.05917804315686226
CDC42BPB_RNA,0.05910492688417435
PRKD3_RNA,0.05909973010420799
SMAD3_RNA,0.05906021595001221
CDC42EP4_RNA,0.05904216691851616
AASS_RNA,0.05902963876724243
VAV2_RNA,0.05899026617407799
CALM1_RNA,0.05888622999191284
PSEN1_RNA,0.058846671134233475
SCN1B_RNA,0.05880602076649666
SETD3_RNA,0.05874454230070114
SDSL_RNA,0.058580540120601654
RGS10_RNA,0.058580245822668076
UBL7_RNA,0.05854837968945503
AVEN_RNA,0.058543652296066284
SPEG_RNA,0.058514486998319626
ALKBH1_RNA,0.05847443267703056
PEA15_RNA,0.05847341939806938
ZNF414_RNA,0.058468401432037354
GDAP1_RNA,0.058391958475112915
SEC11A_RNA,0.05830271169543266
CASKIN2_RNA,0.05829073488712311
RPS29_RNA,0.05825500562787056
ZNF425_RNA,0.058250363916158676
CCDC136_RNA,0.05824774131178856
SLC26A1_RNA,0.05812368541955948
VRK1_RNA,0.05810598284006119
TJP1_RNA,0.05809250473976135
MAN2A2_RNA,0.05806976184248924
ALDH6A1_RNA,0.058065738528966904
NEK1_RNA,0.05805101618170738
PLB1_RNA,0.058034222573041916
SOS2_RNA,0.05793917551636696
L2HGDH_RNA,0.05788598209619522
TMEM63A_RNA,0.05783786624670029
HEATR5A_RNA,0.05783459171652794
BIN2_RNA,0.05783381313085556
ZC3H14_RNA,0.05779150128364563
INO80_RNA,0.05777594819664955
LIMCH1_RNA,0.0577581487596035
ZNF763_RNA,0.057724811136722565
SLC44A2_RNA,0.05771332234144211
CLIP2_RNA,0.05760863050818443
DYNC1H1_RNA,0.0575689934194088
FAF1_RNA,0.05752411484718323
PARD3B_RNA,0.05748765543103218
GLUD1_RNA,0.05745595693588257
ACVR2B_RNA,0.057351209223270416
ZNF839_RNA,0.05733354389667511
PLXDC2_RNA,0.0571502223610878
FBXO34_RNA,0.05713746324181557
RBM23_RNA,0.05711320787668228
SALL1_RNA,0.057025711983442307
DLG5_RNA,0.05697261542081833
WDR48_RNA,0.05695623531937599
TMC6_RNA,0.05695394426584244
TGFBR2_RNA,0.05693231523036957
NCKAP1L_RNA,0.05691137909889221
BRMS1L_RNA,0.05671161040663719
NRSN2_RNA,0.056677285581827164
FCGRT_RNA,0.05665288865566254
RHOBTB3_RNA,0.056439418345689774
TNIP2_RNA,0.05643779784440994
CBFA2T3_RNA,0.05642500892281532
TLR7_RNA,0.056359559297561646
RNF111_RNA,0.0563555583357811
UBR7_RNA,0.05635201930999756
MED27_RNA,0.056331224739551544
ARL5C_RNA,0.05628272891044617
EIF5_RNA,0.05619701370596886
NEDD8_RNA,0.056184105575084686
WDR37_RNA,0.05614892765879631
PTAFR_RNA,0.05611967295408249
CDS2_RNA,0.05611090734601021
WDR7_RNA,0.05610247328877449
AKT1_RNA,0.05607868358492851
UBA7_RNA,0.05606212839484215
HIP1_RNA,0.056044869124889374
TRAPPC6A_RNA,0.05599740147590637
DOCK2_RNA,0.05599115043878555
THTPA_RNA,0.055914849042892456
NPAS3_RNA,0.05588209256529808
ANP32A_RNA,0.055845193564891815
ATP8B4_RNA,0.055817075073719025
BBOX1_RNA,0.0557527095079422
ZSCAN29_RNA,0.05566008388996124
SLC4A2_RNA,0.05562414973974228
SLC25A12_RNA,0.055618710815906525
RASAL3_RNA,0.05560387298464775
SMARCD3_RNA,0.05557366460561752
RPSA_RNA,0.05556012690067291
MOCS2_RNA,0.05554315075278282
ARNT2_RNA,0.05554015934467316
PPP2R5A_RNA,0.0555187352001667
BTBD7_RNA,0.055509794503450394
RGS12_RNA,0.05544804036617279
TRMT5_RNA,0.05539371073246002
FOXJ2_RNA,0.05532582849264145
NPC2_RNA,0.05527373403310776
ADCK1_RNA,0.055270418524742126
IGDCC4_RNA,0.05521779879927635
HLA-DMB_RNA,0.05521461367607117
ADD1_RNA,0.05513394623994827
VAMP1_RNA,0.055017873644828796
TGIF2_RNA,0.054990608245134354
GRIN2D_RNA,0.05494966357946396
ADRA1D_RNA,0.05486049875617027
GALNT4_RNA,0.05484337359666824
LZTS2_RNA,0.054826799780130386
AKAP13_RNA,0.054808031767606735
METTL8_RNA,0.054727524518966675
ERCC2_RNA,0.05472366511821747
SYPL2_RNA,0.05468137934803963
USP8_RNA,0.054657090455293655
FBXL14_RNA,0.05465296283364296
BEND6_RNA,0.05456845834851265
ASB3_RNA,0.05452665314078331
SPG11_RNA,0.054473984986543655
FOXP4_RNA,0.054446808993816376
PRKD1_RNA,0.05442406237125397
HLA-DMA_RNA,0.05437357351183891
EPS15L1_RNA,0.05436250567436218
NTRK3_RNA,0.05435463413596153
FKBP3_RNA,0.05428578704595566
TAS2R5_RNA,0.054277077317237854
EML3_RNA,0.05424768477678299
COQ6_RNA,0.054235514253377914
APH1B_RNA,0.05421934276819229
ZNF219_RNA,0.054217927157878876
CRTC3_RNA,0.05421781167387962
HLA-DOA_RNA,0.054179657250642776
CIDEA_RNA,0.05413069948554039
IVD_RNA,0.0540965273976326
AIF1_RNA,0.05407552048563957
PIK3R1_RNA,0.0540279895067215
MFAP1_RNA,0.054018884897232056
NUMBL_RNA,0.0539863295853138
TECPR2_RNA,0.053979162126779556
DUSP22_RNA,0.05395334213972092
KANK2_RNA,0.05393674224615097
C1QTNF5_RNA,0.053928058594465256
ARID4A_RNA,0.05388028547167778
HOMER2_RNA,0.05386355146765709
STARD7_RNA,0.05384155735373497
TMEM131_RNA,0.053825002163648605
TAX1BP1_RNA,0.05381326377391815
PTK2_RNA,0.05381324514746666
SUPT7L_RNA,0.053798969835042953
BRD3_RNA,0.05375952273607254
AKAP6_RNA,0.05373276397585869
PLCB2_RNA,0.053730905055999756
GATAD1_RNA,0.053697794675827026
PARS2_RNA,0.05366060882806778
TRIM69_RNA,0.05365118011832237
SLCO2B1_RNA,0.05359181761741638
GYPA_RNA,0.0535878911614418
LRRK1_RNA,0.05357295274734497
MAP7_RNA,0.053566280752420425
ST8SIA1_RNA,0.053514763712882996
UBR5_RNA,0.05351237207651138
WDFY4_RNA,0.05349327623844147
ACYP2_RNA,0.05348284915089607
PAAF1_RNA,0.053368572145700455
PCDHB9_RNA,0.05331128090620041
EXOC7_RNA,0.05330207198858261
CLCN6_RNA,0.05326305329799652
PTPN21_RNA,0.05324368178844452
EXTL3_RNA,0.053143709897994995
GHRL_RNA,0.053088605403900146
P2RY13_RNA,0.053084224462509155
SYNJ2BP_RNA,0.05307372659444809
CLPX_RNA,0.05306922644376755
ATP6V1F_RNA,0.05303206294775009
TYRO3_RNA,0.05303077772259712
MCC_RNA,0.05292287468910217
SUSD3_RNA,0.05289854109287262
ANGEL1_RNA,0.05287198722362518
CYP26C1_RNA,0.052861396223306656
ZMYND11_RNA,0.05283662676811218
ZNF384_RNA,0.052808940410614014
EVL_RNA,0.05280844867229462
TBC1D22B_RNA,0.052776921540498734
FRY_RNA,0.0527610145509243
CTSF_RNA,0.05263359472155571
SCFD1_RNA,0.05259306728839874
HLA-DPA1_RNA,0.05254595726728439
ESRRB_RNA,0.05249202996492386
RASGRF2_RNA,0.05242887884378433
VAV1_RNA,0.0524241179227829
IPO5_RNA,0.05242123454809189
NRARP_RNA,0.052383359521627426
NPDC1_RNA,0.05233466625213623
EEPD1_RNA,0.05232268571853638
ADPGK_RNA,0.05225497484207153
ZNF710_RNA,0.05223226174712181
MAPKBP1_RNA,0.05222802236676216
CHST12_RNA,0.052178043872117996
MYO6_RNA,0.05211351439356804
MARK4_RNA,0.0520680695772171
GABARAPL3_RNA,0.05206434428691864
CCDC85C_RNA,0.05203035846352577
ZBTB4_RNA,0.05202917009592056
AUTS2_RNA,0.05197664722800255
STRN3_RNA,0.051953330636024475
C17orf99_RNA,0.05193115398287773
PNPLA6_RNA,0.05190397799015045
PKIG_RNA,0.05189211666584015
PROM2_RNA,0.05187349393963814
CASP1_RNA,0.05185273289680481
PCDHB10_RNA,0.05176510289311409
DCAF5_RNA,0.0517507903277874
FEM1A_RNA,0.05172337591648102
MEX3C_RNA,0.051707878708839417
UBE2H_RNA,0.05168716236948967
CEACAM21_RNA,0.05166943371295929
LRRC8A_RNA,0.051637519150972366
LUZP1_RNA,0.05163004621863365
KIAA0586_RNA,0.051607292145490646
GPR45_RNA,0.051593758165836334
MEF2C_RNA,0.051539480686187744
SNX33_RNA,0.051474060863256454
RAB3GAP1_RNA,0.051437828689813614
GTF2IRD1_RNA,0.05136626958847046
ZNF114_RNA,0.0513540618121624
SLC25A21_RNA,0.051316600292921066
APEX1_RNA,0.051314402371644974
HADHB_RNA,0.05120255798101425
DCTN1_RNA,0.05118889734148979
LMO2_RNA,0.0511862188577652
ZNF518A_RNA,0.05114535987377167
NDUFA9_RNA,0.05111139640212059
FFAR1_RNA,0.05109768733382225
RPS6KA4_RNA,0.05108729004859924
CDC34_RNA,0.05106261372566223
CCDC102A_RNA,0.05101831629872322
PITPNM2_RNA,0.0509180873632431
NUDT14_RNA,0.05088548734784126
FGF20_RNA,0.05086119472980499
OR2L8_RNA,0.05076928809285164
DPY19L1_RNA,0.05075281485915184
C4orf36_RNA,0.05072925612330437
PML_RNA,0.05067365616559982
PHF12_RNA,0.05065721273422241
PHKB_RNA,0.05063551291823387
FBXW4_RNA,0.0505155473947525
SLC35F2_RNA,0.05051327869296074
UROD_RNA,0.05046522244811058
DENND3_RNA,0.05045197159051895
SPATA13_RNA,0.05044228211045265
PSG8_RNA,0.050429243594408035
SFXN5_RNA,0.05042736232280731
MRPS5_RNA,0.050415389239788055
MRPL52_RNA,0.0504007413983345
FKRP_RNA,0.05039672181010246
DENND4B_RNA,0.05036687105894089
TGFB1_RNA,0.050349246710538864
LYL1_RNA,0.05033755302429199
CD99L2_RNA,0.05032991245388985
HLA-DRA_RNA,0.05032401904463768
ISCA2_RNA,0.050304073840379715
LEO1_RNA,0.05030220374464989
FOXN3_RNA,0.050246380269527435
NCK2_RNA,0.05016106367111206
GIMAP1_RNA,0.050158556550741196
DICER1_RNA,0.05015261098742485
ZNF521_RNA,0.05014890059828758
PHC1_RNA,0.05013870820403099
FGD2_RNA,0.05011385679244995
SDR39U1_RNA,0.0500950887799263
EZH1_RNA,0.05007791519165039
KDM5A_RNA,0.050030626356601715
CORO1A_RNA,0.05001246556639671
GIPR_RNA,0.049969837069511414
IGF1R_RNA,0.04994511604309082
MAX_RNA,0.04994286224246025
APBB1IP_RNA,0.049932267516851425
NEK9_RNA,0.04987630248069763
TSC1_RNA,0.04987072944641113
ADA_RNA,0.04985790327191353
TNFRSF1A_RNA,0.049841172993183136
KCNJ8_RNA,0.04976377263665199
HS6ST1_RNA,0.04973936080932617
SEL1L_RNA,0.04966987296938896
TRPM2_RNA,0.04965817555785179
CLCN3_RNA,0.04964930936694145
CRBN_RNA,0.04960545524954796
SHC2_RNA,0.049405936151742935
BTBD3_RNA,0.049405623227357864
MARK3_RNA,0.04937626048922539
NECAP1_RNA,0.04932098090648651
SCRN2_RNA,0.049273230135440826
CCDC154_RNA,0.04919694736599922
MTCH1_RNA,0.04919419810175896
GCDH_RNA,0.04910474643111229
ABI3_RNA,0.049063604325056076
PLCG2_RNA,0.04905899241566658
PIAS1_RNA,0.04905841127038002
PRKCE_RNA,0.049054618924856186
GIGYF1_RNA,0.049053534865379333
ZEB1_RNA,0.04903445392847061
THUMPD3_RNA,0.048965319991111755
PKN2_RNA,0.04892781004309654
ANAPC2_RNA,0.04891752451658249
ZER1_RNA,0.04889293760061264
MAN2A1_RNA,0.04882291331887245
MORC1_RNA,0.04874837026000023
DCP1B_RNA,0.048729583621025085
MASP1_RNA,0.04867980629205704
WDR20_RNA,0.04867487773299217
TSPAN5_RNA,0.0486605167388916
KALRN_RNA,0.048656050115823746
MIR124-2_RNA,0.048606179654598236
RNASE6_RNA,0.04856555536389351
C1QTNF9B_RNA,0.04855595529079437
BBS2_RNA,0.04854108765721321
SCAPER_RNA,0.04852632060647011
USP20_RNA,0.04850328713655472
ING4_RNA,0.04849637299776077
LRP1B_RNA,0.04849568381905556
ZCCHC24_RNA,0.04847974702715874
PCDH19_RNA,0.04847775027155876
NDP_RNA,0.04840363189578056
GOLGA5_RNA,0.04834476485848427
PXK_RNA,0.048341814428567886
NBAS_RNA,0.0483306385576725
MRPL4_RNA,0.048321500420570374
SETD5_RNA,0.04829828068614006
CX3CR1_RNA,0.0482647642493248
IL17RD_RNA,0.04824499785900116
ABHD4_RNA,0.048231881111860275
DENND5B_RNA,0.048217467963695526
CD53_RNA,0.048195239156484604
SLC25A23_RNA,0.048119399696588516
ITFG2_RNA,0.048078425228595734
ARRDC1_RNA,0.048076823353767395
LAT2_RNA,0.04799133911728859
PPP1R13B_RNA,0.0479772686958313
ABI1_RNA,0.04795977473258972
LRSAM1_RNA,0.04795148968696594
HMG20B_RNA,0.04793216660618782
C1RL_RNA,0.047894321382045746
ADAMTS13_RNA,0.0478888675570488
PNPT1_RNA,0.047870758920907974
TEX2_RNA,0.047863949090242386
IKZF4_RNA,0.047850172966718674
CYFIP1_RNA,0.04778386652469635
COPG2_RNA,0.04773138090968132
EXT1_RNA,0.047730207443237305
ZNF862_RNA,0.04766138270497322
RGS7BP_RNA,0.04759880527853966
UNC50_RNA,0.047559335827827454
MTMR14_RNA,0.047542721033096313
PEX5_RNA,0.04746351018548012
NEIL1_RNA,0.04741532355546951
PTPN6_RNA,0.047385044395923615
SLTM_RNA,0.04736413061618805
CTH_RNA,0.047359492629766464
REEP6_RNA,0.04735380411148071
EHMT2_RNA,0.04733039438724518
AKAP3_RNA,0.0472961962223053
RPS19_RNA,0.04728733375668526
ETV1_RNA,0.04724542051553726
DPP8_RNA,0.04723726958036423
STMN3_RNA,0.047235727310180664
PDE1B_RNA,0.0472041517496109
WIPI2_RNA,0.047197312116622925
MEGF9_RNA,0.04719420522451401
ZNF3_RNA,0.04715510830283165
NLK_RNA,0.047141171991825104
LRFN1_RNA,0.047137171030044556
NCF4_RNA,0.047120075672864914
USP50_RNA,0.0471171960234642
GAB2_RNA,0.04711473360657692
FAM78A_RNA,0.04709240049123764
SLC11A2_RNA,0.047088056802749634
WDFY3_RNA,0.04707719758152962
FMN2_RNA,0.047076351940631866
ORMDL3_RNA,0.04706782102584839
IL16_RNA,0.04704107344150543
MYH7B_RNA,0.04699638485908508
SMTNL1_RNA,0.04698710888624191
UBR1_RNA,0.04695409536361694
SOBP_RNA,0.04695300757884979
MOV10_RNA,0.046941351145505905
ASAP2_RNA,0.04693681746721268
TMEM174_RNA,0.04692999646067619
C19orf38_RNA,0.046876199543476105
USF2_RNA,0.046801891177892685
SH3YL1_RNA,0.04678384214639664
DOCK10_RNA,0.04677799716591835
ZMYND15_RNA,0.046758975833654404
TECPR1_RNA,0.04673604294657707
RASL11A_RNA,0.04672691971063614
CETP_RNA,0.04671779274940491
CDK5RAP2_RNA,0.04668610915541649
FRMD3_RNA,0.04667842015624046
SRI_RNA,0.0466642826795578
UBOX5_RNA,0.04661883786320686
WAS_RNA,0.046612903475761414
OR7D4_RNA,0.04659890756011009
ZNF496_RNA,0.046584464609622955
CD37_RNA,0.04656249284744263
TPST1_RNA,0.046561144292354584
CRTC1_RNA,0.04655948281288147
OGDH_RNA,0.046532973647117615
TRERF1_RNA,0.04653210565447807
ITCH_RNA,0.046529725193977356
PTCD1_RNA,0.046526871621608734
CCDC88B_RNA,0.04651963710784912
C16orf54_RNA,0.04650193080306053
LRRN3_RNA,0.046485785394907
CACHD1_RNA,0.04647250100970268
IRF8_RNA,0.04645907133817673
ACSS2_RNA,0.04636189341545105
DHTKD1_RNA,0.04633944854140282
BBX_RNA,0.04633443057537079
CNTN6_RNA,0.04632466658949852
ABCA1_RNA,0.046220894902944565
TGM1_RNA,0.04619518667459488
NME4_RNA,0.046186916530132294
TNPO2_RNA,0.04613626003265381
TSPAN10_RNA,0.04611627385020256
RGPD4_RNA,0.04610208049416542
ING5_RNA,0.046089641749858856
LFNG_RNA,0.04606560617685318
OSBPL3_RNA,0.04604676738381386
JAM3_RNA,0.04603102058172226
ANGPTL2_RNA,0.04601908102631569
KSR1_RNA,0.04598883166909218
CHURC1_RNA,0.045973874628543854
CDYL_RNA,0.04594637081027031
RNF180_RNA,0.04593132808804512
DYRK4_RNA,0.04592456296086311
IPO8_RNA,0.04591415077447891
C9orf85_RNA,0.045838598161935806
ITGAV_RNA,0.04578767716884613
OSBPL6_RNA,0.045762017369270325
MAT2A_RNA,0.04571397230029106
RNF20_RNA,0.045675430446863174
C1S_RNA,0.04567457363009453
ERAP1_RNA,0.0456247478723526
EFTUD2_RNA,0.04559646546840668
CHRD_RNA,0.045563530176877975
TCF7L1_RNA,0.04556141048669815
RPTOR_RNA,0.04552885890007019
TOB2_RNA,0.0455208420753479
PPT2_RNA,0.04551495611667633
NUB1_RNA,0.04551098123192787
RPRD1B_RNA,0.04549091309309006
STOML1_RNA,0.045472465455532074
DAND5_RNA,0.04546797275543213
HCK_RNA,0.045461591333150864
ANKRD40_RNA,0.04546137899160385
TAS2R4_RNA,0.045444387942552567
SIGLEC6_RNA,0.04544181004166603
NFE2L2_RNA,0.045428093522787094
EPHA4_RNA,0.045427966862916946
OSBPL1A_RNA,0.045421160757541656
HOOK2_RNA,0.045400120317935944
ADAMTSL2_RNA,0.0453755259513855
FGF1_RNA,0.0453508198261261
PDCD7_RNA,0.045319218188524246
ATP6V1G2_RNA,0.0452939011156559
DOLK_RNA,0.045276474207639694
CLMN_RNA,0.045265424996614456
RFXANK_RNA,0.04524998366832733
FZD2_RNA,0.04524366930127144
RALGDS_RNA,0.04522432014346123
THAP10_RNA,0.04520983621478081
EEF1A1_RNA,0.04512258991599083
ADD3_RNA,0.045090846717357635
DPY19L4_RNA,0.0450812466442585
DHRS2_RNA,0.04505816847085953
DENND2A_RNA,0.04501735791563988
SMO_RNA,0.04501212388277054
CHST7_RNA,0.04499362036585808
CPSF4_RNA,0.044990502297878265
NGDN_RNA,0.04498647153377533
PANX2_RNA,0.04497901722788811
SIX5_RNA,0.04495462030172348
DPF2_RNA,0.04491202533245087
ENTPD1_RNA,0.04488089308142662
FLG2_RNA,0.04485451802611351
LILRA2_RNA,0.044813159853219986
PLEKHM3_RNA,0.0448046438395977
EFHD1_RNA,0.04480463266372681
ZNF532_RNA,0.044795192778110504
TRPM6_RNA,0.044779837131500244
PPP4R4_RNA,0.044752731919288635
GPR78_RNA,0.04470936954021454
IKZF1_RNA,0.0446963831782341
CHST14_RNA,0.044675063341856
OSBPL7_RNA,0.04463488608598709
PREX1_RNA,0.04461042582988739
VPS52_RNA,0.04460993409156799
OR6B3_RNA,0.04457682743668556
LTC4S_RNA,0.044576626271009445
ZC3H4_RNA,0.04450920596718788
OAZ2_RNA,0.04448084533214569
RTTN_RNA,0.04447229951620102
TRAPPC5_RNA,0.04446609690785408
RASGRP1_RNA,0.044449582695961
CD274_RNA,0.04444677010178566
SIRPA_RNA,0.04444529116153717
CDAN1_RNA,0.0444282591342926
OSGEPL1_RNA,0.04441111534833908
PDE8B_RNA,0.044407106935977936
UBE3A_RNA,0.0443902425467968
MAP1A_RNA,0.04438844695687294
GTF3C2_RNA,0.04437205195426941
SORD_RNA,0.04434935376048088
SIN3A_RNA,0.04434017091989517
MAP2K1_RNA,0.044336844235658646
SETBP1_RNA,0.04433523863554001
ITPKB_RNA,0.044299133121967316
EPB41L5_RNA,0.0442981943488121
NR3C1_RNA,0.04420056939125061
DAGLB_RNA,0.04416458681225777
FCGR3A_RNA,0.044160034507513046
CTDSP1_RNA,0.044150207191705704
RAF1_RNA,0.044119786471128464
TACC1_RNA,0.04411069676280022
PIK3IP1_RNA,0.04405950754880905
TMEM147_RNA,0.044044893234968185
THADA_RNA,0.0440005362033844
NRL_RNA,0.044000424444675446
CD4_RNA,0.0439939945936203
HIPK4_RNA,0.043982334434986115
ELMO2_RNA,0.04395817965269089
D2HGDH_RNA,0.04395226761698723
TMEM86A_RNA,0.043911855667829514
CDH26_RNA,0.04390279948711395
MRPL46_RNA,0.043902698904275894
MEF2A_RNA,0.04387101158499718
CLNS1A_RNA,0.04386711120605469
WHAMM_RNA,0.0438651405274868
TBC1D17_RNA,0.0438527874648571
NDRG2_RNA,0.043848056346178055
GOLIM4_RNA,0.04384491220116615
XRCC3_RNA,0.043841347098350525
CD300LF_RNA,0.043831951916217804
FLVCR2_RNA,0.04382827505469322
ZFAND3_RNA,0.04382321983575821
CEBPA_RNA,0.04380776360630989
C1R_RNA,0.04378542676568031
FOXK1_RNA,0.04371367394924164
AHDC1_RNA,0.04370443522930145
VPS39_RNA,0.04369008168578148
SNORD115-14_RNA,0.04368673264980316
SAMD11_RNA,0.043666254729032516
BTBD9_RNA,0.043645959347486496
RAB2B_RNA,0.043613795191049576
RGS20_RNA,0.043575625866651535
IL15RA_RNA,0.043567121028900146
DHRS1_RNA,0.04355316609144211
MNAT1_RNA,0.04350584000349045
JAG2_RNA,0.04349591210484505
ULK3_RNA,0.043489862233400345
DBNL_RNA,0.04348854348063469
ABCB7_RNA,0.04347485303878784
GAMT_RNA,0.04345853254199028
ARHGAP9_RNA,0.04341719299554825
CLEC9A_RNA,0.04340243339538574
CSK_RNA,0.04338923469185829
GSC_RNA,0.04338163509964943
TTC5_RNA,0.043369095772504807
MOSPD3_RNA,0.04334023967385292
RFFL_RNA,0.043328166007995605
LPCAT4_RNA,0.04332776367664337
SPATA2_RNA,0.0433058887720108
YWHAB_RNA,0.04325927793979645
MAP4K4_RNA,0.04325506463646889
ATG2B_RNA,0.04324324056506157
CHST10_RNA,0.04322822391986847
HERC6_RNA,0.043122727423906326
PTPRS_RNA,0.04309370368719101
BCL2L1_RNA,0.04307796433568001
SPG21_RNA,0.04305100068449974
RPLP0_RNA,0.043041352182626724
ZNF827_RNA,0.04301809147000313
SULT1C4_RNA,0.04301474243402481
ZNF503_RNA,0.042971305549144745
KIF1B_RNA,0.04295690357685089
GLG1_RNA,0.042954571545124054
BTBD2_RNA,0.04294082894921303
FGF23_RNA,0.04290808364748955
JMJD7-PLA2G4B_RNA,0.042880598455667496
PEX11B_RNA,0.042857155203819275
TFDP2_RNA,0.042850106954574585
RAMP1_RNA,0.042848359793424606
AKAP7_RNA,0.04275967925786972
GTF2I_RNA,0.04275466129183769
ALAD_RNA,0.04272846505045891
EAPP_RNA,0.042648881673812866
DOK7_RNA,0.042644158005714417
ZNF689_RNA,0.04261144995689392
NEO1_RNA,0.04260702803730965
STON2_RNA,0.0426056832075119
PRKD2_RNA,0.04257522523403168
ZNF234_RNA,0.042563363909721375
ZSCAN2_RNA,0.04256076365709305
LARP6_RNA,0.042513538151979446
CREM_RNA,0.04250644892454147
DNAH1_RNA,0.04250044375658035
ALKBH4_RNA,0.04248728230595589
ZNF582_RNA,0.04247143492102623
MBNL2_RNA,0.042435240000486374
POFUT1_RNA,0.042429663240909576
SYMPK_RNA,0.042422935366630554
RGMA_RNA,0.04241824895143509
LRRC4B_RNA,0.04241577535867691
SORBS3_RNA,0.04237327352166176
CLEC4A_RNA,0.04234421253204346
CARD9_RNA,0.04232882708311081
DOCK8_RNA,0.04229695722460747
PEX19_RNA,0.042293645441532135
GRHL3_RNA,0.04228467494249344
POU4F3_RNA,0.04227977618575096
ASPSCR1_RNA,0.0422484427690506
KIF1C_RNA,0.042224012315273285
FKBP8_RNA,0.042180512100458145
CX3CL1_RNA,0.04215369373559952
S1PR1_RNA,0.042146895080804825
TGFBRAP1_RNA,0.04212797060608864
TM6SF1_RNA,0.0421089343726635
IFFO1_RNA,0.04208409786224365
MYBPC2_RNA,0.04206779971718788
CHD4_RNA,0.04206174984574318
MAN2B2_RNA,0.042040079832077026
FCF1_RNA,0.04201299697160721
OR2B11_RNA,0.04198329523205757
WASF3_RNA,0.04197774454951286
CCND2_RNA,0.04195290058851242
ANKFN1_RNA,0.04193813353776932
THRA_RNA,0.04192464053630829
ENDOD1_RNA,0.04190521314740181
TSSK4_RNA,0.04188046604394913
QDPR_RNA,0.04180406406521797
TDP1_RNA,0.04177973046898842
ZNF792_RNA,0.041766565293073654
ZFYVE28_RNA,0.04174710437655449
IFIT2_RNA,0.04172296077013016
PARVG_RNA,0.041717059910297394
LRP3_RNA,0.0416884645819664
RPL7A_RNA,0.04168037325143814
POGZ_RNA,0.041672900319099426
CIZ1_RNA,0.04167230799794197
NCOA6_RNA,0.04160841181874275
PFKFB3_RNA,0.041600003838539124
EIF2B2_RNA,0.04159577935934067
DENND4A_RNA,0.041579943150281906
ATG4B_RNA,0.04156990349292755
ALDH4A1_RNA,0.0415596105158329
SPNS3_RNA,0.04155254364013672
MOCS3_RNA,0.041548337787389755
FAM120C_RNA,0.04154667258262634
TMC7_RNA,0.041534122079610825
CLN6_RNA,0.04147293418645859
TYW1_RNA,0.041470717638731
PLD4_RNA,0.04145531728863716
RCBTB2_RNA,0.04144787788391113
CYP3A43_RNA,0.04142029583454132
NTNG2_RNA,0.04140874743461609
GLB1_RNA,0.04140740633010864
ZNF572_RNA,0.04140087589621544
BARD1_RNA,0.04140015318989754
STAT5B_RNA,0.0413794182240963
PCDHGB4_RNA,0.04136332869529724
CRY1_RNA,0.041346997022628784
SAMD9L_RNA,0.04126473516225815
PLCXD3_RNA,0.04120992496609688
ADAM22_RNA,0.04115673154592514
RNF19B_RNA,0.04114721715450287
SIGLEC8_RNA,0.041088055819272995
MLH3_RNA,0.04108657315373421
DEF6_RNA,0.0410105437040329
EPOR_RNA,0.04099707305431366
BAZ1A_RNA,0.04099578410387039
OR1F1_RNA,0.040987540036439896
CIITA_RNA,0.04098726063966751
FKBP15_RNA,0.040964484214782715
SMAD9_RNA,0.04095818102359772
AHCYL2_RNA,0.04095189645886421
WASL_RNA,0.04092477634549141
RPL22_RNA,0.04091956466436386
ANKFY1_RNA,0.040892377495765686
CCDC80_RNA,0.0408889576792717
TCAP_RNA,0.040882162749767303
NEIL2_RNA,0.04086245968937874
TM9SF4_RNA,0.04086153954267502
STAU2_RNA,0.040858566761016846
PGA3_RNA,0.04082150757312775
MAN1C1_RNA,0.04075414687395096
MBOAT2_RNA,0.04075050354003906
MIR548N_RNA,0.040741998702287674
MN1_RNA,0.04073713347315788
SNX5_RNA,0.04073069617152214
PAQR8_RNA,0.04072687774896622
SNORA70C_RNA,0.040713049471378326
AHSA1_RNA,0.0406733974814415
TRIM9_RNA,0.040668945759534836
AOAH_RNA,0.04065927490592003
PROX1_RNA,0.040617309510707855
PDLIM2_RNA,0.040607377886772156
HMBOX1_RNA,0.04057880491018295
MBIP_RNA,0.04057038575410843
ZBTB42_RNA,0.04056703671813011
FRYL_RNA,0.04056573659181595
CXCL16_RNA,0.04053425043821335
ZIC5_RNA,0.040524017065763474
PCIF1_RNA,0.04052075743675232
CASS4_RNA,0.04049970209598541
RAB20_RNA,0.04048915579915047
USP21_RNA,0.04046410322189331
ABCB1_RNA,0.040461502969264984
TP53BP1_RNA,0.04044360667467117
ALPK1_RNA,0.040417540818452835
ZIC2_RNA,0.04033332318067551
FAT3_RNA,0.04029688611626625
PLA2G4C_RNA,0.04027172923088074
PTK6_RNA,0.04025880992412567
RGS19_RNA,0.04024767130613327
IL9_RNA,0.04019831120967865
NOX5_RNA,0.04016651213169098
IQCJ_RNA,0.04016491025686264
SLC29A3_RNA,0.04015680029988289
ADAR_RNA,0.040125180035829544
ENTPD6_RNA,0.04011596366763115
ZNF358_RNA,0.04010318964719772
PGS1_RNA,0.040099333971738815
POMT1_RNA,0.04009687528014183
GNPDA1_RNA,0.04003076255321503
HABP4_RNA,0.040014732629060745
PTPN9_RNA,0.0400012768805027
MIA2_RNA,0.03998834639787674
EXD2_RNA,0.0399821475148201
SIK3_RNA,0.039954863488674164
LNPEP_RNA,0.03993939235806465
HTT_RNA,0.03993638604879379
RPL37A_RNA,0.03988989442586899
NEUROG3_RNA,0.03988400474190712
GPR75_RNA,0.03988339379429817
IFI27L1_RNA,0.03988125920295715
DGKQ_RNA,0.03987783566117287
ZNF853_RNA,0.03983805328607559
ZNF599_RNA,0.039813537150621414
ITM2B_RNA,0.03979495167732239
TBC1D4_RNA,0.03975433483719826
ATF6B_RNA,0.039754003286361694
UBR2_RNA,0.03974571079015732
ANKRD10_RNA,0.03971324861049652
PRRT3_RNA,0.0397062785923481
NBEA_RNA,0.039696332067251205
ASCL4_RNA,0.03968276455998421
ZNF100_RNA,0.03964513912796974
ADAM28_RNA,0.03963536396622658
KIF13B_RNA,0.039610229432582855
PWWP2B_RNA,0.039602674543857574
CACNA1I_RNA,0.03959781304001808
MANBAL_RNA,0.0395975187420845
ZNFX1_RNA,0.039586689323186874
DBP_RNA,0.03958066552877426
PIGG_RNA,0.03956553339958191
PARP2_RNA,0.0395585373044014
NLN_RNA,0.03955297917127609
ITGA2B_RNA,0.03953425586223602
GAS1_RNA,0.039531905204057693
CUL4A_RNA,0.03948551416397095
GIMAP4_RNA,0.03947322443127632
DACT3_RNA,0.03941440209746361
CASP6_RNA,0.03941095247864723
MIR1249_RNA,0.03939845785498619
EPS15_RNA,0.03937587887048721
GPR173_RNA,0.03937307000160217
SORCS2_RNA,0.03936494141817093
SLC14A2_RNA,0.03932925686240196
ADRB2_RNA,0.03931964561343193
SH3BP1_RNA,0.03930268436670303
PARP4_RNA,0.03929312899708748
HTR1E_RNA,0.03929201886057854
FAHD2A_RNA,0.03928663954138756
ZFAND6_RNA,0.03928600624203682
AGMAT_RNA,0.039238087832927704
ELP3_RNA,0.03916637971997261
MAPRE2_RNA,0.03913643956184387
GIGYF2_RNA,0.03912733495235443
NECAB3_RNA,0.03912195935845375
CHCHD7_RNA,0.039099279791116714
STRN4_RNA,0.03909926861524582
PBX2_RNA,0.039091721177101135
EEF2_RNA,0.03908408433198929
USP53_RNA,0.03907357528805733
CD33_RNA,0.0390719510614872
RPUSD3_RNA,0.03905656188726425
IGSF6_RNA,0.03904702514410019
TAF4_RNA,0.039037249982357025
MIR93_RNA,0.03899497166275978
LGMN_RNA,0.03899397701025009
RAB40B_RNA,0.038984514772892
HAGHL_RNA,0.038983721286058426
C3_RNA,0.03898101672530174
SNW1_RNA,0.03897367790341377
CDH24_RNA,0.038967911154031754
RBM17_RNA,0.03892425820231438
VARS2_RNA,0.03888314589858055
PIWIL3_RNA,0.03886847943067551
C15orf40_RNA,0.038857389241456985
LEFTY2_RNA,0.038820911198854446
RPL32_RNA,0.03881298378109932
AKAP10_RNA,0.03880000486969948
TBRG4_RNA,0.038794487714767456
CCNK_RNA,0.038772713392972946
NAA30_RNA,0.03875557705760002
NAPEPLD_RNA,0.038745153695344925
RAD52_RNA,0.03873211517930031
SLC12A6_RNA,0.038709431886672974
PGBD4_RNA,0.038706690073013306
C19orf44_RNA,0.03869972750544548
BRAF_RNA,0.038688573986291885
PPP3CA_RNA,0.03868771716952324
PCDH18_RNA,0.03868678957223892
DUSP16_RNA,0.03866615518927574
ZNF619_RNA,0.03865896537899971
MAPK1_RNA,0.03865440934896469
UBAC1_RNA,0.038618821650743484
EMG1_RNA,0.03861130401492119
ABCA2_RNA,0.03861118108034134
LCNL1_RNA,0.03860599547624588
OR10Q1_RNA,0.03859799727797508
PSME1_RNA,0.03858940303325653
ZNF680_RNA,0.03857769817113876
PLEKHM2_RNA,0.03857136517763138
KIAA0408_RNA,0.038570959120988846
CMKLR1_RNA,0.03856492415070534
ZBTB32_RNA,0.03855406120419502
ZNF441_RNA,0.03854474425315857
CSF3R_RNA,0.03852906823158264
CAMK2B_RNA,0.03851012885570526
SETMAR_RNA,0.03849463909864426
KCNK13_RNA,0.03846009448170662
ASAH1_RNA,0.0384599007666111
INTS3_RNA,0.038413189351558685
CYBA_RNA,0.038407448679208755
RPS28_RNA,0.03839528560638428
WNT9B_RNA,0.03839515894651413
GALNT2_RNA,0.03838673606514931
UNC93B1_RNA,0.03834865242242813
RABL3_RNA,0.03834708407521248
CLASP1_RNA,0.03834374621510506
PPIF_RNA,0.03831811249256134
PCSK5_RNA,0.03830282390117645
ZNF436_RNA,0.03828037157654762
CELP_RNA,0.038252200931310654
TSKU_RNA,0.03822820261120796
CUL1_RNA,0.03822564706206322
FARP1_RNA,0.03822401538491249
NUP214_RNA,0.038215868175029755
EXOC6B_RNA,0.038215212523937225
CNOT4_RNA,0.03820689767599106
SORL1_RNA,0.038201868534088135
EPHX1_RNA,0.0381668321788311
ADAMTS6_RNA,0.038148071616888046
UHRF1_RNA,0.0381176620721817
RGL2_RNA,0.03807071968913078
APOE_RNA,0.03806263953447342
RPS11_RNA,0.03805597126483917
SLC23A2_RNA,0.03805576637387276
MAGEC3_RNA,0.038032032549381256
TMEM109_RNA,0.03801857680082321
SCAMP4_RNA,0.038016822189092636
MGAT2_RNA,0.03800451010465622
PRR12_RNA,0.03800215944647789
CDH17_RNA,0.037956200540065765
PRR19_RNA,0.03794252127408981
ASAP1_RNA,0.03794161230325699
TXNDC16_RNA,0.037933554500341415
SNAI3_RNA,0.03791384771466255
PNN_RNA,0.03790060058236122
RNF208_RNA,0.03788536414504051
LPO_RNA,0.03788428753614426
UNKL_RNA,0.037860456854104996
PRAM1_RNA,0.03785315528512001
NUCB1_RNA,0.037850864231586456
TIA1_RNA,0.037832293659448624
IRF5_RNA,0.037830524146556854
IGFALS_RNA,0.037810225039720535
FMNL2_RNA,0.03779992833733559
PLEKHO2_RNA,0.03777444362640381
ZKSCAN5_RNA,0.03777201101183891
HAVCR2_RNA,0.037767961621284485
IKBKB_RNA,0.03776570409536362
P2RY12_RNA,0.037745505571365356
FGF2_RNA,0.03772798925638199
CACNB4_RNA,0.03770109638571739
PIGK_RNA,0.037693969905376434
ANKRD17_RNA,0.03767925500869751
TANK_RNA,0.0376613549888134
TMEM156_RNA,0.0376485139131546
FNBP1_RNA,0.03761136904358864
ZNF227_RNA,0.03759679198265076
PLEKHG2_RNA,0.03759198263287544
C16orf78_RNA,0.037591639906167984
SERPINB2_RNA,0.03758552670478821
ZNF490_RNA,0.03757698833942413
SOCS6_RNA,0.03754674270749092
ASH1L_RNA,0.037541817873716354
MAP3K5_RNA,0.037535879760980606
TRAF3IP3_RNA,0.03752122074365616
UBE2L6_RNA,0.03750331327319145
MAML2_RNA,0.037497445940971375
CHST15_RNA,0.03749418258666992
FURIN_RNA,0.037479571998119354
RAB37_RNA,0.03745320066809654
CD59_RNA,0.037439364939928055
ADAM23_RNA,0.03739040717482567
SCARA3_RNA,0.03737297281622887
PITPNC1_RNA,0.0373675674200058
FN3KRP_RNA,0.03736114874482155
RTF1_RNA,0.03734993562102318
VPS18_RNA,0.03734550625085831
NPTN_RNA,0.03732811287045479
RNF216_RNA,0.03732401505112648
POLRMT_RNA,0.03732147812843323
JMY_RNA,0.03730921074748039
TAF7_RNA,0.03730860352516174
SPIRE1_RNA,0.03730360418558121
CMA1_RNA,0.03729374334216118
C1QC_RNA,0.037219371646642685
SDHAF1_RNA,0.03721453249454498
FAM168A_RNA,0.03721218183636665
MIR556_RNA,0.03720938414335251
PRNP_RNA,0.03719961270689964
BRPF3_RNA,0.03719910606741905
MED12L_RNA,0.03719423711299896
HEXA_RNA,0.037192389369010925
ARHGEF7_RNA,0.0371895469725132
MRPS2_RNA,0.0371708907186985
PELI3_RNA,0.03717072680592537
PIK3C3_RNA,0.0371425598859787
TMCO4_RNA,0.037137147039175034
STX16_RNA,0.03712870925664902
GRAMD1B_RNA,0.03712277486920357
BTBD6_RNA,0.037122588604688644
HSPA1L_RNA,0.03711181879043579
C20orf202_RNA,0.03710213676095009
NFE2L1_RNA,0.03709845617413521
MIR2278_RNA,0.03706125169992447
IL18BP_RNA,0.03705702722072601
DENND1C_RNA,0.03705545514822006
SEMA6B_RNA,0.03704792633652687
NIN_RNA,0.03704066574573517
ATAD2B_RNA,0.037035394459962845
CNKSR1_RNA,0.03703474998474121
SLC28A2_RNA,0.03702429682016373
EHMT1_RNA,0.03702084720134735
NCOR1_RNA,0.03700331598520279
CCR1_RNA,0.03699582442641258
NR1D2_RNA,0.036982495337724686
SEPHS1_RNA,0.036979470402002335
DCAF17_RNA,0.0369676910340786
TSPAN6_RNA,0.03696582093834877
PDS5B_RNA,0.03692851588129997
ZNRF3_RNA,0.036914125084877014
PARP9_RNA,0.036910586059093475
SUOX_RNA,0.036875348538160324
DST_RNA,0.03686395660042763
SRBD1_RNA,0.03682338073849678
KCNMB4_RNA,0.03681853413581848
FBXO36_RNA,0.036816686391830444
CINP_RNA,0.03677569329738617
SNX32_RNA,0.03676961362361908
SLC4A1AP_RNA,0.036762140691280365
EEF2K_RNA,0.03674377501010895
PTTG1IP_RNA,0.03668656945228577
MAST4_RNA,0.03668098896741867
RPL7_RNA,0.03667604550719261
HERC1_RNA,0.0366642139852047
CHPF2_RNA,0.03665713593363762
IL10RA_RNA,0.03664228692650795
YIPF1_RNA,0.03661282733082771
SPHK2_RNA,0.036578234285116196
ASAP3_RNA,0.03656811639666557
ACBD5_RNA,0.036538016051054
RASL10B_RNA,0.03650936856865883
MAP4_RNA,0.036503519862890244
POLD2_RNA,0.03650194779038429
ARL2_RNA,0.0364287830889225
DDX60_RNA,0.03637414798140526
ZNF236_RNA,0.036362092941999435
PLAGL2_RNA,0.03636067733168602
OGG1_RNA,0.03632049635052681
RPL10_RNA,0.036318689584732056
MVP_RNA,0.03628474101424217
KCP_RNA,0.03627927601337433
TGFB3_RNA,0.03625562787055969
DYNC1LI2_RNA,0.03625334054231644
OR3A1_RNA,0.03624109551310539
UBA2_RNA,0.03623761981725693
EFHD2_RNA,0.0361730195581913
MAPKAP1_RNA,0.03617245703935623
FLI1_RNA,0.03615210950374603
PRDM16_RNA,0.036139748990535736
CDK3_RNA,0.03612866625189781
CELSR2_RNA,0.03608579933643341
SAV1_RNA,0.036078907549381256
COX5A_RNA,0.036076392978429794
UBXN8_RNA,0.036066848784685135
RPUSD2_RNA,0.036052998155355453
TLR5_RNA,0.03604576736688614
ENGASE_RNA,0.03602796420454979
LOC100130691_RNA,0.03601684421300888
RSF1_RNA,0.03601671755313873
JMJD1C_RNA,0.035996515303850174
MLXIPL_RNA,0.03599117323756218
CRLS1_RNA,0.03598041087388992
PARD3_RNA,0.03597499802708626
UBE2E1_RNA,0.035956475883722305
ALKBH8_RNA,0.03594900295138359
STARD13_RNA,0.035941965878009796
CAMK2D_RNA,0.035929616540670395
ABI2_RNA,0.03592682629823685
HLF_RNA,0.03591703996062279
PUM1_RNA,0.03591557964682579
CACNG6_RNA,0.03588765487074852
DHX57_RNA,0.035884782671928406
IFIT3_RNA,0.035880543291568756
A2M_RNA,0.035866331309080124
MRPL33_RNA,0.03585149720311165
SPP2_RNA,0.03584684431552887
HBP1_RNA,0.03584617003798485
CAPN3_RNA,0.035843104124069214
DOCK1_RNA,0.03584134951233864
SYCP2L_RNA,0.03582696244120598
PTGES2_RNA,0.0358261838555336
BID_RNA,0.035785011947155
CSNK2A1_RNA,0.035775862634181976
ARHGEF2_RNA,0.035766150802373886
BTK_RNA,0.03575717657804489
MCCC2_RNA,0.03574180230498314
DTNA_RNA,0.03573586791753769
ASB13_RNA,0.035730667412281036
GTPBP10_RNA,0.035714004188776016
BAG5_RNA,0.03571190685033798
ST6GALNAC3_RNA,0.03571143001317978
AGRN_RNA,0.035701312124729156
CTPS2_RNA,0.035696037113666534
IRF9_RNA,0.03569311276078224
MGST2_RNA,0.035663802176713943
MKRN2_RNA,0.03563445433974266
PHF19_RNA,0.03563006967306137
TSPAN3_RNA,0.03562578186392784
TINAG_RNA,0.03557717055082321
RPS3_RNA,0.03557324409484863
NDUFA10_RNA,0.03555375710129738
DNAJC5G_RNA,0.0355474129319191
MIR191_RNA,0.03554622456431389
SYCE1_RNA,0.035536326467990875
GNPTG_RNA,0.03552742674946785
EMX1_RNA,0.03551904857158661
TMEM198_RNA,0.035509344190359116
ZFYVE21_RNA,0.03549512103199959
DOCK7_RNA,0.03549445420503616
BTN3A3_RNA,0.035459328442811966
TRIM27_RNA,0.03545251116156578
LRFN3_RNA,0.035429440438747406
TMEM217_RNA,0.035412855446338654
SIVA1_RNA,0.035394806414842606
C3AR1_RNA,0.03539012745022774
ZNF442_RNA,0.035378389060497284
LRCH4_RNA,0.03537482023239136
MAPK6_RNA,0.03537054359912872
SNCA_RNA,0.035353098064661026
IGDCC3_RNA,0.03534210845828056
SERPINI1_RNA,0.035320572555065155
SCAMP5_RNA,0.03532056137919426
ANTXR1_RNA,0.03529392555356026
PPP2R3C_RNA,0.03527381271123886
DNAJC17_RNA,0.03526322916150093
SLC25A18_RNA,0.03526302054524422
CSF2_RNA,0.035236310213804245
CCNB1IP1_RNA,0.035231541842222214
P2RX5_RNA,0.035220857709646225
SIGLEC10_RNA,0.035210020840168
GAB1_RNA,0.03519975394010544
HEATR6_RNA,0.03519146516919136
PNPO_RNA,0.03518885001540184
B3GALT1_RNA,0.035185594111680984
PEX10_RNA,0.035177577286958694
SP2_RNA,0.0351579375565052
PLEKHH1_RNA,0.03515347093343735
CA5A_RNA,0.03514297306537628
ARIH1_RNA,0.035135265439748764
PNKD_RNA,0.0351252481341362
PBXIP1_RNA,0.03512200340628624
ZNF394_RNA,0.035099610686302185
RIPK3_RNA,0.035096798092126846
MIR548F1_RNA,0.03509407117962837
DYNC1I2_RNA,0.03509239852428436
ELOVL7_RNA,0.035074662417173386
REPS1_RNA,0.035040635615587234
MLLT6_RNA,0.03503434360027313
LRRN4CL_RNA,0.035029489547014236
PHPT1_RNA,0.03497443348169327
PLCG1_RNA,0.03493041172623634
ADCYAP1R1_RNA,0.03492875024676323
ARRDC5_RNA,0.03491585701704025
RPL13A_RNA,0.03488580137491226
COPS7A_RNA,0.03487806022167206
GIMAP8_RNA,0.034868646413087845
ARAP2_RNA,0.03486732393503189
NINJ2_RNA,0.03484383970499039
DAB2IP_RNA,0.034813858568668365
HDAC4_RNA,0.03479531407356262
LYSMD2_RNA,0.03477614000439644
UBE2D4_RNA,0.034774962812662125
PPP1R14A_RNA,0.03477073460817337
ZNF212_RNA,0.03470732644200325
LY6G5C_RNA,0.034682221710681915
EML1_RNA,0.03467869013547897
HCN2_RNA,0.03467032313346863
UPF2_RNA,0.03465348482131958
S1PR5_RNA,0.0346100814640522
SUMO3_RNA,0.0346047468483448
TXNRD2_RNA,0.03460398688912392
HSD3B7_RNA,0.03457857295870781
MIR602_RNA,0.034559134393930435
SLC10A7_RNA,0.03453124687075615
CFI_RNA,0.034524235874414444
RAPGEF4_RNA,0.03452117368578911
SLC30A4_RNA,0.03451262414455414
ADAM9_RNA,0.03451173007488251
CRYBB1_RNA,0.03450976312160492
SNAPC4_RNA,0.03450428694486618
KEAP1_RNA,0.03448374569416046
PACS1_RNA,0.034474845975637436
USP32_RNA,0.03446841612458229
MACROD1_RNA,0.03446509316563606
JRK_RNA,0.03446345403790474
MIR575_RNA,0.03444698825478554
NFKB1_RNA,0.03444001451134682
NUBPL_RNA,0.03436015173792839
RNPC3_RNA,0.03435363620519638
FOXO3_RNA,0.034344177693128586
NAGPA_RNA,0.03433908149600029
BIN1_RNA,0.03433811292052269
HLA-E_RNA,0.03433076664805412
CYSLTR1_RNA,0.03432204946875572
CGN_RNA,0.03430823236703873
MED16_RNA,0.034296534955501556
CORO2B_RNA,0.0342961885035038
MUC16_RNA,0.034291330724954605
BCAS3_RNA,0.03428719565272331
FOXQ1_RNA,0.03427022695541382
NDFIP2_RNA,0.034268006682395935
UBL3_RNA,0.03426710516214371
KLHL28_RNA,0.03425804525613785
SNN_RNA,0.03422733023762703
HSD11B1L_RNA,0.03420967236161232
ABCG2_RNA,0.034204356372356415
SLC6A1_RNA,0.03420262783765793
PLEKHF2_RNA,0.03419048711657524
CDSN_RNA,0.03418629243969917
SYNRG_RNA,0.03417458012700081
ME3_RNA,0.03415728360414505
ASGR1_RNA,0.03415676951408386
CLIC4_RNA,0.034151412546634674
PLSCR1_RNA,0.03414516523480415
PCDHGA3_RNA,0.0341314971446991
KCNK7_RNA,0.034108966588974
FOXC1_RNA,0.034108731895685196
ZNF835_RNA,0.034101903438568115
ARHGEF1_RNA,0.03408093750476837
IL12RB1_RNA,0.03407728299498558
PPP1R9B_RNA,0.03407242149114609
HIPK2_RNA,0.03407188132405281
MDGA1_RNA,0.03406456485390663
RABEPK_RNA,0.034062497317790985
ZFHX3_RNA,0.034049104899168015
SLC1A4_RNA,0.034048330038785934
GSR_RNA,0.03403478488326073
CSNK1A1L_RNA,0.03403058275580406
KIAA1671_RNA,0.03402591124176979
VPS37D_RNA,0.03401102498173714
NUMA1_RNA,0.034002624452114105
DPP7_RNA,0.03399962931871414
IGSF8_RNA,0.03397960215806961
PKN3_RNA,0.03396911174058914
ALDH16A1_RNA,0.03395996242761612
HSDL2_RNA,0.033959850668907166
ARHGAP19_RNA,0.03395809978246689
DMKN_RNA,0.03395751118659973
RSPO3_RNA,0.03394987806677818
SMAD6_RNA,0.0339382030069828
PSMC6_RNA,0.033937230706214905
TBC1D13_RNA,0.03393128141760826
ST7_RNA,0.03392857313156128
DNM2_RNA,0.03392541781067848
TMEM53_RNA,0.033910054713487625
PPP2CB_RNA,0.03390023857355118
SH2B2_RNA,0.03389621153473854
ZNF561_RNA,0.03388358652591705
BRPF1_RNA,0.033875592052936554
TOP1_RNA,0.03386221081018448
TAF6_RNA,0.033859703689813614
VPS41_RNA,0.03385187312960625
TMEM203_RNA,0.033837661147117615
AP2A1_RNA,0.03383118286728859
SYPL1_RNA,0.03383076563477516
TMEM119_RNA,0.03382521867752075
ZNF253_RNA,0.03381248563528061
FAM177B_RNA,0.03380534052848816
SYNE2_RNA,0.03379715234041214
RBM42_RNA,0.033794086426496506
SMARCC1_RNA,0.03379235044121742
PSPN_RNA,0.033788006752729416
WASF2_RNA,0.0337822400033474
ANKIB1_RNA,0.03377120569348335
TAGAP_RNA,0.033769648522138596
UBAP2L_RNA,0.03376759588718414
KDM5B_RNA,0.03371131047606468
RILPL1_RNA,0.03370452672243118
DDX1_RNA,0.03367701172828674
TLR10_RNA,0.03366309031844139
MIR941-3_RNA,0.03364841267466545
PIGU_RNA,0.03364207223057747
RNF8_RNA,0.03363325819373131
DHX33_RNA,0.03362933173775673
SLC1A3_RNA,0.03362608328461647
PIK3CG_RNA,0.033610839396715164
NTM_RNA,0.033607497811317444
LAPTM5_RNA,0.03360617533326149
TADA3_RNA,0.033601388335227966
PRKAG2_RNA,0.03358788043260574
APP_RNA,0.03358622267842293
ABCA3_RNA,0.03354779630899429
TERF1_RNA,0.0335392989218235
POLG_RNA,0.033529553562402725
JARID2_RNA,0.033528607338666916
FUT2_RNA,0.033508311957120895
WDR70_RNA,0.03349840268492699
TNFRSF1B_RNA,0.03349689021706581
ZNF226_RNA,0.03349476680159569
WBP4_RNA,0.03348851948976517
ARHGAP26_RNA,0.033455051481723785
BACH2_RNA,0.03344987332820892
GIMAP5_RNA,0.03343493863940239
IL1RAPL2_RNA,0.03342244401574135
USP42_RNA,0.033406779170036316
FOXO4_RNA,0.03340506926178932
KRT86_RNA,0.03339444845914841
DCAF8_RNA,0.03337696194648743
GPHN_RNA,0.03336739540100098
CCDC102B_RNA,0.0333540141582489
CA7_RNA,0.033347949385643005
QSOX2_RNA,0.03332521766424179
OVCH1_RNA,0.033298783004283905
SULT2B1_RNA,0.0332980640232563
MRPL51_RNA,0.033290229737758636
SH3TC1_RNA,0.03327929601073265
RCSD1_RNA,0.03327573463320732
VPS33B_RNA,0.03325681760907173
LIMK1_RNA,0.03325076401233673
MAPK3_RNA,0.03324616327881813
PMPCA_RNA,0.033216480165719986
C1QA_RNA,0.03321344777941704
ARFGEF1_RNA,0.033201444894075394
RSPO4_RNA,0.03319673612713814
ADIPOR2_RNA,0.03318840265274048
SHE_RNA,0.0331878736615181
LSR_RNA,0.03317934647202492
TRIM56_RNA,0.033155009150505066
SLC39A10_RNA,0.03314698860049248
YME1L1_RNA,0.033146318048238754
MRAS_RNA,0.033131226897239685
DLC1_RNA,0.0331127867102623
SYNGAP1_RNA,0.03309090435504913
NRIP2_RNA,0.03308572992682457
CARD8_RNA,0.03307661414146423
NACC1_RNA,0.03307301178574562
AQR_RNA,0.03305923938751221
TMIGD2_RNA,0.033056244254112244
CERCAM_RNA,0.033045604825019836
SMYD5_RNA,0.03304535523056984
DMBT1_RNA,0.03304213285446167
MTR_RNA,0.033038895577192307
MKNK1_RNA,0.03302199766039848
FTSJ3_RNA,0.033003345131874084
SERPINB9_RNA,0.032996829599142075
OCRL_RNA,0.03298916295170784
TTLL11_RNA,0.032988227903842926
GNGT2_RNA,0.032985977828502655
RTN4RL1_RNA,0.03298195078969002
TRAF3IP1_RNA,0.032973065972328186
GLIS2_RNA,0.03297198563814163
VCAM1_RNA,0.03296997770667076
LLGL2_RNA,0.03296041488647461
TAF1_RNA,0.03294404223561287
NOTCH3_RNA,0.03294336423277855
DIRAS2_RNA,0.03292353078722954
GPRC5B_RNA,0.032913219183683395
CDKL1_RNA,0.03287896886467934
NFS1_RNA,0.03287378326058388
SLC16A2_RNA,0.032861851155757904
KRIT1_RNA,0.032856471836566925
ZNF282_RNA,0.03285351023077965
GSTCD_RNA,0.032836057245731354
NUP205_RNA,0.03282499685883522
IRS2_RNA,0.032808102667331696
VPS11_RNA,0.03280801698565483
NUMB_RNA,0.03279248997569084
C2orf42_RNA,0.03278671205043793
MERTK_RNA,0.032781150192022324
YY1_RNA,0.032775599509477615
RAB25_RNA,0.032775331288576126
CGRRF1_RNA,0.03277193754911423
MAPK1IP1L_RNA,0.03276590257883072
ITSN1_RNA,0.03274401277303696
LAIR1_RNA,0.032734233886003494
IRAK2_RNA,0.032732054591178894
YTHDF1_RNA,0.03273160755634308
FUBP3_RNA,0.03273118659853935
ARFRP1_RNA,0.03272959589958191
RANBP3L_RNA,0.032710690051317215
TMEM129_RNA,0.03270214423537254
NYNRIN_RNA,0.032700762152671814
C1orf122_RNA,0.03268616273999214
CGNL1_RNA,0.03268608823418617
SCCPDH_RNA,0.03267234191298485
HDAC9_RNA,0.032666366547346115
PLIN1_RNA,0.032654084265232086
DDR1_RNA,0.03265140950679779
CDKN2C_RNA,0.032638609409332275
ALDH2_RNA,0.03263258934020996
C6orf136_RNA,0.03263145312666893
SLC16A9_RNA,0.032621800899505615
SNX6_RNA,0.03261973336338997
QRSL1_RNA,0.03260594233870506
RHBDF2_RNA,0.03259814530611038
BCL2_RNA,0.03256592899560928
CYTH4_RNA,0.032563094049692154
PDSS1_RNA,0.03256261348724365
IKZF2_RNA,0.032559361308813095
TRIP12_RNA,0.032557521015405655
MGA_RNA,0.03255550563335419
ASIP_RNA,0.03255540877580643
PTF1A_RNA,0.032549258321523666
EVI2A_RNA,0.032543592154979706
ZNF629_RNA,0.032531339675188065
ZC3H13_RNA,0.03252116218209267
LPIN1_RNA,0.03252064436674118
RPAP1_RNA,0.03250305727124214
SARS2_RNA,0.032502878457307816
SLC2A12_RNA,0.032486867159605026
CLIP1_RNA,0.03248605877161026
PAPOLA_RNA,0.03246297314763069
SOX7_RNA,0.0324615016579628
EDNRA_RNA,0.03245725855231285
LYN_RNA,0.03245188295841217
PLA2G4B_RNA,0.032450102269649506
GPR108_RNA,0.03244899958372116
HERPUD2_RNA,0.03244255110621452
MBD5_RNA,0.0324351005256176
SLC22A7_RNA,0.0324324332177639
C11orf68_RNA,0.03242240101099014
RHBDD2_RNA,0.032421961426734924
ITGAM_RNA,0.03242165595293045
HRH1_RNA,0.03241616487503052
VTI1B_RNA,0.0324062816798687
LRPPRC_RNA,0.03237934038043022
PARP11_RNA,0.03237126022577286
RPLP1_RNA,0.03236570209264755
GPR132_RNA,0.03235076740384102
TOM1L2_RNA,0.03234412521123886
MED22_RNA,0.03234400227665901
IMP3_RNA,0.032338712364435196
BATF2_RNA,0.03233138099312782
MRPS11_RNA,0.032304372638463974
TMEM121_RNA,0.032287780195474625
HCLS1_RNA,0.032269712537527084
ZNF627_RNA,0.03225955739617348
TRIP11_RNA,0.032238639891147614
RBM47_RNA,0.032229553908109665
RHBDL1_RNA,0.03222743421792984
TREM2_RNA,0.03222716599702835
BCR_RNA,0.03222426399588585
HIF1A_RNA,0.03222307190299034
RAB11A_RNA,0.032219480723142624
PRKRIP1_RNA,0.03221241757273674
ANKRD16_RNA,0.03219863399863243
DNAH17_RNA,0.03219645842909813
MED24_RNA,0.032188378274440765
NDST1_RNA,0.03212881088256836
BCL6_RNA,0.03209294378757477
CA11_RNA,0.03208701312541962
CARM1_RNA,0.032085418701171875
CLEC17A_RNA,0.03206862509250641
CARD11_RNA,0.03202769532799721
IL6R_RNA,0.032025739550590515
GRIK5_RNA,0.03201374411582947
TM2D3_RNA,0.032012611627578735
SH2B3_RNA,0.032011546194553375
NOVA1_RNA,0.03197528049349785
CALCR_RNA,0.03195042908191681
GCM2_RNA,0.03194993734359741
SEMA3G_RNA,0.03192110359668732
CUL9_RNA,0.03191327303647995
APH1A_RNA,0.0318925715982914
ZNF844_RNA,0.03189067915081978
ABR_RNA,0.03188815712928772
CWF19L2_RNA,0.03188652917742729
RPS27_RNA,0.03187103569507599
MYL5_RNA,0.03186957910656929
WBP2_RNA,0.03183867782354355
THYN1_RNA,0.03181789442896843
PSMC1_RNA,0.031792014837265015
CNNM3_RNA,0.03177398070693016
PPP2R5E_RNA,0.03176870197057724
IER5L_RNA,0.031762734055519104
KIF3C_RNA,0.031743988394737244
CHN1_RNA,0.03173363208770752
FASTKD2_RNA,0.03172126039862633
RHOU_RNA,0.03170575574040413
PCDHGA2_RNA,0.03170515596866608
STAU1_RNA,0.03169459477066994
SSTR2_RNA,0.031694572418928146
ZNF79_RNA,0.03169044107198715
SNUPN_RNA,0.03168545663356781
MRGPRF_RNA,0.031683411449193954
FMNL3_RNA,0.031675759702920914
KCTD21_RNA,0.03165458142757416
SLC15A2_RNA,0.03165241330862045
HSF2BP_RNA,0.0316338911652565
PNMA2_RNA,0.03163354843854904
RARB_RNA,0.03162484988570213
MYO1F_RNA,0.03162176162004471
C14orf119_RNA,0.03161725401878357
AGK_RNA,0.03161289170384407
RPS9_RNA,0.031586483120918274
MRPS35_RNA,0.031570348888635635
ANXA7_RNA,0.031527385115623474
ADNP2_RNA,0.03152111917734146
ATP6V1D_RNA,0.03151875361800194
RAB3GAP2_RNA,0.031500425189733505
STAR_RNA,0.03149630129337311
ARHGAP27_RNA,0.031472329050302505
INPP4A_RNA,0.03146294876933098
HADHA_RNA,0.031458184123039246
EIF3G_RNA,0.03144551068544388
SPATA21_RNA,0.03144393116235733
ASNS_RNA,0.03144292160868645
ACTR1B_RNA,0.03143890202045441
ANKRA2_RNA,0.031438302248716354
CYP2F1_RNA,0.03142302855849266
OTUD5_RNA,0.03141014277935028
RERE_RNA,0.03140505775809288
TAL1_RNA,0.03138061240315437
GPSM1_RNA,0.03136453032493591
TIMP3_RNA,0.03133794665336609
IFIH1_RNA,0.031331393867731094
CHST9_RNA,0.0313270129263401
EFS_RNA,0.031321991235017776
PCMTD1_RNA,0.031301770359277725
ETHE1_RNA,0.03129500523209572
ARID5B_RNA,0.03128845989704132
ADORA2A_RNA,0.0312872938811779
SIN3B_RNA,0.03128629922866821
TTC31_RNA,0.03127584978938103
CD74_RNA,0.031275250017642975
FBL_RNA,0.03127356991171837
ARHGAP12_RNA,0.03126911446452141
PTCD3_RNA,0.03126530349254608
DUOXA2_RNA,0.03126438334584236
ZSCAN21_RNA,0.03125598281621933
MEIS3_RNA,0.031251270323991776
ELL2_RNA,0.031231896951794624
PSMF1_RNA,0.031223691999912262
BOC_RNA,0.031219402328133583
ROBO2_RNA,0.031215356662869453
FAM193A_RNA,0.03120669722557068
KANK3_RNA,0.03119780495762825
CHRNA5_RNA,0.03117441013455391
C1QB_RNA,0.03117400035262108
PILRA_RNA,0.03116811253130436
SULT1A2_RNA,0.03116801753640175
KIAA0319L_RNA,0.03115588054060936
TGM2_RNA,0.031150683760643005
GPATCH1_RNA,0.031129498034715652
PMF1_RNA,0.031114593148231506
STAG3_RNA,0.03110809437930584
ZNF217_RNA,0.031103260815143585
SUPT6H_RNA,0.031093988567590714
SNORA59A_RNA,0.031092055141925812
ARHGEF3_RNA,0.031088320538401604
TSPAN14_RNA,0.031083732843399048
ID4_RNA,0.03108004853129387
MOCS1_RNA,0.03106657601892948
ZNF410_RNA,0.031060155481100082
PAN3_RNA,0.031040804460644722
KCTD6_RNA,0.031032200902700424
SNTA1_RNA,0.03102579340338707
SLC25A25_RNA,0.031016677618026733
MRPL35_RNA,0.030981795862317085
SNORA31_RNA,0.030967647209763527
KCTD15_RNA,0.030953872948884964
PSCA_RNA,0.030952295288443565
CNPY1_RNA,0.030950870364904404
TRPS1_RNA,0.030926387757062912
PTPRE_RNA,0.03092057816684246
RCOR1_RNA,0.030910586938261986
KCNK4_RNA,0.030910372734069824
MKX_RNA,0.030905095860362053
INTS1_RNA,0.030882250517606735
SMG6_RNA,0.030876154080033302
SNORD115-5_RNA,0.030865155160427094
TRMT1_RNA,0.030859459191560745
PLEKHA4_RNA,0.030854716897010803
SNORD115-8_RNA,0.030846232548356056
CHERP_RNA,0.03083186410367489
SEC14L2_RNA,0.030827505514025688
P2RY6_RNA,0.030824638903141022
CYP2U1_RNA,0.03082209825515747
DNAJC30_RNA,0.03081987425684929
SLC39A9_RNA,0.03081934154033661
LPAR1_RNA,0.030811864882707596
SNRPN_RNA,0.03080100752413273
IGFL3_RNA,0.030797690153121948
MED12_RNA,0.030797628685832024
PIGT_RNA,0.03079051896929741
LGI1_RNA,0.030785752460360527
ALDH5A1_RNA,0.030773794278502464
FUT8_RNA,0.030761145055294037
CLYBL_RNA,0.030758067965507507
CDH11_RNA,0.03075803816318512
ELFN1_RNA,0.030752865597605705
STAT1_RNA,0.03074764832854271
NDUFAF1_RNA,0.030746005475521088
ARHGAP6_RNA,0.030739741399884224
TYROBP_RNA,0.030692055821418762
POLR1A_RNA,0.030688244849443436
MYOM2_RNA,0.030677923932671547
NDOR1_RNA,0.030667150393128395
AIP_RNA,0.03064826875925064
CTSS_RNA,0.0306327436119318
ACTN2_RNA,0.030627567321062088
SLC24A1_RNA,0.030622432008385658
EIF2AK2_RNA,0.030618106946349144
GOLGA7_RNA,0.030617641285061836
OSGEP_RNA,0.03060031495988369
TRIM37_RNA,0.030584247782826424
LY6G5B_RNA,0.03057347610592842
ZNF507_RNA,0.030564522370696068
TSPAN12_RNA,0.030559537932276726
EID1_RNA,0.030544498935341835
NPC1_RNA,0.03053911216557026
MED23_RNA,0.030528414994478226
ALK_RNA,0.030520495027303696
RBM43_RNA,0.03051426075398922
IFT140_RNA,0.0305020771920681
STK11_RNA,0.03049316257238388
AGPAT1_RNA,0.030480870977044106
NFIC_RNA,0.030477631837129593
FGFR2_RNA,0.030466387048363686
TRIM8_RNA,0.030464492738246918
MCHR2_RNA,0.03046366199851036
CHMP6_RNA,0.03044993430376053
TMCC3_RNA,0.030437996610999107
POLM_RNA,0.030437571927905083
CD320_RNA,0.030432622879743576
C16orf74_RNA,0.03041432425379753
HEY2_RNA,0.030410896986722946
NLRX1_RNA,0.030376413837075233
NOVA2_RNA,0.030376391485333443
BDH2_RNA,0.030356615781784058
DAPP1_RNA,0.030343644320964813
HPR_RNA,0.03034280054271221
ZNF407_RNA,0.030332863330841064
RALGAPB_RNA,0.030323589220643044
TPCN1_RNA,0.030303319916129112
AP2B1_RNA,0.030298655852675438
SNX19_RNA,0.030298378318548203
SAFB2_RNA,0.03029211238026619
EDC3_RNA,0.03028789907693863
PTH1R_RNA,0.030287278816103935
LRFN4_RNA,0.030284924432635307
DACH1_RNA,0.030272366479039192
ABL1_RNA,0.03025396727025509
MAP1LC3B_RNA,0.030213162302970886
CLCN7_RNA,0.030201228335499763
TMX1_RNA,0.0301879420876503
GSTM2_RNA,0.030182326212525368
ARHGAP30_RNA,0.03017304465174675
KAT2A_RNA,0.030172638595104218
DZIP1_RNA,0.030161123722791672
ZBTB22_RNA,0.0301507655531168
SGSM2_RNA,0.03012717515230179
PALMD_RNA,0.03012162074446678
WDR18_RNA,0.030117278918623924
ERCC5_RNA,0.030103962868452072
TRPC4AP_RNA,0.03008737973868847
DMWD_RNA,0.030052943155169487
SEMA4B_RNA,0.030031584203243256
STH_RNA,0.03002157062292099
MAP3K14_RNA,0.03001975826919079
ANKRD26_RNA,0.030015863478183746
TUBA3D_RNA,0.03001238964498043
ITPKC_RNA,0.03000924177467823
PPDPF_RNA,0.02996905706822872
NET1_RNA,0.029956554993987083
KNDC1_RNA,0.029938822612166405
HS3ST4_RNA,0.029933959245681763
GBP4_RNA,0.0299211572855711
SGSH_RNA,0.029905200004577637
CRIP3_RNA,0.029896976426243782
LRRC25_RNA,0.02988607995212078
ZNF2_RNA,0.02988126501441002
SNX8_RNA,0.029878543689846992
LTBP4_RNA,0.029876016080379486
C14orf132_RNA,0.029872430488467216
EPDR1_RNA,0.029864395037293434
BCL9_RNA,0.029863372445106506
ZNF746_RNA,0.02985154092311859
SYS1_RNA,0.02985059842467308
ZKSCAN4_RNA,0.02984297089278698
NMUR2_RNA,0.029841242358088493
ZNF181_RNA,0.029833821579813957
SARM1_RNA,0.029820062220096588
ZNF785_RNA,0.0298148263245821
MED9_RNA,0.02981279417872429
GGA3_RNA,0.02979414165019989
FAH_RNA,0.029788728803396225
TTYH3_RNA,0.029786957427859306
GNPNAT1_RNA,0.029780801385641098
PCTP_RNA,0.0297637227922678
ARSG_RNA,0.029763521626591682
OCEL1_RNA,0.02976069040596485
CD86_RNA,0.02975889854133129
IPO11_RNA,0.029747825115919113
SAMD4A_RNA,0.029743362218141556
SNORD115-6_RNA,0.029734080657362938
TMED1_RNA,0.02972455322742462
KLHL20_RNA,0.029722869396209717
GBP2_RNA,0.029719708487391472
POU3F2_RNA,0.029707973822951317
IFT172_RNA,0.029705015942454338
SURF1_RNA,0.029703808948397636
ARHGEF12_RNA,0.029699506238102913
NOP2_RNA,0.02969856932759285
SRPK2_RNA,0.02969852089881897
INO80B_RNA,0.029694896191358566
KAT5_RNA,0.02968994714319706
RNF44_RNA,0.029686737805604935
SLC1A2_RNA,0.02968611940741539
IL18_RNA,0.029682200402021408
CSF2RB_RNA,0.02967357449233532
LRP4_RNA,0.029673144221305847
RPL30_RNA,0.029669662937521935
OTUB1_RNA,0.029660752043128014
ARHGAP20_RNA,0.029649419710040092
MIR345_RNA,0.029647454619407654
ARHGDIB_RNA,0.029646750539541245
TNNT2_RNA,0.029642559587955475
ATG7_RNA,0.02964235283434391
SNORD116-10_RNA,0.029641486704349518
ANTXR2_RNA,0.029630625620484352
RPS6KA2_RNA,0.029620930552482605
GPR37_RNA,0.029608849436044693
RORB_RNA,0.029598189517855644
STX18_RNA,0.029580051079392433
ZNF423_RNA,0.029565969482064247
FEZ2_RNA,0.02956439182162285
KLHL8_RNA,0.02955041453242302
FAM98B_RNA,0.029542185366153717
BMPR1A_RNA,0.0295261200517416
ACOXL_RNA,0.029519209638237953
HINFP_RNA,0.029516903683543205
MCF2L_RNA,0.029509734362363815
WWC2_RNA,0.029508456587791443
NDUFB1_RNA,0.029505571350455284
TEP1_RNA,0.029500138014554977
WDR43_RNA,0.029479870572686195
CYP7A1_RNA,0.029476212337613106
TNFAIP1_RNA,0.029455341398715973
ELL_RNA,0.029445871710777283
CD84_RNA,0.029443198814988136
SAMD3_RNA,0.029414350166916847
WFDC12_RNA,0.02940692938864231
KCNJ4_RNA,0.02939521335065365
PIPOX_RNA,0.02938561700284481
TEF_RNA,0.02938295342028141
PIK3CB_RNA,0.02938230149447918
LHPP_RNA,0.02937546744942665
CYBRD1_RNA,0.0293672326952219
SMOX_RNA,0.02936437539756298
MAPK10_RNA,0.0293623935431242
STON1-GTF2A1L_RNA,0.029357774183154106
ABCB8_RNA,0.029357288032770157
HTR3B_RNA,0.02934783510863781
CARD14_RNA,0.029345987364649773
SLC12A4_RNA,0.02934066578745842
ZBTB7A_RNA,0.029338214546442032
COX19_RNA,0.029329486191272736
STK38L_RNA,0.02932879514992237
TMEM105_RNA,0.029320064932107925
PFKM_RNA,0.02931658923625946
ZNF133_RNA,0.029316488653421402
ZNF302_RNA,0.029316451400518417
FAM171A1_RNA,0.029309891164302826
DRD5_RNA,0.029289739206433296
CAMK1D_RNA,0.029287872835993767
ZNF772_RNA,0.029270227998495102
CAPZA3_RNA,0.029268836602568626
ANKRD24_RNA,0.029266126453876495
NMI_RNA,0.029262615367770195
SLC29A2_RNA,0.029262371361255646
ARHGEF18_RNA,0.029255880042910576
ZNF512B_RNA,0.0292477048933506
MTUS1_RNA,0.029240472242236137
SEMA6A_RNA,0.029232177883386612
TOR2A_RNA,0.029222633689641953
KLHDC3_RNA,0.029218990355730057
MAP1S_RNA,0.029213430359959602
SHF_RNA,0.029195023700594902
GANC_RNA,0.029190244153141975
ALKBH7_RNA,0.029188428074121475
FHL1_RNA,0.02918751910328865
JAK1_RNA,0.029164941981434822
PIK3AP1_RNA,0.029160061851143837
UPF1_RNA,0.029158731922507286
STK36_RNA,0.029156526550650597
ERCC3_RNA,0.029130669310688972
NEDD4L_RNA,0.029118863865733147
MSRB2_RNA,0.029112130403518677
MLC1_RNA,0.029108861461281776
ASTN1_RNA,0.029083995148539543
SEC14L1_RNA,0.029066115617752075
ASB18_RNA,0.029060915112495422
RNF13_RNA,0.02905803732573986
CTDSPL2_RNA,0.029042473062872887
LSM14A_RNA,0.02903643250465393
CCDC77_RNA,0.029034048318862915
B2M_RNA,0.029030848294496536
CASP10_RNA,0.029026029631495476
GRM3_RNA,0.02901679463684559
PPIA_RNA,0.029007818549871445
C12orf54_RNA,0.029001453891396523
GALNT10_RNA,0.02900116704404354
MYO16_RNA,0.028998861089348793
DNM1L_RNA,0.028995487838983536
CDIPT_RNA,0.02899143658578396
AK5_RNA,0.028986917808651924
UCK1_RNA,0.02896919474005699
TMEM59L_RNA,0.0289553664624691
EXOC2_RNA,0.028952589258551598
LARS2_RNA,0.02894873172044754
PARP14_RNA,0.028944721445441246
TMEM213_RNA,0.028942201286554337
BRF2_RNA,0.02894166111946106
PLRG1_RNA,0.02894110605120659
SENP8_RNA,0.02893604151904583
SLC25A38_RNA,0.028923960402607918
SUCLG2_RNA,0.0289026889950037
MIR33B_RNA,0.02890145033597946
GLIPR2_RNA,0.028892757371068
HTR2C_RNA,0.028888646513223648
CTSA_RNA,0.028882035985589027
EIF2B4_RNA,0.02887892536818981
BCAR3_RNA,0.028871869668364525
CRY2_RNA,0.028848016634583473
SNHG10_RNA,0.02884354628622532
SECISBP2_RNA,0.02884277142584324
SLC6A16_RNA,0.02883641980588436
TOMM40L_RNA,0.028827136382460594
ABHD12_RNA,0.028825795277953148
PMPCB_RNA,0.02882423996925354
APPBP2_RNA,0.028818180784583092
ITK_RNA,0.02881547063589096
E2F6_RNA,0.028809254989027977
TM7SF2_RNA,0.028785552829504013
NOM1_RNA,0.02878323756158352
LIX1_RNA,0.02876996621489525
ZNF366_RNA,0.028769029304385185
TAS1R1_RNA,0.02875920757651329
PART1_RNA,0.028733300045132637
RPL18_RNA,0.02873140573501587
ADAM17_RNA,0.0287266056984663
FJX1_RNA,0.02870798297226429
DNPEP_RNA,0.028706850484013557
MMP23B_RNA,0.028696967288851738
SORBS1_RNA,0.02866479381918907
GPAM_RNA,0.02865053154528141
PRPF19_RNA,0.028645334765315056
GALNT1_RNA,0.02864263392984867
PTGS1_RNA,0.028630303218960762
NRM_RNA,0.028628947213292122
MAPK8IP1_RNA,0.028621040284633636
POMGNT1_RNA,0.028616275638341904
REXO1_RNA,0.028614087030291557
HRNR_RNA,0.028592126443982124
TBCB_RNA,0.028575574979186058
HNF1B_RNA,0.02857368439435959
LRRC57_RNA,0.028568509966135025
ALOX5_RNA,0.02856394648551941
TRRAP_RNA,0.028559911996126175
L3MBTL3_RNA,0.0285562202334404
ACTR10_RNA,0.028551284223794937
SUMF2_RNA,0.02853725291788578
MNDA_RNA,0.02851901575922966
AAK1_RNA,0.028506198897957802
CREB3L3_RNA,0.028505384922027588
AFF1_RNA,0.028497211635112762
NUDT9_RNA,0.02847878262400627
RASSF2_RNA,0.028470976278185844
NANOS3_RNA,0.02847055345773697
MAVS_RNA,0.028438977897167206
F2R_RNA,0.028428105637431145
CDC42EP1_RNA,0.028426632285118103
PIP5K1C_RNA,0.02839074842631817
SLC7A1_RNA,0.028338687494397163
SCLY_RNA,0.028326652944087982
TSC22D1_RNA,0.028314121067523956
CRB3_RNA,0.02829691395163536
MYCBP2_RNA,0.02829282358288765
CASZ1_RNA,0.028292551636695862
ZDHHC22_RNA,0.028287136927247047
ZFHX4_RNA,0.028278177604079247
CRNKL1_RNA,0.02826589159667492
SMURF2_RNA,0.02825463004410267
GATM_RNA,0.02824099361896515
DNASE1L3_RNA,0.028239034116268158
SPINT2_RNA,0.028229970484972
HEATR5B_RNA,0.028228091076016426
TNRC6A_RNA,0.02822706662118435
NOXA1_RNA,0.028219789266586304
ITIH4_RNA,0.028216321021318436
PDHB_RNA,0.028212884441018105
ZNF280D_RNA,0.028210747987031937
SOX21_RNA,0.02821010909974575
SETDB1_RNA,0.028209803625941277
TACC2_RNA,0.028205661103129387
CAMK1_RNA,0.028204189613461494
ATAD1_RNA,0.02818925678730011
ATP2B2_RNA,0.028183773159980774
MTMR1_RNA,0.028172004967927933
WDHD1_RNA,0.02816794626414776
NMBR_RNA,0.028109021484851837
MIR647_RNA,0.028101587668061256
IL27_RNA,0.02810140699148178
OGT_RNA,0.028090430423617363
GNA12_RNA,0.02808006852865219
PLA2G12A_RNA,0.028078120201826096
KHDRBS2_RNA,0.0280693881213665
CADPS_RNA,0.028060629963874817
TMEM145_RNA,0.02805875800549984
PDCD11_RNA,0.028058163821697235
CIAO1_RNA,0.028057677671313286
SFTA1P_RNA,0.028043508529663086
ADCY2_RNA,0.028039321303367615
TESC_RNA,0.02803385630249977
CLSTN3_RNA,0.028028028085827827
FMNL1_RNA,0.028011709451675415
NDUFV1_RNA,0.02800827845931053
LYNX1_RNA,0.027983127161860466
IGFL2_RNA,0.027982380241155624
SESN1_RNA,0.0279783196747303
RPGRIP1_RNA,0.027966724708676338
NNT_RNA,0.027947746217250824
AKT3_RNA,0.027943193912506104
NPHP4_RNA,0.027942214161157608
DTX3L_RNA,0.027936339378356934
ZSWIM4_RNA,0.02793264575302601
RBM25_RNA,0.027929143980145454
CHMP4B_RNA,0.02791726216673851
ZNF175_RNA,0.0279011819511652
MIER2_RNA,0.02790078893303871
RPL21_RNA,0.027881084010004997
GDF7_RNA,0.027872510254383087
ATXN3_RNA,0.027855684980750084
OTUB2_RNA,0.027848361060023308
PSME2_RNA,0.027840079739689827
EIF5B_RNA,0.027837684378027916
MAP2K7_RNA,0.02782798931002617
HLA-DPB1_RNA,0.02780565805733204
MIR301B_RNA,0.027798572555184364
PEMT_RNA,0.027792254462838173
FEM1B_RNA,0.027791306376457214
SIGLEC11_RNA,0.02778973989188671
ERGIC3_RNA,0.027780860662460327
MIR26A1_RNA,0.027777962386608124
KHSRP_RNA,0.027768708765506744
PHKG1_RNA,0.02776799537241459
RASGRP3_RNA,0.027764949947595596
IDH3B_RNA,0.02775297872722149
INPP5A_RNA,0.027741994708776474
HHEX_RNA,0.027738463133573532
RAB1B_RNA,0.027730712667107582
TBC1D2B_RNA,0.027728818356990814
SYNGR2_RNA,0.027727393433451653
TSC2_RNA,0.027724074199795723
COMT_RNA,0.027717024087905884
C1orf50_RNA,0.027714930474758148
GALNT6_RNA,0.027706675231456757
ZNF823_RNA,0.027696358039975166
RPS17_RNA,0.027682770043611526
APOM_RNA,0.027682149782776833
B3GNTL1_RNA,0.027677977457642555
TMED4_RNA,0.027667760848999023
ZDHHC4_RNA,0.027646854519844055
WDR91_RNA,0.02764342911541462
RXFP1_RNA,0.027642102912068367
GTDC1_RNA,0.027640141546726227
PUM2_RNA,0.027625372633337975
SEC24B_RNA,0.027623042464256287
NR2F1_RNA,0.02760968916118145
UBAC2_RNA,0.027608048170804977
TACO1_RNA,0.02760588563978672
NFKBIA_RNA,0.027583563700318336
SPTLC2_RNA,0.027579734101891518
APOC2_RNA,0.027568330988287926
CD27_RNA,0.02755839191377163
TPP2_RNA,0.027555178850889206
TCEA2_RNA,0.027547724545001984
TSNAX-DISC1_RNA,0.027542848140001297
MAGEA10_RNA,0.027534620836377144
C9orf78_RNA,0.027529986575245857
GNB5_RNA,0.027517490088939667
TTLL9_RNA,0.027481023222208023
ZNF790_RNA,0.027436597272753716
GPIHBP1_RNA,0.027423519641160965
TTLL4_RNA,0.02741769328713417
SRD5A1_RNA,0.027402019128203392
ACADM_RNA,0.02739502117037773
OSBPL9_RNA,0.027376826852560043
MCCC1_RNA,0.027370469644665718
ROM1_RNA,0.02734581008553505
KCNN3_RNA,0.027334554120898247
MGAT5_RNA,0.02732345461845398
YAP1_RNA,0.02732144296169281
CCDC66_RNA,0.027297133579850197
GTF3C3_RNA,0.027296358719468117
MARS2_RNA,0.027295395731925964
HNF4A_RNA,0.027266928926110268
ZBTB6_RNA,0.027264181524515152
RPL3_RNA,0.02726064622402191
LY6D_RNA,0.02725251205265522
CROT_RNA,0.027245905250310898
SCN2B_RNA,0.02724365144968033
TRIP10_RNA,0.02724265120923519
FAT4_RNA,0.027239829301834106
CHSY1_RNA,0.027233559638261795
RAB5C_RNA,0.027224216610193253
SNX12_RNA,0.027222348377108574
ZNF770_RNA,0.027222322300076485
FBXO8_RNA,0.027211619541049004
RAPGEF5_RNA,0.027206478640437126
LMTK3_RNA,0.02720605954527855
MED6_RNA,0.02719978801906109
ARID1A_RNA,0.027193276211619377
PCDHGA1_RNA,0.027167057618498802
SPOCK2_RNA,0.02716144733130932
SLC38A9_RNA,0.027141466736793518
LYPLAL1_RNA,0.027139203622937202
ZSCAN10_RNA,0.02712891437113285
PDE6C_RNA,0.027091849595308304
AKAP8L_RNA,0.027081390842795372
ZIC1_RNA,0.027035728096961975
CHD9_RNA,0.027026409283280373
RAB19_RNA,0.027022257447242737
SNAPC5_RNA,0.027014197781682014
ARRDC2_RNA,0.027014002203941345
SAP130_RNA,0.027008309960365295
WIZ_RNA,0.02700093761086464
SNORD115-39_RNA,0.02699817344546318
TMEM190_RNA,0.026997650042176247
PHF2_RNA,0.026988089084625244
GPR31_RNA,0.026983629912137985
PDCD1LG2_RNA,0.02697705291211605
ZKSCAN1_RNA,0.02696600742638111
LAMA5_RNA,0.026951320469379425
RANBP17_RNA,0.026930291205644608
SHROOM3_RNA,0.02692747674882412
CHRNB1_RNA,0.02692551165819168
DIXDC1_RNA,0.026923084631562233
XRN2_RNA,0.02692067064344883
APC2_RNA,0.026914987713098526
STYXL1_RNA,0.026898477226495743
GLI2_RNA,0.026890181005001068
DLG2_RNA,0.026888364925980568
BPGM_RNA,0.026886427775025368
NCKAP1_RNA,0.026885487139225006
PLAG1_RNA,0.026878684759140015
C15orf39_RNA,0.026874568313360214
HHIPL1_RNA,0.02687249891459942
NCR1_RNA,0.026871904730796814
ERMAP_RNA,0.026842692866921425
VPS13B_RNA,0.026841340586543083
SLC16A13_RNA,0.026829613372683525
ELN_RNA,0.02682049386203289
CRTAP_RNA,0.02681850828230381
TSPAN11_RNA,0.026807773858308792
SNX17_RNA,0.026807501912117004
MARVELD2_RNA,0.026805205270648003
LRRC37B_RNA,0.026796163991093636
SSTR4_RNA,0.026791052892804146
LGI4_RNA,0.02679004706442356
VPS45_RNA,0.026779664680361748
NDUFS2_RNA,0.026761574670672417
ELP2_RNA,0.02675548754632473
GPATCH8_RNA,0.02671869657933712
PDE2A_RNA,0.02671031653881073
SLC2A5_RNA,0.026691464707255363
CHMP4A_RNA,0.026690173894166946
EFR3A_RNA,0.026683833450078964
RXRB_RNA,0.026683654636144638
SOX3_RNA,0.026677468791604042
IRF2_RNA,0.026664676144719124
PRICKLE2_RNA,0.026659023016691208
FAT1_RNA,0.02663043700158596
TTC8_RNA,0.026629816740751266
CDCA4_RNA,0.026627859100699425
AMY2B_RNA,0.02662677690386772
RPS27A_RNA,0.026625389233231544
FECH_RNA,0.026615483686327934
SYK_RNA,0.026611803099513054
MYL3_RNA,0.02659808285534382
PKN1_RNA,0.026592131704092026
KCTD7_RNA,0.026588477194309235
DLD_RNA,0.026573318988084793
GRAMD1A_RNA,0.026572342962026596
ADAM21_RNA,0.02657184936106205
CACNA1C_RNA,0.026549218222498894
ZNF558_RNA,0.026543738320469856
TMEM120A_RNA,0.02654176764190197
LINS1_RNA,0.026535669341683388
ZNF419_RNA,0.02653500996530056
NAT14_RNA,0.02651049569249153
TFAP2D_RNA,0.026506220921874046
MGC16275_RNA,0.026498503983020782
TNFAIP8L1_RNA,0.02649753913283348
RHOF_RNA,0.026474563404917717
PHOSPHO1_RNA,0.026472924277186394
BCL2L12_RNA,0.026472099125385284
PNKP_RNA,0.026452720165252686
GJB4_RNA,0.0264456607401371
GJB5_RNA,0.026441680267453194
ZDHHC9_RNA,0.026432182639837265
HPSE_RNA,0.02642802894115448
DIP2B_RNA,0.026416677981615067
RAD9A_RNA,0.026409488171339035
WDR35_RNA,0.026408707723021507
PPP5C_RNA,0.02640388533473015
TBXA2R_RNA,0.026401709765195847
TNRC18_RNA,0.02637963742017746
ELF2_RNA,0.026351042091846466
GRTP1_RNA,0.026345789432525635
NUP133_RNA,0.02633904106914997
HNMT_RNA,0.02633502520620823
GTPBP3_RNA,0.02633361518383026
ATP6V1B2_RNA,0.026324857026338577
NLRC5_RNA,0.026317855343222618
PDSS2_RNA,0.02631726861000061
URM1_RNA,0.026295367628335953
TICAM1_RNA,0.026292240247130394
ABCC1_RNA,0.02629145234823227
DNAJC2_RNA,0.026276446878910065
SSTR5_RNA,0.026273004710674286
APLF_RNA,0.026265477761626244
HPGDS_RNA,0.026259222999215126
TMEM65_RNA,0.026255233213305473
FAM177A1_RNA,0.026253676041960716
GORAB_RNA,0.026246679946780205
BEND3_RNA,0.02624466083943844
ADAMTS8_RNA,0.026239018887281418
SATB2_RNA,0.02622407302260399
IFI16_RNA,0.026204025372862816
DAD1_RNA,0.02617127262055874
HSPA12B_RNA,0.026134302839636803
KIAA1549_RNA,0.02611658349633217
SIRPB1_RNA,0.026115231215953827
IPO9_RNA,0.02610381692647934
DERA_RNA,0.026101939380168915
SLC2A8_RNA,0.026099231094121933
PCBP1_RNA,0.026098329573869705
GPSM3_RNA,0.02609754353761673
EPHA8_RNA,0.026091232895851135
RING1_RNA,0.026078402996063232
USHBP1_RNA,0.02607021853327751
FPR1_RNA,0.026056967675685883
TFE3_RNA,0.02604675106704235
SFMBT2_RNA,0.02602335810661316
TET2_RNA,0.026021895930171013
CRAT_RNA,0.026020491495728493
SYTL2_RNA,0.026019496843218803
SAMD13_RNA,0.025987280532717705
FAM13A_RNA,0.02598058618605137
SELL_RNA,0.02597898617386818
CKB_RNA,0.025976283475756645
MIR577_RNA,0.025968294590711594
DNAH8_RNA,0.02596040442585945
CPNE3_RNA,0.025950944051146507
ZNF142_RNA,0.025948790833353996
ENPP3_RNA,0.025942202657461166
NCOR2_RNA,0.025939051061868668
CCDC85B_RNA,0.025936949998140335
WDR74_RNA,0.02593095786869526
CBX7_RNA,0.02592833712697029
CAPZA2_RNA,0.0259148757904768
OLFML3_RNA,0.025911519303917885
CLEC2D_RNA,0.0259094275534153
SERINC1_RNA,0.02590661682188511
MIR1250_RNA,0.02590141072869301
GK2_RNA,0.02587394416332245
MEP1B_RNA,0.025870205834507942
TBC1D10B_RNA,0.025868071243166924
ASB7_RNA,0.025863323360681534
FPGS_RNA,0.025858061388134956
SPTBN1_RNA,0.025849925354123116
TRIM38_RNA,0.025835251435637474
CDC5L_RNA,0.025827109813690186
PGLS_RNA,0.025821499526500702
ELOVL5_RNA,0.02581431157886982
ZNF608_RNA,0.02580692619085312
KCNQ1_RNA,0.025800572708249092
ZIC3_RNA,0.025793831795454025
LAP3_RNA,0.02579193003475666
RUNX1T1_RNA,0.02578304335474968
C1orf54_RNA,0.02577991783618927
RFC2_RNA,0.025777406990528107
MIR25_RNA,0.025777233764529228
TMED10_RNA,0.025774851441383362
PPIG_RNA,0.025754284113645554
USP17L2_RNA,0.025752194225788116
GGTA1_RNA,0.025747204199433327
GPLD1_RNA,0.025738544762134552
AP1B1_RNA,0.025725994259119034
GLI3_RNA,0.025716688483953476
TTC32_RNA,0.025706026703119278
CIRBP_RNA,0.02568448893725872
PTDSS1_RNA,0.025662492960691452
CC2D1A_RNA,0.02564847283065319
ZBTB2_RNA,0.02563857100903988
SOX4_RNA,0.02562122792005539
C19orf18_RNA,0.025617949664592743
PLS3_RNA,0.025611018761992455
MAF_RNA,0.025598641484975815
AKR1B1_RNA,0.0255984328687191
CSF1_RNA,0.025580791756510735
TMLHE_RNA,0.025577684864401817
SLC38A7_RNA,0.02556123584508896
IER5_RNA,0.02554558776319027
PTPRB_RNA,0.025544423609972
ACSF3_RNA,0.025528477504849434
GCC1_RNA,0.025523781776428223
COQ2_RNA,0.025506583973765373
VANGL2_RNA,0.02550477534532547
OR52K1_RNA,0.0254990067332983
NPBWR2_RNA,0.02548973634839058
RTP4_RNA,0.02548786625266075
SOCS4_RNA,0.025471415370702744
RNF114_RNA,0.025458209216594696
AMACR_RNA,0.0254511721432209
DDX6_RNA,0.02544928714632988
NR5A2_RNA,0.02544143982231617
MIR1284_RNA,0.02543031983077526
NPEPPS_RNA,0.025423377752304077
ATP1B2_RNA,0.025417014956474304
GGT1_RNA,0.025404037907719612
ELMOD3_RNA,0.02539847604930401
IDH3A_RNA,0.02538920007646084
FASN_RNA,0.025389108806848526
RIC3_RNA,0.02537813037633896
BMF_RNA,0.025375235825777054
CXXC5_RNA,0.025365404784679413
SCAF1_RNA,0.02534829080104828
GAPDHS_RNA,0.025346755981445313
RPL34_RNA,0.025331785902380943
GEMIN5_RNA,0.025325056165456772
INPP5J_RNA,0.025314219295978546
PHLPP1_RNA,0.025309843942523003
CC2D2A_RNA,0.025308946147561073
EPM2A_RNA,0.02530769445002079
FRAT2_RNA,0.02530396729707718
RBP7_RNA,0.025289323180913925
ANKZF1_RNA,0.025287022814154625
TPK1_RNA,0.025286078453063965
CIR1_RNA,0.02527720108628273
SCN8A_RNA,0.025252636522054672
NADK_RNA,0.025243394076824188
WDR12_RNA,0.025237437337636948
TNPO3_RNA,0.025236809626221657
LRP5_RNA,0.02523091249167919
PAPLN_RNA,0.025215988978743553
MBTD1_RNA,0.02521269954741001
CDC14B_RNA,0.025208912789821625
UBE4B_RNA,0.025208523496985435
MITD1_RNA,0.025205465033650398
AASDHPPT_RNA,0.025198766961693764
EPN2_RNA,0.025173727422952652
AATF_RNA,0.02517155185341835
PAF1_RNA,0.025169283151626587
ARHGAP21_RNA,0.025164766237139702
RANBP9_RNA,0.02516297809779644
RASA3_RNA,0.025148050859570503
SENP6_RNA,0.025146687403321266
OVOL2_RNA,0.02513839490711689
VPS33A_RNA,0.025134984403848648
UGGT2_RNA,0.025114301592111588
DYRK1B_RNA,0.02509756200015545
DPH1_RNA,0.02507888153195381
CCRL2_RNA,0.025077642872929573
MAP3K3_RNA,0.025071853771805763
OSGIN2_RNA,0.02506575919687748
PMP2_RNA,0.02504904381930828
C1QTNF3_RNA,0.02504446916282177
APBA1_RNA,0.025040557608008385
ACO2_RNA,0.025028813630342484
VPS72_RNA,0.025019265711307526
PRR15_RNA,0.025013981387019157
ERAS_RNA,0.025010228157043457
GNAQ_RNA,0.02500614896416664
KLHL6_RNA,0.02500588446855545
MTHFD2L_RNA,0.02499210834503174
GAA_RNA,0.0249878391623497
ATP2C1_RNA,0.02498508058488369
POLR1B_RNA,0.02498077228665352
MFGE8_RNA,0.02497502788901329
MED28_RNA,0.024973470717668533
FAM98C_RNA,0.02496930956840515
SLC7A7_RNA,0.024956567212939262
KCND3_RNA,0.024933774024248123
LMTK2_RNA,0.02491609938442707
CCDC97_RNA,0.024908684194087982
PCDHGA12_RNA,0.024901116266846657
PRSS27_RNA,0.024885965511202812
PPM1A_RNA,0.024867674335837364
NOL10_RNA,0.02486405335366726
SPDEF_RNA,0.024849947541952133
IL6ST_RNA,0.024837380275130272
RNF170_RNA,0.02483103610575199
RPS23_RNA,0.02482466585934162
KCNJ5_RNA,0.02482304349541664
APBA3_RNA,0.02481817454099655
HEPACAM_RNA,0.024808790534734726
EGF_RNA,0.024805570021271706
PRUNE2_RNA,0.02479439787566662
CATSPERB_RNA,0.024784330278635025
ITPR2_RNA,0.02478181943297386
ZFP14_RNA,0.0247799139469862
SLC37A2_RNA,0.02475341036915779
MAP3K11_RNA,0.024740254506468773
ERF_RNA,0.024737617000937462
ICAM1_RNA,0.024732856079936028
ZNF554_RNA,0.02470627799630165
MIR657_RNA,0.024705970659852028
ANKRD34C_RNA,0.024693965911865234
GNG5_RNA,0.024684885516762733
ANKRD30B_RNA,0.024677585810422897
EVI5L_RNA,0.024676334112882614
EFCAB2_RNA,0.02467089146375656
MYO9A_RNA,0.024649333208799362
KRTAP5-11_RNA,0.024645430967211723
RPE_RNA,0.02464287541806698
SPTAN1_RNA,0.02464122511446476
RPL28_RNA,0.02463500387966633
ZNF333_RNA,0.02462397702038288
KIAA0040_RNA,0.0246181171387434
KIAA1328_RNA,0.024611253291368484
CDK19_RNA,0.024609390646219254
NOP10_RNA,0.024609141051769257
C2orf49_RNA,0.024595320224761963
SMPD4_RNA,0.02459111623466015
ERBB2_RNA,0.024590669199824333
PSEN2_RNA,0.024585120379924774
GTPBP4_RNA,0.024582013487815857
DIS3L2_RNA,0.024580297991633415
TSHZ3_RNA,0.024574438109993935
SLC9A3_RNA,0.024564024060964584
GMFB_RNA,0.0245619248598814
PATZ1_RNA,0.02455936186015606
MGAT5B_RNA,0.02455584704875946
LMBR1_RNA,0.02454565279185772
PIP5KL1_RNA,0.024543533101677895
SKAP2_RNA,0.024537310004234314
GLUL_RNA,0.024529071524739265
ASB10_RNA,0.02452852576971054
RNF32_RNA,0.024517890065908432
ALOX12_RNA,0.02451556734740734
NBR1_RNA,0.024494128301739693
DCAKD_RNA,0.024494068697094917
SOHLH2_RNA,0.024484572932124138
FLII_RNA,0.024480905383825302
SOX2_RNA,0.024452995508909225
SIK2_RNA,0.02445288747549057
GORASP1_RNA,0.024437231943011284
FAM185A_RNA,0.024421527981758118
FSHB_RNA,0.024409040808677673
PCDHGA4_RNA,0.024406516924500465
NRP2_RNA,0.024405498057603836
ZNF69_RNA,0.024402661249041557
CEP192_RNA,0.024391544982790947
TNFSF10_RNA,0.024390248581767082
CMPK2_RNA,0.024386102333664894
PPP2R1A_RNA,0.02437293343245983
OR2C1_RNA,0.024368546903133392
GPR107_RNA,0.024366816505789757
BCL2L13_RNA,0.024358728900551796
MS4A6A_RNA,0.024358313530683517
P2RY11_RNA,0.024332398548722267
ASL_RNA,0.024329418316483498
PCDH17_RNA,0.024327313527464867
KITLG_RNA,0.024316493421792984
VKORC1L1_RNA,0.024315819144248962
NR1H2_RNA,0.024311482906341553
LPXN_RNA,0.024310708045959473
EPHA3_RNA,0.02429782785475254
SLC25A2_RNA,0.02429453656077385
ZFP37_RNA,0.02429307997226715
RPS2_RNA,0.02429194562137127
NCOA4_RNA,0.02427641861140728
PHF8_RNA,0.02427028678357601
LUC7L2_RNA,0.024267038330435753
ZNF696_RNA,0.0242632944136858
UTRN_RNA,0.02425854653120041
RGS6_RNA,0.024256890639662743
PAQR6_RNA,0.024256562814116478
SHH_RNA,0.024245813488960266
PCDH10_RNA,0.024244552478194237
TIAM2_RNA,0.02424043044447899
IPCEF1_RNA,0.024225423112511635
KLF13_RNA,0.024216825142502785
SNORA13_RNA,0.02420566789805889
PSMB10_RNA,0.024205394089221954
SFXN2_RNA,0.024203086271882057
FGF22_RNA,0.024202579632401466
SIGLEC9_RNA,0.024202466011047363
RFX5_RNA,0.024201052263379097
BATF_RNA,0.024193748831748962
DNAJB8_RNA,0.024192240089178085
FGFR3_RNA,0.02419177256524563
AKTIP_RNA,0.024187296628952026
YY1AP1_RNA,0.024185337126255035
BPTF_RNA,0.0241627749055624
BBS1_RNA,0.024160202592611313
UBXN6_RNA,0.024158095940947533
GJC1_RNA,0.024151667952537537
DCDC2B_RNA,0.024148529395461082
TPT1_RNA,0.02414046786725521
AGT_RNA,0.0241092499345541
MANBA_RNA,0.024106018245220184
CNPY3_RNA,0.024091634899377823
HDGF_RNA,0.024087462574243546
SNORD115-25_RNA,0.024085942655801773
FXN_RNA,0.02407747693359852
CAP2_RNA,0.024070514366030693
RFTN1_RNA,0.02406318299472332
PECR_RNA,0.024060659110546112
SLC27A5_RNA,0.02405790239572525
CXCL17_RNA,0.02405427396297455
ADAM11_RNA,0.02404896728694439
BEND7_RNA,0.02403833530843258
RNASET2_RNA,0.024008817970752716
NFATC2_RNA,0.024000274017453194
APPL2_RNA,0.023990726098418236
ZNF429_RNA,0.02397770807147026
GPR160_RNA,0.023966602981090546
KRT14_RNA,0.023960750550031662
CCDC69_RNA,0.023959679529070854
DNAL1_RNA,0.02394924685359001
MRPL30_RNA,0.02393013797700405
MAT2B_RNA,0.02392655238509178
DSC1_RNA,0.02391907386481762
TSC22D4_RNA,0.02391781285405159
CLSTN1_RNA,0.0239137951284647
GLCCI1_RNA,0.023913675919175148
PTP4A3_RNA,0.02390940487384796
ARL8B_RNA,0.02389504946768284
TIAM1_RNA,0.023891473188996315
NRBF2_RNA,0.023885780945420265
PDCD4_RNA,0.023883260786533356
UBQLN1_RNA,0.023874200880527496
FOLR2_RNA,0.02386988140642643
NCOA2_RNA,0.023864055052399635
ETFA_RNA,0.023860499262809753
NOTUM_RNA,0.023857470601797104
AS3MT_RNA,0.02385200373828411
BUD13_RNA,0.023851074278354645
CRHR2_RNA,0.02383912354707718
VN1R1_RNA,0.023833421990275383
SPI1_RNA,0.02383209392428398
SLA_RNA,0.023829752579331398
STAG2_RNA,0.023822754621505737
TMEM101_RNA,0.023803090676665306
PLEK_RNA,0.0238029807806015
MAGT1_RNA,0.023795748129487038
EBF1_RNA,0.023772690445184708
TLL2_RNA,0.02375834807753563
GNA14_RNA,0.02375362254679203
ACTN3_RNA,0.02374989539384842
GAGE10_RNA,0.02374165691435337
ZFP92_RNA,0.023726696148514748
GIPC2_RNA,0.023723559454083443
PBX1_RNA,0.023712974041700363
CPE_RNA,0.023706287145614624
ZNF546_RNA,0.023690029978752136
MS4A2_RNA,0.023689355701208115
ZNF616_RNA,0.02368124946951866
TMEM54_RNA,0.02367984689772129
WARS2_RNA,0.023671334609389305
CASP9_RNA,0.023664122447371483
RYR3_RNA,0.02365676872432232
HNRNPUL2_RNA,0.02363802306354046
PYCARD_RNA,0.023637713864445686
ZFYVE19_RNA,0.0236345324665308
KLF15_RNA,0.023615384474396706
ZNF793_RNA,0.0236140675842762
NKX1-2_RNA,0.02361292392015457
DDO_RNA,0.023606806993484497
GPR35_RNA,0.023599371314048767
PRKAR1B_RNA,0.023593591526150703
FAM174B_RNA,0.0235915407538414
ST6GALNAC5_RNA,0.023575741797685623
TSEN54_RNA,0.023566216230392456
ADCY7_RNA,0.023564819246530533
VHLL_RNA,0.023563852533698082
DPEP2_RNA,0.023540562018752098
C10orf90_RNA,0.023539777845144272
TCEAL3_RNA,0.023523308336734772
CDC42BPA_RNA,0.023517336696386337
ERBB4_RNA,0.02351202443242073
ZFAND2B_RNA,0.023472551256418228
PLXNB1_RNA,0.023460736498236656
PDGFC_RNA,0.023447969928383827
SLC35E4_RNA,0.02344537526369095
ACOX3_RNA,0.02343258447945118
AIRE_RNA,0.023431438952684402
LDB3_RNA,0.023424167186021805
RNF220_RNA,0.023418525233864784
CCM2_RNA,0.02341807261109352
RBBP9_RNA,0.02340088039636612
KRT36_RNA,0.0233899112790823
TJP2_RNA,0.02337264083325863
PTPN12_RNA,0.02336948737502098
DEGS2_RNA,0.023368490859866142
MIR181A2_RNA,0.02336268499493599
HHIP_RNA,0.0233420729637146
LYRM4_RNA,0.02333172783255577
PIGB_RNA,0.023325815796852112
RNF146_RNA,0.023318622261285782
CCS_RNA,0.02330516278743744
LCN6_RNA,0.02330084703862667
RASSF4_RNA,0.02329212985932827
MKLN1_RNA,0.023282475769519806
IRAK3_RNA,0.023282041773200035
LRRC17_RNA,0.023269489407539368
INSR_RNA,0.023247476667165756
ACP1_RNA,0.023220119997859
ITGA7_RNA,0.023188499733805656
PARP6_RNA,0.023182937875390053
MPI_RNA,0.023158304393291473
ARMC7_RNA,0.023154327645897865
EIF2AK1_RNA,0.02313775010406971
CA14_RNA,0.023133888840675354
GMFG_RNA,0.02312786877155304
SAFB_RNA,0.02312062308192253
ZFAND5_RNA,0.023117585107684135
PRKCA_RNA,0.023111097514629364
RSPO2_RNA,0.02309880591928959
ADCY1_RNA,0.023093847557902336
INTS5_RNA,0.023089440539479256
KCNS2_RNA,0.02307998575270176
KCNN1_RNA,0.02307974547147751
RASGRP2_RNA,0.023075954988598824
FCHSD2_RNA,0.023062141612172127
MIR769_RNA,0.023032980039715767
SKI_RNA,0.023029131814837456
FAM43B_RNA,0.02302773855626583
CRNN_RNA,0.023024732246994972
CD226_RNA,0.023010408505797386
KLHL7_RNA,0.023007022216916084
CLDN23_RNA,0.023005850613117218
TNFRSF13C_RNA,0.02300264500081539
BMS1_RNA,0.023002447560429573
GNB2_RNA,0.022992275655269623
PSME3_RNA,0.022989526391029358
CCDC141_RNA,0.022957883775234222
NCSTN_RNA,0.022957205772399902
TIGD1_RNA,0.022953595966100693
IRF2BP1_RNA,0.0229384433478117
STK25_RNA,0.0229355301707983
CCDC63_RNA,0.022931579500436783
TBCC_RNA,0.02292598970234394
PBX3_RNA,0.022916080430150032
ASXL1_RNA,0.02291245013475418
CFL2_RNA,0.022911667823791504
GOLGA1_RNA,0.022903041914105415
SCYL1_RNA,0.022897200658917427
EDN1_RNA,0.022887729108333588
FAM66C_RNA,0.022883841767907143
BAZ1B_RNA,0.02288229949772358
CLPB_RNA,0.022876039147377014
PPARGC1A_RNA,0.022875776514410973
OLFM3_RNA,0.022873545065522194
VAMP8_RNA,0.02287263795733452
NUP188_RNA,0.02285996824502945
UBR4_RNA,0.022854752838611603
MSX1_RNA,0.02285349741578102
CYP8B1_RNA,0.022820988669991493
FRMD4A_RNA,0.02282019890844822
KDSR_RNA,0.022819433361291885
GOLGA8B_RNA,0.02281525917351246
IPO13_RNA,0.022808102890849113
CALHM1_RNA,0.022807549685239792
CSNK1G1_RNA,0.02280530147254467
LDLRAP1_RNA,0.02279766835272312
ITGAX_RNA,0.022781195119023323
CYP27C1_RNA,0.022778430953621864
RAB3IP_RNA,0.022767657414078712
SRP54_RNA,0.022761300206184387
NMB_RNA,0.022756658494472504
NT5C2_RNA,0.02275444008409977
RBMS2_RNA,0.022753413766622543
WIPI1_RNA,0.022744949907064438
DTWD1_RNA,0.022738561034202576
NDST2_RNA,0.02271912805736065
RNF222_RNA,0.022718677297234535
ADAM32_RNA,0.022707663476467133
SLC31A2_RNA,0.02270674891769886
MTMR3_RNA,0.022701594978570938
TBC1D12_RNA,0.02268383838236332
SNORD115-31_RNA,0.022680748254060745
ADO_RNA,0.022660652175545692
HGF_RNA,0.022659363225102425
CCDC88C_RNA,0.022654343396425247
TIMM9_RNA,0.022647134959697723
BACE1_RNA,0.022647032514214516
TMEM141_RNA,0.022636553272604942
RTN4IP1_RNA,0.022632921114563942
AOC2_RNA,0.022631002590060234
POLR3F_RNA,0.022626668214797974
DBT_RNA,0.022621536627411842
PEF1_RNA,0.02262108400464058
MDH1_RNA,0.022619137540459633
ARGLU1_RNA,0.022614967077970505
OPHN1_RNA,0.022599300369620323
FCGR2A_RNA,0.022595958784222603
DENND1A_RNA,0.02259075827896595
LRRC37A3_RNA,0.022580666467547417
DLG1_RNA,0.022571636363863945
PTPRZ1_RNA,0.02256719395518303
RAB8A_RNA,0.02255786582827568
CRYBB3_RNA,0.022557469084858894
ID2_RNA,0.02254542149603367
RBM33_RNA,0.022535067051649094
GPATCH4_RNA,0.02253168821334839
CAB39_RNA,0.022521551698446274
QPRT_RNA,0.022520365193486214
TARBP1_RNA,0.022511254996061325
SPAG7_RNA,0.022504499182105064
MPPED1_RNA,0.02249101735651493
SLC35C2_RNA,0.022488441318273544
SPIN2B_RNA,0.022486327216029167
SLC38A3_RNA,0.022471241652965546
ZNF780B_RNA,0.022465355694293976
NEURL2_RNA,0.022450556978583336
RAB13_RNA,0.022435802966356277
POLR3GL_RNA,0.02243456430733204
LRRC49_RNA,0.022434476763010025
FANCM_RNA,0.022433890029788017
VPS16_RNA,0.022431977093219757
TSHR_RNA,0.022431962192058563
MCFD2_RNA,0.022431880235671997
FLRT3_RNA,0.022431794553995132
DUT_RNA,0.022428279742598534
PCDHGA8_RNA,0.0224255733191967
USE1_RNA,0.0224217027425766
PRKCB_RNA,0.022401202470064163
MRPS24_RNA,0.02238788641989231
FAM117A_RNA,0.02238452062010765
RHPN2_RNA,0.02238391526043415
LTB4R_RNA,0.022382324561476707
BBS4_RNA,0.02235203981399536
FLOT1_RNA,0.02234824374318123
COPS6_RNA,0.022347835823893547
ZNF830_RNA,0.022339941933751106
DNAJB14_RNA,0.022335629910230637
QTRT1_RNA,0.022325120866298676
ZNF562_RNA,0.022322826087474823
MAS1_RNA,0.02231619693338871
FAM131B_RNA,0.02230122685432434
HABP2_RNA,0.022299041971564293
CAB39L_RNA,0.02228912152349949
ATP6V1H_RNA,0.022286981344223022
TTC39A_RNA,0.022275473922491074
NIF3L1_RNA,0.022253692150115967
PLSCR3_RNA,0.022242998704314232
KCNQ2_RNA,0.02224080078303814
FZD3_RNA,0.022223765030503273
VOPP1_RNA,0.022221652790904045
GNB3_RNA,0.022211873903870583
ZNF16_RNA,0.022209884598851204
SMARCC2_RNA,0.022199109196662903
DHDDS_RNA,0.022185947746038437
GDI2_RNA,0.02218235842883587
FBXO11_RNA,0.022177111357450485
ZSCAN23_RNA,0.022151373326778412
ZNF277_RNA,0.02213158831000328
OSBPL11_RNA,0.0221230648458004
RPL19_RNA,0.022112742066383362
ARGFX_RNA,0.022111857309937477
C6orf47_RNA,0.022103730589151382
HSD17B14_RNA,0.02209891565144062
C15orf62_RNA,0.022098105400800705
ZNF750_RNA,0.02208777889609337
TNFRSF10C_RNA,0.022084156051278114
ZNF738_RNA,0.02206030860543251
TMEM87A_RNA,0.022049522027373314
GON4L_RNA,0.022043954581022263
ZNF337_RNA,0.022034436464309692
ERLEC1_RNA,0.022029615938663483
TPH1_RNA,0.02202736958861351
GMPPA_RNA,0.022024497389793396
ARHGAP23_RNA,0.022022012621164322
ITGB8_RNA,0.022005325183272362
SF3B2_RNA,0.021981852129101753
RPS6KA5_RNA,0.021973730996251106
DDX28_RNA,0.021967899054288864
FANCD2_RNA,0.021963104605674744
ATP6V0A1_RNA,0.021962670609354973
SMARCAL1_RNA,0.02196240797638893
ABCG5_RNA,0.021940462291240692
EML2_RNA,0.021935051307082176
PIP4K2A_RNA,0.02193251997232437
SNX15_RNA,0.021927576512098312
ZNF138_RNA,0.021925058215856552
RFC1_RNA,0.021921401843428612
CCDC25_RNA,0.021902762353420258
EML6_RNA,0.021901195868849754
RREB1_RNA,0.02189604751765728
RSAD1_RNA,0.02189570479094982
ARHGEF10_RNA,0.021895140409469604
NDUFS1_RNA,0.021892065182328224
FAM20C_RNA,0.021887948736548424
CDK8_RNA,0.021877821534872055
VEGFB_RNA,0.02187480963766575
FBXL16_RNA,0.021871300414204597
DBX2_RNA,0.02186930552124977
MFNG_RNA,0.02186720259487629
RNF212_RNA,0.021857021376490593
FBXW7_RNA,0.021856239065527916
BTBD17_RNA,0.021851297467947006
SIRT5_RNA,0.021832210943102837
RAB15_RNA,0.021831953898072243
KIRREL2_RNA,0.021824555471539497
RAC1_RNA,0.021809184923768044
FCER1G_RNA,0.021806301549077034
CPO_RNA,0.021800572052598
SLC48A1_RNA,0.021790191531181335
RXFP3_RNA,0.02178841270506382
RPL15_RNA,0.021786434575915337
REV1_RNA,0.021786097437143326
COMMD10_RNA,0.021780090406537056
NSUN6_RNA,0.02177325449883938
CCDC103_RNA,0.021772557869553566
CIB2_RNA,0.021771397441625595
NCOA7_RNA,0.021759044378995895
MIR145_RNA,0.02173909917473793
FAM120B_RNA,0.02173510566353798
NBN_RNA,0.021728290244936943
SPNS1_RNA,0.021722540259361267
ACP6_RNA,0.021720150485634804
SLC9A8_RNA,0.02171253226697445
C11orf54_RNA,0.021711453795433044
DNLZ_RNA,0.021709619089961052
SLC37A3_RNA,0.021705035120248795
CTBP1_RNA,0.02169184200465679
EFHC1_RNA,0.021686812862753868
KCTD1_RNA,0.0216829851269722
A4GALT_RNA,0.021678611636161804
TNKS_RNA,0.021674005314707756
C6orf89_RNA,0.021670719608664513
FIZ1_RNA,0.021660877391695976
NDUFA4_RNA,0.02164260856807232
NOS1AP_RNA,0.021641867235302925
FEZF2_RNA,0.021635957062244415
DGCR5_RNA,0.0216287299990654
SFRP4_RNA,0.021619929000735283
ZBED2_RNA,0.02161826193332672
MIR548J_RNA,0.02161593548953533
PPM1B_RNA,0.02160605601966381
SPTLC1_RNA,0.021594567224383354
SYT3_RNA,0.02158328890800476
CPSF1_RNA,0.021579783409833908
SEC13_RNA,0.02157735824584961
DDB1_RNA,0.021554790437221527
MRPS26_RNA,0.021554555743932724
GPD1L_RNA,0.021545179188251495
GPN1_RNA,0.021533669903874397
FUZ_RNA,0.021523771807551384
FAM135A_RNA,0.02152135595679283
SSTR1_RNA,0.021518753841519356
DIP2A_RNA,0.021513372659683228
SOHLH1_RNA,0.021510733291506767
GRIA1_RNA,0.021507225930690765
GTF2A2_RNA,0.021505696699023247
ZNF467_RNA,0.02150423265993595
RRAS_RNA,0.02149762213230133
FMO4_RNA,0.021494822576642036
MTM1_RNA,0.021491559222340584
EGFL8_RNA,0.021470259875059128
CLDN12_RNA,0.021463386714458466
SLC35D2_RNA,0.02145567163825035
FAM124A_RNA,0.021454885601997375
MAMSTR_RNA,0.021451212465763092
RPS25_RNA,0.021450838074088097
PRKCD_RNA,0.021446526050567627
FSHR_RNA,0.021443365141749382
TMEM199_RNA,0.02144133672118187
GADD45GIP1_RNA,0.02143590711057186
RBM5_RNA,0.021427765488624573
OR5C1_RNA,0.02139727957546711
ELOVL1_RNA,0.021393995732069016
NOTCH1_RNA,0.02137671411037445
RPS8_RNA,0.021362604573369026
ZNF146_RNA,0.0213608480989933
RASIP1_RNA,0.02134663797914982
ZNF317_RNA,0.02134310081601143
PEBP4_RNA,0.021342333406209946
PIGH_RNA,0.0213300921022892
EPHA2_RNA,0.021329661831259727
PEX5L_RNA,0.02132367715239525
NUSAP1_RNA,0.021317878738045692
SNTB1_RNA,0.021317284554243088
MMP25_RNA,0.021313367411494255
ZRANB3_RNA,0.02131032384932041
CAPNS1_RNA,0.021309206262230873
NCKAP5_RNA,0.02130906470119953
MIR106B_RNA,0.021301209926605225
MTFMT_RNA,0.021296339109539986
KCNJ6_RNA,0.021288029849529266
TBX2_RNA,0.021287422627210617
MPND_RNA,0.021282149478793144
ZSWIM3_RNA,0.02125854790210724
ABHD1_RNA,0.021244021132588387
RASD1_RNA,0.021239956840872765
SNX20_RNA,0.02122228965163231
DGCR2_RNA,0.021209632977843285
FSCN1_RNA,0.021199842914938927
SCIN_RNA,0.021192027255892754
PPT1_RNA,0.02118668332695961
PLCD3_RNA,0.021176112815737724
KLF2_RNA,0.021174972876906395
MAP1LC3B2_RNA,0.021173393353819847
CABLES1_RNA,0.021162353456020355
DNM1_RNA,0.02116008847951889
ZSWIM1_RNA,0.02115829475224018
CTSG_RNA,0.021146662533283234
ENTPD8_RNA,0.021130358800292015
WAC_RNA,0.02112887240946293
MUCL1_RNA,0.021128812804818153
ZHX3_RNA,0.021123960614204407
ZC3H3_RNA,0.021119771525263786
GNG8_RNA,0.02111838385462761
TRIL_RNA,0.021116361021995544
WDR73_RNA,0.02110893838107586
TMEM135_RNA,0.02110147662460804
CCDC88A_RNA,0.02109229750931263
CCDC146_RNA,0.021090392023324966
EFNB1_RNA,0.021084193140268326
TELO2_RNA,0.021057115867733955
DEXI_RNA,0.021052367985248566
MPEG1_RNA,0.021042080596089363
SNORD115-12_RNA,0.021036623045802116
VASH1_RNA,0.021031565964221954
C8orf44_RNA,0.02102762646973133
CRELD1_RNA,0.021025823429226875
EIF3J_RNA,0.02101575955748558
C16orf90_RNA,0.02101491205394268
NINJ1_RNA,0.021003838628530502
MLST8_RNA,0.02100289613008499
PLEKHJ1_RNA,0.02100195735692978
TMEM91_RNA,0.020993158221244812
TLR9_RNA,0.02098536305129528
FBXO32_RNA,0.020976318046450615
ZNF85_RNA,0.02097012847661972
RPRD1A_RNA,0.020961586385965347
FARSA_RNA,0.02095692791044712
FNDC3A_RNA,0.02095315232872963
CCL24_RNA,0.02095021679997444
N4BP2L1_RNA,0.020949503406882286
NPNT_RNA,0.02094680815935135
UMPS_RNA,0.020920349285006523
ATL1_RNA,0.0209104772657156
SCHIP1_RNA,0.02090589888393879
FOXF2_RNA,0.02090471424162388
RAB18_RNA,0.02089752070605755
CEP57_RNA,0.02088744379580021
SNAP23_RNA,0.020883437246084213
C1D_RNA,0.020878231152892113
FLOT2_RNA,0.020872268825769424
NUP54_RNA,0.020845819264650345
MSL1_RNA,0.020845206454396248
ARPP19_RNA,0.020844344049692154
GMIP_RNA,0.020839011296629906
FUT1_RNA,0.020838193595409393
PPWD1_RNA,0.020831063389778137
GPC1_RNA,0.0208275243639946
IQGAP2_RNA,0.02082126773893833
PRPF39_RNA,0.020819611847400665
LHX6_RNA,0.02081320621073246
MPV17_RNA,0.020810866728425026
PTEN_RNA,0.020778898149728775
TTF1_RNA,0.020774275064468384
ZNF471_RNA,0.020773617550730705
PLEKHA2_RNA,0.020767036825418472
TPD52L2_RNA,0.020761514082551003
CEACAM16_RNA,0.020761268213391304
USP35_RNA,0.02075551636517048
LEPROT_RNA,0.02075457200407982
TLE4_RNA,0.020746055990457535
ZNF225_RNA,0.020742150023579597
BMP1_RNA,0.020734239369630814
MACF1_RNA,0.020733321085572243
DLAT_RNA,0.020726358518004417
TBR1_RNA,0.02072252705693245
JAG1_RNA,0.020718341693282127
CCNG1_RNA,0.020717060193419456
SEC61A2_RNA,0.020677298307418823
EGFR_RNA,0.02067318558692932
ZNF638_RNA,0.02066877856850624
ERAL1_RNA,0.020653069019317627
SLC25A41_RNA,0.020652756094932556
THSD7A_RNA,0.020652152597904205
GPX1_RNA,0.020638441666960716
PEX12_RNA,0.020631086081266403
HSP90AA1_RNA,0.020627336576581
ARID3B_RNA,0.02062518335878849
WDR13_RNA,0.020623045042157173
MPPE1_RNA,0.020618630573153496
SCD_RNA,0.02060401253402233
GIMAP7_RNA,0.020592786371707916
MIB2_RNA,0.020585471764206886
CLDN5_RNA,0.020574631169438362
APOL2_RNA,0.02057354524731636
SETX_RNA,0.02056290954351425
PANK4_RNA,0.020559459924697876
HPYR1_RNA,0.020542791113257408
TNFRSF17_RNA,0.020534086972475052
PUS10_RNA,0.02053074538707733
FBXL17_RNA,0.020525941625237465
ENKUR_RNA,0.020516587421298027
TAS1R3_RNA,0.02051500231027603
HEPACAM2_RNA,0.020509928464889526
ABCC9_RNA,0.020503170788288116
KIAA1217_RNA,0.02049923501908779
TGM6_RNA,0.020495617762207985
ZNF107_RNA,0.02048790268599987
EFNA1_RNA,0.020485755056142807
IVNS1ABP_RNA,0.02047906257212162
MIR543_RNA,0.020458856597542763
RPL27_RNA,0.02045796625316143
PSPC1_RNA,0.02045575901865959
OR1I1_RNA,0.02044939249753952
OVCH2_RNA,0.020444896072149277
RPL35_RNA,0.020436609163880348
RBCK1_RNA,0.020409181714057922
RPS5_RNA,0.020406801253557205
TCF4_RNA,0.020399078726768494
IFIT5_RNA,0.020376106724143028
PROS1_RNA,0.020366933196783066
KIDINS220_RNA,0.020355748012661934
ID3_RNA,0.02035127393901348
SNX16_RNA,0.020349733531475067
EHD2_RNA,0.020349636673927307
U2AF1L4_RNA,0.02034943178296089
MTRF1_RNA,0.02034670300781727
B3GAT1_RNA,0.020343707874417305
CITED1_RNA,0.020333461463451385
DPEP3_RNA,0.02032889425754547
DCLK1_RNA,0.020325837656855583
NAPB_RNA,0.020318904891610146
NAA40_RNA,0.02031148225069046
ZNF560_RNA,0.020303752273321152
STXBP2_RNA,0.0202985517680645
IWS1_RNA,0.020293470472097397
GAK_RNA,0.020284274592995644
MYEF2_RNA,0.02026991732418537
SLC38A5_RNA,0.020265843719244003
HLA-DPB2_RNA,0.020265640690922737
CASC3_RNA,0.02026170864701271
SEC14L5_RNA,0.020261116325855255
GMEB2_RNA,0.02025889977812767
SLC25A26_RNA,0.02025594562292099
ABCF1_RNA,0.02025413140654564
GFER_RNA,0.020251741632819176
RGS11_RNA,0.02024722471833229
NFAM1_RNA,0.020238356664776802
DKK4_RNA,0.020234616473317146
GATAD2B_RNA,0.02023039013147354
YPEL2_RNA,0.020227380096912384
SH2B1_RNA,0.020212305709719658
FASTKD1_RNA,0.02020767331123352
MYO5C_RNA,0.020207609981298447
CDH18_RNA,0.02019713819026947
ARFGEF2_RNA,0.020193612203001976
BAD_RNA,0.020184006541967392
DOCK5_RNA,0.02016853727400303
MECR_RNA,0.020160451531410217
RNF4_RNA,0.020159341394901276
ZNF382_RNA,0.020153066143393517
HTRA2_RNA,0.020150460302829742
TANC1_RNA,0.02014593966305256
ARHGAP5_RNA,0.020144455134868622
BLCAP_RNA,0.020142102614045143
MRPS27_RNA,0.020136430859565735
WDR11_RNA,0.020133133977651596
CNIH3_RNA,0.02013298124074936
STK4_RNA,0.020123759284615517
TKTL1_RNA,0.020118722692131996
SNCG_RNA,0.020104264840483665
EPC1_RNA,0.020094899460673332
CHIC1_RNA,0.020086124539375305
AGTRAP_RNA,0.020078536123037338
CCDC22_RNA,0.020069632679224014
USP14_RNA,0.020066633820533752
CTNNBL1_RNA,0.020058754831552505
RUNDC3B_RNA,0.020055703818798065
PCDHGA5_RNA,0.020052965730428696
TRIM26_RNA,0.020048964768648148
SLC25A42_RNA,0.020039379596710205
IGF1_RNA,0.02003519795835018
FBXL20_RNA,0.020029250532388687
ZNF501_RNA,0.020025847479701042
ACY3_RNA,0.02001364342868328
RDH11_RNA,0.02001238241791725
GLI1_RNA,0.01998901553452015
DUS3L_RNA,0.019984306767582893
GIT1_RNA,0.01997472159564495
FUCA1_RNA,0.019969917833805084
RNF214_RNA,0.019966324791312218
PLEKHB2_RNA,0.019955193623900414
OPN4_RNA,0.019950535148382187
RPS6KA1_RNA,0.019950496032834053
SUPT5H_RNA,0.019940154626965523
BAIAP2_RNA,0.019939087331295013
DAAM1_RNA,0.019938325509428978
PRR5-ARHGAP8_RNA,0.01993543840944767
DBI_RNA,0.019934827461838722
HSPA8_RNA,0.01993279717862606
MEF2D_RNA,0.01992420293390751
SYT12_RNA,0.01990157552063465
RTEL1_RNA,0.019894270226359367
NRN1L_RNA,0.01989256590604782
AURKC_RNA,0.019883399829268456
GNG7_RNA,0.019864754751324654
SEC31B_RNA,0.01985553838312626
PKHD1_RNA,0.019846472889184952
TMEM38A_RNA,0.019830873236060143
GLTPD2_RNA,0.019812658429145813
ZNF134_RNA,0.019809849560260773
PRRG1_RNA,0.01980694569647312
ITGA2_RNA,0.019806036725640297
TFAP2E_RNA,0.019804740324616432
LRRC47_RNA,0.01979014463722706
ABCD3_RNA,0.019781924784183502
TOR1A_RNA,0.019766980782151222
DPP6_RNA,0.019762469455599785
PMS2_RNA,0.019760578870773315
ASB6_RNA,0.019757648929953575
NR1I3_RNA,0.01974909007549286
MIR140_RNA,0.019741827622056007
AKAP1_RNA,0.019726550206542015
SORT1_RNA,0.0197165384888649
GMDS_RNA,0.019704798236489296
SMOC2_RNA,0.019704392179846764
BBC3_RNA,0.019697897136211395
ATP6V0E2_RNA,0.01969767175614834
HMGB1_RNA,0.019695868715643883
DIRAS1_RNA,0.019692035391926765
UPRT_RNA,0.019691182300448418
CPXM1_RNA,0.01968352124094963
ACAA1_RNA,0.01967514492571354
ABCF2_RNA,0.019672781229019165
TSPAN16_RNA,0.01966378465294838
KLK5_RNA,0.01964658871293068
GADD45B_RNA,0.01964590698480606
GFRA2_RNA,0.019640088081359863
CPD_RNA,0.019638994708657265
STAT3_RNA,0.0196352768689394
FITM1_RNA,0.019633181393146515
SNORD115-11_RNA,0.019621804356575012
LARP4B_RNA,0.019612140953540802
SERF2_RNA,0.0196090005338192
GPX4_RNA,0.0196083914488554
SNORD115-44_RNA,0.019606441259384155
BRD7_RNA,0.019606297835707664
SV2A_RNA,0.019605154171586037
SLC4A4_RNA,0.019604306668043137
POF1B_RNA,0.019602317363023758
SNORD115-29_RNA,0.019590936601161957
TFCP2_RNA,0.01958167739212513
RBM28_RNA,0.019579587504267693
TUBA4A_RNA,0.019576644524931908
RNF166_RNA,0.019566243514418602
DNASE1_RNA,0.019565735012292862
ATP1A4_RNA,0.01956266537308693
PSORS1C1_RNA,0.01956055499613285
CYTH3_RNA,0.019558917731046677
ECSIT_RNA,0.019553080201148987
ZNF319_RNA,0.019539594650268555
CPNE4_RNA,0.019539209082722664
CDH20_RNA,0.019509131088852882
ATG2A_RNA,0.019507965072989464
TCF25_RNA,0.019502844661474228
SIX4_RNA,0.019499432295560837
MDFI_RNA,0.019484812393784523
TRNT1_RNA,0.019484763965010643
SP110_RNA,0.019476739689707756
PPP1R13L_RNA,0.019470006227493286
PHF23_RNA,0.01946312002837658
ZNF585B_RNA,0.01945307105779648
PMS2CL_RNA,0.019442694261670113
SLC35D1_RNA,0.019438793882727623
RPL13AP5_RNA,0.019431455060839653
AIG1_RNA,0.0194200798869133
MAP7D3_RNA,0.019405929371714592
TMEM14C_RNA,0.01939784549176693
STAM2_RNA,0.01939486898481846
TMEM132A_RNA,0.019383629783988
NLGN2_RNA,0.019383149221539497
FOXN2_RNA,0.019379962235689163
KLF12_RNA,0.019375894218683243
ST8SIA4_RNA,0.019371652975678444
PZP_RNA,0.019370045512914658
MARVELD3_RNA,0.019366737455129623
SMCHD1_RNA,0.019356057047843933
NPAS1_RNA,0.019347570836544037
HMGCLL1_RNA,0.01934116892516613
CYP17A1_RNA,0.019335495308041573
BSDC1_RNA,0.019326288253068924
NANOS2_RNA,0.019321532920002937
SDF2_RNA,0.019313400611281395
DLL1_RNA,0.0193130262196064
MXD4_RNA,0.0193125382065773
IFI44L_RNA,0.019301656633615494
MFN2_RNA,0.019300036132335663
ARHGAP4_RNA,0.01929895393550396
LRWD1_RNA,0.01928970217704773
YKT6_RNA,0.019287090748548508
TADA2B_RNA,0.019281702116131783
HGFAC_RNA,0.019277626648545265
DAGLA_RNA,0.019275404512882233
ST6GALNAC1_RNA,0.019269917160272598
GRIN3A_RNA,0.019267480820417404
EIF2AK4_RNA,0.019266964867711067
LRRC41_RNA,0.019259296357631683
KIR3DL1_RNA,0.019253358244895935
LCP2_RNA,0.019252881407737732
RNF31_RNA,0.019249483942985535
ANO8_RNA,0.019245129078626633
CDH2_RNA,0.019243448972702026
AMD1_RNA,0.019243428483605385
CENPB_RNA,0.019234316423535347
SH3TC2_RNA,0.019227754324674606
GPX2_RNA,0.019222581759095192
GPR21_RNA,0.019220905378460884
DEFB119_RNA,0.019217409193515778
INTS9_RNA,0.019213590770959854
SCN11A_RNA,0.019206635653972626
CCL23_RNA,0.019202042371034622
CIC_RNA,0.019196925684809685
UBXN2B_RNA,0.019192351028323174
ERG_RNA,0.019184676930308342
PPM1H_RNA,0.01917673461139202
TAF1L_RNA,0.0191748458892107
AVL9_RNA,0.01917371153831482
EPHX2_RNA,0.01916789449751377
MRPS14_RNA,0.019161110743880272
SNORD105B_RNA,0.019154712557792664
OXCT1_RNA,0.019149502739310265
CBLB_RNA,0.019148612394928932
C15orf61_RNA,0.019148020073771477
ATP6V0D1_RNA,0.019146695733070374
SNORA47_RNA,0.019123537465929985
ADAP1_RNA,0.019121693447232246
GCNT4_RNA,0.019119028002023697
MST1R_RNA,0.019102565944194794
HIVEP1_RNA,0.01909935101866722
TBL3_RNA,0.01908901333808899
PCSK7_RNA,0.01907750777900219
CHRND_RNA,0.01907697319984436
ZNF155_RNA,0.01907600276172161
FLYWCH1_RNA,0.0190736074000597
LRRTM2_RNA,0.019073475152254105
EPHX4_RNA,0.019068527966737747
GSS_RNA,0.019046124070882797
ZNF516_RNA,0.019036447629332542
RAB8B_RNA,0.019034603610634804
ZNF671_RNA,0.01902787573635578
SIGLEC7_RNA,0.019025562331080437
PSKH1_RNA,0.019023889675736427
CALML4_RNA,0.019015083089470863
PCCB_RNA,0.01899794116616249
RIMKLB_RNA,0.01899583451449871
SLC7A8_RNA,0.018989386036992073
NF1_RNA,0.018982456997036934
CYB561D1_RNA,0.018974874168634415
FEZ1_RNA,0.01895206794142723
CTDSP2_RNA,0.018929101526737213
ANAPC1_RNA,0.018928060308098793
NOL8_RNA,0.018923986703157425
ZSCAN20_RNA,0.01891699992120266
SERINC2_RNA,0.018913855776190758
DCTN6_RNA,0.01887918822467327
CLK3_RNA,0.018876874819397926
N4BP1_RNA,0.018869727849960327
TRIM39_RNA,0.018861595541238785
WNT2_RNA,0.01885210908949375
GATA2_RNA,0.018845541402697563
COL28A1_RNA,0.018844615668058395
CASQ1_RNA,0.018843431025743484
BCAP29_RNA,0.018843183293938637
ANKS1A_RNA,0.01883978582918644
CNKSR2_RNA,0.018834544345736504
PNPLA7_RNA,0.018827898427844048
MAL_RNA,0.018826888874173164
ALOX5AP_RNA,0.01882404275238514
CMTM6_RNA,0.018818894401192665
PYCR1_RNA,0.018809311091899872
RPL18AP3_RNA,0.018808508291840553
RAB2A_RNA,0.018807314336299896
SEMA7A_RNA,0.01880566217005253
LTBP1_RNA,0.018800608813762665
SIPA1L2_RNA,0.018780359998345375
TSR2_RNA,0.01876736991107464
FADS6_RNA,0.018760431557893753
PTER_RNA,0.018753761425614357
FTL_RNA,0.018742091953754425
PALLD_RNA,0.018731264397501945
INTS2_RNA,0.01871846616268158
GSG1_RNA,0.01871645636856556
PRR23C_RNA,0.018715975806117058
TMEM62_RNA,0.018715593963861465
CCNT2_RNA,0.018704457208514214
LSM2_RNA,0.01869276911020279
SPRYD3_RNA,0.01868288591504097
RGS9BP_RNA,0.018679210916161537
JRKL_RNA,0.01866595633327961
TTC9C_RNA,0.01866593398153782
ANKRD33B_RNA,0.01865723542869091
CCDC87_RNA,0.018649423494935036
ZNF784_RNA,0.018649090081453323
PC_RNA,0.01864772103726864
CCT3_RNA,0.018640590831637383
RNASE13_RNA,0.018634799867868423
GSTK1_RNA,0.018633278086781502
PRSS3_RNA,0.0186296459287405
MS4A15_RNA,0.018626302480697632
ZBTB16_RNA,0.018612300977110863
ZNF510_RNA,0.018611449748277664
ZNF426_RNA,0.018605342134833336
KLK7_RNA,0.018592793494462967
MRPS18B_RNA,0.018591035157442093
PHF20_RNA,0.018584733828902245
ITFG1_RNA,0.018581433221697807
PATL2_RNA,0.018575217574834824
TNKS2_RNA,0.018572669476270676
GDE1_RNA,0.018566889688372612
UTS2R_RNA,0.01856326125562191
ST6GALNAC4_RNA,0.018560349941253662
BMP2_RNA,0.018557759001851082
POM121C_RNA,0.018554652109742165
KCNF1_RNA,0.018549999222159386
AKAP5_RNA,0.018541358411312103
MFRP_RNA,0.01854017749428749
CCDC115_RNA,0.018537230789661407
CACNG3_RNA,0.018520910292863846
TDRD12_RNA,0.018519844859838486
DTNB_RNA,0.01851975917816162
CDH6_RNA,0.018512403592467308
ARFGAP1_RNA,0.018510358408093452
RHOH_RNA,0.018504077568650246
FAM174A_RNA,0.018489377573132515
ZNF189_RNA,0.01848885603249073
LRRN1_RNA,0.01848374865949154
CCR9_RNA,0.01848246529698372
SNRNP200_RNA,0.018478931859135628
KIF12_RNA,0.018476596102118492
RIN2_RNA,0.018473783507943153
SEC23A_RNA,0.018468834459781647
TMEM184C_RNA,0.018465479835867882
KCTD3_RNA,0.01844687946140766
REPIN1_RNA,0.01843404211103916
RPL18A_RNA,0.018428217619657516
ARF5_RNA,0.01841617375612259
IGLON5_RNA,0.018405791372060776
CPNE5_RNA,0.018405141308903694
S100Z_RNA,0.018392249941825867
MIR1262_RNA,0.018364468589425087
NXPH1_RNA,0.018364453688263893
SERPINB7_RNA,0.018357887864112854
OPRM1_RNA,0.01835661381483078
INTS4_RNA,0.01834876276552677
CRIP2_RNA,0.018348166719079018
POLR1E_RNA,0.018344610929489136
ABI3BP_RNA,0.01834459975361824
SLC15A5_RNA,0.018344484269618988
CNNM2_RNA,0.018341761082410812
TRPA1_RNA,0.01834116503596306
OPALIN_RNA,0.01833994686603546
TMEM144_RNA,0.018317731097340584
FBXO31_RNA,0.01831172965466976
SLC24A3_RNA,0.018308036029338837
KCND1_RNA,0.018305204808712006
CREBBP_RNA,0.018296655267477036
TP53BP2_RNA,0.018296578899025917
ERC1_RNA,0.018293356522917747
PCYT2_RNA,0.01827152632176876
SNORD88A_RNA,0.018267201259732246
CACNA1H_RNA,0.018235662952065468
MRPL11_RNA,0.01823241263628006
SLC9A6_RNA,0.01822228915989399
SOX18_RNA,0.018222114071249962
LAMP2_RNA,0.018220648169517517
ALS2_RNA,0.01820955239236355
KRT222_RNA,0.018209276720881462
IRX3_RNA,0.01820455864071846
SFTPA1_RNA,0.018196310847997665
KDM4D_RNA,0.018188096582889557
PPM1K_RNA,0.01818808726966381
F8_RNA,0.018183566629886627
C14orf93_RNA,0.018180696293711662
GZMB_RNA,0.018179619684815407
VRK3_RNA,0.018174422904849052
ENPP2_RNA,0.0181643795222044
TYW3_RNA,0.018161196261644363
BCAT2_RNA,0.018158193677663803
CD34_RNA,0.018156511709094048
CNTN5_RNA,0.018156133592128754
PRR16_RNA,0.018148299306631088
UGT1A7_RNA,0.01814568229019642
TM4SF5_RNA,0.01813625730574131
SLC5A11_RNA,0.01813560351729393
THSD4_RNA,0.018135441467165947
SLC24A2_RNA,0.01812787726521492
PREPL_RNA,0.018119586631655693
RNF139_RNA,0.018115593120455742
NR1D1_RNA,0.018115300685167313
CASKIN1_RNA,0.018110215663909912
MMP23A_RNA,0.018104175105690956
MATK_RNA,0.018100164830684662
ZNHIT1_RNA,0.018090125173330307
HADH_RNA,0.018089188262820244
PRH1_RNA,0.018082013353705406
PSG9_RNA,0.018077127635478973
CD22_RNA,0.018076922744512558
STRADA_RNA,0.018063591793179512
MSI1_RNA,0.018055226653814316
MTUS2_RNA,0.018035627901554108
NKX2-1_RNA,0.018021276220679283
CRHR1_RNA,0.018018776550889015
TRIP6_RNA,0.018004102632403374
CCDC93_RNA,0.018002016469836235
DDX42_RNA,0.018001532182097435
ZNF93_RNA,0.017999153584241867
ABCA7_RNA,0.01798824407160282
TXNDC2_RNA,0.01798258349299431
HTR1B_RNA,0.017979001626372337
MED29_RNA,0.01797875389456749
PPP1CB_RNA,0.017953811213374138
LDLRAD1_RNA,0.017937328666448593
RAB3IL1_RNA,0.017935043200850487
RPS21_RNA,0.017930952832102776
ERI1_RNA,0.017915597185492516
CCDC159_RNA,0.01791459508240223
DDAH2_RNA,0.017894811928272247
ZNF566_RNA,0.017890015617012978
ZNF613_RNA,0.017887523397803307
WNT5B_RNA,0.01787973940372467
PADI2_RNA,0.01787750795483589
PLCB3_RNA,0.017874527722597122
ATP13A4_RNA,0.017858926206827164
POLR3A_RNA,0.017856083810329437
SNX31_RNA,0.017842384055256844
MIR383_RNA,0.017830979079008102
MPST_RNA,0.0178268663585186
PHLDB3_RNA,0.0178265068680048
PON3_RNA,0.017811907455325127
ZNF567_RNA,0.017811760306358337
NAGLU_RNA,0.01781173050403595
RNF151_RNA,0.017811287194490433
CBFA2T2_RNA,0.017791304737329483
ECHS1_RNA,0.017789771780371666
SLIT3_RNA,0.017782649025321007
INPP5B_RNA,0.017779640853405
EGFL7_RNA,0.017777109518647194
LCN10_RNA,0.017773477360606194
LRTM2_RNA,0.017772216349840164
NCDN_RNA,0.0177596602588892
EXOSC2_RNA,0.017752528190612793
MIPOL1_RNA,0.01774677075445652
RAD17_RNA,0.017743423581123352
HNRNPC_RNA,0.017730802297592163
SEPSECS_RNA,0.017730409279465675
GRIK3_RNA,0.017728950828313828
ELOVL2_RNA,0.01771468110382557
PIK3R6_RNA,0.01771404966711998
HMBS_RNA,0.01771116629242897
EIF4ENIF1_RNA,0.01770966872572899
TUBD1_RNA,0.017705317586660385
PDCL_RNA,0.017699943855404854
NDUFB2_RNA,0.017682848498225212
TNXB_RNA,0.01767602749168873
SLMAP_RNA,0.017674338072538376
LACTB_RNA,0.01766922138631344
ZNF585A_RNA,0.017668021842837334
PIN1_RNA,0.017664199694991112
TLE1_RNA,0.01766030676662922
TMC4_RNA,0.017653195187449455
HDAC5_RNA,0.0176494512706995
WDR27_RNA,0.017641669139266014
ZNF595_RNA,0.017634816467761993
ZC3H8_RNA,0.0176211129873991
PRRG2_RNA,0.017615290358662605
TTC33_RNA,0.017609314993023872
ORAI3_RNA,0.017607271671295166
ETV6_RNA,0.017583221197128296
ROGDI_RNA,0.01758076809346676
AZIN1_RNA,0.017574185505509377
CATSPER2_RNA,0.017568858340382576
FOSL2_RNA,0.0175673458725214
TIE1_RNA,0.0175620224326849
NFIA_RNA,0.01755407638847828
C1orf115_RNA,0.017553754150867462
IRF6_RNA,0.01755284145474434
ZNF706_RNA,0.01753229834139347
SEMA3A_RNA,0.01753213442862034
FIBCD1_RNA,0.017529945820569992
GCAT_RNA,0.017528939992189407
ACTN1_RNA,0.017528168857097626
IDH2_RNA,0.01752377860248089
MIR298_RNA,0.017507249489426613
CYP3A4_RNA,0.017504313960671425
DVL1_RNA,0.01749485917389393
RPS3A_RNA,0.017494680359959602
ZNF223_RNA,0.017489945515990257
RNASE10_RNA,0.017485978081822395
ZNF786_RNA,0.01748519204556942
TNFRSF21_RNA,0.017483381554484367
NCOA3_RNA,0.017481518909335136
GAB3_RNA,0.01748107746243477
CAMSAP1_RNA,0.017462696880102158
ZNF397_RNA,0.017459707334637642
KLC4_RNA,0.017453566193580627
CIB1_RNA,0.017452118918299675
DGKZ_RNA,0.017447400838136673
EIF1_RNA,0.017443498596549034
UTP14A_RNA,0.017441216856241226
KRT1_RNA,0.017432378605008125
ZNF428_RNA,0.017431190237402916
OOEP_RNA,0.01741805300116539
EIF3L_RNA,0.017414025962352753
NEURL4_RNA,0.01740940287709236
PAX6_RNA,0.01740621030330658
CTNNAL1_RNA,0.017401499673724174
TCN2_RNA,0.017391551285982132
TAP1_RNA,0.01738942414522171
CLDND1_RNA,0.017386453226208687
ACSBG1_RNA,0.017383921891450882
VWCE_RNA,0.017382806167006493
TMOD2_RNA,0.017376357689499855
MTHFD2_RNA,0.017364073544740677
MIR199A1_RNA,0.017340129241347313
MAP3K4_RNA,0.01733740046620369
TRMT11_RNA,0.01733102835714817
SNORD115-1_RNA,0.01732521876692772
COL12A1_RNA,0.017306873574852943
BIK_RNA,0.01730189472436905
TSSK6_RNA,0.017290093004703522
FLT3LG_RNA,0.017284253612160683
CCDC17_RNA,0.01728043332695961
AHRR_RNA,0.017277900129556656
YARS2_RNA,0.01727333478629589
APLP1_RNA,0.01727328449487686
NTN5_RNA,0.01727074198424816
CCL19_RNA,0.01726577617228031
MAPT_RNA,0.017259733751416206
ALDH1A2_RNA,0.017254309728741646
ZNF34_RNA,0.017253724858164787
SLC36A3_RNA,0.01725274883210659
HBQ1_RNA,0.017245357856154442
ZNF391_RNA,0.017244763672351837
MESP1_RNA,0.017244143411517143
DYNC2LI1_RNA,0.017240852117538452
SENP3_RNA,0.017240656539797783
ACRBP_RNA,0.01723632588982582
HAUS2_RNA,0.01723312772810459
PPAN_RNA,0.01722130924463272
IGHMBP2_RNA,0.01721816137433052
RCAN1_RNA,0.017217695713043213
TEAD4_RNA,0.017213886603713036
DVL2_RNA,0.017208265140652657
LTB4R2_RNA,0.017202723771333694
KL_RNA,0.017195936292409897
SPDYE4_RNA,0.017193129286170006
ISCU_RNA,0.017192699015140533
NCAPD2_RNA,0.017146430909633636
RSAD2_RNA,0.017142590135335922
MPP7_RNA,0.017132451757788658
SP140_RNA,0.0171283558011055
MAP7D1_RNA,0.017122086137533188
PRPSAP2_RNA,0.01709999516606331
PCOTH_RNA,0.01708621345460415
GIPC1_RNA,0.017085347324609756
RPL23A_RNA,0.01708229072391987
ZDHHC15_RNA,0.01707649603486061
TGFBR3_RNA,0.01706392504274845
MFAP4_RNA,0.017063042148947716
ABCC10_RNA,0.01706119254231453
IPO4_RNA,0.01704348251223564
VEGFC_RNA,0.017043355852365494
NTF4_RNA,0.017040198668837547
ACOT11_RNA,0.01703629083931446
TRPM7_RNA,0.017025833949446678
TGIF1_RNA,0.017012398689985275
ARL11_RNA,0.01700345054268837
NKAIN3_RNA,0.016997750848531723
CDH5_RNA,0.016989802941679955
FKBP1A_RNA,0.01698954403400421
GDF5_RNA,0.016985543072223663
LBP_RNA,0.01698419079184532
CASD1_RNA,0.01698148623108864
ATG16L2_RNA,0.01694265939295292
MRPL15_RNA,0.016938596963882446
FAM181B_RNA,0.016936108469963074
POT1_RNA,0.016922784969210625
ERMN_RNA,0.01691853441298008
WDR89_RNA,0.016912003979086876
SLC1A7_RNA,0.01691073551774025
ZNF771_RNA,0.01690663956105709
PRODH_RNA,0.016901228576898575
SNORD115-41_RNA,0.01689978316426277
INTU_RNA,0.016890157014131546
EXTL2_RNA,0.01688397116959095
CPNE9_RNA,0.01687973365187645
PPARD_RNA,0.016873909160494804
ZNF92_RNA,0.016867967322468758
TTLL3_RNA,0.016859322786331177
RCCD1_RNA,0.016853468492627144
NQO1_RNA,0.016835620626807213
XAB2_RNA,0.01683373562991619
BEST3_RNA,0.016831131651997566
HS3ST5_RNA,0.016825448721647263
XAF1_RNA,0.01682017743587494
CRYZ_RNA,0.01681978441774845
FAU_RNA,0.016819536685943604
WDR5_RNA,0.01681431569159031
TKT_RNA,0.016804799437522888
XPR1_RNA,0.01679418422281742
CHCHD5_RNA,0.01676742546260357
SYDE1_RNA,0.016767000779509544
VSIG10_RNA,0.016758909448981285
ALPL_RNA,0.016758093610405922
MYO1D_RNA,0.016757385805249214
WNT7A_RNA,0.016754932701587677
TRAPPC6B_RNA,0.016749901697039604
C1orf159_RNA,0.016742777079343796
SAP18_RNA,0.016739340499043465
NAT8L_RNA,0.01673743687570095
GFRA4_RNA,0.016732724383473396
CHRNA2_RNA,0.01673104800283909
NRBP2_RNA,0.016730794683098793
MATN2_RNA,0.016729483380913734
HOMER3_RNA,0.0167250819504261
IL11_RNA,0.01671670377254486
PDP2_RNA,0.016712825745344162
ZNF174_RNA,0.016697190701961517
DUSP11_RNA,0.016694622114300728
PCID2_RNA,0.01669236086308956
CRCP_RNA,0.01667812466621399
TSPAN8_RNA,0.016675438731908798
PLBD2_RNA,0.016673678532242775
N4BP2L2_RNA,0.01666262000799179
DNMBP_RNA,0.016662124544382095
SLC6A11_RNA,0.016648702323436737
HPN_RNA,0.016641611233353615
RSPH6A_RNA,0.016635054722428322
CASP14_RNA,0.016607310622930527
SMC3_RNA,0.016596827656030655
LAMP1_RNA,0.01659156009554863
PTCH1_RNA,0.016590598970651627
SOX17_RNA,0.01658962480723858
FBXO46_RNA,0.016582265496253967
DHX8_RNA,0.01657681167125702
RDH10_RNA,0.016570383682847023
RND3_RNA,0.01654406450688839
TBC1D14_RNA,0.01654178276658058
ELMOD1_RNA,0.01653459295630455
EFR3B_RNA,0.016534285619854927
RAB10_RNA,0.016532281413674355
ZNF43_RNA,0.016513865441083908
TNNI3K_RNA,0.01650281809270382
SNORD115-42_RNA,0.01650039479136467
PPA2_RNA,0.016498487442731857
AGFG2_RNA,0.016489824280142784
FARS2_RNA,0.01648881658911705
SCNN1D_RNA,0.016486169770359993
WDR49_RNA,0.016479680314660072
SPOPL_RNA,0.016478754580020905
MAP3K10_RNA,0.016473744064569473
PSMC4_RNA,0.016471371054649353
PLAC8_RNA,0.01646720990538597
LOXL4_RNA,0.016450859606266022
PIP5K1A_RNA,0.016441063955426216
APOL6_RNA,0.01644057407975197
PHF21A_RNA,0.016439583152532578
REST_RNA,0.01643412560224533
FUS_RNA,0.016431748867034912
ASXL2_RNA,0.016417957842350006
C7orf50_RNA,0.01641779951751232
GLMN_RNA,0.01641351357102394
MIR598_RNA,0.01641276478767395
DNAJC5_RNA,0.01640755496919155
RTN3_RNA,0.01640324294567108
S100A3_RNA,0.0163886658847332
NFKBIB_RNA,0.01638677343726158
CEBPD_RNA,0.016381490975618362
CPZ_RNA,0.016377326101064682
DNAJC13_RNA,0.016371451318264008
PRM1_RNA,0.016369976103305817
GRB2_RNA,0.016359684988856316
PABPN1L_RNA,0.016348378732800484
MCTP1_RNA,0.016345512121915817
IREB2_RNA,0.016345186159014702
CPB2_RNA,0.01633790321648121
POMC_RNA,0.016326045617461205
MIR98_RNA,0.0163200031965971
RHOBTB1_RNA,0.016306297853589058
PGLYRP2_RNA,0.016305997967720032
SYDE2_RNA,0.016299666836857796
RAB11B_RNA,0.016297323629260063
GC_RNA,0.01628928817808628
DUSP3_RNA,0.016284918412566185
PRR15L_RNA,0.016283880919218063
SH3GLB2_RNA,0.016276907175779343
MYH11_RNA,0.016273124143481255
UNC45A_RNA,0.01627211458981037
ZNF703_RNA,0.016257930546998978
TMEM89_RNA,0.01625647582113743
SURF6_RNA,0.016241712495684624
UBIAD1_RNA,0.016228588297963142
MFSD10_RNA,0.016223754733800888
C1QL3_RNA,0.016223346814513206
CDK5RAP1_RNA,0.0162111297249794
AHNAK_RNA,0.016199667006731033
DCD_RNA,0.0161831546574831
CPSF3_RNA,0.01618032157421112
MGRN1_RNA,0.01617501862347126
PIK3R5_RNA,0.016174450516700745
PTPRK_RNA,0.016159478574991226
XRCC5_RNA,0.016157662495970726
SNX27_RNA,0.016157260164618492
SLITRK5_RNA,0.01614444889128208
CHCHD3_RNA,0.016127455979585648
BNIP2_RNA,0.016125090420246124
WBP1_RNA,0.01611892692744732
ZNF606_RNA,0.016116762533783913
MBD2_RNA,0.016112718731164932
PSMA3_RNA,0.016105007380247116
CRKL_RNA,0.016104843467473984
GNL1_RNA,0.016101667657494545
KCNU1_RNA,0.016093337908387184
CHD7_RNA,0.016093330457806587
BAX_RNA,0.016093270853161812
ADRA2B_RNA,0.016092829406261444
PDXK_RNA,0.016087181866168976
PODXL_RNA,0.016087142750620842
ADCY9_RNA,0.01608685590326786
UBXN1_RNA,0.01608395390212536
ANGPT4_RNA,0.016075052320957184
CEP250_RNA,0.016073046252131462
ZNF77_RNA,0.016073012724518776
SNORD124_RNA,0.01605440303683281
LY6G6C_RNA,0.016053158789873123
DHRS11_RNA,0.016047202050685883
MEPCE_RNA,0.016044925898313522
CD19_RNA,0.016028182581067085
UQCRC2_RNA,0.01602540723979473
DBNDD2_RNA,0.01601543463766575
TMEM165_RNA,0.01600729301571846
CHPF_RNA,0.01599906198680401
SLC24A4_RNA,0.015995478257536888
ATXN7_RNA,0.015989521518349648
DMPK_RNA,0.0159879382699728
INPP5E_RNA,0.01598042994737625
RBM41_RNA,0.01597575843334198
CCL17_RNA,0.015975752845406532
RPL13AP20_RNA,0.01596933603286743
PRND_RNA,0.015967657789587975
IKBKE_RNA,0.01596640609204769
AP4M1_RNA,0.015952326357364655
HMGCL_RNA,0.015934182330965996
EPC2_RNA,0.015933793038129807
TAF7L_RNA,0.015931004658341408
ZNF461_RNA,0.01592951826751232
FABP9_RNA,0.015926536172628403
BEST2_RNA,0.015908988192677498
CXCL2_RNA,0.015902580693364143
WDR81_RNA,0.01590096950531006
NEK3_RNA,0.01590011641383171
CDK9_RNA,0.01589212939143181
ZNF774_RNA,0.015886524692177773
TRAM2_RNA,0.015881594270467758
COPS4_RNA,0.0158755611628294
NLRC4_RNA,0.015873869881033897
RPS14_RNA,0.015872733667492867
RPL13_RNA,0.01586836576461792
THSD7B_RNA,0.01586441695690155
HES6_RNA,0.015856340527534485
STOM_RNA,0.01585371606051922
PCDHGB5_RNA,0.015846271067857742
VSIG2_RNA,0.01583734154701233
DIP2C_RNA,0.015835192054510117
LMOD2_RNA,0.01581548899412155
EMX2OS_RNA,0.015806201845407486
MB_RNA,0.01580457016825676
GLO1_RNA,0.01578030362725258
REG1B_RNA,0.015779051929712296
DDHD1_RNA,0.015773573890328407
ARL5A_RNA,0.01577262207865715
HSPBP1_RNA,0.015761712566018105
SCRN1_RNA,0.01573634333908558
ATP4A_RNA,0.01573461852967739
ACSL3_RNA,0.015727324411273003
GPATCH3_RNA,0.01572718843817711
EMB_RNA,0.015712624415755272
DLGAP4_RNA,0.015712326392531395
MYOZ2_RNA,0.01570582017302513
ZDHHC19_RNA,0.015705395489931107
CD177_RNA,0.015694815665483475
ATP2B3_RNA,0.01569092646241188
TRIM47_RNA,0.015684744343161583
SUFU_RNA,0.01568336971104145
MBD1_RNA,0.01567789912223816
NANOG_RNA,0.01566639170050621
DPM3_RNA,0.015651721507310867
ZNF551_RNA,0.015639638528227806
MS4A4A_RNA,0.01563744619488716
FRMPD2_RNA,0.015624569728970528
LHFPL4_RNA,0.015611240640282631
NFATC4_RNA,0.015605212189257145
RND1_RNA,0.015602575615048409
ZNF416_RNA,0.015601789578795433
RPS15_RNA,0.01559375412762165
UBTF_RNA,0.015572031028568745
TATDN2_RNA,0.015552806667983532
IP6K3_RNA,0.015546482987701893
FOXA3_RNA,0.015537341125309467
EXD1_RNA,0.015523787587881088
MTHFSD_RNA,0.015514607541263103
YPEL3_RNA,0.015514510683715343
EHD1_RNA,0.015508756041526794
MGAT3_RNA,0.015504644252359867
RNF103_RNA,0.015498931519687176
LTBP3_RNA,0.015492470934987068
CPA3_RNA,0.015488901175558567
AGRP_RNA,0.015486150048673153
POLE2_RNA,0.015483773313462734
TAS2R40_RNA,0.015476271510124207
FAM107A_RNA,0.015469793230295181
TOX_RNA,0.015453667379915714
TLR2_RNA,0.01545267179608345
ACOX1_RNA,0.015450704842805862
GLDC_RNA,0.015446409583091736
RPS27L_RNA,0.01544388197362423
FAM118B_RNA,0.015440701507031918
NFRKB_RNA,0.01544041559100151
NAPA_RNA,0.015433074906468391
HCG18_RNA,0.015431070700287819
SPNS2_RNA,0.015429017134010792
PHF10_RNA,0.015427816659212112
THAP4_RNA,0.015415435656905174
FAM170A_RNA,0.015413754619657993
MRPL12_RNA,0.015410344116389751
ME2_RNA,0.015400339849293232
TRIM23_RNA,0.015398656018078327
CYB5D1_RNA,0.015393683686852455
PAPPA_RNA,0.015390531159937382
LANCL1_RNA,0.015388785861432552
SCMH1_RNA,0.015385568141937256
NDRG4_RNA,0.015365438535809517
NHSL1_RNA,0.015362263657152653
HTR2A_RNA,0.01535300724208355
ZBTB34_RNA,0.015347559936344624
NOC3L_RNA,0.015344913117587566
PLTP_RNA,0.015340035781264305
TTC7A_RNA,0.015319203026592731
KCNN2_RNA,0.015313354320824146
CAGE1_RNA,0.015311222523450851
ANKMY1_RNA,0.015300911851227283
SLC41A3_RNA,0.015297525562345982
LRIG3_RNA,0.015290440991520882
MAN1A1_RNA,0.015288623049855232
ANXA5_RNA,0.015285641886293888
OR3A3_RNA,0.015285033732652664
LILRA4_RNA,0.01526868436485529
GRIK1_RNA,0.015257625840604305
UPB1_RNA,0.015240595676004887
TMTC1_RNA,0.015233654528856277
PRDM10_RNA,0.015233625657856464
ABHD11_RNA,0.015228408388793468
HTR4_RNA,0.015217659994959831
KLHDC10_RNA,0.015217390842735767
AHSP_RNA,0.015217029489576817
ZNF254_RNA,0.015214662998914719
CPEB3_RNA,0.015214063227176666
YIF1B_RNA,0.015200607478618622
ENOPH1_RNA,0.01519829872995615
PGAP1_RNA,0.015192566439509392
RHOB_RNA,0.015182442031800747
LIMK2_RNA,0.01518155261874199
ATP8B3_RNA,0.015177538618445396
HSPBAP1_RNA,0.01517635490745306
TMED6_RNA,0.01517558190971613
ZNF326_RNA,0.015171555802226067
TINAGL1_RNA,0.015161517076194286
STAT2_RNA,0.015158380381762981
SEMA4G_RNA,0.015154416672885418
BRDT_RNA,0.015151331201195717
IQSEC2_RNA,0.015143168158829212
RIPK2_RNA,0.015138481743633747
CCR10_RNA,0.015138305723667145
ACTR1A_RNA,0.01513590570539236
SNED1_RNA,0.015134280547499657
CD5L_RNA,0.015130584128201008
ZNF273_RNA,0.015124944970011711
RPRD2_RNA,0.015124412253499031
LHX1_RNA,0.015122896060347557
TERF2_RNA,0.015120326541364193
STYX_RNA,0.015112503431737423
SGIP1_RNA,0.015107670798897743
SULT1C2_RNA,0.015095314010977745
BBS9_RNA,0.01509138848632574
HRH2_RNA,0.015090939588844776
EHBP1_RNA,0.015075791627168655
GABPB1_RNA,0.015074781142175198
STX4_RNA,0.015063176862895489
JAKMIP2_RNA,0.015055665746331215
SNHG1_RNA,0.015054982155561447
TRIM35_RNA,0.015042186714708805
TNFRSF19_RNA,0.015038414858281612
MRC2_RNA,0.015026278793811798
THAP11_RNA,0.015025731176137924
CYB5B_RNA,0.015009595081210136
MAN1B1_RNA,0.015007161535322666
SLC20A1_RNA,0.015005204826593399
CLEC16A_RNA,0.014998028986155987
TTC27_RNA,0.014994733966886997
SLC17A3_RNA,0.014993124641478062
RPL14_RNA,0.014986726455390453
RAVER1_RNA,0.014985715970396996
AHCYL1_RNA,0.014962863177061081
PDE1A_RNA,0.014960969798266888
FBXL18_RNA,0.014957057312130928
ZZZ3_RNA,0.014943767338991165
MYL6B_RNA,0.014927214942872524
SPIN1_RNA,0.014924822375178337
REEP4_RNA,0.01492204051464796
RETSAT_RNA,0.014920724555850029
NLRP5_RNA,0.014918009750545025
FXYD7_RNA,0.014913813211023808
RAC3_RNA,0.014901920221745968
PCDHB16_RNA,0.014897172339260578
ZNF529_RNA,0.014866279438138008
TIMM50_RNA,0.014865768142044544
C1QL4_RNA,0.014865356497466564
HTR1A_RNA,0.014864875935018063
ANKRD9_RNA,0.01486420352011919
RFX7_RNA,0.01484902948141098
COPS2_RNA,0.014843039214611053
ADAM19_RNA,0.014831838198006153
DPP9_RNA,0.014830256812274456
ANKRD22_RNA,0.014828254468739033
RPL23_RNA,0.014824694953858852
PDZD2_RNA,0.014820603653788567
LGALS3BP_RNA,0.01481679081916809
NKAIN4_RNA,0.014801770448684692
SGK2_RNA,0.014799250289797783
STARD9_RNA,0.014795144088566303
THBS3_RNA,0.014794339425861835
SLC38A6_RNA,0.014792189002037048
YIPF4_RNA,0.0147919412702322
NMT1_RNA,0.014785457402467728
LALBA_RNA,0.014775802381336689
C22orf39_RNA,0.014772126451134682
AP1G2_RNA,0.014764496125280857
ZNF141_RNA,0.014763310551643372
PDGFB_RNA,0.014762156642973423
C2orf72_RNA,0.014751425944268703
RPUSD4_RNA,0.014751325361430645
SUMO4_RNA,0.014748689718544483
SMARCD2_RNA,0.014747414737939835
TLCD2_RNA,0.014747103676199913
FASTK_RNA,0.014741037972271442
LRRC4_RNA,0.014738453552126884
SDR42E1_RNA,0.01473768800497055
GOLPH3_RNA,0.014732131734490395
PHLDA3_RNA,0.014731070958077908
ZNRF4_RNA,0.01472573634237051
TDH_RNA,0.014724388718605042
C3orf22_RNA,0.014707587659358978
GJC2_RNA,0.014692641794681549
WDR75_RNA,0.014685660600662231
PTP4A2_RNA,0.014682943932712078
BATF3_RNA,0.014680633321404457
MIR199B_RNA,0.014678126201033592
GRIPAP1_RNA,0.014668325893580914
XKRX_RNA,0.01466357335448265
ZNF777_RNA,0.014660978689789772
UTP15_RNA,0.014658182859420776
SERP2_RNA,0.014653168618679047
FGF10_RNA,0.014651896432042122
ZNF260_RNA,0.014651892706751823
FLT3_RNA,0.014651254750788212
ICOS_RNA,0.014642967842519283
CARD10_RNA,0.014626167714595795
WRN_RNA,0.014626134186983109
TSPAN7_RNA,0.014623899944126606
ATG9A_RNA,0.014609407633543015
SLC38A10_RNA,0.014609231613576412
ZNF628_RNA,0.014607958495616913
MIR1180_RNA,0.014606444165110588
PET117_RNA,0.014605163596570492
GTF2H4_RNA,0.014602169394493103
ABCB6_RNA,0.014598243869841099
CALCOCO2_RNA,0.014589915052056313
COPS7B_RNA,0.014584671705961227
RASA1_RNA,0.01457544881850481
DIO3_RNA,0.014570710249245167
STK38_RNA,0.014569689519703388
NCKIPSD_RNA,0.014563880860805511
PROKR2_RNA,0.014560646377503872
UCK2_RNA,0.014558072201907635
FBXO21_RNA,0.0145420478656888
CALN1_RNA,0.014541911892592907
TMEM71_RNA,0.014538141898810863
DNAJC27_RNA,0.014537431299686432
LEFTY1_RNA,0.014532784931361675
BIN3_RNA,0.014526797458529472
UROC1_RNA,0.014523147605359554
NAV2_RNA,0.014517724514007568
ERGIC2_RNA,0.014515552669763565
SPINK2_RNA,0.014512567780911922
ANP32B_RNA,0.014507404528558254
SPTLC3_RNA,0.014506985433399677
FGF11_RNA,0.014505784958600998
HAS1_RNA,0.01449768990278244
PREX2_RNA,0.014489825814962387
RASSF5_RNA,0.014486500062048435
TULP3_RNA,0.014480797573924065
UPF3A_RNA,0.014480208978056908
PAX4_RNA,0.014479170553386211
B3GALT6_RNA,0.014478345401585102
TRIM10_RNA,0.014477204531431198
MAPRE1_RNA,0.014476221986114979
ARMC10_RNA,0.014469631947577
SAMD9_RNA,0.01446446031332016
CDK13_RNA,0.014458172023296356
MYPOP_RNA,0.014457017183303833
XPO4_RNA,0.01445437129586935
PPCDC_RNA,0.014450233429670334
INPPL1_RNA,0.014442957006394863
RP1L1_RNA,0.014442820101976395
ZNF655_RNA,0.014436186291277409
MIR346_RNA,0.014433959499001503
SERPINA1_RNA,0.01442625280469656
STARD3_RNA,0.014423947781324387
FAM171A2_RNA,0.014415985904633999
TBKBP1_RNA,0.014413709752261639
TFAP4_RNA,0.014408973976969719
ACTN4_RNA,0.014403906650841236
LZTS1_RNA,0.014401757158339024
SNORD115-35_RNA,0.01440048310905695
COL7A1_RNA,0.014394881203770638
BCAN_RNA,0.014389517717063427
TMEM160_RNA,0.014378253370523453
FLJ16779_RNA,0.01437677163630724
ARNT_RNA,0.014364591799676418
ALDH3B1_RNA,0.014362890273332596
MUS81_RNA,0.014361887238919735
EDIL3_RNA,0.01436038687825203
TAT_RNA,0.01435413770377636
ARHGEF4_RNA,0.014352025464177132
GOT2_RNA,0.014350414276123047
TCF7L2_RNA,0.014341066591441631
RBM46_RNA,0.014340532012283802
PSMB9_RNA,0.014338433742523193
STYK1_RNA,0.014338422566652298
NRCAM_RNA,0.014337086118757725
ADK_RNA,0.01432423759251833
DNAJB12_RNA,0.014318596571683884
ZNF440_RNA,0.014316432178020477
IL17D_RNA,0.014309339225292206
ADCY4_RNA,0.014309055171906948
PABPC4_RNA,0.014304814860224724
UNC5C_RNA,0.0143046285957098
RNPEPL1_RNA,0.014301245100796223
NPTXR_RNA,0.014295922592282295
SAE1_RNA,0.014285112731158733
SYCE2_RNA,0.014278083108365536
ADCK2_RNA,0.01427522860467434
KCNA4_RNA,0.014270473271608353
CRYBG3_RNA,0.014264088124036789
HPS6_RNA,0.014263995923101902
TIMM13_RNA,0.01424815971404314
FOLH1_RNA,0.014244557358324528
HDHD2_RNA,0.014243890531361103
FBXO33_RNA,0.014232838526368141
ICAM5_RNA,0.01422474067658186
UNC5D_RNA,0.01422387920320034
HEXIM2_RNA,0.014221414923667908
ZNF534_RNA,0.014219631440937519
CDC26_RNA,0.01420983113348484
CCDC57_RNA,0.014204999431967735
ZNF837_RNA,0.01420323085039854
SGPP2_RNA,0.014201836660504341
PIP4K2B_RNA,0.01420073676854372
ODF1_RNA,0.014193758368492126
MMEL1_RNA,0.014189844951033592
TTYH1_RNA,0.014189299196004868
HCG22_RNA,0.014180178754031658
MRPL10_RNA,0.014167818240821362
LIN54_RNA,0.01416504755616188
ASS1_RNA,0.014161313883960247
FGD4_RNA,0.014150593429803848
NDUFS7_RNA,0.014148639515042305
MAP3K13_RNA,0.014132053591310978
MYH16_RNA,0.014114473946392536
PI4KA_RNA,0.014113612473011017
TRABD_RNA,0.014110680669546127
GPBP1L1_RNA,0.01410466805100441
DUS4L_RNA,0.01410235557705164
HOMER1_RNA,0.014101789332926273
MIDN_RNA,0.014100605621933937
CEACAM19_RNA,0.014098258689045906
INSL5_RNA,0.014097402803599834
DHX9_RNA,0.01409031730145216
ZNF708_RNA,0.01407382171601057
ZNF667_RNA,0.014056521467864513
PRKDC_RNA,0.014050529338419437
CORO6_RNA,0.014048714190721512
ACMSD_RNA,0.014046808704733849
RAB23_RNA,0.014036914333701134
MIR641_RNA,0.014033069834113121
LARP7_RNA,0.014025740325450897
FOXR1_RNA,0.0140255531296134
RB1_RNA,0.014024529606103897
DNAJC18_RNA,0.01402446161955595
BCL7B_RNA,0.014022388495504856
CPT1A_RNA,0.014009273611009121
KIAA0087_RNA,0.013989686034619808
PPP1R1B_RNA,0.013971724547445774
PPFIBP2_RNA,0.013953771442174911
ZFR_RNA,0.013942008838057518
RPL31_RNA,0.013928581960499287
SLC19A3_RNA,0.013924251310527325
FST_RNA,0.013916504569351673
CWC22_RNA,0.01391188520938158
FRAT1_RNA,0.01391170546412468
ZNF623_RNA,0.013906913809478283
MRPL44_RNA,0.013906694017350674
GJA1_RNA,0.013903796672821045
STX3_RNA,0.013901234604418278
AAGAB_RNA,0.013883656822144985
MST1_RNA,0.013882814906537533
SNORD115-17_RNA,0.013882596045732498
EPSTI1_RNA,0.013871153816580772
HEATR1_RNA,0.01386496052145958
CCNDBP1_RNA,0.01385896559804678
EIF1B_RNA,0.01385806966573
SLC12A2_RNA,0.013854080811142921
MYO10_RNA,0.013852851465344429
G2E3_RNA,0.013851551339030266
DCLK2_RNA,0.01384007465094328
RASL10A_RNA,0.01383385993540287
CATSPERG_RNA,0.013827660121023655
AEN_RNA,0.01382683590054512
MKRN1_RNA,0.013826449401676655
SPRY2_RNA,0.013821529224514961
ZNF579_RNA,0.013821489177644253
PTGDS_RNA,0.013819511979818344
ENTPD5_RNA,0.013811266981065273
STOX1_RNA,0.013807575218379498
TRAP1_RNA,0.013805912807583809
NAMPT_RNA,0.01380213350057602
MBD3_RNA,0.013801452703773975
NALCN_RNA,0.013793437741696835
CDK6_RNA,0.013785840012133121
ZNF160_RNA,0.013775133527815342
IL12A_RNA,0.013765635900199413
SPESP1_RNA,0.013763083145022392
HEG1_RNA,0.013758065178990364
RAE1_RNA,0.013756387867033482
FNTA_RNA,0.01375315710902214
NDUFA3_RNA,0.013752627186477184
TAPBP_RNA,0.013748173601925373
TMEM215_RNA,0.013745258562266827
SYNPO2_RNA,0.01374167948961258
A2ML1_RNA,0.013741121627390385
COX5B_RNA,0.013739582151174545
FAM133A_RNA,0.013736613094806671
ZFP28_RNA,0.013731954619288445
RPS12_RNA,0.013721819035708904
CNGB1_RNA,0.01371714100241661
SLC41A1_RNA,0.013705456629395485
DHX29_RNA,0.013704597018659115
SNORA5A_RNA,0.013702928088605404
CUEDC2_RNA,0.013700726442039013
CPOX_RNA,0.01369753759354353
TOR3A_RNA,0.013691827654838562
SULF2_RNA,0.013689530082046986
CNTNAP2_RNA,0.013687820173799992
FAM149B1_RNA,0.013683894649147987
MICA_RNA,0.013670738786458969
RHPN1_RNA,0.013665242120623589
UBTD1_RNA,0.013664213940501213
DYSF_RNA,0.013659734278917313
MAMDC4_RNA,0.013654646463692188
SF3A1_RNA,0.01365306880325079
KCNAB2_RNA,0.013649620115756989
PCDH1_RNA,0.013641503639519215
TP53INP2_RNA,0.01363255176693201
LRG1_RNA,0.013619272038340569
NDUFB7_RNA,0.013602551072835922
CHST1_RNA,0.013600967824459076
ID1_RNA,0.013596608303487301
SLC6A13_RNA,0.013595262542366982
GJB3_RNA,0.013589685782790184
JKAMP_RNA,0.013580989092588425
VSTM2L_RNA,0.0135782016441226
C1orf198_RNA,0.013574820011854172
NIPA1_RNA,0.013559544458985329
SPATA7_RNA,0.013555954210460186
NR2C2_RNA,0.013555873185396194
ZNF443_RNA,0.013547704555094242
LRFN5_RNA,0.013532241806387901
PLEKHH2_RNA,0.013529312796890736
LRRC10_RNA,0.013522702269256115
PGBD1_RNA,0.013521219603717327
CNTN4_RNA,0.013519509695470333
DMAP1_RNA,0.013519481755793095
TBP_RNA,0.01351494062691927
CSDE1_RNA,0.01350710354745388
SLC22A25_RNA,0.013505603186786175
PIK3R2_RNA,0.013502701185643673
ARRB2_RNA,0.013496420346200466
SYS1-DBNDD2_RNA,0.013495833612978458
SNORD101_RNA,0.01348911039531231
GSTZ1_RNA,0.01348850317299366
ZNF224_RNA,0.013483719900250435
CEP164_RNA,0.01348246168345213
GZF1_RNA,0.01348190475255251
ADAMTS19_RNA,0.013478362932801247
ITIH5_RNA,0.013470334932208061
HIPK3_RNA,0.013464922085404396
TMEM14B_RNA,0.013464563526213169
TSSK3_RNA,0.01346076000481844
WBP11_RNA,0.013460502959787846
C1orf56_RNA,0.013457869179546833
ARMCX4_RNA,0.013446503318846226
LENG8_RNA,0.01344162318855524
NELL1_RNA,0.013439741916954517
OGFRL1_RNA,0.013439228758215904
GAPVD1_RNA,0.013422803021967411
FLJ13224_RNA,0.013421344570815563
ZBTB47_RNA,0.013418981805443764
TRUB2_RNA,0.013401897624135017
ACACA_RNA,0.013400707393884659
SEMA4A_RNA,0.013396600261330605
LAS1L_RNA,0.013393213972449303
NPHP3_RNA,0.013378974981606007
ATF6_RNA,0.013365337625145912
CCNY_RNA,0.013362283818423748
RNF24_RNA,0.013353902846574783
AFG3L2_RNA,0.013349724002182484
CLPTM1_RNA,0.013346907682716846
HEXIM1_RNA,0.013335329480469227
MRO_RNA,0.013320266269147396
TMEM123_RNA,0.01331696379929781
GNG11_RNA,0.013311815448105335
NR2E1_RNA,0.013303912244737148
ZNF222_RNA,0.013295318931341171
TM6SF2_RNA,0.013291564770042896
NCL_RNA,0.013286598958075047
CD7_RNA,0.013281382620334625
MEN1_RNA,0.013258048333227634
DDX31_RNA,0.013256782665848732
COG2_RNA,0.013242697343230247
LINGO1_RNA,0.013234973885118961
CTTNBP2NL_RNA,0.013233689591288567
IDI2_RNA,0.013233101926743984
ERH_RNA,0.013227789662778378
ANKAR_RNA,0.013225449249148369
MTA2_RNA,0.013221039436757565
SERPINC1_RNA,0.013216735795140266
TRIM24_RNA,0.013208025135099888
CEL_RNA,0.013199102133512497
EIF3H_RNA,0.013196427375078201
ACER3_RNA,0.013193066231906414
MLLT1_RNA,0.013182693161070347
DLGAP1_RNA,0.013159417547285557
PLXNA4_RNA,0.013157426379621029
HAVCR1_RNA,0.013156574219465256
TMEM47_RNA,0.013153196312487125
CUTA_RNA,0.013152486644685268
MSH3_RNA,0.013152330182492733
HTR1D_RNA,0.013143900781869888
ACSBG2_RNA,0.013141915202140808
PRPF40A_RNA,0.013135958462953568
MAST2_RNA,0.013131005689501762
SNORD115-32_RNA,0.013129713013768196
ACBD4_RNA,0.013126534409821033
RUFY1_RNA,0.01311851479113102
METAP1_RNA,0.013117961585521698
NEUROD2_RNA,0.0131083894520998
DMTF1_RNA,0.013106665574014187
ZNF587_RNA,0.013100883923470974
LYPD1_RNA,0.013097362592816353
AQP3_RNA,0.01309232972562313
CDH10_RNA,0.013086728751659393
GOLGA4_RNA,0.013085834681987762
TRHDE_RNA,0.013084952719509602
GPR137C_RNA,0.013084874488413334
SLC12A5_RNA,0.013079519383609295
STX6_RNA,0.013078344985842705
CYP2W1_RNA,0.013077696785330772
SPPL2B_RNA,0.01307471189647913
PGR_RNA,0.013072541914880276
GBP3_RNA,0.013069091364741325
CPNE2_RNA,0.01306530274450779
ZBTB1_RNA,0.013041360303759575
S100P_RNA,0.013033383525907993
RTN4_RNA,0.01302863098680973
LRAT_RNA,0.013023639097809792
TTN_RNA,0.013001660816371441
ZNF880_RNA,0.012991800904273987
KCNT1_RNA,0.012989657931029797
SEMA3B_RNA,0.012979851104319096
TCP11_RNA,0.012977346777915955
ADH5_RNA,0.012972135096788406
SLC26A4_RNA,0.012960308231413364
ATP8B2_RNA,0.012959569692611694
PIAS3_RNA,0.012954730540513992
AKIRIN2_RNA,0.012947887182235718
ESCO1_RNA,0.012945233844220638
UBP1_RNA,0.012939716689288616
CEBPB_RNA,0.012927602976560593
FAM120AOS_RNA,0.012927194125950336
ATF2_RNA,0.012921670451760292
UBA52_RNA,0.012918824329972267
TSHZ1_RNA,0.012915726751089096
PICALM_RNA,0.012906542047858238
TMEM88B_RNA,0.012898203916847706
RELB_RNA,0.012883213348686695
FOXG1_RNA,0.012883009389042854
RALA_RNA,0.012879610061645508
FBXL3_RNA,0.01287944708019495
BLVRB_RNA,0.012874403968453407
GRID1_RNA,0.01287363562732935
CHKB-CPT1B_RNA,0.012850994244217873
PM20D2_RNA,0.012849925085902214
CXCL12_RNA,0.012840032577514648
AGAP11_RNA,0.012831704691052437
AP3B1_RNA,0.01283156406134367
TADA1_RNA,0.012830285355448723
DSEL_RNA,0.012825360521674156
DAAM2_RNA,0.012805426493287086
STUB1_RNA,0.012804907746613026
ADAP2_RNA,0.012803491204977036
TMX3_RNA,0.012801766395568848
AKT2_RNA,0.012799262069165707
FGL2_RNA,0.012798517942428589
ACTR3B_RNA,0.012797977775335312
PRR5_RNA,0.012791335582733154
TXNDC12_RNA,0.012780229561030865
SH2D4B_RNA,0.012779674492776394
MAP4K2_RNA,0.01277613453567028
EDN3_RNA,0.012776059098541737
RAMP2_RNA,0.012772239744663239
NRXN3_RNA,0.012763946317136288
SYT7_RNA,0.012749293819069862
OR2L13_RNA,0.0127467205747962
FAM41C_RNA,0.012745662592351437
PLA2G2D_RNA,0.012741424143314362
SEMA6D_RNA,0.012738503515720367
ZNF296_RNA,0.01272496022284031
ZDBF2_RNA,0.012711016461253166
ZNF615_RNA,0.012709280475974083
ADAMTS14_RNA,0.012705618515610695
GTF3C5_RNA,0.012702105566859245
JPH1_RNA,0.012683166190981865
PPP1R3B_RNA,0.012679874897003174
RASSF8_RNA,0.012660158798098564
ZCCHC4_RNA,0.012654069811105728
GLRX5_RNA,0.012650804594159126
BDP1_RNA,0.01264925953000784
ANKMY2_RNA,0.012642189860343933
GCC2_RNA,0.012639646418392658
VPS36_RNA,0.01262827031314373
FRMPD4_RNA,0.012624955736100674
BMPR2_RNA,0.012623886577785015
NTSR2_RNA,0.0126222874969244
GTSF1_RNA,0.012608036398887634
KLHL12_RNA,0.012605968862771988
GIP_RNA,0.012598620727658272
OR1L6_RNA,0.012587174773216248
ENAH_RNA,0.012569914571940899
ZNF76_RNA,0.012568519450724125
TBCEL_RNA,0.012567265890538692
C19orf12_RNA,0.012566735036671162
PAEP_RNA,0.012550108134746552
GPR148_RNA,0.012528293766081333
OPN5_RNA,0.01252737082540989
FBXL12_RNA,0.012519150041043758
ATXN1_RNA,0.012514902278780937
STT3B_RNA,0.012513282708823681
GRIP2_RNA,0.012502793222665787
DLL3_RNA,0.012501878663897514
CPNE1_RNA,0.012490104883909225
SDR16C5_RNA,0.01248683501034975
GALC_RNA,0.012482548132538795
UFC1_RNA,0.012481069192290306
TNIP3_RNA,0.01247013732790947
GNLY_RNA,0.012469075620174408
BLMH_RNA,0.012468482367694378
DDI1_RNA,0.012463557533919811
NKAIN2_RNA,0.012461381033062935
MAP4K5_RNA,0.012460213154554367
OPRL1_RNA,0.012445625849068165
TMEM161A_RNA,0.012445078231394291
METTL6_RNA,0.012443285435438156
MIR340_RNA,0.012435275129973888
PSMD1_RNA,0.01242484338581562
NUDT4_RNA,0.012418611906468868
GYG1_RNA,0.01241761352866888
NFIX_RNA,0.012414339929819107
CCR2_RNA,0.012403817847371101
LIPE_RNA,0.012394322082400322
ATG4C_RNA,0.012375809252262115
CLDN10_RNA,0.01237142737954855
KPNA4_RNA,0.012370253913104534
POLR2E_RNA,0.012370250187814236
KIFC2_RNA,0.012368516065180302
GALK2_RNA,0.012361949309706688
SLC5A6_RNA,0.012361554428935051
CH25H_RNA,0.012358199805021286
TGFB2_RNA,0.012355456128716469
PRPF4_RNA,0.012345248833298683
EPB42_RNA,0.0123435715213418
FLG_RNA,0.012334446422755718
IGF2R_RNA,0.012330911122262478
ITGB2_RNA,0.012324739247560501
OPN1SW_RNA,0.012320862151682377
PRKCSH_RNA,0.012315928004682064
PAK4_RNA,0.012314002960920334
TM2D2_RNA,0.012301034294068813
CPNE8_RNA,0.012278655543923378
R3HDM1_RNA,0.012269554659724236
MIR628_RNA,0.012262081727385521
KRTAP19-8_RNA,0.01226040255278349
IMMT_RNA,0.012250013649463654
NCEH1_RNA,0.012246309779584408
SPRR2A_RNA,0.012241552583873272
ICAM2_RNA,0.01224151998758316
THEMIS_RNA,0.012241212651133537
PLCD4_RNA,0.012240390293300152
KLHL17_RNA,0.012237399816513062
NIPAL3_RNA,0.012225245125591755
ZNF624_RNA,0.012224712409079075
SPOCK3_RNA,0.012219523079693317
FTO_RNA,0.01221142616122961
OLR1_RNA,0.012206553481519222
DACT1_RNA,0.0121980095282197
SLC4A9_RNA,0.01219183485955
ZNF235_RNA,0.01219039224088192
ANKDD1A_RNA,0.012189669534564018
OR52E2_RNA,0.012188373133540154
GRM1_RNA,0.012185417115688324
AFTPH_RNA,0.01218540407717228
ZNF540_RNA,0.012177557684481144
MAMDC2_RNA,0.01217134390026331
CNN3_RNA,0.012150419875979424
FIP1L1_RNA,0.012144972570240498
LZTR1_RNA,0.012141971848905087
HLX_RNA,0.012138254009187222
SENP7_RNA,0.01213781163096428
TOLLIP_RNA,0.01213686354458332
YTHDC1_RNA,0.0121339475736022
MIR454_RNA,0.012128683738410473
GPD2_RNA,0.012121673673391342
INPP4B_RNA,0.012116644531488419
KCTD18_RNA,0.012109885923564434
COPS8_RNA,0.012104716151952744
THBS4_RNA,0.012104382738471031
MEPE_RNA,0.012098109349608421
IL12RB2_RNA,0.012078175321221352
TSPYL1_RNA,0.01207344327121973
ZFP62_RNA,0.012072296813130379
RPL21P28_RNA,0.01206870749592781
FXYD1_RNA,0.012055434286594391
ATG4D_RNA,0.012054330669343472
PVR_RNA,0.01205002423375845
SIRPB2_RNA,0.012049750424921513
ACER1_RNA,0.012049042619764805
PDGFA_RNA,0.012047670781612396
CCNL2_RNA,0.012044626288115978
PRMT1_RNA,0.01203464437276125
FIGN_RNA,0.012028281576931477
NRF1_RNA,0.012026575393974781
PITPNM3_RNA,0.012024646624922752
TRPC6_RNA,0.012018587440252304
ABT1_RNA,0.012014374136924744
MIR1197_RNA,0.012012260034680367
SESN2_RNA,0.012008940801024437
SLC46A3_RNA,0.012003119103610516
DGCR6_RNA,0.012002753093838692
CREG2_RNA,0.012002108618617058
NOSTRIN_RNA,0.01200098730623722
PRX_RNA,0.011996681801974773
CLTB_RNA,0.011995773762464523
ZNF266_RNA,0.011987426318228245
RBM39_RNA,0.011985205113887787
SLC19A1_RNA,0.011984817683696747
CDH8_RNA,0.011980208568274975
ZNF780A_RNA,0.011972283013164997
ZNF124_RNA,0.011968212202191353
PAPPA2_RNA,0.011953433975577354
WDR24_RNA,0.011952013708651066
PALB2_RNA,0.0119484206661582
OSTF1_RNA,0.011946405284106731
PCDHB6_RNA,0.011935506947338581
LHFPL1_RNA,0.011921129189431667
VSX2_RNA,0.011919241398572922
MPDU1_RNA,0.01191581692546606
GLRX_RNA,0.011905960738658905
WWC1_RNA,0.011903754435479641
KLK1_RNA,0.011901335790753365
TMEM98_RNA,0.011894481256604195
MIR134_RNA,0.011891375295817852
TLE3_RNA,0.011891067028045654
DDR2_RNA,0.011889513581991196
TMOD3_RNA,0.011879682540893555
CHD5_RNA,0.011879535391926765
YES1_RNA,0.011874222196638584
ATE1_RNA,0.011868830770254135
WDR86_RNA,0.011846866458654404
GPR162_RNA,0.011844780296087265
NXNL1_RNA,0.011840063147246838
SRRM2_RNA,0.011836988851428032
RUFY3_RNA,0.011836735531687737
CD300C_RNA,0.011824872344732285
AAMP_RNA,0.01180968340486288
GADD45G_RNA,0.011807761155068874
GRINA_RNA,0.011806504800915718
MAML3_RNA,0.011800875887274742
MYBBP1A_RNA,0.011780258268117905
PLD5_RNA,0.011770290322601795
MRPS25_RNA,0.011763758957386017
ST7L_RNA,0.011763262562453747
INF2_RNA,0.011760528199374676
ANKRD27_RNA,0.01176010724157095
SIDT2_RNA,0.011759377084672451
LIFR_RNA,0.011756885796785355
COX7A2L_RNA,0.01175306923687458
TMEM125_RNA,0.01174797024577856
FABP1_RNA,0.011740356683731079
ST8SIA6_RNA,0.011730870231986046
TRIM31_RNA,0.011716409586369991
CTCF_RNA,0.011716125532984734
ZNF433_RNA,0.011704630218446255
PLCZ1_RNA,0.011703132651746273
SMCR8_RNA,0.011702190153300762
EXOG_RNA,0.011700511910021305
FAM3B_RNA,0.011696027591824532
NUP210L_RNA,0.011692816391587257
ITGB5_RNA,0.011689995415508747
AUH_RNA,0.011689201928675175
SNX13_RNA,0.01168755628168583
ZMYM4_RNA,0.011686209589242935
CDH15_RNA,0.01167753990739584
ASPH_RNA,0.011676028370857239
JAGN1_RNA,0.01167389191687107
CHMP1B_RNA,0.011668535880744457
HSPA2_RNA,0.011664435267448425
MEP1A_RNA,0.011656324379146099
WBP2NL_RNA,0.011653751134872437
SPTBN4_RNA,0.0116528095677495
FGFR1OP2_RNA,0.011644785292446613
OAS1_RNA,0.011613482609391212
METRN_RNA,0.011594532057642937
UNC5A_RNA,0.011592956259846687
ZNF583_RNA,0.011587316170334816
SLAIN1_RNA,0.011568453162908554
MIR487A_RNA,0.011554482392966747
ANLN_RNA,0.011551071889698505
LMO3_RNA,0.011550682596862316
RAB14_RNA,0.01154010184109211
CSNK1G2_RNA,0.01153853815048933
MFSD2B_RNA,0.0115347346290946
MFSD8_RNA,0.011532154865562916
PGM2L1_RNA,0.011526793241500854
PTHLH_RNA,0.011526376008987427
INHBB_RNA,0.011525128968060017
MCM7_RNA,0.011516893282532692
SLC17A5_RNA,0.011516720987856388
PYGO2_RNA,0.011507377959787846
GHRHR_RNA,0.011502362787723541
SLC25A40_RNA,0.011491959914565086
HOXA4_RNA,0.011485976167023182
MIR185_RNA,0.01147791650146246
DIDO1_RNA,0.01147017814218998
LPA_RNA,0.011461573652923107
XPO7_RNA,0.011458844877779484
RNF26_RNA,0.0114549295976758
FXYD4_RNA,0.011434896849095821
IL13_RNA,0.011419982649385929
CHKB_RNA,0.011418786831200123
RAPGEF3_RNA,0.011407803744077682
BTN3A2_RNA,0.011407074518501759
MDH2_RNA,0.011390356346964836
STK24_RNA,0.011389316990971565
ART3_RNA,0.011388593353331089
PON2_RNA,0.011386219412088394
PPP1R3G_RNA,0.011384891346096992
BDNF_RNA,0.01138328481465578
PTCHD3_RNA,0.011363491415977478
ZNF670_RNA,0.011347774416208267
TAS2R8_RNA,0.011345681734383106
SBDS_RNA,0.011345485225319862
TMEFF1_RNA,0.01134315226227045
OCIAD1_RNA,0.011339991353452206
PI4KB_RNA,0.01133753452450037
SLC35F4_RNA,0.011332421563565731
TYW1B_RNA,0.011329090222716331
BRI3_RNA,0.011326293461024761
MEIG1_RNA,0.011319433338940144
MIR1322_RNA,0.011315515264868736
PSTPIP2_RNA,0.011305022984743118
FAM83H_RNA,0.011301434598863125
PAFAH2_RNA,0.011290810070931911
MRPL54_RNA,0.011283407919108868
GOSR1_RNA,0.01128089427947998
CD38_RNA,0.011276821605861187
WIPF2_RNA,0.011275324039161205
CRH_RNA,0.011270899325609207
B3GALT2_RNA,0.011254995130002499
FERMT2_RNA,0.011254825629293919
KLRG1_RNA,0.011249949224293232
MIR128-2_RNA,0.01124478504061699
PCDH8_RNA,0.011244053952395916
ZC3HAV1_RNA,0.011237306520342827
SACM1L_RNA,0.011237073689699173
ZNF169_RNA,0.011230128817260265
LANCL2_RNA,0.011208913289010525
FNDC4_RNA,0.011205621063709259
VAC14_RNA,0.011204852722585201
PRKCQ_RNA,0.011201629415154457
MGST1_RNA,0.011201253160834312
CACNG7_RNA,0.011199734173715115
TFCP2L1_RNA,0.0111940186470747
ARID5A_RNA,0.011193896643817425
SOS1_RNA,0.011190495453774929
STAM_RNA,0.011187974363565445
XYLT2_RNA,0.011187602765858173
FXYD2_RNA,0.011183575727045536
DHRS9_RNA,0.011175189167261124
LAMB2_RNA,0.011173130013048649
ZSCAN18_RNA,0.01117105595767498
FOXRED1_RNA,0.011168720200657845
LONP2_RNA,0.011164924129843712
NDUFS8_RNA,0.011162909679114819
PNPLA5_RNA,0.01115860603749752
MYC_RNA,0.011156238615512848
GPR88_RNA,0.011141538619995117
FSTL5_RNA,0.011140276677906513
ZBTB3_RNA,0.01113568153232336
CLEC4D_RNA,0.011130981147289276
LPAR6_RNA,0.011128140613436699
COMMD7_RNA,0.01112772710621357
TMED8_RNA,0.011126581579446793
ALOX15_RNA,0.011118962429463863
TMEM25_RNA,0.011117548681795597
RAPGEFL1_RNA,0.01111540012061596
PHACTR2_RNA,0.011102202348411083
SNORA38B_RNA,0.011101540178060532
CBX6_RNA,0.011094627901911736
GRIK4_RNA,0.011090325191617012
SUSD4_RNA,0.011090216226875782
CPSF4L_RNA,0.011088917031884193
JUN_RNA,0.011088838800787926
APPL1_RNA,0.011086292564868927
DEF8_RNA,0.011074604466557503
DEDD_RNA,0.011070075444877148
SH3BP4_RNA,0.011068343184888363
TMC1_RNA,0.011066031642258167
MGC27382_RNA,0.011061473749577999
GSTM4_RNA,0.011060959659516811
SLC35B4_RNA,0.011060420423746109
ATOH8_RNA,0.011059056036174297
ZNF345_RNA,0.011056523770093918
BMP2K_RNA,0.011055737733840942
CCL22_RNA,0.011025374755263329
SLC4A10_RNA,0.011023975908756256
AKAP9_RNA,0.011019015684723854
RSL24D1_RNA,0.011017626151442528
SYNJ2_RNA,0.01100603025406599
JAK3_RNA,0.011004827916622162
GM2A_RNA,0.011000198312103748
SF3B1_RNA,0.010992363095283508
CACNB2_RNA,0.010989760048687458
IL21_RNA,0.01098916120827198
CEBPE_RNA,0.010984807275235653
SP3_RNA,0.010978924110531807
TYRP1_RNA,0.010978304781019688
SSBP4_RNA,0.010969743132591248
C1orf146_RNA,0.010962364263832569
PIGZ_RNA,0.010961003601551056
PTPRR_RNA,0.010957741178572178
ZNF614_RNA,0.01095274556428194
LLGL1_RNA,0.010951616801321507
TGFB1I1_RNA,0.010950509458780289
ESRRA_RNA,0.010938272811472416
PHC2_RNA,0.010933318175375462
HS2ST1_RNA,0.010931123048067093
MDN1_RNA,0.010928512550890446
MIR590_RNA,0.010914964601397514
ZNF831_RNA,0.010902154259383678
APOBEC3H_RNA,0.010895567946135998
LMO4_RNA,0.01089448668062687
MED25_RNA,0.010892259888350964
EMP1_RNA,0.010878283530473709
ZNF581_RNA,0.010877666063606739
DMXL2_RNA,0.010872812941670418
SH2D3C_RNA,0.010868450626730919
TSTD2_RNA,0.010867815464735031
SV2B_RNA,0.010866337455809116
CCR3_RNA,0.010858753696084023
ALDH1L1_RNA,0.01085734087973833
ACAD8_RNA,0.010847238823771477
RPL12_RNA,0.010845992714166641
CHI3L2_RNA,0.010845443233847618
ANXA3_RNA,0.010844338685274124
CHP2_RNA,0.010842799209058285
TTPAL_RNA,0.01084171049296856
PRF1_RNA,0.010837608948349953
TSNARE1_RNA,0.010834470391273499
PKD2L1_RNA,0.010832009837031364
MIR1278_RNA,0.010816996917128563
CSPG5_RNA,0.010814289562404156
RNF157_RNA,0.010813454166054726
NEU1_RNA,0.01080879382789135
AP3M2_RNA,0.010807380080223083
KRT83_RNA,0.01079858373850584
ZDHHC8_RNA,0.01079418696463108
RPS4X_RNA,0.010783087462186813
ESX1_RNA,0.010765171609818935
MIR601_RNA,0.010754653252661228
DPM2_RNA,0.010742170736193657
RPL38_RNA,0.010740612633526325
LILRB5_RNA,0.01073836162686348
TRIM15_RNA,0.010723132640123367
ACOX2_RNA,0.010722878389060497
CTNNA2_RNA,0.010720109567046165
USP34_RNA,0.010718991979956627
CSNK1D_RNA,0.010716560296714306
P2RY4_RNA,0.01070491224527359
AP1M2_RNA,0.010700661689043045
SERPINA10_RNA,0.010697031393647194
TMEM232_RNA,0.01069579552859068
GUCA1A_RNA,0.010694064199924469
SYNM_RNA,0.010688752867281437
SGCZ_RNA,0.010685884393751621
FBXO22_RNA,0.010684669017791748
PKLR_RNA,0.010683425702154636
SLC7A10_RNA,0.01067923940718174
APOBEC3G_RNA,0.010677707381546497
CRYBA1_RNA,0.010676909238100052
MIR181D_RNA,0.010662145912647247
KCNB1_RNA,0.010661051608622074
KLF7_RNA,0.010660563595592976
MYADML2_RNA,0.010651878081262112
DKK2_RNA,0.010643037967383862
PPP1R1A_RNA,0.010628876276314259
CHCHD2_RNA,0.01062784530222416
GRWD1_RNA,0.010626259259879589
RPRML_RNA,0.010614356026053429
ZNF747_RNA,0.0106117594987154
DCTD_RNA,0.010611354373395443
ZNF804B_RNA,0.010611110366880894
KIAA1958_RNA,0.010609032586216927
MAGI3_RNA,0.010598961263895035
SLCO1C1_RNA,0.010594652034342289
KCNIP4_RNA,0.010591848753392696
PLEKHH3_RNA,0.010589562356472015
PPP1R11_RNA,0.010581029579043388
ALDH1A3_RNA,0.010576952248811722
KIR2DL4_RNA,0.010573634877800941
ASCC3_RNA,0.010559323243796825
AZU1_RNA,0.010559188202023506
RAD51AP1_RNA,0.010548479855060577
ANKLE1_RNA,0.010547634214162827
FADD_RNA,0.010545679368078709
COPZ2_RNA,0.010529663413763046
TADA2A_RNA,0.010515114292502403
MYH3_RNA,0.010514400899410248
MMD2_RNA,0.010509587824344635
PRRX2_RNA,0.010509299114346504
SLC8A1_RNA,0.01050556730479002
CPS1_RNA,0.010501546785235405
TMPRSS11F_RNA,0.010485454462468624
SMARCA5_RNA,0.01048203743994236
CNDP1_RNA,0.010479314252734184
MIR583_RNA,0.010473202913999557
NYX_RNA,0.010472653433680534
STIM2_RNA,0.010466735810041428
PLEKHA7_RNA,0.010463263839483261
LOC375196_RNA,0.010454820469021797
NHS_RNA,0.010444658808410168
CTNND1_RNA,0.010441265068948269
GBF1_RNA,0.010439980775117874
IGSF22_RNA,0.01042780838906765
ADAMTS4_RNA,0.010427317582070827
ZNF44_RNA,0.010426328517496586
ANK1_RNA,0.010412373580038548
LIG3_RNA,0.010402572341263294
AP4E1_RNA,0.010400530882179737
IFI6_RNA,0.010399150662124157
SPEN_RNA,0.010395176708698273
PHYHIP_RNA,0.01039457879960537
BST2_RNA,0.010390357114374638
CDK5RAP3_RNA,0.010387599468231201
SEC16A_RNA,0.01038359384983778
COQ4_RNA,0.010383240878582
SLC12A1_RNA,0.010375362820923328
TMEM87B_RNA,0.010365375317633152
SOX15_RNA,0.010362822562456131
MRGPRX4_RNA,0.010355915874242783
MGAT4A_RNA,0.010348930023610592
MGAT4C_RNA,0.010339081287384033
ARF6_RNA,0.010337264277040958
FUT10_RNA,0.010336560197174549
SGPP1_RNA,0.010332893580198288
CATSPER3_RNA,0.010331438854336739
NIPA2_RNA,0.010327626951038837
PECAM1_RNA,0.010326781310141087
FAM50B_RNA,0.010324961505830288
B4GALT7_RNA,0.0103148827329278
PPFIA1_RNA,0.010309450328350067
TLR3_RNA,0.010308420285582542
CAMK2A_RNA,0.010297026485204697
PCDHA11_RNA,0.010293900966644287
CRHBP_RNA,0.010293482802808285
IL25_RNA,0.010292365215718746
ANO1_RNA,0.010289495810866356
PEX6_RNA,0.010287631303071976
LAPTM4A_RNA,0.010279270820319653
RBM11_RNA,0.010275122709572315
IFI30_RNA,0.01027024257928133
ZBTB43_RNA,0.01026486698538065
SPINK9_RNA,0.010263467207551003
RELN_RNA,0.01025963481515646
VAPA_RNA,0.010254058055579662
ZC3H18_RNA,0.010252488777041435
EMX2_RNA,0.010247643105685711
CADM4_RNA,0.010247191414237022
LMBRD1_RNA,0.01024539303034544
MYLK2_RNA,0.010245217010378838
KDM4A_RNA,0.010243826545774937
RAD23A_RNA,0.010241878218948841
KCNJ2_RNA,0.010241234675049782
TAF6L_RNA,0.01023754384368658
ZNF229_RNA,0.010235683061182499
PELI2_RNA,0.010233324952423573
HPGD_RNA,0.010219545103609562
MPRIP_RNA,0.010219172574579716
WIPF3_RNA,0.010216177441179752
GPC5_RNA,0.01021541003137827
RAB31_RNA,0.010213729925453663
CRYGA_RNA,0.010212868452072144
PTPN11_RNA,0.010206540115177631
DCXR_RNA,0.010191130451858044
RILPL2_RNA,0.010179337114095688
CAMTA2_RNA,0.01017648447304964
PDE4A_RNA,0.010155676864087582
WFS1_RNA,0.010153920389711857
PRCC_RNA,0.010150534100830555
CDK11B_RNA,0.010146060027182102
ADH4_RNA,0.01014231238514185
GSDMD_RNA,0.010141714476048946
TSPAN31_RNA,0.010132274590432644
ZNF682_RNA,0.01012397650629282
RRM2B_RNA,0.010121379047632217
GDPD5_RNA,0.010113539174199104
TSLP_RNA,0.01010949444025755
SCAND1_RNA,0.010105167515575886
NLRP1_RNA,0.010104317218065262
TCEAL2_RNA,0.01010280940681696
OTUD7B_RNA,0.010098855942487717
PIH1D1_RNA,0.010096176527440548
MCOLN1_RNA,0.010094246827065945
GNAI2_RNA,0.01009311806410551
TAF3_RNA,0.010085509158670902
SIGLEC12_RNA,0.010083848610520363
GGCT_RNA,0.010079341940581799
ZNF221_RNA,0.01007836777716875
ZNF284_RNA,0.010077646002173424
EFCAB8_RNA,0.01007628720253706
COX16_RNA,0.010074993595480919
CNOT6L_RNA,0.010071652010083199
ZNF580_RNA,0.01007079891860485
IL4R_RNA,0.01006768736988306
SCAP_RNA,0.010063094086945057
REEP5_RNA,0.010039475746452808
RCBTB1_RNA,0.010029454715549946
CNOT2_RNA,0.010026829317212105
KCNG2_RNA,0.010024726390838623
MIR1827_RNA,0.010010063648223877
RPL37_RNA,0.01000575628131628
MLKL_RNA,0.010005486197769642
TOR1AIP1_RNA,0.009997839108109474
DNAJC16_RNA,0.009993924759328365
LIN37_RNA,0.009990306571125984
SLC7A11_RNA,0.00998442992568016
HTRA1_RNA,0.00997524056583643
NCAM1_RNA,0.009972972795367241
ARPC4_RNA,0.009971070103347301
FGF6_RNA,0.009969065897166729
STX5_RNA,0.009968800470232964
IRF1_RNA,0.009965752251446247
ARFGAP2_RNA,0.009950739331543446
ZBTB12_RNA,0.009949862957000732
MYH14_RNA,0.009945393539965153
PTGR2_RNA,0.009940599091351032
SF1_RNA,0.009937746450304985
SF3B3_RNA,0.009935801848769188
MTRR_RNA,0.009922102093696594
TUBB3_RNA,0.009920280426740646
LETM1_RNA,0.009915960021317005
SHMT1_RNA,0.009913898073136806
IGFN1_RNA,0.009912112727761269
NRGN_RNA,0.009909211657941341
MSLN_RNA,0.00990061741322279
HSPB9_RNA,0.009894589893519878
KLHL2_RNA,0.009888863191008568
PIKFYVE_RNA,0.009888570755720139
USP11_RNA,0.009886938147246838
TM4SF20_RNA,0.009886096231639385
MYOCD_RNA,0.009876742027699947
CRTC2_RNA,0.0098753422498703
CDH4_RNA,0.009872128255665302
PSME4_RNA,0.009866369888186455
GAS2L1_RNA,0.009856346063315868
BAALC_RNA,0.009847782552242279
DHODH_RNA,0.009846027940511703
PPP1R12C_RNA,0.009845678694546223
SECTM1_RNA,0.009845570661127567
PIGR_RNA,0.009838760830461979
ADAMTS12_RNA,0.009831059724092484
SMG5_RNA,0.009830246679484844
SEMA4C_RNA,0.00981925055384636
TMIE_RNA,0.009818579070270061
TACR1_RNA,0.009817858226597309
KIF21A_RNA,0.009813211858272552
TNFSF13B_RNA,0.009813004173338413
RBBP4_RNA,0.009792763739824295
ZNF418_RNA,0.00979238748550415
PIK3C2A_RNA,0.009792289696633816
MUL1_RNA,0.009785177186131477
GFM2_RNA,0.009780113585293293
CDON_RNA,0.009769377298653126
CD2BP2_RNA,0.009768364951014519
ZMYM2_RNA,0.009759028442203999
REXO4_RNA,0.009754914790391922
POR_RNA,0.009748528711497784
NSUN3_RNA,0.009747685864567757
NUP35_RNA,0.009747283533215523
SLC26A5_RNA,0.009734155610203743
OSR1_RNA,0.009734098799526691
TK2_RNA,0.009729573503136635
TRPM3_RNA,0.009728980250656605
CDC23_RNA,0.009727831929922104
UXS1_RNA,0.009712605737149715
NT5C1B_RNA,0.009711910039186478
MIR765_RNA,0.009703787043690681
PIP5K1B_RNA,0.009703063406050205
PADI4_RNA,0.009700641967356205
DMGDH_RNA,0.00969820935279131
HBZ_RNA,0.00969325378537178
TIRAP_RNA,0.009693123400211334
MYO1A_RNA,0.009689445607364178
DNASE2_RNA,0.009686539880931377
G6PD_RNA,0.009681872092187405
MAP2K2_RNA,0.009679567068815231
SHD_RNA,0.009676087647676468
TMEM40_RNA,0.009673616848886013
MRPL43_RNA,0.009672046639025211
JAKMIP3_RNA,0.009665008634328842
FTCD_RNA,0.009659587405622005
DMRTA2_RNA,0.009652301669120789
OLIG1_RNA,0.009649360552430153
RBM19_RNA,0.009648018516600132
KIAA1755_RNA,0.00964142195880413
FDXR_RNA,0.009634951129555702
LOC728743_RNA,0.009629852138459682
ASXL3_RNA,0.009617581963539124
SPARC_RNA,0.009616097435355186
HDAC11_RNA,0.009614774957299232
LPCAT2_RNA,0.009605243802070618
NEK6_RNA,0.009603033773601055
MIR152_RNA,0.009601985104382038
SEZ6_RNA,0.009601384401321411
PSD4_RNA,0.009599671699106693
ZNF48_RNA,0.009590675123035908
OLIG2_RNA,0.009583281353116035
ARSK_RNA,0.009578327648341656
ZIM2_RNA,0.009573938325047493
NPY2R_RNA,0.009573828428983688
RAB12_RNA,0.009568138048052788
KDM4B_RNA,0.009556609205901623
MGAM_RNA,0.00954960472881794
ZNF626_RNA,0.009544326923787594
CMAS_RNA,0.009540094062685966
ROBO4_RNA,0.009538756683468819
C1QTNF1_RNA,0.00953854713588953
DOHH_RNA,0.009521488100290298
CNP_RNA,0.009520882740616798
HOXA11_RNA,0.009511835873126984
SLC12A3_RNA,0.009510105475783348
ATXN2L_RNA,0.009498115628957748
WDR26_RNA,0.009493754245340824
MFSD2A_RNA,0.009491333737969398
CISH_RNA,0.00949072651565075
FRMD5_RNA,0.0094822458922863
MIR96_RNA,0.009473241865634918
UBXN4_RNA,0.009471539407968521
VTCN1_RNA,0.009470661170780659
ECH1_RNA,0.009466717950999737
PPP1R10_RNA,0.00946229137480259
ARHGAP24_RNA,0.009446974843740463
TMEM100_RNA,0.009443825110793114
VIPR1_RNA,0.009440688416361809
MIR154_RNA,0.009438971057534218
SMURF1_RNA,0.009433021768927574
BIVM_RNA,0.009426098316907883
SIGLEC1_RNA,0.009421732276678085
ZNF789_RNA,0.009420777671039104
PSMA6_RNA,0.00940770749002695
CDK4_RNA,0.009400244802236557
FKBP10_RNA,0.009395512752234936
LIAS_RNA,0.009388195350766182
UNK_RNA,0.00938548892736435
PGLYRP1_RNA,0.009384996257722378
MEOX2_RNA,0.009378278627991676
CCT6B_RNA,0.009359396994113922
DDX56_RNA,0.009353670291602612
ARSI_RNA,0.00935132335871458
KPNB1_RNA,0.009345538914203644
TOB1_RNA,0.009341321885585785
IL27RA_RNA,0.009336239658296108
HDAC1_RNA,0.009335200302302837
PKIB_RNA,0.009334300644695759
TMEM45B_RNA,0.009327123872935772
PDE6H_RNA,0.009325268678367138
ANKRD13C_RNA,0.009324857965111732
SHKBP1_RNA,0.009320221841335297
TMEM223_RNA,0.0093164574354887009
MTF2_RNA,0.009295028634369373
LMOD3_RNA,0.009292317554354668
TC2N_RNA,0.009288971312344074
DUOX1_RNA,0.009283333085477352
SAP30BP_RNA,0.009281877428293228
CTNS_RNA,0.009277235716581345
NDST3_RNA,0.009275167249143124
CBLN2_RNA,0.009272392839193344
RBMXL1_RNA,0.009271320886909962
PNPLA2_RNA,0.009263570420444012
IFNGR1_RNA,0.009262435138225555
PDE1C_RNA,0.009252477437257767
C1orf116_RNA,0.009248473681509495
XKR6_RNA,0.009242609143257141
TEX19_RNA,0.009232205338776112
POLR3B_RNA,0.009223563596606255
TXNL4B_RNA,0.009218436665832996
IDH3G_RNA,0.00920551735907793
KLK6_RNA,0.00920157041400671
KHDRBS3_RNA,0.009200012311339378
MIR569_RNA,0.009196560829877853
SLC6A9_RNA,0.00919197965413332
HHATL_RNA,0.009191781282424927
LRIT2_RNA,0.009191092103719711
MFSD3_RNA,0.009183520451188087
FCAMR_RNA,0.009183447808027267
TRMT12_RNA,0.009177671745419502
VAMP3_RNA,0.009175154380500317
ADAMTS9_RNA,0.009172691963613033
CCT7_RNA,0.009172405116260052
CANT1_RNA,0.0091705908998847
ABHD8_RNA,0.009168780408799648
SAMD8_RNA,0.00916503556072712
TAOK1_RNA,0.009160364046692848
MFF_RNA,0.009152552112936974
MIR26A2_RNA,0.00915192998945713
MOV10L1_RNA,0.00914554763585329
SYVN1_RNA,0.009135346859693527
EPHA6_RNA,0.009130808524787426
RPL5_RNA,0.009122798219323158
GZMM_RNA,0.009115654043853283
SPAG16_RNA,0.009112749248743057
NFKBID_RNA,0.00911050383001566
PGPEP1_RNA,0.009107280522584915
NAT9_RNA,0.009103432297706604
CA2_RNA,0.009092769585549831
ZNF432_RNA,0.009084704332053661
RPL9_RNA,0.009083671495318413
FUT3_RNA,0.009081410244107246
C14orf28_RNA,0.009079772979021072
ITPR3_RNA,0.009076790884137154
GBX2_RNA,0.009058928117156029
C1QTNF6_RNA,0.009057959541678429
ZDHHC3_RNA,0.009054899215698242
CTRB2_RNA,0.009054390713572502
UCKL1_RNA,0.009045260958373547
METTL13_RNA,0.009042415767908096
FBXL7_RNA,0.009036093950271606
DISC1_RNA,0.00903149601072073
SPON1_RNA,0.00902627408504486
ZDHHC14_RNA,0.009025435894727707
MYBPC1_RNA,0.009007877670228481
SNORA65_RNA,0.009002568200230598
TMEM143_RNA,0.00900146085768938
YRDC_RNA,0.008999155834317207
SNORD115-2_RNA,0.008997340686619282
TRIM17_RNA,0.008997296914458275
CNPY4_RNA,0.0089766476303339
CPLX1_RNA,0.008973873220384121
CUX2_RNA,0.008973803371191025
SMARCE1_RNA,0.008963733911514282
C8orf74_RNA,0.008952166885137558
DCAF15_RNA,0.008938665501773357
CAPN1_RNA,0.008937125094234943
SACS_RNA,0.008935543708503246
ALX4_RNA,0.00893383752554655
CNTNAP4_RNA,0.008933649398386478
TXNIP_RNA,0.008932149037718773
CYP3A7_RNA,0.008931963704526424
SNORA79_RNA,0.008924414403736591
NLRP4_RNA,0.008923595771193504
ADAMTSL3_RNA,0.008920963853597641
C1orf226_RNA,0.008916020393371582
ITGAD_RNA,0.008914272300899029
NRG3_RNA,0.008910126984119415
USP6NL_RNA,0.008908035233616829
TMSB4X_RNA,0.00890073087066412
ACSS3_RNA,0.008897671476006508
OR51Q1_RNA,0.00888475589454174
IMP4_RNA,0.00888118240982294
ARL8A_RNA,0.008880655281245708
ASCL2_RNA,0.008878261782228947
C2CD4B_RNA,0.008870678953826427
PEX1_RNA,0.008863070979714394
PITRM1_RNA,0.008858232758939266
HES7_RNA,0.00885287206619978
HAP1_RNA,0.008849811740219593
RABGGTB_RNA,0.008844461292028427
MREG_RNA,0.008843285031616688
ZNF444_RNA,0.00884220004081726
ZNF274_RNA,0.008828849531710148
MLNR_RNA,0.00882481224834919
SLC25A11_RNA,0.008824597112834454
MNT_RNA,0.008818314410746098
SERINC3_RNA,0.008817914873361588
MPDZ_RNA,0.008816242218017578
PCMTD2_RNA,0.00881209596991539
ZNF12_RNA,0.008811560459434986
ANXA4_RNA,0.008804109878838062
CXCR2_RNA,0.008793204091489315
LRP2_RNA,0.008785969577729702
TDRD10_RNA,0.008782188408076763
MFHAS1_RNA,0.00878052320331335
WDR87_RNA,0.008779715746641159
METTL9_RNA,0.0087794354185462
TMEM39B_RNA,0.008776126429438591
GDF2_RNA,0.008767516352236271
HSPD1_RNA,0.008766131475567818
FN3K_RNA,0.008757200092077255
TM7SF3_RNA,0.008753404021263123
DDOST_RNA,0.008749336935579777
CAMK1G_RNA,0.008748047985136509
SMC6_RNA,0.008747775107622147
USP18_RNA,0.008743240498006344
TMEM106B_RNA,0.00874163955450058
PPIL1_RNA,0.008741525933146477
TTLL10_RNA,0.008739468641579151
FAM120A_RNA,0.008736809715628624
HDGFL1_RNA,0.008731693960726261
AR_RNA,0.00872946996241808
IDH1_RNA,0.00872758124023676
DCAF16_RNA,0.008724947459995747
BRD4_RNA,0.00872164685279131
BTNL8_RNA,0.008720304816961288
SALL4_RNA,0.00871941540390253
EXOC5_RNA,0.008718580938875675
HMGN4_RNA,0.008717123419046402
GPT2_RNA,0.008715180680155754
TDRD5_RNA,0.008706427179276943
PLXNB3_RNA,0.008699093014001846
ZFP41_RNA,0.008691486902534962
ATG16L1_RNA,0.008688904345035553
GATAD2A_RNA,0.008684932254254818
TBCD_RNA,0.008684889413416386
GRIN2B_RNA,0.008683575317263603
ASPHD1_RNA,0.008666208945214748
ZNF672_RNA,0.008665324188768864
MARK2_RNA,0.008665277622640133
LAPTM4B_RNA,0.008662937209010124
MAGEA8_RNA,0.008660459890961647
DHRS7_RNA,0.008656512945890427
TBC1D10A_RNA,0.008642805740237236
SNORD115-38_RNA,0.008636314421892166
LIME1_RNA,0.008635075762867928
MOGS_RNA,0.008626955561339855
CCDC27_RNA,0.008621403947472572
SLC5A10_RNA,0.008614076301455498
AMFR_RNA,0.00860550906509161
CORT_RNA,0.008598044514656067
PRLHR_RNA,0.008595360442996025
FBXO40_RNA,0.008592340163886547
EDEM3_RNA,0.00859090220183134
SNRPA_RNA,0.008590701036155224
PNPLA8_RNA,0.008577144704759121
CLPP_RNA,0.008568980731070042
RPS18_RNA,0.008563615381717682
RAVER2_RNA,0.008555923588573933
RPN2_RNA,0.008548568934202194
RHEB_RNA,0.008547334931790829
CD14_RNA,0.008546285331249237
CDKAL1_RNA,0.008543761447072029
XPC_RNA,0.008542523719370365
ZNF22_RNA,0.00853416696190834
KLHL29_RNA,0.00853051245212555
PLD2_RNA,0.008530505001544952
RASEF_RNA,0.008528683334589005
TSEN2_RNA,0.008516671136021614
SLC6A7_RNA,0.008513599634170532
C2orf69_RNA,0.008510163053870201
IL32_RNA,0.008509071543812752
POLDIP2_RNA,0.00850788876414299
SLCO3A1_RNA,0.008501092903316021
ZNF646_RNA,0.008493892848491669
ANO4_RNA,0.008493000641465187
NAT2_RNA,0.008485798723995686
PTGFR_RNA,0.008482348173856735
PIGN_RNA,0.008480343036353588
TMEM127_RNA,0.008475449867546558
MIR597_RNA,0.008474073372781277
PYGB_RNA,0.008469343185424805
TPM1_RNA,0.008457533083856106
LCN15_RNA,0.008456853218376637
HSF1_RNA,0.00845487043261528
C20orf173_RNA,0.008451536297798157
TNFAIP2_RNA,0.008446473628282547
ASH2L_RNA,0.0084364740177989
SNORA5C_RNA,0.00842569675296545
PBLD_RNA,0.008424095809459686
TRAPPC3_RNA,0.008422233164310455
ATP6V1G1_RNA,0.00841599702835083
RAD54L2_RNA,0.008415963500738144
MRPL38_RNA,0.008414186537265778
TMEM219_RNA,0.008413322269916534
MX2_RNA,0.008402042090892792
EDC4_RNA,0.008398644626140594
ECE1_RNA,0.008394993841648102
PCDHGB3_RNA,0.008394179865717888
IL2RB_RNA,0.008386476896703243
SNX29_RNA,0.00837701465934515
AANAT_RNA,0.008376719430088997
OPRK1_RNA,0.008366179652512074
MTMR2_RNA,0.008355686441063881
DNAJC12_RNA,0.008355203084647655
MIR539_RNA,0.008351616561412811
FADS3_RNA,0.008349109441041946
COX6A2_RNA,0.008342635817825794
HS1BP3_RNA,0.00833701342344284
SMAD4_RNA,0.008333474397659302
APOBEC2_RNA,0.008331994526088238
NOP56_RNA,0.008328369818627834
MGC15885_RNA,0.008324669674038887
TDRD1_RNA,0.008319958113133907
EME2_RNA,0.00831849966198206
UGCG_RNA,0.008314037695527077
RTN1_RNA,0.008312758058309555
CCDC116_RNA,0.008312472142279148
MAP4K1_RNA,0.008306046016514301
CLEC1A_RNA,0.008297186344861984
UBR3_RNA,0.008295106701552868
SOSTDC1_RNA,0.008291958831250668
CCDC121_RNA,0.008288721553981304
MRFAP1_RNA,0.008285279385745525
NUP153_RNA,0.008259580470621586
TTBK2_RNA,0.008255671709775925
MEOX1_RNA,0.008252285420894623
TNFRSF13B_RNA,0.008249756880104542
RNF215_RNA,0.008248373866081238
PURA_RNA,0.008236698806285858
RELA_RNA,0.00823618471622467
PTCRA_RNA,0.008234575390815735
NDUFS4_RNA,0.008230727165937424
TMTC2_RNA,0.00822476577013731
SETD1B_RNA,0.008222882635891438
FAM3C_RNA,0.008219864219427109
HAGH_RNA,0.008218242786824703
PGD_RNA,0.008217200636863708
CCDC86_RNA,0.008216711692512035
SLC47A1_RNA,0.008213045075535774
INTS12_RNA,0.008213038556277752
FDXACB1_RNA,0.00821048952639103
PI16_RNA,0.008199065923690796
GLS2_RNA,0.008187605068087578
C1QTNF2_RNA,0.008187358267605305
NAGK_RNA,0.0081870062276721
DCC_RNA,0.008185732178390026
CBLL1_RNA,0.008185594342648983
ZSCAN4_RNA,0.008184678852558136
TTC9_RNA,0.008183593861758709
OAS2_RNA,0.008182777091860771
CD55_RNA,0.008178251795470715
MPV17L2_RNA,0.008176579140126705
KCTD20_RNA,0.008172819390892982
YWHAH_RNA,0.008172132074832916
C2orf88_RNA,0.008161963894963264
NDUFC2_RNA,0.008156211115419865
RHOJ_RNA,0.008149001747369766
RALBP1_RNA,0.008134500123560429
SPATA22_RNA,0.00813337042927742
SREBF1_RNA,0.008126146160066128
CFD_RNA,0.008118100464344025
RAB6B_RNA,0.008110132068395615
MEX3A_RNA,0.008109986782073975
USP28_RNA,0.008107324130833149
MSI2_RNA,0.008100115694105625
CD200R1_RNA,0.008097989484667778
GDPD2_RNA,0.008089401759207249
CYTH2_RNA,0.008084431290626526
PCDHA12_RNA,0.008078544400632381
CEPT1_RNA,0.008078099228441715
ARL4A_RNA,0.008074145764112473
RAB11FIP3_RNA,0.008073725737631321
TRPC5_RNA,0.008068213239312172
RXRA_RNA,0.008066928014159203
CNR1_RNA,0.008065338246524334
GLI4_RNA,0.008064349181950092
TUSC2_RNA,0.008063619956374168
TPD52L1_RNA,0.00805716123431921
ARPC1B_RNA,0.00805631373077631
ADRA2A_RNA,0.008052331395447254
CALM3_RNA,0.008047503419220448
PEX11G_RNA,0.00804685428738594
HIC1_RNA,0.008045269176363945
DFFB_RNA,0.008039661683142185
PPP1R3F_RNA,0.00803319364786148
TFPI2_RNA,0.008025133050978184
MIR126_RNA,0.008020369336009026
ZDHHC23_RNA,0.008018101565539837
PARP1_RNA,0.008013959974050522
ANKRD13B_RNA,0.008011533878743649
NAPSA_RNA,0.008002550341188908
TPST2_RNA,0.008001607842743397
MIR381_RNA,0.007998637855052948
MIR485_RNA,0.007994862273335457
RABAC1_RNA,0.007994052954018116
PTGIS_RNA,0.007985159754753113
CLDN20_RNA,0.007973051629960537
PYGO1_RNA,0.007972083054482937
KIAA0513_RNA,0.00796544086188078
PDE4B_RNA,0.007961103692650795
C1orf216_RNA,0.007959291338920593
TCP10L_RNA,0.007951759733259678
SCARF1_RNA,0.007945526391267776
ZNF574_RNA,0.007933977991342545
EIF4A1_RNA,0.007922830060124397
ZC3H7B_RNA,0.007921808399260044
NFAT5_RNA,0.007917236536741257
KCNK6_RNA,0.007910200394690037
CXCL3_RNA,0.007908832281827927
SLC39A14_RNA,0.007908696308732033
SNORD115-18_RNA,0.007908198051154613
PPP1R3A_RNA,0.007907962426543236
SRP68_RNA,0.007898744195699692
ARID1B_RNA,0.00789596140384674
TREML2_RNA,0.007892352528870106
EIF4EBP2_RNA,0.007891783490777016
GRIA4_RNA,0.007885870523750782
PCM1_RNA,0.007880691438913345
VIL1_RNA,0.007879785262048244
NKX2-8_RNA,0.007867182604968548
DSP_RNA,0.007865979336202145
IRGM_RNA,0.007860483601689339
HCN1_RNA,0.007841777987778187
PAICS_RNA,0.007838909514248371
CNDP2_RNA,0.007838801480829716
KIF5A_RNA,0.00783762987703085
MAEA_RNA,0.007833733223378658
AIFM3_RNA,0.007833670824766159
NGF_RNA,0.00782841071486473
RABEP1_RNA,0.007819305174052715
EIF4A2_RNA,0.007817039266228676
AKIRIN1_RNA,0.007815821096301079
RAB11FIP1_RNA,0.007811923045665026
GAP43_RNA,0.007803604006767273
GNAS_RNA,0.007796251680701971
BRD9_RNA,0.007791857700794935
ZIC4_RNA,0.007790628354996443
NEXN_RNA,0.007787369191646576
LOC100310782_RNA,0.007783035282045603
NAF1_RNA,0.007782752625644207
C2CD3_RNA,0.007781741209328175
KBTBD3_RNA,0.0077783712185919285
TMEM175_RNA,0.007777216378599405
NEUROD6_RNA,0.0077718463726341724
SLC22A9_RNA,0.0077605582773685455
BHLHE41_RNA,0.007752477191388607
COL4A5_RNA,0.007751719560474157
IL21R_RNA,0.007736830040812492
CD69_RNA,0.007731362245976925
IMPACT_RNA,0.007726598531007767
NKX6-2_RNA,0.007725609932094812
KLHL5_RNA,0.007716583088040352
RAB30_RNA,0.007715533021837473
POLD1_RNA,0.007708549965173006
ELL3_RNA,0.007703848648816347
UBE2E3_RNA,0.007701124530285597
DAZL_RNA,0.007694727275520563
CLUAP1_RNA,0.007692788261920214
MDS2_RNA,0.007685183081775904
ETS2_RNA,0.007679081987589598
SNORD115-22_RNA,0.007670044898986816
IQCA1_RNA,0.007668234873563051
ETV4_RNA,0.007665557786822319
SLCO6A1_RNA,0.007654466200619936
CYLD_RNA,0.007653397973626852
MMRN2_RNA,0.0076437038369476795
PCYT1B_RNA,0.007643088232725859
PHACTR4_RNA,0.007641563192009926
PRSS48_RNA,0.007636771537363529
CALU_RNA,0.007622079458087683
LYRM2_RNA,0.00761726638302207
SYNGR1_RNA,0.007614184636622667
VCAN_RNA,0.007611701264977455
GREB1_RNA,0.007610253058373928
TMEM154_RNA,0.007607810199260712
RCOR3_RNA,0.007605185732245445
NMD3_RNA,0.00759867811575532
NMT2_RNA,0.007593913469463587
ATPAF1_RNA,0.007587586995214224
SLC25A44_RNA,0.007585754152387381
ITPA_RNA,0.007580277509987354
RPS15A_RNA,0.007577830459922552
FADS1_RNA,0.007572374772280455
GLIS1_RNA,0.007566576823592186
OTOA_RNA,0.007562100887298584
ZMIZ1_RNA,0.007558059878647327
TAP2_RNA,0.007550673093646765
SPP1_RNA,0.007547921501100063
UBASH3B_RNA,0.007545432075858116
CTNND2_RNA,0.007544105406850576
TLR8_RNA,0.007543484214693308
PLAU_RNA,0.0075430250726640224
MIR300_RNA,0.007540589198470116
PFAS_RNA,0.007536177057772875
FDX1_RNA,0.007533492986112833
CABLES2_RNA,0.007532438263297081
GLUD2_RNA,0.0075312042608857155
ZNF17_RNA,0.007528608199208975
ZHX2_RNA,0.0075278677977621555
KDELR1_RNA,0.007526876870542765
NXN_RNA,0.007526574190706015
NXF1_RNA,0.0075144958682358265
ZNF491_RNA,0.007514301687479019
TMEM229A_RNA,0.007510249502956867
XDH_RNA,0.007509023416787386
PCSK6_RNA,0.007506344933062792
CD180_RNA,0.007505258545279503
HMHB1_RNA,0.007505069021135569
TLE2_RNA,0.007505008950829506
RPS16_RNA,0.0075041018426418304
POLD4_RNA,0.007503715343773365
BHLHA9_RNA,0.007501455023884773
ZNF709_RNA,0.007501398678869009
ZNF607_RNA,0.007494752760976553
FAM81A_RNA,0.007493264507502317
MAP1LC3C_RNA,0.0074920207262039185
TMEM134_RNA,0.0074915336444973946
TPI1_RNA,0.007487729657441378
GDA_RNA,0.007485608570277691
THPO_RNA,0.007460954133421183
WDTC1_RNA,0.007459001149982214
CMPK1_RNA,0.007450878620147705
MTTP_RNA,0.007445319090038538
TRMT61B_RNA,0.007444113027304411
SETD1A_RNA,0.00744228158146143
RHOT1_RNA,0.007438360247761011
B3GNT6_RNA,0.0074297222308814526
LRRC55_RNA,0.007427871692925692
DHX16_RNA,0.007416232489049435
NR1H3_RNA,0.0074069988913834095
BAHCC1_RNA,0.007397024892270565
USP39_RNA,0.007395152933895588
FCHO2_RNA,0.007381876464933157
SF3A3_RNA,0.007368352264165878
VCL_RNA,0.007356622256338596
PKD1L3_RNA,0.007355822715908289
RAD21_RNA,0.007342518772929907
WIPF1_RNA,0.007325505372136831
FCHO1_RNA,0.00732114864513278
DHX36_RNA,0.007321122568100691
GCHFR_RNA,0.0073133972473442554
SHANK1_RNA,0.007311499211937189
ZNF773_RNA,0.007298282813280821
GPR62_RNA,0.007291262503713369
SLC26A9_RNA,0.007290955167263746
TTBK1_RNA,0.007269804831594229
ASB2_RNA,0.007264598272740841
CASP8AP2_RNA,0.007261949125677347
STK17A_RNA,0.007261673919856548
USP38_RNA,0.00725889066234231
FYCO1_RNA,0.007255019620060921
CPT2_RNA,0.0072510261088609695
STX12_RNA,0.007250163704156876
TLE6_RNA,0.007245594169944525
KLHDC4_RNA,0.0072297449223697186
STAT5A_RNA,0.0072179012931883335
DDX60L_RNA,0.00721765449270606
EML5_RNA,0.0072141108103096485
MAP3K6_RNA,0.007212447002530098
B3GAT3_RNA,0.007207697257399559
TGOLN2_RNA,0.007202946115285158
HSD11B1_RNA,0.007195848505944014
BCYRN1_RNA,0.007194311823695898
MED15_RNA,0.007189437747001648
DNAJC11_RNA,0.007183654233813286
ZCWPW1_RNA,0.007179670035839081
SOCS2_RNA,0.00717628188431263
CARTPT_RNA,0.0071746972389519215
RHOG_RNA,0.007172434125095606
SPRED2_RNA,0.007171212695538998
ANO6_RNA,0.007170732598751783
MIR570_RNA,0.007167124655097723
C16orf92_RNA,0.007165943738073111
FAM43A_RNA,0.0071651022881269455
CXCL14_RNA,0.007164806127548218
PELP1_RNA,0.0071647451259195805
CLK4_RNA,0.00715046189725399
SEZ6L2_RNA,0.007149203214794397
TNN_RNA,0.007148211356252432
SNX21_RNA,0.007134826388210058
CYP4F3_RNA,0.007130891550332308
ANKRD12_RNA,0.007130202371627092
CRYL1_RNA,0.007123596500605345
CR2_RNA,0.007119234651327133
GALNTL5_RNA,0.007117905654013157
IL2RA_RNA,0.007093769498169422
PSENEN_RNA,0.007087851408869028
SLC2A6_RNA,0.0070873755030334
MAF1_RNA,0.007081279996782541
FAIM2_RNA,0.007079417817294598
SULF1_RNA,0.007079034112393856
PLA2G3_RNA,0.007073407061398029
NEDD9_RNA,0.007070079445838928
RBPMS2_RNA,0.007051337976008654
NHP2_RNA,0.007039133459329605
TNS1_RNA,0.007033421192318201
HIBCH_RNA,0.0070326984860002995
FBXW12_RNA,0.007016824558377266
SNORD62A_RNA,0.007013457361608744
RALY_RNA,0.007009274326264858
C14orf180_RNA,0.00700545497238636
ATP2A3_RNA,0.0070024519227445126
ZMYM3_RNA,0.006992756854742765
ADAM30_RNA,0.006987894885241985
MX1_RNA,0.006986888125538826
SEMA3C_RNA,0.006984620820730925
MME_RNA,0.006977059878408909
USP30_RNA,0.006976536009460688
ZMAT1_RNA,0.006974446587264538
ADCY6_RNA,0.006952423136681318
MYO1E_RNA,0.0069482168182730675
GHR_RNA,0.0069381664507091045
GZMA_RNA,0.00692830141633749
PISD_RNA,0.006915153935551643
MARK1_RNA,0.0069122035056352615
DRP2_RNA,0.006909810937941074
PRDX6_RNA,0.006900281645357609
SLIT1_RNA,0.006892321165651083
CAPRIN2_RNA,0.006890584249049425
PXT1_RNA,0.006882406305521727
TREML1_RNA,0.006869788747280836
MRPS17_RNA,0.006862369365990162
ARMC6_RNA,0.006852954626083374
TAS2R38_RNA,0.006850962061434984
OR1J4_RNA,0.006849822122603655
RASGRF1_RNA,0.006834517233073711
MDFIC_RNA,0.006829813588410616
CAMK2N2_RNA,0.006816662847995758
ARL6IP6_RNA,0.006815390661358833
SPIB_RNA,0.006815346423536539
GREM1_RNA,0.006813788320869207
SLFN5_RNA,0.0068128639832139015
PPP2R5D_RNA,0.006808385252952576
WDSUB1_RNA,0.006800583563745022
MYCN_RNA,0.006800069473683834
KPNA6_RNA,0.006797162350267172
RPL29_RNA,0.006791046820580959
VPS37A_RNA,0.00677800178527832
ZFAT_RNA,0.006777705159038305
PCDH9_RNA,0.006776711903512478
TIMP2_RNA,0.006773730274289846
PTP4A1_RNA,0.006766472943127155
CYP19A1_RNA,0.006748630199581385
THNSL1_RNA,0.006741651333868504
RAB40C_RNA,0.006736220791935921
ZMAT4_RNA,0.00673228083178401
NAP1L3_RNA,0.006731560919433832
MIR181B2_RNA,0.006729811895638704
CCDC62_RNA,0.006729705724865198
PXDN_RNA,0.0067256442271173
CHMP2B_RNA,0.0067247748374938965
LRP8_RNA,0.006724498234689236
STX1A_RNA,0.006719306111335754
CARS2_RNA,0.006717949640005827
SUCLA2_RNA,0.006715133786201477
WDR45_RNA,0.0067134941928088665
CHPT1_RNA,0.006706175394356251
WDR59_RNA,0.006704029627144337
CDC73_RNA,0.006701016332954168
SMARCAD1_RNA,0.006697213277220726
EPN1_RNA,0.006685231346637011
ADD2_RNA,0.006685000844299793
CLCF1_RNA,0.006682451814413071
LY6E_RNA,0.006680627353489399
ITSN2_RNA,0.006678579840809107
CSNK1A1_RNA,0.006678225472569466
TULP1_RNA,0.0066727143712341785
H6PD_RNA,0.0066540916450321674
GABRA1_RNA,0.006643185392022133
POLL_RNA,0.0066252597607672215
SCNN1A_RNA,0.0066246879287064075
SIRPD_RNA,0.0066186352632939816
SNORD89_RNA,0.006611966993659735
NECAP2_RNA,0.0066108605824410915
NEK7_RNA,0.006601668428629637
COL25A1_RNA,0.006600304041057825
ZMPSTE24_RNA,0.0065999445505440235
SLITRK3_RNA,0.006599700078368187
MYO15B_RNA,0.0065957349725067616
RYR2_RNA,0.006592281628400087
NSMCE4A_RNA,0.006560842972248793
SBSN_RNA,0.00656000105664134
PPRC1_RNA,0.006559907924383879
TNFSF8_RNA,0.00655990419909358
PLXNA1_RNA,0.006553058046847582
CLIP4_RNA,0.006547626573592424
C12orf57_RNA,0.006545256823301315
NFYC_RNA,0.0065347119234502316
ZNF45_RNA,0.006519701797515154
CTSB_RNA,0.006517468951642513
HAPLN2_RNA,0.006517450790852308
SLC4A8_RNA,0.006516017019748688
IFITM1_RNA,0.00651124119758606
XIRP1_RNA,0.0065100472420454025
DNAJB4_RNA,0.006509943399578333
SEC61G_RNA,0.0065095326863229275
EEA1_RNA,0.006503832060843706
PPP3R2_RNA,0.0064962198957800865
ENDOG_RNA,0.00648875068873167
KRT7_RNA,0.006486800033599138
SPINK7_RNA,0.006486712489277124
CDH1_RNA,0.0064812651835381985
GHRLOS_RNA,0.006479207891970873
GPS1_RNA,0.006468996871262789
NHEJ1_RNA,0.00646689860150218
SMARCA1_RNA,0.0064583211205899715
ARL6IP5_RNA,0.006457322742789984
SNORD117_RNA,0.006457093637436628
PDE9A_RNA,0.006455671973526478
HCST_RNA,0.0064420923590660095
KANK4_RNA,0.00643774401396513
LRRC56_RNA,0.006432427559047937
CPSF7_RNA,0.006424332968890667
CHDH_RNA,0.006422047037631273
CYSLTR2_RNA,0.006420902442187071
CCR5_RNA,0.006420688237994909
GPX3_RNA,0.006418713368475437
DHRS3_RNA,0.006410250440239906
ATP8B1_RNA,0.006407544016838074
MIR933_RNA,0.006405912805348635
RAB3A_RNA,0.006401717197149992
CDC123_RNA,0.006395536940544844
FOXO1_RNA,0.00639320258051157
INTS6_RNA,0.006385709624737501
CREBL2_RNA,0.00638272799551487
GFM1_RNA,0.006375077646225691
LHX8_RNA,0.0063741737976670265
CEP72_RNA,0.006372635718435049
TMEM184B_RNA,0.006369376555085182
ARHGDIG_RNA,0.006368132308125496
ZNF335_RNA,0.006367738824337721
YWHAZ_RNA,0.006365887820720673
LRRC23_RNA,0.00636469479650259
PIGQ_RNA,0.006363490130752325
ANKRD46_RNA,0.00636308966204524
FNDC1_RNA,0.006359830964356661
GPR84_RNA,0.006355747114866972
OR52K2_RNA,0.006354979705065489
INTS10_RNA,0.006354082375764847
CDC37_RNA,0.0063498904928565025
GSTM5_RNA,0.006349594797939062
PCDHGC3_RNA,0.00634504109621048
DGKA_RNA,0.006344954948872328
NAIF1_RNA,0.006342145614326
CAPN13_RNA,0.006339131388813257
DOCK11_RNA,0.006338299717754126
CSMD2_RNA,0.006337661296129227
CYB5D2_RNA,0.00632605142891407
HBA2_RNA,0.006324943155050278
S100PBP_RNA,0.006324722897261381
MIR595_RNA,0.006307962350547314
AP1S1_RNA,0.006302117835730314
POLN_RNA,0.006287954747676849
SPDYC_RNA,0.006283376831561327
FAM133B_RNA,0.006279934663325548
ZFP64_RNA,0.0062738400883972645
CCDC9_RNA,0.006260779686272144
ANAPC4_RNA,0.006259276531636715
MOBP_RNA,0.006257142871618271
SYT11_RNA,0.006256088614463806
ZBTB26_RNA,0.006249474361538887
MIR1286_RNA,0.006246243603527546
CYP4F11_RNA,0.006245486903935671
MIIP_RNA,0.006244114134460688
KCNV1_RNA,0.006239737384021282
HMCN1_RNA,0.006238565780222416
VPS4B_RNA,0.006237542722374201
RNF150_RNA,0.006237072870135307
PDRG1_RNA,0.006233761087059975
OLFML2B_RNA,0.00623319810256362
PPP1R14B_RNA,0.006230380851775408
SV2C_RNA,0.006221347954124212
SCARNA11_RNA,0.006219804286956787
AEBP2_RNA,0.0062179239466786385
RBMS1_RNA,0.006217467598617077
PARP10_RNA,0.006213632877916098
POLI_RNA,0.006207803264260292
CMTM4_RNA,0.006204140838235617
RAB40A_RNA,0.006196858827024698
CDYL2_RNA,0.006196497939527035
FNBP1L_RNA,0.006195454858243465
YWHAG_RNA,0.006186019629240036
EFEMP1_RNA,0.006171313114464283
STK11IP_RNA,0.00616880739107728
RPL36AL_RNA,0.006168265361338854
PPM1G_RNA,0.00616614893078804
PDLIM5_RNA,0.006160531658679247
HSPB6_RNA,0.006151424255222082
ADAMTS5_RNA,0.006145818158984184
TUBGCP5_RNA,0.006141151767224073
UPF3B_RNA,0.006133759394288063
TSFM_RNA,0.006133296061307192
GALR1_RNA,0.006133065093308687
SDAD1_RNA,0.006132501643151045
ACVR1B_RNA,0.0061261896044015884
ILVBL_RNA,0.0061240834183990955
ITPR1_RNA,0.006123740691691637
SLC30A3_RNA,0.006118094082921743
BICD1_RNA,0.00611536530777812
STAB1_RNA,0.0061091152019798756
THAP8_RNA,0.006108148489147425
SLC25A46_RNA,0.006103085819631815
CNN1_RNA,0.006098947953432798
PRKACB_RNA,0.0060914019122719765
USP44_RNA,0.006085179280489683
TAS2R50_RNA,0.0060814484022557735
THAP9_RNA,0.006080418825149536
MIR30A_RNA,0.006070672534406185
WDFY2_RNA,0.006069468799978495
HGS_RNA,0.006057280115783215
NRSN1_RNA,0.006052054464817047
BECN1_RNA,0.0060492209158837795
SNORD115-15_RNA,0.006044434849172831
QRICH1_RNA,0.006043693516403437
NKAPL_RNA,0.006030268967151642
PTPRM_RNA,0.006029666401445866
GUCY1A2_RNA,0.00602243235334754
HNRNPUL1_RNA,0.006017180159687996
ARAF_RNA,0.006016165483742952
SSBP1_RNA,0.0060109058395028114
POLR3E_RNA,0.006001819856464863
DNAJB2_RNA,0.006000530906021595
TCEAL1_RNA,0.005999429617077112
IL1B_RNA,0.00599674740806222
SLC39A2_RNA,0.005987108219414949
FBLN5_RNA,0.005981967784464359
KDM3B_RNA,0.005977983120828867
PPP2R2B_RNA,0.0059767235070466995
MIR193A_RNA,0.005969478283077478
EFNA4_RNA,0.005968623328953981
FANCL_RNA,0.0059648482128977776
DOC2A_RNA,0.005962025839835405
USP4_RNA,0.00594845786690712
CD300A_RNA,0.005942302756011486
SNRNP40_RNA,0.005940524861216545
ASTN2_RNA,0.005936230067163706
SNPH_RNA,0.005923569202423096
NACC2_RNA,0.0059220981784164906
CREB1_RNA,0.00592078547924757
KRTAP5-6_RNA,0.005916811991482973
PPIL3_RNA,0.00591671047732234
RBMXL3_RNA,0.005915343761444092
FUT7_RNA,0.005908968858420849
SCRIB_RNA,0.005908865015953779
PLEKHA5_RNA,0.00590250501409173
TNRC6C_RNA,0.005902231205254793
EXOC3_RNA,0.005896114744246006
BAIAP3_RNA,0.0058959852904081345
HRC_RNA,0.005889085587114096
S100A16_RNA,0.005886260885745287
IRAK1_RNA,0.005883760750293732
UBL5_RNA,0.005880000069737434
MED13L_RNA,0.005877752788364887
PDCD2_RNA,0.0058755590580403805
JMJD4_RNA,0.005865104962140322
STARD3NL_RNA,0.005864297971129417
STX1B_RNA,0.005863158963620663
SIDT1_RNA,0.005858614109456539
CRYAB_RNA,0.005849347449839115
GEMIN7_RNA,0.005841025151312351
ARL6IP4_RNA,0.005839144345372915
ZNF251_RNA,0.00583791034296155
ZNF431_RNA,0.005835378542542458
PIWIL2_RNA,0.005834353622049093
GRIN2C_RNA,0.005829740781337023
CST3_RNA,0.005827225279062986
WDR64_RNA,0.005825428292155266
PCDHB1_RNA,0.005824124440550804
MRPL34_RNA,0.005823883693665266
SOX5_RNA,0.005821609869599342
ATF7IP_RNA,0.005820681340992451
MIR1301_RNA,0.005819918587803841
ROCK1_RNA,0.005812787916511297
ZNRF2_RNA,0.005793261807411909
PSAT1_RNA,0.005792410112917423
CTNNB1_RNA,0.005783633328974247
IL4_RNA,0.005780867766588926
ALAS2_RNA,0.005778760649263859
SCN7A_RNA,0.00577619718387723
ZNF718_RNA,0.005774820223450661
TBPL2_RNA,0.00577382231131196
BTF3_RNA,0.005769108422100544
DOLPP1_RNA,0.005765870679169893
C2orf68_RNA,0.005765532609075308
KCTD5_RNA,0.0057629733346402645
ZNF721_RNA,0.005757651291787624
PPP3CB_RNA,0.005727890878915787
CD44_RNA,0.005727504380047321
NBR2_RNA,0.005724671762436628
ARF3_RNA,0.005712899845093489
HIGD2A_RNA,0.005700710695236921
FAM32A_RNA,0.005695685278624296
CCDC127_RNA,0.005695685278624296
ILF2_RNA,0.005680267233401537
WDFY1_RNA,0.005678373388946056
RPAP2_RNA,0.0056756287813186646
TRIM34_RNA,0.005672955885529518
MAPK14_RNA,0.005670796614140272
BTN2A2_RNA,0.005667328834533691
SLC22A24_RNA,0.005666917655616999
IQUB_RNA,0.0056656659580767155
COMMD2_RNA,0.005662986543029547
KRTCAP3_RNA,0.005659838207066059
C19orf25_RNA,0.005659618880599737
PMS1_RNA,0.00565723143517971
RPL39_RNA,0.005654674023389816
CCDC68_RNA,0.005644758231937885
EPN3_RNA,0.0056419651955366135
S100A12_RNA,0.0056231459602713585
EPS8L2_RNA,0.005623095203191042
MTOR_RNA,0.0056198169477283955
FNIP2_RNA,0.005615083500742912
RGPD5_RNA,0.005612924229353666
NCLN_RNA,0.005606331862509251
CEACAM5_RNA,0.0056052664294838905
DENND2D_RNA,0.005582133308053017
CSF3_RNA,0.005572936963289976
FAM184A_RNA,0.005569693632423878
RTP3_RNA,0.005567000713199377
LRRC7_RNA,0.005563807673752308
DMRTB1_RNA,0.005558088421821594
CA4_RNA,0.005543037783354521
GSK3A_RNA,0.005536112003028393
ASPG_RNA,0.005535310134291649
GABRD_RNA,0.005530920345336199
IRS1_RNA,0.005529302172362804
CCDC54_RNA,0.005528548266738653
OR5K2_RNA,0.005527203902602196
RABEP2_RNA,0.00552241550758481
TP53TG5_RNA,0.005516173783689737
PHOX2A_RNA,0.005514266435056925
TRMT2A_RNA,0.005513930227607489
C6orf15_RNA,0.0055100396275520325
PPP1R7_RNA,0.005503973923623562
CCT6A_RNA,0.0055037434212863445
NOSIP_RNA,0.005490785930305719
PADI6_RNA,0.005490217357873917
SALL3_RNA,0.005486524198204279
KRT34_RNA,0.005484092980623245
PTPRJ_RNA,0.005477541591972113
MUC5B_RNA,0.005473649129271507
CCPG1_RNA,0.005472930613905191
SMARCB1_RNA,0.005468327086418867
ZNF791_RNA,0.00546523230150342
FBXL5_RNA,0.0054564569145441055
LCMT2_RNA,0.005450294353067875
LRTM1_RNA,0.005442873574793339
BMS1P4_RNA,0.0054366327822208405
PI4K2A_RNA,0.005423255264759064
DDX19A_RNA,0.005421739537268877
CHADL_RNA,0.005415625404566526
PRPS1_RNA,0.005401696544140577
GMPR_RNA,0.005401535890996456
SRC_RNA,0.005399719346314669
SPRED1_RNA,0.0053901816718280315
MXD1_RNA,0.005384172312915325
MEGF11_RNA,0.005372331012040377
GRID2IP_RNA,0.005363293923437595
BTRC_RNA,0.005360980983823538
VHL_RNA,0.005359478760510683
ZNF497_RNA,0.005358265247195959
OR10G3_RNA,0.005356422625482082
GRK5_RNA,0.005350098479539156
TNK2_RNA,0.0053497073240578175
AMOTL2_RNA,0.005349328275769949
CD209_RNA,0.005344337783753872
FIG4_RNA,0.005340485833585262
LGR4_RNA,0.005339082330465317
ARHGEF15_RNA,0.005337678827345371
ZNF30_RNA,0.005334670655429363
MIR558_RNA,0.00533274793997407
PPARA_RNA,0.005331404507160187
BSG_RNA,0.005324163474142551
SLC25A28_RNA,0.0053086960688233376
TYK2_RNA,0.005300496704876423
MIER1_RNA,0.005296282935887575
CYS1_RNA,0.005285804159939289
DBH_RNA,0.0052856942638754845
MIR376A2_RNA,0.005284433253109455
PLD3_RNA,0.00527979014441371
PER1_RNA,0.005278205499053001
ISG15_RNA,0.005277254153043032
CLVS2_RNA,0.005277117248624563
PPA1_RNA,0.005274578928947449
BCO2_RNA,0.005263380240648985
RRH_RNA,0.005263159982860088
PTCHD1_RNA,0.005250987596809864
SLC7A2_RNA,0.005246325396001339
RAG2_RNA,0.005244760308414698
SLC45A3_RNA,0.005241657607257366
PCDHGB1_RNA,0.005239580292254686
TFDP1_RNA,0.005231380928307772
C2CD4A_RNA,0.005230372305959463
TCL1A_RNA,0.005218427162617445
S100A6_RNA,0.005212787073105574
PRPF38B_RNA,0.005211253184825182
ZMYM5_RNA,0.005209215916693211
PRSS33_RNA,0.005199424922466278
UPP2_RNA,0.005194641649723053
B4GALNT3_RNA,0.00519440695643425
AP1AR_RNA,0.00518724275752902
CEBPZ_RNA,0.005186787340790033
MOXD1_RNA,0.005185320507735014
PTX3_RNA,0.005173345096409321
SNAPIN_RNA,0.0051719327457249165
IFI35_RNA,0.005164826288819313
FBXL19_RNA,0.00516414875164628
ASAH2B_RNA,0.005153282079845667
UBC_RNA,0.005150284618139267
TRIM25_RNA,0.005137055180966854
CDK5_RNA,0.005132546182721853
RNF144B_RNA,0.005116450134664774
C4orf51_RNA,0.00511065823957324
PRDX5_RNA,0.0051104165613651276
PTN_RNA,0.0051055490039289
PCDH12_RNA,0.005104574374854565
SVIP_RNA,0.005090063437819481
RIT1_RNA,0.005087323021143675
UBASH3A_RNA,0.005084197036921978
HSD3B1_RNA,0.005075711291283369
RBKS_RNA,0.005070069804787636
SEMA5A_RNA,0.0050585209392011166
SESTD1_RNA,0.005053018685430288
UST_RNA,0.005047572776675224
ZDHHC24_RNA,0.005040368065237999
RGPD8_RNA,0.005038644187152386
PAX2_RNA,0.005035409703850746
PIGS_RNA,0.005033212713897228
LRCH1_RNA,0.005031697452068329
VSIG10L_RNA,0.005027292296290398
UNC45B_RNA,0.005025818943977356
SHROOM2_RNA,0.005021550226956606
TSPAN9_RNA,0.005020806100219488
COLEC12_RNA,0.0050183250568807125
NFKBIL1_RNA,0.005016909446567297
LYPD6_RNA,0.004998645279556513
OR2A12_RNA,0.0049972753040492535
GRK1_RNA,0.004977221600711346
UBE3B_RNA,0.0049771228805184364
DOK6_RNA,0.004975812043994665
HEY1_RNA,0.004975358955562115
YWHAQ_RNA,0.004967192187905312
CARD18_RNA,0.004964450374245644
SIPA1L3_RNA,0.004957583732903004
GAL3ST3_RNA,0.004952393472194672
IQCE_RNA,0.004951159469783306
ZNF41_RNA,0.004947037436068058
SLC39A1_RNA,0.004943679552525282
CHRNB4_RNA,0.004943101666867733
RGS14_RNA,0.004938953556120396
F10_RNA,0.004937535151839256
QKI_RNA,0.004932955838739872
ADAMTS17_RNA,0.004929844290018082
RAC2_RNA,0.004928210284560919
ZNF768_RNA,0.004924609325826168
MAGI2_RNA,0.004923742264509201
CD82_RNA,0.004922651685774326
PLCH2_RNA,0.004908784758299589
TNPO1_RNA,0.004907228983938694
IMMP2L_RNA,0.004901630338281393
MATN3_RNA,0.004895777441561222
C1orf53_RNA,0.004889058414846659
DCP1A_RNA,0.0048825498670339584
STK33_RNA,0.004877947270870209
TSPAN15_RNA,0.004875697195529938
KATNAL1_RNA,0.004868435673415661
RANBP3_RNA,0.004866631701588631
ANXA13_RNA,0.0048604197800159454
ART1_RNA,0.004847156815230846
HOPX_RNA,0.004839705303311348
CBLC_RNA,0.004831482190638781
NAA16_RNA,0.004830186255276203
CYP2S1_RNA,0.004826262593269348
AVIL_RNA,0.004815385211259127
THOP1_RNA,0.004796539433300495
NPTX1_RNA,0.004792600404471159
RTN4R_RNA,0.0047861747443675995
CPT1C_RNA,0.004786055535078049
FSCN3_RNA,0.004785934463143349
TMEM181_RNA,0.004777160938829184
FSD1_RNA,0.0047636330127716064
GOLGA7B_RNA,0.004761789925396442
SLC8A2_RNA,0.004757934249937534
SHISA5_RNA,0.004754454828798771
NIPAL4_RNA,0.004753451328724623
SNORD12B_RNA,0.0047502778470516205
CCK_RNA,0.004749761428683996
SSNA1_RNA,0.004747942090034485
SUB1_RNA,0.004742052871733904
TNFAIP8L3_RNA,0.004741847049444914
DOK1_RNA,0.004735186230391264
ZNF470_RNA,0.00473253196105361
THRB_RNA,0.004721018020063639
COL20A1_RNA,0.004716645460575819
PER2_RNA,0.00471093412488699
GPS2_RNA,0.0046994914300739765
NEDD4_RNA,0.004694593138992786
FOXP2_RNA,0.004691628739237785
MAP3K8_RNA,0.00468432204797864
C10orf88_RNA,0.004683148581534624
SCG2_RNA,0.004671269096434116
GZMH_RNA,0.004670523107051849
PTGDR_RNA,0.00465151434764266
HSD11B2_RNA,0.00464723352342844
FSD2_RNA,0.004647115245461464
CXCR3_RNA,0.004632959607988596
RNF213_RNA,0.004632467404007912
MIR218-2_RNA,0.004627937451004982
HDLBP_RNA,0.004622260574251413
SNX30_RNA,0.004621799569576979
ZCCHC3_RNA,0.004619504790753126
NISCH_RNA,0.004598118830472231
SLC25A34_RNA,0.004591092932969332
PAMR1_RNA,0.004590198863297701
SYTL4_RNA,0.004587662406265736
AKT1S1_RNA,0.004583560861647129
PDGFD_RNA,0.004581813234835863
SAP30L_RNA,0.004581439308822155
METTL1_RNA,0.004564303904771805
OASL_RNA,0.004555502440780401
MAP6D1_RNA,0.004549514502286911
TNIP1_RNA,0.004548827186226845
PCDHGA7_RNA,0.0045456355437636375
SMAD7_RNA,0.004529029130935669
STEAP2_RNA,0.004520856775343418
KLHL13_RNA,0.00451591145247221
TRHR_RNA,0.004509005229920149
ISCA1_RNA,0.004499012604355812
MRPL16_RNA,0.004497299902141094
KRT16_RNA,0.004493527114391327
NSFL1C_RNA,0.004493033979088068
EPB41L2_RNA,0.004492268431931734
MEG3_RNA,0.0044908407144248486
PILRB_RNA,0.004487392492592335
NTN3_RNA,0.004484439734369516
GPR6_RNA,0.004463420249521732
ADAMTSL5_RNA,0.004452825989574194
SGMS1_RNA,0.004449822939932346
SLC6A17_RNA,0.004449099767953157
RBM20_RNA,0.0044487640261650085
VSIG4_RNA,0.004447758663445711
CHRNA4_RNA,0.004445747006684542
ITLN2_RNA,0.004445713944733143
GTF2A1_RNA,0.004440206568688154
KHDC1L_RNA,0.0044387755915522575
AKNA_RNA,0.004426102619618177
TAS2R46_RNA,0.004424367565661669
GAPDH_RNA,0.004420618526637554
KCNJ3_RNA,0.0044184159487485886
HLA-B_RNA,0.004410197492688894
RIN1_RNA,0.004404704552143812
WDR5B_RNA,0.004401522222906351
CCL18_RNA,0.004400940611958504
FUT5_RNA,0.004400159697979689
PFKL_RNA,0.004390743561089039
CCT4_RNA,0.004389712121337652
C1orf220_RNA,0.0043894462287425995
ERCC8_RNA,0.004385268781334162
CYB5R3_RNA,0.004384153988212347
PAIP1_RNA,0.004379045218229294
ZNF610_RNA,0.004373571369796991
PLEKHF1_RNA,0.004372297320514917
PTPN4_RNA,0.004366699606180191
TMEM150B_RNA,0.004358118865638971
DECR2_RNA,0.0043550701811909676
NETO2_RNA,0.004354811739176512
SNORA11B_RNA,0.004350919276475906
DCAF4_RNA,0.004349439404904842
BMP3_RNA,0.004337143152952194
VPS37C_RNA,0.004318860825151205
AP3B2_RNA,0.00431158347055316
KLK14_RNA,0.004306393209844828
SSH1_RNA,0.004303675144910812
PSMC2_RNA,0.0042980085127055645
TRIM54_RNA,0.004296559374779463
HAMP_RNA,0.004289892502129078
MEIS2_RNA,0.004287291318178177
PEX14_RNA,0.004273025784641504
SH2D1A_RNA,0.004271510057151318
TUBA4B_RNA,0.00426127715036273
DLEU1_RNA,0.004253461956977844
ERCC1_RNA,0.004240765236318111
ENOSF1_RNA,0.004239759873598814
TUT1_RNA,0.004235622473061085
IKBKG_RNA,0.0042309947311878204
RFX2_RNA,0.0042245653457939625
ZNF829_RNA,0.004215019289404154
DDX18_RNA,0.004211428575217724
MKNK2_RNA,0.0042092399671673775
ZCCHC9_RNA,0.0042041451670229435
SNHG8_RNA,0.004195072688162327
AIF1L_RNA,0.0041934773325920105
LYST_RNA,0.004184974357485771
IMPA2_RNA,0.00418212590739131
ADIPOQ_RNA,0.004176624119281769
PNCK_RNA,0.004172976594418287
SYN2_RNA,0.004172018729150295
IRF3_RNA,0.004171305801719427
GRIN1_RNA,0.004168136510998011
HOXA10_RNA,0.0041678049601614475
CXCL11_RNA,0.004165454767644405
POU2AF1_RNA,0.00416481401771307
ESF1_RNA,0.004161304794251919
APLNR_RNA,0.004154867026954889
ITGB1BP1_RNA,0.004148521926254034
CXCL10_RNA,0.004146884195506573
MAFG_RNA,0.004145234357565641
TTLL6_RNA,0.0041446140967309475
ERC2_RNA,0.004143440630286932
NOB1_RNA,0.004140600096434355
SET_RNA,0.004140279721468687
STXBP1_RNA,0.004139494616538286
CLSTN2_RNA,0.0041352491825819016
OLFM4_RNA,0.0041319383308291435
CAPN14_RNA,0.0041207545436918736
FGF7_RNA,0.004118281416594982
PHAX_RNA,0.004113262984901667
ILKAP_RNA,0.004106110893189907
GUCA2A_RNA,0.004102508071810007
WT1_RNA,0.004101927857846022
RALGPS1_RNA,0.004101203754544258
SMG7_RNA,0.0041009471751749516
FAM3A_RNA,0.004090034402906895
ILDR2_RNA,0.004087041597813368
UBE2F_RNA,0.004083819221705198
ZNF668_RNA,0.004081524442881346
RDX_RNA,0.004079126287251711
SCARA5_RNA,0.004072846844792366
CHTF18_RNA,0.00407261960208416
PROCR_RNA,0.004070540424436331
SSBP2_RNA,0.004061529878526926
BZW2_RNA,0.004060953855514526
ZNF334_RNA,0.004057026002556086
BSPRY_RNA,0.004050736781209707
MRGPRD_RNA,0.004048535134643316
ZNF692_RNA,0.004040965810418129
CDKN2A_RNA,0.004040020052343607
F7_RNA,0.004028870724141598
SH3BGRL2_RNA,0.004027183633297682
RAB5A_RNA,0.0040103052742779255
IKZF3_RNA,0.0040086014196276665
NLRP7_RNA,0.003999830223619938
R3HDML_RNA,0.003998964559286833
TP53I3_RNA,0.003972739912569523
TRIM44_RNA,0.003970463760197163
RAPGEF1_RNA,0.003969812300056219
CRLF1_RNA,0.003969303797930479
GABRG2_RNA,0.003967495635151863
AP1M1_RNA,0.003963883500546217
OS9_RNA,0.003958222456276417
FMO2_RNA,0.003952281083911657
CCDC142_RNA,0.003951407968997955
TAS2R1_RNA,0.003950310405343771
SCN3B_RNA,0.003944439347833395
MPP4_RNA,0.0039409189485013485
TRIM11_RNA,0.003939278889447451
PCDHGB2_RNA,0.003933565225452185
PCDHB7_RNA,0.003926584497094154
ZNF449_RNA,0.0039169988594949245
TIMM17B_RNA,0.003911873791366816
RAP1A_RNA,0.003895712783560157
FPR2_RNA,0.0038888524286448956
PTK2B_RNA,0.003882517572492361
TRPV6_RNA,0.003878377377986908
ZNF740_RNA,0.0038763678167015314
TBC1D20_RNA,0.0038749980740249157
LMOD1_RNA,0.0038684383034706116
RAI1_RNA,0.0038645570166409016
OSR2_RNA,0.003862423123791814
HDX_RNA,0.0038619276601821184
GLYR1_RNA,0.0038609907496720552
SAMD12_RNA,0.0038585015572607517
CHMP1A_RNA,0.0038502546958625317
HACE1_RNA,0.003849519183859229
NPAT_RNA,0.003849172266200185
CHRNA1_RNA,0.003839963348582387
MIR376A1_RNA,0.0038352664560079575
CD46_RNA,0.0038324834313243628
GPR135_RNA,0.003823288716375828
GABRB2_RNA,0.0038217343389987946
TTC14_RNA,0.0038193485233932734
CTNNA1_RNA,0.0038131000474095345
ADCY8_RNA,0.00380803644657135
NR2E3_RNA,0.0037984815426170826
MAG_RNA,0.003789682872593403
RECK_RNA,0.0037878311704844236
DLX4_RNA,0.0037772622890770435
KRT6A_RNA,0.0037651907186955214
RELT_RNA,0.0037649408914148808
TMUB1_RNA,0.0037594318855553865
QRFP_RNA,0.0037558518815785646
CLDND2_RNA,0.003753888886421919
SNX25_RNA,0.0037501114420592785
NTNG1_RNA,0.0037499526515603065
SNORD115-43_RNA,0.0037484110798686743
PNRC2_RNA,0.003745379624888301
DDX20_RNA,0.0037390938960015774
GCNT7_RNA,0.0037345250602811575
TP53AIP1_RNA,0.0037222367245703936
TWIST1_RNA,0.0037194835022091866
HNRNPK_RNA,0.0037163568194955587
CPLX4_RNA,0.0037137374747544527
FTH1_RNA,0.0037025336641818285
CAD_RNA,0.0036951883230358362
ZNF669_RNA,0.0036915410310029984
KCNH1_RNA,0.0036849144380539656
CNKSR3_RNA,0.0036772964522242546
DMD_RNA,0.0036708093248307705
ZNF248_RNA,0.003669517347589135
ZNF713_RNA,0.0036651811096817255
EIF4H_RNA,0.0036619901657104492
FBXO38_RNA,0.0036605277564376593
SMARCA4_RNA,0.0036523749586194754
RCE1_RNA,0.0036521083675324917
APOOL_RNA,0.003651903010904789
NDEL1_RNA,0.0036398153752088547
ESRP2_RNA,0.003636588342487812
SNORD69_RNA,0.0036333429161459208
OR6A2_RNA,0.0036313117016106844
ORAI2_RNA,0.0036268136464059353
MORF4L1_RNA,0.003619469702243805
ADRB1_RNA,0.0036185455974191427
URB2_RNA,0.003613992128521204
AATK_RNA,0.003612238448113203
MS4A1_RNA,0.003609953448176384
POLR3D_RNA,0.0036057080142199993
ICAM3_RNA,0.0036050945054739714
SCRN3_RNA,0.0035896014887839556
DNASE1L2_RNA,0.00358789530582726
MSH2_RNA,0.0035873905289918184
ALDH8A1_RNA,0.003584301332011819
HPSE2_RNA,0.00357922725379467
LHB_RNA,0.0035768623929470778
RBM26_RNA,0.0035747364163398743
RBM45_RNA,0.0035742889158427715
BEX1_RNA,0.00357322976924479
HSPA9_RNA,0.003571706358343363
CLEC7A_RNA,0.0035701796878129244
MIR1200_RNA,0.00356544042006135
BIRC7_RNA,0.003563418285921216
CADM2_RNA,0.0035618997644633055
LDB2_RNA,0.0035596867091953754
C1orf21_RNA,0.0035565791185945272
STRBP_RNA,0.0035524240229278803
DHX58_RNA,0.0035496316850185394
AKNAD1_RNA,0.003545758780092001
ZNF687_RNA,0.0035423419903963804
STAP1_RNA,0.003541311714798212
HDAC6_RNA,0.0035399128682911396
FAM83B_RNA,0.003539817640557885
EIF3B_RNA,0.0035351950209587812
ZNF343_RNA,0.0035342241171747446
MIR1185-1_RNA,0.003533758921548724
ZNF71_RNA,0.0035275639966130257
ATP8A1_RNA,0.003527273191139102
CCDC106_RNA,0.003522238228470087
DDHD2_RNA,0.0035144491121172905
PPIL2_RNA,0.0035053857136517763
MAPKAPK3_RNA,0.0035016026813536882
TAOK2_RNA,0.003500439692288637
SLC4A1_RNA,0.003497785422950983
SLC9A4_RNA,0.00349214649759233
SLC10A4_RNA,0.0034920619800686836
LCN1_RNA,0.0034828688949346542
CRMP1_RNA,0.003475444158539176
TMEM205_RNA,0.0034753400832414627
EGR4_RNA,0.0034678089432418346
B3GNT9_RNA,0.003465259913355112
BTN2A1_RNA,0.0034651875030249357
STXBP3_RNA,0.0034585283137857914
AK3_RNA,0.0034553902223706245
TPRG1L_RNA,0.00344983022660017
NAA25_RNA,0.003448755946010351
VWA2_RNA,0.003445863723754883
TPR_RNA,0.0034387181513011456
HMGCS2_RNA,0.0034348072949796915
VSTM2A_RNA,0.003433414502069354
TRIM33_RNA,0.0034330314956605434
SPN_RNA,0.003425855888053775
DNAJA2_RNA,0.0034204914700239897
MBP_RNA,0.0034145782701671124
BSN_RNA,0.0034084562212228775
CXXC1_RNA,0.003405602416023612
GFAP_RNA,0.0034055530559271574
KCNJ11_RNA,0.0034039118327200413
IFT52_RNA,0.0033954097889363766
PSMB1_RNA,0.0033931154757738113
RNF167_RNA,0.003384724725037813
ZC3H12C_RNA,0.0033838546369224787
TAF5_RNA,0.0033718582708388567
TF_RNA,0.0033714130986481905
NFKB2_RNA,0.003362825606018305
RPL41_RNA,0.0033621005713939667
SLK_RNA,0.0033603813499212265
EMID1_RNA,0.003356717759743333
BRD8_RNA,0.0033496126998215914
SH3GL1_RNA,0.003342938609421253
MAB21L2_RNA,0.003332321299239993
SPATA8_RNA,0.00332577433437109
DPP3_RNA,0.003325238125398755
SLC6A18_RNA,0.0033219463657587767
LUZP2_RNA,0.003317382885143161
SNRNP70_RNA,0.003295097267255187
CXCR5_RNA,0.003293221350759268
HOXA7_RNA,0.0032917633652687073
MC1R_RNA,0.0032672006636857986
MYCBP_RNA,0.0032622485887259245
IGSF11_RNA,0.003261954989284277
MMP21_RNA,0.0032611372880637646
DPH5_RNA,0.003257623640820384
NUP85_RNA,0.003255322342738509
ATXN1L_RNA,0.003252384951338172
FXR2_RNA,0.0032475795596837997
OR11H4_RNA,0.003246296662837267
ZBTB7C_RNA,0.003245594911277294
RBM7_RNA,0.003242356004193425
NTN1_RNA,0.003240330843254924
RASAL1_RNA,0.0032372944988310337
RHBDD1_RNA,0.0032351079862564802
EP400_RNA,0.003234286094084382
SNTN_RNA,0.0032330015674233437
FAM9B_RNA,0.0032320860773324966
CCDC78_RNA,0.003230020869523287
LYG1_RNA,0.0032234331592917442
ART5_RNA,0.003211995819583535
LCN9_RNA,0.003211516886949539
CAMK2N1_RNA,0.003209828631952405
KCTD8_RNA,0.0032044306863099337
ASCL1_RNA,0.003199204569682479
FCN1_RNA,0.0031985966488718987
GLYAT_RNA,0.0031871204264461994
ZNF131_RNA,0.00318593205884099
TMEM150A_RNA,0.003181523410603404
PHF14_RNA,0.0031780132558196783
EIF3IP1_RNA,0.003176691709086299
HSD17B4_RNA,0.0031710730399936438
C17orf78_RNA,0.0031654436606913805
MYRIP_RNA,0.0031573327723890543
RYR1_RNA,0.0031511764973402023
ARHGAP17_RNA,0.003135957755148411
NEURL3_RNA,0.00313552375882864
MYH7_RNA,0.0031329237390309572
DOCK6_RNA,0.0031287423335015774
ZCWPW2_RNA,0.0031209206208586693
CRTAC1_RNA,0.003117920830845833
STEAP4_RNA,0.003114488907158375
IQCK_RNA,0.0031143089290708303
SNORD115-37_RNA,0.0031138723716139793
UGP2_RNA,0.003113281913101673
REG4_RNA,0.003109702141955495
OTX1_RNA,0.003104153787717223
ADAMTS15_RNA,0.0030941921286284924
CD68_RNA,0.0030934582464396954
CPA5_RNA,0.003089752746745944
PRMT8_RNA,0.003083371091634035
STARD10_RNA,0.0030831326730549335
PLA2G5_RNA,0.003079251619055867
CARD16_RNA,0.0030751931481063366
KLK13_RNA,0.0030734615866094828
SNX18_RNA,0.0030724958050996065
ITM2C_RNA,0.003066425211727619
MARCKSL1_RNA,0.0030594521667808294
OR52I2_RNA,0.003056498011574149
HS3ST2_RNA,0.0030522027518600225
ATM_RNA,0.0030478702392429113
WDR3_RNA,0.0030466418247669935
ARHGAP29_RNA,0.0030462134163826704
SAGE1_RNA,0.0030447174794971943
KREMEN2_RNA,0.0030446562450379133
CCDC8_RNA,0.0030432469211518764
CACNA1B_RNA,0.003042140742763877
DRD4_RNA,0.003041599178686738
CAPN2_RNA,0.003033880377188325
BOLA3_RNA,0.003032437991350889
KCNIP3_RNA,0.003024110570549965
SPOCK1_RNA,0.0030224183574318886
TRAF3_RNA,0.0030178113374859095
ZNF184_RNA,0.003007282502949238
TBC1D21_RNA,0.003006973071023822
ANKRD18A_RNA,0.0030053856316953897
ZNF575_RNA,0.0030051202047616243
GNB1L_RNA,0.0030014722142368555
RBL2_RNA,0.0030004801228642464
NUDT8_RNA,0.002996589755639434
CD1D_RNA,0.002996294992044568
LDHAL6B_RNA,0.0029951464384794235
EEF1D_RNA,0.002990477019920945
RAP1GAP2_RNA,0.002965884516015649
LHX2_RNA,0.002956134034320712
KCNJ10_RNA,0.002955674659460783
RILP_RNA,0.002951039932668209
ISM1_RNA,0.0029473984614014626
ZNF14_RNA,0.002944901818409562
RHOV_RNA,0.002934659132733941
TMEM61_RNA,0.002918579615652561
TRAF2_RNA,0.002911536255851388
MPHOSPH8_RNA,0.0029093960765749216
GRIA3_RNA,0.0029072538018226624
SLC27A1_RNA,0.00290677510201931
COMMD6_RNA,0.002903715707361698
EXOSC10_RNA,0.0028999927453696728
LAMA2_RNA,0.002882726490497589
TMEM229B_RNA,0.0028785397298634052
TAC1_RNA,0.002878253348171711
SURF2_RNA,0.002868334762752056
CSTF1_RNA,0.0028672628104686737
INSRR_RNA,0.002865263493731618
TRIM41_RNA,0.002862802939489484
MAPK4_RNA,0.002859299536794424
LYPLA1_RNA,0.002854614984244108
NOS2_RNA,0.0028514666482806206
PLEKHO1_RNA,0.002844525733962655
MRS2_RNA,0.002843310358002782
PDCD2L_RNA,0.0028420891612768173
TMEM200C_RNA,0.0028376204427331686
RBM18_RNA,0.0028374637477099895
GRHPR_RNA,0.002822566544637084
OR6B1_RNA,0.0028196603525429964
MIR369_RNA,0.0028113520238548517
EPB41L1_RNA,0.002810041420161724
STIM1_RNA,0.002802046714350581
BCL7A_RNA,0.002798105124384165
GNG13_RNA,0.002793982159346342
PRKAA1_RNA,0.0027893190272152424
SNAP47_RNA,0.002784523880109191
MTIF2_RNA,0.002782785566523671
SFRP2_RNA,0.0027782104443758726
ZNF681_RNA,0.00277411169372499
MT2A_RNA,0.002769304206594825
ZNF329_RNA,0.002759321127086878
GABRA5_RNA,0.0027580310124903917
ABHD15_RNA,0.00275588221848011
OR51I2_RNA,0.002753478940576315
TBC1D5_RNA,0.0027504125609993935
TMEM204_RNA,0.0027452362701296806
EHBP1L1_RNA,0.002732788445428014
RPRM_RNA,0.002728719264268875
UBN2_RNA,0.0027270521968603134
CIDEC_RNA,0.0027200973127037287
DUS1L_RNA,0.0027136807329952717
SLC17A7_RNA,0.0027015686500817537
DSG3_RNA,0.0026993376668542624
GPR39_RNA,0.002699080388993025
ESAM_RNA,0.0026971257757395506
DCLRE1C_RNA,0.002695380710065365
DEPDC5_RNA,0.002692692680284381
INE1_RNA,0.002691362053155899
P4HTM_RNA,0.0026881953235715628
DLGAP2_RNA,0.0026795410085469484
FADS2_RNA,0.002672998234629631
PTPRF_RNA,0.0026703341864049435
TPP1_RNA,0.002668576780706644
VAMP2_RNA,0.002667380264028907
ZFP90_RNA,0.0026660121511667967
LAMP3_RNA,0.00266388151794672
FNDC5_RNA,0.0026614682283252478
GADD45A_RNA,0.002648839959874749
RPL11_RNA,0.0026417735498398542
CYTL1_RNA,0.0026360817719250917
POU2F2_RNA,0.0026324752252548933
ZNF565_RNA,0.0026285548228770494
C2orf76_RNA,0.002626049565151334
LENG1_RNA,0.002623923821374774
RPS7_RNA,0.002622211119160056
C1GALT1_RNA,0.0026184439193457365
COX6B1_RNA,0.0026119418907910585
EVI5_RNA,0.0026103053241968155
ZNF484_RNA,0.0026085483841598034
SLC5A12_RNA,0.0026073299814015627
C2CD2_RNA,0.00260580494068563
PCDHGB7_RNA,0.002604857785627246
NRXN2_RNA,0.0025970712304115295
CCDC3_RNA,0.0025954749435186386
TRIB1_RNA,0.0025900183245539665
ALMS1_RNA,0.002589939860627055
ZBTB40_RNA,0.0025817877613008022
ABCG1_RNA,0.0025763115845620632
SAMD4B_RNA,0.002571619814261794
EIF3A_RNA,0.002566869370639324
ASNSD1_RNA,0.0025629624724388123
CHODL_RNA,0.00255941366776824
LRIG2_RNA,0.002552821533754468
CRISPLD1_RNA,0.0025514441076666117
RNASEH2B_RNA,0.0025494778528809547
RABGAP1L_RNA,0.002542890142649412
LGR6_RNA,0.00253786938264966
PRTFDC1_RNA,0.002528477692976594
P2RY14_RNA,0.0025273580104112625
AGXT2_RNA,0.0025254026986658573
PTBP2_RNA,0.0025197137147188187
SLC4A5_RNA,0.002513402607291937
DDAH1_RNA,0.002509254729375243
OR2A14_RNA,0.0025089518167078495
ACOT13_RNA,0.0025073657743632793
SNORD12C_RNA,0.0024986870121210814
PCSK9_RNA,0.002493415493518114
MIR326_RNA,0.0024926101323217154
SND1_RNA,0.002490396611392498
SDC3_RNA,0.00248732534237206
NOX3_RNA,0.002482976298779249
GALNTL6_RNA,0.0024824782740324736
LRRC36_RNA,0.0024788992013782263
C4orf3_RNA,0.00247603259049356
DAB2_RNA,0.0024727750569581985
GPR137_RNA,0.0024719026405364275
GDAP1L1_RNA,0.002469343366101384
DGKK_RNA,0.0024639051407575607
RNF40_RNA,0.002463298849761486
PCGF1_RNA,0.002462467411532998
ARG1_RNA,0.002460575196892023
CCDC82_RNA,0.002456393325701356
DCTN5_RNA,0.0024374136701226234
LRBA_RNA,0.0024340697564184666
TNFAIP6_RNA,0.0024312869645655155
PDAP1_RNA,0.0024230461567640305
ALDH9A1_RNA,0.0024168449454009533
PCDHA6_RNA,0.002412190428003669
UNC5B_RNA,0.002409885637462139
ZNF527_RNA,0.002403268124908209
METTL5_RNA,0.002398123499006033
NKG7_RNA,0.0023938447702676058
OR10A2_RNA,0.0023935087956488132
ZCCHC8_RNA,0.002390833105891943
GLTP_RNA,0.0023906794376671314
AGAP2_RNA,0.0023873515892773867
PLCL1_RNA,0.002371980110183358
TRPC7_RNA,0.002368796383962035
RPS6_RNA,0.0023655849508941174
FGFBP3_RNA,0.002359837992116809
PDZK1IP1_RNA,0.0023552929051220417
OTUD4_RNA,0.002351453760638833
HOXA1_RNA,0.0023514488711953163
CISD1_RNA,0.0023487138096243143
KCNIP1_RNA,0.002348219510167837
GAR1_RNA,0.0023475538473576307
MAPK9_RNA,0.002345683751627803
SGCG_RNA,0.002336507895961404
ZNF577_RNA,0.002335861325263977
PARD6B_RNA,0.0023352503776550293
MRPL19_RNA,0.002332924399524927
KCTD2_RNA,0.0023299376480281353
HOXC4_RNA,0.002329005626961589
ISG20L2_RNA,0.0023133927024900913
PPP1R12B_RNA,0.0023120150435715914
NECAB2_RNA,0.002310787560418248
BTD_RNA,0.002307191723957658
KCNK17_RNA,0.0023018475621938705
SON_RNA,0.0023016277700662613
HHIPL2_RNA,0.0022994631435722113
MED20_RNA,0.0022914670407772064
PIBF1_RNA,0.0022755770478397608
IL1A_RNA,0.0022732841316610575
ZNF517_RNA,0.0022727157920598984
CUL2_RNA,0.002268564887344837
NDFIP1_RNA,0.002265379298478365
TEX261_RNA,0.0022595415357500315
CMTM5_RNA,0.0022546222899109125
PTPMT1_RNA,0.0022483784705400467
SULT4A1_RNA,0.002244465285912156
SNORD94_RNA,0.002244397299364209
LDHB_RNA,0.0022419136948883533
MAGEB2_RNA,0.002233263337984681
UBQLN3_RNA,0.002222656039521098
FRMD6_RNA,0.0022167672868818045
SDR9C7_RNA,0.002215829212218523
CLN5_RNA,0.0022149947471916676
NT5DC1_RNA,0.002214966807514429
KCNA1_RNA,0.0022130159195512533
CORO1B_RNA,0.0022129230201244354
CDKN1A_RNA,0.00220373529009521
STRA6_RNA,0.002200978109613061
PODN_RNA,0.0021994244307279587
FHOD1_RNA,0.002193172462284565
MIR149_RNA,0.0021928322967141867
BTG2_RNA,0.0021900509018450975
RCHY1_RNA,0.0021857679821550846
HDDC3_RNA,0.002171120373532176
APOBEC3C_RNA,0.0021557447034865618
POU3F3_RNA,0.0021394817158579826
NAA11_RNA,0.002138698473572731
IP6K1_RNA,0.0021384283900260925
ZNF571_RNA,0.002127564512193203
CHRM5_RNA,0.0021228708792477846
ZGPAT_RNA,0.002117336494848132
ZYX_RNA,0.002114830305799842
ZNF688_RNA,0.002109766472131014
SNX1_RNA,0.002108529442921281
PER3_RNA,0.0021074453834444284
PRPH2_RNA,0.0021010353229939938
GPRIN3_RNA,0.002093200571835041
AK2_RNA,0.0020870075095444918
HCP5_RNA,0.002082777675241232
HACL1_RNA,0.002073237206786871
HAUS8_RNA,0.0020702090114355087
GGNBP2_RNA,0.0020692090038210154
TRIM63_RNA,0.0020671330858021975
GSDMC_RNA,0.0020668727811425924
RDH5_RNA,0.0020657351706176996
UPK1A_RNA,0.002061035018414259
MIR215_RNA,0.0020579788833856583
CACNG2_RNA,0.002057202160358429
PPP1R8_RNA,0.0020494672935456038
RHBDL3_RNA,0.0020447629503905773
SUV39H2_RNA,0.0020445443224161863
CBLN4_RNA,0.002039514947682619
GPR52_RNA,0.0020347971003502607
GFI1_RNA,0.0020254417322576046
C2_RNA,0.0020016790367662907
EIF2AK3_RNA,0.0019958929624408484
KCNA2_RNA,0.00199574395082891
MIR299_RNA,0.0019914063159376383
PTPN2_RNA,0.0019891958218067884
ABHD13_RNA,0.0019845678471028805
MMS19_RNA,0.001983111025765538
LRRC4C_RNA,0.001980801811441779
CCR8_RNA,0.0019784881733357906
OVGP1_RNA,0.0019774730317294598
NCAN_RNA,0.001976549392566085
ACSM5_RNA,0.0019741402938961983
PLK3_RNA,0.0019726206082850695
APOF_RNA,0.001968989148736
FKBP14_RNA,0.0019683712162077427
SUV39H1_RNA,0.0019545049872249365
ZNF644_RNA,0.0019467371748760343
EDEM2_RNA,0.0019356668926775455
SRRM5_RNA,0.0019294759258627892
DNAJB6_RNA,0.0019280820852145553
DTD1_RNA,0.0019276734674349427
PPP1R9A_RNA,0.0019251152407377958
ZNF526_RNA,0.0019244273426011205
SH2D1B_RNA,0.0019219176610931754
SORCS1_RNA,0.0019099651835858822
PLA2G15_RNA,0.0019044517539441586
TMEM30A_RNA,0.0019022051710635424
SEMA4F_RNA,0.00189768907148391
MRPL49_RNA,0.0018848421750590205
ENPP7_RNA,0.001883828197605908
DOCK3_RNA,0.00188314204569906
FAM161A_RNA,0.0018791935872286558
CD48_RNA,0.001877857488580048
VSNL1_RNA,0.0018746271962299943
EMCN_RNA,0.0018701646476984024
LSM6_RNA,0.0018622311763465405
PTK7_RNA,0.0018619488691911101
STXBP6_RNA,0.0018613383872434497
MDM2_RNA,0.0018570387037470937
TAF4B_RNA,0.0018525754567235708
CEACAM4_RNA,0.0018488997593522072
TMBIM6_RNA,0.0018475099932402372
PPP4R1_RNA,0.0018447973998263478
SYT17_RNA,0.0018442319706082344
LRRC28_RNA,0.0018426715396344662
SLC30A6_RNA,0.0018424431327730417
DUSP14_RNA,0.0018355791689828038
GPR55_RNA,0.0018275630427524447
WNT10B_RNA,0.0018243220401927829
CLTC_RNA,0.0018223734805360436
KCNH7_RNA,0.0018201377242803574
SLC16A6_RNA,0.0018119714222848415
RRAGB_RNA,0.001810421235859394
TNFSF13_RNA,0.0018092786194756627
TNNI3_RNA,0.0017732603009790182
GAS7_RNA,0.0017724995268508792
FZD5_RNA,0.001770896720699966
MRPL1_RNA,0.0017646743217483163
KIAA0753_RNA,0.0017588852206245065
MIR1288_RNA,0.0017581238644197583
DRD1_RNA,0.0017547458410263062
TSC22D2_RNA,0.0017541679553687572
SFTPB_RNA,0.0017516582738608122
GALE_RNA,0.001747460220940411
KLF17_RNA,0.001744801178574562
ADAMTS3_RNA,0.0017392989248037338
RIF1_RNA,0.0017333502182736993
ITPKA_RNA,0.0017331821145489812
SHISA4_RNA,0.0017329908441752195
HS3ST1_RNA,0.0017305155051872134
DCN_RNA,0.001728096860460937
B4GALT2_RNA,0.0017232074169442058
SOX8_RNA,0.0017186247278004885
ZFP30_RNA,0.0017148387851193547
ATP6V1E1_RNA,0.0017126386519521475
TAS2R42_RNA,0.0016979556530714035
FAM13C_RNA,0.001686738571152091
CALB2_RNA,0.0016679830150678754
PCDH15_RNA,0.0016661247937008739
KRT79_RNA,0.001666023745201528
VNN2_RNA,0.0016599369700998068
PHKA1_RNA,0.001654975232668221
RAB43_RNA,0.0016471818089485168
GLB1L_RNA,0.0016423332272097468
TST_RNA,0.0016381023451685905
HIF1AN_RNA,0.0016358568100258708
POLA1_RNA,0.001630780752748251
ERAP2_RNA,0.0016283734003081918
GBGT1_RNA,0.0016270497580990195
HAUS5_RNA,0.0016257984098047018
PITX2_RNA,0.0016234635841101408
ALPI_RNA,0.001622436218895018
SYNC_RNA,0.001621445408090949
RAB28_RNA,0.0016209029126912355
PRKAB1_RNA,0.0016190723981708288
ZNF200_RNA,0.0016168239526450634
SNORD115-19_RNA,0.0016100604552775621
MAML1_RNA,0.0016092039877548814
TTC19_RNA,0.0016068415716290474
ARR3_RNA,0.0016061356291174889
CCNE1_RNA,0.0016038537723943591
S1PR3_RNA,0.00159675651229918
TM4SF18_RNA,0.0015941562596708536
SDHA_RNA,0.0015842594439163804
FAM3D_RNA,0.0015840943669900298
FAM181A_RNA,0.0015800173860043287
SCD5_RNA,0.001576074631884694
NKRF_RNA,0.0015749578597024083
GPR61_RNA,0.0015739500522613525
LONP1_RNA,0.0015695715555921197
ALG14_RNA,0.0015692270826548338
PJA2_RNA,0.0015633950242772698
POU3F1_RNA,0.001560406293720007
LYPD6B_RNA,0.0015587796224281192
CXCL5_RNA,0.0015551758697256446
P2RY2_RNA,0.0015529569936916232
OR13D1_RNA,0.0015521410387009382
SLC17A2_RNA,0.001544369151815772
GPR158_RNA,0.0015425042947754264
CAPN10_RNA,0.0015376594383269548
LCMT1_RNA,0.0015183731447905302
GFPT2_RNA,0.001518307370133698
SLC36A2_RNA,0.0015129385283216834
SSU72_RNA,0.0015025363536551595
ATPAF2_RNA,0.0014994213124737144
KIF2A_RNA,0.0014987397007644176
LYSMD1_RNA,0.0014938731910660863
PLIN4_RNA,0.001489926129579544
BIRC6_RNA,0.0014887073775753379
HBM_RNA,0.0014832025626674294
TRIM42_RNA,0.0014785263920202851
ITGA10_RNA,0.0014782736543565989
ACAP3_RNA,0.0014754527946934104
INHBC_RNA,0.0014699617167934775
ADCY3_RNA,0.001460065133869648
ZNF513_RNA,0.001460060477256775
COL8A2_RNA,0.001458612852729857
PRDM15_RNA,0.001458483631722629
KCNC1_RNA,0.0014581553405150771
POLB_RNA,0.0014576406683772802
KDM1A_RNA,0.0014499160461127758
BANF1_RNA,0.001443777116946876
LIPA_RNA,0.0014327244134619832
MIR146B_RNA,0.0014307016972452402
PACRGL_RNA,0.0014303396455943584
CTLA4_RNA,0.0014289907412603498
CAMK2G_RNA,0.001427190494723618
MAL2_RNA,0.0014177041593939066
ZFP1_RNA,0.001417098450474441
WNT11_RNA,0.0014161926228553057
SYNGR3_RNA,0.0014136130921542645
GPR68_RNA,0.001412169891409576
FBXW11_RNA,0.0014054719358682632
SEMG1_RNA,0.0014052438782528043
HCRTR1_RNA,0.0013962715165689588
F12_RNA,0.0013953575398772955
SLC45A4_RNA,0.00138564663939178
PCDHA8_RNA,0.0013783934991806746
PRR22_RNA,0.0013777216663584113
RICTOR_RNA,0.0013735397951677442
HNRNPA1_RNA,0.0013723133597522974
COX15_RNA,0.0013700735289603472
VWA5B2_RNA,0.0013676098315045238
CCDC124_RNA,0.001361434580758214
HIRA_RNA,0.001356091583147645
TMEM126B_RNA,0.0013484895462170243
GNA11_RNA,0.001342965755611658
OCA2_RNA,0.0013418642338365316
JUND_RNA,0.0013388240477070212
PRKAG3_RNA,0.0013366520870476961
AIMP1_RNA,0.001336467219516635
NHSL2_RNA,0.0013236579252406955
ZBP1_RNA,0.001323592266999185
AMDHD2_RNA,0.0013223765417933464
NSUN2_RNA,0.0013211927143856883
DHRS4_RNA,0.0013191826874390244
KPNA1_RNA,0.0013161014067009091
ALDH1A1_RNA,0.0013118083588778973
MUC13_RNA,0.0013104435056447983
HSH2D_RNA,0.001309288665652275
DGKD_RNA,0.0013082611840218306
FRK_RNA,0.0013079320779070258
KCNC2_RNA,0.001303108292631805
PPP2R2C_RNA,0.001302623189985752
PLEKHG4B_RNA,0.0013019006000831723
SUPV3L1_RNA,0.0012978303711861372
ZNF280C_RNA,0.001292453845962882
MIR187_RNA,0.001292032073251903
RPP40_RNA,0.0012883732561022043
CA1_RNA,0.0012856995454058051
C19orf47_RNA,0.001284992671571672
GGT7_RNA,0.001284359022974968
NUDT6_RNA,0.0012830690247938037
SSPN_RNA,0.0012773086782544851
NLRC3_RNA,0.0012648666743189096
SLC15A3_RNA,0.0012497740099206567
EDF1_RNA,0.0012452221708372235
TDRD3_RNA,0.0012422333238646388
SCP2_RNA,0.0012296116910874844
GABARAPL2_RNA,0.001223467756062746
SLC6A15_RNA,0.0012196203460916877
PRSS22_RNA,0.0012169101973995566
NAB1_RNA,0.0012127056252211332
ZNF415_RNA,0.0012112932745367289
ST3GAL1_RNA,0.001201215316541493
PCSK4_RNA,0.0011945830192416906
METTL14_RNA,0.0011945327278226614
TEX13B_RNA,0.0011864895932376385
ZNF483_RNA,0.0011761268833652139
KBTBD2_RNA,0.001174886361695826
DPYSL5_RNA,0.0011696319561451674
ABCA9_RNA,0.0011682501062750816
MINPP1_RNA,0.0011650604428723454
CSE1L_RNA,0.0011509126052260399
INTS7_RNA,0.0011473805643618107
GPR26_RNA,0.0011463974369689822
PPP3CC_RNA,0.0011367882834747434
FAM111A_RNA,0.0011363435769453645
LRRC14_RNA,0.0011357972398400307
GNA15_RNA,0.0011312194401398301
PLXNB2_RNA,0.0011264894856140018
SPOCD1_RNA,0.001119429711252451
CFLAR_RNA,0.0011165556497871876
ATOX1_RNA,0.0011135769309476018
CNGA4_RNA,0.0011055928189307451
DHX34_RNA,0.001099125831387937
RBBP8_RNA,0.0010972212767228484
ICA1L_RNA,0.0010928157716989517
ZFYVE16_RNA,0.0010837666923180223
AARSD1_RNA,0.001075081410817802
TM9SF2_RNA,0.001072932849638164
ZNF536_RNA,0.001065908814780414
HOXB4_RNA,0.0010640561813488603
BCL2L11_RNA,0.001061667688190937
MIR410_RNA,0.0010602474212646484
SPRYD4_RNA,0.0010463068028911948
HHAT_RNA,0.0010459749028086662
HIVEP3_RNA,0.0010372461983934045
ATP6V0C_RNA,0.0010339536238461733
KRTAP5-8_RNA,0.0010250435443595052
TMEM43_RNA,0.0010233228094875813
MIR153-2_RNA,0.0010199773823842406
ERMP1_RNA,0.0010195310460403562
ADSL_RNA,0.0010193809866905212
SNAP29_RNA,0.0010192281333729625
CITED2_RNA,0.0010174481431022286
MAP2K6_RNA,0.0010160132078453898
C18orf21_RNA,0.0010136037599295378
FES_RNA,0.0010123841930180788
GPR85_RNA,0.0010002381168305874
DET1_RNA,9.920222219079733e-4
NEUROD1_RNA,9.883453603833914e-4
OR9A4_RNA,9.876746917143464e-4
AGAP3_RNA,9.798732353374362e-4
C15orf32_RNA,9.691112209111452e-4
DNASE2B_RNA,9.688689606264234e-4
DNAH10_RNA,9.678845526650548e-4
SLC23A1_RNA,9.666438563726842e-4
FLRT2_RNA,9.61824378464371e-4
MIR655_RNA,9.605083614587784e-4
ADAM18_RNA,9.572728886269033e-4
PSMC5_RNA,9.523933404125273e-4
GPR161_RNA,9.522962500341237e-4
RNF123_RNA,9.469680371694267e-4
MAST1_RNA,9.461291483603418e-4
C1QL1_RNA,9.442382142879069e-4
TSPYL6_RNA,9.42275975830853e-4
PSMG2_RNA,9.384192526340485e-4
GORASP2_RNA,9.350205073133111e-4
UTP3_RNA,9.332250920124352e-4
IRF2BP2_RNA,9.295642958022654e-4
STX17_RNA,9.264125255867839e-4
RENBP_RNA,9.255370823666453e-4
SP100_RNA,9.232679731212556e-4
ANO7_RNA,9.182054782286286e-4
CMYA5_RNA,9.174359147436917e-4
RMND5B_RNA,8.96373821888119e-4
FAM47E_RNA,8.891774923540652e-4
CALHM3_RNA,8.737933821976185e-4
RB1CC1_RNA,8.625852642580867e-4
BCKDHB_RNA,8.561931899748743e-4
MCTP2_RNA,8.484019199386239e-4
ZKSCAN3_RNA,8.470597094856203e-4
RTN2_RNA,8.449748274870217e-4
MRPL9_RNA,8.402934763580561e-4
DDX47_RNA,8.390284492634237e-4
HMGN5_RNA,8.329667616635561e-4
ANKRD42_RNA,8.313716971315444e-4
APOB_RNA,8.220163290388882e-4
SNCAIP_RNA,8.217428112402558e-4
CR1_RNA,8.033579797483981e-4
CD3D_RNA,7.954511092975736e-4
BTAF1_RNA,7.88992561865598e-4
SPPL2A_RNA,7.852748967707157e-4
SASH1_RNA,7.826639339327812e-4
ADH7_RNA,7.813837146386504e-4
KRT9_RNA,7.792494143359363e-4
PNOC_RNA,7.627186714671552e-4
MYOM3_RNA,7.585523999296129e-4
SNX3_RNA,7.568920846097171e-4
NRBP1_RNA,7.568604196421802e-4
MIR634_RNA,7.558843935839832e-4
GOLM1_RNA,7.501753279939294e-4
RPL36_RNA,7.460697670467198e-4
COX7C_RNA,7.367984508164227e-4
MVD_RNA,7.325728074647486e-4
DOCK9_RNA,7.266568718478084e-4
RPL22L1_RNA,7.119046058505774e-4
VGLL4_RNA,7.076866459101439e-4
ZNF420_RNA,7.042840006761253e-4
C17orf107_RNA,7.041985518299043e-4
ONECUT3_RNA,7.036399329081178e-4
MIR668_RNA,6.994165014475584e-4
ELF3_RNA,6.907705101184547e-4
TFEB_RNA,6.882850429974496e-4
CLEC10A_RNA,6.856165709905326e-4
SLC4A11_RNA,6.819703266955912e-4
HTR3A_RNA,6.812172941863537e-4
ZNF512_RNA,6.767592276446521e-4
VSTM1_RNA,6.747143343091011e-4
SCFD2_RNA,6.739649688825011e-4
UBE2V1_RNA,6.716395146213472e-4
DENND2C_RNA,6.680774968117476e-4
FLNC_RNA,6.649053539149463e-4
MRPS33_RNA,6.539194146171212e-4
ZNF836_RNA,6.397981778718531e-4
LAMC3_RNA,6.31180009804666e-4
KCNG4_RNA,6.292538018897176e-4
ALG10B_RNA,6.231993902474642e-4
RPUSD1_RNA,6.16614066530019e-4
PPP2R5B_RNA,6.158697651699185e-4
MIR324_RNA,6.143780192360282e-4
NUP62_RNA,6.114307325333357e-4
EIF3E_RNA,6.083589396439493e-4
TERT_RNA,6.040485459379852e-4
TECR_RNA,5.830939044244587e-4
TMEM132D_RNA,5.827093264088035e-4
ZMAT2_RNA,5.758225452154875e-4
QRFPR_RNA,5.751255666837096e-4
MYCNOS_RNA,5.750631680712104e-4
SCARNA5_RNA,5.655530258081853e-4
FCER2_RNA,5.591320805251598e-4
NHLRC4_RNA,5.588415660895407e-4
HORMAD1_RNA,5.538823315873742e-4
TMEM218_RNA,5.506820161826909e-4
OXTR_RNA,5.45040238648653e-4
POLR2B_RNA,5.405218107625842e-4
MCM3_RNA,5.386868142522871e-4
POU3F4_RNA,5.280053592287004e-4
CSGALNACT1_RNA,5.27495751157403e-4
PAFAH1B1_RNA,5.225505447015166e-4
CPNE6_RNA,5.215494893491268e-4
DUOXA1_RNA,5.213721306063235e-4
YPEL5_RNA,5.118789849802852e-4
NDUFB3_RNA,5.101282731629908e-4
LOC154449_RNA,5.096326349303126e-4
SLC13A3_RNA,5.026580765843391e-4
SNRPB_RNA,4.984765546396375e-4
CSTF2_RNA,4.973027971573174e-4
LRP1_RNA,4.896245081909001e-4
UNG_RNA,4.651470808312297e-4
CXCR1_RNA,4.579774977173656e-4
NR6A1_RNA,4.576880019158125e-4
CYP1B1_RNA,4.5705444063059986e-4
NECAB1_RNA,4.5544211752712727e-4
THUMPD1_RNA,4.540734807960689e-4
ZNF385A_RNA,4.5319978380575776e-4
EPHB3_RNA,4.4006938696838915e-4
ACSL6_RNA,4.29897423600778e-4
MIR938_RNA,4.1891829459927976e-4
CLN3_RNA,4.0424912003800273e-4
PRMT7_RNA,3.985879884567112e-4
INPP1_RNA,3.979536413680762e-4
MYSM1_RNA,3.9425905561074615e-4
NT5C1A_RNA,3.905461635440588e-4
ZNF814_RNA,3.8922016392461956e-4
ATXN2_RNA,3.8908771239221096e-4
PCP2_RNA,3.837545227725059e-4
VMAC_RNA,3.836031537503004e-4
GDI1_RNA,3.805385495070368e-4
TTC21B_RNA,3.794953809119761e-4
C7_RNA,3.7454848643392324e-4
CNGB3_RNA,3.737723163794726e-4
ZMYND19_RNA,3.730628523044288e-4
WNT8A_RNA,3.7197014898993075e-4
ATOH1_RNA,3.6895243101753294e-4
STON1_RNA,3.653693711385131e-4
PGRMC2_RNA,3.6392343463376164e-4
SPATA1_RNA,3.532098780851811e-4
RALGAPA2_RNA,3.477612335700542e-4
KCNC3_RNA,3.476341371424496e-4
KLHL21_RNA,3.4281620173715055e-4
ADH1B_RNA,3.404491872061044e-4
RNASEH1_RNA,3.3664482180029154e-4
GPRC5C_RNA,3.350749902892858e-4
NOC2L_RNA,3.337519010528922e-4
KBTBD11_RNA,3.335922956466675e-4
MIR425_RNA,3.3321476075798273e-4
ANKRD13D_RNA,3.318174567539245e-4
AARS2_RNA,3.239744692109525e-4
CCL13_RNA,3.1884873169474304e-4
TAS2R41_RNA,3.104650822933763e-4
MTHFR_RNA,3.059249429497868e-4
ARFIP1_RNA,3.0202922062017024e-4
EXPH5_RNA,2.9981849365867674e-4
TCTN3_RNA,2.973644295707345e-4
CASP5_RNA,2.944610605482012e-4
GJA5_RNA,2.9287513461895287e-4
FOXC2_RNA,2.92871001875028e-4
RBM22_RNA,2.8533293516375124e-4
C1QTNF7_RNA,2.79118656180799e-4
SH2D7_RNA,2.776580222416669e-4
PNMA5_RNA,2.7335327467881143e-4
SGTB_RNA,2.727397659327835e-4
CEACAM8_RNA,2.6155245723202825e-4
LHFPL5_RNA,2.614703553263098e-4
PDPK1_RNA,2.591159427538514e-4
KPNA5_RNA,2.559843997005373e-4
KIAA1586_RNA,2.544122689869255e-4
CNOT1_RNA,2.4742839741520584e-4
GCLC_RNA,2.44349503191188e-4
NFATC2IP_RNA,2.4179888714570552e-4
HAND1_RNA,2.264823706354946e-4
ING3_RNA,2.2568152053281665e-4
SRRM1_RNA,2.2494595032185316e-4
XPA_RNA,2.237188018625602e-4
RIOK2_RNA,2.1817204833496362e-4
ZNF417_RNA,2.1802425908390433e-4
IL13RA1_RNA,2.14432438951917e-4
UQCRFS1_RNA,2.1249294513836503e-4
ABCA4_RNA,2.0631853840313852e-4
TUFM_RNA,1.9238382810726762e-4
TNFRSF8_RNA,1.9216864893678576e-4
ZBTB7B_RNA,1.9008123490493745e-4
PGGT1B_RNA,1.8666293181013316e-4
FASTKD5_RNA,1.8597225425764918e-4
NR4A3_RNA,1.835644361563027e-4
INHBE_RNA,1.8086035561282188e-4
FGF19_RNA,1.788347726687789e-4
CPNE7_RNA,1.7021001258399338e-4
GLDN_RNA,1.6892292478587478e-4
NUFIP1_RNA,1.5052359958644956e-4
KEL_RNA,1.4247851504478604e-4
SPRR3_RNA,1.3914730516262352e-4
STARD8_RNA,1.1516259837662801e-4
HNRNPH3_RNA,1.1356954200891778e-4
ZNF74_RNA,8.913145575206727e-5
HBB_RNA,8.235334098571911e-5
GRSF1_RNA,8.005525160115212e-5
GLP2R_RNA,7.907003600848839e-5
PALM_RNA,7.690482743782923e-5
ITIH2_RNA,6.945523637114093e-5
ZBTB45_RNA,5.68136565561872e-5
SLC43A1_RNA,5.359730130294338e-5
CDK7_RNA,5.306188904796727e-5
ZNF761_RNA,5.0654347433010116e-5
CTRC_RNA,4.9611011490924284e-5
OR2AG2_RNA,4.1645387682365254e-5
NARS2_RNA,4.0380273276241496e-5
MIR329-2_RNA,3.458593346294947e-5
CMTM3_RNA,3.1791325454832986e-5
SERHL2_RNA,2.7261379727860913e-5
TTC36_RNA,1.0942750122922007e-5
GCLM_RNA,9.807265541894594e-7
VPS26B_RNA,-1.1220554370083846e-6
SLC47A2_RNA,-1.2284465356060537e-6
MLH1_RNA,-4.907553375232965e-6
VMO1_RNA,-5.063978733232943e-6
USP10_RNA,-1.3881045560992789e-5
HMOX1_RNA,-1.4995417586760595e-5
RORA_RNA,-1.709397474769503e-5
RPL35A_RNA,-2.254492210340686e-5
ADNP_RNA,-3.2981795811792836e-5
WNT10A_RNA,-3.3013944630511105e-5
TRPV2_RNA,-3.7388555938377976e-5
BEGAIN_RNA,-3.772335912799463e-5
SHOX2_RNA,-3.7881312891840935e-5
TSGA10IP_RNA,-4.166310463915579e-5
APOL4_RNA,-4.624891153071076e-5
SERPINI2_RNA,-5.426111601991579e-5
CHST13_RNA,-5.605011392617598e-5
GSN_RNA,-6.636913894908503e-5
BAK1_RNA,-6.857125845272094e-5
NLGN1_RNA,-7.210614421637729e-5
GCA_RNA,-7.564762199763209e-5
GPR101_RNA,-7.642473065061495e-5
ZNF576_RNA,-8.135778625728562e-5
PACSIN1_RNA,-8.209375664591789e-5
CDC14A_RNA,-9.209572453983128e-5
JUP_RNA,-9.633640729589388e-5
GJD2_RNA,-1.0308065247954801e-4
NTRK2_RNA,-1.0910082346526906e-4
SRM_RNA,-1.1218479630770162e-4
SLC5A5_RNA,-1.1406544217607006e-4
CTSE_RNA,-1.1571501090656966e-4
SLC43A2_RNA,-1.1591430666157976e-4
PRDM2_RNA,-1.1811354488600045e-4
CSAG1_RNA,-1.238956319866702e-4
LPAR4_RNA,-1.3849444803781807e-4
PSPH_RNA,-1.4179143181536347e-4
MBTPS2_RNA,-1.4228634245228022e-4
RGS5_RNA,-1.4529113832395524e-4
WSB1_RNA,-1.4591374201700091e-4
AGGF1_RNA,-1.56472873641178e-4
FCER1A_RNA,-1.7120254051405936e-4
CLU_RNA,-1.7583966837264597e-4
IFI27_RNA,-1.7593798111192882e-4
ERLIN2_RNA,-1.771179959177971e-4
CACNA2D4_RNA,-1.8250990251544863e-4
SDK1_RNA,-1.832603884395212e-4
PDE6G_RNA,-1.8602782802190632e-4
EVX1_RNA,-1.8669840937945992e-4
GRPR_RNA,-1.871006825240329e-4
SMG1_RNA,-1.8926513439510018e-4
LOXL3_RNA,-1.8986803479492664e-4
MRPS31_RNA,-1.9053446885664016e-4
TCEA1_RNA,-1.9083365623373538e-4
MIR9-3_RNA,-1.9697494280990213e-4
NLRP6_RNA,-2.003582485485822e-4
CELSR3_RNA,-2.0742382912430912e-4
ZNF154_RNA,-2.0978519751224667e-4
C14orf178_RNA,-2.1132020629011095e-4
LOC100271832_RNA,-2.1147288498468697e-4
ITPRIP_RNA,-2.1244697563815862e-4
WDR36_RNA,-2.1589519747067243e-4
TMEM200A_RNA,-2.1835844381712377e-4
SNTB2_RNA,-2.1918905258644372e-4
SLC40A1_RNA,-2.2467359667643905e-4
MIR409_RNA,-2.2898153110872954e-4
CTXN3_RNA,-2.341175713809207e-4
CNOT3_RNA,-2.3765236255712807e-4
LCK_RNA,-2.3765528749208897e-4
PIGL_RNA,-2.4206467787735164e-4
HIGD1A_RNA,-2.560635039117187e-4
MRM1_RNA,-2.58345011388883e-4
MRFAP1L1_RNA,-2.614615950733423e-4
OXSR1_RNA,-2.7489385684020817e-4
TMEM184A_RNA,-2.756141184363514e-4
GABBR1_RNA,-2.7779751690104604e-4
KIN_RNA,-2.829386794473976e-4
ZNF699_RNA,-2.843678230419755e-4
LSM1_RNA,-2.866902214009315e-4
RPIA_RNA,-2.9583205468952656e-4
PTCH2_RNA,-3.005625039804727e-4
PENK_RNA,-3.123684728052467e-4
CLDN15_RNA,-3.139277105219662e-4
HAPLN3_RNA,-3.1860946910455823e-4
CYP27B1_RNA,-3.1912935082800686e-4
ATP13A1_RNA,-3.194411692675203e-4
CLK1_RNA,-3.1949704862199724e-4
PYGM_RNA,-3.241478989366442e-4
ZNF559_RNA,-3.307007427792996e-4
SLC26A8_RNA,-3.3848811290226877e-4
ATP6AP1_RNA,-3.387201577425003e-4
GARNL3_RNA,-3.4093789872713387e-4
LDHD_RNA,-3.4718980896286666e-4
GTF2F1_RNA,-3.4914148272946477e-4
ESR2_RNA,-3.5273542744107544e-4
KPNA3_RNA,-3.562707861419767e-4
UBE4A_RNA,-3.5642701550386846e-4
POU4F2_RNA,-3.565175866242498e-4
EFNB3_RNA,-3.57397977495566e-4
MIR493_RNA,-3.5935972118750215e-4
STAC3_RNA,-3.7458408041857183e-4
GAD2_RNA,-3.7570568383671343e-4
CCDC6_RNA,-3.773781645577401e-4
NMNAT1_RNA,-3.8408272666856647e-4
CTRB1_RNA,-3.8988247979432344e-4
TRIM32_RNA,-3.939209273084998e-4
RAB26_RNA,-3.940502356272191e-4
MIR1289-2_RNA,-4.0215233457274735e-4
STK39_RNA,-4.0228903526440263e-4
NR0B2_RNA,-4.0641127270646393e-4
COL23A1_RNA,-4.102541133761406e-4
WTIP_RNA,-4.114318871870637e-4
LRRFIP2_RNA,-4.1762602631933987e-4
DOT1L_RNA,-4.191775806248188e-4
LIPG_RNA,-4.205566074233502e-4
SLC7A14_RNA,-4.2095614480786026e-4
P2RX3_RNA,-4.249749763403088e-4
TMEM41A_RNA,-4.263059236109257e-4
HAS2_RNA,-4.3096483568660915e-4
GUCA1B_RNA,-4.318602732382715e-4
SRD5A2_RNA,-4.368253576103598e-4
SHARPIN_RNA,-4.375639255158603e-4
RRS1_RNA,-4.375848511699587e-4
ADI1_RNA,-4.455485031940043e-4
ZNF783_RNA,-4.4697022531181574e-4
NAA35_RNA,-4.4771182001568377e-4
YPEL4_RNA,-4.4867536053061485e-4
LRRC8C_RNA,-4.5114755630493164e-4
MIR181B1_RNA,-4.56700858194381e-4
ACVR1_RNA,-4.5825212146155536e-4
DAP3_RNA,-4.650793271139264e-4
PRR18_RNA,-4.688310727942735e-4
USP45_RNA,-4.7054828610271215e-4
RNF25_RNA,-4.75099659524858e-4
PTCD2_RNA,-4.785443306900561e-4
CNST_RNA,-4.815019201487303e-4
APOLD1_RNA,-4.8390973825007677e-4
TMEM233_RNA,-4.863118228968233e-4
PEAR1_RNA,-4.88028337713331e-4
ACADSB_RNA,-4.957810742780566e-4
UNC13C_RNA,-5.096911336295307e-4
SERPING1_RNA,-5.121233407407999e-4
ACE_RNA,-5.135707906447351e-4
PRSS8_RNA,-5.186465568840504e-4
ZAP70_RNA,-5.208052461966872e-4
WNT16_RNA,-5.219577578827739e-4
ADAM33_RNA,-5.236063152551651e-4
S1PR4_RNA,-5.255708238109946e-4
SPAST_RNA,-5.318486946634948e-4
SLC38A8_RNA,-5.322505603544414e-4
MAFK_RNA,-5.322601646184921e-4
ZNF878_RNA,-5.342720542103052e-4
ATAD3A_RNA,-5.347226979210973e-4
SYT1_RNA,-5.438075168058276e-4
DPEP1_RNA,-5.479344399645925e-4
TAF1D_RNA,-5.480966065078974e-4
ARPC5L_RNA,-5.501904524862766e-4
CBY3_RNA,-5.567760672420263e-4
L3MBTL2_RNA,-5.574522074311972e-4
WFDC13_RNA,-5.587110645137727e-4
IPPK_RNA,-5.604712059721351e-4
SLC25A30_RNA,-5.625392077490687e-4
MIR573_RNA,-5.674762069247663e-4
STAT4_RNA,-5.679990281350911e-4
FOXA2_RNA,-5.710065015591681e-4
BPI_RNA,-5.722155910916626e-4
DIO3OS_RNA,-5.771166179329157e-4
FAM53C_RNA,-5.777335609309375e-4
HOXA13_RNA,-5.855336785316467e-4
MXRA8_RNA,-5.868918960914016e-4
PCDHB11_RNA,-5.875963252037764e-4
IFI44_RNA,-5.883628036826849e-4
TFPT_RNA,-5.986448377370834e-4
ADAD2_RNA,-5.992479273118079e-4
PAX9_RNA,-5.998972919769585e-4
RHOC_RNA,-6.131891277618706e-4
SRP72_RNA,-6.213994929566979e-4
XPO1_RNA,-6.248052231967449e-4
AP1G1_RNA,-6.367630558088422e-4
PEX7_RNA,-6.403015577234328e-4
ABCC4_RNA,-6.464624893851578e-4
RFPL4B_RNA,-6.491621606983244e-4
ZNF550_RNA,-6.514418637380004e-4
MLXIP_RNA,-6.528923404403031e-4
SLC27A6_RNA,-6.588384276255965e-4
DENND5A_RNA,-6.654011667706072e-4
PDE5A_RNA,-6.658482598140836e-4
CSMD1_RNA,-6.683443207293749e-4
OR51M1_RNA,-6.69964007101953e-4
MKS1_RNA,-6.718611693941057e-4
MIR2052_RNA,-6.741669494658709e-4
KIF15_RNA,-6.793789216317236e-4
CDC40_RNA,-6.944555207155645e-4
HOXA3_RNA,-7.013718714006245e-4
DIO2_RNA,-7.020697230473161e-4
B4GALT3_RNA,-7.054395973682404e-4
FAM9C_RNA,-7.055715541355312e-4
SNORD100_RNA,-7.092725718393922e-4
LEMD2_RNA,-7.103999960236251e-4
ATG5_RNA,-7.108815480023623e-4
DECR1_RNA,-7.129412260837853e-4
DSCR9_RNA,-7.153562037274241e-4
CLCNKB_RNA,-7.172011537477374e-4
CALB1_RNA,-7.214939687401056e-4
CMBL_RNA,-7.259513367898762e-4
PDK4_RNA,-7.37300084438175e-4
KLHDC7A_RNA,-7.409577956423163e-4
APBB1_RNA,-7.410059915855527e-4
C1orf162_RNA,-7.426572847180068e-4
CCL25_RNA,-7.49807630199939e-4
RAB27B_RNA,-7.548732100985944e-4
PIK3R4_RNA,-7.604571292176843e-4
FGFRL1_RNA,-7.640645490027964e-4
IL12B_RNA,-7.707352633588016e-4
MCF2L2_RNA,-7.74980231653899e-4
PSMA4_RNA,-7.812046678736806e-4
UVRAG_RNA,-7.812718977220356e-4
PRDX2_RNA,-7.829814567230642e-4
MIR758_RNA,-7.888106047175825e-4
ZSWIM6_RNA,-8.018401567824185e-4
COL6A6_RNA,-8.102405117824674e-4
CD6_RNA,-8.116462850011885e-4
FERMT3_RNA,-8.142070146277547e-4
LASP1_RNA,-8.201603195630014e-4
FSTL4_RNA,-8.240332244895399e-4
DPAGT1_RNA,-8.261235198006034e-4
KIF6_RNA,-8.386480621993542e-4
ZFAND1_RNA,-8.40982305817306e-4
KCND2_RNA,-8.437086944468319e-4
CYYR1_RNA,-8.580556022934616e-4
KATNB1_RNA,-8.599512511864305e-4
CCAR1_RNA,-8.632063400000334e-4
TSPAN33_RNA,-8.698603487573564e-4
HIGD2B_RNA,-8.72054893989116e-4
CNR2_RNA,-8.755801245570183e-4
FBN2_RNA,-8.801222429610789e-4
ICA1_RNA,-8.846233249641955e-4
BDKRB1_RNA,-8.876398205757141e-4
FEM1C_RNA,-8.921990520320833e-4
MIR1266_RNA,-8.937283419072628e-4
TRIM65_RNA,-8.948645554482937e-4
TNNI2_RNA,-8.950812043622136e-4
NADSYN1_RNA,-9.15287877433002e-4
ABCC8_RNA,-9.23505169339478e-4
SPR_RNA,-9.239264181815088e-4
ANTXRL_RNA,-9.256067569367588e-4
COX8A_RNA,-9.262568200938404e-4
C18orf32_RNA,-9.286277345381677e-4
ZDHHC16_RNA,-9.324575075879693e-4
SHPRH_RNA,-9.480310836806893e-4
PRKG1_RNA,-9.530903189443052e-4
CEBPG_RNA,-9.60382807534188e-4
FBXW9_RNA,-9.606623789295554e-4
RECQL5_RNA,-9.620795026421547e-4
HYAL2_RNA,-9.659923962317407e-4
COL4A3_RNA,-9.75416973233223e-4
HYMAI_RNA,-9.765982395038009e-4
NCK1_RNA,-9.817843092605472e-4
COQ9_RNA,-9.849327616393566e-4
COMP_RNA,-9.89102409221232e-4
IL1R1_RNA,-9.901979938149452e-4
ZNF598_RNA,-9.916811250150204e-4
ZNF502_RNA,-0.001003843266516924
CASP2_RNA,-0.001004926860332489
DES_RNA,-0.0010143376421183348
DHRS7B_RNA,-0.0010149071458727121
SRPK1_RNA,-0.0010189530439674854
AQP4_RNA,-0.0010222671553492546
RHOBTB2_RNA,-0.0010225618025287986
COPE_RNA,-0.0010226796148344874
RSBN1L_RNA,-0.0010309608187526464
COX18_RNA,-0.0010404220083728433
FLYWCH2_RNA,-0.001040822477079928
BBS5_RNA,-0.001044107717461884
KLF16_RNA,-0.001045430195517838
AP3D1_RNA,-0.0010510123101994395
MIR374A_RNA,-0.0010562699753791094
TPH2_RNA,-0.001058637979440391
TAOK3_RNA,-0.0010680154664441943
FLRT1_RNA,-0.0010694634402170777
PRPF40B_RNA,-0.0010877507738769054
PRKCG_RNA,-0.0010926410323008895
ASPHD2_RNA,-0.0011012956965714693
KCNJ1_RNA,-0.001103368354961276
TP53TG1_RNA,-0.0011040669633075595
PTPRN_RNA,-0.0011169066419824958
SCN4B_RNA,-0.0011233292752876878
DNAJC7_RNA,-0.0011240128660574555
VPS4A_RNA,-0.0011269103270024061
RGS16_RNA,-0.001133360667154193
RP1_RNA,-0.0011504435678943992
NPHP1_RNA,-0.0011551891220733523
LIF_RNA,-0.0011693384731188416
SLC17A1_RNA,-0.001170257804915309
SNORD9_RNA,-0.0011778399348258972
FZR1_RNA,-0.0011825079564005136
SNORA70B_RNA,-0.0011871664319187403
ZMAT3_RNA,-0.0011899989331141114
SNORD17_RNA,-0.001191529561765492
RPL3L_RNA,-0.0012002423172816634
SRGAP3_RNA,-0.0012020530411973596
ZFYVE9_RNA,-0.0012108170194551349
MAD2L2_RNA,-0.0012125058565288782
OR1L3_RNA,-0.0012134740827605128
P2RX6_RNA,-0.0012138268211856484
OBSL1_RNA,-0.0012180726043879986
UBN1_RNA,-0.0012196474708616734
ANKRD30A_RNA,-0.0012291133170947433
TOMM34_RNA,-0.0012327318545430899
ZC3H6_RNA,-0.0012412616051733494
ALDH18A1_RNA,-0.0012425652239471674
CDC16_RNA,-0.0012505418853834271
PODNL1_RNA,-0.0012533225817605853
RNASE7_RNA,-0.001256816554814577
ZNF180_RNA,-0.0012583356583490968
SDHC_RNA,-0.001261492376215756
OAT_RNA,-0.001262302859686315
GNAI3_RNA,-0.0012662849621847272
KCTD17_RNA,-0.0012704276014119387
GAPT_RNA,-0.0012712929164990783
RGL4_RNA,-0.0012789794709533453
BCL9L_RNA,-0.0012881336733698845
ZNF493_RNA,-0.001288728672079742
KLHDC8A_RNA,-0.0012918357970193028
FGF5_RNA,-0.0012935110135003924
SPTBN2_RNA,-0.0012981678592041135
RAB7A_RNA,-0.0013117799535393715
CLDN19_RNA,-0.0013176247011870146
MIR627_RNA,-0.0013180958339944482
NRG1_RNA,-0.0013204232091084123
SDCCAG8_RNA,-0.001321948948316276
CENPT_RNA,-0.0013307249173521996
TRIO_RNA,-0.0013360977172851563
DNAJC22_RNA,-0.0013377584982663393
SNORD62B_RNA,-0.0013473096769303083
NWD1_RNA,-0.001355477492325008
CEACAM1_RNA,-0.001362901646643877
UBE2G2_RNA,-0.0013679019175469875
FFAR2_RNA,-0.0013699993724003434
PAX5_RNA,-0.0013772143283858895
TMEM222_RNA,-0.0013895435258746147
CHRNA7_RNA,-0.0013908218825235963
EPB41L4B_RNA,-0.0014020404778420925
CALM2_RNA,-0.001403082045726478
DCAF13_RNA,-0.0014061981346458197
RHO_RNA,-0.0014091492630541325
CD47_RNA,-0.001417248509824276
KRT33B_RNA,-0.001417763065546751
ATOH7_RNA,-0.0014234917471185327
DNAJC6_RNA,-0.001435827580280602
MIR760_RNA,-0.0014359868364408612
KCNQ3_RNA,-0.0014382810331881046
PRKACA_RNA,-0.001440491178072989
INMT_RNA,-0.0014409080613404512
SLC26A7_RNA,-0.0014430751325562596
ARHGEF6_RNA,-0.0014464062405750155
OR1E2_RNA,-0.0014479929814115167
C20orf144_RNA,-0.00145248684566468
TRIOBP_RNA,-0.001452782889828086
SMPX_RNA,-0.0014541699783876538
MIB1_RNA,-0.0014594544190913439
RNF43_RNA,-0.0014674256090074778
HBEGF_RNA,-0.0014686237554997206
TIGD2_RNA,-0.0014720023609697819
TAF8_RNA,-0.0014776373282074928
MRPL50_RNA,-0.0014835960464552045
NDRG3_RNA,-0.0014875055057927966
TTL_RNA,-0.0014880221569910645
ANXA6_RNA,-0.001488672336563468
GRM8_RNA,-0.001494898460805416
CNTN2_RNA,-0.0014951983466744423
SCG5_RNA,-0.0015005820896476507
TBL2_RNA,-0.0015032744267955422
CASC2_RNA,-0.0015042744344100356
NASP_RNA,-0.00150504638440907
HOXB3_RNA,-0.0015071132220327854
ZNF569_RNA,-0.0015076606068760157
APOL3_RNA,-0.0015097411815077066
PCF11_RNA,-0.001517688506282866
PAQR7_RNA,-0.0015188587130978703
HOXA6_RNA,-0.0015203047078102827
CLIC5_RNA,-0.001521083409897983
KDM6A_RNA,-0.0015248460695147514
EIF2S1_RNA,-0.001525423489511013
BLOC1S2_RNA,-0.0015290970914065838
SNORA14A_RNA,-0.0015291728777810931
TNKS1BP1_RNA,-0.0015296732308343053
TIPARP_RNA,-0.001532736700028181
USP16_RNA,-0.001547173480503261
EML4_RNA,-0.0015476788394153118
HERC5_RNA,-0.0015526808565482497
SHC1_RNA,-0.001553518115542829
ATRX_RNA,-0.0015548703959211707
ACD_RNA,-0.001565219135954976
CCL7_RNA,-0.001574173686094582
NR2F6_RNA,-0.0015765244606882334
ABO_RNA,-0.0015769806923344731
ZC3H12A_RNA,-0.0015780257526785135
SCG3_RNA,-0.0015783021226525307
LPCAT1_RNA,-0.0015790638281032443
LHFPL3_RNA,-0.001598845818080008
OR2A5_RNA,-0.0016000776086002588
E2F4_RNA,-0.0016008141683414578
RAB5B_RNA,-0.0016036216402426362
SLC1A6_RNA,-0.001607112237252295
TRIML2_RNA,-0.001609167316928506
ACCSL_RNA,-0.0016125255497172475
TUBG2_RNA,-0.0016135204350575805
CAMTA1_RNA,-0.0016142004169523716
THOC1_RNA,-0.001615338260307908
MPG_RNA,-0.0016184181440621614
CSTF2T_RNA,-0.0016200451646000147
SYP_RNA,-0.001621524221263826
GTF3C1_RNA,-0.0016269671032205224
KATNAL2_RNA,-0.0016309042694047093
SEZ6L_RNA,-0.0016541668446734548
PCDHGA11_RNA,-0.001655233558267355
FOLR3_RNA,-0.0016570222796872258
ZNF716_RNA,-0.0016612074105069041
TRIM50_RNA,-0.0016617497894912958
CTSO_RNA,-0.0016689399490132928
SLA2_RNA,-0.00167272356338799
FBXO24_RNA,-0.0016732082003727555
EFNA5_RNA,-0.0016755042597651482
EPHA5_RNA,-0.001677738968282938
WNT2B_RNA,-0.0016823520418256521
PCDHGA9_RNA,-0.0016830932581797242
COG1_RNA,-0.0016856688307598233
TMEM161B_RNA,-0.0016926792450249195
FMN1_RNA,-0.0016949825221672654
AKR1B10_RNA,-0.0016981905791908503
CT45A1_RNA,-0.00169843970797956
PTPRH_RNA,-0.0016993597382679582
SEMA6C_RNA,-0.001709683216176927
CYP2D6_RNA,-0.0017211096128448844
DDIT4_RNA,-0.001722865505144
FAIM_RNA,-0.0017304947832599282
SNORA36C_RNA,-0.0017315183067694306
CACNA2D3_RNA,-0.0017328121466562152
MRPS9_RNA,-0.0017331675626337528
CMTM1_RNA,-0.0017403289675712585
GINS4_RNA,-0.0017472890904173255
HBA1_RNA,-0.0017476080683991313
STK17B_RNA,-0.001748185488395393
CCNI_RNA,-0.001749337068758905
CAPN9_RNA,-0.0017503220587968826
REC8_RNA,-0.0017635367112234235
DUSP9_RNA,-0.0017671785317361355
AGPAT3_RNA,-0.0017786577809602022
MED11_RNA,-0.0017793166916817427
CREB5_RNA,-0.0017839346546679735
LETMD1_RNA,-0.0017928534653037786
LMNB2_RNA,-0.0017962176352739334
NGEF_RNA,-0.0018066528718918562
ECSCR_RNA,-0.0018121679313480854
LCN2_RNA,-0.0018123573390766978
GIPC3_RNA,-0.0018125703791156411
JPH2_RNA,-0.0018290576990693808
PMEPA1_RNA,-0.001832760637626052
ISLR2_RNA,-0.0018330933526158333
SLC39A11_RNA,-0.0018337401561439037
IL10_RNA,-0.0018382000271230936
ATP2A2_RNA,-0.001839956152252853
SRGN_RNA,-0.001848690677434206
CCL14_RNA,-0.0018493437673896551
COG7_RNA,-0.0018542222678661346
TAS2R7_RNA,-0.0018709114519879222
AIDA_RNA,-0.0018711034208536148
ANAPC10_RNA,-0.0018728026188910007
RPL7L1_RNA,-0.0018755565397441387
PRPF6_RNA,-0.001877687289379537
PTAR1_RNA,-0.0018782058032229543
TNK1_RNA,-0.001879867515526712
F2RL1_RNA,-0.0018861056305468082
POLR2I_RNA,-0.0018871492939069867
TRIM61_RNA,-0.0018930307123810053
CTSH_RNA,-0.0018943720497190952
KLHL1_RNA,-0.0019011781550943851
SLC16A14_RNA,-0.0019065926317125559
PCYOX1_RNA,-0.0019143379759043455
HYAL4_RNA,-0.0019144689431414008
TIFAB_RNA,-0.001916704815812409
PI3_RNA,-0.0019241698319092393
PHGDH_RNA,-0.0019251428311690688
CYP4F22_RNA,-0.0019273633370175958
USP12_RNA,-0.0019280487904325128
ENTPD2_RNA,-0.001942009781487286
FAM169A_RNA,-0.001951456069946289
ANXA1_RNA,-0.0019546246621757746
GDPD1_RNA,-0.0019579038489609957
DGKG_RNA,-0.0019594021141529083
S100A9_RNA,-0.0019596253987401724
MEIS1_RNA,-0.001966628944501281
SLC14A1_RNA,-0.001977671403437853
TPPP_RNA,-0.0019981153309345245
GTPBP1_RNA,-0.0019994245376437902
ZNF24_RNA,-0.0020001584198325872
CEACAM6_RNA,-0.0020024199038743973
RNF19A_RNA,-0.0020026909187436104
MTHFD1L_RNA,-0.002003135159611702
FBXO30_RNA,-0.0020093685016036034
MAB21L1_RNA,-0.0020117585081607103
SBF1P1_RNA,-0.002013753866776824
VWA5A_RNA,-0.002025475027039647
OR7C2_RNA,-0.0020255364943295717
MIR708_RNA,-0.002026599831879139
NUP43_RNA,-0.002026708796620369
TTLL1_RNA,-0.0020321104675531387
SST_RNA,-0.002036800142377615
SLC39A3_RNA,-0.0020452190656214952
MED17_RNA,-0.0020488023292273283
DPH2_RNA,-0.0020526812877506018
SH3D19_RNA,-0.002058210549876094
EDA2R_RNA,-0.0020617314148694277
MEX3D_RNA,-0.0020785920787602663
SPATA20_RNA,-0.002082693623378873
LYVE1_RNA,-0.0020863593090325594
SQSTM1_RNA,-0.0020886308047920465
DPYSL3_RNA,-0.0020925127901136875
TMEM138_RNA,-0.002104510786011815
ADAMTS16_RNA,-0.002107997192069888
EXOSC1_RNA,-0.0021098139695823193
DCAF7_RNA,-0.0021099094301462173
THOC2_RNA,-0.0021117874421179295
MEA1_RNA,-0.002121148630976677
DIO1_RNA,-0.002122732810676098
ZNF732_RNA,-0.0021231574937701225
MTMR6_RNA,-0.0021286760456860065
FZD1_RNA,-0.0021299191284924746
ELAC1_RNA,-0.0021308623254299164
MIR643_RNA,-0.0021337636280804873
GGCX_RNA,-0.0021369687747210264
PCDHA4_RNA,-0.0021411320194602013
ADAMTSL1_RNA,-0.002143189776688814
ZNF320_RNA,-0.002144219819456339
AGFG1_RNA,-0.0021465341560542583
EED_RNA,-0.0021521870512515306
CAV1_RNA,-0.002158393617719412
LIPC_RNA,-0.0021594481077045202
GRM5_RNA,-0.002159870695322752
TMPRSS12_RNA,-0.002163833472877741
PLEKHG3_RNA,-0.0021648446563631296
SNORD115-40_RNA,-0.0021682120859622955
WDR33_RNA,-0.0021690879948437214
RANBP2_RNA,-0.0021813090424984694
MIR921_RNA,-0.0021852219942957163
EFCAB3_RNA,-0.0021859456319361925
ZFP3_RNA,-0.0021885978057980537
DCLK3_RNA,-0.00219889753498137
DDA1_RNA,-0.002199221169576049
GUSB_RNA,-0.002202440984547138
SEC23B_RNA,-0.002208575140684843
ZNF749_RNA,-0.0022108100820332766
MDH1B_RNA,-0.0022119979839771986
CCL8_RNA,-0.0022171137388795614
TRPM1_RNA,-0.0022266251035034657
KCNK2_RNA,-0.002227588091045618
FZD10_RNA,-0.0022306705359369516
ZNF776_RNA,-0.0022308439947664738
MBLAC1_RNA,-0.002236234722658992
POLE4_RNA,-0.002252676524221897
IRF7_RNA,-0.002252984559163451
AHCTF1_RNA,-0.002256587613373995
ARRB1_RNA,-0.002265362534672022
RFXAP_RNA,-0.0022681744303554296
ZHX1_RNA,-0.0022719912230968475
PACRG_RNA,-0.0022759237326681614
SMYD3_RNA,-0.002285115420818329
FARSB_RNA,-0.002294366480782628
TNFRSF18_RNA,-0.0022947960533201694
CHRM1_RNA,-0.002308623166754842
ENC1_RNA,-0.0023212404921650887
PNPLA3_RNA,-0.002326914807781577
CNGA1_RNA,-0.0023347213864326477
MIR623_RNA,-0.0023384669329971075
BMX_RNA,-0.0023432252928614616
PAQR4_RNA,-0.00234615383669734
DNAH7_RNA,-0.0023469123989343643
TBX18_RNA,-0.0023487096186727285
PCA3_RNA,-0.002349139889702201
GALM_RNA,-0.0023540928959846497
MIR554_RNA,-0.0023555485531687737
ZNF700_RNA,-0.0023652769159525633
SBK2_RNA,-0.0023660524748265743
F13A1_RNA,-0.0023818626068532467
TMEM60_RNA,-0.002382434206083417
TRIM4_RNA,-0.0023827801924198866
NKD1_RNA,-0.0023835068568587303
CISD3_RNA,-0.002384733874350786
FXYD3_RNA,-0.002385960891842842
TMEM102_RNA,-0.0023924035485833883
ACOT12_RNA,-0.0023927197325974703
ABRA_RNA,-0.002396541414782405
GAS2_RNA,-0.002412705449387431
NIPBL_RNA,-0.002418692922219634
AMOT_RNA,-0.0024324925616383553
HPS5_RNA,-0.0024372918996959925
FAS_RNA,-0.002447588136419654
C4orf19_RNA,-0.0024481634609401226
SLC25A1_RNA,-0.0024546878412365913
ANKRD23_RNA,-0.002456806832924485
EVX2_RNA,-0.002456864807754755
SGSM3_RNA,-0.0024624282959848642
SNORA35_RNA,-0.002470487030223012
CYP4F2_RNA,-0.0024709003046154976
NEUROG2_RNA,-0.002472412073984742
SPATS1_RNA,-0.0024762777611613274
MIR635_RNA,-0.0024785466957837343
C1QTNF8_RNA,-0.0024811895564198494
ZNF649_RNA,-0.0024970208760350943
SLC25A13_RNA,-0.002498493529856205
DDX54_RNA,-0.0024987952783703804
ZNHIT6_RNA,-0.002501311246305704
LIMD2_RNA,-0.0025020120665431023
TSPAN19_RNA,-0.002516970969736576
OGFOD1_RNA,-0.00251761800609529
OPN3_RNA,-0.0025193816982209682
GPBP1_RNA,-0.0025250508915632963
PSMD8_RNA,-0.0025278357788920403
PAGE2_RNA,-0.0025335955433547497
SERPINB8_RNA,-0.002536087529733777
HCG11_RNA,-0.0025454177521169186
C1QTNF4_RNA,-0.0025550455320626497
MAEL_RNA,-0.0025606611743569374
GTF2E1_RNA,-0.0025649419985711575
PAX7_RNA,-0.0025748424232006073
ING1_RNA,-0.0025764897000044584
PCK2_RNA,-0.0025922018103301525
NPL_RNA,-0.0025992158334702253
SLC2A14_RNA,-0.0026034312322735786
DDRGK1_RNA,-0.002609224757179618
CRYM_RNA,-0.002611490897834301
TXLNB_RNA,-0.0026191063225269318
BACH1_RNA,-0.0026218693237751722
ATP1A2_RNA,-0.0026311478577554226
UMODL1_RNA,-0.0026365495286881924
TMEM37_RNA,-0.0026398608461022377
ZNF568_RNA,-0.0026454743929207325
ZNF346_RNA,-0.0026518877130001783
ACTL7A_RNA,-0.0026538895908743143
PRR14_RNA,-0.0026549024041742086
MIR656_RNA,-0.0026560367550700903
ZNF84_RNA,-0.0026576833333820105
RIOK1_RNA,-0.002659972058609128
CTSZ_RNA,-0.0026620610151439905
SMNDC1_RNA,-0.0026683041360229254
CALCOCO1_RNA,-0.00266930740326643
PARP15_RNA,-0.0026940815150737762
SMYD1_RNA,-0.00269475975073874
GSX1_RNA,-0.0026954011991620064
CDH13_RNA,-0.002700777957215905
ZNF75A_RNA,-0.0027036266401410103
MED30_RNA,-0.0027059856802225113
AADAT_RNA,-0.002714918227866292
MIR1208_RNA,-0.0027189399115741253
UCN_RNA,-0.002720711985602975
RAX2_RNA,-0.0027226188685745
HARS2_RNA,-0.002724567661061883
ROMO1_RNA,-0.0027290559373795986
MIR130A_RNA,-0.002733335131779313
MS4A6E_RNA,-0.0027645237278193235
P2RY1_RNA,-0.002767161000519991
AVPI1_RNA,-0.002767231548205018
DDX43_RNA,-0.002768496284261346
ZNF28_RNA,-0.0027687533292919397
DHPS_RNA,-0.002770194783806801
ZNF205_RNA,-0.002772656735032797
SNORD104_RNA,-0.002776001114398241
ASB11_RNA,-0.0027760907541960478
PRR23A_RNA,-0.002778030699118972
FILIP1L_RNA,-0.002778764348477125
STX10_RNA,-0.0027828607708215714
EZR_RNA,-0.0027873730286955833
MRPL28_RNA,-0.002801124705001712
GATA1_RNA,-0.0028128738049417734
SPINK4_RNA,-0.0028157217893749475
DTX1_RNA,-0.002818468725308776
DLEC1_RNA,-0.0028220268432050943
KRTAP5-9_RNA,-0.0028252352494746447
SLC16A11_RNA,-0.0028304578736424446
ACAT1_RNA,-0.0028343035373836756
FAM151A_RNA,-0.0028360257856547832
TPSG1_RNA,-0.0028397811111062765
UTS2_RNA,-0.0028496684972196817
FHL5_RNA,-0.0028511746786534786
PSMB8_RNA,-0.0028520545456558466
FAHD1_RNA,-0.0028541150968521833
DCUN1D2_RNA,-0.0028568545822054148
DDN_RNA,-0.002868881681933999
TCHP_RNA,-0.0028723012655973434
PRPF18_RNA,-0.002878418890759349
MRPS28_RNA,-0.0028787588234990835
MLEC_RNA,-0.0028839372098445892
MAP3K1_RNA,-0.0028877437580376863
KLF14_RNA,-0.0028894967399537563
EYA2_RNA,-0.0028913302812725306
RAB41_RNA,-0.002898150123655796
CYC1_RNA,-0.002901633968576789
RRAGD_RNA,-0.0029034805484116077
FSIP1_RNA,-0.002903832821175456
ASGR2_RNA,-0.0029186613392084837
PSMB7_RNA,-0.00293622724711895
UGT2B15_RNA,-0.0029373292345553637
PCDHA5_RNA,-0.002941796788945794
SYCP2_RNA,-0.002947819186374545
FREM3_RNA,-0.0029496888164430857
PGAM4_RNA,-0.002955026924610138
GTF2B_RNA,-0.002955404808744788
JDP2_RNA,-0.002960052341222763
PPTC7_RNA,-0.0029677837155759335
FAM135B_RNA,-0.002971006790176034
ARTN_RNA,-0.0029729418456554413
ZNF524_RNA,-0.0029738673474639654
EIF3K_RNA,-0.0029797262977808714
LSM14B_RNA,-0.0029847645200788975
CPEB2_RNA,-0.002990389708429575
HIF3A_RNA,-0.002992677502334118
PHF13_RNA,-0.002995660062879324
COBL_RNA,-0.003004702040925622
LAMB4_RNA,-0.003013784298673272
PFDN1_RNA,-0.00303053786046803
APEH_RNA,-0.0030377046205103397
MIR1305_RNA,-0.003038704162463546
ENSA_RNA,-0.0030393681954592466
CNFN_RNA,-0.0030427342280745506
TFB1M_RNA,-0.003044591983780265
GALNT14_RNA,-0.0030496525578200817
CCDC126_RNA,-0.0030533545650541782
NDUFV2_RNA,-0.00305401673540473
IFITM5_RNA,-0.0030555285047739744
PSD3_RNA,-0.0030666531529277563
DUSP2_RNA,-0.0030723896343261003
ANKRD29_RNA,-0.003072543768212199
IL19_RNA,-0.003076069289818406
SPRY1_RNA,-0.003080252557992935
EXOSC5_RNA,-0.0030844248831272125
URB1_RNA,-0.003091774182394147
SP8_RNA,-0.003093248698860407
BARHL1_RNA,-0.003096252214163542
MT1X_RNA,-0.003103171940892935
OSM_RNA,-0.003112978534772992
CDCA3_RNA,-0.00311609311029315
GABRG3_RNA,-0.003117132466286421
RUVBL2_RNA,-0.0031233972404152155
ROS1_RNA,-0.003124763024970889
SERPINB5_RNA,-0.003128573065623641
CD3G_RNA,-0.0031309642363339663
TEX10_RNA,-0.0031324203591793776
PNPLA1_RNA,-0.003138195024803281
OSCAR_RNA,-0.0031395340338349342
CLOCK_RNA,-0.0031417952850461006
GJB1_RNA,-0.0031491799745708704
TTC4_RNA,-0.0031674676574766636
PYCR2_RNA,-0.003172264900058508
SLFN14_RNA,-0.003179236315190792
BTNL9_RNA,-0.0031801946461200714
GABARAP_RNA,-0.003180259373039007
ADIG_RNA,-0.003180976491421461
PSAPL1_RNA,-0.003186670830473304
CDH7_RNA,-0.003188935574144125
PCDHGB6_RNA,-0.003190317191183567
SPARCL1_RNA,-0.00319174537435174
FLCN_RNA,-0.0031935556326061487
SHBG_RNA,-0.003196194302290678
MAPK11_RNA,-0.0031980255153030157
PLXDC1_RNA,-0.0032012234441936016
ANKRD2_RNA,-0.0032048325520008802
OSBP2_RNA,-0.0032109618186950684
RNF130_RNA,-0.003223094157874584
SOCS1_RNA,-0.0032328502275049686
COX8C_RNA,-0.0032344693318009377
ITPRIPL1_RNA,-0.003242881502956152
ZNF800_RNA,-0.003270175540819764
C2CD2L_RNA,-0.003276488045230508
PDS5A_RNA,-0.003277432406321168
MIR648_RNA,-0.0032790792174637318
DVL3_RNA,-0.003286308143287897
LGI3_RNA,-0.0032887104898691177
MBTPS1_RNA,-0.003289215499535203
TULP4_RNA,-0.0032920395024120808
DUSP15_RNA,-0.0032932611647993326
TOP3B_RNA,-0.003296708222478628
DBF4B_RNA,-0.003307998413220048
ZNF641_RNA,-0.0033138925209641457
HP_RNA,-0.0033192122355103493
RAG1_RNA,-0.0033256076276302338
HTR1F_RNA,-0.0033272451255470514
ZNF653_RNA,-0.003332010703161359
NUDT3_RNA,-0.0033346288837492466
NFE2L3_RNA,-0.0033354805782437325
MOG_RNA,-0.0033387262374162674
DCTN2_RNA,-0.003346505807712674
ARC_RNA,-0.0033483535517007113
CLCA2_RNA,-0.0033513735979795456
SNX11_RNA,-0.0033530485816299915
HMGN2_RNA,-0.003366090590134263
SAMD1_RNA,-0.003366413526237011
ZNF500_RNA,-0.0033673415891826153
NRK_RNA,-0.0033696279861032963
MAFB_RNA,-0.003369716927409172
SLC27A4_RNA,-0.003375456901267171
GPKOW_RNA,-0.0033781074453145266
PCDHA10_RNA,-0.0033839934039860964
IGFBP1_RNA,-0.0033889974001795053
MSH4_RNA,-0.003391673555597663
KDM2B_RNA,-0.0033971951343119144
OAF_RNA,-0.003402313683182001
ZNF230_RNA,-0.003405105322599411
ILF3_RNA,-0.0034061421174556017
EGR3_RNA,-0.003407362150028348
VASN_RNA,-0.003409959841519594
MIR541_RNA,-0.0034104317892342806
SCYL3_RNA,-0.0034124264493584633
PHF21B_RNA,-0.0034136443864554167
DRAM2_RNA,-0.0034139868803322315
MIRLET7G_RNA,-0.003414602018892765
AXIN2_RNA,-0.003441291395574808
SERPINE3_RNA,-0.00344449351541698
UGGT1_RNA,-0.0034503666684031487
TMTC4_RNA,-0.0034508302342146635
ATP9B_RNA,-0.003453996032476425
MPP1_RNA,-0.0034558172337710857
RINT1_RNA,-0.003464203095063567
RGS1_RNA,-0.003468498820438981
CEP78_RNA,-0.0034780302084982395
POLA2_RNA,-0.003479404142126441
BAG4_RNA,-0.0034819412976503372
OTOP2_RNA,-0.0034829576034098864
RAB27A_RNA,-0.003484033513814211
FNIP1_RNA,-0.0034891371615231037
TOX3_RNA,-0.0034892146941274405
SAMD14_RNA,-0.0034903937485069036
LIX1L_RNA,-0.003493323689326644
FASTKD3_RNA,-0.003504723310470581
MBOAT4_RNA,-0.003510455135256052
CCNJ_RNA,-0.0035234475508332253
TMEM128_RNA,-0.003527881344780326
SMCR5_RNA,-0.0035325950011610985
SLC22A6_RNA,-0.003538307501003146
RCAN3_RNA,-0.0035431210417300463
OLFM2_RNA,-0.00354330288246274
PNRC1_RNA,-0.003548362059518695
BCL11B_RNA,-0.003552926005795598
FOXB1_RNA,-0.0035605321172624826
ZNF136_RNA,-0.003565304446965456
SLC11A1_RNA,-0.003570498200133443
CHST2_RNA,-0.0035792228300124407
OPTN_RNA,-0.003579313401132822
TAF5L_RNA,-0.0035843958612531424
CCL5_RNA,-0.0036149153020232916
PHYHIPL_RNA,-0.003620436880737543
TWIST2_RNA,-0.0036213998682796955
ARAP1_RNA,-0.0036278902553021908
WDR41_RNA,-0.0036296367179602385
MEST_RNA,-0.0036312390584498644
TUBE1_RNA,-0.0036328483838588
GREM2_RNA,-0.0036361098755151033
NDUFAF4_RNA,-0.003639901289716363
WFIKKN1_RNA,-0.0036405157297849655
ARHGAP10_RNA,-0.003641080344095826
C20orf96_RNA,-0.0036458377726376057
HSF2_RNA,-0.003648939775303006
F5_RNA,-0.003649540711194277
SSH2_RNA,-0.003652427811175585
RAPGEF6_RNA,-0.00366010470315814
PKD2_RNA,-0.003660317976027727
TP53INP1_RNA,-0.0036701676435768604
CKMT2_RNA,-0.003696626052260399
RNF141_RNA,-0.0037001403979957104
RPA1_RNA,-0.0037028994411230087
ASPA_RNA,-0.0037061418406665325
ALKBH6_RNA,-0.0037063045892864466
AASDH_RNA,-0.003707289230078459
CLP1_RNA,-0.00371055630967021
FBXW2_RNA,-0.003717137733474374
AMPD2_RNA,-0.0037195913027971983
HOXA2_RNA,-0.0037234046030789614
LYG2_RNA,-0.003727598814293742
TAS2R3_RNA,-0.0037323101423680782
PF4V1_RNA,-0.003734313417226076
GFI1B_RNA,-0.003738640807569027
BTBD18_RNA,-0.003752336138859391
FRS3_RNA,-0.0037527151871472597
EXOSC4_RNA,-0.0037568295374512672
USP46_RNA,-0.0037582239601761103
HERPUD1_RNA,-0.0037591836880892515
CSRNP1_RNA,-0.003765647066757083
ZFPM1_RNA,-0.0037678999360650778
SNORD19_RNA,-0.0037750559858977795
JPH3_RNA,-0.0037850849330425262
KCNJ9_RNA,-0.003785131499171257
ZNF766_RNA,-0.0037930358666926622
CCDC125_RNA,-0.0038040378130972385
THRAP3_RNA,-0.0038053470198065042
SLC35E3_RNA,-0.003805367974564433
TPM3_RNA,-0.003809488844126463
KRT3_RNA,-0.0038120599929243326
PCDHAC1_RNA,-0.003821671474725008
DAG1_RNA,-0.0038233876693993807
E2F5_RNA,-0.0038246288895606995
GABRR2_RNA,-0.003826793748885393
HOXA5_RNA,-0.0038271097000688314
NAPG_RNA,-0.0038319507148116827
DLG4_RNA,-0.003841026220470667
GALR3_RNA,-0.003845793195068836
KIF1A_RNA,-0.003848475869745016
SNORA74B_RNA,-0.0038505729753524065
MASP2_RNA,-0.0038511063903570175
PARP3_RNA,-0.0038536738138645887
THG1L_RNA,-0.0038598424289375544
RIC8B_RNA,-0.0038624191656708717
DYM_RNA,-0.0038663018494844437
PSMD14_RNA,-0.0038664641324430704
DNAJC10_RNA,-0.003881121752783656
FCRL4_RNA,-0.0038850298151373863
AMPD1_RNA,-0.003887171158567071
FBXL15_RNA,-0.0038904978428035975
RAB6A_RNA,-0.00389277096837759
SLC30A1_RNA,-0.003900296753272414
PPP6C_RNA,-0.003902077442035079
KBTBD4_RNA,-0.003904186887666583
HSD17B3_RNA,-0.0039052858483046293
TACR3_RNA,-0.003909483551979065
TNMD_RNA,-0.00391290383413434
UPK3B_RNA,-0.003916552290320396
HES5_RNA,-0.003917580936104059
SMOC1_RNA,-0.003918858710676432
VAV3_RNA,-0.003919606097042561
ZNF207_RNA,-0.003919989336282015
KCNRG_RNA,-0.0039220331236720085
KLHL32_RNA,-0.003923021722584963
SELE_RNA,-0.00392349436879158
EDN2_RNA,-0.003930038306862116
USP19_RNA,-0.003930550068616867
PPP1CA_RNA,-0.003930965438485146
RBP2_RNA,-0.003936841618269682
EIF3I_RNA,-0.003938536159694195
HBD_RNA,-0.003938757348805666
JUNB_RNA,-0.003943195566534996
GBA3_RNA,-0.003943568095564842
MIA_RNA,-0.0039444067515432835
FLT4_RNA,-0.003945298492908478
INSM1_RNA,-0.003967456519603729
EIF4A3_RNA,-0.003968352451920509
ADRA1B_RNA,-0.0039777071215212345
MMP28_RNA,-0.003989592660218477
LRRC8B_RNA,-0.003990905359387398
GPRIN1_RNA,-0.003992436919361353
ABCA12_RNA,-0.003993410617113113
COMTD1_RNA,-0.004008724819868803
GTF2A1L_RNA,-0.004009027499705553
SNORD116-11_RNA,-0.0040174792520701885
IL17RE_RNA,-0.004018265288323164
PCDHGA6_RNA,-0.004018330480903387
SNORD56B_RNA,-0.004041390027850866
SLC25A37_RNA,-0.004044626373797655
KBTBD6_RNA,-0.004048920702189207
ZNF799_RNA,-0.004052587319165468
GALK1_RNA,-0.004056698177009821
ZFP36L1_RNA,-0.004058632533997297
NAA38_RNA,-0.004064434207975864
UFSP1_RNA,-0.00406787171959877
RPS6KB1_RNA,-0.004070821683853865
CDKN2B_RNA,-0.004083676263689995
LPAR3_RNA,-0.004093556199222803
GCKR_RNA,-0.00409654388204217
CYP7B1_RNA,-0.004107966553419828
MRPS12_RNA,-0.004111675079911947
SLC5A2_RNA,-0.004126833286136389
TBC1D10C_RNA,-0.004127002786844969
CHRNE_RNA,-0.004137443844228983
TRPT1_RNA,-0.004144996404647827
WIF1_RNA,-0.004145441111177206
ATP6V1C2_RNA,-0.004153439775109291
CDK18_RNA,-0.004158180207014084
VPS8_RNA,-0.004168831743299961
ARSF_RNA,-0.00416894955560565
DTX4_RNA,-0.004176108632236719
ACAD9_RNA,-0.004190479405224323
GBA2_RNA,-0.004190480802208185
HSPA1A_RNA,-0.0041921017691493034
HMGB4_RNA,-0.004197974689304829
IRS4_RNA,-0.004203467629849911
MAPK12_RNA,-0.004220638889819384
DNAJC8_RNA,-0.0042206887155771255
TMCO3_RNA,-0.00422420259565115
ZKSCAN2_RNA,-0.004227269906550646
IFNG_RNA,-0.004234685096889734
SNORA28_RNA,-0.0042354692704975605
MCOLN3_RNA,-0.0042408970184624195
FDPS_RNA,-0.004244208801537752
UGT1A6_RNA,-0.004245973192155361
POU4F1_RNA,-0.004246908705681562
STK19_RNA,-0.004254136234521866
ZNF714_RNA,-0.004261436406522989
SNORD96B_RNA,-0.004263886250555515
SEC14L3_RNA,-0.004265736788511276
CABP7_RNA,-0.0042700874619185925
BOLL_RNA,-0.0042729307897388935
MIR613_RNA,-0.004274226725101471
CHD1_RNA,-0.004276060964912176
RGS2_RNA,-0.004285466391593218
NEGR1_RNA,-0.0042923446744680405
MFSD6_RNA,-0.004306565970182419
IGFBP7_RNA,-0.00430675083771348
ELSPBP1_RNA,-0.00431851577013731
CTDP1_RNA,-0.00432257866486907
ARID3A_RNA,-0.0043246629647910595
XRCC1_RNA,-0.00432610884308815
TBL1X_RNA,-0.004328387323766947
SLC2A11_RNA,-0.004330538213253021
LOC284798_RNA,-0.004330683033913374
CRYZL1_RNA,-0.004331439733505249
NAGS_RNA,-0.00434007216244936
MBD6_RNA,-0.004341564141213894
TMOD1_RNA,-0.004344125743955374
SH2D3A_RNA,-0.004350169096142054
MCM3AP_RNA,-0.004373179282993078
LEPROTL1_RNA,-0.004377482458949089
ALG9_RNA,-0.00438127713277936
AQP1_RNA,-0.004382004030048847
GSC2_RNA,-0.0043904781341552734
PRICKLE4_RNA,-0.004390793386846781
RNF11_RNA,-0.004399648867547512
COQ7_RNA,-0.004401029087603092
ARMS2_RNA,-0.004403920844197273
YBX1_RNA,-0.004404915031045675
TMEM132E_RNA,-0.004405491054058075
ZNF473_RNA,-0.0044059185311198235
TAF15_RNA,-0.004407234489917755
ZNF135_RNA,-0.004414989147335291
CEACAM3_RNA,-0.004415759816765785
NUP155_RNA,-0.004419912584125996
CCR4_RNA,-0.004422479309141636
RHCG_RNA,-0.004439325071871281
MTMR9_RNA,-0.004439741373062134
FAM167A_RNA,-0.004440164193511009
SNIP1_RNA,-0.004444494377821684
FBXL4_RNA,-0.004453347064554691
TNNC2_RNA,-0.004457874223589897
TRIM62_RNA,-0.004464900121092796
MIRLET7F2_RNA,-0.0044720773585140705
OR4D1_RNA,-0.004474384244531393
C1QTNF9_RNA,-0.004475977271795273
ZNF32_RNA,-0.004481029696762562
SCAND3_RNA,-0.0044821384362876415
LY6H_RNA,-0.004489886108785868
DPYS_RNA,-0.004490329418331385
GSDMB_RNA,-0.004491108935326338
TRAF7_RNA,-0.004491907078772783
PRKX_RNA,-0.0044991630129516125
CAPN11_RNA,-0.004504725337028503
CD63_RNA,-0.004507454112172127
C10orf53_RNA,-0.0045111034996807575
TBCE_RNA,-0.004512462764978409
NEK10_RNA,-0.004512901417911053
CRB2_RNA,-0.004518754780292511
LOC100131496_RNA,-0.004522282164543867
SSB_RNA,-0.004524388816207647
DPP10_RNA,-0.0045287818647921085
ACSS1_RNA,-0.004546749405562878
ATP2B1_RNA,-0.004552831873297691
SYNPR_RNA,-0.004554426297545433
EREG_RNA,-0.004560692235827446
LMBR1L_RNA,-0.004564520437270403
GATA5_RNA,-0.004571156110614538
UTP23_RNA,-0.004571629222482443
PTPRD_RNA,-0.004583985544741154
TAPT1_RNA,-0.004586126189678907
HOXA9_RNA,-0.004605618305504322
RBM12_RNA,-0.004612686578184366
FAP_RNA,-0.004613450262695551
LYPLA2_RNA,-0.004617498721927404
ESYT2_RNA,-0.004626895766705275
KIFAP3_RNA,-0.004627883434295654
TRIM75_RNA,-0.004629167728126049
NXPH3_RNA,-0.0046348124742507935
SCARF2_RNA,-0.004638913553208113
ATP13A2_RNA,-0.004640230443328619
ABCG8_RNA,-0.00464154127985239
TRAK1_RNA,-0.004645205102860928
B3GALNT2_RNA,-0.00464659696444869
KBTBD7_RNA,-0.00464682886376977
P2RY10_RNA,-0.004656944889575243
ZNF256_RNA,-0.00466777803376317
COL27A1_RNA,-0.004686802159994841
BCS1L_RNA,-0.004696105141192675
PRSS23_RNA,-0.004702751990407705
RAD54L_RNA,-0.0047028567641973495
MYH10_RNA,-0.004709306638687849
SLC7A9_RNA,-0.004712967202067375
VTN_RNA,-0.004714959766715765
TMEM115_RNA,-0.004717501346021891
PHF1_RNA,-0.0047208694741129875
NRN1_RNA,-0.004741375334560871
MUC2_RNA,-0.004758073948323727
SURF4_RNA,-0.004760152660310268
ARSJ_RNA,-0.00476465979591012
C1orf87_RNA,-0.004764739889651537
COX6B2_RNA,-0.0047684526070952415
PTPN5_RNA,-0.004775580950081348
PLOD3_RNA,-0.004778662230819464
CHM_RNA,-0.004780590999871492
CSPP1_RNA,-0.004781920928508043
PDYN_RNA,-0.004783142823725939
SUSD1_RNA,-0.004783485550433397
MORN1_RNA,-0.004786109551787376
ZSCAN16_RNA,-0.0047869025729596615
FGD6_RNA,-0.00478789396584034
ENO2_RNA,-0.004790042527019978
TMEM169_RNA,-0.004796557128429413
ELFN2_RNA,-0.004797908011823893
MORC2_RNA,-0.0048017376102507114
DPYSL4_RNA,-0.00480279978364706
ABCC5_RNA,-0.004812855273485184
FRS2_RNA,-0.004815557971596718
HAAO_RNA,-0.004816849250346422
FKBPL_RNA,-0.004818915389478207
DPYSL2_RNA,-0.004822291433811188
ELMO1_RNA,-0.00482830498367548
EPHA7_RNA,-0.004829828627407551
PAPOLG_RNA,-0.00482987193390727
TMEM104_RNA,-0.0048326123505830765
BAIAP2L1_RNA,-0.004835811909288168
BCL2L14_RNA,-0.0048371292650699615
ARMCX3_RNA,-0.004839656408876181
RHOT2_RNA,-0.004842607770115137
FOXS1_RNA,-0.0048474823124706745
TRIM21_RNA,-0.004847642034292221
MIR1256_RNA,-0.004852308426052332
TMEM42_RNA,-0.004853589925915003
MYL7_RNA,-0.004855156876146793
CCL16_RNA,-0.004856873769313097
LGSN_RNA,-0.004859047010540962
PSMD9_RNA,-0.0048605212941765785
TMEM9_RNA,-0.004872450605034828
DHX30_RNA,-0.004875004757195711
CTAG2_RNA,-0.004882114008069038
SLC5A1_RNA,-0.004883602727204561
MECOM_RNA,-0.004884439520537853
STAMBP_RNA,-0.004887749440968037
HMOX2_RNA,-0.004893078934401274
LACTB2_RNA,-0.004895507358014584
ENOX1_RNA,-0.00490387761965394
GLRB_RNA,-0.004905552603304386
ABL2_RNA,-0.004910945892333984
SPACA4_RNA,-0.004914616234600544
TRAPPC10_RNA,-0.004916259553283453
THAP3_RNA,-0.004917314276099205
PURB_RNA,-0.004918164573609829
LTBP2_RNA,-0.004918920807540417
RBBP6_RNA,-0.0049199690110981464
CD300LG_RNA,-0.004925384186208248
METTL4_RNA,-0.00493230065330863
LDLRAD3_RNA,-0.004932496231049299
PLEKHG5_RNA,-0.0049368636682629585
KCTD11_RNA,-0.004939237143844366
MIR889_RNA,-0.0049439361318945885
GAD1_RNA,-0.004949278198182583
PKNOX1_RNA,-0.0049573928117752075
PLAGL1_RNA,-0.004962313920259476
RFX1_RNA,-0.004962433595210314
CD2_RNA,-0.004972873721271753
CUL5_RNA,-0.004977715201675892
C6orf120_RNA,-0.004981169477105141
PDE11A_RNA,-0.004988598637282848
KIF5B_RNA,-0.004992189817130566
AWAT1_RNA,-0.0049949451349675655
RFNG_RNA,-0.005005872808396816
SNORD46_RNA,-0.005006629507988691
CYFIP2_RNA,-0.005009368062019348
STAB2_RNA,-0.005010243970900774
NKD2_RNA,-0.005015725269913673
PLCH1_RNA,-0.005018358118832111
PRR5L_RNA,-0.005020054988563061
WNK3_RNA,-0.005023289006203413
TSR1_RNA,-0.005026426166296005
IRX5_RNA,-0.005028480663895607
SLC39A5_RNA,-0.0050289444625377655
CCDC70_RNA,-0.0050317831337451935
EHHADH_RNA,-0.00503582926467061
CD81_RNA,-0.005047308746725321
OTUD6B_RNA,-0.0050509278662502766
KRT5_RNA,-0.005051764659583569
PAIP2_RNA,-0.005059968680143356
GADL1_RNA,-0.005066826939582825
LGR5_RNA,-0.005070313345640898
CCNE2_RNA,-0.0050777532160282135
HEPH_RNA,-0.005083462223410606
CCDC28A_RNA,-0.005083621479570866
APOH_RNA,-0.005089477635920048
NDUFB11_RNA,-0.005093340761959553
SFTPC_RNA,-0.0051070936024188995
ZNF177_RNA,-0.005114233121275902
HIVEP2_RNA,-0.005115371197462082
SYNE1_RNA,-0.00511804549023509
FUT6_RNA,-0.005131447687745094
ATP7B_RNA,-0.0051416680216789246
MIR9-1_RNA,-0.005143030546605587
FILIP1_RNA,-0.0051666549406945705
CENPQ_RNA,-0.005166864953935146
TRIT1_RNA,-0.0051712766289711
PI15_RNA,-0.005172401666641235
GCSH_RNA,-0.005177043378353119
SLC45A1_RNA,-0.0051772138103842735
PRKCH_RNA,-0.00518042640760541
PAM_RNA,-0.005181710235774517
PCNA_RNA,-0.005189299117773771
PRDM1_RNA,-0.005196357145905495
UGT3A2_RNA,-0.005200323183089495
WDR62_RNA,-0.005202093161642551
COL15A1_RNA,-0.005203347187489271
CST9_RNA,-0.005205861758440733
C10orf62_RNA,-0.005213326774537563
LYPD3_RNA,-0.005216400139033794
OLFM1_RNA,-0.0052210246212780476
TMEM26_RNA,-0.005226044915616512
FKBP6_RNA,-0.005228397902101278
ARRDC3_RNA,-0.005233530420809984
ARHGEF11_RNA,-0.005235536489635706
PLP1_RNA,-0.005243672989308834
SP6_RNA,-0.00524540338665247
USP29_RNA,-0.005249247420579195
TMEM151A_RNA,-0.005254240240901709
UBE2W_RNA,-0.005259042605757713
MEMO1_RNA,-0.00526073994114995
DSTYK_RNA,-0.005267482716590166
DYNLT1_RNA,-0.0052728778682649136
PYGL_RNA,-0.005273398477584124
RAMP3_RNA,-0.005275293719023466
RNF121_RNA,-0.005278142634779215
EMILIN3_RNA,-0.005279175471514463
APOBEC3A_RNA,-0.005279993638396263
NSL1_RNA,-0.005286488216370344
MRPL24_RNA,-0.005287834908813238
ACVRL1_RNA,-0.0052935280837118626
SLC22A1_RNA,-0.0052940379828214645
ZNF662_RNA,-0.005299386568367481
BMP4_RNA,-0.005305969621986151
SMYD4_RNA,-0.005307821556925774
CTU2_RNA,-0.005308893509209156
PRPF8_RNA,-0.005315182730555534
SNORD115-23_RNA,-0.005315820686519146
CDX1_RNA,-0.005320900119841099
IDS_RNA,-0.005322610028088093
GPR155_RNA,-0.00532531226053834
GPR4_RNA,-0.005329349543899298
SHOC2_RNA,-0.005329553037881851
COX4I2_RNA,-0.005330459214746952
KLC3_RNA,-0.005331636872142553
SNORA54_RNA,-0.005331848748028278
ANP32E_RNA,-0.005334705114364624
UBE2D3_RNA,-0.005339405965059996
LILRB2_RNA,-0.005351740401238203
ZDHHC7_RNA,-0.005359848961234093
CC2D1B_RNA,-0.005362652242183685
PNP_RNA,-0.005364133510738611
DUSP26_RNA,-0.005364901851862669
PPME1_RNA,-0.005365501623600721
PPP1R3C_RNA,-0.005366156343370676
SRFBP1_RNA,-0.0053708734922111034
IAH1_RNA,-0.005372664891183376
CHSY3_RNA,-0.005375038832426071
LOH12CR2_RNA,-0.005378353875130415
SDF4_RNA,-0.00538154412060976
C19orf53_RNA,-0.00538157531991601
PUS7_RNA,-0.0053842393681406975
SCRT2_RNA,-0.005384901538491249
CACNA1G_RNA,-0.005390861537307501
POP5_RNA,-0.005392085295170546
YY2_RNA,-0.005392265506088734
PKP2_RNA,-0.0053946878761053085
LCP1_RNA,-0.005396430380642414
IGF2BP2_RNA,-0.005400051362812519
RAET1G_RNA,-0.005400588735938072
SART1_RNA,-0.0054006800055503845
CCL20_RNA,-0.005403136368840933
CLDN4_RNA,-0.005403654649853706
GPR176_RNA,-0.005410867743194103
COBLL1_RNA,-0.00541419954970479
IKZF5_RNA,-0.0054185898043215275
SLITRK2_RNA,-0.005423836875706911
IL7_RNA,-0.005424130707979202
PAQR5_RNA,-0.005428016651421785
ACSF2_RNA,-0.00543133495375514
MIR329-1_RNA,-0.005446858238428831
ST6GALNAC2_RNA,-0.0054482100531458855
MAP3K7_RNA,-0.005452711135149002
ARMC8_RNA,-0.005454799626022577
RND2_RNA,-0.005466306582093239
FOXA1_RNA,-0.005468159448355436
DDB2_RNA,-0.0054793287999928
C12orf43_RNA,-0.005490603856742382
TOP3A_RNA,-0.005493097938597202
MIR591_RNA,-0.00549341319128871
DDX52_RNA,-0.005494891200214624
RAB4B_RNA,-0.005497452337294817
PACSIN3_RNA,-0.005501407198607922
TREML4_RNA,-0.005502530839294195
FETUB_RNA,-0.005502982996404171
SLC25A32_RNA,-0.005503886844962835
MDC1_RNA,-0.005503916647285223
ART4_RNA,-0.005505612585693598
ATP6V1A_RNA,-0.0055080889724195
VWC2L_RNA,-0.005508191417902708
NKX2-4_RNA,-0.005509133450686932
TXNRD1_RNA,-0.0055101667530834675
C6orf52_RNA,-0.0055128769017755985
PRPF31_RNA,-0.00551791163161397
FCRL2_RNA,-0.005521067883819342
FGF18_RNA,-0.005532186944037676
GANAB_RNA,-0.005540136713534594
FAM168B_RNA,-0.005548468790948391
ADH1C_RNA,-0.005549931433051825
EIF6_RNA,-0.0055572232231497765
MIR30C1_RNA,-0.00556189613416791
ACSL5_RNA,-0.005570500623434782
NCAM2_RNA,-0.005572052672505379
PTPN3_RNA,-0.005573194473981857
FZD4_RNA,-0.005575160961598158
RPS20_RNA,-0.005590901244431734
CCDC7_RNA,-0.0055924393236637115
SLC34A3_RNA,-0.005597084295004606
CST7_RNA,-0.005598294083029032
PORCN_RNA,-0.005600104108452797
CYB5A_RNA,-0.005602008197456598
SAMHD1_RNA,-0.005602048709988594
ANP32D_RNA,-0.0056084394454956055
IL1RL1_RNA,-0.005610515363514423
CCBE1_RNA,-0.005611161235719919
LRP6_RNA,-0.005636892281472683
SH2D5_RNA,-0.005639506503939629
SIGLEC14_RNA,-0.005639777053147554
GPR141_RNA,-0.005645682103931904
CDK10_RNA,-0.005645747762173414
RASSF9_RNA,-0.005647599697113037
SH3RF2_RNA,-0.005648484453558922
SSX2IP_RNA,-0.005648855585604906
NAP1L5_RNA,-0.005649666301906109
STAP2_RNA,-0.005661772098392248
CACNA2D1_RNA,-0.005665372591465712
AGER_RNA,-0.0056775719858706
GDF15_RNA,-0.005678058601915836
PRG4_RNA,-0.005679359659552574
AKR1C2_RNA,-0.0056835259310901165
IL31RA_RNA,-0.0056840358301997185
LHX9_RNA,-0.005687223747372627
RNF113B_RNA,-0.005696452222764492
GCH1_RNA,-0.005698457360267639
MIR2276_RNA,-0.005701630376279354
ABHD2_RNA,-0.005707962904125452
SLC10A6_RNA,-0.005708060692995787
HCFC1_RNA,-0.00571030518040061
USP9X_RNA,-0.005710352677851915
MIR148B_RNA,-0.005712750367820263
ANAPC11_RNA,-0.005712805315852165
RNF112_RNA,-0.0057172393426299095
RBM4B_RNA,-0.005718821659684181
GPAA1_RNA,-0.005723264534026384
ASTL_RNA,-0.0057236854918301105
NKTR_RNA,-0.0057316068559885025
BRSK2_RNA,-0.00573283527046442
RGS9_RNA,-0.005733599420636892
NAGA_RNA,-0.005738236475735903
HIPK1_RNA,-0.005740749184042215
ANKRD6_RNA,-0.005748868454247713
UNC13A_RNA,-0.005761557258665562
CSDC2_RNA,-0.0057653202675282955
ZSCAN5B_RNA,-0.005767305381596088
SGCB_RNA,-0.0057709701359272
CRLF3_RNA,-0.005771031603217125
NUBP2_RNA,-0.0057753948494791985
ANKRD44_RNA,-0.005775774363428354
CDKN2AIP_RNA,-0.005781486164778471
CREBZF_RNA,-0.005785916466265917
GABRG1_RNA,-0.00578658189624548
KIF16B_RNA,-0.005793609190732241
TIMELESS_RNA,-0.005803466774523258
GTF3C4_RNA,-0.0058119227178394794
SLC7A6OS_RNA,-0.0058174822479486465
ZBTB38_RNA,-0.005822094157338142
PPP1R3D_RNA,-0.0058296723291277885
RANBP6_RNA,-0.005836547818034887
CREB3L4_RNA,-0.0058443062007427216
SVEP1_RNA,-0.005845253821462393
ZNF622_RNA,-0.005850181449204683
RRP1B_RNA,-0.005851594265550375
SIRT6_RNA,-0.005852349568158388
XIST_RNA,-0.005868356674909592
CADM3_RNA,-0.005872513633221388
DDX5_RNA,-0.005874028429389
SMAP1_RNA,-0.00588628463447094
FXYD5_RNA,-0.005895305424928665
LTB_RNA,-0.005898389499634504
CDKL2_RNA,-0.005902247503399849
SRPX_RNA,-0.005906648468226194
PDE6D_RNA,-0.005912384018301964
ZNF132_RNA,-0.0059194304049015045
ZNF543_RNA,-0.005935198161751032
TMCC1_RNA,-0.005943115334957838
ACBD7_RNA,-0.0059477961622178555
DNAJA3_RNA,-0.005951341241598129
ZCCHC18_RNA,-0.005957822315394878
MAGI1_RNA,-0.005958658177405596
SFXN4_RNA,-0.005959989968687296
RPL10L_RNA,-0.005963230971246958
LRRC1_RNA,-0.0059659103862941265
CHAC2_RNA,-0.005969395861029625
SNCB_RNA,-0.0059724124148488045
SSTR3_RNA,-0.005972426384687424
TESK2_RNA,-0.005974781699478626
TNC_RNA,-0.005990306381136179
PDE12_RNA,-0.005997098051011562
AGPAT5_RNA,-0.005999083165079355
SLC13A5_RNA,-0.0060143559239804745
CLEC4E_RNA,-0.0060171824879944324
AGBL5_RNA,-0.006026956718415022
TNNT3_RNA,-0.006030235905200243
AFM_RNA,-0.006030253600329161
NCKAP5L_RNA,-0.006033281330019236
TASP1_RNA,-0.006034675985574722
MIOS_RNA,-0.006035731639713049
MIR1185-2_RNA,-0.006040055304765701
KRT31_RNA,-0.0060419607907533646
ZNF250_RNA,-0.006047732196748257
BGLAP_RNA,-0.006048453040421009
CYTH1_RNA,-0.006048714742064476
PKNOX2_RNA,-0.006053144112229347
NPSR1_RNA,-0.006055563688278198
CDS1_RNA,-0.0060624550096690655
TSPYL4_RNA,-0.006062456872314215
NUDT22_RNA,-0.006084210239350796
TAF1C_RNA,-0.006089709233492613
SBF1_RNA,-0.0060931481420993805
ZNF548_RNA,-0.0060941120609641075
NOTCH4_RNA,-0.00609891302883625
DHRS7C_RNA,-0.0060997288674116135
MCPH1_RNA,-0.006105097942054272
AIM2_RNA,-0.006105867214500904
NPS_RNA,-0.006106492131948471
PSMD11_RNA,-0.0061073447577655315
SNORD114-15_RNA,-0.00611104117706418
ADH1A_RNA,-0.006111372262239456
SIGLEC15_RNA,-0.0061201369389891624
ZMYND8_RNA,-0.00612285640090704
MIR337_RNA,-0.006125361192971468
XPO5_RNA,-0.0061286198906600475
MAGEE2_RNA,-0.006129259243607521
SNRPD3_RNA,-0.006129564251750708
RGMB_RNA,-0.006137565243989229
IL17C_RNA,-0.006137697491794825
SPAG6_RNA,-0.006153165362775326
RNASEK_RNA,-0.006156109273433685
TNR_RNA,-0.006162476260215044
MIR379_RNA,-0.006163670215755701
MAPK13_RNA,-0.0061682951636612415
SLC5A4_RNA,-0.006168365478515625
CDC42SE2_RNA,-0.0061690062284469604
PAFAH1B2_RNA,-0.0061705345287919044
AFF3_RNA,-0.006176293827593327
MIR182_RNA,-0.006177162751555443
KRBA1_RNA,-0.006184729747474194
ETFDH_RNA,-0.0061896080151200294
KRT82_RNA,-0.006195472087711096
GALNT11_RNA,-0.006208810023963451
CAPN7_RNA,-0.0062102158553898335
NFATC3_RNA,-0.006211334373801947
TTC24_RNA,-0.006212635897099972
PPEF2_RNA,-0.006214332301169634
OR52B6_RNA,-0.00621862942352891
RPP14_RNA,-0.006218872964382172
AP2M1_RNA,-0.006221035961061716
OLAH_RNA,-0.006221600342541933
CLDN16_RNA,-0.006224292330443859
KDM3A_RNA,-0.006227048113942146
LONRF1_RNA,-0.006229456979781389
TTLL13_RNA,-0.00623212568461895
COX7A2_RNA,-0.006232853047549725
PPP1R14D_RNA,-0.00623483769595623
SNTG1_RNA,-0.006242274772375822
ZFYVE27_RNA,-0.006246144883334637
DCTN4_RNA,-0.006252644583582878
LRFN2_RNA,-0.006252938881516457
NEU3_RNA,-0.006254946812987328
KIT_RNA,-0.00625632656738162
POP7_RNA,-0.006256652995944023
LGI2_RNA,-0.006262251641601324
ZFP2_RNA,-0.006265777628868818
ZFP91_RNA,-0.006274084560573101
CABP2_RNA,-0.006277127657085657
IMPA1_RNA,-0.006277507171034813
PDE4C_RNA,-0.006277848966419697
HUWE1_RNA,-0.006278808228671551
TMUB2_RNA,-0.0062796734273433685
IL24_RNA,-0.006285524927079678
ABCF3_RNA,-0.006285581272095442
PSMG4_RNA,-0.006287749856710434
OSBPL10_RNA,-0.006293127313256264
FBRSL1_RNA,-0.0062956134788692
RPF1_RNA,-0.006300198379904032
ABAT_RNA,-0.006315607577562332
OR2H2_RNA,-0.006321676075458527
STK31_RNA,-0.0063299257308244705
RNF183_RNA,-0.006330767180770636
PTGER3_RNA,-0.0063336193561553955
FCRL6_RNA,-0.0063369255512952805
WDR1_RNA,-0.006338790059089661
ZBTB25_RNA,-0.006345055066049099
ZNF311_RNA,-0.006345606874674559
TOE1_RNA,-0.006350222043693066
PAIP2B_RNA,-0.006356657482683659
NPR1_RNA,-0.0063567450270056725
TSTD1_RNA,-0.006364814937114716
CCL11_RNA,-0.0063729616813361645
MED26_RNA,-0.006373394280672073
CARD6_RNA,-0.006376198027282953
APOL1_RNA,-0.006376964971423149
RBPMS_RNA,-0.006380934733897448
LRRC2_RNA,-0.006387538276612759
AP4B1_RNA,-0.006389706861227751
TNFSF9_RNA,-0.006390625610947609
FUBP1_RNA,-0.006391772534698248
TNFRSF10B_RNA,-0.006396639626473188
MTNR1A_RNA,-0.006399242207407951
CNGA3_RNA,-0.006399277597665787
SLAMF1_RNA,-0.006401953287422657
MYO19_RNA,-0.006407222710549831
COLQ_RNA,-0.006410319358110428
EPS8L3_RNA,-0.006412742659449577
NUP107_RNA,-0.006417505908757448
SCO1_RNA,-0.00642364053055644
RC3H2_RNA,-0.0064268033020198345
GNB1_RNA,-0.00642967177554965
KRTCAP2_RNA,-0.0064312247559428215
CACNA1A_RNA,-0.006437226198613644
STK35_RNA,-0.0064514875411987305
RGPD3_RNA,-0.006452939473092556
EGR2_RNA,-0.006454589311033487
ETFB_RNA,-0.006471327040344477
SFRP5_RNA,-0.006471478380262852
PITX1_RNA,-0.006474271882325411
CACNG8_RNA,-0.006475844420492649
POP4_RNA,-0.006478636059910059
SBNO2_RNA,-0.006487599574029446
ZNF528_RNA,-0.006492157466709614
TXLNA_RNA,-0.006498222704976797
ZRANB1_RNA,-0.006503683049231768
INTS8_RNA,-0.006505786441266537
TREM1_RNA,-0.006513307802379131
TMEFF2_RNA,-0.0065235476940870285
NUDT16L1_RNA,-0.006529211066663265
LIPT1_RNA,-0.006530651357024908
KRBA2_RNA,-0.006533948704600334
CLTCL1_RNA,-0.006534208077937365
HS3ST3B1_RNA,-0.006541437469422817
IGSF10_RNA,-0.006556673441082239
ATL2_RNA,-0.006560911890119314
SERTAD1_RNA,-0.006565490737557411
R3HDM2_RNA,-0.006572122685611248
HOXB9_RNA,-0.006573338061571121
DKK3_RNA,-0.006585447117686272
CES2_RNA,-0.006585485767573118
TMEM231_RNA,-0.006586432456970215
PMM1_RNA,-0.006596240680664778
GPBAR1_RNA,-0.00659682834520936
HTATSF1_RNA,-0.006601694971323013
TBC1D8_RNA,-0.006602643523365259
S100G_RNA,-0.006603328976780176
TMEM132B_RNA,-0.006619671359658241
DCHS2_RNA,-0.006633582524955273
EYA4_RNA,-0.006642606575042009
FGD5_RNA,-0.0066453926265239716
B4GALT4_RNA,-0.006658996921032667
UFSP2_RNA,-0.00666514178737998
EPAS1_RNA,-0.006665451917797327
CD164_RNA,-0.006670531816780567
IDI1_RNA,-0.006671297829598188
KIRREL3_RNA,-0.006675211247056723
AMOTL1_RNA,-0.006682829465717077
SNAP91_RNA,-0.006696964148432016
CASR_RNA,-0.006699560675770044
TCERG1_RNA,-0.006708859000355005
GHSR_RNA,-0.006712348200380802
KLHL38_RNA,-0.006716830190271139
ZNF570_RNA,-0.006719592493027449
HOXB6_RNA,-0.006737560965120792
PPL_RNA,-0.006744015030562878
GPR37L1_RNA,-0.006745722610503435
SLC3A2_RNA,-0.006757471710443497
SPATA18_RNA,-0.0067695556208491325
TNFSF4_RNA,-0.006771391723304987
ECD_RNA,-0.006775663234293461
DNASE1L1_RNA,-0.00677624111995101
MORN2_RNA,-0.006776425987482071
CHI3L1_RNA,-0.006777721457183361
SSBP3_RNA,-0.006778544280678034
FGFR4_RNA,-0.006782148033380508
ATP2B4_RNA,-0.006784413009881973
ARRDC4_RNA,-0.006785818841308355
ZNF208_RNA,-0.006787115707993507
DFFA_RNA,-0.006789091043174267
ZIK1_RNA,-0.006792765576392412
NUDT12_RNA,-0.006795468740165234
C2orf80_RNA,-0.006796692498028278
EI24_RNA,-0.006797977723181248
WDR6_RNA,-0.006803850177675486
TEKT1_RNA,-0.006805037148296833
SAMD10_RNA,-0.006809259299188852
RAD23B_RNA,-0.0068121617659926414
FAM163B_RNA,-0.006818524096161127
ZEB2_RNA,-0.006826717872172594
HES2_RNA,-0.006829238496720791
IQGAP1_RNA,-0.006834069732576609
CHRNB2_RNA,-0.006835430394858122
ISLR_RNA,-0.00683936569839716
C12orf60_RNA,-0.0068414597772061825
TXK_RNA,-0.006842115428298712
SPRED3_RNA,-0.00684436084702611
PTOV1_RNA,-0.006861258763819933
CHUK_RNA,-0.006862513720989227
CHRAC1_RNA,-0.006872246973216534
MSH5_RNA,-0.006873668637126684
CA13_RNA,-0.00687691755592823
SNORD115-30_RNA,-0.0068788910284638405
MIR941-1_RNA,-0.00689080823212862
MTAP_RNA,-0.006893437821418047
CHGB_RNA,-0.0068956464529037476
AUP1_RNA,-0.006903273053467274
FOSL1_RNA,-0.006903860252350569
SAMM50_RNA,-0.006905257236212492
EBPL_RNA,-0.006908699870109558
TMPRSS6_RNA,-0.006911328062415123
PCBD2_RNA,-0.006912511307746172
ZNF589_RNA,-0.006918370723724365
PRDM8_RNA,-0.006924247369170189
ZDHHC20_RNA,-0.006925892550498247
CHST5_RNA,-0.006932056974619627
CD1B_RNA,-0.006933087483048439
INHBA_RNA,-0.006937282159924507
CD276_RNA,-0.006940100342035294
MESTIT1_RNA,-0.006950716022402048
CACNB1_RNA,-0.006956359837204218
MGP_RNA,-0.006960297003388405
NUP88_RNA,-0.006960960570722818
FAM131A_RNA,-0.006979466415941715
PPM1D_RNA,-0.006985771935433149
CDCA7L_RNA,-0.006991011090576649
ILDR1_RNA,-0.006992588751018047
TMEM168_RNA,-0.006997765973210335
NSA2_RNA,-0.00700074527412653
CTSW_RNA,-0.007004302926361561
CADPS2_RNA,-0.007012784481048584
PRKAA2_RNA,-0.007019658572971821
EIF4G3_RNA,-0.007024320773780346
SPEF1_RNA,-0.007027579005807638
DKK1_RNA,-0.007031128276139498
CD79A_RNA,-0.0070326137356460094
MIR183_RNA,-0.0070328135043382645
PLXNA3_RNA,-0.007037247531116009
PLEKHA1_RNA,-0.0070452503859996796
RCC1_RNA,-0.0070464396849274635
CBX3_RNA,-0.0070472704246640205
PDZK1_RNA,-0.00704771326854825
LAMB3_RNA,-0.007050981279462576
ST3GAL2_RNA,-0.007051718886941671
BANP_RNA,-0.007055383641272783
MADCAM1_RNA,-0.007058252114802599
PMVK_RNA,-0.0070591582916677
C1orf174_RNA,-0.007060447707772255
DRAP1_RNA,-0.007060851436108351
RPE65_RNA,-0.007064249366521835
PGBD5_RNA,-0.007065480574965477
TIGD3_RNA,-0.007066475227475166
SNORD6_RNA,-0.007075581233948469
OBP2A_RNA,-0.0070836408995091915
CKLF_RNA,-0.00708543136715889
AGBL4_RNA,-0.0070869699120521545
VWC2_RNA,-0.007088464684784412
UBE2G1_RNA,-0.007100061047822237
DNA2_RNA,-0.0071004098281264305
STX7_RNA,-0.00710145290941
E4F1_RNA,-0.007104251999408007
ZBTB17_RNA,-0.007106239441782236
ACOT9_RNA,-0.007108009420335293
CD5_RNA,-0.007111306767910719
FAM114A2_RNA,-0.007111778482794762
MIR1913_RNA,-0.007117315661162138
C1orf185_RNA,-0.007119509857147932
PLXNC1_RNA,-0.007120638154447079
SERPINF1_RNA,-0.007123548537492752
TAF2_RNA,-0.00712392246350646
CHGA_RNA,-0.007131977006793022
IRX2_RNA,-0.007141067646443844
PLA1A_RNA,-0.007141962647438049
ARL2BP_RNA,-0.007149667479097843
MTF1_RNA,-0.007151915226131678
DNAJC4_RNA,-0.007152745965868235
AIMP2_RNA,-0.007156870327889919
ITGA8_RNA,-0.0071762921288609505
C4BPA_RNA,-0.0071766069158911705
IRX1_RNA,-0.007183634676039219
WDR46_RNA,-0.007190822623670101
LMO1_RNA,-0.007193040102720261
BARX2_RNA,-0.007207129616290331
SGCE_RNA,-0.0072077177464962006
LDHC_RNA,-0.007209274917840958
SNORA37_RNA,-0.0072096046060323715
NHLRC3_RNA,-0.0072153969667851925
CD3E_RNA,-0.007216962985694408
MBOAT7_RNA,-0.007219342049211264
ZNF544_RNA,-0.007230750285089016
AGBL1_RNA,-0.00723425904288888
VWA1_RNA,-0.007234531920403242
REXO2_RNA,-0.007238888181746006
ROR1_RNA,-0.00724421814084053
MIR495_RNA,-0.007244739215821028
OR6X1_RNA,-0.007253461051732302
EXOC1_RNA,-0.00725516676902771
SIGLEC16_RNA,-0.007258252240717411
CDH3_RNA,-0.007261924911290407
NSUN4_RNA,-0.0072659594006836414
ASB12_RNA,-0.007269520778208971
ATXN7L3_RNA,-0.007271341048181057
MRPS7_RNA,-0.007274956908077002
TRMT2B_RNA,-0.0072759282775223255
NFE2_RNA,-0.007277865428477526
ACTA2_RNA,-0.0072892834432423115
WDR72_RNA,-0.00728992186486721
SLCO2A1_RNA,-0.007291178219020367
PRSS16_RNA,-0.007292656693607569
RBM38_RNA,-0.007295728661119938
C17orf75_RNA,-0.007303571328520775
HPS4_RNA,-0.007304199505597353
CAMKK2_RNA,-0.007308219093829393
KCNK15_RNA,-0.007309745531529188
SIM1_RNA,-0.00731461588293314
PARP16_RNA,-0.007316675037145615
STAC_RNA,-0.007327382452785969
MIR874_RNA,-0.007328996900469065
ATP1A1_RNA,-0.007330020889639854
C11orf52_RNA,-0.007330280728638172
CYP20A1_RNA,-0.007332716602832079
GYG2_RNA,-0.007333941757678986
QPCTL_RNA,-0.007334752473980188
BRCA1_RNA,-0.007339984178543091
S100A8_RNA,-0.007340036332607269
FOS_RNA,-0.007342307362705469
TMEM179B_RNA,-0.00734726944938302
SH3BP2_RNA,-0.00735087925568223
ACTB_RNA,-0.007359909359365702
RNF5_RNA,-0.00736170494928956
VSIG1_RNA,-0.007363302633166313
SLIT2_RNA,-0.007366856560111046
HNRNPH2_RNA,-0.007366860285401344
TBRG1_RNA,-0.007370649836957455
ACP2_RNA,-0.0073715681210160255
OR11A1_RNA,-0.0073804729618132114
PSMD5_RNA,-0.0073810177855193615
NPLOC4_RNA,-0.007381104864180088
TTC21A_RNA,-0.0073816124349832535
C4BPB_RNA,-0.007389926351606846
CCDC152_RNA,-0.007390196900814772
PTPN7_RNA,-0.00739889033138752
IZUMO1_RNA,-0.007404266390949488
SS18_RNA,-0.007404619362205267
PAH_RNA,-0.00740754185244441
SH3GL2_RNA,-0.007410554215312004
BHMT2_RNA,-0.007411293685436249
SERPINA11_RNA,-0.0074142832309007645
ST6GAL1_RNA,-0.007414991967380047
ZNF711_RNA,-0.007420951966196299
SNORA7B_RNA,-0.007423091679811478
SLC2A3_RNA,-0.007423491217195988
SERPINE1_RNA,-0.007425702642649412
DNALI1_RNA,-0.007426190655678511
SLU7_RNA,-0.007432331331074238
TRIM68_RNA,-0.007433260791003704
LAMB1_RNA,-0.007433826569467783
MIR603_RNA,-0.007435374427586794
C8orf33_RNA,-0.007443989161401987
SRRD_RNA,-0.00744776614010334
PVALB_RNA,-0.007457996252924204
TIGD5_RNA,-0.007458447013050318
KRT12_RNA,-0.007458460051566362
CLK2_RNA,-0.007465909235179424
RFK_RNA,-0.007468841504305601
MTPN_RNA,-0.007471519522368908
MED1_RNA,-0.007480790838599205
MIRLET7C_RNA,-0.00748461065813899
MKKS_RNA,-0.007484909612685442
PPP1R1C_RNA,-0.007488342002034187
ASPN_RNA,-0.007490362040698528
GOT1_RNA,-0.0074925413355231285
EPHA1_RNA,-0.007493592333048582
TET3_RNA,-0.007501161657273769
HS6ST3_RNA,-0.00750375771895051
TSNAXIP1_RNA,-0.007509887684136629
ODF4_RNA,-0.00751003623008728
EGLN1_RNA,-0.007512558717280626
SSH3_RNA,-0.007512987591326237
PQBP1_RNA,-0.007513691205531359
SUPT3H_RNA,-0.007515051867812872
LRRC58_RNA,-0.0075171818025410175
ZNF557_RNA,-0.0075205471366643906
PSMA2_RNA,-0.007523539010435343
RPH3A_RNA,-0.007524796295911074
TMEM151B_RNA,-0.007526489440351725
ELAVL1_RNA,-0.007533186115324497
HOXB8_RNA,-0.007534671109169722
PTPRU_RNA,-0.007542815525084734
GRN_RNA,-0.007555984891951084
EID2_RNA,-0.007563101127743721
RNF145_RNA,-0.007565477397292852
PROCA1_RNA,-0.007569771725684404
RSBN1_RNA,-0.007573477458208799
CACNA1S_RNA,-0.007573933806270361
FBXO10_RNA,-0.007574031595140696
C5orf34_RNA,-0.007574677001684904
CDT1_RNA,-0.007578478194773197
TTC1_RNA,-0.007582742255181074
MFSD6L_RNA,-0.007598166819661856
LRRC3B_RNA,-0.0075991167686879635
ATF3_RNA,-0.007600360084325075
HELQ_RNA,-0.007603697944432497
GHITM_RNA,-0.007605425547808409
TP73_RNA,-0.00761122303083539
ENG_RNA,-0.007612284738570452
IQCF1_RNA,-0.0076204463839530945
NAA20_RNA,-0.007626872044056654
KLK3_RNA,-0.007627993356436491
CFTR_RNA,-0.0076291318982839584
PSORS1C2_RNA,-0.007638101000338793
KCNH5_RNA,-0.007641968317329884
CNTD1_RNA,-0.007651297841221094
SHB_RNA,-0.007656633388251066
SNRK_RNA,-0.0076572829857468605
SCARNA7_RNA,-0.007666872348636389
GLIS3_RNA,-0.007678398862481117
CCL26_RNA,-0.007679304573684931
AOC3_RNA,-0.007679324597120285
IL23A_RNA,-0.0076809595339000225
COL4A6_RNA,-0.0076850769110023975
FKBP4_RNA,-0.007687645498663187
WDR77_RNA,-0.007688786834478378
GATA3_RNA,-0.007690399419516325
PARN_RNA,-0.007702786475419998
U2AF2_RNA,-0.007704245857894421
DDX51_RNA,-0.007704942487180233
PCDHB3_RNA,-0.007705046329647303
PHLPP2_RNA,-0.007705676835030317
SLCO4C1_RNA,-0.0077066016383469105
TSKS_RNA,-0.007707894779741764
EOMES_RNA,-0.007709528785198927
LTF_RNA,-0.007721705827862024
L3MBTL4_RNA,-0.007726987823843956
BEX5_RNA,-0.007727572228759527
TXN2_RNA,-0.007729632314294577
BBS12_RNA,-0.007730768993496895
ANXA9_RNA,-0.0077367788180708885
NTHL1_RNA,-0.007737705949693918
HMGXB3_RNA,-0.007738607004284859
CDK17_RNA,-0.00774675328284502
PAFAH1B3_RNA,-0.007747762370854616
ZDHHC2_RNA,-0.007749526761472225
KRT84_RNA,-0.007750668562948704
PRSS21_RNA,-0.007760845590382814
FIBP_RNA,-0.007766163442283869
C2orf66_RNA,-0.007769033312797546
CABIN1_RNA,-0.007775852456688881
FUCA2_RNA,-0.0077818953432142735
MCCD1_RNA,-0.007782629691064358
WDR76_RNA,-0.0077843451872467995
STK16_RNA,-0.007786089554429054
GRIN3B_RNA,-0.007789276074618101
HLA-G_RNA,-0.007789756637066603
ZNF318_RNA,-0.007796432822942734
CD160_RNA,-0.007799943443387747
DSG4_RNA,-0.0078018843196332455
SNORA49_RNA,-0.007808918133378029
DDX27_RNA,-0.007809346076101065
SPATA12_RNA,-0.007813519798219204
OGFOD2_RNA,-0.00781626533716917
CCDC42_RNA,-0.0078171631321311
MMP24_RNA,-0.007818668149411678
C1orf94_RNA,-0.007820047438144684
SGPL1_RNA,-0.00782510731369257
OR51B2_RNA,-0.007830803282558918
PTPN23_RNA,-0.007831824012100697
ZNF486_RNA,-0.007833854295313358
ZNF267_RNA,-0.007838685996830463
LYPD5_RNA,-0.007841783575713634
SNRNP27_RNA,-0.007856826297938824
CD80_RNA,-0.007862024940550327
DISP2_RNA,-0.007864037528634071
IMPDH2_RNA,-0.007868020795285702
DKC1_RNA,-0.007875913754105568
UPK2_RNA,-0.007884339429438114
GDF10_RNA,-0.00788456853479147
KIF17_RNA,-0.007888926193118095
ERLIN1_RNA,-0.007890668697655201
INVS_RNA,-0.007894521579146385
HMGA1_RNA,-0.007901832461357117
SYNGR4_RNA,-0.00790270883589983
COG8_RNA,-0.007903169840574265
SH3PXD2A_RNA,-0.007910607382655144
USP49_RNA,-0.007917079143226147
PTMS_RNA,-0.007917354814708233
ETV3L_RNA,-0.007921186275780201
STMN4_RNA,-0.0079225804656744
KCNG1_RNA,-0.007926931604743004
CD96_RNA,-0.00792773813009262
VWF_RNA,-0.007930380292236805
BRWD1_RNA,-0.007939699105918407
FGFBP2_RNA,-0.007941112853586674
NPFFR1_RNA,-0.007943219505250454
ROBO1_RNA,-0.007944612763822079
CYP4F12_RNA,-0.007947931997478008
C9orf50_RNA,-0.007954933680593967
TNFRSF4_RNA,-0.007965630851686
ADAMTS7_RNA,-0.007967103272676468
CYP51A1_RNA,-0.007972759194672108
ZNF514_RNA,-0.007980359718203545
PRIMA1_RNA,-0.007983166724443436
ALG13_RNA,-0.007987674325704575
PROC_RNA,-0.007987681776285172
FAM186B_RNA,-0.00798826478421688
RS1_RNA,-0.007991205900907516
TDRD7_RNA,-0.008000154979526997
CTU1_RNA,-0.00800157617777586
HDDC2_RNA,-0.0080075953155756
TRDMT1_RNA,-0.00801099929958582
SYT14_RNA,-0.008017605170607567
KDR_RNA,-0.008021059446036816
ZBTB44_RNA,-0.008024913258850574
MAGEA1_RNA,-0.008034376427531242
ZNF775_RNA,-0.00804081093519926
NPC1L1_RNA,-0.00804304238408804
RHOD_RNA,-0.00804686825722456
SEMA3E_RNA,-0.00805473979562521
TMED7-TICAM2_RNA,-0.008061647415161133
TTLL7_RNA,-0.008062710054218769
PIK3CD_RNA,-0.008071035146713257
INPP5F_RNA,-0.008072501048445702
MRPS16_RNA,-0.008073853328824043
MRPL3_RNA,-0.008075997233390808
DCPS_RNA,-0.008086135610938072
ACADVL_RNA,-0.008100287057459354
SPATA9_RNA,-0.008101769722998142
PIAS2_RNA,-0.008103704079985619
CLDN7_RNA,-0.008104998618364334
DHCR7_RNA,-0.00810941867530346
KRTAP7-1_RNA,-0.008109793066978455
FANCI_RNA,-0.008112308569252491
PDCD6_RNA,-0.00811691116541624
MIR130B_RNA,-0.008126243017613888
IFT74_RNA,-0.008126801811158657
CXCR6_RNA,-0.00812795851379633
BHLHE40_RNA,-0.008141499012708664
EXOC6_RNA,-0.008145572617650032
MRPS10_RNA,-0.008152340538799763
CLEC1B_RNA,-0.00815699715167284
SPSB4_RNA,-0.008160438388586044
APCDD1_RNA,-0.008169282227754593
PCSK1N_RNA,-0.00816942285746336
GRIK2_RNA,-0.008169899694621563
ZBTB11_RNA,-0.008170218206942081
DHX38_RNA,-0.00817272812128067
BCL6B_RNA,-0.008173568174242973
MYOM1_RNA,-0.008174617774784565
CAPN5_RNA,-0.00817923154681921
PGF_RNA,-0.008179403841495514
CUL3_RNA,-0.008181930519640446
RGS4_RNA,-0.008192712441086769
TMEM171_RNA,-0.00819344725459814
HIGD1C_RNA,-0.00819371733814478
CDC42EP5_RNA,-0.008194667287170887
FER1L5_RNA,-0.008197885006666183
METRNL_RNA,-0.00819794274866581
GJA3_RNA,-0.008198938332498074
TMED5_RNA,-0.008199110627174377
MBNL1_RNA,-0.008199133910238743
PROP1_RNA,-0.008200855925679207
MIR204_RNA,-0.008204328827559948
SEPHS2_RNA,-0.008210748434066772
NOS3_RNA,-0.00821353867650032
MRPS18C_RNA,-0.008224423043429852
RNASE1_RNA,-0.008236533962190151
SERBP1_RNA,-0.008236815221607685
LAIR2_RNA,-0.008242247626185417
EYA1_RNA,-0.00824450608342886
PCOLCE_RNA,-0.00825925450772047
ARHGAP8_RNA,-0.008261035196483135
IL18RAP_RNA,-0.008268442936241627
GRM7_RNA,-0.00827183946967125
SAA2_RNA,-0.008275498636066914
RARA_RNA,-0.00827785488218069
RGS8_RNA,-0.00828893668949604
ADHFE1_RNA,-0.008296488784253597
PRRT4_RNA,-0.008301540277898312
DEFA4_RNA,-0.00830177590250969
ROBO3_RNA,-0.00830286554992199
TFAP2B_RNA,-0.00830559991300106
PLA2G7_RNA,-0.008313262835144997
CHN2_RNA,-0.008322303183376789
GRPEL1_RNA,-0.008323383517563343
LSS_RNA,-0.008331549353897572
RRAGC_RNA,-0.008338048122823238
SLC39A6_RNA,-0.008342042565345764
RHOA_RNA,-0.00835481472313404
NDN_RNA,-0.008358367718756199
PPM1M_RNA,-0.008363846689462662
APOBEC3B_RNA,-0.008369024842977524
GAS5_RNA,-0.00837055966258049
BPHL_RNA,-0.008387817069888115
EARS2_RNA,-0.008388208225369453
TRPV1_RNA,-0.008388972841203213
DHX37_RNA,-0.008402061648666859
JPH4_RNA,-0.008412353694438934
RNASE4_RNA,-0.008417868055403233
FAM110C_RNA,-0.008420027792453766
CHST8_RNA,-0.008424131199717522
MED21_RNA,-0.008424950763583183
RMST_RNA,-0.008429856039583683
TIGD7_RNA,-0.008436877280473709
DHX32_RNA,-0.008438806980848312
LUZP4_RNA,-0.008442031219601631
GPR139_RNA,-0.008453679271042347
ANAPC7_RNA,-0.008453810587525368
TBX10_RNA,-0.008459707722067833
UBQLN2_RNA,-0.008463267236948013
POSTN_RNA,-0.00846414640545845
VTRNA1-2_RNA,-0.008470717817544937
RNF115_RNA,-0.008471180684864521
UBE2A_RNA,-0.008475251495838165
HTR7_RNA,-0.008478131145238876
ATL3_RNA,-0.00849822536110878
RBMXL2_RNA,-0.008501618169248104
NFYB_RNA,-0.008511942811310291
CYP2J2_RNA,-0.008513792417943478
MET_RNA,-0.00851424504071474
LRP2BP_RNA,-0.008517595939338207
FOXJ3_RNA,-0.008526252582669258
KRAS_RNA,-0.00853725615888834
MMP7_RNA,-0.008538620546460152
GABRB1_RNA,-0.008546442724764347
RASGEF1C_RNA,-0.008560518734157085
ZNF787_RNA,-0.008566115982830524
TECTB_RNA,-0.008570202626287937
UBE3C_RNA,-0.008571344427764416
PYROXD1_RNA,-0.008574863895773888
C9_RNA,-0.008576247841119766
ZNF446_RNA,-0.008576986379921436
RBMX_RNA,-0.00857777800410986
C8G_RNA,-0.008583523333072662
KIF27_RNA,-0.008587752468883991
ERICH1_RNA,-0.008589821867644787
TLCD1_RNA,-0.008598001673817635
EIF2S2_RNA,-0.008615230210125446
G3BP2_RNA,-0.008615954779088497
LONRF3_RNA,-0.008616172708570957
HOXB7_RNA,-0.00862089078873396
KRCC1_RNA,-0.008630774915218353
ITPRIPL2_RNA,-0.008637850172817707
HNRNPR_RNA,-0.008641195483505726
ZNF445_RNA,-0.00864273402839899
CHIA_RNA,-0.008645651862025261
OGDHL_RNA,-0.008650243282318115
FOXF1_RNA,-0.008651640266180038
HLA-DQB2_RNA,-0.008659347891807556
RCN3_RNA,-0.008659854531288147
MIR155HG_RNA,-0.008670460432767868
NDUFB5_RNA,-0.008670558221638203
SNRPD2_RNA,-0.008684557862579823
STX11_RNA,-0.008693033829331398
HAPLN1_RNA,-0.00870379339903593
TMEM170A_RNA,-0.00870454404503107
SH3BP5L_RNA,-0.00870943907648325
VEZF1_RNA,-0.008712174370884895
TNFRSF11B_RNA,-0.008718165569007397
UCHL1_RNA,-0.008723690174520016
REEP2_RNA,-0.0087253013625741
MYH13_RNA,-0.00872743595391512
SNORD82_RNA,-0.00872781965881586
ATP10A_RNA,-0.008738593198359013
UBE2Q1_RNA,-0.008742019534111023
SPSB1_RNA,-0.008746564388275146
RPS6KL1_RNA,-0.008748442865908146
ST3GAL4_RNA,-0.00875312089920044
ZGLP1_RNA,-0.00875817984342575
PPIH_RNA,-0.00877170916646719
ZNF354B_RNA,-0.008772679604589939
MGLL_RNA,-0.008777378126978874
CTNNBIP1_RNA,-0.008777600713074207
ETV7_RNA,-0.008780345320701599
KCNK1_RNA,-0.008784095756709576
COQ3_RNA,-0.008784598670899868
TM2D1_RNA,-0.008786880411207676
CCL2_RNA,-0.008789162151515484
PSMG3_RNA,-0.008799528703093529
CLUL1_RNA,-0.008800314739346504
FDFT1_RNA,-0.008808009326457977
UPK3A_RNA,-0.008812650106847286
C16orf46_RNA,-0.008814646862447262
PABPC1L_RNA,-0.008823541924357414
IFITM3_RNA,-0.008825783617794514
TMEM18_RNA,-0.008829108439385891
USP24_RNA,-0.008832520805299282
HDAC10_RNA,-0.008836083114147186
ACACB_RNA,-0.008837603963911533
OLA1_RNA,-0.008837669156491756
NAV1_RNA,-0.008840755559504032
ATP4B_RNA,-0.008843469433486462
TNFRSF10D_RNA,-0.008856013417243958
RNF185_RNA,-0.008856523782014847
KCNN4_RNA,-0.008858859539031982
IL7R_RNA,-0.008864711038768291
MIR181C_RNA,-0.008870542049407959
TXNL1_RNA,-0.008875686675310135
EYA3_RNA,-0.008880751207470894
TOMM40_RNA,-0.008884034119546413
YTHDF3_RNA,-0.008885345421731472
PPIL4_RNA,-0.00888786930590868
MEFV_RNA,-0.008889241144061089
RAB11FIP2_RNA,-0.008890063501894474
ARPC1A_RNA,-0.00889354944229126
UBE2E2_RNA,-0.008897009305655956
XPNPEP2_RNA,-0.008917157538235188
KCNQ5_RNA,-0.008917250670492649
WDR31_RNA,-0.008917444385588169
EXOSC8_RNA,-0.008925996720790863
ZNHIT2_RNA,-0.008938088081777096
TBX1_RNA,-0.008939734660089016
PSD2_RNA,-0.00898037664592266
CBX2_RNA,-0.008983003906905651
EIF4B_RNA,-0.008993993513286114
ZNF7_RNA,-0.008994195610284805
TRPC4_RNA,-0.008994883857667446
SMPD1_RNA,-0.009000212885439396
FXYD6_RNA,-0.009002293460071087
PCDHB14_RNA,-0.009006808511912823
PHYHD1_RNA,-0.009008132852613926
ANKRD36B_RNA,-0.009011873975396156
RGS7_RNA,-0.009013577364385128
ZNF564_RNA,-0.009014477953314781
GABRB3_RNA,-0.009016080759465694
NIT1_RNA,-0.009028724394738674
ELMO3_RNA,-0.009032602421939373
DYNLRB1_RNA,-0.009052217938005924
LSM4_RNA,-0.00905477162450552
RPL8_RNA,-0.009054996073246002
LAMA1_RNA,-0.009055192582309246
WSCD1_RNA,-0.009055661037564278
AP3M1_RNA,-0.009061253629624844
GALNT13_RNA,-0.009065702557563782
CCKBR_RNA,-0.009080849587917328
WNT5A_RNA,-0.009081716649234295
ASCC1_RNA,-0.009086143225431442
IGSF9B_RNA,-0.009090609848499298
FMO1_RNA,-0.009097919799387455
GPHA2_RNA,-0.009102102369070053
HES4_RNA,-0.00910448282957077
AFAP1_RNA,-0.009105951525270939
COMMD9_RNA,-0.009111563675105572
KLC2_RNA,-0.009111999534070492
LCA5_RNA,-0.009117391891777515
TMOD4_RNA,-0.009118850342929363
ATF7_RNA,-0.009126497432589531
FRAS1_RNA,-0.009127550758421421
PEX13_RNA,-0.009128686971962452
ITGA3_RNA,-0.009131181985139847
NOL12_RNA,-0.009132478386163712
MNS1_RNA,-0.009134967811405659
SLC26A11_RNA,-0.009135342203080654
MTO1_RNA,-0.009138471446931362
HSP90AB1_RNA,-0.009139102883636951
DDX59_RNA,-0.009139538742601871
GREB1L_RNA,-0.009143603965640068
SLC4A3_RNA,-0.009145346470177174
SNAP25_RNA,-0.0091538205742836
ITGB4_RNA,-0.009155902080237865
TMEM70_RNA,-0.00916407909244299
MIR665_RNA,-0.009165984578430653
TSHZ2_RNA,-0.009168113581836224
OAS3_RNA,-0.009172984398901463
NCALD_RNA,-0.00917353481054306
BMI1_RNA,-0.009178810752928257
PCYOX1L_RNA,-0.009179330430924892
UBXN2A_RNA,-0.009184412658214569
TBC1D22A_RNA,-0.009185648523271084
SNF8_RNA,-0.00919038150459528
PCGF5_RNA,-0.009192886762320995
CTTNBP2_RNA,-0.009195677004754543
AFP_RNA,-0.009202005341649055
NODAL_RNA,-0.009209821932017803
S1PR2_RNA,-0.009214906021952629
BCL2A1_RNA,-0.009216620586812496
FA2H_RNA,-0.009217231534421444
PON1_RNA,-0.009217490442097187
NDUFS5_RNA,-0.009217854589223862
TXNDC15_RNA,-0.009219326078891754
PRDM5_RNA,-0.009223119355738163
AXIN1_RNA,-0.00922564510256052
FGL1_RNA,-0.009228846989572048
KLHL36_RNA,-0.009234420955181122
MCOLN2_RNA,-0.009236756712198257
FSTL3_RNA,-0.009241307154297829
ANGPTL5_RNA,-0.009244585409760475
JMJD7_RNA,-0.009253547526896
RBL1_RNA,-0.009254039265215397
EPHX3_RNA,-0.009255519136786461
PSRC1_RNA,-0.009267330169677734
TCTA_RNA,-0.009271790273487568
NES_RNA,-0.009276976808905602
KLK4_RNA,-0.009279485791921616
HECW2_RNA,-0.009294056333601475
RIMS4_RNA,-0.009303925558924675
PCDH20_RNA,-0.009307407774031162
FZD9_RNA,-0.00931113213300705
BAZ2A_RNA,-0.009311538189649582
TSPAN1_RNA,-0.009313607588410378
TIPIN_RNA,-0.009315366856753826
CLDN6_RNA,-0.0093349432572722435
TFAM_RNA,-0.00933590903878212
EPB41_RNA,-0.009337798692286015
DSE_RNA,-0.009344970807433128
EPHB2_RNA,-0.0093602882698178291
NEURL1B_RNA,-0.009364323690533638
MAP1B_RNA,-0.009371875785291195
CCDC71_RNA,-0.009372997097671032
CDC27_RNA,-0.009377294220030308
SYNJ1_RNA,-0.00938111450523138
SLC26A3_RNA,-0.009382939897477627
TMEM185A_RNA,-0.0093869399279356
PLXNA2_RNA,-0.009394435212016106
DSG1_RNA,-0.009400218725204468
ZNF385D_RNA,-0.009401832707226276
ADCYAP1_RNA,-0.009415801614522934
AVPR1B_RNA,-0.009423226118087769
RBMS3_RNA,-0.009428680874407291
MIR2113_RNA,-0.009437356144189835
UQCRB_RNA,-0.009448083117604256
TGM5_RNA,-0.009450259618461132
COG3_RNA,-0.009452404454350471
PRR3_RNA,-0.009453801438212395
MIR578_RNA,-0.009459836408495903
UBE2O_RNA,-0.009461291134357452
RD3_RNA,-0.009470557793974876
DCT_RNA,-0.009470926597714424
SH3GL3_RNA,-0.009478813968598843
HCFC1R1_RNA,-0.009483424946665764
PPP3R1_RNA,-0.009485570713877678
KRT81_RNA,-0.009495018981397152
TMPRSS4_RNA,-0.009497527964413166
DHX40_RNA,-0.009509938769042492
COL4A4_RNA,-0.00952125247567892
FAM131C_RNA,-0.009541836567223072
ITLN1_RNA,-0.009542402811348438
MIR503_RNA,-0.009544693864881992
LGALS4_RNA,-0.009547692723572254
HAUS1_RNA,-0.009549238719046116
WDR93_RNA,-0.009554636664688587
SERPINE2_RNA,-0.009555245749652386
FOXRED2_RNA,-0.009559351950883865
FCGBP_RNA,-0.009559825994074345
TIGD6_RNA,-0.00957887340337038
IFNAR1_RNA,-0.009579596109688282
ZNF597_RNA,-0.009580269455909729
ZNF438_RNA,-0.009597036056220531
DPH3_RNA,-0.009599976241588593
PTPRN2_RNA,-0.009605812840163708
MIPEP_RNA,-0.00960717536509037
KHK_RNA,-0.00961193349212408
OXR1_RNA,-0.009612374939024448
RANGAP1_RNA,-0.009613518603146076
CCDC51_RNA,-0.009623071178793907
HNRNPA2B1_RNA,-0.009625252336263657
MAGEF1_RNA,-0.009640208445489407
RTBDN_RNA,-0.009648366831243038
UBE2L3_RNA,-0.009648509323596954
TRAT1_RNA,-0.009650799445807934
ANAPC13_RNA,-0.00965113565325737
LYRM1_RNA,-0.009659857489168644
NUBP1_RNA,-0.00966627150774002
NEBL_RNA,-0.009669159539043903
SUDS3_RNA,-0.009670505300164223
PCBP2_RNA,-0.009680974297225475
CD28_RNA,-0.00969921424984932
SLC13A4_RNA,-0.009701100178062916
BYSL_RNA,-0.009708713740110397
RBM10_RNA,-0.009711017832159996
NMUR1_RNA,-0.009714774787425995
ADORA1_RNA,-0.009714855812489986
ZFP82_RNA,-0.009716850705444813
PTGES_RNA,-0.00972073059529066
CD1C_RNA,-0.00972982682287693
RAB4A_RNA,-0.009731009602546692
C9orf163_RNA,-0.009736910462379456
SBF2_RNA,-0.009736933745443821
AHI1_RNA,-0.009740686975419521
GLS_RNA,-0.009741714224219322
APLP2_RNA,-0.009741947054862976
ZBTB5_RNA,-0.009746463969349861
COL18A1_RNA,-0.009751582518219948
POU2F1_RNA,-0.009756176732480526
TMEM130_RNA,-0.009769907221198082
MMP3_RNA,-0.00977036077529192
LIN7B_RNA,-0.009774030186235905
RAD21L1_RNA,-0.009776990860700607
EPX_RNA,-0.00977892242372036
CILP2_RNA,-0.00978088192641735
SLC18A2_RNA,-0.009786262176930904
TCFL5_RNA,-0.009786570444703102
FHDC1_RNA,-0.009808128699660301
FGF9_RNA,-0.009811228141188622
MSC_RNA,-0.009814467281103134
PANK2_RNA,-0.009816017933189869
PNMA3_RNA,-0.00981876254081726
APEX2_RNA,-0.009820116683840752
RWDD2A_RNA,-0.009821523912250996
NEFM_RNA,-0.00982716679573059
ITGB7_RNA,-0.009827413596212864
TMEM11_RNA,-0.009834862314164639
ATF5_RNA,-0.009837722405791283
WWOX_RNA,-0.009840138256549835
KRTAP11-1_RNA,-0.009843448176980019
ZZEF1_RNA,-0.009844052605330944
CNTFR_RNA,-0.00984897743910551
FERMT1_RNA,-0.009851365350186825
HIRIP3_RNA,-0.009855158627033234
PPAT_RNA,-0.009864240884780884
RPS26_RNA,-0.009876259602606297
LIN7A_RNA,-0.009881129488348961
YWHAE_RNA,-0.009885418228805065
TMEM69_RNA,-0.009885539300739765
UBA3_RNA,-0.009885810315608978
IGSF1_RNA,-0.009887305088341236
CCDC92_RNA,-0.009889123030006886
RAD51_RNA,-0.009896399453282356
KRI1_RNA,-0.009896988049149513
C2CD4C_RNA,-0.009899863973259926
IL22RA2_RNA,-0.009901346638798714
OR7A5_RNA,-0.009901786223053932
COL4A2_RNA,-0.009902293793857098
MIR382_RNA,-0.009904223494231701
ROPN1B_RNA,-0.009908756241202354
PCLO_RNA,-0.009911804459989071
RNF122_RNA,-0.009912299923598766
AMZ2_RNA,-0.009915554895997047
TAS2R20_RNA,-0.009916047565639019
HIGD1B_RNA,-0.009917248040437698
PTPRT_RNA,-0.009930253028869629
CXCL6_RNA,-0.009945954196155071
DNTTIP1_RNA,-0.009951463900506496
PSTPIP1_RNA,-0.009954135864973068
TSEN15_RNA,-0.00995414424687624
LUC7L3_RNA,-0.00995483435690403
ZNF578_RNA,-0.009956657886505127
MYH4_RNA,-0.009969980455935001
ST6GAL2_RNA,-0.009973526932299137
ESR1_RNA,-0.009982360526919365
THAP5_RNA,-0.00998533796519041
LPIN3_RNA,-0.009988084435462952
MDP1_RNA,-0.00998963788151741
NAT10_RNA,-0.009991488419473171
SHC4_RNA,-0.009993774816393852
THRSP_RNA,-0.00999933946877718
GPR19_RNA,-0.010003503412008286
KLF3_RNA,-0.010012990795075893
TBX4_RNA,-0.010015578009188175
SLC44A5_RNA,-0.010018303990364075
PID1_RNA,-0.010019130073487759
MED10_RNA,-0.010020177811384201
MTIF3_RNA,-0.010026399977505207
FBN3_RNA,-0.010028292424976826
CSRP2_RNA,-0.010035251267254353
NOP14_RNA,-0.01003566849976778
LNX2_RNA,-0.010040788911283016
ELK1_RNA,-0.010041308589279652
SETD2_RNA,-0.010052376426756382
ETNK1_RNA,-0.010064993984997272
TSPAN32_RNA,-0.010067314840853214
ELOVL6_RNA,-0.010069441981613636
KLRD1_RNA,-0.010069762356579304
SETD6_RNA,-0.01007484458386898
PTGER4_RNA,-0.010077491402626038
SHROOM1_RNA,-0.01008300669491291
SLC35B2_RNA,-0.010084692388772964
CALY_RNA,-0.01008751429617405
UBE2J1_RNA,-0.010092675685882568
CBL_RNA,-0.01009803544729948
HNRNPD_RNA,-0.010109776630997658
MYH6_RNA,-0.010111556388437748
SSRP1_RNA,-0.010114043951034546
SIX2_RNA,-0.010118040256202221
CLDN11_RNA,-0.010120583698153496
MYBPC3_RNA,-0.010120905935764313
TWSG1_RNA,-0.010121259838342667
UBE2D2_RNA,-0.010126203298568726
TMEM200B_RNA,-0.01013087946921587
ZNF350_RNA,-0.010136596858501434
HFM1_RNA,-0.010137205012142658
SRP14_RNA,-0.010145517997443676
BCL3_RNA,-0.010146046057343483
COMMD1_RNA,-0.01015256717801094
CILP_RNA,-0.010155891068279743
WDR88_RNA,-0.010156190022826195
SEC11C_RNA,-0.010158948600292206
SLC27A3_RNA,-0.010163826867938042
TM4SF4_RNA,-0.010166889987885952
WDR47_RNA,-0.010172944515943527
C12orf71_RNA,-0.010174073278903961
NTF3_RNA,-0.010179358534514904
USP13_RNA,-0.010179396718740463
EPHB6_RNA,-0.010179770179092884
PRRG4_RNA,-0.01018028799444437
HNRNPL_RNA,-0.010184453800320625
ZNF292_RNA,-0.010188492946326733
C3orf49_RNA,-0.010189924389123917
ARL9_RNA,-0.010190985165536404
NR2F2_RNA,-0.010192500427365303
GCG_RNA,-0.010194309987127781
TMEM67_RNA,-0.010201153345406055
COX7A1_RNA,-0.010209143161773682
YIPF6_RNA,-0.010209915228188038
LRIT1_RNA,-0.010212209075689316
PITX3_RNA,-0.01021294854581356
TSPO2_RNA,-0.010215604677796364
DNMT1_RNA,-0.010217269882559776
TLR6_RNA,-0.010219278745353222
FNBP4_RNA,-0.010220789350569248
RIOK3_RNA,-0.010223439894616604
GPM6A_RNA,-0.010230409912765026
ADAT2_RNA,-0.01023135520517826
ABCC2_RNA,-0.010233494453132153
COL14A1_RNA,-0.010235358029603958
BLOC1S3_RNA,-0.010236530564725399
ZNF804A_RNA,-0.010243073105812073
MFSD11_RNA,-0.01024357508867979
FBXO3_RNA,-0.010248652659356594
CHRNA6_RNA,-0.010249871760606766
ANGPT1_RNA,-0.010252796113491058
NOP16_RNA,-0.010252903215587139
NCAPD3_RNA,-0.010253752581775188
PALM3_RNA,-0.010257991962134838
CD83_RNA,-0.010260749608278275
NDUFA13_RNA,-0.010261163115501404
SOST_RNA,-0.010261614806950092
PTGS2_RNA,-0.010269096121191978
TSN_RNA,-0.010271490551531315
SHISA9_RNA,-0.01027718186378479
TES_RNA,-0.010288947261869907
FKBP2_RNA,-0.010289560072124004
P2RX1_RNA,-0.010294659063220024
BTBD16_RNA,-0.010296064428985119
SIRT1_RNA,-0.010298237204551697
PEG3_RNA,-0.010305626317858696
RAB24_RNA,-0.010306750424206257
PDLIM4_RNA,-0.010307461023330688
MAPK8IP3_RNA,-0.010319833643734455
LCE1E_RNA,-0.01032191514968872
FGF13_RNA,-0.010341949760913849
CTSD_RNA,-0.010354822501540184
ACHE_RNA,-0.010367772541940212
GDF11_RNA,-0.01036932785063982
HGD_RNA,-0.010375797748565674
ATP8A2_RNA,-0.010376988910138607
PAX3_RNA,-0.010381210595369339
DSCC1_RNA,-0.010388219729065895
SP140L_RNA,-0.010399801656603813
GTF2F2_RNA,-0.010402025654911995
CSNK1E_RNA,-0.010406864807009697
SLC26A6_RNA,-0.010416978970170021
SLITRK1_RNA,-0.010417642071843147
VMA21_RNA,-0.010422476567327976
DGKI_RNA,-0.01042315736413002
ZNF684_RNA,-0.010424244217574596
MRPL39_RNA,-0.010439331643283367
TMEM82_RNA,-0.010442622005939484
CYP4V2_RNA,-0.010445824824273586
AGA_RNA,-0.010454557836055756
ZNF454_RNA,-0.010465741157531738
COL3A1_RNA,-0.010473976843059063
PCDHGA10_RNA,-0.010476421564817429
ZNF211_RNA,-0.010477651841938496
CLCC1_RNA,-0.010482433252036572
FKTN_RNA,-0.010507514700293541
LMCD1_RNA,-0.010517711751163006
HMGA2_RNA,-0.010520778596401215
MIR617_RNA,-0.010520843788981438
COMMD3_RNA,-0.010534295812249184
SMTNL2_RNA,-0.010537278838455677
DPT_RNA,-0.010539617389440536
POGK_RNA,-0.010540710762143135
VENTX_RNA,-0.010553117841482162
C12orf76_RNA,-0.010553994216024876
LRCH3_RNA,-0.010559787973761559
C1orf43_RNA,-0.010576500557363033
DPF1_RNA,-0.010578107088804245
SNORD53_RNA,-0.01059016678482294
CYP1A1_RNA,-0.010592113249003887
PANK1_RNA,-0.010593016631901264
SLPI_RNA,-0.010593244805932045
SCN2A_RNA,-0.010595778003334999
SREBF2_RNA,-0.01060058269649744
ENTPD3_RNA,-0.0106006795540452
TARS2_RNA,-0.010603070259094238
TLR1_RNA,-0.010606315918266773
GUCY2D_RNA,-0.010611110366880894
UHMK1_RNA,-0.010617176070809364
KRT4_RNA,-0.010641436092555523
CLDN3_RNA,-0.01064247265458107
MAP3K12_RNA,-0.010642625391483307
MIR624_RNA,-0.010655168443918228
MUC6_RNA,-0.010657008737325668
KCNG3_RNA,-0.010657353326678276
SCN4A_RNA,-0.010661954060196877
ABCC11_RNA,-0.01066354289650917
MIR380_RNA,-0.010667231865227222
CS_RNA,-0.010671542026102543
ZNF385B_RNA,-0.010681649670004845
LINGO3_RNA,-0.010685053654015064
PPM1J_RNA,-0.010685157030820847
RPL36A_RNA,-0.01068812981247902
NRP1_RNA,-0.010688401758670807
ST8SIA5_RNA,-0.010700374841690063
HOXB5_RNA,-0.010702586732804775
SUMO2_RNA,-0.010709401220083237
MRRF_RNA,-0.010711194016039371
CD164L2_RNA,-0.010712817311286926
PRB2_RNA,-0.010718007571995258
AWAT2_RNA,-0.010722546838223934
COL1A1_RNA,-0.010729552246630192
MIR27B_RNA,-0.010730648413300514
ENO3_RNA,-0.010732301510870457
ACVR1C_RNA,-0.010735279880464077
SLC7A4_RNA,-0.010735295712947845
BAP1_RNA,-0.01073808316141367
MORN4_RNA,-0.01074181031435728
AKR7L_RNA,-0.010744541883468628
FITM2_RNA,-0.010745358653366566
PPIB_RNA,-0.010748609900474548
GRK4_RNA,-0.010753301903605461
NIPSNAP1_RNA,-0.01075340062379837
CPT1B_RNA,-0.010753888636827469
EPHB1_RNA,-0.010756769217550755
PRMT6_RNA,-0.010761129669845104
STK40_RNA,-0.010763728059828281
ZNF83_RNA,-0.01076543889939785
PFKFB2_RNA,-0.010767028667032719
NAV3_RNA,-0.010770776309072971
SKP2_RNA,-0.010776044800877571
PDHA1_RNA,-0.010777479037642479
FBN1_RNA,-0.010780097916722298
SLC2A1_RNA,-0.010787460952997208
IGFBP6_RNA,-0.010791894048452377
MTHFS_RNA,-0.010797685943543911
KLF6_RNA,-0.010817497037351131
H19_RNA,-0.01082740817219019
FOXJ1_RNA,-0.010828433558344841
SGMS2_RNA,-0.010829419828951359
APLN_RNA,-0.010834907181560993
FBXO41_RNA,-0.010840884409844875
CSNK2B_RNA,-0.010850095190107822
MDM1_RNA,-0.010850120335817337
FOXI3_RNA,-0.010853857733309269
TGFBR1_RNA,-0.010853942483663559
YJEFN3_RNA,-0.010854821652173996
KISS1R_RNA,-0.010857372544705868
SUCLG1_RNA,-0.010858677327632904
TAS2R19_RNA,-0.010859029367566109
GNRH2_RNA,-0.010865172371268272
ELK3_RNA,-0.010868801735341549
PFKP_RNA,-0.010870874859392643
FBXO9_RNA,-0.010881133377552032
TUBB1_RNA,-0.010881866328418255
CCDC149_RNA,-0.010885827243328094
FUNDC2_RNA,-0.010891152545809746
SOCS7_RNA,-0.010892271064221859
RPL10A_RNA,-0.010892963036894798
PUF60_RNA,-0.010894232429564
GEN1_RNA,-0.010896644555032253
SNX24_RNA,-0.010896692983806133
RP9_RNA,-0.010896790772676468
C21orf58_RNA,-0.010904205031692982
ACSM1_RNA,-0.010906676761806011
OXNAD1_RNA,-0.010915196500718594
TAF1B_RNA,-0.010918013751506805
THNSL2_RNA,-0.010921658016741276
ZNF782_RNA,-0.010922536253929138
IFRD1_RNA,-0.010928334668278694
TFIP11_RNA,-0.010931485332548618
CDKN1B_RNA,-0.010939613915979862
SH3BGRL_RNA,-0.01094087678939104
SP5_RNA,-0.010951858945190907
TOM1_RNA,-0.010952319949865341
NUTF2_RNA,-0.010954302735626698
KLHL22_RNA,-0.01095881499350071
ZNF487_RNA,-0.01096037495881319
TMX2_RNA,-0.010970537550747395
TIMP4_RNA,-0.010972116142511368
LENEP_RNA,-0.01098129153251648
RSPH1_RNA,-0.010984093882143497
MTPAP_RNA,-0.010984551161527634
RAI2_RNA,-0.010984834283590317
KCNE3_RNA,-0.010991084389388561
FABP3_RNA,-0.01099773496389389
ATIC_RNA,-0.010999536141753197
SDC1_RNA,-0.011001821607351303
S100B_RNA,-0.011002112179994583
GALR2_RNA,-0.011006063781678677
ADAT1_RNA,-0.011007058434188366
GLT8D2_RNA,-0.011008115485310555
KLF1_RNA,-0.011012083850800991
MYOF_RNA,-0.011013349518179893
CLCNKA_RNA,-0.011014427989721298
TMEM132C_RNA,-0.011018003337085247
SIRT4_RNA,-0.011025209911167622
UBE2QL1_RNA,-0.011041569523513317
ZNF665_RNA,-0.011041621677577496
FOXK2_RNA,-0.011043820530176163
ARMCX1_RNA,-0.011047090403735638
NUDT17_RNA,-0.01104910671710968
RTL1_RNA,-0.011054357513785362
CYP4X1_RNA,-0.01107379887253046
ZNF257_RNA,-0.011074203066527843
SLC45A2_RNA,-0.011076542548835278
ARMC5_RNA,-0.011081963777542114
PAK1IP1_RNA,-0.011082470417022705
JAZF1_RNA,-0.011087442748248577
MIR563_RNA,-0.011088569648563862
PREB_RNA,-0.011099440976977348
ATXN10_RNA,-0.011100233532488346
ZNF304_RNA,-0.011101721785962582
TRA2A_RNA,-0.011108323000371456
CABP1_RNA,-0.011125657707452774
ZNF341_RNA,-0.011126161552965641
BCAR1_RNA,-0.011128283105790615
SEC31A_RNA,-0.011130024679005146
FZD7_RNA,-0.011132897809147835
CRABP2_RNA,-0.011136375367641449
PIAS4_RNA,-0.011139261536300182
DTX3_RNA,-0.011145655065774918
GSPT1_RNA,-0.011149722151458263
KRT74_RNA,-0.011152336373925209
HR_RNA,-0.01115505676716566
VPS26A_RNA,-0.011155661195516586
SLC25A27_RNA,-0.011162487789988518
UNC119_RNA,-0.01116266567260027
PAX8_RNA,-0.011162688955664635
VASP_RNA,-0.011162751354277134
NMNAT2_RNA,-0.011162840761244297
HRH3_RNA,-0.01116458885371685
GRAP2_RNA,-0.011166930198669434
TATDN3_RNA,-0.011168647557497025
CLEC12B_RNA,-0.0111707067117095
DTWD2_RNA,-0.011173068545758724
FOXE1_RNA,-0.011178946122527122
CLEC11A_RNA,-0.011182081885635853
TMEM167B_RNA,-0.011182731948792934
MSTN_RNA,-0.011185583658516407
MAP7D2_RNA,-0.01119029801338911
MSLNL_RNA,-0.011194569058716297
RNF6_RNA,-0.011197179555892944
DGCR6L_RNA,-0.01119899284094572
BTBD10_RNA,-0.011213358491659164
RPS6KA6_RNA,-0.011215328238904476
NEB_RNA,-0.01121603325009346
FREM1_RNA,-0.0112175103276968
WNK4_RNA,-0.011219718493521214
C3orf20_RNA,-0.011220215819776058
OR2B2_RNA,-0.011220898479223251
AIPL1_RNA,-0.011221627704799175
ZNF324_RNA,-0.011222212575376034
EXT2_RNA,-0.011225110851228237
SLFN12_RNA,-0.011236041784286499
PDE3A_RNA,-0.011241685599088669
SLC9A1_RNA,-0.011248938739299774
TYMS_RNA,-0.011251119896769524
PXDNL_RNA,-0.01125326007604599
GTF3A_RNA,-0.011266207322478294
DOK5_RNA,-0.011268234811723232
GPC6_RNA,-0.011269810609519482
BCLAF1_RNA,-0.011276948265731335
ZNF660_RNA,-0.01127762533724308
FGD1_RNA,-0.01128202211111784
HSPB8_RNA,-0.011282714083790779
TRPV5_RNA,-0.011289025656878948
ENHO_RNA,-0.011291807517409325
KCNQ4_RNA,-0.011310726404190063
WNT6_RNA,-0.011318580247461796
FBXO39_RNA,-0.01132611371576786
XPO6_RNA,-0.011329221539199352
PRTN3_RNA,-0.011335457675158978
MIR377_RNA,-0.0113549018278718
ZNF727_RNA,-0.011355400085449219
MITF_RNA,-0.011355814523994923
PLAA_RNA,-0.011365242302417755
HDAC7_RNA,-0.011374951340258121
ZNF264_RNA,-0.011377744376659393
ECHDC1_RNA,-0.011381233111023903
CAPN6_RNA,-0.011383905075490475
GABBR2_RNA,-0.01138460822403431
FYN_RNA,-0.011387323960661888
RSRC1_RNA,-0.011395283043384552
P2RX4_RNA,-0.011395829729735851
AMH_RNA,-0.01140045840293169
STEAP3_RNA,-0.011402137577533722
RDH16_RNA,-0.011412372812628746
ZCCHC17_RNA,-0.01141410507261753
ACO1_RNA,-0.011419076472520828
CHMP4C_RNA,-0.011423587799072266
TYMP_RNA,-0.011426042765378952
RYK_RNA,-0.011427768506109715
C1QBP_RNA,-0.011427782475948334
MXRA5_RNA,-0.011442969553172588
FAM20A_RNA,-0.011445690877735615
PCSK2_RNA,-0.011446703225374222
SEC24C_RNA,-0.011447576805949211
TNFSF18_RNA,-0.011449691839516163
PRC1_RNA,-0.011450196616351604
HSD17B12_RNA,-0.011451128870248795
PIK3C2B_RNA,-0.011457842774689198
RAP1GAP_RNA,-0.011468453332781792
ST6GALNAC6_RNA,-0.011473389342427254
PDP1_RNA,-0.01147389318794012
ZNF841_RNA,-0.011474802158772945
MIR320A_RNA,-0.011477271094918251
SNAPC1_RNA,-0.01147793885320425
TNRC6B_RNA,-0.011481309309601784
ARL13B_RNA,-0.01148208137601614
PEG10_RNA,-0.01148485578596592
CWF19L1_RNA,-0.011495714075863361
MTBP_RNA,-0.011498347856104374
WDR19_RNA,-0.01151773426681757
STC2_RNA,-0.01152180414646864
RNF41_RNA,-0.011535948142409325
PDCD6IP_RNA,-0.011546612717211246
FOSB_RNA,-0.011551463045179844
REL_RNA,-0.011558959260582924
NHEG1_RNA,-0.011559073813259602
NOX4_RNA,-0.011561170220375061
TRDN_RNA,-0.011561335995793343
LRRC43_RNA,-0.011561532504856586
GRIA2_RNA,-0.011564366519451141
CLCN5_RNA,-0.011572442017495632
TAF1A_RNA,-0.011573180556297302
SLC46A2_RNA,-0.011583197861909866
RCC2_RNA,-0.011583295650780201
XRCC2_RNA,-0.01158574316650629
ADCY5_RNA,-0.011586058884859085
DCLRE1B_RNA,-0.011587590910494328
PHLDB1_RNA,-0.011591651476919651
MMP16_RNA,-0.011592882685363293
ST14_RNA,-0.011594007723033428
BET1_RNA,-0.011599529534578323
MON1A_RNA,-0.011601397767663002
CHAT_RNA,-0.011602187529206276
TMEM92_RNA,-0.011606795713305473
PARP12_RNA,-0.011610682122409344
RNF17_RNA,-0.01161272544413805
GALNT7_RNA,-0.01162817981094122
ARL16_RNA,-0.011630387976765633
MAGOHB_RNA,-0.011633203364908695
SNORD105_RNA,-0.01163471769541502
RPS10_RNA,-0.01164574921131134
EHD4_RNA,-0.011651909910142422
RBM6_RNA,-0.01165576372295618
MIR101-1_RNA,-0.011659872718155384
CXCL1_RNA,-0.011660979129374027
WFDC1_RNA,-0.011661159805953503
CLIC3_RNA,-0.011661838740110397
RASAL2_RNA,-0.011689763516187668
LEP_RNA,-0.011698901653289795
MICAL2_RNA,-0.011700673960149288
NEK4_RNA,-0.011704133823513985
RNPS1_RNA,-0.011721461080014706
ZNF367_RNA,-0.011727339588105679
MRTO4_RNA,-0.011727575212717056
FBXO6_RNA,-0.011727849952876568
COL9A3_RNA,-0.011731220409274101
MIR222_RNA,-0.011732568964362144
YIPF3_RNA,-0.01173377688974142
SDC4_RNA,-0.011735488660633564
CD151_RNA,-0.01174648106098175
GLCE_RNA,-0.011751506477594376
NPPC_RNA,-0.011753386817872524
ZNF573_RNA,-0.011754905804991722
SLN_RNA,-0.011758791282773018
MANSC1_RNA,-0.01176082156598568
ZNF20_RNA,-0.011770975776016712
SATL1_RNA,-0.0117776645347476
ACOT8_RNA,-0.011778384447097778
COX6C_RNA,-0.011778872460126877
SNORD114-3_RNA,-0.011784359812736511
LHX3_RNA,-0.011790560558438301
ALG8_RNA,-0.011801974847912788
PDGFRB_RNA,-0.011808502487838268
TUBGCP6_RNA,-0.011813784949481487
TUSC3_RNA,-0.011818108148872852
KLK2_RNA,-0.01182279922068119
BANK1_RNA,-0.011853959411382675
SPATS2L_RNA,-0.01186295971274376
TJAP1_RNA,-0.011868584901094437
ARVCF_RNA,-0.01186908408999443
TNF_RNA,-0.011870106682181358
IGF2_RNA,-0.01189100556075573
BLM_RNA,-0.011899331584572792
SCARNA21_RNA,-0.011905835010111332
ALOX15B_RNA,-0.011907408013939857
SLAMF7_RNA,-0.01191908773034811
PCYT1A_RNA,-0.011922796256840229
NVL_RNA,-0.011923150159418583
TTC29_RNA,-0.011924562975764275
VPS54_RNA,-0.011928411200642586
GPR137B_RNA,-0.011934773996472359
NFASC_RNA,-0.011942065320909023
LSM5_RNA,-0.011943385936319828
MORC3_RNA,-0.01194361038506031
POU6F2_RNA,-0.011945080012083054
GOLGB1_RNA,-0.011946354061365128
GPM6B_RNA,-0.011946354992687702
PAG1_RNA,-0.011961500160396099
AFF2_RNA,-0.01197719108313322
CRISPLD2_RNA,-0.011983959004282951
PDGFRL_RNA,-0.01199334766715765
GPR146_RNA,-0.012000856921076775
CNBD1_RNA,-0.012000991962850094
LAG3_RNA,-0.012011404149234295
ZSCAN12_RNA,-0.012014935724437237
DGCR8_RNA,-0.012017922475934029
CD93_RNA,-0.01202220655977726
ZNF677_RNA,-0.012026858516037464
NT5M_RNA,-0.012043038383126259
UNC13D_RNA,-0.012048864737153053
IFITM2_RNA,-0.012049512937664986
RPL26_RNA,-0.01205776073038578
IFT20_RNA,-0.012061330489814281
MCM6_RNA,-0.012076697312295437
LRPAP1_RNA,-0.012096687220036983
AHR_RNA,-0.012113974429666996
CUBN_RNA,-0.01211768388748169
CD40LG_RNA,-0.012119966559112072
CNOT8_RNA,-0.012120830826461315
LPL_RNA,-0.012122875079512596
PRLR_RNA,-0.012131765484809875
NFIL3_RNA,-0.01213220413774252
SPATC1_RNA,-0.012133738957345486
CUL4B_RNA,-0.01213426049798727
TNFSF14_RNA,-0.012145082466304302
NLRP9_RNA,-0.012146489694714546
MIR505_RNA,-0.012148415669798851
SIRT3_RNA,-0.012170718051493168
IL5_RNA,-0.012184704653918743
CNTF_RNA,-0.012192022055387497
ZPBP_RNA,-0.012197015807032585
TSIX_RNA,-0.012215766124427319
POLR2D_RNA,-0.012219185009598732
RAB11FIP4_RNA,-0.012223334982991219
MYLK_RNA,-0.012237361632287502
FRRS1_RNA,-0.012246349826455116
RPLP2_RNA,-0.012247801758348942
KCTD14_RNA,-0.012257254682481289
PRSS12_RNA,-0.012260534800589085
NDUFS3_RNA,-0.012263085693120956
TIFA_RNA,-0.012263239361345768
CHIC2_RNA,-0.012268255464732647
LMF2_RNA,-0.012279166840016842
ZDHHC18_RNA,-0.012281138449907303
SERPINA5_RNA,-0.012286873534321785
PATL1_RNA,-0.012288203462958336
ZNF395_RNA,-0.012289869599044323
GEM_RNA,-0.012296546250581741
NAE1_RNA,-0.012305940501391888
FABP4_RNA,-0.012321525253355503
DUSP28_RNA,-0.012321735732257366
WSCD2_RNA,-0.012323289178311825
AMN1_RNA,-0.012327246367931366
DCUN1D4_RNA,-0.012332037091255188
TTPA_RNA,-0.01233699545264244
SPATA2L_RNA,-0.01234128512442112
MIR942_RNA,-0.012347156181931496
NF2_RNA,-0.012356252409517765
C16orf89_RNA,-0.012363286688923836
OTUD1_RNA,-0.0123661570250988
NCF2_RNA,-0.012372377328574657
B9D1_RNA,-0.012377294711768627
RIN3_RNA,-0.012381629087030888
ELOVL3_RNA,-0.012388542294502258
COIL_RNA,-0.01239478588104248
ADAMDEC1_RNA,-0.012395541183650494
PRELID1_RNA,-0.012395973317325115
ADARB2_RNA,-0.012398951686918736
GPC4_RNA,-0.012405077926814556
SNORD1B_RNA,-0.012406785972416401
SLC7A6_RNA,-0.012419119477272034
SLC25A3_RNA,-0.012426353991031647
GAL3ST4_RNA,-0.012433776631951332
ZG16B_RNA,-0.012441737577319145
MAOB_RNA,-0.012456176802515984
UTP20_RNA,-0.012456201016902924
GART_RNA,-0.012470935471355915
FAAH2_RNA,-0.012478712946176529
ZNF98_RNA,-0.012490198947489262
WNT8B_RNA,-0.012494266964495182
MIR548K_RNA,-0.012500644661486149
CHCHD4_RNA,-0.012504583224654198
RFT1_RNA,-0.012507528997957706
KCNJ15_RNA,-0.012514233589172363
PDE7A_RNA,-0.01251937635242939
TBCA_RNA,-0.012525496073067188
GUCY2F_RNA,-0.012526887468993664
SDHD_RNA,-0.012527817860245705
ZNF860_RNA,-0.012528629042208195
SLC25A5_RNA,-0.012531431391835213
PDF_RNA,-0.012532570399343967
ADPRHL1_RNA,-0.012542919255793095
RESP18_RNA,-0.012546130456030369
FREM2_RNA,-0.012548498809337616
PKD1L2_RNA,-0.01255212165415287
NUCKS1_RNA,-0.012552937492728233
CCDC47_RNA,-0.012554176151752472
MUC1_RNA,-0.012557781301438808
AMPD3_RNA,-0.012562657706439495
PDIA2_RNA,-0.012578305788338184
TIMM10_RNA,-0.012584374286234379
IFNGR2_RNA,-0.012585291638970375
EZH2_RNA,-0.012587879784405231
MIR629_RNA,-0.012597821652889252
ARMC2_RNA,-0.012598707340657711
TGDS_RNA,-0.012600795365869999
DSCAML1_RNA,-0.012605272233486176
SNRPD1_RNA,-0.012621751986443996
ERN2_RNA,-0.01262227725237608
C9orf43_RNA,-0.012632286176085472
ETV3_RNA,-0.012641636654734612
GABRA2_RNA,-0.012641842477023602
TGS1_RNA,-0.012660276144742966
MAPK8IP2_RNA,-0.012661861255764961
RIMBP2_RNA,-0.012663764879107475
EP300_RNA,-0.012675045989453793
ZNF664_RNA,-0.012676888145506382
CLEC14A_RNA,-0.012677328661084175
INSM2_RNA,-0.012678630650043488
RIMS3_RNA,-0.012682993896305561
HRH4_RNA,-0.012684646993875504
SH3GLB1_RNA,-0.012688985094428062
TRH_RNA,-0.012690173462033272
R3HCC1_RNA,-0.01269164215773344
DDC_RNA,-0.012696566060185432
GCNT2_RNA,-0.012705503031611443
CEP76_RNA,-0.012708676047623158
GP1BA_RNA,-0.012709672562777996
SSC5D_RNA,-0.012716581113636494
FGF14_RNA,-0.012723231688141823
DNER_RNA,-0.012728300876915455
ZNF552_RNA,-0.012732387520372868
POLR2K_RNA,-0.012740757316350937
CELSR1_RNA,-0.01274194847792387
CPXM2_RNA,-0.012747655622661114
BRD1_RNA,-0.01278693787753582
RPP38_RNA,-0.012796002440154552
ERCC6_RNA,-0.012798191979527473
PRKAR1A_RNA,-0.012799052521586418
ANKRD31_RNA,-0.012807171791791916
LY6K_RNA,-0.01280949916690588
PLEKHG1_RNA,-0.012822693213820457
TARDBP_RNA,-0.012823352590203285
SLC25A35_RNA,-0.012831315398216248
LRRC40_RNA,-0.012837735936045647
SPINT1_RNA,-0.012841773219406605
ATP6V1G3_RNA,-0.012850734405219555
CLC_RNA,-0.012851347215473652
KRT13_RNA,-0.01285536214709282
OSCP1_RNA,-0.012857704423367977
NDUFA8_RNA,-0.012859014794230461
C16orf86_RNA,-0.012862857431173325
ITGA6_RNA,-0.012863789685070515
TMEM182_RNA,-0.012871231883764267
LZIC_RNA,-0.012874499894678593
HRK_RNA,-0.012877318076789379
PCNT_RNA,-0.01288106944411993
ZNF101_RNA,-0.012884657829999924
HPCAL1_RNA,-0.012893358245491982
HOXB1_RNA,-0.012899145483970642
SEC63_RNA,-0.012899625115096569
OXT_RNA,-0.01290254294872284
GRHL2_RNA,-0.012914774008095264
ZNF621_RNA,-0.012916399165987968
IL10RB_RNA,-0.012918367981910706
TNIK_RNA,-0.012924465350806713
FANCG_RNA,-0.012924998998641968
GPRC5A_RNA,-0.012930632568895817
POLR1C_RNA,-0.01293189451098442
EID2B_RNA,-0.01293733436614275
DAPK2_RNA,-0.012939772568643093
SRRT_RNA,-0.012943405658006668
SLC34A2_RNA,-0.01294353324919939
LMX1A_RNA,-0.012943979352712631
LCLAT1_RNA,-0.012944717891514301
EIF4E_RNA,-0.01295099500566721
SELP_RNA,-0.012951371259987354
GP6_RNA,-0.01295782532542944
CALCA_RNA,-0.012960878200829029
SETDB2_RNA,-0.012961404398083687
DNAJB1_RNA,-0.012964165769517422
SEC62_RNA,-0.012964216992259026
FLJ12825_RNA,-0.012968498282134533
TBX15_RNA,-0.012970800511538982
ANO3_RNA,-0.012971345335245132
PDZD11_RNA,-0.012971707619726658
FZD8_RNA,-0.012972187250852585
SLC30A5_RNA,-0.012977447360754013
CAPZB_RNA,-0.012988830916583538
GPR151_RNA,-0.01299373060464859
PDIA3_RNA,-0.01300055906176567
RNASEH2A_RNA,-0.013009520247578621
WNT1_RNA,-0.01301533356308937
SNORA38_RNA,-0.013015978038311005
MAGEE1_RNA,-0.013024712912738323
ZNF541_RNA,-0.01303837075829506
SERPINA12_RNA,-0.013042300008237362
REEP3_RNA,-0.013045316562056541
TDRD9_RNA,-0.013047576881945133
WDR90_RNA,-0.013058450073003769
EFCAB5_RNA,-0.013070087879896164
FLT1_RNA,-0.013071367517113686
EXOC3L2_RNA,-0.01307471003383398
DCBLD1_RNA,-0.013086461462080479
GABRE_RNA,-0.013095180504024029
C8orf48_RNA,-0.013095812872052193
SLC35A1_RNA,-0.013097944669425488
BRSK1_RNA,-0.013102643191814423
LOXL2_RNA,-0.013109869323670864
LRRC45_RNA,-0.013122184202075005
ZBTB9_RNA,-0.013123240321874619
VGF_RNA,-0.013126637786626816
EFCAB10_RNA,-0.01312845479696989
TBC1D23_RNA,-0.013133361004292965
PCDHA7_RNA,-0.013141613453626633
TRPC1_RNA,-0.01314469799399376
OR13J1_RNA,-0.013155166059732437
RIPK4_RNA,-0.013158859685063362
GJA4_RNA,-0.013163265772163868
KLHL9_RNA,-0.013169404119253159
RPL24_RNA,-0.013171985745429993
ICMT_RNA,-0.013174221850931644
SLC22A2_RNA,-0.01317900512367487
FOXM1_RNA,-0.01317985262721777
ETV2_RNA,-0.013195371255278587
ANO2_RNA,-0.013203696347773075
TCEA3_RNA,-0.013209625147283077
MPZL3_RNA,-0.0132121741771698
GIT2_RNA,-0.013212752528488636
KIAA0319_RNA,-0.013213866390287876
MYT1L_RNA,-0.013215339742600918
SRRM3_RNA,-0.013215607963502407
AGR3_RNA,-0.01322142593562603
PTGER1_RNA,-0.013223798014223576
TMEM192_RNA,-0.013224693015217781
SAA1_RNA,-0.013225924223661423
TRPM5_RNA,-0.013232998549938202
RUFY2_RNA,-0.0132387550547719
ST18_RNA,-0.013240322470664978
SFRP1_RNA,-0.013244177214801311
MPP2_RNA,-0.013244972564280033
PRDM6_RNA,-0.013247898779809475
ZFP36_RNA,-0.013258800841867924
EPHA10_RNA,-0.013272138312458992
MED31_RNA,-0.013273023068904877
HOXB13_RNA,-0.013275635428726673
MICALL1_RNA,-0.013277960941195488
SPDYA_RNA,-0.013282048515975475
KRT85_RNA,-0.013286684639751911
SCGB1D2_RNA,-0.013288847170770168
THOC6_RNA,-0.013291999697685242
ELAVL4_RNA,-0.013294834643602371
TBC1D9B_RNA,-0.013295394368469715
MRPL37_RNA,-0.013296608813107014
ST8SIA3_RNA,-0.013300441205501556
RECQL_RNA,-0.013302775099873543
SLC44A3_RNA,-0.013316910713911057
NPR2_RNA,-0.013329672627151012
WWTR1_RNA,-0.013330317102372646
ANKRD11_RNA,-0.013330336660146713
COL6A3_RNA,-0.013334112241864204
TMEM176B_RNA,-0.013334318995475769
LXN_RNA,-0.013337383046746254
HAT1_RNA,-0.013338486663997173
ANO9_RNA,-0.013347278349101543
ULK4_RNA,-0.013348097912967205
DRG2_RNA,-0.01335063949227333
PCDHA2_RNA,-0.01335872057825327
SFPQ_RNA,-0.013361132703721523
KDELR3_RNA,-0.013374088332057
RNU11_RNA,-0.013375656679272652
IRGC_RNA,-0.013376215472817421
BLVRA_RNA,-0.013378404080867767
MUSTN1_RNA,-0.013381159864366055
BFAR_RNA,-0.013381797820329666
ZNF182_RNA,-0.013385742902755737
REN_RNA,-0.013387947343289852
CDK12_RNA,-0.013388405553996563
GRM4_RNA,-0.013388857245445251
CXCL13_RNA,-0.013394764624536037
WNT7B_RNA,-0.013395502232015133
HAR1B_RNA,-0.013396454975008965
LILRA5_RNA,-0.01340704970061779
MIR412_RNA,-0.013440992683172226
GCNT1_RNA,-0.013448705896735191
RASSF6_RNA,-0.013451706618070602
CEP350_RNA,-0.013452626764774323
RSL1D1_RNA,-0.013462311588227749
SLC25A33_RNA,-0.013466497883200645
PCDHA9_RNA,-0.013470400124788284
ZNF268_RNA,-0.013471169397234917
OTP_RNA,-0.013472606427967548
VIPR2_RNA,-0.01348297018557787
RPL27A_RNA,-0.013483741320669651
TLX1_RNA,-0.013492998667061329
PCDHB8_RNA,-0.013494029641151428
RFPL3_RNA,-0.013495148159563541
CFB_RNA,-0.013497250154614449
PYDC1_RNA,-0.013514548540115356
TPCN2_RNA,-0.01351745706051588
FAM184B_RNA,-0.01351851038634777
MR1_RNA,-0.0135186817497015
ELAC2_RNA,-0.013519642874598503
VPS28_RNA,-0.013520079664885998
NTRK1_RNA,-0.013522195629775524
CD9_RNA,-0.013526410795748234
FFAR3_RNA,-0.013527043163776398
C4orf46_RNA,-0.01352747529745102
NOX1_RNA,-0.013529195450246334
MBOAT1_RNA,-0.013536198996007442
TGFA_RNA,-0.013538333587348461
GPR15_RNA,-0.013547500595450401
ORM2_RNA,-0.013549966737627983
FOXD1_RNA,-0.013563971035182476
CR1L_RNA,-0.013568907044827938
TMEM9B_RNA,-0.013575014658272266
ACTR8_RNA,-0.013576543889939785
ASAH2_RNA,-0.013576891273260117
IL6_RNA,-0.013583840802311897
CLVS1_RNA,-0.013586138375103474
YIPF2_RNA,-0.01358904130756855
CAMKV_RNA,-0.013592694886028767
OR1A1_RNA,-0.013604081235826015
PKDREJ_RNA,-0.013608265668153763
NDUFB10_RNA,-0.013608602806925774
VPS35_RNA,-0.01361415721476078
MYO9B_RNA,-0.01362346950918436
CEND1_RNA,-0.013628272339701653
OR2M4_RNA,-0.013641956262290478
KRT18_RNA,-0.013652118854224682
ADRB3_RNA,-0.013654336333274841
RET_RNA,-0.013664402067661285
FBXL13_RNA,-0.01366483699530363
SPATA19_RNA,-0.013671623542904854
SIM2_RNA,-0.013677478767931461
KRT2_RNA,-0.013681304641067982
PSAP_RNA,-0.013682623393833637
GABRR1_RNA,-0.013684306293725967
ZSCAN1_RNA,-0.013692926615476608
RBM44_RNA,-0.013701416552066803
SLC16A5_RNA,-0.013704841025173664
HOOK3_RNA,-0.013707541860640049
CLTA_RNA,-0.013708391226828098
CD300LB_RNA,-0.01371092814952135
GSDMA_RNA,-0.013711622916162014
TREH_RNA,-0.0137206194922328
UGT8_RNA,-0.01372485514730215
KCMF1_RNA,-0.013726302422583103
B3GNT2_RNA,-0.013728863559663296
SDCBP2_RNA,-0.013735160231590271
EIF4E2_RNA,-0.01373547688126564
WTAP_RNA,-0.013738158158957958
TMEM117_RNA,-0.013745556585490704
EIF2B5_RNA,-0.013758903369307518
BUD31_RNA,-0.01376358699053526
NEFH_RNA,-0.013778693974018097
FOXL1_RNA,-0.01377885602414608
ACSM3_RNA,-0.01377912051975727
ZNF287_RNA,-0.013780471868813038
HPCA_RNA,-0.01378711313009262
ZW10_RNA,-0.01379621122032404
TMEM140_RNA,-0.01380348950624466
DHRS12_RNA,-0.013806890696287155
NXT1_RNA,-0.013807188719511032
ZNF506_RNA,-0.01381126418709755
COPA_RNA,-0.013822419568896294
THAP6_RNA,-0.013827312737703323
SCAI_RNA,-0.013841553591191769
GCK_RNA,-0.013848649337887764
RANBP10_RNA,-0.013853196054697037
ULK1_RNA,-0.013861901126801968
SEMA5B_RNA,-0.01386417169123888
GTF3C6_RNA,-0.013866983354091644
PCDHB12_RNA,-0.013868961483240128
MIR17HG_RNA,-0.013869790360331535
ZBTB33_RNA,-0.01387265045195818
LONRF2_RNA,-0.013872933574020863
MAPKAPK5_RNA,-0.013876515440642834
LRRC52_RNA,-0.013877738267183304
SYT9_RNA,-0.013894493691623211
GLT1D1_RNA,-0.013895130716264248
CAPS2_RNA,-0.013896306045353413
TUBB2B_RNA,-0.013899771496653557
CAV2_RNA,-0.013900143094360828
ARPC2_RNA,-0.013906337320804596
PPFIA3_RNA,-0.013908058404922485
KRT77_RNA,-0.013912261463701725
SYN1_RNA,-0.013925934210419655
RDH8_RNA,-0.013951124623417854
CRIPT_RNA,-0.01395262498408556
COLEC10_RNA,-0.013954265974462032
ZNF280B_RNA,-0.013957185670733452
TMEM176A_RNA,-0.013959752395749092
SLCO5A1_RNA,-0.013961917720735073
B3GALT5_RNA,-0.013969266787171364
SF3A2_RNA,-0.013972552493214607
ADRM1_RNA,-0.013976877555251122
ZNF90_RNA,-0.013978501781821251
USP36_RNA,-0.013979773037135601
GNAO1_RNA,-0.013990756124258041
MRPL41_RNA,-0.013997899368405342
KCNK12_RNA,-0.013998415321111679
TBX6_RNA,-0.014001824893057346
USP25_RNA,-0.014002164825797081
GIN1_RNA,-0.014002717100083828
NEFL_RNA,-0.014005023054778576
BARHL2_RNA,-0.014007137157022953
CLEC4F_RNA,-0.014025355689227581
HK2_RNA,-0.014026508666574955
SLC37A4_RNA,-0.014031576924026012
NUP93_RNA,-0.014035318046808243
UEVLD_RNA,-0.014043108560144901
FAM50A_RNA,-0.014055459760129452
MIR581_RNA,-0.014061416499316692
S100A10_RNA,-0.014062376692891121
UCHL3_RNA,-0.014078880660235882
ADRA1A_RNA,-0.014084355905652046
COX10_RNA,-0.01409093476831913
NUPR1_RNA,-0.014094553887844086
MSH6_RNA,-0.014114418998360634
NCOA5_RNA,-0.014125121757388115
COCH_RNA,-0.01412813551723957
EIF5A_RNA,-0.014132150448858738
SRRM4_RNA,-0.014138832688331604
CLN8_RNA,-0.01414056122303009
GJA9_RNA,-0.01414465717971325
CDH12_RNA,-0.014164295047521591
UBAP2_RNA,-0.0141692403703928
AQP12A_RNA,-0.014171428047120571
SNORD37_RNA,-0.014177240431308746
HSP90AB2P_RNA,-0.014184071682393551
NAALAD2_RNA,-0.014185269363224506
SIT1_RNA,-0.014187078922986984
LOC730668_RNA,-0.014192636124789715
OTOS_RNA,-0.014210394583642483
GPX7_RNA,-0.014212144538760185
SNORA30_RNA,-0.014216127805411816
PCBP4_RNA,-0.01422795932739973
NDUFB8_RNA,-0.014231661334633827
POLK_RNA,-0.014233415015041828
KLHL23_RNA,-0.014233811758458614
RPS6KC1_RNA,-0.014241631142795086
CYP2C18_RNA,-0.014244720339775085
MIR548F3_RNA,-0.014255148358643055
TSGA10_RNA,-0.014262113720178604
TRAM1L1_RNA,-0.014264843426644802
CHRNG_RNA,-0.014268414117395878
MXI1_RNA,-0.014269893057644367
CATSPER4_RNA,-0.014272096566855907
ATR_RNA,-0.014274099841713905
MAGEL2_RNA,-0.014283893629908562
PCDH7_RNA,-0.014284545555710793
WNT3A_RNA,-0.014288313686847687
LARP1_RNA,-0.01429145596921444
SART3_RNA,-0.014318848960101604
ZYG11B_RNA,-0.014324091374874115
HERC4_RNA,-0.014324734918773174
THEM5_RNA,-0.014328287914395332
PCDHB2_RNA,-0.014341863803565502
EFCAB7_RNA,-0.014342442154884338
DEGS1_RNA,-0.014343002811074257
SWAP70_RNA,-0.01434912160038948
FAM83C_RNA,-0.014351763762533665
IGF2BP3_RNA,-0.014356037601828575
LARP4_RNA,-0.014358500950038433
EMILIN1_RNA,-0.014362387359142303
GPR20_RNA,-0.014371199533343315
PCGF2_RNA,-0.014372209087014198
OR51B5_RNA,-0.014372526668012142
ZMYND12_RNA,-0.014374839141964912
SCARB2_RNA,-0.014382319524884224
NEK11_RNA,-0.014382689259946346
KLHDC7B_RNA,-0.014384103007614613
UBE2M_RNA,-0.01439225859940052
UTP6_RNA,-0.014401479624211788
BOP1_RNA,-0.014402780681848526
IL20RA_RNA,-0.014415465295314789
ATP1A3_RNA,-0.014424474909901619
PIM1_RNA,-0.014431015588343143
GABRA4_RNA,-0.014440002851188183
TP53I13_RNA,-0.014443675056099892
HNRNPAB_RNA,-0.01444786787033081
PLEKHG6_RNA,-0.014455808326601982
MMD_RNA,-0.014458861202001572
EHF_RNA,-0.01445946004241705
ETV5_RNA,-0.014475212432444096
LRRIQ1_RNA,-0.014488167129456997
SKA3_RNA,-0.014488477259874344
AURKAIP1_RNA,-0.014493003487586975
SLC22A23_RNA,-0.014494524337351322
GMNN_RNA,-0.014496127143502235
USF1_RNA,-0.014498674310743809
SKAP1_RNA,-0.014505622908473015
SPATS2_RNA,-0.01451824326068163
SLC9A2_RNA,-0.014520126394927502
FBRS_RNA,-0.014535783790051937
CDC42EP2_RNA,-0.0145376892760396
ESRRG_RNA,-0.014542607590556145
ZNF263_RNA,-0.014545077458024025
CDH22_RNA,-0.014554101042449474
SLC28A3_RNA,-0.014570142142474651
TRIM45_RNA,-0.014570859260857105
SCOC_RNA,-0.014573516324162483
GPT_RNA,-0.014576874673366547
TOR1B_RNA,-0.014581914991140366
MIR200A_RNA,-0.014585639350116253
PRPS1L1_RNA,-0.014587778598070145
SLC10A2_RNA,-0.014590940438210964
OR9A2_RNA,-0.014591855928301811
SNORA2B_RNA,-0.01459776982665062
RPGRIP1L_RNA,-0.01462231483310461
HUS1_RNA,-0.014625449664890766
SNORD93_RNA,-0.014631588943302631
TMCC2_RNA,-0.014631923288106918
SCNN1B_RNA,-0.014635355211794376
KLHL10_RNA,-0.014637594111263752
E2F3_RNA,-0.014639525674283504
ZNF530_RNA,-0.014651887118816376
TMCO5A_RNA,-0.014658688567578793
SPRY4_RNA,-0.01465893816202879
RPS13_RNA,-0.014668258838355541
PLVAP_RNA,-0.014678829349577427
LMNB1_RNA,-0.014683052897453308
ETAA1_RNA,-0.014688693918287754
VWA3B_RNA,-0.014693363569676876
PXMP4_RNA,-0.014696053229272366
EN2_RNA,-0.0146963931620121
SPIRE2_RNA,-0.014705098234117031
DLX1_RNA,-0.01470912154763937
SYT2_RNA,-0.014715375378727913
C5orf22_RNA,-0.01472084317356348
NLRP14_RNA,-0.014735119417309761
ZBTB39_RNA,-0.014738542959094048
STK32C_RNA,-0.014742637053132057
LRRC8D_RNA,-0.014748143963515759
SAT2_RNA,-0.014756178483366966
MIR455_RNA,-0.014765575528144836
ADAM12_RNA,-0.014775427989661694
TRIB2_RNA,-0.014782060869038105
ERGIC1_RNA,-0.014783641323447227
NLGN3_RNA,-0.014789815992116928
TCF21_RNA,-0.014793980866670609
TMEM8B_RNA,-0.014812023378908634
HCFC2_RNA,-0.014815051108598709
SEC22C_RNA,-0.014821595512330532
MED13_RNA,-0.014821880497038364
ZNF80_RNA,-0.014825543388724327
ZNF185_RNA,-0.014829554595053196
VGLL3_RNA,-0.014837300404906273
UPP1_RNA,-0.014840472489595413
RPL6_RNA,-0.014854172244668007
ZNF25_RNA,-0.014856229536235332
MRPS34_RNA,-0.01485793199390173
CELA2A_RNA,-0.01486908458173275
BCL11A_RNA,-0.014876358211040497
SLC6A14_RNA,-0.014877316541969776
MYL1_RNA,-0.014896318316459656
BCL7C_RNA,-0.014902780763804913
SCT_RNA,-0.014912757091224194
PRAF2_RNA,-0.014924725517630577
HTR6_RNA,-0.014928099699318409
NKX6-3_RNA,-0.014929910190403461
ABTB2_RNA,-0.014933029189705849
PNLDC1_RNA,-0.014938976615667343
GP9_RNA,-0.014942380599677563
CNN2_RNA,-0.014949099160730839
MFAP5_RNA,-0.014954688958823681
CCDC83_RNA,-0.014958265237510204
CORIN_RNA,-0.014961631037294865
DYDC1_RNA,-0.014967738650739193
SIRT7_RNA,-0.01497042365372181
IPO7_RNA,-0.014972744509577751
KATNA1_RNA,-0.014981423504650593
ANKRD13A_RNA,-0.014983715489506721
HNRNPH1_RNA,-0.014984490349888802
POU5F1B_RNA,-0.014987491071224213
BMP6_RNA,-0.014988751150667667
ZWILCH_RNA,-0.015004655346274376
LSM10_RNA,-0.015007098205387592
DIS3_RNA,-0.015011044219136238
BHMT_RNA,-0.015012387186288834
C2orf15_RNA,-0.015016577206552029
ELANE_RNA,-0.015020017512142658
CTTN_RNA,-0.015026367269456387
ARSA_RNA,-0.015031086280941963
RAPGEF2_RNA,-0.01503688283264637
INO80D_RNA,-0.015039780177175999
OR7C1_RNA,-0.015040003694593906
ORMDL1_RNA,-0.015046520158648491
HVCN1_RNA,-0.015047267079353333
SLBP_RNA,-0.015051589347422123
CAMP_RNA,-0.015051612630486488
MID1IP1_RNA,-0.015063581056892872
ZNF674_RNA,-0.015063818544149399
ARHGDIA_RNA,-0.015070440247654915
SLC5A8_RNA,-0.015074084512889385
NME1_RNA,-0.015077837742865086
DIABLO_RNA,-0.0150944534689188
TBC1D15_RNA,-0.015094504691660404
IFRD2_RNA,-0.015104789286851883
LEF1_RNA,-0.015108741819858551
TMSB15A_RNA,-0.015110237523913383
AGXT_RNA,-0.015110593289136887
SMU1_RNA,-0.015131141990423203
SCAMP3_RNA,-0.015133061446249485
FLVCR1_RNA,-0.015133201144635677
CPLX2_RNA,-0.015133418142795563
RNPEP_RNA,-0.015133650042116642
CSMD3_RNA,-0.015137196518480778
DHCR24_RNA,-0.015139494091272354
ONECUT2_RNA,-0.015139997005462646
MOGAT3_RNA,-0.015140493400394917
SLC8A3_RNA,-0.01515266951173544
LMF1_RNA,-0.015156129375100136
ACSL1_RNA,-0.015156274661421776
EPPK1_RNA,-0.01515745185315609
C7orf57_RNA,-0.015163961797952652
MC3R_RNA,-0.01516659278422594
SLC6A20_RNA,-0.015171143226325512
DUSP18_RNA,-0.015179195441305637
NLRP10_RNA,-0.01518017053604126
SRPX2_RNA,-0.015181086026132107
COMMD5_RNA,-0.015189087949693203
MIR411_RNA,-0.015194667503237724
TCP1_RNA,-0.015196536667644978
FAR2_RNA,-0.015219518914818764
ALDOC_RNA,-0.015221970155835152
MYH8_RNA,-0.015229884535074234
FGF8_RNA,-0.015244672074913979
AMBRA1_RNA,-0.015247411094605923
CCNG2_RNA,-0.01524879690259695
TMBIM1_RNA,-0.015250599943101406
APBB3_RNA,-0.015251077711582184
GYS1_RNA,-0.015256800688803196
NOLC1_RNA,-0.015262494795024395
LTK_RNA,-0.015268554911017418
ZNF70_RNA,-0.015275015495717525
CA12_RNA,-0.015282508917152882
SNORD113-1_RNA,-0.01529290433973074
TANC2_RNA,-0.015299650840461254
FASLG_RNA,-0.015301450155675411
ANGPTL4_RNA,-0.015301470644772053
KCNA6_RNA,-0.015303373336791992
TMEM106A_RNA,-0.01530733797699213
DUSP10_RNA,-0.015322142280638218
KCNQ1OT1_RNA,-0.015334328636527061
RFX3_RNA,-0.015342649072408676
MEAF6_RNA,-0.015348226763308048
PLXND1_RNA,-0.015348868444561958
MCHR1_RNA,-0.015355037525296211
KAT2B_RNA,-0.015356374904513359
MIR320C1_RNA,-0.01537192054092884
G6PC2_RNA,-0.015374443493783474
PLA2G2F_RNA,-0.015381520614027977
BTBD19_RNA,-0.015389452688395977
TCOF1_RNA,-0.015391279943287373
RBMX2_RNA,-0.01539238728582859
VDAC2_RNA,-0.015394090674817562
HNRNPM_RNA,-0.015399118885397911
CTNNA3_RNA,-0.015404274687170982
FCRL3_RNA,-0.0154081080108881
TRAPPC9_RNA,-0.015416665002703667
PDIK1L_RNA,-0.01541825383901596
LBR_RNA,-0.015418782830238342
SIRPG_RNA,-0.015424971468746662
DLX2_RNA,-0.01542750746011734
ILK_RNA,-0.015427816659212112
ANKH_RNA,-0.01544882357120514
TUBA3E_RNA,-0.015452292747795582
TXNL4A_RNA,-0.015454450622200966
TMEM186_RNA,-0.01545491348952055
CORO1C_RNA,-0.015455186367034912
NR1I2_RNA,-0.015461094677448273
RCN2_RNA,-0.015476484782993793
HSF4_RNA,-0.015480736270546913
VIM_RNA,-0.015482917428016663
HAL_RNA,-0.01548401452600956
MECP2_RNA,-0.015495066531002522
NUDCD1_RNA,-0.01549526583403349
DCAF8L1_RNA,-0.015499022789299488
TRIM5_RNA,-0.015518421307206154
NIT2_RNA,-0.015525076538324356
CEP170_RNA,-0.015525195747613907
CYGB_RNA,-0.015525204129517078
TAGLN_RNA,-0.015535498037934303
ZCCHC2_RNA,-0.015545000322163105
USP7_RNA,-0.015547526068985462
SFT2D1_RNA,-0.01555052399635315
WFDC5_RNA,-0.015560160391032696
TFR2_RNA,-0.015561924315989017
MICAL1_RNA,-0.015562877058982849
SLC46A1_RNA,-0.015564625151455402
EAF1_RNA,-0.015572577714920044
TFF3_RNA,-0.015575910918414593
IL17REL_RNA,-0.015581810846924782
C9orf153_RNA,-0.015589685179293156
C10orf105_RNA,-0.01559531781822443
FCRL5_RNA,-0.015597970224916935
ADAMTS1_RNA,-0.015605785883963108
RCOR2_RNA,-0.015617301687598228
HSPA1B_RNA,-0.015621602535247803
MAP2K4_RNA,-0.015627555549144745
FRMD1_RNA,-0.015635104849934578
ZNF549_RNA,-0.015656284987926483
CDK5R2_RNA,-0.015659037977457047
SCRT1_RNA,-0.015662653371691704
MFSD1_RNA,-0.01566479355096817
UBE2Z_RNA,-0.015676341950893402
E2F2_RNA,-0.015682561323046684
NKAP_RNA,-0.015694083645939827
TBX20_RNA,-0.01569739170372486
PARM1_RNA,-0.015704767778515816
NPM2_RNA,-0.015713663771748543
HINT2_RNA,-0.015724385157227516
CDH16_RNA,-0.015737278386950493
TAC3_RNA,-0.015746425837278366
NUFIP2_RNA,-0.01575026661157608
SKP1_RNA,-0.015766441822052002
FCN2_RNA,-0.015767009928822517
POMP_RNA,-0.015771083533763885
C5_RNA,-0.0157726239413023
NKX2-5_RNA,-0.015778494998812675
TMEM209_RNA,-0.01578286848962307
USP48_RNA,-0.01578301563858986
CPM_RNA,-0.015784531831741333
TIMD4_RNA,-0.015787465497851372
PRDM7_RNA,-0.015789367258548737
DDIT4L_RNA,-0.015809115022420883
PTGER2_RNA,-0.015818780288100243
MYO3A_RNA,-0.015832630917429924
SPOP_RNA,-0.015833672136068344
PSMB3_RNA,-0.015840165317058563
PITPNA_RNA,-0.015846731141209602
QRICH2_RNA,-0.015847930684685707
LYAR_RNA,-0.015848204493522644
SEC22B_RNA,-0.015848547220230103
GAS2L2_RNA,-0.015849493443965912
PGBD2_RNA,-0.01585996150970459
SENP2_RNA,-0.015862490981817245
SIAH1_RNA,-0.01588188111782074
CRISP2_RNA,-0.015883304178714752
IARS2_RNA,-0.01588786579668522
BACE2_RNA,-0.01588861271739006
TMPRSS13_RNA,-0.015892162919044495
WDR82_RNA,-0.015897734090685844
ZBTB20_RNA,-0.015899915248155594
NCAPG2_RNA,-0.01590186171233654
NR1H4_RNA,-0.015905188396573067
G3BP1_RNA,-0.0159055944532156
ISOC2_RNA,-0.015924131497740746
KCNJ16_RNA,-0.015930240973830223
GATA6_RNA,-0.015931200236082077
KCNH4_RNA,-0.01593637652695179
MON1B_RNA,-0.015947608277201653
RFPL3S_RNA,-0.015955353155732155
GOSR2_RNA,-0.015960758551955223
AZGP1_RNA,-0.01596783474087715
FANK1_RNA,-0.01597016677260399
SLC25A39_RNA,-0.015978820621967316
LHCGR_RNA,-0.01599162630736828
MUC17_RNA,-0.015994461253285408
RNF38_RNA,-0.015997981652617455
FKBP5_RNA,-0.01600963994860649
BMP8A_RNA,-0.01602320373058319
LRRC32_RNA,-0.016027484089136124
LATS1_RNA,-0.01603025197982788
HDAC8_RNA,-0.01603722758591175
ACLY_RNA,-0.016037805005908012
DLX6_RNA,-0.016038641333580017
GRP_RNA,-0.016039181500673294
COX4I1_RNA,-0.016054335981607437
RABGEF1_RNA,-0.016056740656495094
USH1G_RNA,-0.016066478565335274
TFAP2A_RNA,-0.016070010140538216
CAT_RNA,-0.016074901446700096
DALRD3_RNA,-0.01607520692050457
ARIH2_RNA,-0.01607925072312355
MIR494_RNA,-0.01608186773955822
SOD1_RNA,-0.016092529520392418
IFFO2_RNA,-0.016102556139230728
MTRF1L_RNA,-0.01610507071018219
SNORD114-16_RNA,-0.016108984127640724
IL26_RNA,-0.01611027866601944
RAB22A_RNA,-0.01611493155360222
TRAF6_RNA,-0.01612848788499832
ZC3H12D_RNA,-0.016132744029164314
CAMKK1_RNA,-0.016133558005094528
ZFPL1_RNA,-0.016133883967995644
LSG1_RNA,-0.01613823138177395
PKD1_RNA,-0.016139978542923927
DAZAP2_RNA,-0.016144676133990288
LRRC66_RNA,-0.016152597963809967
NDUFA5_RNA,-0.01615704409778118
VIT_RNA,-0.016158327460289
MYOC_RNA,-0.016166148707270622
TRIM13_RNA,-0.016171399503946304
CDKL5_RNA,-0.01617254689335823
LIN9_RNA,-0.016173802316188812
ZC3H7A_RNA,-0.016189604997634888
SATB1_RNA,-0.016190042719244957
MRPL27_RNA,-0.016191046684980392
UNC119B_RNA,-0.01619381085038185
MRPS21_RNA,-0.01619863137602806
HECW1_RNA,-0.016200965270400047
DDX23_RNA,-0.01620098389685154
SRMS_RNA,-0.01620403490960598
SYT10_RNA,-0.016211165115237236
IBSP_RNA,-0.016214080154895782
POU2F3_RNA,-0.016234777867794037
VEPH1_RNA,-0.016241520643234253
PSMA7_RNA,-0.01624416559934616
ZNF620_RNA,-0.016248224303126335
USPL1_RNA,-0.016248434782028198
MSRA_RNA,-0.016256945207715034
LEAP2_RNA,-0.016259267926216125
GSTO2_RNA,-0.016259681433439255
MCM8_RNA,-0.016262343153357506
CCNJL_RNA,-0.01626262441277504
AIFM1_RNA,-0.016264071688055992
GBX1_RNA,-0.01627383381128311
ESM1_RNA,-0.01627589948475361
PTPRG_RNA,-0.016281630843877792
TRUB1_RNA,-0.016284678131341934
NELL2_RNA,-0.01628856174647808
FER1L6_RNA,-0.01629459671676159
FAM110B_RNA,-0.016295623034238815
F2RL3_RNA,-0.016299307346343994
CKAP5_RNA,-0.016301801428198814
HNRNPA3_RNA,-0.016301851719617844
CFH_RNA,-0.01630270667374134
TERC_RNA,-0.016303827986121178
UBE2J2_RNA,-0.01630660705268383
HOTAIR_RNA,-0.016321906819939613
ELAVL3_RNA,-0.016322936862707138
ZBTB48_RNA,-0.016328340396285057
SNRPC_RNA,-0.01632845588028431
KIF26A_RNA,-0.016333265230059624
HGSNAT_RNA,-0.016344403848052025
TUB_RNA,-0.016346141695976257
ZNF683_RNA,-0.01635313592851162
ZNF821_RNA,-0.016353363171219826
CTSC_RNA,-0.01635526306927204
IBTK_RNA,-0.016356641426682472
TNFRSF11A_RNA,-0.016364693641662598
CLEC12A_RNA,-0.016364851966500282
TMCO6_RNA,-0.0163749847561121
KLHL24_RNA,-0.016387207433581352
TTLL8_RNA,-0.01638886332511902
TMEM201_RNA,-0.016417374834418297
HP1BP3_RNA,-0.016421383246779442
CCDC15_RNA,-0.01642421819269657
STRADB_RNA,-0.016431940719485283
DLGAP5_RNA,-0.016433296725153923
OMA1_RNA,-0.01643667183816433
TNNT1_RNA,-0.016437049955129623
FAAH_RNA,-0.01644262857735157
ACVR2A_RNA,-0.016446467489004135
XKR4_RNA,-0.016449492424726486
NTN4_RNA,-0.016451098024845123
USH1C_RNA,-0.0164541844278574
NNAT_RNA,-0.0164646003395319
SMAD5_RNA,-0.01646527647972107
TGM7_RNA,-0.016474327072501183
GATC_RNA,-0.0164801012724638
ADAM15_RNA,-0.01648212969303131
UBFD1_RNA,-0.016486061736941338
DUSP7_RNA,-0.016491299495100975
MPPED2_RNA,-0.016499310731887817
ALG11_RNA,-0.016503043472766876
PAGE5_RNA,-0.016507497057318687
C21orf91_RNA,-0.016513971611857414
CLASP2_RNA,-0.016515469178557396
WNT4_RNA,-0.016516391187906265
AQP10_RNA,-0.016523122787475586
UBQLNL_RNA,-0.016536107286810875
NSDHL_RNA,-0.016541549935936928
ABTB1_RNA,-0.016547534614801407
PTPN13_RNA,-0.01654808223247528
PEX3_RNA,-0.016550054773688316
HAX1_RNA,-0.016552254557609558
ADAMTS18_RNA,-0.01655801199376583
MFSD9_RNA,-0.01656717248260975
ADAMTS2_RNA,-0.016574552282691002
DAPK3_RNA,-0.016583023592829704
PCGF6_RNA,-0.016594192013144493
RWDD2B_RNA,-0.016596317291259766
PF4_RNA,-0.016604073345661163
DOC2B_RNA,-0.016607660800218582
TCF23_RNA,-0.01660880446434021
SUMO1_RNA,-0.0166112519800663
CIAPIN1_RNA,-0.016613958403468132
RAX_RNA,-0.01661507412791252
DNAJC28_RNA,-0.016619086265563965
TLX1NB_RNA,-0.016622211784124374
GABRA3_RNA,-0.016623016446828842
IRGQ_RNA,-0.016624340787529945
POU5F2_RNA,-0.01663232035934925
NDUFA7_RNA,-0.016635587438941002
TAS2R60_RNA,-0.01664593257009983
ECEL1_RNA,-0.016652729362249374
ZNF202_RNA,-0.016653023660182953
RRBP1_RNA,-0.01665441133081913
PSMG1_RNA,-0.016654595732688904
SRP19_RNA,-0.016657672822475433
AGPS_RNA,-0.016664057970046997
SMC5_RNA,-0.016667475923895836
CPA6_RNA,-0.01666894182562828
CDA_RNA,-0.016673976555466652
HLA-A_RNA,-0.01667572744190693
FLNA_RNA,-0.016679663211107254
COQ5_RNA,-0.016683435067534447
RRP9_RNA,-0.01668429560959339
COL21A1_RNA,-0.016691267490386963
EXOSC7_RNA,-0.016698500141501427
CHCHD10_RNA,-0.01669917069375515
VDAC3_RNA,-0.016707105562090874
MYO5B_RNA,-0.016728123649954796
MTMR7_RNA,-0.01673016883432865
BCORL1_RNA,-0.016731463372707367
OXER1_RNA,-0.01674422062933445
MMP27_RNA,-0.01674603298306465
CDK2AP1_RNA,-0.016747720539569855
CACNA1D_RNA,-0.016750112175941467
KCNA3_RNA,-0.01675497554242611
HOXD12_RNA,-0.016759023070335388
MLLT10_RNA,-0.016767382621765137
LIG1_RNA,-0.016776369884610176
MIER3_RNA,-0.016780802980065346
MSL3_RNA,-0.016785386949777603
FIBIN_RNA,-0.0167952012270689
CENPP_RNA,-0.016796300187706947
TRAFD1_RNA,-0.016799727454781532
MTX1_RNA,-0.016810143366456032
LRRC42_RNA,-0.01681038737297058
NDUFC1_RNA,-0.016810903325676918
RXFP4_RNA,-0.0168239027261734
NFKBIZ_RNA,-0.01682615838944912
CCDC140_RNA,-0.016839681193232536
SIX1_RNA,-0.016845351085066795
KCNK10_RNA,-0.016850804910063744
PLEKHN1_RNA,-0.016852183267474174
ANKRD34A_RNA,-0.016857460141181946
MYL10_RNA,-0.0168603528290987
AMBP_RNA,-0.01686442643404007
OGFR_RNA,-0.016867607831954956
DUSP12_RNA,-0.016874246299266815
ASB15_RNA,-0.016875291243195534
CCDC12_RNA,-0.01687631383538246
INPP5K_RNA,-0.016891267150640488
RETN_RNA,-0.016894103959202766
HNF4G_RNA,-0.016895409673452377
NETO1_RNA,-0.016898905858397484
ZMAT5_RNA,-0.016902511939406395
UNCX_RNA,-0.01690506748855114
GSG1L_RNA,-0.016918890178203583
WDR4_RNA,-0.016930116340517998
CSRP1_RNA,-0.016932377591729164
FAM162A_RNA,-0.016932565718889236
MOSPD2_RNA,-0.016937056556344032
ALG5_RNA,-0.016943123191595078
TOPORS_RNA,-0.0169465783983469
ASCC2_RNA,-0.01694672368466854
OPA3_RNA,-0.016989415511488914
ZNF737_RNA,-0.016996238380670547
ABHD3_RNA,-0.017006633803248405
SDS_RNA,-0.01700892113149166
POLR3C_RNA,-0.017024194821715355
CSRP3_RNA,-0.01702449657022953
PCNP_RNA,-0.01702791266143322
TMPRSS9_RNA,-0.017028262838721275
GLP1R_RNA,-0.017031623050570488
BEND5_RNA,-0.017038026824593544
TEX9_RNA,-0.01705101504921913
SAC3D1_RNA,-0.01705649308860302
VPS53_RNA,-0.017062503844499588
CMTM7_RNA,-0.017068864777684212
NOL7_RNA,-0.017070261761546135
TUBB6_RNA,-0.017079774290323257
AQP9_RNA,-0.01708025112748146
FHL3_RNA,-0.017082219943404198
PCGF3_RNA,-0.017088789492845535
E2F1_RNA,-0.017088821157813072
CA10_RNA,-0.017100781202316284
THBS1_RNA,-0.01710137538611889
SFN_RNA,-0.017107577994465828
SERAC1_RNA,-0.017114832997322083
LPIN2_RNA,-0.017117567360401154
KLK10_RNA,-0.017121447250247
PRMT3_RNA,-0.017122609540820122
SYNCRIP_RNA,-0.01712634414434433
ST13_RNA,-0.01712901145219803
TBC1D9_RNA,-0.01712917350232601
AP2A2_RNA,-0.01713324710726738
EIF1AD_RNA,-0.017149118706583977
GNG4_RNA,-0.01715402863919735
MADD_RNA,-0.01715582050383091
ARX_RNA,-0.01715659908950329
SNORA80B_RNA,-0.017163453623652458
SRCAP_RNA,-0.01716543547809124
TFPI_RNA,-0.017169397324323654
MCM4_RNA,-0.01717757061123848
MIR125B1_RNA,-0.017178790643811226
FSD1L_RNA,-0.017187228426337242
MAGOH_RNA,-0.017203908413648605
POFUT2_RNA,-0.0172052513808012
CERKL_RNA,-0.017215928062796593
CCDC24_RNA,-0.017224978655576706
HSPA14_RNA,-0.017231086269021034
GABRQ_RNA,-0.017231440171599388
GAST_RNA,-0.017234748229384422
VPS25_RNA,-0.017236223444342613
POLDIP3_RNA,-0.01724119670689106
CYP11A1_RNA,-0.017241574823856354
RPS6KB2_RNA,-0.017243191599845886
C11orf71_RNA,-0.017244737595319748
NEDD1_RNA,-0.0172490905970335
GLE1_RNA,-0.017258258536458015
DHX15_RNA,-0.017259279265999794
C8orf58_RNA,-0.017272725701332092
RGS3_RNA,-0.0172920860350132
DCAF12L2_RNA,-0.017292199656367302
DDX17_RNA,-0.01729516312479973
C1orf35_RNA,-0.01730639487504959
COL5A3_RNA,-0.017308952286839485
TMEM79_RNA,-0.017309553921222687
FBXW8_RNA,-0.017309555783867836
PIRT_RNA,-0.01731170527637005
PAGE4_RNA,-0.017312057316303253
PIGF_RNA,-0.01732306182384491
ACTR2_RNA,-0.017335232347249985
MAK_RNA,-0.017345480620861053
SCGB2A1_RNA,-0.017346862703561783
PSMD6_RNA,-0.01735135167837143
TRIM52_RNA,-0.017369085922837257
MICAL3_RNA,-0.017373710870742798
FAM78B_RNA,-0.017380641773343086
RIMS2_RNA,-0.017386218532919884
WFIKKN2_RNA,-0.017387263476848602
MIR26B_RNA,-0.017389027401804924
CDC42SE1_RNA,-0.017394790425896645
PRDM11_RNA,-0.017398802563548088
PITPNB_RNA,-0.01742410473525524
OSBPL5_RNA,-0.0174244474619627
BZW1_RNA,-0.017425227910280228
BRD2_RNA,-0.01743214763700962
DDX4_RNA,-0.017435062676668167
SDK2_RNA,-0.017436446622014046
ZNF347_RNA,-0.017441077157855034
C6orf62_RNA,-0.01745246909558773
ZNF843_RNA,-0.017472589388489723
GAN_RNA,-0.01747441105544567
NIPSNAP3B_RNA,-0.017478616908192635
TMEM52_RNA,-0.017479486763477325
LCTL_RNA,-0.017483346164226532
TYSND1_RNA,-0.017488881945610046
KIAA1614_RNA,-0.017500314861536026
RERG_RNA,-0.017503146082162857
HS6ST2_RNA,-0.01751169003546238
CWH43_RNA,-0.017519015818834305
HCG27_RNA,-0.0175356213003397
VGLL2_RNA,-0.01753765344619751
CFL1_RNA,-0.01754479482769966
ALDH1B1_RNA,-0.01754581369459629
COLEC11_RNA,-0.01754920184612274
SLC16A4_RNA,-0.017551876604557037
PKP4_RNA,-0.017552373930811882
LIN28B_RNA,-0.017558129504323006
HINT3_RNA,-0.017559463158249855
TSC22D3_RNA,-0.01755998097360134
DTHD1_RNA,-0.01756165735423565
ELAVL2_RNA,-0.017568660899996758
DBF4_RNA,-0.017569473013281822
DHH_RNA,-0.01757013611495495
GGN_RNA,-0.01757272519171238
GGT6_RNA,-0.017590129747986794
CCNYL1_RNA,-0.017590569332242012
SAAL1_RNA,-0.017596906051039696
ETF1_RNA,-0.017599143087863922
PEBP1_RNA,-0.017599929124116898
ANGEL2_RNA,-0.01760348118841648
ZNF197_RNA,-0.017610009759664536
TAF9_RNA,-0.017610881477594376
CCNB2_RNA,-0.01761782355606556
PLEKHB1_RNA,-0.017618073150515556
BMP7_RNA,-0.01762385666370392
RBM27_RNA,-0.017629427835345268
FBXL22_RNA,-0.017630741000175476
MRPS30_RNA,-0.017636915668845177
USP51_RNA,-0.017638567835092545
RDH14_RNA,-0.0176408551633358
RPS6KA3_RNA,-0.017648497596383095
GLB1L2_RNA,-0.01765207014977932
RNF10_RNA,-0.01765480637550354
PLEKHG7_RNA,-0.01765625551342964
GDPD3_RNA,-0.017657242715358734
ARMC9_RNA,-0.017657585442066193
MIR2116_RNA,-0.017674699425697327
ZNF594_RNA,-0.01769382692873478
LMO7_RNA,-0.01769719459116459
C12orf42_RNA,-0.017712092027068138
RNFT2_RNA,-0.017716877162456512
MIR645_RNA,-0.017724037170410156
SRGAP1_RNA,-0.017728855833411217
MGC12916_RNA,-0.01773221231997013
TBC1D2_RNA,-0.01773221604526043
CASP8_RNA,-0.017739487811923027
OPLAH_RNA,-0.017747770994901657
GLRX2_RNA,-0.017750024795532227
LCN8_RNA,-0.0177517868578434
RNF126_RNA,-0.017767656594514847
HERC3_RNA,-0.017773225903511047
CCNO_RNA,-0.017773453146219254
PLA2G2A_RNA,-0.017773659899830818
NPY1R_RNA,-0.017776839435100555
LYZL4_RNA,-0.017782386392354965
ALDH3A1_RNA,-0.017807379364967346
TSPAN17_RNA,-0.01780768111348152
PDXP_RNA,-0.017816854640841484
WFDC8_RNA,-0.01781751774251461
ANGPTL6_RNA,-0.017820606008172035
RBP5_RNA,-0.017820701003074646
UBE2K_RNA,-0.017828814685344696
SPATA6_RNA,-0.01782882958650589
SLC35A4_RNA,-0.017829174175858498
PBOV1_RNA,-0.017834007740020752
OR51E2_RNA,-0.0178416408598423
NUP62CL_RNA,-0.01784246228635311
ZNF480_RNA,-0.017844315618276596
SPHKAP_RNA,-0.017847180366516113
SNORD11_RNA,-0.017850646749138832
HTR2B_RNA,-0.017858438193798065
KCNB2_RNA,-0.017861776053905487
TNFRSF12A_RNA,-0.017862634733319283
ITGB6_RNA,-0.017868923023343086
ABHD14A_RNA,-0.017869560047984123
SRXN1_RNA,-0.017870711162686348
BTG1_RNA,-0.017872441560029984
N6AMT1_RNA,-0.01787502132356167
FBF1_RNA,-0.01787635311484337
PLCL2_RNA,-0.017881816253066063
GATA4_RNA,-0.01789635606110096
ERCC4_RNA,-0.01790536567568779
PROK2_RNA,-0.01790853962302208
HSPG2_RNA,-0.017914503812789917
TMEM59_RNA,-0.01791861467063427
MEGF6_RNA,-0.017932090908288956
SSR2_RNA,-0.01793801784515381
SNURF_RNA,-0.017938552424311638
ATAD3B_RNA,-0.017940348014235497
VNN1_RNA,-0.01795758120715618
HOOK1_RNA,-0.017957929521799088
FICD_RNA,-0.0179586224257946
MIR661_RNA,-0.01796148158609867
CSTB_RNA,-0.017963359132409096
SNX4_RNA,-0.017964040860533714
ALPK2_RNA,-0.017968684434890747
SOAT2_RNA,-0.017975416034460068
MCTS1_RNA,-0.0179770328104496
APAF1_RNA,-0.017984455451369286
METAP2_RNA,-0.017987869679927826
CDC7_RNA,-0.017989901825785637
TAS2R39_RNA,-0.018002614378929138
GDAP2_RNA,-0.018012870103120804
AGAP1_RNA,-0.01801849529147148
OSBP_RNA,-0.018037043511867523
FBXO7_RNA,-0.01804644614458084
SPINK1_RNA,-0.018047504127025604
ZNF81_RNA,-0.01805274561047554
RIPPLY1_RNA,-0.018056975677609444
CGB7_RNA,-0.018066825345158577
SNORA53_RNA,-0.018066953867673874
BOK_RNA,-0.018067315220832825
RSPRY1_RNA,-0.01806752383708954
SYTL1_RNA,-0.018069801852107048
DNAJC9_RNA,-0.018071193248033524
COL13A1_RNA,-0.018073150888085365
CASQ2_RNA,-0.018086552619934082
SCGN_RNA,-0.01809019036591053
IQCC_RNA,-0.01809610053896904
NDUFA1_RNA,-0.01809731312096119
GALP_RNA,-0.018115447834134102
MYBPH_RNA,-0.018117694184184074
CD36_RNA,-0.01812211610376835
SNORD109B_RNA,-0.018122270703315735
RBM8A_RNA,-0.018126152455806732
UIMC1_RNA,-0.01812983863055706
HAS3_RNA,-0.018129998818039894
LBX2_RNA,-0.018143076449632645
RANGRF_RNA,-0.018145287409424782
PTDSS2_RNA,-0.018150238320231438
HPD_RNA,-0.018154717981815338
RBPJ_RNA,-0.018156522884964943
ARL5B_RNA,-0.01815660297870636
SLC35A5_RNA,-0.01816100813448429
ZNF398_RNA,-0.018179649487137794
IL18R1_RNA,-0.01818281225860119
RNMT_RNA,-0.018193330615758896
ZNRF1_RNA,-0.018205543980002403
CHRNA9_RNA,-0.018209852278232574
PARL_RNA,-0.01821688562631607
SNORA74A_RNA,-0.018221693113446236
NOL4_RNA,-0.01822671853005886
MED4_RNA,-0.018239248543977737
EGFLAM_RNA,-0.018242105841636658
ARID2_RNA,-0.018251098692417145
SRCIN1_RNA,-0.018253754824399948
OMP_RNA,-0.018265359103679657
ST8SIA2_RNA,-0.018272167071700096
NKIRAS1_RNA,-0.01827825792133808
SYN3_RNA,-0.01828017272055149
FANCA_RNA,-0.01829235441982746
ST3GAL6_RNA,-0.018297754228115082
LAT_RNA,-0.018300041556358337
ALKBH2_RNA,-0.018306665122509003
PROKR1_RNA,-0.018308153375983238
PARD6A_RNA,-0.018319712951779366
KLF10_RNA,-0.018320495262742043
ARSB_RNA,-0.018320681527256966
UTP18_RNA,-0.018325667828321457
TET1_RNA,-0.018332580104470253
SLC35F1_RNA,-0.018333006650209427
ATMIN_RNA,-0.018337516114115715
SP4_RNA,-0.01834234409034252
RPAIN_RNA,-0.01834922656416893
BCAS1_RNA,-0.01835251972079277
EPS8L1_RNA,-0.01835908181965351
PTBP1_RNA,-0.018362972885370255
CDK11A_RNA,-0.018363788723945618
PKMYT1_RNA,-0.01836935430765152
KLHL33_RNA,-0.018370334059000015
PAN2_RNA,-0.01837639883160591
MFSD5_RNA,-0.018380384892225266
KCNK5_RNA,-0.018387801945209503
RELL1_RNA,-0.018388088792562485
GJB6_RNA,-0.018395695835351944
GLIPR1L2_RNA,-0.01840231753885746
LRRC20_RNA,-0.01840399205684662
AEBP1_RNA,-0.01841636747121811
SNRNP25_RNA,-0.018417617306113243
SLC25A15_RNA,-0.018417710438370705
FAM117B_RNA,-0.018419042229652405
FBXO2_RNA,-0.018419617787003517
FOLR1_RNA,-0.01842029206454754
TRANK1_RNA,-0.018421068787574768
FAT2_RNA,-0.01842326670885086
NID2_RNA,-0.018427299335598946
SLC6A5_RNA,-0.01842799223959446
ARMCX6_RNA,-0.018433401361107826
TNFRSF10A_RNA,-0.018433520570397377
BCL2L15_RNA,-0.01843777298927307
CSNK1G3_RNA,-0.018447717651724815
SDHAF2_RNA,-0.018450863659381866
TSPYL2_RNA,-0.01845802366733551
MARCO_RNA,-0.01845896989107132
HK1_RNA,-0.018464036285877228
QSOX1_RNA,-0.018465569242835045
CDK5R1_RNA,-0.018470732495188713
CYB561D2_RNA,-0.01847090572118759
UHRF2_RNA,-0.018482252955436707
PRDM14_RNA,-0.018496721982955933
CALR3_RNA,-0.018501045182347298
MDGA2_RNA,-0.018502702936530113
APOD_RNA,-0.01850295066833496
HSPB2_RNA,-0.01850634068250656
GLRA1_RNA,-0.01850731112062931
STAC2_RNA,-0.018511036410927773
CBLN3_RNA,-0.018515540286898613
SRPK3_RNA,-0.01851796731352806
FHOD3_RNA,-0.01852000132203102
IGSF3_RNA,-0.018531927838921547
OR52W1_RNA,-0.018536346033215523
CDCP2_RNA,-0.01854635216295719
ITGB1_RNA,-0.018553856760263443
UCP1_RNA,-0.01855459064245224
ECE2_RNA,-0.018555408343672752
LVRN_RNA,-0.018576620146632195
KLHL35_RNA,-0.018582863733172417
LAMA3_RNA,-0.01858874037861824
GGA2_RNA,-0.018601499497890472
FBP1_RNA,-0.01860172115266323
IL1RAP_RNA,-0.018607545644044876
AGBL3_RNA,-0.01861310750246048
CCIN_RNA,-0.018613409250974655
KHDRBS1_RNA,-0.018622510135173798
MIXL1_RNA,-0.01862289384007454
ZNF331_RNA,-0.018623173236846924
NOD2_RNA,-0.01864180713891983
JMJD8_RNA,-0.01864219643175602
GLRA3_RNA,-0.018647996708750725
FEZF1_RNA,-0.018656987696886063
XRCC6_RNA,-0.018658500164747238
BDKRB2_RNA,-0.018661046400666237
CENPH_RNA,-0.018663769587874413
CHL1_RNA,-0.018668346107006073
CPA4_RNA,-0.01867120899260044
HMGXB4_RNA,-0.018674790859222412
FAM136A_RNA,-0.01867552474141121
PDZD4_RNA,-0.01867717318236828
MIR1243_RNA,-0.018687237054109573
CELA1_RNA,-0.018688835203647614
MIA3_RNA,-0.01869465969502926
HEBP1_RNA,-0.018696436658501625
IGF2BP1_RNA,-0.018705476075410843
IFT122_RNA,-0.018708430230617523
RNF34_RNA,-0.01871207356452942
GPRC5D_RNA,-0.018720507621765137
HMGCS1_RNA,-0.01872224733233452
DBN1_RNA,-0.018724454566836357
NPR3_RNA,-0.018734106793999672
EEF1A2_RNA,-0.0187346413731575
MAFF_RNA,-0.01874832808971405
LOC100192426_RNA,-0.018752824515104294
CCDC33_RNA,-0.018753686919808388
CD244_RNA,-0.018754906952381134
B4GALNT1_RNA,-0.018758462741971016
DCUN1D3_RNA,-0.018762612715363503
SF3B4_RNA,-0.018767552450299263
PPP4C_RNA,-0.018772346898913383
XRRA1_RNA,-0.018773699179291725
RHBDL2_RNA,-0.01877507194876671
SLURP1_RNA,-0.018784459680318832
TMEM86B_RNA,-0.018784964457154274
ERRFI1_RNA,-0.018789930269122124
TMPRSS5_RNA,-0.01879167929291725
DGKB_RNA,-0.018796037882566452
COL5A1_RNA,-0.018807269632816315
NEK8_RNA,-0.01881215162575245
HOXD4_RNA,-0.018815554678440094
DAZAP1_RNA,-0.018819482997059822
MC5R_RNA,-0.01882372610270977
TMEM44_RNA,-0.018825329840183258
RANBP1_RNA,-0.018832962960004807
DPP4_RNA,-0.018832994624972343
HMGCR_RNA,-0.018837137147784233
PDK3_RNA,-0.01883813366293907
ISY1_RNA,-0.018851876258850098
GOLPH3L_RNA,-0.018853889778256416
USP37_RNA,-0.01885579526424408
KRT33A_RNA,-0.018866268917918205
COL1A2_RNA,-0.018881767988204956
ISL1_RNA,-0.018883727490901947
PDGFRA_RNA,-0.018884068354964256
MIR659_RNA,-0.018891941756010056
SVOP_RNA,-0.018895626068115234
ARL3_RNA,-0.018906382843852043
PGAM1_RNA,-0.01890818402171135
MCAM_RNA,-0.018920743837952614
FOXL2_RNA,-0.018928907811641693
IGFBP4_RNA,-0.01892899163067341
CCDC60_RNA,-0.018946539610624313
LGALS3_RNA,-0.01894763857126236
TRMT112_RNA,-0.01894974336028099
TMEM187_RNA,-0.018950270488858223
ZNF148_RNA,-0.018962465226650238
RBM14_RNA,-0.018969804048538208
EPB41L4A_RNA,-0.01897299475967884
C7orf25_RNA,-0.01897517219185829
TRAPPC1_RNA,-0.018977215513586998
FBXO42_RNA,-0.018992438912391663
FSTL1_RNA,-0.018997328355908394
DDI2_RNA,-0.018999595195055008
SF3B5_RNA,-0.01900125853717327
SOX11_RNA,-0.01900538057088852
NUAK2_RNA,-0.019008701667189598
MT3_RNA,-0.019018804654479027
DUSP5_RNA,-0.019020458683371544
OR2AT4_RNA,-0.019024012610316277
BTC_RNA,-0.019033856689929962
MIR483_RNA,-0.01905287802219391
SNORA12_RNA,-0.019053630530834198
RUNX3_RNA,-0.019079657271504402
EPM2AIP1_RNA,-0.019079750403761864
TBX3_RNA,-0.01908276602625847
E2F8_RNA,-0.019088245928287506
GFOD2_RNA,-0.019091349095106125
SELENBP1_RNA,-0.019101198762655258
PRB4_RNA,-0.019110796973109245
ARID4B_RNA,-0.019113048911094666
APOA1_RNA,-0.019124556332826614
BMPER_RNA,-0.0191270112991333
DDX49_RNA,-0.019128410145640373
ZBTB10_RNA,-0.01913200132548809
SNX2_RNA,-0.019133251160383224
MIR339_RNA,-0.019137738272547722
PXN_RNA,-0.01914699375629425
PTPN14_RNA,-0.019154438748955727
YIPF7_RNA,-0.01915503665804863
MMRN1_RNA,-0.01915673352777958
DCDC1_RNA,-0.019157931208610535
USP22_RNA,-0.01917165517807007
HAND2_RNA,-0.019174182787537575
YBX2_RNA,-0.01919972151517868
GNA13_RNA,-0.019200576469302177
EDAR_RNA,-0.019205590710043907
MSX2_RNA,-0.019207783043384552
CD1E_RNA,-0.019213516265153885
UBE2R2_RNA,-0.019222576171159744
MIR593_RNA,-0.019224781543016434
MID2_RNA,-0.019225092604756355
GRK6_RNA,-0.019225964322686195
MCRS1_RNA,-0.019253496080636978
SNORD15B_RNA,-0.01926225610077381
KDM1B_RNA,-0.019262976944446564
CD302_RNA,-0.019267741590738297
DCK_RNA,-0.019271109253168106
GALNT8_RNA,-0.019292062148451805
SRF_RNA,-0.019295187667012215
IGFBP3_RNA,-0.019297456368803978
NIP7_RNA,-0.019301094114780426
VWA3A_RNA,-0.019304420799016953
NHLH1_RNA,-0.01931179314851761
NPHS1_RNA,-0.019320813938975334
HOXC11_RNA,-0.019340313971042633
FBXW5_RNA,-0.019344061613082886
FOXP3_RNA,-0.01935574598610401
SERINC5_RNA,-0.01936008408665657
REP15_RNA,-0.019363338127732277
MTX3_RNA,-0.019366152584552765
ASB9_RNA,-0.01936635933816433
DRD3_RNA,-0.019368423148989677
TMEM108_RNA,-0.019370736554265022
CETN2_RNA,-0.019372254610061646
CHIT1_RNA,-0.019373048096895218
SLC17A9_RNA,-0.01937519572675228
CFDP1_RNA,-0.01937521994113922
ZNF584_RNA,-0.019378259778022766
RRP7A_RNA,-0.019387414678931236
RASD2_RNA,-0.01938866637647152
RASL11B_RNA,-0.019389759749174118
PHF20L1_RNA,-0.019390642642974854
SLC39A8_RNA,-0.019404549151659012
PSMD3_RNA,-0.01940549537539482
ABCB9_RNA,-0.019408732652664185
GRM2_RNA,-0.019412964582443237
UXT_RNA,-0.019423415884375572
LRRN2_RNA,-0.019424758851528168
F2_RNA,-0.019437173381447792
SLC17A4_RNA,-0.019450193271040916
SOX13_RNA,-0.019455717876553535
PEX26_RNA,-0.019456280395388603
EIF2A_RNA,-0.019459113478660583
SCTR_RNA,-0.019462430849671364
AADACL2_RNA,-0.01946306601166725
GNAL_RNA,-0.0194670669734478
FER_RNA,-0.019476916640996933
SPATA16_RNA,-0.01947789452970028
ARMCX5_RNA,-0.019479626789689064
COL4A1_RNA,-0.01948380470275879
ZNF330_RNA,-0.019492071121931076
HOXB2_RNA,-0.019506225362420082
SLITRK4_RNA,-0.01950642466545105
RALB_RNA,-0.019527824595570564
COQ10B_RNA,-0.019533034414052963
TIMM44_RNA,-0.019536219537258148
SFMBT1_RNA,-0.01953931152820587
MAMLD1_RNA,-0.019542407244443893
FRMPD1_RNA,-0.01954633556306362
KBTBD12_RNA,-0.019550764933228493
TPX2_RNA,-0.019551491364836693
MIF4GD_RNA,-0.01956174708902836
BCKDHA_RNA,-0.019563494250178337
PFKFB1_RNA,-0.019569505006074905
DEAF1_RNA,-0.019576748833060265
ERP29_RNA,-0.01958031766116619
BHLHA15_RNA,-0.0195913165807724
EFNB2_RNA,-0.01959327422082424
ATRNL1_RNA,-0.019596675410866737
CCDC43_RNA,-0.019599691033363342
TIMM8B_RNA,-0.019603384658694267
TACC3_RNA,-0.01960553228855133
DDX10_RNA,-0.019606083631515503
ST20_RNA,-0.019614851102232933
TBC1D24_RNA,-0.019617289304733276
ZNF468_RNA,-0.019634146243333817
CHMP2A_RNA,-0.01964082382619381
FABP7_RNA,-0.019642550498247147
ZC3H10_RNA,-0.019652267917990685
UBE2B_RNA,-0.01965937204658985
TIAL1_RNA,-0.019660096615552902
PM20D1_RNA,-0.019671235233545303
PTPN1_RNA,-0.01967211812734604
CNBP_RNA,-0.019687097519636154
LAMC2_RNA,-0.019694149494171143
RNF182_RNA,-0.01970094069838524
WDR38_RNA,-0.019701100885868073
C6orf58_RNA,-0.019702600315213203
MIR1251_RNA,-0.019702710211277008
NT5DC3_RNA,-0.019703255966305733
AKAP11_RNA,-0.019704828038811684
MCM5_RNA,-0.01972040720283985
GEMIN6_RNA,-0.019724110141396523
SPC25_RNA,-0.019729021936655045
CRABP1_RNA,-0.01973910629749298
ZNF23_RNA,-0.019743843004107475
SLC17A6_RNA,-0.019754411652684212
FGGY_RNA,-0.01975461281836033
FBLN2_RNA,-0.019762979820370674
COG4_RNA,-0.01977028325200081
HSD17B10_RNA,-0.01977243833243847
CNOT10_RNA,-0.01977779157459736
SP9_RNA,-0.01978437975049019
SLFN12L_RNA,-0.019786491990089417
ITGA9_RNA,-0.019792558625340462
MASTL_RNA,-0.01979449763894081
PTRH1_RNA,-0.019797492772340775
LGALS7_RNA,-0.019803836941719055
ZACN_RNA,-0.01980535313487053
SLC22A8_RNA,-0.019805461168289185
ESPNL_RNA,-0.019809909164905548
RNF181_RNA,-0.019814439117908478
ATXN8OS_RNA,-0.01981532759964466
PPFIA4_RNA,-0.019831357523798943
SLC22A3_RNA,-0.019841374829411507
PRKCZ_RNA,-0.019853712990880013
DNMT3B_RNA,-0.019859198480844498
SPCS2_RNA,-0.019861793145537376
PRKAG1_RNA,-0.019862059503793716
PRCD_RNA,-0.01986762322485447
TRIM28_RNA,-0.019875286146998405
SLC39A4_RNA,-0.019879907369613647
CCL21_RNA,-0.019888706505298615
AHNAK2_RNA,-0.019889121875166893
GOLGA2_RNA,-0.01989935338497162
LY96_RNA,-0.019902024418115616
MSR1_RNA,-0.01990354247391224
ZNF678_RNA,-0.01990853063762188
UGT1A1_RNA,-0.019910026341676712
PRSS35_RNA,-0.019911525771021843
DDX50_RNA,-0.019925113767385483
LRRCC1_RNA,-0.019930139183998108
APCDD1L_RNA,-0.01993734948337078
ATP6V0E1_RNA,-0.019955668598413467
LAD1_RNA,-0.019960423931479454
S100A2_RNA,-0.01997603289783001
HSD17B2_RNA,-0.01998283341526985
PNMT_RNA,-0.01998309977352619
DPYD_RNA,-0.019983872771263123
LCN12_RNA,-0.019985338672995567
SLC25A31_RNA,-0.019987741485238075
TAF9B_RNA,-0.020002616569399834
INSL3_RNA,-0.020002733916044235
PDZD8_RNA,-0.02000967040657997
PCP4L1_RNA,-0.020010806620121002
SCARB1_RNA,-0.02002323977649212
ZNF324B_RNA,-0.020036283880472183
PJA1_RNA,-0.020041516050696373
STAG1_RNA,-0.020042603835463524
LDLR_RNA,-0.02005176804959774
MRPL21_RNA,-0.02005203254520893
MORN5_RNA,-0.020055526867508888
RAET1E_RNA,-0.020063946023583412
LMLN_RNA,-0.02006394974887371
PTTG2_RNA,-0.020064396783709526
CCDC137_RNA,-0.020067123696208
CCDC39_RNA,-0.020088009536266327
FGD3_RNA,-0.02009286731481552
FBXO27_RNA,-0.02010246552526951
FOXE3_RNA,-0.020114602521061897
HES1_RNA,-0.020115170627832413
EFNA3_RNA,-0.020130963996052742
WDR44_RNA,-0.020135954022407532
COL2A1_RNA,-0.020136775448918343
SRR_RNA,-0.020147837698459625
HPCAL4_RNA,-0.020151466131210327
RNASE8_RNA,-0.02015325240790844
KRT8_RNA,-0.020178867504000664
GOPC_RNA,-0.020179875195026398
CUTC_RNA,-0.020181842148303986
PHLDB2_RNA,-0.02018308825790882
PDCD5_RNA,-0.02018546871840954
PRR7_RNA,-0.02019062079489231
PHGR1_RNA,-0.02019425854086876
GALNT5_RNA,-0.020207492634654045
ARMC3_RNA,-0.020211847499012947
RBM15B_RNA,-0.020216859877109528
NKAIN1_RNA,-0.02021903172135353
C11orf21_RNA,-0.02025984413921833
DIRAS3_RNA,-0.020263537764549255
NPW_RNA,-0.020284166559576988
BNC1_RNA,-0.02029315195977688
FAM53B_RNA,-0.020303254947066307
KRTAP1-5_RNA,-0.02030874975025654
COL11A1_RNA,-0.02031259424984455
HIP1R_RNA,-0.020342648029327393
BRIP1_RNA,-0.020348941907286644
FAM149A_RNA,-0.020351503044366837
ZNF879_RNA,-0.02035157009959221
XKR9_RNA,-0.0203606765717268
CREG1_RNA,-0.020371388643980026
XYLT1_RNA,-0.020372746512293816
NME6_RNA,-0.020373957231640816
MAPK15_RNA,-0.020377639681100845
DCHS1_RNA,-0.020382072776556015
TRAK2_RNA,-0.020397493615746498
TMX4_RNA,-0.0203984584659338
BEX4_RNA,-0.020401248708367348
ZXDB_RNA,-0.02040998265147209
GNAI1_RNA,-0.020412622019648552
ZNF121_RNA,-0.02042287029325962
DNAJB9_RNA,-0.020425114780664444
PRDM4_RNA,-0.020431747660040855
MACROD2_RNA,-0.020432161167263985
MYLIP_RNA,-0.02043895237147808
UNC5CL_RNA,-0.020443949848413467
FLJ42393_RNA,-0.02044440060853958
BCKDK_RNA,-0.020454417914152145
RASSF10_RNA,-0.02045799046754837
MAD2L1BP_RNA,-0.02046601101756096
BTLA_RNA,-0.02046801894903183
TRIM46_RNA,-0.02047291398048401
LRTOMT_RNA,-0.02047332189977169
TSGA13_RNA,-0.020484013482928276
TMEM50B_RNA,-0.020487375557422638
TFB2M_RNA,-0.02048754319548607
MIR376B_RNA,-0.0204897653311491
NAA50_RNA,-0.02049022912979126
FUT9_RNA,-0.0204947367310524
PIP_RNA,-0.020498983561992645
ZCCHC14_RNA,-0.020500263199210167
MMP1_RNA,-0.020502006635069847
ATP6AP2_RNA,-0.02050676941871643
SMUG1_RNA,-0.020507551729679108
GRK7_RNA,-0.02050803415477276
SOX12_RNA,-0.02051651105284691
PRRT2_RNA,-0.020521115511655807
CDKN1C_RNA,-0.02052305079996586
THY1_RNA,-0.020528648048639297
KRT78_RNA,-0.020534630864858627
F2RL2_RNA,-0.02054126374423504
MAP2_RNA,-0.020541884005069733
TMEM80_RNA,-0.020548654720187187
SLC39A7_RNA,-0.02057693898677826
DPY30_RNA,-0.020584486424922943
PACSIN2_RNA,-0.02058766968548298
ELP4_RNA,-0.020593861117959023
PPM1F_RNA,-0.020593984052538872
ALLC_RNA,-0.020603841170668602
TBX5_RNA,-0.020604712888598442
LCAT_RNA,-0.020606741309165955
TEAD3_RNA,-0.020608188584446907
A1BG_RNA,-0.020612357184290886
ANGPT2_RNA,-0.020644789561629295
C19orf73_RNA,-0.020646480843424797
HAUS6_RNA,-0.020655658096075058
TNFAIP3_RNA,-0.02065669372677803
GJC3_RNA,-0.020658768713474274
USP2_RNA,-0.02066902071237564
BCAP31_RNA,-0.020678656175732613
PSMB6_RNA,-0.020683733746409416
SIGIRR_RNA,-0.020687563344836235
TTLL12_RNA,-0.020689144730567932
ZNF813_RNA,-0.02069460228085518
LDLRAD2_RNA,-0.02069541998207569
ALOXE3_RNA,-0.02070004679262638
MTMR4_RNA,-0.020700372755527496
DCST2_RNA,-0.020701343193650246
ERP27_RNA,-0.020701348781585693
AACS_RNA,-0.02070397324860096
NUDT5_RNA,-0.02073129452764988
TSG101_RNA,-0.02073456346988678
MOGAT1_RNA,-0.020734712481498718
SVIL_RNA,-0.020736709237098694
ALS2CL_RNA,-0.02073812112212181
AGTR1_RNA,-0.020740700885653496
WFDC3_RNA,-0.020744452252984047
PAXIP1_RNA,-0.020759809762239456
EHD3_RNA,-0.020760947838425636
THAP1_RNA,-0.02076328545808792
NFKBIE_RNA,-0.020775550976395607
LMAN1_RNA,-0.020778188481926918
ENTPD4_RNA,-0.020789271220564842
FNDC8_RNA,-0.020792139694094658
DYNLRB2_RNA,-0.020801948383450508
CD79B_RNA,-0.020817311480641365
CLCN4_RNA,-0.02082280069589615
SEH1L_RNA,-0.02082928642630577
ZNF396_RNA,-0.020830204710364342
MCM10_RNA,-0.02083526737987995
KLHDC8B_RNA,-0.020838243886828423
RAD18_RNA,-0.02085002511739731
CHRM2_RNA,-0.020859740674495697
ZNF300_RNA,-0.02086423709988594
HYDIN_RNA,-0.020873891189694405
RNH1_RNA,-0.020874114707112312
CAST_RNA,-0.02087455429136753
CSNK2A2_RNA,-0.02088160254061222
CDC25A_RNA,-0.020885344594717026
CDCA7_RNA,-0.020885560661554337
GMPS_RNA,-0.020886769518256187
RHOQ_RNA,-0.020887106657028198
TLX2_RNA,-0.02090233750641346
CD163_RNA,-0.020902544260025024
LTA_RNA,-0.02091134525835514
NRIP1_RNA,-0.020921137183904648
CBY1_RNA,-0.020927397534251213
ASTE1_RNA,-0.020932598039507866
CLCN1_RNA,-0.020935721695423126
TBC1D19_RNA,-0.020935965701937675
DNAJC15_RNA,-0.02093691937625408
CLEC2L_RNA,-0.020942380651831627
UBAP1_RNA,-0.020958850160241127
UCN2_RNA,-0.02095998451113701
SPSB3_RNA,-0.020964529365301132
CENPF_RNA,-0.020969366654753685
NAAA_RNA,-0.020974276587367058
C22orf23_RNA,-0.020988905802369118
SLC10A1_RNA,-0.02099348045885563
IL1RL2_RNA,-0.020996827632188797
F11R_RNA,-0.020997075363993645
DEFB135_RNA,-0.021001137793064117
SLC44A4_RNA,-0.02100502699613571
ABHD14B_RNA,-0.021010365337133408
MALAT1_RNA,-0.021013332530856133
MUSK_RNA,-0.021019110456109047
SNX14_RNA,-0.02102850377559662
OR1E1_RNA,-0.021029673516750336
CMTM2_RNA,-0.02103291265666485
MXD3_RNA,-0.021040350198745728
PCDHA3_RNA,-0.02104376256465912
KIAA1191_RNA,-0.021047309041023254
MICB_RNA,-0.021047700196504593
SPTBN5_RNA,-0.021048331633210182
ESYT1_RNA,-0.0210487749427557
NAB2_RNA,-0.021052241325378418
KIF22_RNA,-0.021055513992905617
KIF5C_RNA,-0.021055638790130615
RRP12_RNA,-0.02107185870409012
ZNF625_RNA,-0.021073516458272934
MRPS23_RNA,-0.02107383869588375
MFAP3_RNA,-0.02108065038919449
SPRR2D_RNA,-0.021082859486341476
PWWP2A_RNA,-0.021086936816573143
MYT1_RNA,-0.021093811839818954
DCTPP1_RNA,-0.02110196463763714
B3GNT3_RNA,-0.021105874329805374
SYT5_RNA,-0.02110636793076992
SLC6A12_RNA,-0.02110886760056019
GK5_RNA,-0.02111021801829338
RAB21_RNA,-0.0211112629622221
CLEC3A_RNA,-0.02111242711544037
KCNH2_RNA,-0.0211129542440176
PIGV_RNA,-0.021113839000463486
GSTO1_RNA,-0.021119659766554832
NDUFA11_RNA,-0.021126825362443924
HTR5A_RNA,-0.021130692213773727
NKX2-3_RNA,-0.021133964881300926
GNPAT_RNA,-0.02113894373178482
SERTAD3_RNA,-0.02114233560860157
ZFX_RNA,-0.02115423046052456
HTR3E_RNA,-0.02116185799241066
ESPN_RNA,-0.021167559549212456
CNIH2_RNA,-0.021177560091018677
IDO2_RNA,-0.02118266373872757
MAGEC1_RNA,-0.021188272163271904
IQCB1_RNA,-0.02119065448641777
NKIRAS2_RNA,-0.021190859377384186
RGS17_RNA,-0.021197672933340073
KCTD13_RNA,-0.021203365176916122
MIR744_RNA,-0.02120477892458439
MMP13_RNA,-0.021206537261605263
DLK1_RNA,-0.021209320053458214
DARS2_RNA,-0.021211940795183182
TMEM95_RNA,-0.02121727354824543
SESN3_RNA,-0.02121887169778347
COL8A1_RNA,-0.021221905946731567
LMX1B_RNA,-0.021226458251476288
NUDT11_RNA,-0.021237611770629883
C6orf141_RNA,-0.02123979851603508
FRMD8_RNA,-0.02126186527311802
OSMR_RNA,-0.021282000467181206
MNX1_RNA,-0.021283365786075592
CREB3L1_RNA,-0.021286174654960632
FAR1_RNA,-0.02129955217242241
GPR17_RNA,-0.021299896761775017
GPR142_RNA,-0.02130522020161152
HTRA3_RNA,-0.021324509754776955
DDX55_RNA,-0.021326972171664238
FAM124B_RNA,-0.021338045597076416
ZSCAN22_RNA,-0.02134663611650467
TMEM38B_RNA,-0.021357662975788116
ARAP3_RNA,-0.021361390128731728
LRRC27_RNA,-0.021364286541938782
OTOR_RNA,-0.021367035806179047
LEPR_RNA,-0.02136705443263054
TPBG_RNA,-0.021378209814429283
TRAF3IP2_RNA,-0.02138088084757328
SMC2_RNA,-0.02138393372297287
SNHG3_RNA,-0.021409915760159492
DNAL4_RNA,-0.02141832374036312
PPFIBP1_RNA,-0.02142270654439926
ARL4D_RNA,-0.021424895152449608
SNORA2A_RNA,-0.021427370607852936
C2orf74_RNA,-0.02144133672118187
LRRC10B_RNA,-0.021450674161314964
PHOX2B_RNA,-0.021451497450470924
RADIL_RNA,-0.02145468443632126
CYP4A11_RNA,-0.021458953619003296
DUSP1_RNA,-0.021469036117196083
CD40_RNA,-0.021471288055181503
KIF19_RNA,-0.021472789347171783
BLK_RNA,-0.021473780274391174
BUB1B_RNA,-0.021488284692168236
DDX46_RNA,-0.021489353850483894
NACAD_RNA,-0.02149764634668827
THAP7_RNA,-0.021505732089281082
SNRPB2_RNA,-0.02151038683950901
SYNPO_RNA,-0.021511387079954147
CGREF1_RNA,-0.02152555249631405
AP2S1_RNA,-0.02152847871184349
GFRA1_RNA,-0.021529724821448326
CHTF8_RNA,-0.021532580256462097
CLEC3B_RNA,-0.021544594317674637
CHCHD6_RNA,-0.021553782746195793
C5AR1_RNA,-0.021555449813604355
JOSD2_RNA,-0.021556701511144638
MGMT_RNA,-0.02156209759414196
MOGAT2_RNA,-0.021580353379249573
RNF113A_RNA,-0.02160242758691311
ZNF555_RNA,-0.021612243726849556
NPTX2_RNA,-0.02161450684070587
CCDC81_RNA,-0.02161608636379242
MUTYH_RNA,-0.0216263048350811
SLC35A3_RNA,-0.021627062931656837
UROS_RNA,-0.021633243188261986
SOX1_RNA,-0.021636193618178368
SLC22A13_RNA,-0.021636398509144783
CD8A_RNA,-0.02164345607161522
SYTL3_RNA,-0.021645206958055496
ZSCAN5A_RNA,-0.021664265543222427
FAM180A_RNA,-0.02166895568370819
ADAMTSL4_RNA,-0.021677980199456215
CYCSP52_RNA,-0.021683942526578903
ZNF408_RNA,-0.02168755792081356
SIX3_RNA,-0.02168928273022175
NCAPH_RNA,-0.021692050620913506
ASB1_RNA,-0.021696120500564575
ZNF37A_RNA,-0.021700335666537285
TMEM139_RNA,-0.021701814606785774
UBE2U_RNA,-0.021711397916078568
NOL11_RNA,-0.02171441912651062
TOMM20_RNA,-0.021718276664614677
CDC25B_RNA,-0.0217303354293108
EGR1_RNA,-0.021738801151514053
TEX264_RNA,-0.02174365147948265
REG1A_RNA,-0.021752476692199707
DOK3_RNA,-0.02175331674516201
RUNX2_RNA,-0.02175716683268547
DPPA2_RNA,-0.021760160103440285
MYL12B_RNA,-0.02176019176840782
DCBLD2_RNA,-0.021760622039437294
EBF3_RNA,-0.021763253957033157
SYT4_RNA,-0.021772174164652824
SMARCD1_RNA,-0.02177334763109684
TULP2_RNA,-0.021774111315608025
YIF1A_RNA,-0.021777620539069176
ZNF26_RNA,-0.021777700632810593
PMP22_RNA,-0.021779131144285202
ATAD5_RNA,-0.02178264781832695
TMEM31_RNA,-0.021786203607916832
SLC9A5_RNA,-0.021786758676171303
RUNDC3A_RNA,-0.02178865298628807
ESD_RNA,-0.02179119922220707
EN1_RNA,-0.02179705537855625
KLHL30_RNA,-0.021807357668876648
TNP1_RNA,-0.021808678284287453
DDX25_RNA,-0.021811535581946373
RMND1_RNA,-0.021813441067934036
PFN1_RNA,-0.021815000101923943
LOC283731_RNA,-0.021821709349751472
SNORD67_RNA,-0.021840162575244904
GSTA4_RNA,-0.021844908595085144
FAM76A_RNA,-0.021849194541573524
CHAC1_RNA,-0.021856967359781265
HNRNPU_RNA,-0.021860061213374138
ZFP42_RNA,-0.02187209576368332
TACR2_RNA,-0.021882200613617897
OR52B2_RNA,-0.021889958530664444
LSM11_RNA,-0.021900774911046028
PUS3_RNA,-0.02190457470715046
ZNF140_RNA,-0.021909933537244797
UNC80_RNA,-0.02191188372671604
CAP1_RNA,-0.02192235365509987
IL1R2_RNA,-0.021928874775767326
MRPL2_RNA,-0.02194785326719284
ANKS4B_RNA,-0.021950427442789078
DCAF12_RNA,-0.02195540815591812
SNORD99_RNA,-0.021956566721200943
DEPDC4_RNA,-0.021965621039271355
USH2A_RNA,-0.021977005526423454
NEIL3_RNA,-0.02197822742164135
SYCE1L_RNA,-0.02198229357600212
CA3_RNA,-0.021982327103614807
RARRES1_RNA,-0.021984510123729706
VAMP5_RNA,-0.021986499428749084
C10orf55_RNA,-0.021990761160850525
LHFPL2_RNA,-0.021992793306708336
DNMT3A_RNA,-0.021998802199959755
SNORD92_RNA,-0.02200854755938053
EFHB_RNA,-0.02200993336737156
ZAR1_RNA,-0.022012129426002502
DNTT_RNA,-0.02201397903263569
PPP1CC_RNA,-0.022033197805285454
CHCHD1_RNA,-0.02203913778066635
KCNJ14_RNA,-0.022040216252207756
SCUBE2_RNA,-0.0220505204051733
COASY_RNA,-0.022058451548218727
ADM_RNA,-0.022061822935938835
OTUD3_RNA,-0.0220625177025795
KCTD19_RNA,-0.022063089534640312
NOS1_RNA,-0.02206360176205635
TMPRSS3_RNA,-0.02206919714808464
FBP2_RNA,-0.022069409489631653
PTPRO_RNA,-0.022070543840527534
SNORA16B_RNA,-0.02207181788980961
MIAT_RNA,-0.022078605368733406
OPRD1_RNA,-0.022079138085246086
KRT32_RNA,-0.022081810981035233
KLHL11_RNA,-0.02209254913032055
SCARNA1_RNA,-0.022106649354100227
EFCAB6_RNA,-0.022109447047114372
TPD52_RNA,-0.022109562531113625
IL22_RNA,-0.022114533931016922
SSR1_RNA,-0.022115325555205345
DMBX1_RNA,-0.022120226174592972
CCNI2_RNA,-0.02212408557534218
OXSM_RNA,-0.022135106846690178
STRAP_RNA,-0.022136257961392403
PLCD1_RNA,-0.022138578817248344
MGAT1_RNA,-0.022146636620163918
SPACA3_RNA,-0.022148417308926582
JAK2_RNA,-0.02214949019253254
LRP11_RNA,-0.02215556427836418
ACTR5_RNA,-0.022165970876812935
DDX19B_RNA,-0.02217251993715763
DLX5_RNA,-0.02217913046479225
BRCC3_RNA,-0.022180235013365746
NUDC_RNA,-0.022181080654263496
HOXC9_RNA,-0.022184889763593674
RLIM_RNA,-0.022187909111380577
RTKN_RNA,-0.022192057222127914
DAPL1_RNA,-0.022197645157575607
CHD1L_RNA,-0.022206315770745277
MAP6_RNA,-0.022216130048036575
TAGLN3_RNA,-0.022227445617318153
NT5E_RNA,-0.022227734327316284
SERTAD4_RNA,-0.022246332839131355
DSG2_RNA,-0.022266020998358727
GPI_RNA,-0.022272421047091484
DUSP8_RNA,-0.022294867783784866
CLDN9_RNA,-0.02230019122362137
RPS19BP1_RNA,-0.022304154932498932
PNPLA4_RNA,-0.02231956087052822
DACT2_RNA,-0.022326083853840828
FKBP11_RNA,-0.0223268810659647
GEMIN4_RNA,-0.022329360246658325
GPA33_RNA,-0.02233382686972618
TLL1_RNA,-0.022339386865496635
IL15_RNA,-0.022344063967466354
SPC24_RNA,-0.022348502650856972
EXO1_RNA,-0.022351227700710297
B9D2_RNA,-0.0223642997443676
IHH_RNA,-0.022364774718880653
ANG_RNA,-0.022365465760231018
PELI1_RNA,-0.022381240501999855
TUBA8_RNA,-0.022394396364688873
LINGO4_RNA,-0.022398073226213455
ZC4H2_RNA,-0.02239808440208435
ELOF1_RNA,-0.022400302812457085
NPPA_RNA,-0.02240634895861149
TOP2A_RNA,-0.022410880774259567
CRIP1_RNA,-0.022427914664149284
SPAG1_RNA,-0.02243136614561081
GLRA2_RNA,-0.0224513728171587
GPR18_RNA,-0.022462112829089165
MIR1205_RNA,-0.022463982924818993
GPX8_RNA,-0.02246677502989769
CWC15_RNA,-0.022476162761449814
MRPS15_RNA,-0.022487716749310493
ANKS3_RNA,-0.022488702088594437
PPOX_RNA,-0.022497786208987236
MRPL13_RNA,-0.022499755024909973
LTA4H_RNA,-0.022502141073346138
PHYH_RNA,-0.022507335990667343
ZNF8_RNA,-0.022507626563310623
DCX_RNA,-0.022510699927806854
GINS1_RNA,-0.022513141855597496
PDZRN4_RNA,-0.022514890879392624
GPN2_RNA,-0.022516777738928795
NGLY1_RNA,-0.02251701056957245
MAGEA12_RNA,-0.022525936365127563
SCN3A_RNA,-0.022534994408488274
UBE2I_RNA,-0.022536765784025192
CRYBB2_RNA,-0.022538701072335243
FAM53A_RNA,-0.02254309505224228
MAGEA4_RNA,-0.02254686877131462
POLR2G_RNA,-0.022547787055373192
MED19_RNA,-0.022566216066479683
TMEM72_RNA,-0.022577309980988503
HSPH1_RNA,-0.022580495104193687
SCARNA18_RNA,-0.022580798715353012
RBP4_RNA,-0.02258296124637127
MRPL20_RNA,-0.022586902603507042
SLC32A1_RNA,-0.022598376497626305
SLC19A2_RNA,-0.022610925137996674
CDKN2AIPNL_RNA,-0.022610945627093315
PLEKHA8_RNA,-0.022613925859332085
CDK2_RNA,-0.02262418530881405
NDUFAF3_RNA,-0.022627396509051323
DTL_RNA,-0.022630834951996803
TPRA1_RNA,-0.02263741008937359
TRAF1_RNA,-0.022641487419605255
SPEF2_RNA,-0.022644327953457832
ZNF281_RNA,-0.02265980839729309
DDX53_RNA,-0.02266211062669754
SNORA11_RNA,-0.022665735334157944
CHRNB3_RNA,-0.022676054388284683
CALHM2_RNA,-0.022676406428217888
RAB17_RNA,-0.0226795244961977
SLC30A9_RNA,-0.022684309631586075
PRPF38A_RNA,-0.022691037505865097
LRRN4_RNA,-0.022707410156726837
UACA_RNA,-0.02270834892988205
AFAP1L1_RNA,-0.02270953543484211
PSMD4_RNA,-0.02272055856883526
TTC38_RNA,-0.022727400064468384
DTYMK_RNA,-0.022728728130459785
ODF2_RNA,-0.02274828404188156
PADI1_RNA,-0.022754428908228874
DGAT1_RNA,-0.02275453880429268
ASB14_RNA,-0.02275608479976654
INSIG1_RNA,-0.02275725081562996
NPY5R_RNA,-0.022758619859814644
F3_RNA,-0.02276143804192543
PAPSS1_RNA,-0.022762970998883247
MIR551A_RNA,-0.02276637591421604
SH3BP5_RNA,-0.0227665938436985
IL23R_RNA,-0.022769225761294365
RUSC2_RNA,-0.02277926541864872
RRAD_RNA,-0.022786401212215424
LUC7L_RNA,-0.022786935791373253
TIMM8A_RNA,-0.022788412868976593
ZNF157_RNA,-0.022793378680944443
THBD_RNA,-0.022798484191298485
MFAP2_RNA,-0.02282191999256611
CYP26A1_RNA,-0.02282329834997654
CHRNA3_RNA,-0.022830164059996605
MBD4_RNA,-0.022855732589960098
CALML6_RNA,-0.02286059968173504
FBXO28_RNA,-0.02286124788224697
FAM8A1_RNA,-0.022861896082758904
MIR135B_RNA,-0.022863194346427917
PHLDA2_RNA,-0.022870270535349846
HSPA4L_RNA,-0.022878993302583694
DPPA4_RNA,-0.02288125455379486
MAN2B1_RNA,-0.0228897575289011
DNAH5_RNA,-0.02289426326751709
ABCB4_RNA,-0.022917769849300385
CDC25C_RNA,-0.022918932139873505
CLRN1_RNA,-0.022937873378396034
TIMM22_RNA,-0.022942902520298958
LAX1_RNA,-0.022946856915950775
GDF3_RNA,-0.02296089008450508
PIGC_RNA,-0.0229624155908823
C17orf100_RNA,-0.022963780909776688
TATDN1_RNA,-0.022968972101807594
PLA2G1B_RNA,-0.022971734404563904
ATAD3C_RNA,-0.02299252338707447
RPP30_RNA,-0.023012299090623856
SETD4_RNA,-0.02301698923110962
SNORD59A_RNA,-0.02301906794309616
PKDCC_RNA,-0.02302362211048603
CLEC4C_RNA,-0.02302415482699871
CLNK_RNA,-0.02302755042910576
PRKAB2_RNA,-0.023039497435092926
RNFT1_RNA,-0.023041948676109314
PBK_RNA,-0.023041965439915657
ZNF704_RNA,-0.023043129593133926
ADM2_RNA,-0.02304336242377758
SLC29A1_RNA,-0.02304474264383316
LIMS1_RNA,-0.023070530965924263
MARCKS_RNA,-0.023074837401509285
WWP2_RNA,-0.02309950441122055
KCNS1_RNA,-0.023105047643184662
AP1S3_RNA,-0.023119451478123665
SNORD116-17_RNA,-0.023123161867260933
DNTTIP2_RNA,-0.023133963346481323
PSMB4_RNA,-0.02314731478691101
ASB8_RNA,-0.023162243887782097
ACTL7B_RNA,-0.02316262759268284
ZNF511_RNA,-0.023163409903645515
RBM12B_RNA,-0.023171180859208107
KCNT2_RNA,-0.023173516616225243
ZNF451_RNA,-0.023179205134510994
HSPE1_RNA,-0.023181594908237457
SLC24A5_RNA,-0.02319917641580105
PIP4K2C_RNA,-0.023206636309623718
TCEAL5_RNA,-0.023207955062389374
TNFAIP8_RNA,-0.023208776488900185
IL1RN_RNA,-0.02321874350309372
PRAP1_RNA,-0.02322458289563656
DAXX_RNA,-0.02322634868323803
DSCAM_RNA,-0.023251153528690338
RWDD1_RNA,-0.02325127087533474
CACNA1F_RNA,-0.023253342136740685
NOG_RNA,-0.02325558289885521
SLC1A5_RNA,-0.023255590349435806
FAM89B_RNA,-0.023263152688741684
TMEM88_RNA,-0.023265071213245392
CKAP2L_RNA,-0.023266583681106567
TMEM150C_RNA,-0.023267026990652084
SLC35A2_RNA,-0.023272793740034103
ASF1B_RNA,-0.023273436352610588
NPY_RNA,-0.02328471653163433
GPR3_RNA,-0.023295767605304718
BRAP_RNA,-0.023304201662540436
BNIP3L_RNA,-0.02330857329070568
SLC15A1_RNA,-0.02331116609275341
FAM111B_RNA,-0.023311519995331764
CAMLG_RNA,-0.023322051391005516
APBB2_RNA,-0.02332291007041931
SFTA2_RNA,-0.0233258455991745
CHST4_RNA,-0.023327913135290146
FAM98A_RNA,-0.023350024595856667
CCDC28B_RNA,-0.023352915421128273
RIPPLY2_RNA,-0.023363957181572914
CRTAM_RNA,-0.023368971422314644
CHAF1A_RNA,-0.02337254211306572
FPGT_RNA,-0.023373404517769814
BNIP1_RNA,-0.023374030366539955
CAV3_RNA,-0.02338414452970028
SCPEP1_RNA,-0.023389723151922226
OR10H1_RNA,-0.02339647151529789
TMEM179_RNA,-0.023405442014336586
ADAM8_RNA,-0.023406025022268295
CDO1_RNA,-0.02343982830643654
BTF3L4_RNA,-0.023442432284355164
YEATS2_RNA,-0.023446526378393173
NDUFB9_RNA,-0.02344682067632675
NDUFV3_RNA,-0.023454811424016953
C6orf226_RNA,-0.023465335369110107
REV3L_RNA,-0.02347744069993496
EFHC2_RNA,-0.023494113236665726
ZNF213_RNA,-0.02351430431008339
ENPP5_RNA,-0.023517603054642677
B4GALNT4_RNA,-0.02351818047463894
SOCS3_RNA,-0.023524487391114235
CHRDL1_RNA,-0.02353624440729618
PGP_RNA,-0.023538170382380486
CCDC65_RNA,-0.023538952693343163
DYNLL2_RNA,-0.02355257235467434
POLG2_RNA,-0.02355876937508583
TCEAL6_RNA,-0.02356581576168537
CNOT7_RNA,-0.023567037656903267
FKBP7_RNA,-0.02356737293303013
MIR30E_RNA,-0.02356802299618721
GPR152_RNA,-0.02359406091272831
OR5AU1_RNA,-0.023599853739142418
ABLIM2_RNA,-0.02360781468451023
N4BP3_RNA,-0.023622730746865273
PFN2_RNA,-0.0236259326338768
PTGR1_RNA,-0.023626629263162613
CTDSPL_RNA,-0.023626910522580147
PDIA5_RNA,-0.023634817451238632
COL24A1_RNA,-0.023638678714632988
USO1_RNA,-0.02363872341811657
PINX1_RNA,-0.023651879280805588
RAD54B_RNA,-0.023653080686926842
UTF1_RNA,-0.023661283776164055
ALX1_RNA,-0.023670557886362076
KRT75_RNA,-0.023688390851020813
HSPB1_RNA,-0.02369694411754608
SFI1_RNA,-0.023707667365670204
THEM4_RNA,-0.02371109463274479
CCNA2_RNA,-0.023716555908322334
DDX41_RNA,-0.023723971098661423
JTB_RNA,-0.0237280260771513
PSD_RNA,-0.023728948086500168
L1CAM_RNA,-0.023747390136122704
CCNH_RNA,-0.02375231496989727
SBK1_RNA,-0.023755555972456932
SMPD2_RNA,-0.02375940978527069
FCRL1_RNA,-0.023767661303281784
HOXC10_RNA,-0.023768575862050056
KSR2_RNA,-0.023773467168211937
CXorf38_RNA,-0.02377375401556492
MAPK7_RNA,-0.023784156888723373
BRS3_RNA,-0.023804007098078728
CADM1_RNA,-0.023807095363736153
MTMR12_RNA,-0.023811914026737213
MND1_RNA,-0.02381630428135395
TMBIM4_RNA,-0.023821821436285973
KHNYN_RNA,-0.023830212652683258
LPAR2_RNA,-0.023835424333810806
ROCK2_RNA,-0.023847343400120735
CORO7_RNA,-0.023852327838540077
MYBL2_RNA,-0.023852501064538956
ZBTB8A_RNA,-0.023852648213505745
KIF3B_RNA,-0.023857481777668
HAUS3_RNA,-0.023859506472945213
SHISA7_RNA,-0.023870786651968956
RBAK_RNA,-0.023881549015641212
NPAS2_RNA,-0.02388402447104454
CDV3_RNA,-0.023890230804681778
CCDC138_RNA,-0.023890500888228416
HSD17B8_RNA,-0.023895593360066414
TMEM81_RNA,-0.02389817126095295
TMCO2_RNA,-0.023903630673885345
BIRC3_RNA,-0.023928232491016388
PLD1_RNA,-0.02393014170229435
RFWD3_RNA,-0.023932654410600662
DZIP3_RNA,-0.023935925215482712
CPPED1_RNA,-0.023945651948451996
DBNDD1_RNA,-0.02395040914416313
RSRC2_RNA,-0.02395234815776348
SHANK2_RNA,-0.02396831475198269
TNNI1_RNA,-0.02396954596042633
INCENP_RNA,-0.02397138625383377
HOXC13_RNA,-0.023982461541891098
KDM6B_RNA,-0.023983409628272057
HNRNPA0_RNA,-0.024013543501496315
FBXO43_RNA,-0.024016205221414566
DMRT2_RNA,-0.024030599743127823
AKAP12_RNA,-0.0240342877805233
IER3IP1_RNA,-0.02403547614812851
NR2C1_RNA,-0.024036122485995293
CABP4_RNA,-0.024036167189478874
FGG_RNA,-0.024037860333919525
DNAJA1_RNA,-0.024042002856731415
SULT1A1_RNA,-0.024043027311563492
AMT_RNA,-0.02404402755200863
ALDOA_RNA,-0.024051737040281296
RAI14_RNA,-0.02406560815870762
HCRT_RNA,-0.024070151150226593
ZSWIM7_RNA,-0.02407296746969223
LSM12_RNA,-0.024088000878691673
HINT1_RNA,-0.024091776460409164
FBXO5_RNA,-0.02409420534968376
MYH9_RNA,-0.024109048768877983
POLR2C_RNA,-0.024111103266477585
GMCL1_RNA,-0.024132395163178444
LRGUK_RNA,-0.02415500208735466
MT1A_RNA,-0.02415532059967518
ZNF214_RNA,-0.02415672317147255
PCOLCE2_RNA,-0.024166913703083992
HTATIP2_RNA,-0.024169420823454857
CD247_RNA,-0.024172984063625336
B3GAT2_RNA,-0.024183718487620354
SPATA24_RNA,-0.024191848933696747
HOXD13_RNA,-0.02419905737042427
AURKA_RNA,-0.024208420887589455
TMPRSS7_RNA,-0.02421692945063114
COL17A1_RNA,-0.024222886189818382
DBR1_RNA,-0.02422923967242241
SLAMF8_RNA,-0.024230368435382843
ECHDC3_RNA,-0.024235650897026062
KCNA7_RNA,-0.024235887452960014
ADRA2C_RNA,-0.02424553595483303
HSD17B13_RNA,-0.02424597553908825
MS4A3_RNA,-0.024267369881272316
MIR210_RNA,-0.024272747337818146
CYB5R2_RNA,-0.024275587871670723
PSTK_RNA,-0.024282580241560936
SLC25A36_RNA,-0.02428741753101349
HEPHL1_RNA,-0.024293478578329086
PLA2G4E_RNA,-0.024313250556588173
NOL6_RNA,-0.024315787479281425
LRRFIP1_RNA,-0.024320516735315323
SHISA6_RNA,-0.024330521002411842
MPHOSPH10_RNA,-0.024334143847227097
GNB4_RNA,-0.024336645379662514
RRP1_RNA,-0.02436668984591961
STS_RNA,-0.02437213622033596
CCDC40_RNA,-0.0243777297437191
GULP1_RNA,-0.024378683418035507
B3GNT8_RNA,-0.024381402879953384
PIGO_RNA,-0.02438579872250557
OIT3_RNA,-0.02439873106777668
BEST1_RNA,-0.02440827339887619
IRF4_RNA,-0.02440991997718811
LZTFL1_RNA,-0.024411747232079506
USP27X_RNA,-0.02442789264023304
PSMD7_RNA,-0.024435563012957573
ALCAM_RNA,-0.024438897147774696
SYT6_RNA,-0.024439094588160515
DHDH_RNA,-0.024447092786431313
MYLK4_RNA,-0.02446252666413784
SARDH_RNA,-0.024464383721351624
PCDHA13_RNA,-0.024465542286634445
MPL_RNA,-0.024469614028930664
THBS2_RNA,-0.02447374351322651
OLFML1_RNA,-0.024480002000927925
RUNDC1_RNA,-0.02448861114680767
PDZRN3_RNA,-0.02450835146009922
OR52N1_RNA,-0.024511059746146202
AP1S2_RNA,-0.02451358363032341
MYOZ3_RNA,-0.02451428212225437
SNHG5_RNA,-0.024516036733984947
ATCAY_RNA,-0.024520860984921455
PTGFRN_RNA,-0.024522054940462112
CRYBA4_RNA,-0.024523228406906128
TPPP2_RNA,-0.0245335903018713
DGAT2L6_RNA,-0.024534020572900772
PMAIP1_RNA,-0.024543771520256996
RSU1_RNA,-0.024543974548578262
SIAE_RNA,-0.024547817185521126
SUSD5_RNA,-0.024553440511226654
GJB2_RNA,-0.02458270452916622
RARG_RNA,-0.024586055427789688
NEU4_RNA,-0.024592896923422813
MRPL48_RNA,-0.02459568902850151
BAMBI_RNA,-0.02459578588604927
ST3GAL3_RNA,-0.024599427357316017
NXNL2_RNA,-0.024602210149168968
ZRANB2_RNA,-0.024609582498669624
MYO1G_RNA,-0.024617161601781845
SLC10A5_RNA,-0.024622509256005287
EBF2_RNA,-0.024623924866318703
GRID2_RNA,-0.024628562852740288
XKR7_RNA,-0.024629639461636543
HBG2_RNA,-0.02463596686720848
DPM1_RNA,-0.02463604509830475
SLC7A3_RNA,-0.024650665000081062
INCA1_RNA,-0.024653732776641846
HECTD3_RNA,-0.024656232446432114
CDK20_RNA,-0.0246600229293108
NGFR_RNA,-0.024664580821990967
MRPL32_RNA,-0.024673188105225563
SERTAD2_RNA,-0.024688372388482094
SIX6_RNA,-0.024690531194210052
SMPDL3A_RNA,-0.02469986490905285
REPS2_RNA,-0.02470250055193901
PAPSS2_RNA,-0.024725420400500298
RNF187_RNA,-0.024727502837777138
LY9_RNA,-0.024731360375881195
ZNF474_RNA,-0.02474360726773739
SHROOM4_RNA,-0.02474847622215748
KCNJ12_RNA,-0.02475007437169552
NUP160_RNA,-0.024757200852036476
PRDM13_RNA,-0.024757232517004013
MMP15_RNA,-0.02476390264928341
ALPK3_RNA,-0.024770362302660942
SCLT1_RNA,-0.02477891929447651
PLCXD2_RNA,-0.024779126048088074
NCAPG_RNA,-0.024797137826681137
SRD5A3_RNA,-0.024802008643746376
HSPA6_RNA,-0.024802252650260925
TMEM97_RNA,-0.024821041151881218
PLK4_RNA,-0.024821285158395767
GNRHR_RNA,-0.024824097752571106
MIR654_RNA,-0.024831803515553474
IVL_RNA,-0.02483369968831539
PAQR3_RNA,-0.024845698848366737
BHLHE22_RNA,-0.02484901249408722
PPIL6_RNA,-0.02486182190477848
ENY2_RNA,-0.024877380579710007
TRPC3_RNA,-0.02488001622259617
RUVBL1_RNA,-0.024897942319512367
CCDC120_RNA,-0.02490658313035965
PFDN6_RNA,-0.024906665086746216
ZNF600_RNA,-0.02491174079477787
RNF125_RNA,-0.024924779310822487
SPATA4_RNA,-0.024934111163020134
NR4A2_RNA,-0.024942660704255104
RBBP5_RNA,-0.024943554773926735
KREMEN1_RNA,-0.0249456986784935
OXGR1_RNA,-0.024952026084065437
GBE1_RNA,-0.024961445480585098
EDEM1_RNA,-0.024968529120087624
APRT_RNA,-0.02498646266758442
PAK1_RNA,-0.024993423372507095
ZNF57_RNA,-0.024996640160679817
AMPH_RNA,-0.024998079985380173
SUZ12_RNA,-0.025005485862493515
SORBS2_RNA,-0.02501058019697666
CEP70_RNA,-0.025023436173796654
PUSL1_RNA,-0.025032101199030876
ZXDC_RNA,-0.025034260004758835
CAPN8_RNA,-0.02504631318151951
PUS1_RNA,-0.025050083175301552
ZNF365_RNA,-0.025056567043066025
MATR3_RNA,-0.02505948208272457
C3orf18_RNA,-0.025062423199415207
CACNG4_RNA,-0.025071678683161736
CAPG_RNA,-0.02507762610912323
IL2RG_RNA,-0.02508050948381424
RRM2_RNA,-0.025082342326641083
RAD50_RNA,-0.02508329041302204
PRKRA_RNA,-0.02508942037820816
NFU1_RNA,-0.025118499994277954
PWP1_RNA,-0.025126880034804344
TRNP1_RNA,-0.025150083005428314
LIMA1_RNA,-0.025168394669890404
DACH2_RNA,-0.025168946012854576
FABP5_RNA,-0.02517162263393402
LHX5_RNA,-0.02518283948302269
CGGBP1_RNA,-0.025187168270349503
KRT6B_RNA,-0.025198673829436302
PRIM2_RNA,-0.025199633091688156
TFRC_RNA,-0.02520684152841568
SLC22A4_RNA,-0.025210469961166382
TRPM4_RNA,-0.025232767686247826
GPC2_RNA,-0.025245048105716705
KLF4_RNA,-0.025246862322092056
MTMR11_RNA,-0.02525087259709835
CCNL1_RNA,-0.02527465857565403
SPPL3_RNA,-0.025274867191910744
KCNH6_RNA,-0.025288306176662445
KCTD4_RNA,-0.02529587410390377
RCL1_RNA,-0.02532951720058918
OR2AE1_RNA,-0.025333138182759285
ANKS1B_RNA,-0.02535233646631241
HOXD8_RNA,-0.025352656841278076
BUB1_RNA,-0.025360561907291412
SLC25A16_RNA,-0.025362718850374222
IFT88_RNA,-0.025366254150867462
ZNF10_RNA,-0.0253699142485857
LPGAT1_RNA,-0.025392916053533554
LIG4_RNA,-0.025397565215826035
CYP24A1_RNA,-0.02539985068142414
HOXD1_RNA,-0.025406338274478912
CDK15_RNA,-0.025415804237127304
ATP1B1_RNA,-0.025416728109121323
NAA15_RNA,-0.0254212599247694
HYOU1_RNA,-0.025423459708690643
DR1_RNA,-0.025449486449360847
CCDC122_RNA,-0.025464097037911415
AURKB_RNA,-0.02546590007841587
ANO5_RNA,-0.025484388694167137
ATP10B_RNA,-0.025485696271061897
NDUFB6_RNA,-0.02548806369304657
GDNF_RNA,-0.02549234963953495
EIF1AX_RNA,-0.025492439046502113
IL1RAPL1_RNA,-0.02549343928694725
MMP2_RNA,-0.025499148294329643
PAQR9_RNA,-0.02550424262881279
HELB_RNA,-0.02551269344985485
SLFNL1_RNA,-0.025514479726552963
CNRIP1_RNA,-0.025517137721180916
SLC23A3_RNA,-0.025526126846671104
GRIP1_RNA,-0.02554248459637165
ZC3H15_RNA,-0.02555016800761223
SLCO4A1_RNA,-0.025561818853020668
PIK3R3_RNA,-0.02557171881198883
MMGT1_RNA,-0.02557334490120411
DAO_RNA,-0.025587977841496468
DGAT2_RNA,-0.025598568841814995
DAB1_RNA,-0.025601647794246674
TUBB_RNA,-0.025604475289583206
RAD51AP2_RNA,-0.025620112195611
RASSF7_RNA,-0.02564402110874653
ABCE1_RNA,-0.02564939484000206
SNORA77_RNA,-0.02566196210682392
C18orf54_RNA,-0.025668088346719742
LGALS2_RNA,-0.025676187127828598
PSMA5_RNA,-0.02568422257900238
COG6_RNA,-0.025692440569400787
PRMT2_RNA,-0.025724852457642555
AKR7A2_RNA,-0.025730105116963387
SNAI2_RNA,-0.025735797360539436
OR51E1_RNA,-0.025738868862390518
ACAD10_RNA,-0.025743652135133743
TMPPE_RNA,-0.025751030072569847
CLCN2_RNA,-0.025754429399967194
TMEM64_RNA,-0.025755753740668297
CBR3_RNA,-0.025760652497410774
EPO_RNA,-0.025765731930732727
INO80E_RNA,-0.025767117738723755
STXBP5L_RNA,-0.025771750137209892
OR1D2_RNA,-0.025784766301512718
PADI3_RNA,-0.025790488347411156
EGLN2_RNA,-0.025791101157665253
EIF2S3_RNA,-0.02579204924404621
CER1_RNA,-0.025797421112656593
RSPH4A_RNA,-0.0257983710616827
GTPBP2_RNA,-0.025804976001381874
MIR331_RNA,-0.025805851444602013
SLC9A7_RNA,-0.02580930106341839
GJD3_RNA,-0.025819288566708565
MTMR8_RNA,-0.02582363970577717
ANKRD28_RNA,-0.02582642063498497
TLN1_RNA,-0.025830114260315895
MIRLET7I_RNA,-0.025830628350377083
ACBD6_RNA,-0.025832142680883408
CDADC1_RNA,-0.0258537158370018
IER3_RNA,-0.025856709107756615
NME5_RNA,-0.025857195258140564
TRIB3_RNA,-0.025865573436021805
HSCB_RNA,-0.025866076350212097
STARD6_RNA,-0.025880999863147736
RNLS_RNA,-0.025881046429276466
SLC35E1_RNA,-0.02588605135679245
ABCD1_RNA,-0.02588663063943386
MAZ_RNA,-0.025894347578287125
SEC23IP_RNA,-0.025895973667502403
RNF133_RNA,-0.02589765377342701
SPON2_RNA,-0.025905391201376915
CROCC_RNA,-0.025906221941113472
BHLHE23_RNA,-0.025908706709742546
SERPINB6_RNA,-0.025913288816809654
GUF1_RNA,-0.025919944047927856
OR10A4_RNA,-0.025921126827597618
KAZALD1_RNA,-0.025931093841791153
GTF2H1_RNA,-0.02593647688627243
SCML1_RNA,-0.025942973792552948
EIF4EBP3_RNA,-0.025950515642762184
RNU6ATAC_RNA,-0.025954488664865494
TAX1BP3_RNA,-0.025973942130804062
ANKRD52_RNA,-0.025974534451961517
CDCA5_RNA,-0.025982176885008812
CAPN12_RNA,-0.025994285941123962
ZDHHC6_RNA,-0.02601153403520584
JSRP1_RNA,-0.026016801595687866
MRPS22_RNA,-0.026020972058176994
ZDHHC1_RNA,-0.026024140417575836
G6PC3_RNA,-0.026027441024780273
RIMS1_RNA,-0.026028741151094437
C11orf91_RNA,-0.02603645622730255
UBXN11_RNA,-0.026036806404590607
VEGFA_RNA,-0.026041878387331963
AADAC_RNA,-0.02604399248957634
TRIP13_RNA,-0.026054415851831436
FBXL6_RNA,-0.026060543954372406
ZNF276_RNA,-0.026065627112984657
UCP2_RNA,-0.02607307769358158
PXMP2_RNA,-0.02607596665620804
RPA2_RNA,-0.02608770690858364
ARCN1_RNA,-0.026088135316967964
ROR2_RNA,-0.026091784238815308
GNL3L_RNA,-0.026104383170604706
ANKRD39_RNA,-0.026105847209692
KRT15_RNA,-0.02610892988741398
MPZ_RNA,-0.026112891733646393
MT1H_RNA,-0.026121268048882484
GALNT9_RNA,-0.02612503245472908
MIR99A_RNA,-0.026131466031074524
VWDE_RNA,-0.02613208442926407
CCND1_RNA,-0.026133861392736435
SLC17A8_RNA,-0.026141293346881866
LMBRD2_RNA,-0.026142731308937073
TYR_RNA,-0.026152366772294044
INA_RNA,-0.026155879721045494
CERK_RNA,-0.026158642023801804
HOXC8_RNA,-0.026161491870880127
GABPA_RNA,-0.02616420015692711
TRIM58_RNA,-0.026175379753112793
THOC5_RNA,-0.026177484542131424
TMEM19_RNA,-0.02618393301963806
BIRC2_RNA,-0.026187388226389885
SNX9_RNA,-0.026193667203187943
LCE1C_RNA,-0.026198362931609154
DLL4_RNA,-0.026207827031612396
RARRES2_RNA,-0.026210201904177666
RBX1_RNA,-0.02621915563941002
GPR143_RNA,-0.026220595464110374
SHC3_RNA,-0.026227513328194618
TP53RK_RNA,-0.026229361072182655
KIAA2013_RNA,-0.02624637819826603
PPARGC1B_RNA,-0.02624979428946972
ZNF462_RNA,-0.02625044248998165
SPAG8_RNA,-0.026256555691361427
NDRG1_RNA,-0.026270687580108643
MYH1_RNA,-0.026282045990228653
NUDT21_RNA,-0.02629009634256363
CMIP_RNA,-0.026294702664017677
ARID3C_RNA,-0.026302089914679527
GRAMD1C_RNA,-0.026307810097932816
MIS12_RNA,-0.026325538754463196
NTS_RNA,-0.026331063359975815
UBE2C_RNA,-0.026331137865781784
OTX2_RNA,-0.02633245289325714
VSX1_RNA,-0.026361659169197083
SNRPA1_RNA,-0.026368645951151848
DLG3_RNA,-0.026374630630016327
GRIN2A_RNA,-0.02637714333832264
CEP120_RNA,-0.02637733332812786
EIF2B3_RNA,-0.02638043276965618
TMEM214_RNA,-0.026398099958896637
CNTNAP5_RNA,-0.026404306292533875
MLN_RNA,-0.026407206431031227
AMIGO2_RNA,-0.026407621800899506
SMAGP_RNA,-0.02641550824046135
MCM2_RNA,-0.026423785835504532
XKR5_RNA,-0.026433486491441727
PPP1R2_RNA,-0.026445874944329262
B4GALT1_RNA,-0.026449112221598625
CPAMD8_RNA,-0.02646493911743164
RSPH3_RNA,-0.026473872363567352
PRKAR2B_RNA,-0.02647406794130802
BICD2_RNA,-0.02647453173995018
SMAD2_RNA,-0.026482895016670227
SCNN1G_RNA,-0.026487339287996292
SAT1_RNA,-0.02649434469640255
CA9_RNA,-0.026498299092054367
CCNT1_RNA,-0.02650185488164425
C3orf38_RNA,-0.026503082364797592
ZBTB24_RNA,-0.02651255950331688
SNORD114-7_RNA,-0.02652607299387455
HEMK1_RNA,-0.026536334306001663
PRPSAP1_RNA,-0.026536963880062103
PARK7_RNA,-0.02653881534934044
SLC16A12_RNA,-0.02654120698571205
LSM7_RNA,-0.02654419094324112
OR2AG1_RNA,-0.026556234806776047
EEFSEC_RNA,-0.026558328419923782
KCNMB1_RNA,-0.026561468839645386
FAM171B_RNA,-0.02657083235681057
CENPO_RNA,-0.02658689022064209
PKP3_RNA,-0.026587218046188354
HMMR_RNA,-0.026593318209052086
RRAS2_RNA,-0.026595402508974075
MRAP2_RNA,-0.026596253737807274
CDH23_RNA,-0.02660774625837803
DEK_RNA,-0.02661672793328762
MIR545_RNA,-0.026633772999048233
NMNAT3_RNA,-0.02663499116897583
OR6V1_RNA,-0.0266384519636631
NDC80_RNA,-0.02664092555642128
FGR_RNA,-0.0266412366181612
COX6A1_RNA,-0.026654893532395363
PTGIR_RNA,-0.026662345975637436
NUDT18_RNA,-0.026667894795536995
OPA1_RNA,-0.026668108999729156
C11orf87_RNA,-0.026673708111047745
DGCR11_RNA,-0.026675919070839882
MMP19_RNA,-0.026684030890464783
MIR487B_RNA,-0.026685092598199844
COQ10A_RNA,-0.026694273576140404
ARHGAP22_RNA,-0.02669709362089634
KCNK3_RNA,-0.026698091998696327
TOMM22_RNA,-0.026704804971814156
PLA2R1_RNA,-0.02670794352889061
CYB5RL_RNA,-0.026723548769950867
SS18L2_RNA,-0.02674328349530697
WRNIP1_RNA,-0.02674640342593193
VAT1L_RNA,-0.026763916015625
ODC1_RNA,-0.026764022186398506
HLA-F_RNA,-0.02677023969590664
RHAG_RNA,-0.026786645874381065
IL17RB_RNA,-0.026795487850904465
BNC2_RNA,-0.02680428884923458
SMPDL3B_RNA,-0.026811908930540085
ZBTB37_RNA,-0.02681659162044525
CCNC_RNA,-0.0268181674182415
GNRH1_RNA,-0.026844430714845657
VLDLR_RNA,-0.026849281042814255
PREP_RNA,-0.026851093396544456
NDUFS6_RNA,-0.02687714621424675
MSL2_RNA,-0.026904994621872902
OBP2B_RNA,-0.02690778113901615
CRK_RNA,-0.026916172355413437
ACTL8_RNA,-0.026923051103949547
RHBG_RNA,-0.02693791128695011
TOR1AIP2_RNA,-0.026941336691379547
FCN3_RNA,-0.02694220282137394
PLLP_RNA,-0.026942487806081772
MIR766_RNA,-0.026950856670737267
RRP8_RNA,-0.02696526236832142
ZDHHC17_RNA,-0.026971716433763504
ATP12A_RNA,-0.026990236714482307
DLX3_RNA,-0.02700505219399929
NHLRC2_RNA,-0.027006005868315697
CCT2_RNA,-0.027008404955267906
SLC6A6_RNA,-0.027009330689907074
MANEA_RNA,-0.027019601315259933
TBC1D1_RNA,-0.027024226263165474
BAG2_RNA,-0.027025975286960602
HPDL_RNA,-0.02702920325100422
ANAPC5_RNA,-0.027037346735596657
FAM83G_RNA,-0.027046771720051765
BRMS1_RNA,-0.02705160342156887
SAR1A_RNA,-0.027069738134741783
PTS_RNA,-0.027077779173851013
AJAP1_RNA,-0.027084864675998688
CCDC61_RNA,-0.02708732895553112
ACTR3_RNA,-0.027089547365903854
DNAJC21_RNA,-0.027094446122646332
IPP_RNA,-0.027105094864964485
THUMPD2_RNA,-0.02710842713713646
ZNF33A_RNA,-0.02710961177945137
ABCB11_RNA,-0.02711908519268036
SORCS3_RNA,-0.027120167389512062
TDO2_RNA,-0.02712581865489483
ERI3_RNA,-0.027136966586112976
CCDC18_RNA,-0.02713749185204506
IL4I1_RNA,-0.027145255357027054
HPRT1_RNA,-0.027145303785800934
ANKRD37_RNA,-0.02715233899652958
ACTL6B_RNA,-0.027155913412570953
INSIG2_RNA,-0.027158061042428017
KCNE2_RNA,-0.0271587036550045
CALR_RNA,-0.02715889923274517
FPR3_RNA,-0.02715952880680561
ATP6V1E2_RNA,-0.027163095772266388
ETNK2_RNA,-0.027180131524801254
PHF6_RNA,-0.02718195877969265
KIF13A_RNA,-0.027189062908291817
IFNAR2_RNA,-0.02719050645828247
WWP1_RNA,-0.02720281295478344
PGAP2_RNA,-0.027213893830776215
CCR6_RNA,-0.027216196060180664
DNAH12_RNA,-0.02722768671810627
CST1_RNA,-0.027238326147198677
CES3_RNA,-0.027243319898843765
KRTAP5-1_RNA,-0.027249321341514587
GSK3B_RNA,-0.027250103652477264
ACYP1_RNA,-0.027251003310084343
APOL5_RNA,-0.027255233377218246
TBC1D7_RNA,-0.02725576050579548
ADIPOR1_RNA,-0.02725956402719021
NSMCE2_RNA,-0.02727016992866993
MIR605_RNA,-0.027271799743175507
CBR4_RNA,-0.027281656861305237
ZNF280A_RNA,-0.02729375846683979
SHANK3_RNA,-0.02729625813663006
KIF23_RNA,-0.027299564331769943
LEMD3_RNA,-0.027305306866765022
C3orf36_RNA,-0.027306262403726578
RAB11FIP5_RNA,-0.02730971947312355
STK32A_RNA,-0.027313128113746643
MAOA_RNA,-0.02731367014348507
C11orf86_RNA,-0.027321724221110344
EXOSC3_RNA,-0.027324413880705833
GPR83_RNA,-0.027338307350873947
SHMT2_RNA,-0.027343720197677612
MUC20_RNA,-0.027352016419172287
POLE3_RNA,-0.027352554723620415
HESX1_RNA,-0.027358895167708397
OR1K1_RNA,-0.027360420674085617
GLIPR1L1_RNA,-0.027369307354092598
BDH1_RNA,-0.02737053669989109
ATP6V1B1_RNA,-0.027377940714359283
NCBP1_RNA,-0.02739635854959488
STEAP1_RNA,-0.027400359511375427
SOCS5_RNA,-0.027410773560404778
PDCD10_RNA,-0.027424374595284462
NPFFR2_RNA,-0.027438027784228325
MRPL40_RNA,-0.02744179405272007
RAD51C_RNA,-0.0274586733430624
MGAT4B_RNA,-0.027462033554911613
GTF2H3_RNA,-0.02746652439236641
LMAN1L_RNA,-0.02747492305934429
CDX2_RNA,-0.027478480711579323
SCUBE1_RNA,-0.027480527758598328
DNM3_RNA,-0.0274946391582489
OR51I1_RNA,-0.02750152163207531
HTRA4_RNA,-0.027510203421115875
CTXN1_RNA,-0.027512146160006523
BEX2_RNA,-0.027514005079865456
RAB3C_RNA,-0.02754564769566059
CD70_RNA,-0.02754639834165573
PHOSPHO2_RNA,-0.027553923428058624
ZNF165_RNA,-0.027568375691771507
ITGA11_RNA,-0.02757182903587818
FMR1_RNA,-0.027576463297009468
PRRG3_RNA,-0.027577051892876625
DOK2_RNA,-0.02758093737065792
IGBP1_RNA,-0.02760337106883526
CRYGN_RNA,-0.02760997600853443
RLBP1_RNA,-0.027618777006864548
KRT71_RNA,-0.02762647531926632
EGFL6_RNA,-0.027633696794509888
OSTM1_RNA,-0.02764495089650154
CASP3_RNA,-0.027645612135529518
SKA2_RNA,-0.02764727920293808
DNAJC3_RNA,-0.027655959129333496
ST3GAL5_RNA,-0.027656041085720062
CD300E_RNA,-0.027706721797585487
STXBP4_RNA,-0.02773047797381878
RAP1GDS1_RNA,-0.02773461677134037
CACNG5_RNA,-0.027734726667404175
COPS5_RNA,-0.02773941494524479
ARV1_RNA,-0.027741003781557083
CTF1_RNA,-0.027747124433517456
RASL12_RNA,-0.027753762900829315
MIR618_RNA,-0.0277558583766222
CABP5_RNA,-0.02775980904698372
GPR12_RNA,-0.027762776240706444
SYF2_RNA,-0.02776765450835228
SNORD116-5_RNA,-0.027775783091783524
PIGM_RNA,-0.027778932824730873
CAPSL_RNA,-0.027780508622527122
SS18L1_RNA,-0.027784336358308792
HYAL1_RNA,-0.02778683975338936
NXPH2_RNA,-0.027802372351288795
MAGED2_RNA,-0.027808496728539467
IGSF21_RNA,-0.027828248217701912
C1orf52_RNA,-0.02785547263920307
KISS1_RNA,-0.02786080911755562
ZNF518B_RNA,-0.027861690148711205
RAB35_RNA,-0.027873827144503593
C16orf82_RNA,-0.027881894260644913
CAPZA1_RNA,-0.027889642864465714
COL22A1_RNA,-0.027899468317627907
CFP_RNA,-0.027903877198696136
NDE1_RNA,-0.027908233925700188
PSMB2_RNA,-0.02790830470621586
IRAK1BP1_RNA,-0.027908477932214737
PIF1_RNA,-0.027916567400097847
SLC10A3_RNA,-0.027918659150600433
CCHCR1_RNA,-0.027930691838264465
C3orf33_RNA,-0.027931151911616325
RDH13_RNA,-0.027931377291679382
TMEM158_RNA,-0.02794233337044716
AMELX_RNA,-0.02795826457440853
FGFR1_RNA,-0.02796836942434311
CTBP2_RNA,-0.027972878888249397
ONECUT1_RNA,-0.027975991368293762
DERL3_RNA,-0.027980206534266472
CNNM1_RNA,-0.027995657175779343
CAMK4_RNA,-0.028004243969917297
LRRC18_RNA,-0.028004277497529984
SH3BGRL3_RNA,-0.028008125722408295
KCNH3_RNA,-0.02800910733640194
LCT_RNA,-0.028012430295348167
TCHH_RNA,-0.028024621307849884
PLSCR4_RNA,-0.028025658801198006
FAM193B_RNA,-0.02803015522658825
RHEBL1_RNA,-0.02803186886012554
CYP27A1_RNA,-0.02803529053926468
PPID_RNA,-0.02803725376725197
HSD17B1_RNA,-0.02803831174969673
SNAPC2_RNA,-0.02804616652429104
CBLN1_RNA,-0.02805405855178833
KIAA0232_RNA,-0.02805686742067337
ADH6_RNA,-0.02807367779314518
TSPAN2_RNA,-0.028079230338335037
DGKE_RNA,-0.028081674128770828
BTBD8_RNA,-0.02808273211121559
PHLDA1_RNA,-0.028082868084311485
MYO1C_RNA,-0.028090905398130417
GPSM2_RNA,-0.028092874214053154
SLC25A45_RNA,-0.028103329241275787
NLE1_RNA,-0.028108706697821617
RIT2_RNA,-0.02810891531407833
QPCT_RNA,-0.028119957074522972
MLX_RNA,-0.028125617653131485
MDM4_RNA,-0.028133591637015343
RASGEF1A_RNA,-0.02814112789928913
ANKRD35_RNA,-0.028152398765087128
MYB_RNA,-0.02816108427941799
TOP2B_RNA,-0.028163932263851166
CCNB1_RNA,-0.02819306217133999
TIGIT_RNA,-0.028200136497616768
POP1_RNA,-0.028206834569573402
ZNF33B_RNA,-0.028210557997226715
HECA_RNA,-0.028245115652680397
LOX_RNA,-0.028252556920051575
GFOD1_RNA,-0.028256410732865334
NBPF3_RNA,-0.028272101655602455
SERGEF_RNA,-0.028280429542064667
TMEM51_RNA,-0.028291281312704086
GTF2H5_RNA,-0.028293853625655174
TCTE1_RNA,-0.02830224111676216
CAPRIN1_RNA,-0.028303707018494606
FBXO25_RNA,-0.02831251546740532
ANKRD55_RNA,-0.02833576872944832
XYLB_RNA,-0.0283456202596426
UBLCP1_RNA,-0.02834976837038994
TPO_RNA,-0.02835075557231903
TFG_RNA,-0.02837313525378704
SLC6A2_RNA,-0.02838144637644291
BBS10_RNA,-0.028382720425724983
NCR3_RNA,-0.028382882475852966
ACP5_RNA,-0.028385095298290253
TBC1D25_RNA,-0.028385968878865242
RNF149_RNA,-0.028388479724526405
PRSS36_RNA,-0.028407417237758636
CPSF6_RNA,-0.0284102950245142
UBTD2_RNA,-0.028424372896552086
PHIP_RNA,-0.028425434604287148
CNIH4_RNA,-0.02842985838651657
MIR30B_RNA,-0.02843344397842884
SOX10_RNA,-0.028445860370993614
GJA8_RNA,-0.02844846248626709
SNORD114-20_RNA,-0.028452496975660324
PRDM12_RNA,-0.02845911867916584
HRCT1_RNA,-0.028460808098316193
SGK1_RNA,-0.028471732512116432
CCDC38_RNA,-0.028473572805523872
OSGIN1_RNA,-0.02847485989332199
DSTN_RNA,-0.028478305786848068
ELF5_RNA,-0.028478482738137245
NBEAL2_RNA,-0.028479091823101044
POLD3_RNA,-0.0284871868789196
RBM34_RNA,-0.028496818616986275
LNX1_RNA,-0.02850494720041752
PPP2CA_RNA,-0.028518900275230408
RSPO1_RNA,-0.028544433414936066
NNMT_RNA,-0.02854820527136326
NAP1L2_RNA,-0.028575126081705093
NLRP11_RNA,-0.02857867255806923
SLC35B1_RNA,-0.028579548001289368
PARVA_RNA,-0.028592264279723167
ENPP6_RNA,-0.028608517721295357
PPEF1_RNA,-0.028615357354283333
OR10AD1_RNA,-0.028625596314668655
LRRC61_RNA,-0.028633426874876022
RWDD3_RNA,-0.02865421772003174
CRX_RNA,-0.028668729588389397
C7orf33_RNA,-0.02867438830435276
SLC22A16_RNA,-0.028680607676506042
CA8_RNA,-0.02870253473520279
TNFRSF9_RNA,-0.028720781207084656
BFSP1_RNA,-0.02872551791369915
TRPM8_RNA,-0.02872881479561329
DCDC2_RNA,-0.028731808066368103
ACAP1_RNA,-0.02874685265123844
ISG20_RNA,-0.02876104600727558
SHISA2_RNA,-0.02876412123441696
ANKHD1_RNA,-0.02876989357173443
FBXO15_RNA,-0.028776593506336212
KCNC4_RNA,-0.028781583532691002
VRK2_RNA,-0.02879154309630394
PCMT1_RNA,-0.028794966638088226
TAF10_RNA,-0.028796864673495293
HHLA2_RNA,-0.02880692109465599
TTC22_RNA,-0.028821857646107674
HCCS_RNA,-0.02883124351501465
SLFN13_RNA,-0.028835996985435486
SLC16A7_RNA,-0.028865491971373558
ALG1_RNA,-0.02887110784649849
PKIA_RNA,-0.02887117676436901
AKAP8_RNA,-0.028876405209302902
KLHL26_RNA,-0.02888830192387104
CCDC90B_RNA,-0.028895283117890358
TP63_RNA,-0.02889711782336235
TMEM185B_RNA,-0.028909526765346527
C1orf210_RNA,-0.028917545452713966
NUDT15_RNA,-0.028930945321917534
TNFRSF25_RNA,-0.02893117442727089
ACTG2_RNA,-0.028931453824043274
FER1L4_RNA,-0.028934421017766
ACOT7_RNA,-0.028946608304977417
NAALADL1_RNA,-0.028947114944458008
CCND3_RNA,-0.028947683051228523
PIGW_RNA,-0.028975192457437515
PRCP_RNA,-0.028976021334528923
NEUROD4_RNA,-0.0289799552410841
PIH1D2_RNA,-0.029008500277996063
KCTD10_RNA,-0.029012225568294525
C9orf152_RNA,-0.02901335246860981
ZCCHC7_RNA,-0.02901495061814785
UQCRH_RNA,-0.029023300856351852
HECTD2_RNA,-0.029029011726379395
IK_RNA,-0.029030459001660347
FAM151B_RNA,-0.02903362549841404
OVOL1_RNA,-0.029037583619356155
HMGB2_RNA,-0.029055969789624214
DUSP4_RNA,-0.02905694767832756
STMN2_RNA,-0.029062775894999504
MIR496_RNA,-0.02906542457640171
SLC30A10_RNA,-0.029075277969241142
ABCG4_RNA,-0.029081327840685844
ZNF648_RNA,-0.029100419953465462
RGR_RNA,-0.029101816937327385
FAM162B_RNA,-0.029114974662661552
TCTN2_RNA,-0.029115114361047745
PDE4D_RNA,-0.02911829575896263
VASH2_RNA,-0.02912783995270729
NKX6-1_RNA,-0.029129795730113983
GYPC_RNA,-0.02913404256105423
IGFBPL1_RNA,-0.02913431078195572
ACTR3C_RNA,-0.02913879044353962
CYP4B1_RNA,-0.02914043702185154
TRAPPC2L_RNA,-0.029146362096071243
TNFSF15_RNA,-0.02915828302502632
SP1_RNA,-0.029158364981412888
GRB7_RNA,-0.029164055362343788
FN1_RNA,-0.02916720137000084
C22orf31_RNA,-0.02918265573680401
AK1_RNA,-0.029189763590693474
ALX3_RNA,-0.02920706756412983
MIP_RNA,-0.02921394258737564
TUBA1B_RNA,-0.02922476828098297
BTG4_RNA,-0.029228104278445244
ZFC3H1_RNA,-0.029243938624858856
IGFBP5_RNA,-0.029245201498270035
ZBTB8OS_RNA,-0.029256008565425873
RTP1_RNA,-0.02925688400864601
THAP2_RNA,-0.029261503368616104
KLRG2_RNA,-0.029269320890307426
POLE_RNA,-0.029272738844156265
VPS13A_RNA,-0.02928677387535572
CLLU1_RNA,-0.02929021790623665
HOXD11_RNA,-0.029291003942489624
SNORD11B_RNA,-0.0293053537607193
FBLL1_RNA,-0.029308166354894638
PYY_RNA,-0.029314201325178146
STOX2_RNA,-0.02931460179388523
MYH2_RNA,-0.029316028580069542
PLAC9_RNA,-0.02931993454694748
XIAP_RNA,-0.029325464740395546
FOXD3_RNA,-0.02934093400835991
ANK3_RNA,-0.029347319155931473
BRWD3_RNA,-0.029352519661188126
STAMBPL1_RNA,-0.029359344393014908
LAMC1_RNA,-0.02936013974249363
ITIH3_RNA,-0.029362427070736885
XRN1_RNA,-0.029365533962845802
PRPF3_RNA,-0.029367076233029366
KLKB1_RNA,-0.02937384694814682
PDCL3_RNA,-0.029376700520515442
ZFAND2A_RNA,-0.029393818229436874
RER1_RNA,-0.02940470166504383
GALNT12_RNA,-0.029437705874443054
TNFSF11_RNA,-0.029446950182318687
HMGB3_RNA,-0.029452472925186157
TMEM63B_RNA,-0.02946009300649166
MYO18B_RNA,-0.0294625386595726
UBA6_RNA,-0.02946293354034424
HOXD3_RNA,-0.029470302164554596
ANKLE2_RNA,-0.02948274463415146
HMX3_RNA,-0.02948940172791481
NOL9_RNA,-0.029492845758795738
GNG3_RNA,-0.0294993594288826
HSPB7_RNA,-0.0295003280043602
MMP9_RNA,-0.029503680765628815
RRP15_RNA,-0.029513515532016754
SLC22A18_RNA,-0.029525412246584892
STX8_RNA,-0.02953871339559555
PCSK1_RNA,-0.029544200748205185
MIR138-1_RNA,-0.02960074506700039
MC4R_RNA,-0.029612936079502106
TMEM163_RNA,-0.029622593894600868
EMD_RNA,-0.02962728589773178
IQSEC1_RNA,-0.029642269015312195
HELLS_RNA,-0.02964567393064499
CCT5_RNA,-0.029652385041117668
HOXD10_RNA,-0.029654445126652718
NR4A1_RNA,-0.02965913899242878
CALCB_RNA,-0.02967272698879242
TOMM20L_RNA,-0.02969539724290371
PSMD12_RNA,-0.029695603996515274
RFC3_RNA,-0.02970477007329464
ACAN_RNA,-0.029708141461014748
CDCA8_RNA,-0.029708271846175194
TSPYL5_RNA,-0.02971726469695568
MIR32_RNA,-0.029727302491664886
UBXN10_RNA,-0.029735466465353966
SERPIND1_RNA,-0.029746031388640404
NOP58_RNA,-0.029752830043435097
THOC7_RNA,-0.029762201011180878
PLEKHA6_RNA,-0.02977091446518898
HDAC3_RNA,-0.02977576106786728
YPEL1_RNA,-0.029785316437482834
KCNMA1_RNA,-0.029801558703184128
TDRG1_RNA,-0.029809370636940002
ATP10D_RNA,-0.029819313436746597
TSPAN4_RNA,-0.029829319566488266
PRDX3_RNA,-0.029842747375369072
FMO3_RNA,-0.029845668002963066
CD248_RNA,-0.029849227517843246
USP31_RNA,-0.029885729774832726
NDUFAB1_RNA,-0.0298916008323431
SCARNA14_RNA,-0.02990240789949894
BAG3_RNA,-0.02990974299609661
LRRC15_RNA,-0.029912391677498817
AAAS_RNA,-0.029915206134319305
DSPP_RNA,-0.029915809631347656
ITGA1_RNA,-0.02991734817624092
ITGAE_RNA,-0.02992730215191841
ELK4_RNA,-0.02993657998740673
ACSL4_RNA,-0.029951756820082664
HDAC2_RNA,-0.029954001307487488
TNS4_RNA,-0.0299607552587986
DBX1_RNA,-0.029960962012410164
FANCE_RNA,-0.029975293204188347
ANKRD45_RNA,-0.029986577108502388
C3orf70_RNA,-0.030001359060406685
IP6K2_RNA,-0.030006619170308113
PERP_RNA,-0.030012935400009155
TRIM14_RNA,-0.030022945255041122
TDRKH_RNA,-0.030023561790585518
TOX2_RNA,-0.03002728894352913
PGAM5_RNA,-0.030033478513360023
ARHGAP1_RNA,-0.030035387724637985
SCNM1_RNA,-0.030044060200452805
TICAM2_RNA,-0.03005002997815609
KIF18B_RNA,-0.03005380928516388
PYROXD2_RNA,-0.030055373907089233
AKR1A1_RNA,-0.030055778101086617
CPA1_RNA,-0.030057163909077644
PRAMEF12_RNA,-0.030063707381486893
HOXC5_RNA,-0.03007720597088337
SUGT1_RNA,-0.030087124556303024
NEAT1_RNA,-0.03008909523487091
PPP2R2D_RNA,-0.030090222135186195
CXXC4_RNA,-0.030090663582086563
CLGN_RNA,-0.03009253554046154
RPF2_RNA,-0.030100390315055847
NFXL1_RNA,-0.03011259436607361
NDUFA2_RNA,-0.030112726613879204
STMN1_RNA,-0.03011357970535755
LYSMD4_RNA,-0.030120953917503357
NEK5_RNA,-0.03012789785861969
ACTBL2_RNA,-0.030128618702292442
SERP1_RNA,-0.0301328394562006
SLC22A18AS_RNA,-0.030144723132252693
NGB_RNA,-0.030154285952448845
RAPH1_RNA,-0.030161278322339058
PRELP_RNA,-0.030164824798703194
ZNF215_RNA,-0.030172273516654968
POLR2F_RNA,-0.030186017975211143
TCN1_RNA,-0.03018934279680252
YTHDC2_RNA,-0.030196046456694603
INSL6_RNA,-0.030200768262147903
SH2D2A_RNA,-0.030218344181776047
KRT10_RNA,-0.030261259526014328
DOK4_RNA,-0.030273782089352608
KCNQ1DN_RNA,-0.030277427285909653
PSKH2_RNA,-0.03028235398232937
COL6A2_RNA,-0.03028760477900505
EIF3F_RNA,-0.030289623886346817
DHFR_RNA,-0.030290378257632256
GPR27_RNA,-0.03030484914779663
KLHL34_RNA,-0.030307436361908913
PHC3_RNA,-0.030310625210404396
LRRTM1_RNA,-0.03031492605805397
POLQ_RNA,-0.030319510027766228
SLC38A4_RNA,-0.030341001227498055
B3GALT4_RNA,-0.030341271311044693
PDIA6_RNA,-0.03034721314907074
MELK_RNA,-0.030347922816872597
CXADR_RNA,-0.030356569215655327
IL11RA_RNA,-0.03036586381494999
DRAM1_RNA,-0.030369486659765244
CHRDL2_RNA,-0.030380545184016228
SFTPD_RNA,-0.03038736991584301
FXR1_RNA,-0.030398521572351456
TRAF4_RNA,-0.0304103996604681
DLEU2_RNA,-0.030420223250985146
RXRG_RNA,-0.03042527288198471
TARBP2_RNA,-0.03043130785226822
PLOD2_RNA,-0.03043692372739315
PHTF1_RNA,-0.030448948964476585
PASD1_RNA,-0.03045005537569523
GSX2_RNA,-0.030457723885774612
PLS1_RNA,-0.03046267293393612
HYAL3_RNA,-0.03050188720226288
FATE1_RNA,-0.030507830902934074
ZP2_RNA,-0.030516041442751884
RPA4_RNA,-0.030531946569681168
ALDOB_RNA,-0.030544599518179893
PHACTR3_RNA,-0.030544918030500412
FAM81B_RNA,-0.030560852959752083
SCARNA20_RNA,-0.030561618506908417
UQCRQ_RNA,-0.0305697750300169
TEX12_RNA,-0.030579200014472008
ASRGL1_RNA,-0.030581319704651833
FBLIM1_RNA,-0.0305880568921566
SLC18A1_RNA,-0.03059297986328602
TEKT4_RNA,-0.030605053529143333
L1TD1_RNA,-0.030624261125922203
SLFN11_RNA,-0.030637618154287338
S100A5_RNA,-0.030642854049801826
UAP1L1_RNA,-0.03066283091902733
POLR3H_RNA,-0.030665123835206032
ISM2_RNA,-0.03067931719124317
LY75_RNA,-0.030681176111102104
PKHD1L1_RNA,-0.030691485852003098
SKA1_RNA,-0.030696911737322807
SPIN3_RNA,-0.03070293739438057
OTOF_RNA,-0.030705228447914124
UBXN7_RNA,-0.030722806230187416
ORAI1_RNA,-0.030733590945601463
TMEM183A_RNA,-0.03074764832854271
C1orf74_RNA,-0.030752548947930336
FAM178B_RNA,-0.030771572142839432
PTPDC1_RNA,-0.030780887231230736
DUOX2_RNA,-0.030789515003561974
COPS3_RNA,-0.030795572325587273
MT1M_RNA,-0.03083753027021885
ZNF765_RNA,-0.030844183638691902
ATG10_RNA,-0.030847156420350075
MSRB3_RNA,-0.030850913375616074
GCOM1_RNA,-0.030874116346240044
SNORD71_RNA,-0.030889105051755905
OIP5_RNA,-0.030938444659113884
FUT11_RNA,-0.030946820974349976
ATF1_RNA,-0.030949639156460762
GPC3_RNA,-0.03095373511314392
ADAMTS20_RNA,-0.030964253470301628
FAM24B_RNA,-0.031007885932922363
PSMD2_RNA,-0.03101186826825142
PPP4R2_RNA,-0.031012985855340958
MID1_RNA,-0.031022869050502777
TRAPPC4_RNA,-0.031023064628243446
WDR17_RNA,-0.031031522899866104
TXNDC5_RNA,-0.031053582206368446
FAM76B_RNA,-0.031056387349963188
GLT8D1_RNA,-0.03106226772069931
FAM91A1_RNA,-0.031068651005625725
SERPINH1_RNA,-0.03107166849076748
GHRH_RNA,-0.03107580356299877
BMP8B_RNA,-0.031086362898349762
PRL_RNA,-0.031092995777726173
GAL_RNA,-0.03109429031610489
NFIB_RNA,-0.031098073348402977
GNL3_RNA,-0.03112606704235077
MTDH_RNA,-0.031134050339460373
NID1_RNA,-0.03113585337996483
CSGALNACT2_RNA,-0.03113955445587635
SYT16_RNA,-0.031139742583036423
NUDT16_RNA,-0.031141482293605804
CBX4_RNA,-0.03114987164735794
RAP2C_RNA,-0.03115050680935383
SPAG5_RNA,-0.031157126650214195
GPR153_RNA,-0.031163055449724197
SLC31A1_RNA,-0.031171711161732674
PROZ_RNA,-0.03117986209690571
SCML4_RNA,-0.03118719719350338
SH3RF3_RNA,-0.03119809366762638
ITM2A_RNA,-0.031203381717205048
GNPDA2_RNA,-0.031205685809254646
MLLT3_RNA,-0.03121119737625122
RNF128_RNA,-0.031217031180858612
MUC12_RNA,-0.03122543916106224
IFT81_RNA,-0.031229615211486816
ANKHD1-EIF4EBP3_RNA,-0.031229766085743904
GCNT3_RNA,-0.031233277171850204
ZNF233_RNA,-0.031247202306985855
CPEB4_RNA,-0.03125694766640663
FAM180B_RNA,-0.03126098960638046
NKX2-2_RNA,-0.031261544674634933
FLNB_RNA,-0.03126407787203789
SNAI1_RNA,-0.0312742255628109
MESP2_RNA,-0.03127796947956085
TIGD4_RNA,-0.031299035996198654
KNTC1_RNA,-0.03130889683961868
FLAD1_RNA,-0.0313095822930336
DYRK2_RNA,-0.031313344836235046
PRPH_RNA,-0.031315091997385025
SLC16A10_RNA,-0.03132609650492668
PAX1_RNA,-0.031335875391960144
CLINT1_RNA,-0.0313371866941452
FEN1_RNA,-0.03133918717503548
SENP1_RNA,-0.03135634958744049
UQCRC1_RNA,-0.031363945454359055
MTG1_RNA,-0.03137114271521568
PRG2_RNA,-0.031371165066957474
ZNF845_RNA,-0.031373586505651474
GXYLT2_RNA,-0.03139368072152138
AKAP14_RNA,-0.03139696642756462
FAM83D_RNA,-0.03140466660261154
CPXCR1_RNA,-0.03140564635396004
PCDHAC2_RNA,-0.0314139686524868
PCBP3_RNA,-0.031413987278938293
TPRKB_RNA,-0.031415726989507675
ITGB1BP2_RNA,-0.031421832740306854
EBNA1BP2_RNA,-0.031424105167388916
PSMC3_RNA,-0.0314345546066761
GRHL1_RNA,-0.031439412385225296
MEX3B_RNA,-0.03144453093409538
CHKA_RNA,-0.03144596144556999
CNGA2_RNA,-0.0314532108604908
ACAT2_RNA,-0.031457964330911636
RIPK1_RNA,-0.031461868435144424
ULK2_RNA,-0.03146987780928612
STIP1_RNA,-0.03147265315055847
TEC_RNA,-0.03147301450371742
NTSR1_RNA,-0.03149288892745972
KCNAB3_RNA,-0.03149470314383507
G0S2_RNA,-0.03149551898241043
PPY_RNA,-0.031520724296569824
UBE2N_RNA,-0.03154117241501808
CSTA_RNA,-0.03154491260647774
TCIRG1_RNA,-0.03154895827174187
SMYD2_RNA,-0.031549401581287384
PDE7B_RNA,-0.03155865520238876
RNF135_RNA,-0.031563300639390945
FAM163A_RNA,-0.03157975524663925
MMP14_RNA,-0.0315827950835228
MPZL2_RNA,-0.03158818557858467
MAPK8_RNA,-0.03159929811954498
HDHD3_RNA,-0.03160274773836136
ZC3H11A_RNA,-0.03161407634615898
CDNF_RNA,-0.031621046364307404
SGCD_RNA,-0.03162483498454094
PITPNM1_RNA,-0.031638942658901215
ZCRB1_RNA,-0.031655095517635345
ESCO2_RNA,-0.031662214547395706
USP1_RNA,-0.031703799962997437
C4orf50_RNA,-0.03170645236968994
P4HA3_RNA,-0.031711239367723465
SENP5_RNA,-0.031713735312223434
MYO1H_RNA,-0.03171580284833908
SYT13_RNA,-0.031722187995910645
TFAP2C_RNA,-0.031723152846097946
BSND_RNA,-0.03173726052045822
SMC1A_RNA,-0.03173757344484329
LDOC1_RNA,-0.03174387291073799
EXOSC9_RNA,-0.0317489430308342
SNORD83A_RNA,-0.03174982964992523
DYNC1LI1_RNA,-0.03175648674368858
KIF9_RNA,-0.03176422417163849
DRD2_RNA,-0.031784188002347946
SNRPE_RNA,-0.03178895637392998
PKD2L2_RNA,-0.03179166838526726
POLH_RNA,-0.03179323673248291
EEF1E1_RNA,-0.03179384768009186
BEND2_RNA,-0.031823646277189255
GPR179_RNA,-0.03183257579803467
SLC2A13_RNA,-0.031839266419410706
FIGNL1_RNA,-0.031854573637247086
HLCS_RNA,-0.031857337802648544
SMS_RNA,-0.03186100348830223
TTC12_RNA,-0.031866684556007385
PRKCI_RNA,-0.03186829388141632
B4GALT6_RNA,-0.03186905011534691
API5_RNA,-0.031876470893621445
PHTF2_RNA,-0.03187941014766693
MTFR1_RNA,-0.03188253939151764
DDX21_RNA,-0.03189065679907799
GXYLT1_RNA,-0.03189358487725258
DNAH14_RNA,-0.03190799430012703
RRAGA_RNA,-0.03192140534520149
GNL2_RNA,-0.0319344736635685
RAD1_RNA,-0.031942322850227356
RHBDD3_RNA,-0.03194425627589226
EAF2_RNA,-0.0319645032286644
RPP21_RNA,-0.031965285539627075
KIFC3_RNA,-0.031991146504879
ALG12_RNA,-0.031992632895708084
ARL6_RNA,-0.03200598806142807
KCNMB2_RNA,-0.03202498331665993
PIK3CA_RNA,-0.032034266740083694
YAF2_RNA,-0.03204106539487839
CEP135_RNA,-0.0320558063685894
ZMYND10_RNA,-0.03205680102109909
DIAPH2_RNA,-0.032060567289590836
PPARG_RNA,-0.03206352889537811
TCERG1L_RNA,-0.03206751123070717
MRPL14_RNA,-0.03209320828318596
MIR23B_RNA,-0.0321066752076149
C1QL2_RNA,-0.03211198002099991
CDC6_RNA,-0.032127734273672104
HM13_RNA,-0.032133202999830246
CTBS_RNA,-0.03214599937200546
PCDHGC4_RNA,-0.03214769810438156
DMP1_RNA,-0.032153546810150146
C8orf76_RNA,-0.032158590853214264
PLSCR2_RNA,-0.03216877952218056
SNORA33_RNA,-0.03217506408691406
PDLIM7_RNA,-0.03220145031809807
NCAPH2_RNA,-0.032212961465120316
EIF4E1B_RNA,-0.032225351780653
PRB3_RNA,-0.03223152086138725
ACER2_RNA,-0.032231613993644714
ANGPTL3_RNA,-0.032234665006399155
F11_RNA,-0.032243307679891586
ZNF695_RNA,-0.032250359654426575
MYBPHL_RNA,-0.03225541114807129
AVPR2_RNA,-0.032259583473205566
PIWIL1_RNA,-0.03226563334465027
DNAJB5_RNA,-0.03226974233984947
RBM3_RNA,-0.03227100521326065
JOSD1_RNA,-0.032271608710289
ARF1_RNA,-0.03227529674768448
MGST3_RNA,-0.03227538242936134
CD52_RNA,-0.032282162457704544
UGT2B7_RNA,-0.03229802846908569
RNU4ATAC_RNA,-0.03230314329266548
HFE_RNA,-0.03231606259942055
RGP1_RNA,-0.032318733632564545
DGUOK_RNA,-0.032320670783519745
IL13RA2_RNA,-0.032335635274648666
CYP39A1_RNA,-0.032336119562387466
BOD1_RNA,-0.03233867511153221
OR52H1_RNA,-0.032344259321689606
CDR2L_RNA,-0.03235102444887161
PCDHB15_RNA,-0.03235136717557907
SLC28A1_RNA,-0.03235331177711487
DCLRE1A_RNA,-0.032355181872844696
MYLK3_RNA,-0.032360710203647614
AGPAT4_RNA,-0.03236440569162369
PPP1R16B_RNA,-0.03237327188253403
ADCK5_RNA,-0.0323982909321785
HSD17B11_RNA,-0.03243810310959816
ADCY10_RNA,-0.03245105594396591
MCAT_RNA,-0.03248439356684685
ZNF35_RNA,-0.03249100223183632
RTN4RL2_RNA,-0.032497480511665344
DNAH6_RNA,-0.032504111528396606
LAMA4_RNA,-0.032511308789253235
MCEE_RNA,-0.03251674398779869
GPATCH2_RNA,-0.032519206404685974
EGLN3_RNA,-0.03252987936139107
PCK1_RNA,-0.0325496532022953
C14orf39_RNA,-0.03257133811712265
SLC22A11_RNA,-0.03259962052106857
KCNK9_RNA,-0.03259982168674469
MED8_RNA,-0.03260170668363571
MAGEC2_RNA,-0.032603371888399124
HSDL1_RNA,-0.032612431794404984
ZNF605_RNA,-0.032625023275613785
CBX1_RNA,-0.03262685239315033
CACNB3_RNA,-0.03263388201594353
SNORD72_RNA,-0.032636672258377075
ZNF354C_RNA,-0.032641831785440445
UBE2D1_RNA,-0.03264445811510086
IL34_RNA,-0.03267081454396248
BCAS4_RNA,-0.03270502761006355
TRIM6_RNA,-0.032706838101148605
SLC36A1_RNA,-0.03270936384797096
SNHG11_RNA,-0.032710567116737366
REEP1_RNA,-0.032710961997509
SCO2_RNA,-0.03272990137338638
NUDT1_RNA,-0.032732125371694565
SLC5A3_RNA,-0.03273667022585869
TCF7_RNA,-0.03275883197784424
ERBB3_RNA,-0.03276115283370018
NDUFB4_RNA,-0.03276776894927025
CNTLN_RNA,-0.03278219327330589
C6orf132_RNA,-0.03278414160013199
TRMT6_RNA,-0.03280746936798096
TM4SF1_RNA,-0.03280923143029213
MRPS6_RNA,-0.03281167149543762
P2RX2_RNA,-0.0328170582652092
SH2D6_RNA,-0.03282792866230011
LBH_RNA,-0.03283245861530304
ERCC6L_RNA,-0.03283476084470749
FUNDC1_RNA,-0.032835714519023895
TMEM68_RNA,-0.03284500539302826
MEGF10_RNA,-0.03286821395158768
BCDIN3D_RNA,-0.03287515044212341
C8B_RNA,-0.03289657086133957
GOLT1B_RNA,-0.03291487693786621
MMP17_RNA,-0.03292655572295189
VEZT_RNA,-0.03292672336101532
SGSM1_RNA,-0.03293325752019882
KIAA1143_RNA,-0.03293538838624954
SNORA14B_RNA,-0.03296010196208954
MMADHC_RNA,-0.032965611666440964
SLC25A19_RNA,-0.03296692669391632
ALAS1_RNA,-0.03297096863389015
PHEX_RNA,-0.03297727182507515
TMEM126A_RNA,-0.032981012016534805
GPR157_RNA,-0.03299500048160553
IER2_RNA,-0.03300989046692848
SLC39A13_RNA,-0.033017098903656006
B4GALNT2_RNA,-0.033020395785570145
LEMD1_RNA,-0.03302733972668648
CENPA_RNA,-0.03303300961852074
MIR181A1_RNA,-0.033038899302482605
FIGLA_RNA,-0.03306074067950249
XK_RNA,-0.03306441754102707
GRAMD4_RNA,-0.03308817371726036
EBAG9_RNA,-0.033092811703681946
DMXL1_RNA,-0.03309387341141701
CNTN1_RNA,-0.03310816362500191
ANO10_RNA,-0.0331130214035511
FBXL8_RNA,-0.03312482312321663
PLA2G6_RNA,-0.03312619775533676
KDM4C_RNA,-0.033150576055049896
TUBGCP2_RNA,-0.03317495435476303
CCDC34_RNA,-0.03318261355161667
CCDC150_RNA,-0.033187516033649445
SMAP2_RNA,-0.033197760581970215
RNF169_RNA,-0.03320067375898361
REM2_RNA,-0.033208876848220825
FNDC7_RNA,-0.03322642669081688
GGPS1_RNA,-0.03322792798280716
DCAF6_RNA,-0.03322817385196686
TTF2_RNA,-0.033239781856536865
DSN1_RNA,-0.03324836120009422
MAP1LC3A_RNA,-0.03325585275888443
PHF5A_RNA,-0.03325687721371651
PFDN5_RNA,-0.033259376883506775
C5orf46_RNA,-0.033265527337789536
COL6A1_RNA,-0.033266108483076096
GOLT1A_RNA,-0.033269066363573074
GSTM3_RNA,-0.033274948596954346
TUG1_RNA,-0.03328866884112358
FBLN1_RNA,-0.03329542279243469
SNRPG_RNA,-0.03329717367887497
NENF_RNA,-0.03331374004483223
TEX101_RNA,-0.0333167240023613
BICC1_RNA,-0.033320121467113495
TMED7_RNA,-0.033339064568281174
STARD5_RNA,-0.03334091603755951
YTHDF2_RNA,-0.033341918140649796
FAM20B_RNA,-0.03334198519587517
VSIG8_RNA,-0.033343009650707245
CDC42BPG_RNA,-0.03335382416844368
CDKN3_RNA,-0.033364422619342804
LRRC8E_RNA,-0.033365074545145035
ACTA1_RNA,-0.03344186395406723
ERI2_RNA,-0.03344563767313957
MAK16_RNA,-0.03345160558819771
PLAT_RNA,-0.03345828130841255
HS3ST3A1_RNA,-0.033462077379226685
LTV1_RNA,-0.03346281871199608
BMP10_RNA,-0.033468879759311676
PES1_RNA,-0.03347153216600418
ACY1_RNA,-0.0334857702255249
MTNR1B_RNA,-0.03349226340651512
FBXO48_RNA,-0.03349253907799721
ZBBX_RNA,-0.033527616411447525
COL19A1_RNA,-0.033529460430145264
SRL_RNA,-0.033536456525325775
ALG3_RNA,-0.033553995192050934
LRRC3_RNA,-0.033565081655979156
SOX6_RNA,-0.033576760441064835
MIR592_RNA,-0.0335954912006855
ITGBL1_RNA,-0.03359728306531906
ATG3_RNA,-0.03360594063997269
CSPG4_RNA,-0.03360959514975548
ANKRD50_RNA,-0.033618781715631485
SLC25A22_RNA,-0.03362293168902397
HK3_RNA,-0.03363252803683281
MIR574_RNA,-0.033640146255493164
SLC25A43_RNA,-0.03366581350564957
TUBG1_RNA,-0.0336676649749279
ENOX2_RNA,-0.03367975354194641
CHST11_RNA,-0.03368985652923584
ABCB10_RNA,-0.03371115401387215
ANKRD7_RNA,-0.03371933475136757
IL22RA1_RNA,-0.03372978791594505
HAO2_RNA,-0.03373275697231293
ZNF547_RNA,-0.0337749645113945
MIR1537_RNA,-0.033786606043577194
AK7_RNA,-0.033801835030317307
FBLN7_RNA,-0.03380971774458885
MZF1_RNA,-0.033832844346761703
SLC25A14_RNA,-0.033835407346487045
GNG10_RNA,-0.0338408462703228
CCR7_RNA,-0.033860187977552414
C6orf118_RNA,-0.03387030214071274
DDIT3_RNA,-0.03387131541967392
SAG_RNA,-0.03388776630163193
EWSR1_RNA,-0.03390538692474365
NUDT2_RNA,-0.03393569216132164
PAWR_RNA,-0.03394303098320961
GPD1_RNA,-0.033944662660360336
YOD1_RNA,-0.03395117446780205
SEL1L2_RNA,-0.03396555781364441
STOML2_RNA,-0.03398318588733673
PLA2G2C_RNA,-0.033995069563388824
CANX_RNA,-0.03399951756000519
ATP6V0B_RNA,-0.0340011864900589
CEP97_RNA,-0.034006766974925995
TPMT_RNA,-0.03400878980755806
FARP2_RNA,-0.034029521048069
KIFC1_RNA,-0.03403458744287491
GAS8_RNA,-0.03403947874903679
SEMA3F_RNA,-0.03404226526618004
KLHL3_RNA,-0.034047406166791916
TRIAP1_RNA,-0.03406013548374176
C11orf42_RNA,-0.034074801951646805
LIPJ_RNA,-0.03407977148890495
IFT80_RNA,-0.03409565985202789
C9orf72_RNA,-0.0341079905629158
HBS1L_RNA,-0.03412380814552307
HUNK_RNA,-0.03412720561027527
MAP2K3_RNA,-0.03413913771510124
NRAS_RNA,-0.03415091708302498
POLR3K_RNA,-0.03415496274828911
NXF3_RNA,-0.03416625037789345
LRCH2_RNA,-0.03419416397809982
NUDT19_RNA,-0.03420446813106537
TWF2_RNA,-0.034222304821014404
N4BP2_RNA,-0.03422413021326065
NDUFA12_RNA,-0.03423219174146652
LRRC46_RNA,-0.034232936799526215
TMEM14A_RNA,-0.03423633798956871
UQCRHL_RNA,-0.03423713520169258
DCST1_RNA,-0.03423790633678436
ZNF805_RNA,-0.03424930199980736
TRIM72_RNA,-0.03426878899335861
MAN1A2_RNA,-0.0342753641307354
SLC2A2_RNA,-0.03430062159895897
FCHSD1_RNA,-0.03430629149079323
ZCCHC10_RNA,-0.034313421696424484
TBL1XR1_RNA,-0.03432914987206459
SNX7_RNA,-0.034330349415540695
SNRNP48_RNA,-0.03433184325695038
GEMIN8_RNA,-0.03433459997177124
PKD1L1_RNA,-0.034344568848609924
TBK1_RNA,-0.03435859829187393
TG_RNA,-0.03438006713986397
ARL4C_RNA,-0.03440338745713234
CDCA2_RNA,-0.03440559655427933
NME2_RNA,-0.03442658483982086
STXBP5_RNA,-0.034456100314855576
GPR87_RNA,-0.03445696085691452
BNIPL_RNA,-0.03445877879858017
LAGE3_RNA,-0.03446543589234352
DUSP6_RNA,-0.03448157384991646
PGM1_RNA,-0.03448338434100151
NCBP2_RNA,-0.034503273665905
CEACAM20_RNA,-0.03450460359454155
NARF_RNA,-0.034505315124988556
EPB41L3_RNA,-0.03450639173388481
LSM3_RNA,-0.03451159596443176
MED7_RNA,-0.034517865628004074
TEX14_RNA,-0.03453882038593292
EIF3D_RNA,-0.03455214574933052
CDC20B_RNA,-0.0345563180744648
RFX8_RNA,-0.03457757830619812
ACAD11_RNA,-0.03458387404680252
HEATR3_RNA,-0.034593451768159866
CSAD_RNA,-0.03459718078374863
PI4K2B_RNA,-0.034604512155056
RARS2_RNA,-0.034604690968990326
VTA1_RNA,-0.03460469841957092
ARMCX2_RNA,-0.03461097925901413
NRXN1_RNA,-0.03462877497076988
SDCBP_RNA,-0.03462892025709152
MYL6_RNA,-0.034635864198207855
HSPA4_RNA,-0.03464098274707794
CHST6_RNA,-0.034658003598451614
DYRK1A_RNA,-0.034658774733543396
KDM5C_RNA,-0.03470859304070473
STRA8_RNA,-0.034716587513685226
USP43_RNA,-0.03474925085902214
CLPTM1L_RNA,-0.03477010875940323
TMED3_RNA,-0.034772586077451706
RBM4_RNA,-0.03477497026324272
S100A13_RNA,-0.034795258194208145
IL20RB_RNA,-0.0347999706864357
MIR604_RNA,-0.034806057810783386
MAFA_RNA,-0.034816667437553406
ATP6V0A2_RNA,-0.03482035920023918
TDRD6_RNA,-0.03483191132545471
HELZ_RNA,-0.034845009446144104
ANKRD1_RNA,-0.034868646413087845
CENPM_RNA,-0.03487057983875275
SLC25A4_RNA,-0.034877367317676544
PPP1R14C_RNA,-0.034899480640888214
ZNF239_RNA,-0.03491225838661194
NFYA_RNA,-0.03492308780550957
REM1_RNA,-0.03492765873670578
VTRNA1-3_RNA,-0.034935176372528076
GNS_RNA,-0.034969523549079895
ZAR1L_RNA,-0.03496982529759407
KLHL15_RNA,-0.0349871888756752
DRG1_RNA,-0.03498775511980057
KLHL14_RNA,-0.03499508276581764
RPGR_RNA,-0.03499763458967209
BRIX1_RNA,-0.035005535930395126
GLOD4_RNA,-0.03501215577125549
RAN_RNA,-0.03503023833036423
TSPAN18_RNA,-0.03504762053489685
MAP9_RNA,-0.035073425620794296
PTH2R_RNA,-0.03507791832089424
ZNF586_RNA,-0.03507833555340767
CFHR5_RNA,-0.03507983312010765
TRPV3_RNA,-0.03509984910488129
FAM110A_RNA,-0.03510454297065735
CHFR_RNA,-0.035107702016830444
IDE_RNA,-0.03513142839074135
RECQL4_RNA,-0.03514445573091507
ZNF492_RNA,-0.035159528255462646
TRIM29_RNA,-0.03516341745853424
PLAUR_RNA,-0.035173460841178894
EGOT_RNA,-0.03518389165401459
BCAS2_RNA,-0.03522323817014694
ANKRD49_RNA,-0.035225387662649155
SMPD3_RNA,-0.03522882238030434
WWC3_RNA,-0.035229962319135666
PPIC_RNA,-0.03525473177433014
PPP1R15B_RNA,-0.03525678068399429
CENPK_RNA,-0.03525753319263458
CARHSP1_RNA,-0.03528714179992676
MED14_RNA,-0.035306308418512344
APOBEC3D_RNA,-0.035326458513736725
ME1_RNA,-0.0353364422917366
SEC14L4_RNA,-0.035344332456588745
PRAME_RNA,-0.035359855741262436
ATAD2_RNA,-0.03536525368690491
DNAJB7_RNA,-0.03536805510520935
ARHGEF9_RNA,-0.0353703610599041
HNRNPA1L2_RNA,-0.03542574122548103
LMAN2_RNA,-0.03543505072593689
ZFPM2_RNA,-0.03544701635837555
CHEK1_RNA,-0.035461004823446274
MPHOSPH6_RNA,-0.03546242043375969
NPPB_RNA,-0.035472676157951355
CCDC134_RNA,-0.0354837104678154
ZNF195_RNA,-0.03548417240381241
PPP2R1B_RNA,-0.035493481904268265
AIFM2_RNA,-0.035500913858413696
PLEKHA3_RNA,-0.035508714616298676
VPS37B_RNA,-0.035514041781425476
APOA2_RNA,-0.03552130609750748
CD72_RNA,-0.0355253592133522
PARD6G_RNA,-0.035549238324165344
DONSON_RNA,-0.03555139899253845
PPP2R2A_RNA,-0.03555592894554138
PLK2_RNA,-0.03555924817919731
PAK2_RNA,-0.03555971756577492
OPCML_RNA,-0.03556741401553154
MAGEH1_RNA,-0.03557064011693001
SLC35B3_RNA,-0.035578615963459015
POLR2L_RNA,-0.035590119659900665
HCN3_RNA,-0.03559437021613121
TRIM36_RNA,-0.03560076653957367
SNORD32B_RNA,-0.03560525178909302
MRPS18A_RNA,-0.03562737628817558
MUC15_RNA,-0.035628873854875565
GNGT1_RNA,-0.03563394397497177
PNO1_RNA,-0.0356590636074543
UBA5_RNA,-0.0356665663421154
LNP1_RNA,-0.03566813841462135
MMAB_RNA,-0.035672273486852646
NKX3-1_RNA,-0.03567417711019516
TSNAX_RNA,-0.03573225811123848
HMGN3_RNA,-0.03573779761791229
ENPEP_RNA,-0.03573830798268318
CXCR4_RNA,-0.035745903849601746
KNCN_RNA,-0.035754602402448654
EXOSC6_RNA,-0.035756248980760574
APOA5_RNA,-0.03578713908791542
RFPL2_RNA,-0.035802338272333145
SLC30A8_RNA,-0.03580416738986969
PURG_RNA,-0.03580468147993088
MRPL23_RNA,-0.035855576395988464
ASPM_RNA,-0.035859107971191406
RNGTT_RNA,-0.03588651865720749
NRAP_RNA,-0.035931020975112915
MTCP1_RNA,-0.0359346903860569
VAX2_RNA,-0.03593838959932327
P2RX7_RNA,-0.035960838198661804
TCP11L2_RNA,-0.035962413996458054
RALYL_RNA,-0.035972997546195984
EME1_RNA,-0.03597504273056984
RCVRN_RNA,-0.035978950560092926
NTAN1_RNA,-0.0359935499727726
RAB32_RNA,-0.035995204001665115
KIF2C_RNA,-0.03599806874990463
ATF4_RNA,-0.03599874675273895
C2orf81_RNA,-0.036031849682331085
RCAN2_RNA,-0.03604428097605705
MIR194-1_RNA,-0.036066047847270966
YEATS4_RNA,-0.03612244501709938
ASB4_RNA,-0.03614204749464989
CHD3_RNA,-0.036145709455013275
NUAK1_RNA,-0.0361468531191349
BUB3_RNA,-0.03615831211209297
CLSPN_RNA,-0.03617279604077339
TMEM74_RNA,-0.03621111065149307
PELO_RNA,-0.03621884062886238
SYT8_RNA,-0.03622301667928696
FANCF_RNA,-0.03624814748764038
KRT80_RNA,-0.03625231236219406
KDM2A_RNA,-0.036255333572626114
NUF2_RNA,-0.036258138716220856
FLJ30679_RNA,-0.0362643226981163
FAM83E_RNA,-0.03627989441156387
DYNC1I1_RNA,-0.03629213944077492
OCIAD2_RNA,-0.03629870340228081
CCDC117_RNA,-0.036301661282777786
BOLA1_RNA,-0.03631419688463211
ARHGAP25_RNA,-0.036317430436611176
ZRSR2_RNA,-0.03631952777504921
CSRNP2_RNA,-0.03632715344429016
DQX1_RNA,-0.03633812442421913
TSPAN13_RNA,-0.03634600713849068
CKS1B_RNA,-0.036348141729831696
NAP1L4_RNA,-0.036348145455121994
PSMD10_RNA,-0.036350250244140625
RPN1_RNA,-0.03636941686272621
PHACTR1_RNA,-0.036370899528265
ZFR2_RNA,-0.03637184202671051
RNF14_RNA,-0.0363905094563961
S100A14_RNA,-0.036393675953149796
SCARNA23_RNA,-0.03639421984553337
GLA_RNA,-0.036445941776037216
OLIG3_RNA,-0.036454107612371445
C4orf33_RNA,-0.036455634981393814
CDKL3_RNA,-0.036459386348724365
UBA1_RNA,-0.03648603707551956
FOXN4_RNA,-0.03650129586458206
PRR13_RNA,-0.03650711849331856
KCNE1_RNA,-0.03653152659535408
MLLT11_RNA,-0.0365479551255703
TPM4_RNA,-0.036549508571624756
SASS6_RNA,-0.036550380289554596
HBG1_RNA,-0.03656374663114548
PARP8_RNA,-0.03656505420804024
C1orf131_RNA,-0.03656533733010292
TKTL2_RNA,-0.036571577191352844
ZNF563_RNA,-0.03657415136694908
MYH15_RNA,-0.036603305488824844
ANPEP_RNA,-0.03660774976015091
SPCS1_RNA,-0.03664577752351761
SNORA15_RNA,-0.03664880618453026
MIR10B_RNA,-0.03665933012962341
TMED9_RNA,-0.036668431013822556
FH_RNA,-0.03667871654033661
ERN1_RNA,-0.03668426722288132
TMEM216_RNA,-0.036701153963804245
NAP1L1_RNA,-0.03671214357018471
TTK_RNA,-0.03671437129378319
IQCH_RNA,-0.03671862557530403
SCAMP1_RNA,-0.03672249987721443
ISL2_RNA,-0.03673268109560013
TMEM208_RNA,-0.03673608601093292
LIMS2_RNA,-0.036742839962244034
TMEM196_RNA,-0.03674967586994171
CNPY2_RNA,-0.03675014525651932
SCYL2_RNA,-0.0367637500166893
RAB40AL_RNA,-0.03678448125720024
FBXL2_RNA,-0.036788515746593475
SCARNA3_RNA,-0.03679987043142319
ITGA5_RNA,-0.036805279552936554
GTSF1L_RNA,-0.036812178790569305
ZNF354A_RNA,-0.036818888038396835
PGM3_RNA,-0.03686687350273132
BIRC5_RNA,-0.036870624870061874
CNOT6_RNA,-0.03688160702586174
FMOD_RNA,-0.03690066188573837
BLID_RNA,-0.03690590336918831
DTNBP1_RNA,-0.036908771842718124
RNF152_RNA,-0.036921292543411255
TRADD_RNA,-0.03692144900560379
PHKG2_RNA,-0.03692343831062317
CACNA2D2_RNA,-0.03694896772503853
ZNF75D_RNA,-0.036963313817977905
MLYCD_RNA,-0.036969736218452454
NXPH4_RNA,-0.03697025775909424
TTR_RNA,-0.0369718112051487
INSC_RNA,-0.037008341401815414
ARL10_RNA,-0.03701545298099518
SPZ1_RNA,-0.03703008219599724
WRAP53_RNA,-0.03703110292553902
SYCP3_RNA,-0.03703422471880913
DAP_RNA,-0.037050846964120865
PDHX_RNA,-0.037065375596284866
LGALS8_RNA,-0.03707001730799675
UCP3_RNA,-0.037094105035066605
AGTPBP1_RNA,-0.03709731251001358
HEATR4_RNA,-0.03710266575217247
PIN4_RNA,-0.03712804988026619
GRB10_RNA,-0.037160832434892654
AMBN_RNA,-0.03716452792286873
STOML3_RNA,-0.037165455520153046
CKS2_RNA,-0.03716691583395004
HJURP_RNA,-0.03716910257935524
TMEM116_RNA,-0.037171367555856705
MYOT_RNA,-0.03718092665076256
RNASEL_RNA,-0.03718356043100357
GAL3ST1_RNA,-0.0371859036386013
KBTBD8_RNA,-0.037226829677820206
NSMCE1_RNA,-0.03725043684244156
SAMD5_RNA,-0.037286750972270966
ARPC3_RNA,-0.037347786128520966
MYO5A_RNA,-0.037368107587099075
EDA_RNA,-0.03737696632742882
ZDHHC5_RNA,-0.037379126995801926
TMEM33_RNA,-0.037382740527391434
HES3_RNA,-0.037382811307907104
TBC1D16_RNA,-0.03739967942237854
GRM6_RNA,-0.03740682452917099
TM9SF3_RNA,-0.037413228303194046
SH3PXD2B_RNA,-0.03742091730237007
SLC38A1_RNA,-0.03743458166718483
CUEDC1_RNA,-0.037439581006765366
CACNG1_RNA,-0.03748167306184769
TNNC1_RNA,-0.03749550133943558
MIR196A2_RNA,-0.03750452771782875
MALT1_RNA,-0.03750593215227127
DYDC2_RNA,-0.03755795210599899
ZNF488_RNA,-0.03756743669509888
IL20_RNA,-0.03757523000240326
KHDC1_RNA,-0.03758613392710686
RASSF3_RNA,-0.03759155049920082
PGRMC1_RNA,-0.037599433213472366
ACOT4_RNA,-0.037607502192258835
RPL17_RNA,-0.03762085735797882
ITIH1_RNA,-0.0376211553812027
MIRLET7A2_RNA,-0.0376286506652832
TRIM55_RNA,-0.037655264139175415
NCCRP1_RNA,-0.03766204044222832
MYL2_RNA,-0.03767385706305504
SVOPL_RNA,-0.037677720189094543
ROPN1L_RNA,-0.037687819451093674
CHMP5_RNA,-0.03768868371844292
MIR1276_RNA,-0.03770802542567253
MACC1_RNA,-0.037708453834056854
PPP1R15A_RNA,-0.03772341459989548
PABPC4L_RNA,-0.03772514685988426
CENPI_RNA,-0.037727780640125275
SSR4_RNA,-0.037750180810689926
RAP2B_RNA,-0.03776716813445091
ACR_RNA,-0.0377814956009388
KCNH8_RNA,-0.037784211337566376
CEP152_RNA,-0.03780534490942955
CLCA1_RNA,-0.03783498331904411
ABHD10_RNA,-0.03785063698887825
BCAT1_RNA,-0.03785261511802673
WSB2_RNA,-0.0379071943461895
ZNF460_RNA,-0.03792109340429306
PA2G4_RNA,-0.03792598098516464
LRRIQ4_RNA,-0.03793371096253395
FBXO16_RNA,-0.037953998893499374
TOMM5_RNA,-0.037959031760692596
HELT_RNA,-0.037960417568683624
ALDH1L2_RNA,-0.037970494478940964
UBE2V2_RNA,-0.037992049008607864
CCDC30_RNA,-0.03800152987241745
RMI1_RNA,-0.038021598011255264
HDC_RNA,-0.0380387045443058
AOX1_RNA,-0.0380454920232296
TBX19_RNA,-0.03804999962449074
SEC61A1_RNA,-0.03805238753557205
ARMC1_RNA,-0.03805790841579437
ACTR6_RNA,-0.03806435316801071
SNX10_RNA,-0.03809066116809845
HSPA13_RNA,-0.03809703513979912
LETM2_RNA,-0.038099586963653564
MAGED1_RNA,-0.03811272978782654
NT5C_RNA,-0.038121629506349564
RGS22_RNA,-0.03814496472477913
CLDN14_RNA,-0.03817072510719299
PPFIA2_RNA,-0.038185570389032364
PROK1_RNA,-0.03820083662867546
AFF4_RNA,-0.03822459653019905
ABCC3_RNA,-0.038228247314691544
TCEAL8_RNA,-0.03822915256023407
UBE2T_RNA,-0.03823382779955864
LPP_RNA,-0.0382411926984787
AKR1D1_RNA,-0.038246478885412216
CST6_RNA,-0.038246672600507736
AQP8_RNA,-0.03824790567159653
TBC1D8B_RNA,-0.03827156871557236
MVK_RNA,-0.03827783465385437
CCDC148_RNA,-0.03828830271959305
DGKH_RNA,-0.038317110389471054
ZNF778_RNA,-0.0383177287876606
CDK16_RNA,-0.03834279254078865
FNDC3B_RNA,-0.03837005794048309
GSPT2_RNA,-0.03837473690509796
SLC35C1_RNA,-0.03839714825153351
CCDC157_RNA,-0.03840215504169464
EIF4G1_RNA,-0.038419049233198166
QSER1_RNA,-0.038424037396907806
MYO15A_RNA,-0.03843647614121437
GNAT1_RNA,-0.03844062238931656
ISYNA1_RNA,-0.038441892713308334
CLDN1_RNA,-0.038443777710199356
SHISA3_RNA,-0.03844891116023064
HAO1_RNA,-0.03845524415373802
NRG2_RNA,-0.03846174106001854
CENPL_RNA,-0.03848114237189293
ZDHHC11_RNA,-0.03848739340901375
FBXO47_RNA,-0.03849024698138237
CD207_RNA,-0.03849580138921738
ACTL6A_RNA,-0.038508400321006775
DCAF10_RNA,-0.03852288797497749
EIF4EBP1_RNA,-0.03857076168060303
RPL39L_RNA,-0.03860578313469887
DCUN1D1_RNA,-0.038618817925453186
ADAM7_RNA,-0.038622017949819565
VAMP4_RNA,-0.03865094110369682
UBL4B_RNA,-0.03865663334727287
HUS1B_RNA,-0.038665566593408585
SNRPF_RNA,-0.03866690769791603
IQGAP3_RNA,-0.038667481392621994
FGF21_RNA,-0.03868051618337631
FAM83A_RNA,-0.03868241235613823
GPR182_RNA,-0.038689322769641876
ARHGAP18_RNA,-0.038693029433488846
RAB3B_RNA,-0.03869720548391342
PLAC4_RNA,-0.03872925043106079
FOXH1_RNA,-0.03872973471879959
CHRM4_RNA,-0.03875505551695824
NACA2_RNA,-0.038765229284763336
CDR2_RNA,-0.03876582533121109
NRIP3_RNA,-0.038767360150814056
ATP11C_RNA,-0.0387885719537735
PLIN5_RNA,-0.03880346566438675
C11orf16_RNA,-0.03882014378905296
CDC20_RNA,-0.03882727399468422
FAM13B_RNA,-0.038833241909742355
TRAIP_RNA,-0.03885107487440109
FANCC_RNA,-0.038887061178684235
SGK3_RNA,-0.03891080990433693
PPP1R12A_RNA,-0.038920167833566666
FHL2_RNA,-0.038998931646347046
DNAH3_RNA,-0.038999784737825394
A4GNT_RNA,-0.039003703743219376
GJB7_RNA,-0.039017681032419205
TMC5_RNA,-0.03902837261557579
SCN9A_RNA,-0.0390285924077034
TRIM7_RNA,-0.03903685510158539
SDHB_RNA,-0.03904901444911957
SNTG2_RNA,-0.03906184807419777
SERPINB1_RNA,-0.03908006474375725
CASP7_RNA,-0.03908012434840202
AMMECR1_RNA,-0.03908146172761917
MFN1_RNA,-0.03908718004822731
COPB2_RNA,-0.03909354284405708
MYO7B_RNA,-0.03910321742296219
TMEM63C_RNA,-0.039112042635679245
PLBD1_RNA,-0.03914101794362068
IFITM4P_RNA,-0.03914284333586693
LSP1_RNA,-0.03914458677172661
KRT19_RNA,-0.03915200009942055
OR2D3_RNA,-0.03916227072477341
ZSWIM5_RNA,-0.03916291892528534
VCPIP1_RNA,-0.03917332738637924
AQP5_RNA,-0.039174165576696396
ARL6IP1_RNA,-0.03917679563164711
CDC42_RNA,-0.03918176144361496
SLC5A9_RNA,-0.0391959473490715
C3orf62_RNA,-0.0392131581902504
ANKRD33_RNA,-0.03922996670007706
TCF20_RNA,-0.039239946752786636
KLF5_RNA,-0.03924313932657242
SLC18A3_RNA,-0.03926455229520798
ZNHIT3_RNA,-0.0393088236451149
BLZF1_RNA,-0.03932104632258415
EIF2B1_RNA,-0.03932313621044159
MTX2_RNA,-0.03932433947920799
TMEM17_RNA,-0.03933137655258179
ACTC1_RNA,-0.039332710206508636
MIR221_RNA,-0.0393473356962204
FOXD2_RNA,-0.03938201069831848
GPR50_RNA,-0.03938542306423187
KIF4A_RNA,-0.03944361209869385
STBD1_RNA,-0.039453085511922836
BTG3_RNA,-0.039457567036151886
NUDT13_RNA,-0.03948836773633957
CDC42EP3_RNA,-0.0394926592707634
SNHG12_RNA,-0.03949679806828499
GGA1_RNA,-0.03950291499495506
MIMT1_RNA,-0.039503827691078186
ATP13A5_RNA,-0.03951158747076988
ECHDC2_RNA,-0.03953529894351959
POU6F1_RNA,-0.03955240920186043
NUDCD2_RNA,-0.03957001119852066
C16orf87_RNA,-0.039580926299095154
GTF2E2_RNA,-0.03958649933338165
TM4SF19_RNA,-0.03958744555711746
MRPL47_RNA,-0.039599280804395676
ZBED4_RNA,-0.03960327431559563
ZNF485_RNA,-0.03960926830768585
MRPL36_RNA,-0.039626069366931915
FKBP1B_RNA,-0.039627790451049805
VKORC1_RNA,-0.0396411195397377
MYO7A_RNA,-0.039652254432439804
CYCS_RNA,-0.03965272381901741
FANCB_RNA,-0.039663009345531464
KIF24_RNA,-0.03967452794313431
MIR626_RNA,-0.03971504420042038
PLAC8L1_RNA,-0.039718687534332275
DEPDC1_RNA,-0.03973328694701195
RTKN2_RNA,-0.0397634394466877
GSTP1_RNA,-0.03976728767156601
TSPO_RNA,-0.039767783135175705
RAB1A_RNA,-0.039771948009729385
CITED4_RNA,-0.039776019752025604
STIL_RNA,-0.03977782279253006
S100A11_RNA,-0.03978314995765686
SGTA_RNA,-0.03979169949889183
UFM1_RNA,-0.03979302942752838
FIGNL2_RNA,-0.03979678079485893
SRP9_RNA,-0.03980947285890579
TH_RNA,-0.039829451590776443
PFDN4_RNA,-0.039831098169088364
WFDC2_RNA,-0.039837829768657684
NPM1_RNA,-0.03991760313510895
E2F7_RNA,-0.03994769975543022
CCDC13_RNA,-0.03994915634393692
TMEM41B_RNA,-0.03998374938964844
NUP98_RNA,-0.039995793253183365
KCNS3_RNA,-0.04003049060702324
C15orf48_RNA,-0.04004235938191414
UBL4A_RNA,-0.04006459563970566
RIMKLA_RNA,-0.04007023200392723
OAZ3_RNA,-0.04008248820900917
B3GALNT1_RNA,-0.04008645564317703
ZMYM1_RNA,-0.04018302261829376
OR1B1_RNA,-0.04020041599869728
HARBI1_RNA,-0.04020058363676071
HSPA7_RNA,-0.04024466872215271
KIAA1210_RNA,-0.04024513438344002
RBBP7_RNA,-0.04026208445429802
CPN2_RNA,-0.04027184098958969
LRRC34_RNA,-0.04028365761041641
TRIM59_RNA,-0.04030335322022438
APOO_RNA,-0.040303681045770645
MT1E_RNA,-0.04031485319137573
SLC25A17_RNA,-0.040335576981306076
STT3A_RNA,-0.040359340608119965
ERP44_RNA,-0.040374673902988434
USP47_RNA,-0.04038108512759209
ZP1_RNA,-0.04038156941533089
PDE6B_RNA,-0.04039385914802551
PLA2G4D_RNA,-0.0404471755027771
OR1N1_RNA,-0.04047055542469025
VWA5B1_RNA,-0.040485482662916183
TMPO_RNA,-0.04049487039446831
MOCOS_RNA,-0.040500707924366
HSPA12A_RNA,-0.040509775280952454
HOXC6_RNA,-0.04051095247268677
MIR29A_RNA,-0.0405244342982769
OTC_RNA,-0.040530018508434296
MMP12_RNA,-0.040542371571063995
MAGIX_RNA,-0.040545739233493805
AQP11_RNA,-0.04055735841393471
TSEN34_RNA,-0.04056134447455406
MSTO1_RNA,-0.04056774452328682
PCDHGC5_RNA,-0.04058641567826271
KCNV2_RNA,-0.040589962154626846
MRPL55_RNA,-0.04061100259423256
PRIM1_RNA,-0.04061470180749893
UBB_RNA,-0.04062022641301155
ALKBH5_RNA,-0.040621742606163025
ADPRH_RNA,-0.040625449270009995
BCCIP_RNA,-0.04062901437282562
SLC25A10_RNA,-0.04067951440811157
CYB561_RNA,-0.040691036731004715
DCAF4L1_RNA,-0.04071167856454849
TMEM177_RNA,-0.040715888142585754
VSTM2B_RNA,-0.040720801800489426
IQCD_RNA,-0.040724318474531174
GABPB2_RNA,-0.04074646905064583
CCDC73_RNA,-0.04076778143644333
ASB16_RNA,-0.040771227329969406
KRT20_RNA,-0.040780846029520035
SNX22_RNA,-0.04079780727624893
VTRNA1-1_RNA,-0.040865860879421234
ETS1_RNA,-0.04087603837251663
HOXD9_RNA,-0.04087606444954872
WFDC11_RNA,-0.040881164371967316
KIF20A_RNA,-0.040891047567129135
FAM167B_RNA,-0.04089828208088875
SCARNA17_RNA,-0.04090425744652748
RAP2A_RNA,-0.040904700756073
SLC6A19_RNA,-0.040920358151197433
STAT6_RNA,-0.040982555598020554
GUK1_RNA,-0.04099266976118088
NPAS4_RNA,-0.04100511223077774
CCDC107_RNA,-0.04103374481201172
CATSPER1_RNA,-0.04109228774905205
PVT1_RNA,-0.041097547858953476
KCNA5_RNA,-0.04110971465706825
OR52I1_RNA,-0.04116515442728996
C5orf24_RNA,-0.04116877168416977
GPR180_RNA,-0.04117881506681442
RABIF_RNA,-0.04117912799119949
PFDN2_RNA,-0.04118388891220093
BANF2_RNA,-0.041188906878232956
LBX1_RNA,-0.04120776429772377
PAOX_RNA,-0.041209299117326736
DEPDC1B_RNA,-0.04121122136712074
POU5F1_RNA,-0.041231319308280945
MPP3_RNA,-0.041232820600271225
MYO1B_RNA,-0.041306495666503906
SEC22A_RNA,-0.04132765904068947
COL5A2_RNA,-0.04132885858416557
PDCD1_RNA,-0.041336540132761
TRMU_RNA,-0.04134448990225792
LRRC31_RNA,-0.0413447767496109
GLB1L3_RNA,-0.04135127365589142
SLC35F3_RNA,-0.04136383533477783
DNAH11_RNA,-0.04138810187578201
HKDC1_RNA,-0.041391246020793915
NAA10_RNA,-0.04139350727200508
CRELD2_RNA,-0.04143699258565903
TTC9B_RNA,-0.04144274815917015
SCGB1A1_RNA,-0.04146948829293251
KIF21B_RNA,-0.041484396904706955
AGR2_RNA,-0.04149479418992996
LCA5L_RNA,-0.04153263196349144
B3GNT4_RNA,-0.04156038537621498
TEKT2_RNA,-0.04157637059688568
MYL9_RNA,-0.04163606837391853
IL17RA_RNA,-0.0416405126452446
TK1_RNA,-0.04165249690413475
SLAMF9_RNA,-0.041664011776447296
CACNA1E_RNA,-0.04168345034122467
KIF26B_RNA,-0.04170158505439758
LCORL_RNA,-0.041702065616846085
KLHL31_RNA,-0.04170402139425278
UAP1_RNA,-0.04172961413860321
SCUBE3_RNA,-0.041747983545064926
NR0B1_RNA,-0.04175454005599022
RIBC1_RNA,-0.041754577308893204
PANX1_RNA,-0.041759245097637177
EIF4E3_RNA,-0.04177949205040932
HYLS1_RNA,-0.041781309992074966
DNAJC5B_RNA,-0.041792552918195724
WNK2_RNA,-0.04180304333567619
NHLRC1_RNA,-0.041812948882579803
BCOR_RNA,-0.04182702675461769
NKPD1_RNA,-0.0418570302426815
LMNA_RNA,-0.04187498986721039
MYF6_RNA,-0.041879188269376755
LOXL1_RNA,-0.04189905896782875
PLCB4_RNA,-0.0418991819024086
SFXN1_RNA,-0.04190165922045708
SHQ1_RNA,-0.041919779032468796
CREB3_RNA,-0.04193843528628349
C1orf105_RNA,-0.0419536791741848
RGS13_RNA,-0.04197843372821808
TNS3_RNA,-0.041988786309957504
CD200_RNA,-0.04199778661131859
BAG1_RNA,-0.042009785771369934
STC1_RNA,-0.042009931057691574
ATP2A1_RNA,-0.042032577097415924
MYEOV_RNA,-0.042043495923280716
TEAD1_RNA,-0.042087651789188385
PTPN18_RNA,-0.04208828881382942
FTSJ1_RNA,-0.04211590066552162
RPAP3_RNA,-0.04213486611843109
RPH3AL_RNA,-0.04218482971191406
TRA2B_RNA,-0.042197439819574356
SLC38A11_RNA,-0.04221978038549423
GPN3_RNA,-0.04222242906689644
NLRP12_RNA,-0.04223109781742096
NME3_RNA,-0.042251840233802795
NEUROG1_RNA,-0.04231758043169975
HMX2_RNA,-0.04231805354356766
PLK1_RNA,-0.04232294112443924
TMEM114_RNA,-0.04233578220009804
MKI67_RNA,-0.04233748838305473
KCNIP2_RNA,-0.042342107743024826
ESPL1_RNA,-0.04234357178211212
SOAT1_RNA,-0.04234582558274269
BFSP2_RNA,-0.042347874492406845
HOXC12_RNA,-0.042354319244623184
B3GNT5_RNA,-0.04239442199468613
CKAP4_RNA,-0.04241684824228287
KIF14_RNA,-0.04243312031030655
KCNAB1_RNA,-0.04245823249220848
CDC37L1_RNA,-0.04247912019491196
RASA2_RNA,-0.04248194023966789
BGN_RNA,-0.04250982403755188
HCG9_RNA,-0.042533084750175476
PFKFB4_RNA,-0.04256627336144447
DEFB134_RNA,-0.04256972298026085
ACADL_RNA,-0.04257175326347351
SPATA3_RNA,-0.042589377611875534
HMSD_RNA,-0.04264405742287636
ARHGAP15_RNA,-0.04266108199954033
AQP2_RNA,-0.042679619044065475
NKX3-2_RNA,-0.04269126057624817
TUBB2A_RNA,-0.04278522729873657
BTN1A1_RNA,-0.04280359297990799
ENPP1_RNA,-0.04282015934586525
SLC37A1_RNA,-0.04282176122069359
TRIM66_RNA,-0.04284094646573067
SAP30_RNA,-0.04284210875630379
VCP_RNA,-0.04285934194922447
DYNC2H1_RNA,-0.0428677499294281
SCEL_RNA,-0.04289132356643677
KIF20B_RNA,-0.04289141669869423
EMP2_RNA,-0.042917050421237946
RCN1_RNA,-0.04292505979537964
SP7_RNA,-0.04292774200439453
HMGN1_RNA,-0.04294240102171898
PSMC3IP_RNA,-0.04294997826218605
TRIM3_RNA,-0.042953312397003174
KCNJ13_RNA,-0.042970314621925354
SRA1_RNA,-0.04298277944326401
CENPE_RNA,-0.04299400374293327
TROAP_RNA,-0.043025583028793335
RAB34_RNA,-0.043060824275016785
XRCC4_RNA,-0.04306785762310028
RAB38_RNA,-0.043105438351631165
CCDC89_RNA,-0.04311194643378258
OR2F1_RNA,-0.04312638193368912
KIF11_RNA,-0.04314424470067024
ABHD5_RNA,-0.04316302388906479
BRCA2_RNA,-0.043192215263843536
COX11_RNA,-0.04319417476654053
SNRNP35_RNA,-0.04323986917734146
DERL1_RNA,-0.04324645176529884
COPB1_RNA,-0.04324767738580704
COPZ1_RNA,-0.04325726628303528
IFT57_RNA,-0.04327315837144852
GRB14_RNA,-0.0432811863720417
PIR_RNA,-0.04330678656697273
KCNE4_RNA,-0.04330790415406227
VANGL1_RNA,-0.04333259537816048
RRM1_RNA,-0.04338642954826355
CD2AP_RNA,-0.0433877557516098
MYL4_RNA,-0.04338856786489487
DCUN1D5_RNA,-0.04341036081314087
ASB5_RNA,-0.04342586174607277
KIF25_RNA,-0.04344090074300766
FGF12_RNA,-0.04347796365618706
APIP_RNA,-0.04348892718553543
COL9A1_RNA,-0.043490685522556305
CLIC6_RNA,-0.043515101075172424
TCF19_RNA,-0.043516069650650024
SLC22A14_RNA,-0.04351752996444702
MXRA7_RNA,-0.04352676495909691
GALNS_RNA,-0.04352811723947525
MYD88_RNA,-0.04352922737598419
ADORA2B_RNA,-0.04353627935051918
BEND4_RNA,-0.043539825826883316
SIKE1_RNA,-0.04354214668273926
SHPK_RNA,-0.04354339838027954
PLCE1_RNA,-0.04356396943330765
ZP3_RNA,-0.04357006773352623
LIPH_RNA,-0.043578121811151505
C11orf65_RNA,-0.043590597808361053
KIF3A_RNA,-0.043603233993053436
COL9A2_RNA,-0.04361072555184364
COTL1_RNA,-0.0436229333281517
CIB4_RNA,-0.043628990650177
GOLGA3_RNA,-0.0436350516974926
PICK1_RNA,-0.04364766925573349
MAP3K15_RNA,-0.04367268458008766
NIPSNAP3A_RNA,-0.04368899390101433
ZMYM6_RNA,-0.043727803975343704
RFESD_RNA,-0.043736401945352554
MYBL1_RNA,-0.04378947615623474
VBP1_RNA,-0.04379124939441681
LGALS12_RNA,-0.0438014380633831
PFN4_RNA,-0.043803248554468155
RLF_RNA,-0.04381626844406128
SFXN3_RNA,-0.04381662607192993
LIPT2_RNA,-0.043830566108226776
MED18_RNA,-0.043835002928972244
SLC12A7_RNA,-0.04384453594684601
NOTO_RNA,-0.04384658858180046
RFC4_RNA,-0.04385920614004135
NACA_RNA,-0.04386342689394951
ENPP4_RNA,-0.043866898864507675
SNORD111_RNA,-0.043873779475688934
CETN3_RNA,-0.04387931525707245
MC2R_RNA,-0.04388076066970825
PIGA_RNA,-0.043895818293094635
TOPBP1_RNA,-0.04389680176973343
GHDC_RNA,-0.04390130192041397
GCM1_RNA,-0.04391983523964882
EVPL_RNA,-0.043920960277318954
GLYATL1_RNA,-0.043947044759988785
TAC4_RNA,-0.04397502914071083
INHA_RNA,-0.044025544077157974
SDC2_RNA,-0.04402865469455719
INO80C_RNA,-0.044041190296411514
CDK1_RNA,-0.044058091938495636
LRRC14B_RNA,-0.04407823830842972
TMC3_RNA,-0.04409407079219818
SLC36A4_RNA,-0.04411156848073006
MIR589_RNA,-0.04414593428373337
CNTROB_RNA,-0.04415169358253479
SEC24A_RNA,-0.044171303510665894
APC_RNA,-0.04417423903942108
GNE_RNA,-0.04418027400970459
SLC30A2_RNA,-0.04418922960758209
RPL26L1_RNA,-0.04422659054398537
ATP6V0D2_RNA,-0.044231414794921875
XPNPEP3_RNA,-0.04424026235938072
LCOR_RNA,-0.04424046352505684
RASGEF1B_RNA,-0.044245216995477676
PLA2G12B_RNA,-0.044281866401433945
ABCA5_RNA,-0.04428223520517349
YDJC_RNA,-0.04429587721824646
SIAH3_RNA,-0.04430019482970238
KIR3DL2_RNA,-0.044337596744298935
TMF1_RNA,-0.04437604546546936
EVC_RNA,-0.04439137876033783
CENPN_RNA,-0.04439390078186989
DIAPH3_RNA,-0.04440067708492279
FOXB2_RNA,-0.04440087452530861
CEP63_RNA,-0.04442288354039192
LSAMP_RNA,-0.044447410851716995
FHIT_RNA,-0.04445888102054596
ATRIP_RNA,-0.04446202516555786
ZNF283_RNA,-0.04448400437831879
ANXA2_RNA,-0.04450036585330963
CD1A_RNA,-0.04456444829702377
TCTN1_RNA,-0.04459341615438461
LRP12_RNA,-0.04461713507771492
SOD3_RNA,-0.04463367909193039
GLIPR1_RNA,-0.044649235904216766
GTSE1_RNA,-0.04465862736105919
ZDHHC21_RNA,-0.04471055418252945
FAM118A_RNA,-0.04473090171813965
MRPL42_RNA,-0.044739242643117905
ARL1_RNA,-0.04474212974309921
PAK3_RNA,-0.044767506420612335
ZWINT_RNA,-0.04477011412382126
SLC22A12_RNA,-0.04478282853960991
CBX5_RNA,-0.04478345438838005
HNF1A_RNA,-0.04479992389678955
ABLIM3_RNA,-0.04483342543244362
SLC15A4_RNA,-0.0448492206633091
ZNF764_RNA,-0.044862810522317886
NRTN_RNA,-0.044869307428598404
GLRX3_RNA,-0.044885288923978806
NFATC1_RNA,-0.04488721117377281
NLGN4X_RNA,-0.04489073157310486
MON2_RNA,-0.04489130154252052
NUDT7_RNA,-0.0448932945728302
CD109_RNA,-0.04491160064935684
MBLAC2_RNA,-0.044943951070308685
GNAZ_RNA,-0.04494612663984299
OAZ1_RNA,-0.04495041072368622
TP53I11_RNA,-0.04495630040764809
ARHGEF16_RNA,-0.04497695714235306
MRPL22_RNA,-0.044994935393333435
TTC39C_RNA,-0.04500368982553482
SLAIN2_RNA,-0.0450308583676815
TCEAL7_RNA,-0.04503561183810234
MRPL18_RNA,-0.04509908705949783
SGCA_RNA,-0.04510103911161423
XPNPEP1_RNA,-0.04511838033795357
MAP3K2_RNA,-0.04512432962656021
CYP26B1_RNA,-0.045127008110284805
ZNF808_RNA,-0.045197099447250366
ITGB3_RNA,-0.04521036893129349
BNIP3_RNA,-0.04521069675683975
ESYT3_RNA,-0.04521457105875015
GLOD5_RNA,-0.045238059014081955
ATG12_RNA,-0.045240454375743866
SLC2A7_RNA,-0.04524467512965202
DHRS13_RNA,-0.045245461165905
BPNT1_RNA,-0.045258134603500366
HPS3_RNA,-0.045270536094903946
SIRT2_RNA,-0.045279182493686676
PRELID2_RNA,-0.04529371112585068
ATG4A_RNA,-0.04530606418848038
DEPDC7_RNA,-0.04532397910952568
WDR54_RNA,-0.045356329530477524
GINS3_RNA,-0.04536566883325577
ZNF18_RNA,-0.04537086933851242
TPPP3_RNA,-0.04541026055812836
TBPL1_RNA,-0.04541929438710213
GMEB1_RNA,-0.04545895382761955
PDE3B_RNA,-0.04548636078834534
BCL10_RNA,-0.04556523635983467
CD101_RNA,-0.045574843883514404
GNPTAB_RNA,-0.04557962715625763
ZNF630_RNA,-0.04558815807104111
CHST3_RNA,-0.045611921697854996
FOXI2_RNA,-0.045618291944265366
EDARADD_RNA,-0.04563423618674278
ALG2_RNA,-0.04565279930830002
PIGX_RNA,-0.04565982520580292
CHID1_RNA,-0.04566323012113571
AGL_RNA,-0.045720137655735016
XBP1_RNA,-0.0457204133272171
BAIAP2L2_RNA,-0.04572807624936104
DCP2_RNA,-0.045729126781225204
GDF6_RNA,-0.04573407024145126
RNF175_RNA,-0.04574909433722496
EVC2_RNA,-0.04576258361339569
TRAM1_RNA,-0.045774541795253754
FRZB_RNA,-0.04578430578112602
SCGB3A1_RNA,-0.045820970088243484
ENTHD1_RNA,-0.04584512114524841
RNF138_RNA,-0.04591820016503334
MAP3K9_RNA,-0.045926325023174286
AOX2P_RNA,-0.04594781994819641
CT62_RNA,-0.04595162719488144
TMEM120B_RNA,-0.04598529264330864
MAD1L1_RNA,-0.04599594324827194
ZC3H12B_RNA,-0.04599953442811966
TRIM2_RNA,-0.04601927846670151
TCP11L1_RNA,-0.04602346569299698
APOBEC3F_RNA,-0.046029284596443176
TMEM45A_RNA,-0.0460408553481102
CCT8_RNA,-0.04613789543509483
TACSTD2_RNA,-0.046137914061546326
PDX1_RNA,-0.046147432178258896
SCRG1_RNA,-0.04618995264172554
DYTN_RNA,-0.04629569128155708
STK32B_RNA,-0.046327270567417145
CSTF3_RNA,-0.04634277895092964
MRGPRE_RNA,-0.04636158421635628
CCNB3_RNA,-0.04636763408780098
COL16A1_RNA,-0.04637076333165169
MAD2L1_RNA,-0.0463726744055748
AMDHD1_RNA,-0.04637528583407402
CDK2AP2_RNA,-0.04641283303499222
ACSM4_RNA,-0.046456512063741684
RNF207_RNA,-0.04648027569055557
EXTL1_RNA,-0.04648943245410919
POLR2H_RNA,-0.0465179905295372
PDZD7_RNA,-0.04652421921491623
MLPH_RNA,-0.04652569815516472
P4HA1_RNA,-0.04657018929719925
LHX4_RNA,-0.04657506197690964
SPATA17_RNA,-0.046576373279094696
MBNL3_RNA,-0.04661591351032257
CAND1_RNA,-0.04665610194206238
CASK_RNA,-0.046657461673021317
CTHRC1_RNA,-0.04666358605027199
PASK_RNA,-0.046672236174345016
PGK1_RNA,-0.04668328911066055
KRT23_RNA,-0.04668991640210152
GINS2_RNA,-0.04669171944260597
SKIL_RNA,-0.046695467084646225
SHCBP1_RNA,-0.046768758445978165
CCL28_RNA,-0.04678298160433769
NAT1_RNA,-0.04681254178285599
DNHD1_RNA,-0.046830885112285614
VPS29_RNA,-0.04683193936944008
PBX4_RNA,-0.04686718434095383
NT5DC2_RNA,-0.04687576740980148
HSPB3_RNA,-0.04688436910510063
TGM4_RNA,-0.04689329117536545
SAR1B_RNA,-0.04689536616206169
HRAS_RNA,-0.046898096799850464
SLC33A1_RNA,-0.046908412128686905
B3GNT7_RNA,-0.046932391822338104
BSCL2_RNA,-0.04696169123053551
GAL3ST2_RNA,-0.046969179064035416
PBRM1_RNA,-0.04699568450450897
SPCS3_RNA,-0.04700040444731712
ASCL3_RNA,-0.04700257256627083
TMEM167A_RNA,-0.04702701047062874
DCTN3_RNA,-0.0470498725771904
AKR1E2_RNA,-0.04707159847021103
CENPJ_RNA,-0.04710669815540314
PEX16_RNA,-0.04710714519023895
PDPN_RNA,-0.04712487384676933
IL5RA_RNA,-0.04712938889861107
LCE1D_RNA,-0.047143105417490005
EIF5A2_RNA,-0.04716396704316139
PDK1_RNA,-0.047174688428640366
SMC4_RNA,-0.04717608541250229
FAM89A_RNA,-0.04718124866485596
AMN_RNA,-0.047218598425388336
ARFGAP3_RNA,-0.0472412034869194
SCGB3A2_RNA,-0.04724258556962013
LYRM7_RNA,-0.04725377634167671
TBX21_RNA,-0.047311991453170776
VTI1A_RNA,-0.047365453094244
CEP290_RNA,-0.04738254100084305
ATP1B4_RNA,-0.04740804061293602
GPR156_RNA,-0.0474083386361599
ATP2C2_RNA,-0.047439396381378174
ALKBH3_RNA,-0.04745481535792351
TRIP4_RNA,-0.04745732620358467
TMEM170B_RNA,-0.047552235424518585
KLHL18_RNA,-0.047559887170791626
IL17RC_RNA,-0.04759903624653816
CCNF_RNA,-0.04763450846076012
LLPH_RNA,-0.04763706400990486
RAB33B_RNA,-0.047673776745796204
RSPH9_RNA,-0.047685276716947556
RALGPS2_RNA,-0.04769157990813255
RGN_RNA,-0.04769834503531456
TMEM39A_RNA,-0.047698669135570526
ANKRD53_RNA,-0.047716155648231506
AGBL2_RNA,-0.04774348810315132
SPINK5_RNA,-0.047751206904649734
NSD1_RNA,-0.04775221273303032
IMMP1L_RNA,-0.04780452698469162
TBCCD1_RNA,-0.047810148447752
EXOC8_RNA,-0.047818295657634735
LOC153910_RNA,-0.04782497510313988
MIR548H3_RNA,-0.0478324294090271
PROM1_RNA,-0.04786709323525429
PTPN22_RNA,-0.04788435623049736
COL11A2_RNA,-0.04793476685881615
GPR149_RNA,-0.04795195907354355
GFRA3_RNA,-0.04795978590846062
DDX3X_RNA,-0.047980621457099915
TXNDC11_RNA,-0.04799913242459297
KC6_RNA,-0.048007115721702576
KLF8_RNA,-0.04801496863365173
SEC61B_RNA,-0.04803184047341347
GPR63_RNA,-0.0480353906750679
NEK2_RNA,-0.04808264598250389
SLC2A9_RNA,-0.04808593913912773
SSR3_RNA,-0.04810110479593277
ZNF611_RNA,-0.04810381308197975
ADAM29_RNA,-0.04812122508883476
TTC17_RNA,-0.048140138387680054
CTR9_RNA,-0.04814564809203148
TAF11_RNA,-0.04818587377667427
LARP1B_RNA,-0.04825266823172569
HEBP2_RNA,-0.04827245697379112
UCHL5_RNA,-0.048277322202920914
PDLIM3_RNA,-0.04828881472349167
RAP1B_RNA,-0.04830794781446457
TMCO1_RNA,-0.04832974076271057
RNF144A_RNA,-0.048340681940317154
SPAG4_RNA,-0.04836837202310562
KANK1_RNA,-0.048377588391304016
TWF1_RNA,-0.048385139554739
PLA2G4F_RNA,-0.048405423760414124
MATN4_RNA,-0.048409733921289444
SH3KBP1_RNA,-0.04846847057342529
TXNDC9_RNA,-0.04848410189151764
KCTD9_RNA,-0.048512671142816544
ASPDH_RNA,-0.04856923595070839
MPHOSPH9_RNA,-0.048574671149253845
DNAI2_RNA,-0.04857610911130905
PPHLN1_RNA,-0.048585113137960434
ZNF556_RNA,-0.04860638454556465
SPHK1_RNA,-0.04862023890018463
OR2H1_RNA,-0.04862353578209877
SLC22A5_RNA,-0.048637498170137405
APTX_RNA,-0.04867168515920639
BRI3BP_RNA,-0.04867376759648323
EPCAM_RNA,-0.04867565259337425
HEXB_RNA,-0.048690345138311386
RAB42_RNA,-0.04871027544140816
MEI1_RNA,-0.04872497171163559
FEV_RNA,-0.0487346276640892
ABCB5_RNA,-0.04875309392809868
WDR55_RNA,-0.04877687990665436
PGC_RNA,-0.04879271611571312
C1orf141_RNA,-0.04888322949409485
NUS1_RNA,-0.04891204461455345
SEL1L3_RNA,-0.048930566757917404
RNF2_RNA,-0.048934873193502426
UPK1B_RNA,-0.048939935863018036
NBEAL1_RNA,-0.04897089675068855
KNG1_RNA,-0.04899684339761734
TIMM17A_RNA,-0.04899780824780464
CMC1_RNA,-0.048998527228832245
NUP210_RNA,-0.049073636531829834
C1orf127_RNA,-0.049076709896326065
RFC5_RNA,-0.04908688738942146
FBXO4_RNA,-0.04909882694482803
SIGMAR1_RNA,-0.04910549148917198
MUC4_RNA,-0.04912447929382324
C5orf47_RNA,-0.04913771152496338
CDCP1_RNA,-0.049141764640808105
HAUS7_RNA,-0.049152672290802
CIT_RNA,-0.049169715493917465
PLEKHG4_RNA,-0.04917497560381889
PGM2_RNA,-0.04917621985077858
RBP3_RNA,-0.04918207600712776
PODXL2_RNA,-0.04920916631817818
CPA2_RNA,-0.049252402037382126
ZNF143_RNA,-0.04926351457834244
ACAP2_RNA,-0.049280840903520584
RAB9A_RNA,-0.0493151918053627
COX7B_RNA,-0.04934542626142502
LDHAL6A_RNA,-0.04935036599636078
SYNPO2L_RNA,-0.0493779182434082
AHSG_RNA,-0.04938356950879097
UNC13B_RNA,-0.04938570037484169
CCKAR_RNA,-0.0494108609855175
NUP50_RNA,-0.04950357973575592
FAF2_RNA,-0.04950431361794472
MTCH2_RNA,-0.04953617602586746
DNAH2_RNA,-0.04955108091235161
CCDC112_RNA,-0.04958130791783333
CREB3L2_RNA,-0.0496586449444294
CTSK_RNA,-0.04982990399003029
ACBD3_RNA,-0.04983052983880043
MYADM_RNA,-0.04985489696264267
EMILIN2_RNA,-0.049864236265420914
SNHG4_RNA,-0.049887802451848984
KPNA2_RNA,-0.049905139952898026
IRX6_RNA,-0.04991070181131363
RORC_RNA,-0.0499136745929718
PRICKLE1_RNA,-0.049923524260520935
RAB33A_RNA,-0.04999083653092384
TRIM71_RNA,-0.05000610649585724
OR2J2_RNA,-0.05001695454120636
NBPF1_RNA,-0.05002410709857941
DNAJC24_RNA,-0.050039760768413544
TMEM106C_RNA,-0.05004433915019035
ESRP1_RNA,-0.05007388815283775
ARFIP2_RNA,-0.050090596079826355
DNAJC14_RNA,-0.05011274293065071
SPAG17_RNA,-0.05012243241071701
TEDDM1_RNA,-0.05013035982847214
CAPS_RNA,-0.05013184994459152
MAGEB6_RNA,-0.05015287920832634
PRR11_RNA,-0.05015828460454941
FZD6_RNA,-0.05016251653432846
TOP1MT_RNA,-0.050178930163383484
TESK1_RNA,-0.0502111092209816
NME7_RNA,-0.050231315195560455
CUZD1_RNA,-0.050267159938812256
FRMD4B_RNA,-0.050268929451704025
DNMT3L_RNA,-0.05033276230096817
IPMK_RNA,-0.05035980045795441
SERPINA6_RNA,-0.05053333565592766
ANKK1_RNA,-0.050726283341646194
PPP1R16A_RNA,-0.05072847381234169
CCDC160_RNA,-0.050728797912597656
NMU_RNA,-0.050766222178936005
S100A1_RNA,-0.050806913524866104
SFT2D2_RNA,-0.05080932378768921
CYP2R1_RNA,-0.05082717165350914
HLTF_RNA,-0.05084208399057388
ALG6_RNA,-0.050877805799245834
HEYL_RNA,-0.05093565955758095
POPDC2_RNA,-0.05094113573431969
C9orf40_RNA,-0.05095875263214111
SLC38A2_RNA,-0.050975311547517776
BASP1_RNA,-0.051013316959142685
KDELR2_RNA,-0.05101487413048744
MT1G_RNA,-0.05109783262014389
DNAH9_RNA,-0.05115743726491928
WNT9A_RNA,-0.05116720125079155
NIPAL1_RNA,-0.05120782554149628
GDF9_RNA,-0.05121636018157005
SLC30A7_RNA,-0.051243435591459274
RDM1_RNA,-0.05125051736831665
EIF3M_RNA,-0.05125371739268303
DNAJC19_RNA,-0.05126388370990753
CKM_RNA,-0.05137628689408302
XPOT_RNA,-0.05140257626771927
CYB5R1_RNA,-0.0514647550880909
NDUFA6_RNA,-0.05155320465564728
TMTC3_RNA,-0.05167368799448013
MYCBPAP_RNA,-0.051675472408533096
ARG2_RNA,-0.051693908870220184
MMACHC_RNA,-0.05180339515209198
PSIP1_RNA,-0.05181393772363663
TRPV4_RNA,-0.05182258412241936
CISD2_RNA,-0.05182761698961258
LTBR_RNA,-0.05182886868715286
ELMOD2_RNA,-0.05187593027949333
CKAP2_RNA,-0.05190811678767204
HSPA5_RNA,-0.05193886533379555
FBXO45_RNA,-0.05195927247405052
TEKT3_RNA,-0.05197024345397949
CA5B_RNA,-0.05198068544268608
TXN_RNA,-0.05200960487127304
OR1J1_RNA,-0.052024006843566895
BSX_RNA,-0.052024826407432556
LIMD1_RNA,-0.05204020440578461
ENO1_RNA,-0.0520450621843338
BARX1_RNA,-0.0520961731672287
CEP55_RNA,-0.052131179720163345
SH2D4A_RNA,-0.05215753614902496
GRPEL2_RNA,-0.052162110805511475
SLC22A15_RNA,-0.05219044163823128
TMED2_RNA,-0.052229199558496475
PRRC1_RNA,-0.05223648250102997
ZBED5_RNA,-0.05225425958633423
C5orf58_RNA,-0.05226263031363487
AQP6_RNA,-0.052276160567998886
CHAF1B_RNA,-0.05229557678103447
OLFML2A_RNA,-0.052303411066532135
FHAD1_RNA,-0.05231320858001709
SLC26A2_RNA,-0.052321478724479675
GNG2_RNA,-0.052382566034793854
AZI2_RNA,-0.052385322749614716
MYNN_RNA,-0.0524124838411808
S100A4_RNA,-0.05247214809060097
CALD1_RNA,-0.052518729120492935
CENPV_RNA,-0.05254656448960304
PATE3_RNA,-0.052592117339372635
GAB4_RNA,-0.05262753739953041
UBE2S_RNA,-0.05267353728413582
SLC35D3_RNA,-0.05268162488937378
LRRK2_RNA,-0.05268775671720505
MTSS1_RNA,-0.05271989479660988
BCL2L10_RNA,-0.05273104086518288
PRDX1_RNA,-0.05278688669204712
DNAI1_RNA,-0.05279216542840004
ARL15_RNA,-0.05284516513347626
IMPDH1_RNA,-0.052861083298921585
PLIN2_RNA,-0.052884917706251144
DLK2_RNA,-0.05295172706246376
NOL3_RNA,-0.05295298248529434
MYOZ1_RNA,-0.053006552159786224
JMJD6_RNA,-0.05302851274609566
SUSD2_RNA,-0.053032662719488144
PLAC1_RNA,-0.053042516112327576
TTC39B_RNA,-0.05307136848568916
CACYBP_RNA,-0.05308448150753975
CLDN2_RNA,-0.053113702684640884
AFMID_RNA,-0.05314986780285835
XKR8_RNA,-0.05316421762108803
CRYGD_RNA,-0.053168896585702896
VCX_RNA,-0.053188174962997437
ZC3HAV1L_RNA,-0.053251851350069046
MAT1A_RNA,-0.05327490344643593
SLC16A1_RNA,-0.053293146193027496
HSBP1L1_RNA,-0.05330827459692955
RNF7_RNA,-0.05333906039595604
TAF13_RNA,-0.05338741093873978
TSSC4_RNA,-0.05344638600945473
RAET1L_RNA,-0.05347558483481407
SPA17_RNA,-0.05348267778754234
ELOVL4_RNA,-0.0535019189119339
STARD4_RNA,-0.05352942645549774
SLC1A1_RNA,-0.053547389805316925
POLR3G_RNA,-0.05356346443295479
RBPJL_RNA,-0.05359746143221855
MPO_RNA,-0.05362085625529289
CCDC59_RNA,-0.05362384393811226
MAPRE3_RNA,-0.05364231765270233
LATS2_RNA,-0.053672388195991516
DEFB124_RNA,-0.053702905774116516
PLEK2_RNA,-0.05377449840307236
DCAF4L2_RNA,-0.05380089208483696
SH3BGR_RNA,-0.053833018988370895
TUFT1_RNA,-0.05383654683828354
FRMD7_RNA,-0.05392075330018997
ULBP1_RNA,-0.05400029942393303
FSCN2_RNA,-0.0541866272687912
PDCL2_RNA,-0.054196059703826904
OSTC_RNA,-0.05421003699302673
FRG1_RNA,-0.05428670719265938
MORC4_RNA,-0.05437855422496796
POPDC3_RNA,-0.054480768740177155
RABL2A_RNA,-0.05450470373034477
RUFY4_RNA,-0.05450523644685745
MIR33A_RNA,-0.05450661852955818
TALDO1_RNA,-0.054521892219781876
RBP1_RNA,-0.054541997611522675
RIBC2_RNA,-0.05454922839999199
SIAH2_RNA,-0.05455007031559944
C3orf52_RNA,-0.054554346948862076
NANOS1_RNA,-0.05457993596792221
DERL2_RNA,-0.05463678017258644
SLC6A4_RNA,-0.054711584001779556
APOBEC4_RNA,-0.05471773073077202
GPR150_RNA,-0.05478675290942192
TTLL2_RNA,-0.05484539270401001
RBM15_RNA,-0.054862119257450104
KAAG1_RNA,-0.05486757308244705
SIL1_RNA,-0.054941900074481964
ARHGEF19_RNA,-0.05494462698698044
FAM83F_RNA,-0.054977864027023315
FYTTD1_RNA,-0.05504399538040161
EBP_RNA,-0.055049724876880646
C12orf75_RNA,-0.05510348454117775
KIF18A_RNA,-0.055121153593063354
NUP37_RNA,-0.05512620136141777
TRIM67_RNA,-0.05513520911335945
GALNT3_RNA,-0.05518154427409172
VAT1_RNA,-0.05518364906311035
ADAT3_RNA,-0.05523008480668068
MRI1_RNA,-0.05525455251336098
SMTN_RNA,-0.0552738681435585
WDR53_RNA,-0.05532476678490639
SQLE_RNA,-0.0553399957716465
MPV17L_RNA,-0.055369045585393906
HSP90B3P_RNA,-0.05537506565451622
BST1_RNA,-0.05542431399226189
WFDC10B_RNA,-0.055526167154312134
KLRC1_RNA,-0.05554715171456337
PCP4_RNA,-0.05559218302369118
ANXA11_RNA,-0.05560915917158127
VAX1_RNA,-0.05561237409710884
FAM107B_RNA,-0.05561812222003937
PRKAR2A_RNA,-0.055654436349868774
MMP11_RNA,-0.05570635199546814
RNF168_RNA,-0.055729642510414124
DSC2_RNA,-0.05574468895792961
NOC4L_RNA,-0.055785294622182846
SLC35F5_RNA,-0.055798329412937164
GPRASP1_RNA,-0.05587047338485718
TMSB10_RNA,-0.05590956285595894
POLR2A_RNA,-0.055938635021448135
SCML2_RNA,-0.055962398648262024
PAGE2B_RNA,-0.05596611276268959
PLOD1_RNA,-0.05602486804127693
DNAJC1_RNA,-0.05603160709142685
SMARCA2_RNA,-0.05611240491271019
NR2C2AP_RNA,-0.05622003600001335
KRR1_RNA,-0.05626162886619568
USP15_RNA,-0.056273460388183594
ORMDL2_RNA,-0.05630878731608391
ATP7A_RNA,-0.0563235729932785
SRPRB_RNA,-0.056343208998441696
KLF11_RNA,-0.05638021603226662
WEE1_RNA,-0.056384626775979996
CASP4_RNA,-0.05638912692666054
PPM1E_RNA,-0.056416917592287064
DNAJC25_RNA,-0.05657214671373367
SLC44A1_RNA,-0.05658179149031639
VDAC1_RNA,-0.05662135034799576
STRN_RNA,-0.05662268027663231
CLDN18_RNA,-0.05663561448454857
TUBA1A_RNA,-0.05663640797138214
CIB3_RNA,-0.056679919362068176
STK10_RNA,-0.05670975521206856
C1GALT1C1_RNA,-0.0567440539598465
HCN4_RNA,-0.05676862224936485
HSBP1_RNA,-0.05679808557033539
TTC3_RNA,-0.056884270161390305
HORMAD2_RNA,-0.05691765248775482
ASPRV1_RNA,-0.057037606835365295
ANKRD34B_RNA,-0.05706014856696129
NDUFAF2_RNA,-0.057065267115831375
RHBDF1_RNA,-0.05706622824072838
PATE1_RNA,-0.05711115896701813
C11orf58_RNA,-0.05716431513428688
TREX2_RNA,-0.057164646685123444
SPTY2D1_RNA,-0.05716981738805771
PTGES3_RNA,-0.05718604475259781
LRRIQ3_RNA,-0.05733815208077431
TXNDC17_RNA,-0.05741262063384056
ING2_RNA,-0.057471584528684616
RUSC1_RNA,-0.05747361481189728
MYOD1_RNA,-0.05748477578163147
RBM24_RNA,-0.05751901865005493
RAPSN_RNA,-0.05753834918141365
POLR1D_RNA,-0.05754535272717476
TPM2_RNA,-0.05764251574873924
PTMA_RNA,-0.057734400033950806
GNAT2_RNA,-0.057736221700906754
HNRNPF_RNA,-0.05774477496743202
DNAJA4_RNA,-0.05775852128863335
CBX8_RNA,-0.05779746174812317
OR4F15_RNA,-0.057865165174007416
ATP1B3_RNA,-0.0578906387090683
PMFBP1_RNA,-0.057927317917346954
DZIP1L_RNA,-0.05796905979514122
FCRLA_RNA,-0.05796977877616882
GUCY2C_RNA,-0.05799993500113487
MIOX_RNA,-0.05800965055823326
ALOX12B_RNA,-0.058182571083307266
NDUFA4L2_RNA,-0.058187250047922134
CCNA1_RNA,-0.05828580632805824
PPIE_RNA,-0.05836619436740875
MORF4L2_RNA,-0.058379147201776505
GPNMB_RNA,-0.0584016852080822
C2CD4D_RNA,-0.058523304760456085
PAPOLB_RNA,-0.05853315070271492
GNG12_RNA,-0.05869132652878761
PPP2R3A_RNA,-0.05869566276669502
ITGB3BP_RNA,-0.05872458964586258
PSMD13_RNA,-0.058778755366802216
ZSWIM2_RNA,-0.05878610163927078
GABRP_RNA,-0.05881568044424057
ECT2_RNA,-0.058831896632909775
C12orf56_RNA,-0.05886729434132576
TOM1L1_RNA,-0.05889309570193291
TMEM107_RNA,-0.058978043496608734
P4HA2_RNA,-0.0590486153960228
CRYBA2_RNA,-0.059051644057035446
TCF15_RNA,-0.059054676443338394
DMRT3_RNA,-0.05911295861005783
MOSPD1_RNA,-0.05911460891366005
CMTM8_RNA,-0.0592566579580307
SOX30_RNA,-0.05930732190608978
ALDH7A1_RNA,-0.0593450702726841
RAB9B_RNA,-0.05935560539364815
TPRG1_RNA,-0.05941247567534447
ATP6V0A4_RNA,-0.05943179503083229
SLC2A10_RNA,-0.05945073813199997
MPZL1_RNA,-0.05950343608856201
SLC16A3_RNA,-0.05950918421149254
ODF2L_RNA,-0.0595727413892746
SMCP_RNA,-0.05961918085813522
RASSF1_RNA,-0.059622008353471756
KY_RNA,-0.059677161276340485
ACADS_RNA,-0.05969864875078201
LOXHD1_RNA,-0.05971057713031769
ZBTB8B_RNA,-0.05975329875946045
ZNF639_RNA,-0.05975764989852905
GMPPB_RNA,-0.05982676148414612
KCTD16_RNA,-0.05982924625277519
CRADD_RNA,-0.05989769846200943
TTC13_RNA,-0.059933315962553024
PKP1_RNA,-0.05995465815067291
CYB5R4_RNA,-0.060035910457372665
AKR7A3_RNA,-0.06008833274245262
CHORDC1_RNA,-0.06010410934686661
GTPBP8_RNA,-0.060117002576589584
ENTPD7_RNA,-0.06024913862347603
ZNF652_RNA,-0.060274992138147354
PDLIM1_RNA,-0.06031972914934158
TAF12_RNA,-0.06037124991416931
KTI12_RNA,-0.06045185774564743
SBNO1_RNA,-0.06049505993723869
RAD9B_RNA,-0.060525551438331604
ZDHHC12_RNA,-0.06057095155119896
PARVB_RNA,-0.06069023534655571
CD58_RNA,-0.06074129417538643
GP5_RNA,-0.06083982437849045
IL17B_RNA,-0.06089111417531967
CBFB_RNA,-0.06105058267712593
KRT40_RNA,-0.061109334230422974
HPX_RNA,-0.06116672232747078
NR5A1_RNA,-0.06130644306540489
PIM2_RNA,-0.061316750943660736
NSUN7_RNA,-0.06133227050304413
ZNF469_RNA,-0.061335910111665726
ARF4_RNA,-0.06148628517985344
TLX3_RNA,-0.06152951717376709
NIPAL2_RNA,-0.06160387769341469
CUL7_RNA,-0.0616239495575428
SPIN4_RNA,-0.061728354543447495
TGFBI_RNA,-0.06176425516605377
RIC8A_RNA,-0.061796337366104126
MDK_RNA,-0.06190543249249458
RAB36_RNA,-0.06202610209584236
ZNF697_RNA,-0.062053896486759186
PTTG1_RNA,-0.06212949752807617
SPTB_RNA,-0.06231383606791496
YIPF5_RNA,-0.062332309782505035
PTRH2_RNA,-0.062454622238874435
DEDD2_RNA,-0.06251399219036102
FOXI1_RNA,-0.06252960115671158
BET1L_RNA,-0.06256060302257538
OPTC_RNA,-0.06258408725261688
C11orf24_RNA,-0.06259618699550629
ELF4_RNA,-0.0626433789730072
MLF1_RNA,-0.06266646087169647
RYBP_RNA,-0.06267392635345459
PATE4_RNA,-0.06276708096265793
IRAK4_RNA,-0.06283080577850342
ITGA4_RNA,-0.06297259032726288
GK_RNA,-0.0629878118634224
AP3S1_RNA,-0.06311066448688507
LDHA_RNA,-0.06321116536855698
IYD_RNA,-0.06326805055141449
NHLH2_RNA,-0.06334538012742996
PHF7_RNA,-0.06335823982954025
PRPS2_RNA,-0.06343966722488403
NQO2_RNA,-0.06345731765031815
ACE2_RNA,-0.06351043283939362
P4HB_RNA,-0.06365711987018585
IGFBP2_RNA,-0.06377062201499939
BEST4_RNA,-0.0637827068567276
ADARB1_RNA,-0.06385238468647003
TCEANC_RNA,-0.06386755406856537
TTC16_RNA,-0.06395844370126724
JAKMIP1_RNA,-0.06410522758960724
ZDHHC13_RNA,-0.0641310065984726
C17orf58_RNA,-0.06432687491178513
MYOG_RNA,-0.06440131366252899
LITAF_RNA,-0.06447502970695496
TTC23L_RNA,-0.06450151652097702
SYAP1_RNA,-0.06450245529413223
NANS_RNA,-0.06450655311346054
SDF2L1_RNA,-0.0646207332611084
RAB3D_RNA,-0.06463406980037689
CLIC1_RNA,-0.06509658694267273
RELL2_RNA,-0.06513939052820206
LYSMD3_RNA,-0.06517771631479263
LRRC69_RNA,-0.065302275121212
LEKR1_RNA,-0.06566552817821503
OBSCN_RNA,-0.06581579893827438
RINL_RNA,-0.06585545837879181
MYL12A_RNA,-0.06588723510503769
SERPINF2_RNA,-0.06593413650989532
NANP_RNA,-0.06604111939668655
TBX22_RNA,-0.06607877463102341
BLOC1S1_RNA,-0.06609348952770233
MRPL17_RNA,-0.06612115353345871
SLC12A8_RNA,-0.06613385677337646
FCRLB_RNA,-0.0661415085196495
SNAPC3_RNA,-0.06617286801338196
GDPD4_RNA,-0.06619305908679962
SLC41A2_RNA,-0.06641226261854172
BTNL2_RNA,-0.06654608249664307
SPEM1_RNA,-0.0667414516210556
DENR_RNA,-0.06682801991701126
ACTG1_RNA,-0.06688693165779114
EMP3_RNA,-0.06691362708806992
PLP2_RNA,-0.06694763898849487
CDKN2D_RNA,-0.06699162721633911
MLANA_RNA,-0.06701013445854187
TDG_RNA,-0.0670819878578186
PHF11_RNA,-0.06725805252790451
C17orf50_RNA,-0.06736204773187637
CDRT4_RNA,-0.06736672669649124
COX17_RNA,-0.0673724114894867
UGDH_RNA,-0.06743866950273514
GPRIN2_RNA,-0.06752905249595642
VDR_RNA,-0.06758197396993637
KCNMB3_RNA,-0.06759338825941086
SLC6A3_RNA,-0.06766024976968765
PIGP_RNA,-0.06766178458929062
CHEK2_RNA,-0.06767688691616058
DNAJB13_RNA,-0.06784630566835403
PHRF1_RNA,-0.06818439811468124
KLHDC9_RNA,-0.06819094717502594
EFEMP2_RNA,-0.06841383874416351
SLC27A2_RNA,-0.06841858476400375
RACGAP1_RNA,-0.06847496330738068
ZBTB41_RNA,-0.0684814304113388
ZCCHC12_RNA,-0.06849279999732971
CXorf58_RNA,-0.0685180053114891
C22orf15_RNA,-0.06873350590467453
PIM3_RNA,-0.068748369812965393
TAL2_RNA,-0.0687514990568161
CCDC110_RNA,-0.06879206001758575
NINL_RNA,-0.06881236284971237
ZYG11A_RNA,-0.06894367933273315
FUT4_RNA,-0.06896568834781647
TRNAU1AP_RNA,-0.06897387653589249
RP2_RNA,-0.06912707537412643
EIF4G2_RNA,-0.06935464590787888
SCN5A_RNA,-0.06938362121582031
DCAF12L1_RNA,-0.06943720579147339
ARPC5_RNA,-0.0694691389799118
DUSP23_RNA,-0.06949103623628616
IGSF9_RNA,-0.06958730518817902
TMEM220_RNA,-0.06968767940998077
TRAPPC2_RNA,-0.06986842304468155
OSBPL8_RNA,-0.0699109211564064
MATN1_RNA,-0.0702049732208252
DEFB1_RNA,-0.07028095424175262
EID3_RNA,-0.07035814225673676
STX2_RNA,-0.07050369679927826
FABP6_RNA,-0.07060972601175308
BBS7_RNA,-0.07062852382659912
CHRNA10_RNA,-0.07065679132938385
TMC2_RNA,-0.0706801787018776
TIPRL_RNA,-0.07109221071004868
CBR1_RNA,-0.0712692141532898
CORO2A_RNA,-0.07134800404310226
DIAPH1_RNA,-0.07139656692743301
RPP25_RNA,-0.07167921215295792
LENG9_RNA,-0.07173549383878708
IQCG_RNA,-0.0717398077249527
WASF1_RNA,-0.07224878668785095
DSC3_RNA,-0.07244877517223358
RRN3P2_RNA,-0.07269050180912018
TRAF5_RNA,-0.07296638190746307
PPCS_RNA,-0.07325079292058945
ULBP2_RNA,-0.07335568964481354
AFAP1L2_RNA,-0.07397107779979706
PANK3_RNA,-0.07402918487787247
MT1F_RNA,-0.07489179819822311
ATG9B_RNA,-0.07523074746131897
SLC16A8_RNA,-0.07524897158145905
TUBA1C_RNA,-0.07592535018920898
HPS1_RNA,-0.075989730656147
CHAD_RNA,-0.07601682841777802
DENND1B_RNA,-0.07611189037561417
GFPT1_RNA,-0.07635071128606796
C17orf67_RNA,-0.07648322731256485
SMC1B_RNA,-0.0766909047961235
SLC25A20_RNA,-0.07670076936483383
FKBP9_RNA,-0.07675624638795853
IRX4_RNA,-0.07684884965419769
PDIA4_RNA,-0.07719819992780685
OR10H5_RNA,-0.07722310721874237
PSMA1_RNA,-0.07723578810691833
LGALS1_RNA,-0.07736755162477493
EPS8_RNA,-0.07763945311307907
ANKRD54_RNA,-0.07777555286884308
DMC1_RNA,-0.07795751839876175
DYNLL1_RNA,-0.0787169560790062
PRDX4_RNA,-0.07896450906991959
LAYN_RNA,-0.07921995967626572
GGH_RNA,-0.07927735149860382
FBXO17_RNA,-0.0792931467294693
MARVELD1_RNA,-0.07983225584030151
COMMD8_RNA,-0.07997431606054306
ATP11B_RNA,-0.08000442385673523
ISOC1_RNA,-0.08066753298044205
PRICKLE3_RNA,-0.08126978576183319
IKBIP_RNA,-0.08191518485546112
PATE2_RNA,-0.08214250206947327
C22orf42_RNA,-0.08246898651123047
LRRC59_RNA,-0.08262983709573746
SYCP1_RNA,-0.08298642188310623
OFD1_RNA,-0.08311807364225388
FMO5_RNA,-0.08406735211610794
LIN7C_RNA,-0.08416008204221725
PUS7L_RNA,-0.08449992537498474
UCMA_RNA,-0.08479443937540054
ACRV1_RNA,-0.08498398959636688
TIMP1_RNA,-0.08500225841999054
ACCS_RNA,-0.08534497022628784
MANF_RNA,-0.08548031002283096
DMRT1_RNA,-0.08562696725130081
ZNF735_RNA,-0.08575709909200668
ULBP3_RNA,-0.08614496886730194
SEC24D_RNA,-0.0867171660065651
DIRC3_RNA,-0.08672716468572617
ACAA2_RNA,-0.08673503249883652
C5orf15_RNA,-0.08715467900037766
TEX11_RNA,-0.08762848377227783
PCBD1_RNA,-0.08774475008249283
KCNK18_RNA,-0.0880810096859932
NUCB2_RNA,-0.0900401622056961
ANGPTL7_RNA,-0.09119794517755508
PDE6A_RNA,-0.09155647456645966
GAS2L3_RNA,-0.09170336276292801
FGF3_RNA,-0.0920143648982048
CCDC50_RNA,-0.09206736087799072
CA6_RNA,-0.09209256619215012
CABYR_RNA,-0.09446974843740463
DNAJB11_RNA,-0.09477405250072479
NXT2_RNA,-0.09582674503326416
DYRK3_RNA,-0.0971422865986824
DYNLT3_RNA,-0.09796927869319916
PHKA2_RNA,-0.09902238845825195
HSP90B1_RNA,-0.10303494334220886
VILL_RNA,-0.10592419654130936
MSN_RNA,-0.10599566251039505
ARSD_RNA,-0.10719222575426102
PLD6_RNA,-0.10728751122951508
TAGLN2_RNA,-0.11441070586442947
NMRAL1_RNA,-0.1177762821316719
SLC43A3_RNA,-0.11907409131526947
TMEM212_RNA,-0.11964620649814606
FAM114A1_RNA,-0.13037361204624176
SLC25A24_RNA,-0.13113607466220856
