gene,score
BCAN_RNA,0.7031220197677612
MEX3A_RNA,0.5884718894958496
ASCL1_RNA,0.5871220827102661
SOX8_RNA,0.5846379995346069
GSX1_RNA,0.575481116771698
MYCN_RNA,0.5748599767684937
CSPG5_RNA,0.5744601488113403
HES6_RNA,0.5535836219787598
DLL3_RNA,0.5456061363220215
SHD_RNA,0.5425050258636475
HES5_RNA,0.5398783683776855
GNG4_RNA,0.5397815108299255
FXYD6_RNA,0.5336257219314575
NEU4_RNA,0.5330864191055298
SALL3_RNA,0.524962842464447
ZDHHC22_RNA,0.5149004459381104
NKAIN4_RNA,0.5143243670463562
EFNA2_RNA,0.5092341899871826
RCOR2_RNA,0.5085145831108093
SOX11_RNA,0.49701282382011414
SBK1_RNA,0.48253923654556274
MYBL2_RNA,0.4784328043460846
SOX4_RNA,0.4753633737564087
RAC3_RNA,0.4726288616657257
BTBD17_RNA,0.46752962470054626
GAS1_RNA,0.46231377124786377
NUF2_RNA,0.459125816822052
ID4_RNA,0.4577091634273529
KIFC1_RNA,0.45494428277015686
KIF15_RNA,0.44675806164741516
TOP2A_RNA,0.4463876187801361
CDCA7_RNA,0.44296738505363464
FAM181B_RNA,0.44266918301582336
FGFBP3_RNA,0.4411852955818176
SEZ6L_RNA,0.44066867232322693
CBX2_RNA,0.435621440410614
PBK_RNA,0.43552207946777344
GLCCI1_RNA,0.43050238490104675
BCL7A_RNA,0.4298810660839081
OLIG2_RNA,0.42846059799194336
KIF18B_RNA,0.42249634861946106
DLL1_RNA,0.42231422662734985
CNTFR_RNA,0.4196667969226837
UHRF1_RNA,0.4195921719074249
SPSB4_RNA,0.41875457763671875
RTKN2_RNA,0.4170975387096405
ZNF711_RNA,0.41660141944885254
KIF2C_RNA,0.4122975468635559
UBE2C_RNA,0.40940597653388977
CDCA5_RNA,0.408307284116745
SKA3_RNA,0.40823671221733093
DCX_RNA,0.4064663350582123
EMILIN3_RNA,0.40507155656814575
SPC25_RNA,0.40231919288635254
CHST9_RNA,0.40067896246910095
TPX2_RNA,0.3998495042324066
FOXM1_RNA,0.3970455229282379
NCAPH_RNA,0.39600223302841187
MCM10_RNA,0.3956283628940582
DEPDC1B_RNA,0.3945581614971161
SOX2_RNA,0.39134401082992554
AURKB_RNA,0.3900444507598877
ARC_RNA,0.38816794753074646
TTK_RNA,0.38808226585388184
GADD45G_RNA,0.38797786831855774
CENPH_RNA,0.38777250051498413
LRRN1_RNA,0.38629576563835144
CXXC4_RNA,0.38506194949150085
CKB_RNA,0.38498908281326294
CDC25A_RNA,0.3848268985748291
CACNG7_RNA,0.3820737600326538
MARCKSL1_RNA,0.38017454743385315
SNX31_RNA,0.3797151446342468
TROAP_RNA,0.37755241990089417
CDC20_RNA,0.37694087624549866
WDR62_RNA,0.3759896159172058
NEK2_RNA,0.37588346004486084
CCNB2_RNA,0.37499237060546875
LMNB1_RNA,0.3746680021286011
BIRC5_RNA,0.3738170862197876
ZNF300_RNA,0.37369218468666077
TP73_RNA,0.3733634948730469
E2F2_RNA,0.3733275234699249
VANGL2_RNA,0.37152254581451416
FLJ16779_RNA,0.3700393736362457
MYT1_RNA,0.3690810799598694
DTL_RNA,0.36833763122558594
ESCO2_RNA,0.3681328594684601
TSPAN12_RNA,0.3658405542373657
SCG3_RNA,0.36542245745658875
CDCA8_RNA,0.36324235796928406
HJURP_RNA,0.36252284049987793
CELSR3_RNA,0.36012768745422363
LMO1_RNA,0.3588106334209442
NXPH1_RNA,0.3587464988231659
CKAP2L_RNA,0.35835349559783936
CDC7_RNA,0.3582805395126343
MAD2L1_RNA,0.35793337225914
MMP16_RNA,0.35757410526275635
MYCNOS_RNA,0.35728493332862854
EXO1_RNA,0.35720929503440857
MAPT_RNA,0.3571975827217102
CDC25C_RNA,0.35684096813201904
VIPR2_RNA,0.35659259557724
DLGAP5_RNA,0.3559648096561432
COL28A1_RNA,0.3550424873828888
FANCI_RNA,0.35396233201026917
GPC2_RNA,0.3531780540943146
CDT1_RNA,0.35303667187690735
OLIG1_RNA,0.352920264005661
ESPL1_RNA,0.3522379696369171
TMEM145_RNA,0.3521614074707031
TOX3_RNA,0.3515486419200897
GINS2_RNA,0.3512648046016693
CENPF_RNA,0.35120686888694763
MCM7_RNA,0.35039740800857544
NRARP_RNA,0.35010895133018494
PKMYT1_RNA,0.3500644564628601
ASPM_RNA,0.3498579263687134
TCF7L1_RNA,0.3491259813308716
CENPA_RNA,0.3471362590789795
SLC24A3_RNA,0.3463208079338074
SPC24_RNA,0.3462141156196594
ZBTB12_RNA,0.34620434045791626
PSAT1_RNA,0.3453775644302368
ROBO2_RNA,0.34464898705482483
COL20A1_RNA,0.3446010947227478
PLK4_RNA,0.34414443373680115
CKS2_RNA,0.34377238154411316
EZH2_RNA,0.3430623710155487
GTSE1_RNA,0.34231674671173096
UBE2T_RNA,0.3398555517196655
EME1_RNA,0.3397524952888489
PLK1_RNA,0.33885878324508667
BUB1B_RNA,0.33718186616897583
CHEK1_RNA,0.33682262897491455
NCAN_RNA,0.335307776927948
CENPK_RNA,0.3353067934513092
ETV1_RNA,0.3344947397708893
EDNRB_RNA,0.3342485725879669
KCND2_RNA,0.33412426710128784
CDK1_RNA,0.333331823348999
SNCAIP_RNA,0.33295103907585144
MAP2_RNA,0.33170199394226074
MPPED2_RNA,0.3298097550868988
BUB1_RNA,0.3297754228115082
FBXO5_RNA,0.32975202798843384
MELK_RNA,0.3293420672416687
MSTN_RNA,0.3290828764438629
SOX6_RNA,0.3289221525192261
KIF22_RNA,0.32835233211517334
CCNA2_RNA,0.3283132016658783
RAD54L_RNA,0.3278304934501648
WSCD1_RNA,0.3272353410720825
ZBTB8B_RNA,0.3270350396633148
MCM2_RNA,0.32650870084762573
NCAPG_RNA,0.3257561922073364
TRIP13_RNA,0.32498934864997864
B3GAT2_RNA,0.3243597447872162
RAD51_RNA,0.32358676195144653
KIF4A_RNA,0.32322192192077637
HES4_RNA,0.3232180178165436
TTYH1_RNA,0.32285141944885254
HMGB2_RNA,0.3227483630180359
KIF14_RNA,0.32167407870292664
LINGO1_RNA,0.32063335180282593
HOXD3_RNA,0.3201332688331604
PODXL2_RNA,0.31942281126976013
FSD1_RNA,0.3190370500087738
ZNF738_RNA,0.31801968812942505
NOVA1_RNA,0.31778907775878906
MYEF2_RNA,0.3176165521144867
BRIP1_RNA,0.31706660985946655
TRIM71_RNA,0.31689000129699707
PHF21B_RNA,0.31583067774772644
RFC3_RNA,0.31389811635017395
GINS1_RNA,0.313630610704422
GAL3ST3_RNA,0.31315654516220093
IGSF9_RNA,0.3131519556045532
MXD3_RNA,0.31293612718582153
ILDR2_RNA,0.31266385316848755
KIF23_RNA,0.31118860840797424
ECT2_RNA,0.3110162615776062
CDCA3_RNA,0.3108295798301697
NLGN3_RNA,0.310591459274292
CHD7_RNA,0.30972814559936523
TRAIP_RNA,0.30926090478897095
SEZ6_RNA,0.3085916042327881
POU3F3_RNA,0.3083241581916809
TCF3_RNA,0.3079579770565033
SKA1_RNA,0.3078601360321045
RFTN2_RNA,0.3078118562698364
SOX12_RNA,0.3076227903366089
NDC80_RNA,0.30711349844932556
POU3F2_RNA,0.3067065179347992
VGF_RNA,0.30668798089027405
DSCAM_RNA,0.3062288761138916
HMGB3_RNA,0.3058178424835205
ASF1B_RNA,0.3039126396179199
KCNQ2_RNA,0.30387642979621887
DCLK2_RNA,0.3032419979572296
NKAIN1_RNA,0.30319321155548096
GRIA4_RNA,0.30271175503730774
MAST1_RNA,0.3019409775733948
ZNF22_RNA,0.30159837007522583
RAP1GAP_RNA,0.3015548884868622
DPF1_RNA,0.3011099398136139
STMN1_RNA,0.3002510368824005
EPHB3_RNA,0.30017223954200745
KLHL25_RNA,0.2997129261493683
CHAF1A_RNA,0.29937195777893066
DEPDC1_RNA,0.29885512590408325
XRCC2_RNA,0.29873958230018616
FAM83D_RNA,0.2986389994621277
PAFAH1B3_RNA,0.29860830307006836
NEIL3_RNA,0.2984871566295624
PCGF2_RNA,0.2980174720287323
TMSB15A_RNA,0.2970532774925232
TMEM97_RNA,0.2969292104244232
MMP15_RNA,0.2963259518146515
CDKN2C_RNA,0.29611924290657043
KIF11_RNA,0.2954547703266144
CACNG4_RNA,0.29534125328063965
MANEAL_RNA,0.2947385907173157
KCTD15_RNA,0.2941247820854187
SOX21_RNA,0.29409945011138916
PHGDH_RNA,0.29349982738494873
RHBDL3_RNA,0.2925616502761841
LIN9_RNA,0.2921975255012512
ZNF704_RNA,0.29201847314834595
ZNF367_RNA,0.2914867401123047
BEST3_RNA,0.29062268137931824
SIX6_RNA,0.29061266779899597
SLC26A7_RNA,0.29021286964416504
ODC1_RNA,0.28898853063583374
BRSK2_RNA,0.2883678674697876
SLIT1_RNA,0.2883608043193817
MAMLD1_RNA,0.2878718078136444
TMPO_RNA,0.28759172558784485
EGFR_RNA,0.2874392569065094
TUBB2B_RNA,0.28705883026123047
HAND2_RNA,0.2867884635925293
NEUROD1_RNA,0.28660914301872253
SPAG5_RNA,0.28631922602653503
ZNF90_RNA,0.28580930829048157
GBX2_RNA,0.2855772376060486
ELAVL3_RNA,0.2850666344165802
KLHL23_RNA,0.28388431668281555
LFNG_RNA,0.2835913896560669
FADS2_RNA,0.2833961844444275
CDK5R1_RNA,0.28308841586112976
TRIM9_RNA,0.2825595736503601
SIX1_RNA,0.2825254499912262
GSG1L_RNA,0.28206703066825867
CCDC150_RNA,0.28176218271255493
CKAP2_RNA,0.2816540598869324
CDH15_RNA,0.2813524901866913
TCF12_RNA,0.2812897562980652
ZNF311_RNA,0.28117963671684265
CRMP1_RNA,0.2805790901184082
FANCD2_RNA,0.2802508771419525
RIMS4_RNA,0.2802433669567108
CCNB1_RNA,0.27980920672416687
RECQL4_RNA,0.2774540185928345
ZWINT_RNA,0.2768964171409607
GPSM2_RNA,0.27684304118156433
PTTG1_RNA,0.27678382396698
CHTF18_RNA,0.27677085995674133
KIF18A_RNA,0.27670127153396606
ZNF853_RNA,0.2764349579811096
ASB5_RNA,0.27565231919288635
GMNN_RNA,0.2755087614059448
OIP5_RNA,0.27472731471061707
NMU_RNA,0.2744887173175812
DBF4_RNA,0.27421247959136963
KLF15_RNA,0.27372485399246216
RAD51AP1_RNA,0.273684024810791
DIAPH3_RNA,0.27256011962890625
PCMTD2_RNA,0.2722567319869995
GPM6A_RNA,0.27224108576774597
ANKRD13B_RNA,0.2720896303653717
EBF4_RNA,0.27110299468040466
CDK2_RNA,0.2700895071029663
REEP1_RNA,0.269939124584198
DPP6_RNA,0.2696763575077057
PSIP1_RNA,0.2683155834674835
MNS1_RNA,0.2680397033691406
MCM4_RNA,0.26783618330955505
PCDH15_RNA,0.2677094638347626
C3orf70_RNA,0.2676851153373718
TMEM108_RNA,0.26755285263061523
RASL10B_RNA,0.26749566197395325
NMB_RNA,0.2674541473388672
IL17D_RNA,0.26659587025642395
PRPF38A_RNA,0.26657137274742126
NT5DC2_RNA,0.26637157797813416
NCAPG2_RNA,0.26631686091423035
LAPTM4B_RNA,0.2659966051578522
MKI67_RNA,0.26570194959640503
NKX3-2_RNA,0.26553094387054443
SCRT2_RNA,0.26541244983673096
RPRM_RNA,0.26526176929473877
TSPAN18_RNA,0.2651444673538208
SOX15_RNA,0.265118271112442
CCNB1IP1_RNA,0.26504307985305786
ZFP37_RNA,0.2650338113307953
TIMELESS_RNA,0.26419946551322937
FBN3_RNA,0.2638568878173828
C2orf80_RNA,0.26354554295539856
ZCCHC18_RNA,0.26353928446769714
CENPQ_RNA,0.26331278681755066
SOX9_RNA,0.2631135582923889
NASP_RNA,0.2626439034938812
KLHL17_RNA,0.26264169812202454
GPSM1_RNA,0.26251697540283203
C2orf88_RNA,0.26141735911369324
LMNB2_RNA,0.2612869441509247
GRIK3_RNA,0.2609400749206543
NPPA_RNA,0.2608012855052948
WDR76_RNA,0.26076218485832214
POLQ_RNA,0.26063016057014465
CDCA2_RNA,0.26045700907707214
ST6GAL2_RNA,0.2604048252105713
KIAA1549_RNA,0.25993263721466064
SNHG1_RNA,0.2591567039489746
NCALD_RNA,0.2586292624473572
MAGI1_RNA,0.25862371921539307
SF3A2_RNA,0.2572225034236908
MACROD1_RNA,0.2564932107925415
PDGFRA_RNA,0.25637197494506836
RPE65_RNA,0.25623124837875366
USP1_RNA,0.2560887336730957
ADAMTS6_RNA,0.25593483448028564
OTP_RNA,0.2550191879272461
ATAD2_RNA,0.25500956177711487
EEPD1_RNA,0.25499123334884644
E2F1_RNA,0.252353310585022
SMC2_RNA,0.251804381608963
DPYSL5_RNA,0.2516525089740753
DSCAML1_RNA,0.25144198536872864
MSI1_RNA,0.2513033449649811
CDC6_RNA,0.25129660964012146
PTN_RNA,0.25056326389312744
COL9A3_RNA,0.2505035698413849
NFIX_RNA,0.25019779801368713
GPR137C_RNA,0.2500184178352356
GINS3_RNA,0.25000354647636414
PSD2_RNA,0.249796524643898
DNAJB5_RNA,0.24934795498847961
HNRNPA1L2_RNA,0.2485392987728119
NKD1_RNA,0.2483626902103424
ANP32E_RNA,0.24791349470615387
FLRT1_RNA,0.24730660021305084
PIF1_RNA,0.24725957214832306
CTNND2_RNA,0.24716521799564362
ZNF775_RNA,0.24700739979743958
RRM2_RNA,0.24694062769412994
LHX2_RNA,0.24641233682632446
MCM3_RNA,0.2459278702735901
SEMA5B_RNA,0.24573403596878052
PPM1E_RNA,0.24514184892177582
POLE2_RNA,0.24511078000068665
MYO16_RNA,0.24465039372444153
CTH_RNA,0.24454408884048462
SCML2_RNA,0.24450421333312988
TRAF4_RNA,0.24447010457515717
IL17RD_RNA,0.24426472187042236
ZNF93_RNA,0.24426312744617462
CPXM1_RNA,0.24420687556266785
GRID2_RNA,0.24403078854084015
CDK4_RNA,0.243869811296463
TRIB2_RNA,0.24351994693279266
RGMA_RNA,0.24346086382865906
RACGAP1_RNA,0.2434481680393219
CACNG1_RNA,0.24343889951705933
MMD2_RNA,0.24325866997241974
C18orf54_RNA,0.24298517405986786
RFX4_RNA,0.24262067675590515
FAM111B_RNA,0.24254459142684937
TNR_RNA,0.24217955768108368
AURKA_RNA,0.24194470047950745
HAUS8_RNA,0.24183298647403717
LSM7_RNA,0.24171143770217896
HMGN2_RNA,0.24156375229358673
CENPE_RNA,0.2414766401052475
TRIM24_RNA,0.24139676988124847
ZNF682_RNA,0.23997384309768677
FANCA_RNA,0.239812970161438
SATL1_RNA,0.23974834382534027
ZEB1_RNA,0.23971648514270782
E2F5_RNA,0.2396697998046875
ARL6IP6_RNA,0.23939280211925507
LHX9_RNA,0.239291712641716
CRY1_RNA,0.23897582292556763
HMGCS1_RNA,0.23857516050338745
ELFN2_RNA,0.2385261505842209
NFIB_RNA,0.23846586048603058
CDCA7L_RNA,0.23829646408557892
CADM2_RNA,0.23826514184474945
CCDC124_RNA,0.23817574977874756
C1QL4_RNA,0.2381148338317871
CAMK2N2_RNA,0.23798972368240356
TMEM198_RNA,0.2377636432647705
LRP5_RNA,0.23769007623195648
ALKBH2_RNA,0.237541064620018
FANCE_RNA,0.23734650015830994
ZNF560_RNA,0.23719754815101624
DOT1L_RNA,0.23706573247909546
SAMD1_RNA,0.23698808252811432
LIMA1_RNA,0.23664167523384094
ACAP3_RNA,0.2366098314523697
STIL_RNA,0.23650336265563965
KIF20A_RNA,0.23579838871955872
BANF1_RNA,0.23569291830062866
FUS_RNA,0.23529525101184845
PHYHIPL_RNA,0.23485390841960907
HMMR_RNA,0.23421093821525574
MEX3B_RNA,0.23399955034255981
TERT_RNA,0.2333488017320633
HNRNPA1_RNA,0.23328590393066406
HIRIP3_RNA,0.23321054875850677
WEE1_RNA,0.23303475975990295
KLF12_RNA,0.23288185894489288
MARK1_RNA,0.23241886496543884
RFC4_RNA,0.23209549486637115
PTCH1_RNA,0.2316928505897522
PSMC3IP_RNA,0.23157301545143127
SAMD10_RNA,0.23151187598705292
DEK_RNA,0.2313881367444992
ZNF74_RNA,0.23063406348228455
HFM1_RNA,0.23061776161193848
FANCC_RNA,0.2303243726491928
SMC4_RNA,0.22988754510879517
CHRNA4_RNA,0.22947779297828674
HRK_RNA,0.22821180522441864
NPAS3_RNA,0.22798506915569305
TIGD3_RNA,0.22738203406333923
GPR139_RNA,0.22737891972064972
TLX1_RNA,0.22721095383167267
FBXO43_RNA,0.22700370848178864
ADCYAP1R1_RNA,0.22645319998264313
WDR18_RNA,0.22645185887813568
CLSPN_RNA,0.2262410968542099
ZIK1_RNA,0.2259155958890915
HNRNPH3_RNA,0.22583210468292236
CENPM_RNA,0.2258039265871048
PRR11_RNA,0.2250082939863205
HNRNPA2B1_RNA,0.22499112784862518
TNFRSF13C_RNA,0.22490231692790985
KCNH7_RNA,0.22486472129821777
C4orf46_RNA,0.22455410659313202
YBX1_RNA,0.2242414504289627
CTXN1_RNA,0.22419603168964386
UBQLN4_RNA,0.2234470397233963
GLIS2_RNA,0.22343654930591583
C6orf118_RNA,0.22334489226341248
RHBG_RNA,0.22321751713752747
HES7_RNA,0.2228611409664154
COL9A1_RNA,0.22284597158432007
SDC3_RNA,0.22282323241233826
ARVCF_RNA,0.22231893241405487
RCC1_RNA,0.2221391797065735
C2orf72_RNA,0.2220909744501114
ZC4H2_RNA,0.22203108668327332
GPR17_RNA,0.22199134528636932
CENPI_RNA,0.2218894362449646
MAZ_RNA,0.22177109122276306
FOXD3_RNA,0.22168678045272827
EVX2_RNA,0.22143611311912537
CENPV_RNA,0.22053033113479614
HOXA13_RNA,0.2205040156841278
AMH_RNA,0.22047396004199982
KCNJ11_RNA,0.2204664647579193
PHC1_RNA,0.22045345604419708
RPL18AP3_RNA,0.22037243843078613
EFNA3_RNA,0.22020310163497925
FAM171A2_RNA,0.22018030285835266
FOXG1_RNA,0.21990160644054413
GSTA4_RNA,0.21989548206329346
C6orf52_RNA,0.2195323258638382
CRISPLD1_RNA,0.2194758504629135
KIAA1958_RNA,0.21923360228538513
GPT2_RNA,0.21893474459648132
MCM8_RNA,0.21853019297122955
THAP10_RNA,0.21823282539844513
TUBB_RNA,0.21814382076263428
WDHD1_RNA,0.2181384116411209
PCDHGC4_RNA,0.21808938682079315
HNRNPA3_RNA,0.2179195135831833
PDZRN4_RNA,0.21777895092964172
C1QL1_RNA,0.21743647754192352
B4GALNT4_RNA,0.21728798747062683
IFT81_RNA,0.21686555445194244
PHF19_RNA,0.216721773147583
DUSP26_RNA,0.21658366918563843
SKA2_RNA,0.21646136045455933
HDGF_RNA,0.2163166105747223
SSRP1_RNA,0.21627014875411987
ZBTB8A_RNA,0.21589180827140808
ANKFN1_RNA,0.21538202464580536
PDZD4_RNA,0.21536193788051605
KCNF1_RNA,0.21525146067142487
RNF39_RNA,0.21516066789627075
ONECUT2_RNA,0.21511825919151306
LRFN4_RNA,0.21500162780284882
NDRG2_RNA,0.21483033895492554
DTX3_RNA,0.21480681002140045
MASP1_RNA,0.21464908123016357
GAB1_RNA,0.21456195414066315
BEX1_RNA,0.2145521193742752
BEND3_RNA,0.2143787443637848
ECSIT_RNA,0.21431660652160645
MIDN_RNA,0.21428309381008148
MNX1_RNA,0.2142265886068344
GDAP1L1_RNA,0.21421758830547333
ZNF77_RNA,0.2140527069568634
BMP7_RNA,0.21394017338752747
UBE2S_RNA,0.2138769030570984
MDFI_RNA,0.21367241442203522
POLE3_RNA,0.21365974843502045
PI16_RNA,0.2134934812784195
CPNE2_RNA,0.21348212659358978
BACH2_RNA,0.21338142454624176
PTMS_RNA,0.21309460699558258
TAF15_RNA,0.2130599170923233
SET_RNA,0.21295088529586792
PYCR1_RNA,0.21246042847633362
HAPLN1_RNA,0.2122671753168106
PRR3_RNA,0.21219855546951294
DPYSL4_RNA,0.21205686032772064
IGF2BP3_RNA,0.21205171942710876
GABRQ_RNA,0.21196870505809784
PKN3_RNA,0.21181142330169678
GOLM1_RNA,0.21157220005989075
ATP13A5_RNA,0.21143613755702972
ISL2_RNA,0.21094545722007751
NXPH3_RNA,0.21067844331264496
PALM3_RNA,0.21045272052288055
FBL_RNA,0.21045111119747162
FIP1L1_RNA,0.21037821471691132
CDC34_RNA,0.2103291004896164
CSPG4_RNA,0.21012912690639496
SLC16A9_RNA,0.2100703865289688
PBX1_RNA,0.2100636214017868
RFX3_RNA,0.20988421142101288
THAP2_RNA,0.20973360538482666
VPS37B_RNA,0.20890827476978302
ERCC6L_RNA,0.20871025323867798
MYBL1_RNA,0.2086864858865738
TLE2_RNA,0.20857082307338715
CYP27C1_RNA,0.20854774117469788
PRSS27_RNA,0.20852570235729218
CCDC138_RNA,0.20824967324733734
SP4_RNA,0.20786632597446442
MARCKS_RNA,0.20765841007232666
MAD2L2_RNA,0.20726068317890167
CBX1_RNA,0.20722714066505432
ATCAY_RNA,0.2071518748998642
AKNAD1_RNA,0.20705680549144745
COL11A2_RNA,0.20694871246814728
SOX3_RNA,0.2069263905286789
PATZ1_RNA,0.20665526390075684
SQLE_RNA,0.20630650222301483
GPR173_RNA,0.2062702476978302
CENPJ_RNA,0.20617330074310303
CA14_RNA,0.2061273604631424
NRM_RNA,0.20612534880638123
MDC1_RNA,0.2061115950345993
ZBTB5_RNA,0.20606793463230133
DCAF4L2_RNA,0.20603047311306
PCIF1_RNA,0.20600825548171997
CDH24_RNA,0.2060074359178543
TSPAN3_RNA,0.2056179642677307
FOXN4_RNA,0.2055937945842743
PM20D2_RNA,0.20558133721351624
NOTCH1_RNA,0.20553576946258545
HAUS5_RNA,0.20552073419094086
CLEC4F_RNA,0.20551492273807526
ZNF670_RNA,0.20549090206623077
KDM1A_RNA,0.2054433375597
MTBP_RNA,0.2053898423910141
ERF_RNA,0.20538778603076935
TADA1_RNA,0.20499765872955322
ILF3_RNA,0.20480568706989288
KCNJ10_RNA,0.20452705025672913
SOCS2_RNA,0.20452262461185455
CCDC28B_RNA,0.20444001257419586
FAM76B_RNA,0.20425941050052643
HOXD9_RNA,0.2039702981710434
SCN3A_RNA,0.20393264293670654
ZNF606_RNA,0.20381852984428406
PCSK2_RNA,0.20381025969982147
WRAP53_RNA,0.2037067413330078
APC2_RNA,0.20367369055747986
KANK1_RNA,0.20320473611354828
USP49_RNA,0.20302483439445496
GAD1_RNA,0.20302101969718933
EPHB1_RNA,0.20269179344177246
BRD3_RNA,0.20255409181118011
THRA_RNA,0.20240044593811035
RFC5_RNA,0.20233498513698578
CLIP3_RNA,0.20229144394397736
NUDT1_RNA,0.2020917534828186
PCDHB14_RNA,0.20188310742378235
KNTC1_RNA,0.20184341073036194
FAM161A_RNA,0.20174095034599304
HNRNPA0_RNA,0.20166555047035217
PAICS_RNA,0.20162352919578552
SH3BP4_RNA,0.2013765126466751
MEX3D_RNA,0.201331228017807
CACNG6_RNA,0.20129020512104034
ZNF486_RNA,0.20127128064632416
DDX25_RNA,0.2011723667383194
NR2C2AP_RNA,0.20117077231407166
ILF2_RNA,0.20108811557292938
SLC38A3_RNA,0.2009124755859375
DBI_RNA,0.2009042352437973
GLDC_RNA,0.20088939368724823
CCND2_RNA,0.20085185766220093
CEP72_RNA,0.20082546770572662
CCDC80_RNA,0.2008235901594162
NCAM1_RNA,0.2008063942193985
CHERP_RNA,0.2007237821817398
NAA16_RNA,0.20056679844856262
FEN1_RNA,0.20050272345542908
RBM8A_RNA,0.20026762783527374
E2F8_RNA,0.20022831857204437
CDK6_RNA,0.1997329741716385
USP21_RNA,0.1996762752532959
ZBTB26_RNA,0.1996154934167862
LIG1_RNA,0.1995132863521576
USP2_RNA,0.19928807020187378
CLIP2_RNA,0.19926424324512482
SCNN1D_RNA,0.19915921986103058
HNRNPD_RNA,0.1991221159696579
MYO10_RNA,0.1990910917520523
ZNF146_RNA,0.19902479648590088
TMPRSS5_RNA,0.19901205599308014
ELFN1_RNA,0.1989763081073761
CDKN3_RNA,0.19883127510547638
VAX2_RNA,0.19869627058506012
GPR161_RNA,0.19834080338478088
ZNF114_RNA,0.1978118121623993
ENAH_RNA,0.19761869311332703
VRK1_RNA,0.19741655886173248
ACVR2B_RNA,0.19728314876556396
CENPO_RNA,0.19725660979747772
RAD18_RNA,0.1971699446439743
IGDCC3_RNA,0.1971125602722168
IGFN1_RNA,0.19694580137729645
PTPRZ1_RNA,0.19667786359786987
HNRNPR_RNA,0.19648395478725433
POLE_RNA,0.1964801698923111
MYB_RNA,0.19605067372322083
CYP27B1_RNA,0.19592945277690887
TEKT2_RNA,0.19589468836784363
RPS16_RNA,0.19574499130249023
TGIF2_RNA,0.1955990046262741
CKS1B_RNA,0.19547469913959503
HCN3_RNA,0.195435032248497
PRIM1_RNA,0.19529743492603302
ENDOG_RNA,0.1952616423368454
DDAH1_RNA,0.19519835710525513
KBTBD6_RNA,0.1950688660144806
EEF1A2_RNA,0.1950017213821411
TARDBP_RNA,0.19495414197444916
PCNA_RNA,0.19486086070537567
STK32B_RNA,0.19484803080558777
HR_RNA,0.19482888281345367
SGTA_RNA,0.1948213130235672
GGH_RNA,0.19464139640331268
C5orf34_RNA,0.19463865458965302
ZNF10_RNA,0.19460400938987732
LSM2_RNA,0.19424839317798615
ATP6V0A4_RNA,0.19421812891960144
NEUROD4_RNA,0.1940767914056778
KCNT2_RNA,0.19404737651348114
SHOX2_RNA,0.19376902282238007
VEZF1_RNA,0.19374363124370575
PHF6_RNA,0.1937011182308197
PARD6A_RNA,0.19368904829025269
FAM131B_RNA,0.193546324968338
SPA17_RNA,0.19338178634643555
LNP1_RNA,0.1929992139339447
C21orf58_RNA,0.19287395477294922
QSOX2_RNA,0.19250260293483734
XKR5_RNA,0.19219659268856049
ABAT_RNA,0.1920989751815796
SHF_RNA,0.19206885993480682
CDKN1B_RNA,0.19181638956069946
PRR19_RNA,0.19178830087184906
PNN_RNA,0.19174374639987946
RNF122_RNA,0.191646546125412
YEATS4_RNA,0.191370889544487
MEIS3_RNA,0.1913505643606186
ENHO_RNA,0.19113393127918243
HMGB1_RNA,0.1909918189048767
SMARCD1_RNA,0.1907310038805008
TOP2B_RNA,0.190694659948349
PID1_RNA,0.19049622118473053
DSCC1_RNA,0.1902608573436737
VPS37D_RNA,0.19023872911930084
OLFM2_RNA,0.19014868140220642
MCM6_RNA,0.19009947776794434
FBXW9_RNA,0.1899077147245407
CCNF_RNA,0.18980979919433594
RPL22_RNA,0.18950282037258148
IQGAP3_RNA,0.1894582360982895
FERMT1_RNA,0.1894402652978897
VPS72_RNA,0.18935848772525787
NES_RNA,0.18929177522659302
HDAC2_RNA,0.18909092247486115
LUC7L3_RNA,0.18883991241455078
TACC3_RNA,0.18838830292224884
ANO8_RNA,0.18832291662693024
CHAF1B_RNA,0.18805375695228577
CNIH2_RNA,0.18790359795093536
ZNF184_RNA,0.1878710240125656
HELLS_RNA,0.1878698468208313
INHBC_RNA,0.18786334991455078
RAD54B_RNA,0.18761079013347626
MTHFD2L_RNA,0.18759076297283173
ZNF620_RNA,0.18750597536563873
NUDT11_RNA,0.18749918043613434
SMARCA4_RNA,0.18695901334285736
PRIM2_RNA,0.1867956668138504
CTPS2_RNA,0.18678642809391022
SASS6_RNA,0.18668745458126068
CEP78_RNA,0.18664920330047607
POU4F1_RNA,0.18660864233970642
DHRS13_RNA,0.18653762340545654
RBMX_RNA,0.18638037145137787
HEY1_RNA,0.1862768828868866
WASF1_RNA,0.18619541823863983
MEN1_RNA,0.18556199967861176
TSPAN7_RNA,0.18554529547691345
PCDHB2_RNA,0.1854996532201767
MSH2_RNA,0.18538798391819
PCDHB9_RNA,0.18518531322479248
ZNF428_RNA,0.18503260612487793
CCDC15_RNA,0.18496577441692352
ING1_RNA,0.18479019403457642
NOC2L_RNA,0.18463563919067383
KHSRP_RNA,0.18459203839302063
FHL1_RNA,0.18448440730571747
SEMA6A_RNA,0.18439456820487976
SHCBP1_RNA,0.1839493364095688
GRIA3_RNA,0.18385006487369537
LIFR_RNA,0.18365001678466797
NKX2-5_RNA,0.1834278255701065
HOXD12_RNA,0.18342308700084686
SULT1C4_RNA,0.18309807777404785
GTF3C5_RNA,0.18303987383842468
ZNF84_RNA,0.18285754323005676
SAFB_RNA,0.18272629380226135
PARP2_RNA,0.18248794972896576
CSNK1E_RNA,0.18246135115623474
GAR1_RNA,0.18232682347297668
DRD2_RNA,0.18229009211063385
RAD21_RNA,0.18228431046009064
WNT7A_RNA,0.18182262778282166
NOL4_RNA,0.18174190819263458
ZNF85_RNA,0.18156151473522186
ZFP1_RNA,0.18137763440608978
FXYD2_RNA,0.18127579987049103
ATAD5_RNA,0.18121759593486786
COMMD2_RNA,0.18121667206287384
CDH20_RNA,0.18120388686656952
ACAT2_RNA,0.18112580478191376
ERH_RNA,0.18094851076602936
DNMT1_RNA,0.18091170489788055
ZNF253_RNA,0.18085241317749023
ZNF627_RNA,0.1808178722858429
UPF3B_RNA,0.1806589514017105
MED24_RNA,0.18061290681362152
FREM2_RNA,0.18046130239963531
HSD11B2_RNA,0.18032707273960114
SPPL2B_RNA,0.18022577464580536
C17orf100_RNA,0.18019382655620575
TYMS_RNA,0.18015213310718536
HNRNPM_RNA,0.180152028799057
PMP2_RNA,0.18014362454414368
MLLT11_RNA,0.17995916306972504
SUB1_RNA,0.17994138598442078
BLM_RNA,0.1798679083585739
AFAP1L1_RNA,0.1797880083322525
CDH1_RNA,0.1797831505537033
BTG3_RNA,0.17947930097579956
ZHX2_RNA,0.17936459183692932
DIRAS1_RNA,0.1793408989906311
DDX49_RNA,0.17915701866149902
BMI1_RNA,0.17912770807743073
THAP9_RNA,0.17909590899944305
PRR14_RNA,0.17907516658306122
TSC22D1_RNA,0.17902661859989166
ANP32B_RNA,0.1788836121559143
MAGEF1_RNA,0.17880885303020477
KPNA2_RNA,0.17868582904338837
SMARCC1_RNA,0.17866580188274384
SUZ12_RNA,0.1786583513021469
APOM_RNA,0.17863349616527557
KRI1_RNA,0.17852573096752167
SKP2_RNA,0.17830035090446472
NAT14_RNA,0.17816244065761566
MKS1_RNA,0.1780794858932495
MSH5_RNA,0.1779455989599228
NKIRAS2_RNA,0.17792141437530518
TUBG1_RNA,0.17790406942367554
SLC25A23_RNA,0.17786510288715363
GDPD1_RNA,0.1777433604001999
SF3B4_RNA,0.17765851318836212
LRRN2_RNA,0.17758490145206451
TIGD1_RNA,0.17744454741477966
DBN1_RNA,0.17726483941078186
NCL_RNA,0.17717774212360382
ATXN7L2_RNA,0.17712834477424622
DSN1_RNA,0.1770460307598114
MTA1_RNA,0.1769876331090927
CDK2AP1_RNA,0.17692598700523376
TOPBP1_RNA,0.17691239714622498
CHRNB2_RNA,0.17677758634090424
FIBIN_RNA,0.1766582727432251
HOXC10_RNA,0.17641672492027283
NXT2_RNA,0.17634275555610657
CASK_RNA,0.17630571126937866
RGS9_RNA,0.1762964427471161
HOXD8_RNA,0.17628614604473114
DNA2_RNA,0.17625626921653748
RSL24D1_RNA,0.1761670559644699
NCAPD2_RNA,0.17600443959236145
PIGW_RNA,0.17595525085926056
NARS2_RNA,0.17595060169696808
OTUD6B_RNA,0.17580269277095795
DUS3L_RNA,0.1757771223783493
C11orf71_RNA,0.17572930455207825
AQP1_RNA,0.17571943998336792
LSM14A_RNA,0.1756855696439743
DCLRE1B_RNA,0.17518512904644012
CDON_RNA,0.17466379702091217
ZBED3_RNA,0.174526184797287
UPF3A_RNA,0.17449045181274414
KHDRBS1_RNA,0.17447194457054138
SRR_RNA,0.17438030242919922
SEPHS1_RNA,0.17433404922485352
ITGB3BP_RNA,0.17425288259983063
KIF21A_RNA,0.1741863340139389
PCDHB16_RNA,0.17413906753063202
CDK11B_RNA,0.17401795089244843
THOP1_RNA,0.17391741275787354
HOXD4_RNA,0.17391516268253326
WDR5_RNA,0.17389334738254547
RFXAP_RNA,0.17386814951896667
GATAD2B_RNA,0.1737360954284668
PTBP1_RNA,0.17347267270088196
BEND5_RNA,0.1734144389629364
AASS_RNA,0.1733393520116806
LRRC4B_RNA,0.17311835289001465
PPIH_RNA,0.17310623824596405
IGSF9B_RNA,0.17310278117656708
RNF208_RNA,0.17295219004154205
YWHAE_RNA,0.17266793549060822
TFAP4_RNA,0.17214183509349823
DLX6_RNA,0.17209362983703613
ZNF664_RNA,0.17209191620349884
PXMP2_RNA,0.17208731174468994
SNRNP200_RNA,0.17203682661056519
DCAF7_RNA,0.17202100157737732
SURF2_RNA,0.17198675870895386
CLGN_RNA,0.17122957110404968
CCT2_RNA,0.17121271789073944
HNRNPUL1_RNA,0.17118459939956665
LRRC10_RNA,0.17112241685390472
INSM1_RNA,0.1710200160741806
KIF24_RNA,0.17100226879119873
NANOS3_RNA,0.17086182534694672
CREB5_RNA,0.17084774374961853
NAE1_RNA,0.17082752287387848
ZNF260_RNA,0.17080821096897125
TMOD4_RNA,0.17076994478702545
WDR6_RNA,0.17073899507522583
LMO4_RNA,0.1706094592809677
ZNF768_RNA,0.17044100165367126
LDHB_RNA,0.17030760645866394
MRPS2_RNA,0.17025460302829742
ACD_RNA,0.16998133063316345
GPATCH4_RNA,0.1698717474937439
CASC3_RNA,0.16984325647354126
REV3L_RNA,0.16982318460941315
IGFBPL1_RNA,0.1698034405708313
CBX8_RNA,0.16979987919330597
WDR54_RNA,0.16957274079322815
EFS_RNA,0.1695522516965866
MIIP_RNA,0.16943885385990143
RANBP1_RNA,0.1693546026945114
TBKBP1_RNA,0.16925586760044098
PRMT5_RNA,0.1691466122865677
ELAVL4_RNA,0.16907289624214172
ZNF43_RNA,0.16905999183654785
CUEDC1_RNA,0.16902300715446472
SEC61G_RNA,0.16894645988941193
PURG_RNA,0.16892577707767487
C1orf226_RNA,0.1689201295375824
ZNF677_RNA,0.1688770204782486
CIAPIN1_RNA,0.16857020556926727
GLIPR2_RNA,0.16856515407562256
DDR1_RNA,0.1685626208782196
ELN_RNA,0.1684679090976715
BOP1_RNA,0.1683925837278366
NLGN4X_RNA,0.16823871433734894
TUBA1A_RNA,0.1682068407535553
METTL1_RNA,0.16806085407733917
ATAD3A_RNA,0.16799668967723846
KCNH8_RNA,0.1678410917520523
ZNF662_RNA,0.16780038177967072
TMEM121_RNA,0.16774742305278778
AGT_RNA,0.16774708032608032
ADD2_RNA,0.16772069036960602
SYCE2_RNA,0.1676521897315979
ZBTB33_RNA,0.16762752830982208
FAM98B_RNA,0.1676209717988968
FUT3_RNA,0.1675749123096466
KDM4D_RNA,0.16752295196056366
HUNK_RNA,0.16745781898498535
SH3GL1_RNA,0.16724373400211334
FADS1_RNA,0.16715577244758606
EFNB3_RNA,0.16706742346286774
CPNE5_RNA,0.16705290973186493
PDIK1L_RNA,0.16683387756347656
CTDSPL2_RNA,0.16669028997421265
CCT3_RNA,0.16663405299186707
ERAL1_RNA,0.1665327548980713
NPDC1_RNA,0.16652671992778778
FHDC1_RNA,0.1665051281452179
CRYAB_RNA,0.16642436385154724
C14orf93_RNA,0.1663881540298462
FNBP1L_RNA,0.1663586050271988
NETO2_RNA,0.16630274057388306
SFPQ_RNA,0.16626933217048645
RIPPLY2_RNA,0.16612544655799866
NRXN2_RNA,0.16611182689666748
SUV39H2_RNA,0.16611126065254211
EXOSC8_RNA,0.16595597565174103
TRIM28_RNA,0.16593214869499207
LSM14B_RNA,0.16589219868183136
CPSF6_RNA,0.16582612693309784
LRRC1_RNA,0.1655641347169876
INTS7_RNA,0.1655091792345047
NLE1_RNA,0.16530907154083252
ZNF607_RNA,0.16526758670806885
CECR2_RNA,0.16506727039813995
COL9A2_RNA,0.16502904891967773
CACNG8_RNA,0.16498152911663055
HMGCR_RNA,0.16487270593643188
MGAT5B_RNA,0.16466084122657776
EEFSEC_RNA,0.1645994931459427
HNRNPUL2_RNA,0.16455259919166565
CASQ1_RNA,0.16441529989242554
ZNF48_RNA,0.16440309584140778
TIPIN_RNA,0.164366215467453
NHLH1_RNA,0.1643057018518448
ZMYND19_RNA,0.1642749160528183
SNRPA_RNA,0.16402654349803925
POLRMT_RNA,0.16394221782684326
KRT10_RNA,0.16385850310325623
PA2G4_RNA,0.16381363570690155
RRM1_RNA,0.16375862061977386
ENO3_RNA,0.16375449299812317
ALG6_RNA,0.16372007131576538
EIF2AK1_RNA,0.16370844841003418
ZNF653_RNA,0.16351746022701263
RBL1_RNA,0.16346627473831177
GAS2L3_RNA,0.16344529390335083
MAPK8IP1_RNA,0.1634020209312439
HTATSF1_RNA,0.16320659220218658
PRKD1_RNA,0.16296979784965515
KCNAB3_RNA,0.16274642944335938
SHISA7_RNA,0.16273313760757446
DHFR_RNA,0.16272668540477753
SALL1_RNA,0.16260455548763275
RNF182_RNA,0.1625407189130783
C20orf96_RNA,0.16231292486190796
CLPP_RNA,0.16215285658836365
ZNF827_RNA,0.16205120086669922
DKC1_RNA,0.16181860864162445
SLC7A3_RNA,0.16175884008407593
PLCD3_RNA,0.16156159341335297
XPO5_RNA,0.1613350212574005
ZNF829_RNA,0.16130825877189636
MBTD1_RNA,0.16116005182266235
TAF7_RNA,0.1611519753932953
IGSF11_RNA,0.16112612187862396
RNPS1_RNA,0.16107790172100067
XAB2_RNA,0.1610080897808075
RBBP4_RNA,0.1608334183692932
CNKSR1_RNA,0.16081300377845764
TMPRSS9_RNA,0.16079147160053253
HSPBP1_RNA,0.16075684130191803
FIZ1_RNA,0.16072463989257813
HMGN5_RNA,0.16071581840515137
RLBP1_RNA,0.1606978327035904
EPN2_RNA,0.16069072484970093
IL12A_RNA,0.1606779843568802
DCTPP1_RNA,0.16066882014274597
RAB11B_RNA,0.16066788136959076
ZNF714_RNA,0.16038818657398224
UBA2_RNA,0.16034741699695587
CTU2_RNA,0.16023272275924683
ZBTB10_RNA,0.16019073128700256
HMGN4_RNA,0.16017243266105652
DSEL_RNA,0.1600925624370575
PROM1_RNA,0.16007772088050842
SAE1_RNA,0.16007466614246368
GINS4_RNA,0.16004274785518646
YWHAQ_RNA,0.16002552211284637
APBB2_RNA,0.1599874347448349
CFDP1_RNA,0.15975920855998993
RFX2_RNA,0.15972909331321716
HNRNPH1_RNA,0.1596115231513977
SLC25A15_RNA,0.15948666632175446
CEP57_RNA,0.1593627631664276
ZNF566_RNA,0.15930375456809998
PHLPP1_RNA,0.15922167897224426
GALNT8_RNA,0.1591009944677353
CPSF7_RNA,0.15901461243629456
UBE2E3_RNA,0.15900187194347382
F2R_RNA,0.15888705849647522
DTYMK_RNA,0.1585574448108673
RNF138_RNA,0.15851424634456635
DBF4B_RNA,0.15846870839595795
SRI_RNA,0.15846842527389526
WFIKKN2_RNA,0.15846510231494904
EHMT2_RNA,0.15836572647094727
CD9_RNA,0.1583346277475357
ZNF510_RNA,0.15832741558551788
PTOV1_RNA,0.15828199684619904
SCHIP1_RNA,0.15826620161533356
BRCA1_RNA,0.158100426197052
CBX3_RNA,0.1580926924943924
GTF2F2_RNA,0.1580859124660492
ZNF420_RNA,0.15803904831409454
ACRV1_RNA,0.1580100804567337
NODAL_RNA,0.15800467133522034
ENOPH1_RNA,0.1579439789056778
KCNA6_RNA,0.15789233148097992
ZNF821_RNA,0.15770187973976135
BYSL_RNA,0.15764683485031128
MOSPD3_RNA,0.1575525850057602
ATP1A4_RNA,0.15742887556552887
RUNDC3A_RNA,0.1571817249059677
CSE1L_RNA,0.15716998279094696
GUCA1B_RNA,0.1571064293384552
ARHGEF7_RNA,0.15701553225517273
CSMD1_RNA,0.1569763720035553
PCDHGC3_RNA,0.1569536328315735
SETD5_RNA,0.15679261088371277
PHF13_RNA,0.15678636729717255
ZNF254_RNA,0.15677937865257263
EXTL2_RNA,0.15670545399188995
TTC32_RNA,0.15664510428905487
CREBZF_RNA,0.15654480457305908
PAQR4_RNA,0.15652967989444733
PGBD1_RNA,0.15641935169696808
CCT6A_RNA,0.1563035547733307
DMAP1_RNA,0.1562950760126114
TMEM170B_RNA,0.1560772806406021
DUT_RNA,0.1560681164264679
RALGPS1_RNA,0.15604636073112488
LRFN1_RNA,0.1558932512998581
TSEN15_RNA,0.15580883622169495
CDC25B_RNA,0.15576684474945068
NUP35_RNA,0.15567845106124878
PCBP4_RNA,0.15565125644207
EN2_RNA,0.15561717748641968
HMBS_RNA,0.15548427402973175
GALR1_RNA,0.1554030030965805
DHPS_RNA,0.15535633265972137
YTHDC1_RNA,0.15517102181911469
ZNF639_RNA,0.15510812401771545
ATP1A3_RNA,0.1550753116607666
LRRC40_RNA,0.15505480766296387
EXOSC9_RNA,0.1549958735704422
CCNJL_RNA,0.15468023717403412
ZNF100_RNA,0.15465934574604034
ESPN_RNA,0.15433064103126526
ATP2B2_RNA,0.15419523417949677
CIZ1_RNA,0.15411125123500824
ZNF213_RNA,0.1540077179670334
SYNCRIP_RNA,0.15400002896785736
CEBPG_RNA,0.15395447611808777
CDCA4_RNA,0.15394002199172974
DOLPP1_RNA,0.15379215776920319
TTC24_RNA,0.1537788063287735
ZNF501_RNA,0.15363600850105286
ALG9_RNA,0.15363043546676636
SLITRK2_RNA,0.15355677902698517
JUND_RNA,0.15351442992687225
CIRBP_RNA,0.15341369807720184
CCDC34_RNA,0.1531267613172531
ZNF830_RNA,0.15305516123771667
FZR1_RNA,0.1526321917772293
NR2F1_RNA,0.15256112813949585
NCAPD3_RNA,0.1524307280778885
FREM3_RNA,0.15242017805576324
TIMM50_RNA,0.15240806341171265
LRTOMT_RNA,0.15237592160701752
ACYP1_RNA,0.15237180888652802
ZNF414_RNA,0.1523674875497818
NRXN1_RNA,0.15217408537864685
ALDOC_RNA,0.15217195451259613
MAML2_RNA,0.15216277539730072
APEX1_RNA,0.15211601555347443
HSDL1_RNA,0.1521024852991104
DNER_RNA,0.15192779898643494
TMEM169_RNA,0.15191073715686798
SRM_RNA,0.15188832581043243
AAAS_RNA,0.1518787145614624
RNF157_RNA,0.1518162190914154
ZNF599_RNA,0.15174561738967896
TIA1_RNA,0.15167881548404694
LRRC46_RNA,0.15164881944656372
ANKLE1_RNA,0.1515708863735199
EPX_RNA,0.1514691710472107
ANAPC11_RNA,0.15136899054050446
SYP_RNA,0.15136560797691345
RBM27_RNA,0.15127289295196533
PTPRS_RNA,0.15125510096549988
SART1_RNA,0.1511768102645874
UBAP2L_RNA,0.15114693343639374
RADIL_RNA,0.15092574059963226
CLDN15_RNA,0.1509072631597519
SMOC1_RNA,0.15085330605506897
CEP135_RNA,0.15082867443561554
SNRPE_RNA,0.1507522612810135
CTCF_RNA,0.1507502943277359
TTC9B_RNA,0.1507454812526703
MAEL_RNA,0.15072202682495117
SSB_RNA,0.15048527717590332
SAMD13_RNA,0.15043406188488007
ZNF358_RNA,0.1504211574792862
HOXA10_RNA,0.15024037659168243
ZC3H18_RNA,0.1501963585615158
SRP9_RNA,0.15018683671951294
TAF9B_RNA,0.1500702202320099
TAF4_RNA,0.15005353093147278
ZNF30_RNA,0.15002888441085815
KRT5_RNA,0.15001194179058075
STAG2_RNA,0.14996983110904694
EFCAB7_RNA,0.14994174242019653
RAVER1_RNA,0.14992408454418182
SNRPF_RNA,0.1499207615852356
TBC1D7_RNA,0.14988437294960022
ZNF326_RNA,0.14985843002796173
ZCCHC3_RNA,0.14985166490077972
RUVBL1_RNA,0.14973020553588867
GTF3C4_RNA,0.14965294301509857
REPIN1_RNA,0.14959116280078888
PRTFDC1_RNA,0.14958834648132324
PPAT_RNA,0.14955998957157135
PPP1R1C_RNA,0.14955593645572662
TRIM46_RNA,0.1495361328125
TIGD7_RNA,0.14951638877391815
LSM3_RNA,0.1494896560907364
DCT_RNA,0.14935070276260376
ZNF678_RNA,0.14925141632556915
GDF9_RNA,0.14923016726970673
SHMT2_RNA,0.14922578632831573
MRPS17_RNA,0.14910760521888733
BARD1_RNA,0.14910495281219482
ZFP2_RNA,0.14910008013248444
SLC39A3_RNA,0.14894318580627441
MANBAL_RNA,0.14891460537910461
BIVM_RNA,0.14885111153125763
PRPS1_RNA,0.14880914986133575
HABP4_RNA,0.1487588733434677
RAB3B_RNA,0.14870180189609528
ZCCHC14_RNA,0.14865738153457642
ASRGL1_RNA,0.14862491190433502
QKI_RNA,0.14861413836479187
ZFP30_RNA,0.14857639372348785
SHROOM2_RNA,0.14855046570301056
MRPS26_RNA,0.14841791987419128
TIMM44_RNA,0.1483420580625534
TFAP2A_RNA,0.14834198355674744
GPRIN1_RNA,0.14832645654678345
LSAMP_RNA,0.14802134037017822
POLD3_RNA,0.1479945182800293
BRD7_RNA,0.14785966277122498
RPL30_RNA,0.14782771468162537
ZNF569_RNA,0.14772728085517883
C12orf76_RNA,0.14772674441337585
NOVA2_RNA,0.14771373569965363
TIMP4_RNA,0.1477058231830597
AATF_RNA,0.14756861329078674
DLX2_RNA,0.14753296971321106
PCDHB10_RNA,0.14744801819324493
SLC35F1_RNA,0.14743003249168396
DIRAS2_RNA,0.1473200023174286
GPBP1_RNA,0.14729884266853333
WDR72_RNA,0.14718623459339142
SUPT16H_RNA,0.14714986085891724
GRIK1_RNA,0.14714659750461578
PRPF6_RNA,0.14707642793655396
SPIN4_RNA,0.1469549536705017
HSBP1_RNA,0.14683720469474792
DCAF15_RNA,0.14673693478107452
ANAPC2_RNA,0.14669843018054962
IGSF3_RNA,0.14647042751312256
PCDH17_RNA,0.14638426899909973
NUFIP1_RNA,0.14634986221790314
DVL3_RNA,0.14633940160274506
RMI1_RNA,0.14632664620876312
ARMC6_RNA,0.14627501368522644
LRRC20_RNA,0.14625084400177002
SNRPC_RNA,0.14617149531841278
U2AF2_RNA,0.14611537754535675
SIX4_RNA,0.1460493505001068
MIER3_RNA,0.14569209516048431
KCNIP1_RNA,0.14567811787128448
THAP11_RNA,0.14566799998283386
SMARCB1_RNA,0.1456632912158966
CD207_RNA,0.14565733075141907
MYH7_RNA,0.14562009274959564
UQCRHL_RNA,0.1456037014722824
NUDT21_RNA,0.1455697864294052
ZNF212_RNA,0.14553776383399963
NEDD1_RNA,0.145499125123024
CENPN_RNA,0.14538034796714783
SYT11_RNA,0.14531844854354858
NRG2_RNA,0.14515180885791779
ZDHHC15_RNA,0.14506177604198456
LUC7L2_RNA,0.1450231373310089
PAK1IP1_RNA,0.14490555226802826
UBR7_RNA,0.14490550756454468
WDR89_RNA,0.14482837915420532
WDR3_RNA,0.14477194845676422
ZNF696_RNA,0.14470747113227844
MBIP_RNA,0.1447005718946457
ZNF567_RNA,0.14465121924877167
ING3_RNA,0.144597589969635
C2orf49_RNA,0.14458723366260529
SETD6_RNA,0.14457431435585022
PRPF38B_RNA,0.14454436302185059
NGDN_RNA,0.14452865719795227
HOXC8_RNA,0.14452658593654633
ABI2_RNA,0.14445391297340393
C1orf35_RNA,0.14430826902389526
NKAIN3_RNA,0.14418889582157135
C9orf40_RNA,0.14412613213062286
C8orf33_RNA,0.1440870761871338
CENPL_RNA,0.1440848559141159
MAGOH_RNA,0.14406411349773407
DCXR_RNA,0.14401975274085999
PEX11A_RNA,0.14399191737174988
AGPAT5_RNA,0.14397887885570526
YJEFN3_RNA,0.143926203250885
UBTD2_RNA,0.1439168006181717
EZR_RNA,0.14382167160511017
C16orf87_RNA,0.1438111662864685
XYLT1_RNA,0.1437472552061081
TCEA2_RNA,0.1435440629720688
SUMO2_RNA,0.14352355897426605
POLD2_RNA,0.14350830018520355
C6orf226_RNA,0.14344742894172668
SIAH1_RNA,0.1434154212474823
MSI2_RNA,0.14337705075740814
MLST8_RNA,0.14334122836589813
SARM1_RNA,0.1433030664920807
SIM2_RNA,0.14312833547592163
SMAD9_RNA,0.14311647415161133
ETV2_RNA,0.14292655885219574
CBLL1_RNA,0.1429191380739212
PRDM13_RNA,0.14285628497600555
SNRPA1_RNA,0.1428431272506714
HAT1_RNA,0.14262565970420837
FYN_RNA,0.14256411790847778
CA8_RNA,0.14251893758773804
ZNF391_RNA,0.1425185203552246
PRPF3_RNA,0.14251664280891418
NOP56_RNA,0.14248353242874146
UCK1_RNA,0.14237253367900848
SF3B2_RNA,0.14236311614513397
LRRC37B_RNA,0.14235325157642365
PITPNC1_RNA,0.14229555428028107
HMGN1_RNA,0.14223887026309967
TEX9_RNA,0.142211452126503
AQP4_RNA,0.14218589663505554
ZNF713_RNA,0.14217545092105865
DLX5_RNA,0.142152339220047
ZRANB2_RNA,0.14212621748447418
ATG4D_RNA,0.14211753010749817
ICA1L_RNA,0.14209547638893127
ANP32A_RNA,0.14195050299167633
TPRKB_RNA,0.14194431900978088
GTF2IRD1_RNA,0.14187678694725037
SHC2_RNA,0.14186130464076996
POLA2_RNA,0.14165200293064117
FAM117B_RNA,0.14163818955421448
NOX1_RNA,0.14161425828933716
ZNF496_RNA,0.14157919585704803
SMC3_RNA,0.14152012765407562
ZWILCH_RNA,0.14141127467155457
HOXA11_RNA,0.14129206538200378
PEA15_RNA,0.14117300510406494
ATP6V0E2_RNA,0.14108054339885712
ZNF433_RNA,0.1410721242427826
GRIK5_RNA,0.14105398952960968
E2F7_RNA,0.1410510241985321
MYOZ3_RNA,0.14101135730743408
BTBD2_RNA,0.14097119867801666
INTS12_RNA,0.140902578830719
NKX1-2_RNA,0.1408432573080063
KBTBD11_RNA,0.14072319865226746
UNC13A_RNA,0.14068949222564697
TK1_RNA,0.1406327486038208
LRP2BP_RNA,0.14059528708457947
HNRNPL_RNA,0.1405572146177292
PUF60_RNA,0.14053481817245483
NOG_RNA,0.14050795137882233
DHX9_RNA,0.14041800796985626
TIMM13_RNA,0.14040948450565338
MEGF11_RNA,0.14033497869968414
JPH4_RNA,0.14032696187496185
SNRPD1_RNA,0.14024507999420166
INCENP_RNA,0.1401432454586029
TEX10_RNA,0.1401359736919403
CCDC107_RNA,0.14001917839050293
PPAN_RNA,0.13994647562503815
PPT2_RNA,0.1398555189371109
HES1_RNA,0.13979004323482513
RSPRY1_RNA,0.13977603614330292
MESP1_RNA,0.13977324962615967
AADAT_RNA,0.13976049423217773
DGKB_RNA,0.13967974483966827
SNHG10_RNA,0.13964085280895233
PACRG_RNA,0.13960660994052887
ARHGAP19_RNA,0.13952350616455078
KCNK2_RNA,0.13950465619564056
MATN4_RNA,0.1394958645105362
DENND2A_RNA,0.13947694003582
RIMKLB_RNA,0.13941657543182373
SOX5_RNA,0.1393975168466568
GTF2F1_RNA,0.1391894370317459
KIF1B_RNA,0.13917678594589233
CCNL2_RNA,0.13915342092514038
PCDH19_RNA,0.13908860087394714
ZNF497_RNA,0.13904701173305511
ABCF1_RNA,0.1390364170074463
ZNF492_RNA,0.13901734352111816
SLC7A1_RNA,0.13900761306285858
REXO4_RNA,0.13897602260112762
TCF19_RNA,0.13892239332199097
ATN1_RNA,0.1388622522354126
RPF1_RNA,0.13884317874908447
PFN2_RNA,0.1388024389743805
DVL1_RNA,0.13878583908081055
RBM42_RNA,0.13878567516803741
C14orf39_RNA,0.13875143229961395
MIR17HG_RNA,0.13866586983203888
NTHL1_RNA,0.1386057734489441
PPP5C_RNA,0.1385938823223114
METRN_RNA,0.1385597586631775
BRMS1L_RNA,0.13855639100074768
ZNF844_RNA,0.1385454535484314
KIF21B_RNA,0.13852079212665558
NLRP11_RNA,0.13851132988929749
SEMA6D_RNA,0.1384725719690323
ODF2_RNA,0.13842879235744476
GLI2_RNA,0.1384100317955017
GLMN_RNA,0.13826125860214233
WBP1_RNA,0.13807280361652374
HNRNPU_RNA,0.13805197179317474
DNALI1_RNA,0.13802389800548553
ADAM22_RNA,0.13799284398555756
RNF126_RNA,0.13797719776630402
MFF_RNA,0.1379593312740326
TTF1_RNA,0.13794627785682678
UBE2V2_RNA,0.1378898322582245
DFFA_RNA,0.13764990866184235
C19orf18_RNA,0.13761179149150848
IPO9_RNA,0.13760387897491455
KAT2A_RNA,0.13753633201122284
PEX14_RNA,0.1373664289712906
HOXA7_RNA,0.1373404562473297
LDLRAD3_RNA,0.13731729984283447
GDI1_RNA,0.13718394935131073
STRN4_RNA,0.13716289401054382
SIGMAR1_RNA,0.13715294003486633
PPP2R5A_RNA,0.13712991774082184
DPM2_RNA,0.13706107437610626
RIOK1_RNA,0.13697649538516998
SLC6A9_RNA,0.13681788742542267
ZBTB6_RNA,0.1367894411087036
TBX6_RNA,0.13678598403930664
PRCC_RNA,0.13675600290298462
ELAVL2_RNA,0.1367347240447998
TLE6_RNA,0.13671913743019104
LIG3_RNA,0.13666249811649323
ZNF512_RNA,0.13665366172790527
ZNF681_RNA,0.13653434813022614
RRP9_RNA,0.13651862740516663
SDR39U1_RNA,0.1364964097738266
FBXL16_RNA,0.13649339973926544
NEURL1B_RNA,0.13641998171806335
AGBL3_RNA,0.13638243079185486
RAD9A_RNA,0.13635291159152985
HSPB6_RNA,0.13633248209953308
POMT1_RNA,0.13624553382396698
GRIK4_RNA,0.13623829185962677
USP43_RNA,0.13617195188999176
SMAD5_RNA,0.13616551458835602
DCUN1D2_RNA,0.1360895335674286
ANKRD10_RNA,0.13608680665493011
SLITRK3_RNA,0.13603410124778748
ZNHIT6_RNA,0.1359848529100418
DDX51_RNA,0.13597603142261505
DPF2_RNA,0.13596080243587494
ZNF709_RNA,0.13592717051506042
LNX1_RNA,0.1358245462179184
COIL_RNA,0.13580259680747986
VEPH1_RNA,0.1357976794242859
RNF38_RNA,0.13575483858585358
RPA1_RNA,0.13570551574230194
ZNF502_RNA,0.13548220694065094
ZNF687_RNA,0.1353837102651596
RBM38_RNA,0.1353415548801422
DTX1_RNA,0.135276660323143
GFER_RNA,0.1351175159215927
SIRT6_RNA,0.13511456549167633
PMS1_RNA,0.13506178557872772
MBD3_RNA,0.13505816459655762
PPP1R14B_RNA,0.13499386608600616
NUP210_RNA,0.13497932255268097
ANTXR1_RNA,0.13495078682899475
HIF3A_RNA,0.13491323590278625
UST_RNA,0.1347987949848175
ZNF302_RNA,0.13474512100219727
AXIN2_RNA,0.1346384435892105
ZNF431_RNA,0.1345641314983368
DOK5_RNA,0.13455979526042938
SOX1_RNA,0.13452772796154022
XRCC1_RNA,0.1345129907131195
CNN3_RNA,0.1344180554151535
ZNF558_RNA,0.13440430164337158
PEX12_RNA,0.13438282907009125
FAM110B_RNA,0.13429668545722961
LIMS2_RNA,0.13425490260124207
SURF6_RNA,0.1340739130973816
RPS15_RNA,0.13405092060565948
POGK_RNA,0.13403679430484772
SSTR5_RNA,0.13403064012527466
BAALC_RNA,0.13402923941612244
SH2B2_RNA,0.13401655852794647
SLC25A41_RNA,0.1339428871870041
HIP1_RNA,0.13384772837162018
SNX4_RNA,0.13383778929710388
SS18L1_RNA,0.13380123674869537
CGGBP1_RNA,0.13375991582870483
CXXC5_RNA,0.13371175527572632
ZNF92_RNA,0.13369378447532654
GSK3A_RNA,0.13367410004138947
SAFB2_RNA,0.13348975777626038
P2RY11_RNA,0.13347959518432617
PDCD2L_RNA,0.1334378719329834
PCDH10_RNA,0.13340096175670624
YRDC_RNA,0.13333387672901154
SERP2_RNA,0.1332297921180725
CEP70_RNA,0.13321909308433533
FUBP3_RNA,0.13314561545848846
SNRPB_RNA,0.13310955464839935
METAP2_RNA,0.13303203880786896
B4GALT2_RNA,0.13298319280147552
NOL11_RNA,0.13290539383888245
VBP1_RNA,0.13284550607204437
BRD8_RNA,0.13281187415122986
STMN3_RNA,0.13279332220554352
PGAP1_RNA,0.13278000056743622
COPG2_RNA,0.1327475756406784
NRAS_RNA,0.13266773521900177
ZNF3_RNA,0.13263943791389465
CNTNAP5_RNA,0.13260813057422638
CHAC2_RNA,0.13255029916763306
ZNF333_RNA,0.1324533224105835
TRPC3_RNA,0.13242888450622559
LBR_RNA,0.1324160248041153
SOCS7_RNA,0.13232606649398804
MED27_RNA,0.13224580883979797
DMRTA2_RNA,0.13222452998161316
CCDC78_RNA,0.1321888417005539
U2AF1L4_RNA,0.13215497136116028
TRIM37_RNA,0.1321505755186081
VTA1_RNA,0.13213928043842316
C1orf94_RNA,0.13212507963180542
ZNF140_RNA,0.132034569978714
ZNF608_RNA,0.13203111290931702
CCHCR1_RNA,0.13201023638248444
RBBP6_RNA,0.13199381530284882
HNRNPAB_RNA,0.13198021054267883
SRMS_RNA,0.131971538066864
EID2B_RNA,0.13193801045417786
POMT2_RNA,0.13192510604858398
UNK_RNA,0.13186015188694
ACTL6A_RNA,0.13183163106441498
DDX52_RNA,0.13182854652404785
HAUS1_RNA,0.13176819682121277
RNF40_RNA,0.13176213204860687
FERMT2_RNA,0.13171158730983734
ZNF419_RNA,0.13169963657855988
NKX2-2_RNA,0.13166728615760803
USP42_RNA,0.13166247308254242
KLHL7_RNA,0.1316531002521515
TERF2_RNA,0.13165168464183807
POLR2G_RNA,0.13165032863616943
DISP2_RNA,0.13163113594055176
DCTN3_RNA,0.1316186785697937
ZNF384_RNA,0.13160660862922668
IFT52_RNA,0.1315891146659851
ZNF649_RNA,0.13155581057071686
EID2_RNA,0.13154777884483337
CEP55_RNA,0.13151611387729645
ZNF548_RNA,0.1315130591392517
TIGD5_RNA,0.13143371045589447
RNF5_RNA,0.13142652809619904
PROX1_RNA,0.13142645359039307
CLVS1_RNA,0.1314171999692917
BTF3L4_RNA,0.13135385513305664
CCNE2_RNA,0.13133464753627777
ZNF131_RNA,0.13129916787147522
LYSMD1_RNA,0.13126365840435028
MED16_RNA,0.1311166137456894
LHFPL4_RNA,0.13109388947486877
SLITRK1_RNA,0.1310388594865799
MRFAP1_RNA,0.13094177842140198
AKAP8L_RNA,0.13086603581905365
PTPN21_RNA,0.13086575269699097
VN1R1_RNA,0.13086004555225372
PRPF4_RNA,0.13081340491771698
NTRK3_RNA,0.13079632818698883
KDM4B_RNA,0.13079239428043365
APBA2_RNA,0.13077472150325775
CADM4_RNA,0.13071343302726746
CDC14B_RNA,0.1306868940591812
LRRC47_RNA,0.1306350827217102
ZNF614_RNA,0.1305682510137558
ZNF585A_RNA,0.1303735077381134
CLNS1A_RNA,0.13037259876728058
HSPE1_RNA,0.13032804429531097
GNAI3_RNA,0.13031142950057983
TCEAL5_RNA,0.13024701178073883
PPIL1_RNA,0.13023686408996582
TMEM161A_RNA,0.13021981716156006
GPR37L1_RNA,0.13016290962696075
RNFT2_RNA,0.13015048205852509
POT1_RNA,0.13005182147026062
PFDN2_RNA,0.13002662360668182
ZNF362_RNA,0.12997855246067047
LUC7L_RNA,0.1299562156200409
FOXD1_RNA,0.12992064654827118
CTTNBP2_RNA,0.1298675388097763
GNA11_RNA,0.1298443078994751
DPH2_RNA,0.12982891499996185
PPP1CC_RNA,0.12982793152332306
FDPS_RNA,0.12977130711078644
SAC3D1_RNA,0.1296873241662979
POLD1_RNA,0.12968231737613678
ZNF580_RNA,0.12967334687709808
PHF2_RNA,0.12966284155845642
RPL13AP5_RNA,0.12961576879024506
ABCB6_RNA,0.12961246073246002
SUV39H1_RNA,0.12959052622318268
NCAPH2_RNA,0.12956193089485168
SLC16A1_RNA,0.12951132655143738
PUSL1_RNA,0.12948668003082275
ARMC5_RNA,0.1293988674879074
RAB33A_RNA,0.12936291098594666
DDX23_RNA,0.12926898896694183
UBIAD1_RNA,0.1292668581008911
TSPAN6_RNA,0.1292492151260376
UNC5CL_RNA,0.12920208275318146
TRAP1_RNA,0.12919490039348602
MAP3K15_RNA,0.12916363775730133
MEX3C_RNA,0.12913581728935242
GCSH_RNA,0.12909168004989624
ZNF205_RNA,0.12908059358596802
TMEM79_RNA,0.12906873226165771
SCRIB_RNA,0.1290532648563385
NOB1_RNA,0.12904734909534454
ZSCAN16_RNA,0.1290186643600464
TMEM231_RNA,0.12900856137275696
FEZ1_RNA,0.12900815904140472
PNMA1_RNA,0.12897427380084991
TMEM203_RNA,0.128972128033638
SP2_RNA,0.12896651029586792
OPHN1_RNA,0.12892556190490723
RCC2_RNA,0.12887068092823029
PDE9A_RNA,0.12882554531097412
GLO1_RNA,0.12880198657512665
NLGN2_RNA,0.12878458201885223
GPR156_RNA,0.12878112494945526
SERBP1_RNA,0.12874996662139893
NUBP2_RNA,0.12873534858226776
KBTBD7_RNA,0.12869484722614288
TRIL_RNA,0.12868689000606537
MFAP1_RNA,0.12855903804302216
FBXL6_RNA,0.12852191925048828
DZIP1_RNA,0.1285129189491272
LRRC45_RNA,0.12847644090652466
RAD23B_RNA,0.1283620446920395
C9orf78_RNA,0.12833410501480103
MRPL4_RNA,0.1282944679260254
MRPL42_RNA,0.12824194133281708
HSF2_RNA,0.12824037671089172
FBXO10_RNA,0.12810274958610535
DNMT3B_RNA,0.12809036672115326
NUDC_RNA,0.1280524730682373
EPB41L5_RNA,0.12803804874420166
FARSA_RNA,0.1280246526002884
HOXC11_RNA,0.1280079036951065
GNB3_RNA,0.12795937061309814
PAX6_RNA,0.12791283428668976
TUBB2A_RNA,0.12778103351593018
ZNF692_RNA,0.1277545988559723
RABEPK_RNA,0.12775325775146484
MRTO4_RNA,0.12773734331130981
TUBE1_RNA,0.12772256135940552
ZNF626_RNA,0.1277034431695938
BRIX1_RNA,0.12769392132759094
MAP3K1_RNA,0.1276865303516388
ZKSCAN2_RNA,0.12767021358013153
DAXX_RNA,0.12765547633171082
SEMA4G_RNA,0.1276291161775589
PRR22_RNA,0.12753185629844666
ELOF1_RNA,0.12739023566246033
ENKUR_RNA,0.1273837834596634
NLGN1_RNA,0.12732630968093872
GTPBP3_RNA,0.1273057907819748
MSL1_RNA,0.12726004421710968
FGFR4_RNA,0.127229705452919
ENTPD2_RNA,0.12717024981975555
ASTN1_RNA,0.12706346809864044
ZNF266_RNA,0.12701305747032166
DEDD_RNA,0.1269357055425644
TBP_RNA,0.12691205739974976
FGF17_RNA,0.12688618898391724
EDC3_RNA,0.12686821818351746
H19_RNA,0.12685783207416534
WIZ_RNA,0.12684661149978638
RBBP9_RNA,0.12676608562469482
DAG1_RNA,0.126695916056633
ZNF532_RNA,0.1266346424818039
PBX4_RNA,0.12662459909915924
LPAR4_RNA,0.12661701440811157
RNF26_RNA,0.12655985355377197
CITED1_RNA,0.1265537589788437
FANCG_RNA,0.12654389441013336
MVD_RNA,0.1265329271554947
FGD1_RNA,0.12645359337329865
UCK2_RNA,0.1263294667005539
PEMT_RNA,0.12632325291633606
LSM5_RNA,0.12630011141300201
PKN1_RNA,0.12618973851203918
NUP93_RNA,0.12614469230175018
KCTD3_RNA,0.12609872221946716
ANGPTL2_RNA,0.12602341175079346
TMEM218_RNA,0.12601038813591003
ZNF181_RNA,0.12599016726016998
RPA2_RNA,0.125906839966774
CDC5L_RNA,0.1258285641670227
TUT1_RNA,0.1258065551519394
DCAKD_RNA,0.12574900686740875
SSBP3_RNA,0.12572532892227173
FZD3_RNA,0.12572425603866577
PASK_RNA,0.12568077445030212
HINFP_RNA,0.12566542625427246
UBTF_RNA,0.12556010484695435
RNF2_RNA,0.12555676698684692
ZNF211_RNA,0.12552721798419952
ZNF530_RNA,0.12542152404785156
PPP2CB_RNA,0.12537561357021332
NXT1_RNA,0.1253618597984314
HOTAIR_RNA,0.12532395124435425
HNRNPC_RNA,0.1251433789730072
BRCA2_RNA,0.12504561245441437
PMF1_RNA,0.1250448077917099
TIAM2_RNA,0.12504440546035767
CERKL_RNA,0.12499218434095383
KIF7_RNA,0.12497300654649734
ZNF493_RNA,0.1249016746878624
RDM1_RNA,0.12488680332899094
EPC2_RNA,0.12488137930631638
PAK4_RNA,0.12486717849969864
ACTR6_RNA,0.12485472857952118
PRSS12_RNA,0.12485009431838989
CNNM3_RNA,0.12473426759243011
PITX1_RNA,0.12468812614679337
RPL27_RNA,0.12468434870243073
MEIS1_RNA,0.12454143911600113
TRIB3_RNA,0.12452494353055954
QTRT1_RNA,0.12450014799833298
TMEM100_RNA,0.12448150664567947
MSH6_RNA,0.12440177798271179
HAUS6_RNA,0.12439608573913574
EXOSC2_RNA,0.12431203573942184
EXOSC5_RNA,0.12429576367139816
GOLGA1_RNA,0.12419646233320236
GNL3_RNA,0.12415774166584015
OLFM1_RNA,0.12412270903587341
TCAP_RNA,0.12410368025302887
PRMT1_RNA,0.12410059571266174
CASP2_RNA,0.12401880323886871
ZNF529_RNA,0.12395820766687393
NUP133_RNA,0.12391185015439987
PRSS33_RNA,0.12390847504138947
SRRT_RNA,0.12389639019966125
ETV4_RNA,0.12387894839048386
SALL2_RNA,0.1238778755068779
LCORL_RNA,0.12387628108263016
MTHFD1_RNA,0.12385059148073196
WDR90_RNA,0.12381181120872498
PTCD1_RNA,0.12372776865959167
PAX1_RNA,0.12372361123561859
ING4_RNA,0.12367342412471771
MRPL9_RNA,0.12364348769187927
RBM10_RNA,0.12358984351158142
ACBD6_RNA,0.12358041852712631
TRIM36_RNA,0.12357031553983688
MLLT1_RNA,0.12349104136228561
NBPF3_RNA,0.12347057461738586
CDH10_RNA,0.12341675907373428
SEMA6C_RNA,0.12338320165872574
FAM168B_RNA,0.12337476015090942
PLXNB1_RNA,0.12331109493970871
GNL1_RNA,0.1232982650399208
HOXD13_RNA,0.12323466688394547
PYGO1_RNA,0.12319854646921158
POLDIP3_RNA,0.12315746396780014
PSMB7_RNA,0.12313187122344971
APH1A_RNA,0.1229977160692215
JAG1_RNA,0.12297534942626953
NFIA_RNA,0.12288422882556915
HOXC9_RNA,0.12285113334655762
HNRNPK_RNA,0.12280911952257156
LEAP2_RNA,0.12280318886041641
FARSB_RNA,0.12279777228832245
EMD_RNA,0.1227942705154419
ZNF354C_RNA,0.12276795506477356
ZNF559_RNA,0.12275251746177673
POLA1_RNA,0.12272181361913681
INHBB_RNA,0.12268292903900146
RABGAP1_RNA,0.12262788414955139
MED20_RNA,0.12255975604057312
FSD1L_RNA,0.1225106418132782
RPL32_RNA,0.12247773259878159
DCAF4L1_RNA,0.12244819849729538
NME7_RNA,0.12244722247123718
MED4_RNA,0.12243887037038803
MAP4K3_RNA,0.12234466522932053
SCARF2_RNA,0.12231374531984329
MYNN_RNA,0.12224160134792328
ARHGEF10L_RNA,0.12214837223291397
SNRNP25_RNA,0.12214279919862747
QRSL1_RNA,0.12213024497032166
KCNQ4_RNA,0.12212016433477402
SNRPD2_RNA,0.12206550687551498
ACTN2_RNA,0.12204344570636749
CSTF3_RNA,0.12184137850999832
MRPL12_RNA,0.12183543294668198
LSM4_RNA,0.12181323766708374
ARL6IP1_RNA,0.12178389728069305
LIN28B_RNA,0.1217535138130188
BUD13_RNA,0.12172741442918777
SNRNP40_RNA,0.12163595110177994
GSTCD_RNA,0.12161966413259506
LRFN3_RNA,0.1215856671333313
ZNF473_RNA,0.12155630439519882
SIKE1_RNA,0.12149374186992645
HOXC4_RNA,0.12149015814065933
MND1_RNA,0.12146703153848648
LMTK3_RNA,0.12145152688026428
AKAP1_RNA,0.12144777178764343
HMG20B_RNA,0.12133157253265381
B3GAT1_RNA,0.12124677002429962
FIGNL1_RNA,0.12123758345842361
VPS45_RNA,0.12112108618021011
TSN_RNA,0.12109121680259705
PHF12_RNA,0.12106839567422867
SRP72_RNA,0.12102267146110535
KLHL13_RNA,0.12100168317556381
DHX40_RNA,0.12098328769207001
MATN2_RNA,0.12096409499645233
SAP130_RNA,0.12095768004655838
KHDRBS3_RNA,0.12087499350309372
SNX22_RNA,0.12084975093603134
NECAB2_RNA,0.12075752764940262
SP5_RNA,0.12075377255678177
TMEM81_RNA,0.12073224037885666
G2E3_RNA,0.1207088977098465
FAM180A_RNA,0.12068608403205872
PSPC1_RNA,0.12064464390277863
AKAP7_RNA,0.12056152522563934
CDYL_RNA,0.12055578082799911
PPM1G_RNA,0.12053154408931732
ID2_RNA,0.1205238550901413
GABPB1_RNA,0.1204775795340538
CSNK2A1_RNA,0.12038435786962509
RUVBL2_RNA,0.12035573273897171
POLR2E_RNA,0.12033680081367493
SART3_RNA,0.12033384293317795
ZNF777_RNA,0.12033367156982422
AXIN1_RNA,0.1202843114733696
PJA1_RNA,0.12024898827075958
ECH1_RNA,0.12016841769218445
ZFAND3_RNA,0.12013904750347137
PARP6_RNA,0.12011609226465225
DUSP8_RNA,0.12007469683885574
NCOA5_RNA,0.12006783485412598
ELAVL1_RNA,0.12003660947084427
RFXANK_RNA,0.12002421915531158
ACAD8_RNA,0.11998617649078369
PCNP_RNA,0.11996980011463165
PSME3_RNA,0.11986248940229416
TCEA1_RNA,0.11978475749492645
PLEKHJ1_RNA,0.11976933479309082
MIB2_RNA,0.11958453804254532
GNG5_RNA,0.11955282092094421
FXR1_RNA,0.11954312026500702
PSPN_RNA,0.11953752487897873
PHF14_RNA,0.11945120990276337
EEF2_RNA,0.11943017691373825
SLCO5A1_RNA,0.11937843263149261
USP39_RNA,0.11937720328569412
ZNF571_RNA,0.1192760095000267
RAB3IP_RNA,0.11927103996276855
TRMT6_RNA,0.11914476752281189
ARMCX1_RNA,0.11907732486724854
PAF1_RNA,0.11906164139509201
LYAR_RNA,0.11905694007873535
TRMT5_RNA,0.11897917836904526
TNFRSF19_RNA,0.1189388856291771
ABCE1_RNA,0.11893156170845032
NOP58_RNA,0.11874792724847794
TCF4_RNA,0.1187291368842125
WDR35_RNA,0.11870479583740234
RSRC2_RNA,0.11865764856338501
NVL_RNA,0.11859050393104553
SLC39A6_RNA,0.11858707666397095
RPS21_RNA,0.11845472455024719
INPP5E_RNA,0.11845122277736664
USP10_RNA,0.11829498410224915
RPL29_RNA,0.11824572831392288
CDK20_RNA,0.11803800612688065
GRIA2_RNA,0.11799539625644684
PBX3_RNA,0.11796975135803223
GEMIN4_RNA,0.11791615188121796
JAKMIP2_RNA,0.11790139973163605
TRIM45_RNA,0.11782283335924149
UBE2N_RNA,0.11781059950590134
RUFY3_RNA,0.11778628826141357
SYCP2L_RNA,0.11755309253931046
EPM2A_RNA,0.11750565469264984
PGAM5_RNA,0.11746420711278915
TMEM45B_RNA,0.11742019653320313
FBXO46_RNA,0.11736950278282166
ZNF444_RNA,0.11735054850578308
TMEM59L_RNA,0.1172826960682869
RBM18_RNA,0.11727485805749893
HP1BP3_RNA,0.1171487495303154
EIF5B_RNA,0.11712199449539185
HOXC6_RNA,0.11709403246641159
RFC2_RNA,0.11708342283964157
XPO1_RNA,0.11707382649183273
ISG20L2_RNA,0.11706197261810303
C20orf202_RNA,0.1170157641172409
IER3IP1_RNA,0.11700727790594101
DDX20_RNA,0.11698450148105621
XRCC3_RNA,0.11695375293493271
SF1_RNA,0.11693856865167618
ORMDL3_RNA,0.116913802921772
WDR82_RNA,0.11690344661474228
TMEM170A_RNA,0.11687816679477692
UPK2_RNA,0.11683154851198196
NTSR2_RNA,0.11673152446746826
ZCCHC10_RNA,0.1165710836648941
DHODH_RNA,0.11653909832239151
UBE2J2_RNA,0.11649805307388306
RPS3A_RNA,0.11647623777389526
ZNF862_RNA,0.11642266809940338
PINX1_RNA,0.11635500192642212
UBE2I_RNA,0.11627568304538727
NCOA6_RNA,0.11616681516170502
PRPF19_RNA,0.11613542586565018
MAP2K2_RNA,0.11611286550760269
PANK4_RNA,0.11606892943382263
RPP40_RNA,0.116059809923172
DUSP12_RNA,0.1160469651222229
FOXJ1_RNA,0.11602339893579483
SMARCA5_RNA,0.11599092185497284
EHMT1_RNA,0.11596383154392242
DNAJC9_RNA,0.11590616405010223
RAB11FIP3_RNA,0.11589130014181137
FBLL1_RNA,0.11586949974298477
GPM6B_RNA,0.11586540937423706
SNAPC4_RNA,0.11574184894561768
ZNF778_RNA,0.11572322994470596
PSRC1_RNA,0.1156366765499115
SMARCD3_RNA,0.11559394747018814
DNAJC18_RNA,0.11553189158439636
TM6SF2_RNA,0.11545620858669281
DTWD1_RNA,0.1154465526342392
PSMD3_RNA,0.11543798446655273
TCEAL2_RNA,0.11536285281181335
IWS1_RNA,0.11535912752151489
THYN1_RNA,0.11526019126176834
CD320_RNA,0.11518871039152145
RFX7_RNA,0.11518573760986328
RAN_RNA,0.11517245322465897
ZNF793_RNA,0.11514156311750412
CNTN1_RNA,0.1151311919093132
ANKRD53_RNA,0.11511135846376419
VARS2_RNA,0.11508389562368393
PDSS2_RNA,0.11508306115865707
KIAA1586_RNA,0.11506278812885284
IP6K2_RNA,0.11503549665212631
MAGED1_RNA,0.11501035839319229
SPOP_RNA,0.11497408896684647
PMS2CL_RNA,0.1149560958147049
AASDHPPT_RNA,0.11493682861328125
ZFP62_RNA,0.11490332335233688
CNOT10_RNA,0.11488049477338791
CEBPZ_RNA,0.11481638252735138
PRODH_RNA,0.11480887979269028
SPCS2_RNA,0.11477462202310562
ABL1_RNA,0.11477451771497726
BEND7_RNA,0.11468874663114548
DCAF16_RNA,0.11460412293672562
ZSCAN12_RNA,0.11456059664487839
ZSWIM5_RNA,0.1144956424832344
GCDH_RNA,0.11445363610982895
ZNF572_RNA,0.11443568021059036
UNG_RNA,0.11436045169830322
PARP1_RNA,0.11433056741952896
TAF1A_RNA,0.11431022733449936
CENPT_RNA,0.11429645866155624
CRIP2_RNA,0.11401337385177612
DPP10_RNA,0.11400257050991058
PCBP2_RNA,0.11397933959960938
L2HGDH_RNA,0.11393267661333084
STX10_RNA,0.11392758041620255
YES1_RNA,0.11392567306756973
CDC23_RNA,0.11391305923461914
DENND5B_RNA,0.11390572786331177
IRF2BP1_RNA,0.11390134692192078
RSBN1_RNA,0.11390074342489243
SF3A3_RNA,0.11372053623199463
PDAP1_RNA,0.11368950456380844
CCDC82_RNA,0.11366850137710571
FBXO45_RNA,0.11365047097206116
ANAPC13_RNA,0.1135578379034996
CEP152_RNA,0.11353829503059387
KCTD5_RNA,0.1134614497423172
CLK2_RNA,0.11343157291412354
EGFL8_RNA,0.11342628300189972
LIX1L_RNA,0.11341603845357895
HSPD1_RNA,0.11337876319885254
NOC4L_RNA,0.11327075213193893
EIF3J_RNA,0.11326269060373306
ZNF418_RNA,0.1132487952709198
POLR3D_RNA,0.11322518438100815
PPM1D_RNA,0.11318004876375198
TNPO2_RNA,0.11306565999984741
UBE2R2_RNA,0.11303647607564926
FAM133B_RNA,0.11299756169319153
GTPBP1_RNA,0.11298810690641403
ZNF429_RNA,0.11295337975025177
C1orf52_RNA,0.11292509734630585
TMEM132B_RNA,0.11288409680128098
BCLAF1_RNA,0.1128539890050888
MRPS31_RNA,0.11284472793340683
RSAD1_RNA,0.11283925920724869
CCDC77_RNA,0.11280080676078796
RIMKLA_RNA,0.11278970539569855
ZNF512B_RNA,0.11268887668848038
ZNF629_RNA,0.11260940879583359
SEMA5A_RNA,0.11256369203329086
FABP7_RNA,0.1125059425830841
CDK5RAP3_RNA,0.11246257275342941
MPHOSPH10_RNA,0.11243849247694016
PIAS4_RNA,0.1123594120144844
PHF10_RNA,0.11235667765140533
MIS12_RNA,0.1123533770442009
BCS1L_RNA,0.11227017641067505
RALA_RNA,0.11219688504934311
RTKN_RNA,0.11217105388641357
PPP1R10_RNA,0.11215659230947495
FSCN1_RNA,0.1120777353644371
PUS3_RNA,0.11204683035612106
DDX31_RNA,0.1120423749089241
SETD1A_RNA,0.11204120516777039
DAPK3_RNA,0.11198273301124573
SF3B3_RNA,0.1119680404663086
GNAO1_RNA,0.11192691326141357
PRMT3_RNA,0.1118929460644722
FEV_RNA,0.11188400536775589
EIF4A3_RNA,0.1118675172328949
ATP6V1G2_RNA,0.1118321344256401
ZBTB9_RNA,0.11180346459150314
LIN52_RNA,0.11178256571292877
GPS1_RNA,0.11174929141998291
GADD45GIP1_RNA,0.1117168664932251
NPC1L1_RNA,0.11165989190340042
C2CD4C_RNA,0.1116383969783783
TTLL1_RNA,0.1116224005818367
RP9_RNA,0.11160968989133835
ANKRD6_RNA,0.11159341782331467
ZNF227_RNA,0.11156244575977325
MPST_RNA,0.11153595894575119
DDX1_RNA,0.1115170419216156
BSG_RNA,0.11149827390909195
CDADC1_RNA,0.11147072911262512
KIAA1143_RNA,0.11141232401132584
VAV2_RNA,0.11140241473913193
LHX1_RNA,0.11139243841171265
ZNF644_RNA,0.11137702316045761
IMPDH2_RNA,0.11135529726743698
POLR2F_RNA,0.11125515401363373
NFKBIL1_RNA,0.11125414073467255
FOXRED2_RNA,0.11124829947948456
ZSCAN21_RNA,0.11117236316204071
PITX2_RNA,0.11112992465496063
TTLL9_RNA,0.11111997812986374
MAPRE1_RNA,0.11110733449459076
AHCYL1_RNA,0.1110968217253685
ID3_RNA,0.111066535115242
SLC25A33_RNA,0.11102333664894104
ROBO3_RNA,0.11100517213344574
SPAST_RNA,0.11095058172941208
RFWD3_RNA,0.11090385913848877
KCNN2_RNA,0.11085591465234756
DTD1_RNA,0.11081157624721527
ZNF579_RNA,0.11079129576683044
POLR1E_RNA,0.1107870563864708
TUBGCP4_RNA,0.11078265309333801
DCAF13_RNA,0.11076755821704865
RPAIN_RNA,0.11076260358095169
SPATA6_RNA,0.11070593446493149
ZNF34_RNA,0.110688716173172
MAPK7_RNA,0.11060227453708649
SLC22A17_RNA,0.11049725115299225
HOOK2_RNA,0.11044958978891373
CNOT3_RNA,0.11043868958950043
TRIM39_RNA,0.1104326844215393
SDHAF1_RNA,0.11040837317705154
SPIRE2_RNA,0.11039460450410843
TXNDC16_RNA,0.11039125174283981
IRAK1BP1_RNA,0.1103207990527153
RAE1_RNA,0.1102185994386673
PDGFA_RNA,0.11008501797914505
MLF2_RNA,0.11006002873182297
ZNF474_RNA,0.11005645245313644
CLPX_RNA,0.10999907553195953
LEO1_RNA,0.1099420115351677
HIP1R_RNA,0.10988093912601471
FOXJ3_RNA,0.10987063497304916
POLR3GL_RNA,0.10986010730266571
ANAPC7_RNA,0.10977743566036224
DONSON_RNA,0.10972768068313599
ZBTB17_RNA,0.10963955521583557
FMR1_RNA,0.10960417985916138
THAP8_RNA,0.10959433764219284
ZNF263_RNA,0.10957610607147217
ABCD3_RNA,0.10957212001085281
DHX35_RNA,0.10945158451795578
ADNP_RNA,0.10942738503217697
SMAD4_RNA,0.10938199609518051
RGS12_RNA,0.1093699112534523
DDAH2_RNA,0.10924194008111954
PTPRA_RNA,0.10922350734472275
DGCR8_RNA,0.10921202600002289
ALG10B_RNA,0.10921131074428558
C1orf21_RNA,0.10920316725969315
ALDH5A1_RNA,0.10915905237197876
TTLL2_RNA,0.10913894325494766
EIF3B_RNA,0.10903381556272507
LRRC49_RNA,0.1090138629078865
NANOS2_RNA,0.10898607224225998
RARA_RNA,0.10893837362527847
IFT140_RNA,0.1089000329375267
ZNF521_RNA,0.10888548940420151
CHCHD2_RNA,0.1088620126247406
FAM8A1_RNA,0.1087595671415329
POLG2_RNA,0.1087028980255127
PLEKHH3_RNA,0.10869963467121124
NHP2_RNA,0.10869424045085907
UBXN1_RNA,0.10865490138530731
RPLP0_RNA,0.10864439606666565
THAP3_RNA,0.10861802101135254
OFD1_RNA,0.1085425466299057
CCT7_RNA,0.10850617289543152
BTNL9_RNA,0.10845034569501877
AGPAT1_RNA,0.10839663445949554
PLIN5_RNA,0.10839422047138214
TRA2A_RNA,0.10838241130113602
NAA35_RNA,0.10836833715438843
RAMP2_RNA,0.1082928329706192
COG8_RNA,0.10828512161970139
ALDH4A1_RNA,0.1082531288266182
ZNF75A_RNA,0.10819036513566971
CCDC112_RNA,0.10808414965867996
PARK7_RNA,0.10798776149749756
ASXL3_RNA,0.10793189704418182
LRRC58_RNA,0.10790348798036575
JRK_RNA,0.10790221393108368
MAPK12_RNA,0.10790160298347473
SSR2_RNA,0.10788743942975998
GPHN_RNA,0.1078498587012291
CLDN12_RNA,0.10777861624956131
ESF1_RNA,0.10774104297161102
FNDC8_RNA,0.10765121877193451
VPS26B_RNA,0.10755730420351028
KDM2B_RNA,0.10749359428882599
NME4_RNA,0.10748551040887833
SV2A_RNA,0.1074574887752533
ZNF282_RNA,0.10740556567907333
RRP15_RNA,0.10739528387784958
EIF2S1_RNA,0.10738963633775711
NCBP2_RNA,0.10734628140926361
GLRX5_RNA,0.10726675391197205
C19orf25_RNA,0.10726508498191833
MED25_RNA,0.10724715888500214
AGAP2_RNA,0.10723073780536652
PAXIP1_RNA,0.10721948742866516
SOBP_RNA,0.10718871653079987
SMC1A_RNA,0.10718861222267151
IPO5_RNA,0.10710097849369049
COPS7B_RNA,0.10706495493650436
PALM_RNA,0.10703200846910477
ZBED5_RNA,0.10702469944953918
ARL8A_RNA,0.10700541734695435
IRX5_RNA,0.10700446367263794
RAVER2_RNA,0.10696332901716232
BOD1_RNA,0.10692751407623291
KEAP1_RNA,0.10690777003765106
PRDX2_RNA,0.10688365995883942
ATRIP_RNA,0.10680253803730011
WRNIP1_RNA,0.10677438229322433
SPIN3_RNA,0.1067536398768425
PTP4A3_RNA,0.10674407333135605
TMX1_RNA,0.10673028230667114
HOXA6_RNA,0.10669885575771332
PMVK_RNA,0.10668811947107315
DNAJC8_RNA,0.10665779560804367
DHX15_RNA,0.10661543905735016
EXD2_RNA,0.10658110678195953
LRCH2_RNA,0.1065758541226387
RAB41_RNA,0.10656943172216415
KAT5_RNA,0.10656572878360748
MYLK2_RNA,0.1065644919872284
CCT5_RNA,0.10653278231620789
S100A3_RNA,0.10646793246269226
AKT1S1_RNA,0.1064336895942688
ZC3HC1_RNA,0.10640455037355423
NUDCD2_RNA,0.10634434968233109
RNF139_RNA,0.10631555318832397
GAS5_RNA,0.10631220042705536
C1QTNF8_RNA,0.10631061345338821
PRTG_RNA,0.10630994290113449
UBXN2A_RNA,0.10630886256694794
KLHDC8A_RNA,0.10630098730325699
PRPSAP2_RNA,0.10628047585487366
E2F6_RNA,0.10620881617069244
FDFT1_RNA,0.1061960831284523
NUP188_RNA,0.10619060695171356
SAAL1_RNA,0.10615334659814835
DPM3_RNA,0.10611893236637115
CYP4F12_RNA,0.10604580491781235
NPR3_RNA,0.10594960302114487
RPS5_RNA,0.1059417873620987
IRF2BP2_RNA,0.10592695325613022
RND2_RNA,0.10591482371091843
TAF5_RNA,0.10587211698293686
TMEM128_RNA,0.10581067949533463
RHEB_RNA,0.10580646246671677
CPSF1_RNA,0.10574498772621155
NUDT4_RNA,0.10572373867034912
FANCB_RNA,0.10572127252817154
TGFB1I1_RNA,0.10568932443857193
SLC25A36_RNA,0.10567469149827957
C22orf39_RNA,0.10563405603170395
KIF26A_RNA,0.10558570921421051
ZNF14_RNA,0.10555890202522278
CDO1_RNA,0.10549977421760559
SETDB1_RNA,0.10544584691524506
SLC17A8_RNA,0.10542059689760208
CCND1_RNA,0.10541500896215439
ASNSD1_RNA,0.10538305342197418
RPS2_RNA,0.10526136308908463
LIME1_RNA,0.10526089370250702
NDE1_RNA,0.10525442659854889
PDCL_RNA,0.10524263232946396
MPDZ_RNA,0.10512430220842361
MED30_RNA,0.10511548072099686
PLEKHA8_RNA,0.10511361807584763
ZNF823_RNA,0.10507379472255707
LHX5_RNA,0.1050202026963234
TBCA_RNA,0.1050153374671936
TBX3_RNA,0.10498258471488953
GNAS_RNA,0.10491340607404709
JAM2_RNA,0.10487311333417892
SNRPB2_RNA,0.10486156493425369
GLOD4_RNA,0.10480786859989166
CREB3L4_RNA,0.1048058494925499
SPATS2_RNA,0.10477806627750397
RPL35_RNA,0.10476893186569214
DLX1_RNA,0.10476453602313995
POLR1C_RNA,0.10474181920289993
GCAT_RNA,0.10472706705331802
TXN2_RNA,0.1046769991517067
BCAS2_RNA,0.10465095192193985
PPP4C_RNA,0.10461223870515823
FREM1_RNA,0.1045810878276825
POGZ_RNA,0.10454413294792175
TACC2_RNA,0.10453193634748459
LRP4_RNA,0.1044551357626915
BCDIN3D_RNA,0.104450523853302
RBM14_RNA,0.10444765537977219
CASKIN2_RNA,0.10444583743810654
MLF1_RNA,0.10443122684955597
ZNF250_RNA,0.1043623760342598
RBM23_RNA,0.10435588657855988
PCCB_RNA,0.10433535277843475
PATL1_RNA,0.1043107882142067
GSPT2_RNA,0.10429234802722931
DDX27_RNA,0.10427531599998474
RAF1_RNA,0.10426612943410873
WDR17_RNA,0.10423789918422699
USE1_RNA,0.10410989820957184
TRA2B_RNA,0.10408049821853638
STRBP_RNA,0.10404153913259506
SNRPG_RNA,0.10403410345315933
CTNNAL1_RNA,0.10401424765586853
ZNF207_RNA,0.10396917164325714
ZNF284_RNA,0.10394534468650818
LUZP2_RNA,0.10389941930770874
SP8_RNA,0.10383914411067963
PARD3B_RNA,0.10378684103488922
C12orf57_RNA,0.10364343971014023
NFRKB_RNA,0.10362891852855682
PPDPF_RNA,0.10354439914226532
LZIC_RNA,0.103541299700737
F12_RNA,0.10353406518697739
ACSS1_RNA,0.10348296165466309
GNG2_RNA,0.10344256460666656
PFDN6_RNA,0.10343705117702484
KAZALD1_RNA,0.10342250019311905
VPS4A_RNA,0.10341919958591461
RHPN1_RNA,0.10337059944868088
ROBO1_RNA,0.10330729931592941
TMEM213_RNA,0.10324016958475113
PPP1R8_RNA,0.10317646712064743
RPL18A_RNA,0.10313645750284195
NPTXR_RNA,0.10311483591794968
MPV17L2_RNA,0.1031145229935646
TAF1C_RNA,0.1031079813838005
AURKAIP1_RNA,0.10310770571231842
METTL9_RNA,0.10310747474431992
ADK_RNA,0.10308821499347687
FUT5_RNA,0.10305982828140259
ZNF568_RNA,0.10304524749517441
TRHR_RNA,0.10303322970867157
MRPL21_RNA,0.1030111014842987
FLVCR1_RNA,0.10300973057746887
RDX_RNA,0.10295730829238892
ASPRV1_RNA,0.10289398580789566
BCOR_RNA,0.10286718606948853
TMEM183A_RNA,0.10281160473823547
MAP1LC3B2_RNA,0.10278549790382385
MASTL_RNA,0.10278402268886566
TMEM201_RNA,0.10277163982391357
CACNA2D2_RNA,0.10264561325311661
ORAI1_RNA,0.10264130681753159
RPSA_RNA,0.1026281863451004
NT5M_RNA,0.10261179506778717
TRIM7_RNA,0.10258452594280243
PPP1CB_RNA,0.10257619619369507
SLC5A12_RNA,0.10256374627351761
SLC6A11_RNA,0.1025235652923584
GPR19_RNA,0.10246308892965317
HMGXB4_RNA,0.10243610292673111
ZBTB2_RNA,0.10241153836250305
ZNF703_RNA,0.10231400281190872
NFKBIB_RNA,0.1022038534283638
RET_RNA,0.10219798982143402
FTSJ3_RNA,0.10217121243476868
HOXA2_RNA,0.10211961716413498
TMEM8B_RNA,0.10207846760749817
VPS25_RNA,0.10206051915884018
RSRC1_RNA,0.10205631703138351
TFDP1_RNA,0.1020503118634224
TRMT1_RNA,0.10201484709978104
DCAF12_RNA,0.10191602259874344
RANBP3_RNA,0.10188283026218414
PRRT2_RNA,0.1018497422337532
USPL1_RNA,0.10183106362819672
CASP3_RNA,0.10182756930589676
RP1L1_RNA,0.10181509703397751
ZNF107_RNA,0.10177388787269592
ZSCAN5B_RNA,0.10171554237604141
UNC119B_RNA,0.10169527679681778
POU4F2_RNA,0.10164876282215118
CTU1_RNA,0.10159555822610855
POP7_RNA,0.10159166902303696
DDX19A_RNA,0.10158051550388336
DHX33_RNA,0.10153966397047043
DPH5_RNA,0.1015387773513794
RING1_RNA,0.10150931030511856
STMN4_RNA,0.10147492587566376
USP28_RNA,0.1014617383480072
WBP11_RNA,0.10146115720272064
PMPCA_RNA,0.10141407698392868
CCDC59_RNA,0.10139129310846329
TELO2_RNA,0.10137482732534409
TRIM67_RNA,0.10130297392606735
HESX1_RNA,0.10120915621519089
GPR12_RNA,0.10113909095525742
B3GALT2_RNA,0.10109592229127884
CETN3_RNA,0.10106736421585083
MAP4K5_RNA,0.10101192444562912
CTRC_RNA,0.10098723322153091
ANKZF1_RNA,0.10096508264541626
MRPL10_RNA,0.10096222907304764
HOXA9_RNA,0.10094182193279266
STRAP_RNA,0.10093948990106583
HS3ST1_RNA,0.10092209279537201
ZNF695_RNA,0.10088185220956802
WFIKKN1_RNA,0.10079365223646164
C19orf73_RNA,0.10078790783882141
TMEFF1_RNA,0.10078620910644531
CDKAL1_RNA,0.10073095560073853
PTGES3_RNA,0.10070572793483734
B3GALT6_RNA,0.10069681704044342
ABHD4_RNA,0.10066638141870499
RBM22_RNA,0.10063248872756958
OBSL1_RNA,0.10062388330698013
ZNF133_RNA,0.10059885680675507
CACYBP_RNA,0.10048414021730423
FBXW8_RNA,0.10036148875951767
CABLES2_RNA,0.10035298764705658
CBX5_RNA,0.10034418851137161
TMEM39B_RNA,0.1003323495388031
DPEP1_RNA,0.10022404044866562
PELP1_RNA,0.10022054612636566
NPPB_RNA,0.10021420568227768
PNPT1_RNA,0.10014548152685165
URM1_RNA,0.10013623535633087
PGD_RNA,0.10012688487768173
TOP1MT_RNA,0.10009842365980148
FBXW12_RNA,0.10009291023015976
AIMP1_RNA,0.09999415278434753
DVL2_RNA,0.09997694939374924
KDM5B_RNA,0.09995944052934647
PPM1B_RNA,0.09994498640298843
PDCD7_RNA,0.09991137683391571
ZNF605_RNA,0.09990883618593216
PSMD11_RNA,0.09984230995178223
CHD4_RNA,0.0998411774635315
NUP85_RNA,0.09982334822416306
MIF4GD_RNA,0.09981793910264969
C2orf81_RNA,0.09978585690259933
POP1_RNA,0.09978125989437103
PCDHGB2_RNA,0.09972063452005386
FAM32A_RNA,0.0996398851275444
C2orf68_RNA,0.09961847960948944
DDX18_RNA,0.09957032650709152
DHRS11_RNA,0.09956513345241547
FARP2_RNA,0.09954909235239029
LRWD1_RNA,0.09954623878002167
OSGEPL1_RNA,0.09952765703201294
DAB1_RNA,0.09945627301931381
ZFP14_RNA,0.09938792139291763
PARS2_RNA,0.09936768561601639
RTF1_RNA,0.09935832768678665
ZNF776_RNA,0.09929998964071274
ZNF165_RNA,0.0992993488907814
ABCC8_RNA,0.09926371276378632
TLX1NB_RNA,0.09924924373626709
HNF1A_RNA,0.0992383286356926
RPL36_RNA,0.0992283746600151
ACBD7_RNA,0.09921526163816452
GRIK2_RNA,0.09920231997966766
ZNF174_RNA,0.09914667159318924
NFATC2IP_RNA,0.099103182554245
ZNF555_RNA,0.0990934818983078
FANCM_RNA,0.09904502332210541
TSPYL4_RNA,0.099021777510643
FGF14_RNA,0.09898513555526733
NCBP1_RNA,0.09894367307424545
TUBA1B_RNA,0.09891271591186523
CCDC12_RNA,0.09890417754650116
ZNF202_RNA,0.09888426959514618
TIPRL_RNA,0.09883017838001251
FANCL_RNA,0.09881212562322617
SLBP_RNA,0.09877879172563553
ZNF598_RNA,0.09873677790164948
UCHL5_RNA,0.09871886670589447
HOXA5_RNA,0.09871078282594681
PRC1_RNA,0.09869863837957382
CDC42EP4_RNA,0.09865342825651169
ADCY8_RNA,0.09863423556089401
HOXB3_RNA,0.09858008474111557
CXXC1_RNA,0.09856326133012772
FGFR3_RNA,0.09855267405509949
GRHL3_RNA,0.09853245317935944
RBM4_RNA,0.09844177961349487
TBL3_RNA,0.09841889888048172
NAV1_RNA,0.09834714233875275
KTI12_RNA,0.09833933413028717
TADA2A_RNA,0.09833688288927078
NUCKS1_RNA,0.09828196465969086
BTF3_RNA,0.09826309233903885
EIF2B1_RNA,0.09824656695127487
DDX19B_RNA,0.09823349118232727
ZNF354A_RNA,0.09820754081010818
ZC3H8_RNA,0.09816376864910126
FBRSL1_RNA,0.09815026819705963
PPOX_RNA,0.09813796728849411
OTOR_RNA,0.09812499582767487
PSMD10_RNA,0.09806204587221146
EIF1AX_RNA,0.0980585515499115
HGFAC_RNA,0.09804656356573105
WDR5B_RNA,0.0980147197842598
RPUSD4_RNA,0.09800679981708527
MRPS7_RNA,0.09794414043426514
SLC35B1_RNA,0.0979229137301445
TFR2_RNA,0.09792065620422363
ZNF835_RNA,0.09791529923677444
BPGM_RNA,0.0979149341583252
UBE2D4_RNA,0.09787502884864807
LONRF1_RNA,0.09782908856868744
ZFPL1_RNA,0.09782056510448456
LCAT_RNA,0.0976865366101265
TSPAN5_RNA,0.09766650199890137
C1orf56_RNA,0.0975661352276802
EID1_RNA,0.0975492000579834
BPNT1_RNA,0.0975131019949913
CASP9_RNA,0.09748245030641556
KCNJ9_RNA,0.09746850281953812
CTNNBL1_RNA,0.09746162593364716
MUS81_RNA,0.09743048250675201
HTRA2_RNA,0.0974011942744255
ZNF554_RNA,0.09738258272409439
BLMH_RNA,0.09736750274896622
MIR25_RNA,0.09732627868652344
TTPA_RNA,0.0973024070262909
LRIG1_RNA,0.09727872163057327
PES1_RNA,0.09722769260406494
RBM15B_RNA,0.09721501916646957
C11orf54_RNA,0.09718864411115646
TDRD3_RNA,0.09709414094686508
RIC8B_RNA,0.0970635712146759
ERAS_RNA,0.09705503284931183
STOML2_RNA,0.09702853113412857
IDH3B_RNA,0.09700644016265869
ZSCAN29_RNA,0.09694778174161911
IK_RNA,0.09694597870111465
URB2_RNA,0.09687485545873642
RALY_RNA,0.09672689437866211
PHB2_RNA,0.09670908004045486
ZNF136_RNA,0.09666164219379425
PET117_RNA,0.09664127230644226
CDK11A_RNA,0.09663137048482895
NME1_RNA,0.09654965251684189
CDAN1_RNA,0.09654264152050018
EDC4_RNA,0.09650425612926483
RASL12_RNA,0.09642814099788666
RBAK_RNA,0.09641425311565399
KIF2A_RNA,0.09640123695135117
NUP107_RNA,0.09634773433208466
GTF2H3_RNA,0.09632899612188339
KLHL28_RNA,0.0962100699543953
KCTD13_RNA,0.09620407223701477
CBY1_RNA,0.09613412618637085
DNASE1_RNA,0.09610655158758163
USP30_RNA,0.09609750658273697
MKRN1_RNA,0.09607306122779846
ARGLU1_RNA,0.09605450928211212
METTL3_RNA,0.0959937572479248
RPUSD1_RNA,0.09596488624811172
CMTM1_RNA,0.0959223136305809
APCDD1_RNA,0.09591210633516312
CATSPER3_RNA,0.09582590311765671
EBPL_RNA,0.09578728675842285
ANKRD46_RNA,0.09577187895774841
RSL1D1_RNA,0.09572742879390717
ZNF8_RNA,0.09562075138092041
KHK_RNA,0.09561951458454132
C18orf32_RNA,0.09559918940067291
C5orf24_RNA,0.0955924317240715
GATM_RNA,0.0955352708697319
RPL5_RNA,0.09547609090805054
FBXL12_RNA,0.09546256065368652
CENPB_RNA,0.0953819528222084
TRAPPC5_RNA,0.09536426514387131
FUZ_RNA,0.09536400437355042
SSNA1_RNA,0.09533130377531052
HSD11B1L_RNA,0.09532997012138367
SNRNP70_RNA,0.09532792121171951
PABPN1_RNA,0.09532373398542404
ZNF157_RNA,0.09528425335884094
LRRC8A_RNA,0.09528262913227081
DHX38_RNA,0.09526854753494263
MED1_RNA,0.09517873078584671
MEST_RNA,0.0951736718416214
ZNF441_RNA,0.09512023627758026
SUPT5H_RNA,0.09511131048202515
TMEM116_RNA,0.0950896292924881
NUP160_RNA,0.09501547366380692
BRD2_RNA,0.09499414265155792
RPL8_RNA,0.09489719569683075
STIP1_RNA,0.09488038718700409
ARL5B_RNA,0.09483236074447632
ZNF273_RNA,0.09480691701173782
LEPROTL1_RNA,0.09477194398641586
SLC25A25_RNA,0.09475535899400711
UFSP2_RNA,0.09474187344312668
SCAI_RNA,0.0947347953915596
PIP5KL1_RNA,0.09472114592790604
NIPSNAP1_RNA,0.09468945860862732
C1orf53_RNA,0.0946614220738411
PPP2R5D_RNA,0.09464577585458755
RPUSD2_RNA,0.09462331235408783
TFDP2_RNA,0.09461464732885361
ISY1_RNA,0.09459424018859863
GULP1_RNA,0.09457378089427948
TAF6L_RNA,0.09452628344297409
STK11_RNA,0.09442600607872009
ZBTB48_RNA,0.09441221505403519
CSNK2B_RNA,0.09438972920179367
FRS3_RNA,0.09438767284154892
SCD5_RNA,0.09436127543449402
MTMR1_RNA,0.09435714036226273
C19orf44_RNA,0.09432005137205124
USH1G_RNA,0.09429450333118439
LCMT2_RNA,0.09427144378423691
SRPK1_RNA,0.0942559540271759
ZNF395_RNA,0.09423962235450745
ZNF585B_RNA,0.09421372413635254
CSTF2_RNA,0.09416040033102036
TCERG1_RNA,0.09414657205343246
MORN4_RNA,0.09411317855119705
IDI1_RNA,0.09405840188264847
VMA21_RNA,0.0940399020910263
STK36_RNA,0.09403714537620544
C5orf47_RNA,0.09402964264154434
UBE2D2_RNA,0.09402252733707428
DDX55_RNA,0.09401444345712662
RIC3_RNA,0.09399115294218063
IL11RA_RNA,0.09390781819820404
ZNF527_RNA,0.0939057245850563
XKR7_RNA,0.0939033180475235
STC2_RNA,0.09387871623039246
SLC3A2_RNA,0.09386621415615082
CYC1_RNA,0.09382827579975128
IQCD_RNA,0.09379865974187851
MRPL38_RNA,0.0937870517373085
ELOVL2_RNA,0.09378298372030258
RSF1_RNA,0.09377943724393845
KATNA1_RNA,0.09376486390829086
ZNF628_RNA,0.09372024238109589
SNN_RNA,0.0936988815665245
ZNF442_RNA,0.09369242191314697
AGAP1_RNA,0.09368816018104553
LRP6_RNA,0.09365679323673248
ADHFE1_RNA,0.09365515410900116
RNF20_RNA,0.09364104270935059
WDR75_RNA,0.09361864626407623
ITM2C_RNA,0.09358526766300201
ZNF443_RNA,0.0935826525092125
LARP7_RNA,0.09353546798229218
NUP54_RNA,0.09348991513252258
COL2A1_RNA,0.09347492456436157
RAD1_RNA,0.09334172308444977
CCDC137_RNA,0.09331467002630234
FIBCD1_RNA,0.09327226877212524
ZNF594_RNA,0.0932566225528717
ARID1A_RNA,0.09325656294822693
EYA1_RNA,0.09325525909662247
DFFB_RNA,0.09324394911527634
SORD_RNA,0.09322930872440338
NNAT_RNA,0.09319060295820236
PRPF39_RNA,0.09314800053834915
PDRG1_RNA,0.0931037962436676
HSDL2_RNA,0.0930401012301445
RBBP8_RNA,0.09303933382034302
CELA2A_RNA,0.09303166717290878
TSPAN31_RNA,0.09300904721021652
ZDHHC4_RNA,0.09294921904802322
PIGU_RNA,0.09292171150445938
LY6G5C_RNA,0.09288900345563889
SREBF2_RNA,0.09288172423839569
RANGRF_RNA,0.09286448359489441
HOXD10_RNA,0.0928623229265213
ZNF24_RNA,0.09283383935689926
NIF3L1_RNA,0.09281604737043381
SMC6_RNA,0.09277596324682236
HOXC13_RNA,0.09276037663221359
RDH16_RNA,0.09275246411561966
EIF3H_RNA,0.09274354577064514
AKR7L_RNA,0.09273038804531097
DNAJC2_RNA,0.09272728860378265
DCTN2_RNA,0.09260845184326172
WDR27_RNA,0.09258829802274704
TMEM196_RNA,0.09250518679618835
ZNF317_RNA,0.09249328821897507
RBM4B_RNA,0.09248790889978409
RAD51C_RNA,0.0924779549241066
CACNG5_RNA,0.09247744828462601
ACLY_RNA,0.0924723744392395
PPP2CA_RNA,0.09247180819511414
NUDT16L1_RNA,0.09243566542863846
COG4_RNA,0.09241810441017151
DALRD3_RNA,0.09235735982656479
DDX10_RNA,0.09232529997825623
TFAM_RNA,0.09232175350189209
R3HCC1_RNA,0.09225127100944519
CDKL3_RNA,0.09220447391271591
PNMA2_RNA,0.09219398349523544
SENP1_RNA,0.0921434685587883
POU6F1_RNA,0.09212382137775421
RDH11_RNA,0.09201417863368988
CASKIN1_RNA,0.09198570251464844
GSX2_RNA,0.09195414185523987
RTN3_RNA,0.09193864464759827
GLUD1_RNA,0.0919257178902626
REEP6_RNA,0.09192077070474625
DPY19L4_RNA,0.0919039398431778
EXOSC10_RNA,0.09189940243959427
LRRC3B_RNA,0.09185188263654709
ZNF672_RNA,0.09181325882673264
UBB_RNA,0.09175215661525726
PTPN11_RNA,0.09171644598245621
ZNF480_RNA,0.0917079895734787
RPL7A_RNA,0.0916895642876625
ARHGEF9_RNA,0.09159093350172043
KCTD20_RNA,0.09158654510974884
POLR2D_RNA,0.09158247709274292
PRPF40A_RNA,0.09153512865304947
TDP1_RNA,0.09151069074869156
KPTN_RNA,0.09149617701768875
MDH2_RNA,0.09149325639009476
CBX4_RNA,0.09148860722780228
ZNF574_RNA,0.09141946583986282
SURF1_RNA,0.0913819670677185
ACTR5_RNA,0.09136316180229187
CEP97_RNA,0.09133690595626831
LVRN_RNA,0.09132099896669388
ZNF268_RNA,0.09131364524364471
TRMT61A_RNA,0.09121596813201904
AGBL5_RNA,0.09103495627641678
AKIRIN2_RNA,0.0910259410738945
MEOX2_RNA,0.09094741940498352
MST1_RNA,0.09093789011240005
CDKN2AIP_RNA,0.09089558571577072
ZMYM1_RNA,0.09084656834602356
ZNF16_RNA,0.09082607179880142
YOD1_RNA,0.09081759303808212
KY_RNA,0.09081733226776123
SLC8A3_RNA,0.09076239913702011
LY6G5B_RNA,0.09075704962015152
SMU1_RNA,0.0907491147518158
PATE4_RNA,0.09070579707622528
CMTM4_RNA,0.09066929668188095
SRRM1_RNA,0.09063290804624557
NUP153_RNA,0.09050142765045166
CHST10_RNA,0.09042710810899734
SNRNP27_RNA,0.09042240679264069
AKAP8_RNA,0.09040854126214981
MRPS35_RNA,0.0904051810503006
ASB3_RNA,0.09037744998931885
ZNF740_RNA,0.090279720723629
FLAD1_RNA,0.09025895595550537
ATP1A2_RNA,0.09012410789728165
LRRCC1_RNA,0.09008656442165375
ILKAP_RNA,0.09008297324180603
SYF2_RNA,0.09007737040519714
MRPS28_RNA,0.09004390239715576
ZNF180_RNA,0.08995425701141357
NDUFA5_RNA,0.08994334191083908
LONP1_RNA,0.08986222743988037
CKAP5_RNA,0.08985064923763275
TMEM9_RNA,0.08980287611484528
FRMD3_RNA,0.08978205919265747
SMYD5_RNA,0.08978118747472763
COG7_RNA,0.0897015780210495
LMAN2L_RNA,0.08969740569591522
CPS1_RNA,0.08967053145170212
RAB14_RNA,0.08963856846094131
RAB23_RNA,0.08958333730697632
ETAA1_RNA,0.08956273645162582
CYB5RL_RNA,0.08955167979001999
CA3_RNA,0.08947867900133133
ZXDB_RNA,0.08946780115365982
MEPCE_RNA,0.08940378576517105
UMPS_RNA,0.0893639624118805
ZNF771_RNA,0.08934858441352844
TCP1_RNA,0.08933387696743011
ELP4_RNA,0.08932284265756607
PIWIL2_RNA,0.08930850028991699
STX2_RNA,0.08929478377103806
PPIE_RNA,0.0892762839794159
RFC1_RNA,0.08927114307880402
DENR_RNA,0.08926951140165329
ZNF491_RNA,0.08925946801900864
MKKS_RNA,0.0892472043633461
ANKDD1A_RNA,0.08922620117664337
DNAJC11_RNA,0.0891556590795517
SNAPC3_RNA,0.0890972763299942
MTMR9_RNA,0.08903023600578308
VWA3B_RNA,0.08901554346084595
MEAF6_RNA,0.08901478350162506
KLHDC3_RNA,0.08897693455219269
CNOT7_RNA,0.08896934986114502
ZNF461_RNA,0.08895169198513031
ATXN10_RNA,0.08892544358968735
LYRM7_RNA,0.08891288936138153
ADH5_RNA,0.08886515349149704
PRMT7_RNA,0.08884928375482559
SLC2A13_RNA,0.08881354331970215
ARHGEF18_RNA,0.08880697935819626
RPP21_RNA,0.08877783268690109
WDR74_RNA,0.08875636756420135
TMEM209_RNA,0.08871860802173615
NT5C_RNA,0.08871830254793167
ITM2A_RNA,0.08871019631624222
LRP3_RNA,0.08867838978767395
FRMPD1_RNA,0.08865810930728912
DHX30_RNA,0.08864358812570572
SOX13_RNA,0.08857794851064682
WNK3_RNA,0.08853520452976227
FOXB1_RNA,0.08850060403347015
BRSK1_RNA,0.08848779648542404
TUBD1_RNA,0.088469497859478
WASF3_RNA,0.08843525499105453
IMP4_RNA,0.08839352428913116
ESCO1_RNA,0.08839324116706848
KLC4_RNA,0.08839055895805359
ZBTB39_RNA,0.08835379779338837
SNRNP48_RNA,0.08835310488939285
MAGEH1_RNA,0.08835148811340332
CTDSP2_RNA,0.08834721148014069
CWC22_RNA,0.08833284676074982
CLASP2_RNA,0.088330939412117
TMCO1_RNA,0.08829719573259354
RPS23_RNA,0.08829085528850555
PIGF_RNA,0.0882871076464653
SCRN1_RNA,0.08827489614486694
PWP1_RNA,0.08824914693832397
PAPSS1_RNA,0.08821045607328415
MAPK1IP1L_RNA,0.08817864954471588
TSHZ1_RNA,0.08817747235298157
THAP5_RNA,0.0881643146276474
SMPD3_RNA,0.08812658488750458
EIF2B2_RNA,0.08808229118585587
JMY_RNA,0.08807895332574844
TUFM_RNA,0.08806638419628143
CPT1C_RNA,0.08803148567676544
GNPAT_RNA,0.0879616066813469
VHL_RNA,0.0879446491599083
CHCHD6_RNA,0.0879012793302536
MRPL50_RNA,0.0878572016954422
IQCB1_RNA,0.08780577778816223
PRAF2_RNA,0.0877823457121849
NGFR_RNA,0.08777354657649994
FDXACB1_RNA,0.08775850385427475
RRAGD_RNA,0.08775746822357178
ZNF26_RNA,0.08771102130413055
CCDC85C_RNA,0.08770492672920227
VGLL4_RNA,0.08770286291837692
TMEM222_RNA,0.08770149201154709
PAIP1_RNA,0.0875999704003334
BNIP3_RNA,0.08754357695579529
SMARCAD1_RNA,0.08754140883684158
AP1M1_RNA,0.08753897994756699
RBM26_RNA,0.08751066774129868
NSUN6_RNA,0.08750773221254349
RBM25_RNA,0.08747976273298264
AMOTL2_RNA,0.08736549317836761
SCFD2_RNA,0.08736022561788559
TNNI3_RNA,0.08733461797237396
GPATCH8_RNA,0.08727223426103592
MYO5C_RNA,0.08725321292877197
RCOR3_RNA,0.08718506991863251
TEAD2_RNA,0.08715147525072098
ZNF230_RNA,0.08713577687740326
COQ3_RNA,0.08712387830018997
GOLIM4_RNA,0.08709705621004105
CBR4_RNA,0.08708299696445465
PKNOX2_RNA,0.08706562966108322
PDCD2_RNA,0.08701669424772263
ZNF445_RNA,0.08699748665094376
POLR2B_RNA,0.08695343881845474
ANKS3_RNA,0.08693528920412064
YLPM1_RNA,0.08693452179431915
EPHB2_RNA,0.08692334592342377
ZNF197_RNA,0.08691596984863281
DGUOK_RNA,0.08690712600946426
PPME1_RNA,0.08690450340509415
PSMF1_RNA,0.08687198162078857
NHEJ1_RNA,0.08682078123092651
TXNL4B_RNA,0.08681522309780121
HMGN3_RNA,0.08676549047231674
FRS2_RNA,0.08673717081546783
ZNF274_RNA,0.08672647178173065
MARS2_RNA,0.08671215921640396
TAF5L_RNA,0.08670114725828171
LRRC42_RNA,0.08666618913412094
ZNF785_RNA,0.08665281534194946
FAM136A_RNA,0.08660566061735153
SIRT2_RNA,0.08660176396369934
MRPS14_RNA,0.08656655997037888
GTF2A2_RNA,0.08653967827558517
PPP1R11_RNA,0.08653677254915237
REG1B_RNA,0.08650275319814682
EBNA1BP2_RNA,0.08647385239601135
SLC41A1_RNA,0.08645935356616974
CRYGD_RNA,0.08644150197505951
AGGF1_RNA,0.08634704351425171
ATXN2L_RNA,0.0862918496131897
SRPK3_RNA,0.08623607456684113
WBP4_RNA,0.08616518974304199
HSD17B10_RNA,0.08615703135728836
BBS10_RNA,0.0861378163099289
DDX54_RNA,0.08612260222434998
TP53_RNA,0.08606556802988052
KCTD6_RNA,0.08604509383440018
PPIL6_RNA,0.08591216802597046
PUS7_RNA,0.08590168505907059
DDX56_RNA,0.0858946442604065
GNL2_RNA,0.08587323874235153
INTS4_RNA,0.08582784235477448
MRPL11_RNA,0.08581942319869995
NDUFB6_RNA,0.08581680059432983
SIRT4_RNA,0.08580031991004944
FBXO21_RNA,0.08579381555318832
ARL16_RNA,0.0857657939195633
SOHLH2_RNA,0.08575378358364105
SMAD1_RNA,0.08575195074081421
SH3YL1_RNA,0.08568096160888672
STK33_RNA,0.08559826016426086
UBAP2_RNA,0.085552878677845
RGS8_RNA,0.08553364872932434
PLA2G6_RNA,0.08552958816289902
PQBP1_RNA,0.08552157133817673
ARL4A_RNA,0.08550748974084854
EFTUD2_RNA,0.08550546318292618
TSC22D4_RNA,0.08548706769943237
DYNLL2_RNA,0.08547846972942352
ARNT2_RNA,0.08547134697437286
RPL18_RNA,0.08546548336744308
MPHOSPH9_RNA,0.08545956760644913
OSBPL7_RNA,0.08540773391723633
SCAMP5_RNA,0.08539161831140518
RASL10A_RNA,0.08535502105951309
CAB39L_RNA,0.08531967550516129
APOL4_RNA,0.08528874814510345
CDX2_RNA,0.08526279777288437
CGN_RNA,0.08521370589733124
CHCHD5_RNA,0.0851946547627449
SFXN1_RNA,0.08514672517776489
TP53AIP1_RNA,0.0851428434252739
FKBP7_RNA,0.08512981235980988
EEF1D_RNA,0.08512166887521744
ASAH2B_RNA,0.08509151637554169
FBXL19_RNA,0.08501078188419342
SOCS4_RNA,0.08499328047037125
BUD31_RNA,0.0849870815873146
ING5_RNA,0.08498515188694
DHCR7_RNA,0.084949493408203125
POLR2I_RNA,0.08494687080383301
CWC15_RNA,0.08491937071084976
IRX1_RNA,0.0849035382270813
KPNB1_RNA,0.08489792048931122
MRPL3_RNA,0.08488105237483978
TERF1_RNA,0.08488080650568008
NFIL3_RNA,0.08484423905611038
PKIA_RNA,0.08479921519756317
ZNF304_RNA,0.08479905128479004
SMC5_RNA,0.08479892462491989
TGS1_RNA,0.08477282524108887
PATE2_RNA,0.08473479002714157
NDUFAF2_RNA,0.08472001552581787
INSIG1_RNA,0.08471937477588654
DYNLT1_RNA,0.08469613641500473
NEK4_RNA,0.08469424396753311
INO80E_RNA,0.08468475937843323
RPH3A_RNA,0.0846259593963623
MCM5_RNA,0.08458548784255981
GNG7_RNA,0.08455359190702438
SNAPIN_RNA,0.08453306555747986
TNK2_RNA,0.08452218770980835
MCRS1_RNA,0.08450639247894287
CEP63_RNA,0.0844467505812645
OVGP1_RNA,0.08437764644622803
SCAMP4_RNA,0.08433970808982849
ZNF680_RNA,0.08432158827781677
PDE6D_RNA,0.08429072052240372
AIF1L_RNA,0.08426740765571594
ZNF550_RNA,0.08421434462070465
SNRK_RNA,0.08418717235326767
RPL36A_RNA,0.0841287150979042
SGCG_RNA,0.08410574495792389
MNAT1_RNA,0.08409454673528671
KCNIP3_RNA,0.08409199118614197
MTF2_RNA,0.08405791968107224
TMEM87A_RNA,0.08397872745990753
LYRM4_RNA,0.08397744596004486
CCDC86_RNA,0.08396144211292267
EXOSC7_RNA,0.08394455164670944
AIMP2_RNA,0.08392442017793655
DNASE1L2_RNA,0.08390391618013382
PYGO2_RNA,0.08380424231290817
RNF8_RNA,0.08380278199911118
IRX2_RNA,0.08377034962177277
UTP23_RNA,0.08371333032846451
ZNF219_RNA,0.08371146768331528
DNAJA3_RNA,0.08370823413133621
UBE2E1_RNA,0.083701983094215393
E4F1_RNA,0.08367994427680969
TSEN54_RNA,0.08358372002840042
ZNF223_RNA,0.08358313888311386
PCMT1_RNA,0.08355551958084106
COQ9_RNA,0.08354431390762329
RPS18_RNA,0.0835176408290863
RPRD1A_RNA,0.08346763998270035
DDX46_RNA,0.08345977216959
PROM2_RNA,0.08345643430948257
TMUB1_RNA,0.08344815671443939
HEPACAM2_RNA,0.083420030772686
IFRD1_RNA,0.08334849774837494
NR6A1_RNA,0.08329037576913834
ALKBH4_RNA,0.08327756077051163
UCP3_RNA,0.08324310183525085
ARMC7_RNA,0.08324139565229416
ZNF660_RNA,0.08319080621004105
SLC44A2_RNA,0.08313172310590744
KPNA5_RNA,0.08312638103961945
CDK5RAP2_RNA,0.08311673998832703
PLCG1_RNA,0.08310505747795105
STARD7_RNA,0.08303424715995789
ARL2BP_RNA,0.08301986753940582
RPLP1_RNA,0.08300526440143585
EIF3I_RNA,0.08300497382879257
EIF3G_RNA,0.08299994468688965
AP3D1_RNA,0.08293086290359497
DRD3_RNA,0.08291543275117874
RELA_RNA,0.08282976597547531
CNOT8_RNA,0.08282816410064697
RRAGB_RNA,0.08281126618385315
PSMG3_RNA,0.0827975794672966
PHOSPHO2_RNA,0.08278955519199371
GUF1_RNA,0.08273971825838089
GRB14_RNA,0.08273535966873169
EWSR1_RNA,0.08272611349821091
RCHY1_RNA,0.08269397914409637
IDH2_RNA,0.08268656581640244
HSF1_RNA,0.08267849683761597
CCT4_RNA,0.08263634890317917
ZNF138_RNA,0.08262035995721817
ZNF222_RNA,0.08258537203073502
PARP11_RNA,0.08256463706493378
MAF1_RNA,0.08256273716688156
EI24_RNA,0.08254208415746689
VAMP2_RNA,0.08253512531518936
FOXL2_RNA,0.0824732705950737
USP3_RNA,0.08245008438825607
VASH2_RNA,0.08240844309329987
SSU72_RNA,0.0824001282453537
PCDHA2_RNA,0.08238045871257782
DLGAP1_RNA,0.08236328512430191
SCAMP3_RNA,0.08235979825258255
GJC1_RNA,0.08235357701778412
SPAG16_RNA,0.08235237002372742
IQCC_RNA,0.0823516771197319
NRF1_RNA,0.08232073485851288
UCN_RNA,0.082266665995121
PIP4K2B_RNA,0.0822448879480362
SORBS3_RNA,0.08222793787717819
WDR12_RNA,0.0821908563375473
BEST4_RNA,0.08215301483869553
CRTC3_RNA,0.0821380764245987
GRPEL2_RNA,0.08211380243301392
MRPL37_RNA,0.08209323137998581
DKKL1_RNA,0.08206555992364883
MED26_RNA,0.08188654482364655
APBA3_RNA,0.08181577920913696
TMEM158_RNA,0.08180920034646988
NAB1_RNA,0.08177611976861954
ZNF235_RNA,0.08175884932279587
BAG5_RNA,0.08175317943096161
DNAJA1_RNA,0.08174969255924225
PGM1_RNA,0.0817408412694931
ATP6V1B1_RNA,0.08172335475683212
RCN2_RNA,0.08170679211616516
ZBTB22_RNA,0.08169716596603394
DUSP9_RNA,0.08167169988155365
RPAP1_RNA,0.08166883885860443
C1orf159_RNA,0.0816352441906929
ARL3_RNA,0.0816282331943512
PTBP2_RNA,0.08162130415439606
RPS29_RNA,0.08161599189043045
CELSR2_RNA,0.08151407539844513
GADD45A_RNA,0.081492118537426
EIF3F_RNA,0.08148959279060364
CPNE1_RNA,0.0814552903175354
VPS52_RNA,0.08140498399734497
HAUS3_RNA,0.08140307664871216
RTN4R_RNA,0.08135379105806351
AGER_RNA,0.08134135603904724
HIBCH_RNA,0.08127318322658539
S100PBP_RNA,0.08123249560594559
ZNF432_RNA,0.08122894167900085
PRR7_RNA,0.08121271431446075
C11orf68_RNA,0.08118442445993423
ZNF880_RNA,0.08117017149925232
POLR2C_RNA,0.08116525411605835
SEC61A2_RNA,0.08109970390796661
CCDC146_RNA,0.08108357340097427
PPP1R1B_RNA,0.08101838827133179
ATF7IP_RNA,0.08094803243875504
SARS2_RNA,0.08091655373573303
KIT_RNA,0.08083914965391159
PDCD5_RNA,0.08083087205886841
RBM6_RNA,0.08078908175230026
AFAP1L2_RNA,0.08076459169387817
CDK5RAP1_RNA,0.08075787127017975
MRPL28_RNA,0.08074136078357697
LEFTY1_RNA,0.08073880523443222
NARF_RNA,0.08069399744272232
COPZ1_RNA,0.0806717649102211
ZNF251_RNA,0.08065225929021835
OXCT1_RNA,0.08061472326517105
CDK8_RNA,0.08059948682785034
SLC35A4_RNA,0.0805937796831131
MRFAP1L1_RNA,0.08058929443359375
PAPOLA_RNA,0.0805433988571167
HSPA1B_RNA,0.08053336292505264
PAX3_RNA,0.08045730739831924
LYG1_RNA,0.08042390644550323
INO80B_RNA,0.08038577437400818
GORASP2_RNA,0.08037856221199036
PPP4R2_RNA,0.08036979287862778
COQ10A_RNA,0.08036860078573227
LY6G6C_RNA,0.0803469717502594
MCPH1_RNA,0.08030744642019272
CLDN5_RNA,0.08030595630407333
KCNH2_RNA,0.08030572533607483
TRUB2_RNA,0.08028670400381088
MRPS18A_RNA,0.08026010543107986
CCDC97_RNA,0.08025317639112473
VSTM2A_RNA,0.08021046966314316
HEPACAM_RNA,0.08020275086164474
PFAS_RNA,0.08018093556165695
GRPR_RNA,0.08017127215862274
CPSF3_RNA,0.08015354722738266
FAM110A_RNA,0.0801483616232872
ZDHHC17_RNA,0.08014620840549469
EFHC1_RNA,0.08014017343521118
SCRN3_RNA,0.08009635657072067
SATB2_RNA,0.08007023483514786
CHRAC1_RNA,0.08006394654512405
MIB1_RNA,0.08000005781650543
TBX1_RNA,0.07998692989349365
USP11_RNA,0.07997623085975647
NAP1L4_RNA,0.07994812726974487
MYOM2_RNA,0.07992413640022278
METTL5_RNA,0.07991969585418701
ZNHIT3_RNA,0.07991074025630951
SPTBN2_RNA,0.07989566773176193
HIRA_RNA,0.07988730818033218
TUBGCP3_RNA,0.07986309379339218
NOX3_RNA,0.0798480212688446
MRPS9_RNA,0.07981971651315689
BCCIP_RNA,0.07981410622596741
C6orf136_RNA,0.07979705929756165
E2F3_RNA,0.07966461032629013
ZNF589_RNA,0.07965466380119324
NPM1_RNA,0.0795411691069603
GART_RNA,0.0795401781797409
ZNF334_RNA,0.079525090754032135
NAP1L1_RNA,0.07947392016649246
YIPF7_RNA,0.07946997880935669
GLE1_RNA,0.07943660020828247
ZNF121_RNA,0.07940798252820969
THUMPD3_RNA,0.07937177270650864
HCG22_RNA,0.07935303449630737
FLRT3_RNA,0.07931089401245117
SLC6A2_RNA,0.07927674800157547
GTF3C2_RNA,0.07926935702562332
TJAP1_RNA,0.07923639565706253
FAM193A_RNA,0.07920414209365845
ZNF787_RNA,0.07920172065496445
GPATCH1_RNA,0.07915367931127548
RAP2A_RNA,0.07914981991052628
ZNF471_RNA,0.07913414388895035
ZNF721_RNA,0.0790848433971405
PPIG_RNA,0.07905908674001694
BCR_RNA,0.07901463657617569
BCL9_RNA,0.0789954736828804
UFC1_RNA,0.07897382229566574
TMEM47_RNA,0.07896963506937027
PEX10_RNA,0.07895836234092712
AP2B1_RNA,0.07890893518924713
AGRN_RNA,0.0788675993680954
ZNF577_RNA,0.07882902026176453
NGRN_RNA,0.07881199568510056
DMWD_RNA,0.07877778261899948
EIF4EBP1_RNA,0.07875711470842361
ADAMTS20_RNA,0.07875052839517593
RPL23A_RNA,0.07866673916578293
CHST14_RNA,0.07865586876869202
YIPF3_RNA,0.07864992320537567
TOB2_RNA,0.07860930263996124
CRIPT_RNA,0.0785849317908287
CIB2_RNA,0.07857046276330948
CCDC18_RNA,0.07856675982475281
MED29_RNA,0.0785396620631218
MIMT1_RNA,0.07852382212877274
PTK6_RNA,0.0785236805677414
GMFB_RNA,0.07849837839603424
SPEN_RNA,0.07835175842046738
ZNF684_RNA,0.07827869802713394
HEY2_RNA,0.07826432585716248
GPC1_RNA,0.07823671400547028
OXSM_RNA,0.07822342216968536
GRM6_RNA,0.07822025567293167
UQCRC1_RNA,0.07820907235145569
PPIL3_RNA,0.07820755988359451
ZBTB45_RNA,0.07819186896085739
BAZ1B_RNA,0.07818625122308731
CRKL_RNA,0.07814174890518188
SYNGAP1_RNA,0.07812248170375824
NHSL1_RNA,0.07807818055152893
SNHG11_RNA,0.07806681096553802
TRIM33_RNA,0.07803233712911606
ADAMTS3_RNA,0.07801073789596558
TOMM40_RNA,0.07800852507352829
TNRC18_RNA,0.07797566056251526
PLD5_RNA,0.07797244191169739
PALB2_RNA,0.0779544860124588
ACSBG2_RNA,0.07793527841567993
SLC25A44_RNA,0.0779334306716919
RSBN1L_RNA,0.07791365683078766
TXNDC2_RNA,0.07787936925888062
ACIN1_RNA,0.07787241786718369
TIMP3_RNA,0.07778997719287872
XIST_RNA,0.07778001576662064
SIN3A_RNA,0.07774133235216141
UBL3_RNA,0.07772110402584076
GLT8D1_RNA,0.07771573960781097
ATPAF1_RNA,0.07770060002803802
CD2BP2_RNA,0.07761723548173904
CRIP3_RNA,0.07753854244947433
ACTR3B_RNA,0.0775141790509224
RPL13_RNA,0.0775066614151001
TBCB_RNA,0.07746849954128265
CCDC43_RNA,0.07738026231527328
MRPS34_RNA,0.0773487538099289
SLC16A2_RNA,0.07728051394224167
POLR3F_RNA,0.07725511491298676
BMP2_RNA,0.07724429666996002
SLC35B2_RNA,0.0772247239947319
PCF11_RNA,0.07718794047832489
APPBP2_RNA,0.07713112980127335
SLC19A2_RNA,0.0770668163895607
GGPS1_RNA,0.07705865055322647
SMPD4_RNA,0.07700063288211823
PGRMC2_RNA,0.0769956111907959
MRPL52_RNA,0.07699170708656311
CIR1_RNA,0.07697484642267227
PLEKHF2_RNA,0.07696210592985153
NANP_RNA,0.07691289484500885
IPO7_RNA,0.07687882333993912
NCKAP1_RNA,0.07678436487913132
XPO7_RNA,0.07676962018013
LRRC59_RNA,0.076747827231884
C16orf92_RNA,0.07671619951725006
DCST2_RNA,0.07667697221040726
FKBP4_RNA,0.07665766775608063
PRRT4_RNA,0.07664339244365692
B3GALT1_RNA,0.07651578634977341
PIP5K1A_RNA,0.07650035619735718
ZNF500_RNA,0.07648422569036484
GATAD2A_RNA,0.07647695392370224
VPS28_RNA,0.07644592970609665
RPL26L1_RNA,0.07643739879131317
NDOR1_RNA,0.07637453824281693
ST7_RNA,0.07633818686008453
DMTF1_RNA,0.07632335275411606
RPL24_RNA,0.07630061358213425
GABARAPL2_RNA,0.07629288733005524
ZNF669_RNA,0.07621954381465912
PSPH_RNA,0.07621531933546066
STON1_RNA,0.0761987492442131
RPS28_RNA,0.0761655792593956
ZNF549_RNA,0.07614875584840775
ITPRIPL1_RNA,0.07608728855848312
CLUAP1_RNA,0.07607870548963547
UBL5_RNA,0.07604160904884338
TRAPPC9_RNA,0.0760297179222107
PRKRIP1_RNA,0.07601620256900787
RAB5A_RNA,0.07600396126508713
NUP205_RNA,0.07591396570205688
ARMCX4_RNA,0.0759127214550972
PHF5A_RNA,0.07587577402591705
GOLGA7_RNA,0.07586925476789474
CUTA_RNA,0.07585296034812927
GEN1_RNA,0.07582539319992065
POU3F1_RNA,0.075813427567482
ZNF804B_RNA,0.07580188661813736
FBXL7_RNA,0.07579467445611954
COX6A1_RNA,0.07575837522745132
C1QTNF5_RNA,0.07572730630636215
TFAP2B_RNA,0.07571307569742203
C17orf75_RNA,0.0756983757019043
DCUN1D5_RNA,0.07567545026540756
ATG9A_RNA,0.07566852867603302
LANCL2_RNA,0.07565638422966003
DGCR2_RNA,0.07563648372888565
ZNF774_RNA,0.07556015998125076
ZSWIM4_RNA,0.0755525752902031
C1orf131_RNA,0.07554018497467041
RAB6A_RNA,0.07551692426204681
AHCY_RNA,0.07550940662622452
TRIM27_RNA,0.07549978792667389
ACADM_RNA,0.07548697292804718
NUP37_RNA,0.07545378804206848
LSM10_RNA,0.0754270851612091
RNF214_RNA,0.07542122155427933
TOE1_RNA,0.07540278881788254
SF3A1_RNA,0.07539808750152588
CNBP_RNA,0.07531464844942093
PUM2_RNA,0.07531428337097168
NTN1_RNA,0.07531000673770905
GATA2_RNA,0.07528818398714066
ADO_RNA,0.07527609914541245
DDX59_RNA,0.07526877522468567
TTBK1_RNA,0.07526261359453201
XRCC5_RNA,0.07524655759334564
TULP3_RNA,0.07520192116498947
RBM12_RNA,0.0751928761601448
SENP7_RNA,0.07518526166677475
WASL_RNA,0.07517001032829285
TOP1_RNA,0.0751650333404541
RBMX2_RNA,0.07513859868049622
YKT6_RNA,0.0751383975148201
DYRK1B_RNA,0.07502803206443787
CNTROB_RNA,0.0749984085559845
SCAND1_RNA,0.0749981701374054
DYNC1LI2_RNA,0.07492507249116898
DCHS1_RNA,0.07491599768400192
PRMT6_RNA,0.07490701973438263
RPS3_RNA,0.07490672171115875
RHOT1_RNA,0.07488330453634262
SNORD69_RNA,0.07486138492822647
DPF3_RNA,0.07485882937908173
SYT17_RNA,0.07482986897230148
HSP90AB1_RNA,0.07481831312179565
BAP1_RNA,0.07480674982070923
ZNF513_RNA,0.07480490207672119
TOMM20_RNA,0.07477444410324097
FOXK2_RNA,0.07474159449338913
ATAD3B_RNA,0.0747167095541954
TNRC6C_RNA,0.07462891936302185
TM2D3_RNA,0.07457578927278519
NOLC1_RNA,0.07454606890678406
RAB4A_RNA,0.07450428605079651
EIF3M_RNA,0.07445808500051498
GNB1_RNA,0.07445068657398224
CDK10_RNA,0.07435987144708633
RNF25_RNA,0.0743597224354744
WDR48_RNA,0.07435783743858337
TSEN2_RNA,0.07428637146949768
ZNRF1_RNA,0.07426703721284866
SACS_RNA,0.07425682991743088
NCK1_RNA,0.07421299815177917
BNIP1_RNA,0.0741972029209137
DDB1_RNA,0.07418926060199738
KHDC1_RNA,0.07413079589605331
THG1L_RNA,0.0741075798869133
DPY19L3_RNA,0.07405036687850952
NEK1_RNA,0.07403858751058578
RPS6KL1_RNA,0.07401541620492935
PCDHB8_RNA,0.07401017844676971
CNTLN_RNA,0.07400618493556976
NUDCD1_RNA,0.07395410537719727
POF1B_RNA,0.07394346594810486
DHRS2_RNA,0.07390011101961136
MYH10_RNA,0.07389167696237564
NAP1L5_RNA,0.0738612711429596
POLR3K_RNA,0.07383253425359726
HNRNPH2_RNA,0.0738241896033287
UBA5_RNA,0.07380979508161545
GPX7_RNA,0.07379630953073502
EAPP_RNA,0.07378451526165009
DCTN6_RNA,0.07377968728542328
KCNB1_RNA,0.07377304881811142
UCKL1_RNA,0.07368618994951248
PPP6C_RNA,0.07366382330656052
GPATCH3_RNA,0.0735992044210434
WDR46_RNA,0.07357215881347656
SMCP_RNA,0.07355328649282455
DUSP15_RNA,0.0735359787940979
GIGYF1_RNA,0.07350710779428482
NUP62_RNA,0.07350102812051773
WDR59_RNA,0.07349199801683426
EXOC5_RNA,0.07341287285089493
ARL10_RNA,0.07341157644987106
HSP90AA1_RNA,0.07340853661298752
SPON1_RNA,0.07339237630367279
HAUS2_RNA,0.07338786125183105
KIF27_RNA,0.0733809843659401
ZNF292_RNA,0.07331971824169159
ERI1_RNA,0.07328172028064728
DUS4L_RNA,0.07327394932508469
PANK1_RNA,0.07327203452587128
BCL7C_RNA,0.07317128777503967
TRAF2_RNA,0.0731707364320755
GFRA3_RNA,0.07316533476114273
GNB2_RNA,0.07315969467163086
RNF187_RNA,0.0731491819024086
KLRG1_RNA,0.07313698530197144
GORAB_RNA,0.07313507795333862
HMGA1_RNA,0.07311485707759857
CAPN5_RNA,0.07308366149663925
PABPC1L_RNA,0.07308245450258255
ACAN_RNA,0.0730823501944542
MRPL23_RNA,0.07307913154363632
ADRA1D_RNA,0.07305894047021866
PROCA1_RNA,0.07305005192756653
NOS2_RNA,0.07301341742277145
STIM2_RNA,0.07300262898206711
TOP3A_RNA,0.07296735793352127
PAQR6_RNA,0.07294660061597824
NSMCE4A_RNA,0.07293131202459335
SPHK2_RNA,0.07290102541446686
RPS27_RNA,0.07287603616714478
NAA30_RNA,0.07287255674600601
TRIM62_RNA,0.0728607326745987
RPS8_RNA,0.07282672822475433
TEAD1_RNA,0.07281225919723511
SLTM_RNA,0.07277827709913254
P2RY1_RNA,0.07275983691215515
RAB40C_RNA,0.07274796813726425
PLLP_RNA,0.07273106276988983
EIF4H_RNA,0.07270935922861099
RAD23A_RNA,0.07270229607820511
SMARCC2_RNA,0.07269204407930374
AP3M1_RNA,0.0726635605096817
RPL14_RNA,0.07265867292881012
IFI27L1_RNA,0.07259262353181839
PEF1_RNA,0.07256761938333511
SEC63_RNA,0.07255353778600693
DEAF1_RNA,0.07249186933040619
TAF6_RNA,0.07248880714178085
ATF4_RNA,0.07247645407915115
RXRB_RNA,0.07243603467941284
EIF5A_RNA,0.07242836058139801
UBP1_RNA,0.07239890843629837
TMEM161B_RNA,0.07238423079252243
COX16_RNA,0.07237064838409424
ZNF425_RNA,0.07230043411254883
TMEM187_RNA,0.07229182869195938
TDRKH_RNA,0.07224436849355698
YPEL1_RNA,0.07224420458078384
RERE_RNA,0.0722414031624794
PLEKHG2_RNA,0.07224094122648239
SNW1_RNA,0.07219313085079193
SENP3_RNA,0.0721667930483818
DHX34_RNA,0.07213544845581055
GALR3_RNA,0.07210821658372879
YY1_RNA,0.07207237184047699
VSX1_RNA,0.07202550023794174
CBFB_RNA,0.07200014591217041
TCTE1_RNA,0.07199551165103912
CORO1C_RNA,0.07193810492753983
ZNF547_RNA,0.0718429684638977
FAM117A_RNA,0.07182507961988449
UTP18_RNA,0.07179731875658035
UBFD1_RNA,0.07177344709634781
NBN_RNA,0.07176639884710312
SNRNP35_RNA,0.0717431977391243
RBM28_RNA,0.0715779960155487
BARHL1_RNA,0.07154855877161026
TTYH2_RNA,0.07154372334480286
PPP2R1A_RNA,0.07153934985399246
RBM39_RNA,0.07150755822658539
SMAP1_RNA,0.07150183618068695
STAG1_RNA,0.07149150222539902
TCHP_RNA,0.07148857414722443
SLC25A29_RNA,0.07147769629955292
IFT80_RNA,0.07147721201181412
DNTTIP1_RNA,0.07145048677921295
SLC38A5_RNA,0.07142279297113419
TIMM9_RNA,0.07140067964792252
MIR10B_RNA,0.07134368270635605
SMG7_RNA,0.07134363055229187
SCNM1_RNA,0.07130702584981918
ENO1_RNA,0.0713035836815834
APOBEC3B_RNA,0.0712907612323761
GTPBP8_RNA,0.07128513604402542
YAF2_RNA,0.07125844061374664
ZNF426_RNA,0.07124204933643341
DDX42_RNA,0.07114879041910172
NFYB_RNA,0.07113108783960342
ZNF200_RNA,0.0711122378706932
TSEN34_RNA,0.07109899818897247
PTAR1_RNA,0.0710790604352951
CDC73_RNA,0.07107338309288025
SPCS1_RNA,0.07107264548540115
NOL10_RNA,0.07105797529220581
C9orf85_RNA,0.07105524092912674
SNRPD3_RNA,0.07100556045770645
KLK14_RNA,0.070980072021484375
LRRC14_RNA,0.07097818702459335
ADAM33_RNA,0.07096792757511139
CNRIP1_RNA,0.07094034552574158
TKTL1_RNA,0.07088595628738403
EPM2AIP1_RNA,0.07087667286396027
FOXRED1_RNA,0.07087626308202744
ARL13B_RNA,0.07085447013378143
VEGFA_RNA,0.07080353796482086
TRIM47_RNA,0.07077469676733017
SPPL3_RNA,0.07072672992944717
TMEM67_RNA,0.07070561498403549
LIN37_RNA,0.0706971287727356
CHCHD3_RNA,0.0706869512796402
OSR2_RNA,0.07059160619974136
ABHD10_RNA,0.0705183669924736
BUB3_RNA,0.07050832360982895
COQ5_RNA,0.07046079635620117
TRIM65_RNA,0.07045820355415344
ZNF784_RNA,0.07044003903865814
GNPDA2_RNA,0.07042434066534042
ABT1_RNA,0.07037036120891571
TTLL12_RNA,0.07026558369398117
PHACTR4_RNA,0.07024215906858444
POU3F4_RNA,0.070240020751953125
C1orf174_RNA,0.07023578882217407
TBRG4_RNA,0.07022430002689362
NFYC_RNA,0.07021389901638031
PACRGL_RNA,0.07019902765750885
SLC25A10_RNA,0.07018551975488663
TMEM68_RNA,0.07014209777116776
CDH4_RNA,0.07014041393995285
MTX1_RNA,0.07011885941028595
RC3H2_RNA,0.07010968774557114
OLA1_RNA,0.07009176164865494
RAB7A_RNA,0.07007922977209091
HOXD11_RNA,0.07003015279769897
DCPS_RNA,0.07002770900726318
ZW10_RNA,0.07002677768468857
DBR1_RNA,0.06999959796667099
ERBB3_RNA,0.06999848037958145
CRTC1_RNA,0.0699702650308609
ZKSCAN5_RNA,0.06994375586509705
FAM3C_RNA,0.06991232931613922
MED19_RNA,0.06989653408527374
INTS9_RNA,0.06988590210676193
RPL4_RNA,0.0698709487915039
NKX2-1_RNA,0.06984464079141617
DCLRE1A_RNA,0.06984104961156845
OLFM4_RNA,0.069827936589717865
ZNF773_RNA,0.06979355961084366
NAA40_RNA,0.06978248804807663
NXPH2_RNA,0.06977587938308716
CLCN6_RNA,0.069746233522892
PRAME_RNA,0.06970953941345215
TAF11_RNA,0.06963140517473221
PHF1_RNA,0.06962818652391434
HPDL_RNA,0.06957675516605377
SHC3_RNA,0.06957296282052994
BOLA1_RNA,0.0695582702755928
RBP3_RNA,0.06953459978103638
KCNN3_RNA,0.06948262453079224
EFCAB2_RNA,0.06944896280765533
ARMC1_RNA,0.06942862272262573
TRAF7_RNA,0.06941389292478561
PER1_RNA,0.06940411031246185
SNX3_RNA,0.06938870996236801
TNPO1_RNA,0.06936825811862946
NOP16_RNA,0.06933391839265823
SLCO6A1_RNA,0.06931663304567337
LRRC8D_RNA,0.06930366903543472
MAD2L1BP_RNA,0.06929461658000946
ATOH8_RNA,0.06929066777229309
ARL4D_RNA,0.06926793605089188
PARP16_RNA,0.06922677159309387
TCF7L2_RNA,0.06919156014919281
INO80C_RNA,0.06916362792253494
CBLN1_RNA,0.069159597158432
RHAG_RNA,0.06915725767612457
FKBPL_RNA,0.06914304941892624
DHX57_RNA,0.06913478672504425
ACSBG1_RNA,0.06912453472614288
RAC1_RNA,0.06911524385213852
SFRP5_RNA,0.06910581886768341
PTCD3_RNA,0.06906477361917496
TNKS_RNA,0.06904839724302292
PIGM_RNA,0.0689770057797432
DDA1_RNA,0.06895750015974045
NPTX1_RNA,0.06895219534635544
MRPL24_RNA,0.06891724467277527
PRPF31_RNA,0.06888070702552795
CHIC2_RNA,0.06887564808130264
YEATS2_RNA,0.06883982568979263
SEMA4B_RNA,0.06883661448955536
DGKI_RNA,0.06880045682191849
PSMD4_RNA,0.06879878789186478
MTA2_RNA,0.06877326965332031
KISS1_RNA,0.06871311366558075
TMEM160_RNA,0.06870701164007187
ADNP2_RNA,0.06865336745977402
SIPA1L3_RNA,0.0686202347278595
HDAC6_RNA,0.06856836378574371
ZNF134_RNA,0.06855600327253342
MLLT6_RNA,0.06851687282323837
PTMA_RNA,0.0685151070356369
KPNA3_RNA,0.06850143522024155
NUMA1_RNA,0.0684942677617073
KCNA2_RNA,0.0684855729341507
MTRF1_RNA,0.06839189678430557
SRP68_RNA,0.06838855147361755
ALG8_RNA,0.06837549060583115
NOP14_RNA,0.06837433576583862
PAAF1_RNA,0.06836389750242233
NUSAP1_RNA,0.06835338473320007
GOPC_RNA,0.06831660121679306
TLX3_RNA,0.06830987334251404
KLHDC4_RNA,0.06830785423517227
WRN_RNA,0.06830250471830368
COQ4_RNA,0.06829719245433807
SIVA1_RNA,0.06827490031719208
DNAJB2_RNA,0.06826204806566238
GPRC5B_RNA,0.06824056804180145
MYL6B_RNA,0.06822162866592407
PPM1L_RNA,0.06821784377098083
ISL1_RNA,0.06809642165899277
ABCA3_RNA,0.06807751953601837
MRPS10_RNA,0.06804715842008591
MAP2K7_RNA,0.06804464012384415
ATG4B_RNA,0.06802768260240555
NDUFB9_RNA,0.0680249035358429
KRAS_RNA,0.06800369173288345
ZFR_RNA,0.0679914653301239
TMEM25_RNA,0.06795664876699448
ROMO1_RNA,0.06792090833187103
TMEM54_RNA,0.06790311634540558
SYTL4_RNA,0.0678894966840744
USP48_RNA,0.06787381321191788
GNG12_RNA,0.06784336268901825
ZCCHC7_RNA,0.06782379746437073
SNTB1_RNA,0.06780871003866196
DLG5_RNA,0.06775929033756256
SHISA4_RNA,0.06774432957172394
ZNF737_RNA,0.06774430721998215
LRRC10B_RNA,0.06773870438337326
RPIA_RNA,0.0677214115858078
KDM3A_RNA,0.06762721389532089
ARID2_RNA,0.067596435546875
PPP1R14C_RNA,0.0675569474697113
QSER1_RNA,0.06754197925329208
NACA2_RNA,0.06753475219011307
ZNF770_RNA,0.06753382086753845
CCDC25_RNA,0.0674881562590599
LOC728743_RNA,0.06740259379148483
CIT_RNA,0.06738755106925964
HINT2_RNA,0.0673753023147583
N4BP2_RNA,0.06732716411352158
FAM168A_RNA,0.06730785965919495
PRPSAP1_RNA,0.0672587901353836
VPS16_RNA,0.0671788677573204
PDF_RNA,0.06717734783887863
FEM1A_RNA,0.06716763228178024
TAF1B_RNA,0.06714115291833878
KRBA2_RNA,0.06713360548019409
HSPA1L_RNA,0.0670979768037796
AP3B2_RNA,0.06709601730108261
GRHPR_RNA,0.06708788126707077
PHLDA1_RNA,0.06707601994276047
RNF11_RNA,0.06703830510377884
THAP1_RNA,0.06698788702487946
NDUFB11_RNA,0.06698618829250336
PLS1_RNA,0.06694530695676804
PLAC1_RNA,0.06691320985555649
UIMC1_RNA,0.06691311299800873
TIMM8B_RNA,0.06689082086086273
TMEM186_RNA,0.06688573211431503
CPSF4_RNA,0.06685632467269897
FUBP1_RNA,0.06684659421443939
LCE1D_RNA,0.06675999611616135
UBAP1_RNA,0.06675773859024048
METTL4_RNA,0.06672811508178711
KRIT1_RNA,0.06671901047229767
CACHD1_RNA,0.06666971743106842
POLR3B_RNA,0.06665059179067612
GTF3C6_RNA,0.06660475581884384
GIT1_RNA,0.06657867878675461
ZNF318_RNA,0.06650251150131226
ARHGEF4_RNA,0.06648629158735275
NR5A1_RNA,0.06648038327693939
IQCF1_RNA,0.06645156443119049
HOXA3_RNA,0.0664370059967041
TSSC4_RNA,0.06637779623270035
PSMB1_RNA,0.0663612112402916
RPS4X_RNA,0.06632521003484726
TARS2_RNA,0.06630884110927582
ZNF408_RNA,0.06626727432012558
ASH2L_RNA,0.06618066877126694
C17orf58_RNA,0.06613927334547043
ACADL_RNA,0.06606598198413849
UBE2G2_RNA,0.06604213267564774
SPATA2_RNA,0.06601189076900482
ABCF2_RNA,0.06598670780658722
RAD9B_RNA,0.06596822291612625
RYK_RNA,0.06596597284078598
MAGOHB_RNA,0.0659562423825264
PAN2_RNA,0.06593691557645798
UQCRH_RNA,0.06593424826860428
MED22_RNA,0.06592683494091034
RLF_RNA,0.06591653823852539
EFHD1_RNA,0.06591136008501053
GRAMD1C_RNA,0.06590597331523895
OGG1_RNA,0.06588512659072876
CGREF1_RNA,0.06586671620607376
ZNF416_RNA,0.06586620956659317
RANBP10_RNA,0.06584802269935608
ZNF623_RNA,0.06581138074398041
SRC_RNA,0.06573350727558136
POLR3E_RNA,0.06564037501811981
SECISBP2_RNA,0.06561002135276794
ZSCAN18_RNA,0.06560763716697693
PEX5_RNA,0.06560644507408142
FNBP4_RNA,0.06555712968111038
DMRT1_RNA,0.06555400788784027
PLD6_RNA,0.06553196907043457
ELMO2_RNA,0.0655137374997139
COMMD3_RNA,0.06547383219003677
LAS1L_RNA,0.06545998156070709
NAA50_RNA,0.06544514745473862
MSL2_RNA,0.06543248891830444
GLRA2_RNA,0.06541915237903595
ZNF507_RNA,0.06536820530891418
UBXN2B_RNA,0.06533680111169815
OVOL1_RNA,0.06529443711042404
PSKH1_RNA,0.0652901753783226
ZIM2_RNA,0.06528244912624359
CTNNBIP1_RNA,0.06525794416666031
TTC4_RNA,0.06517229229211807
SPIRE1_RNA,0.06514335423707962
MRPS23_RNA,0.06508687138557434
BRD9_RNA,0.06508150696754456
DAB2IP_RNA,0.06500987708568573
PDX1_RNA,0.06498141586780548
EPS15L1_RNA,0.06496809422969818
ZFP91_RNA,0.06495916098356247
RASGRP1_RNA,0.06495513767004013
CRYGA_RNA,0.06492992490530014
TUG1_RNA,0.06488075852394104
EIF2A_RNA,0.06486877799034119
NDUFB7_RNA,0.06485814601182938
PCSK4_RNA,0.06485727429389954
DGAT1_RNA,0.0648435726761818
THUMPD2_RNA,0.06484171003103256
BZW2_RNA,0.06481853127479553
INTS5_RNA,0.06479881703853607
GMEB2_RNA,0.06478913128376007
MORC2_RNA,0.06471817195415497
TSTD2_RNA,0.06471750885248184
LSM6_RNA,0.06471700221300125
SYNE2_RNA,0.06468727439641953
MRPS22_RNA,0.06456334888935089
OSGIN2_RNA,0.06456086784601212
CREB1_RNA,0.06451297551393509
LLGL1_RNA,0.06451045721769333
LMX1B_RNA,0.06447654217481613
FKBP3_RNA,0.06442717462778091
TBCCD1_RNA,0.06441351771354675
MED9_RNA,0.06440956890583038
CARD18_RNA,0.06437412649393082
BRF1_RNA,0.06436686962842941
CAMLG_RNA,0.06433911621570587
SH2B1_RNA,0.06431346386671066
MSX1_RNA,0.06428477168083191
NSDHL_RNA,0.06428304314613342
USP20_RNA,0.06427593529224396
GPN3_RNA,0.06425441801548004
G6PC3_RNA,0.06421924382448196
EXTL3_RNA,0.0642162561416626
ZFP64_RNA,0.06417880952358246
RCE1_RNA,0.06416811794042587
PDLIM5_RNA,0.0641639307141304
FOXN2_RNA,0.06415585428476334
GABPA_RNA,0.06414724886417389
ZNF616_RNA,0.06413891911506653
QRICH1_RNA,0.06413504481315613
MYH3_RNA,0.06411053240299225
TMED7_RNA,0.06408970057964325
ZNF462_RNA,0.06408148258924484
STK25_RNA,0.06405997276306152
MRPS27_RNA,0.06405184417963028
NUP43_RNA,0.06403166055679321
TRPT1_RNA,0.06394612789154053
KCTD19_RNA,0.06390046328306198
PLRG1_RNA,0.06387381255626678
PCDH8_RNA,0.06386879831552505
ATOH1_RNA,0.06386112421751022
MON1A_RNA,0.06383253633975983
GRK1_RNA,0.06382722407579422
ABHD14A_RNA,0.06381069123744965
ZNF517_RNA,0.06380773335695267
ARHGEF2_RNA,0.06377425044775009
MCCC2_RNA,0.06375277787446976
RPS15A_RNA,0.0636942908167839
MAPK8_RNA,0.06369206309318542
NOL7_RNA,0.06368996202945709
GTF2I_RNA,0.0636889785528183
KIFAP3_RNA,0.06368065625429153
RBM17_RNA,0.06364694237709045
PPP2R5E_RNA,0.06361337751150131
SHPK_RNA,0.06359435617923737
ZMYM3_RNA,0.0635935515165329
RBM7_RNA,0.06359273195266724
ARF5_RNA,0.06357656419277191
TGIF1_RNA,0.06353791058063507
DUSP16_RNA,0.06353286653757095
MORN5_RNA,0.06352683156728745
ILVBL_RNA,0.06352511048316956
MRPL46_RNA,0.06352461129426956
NXPH4_RNA,0.06352317333221436
DHX8_RNA,0.06350451707839966
TPP2_RNA,0.06349684298038483
WDR47_RNA,0.06349243968725204
DHX36_RNA,0.06348510831594467
AQR_RNA,0.0634792149066925
FLJ12825_RNA,0.0634523555636406
ELP3_RNA,0.06340810656547546
HEATR6_RNA,0.06334004551172256
GPKOW_RNA,0.06331369280815125
SMO_RNA,0.06322591751813889
ZNF57_RNA,0.06322495639324188
RRS1_RNA,0.06322239339351654
COASY_RNA,0.06318387389183044
PKN2_RNA,0.06316662579774857
CNGA3_RNA,0.06315066665410995
ARL9_RNA,0.06311220675706863
THNSL1_RNA,0.0631091445684433
CPNE3_RNA,0.06309579312801361
RPRD1B_RNA,0.06303166598081589
TMEM179_RNA,0.0630207508802414
CUL3_RNA,0.06300853937864304
GPR63_RNA,0.06298375874757767
ZNF182_RNA,0.06297028064727783
ARL6IP4_RNA,0.06294891238212585
FOXO3_RNA,0.06292145699262619
BZW1_RNA,0.06288628280162811
RARS2_RNA,0.0628298744559288
ZSCAN23_RNA,0.06278365105390549
EARS2_RNA,0.06277797371149063
SMARCE1_RNA,0.06277672201395035
ZNF786_RNA,0.06277640163898468
RPS6KB1_RNA,0.06276050209999084
LCLAT1_RNA,0.06272488087415695
WDR93_RNA,0.06271287798881531
YIF1A_RNA,0.06269664317369461
ERCC3_RNA,0.06269366294145584
PATE3_RNA,0.06269059330224991
ERCC8_RNA,0.06269051134586334
CHMP1A_RNA,0.06268951296806335
PDE8B_RNA,0.06265594810247421
POLR1B_RNA,0.06263886392116547
C18orf21_RNA,0.06260304898023605
PIK3R1_RNA,0.06256920099258423
MARK3_RNA,0.06253068894147873
GPR179_RNA,0.06247177720069885
TTC19_RNA,0.06245319917798042
DECR2_RNA,0.0624130554497242
TRMU_RNA,0.0623900443315506
OSBPL11_RNA,0.06237035244703293
NPAT_RNA,0.062339022755622864
WDR77_RNA,0.06231527030467987
CLK1_RNA,0.06230473145842552
TMEM80_RNA,0.06230320781469345
FBXO30_RNA,0.062288060784339905
SAMD11_RNA,0.062287379056215286
CREBBP_RNA,0.062230564653873444
DYNC1LI1_RNA,0.06221528351306915
ARFGAP1_RNA,0.062206320464611053
ERCC2_RNA,0.062183745205402374
MRPL18_RNA,0.06216384097933769
NXF1_RNA,0.062137190252542496
SLC36A4_RNA,0.062097370624542236
EXD3_RNA,0.062085263431072235
RPS25_RNA,0.06207498535513878
PTK2_RNA,0.06207148730754852
HSPA14_RNA,0.06205107644200325
RPL7L1_RNA,0.062043797224760056
MFGE8_RNA,0.06202274188399315
CARHSP1_RNA,0.06198273226618767
GLI4_RNA,0.06197597086429596
CSTF1_RNA,0.06193682923913002
FBXO42_RNA,0.06192230060696602
B3GALNT1_RNA,0.06190778687596321
RPRD2_RNA,0.061890073120594025
PTPRF_RNA,0.061857473105192184
CCDC88A_RNA,0.06181526184082031
FEM1B_RNA,0.061804309487342834
INHA_RNA,0.06178581342101097
SH2D7_RNA,0.06172730401158333
SLC41A3_RNA,0.06169580668210983
KLHL8_RNA,0.061689816415309906
MAGI2_RNA,0.061688132584095
FITM1_RNA,0.06167272478342056
SAP30BP_RNA,0.061601489782333374
ESD_RNA,0.06158445030450821
SHARPIN_RNA,0.06157588213682175
COX8A_RNA,0.06157446652650833
JRKL_RNA,0.061555586755275726
MXI1_RNA,0.06155506521463394
BCAR1_RNA,0.06154995411634445
DNTTIP2_RNA,0.061549946665763855
USP29_RNA,0.061540260910987854
GSDMB_RNA,0.06149062514305115
YTHDF1_RNA,0.061452511698007584
TRAFD1_RNA,0.06136717647314072
TESK1_RNA,0.061363764107227325
RIT2_RNA,0.06128368154168129
CCDC47_RNA,0.061280328780412674
SCRT1_RNA,0.061240315437316895
NGLY1_RNA,0.06122548505663872
CAMSAP1_RNA,0.06122499704360962
PDCL2_RNA,0.06120625138282776
ZNF764_RNA,0.06119456887245178
SEC23B_RNA,0.06115645915269852
PLSCR4_RNA,0.06114800646901131
PIGX_RNA,0.06113380193710327
C12orf60_RNA,0.06112736091017723
POLDIP2_RNA,0.061067353934049606
NUP155_RNA,0.06104661896824837
TJP1_RNA,0.06102265790104866
UTP6_RNA,0.06093789264559746
LGR5_RNA,0.06092026084661484
GRHL1_RNA,0.06091481074690819
RBBP7_RNA,0.060910243541002274
RBBP5_RNA,0.0608605220913887
FAIM_RNA,0.06085918843746185
TMEM11_RNA,0.060784611850976944
C2orf76_RNA,0.060783591121435165
AAMP_RNA,0.0607769601047039
ISOC1_RNA,0.06076633185148239
ZNF689_RNA,0.060740720480680466
SLC35A1_RNA,0.06070423498749733
ZFP41_RNA,0.06068805605173111
B4GALNT1_RNA,0.060664545744657516
BSDC1_RNA,0.06066008657217026
ENY2_RNA,0.06065337359905243
PON2_RNA,0.060645487159490585
SNAP47_RNA,0.06063279137015343
SUCLG1_RNA,0.0606161430478096
CYB5D1_RNA,0.06060337275266647
SPATA17_RNA,0.06058914586901665
SH3BP5L_RNA,0.06057502329349518
GCM2_RNA,0.0605696365237236
TSR1_RNA,0.06047728285193443
RAB2A_RNA,0.060476742684841156
PCID2_RNA,0.06043397635221481
KCNJ4_RNA,0.06035599857568741
PRLHR_RNA,0.06032292917370796
KRR1_RNA,0.060305193066596985
CSDC2_RNA,0.0602908618748188
SAMD4B_RNA,0.06027675420045853
RIOK2_RNA,0.060219623148441315
SETBP1_RNA,0.06017698347568512
SSBP4_RNA,0.060152892023324966
ZNF397_RNA,0.06010662764310837
ZNF225_RNA,0.060079243034124374
AR_RNA,0.060072921216487885
MOCS2_RNA,0.060056693851947784
FAM111A_RNA,0.060049619525671005
IPO11_RNA,0.059993699193000793
HSPA13_RNA,0.05998489633202553
RAB10_RNA,0.05996639281511307
UBA52_RNA,0.05995440483093262
NSL1_RNA,0.059946008026599884
FASN_RNA,0.05993599817156792
REM2_RNA,0.059893179684877396
ZZZ3_RNA,0.059848934412002563
ZNF772_RNA,0.05980539694428444
SPATA3_RNA,0.0598033145070076
RHOBTB3_RNA,0.059801049530506134
TFG_RNA,0.0597989447414875
MRPL39_RNA,0.05976118892431259
CAND1_RNA,0.05974522605538368
CNTD1_RNA,0.059704847633838654
MTFR1_RNA,0.05967387929558754
INA_RNA,0.059669096022844315
SOS1_RNA,0.059587132185697556
ZIC3_RNA,0.05955411121249199
RNF180_RNA,0.05955315753817558
ERI3_RNA,0.05952012166380882
IFT88_RNA,0.05950987711548805
ARMCX3_RNA,0.059474166482686996
STAU1_RNA,0.05946052819490433
MRM1_RNA,0.059445664286613464
CS_RNA,0.0594063401222229
YTHDF2_RNA,0.05940242111682892
COPS6_RNA,0.059358350932598114
GOLPH3_RNA,0.05933324620127678
TMEM69_RNA,0.05933301895856857
FARP1_RNA,0.05930033698678017
ZCCHC17_RNA,0.05929495394229889
CA6_RNA,0.059259917587041855
COPS8_RNA,0.05925891548395157
ZNF454_RNA,0.059220992028713226
FAM118B_RNA,0.0592125728726387
MRPL1_RNA,0.05919260159134865
NBR2_RNA,0.059142693877220154
BRD4_RNA,0.05913681164383888
MLC1_RNA,0.059126801788806915
COG2_RNA,0.05911344289779663
FLOT2_RNA,0.059027764946222305
CD101_RNA,0.05901506915688515
BAHCC1_RNA,0.05894599109888077
WDR70_RNA,0.05880805850028992
SDHD_RNA,0.058774374425411224
KDM1B_RNA,0.058740515261888504
C2orf69_RNA,0.058706074953079224
TBC1D22B_RNA,0.05870002880692482
MTHFSD_RNA,0.05868978798389435
SCAMP1_RNA,0.05865120515227318
AZIN1_RNA,0.058637768030166626
BBOX1_RNA,0.05862796679139137
TLE1_RNA,0.05861993879079819
ZNF446_RNA,0.05858508124947548
CCR10_RNA,0.05857517942786217
ZMYND10_RNA,0.0585581511259079
C19orf53_RNA,0.058516647666692734
FAM120B_RNA,0.05850466713309288
ACYP2_RNA,0.05846024677157402
RPS11_RNA,0.058455586433410645
MRPS11_RNA,0.05845413729548454
GYG2_RNA,0.05843070521950722
RPLP2_RNA,0.05839170888066292
SETD2_RNA,0.05836779996752739
MFSD2A_RNA,0.05833495780825615
PUM1_RNA,0.05830911919474602
EIF4ENIF1_RNA,0.058258239179849625
CA5B_RNA,0.05824834480881691
IQGAP2_RNA,0.05824043229222298
CEACAM19_RNA,0.05822344124317169
TMCC1_RNA,0.05816870555281639
PAIP2_RNA,0.05816013365983963
GDAP1_RNA,0.058095116168260574
DCLK1_RNA,0.05807353928685188
METTL13_RNA,0.058065496385097504
REG1A_RNA,0.058027513325214386
RPL19_RNA,0.058016154915094376
BMPR1B_RNA,0.05800631642341614
JTB_RNA,0.05800629407167435
NETO1_RNA,0.05795326456427574
ZNF570_RNA,0.05794857069849968
GTF3C3_RNA,0.05793024227023125
SUDS3_RNA,0.057929933071136475
EIF2B4_RNA,0.05791093409061432
C9orf163_RNA,0.05789411440491676
ZNF488_RNA,0.05789380893111229
LSG1_RNA,0.05788314342498779
KRBA1_RNA,0.057854559272527695
ADCY1_RNA,0.0578216128051281
AKT1_RNA,0.057816728949546814
TBC1D17_RNA,0.05781620740890503
PRPH_RNA,0.057800985872745514
SAV1_RNA,0.05777963250875473
ZC3H3_RNA,0.057777054607868195
PELI2_RNA,0.05774122476577759
CDKN2AIPNL_RNA,0.05773415043950081
TAF2_RNA,0.057721834629774094
CDH2_RNA,0.05771978944540024
BPHL_RNA,0.05771809071302414
RWDD1_RNA,0.057684943079948425
SYNPO2L_RNA,0.05767975375056267
BRAP_RNA,0.05767833814024925
ZNF45_RNA,0.05766914039850235
HADH_RNA,0.05763870105147362
MAST2_RNA,0.05761459097266197
GRIN2D_RNA,0.05761439725756645
MDM1_RNA,0.05760107561945915
BRDT_RNA,0.057595230638980865
KCTD1_RNA,0.05755431950092316
BCKDHB_RNA,0.05751912668347359
DDX28_RNA,0.05750633031129837
ZNF2_RNA,0.05750594660639763
POM121C_RNA,0.057467032223939896
NTM_RNA,0.05744706839323044
STXBP3_RNA,0.05741044506430626
ZNHIT2_RNA,0.05740636959671974
YY1AP1_RNA,0.05740547552704811
TTC14_RNA,0.05737931653857231
ZNF878_RNA,0.05736876651644707
PRCP_RNA,0.05736850947141647
ZNF534_RNA,0.05735662207007408
UBLCP1_RNA,0.05735491216182709
C14orf178_RNA,0.057347409427165985
XRCC4_RNA,0.05730293318629265
FGF11_RNA,0.057279352098703384
PDHA1_RNA,0.05724703520536423
AK1_RNA,0.05717494711279869
RNASEH1_RNA,0.05717073008418083
TTC13_RNA,0.05717041343450546
GSK3B_RNA,0.05706576630473137
GNAZ_RNA,0.05704101547598839
NDUFAF4_RNA,0.05701683834195137
TBC1D10B_RNA,0.05700679495930672
PKIB_RNA,0.05696376785635948
RFPL4B_RNA,0.05695308372378349
POLR3G_RNA,0.056906554847955704
SLC25A4_RNA,0.05688774958252907
TOR1AIP1_RNA,0.056884534657001495
SPTLC1_RNA,0.056832633912563324
WWOX_RNA,0.056794121861457825
TRERF1_RNA,0.05679178237915039
CCAR1_RNA,0.0567876435816288
FBXW2_RNA,0.05678257718682289
DHTKD1_RNA,0.05676042661070824
TNPO3_RNA,0.05672212690114975
RAD17_RNA,0.0567195899784565
RPL38_RNA,0.05666624382138252
PCDHA11_RNA,0.05666232109069824
NUDT15_RNA,0.05664936080574989
ATP1B2_RNA,0.05664118379354477
CENPP_RNA,0.056585099548101425
FAF1_RNA,0.05656369775533676
DPM1_RNA,0.056561414152383804
LSM1_RNA,0.056520383805036545
RPL6_RNA,0.05650018900632858
ZNF239_RNA,0.05646933615207672
CUL4A_RNA,0.056426823139190674
NMD3_RNA,0.056378480046987534
SF3B1_RNA,0.05635572597384453
TBCEL_RNA,0.0563228465616703
NSMCE1_RNA,0.056305184960365295
STK39_RNA,0.056234948337078094
TFCP2_RNA,0.05623006448149681
ARFIP2_RNA,0.05621832236647606
NCAM2_RNA,0.056189991533756256
MTMR2_RNA,0.05617149546742439
DAGLA_RNA,0.05615229159593582
RPL35A_RNA,0.0561082623898983
COX6B1_RNA,0.05606947839260101
SLC10A4_RNA,0.05605628713965416
EPO_RNA,0.05604177713394165
GLRB_RNA,0.056024644523859024
ZNF155_RNA,0.05600634589791298
ALDH1B1_RNA,0.05599462240934372
CNOT4_RNA,0.055982187390327454
HPGD_RNA,0.05594617500901222
NIP7_RNA,0.05594000592827797
SDHC_RNA,0.05591709911823273
SCLT1_RNA,0.05588262528181076
COPS3_RNA,0.05587548762559891
ALDH6A1_RNA,0.05582462251186371
HAUS7_RNA,0.05582446977496147
AMIGO1_RNA,0.05579927936196327
SUCLA2_RNA,0.05579718202352524
TSSK6_RNA,0.05577657371759415
RND1_RNA,0.055774129927158356
ZC3H14_RNA,0.05571523308753967
ZC3H13_RNA,0.05570998787879944
DPYSL3_RNA,0.055709630250930786
CNR1_RNA,0.055694762617349625
C1orf210_RNA,0.05567321553826332
GPR137_RNA,0.05565880611538887
GAN_RNA,0.055655576288700104
ZNF667_RNA,0.055645156651735306
ARPP19_RNA,0.05564473569393158
OPCML_RNA,0.055631667375564575
CRB3_RNA,0.055591315031051636
FOXE3_RNA,0.055554360151290894
CYP2U1_RNA,0.055547088384628296
KIAA1191_RNA,0.055543482303619385
WDR24_RNA,0.055531151592731476
MTX3_RNA,0.055530231446027756
ZMIZ2_RNA,0.05552057921886444
SPATA2L_RNA,0.055516697466373444
NAA15_RNA,0.055515456944704056
FKTN_RNA,0.055510014295578
CHRNA5_RNA,0.05548730492591858
MRPS18B_RNA,0.05548280104994774
CCDC120_RNA,0.05547529458999634
PIBF1_RNA,0.055474527180194855
PKNOX1_RNA,0.055446721613407135
MAPKAPK5_RNA,0.05541061982512474
CTBP2_RNA,0.05540105700492859
TMEM134_RNA,0.05533229187130928
IQCE_RNA,0.05531339347362518
THOC2_RNA,0.055311549454927444
REXO1_RNA,0.05527031421661377
ZSWIM1_RNA,0.05524469166994095
FN3KRP_RNA,0.05514209717512131
NRL_RNA,0.055137790739536285
C15orf40_RNA,0.055112242698669434
FASTKD3_RNA,0.05510151758790016
ZBTB47_RNA,0.055088430643081665
TMED1_RNA,0.05507969856262207
LZTFL1_RNA,0.055051811039447784
PSMB2_RNA,0.05498647689819336
DR1_RNA,0.05493491515517235
POP5_RNA,0.05492483451962471
KIF9_RNA,0.054917093366384506
NF1_RNA,0.05491556227207184
FRG1_RNA,0.054825056344270706
ZNF763_RNA,0.05475577339529991
DIS3_RNA,0.05473179742693901
NR2F6_RNA,0.05472555384039879
DNAI2_RNA,0.054721273481845856
AARSD1_RNA,0.05471603199839592
DNMT3A_RNA,0.05469732731580734
CTBP1_RNA,0.054687343537807465
PSMD14_RNA,0.05468413606286049
AQP5_RNA,0.0546780489385128
KLHL31_RNA,0.05467083677649498
PATE1_RNA,0.05466936528682709
DCUN1D4_RNA,0.054650042206048965
OXSR1_RNA,0.05457397922873497
TDRD12_RNA,0.05452163517475128
SP3_RNA,0.05451599881052971
RPS14_RNA,0.0545143261551857
IMP3_RNA,0.054512567818164825
SLC26A11_RNA,0.05450327321887016
POLR3C_RNA,0.054434020072221756
SIAH2_RNA,0.05442221835255623
SCAF1_RNA,0.05440002307295799
TRMT61B_RNA,0.05439482256770134
RAB6B_RNA,0.05439210683107376
CD82_RNA,0.05439026281237602
CRNKL1_RNA,0.05433542653918266
MRPL30_RNA,0.05431900545954704
GDF11_RNA,0.054292645305395126
STX16_RNA,0.05427505075931549
RPF2_RNA,0.05425778031349182
BARHL2_RNA,0.0542563758790493
DPY30_RNA,0.054254062473773956
TNFAIP1_RNA,0.05424890294671059
DHX16_RNA,0.054246772080659866
CCNT2_RNA,0.054223380982875824
ZNF415_RNA,0.05420246720314026
IL13_RNA,0.05419168248772621
PPIL4_RNA,0.05418534204363823
COPS5_RNA,0.05414776876568794
SLC22A12_RNA,0.05406841263175011
EIF1AD_RNA,0.05406017228960991
BRPF3_RNA,0.05404576286673546
TUBG2_RNA,0.054003797471523285
PAQR9_RNA,0.05399749428033829
RHOT2_RNA,0.053982414305210114
HS2ST1_RNA,0.05394820123910904
CASP8AP2_RNA,0.053946398198604584
FAM163B_RNA,0.05394042655825615
MRPS5_RNA,0.05389760807156563
SPAG9_RNA,0.053883153945207596
CHD2_RNA,0.053879670798778534
GEMIN8_RNA,0.053878165781497955
TXNDC12_RNA,0.05386018380522728
UBE2G1_RNA,0.05384982377290726
HINT3_RNA,0.05382169783115387
ANKRD13C_RNA,0.053733717650175095
ADD1_RNA,0.05371788889169693
UNC45A_RNA,0.05361462011933327
HMX2_RNA,0.05360325053334236
LTBP4_RNA,0.053594544529914856
FBXL3_RNA,0.05356445908546448
KATNB1_RNA,0.05354372039437294
STX1B_RNA,0.05351465567946434
NBR1_RNA,0.05348563939332962
SNAPC1_RNA,0.05347224324941635
PTK7_RNA,0.053460441529750824
MAPK6_RNA,0.053437042981386185
NSUN7_RNA,0.05340173467993736
ZIC1_RNA,0.05340135842561722
APPL1_RNA,0.053387533873319626
SRBD1_RNA,0.05336867272853851
C12orf75_RNA,0.05336776748299599
KRTCAP2_RNA,0.053345415741205215
NDUFC2_RNA,0.05327902361750603
RNF167_RNA,0.0532616525888443
ANP32D_RNA,0.05324432998895645
CPLX2_RNA,0.053212720900774
PNPLA8_RNA,0.05318489298224449
ZNF782_RNA,0.05317293480038643
LRRC23_RNA,0.05313621833920479
BRPF1_RNA,0.05310586094856262
MARK4_RNA,0.05304970592260361
FAU_RNA,0.05304724723100662
DCAF17_RNA,0.053034402430057526
ELMOD2_RNA,0.052969444543123245
FBXW11_RNA,0.052968718111515045
TSPAN10_RNA,0.05293303728103638
TMUB2_RNA,0.05288921669125557
ZBTB43_RNA,0.05286312848329544
SATB1_RNA,0.052853845059871674
B4GALT3_RNA,0.05283606797456741
FGF9_RNA,0.05283098295331001
ZNF879_RNA,0.05282564088702202
TDG_RNA,0.052822045981884
TTC5_RNA,0.052812010049819946
FOXA3_RNA,0.052811410278081894
LRP8_RNA,0.052784573286771774
LYPLA1_RNA,0.05277543142437935
NCSTN_RNA,0.05274534970521927
ZNF256_RNA,0.05272681266069412
ATF2_RNA,0.05271647498011589
CAPN10_RNA,0.05271141976118088
COX8C_RNA,0.05270484462380409
MCCC1_RNA,0.052674103528261185
PCDHA6_RNA,0.05262816324830055
LMF1_RNA,0.052617743611335754
MCAT_RNA,0.0526118166744709
NR1H4_RNA,0.052560530602931976
SFTA2_RNA,0.05255389213562012
RRP1_RNA,0.052530255168676376
TAL2_RNA,0.05250471830368042
MRPL2_RNA,0.052488911896944046
ABHD13_RNA,0.052467379719018936
NME2_RNA,0.05246139317750931
CCDC160_RNA,0.052424926310777664
GTF2A1_RNA,0.05241239443421364
RBM5_RNA,0.0523788221180439
SLC25A17_RNA,0.0523594506084919
CSNK1G3_RNA,0.05234446004033089
SYN3_RNA,0.0523378886282444
IP6K1_RNA,0.05232842266559601
HDAC1_RNA,0.05232660844922066
TRIP10_RNA,0.0523100420832634
TRIO_RNA,0.0523025244474411
TSIX_RNA,0.05227729305624962
CAD_RNA,0.05227529630064964
DOHH_RNA,0.05227164551615715
GGT7_RNA,0.05226593092083931
HERPUD2_RNA,0.05224990472197533
SUGT1_RNA,0.05224788188934326
USF1_RNA,0.05222621187567711
SLC9A3_RNA,0.05220295116305351
RFX1_RNA,0.05217815935611725
IMMP1L_RNA,0.05214807763695717
ARIH2_RNA,0.052118249237537384
ZNF141_RNA,0.052100006490945816
UBAC1_RNA,0.052079182118177414
FARS2_RNA,0.05206312611699104
PI4KB_RNA,0.05204613134264946
CPLX1_RNA,0.0520043820142746
ARPC5L_RNA,0.05200051888823509
GLYR1_RNA,0.05196022987365723
TPR_RNA,0.05194297805428505
CYTL1_RNA,0.05193982645869255
C5_RNA,0.05192985758185387
GPS2_RNA,0.051845576614141464
NUTF2_RNA,0.051838282495737076
USP13_RNA,0.05183819681406021
ZC3H4_RNA,0.051828403025865555
RAB2B_RNA,0.05174829065799713
XRCC6_RNA,0.051741741597652435
RPS7_RNA,0.05169215053319931
ANKRD37_RNA,0.05166245251893997
ZMAT2_RNA,0.051637303084135056
SNORD124_RNA,0.05161420628428459
ZNF195_RNA,0.051596347242593765
C6orf89_RNA,0.051589272916316986
EVX1_RNA,0.051569320261478424
ZNF32_RNA,0.05156400054693222
CRTC2_RNA,0.05156169459223747
CCDC121_RNA,0.051546163856983185
TSHR_RNA,0.05150909349322319
CNOT6_RNA,0.05148843675851822
SNAP91_RNA,0.05145967751741409
CPA2_RNA,0.051432494074106216
VHLL_RNA,0.05136074125766754
MRPL54_RNA,0.05135752633213997
GFOD2_RNA,0.05135733634233475
ALKBH8_RNA,0.05134851485490799
HSD17B13_RNA,0.05133259668946266
FLYWCH2_RNA,0.05123196542263031
HSPA9_RNA,0.05122562497854233
STK40_RNA,0.051174670457839966
WIPI2_RNA,0.05116691812872887
PGM3_RNA,0.05113601312041283
SUSD5_RNA,0.05112692713737488
NUP88_RNA,0.051112085580825806
RNMT_RNA,0.05111060291528702
RFNG_RNA,0.05111059918999672
C1QTNF3_RNA,0.05109897628426552
SCN4A_RNA,0.05109596252441406
NDUFV1_RNA,0.051088713109493256
RPL15_RNA,0.05108577758073807
GPR45_RNA,0.05108289793133736
ZNF398_RNA,0.051057007163763046
KDM3B_RNA,0.05105596035718918
TP53BP2_RNA,0.051004696637392044
DLGAP4_RNA,0.05098899081349373
SP9_RNA,0.050957076251506805
MED28_RNA,0.050952404737472534
MORF4L2_RNA,0.050949785858392715
GLRA3_RNA,0.0509454682469368
HOPX_RNA,0.05093696713447571
MECR_RNA,0.05083056166768074
ZKSCAN4_RNA,0.050773680210113525
COMMD7_RNA,0.05075692757964134
REC8_RNA,0.05073176696896553
RNASEH2A_RNA,0.05067361891269684
ZNF837_RNA,0.05066794902086258
FIBP_RNA,0.050651371479034424
ZNF581_RNA,0.05058246850967407
USP7_RNA,0.05056469887495041
ARHGEF6_RNA,0.05055468529462814
CCDC126_RNA,0.0505034364759922
POLR2H_RNA,0.050492286682128906
LTV1_RNA,0.05048977583646774
KLHL12_RNA,0.05048954114317894
LGALS4_RNA,0.0504780150949955
KDM4A_RNA,0.05046970024704933
TANC1_RNA,0.05046680197119713
MED21_RNA,0.05044703185558319
SMNDC1_RNA,0.05040813982486725
PPP2R3C_RNA,0.05033814162015915
SUMO1_RNA,0.05031512305140495
DHX37_RNA,0.050294358283281326
LARP1B_RNA,0.0502624474465847
RPL10_RNA,0.050254642963409424
SPRED2_RNA,0.05017632246017456
ST8SIA2_RNA,0.0500970259308815
BTN3A2_RNA,0.0500880628824234
CACNB1_RNA,0.05008460953831673
CD300LG_RNA,0.05008405074477196
CC2D2A_RNA,0.05006831884384155
CRYBB2_RNA,0.05002538859844208
TMEM38B_RNA,0.050012197345495224
CAPN7_RNA,0.050005409866571426
EIF6_RNA,0.04998014494776726
RBMXL1_RNA,0.049968987703323364
TRIM2_RNA,0.04996481537818909
FBXO28_RNA,0.04994242265820503
GCNT2_RNA,0.049941837787628174
GOLGA8B_RNA,0.04993853718042374
ZHX1_RNA,0.04993342608213425
NDUFB10_RNA,0.04991932213306427
EDN2_RNA,0.0498880073428154
NMBR_RNA,0.04988236352801323
TRIT1_RNA,0.04988089203834534
BBS4_RNA,0.04987715557217598
LPL_RNA,0.049873363226652145
FOXO1_RNA,0.049807481467723846
SLC25A42_RNA,0.04973877966403961
UQCRFS1_RNA,0.0497049055993557
C3orf38_RNA,0.049697957932949066
C15orf32_RNA,0.04966462776064873
FGF3_RNA,0.04965478181838989
C2orf66_RNA,0.04964139312505722
SKI_RNA,0.04963262379169464
DDX41_RNA,0.04962165281176567
ZFP82_RNA,0.04960920661687851
OR2H1_RNA,0.049599792808294296
IGHMBP2_RNA,0.04958900064229965
TRAPPC4_RNA,0.049580756574869156
HDX_RNA,0.04957113787531853
REPS1_RNA,0.04952538013458252
KCNH4_RNA,0.04952234402298927
STARD6_RNA,0.049515701830387115
WDR19_RNA,0.04950261488556862
GTPBP10_RNA,0.04946713149547577
EFCAB5_RNA,0.049456238746643066
SLC25A38_RNA,0.04945482313632965
USP47_RNA,0.04945278912782669
TMEM129_RNA,0.04944395646452904
AKT2_RNA,0.049432650208473206
COQ7_RNA,0.049422603100538254
NFXL1_RNA,0.04934047907590866
RALGDS_RNA,0.04929887503385544
TGFBRAP1_RNA,0.049276404082775116
SCRG1_RNA,0.04927520826458931
SBDS_RNA,0.04927176237106323
B4GALT5_RNA,0.04926232993602753
PTGES2_RNA,0.04925144091248512
SLC18A3_RNA,0.049249861389398575
STX5_RNA,0.0492410734295845
COX11_RNA,0.049238815903663635
AMMECR1_RNA,0.04920750483870506
DCP1A_RNA,0.04918943718075752
RNF144A_RNA,0.04917878657579422
PXMP4_RNA,0.049165576696395874
UBXN6_RNA,0.049164753407239914
XPR1_RNA,0.049156587570905685
MIOS_RNA,0.049144383519887924
PSMB3_RNA,0.049138106405735016
TMEM147_RNA,0.04911826178431511
OTUB1_RNA,0.04911182075738907
METTL14_RNA,0.049030717462301254
TSNAXIP1_RNA,0.049028925597667694
RAB5B_RNA,0.04900108277797699
USP19_RNA,0.048967741429805756
NOL8_RNA,0.0489412359893322
DYNC2LI1_RNA,0.04891883581876755
PNRC2_RNA,0.0489182248711586
ITLN2_RNA,0.04877439886331558
ZBTB41_RNA,0.048747818917036057
TTC21B_RNA,0.048739343881607056
STAT5B_RNA,0.04872240126132965
ZMYND11_RNA,0.048705074936151505
TAF12_RNA,0.048673857003450394
CCDC93_RNA,0.04866686835885048
TNIK_RNA,0.048665955662727356
CRHR1_RNA,0.04861389845609665
MSTO1_RNA,0.048613809049129486
UGT2B7_RNA,0.04861065000295639
ZNF143_RNA,0.04860825091600418
RUNDC1_RNA,0.04860231652855873
SENP2_RNA,0.048599064350128174
UNCX_RNA,0.04851168766617775
CC2D1A_RNA,0.04843936488032341
TMX2_RNA,0.0484345518052578
CRYZ_RNA,0.04841868206858635
PLCE1_RNA,0.04837257042527199
SCCPDH_RNA,0.04835314303636551
EIF3E_RNA,0.048320721834897995
CDK19_RNA,0.04831968992948532
ZCCHC4_RNA,0.04828362166881561
ZNF706_RNA,0.04823024198412895
AHSG_RNA,0.04819893464446068
EIF1B_RNA,0.04818372055888176
KLHL22_RNA,0.0481489934027195
LYPD6_RNA,0.04814702644944191
NDFIP2_RNA,0.048124369233846664
TIMM10_RNA,0.04812340810894966
DACT3_RNA,0.04810312017798424
CFL1_RNA,0.04810294881463051
CRLS1_RNA,0.04809510335326195
AMZ2_RNA,0.04809097945690155
PRKAB2_RNA,0.048090141266584396
LYRM1_RNA,0.048062387853860855
DNAJC7_RNA,0.04805117845535278
S1PR2_RNA,0.04803700000047684
SCLY_RNA,0.0480361171066761
PRICKLE4_RNA,0.048024363815784454
INTS1_RNA,0.04800686612725258
PANK3_RNA,0.047940950840711594
TMEM123_RNA,0.04791700467467308
SLC45A1_RNA,0.047884196043014526
NAF1_RNA,0.04787391051650047
AHDC1_RNA,0.04778086021542549
MMP17_RNA,0.04777151346206665
GPR50_RNA,0.04776627942919731
THRAP3_RNA,0.047764599323272705
SRGAP3_RNA,0.04771072417497635
LARS2_RNA,0.04770056903362274
CDC26_RNA,0.047689419239759445
POLR2K_RNA,0.047683071345090866
KLHDC2_RNA,0.047670893371105194
DLST_RNA,0.04764876142144203
PSMG4_RNA,0.04759751260280609
EHD1_RNA,0.04757468029856682
KLHL20_RNA,0.04757077246904373
RAB24_RNA,0.04748699069023132
RNGTT_RNA,0.04747720807790756
IKZF5_RNA,0.047440800815820694
MOCS3_RNA,0.04742847755551338
RPL10A_RNA,0.047408703714609146
ZNF528_RNA,0.047408200800418854
NR2E1_RNA,0.047401875257492065
PURB_RNA,0.04734833166003227
IDH3G_RNA,0.047345902770757675
NRN1_RNA,0.04727308079600334
SLC16A14_RNA,0.04727281257510185
ACACA_RNA,0.04727168008685112
MRPL14_RNA,0.0472293384373188
ZFP90_RNA,0.04722418263554573
SNURF_RNA,0.047200821340084076
CCNJ_RNA,0.04713480919599533
FOXQ1_RNA,0.047109901905059814
GPR162_RNA,0.04710116237401962
RPS13_RNA,0.047080568969249725
PIGA_RNA,0.047072719782590866
APTX_RNA,0.0470694862306118
ZKSCAN3_RNA,0.04702068120241165
ACTL6B_RNA,0.04699238762259483
PHACTR3_RNA,0.04698972776532173
STAG3_RNA,0.046960361301898956
WNT6_RNA,0.04690598323941231
PRKAB1_RNA,0.04685394838452339
MBOAT2_RNA,0.04682637378573418
ZNF506_RNA,0.04681383818387985
ZNF783_RNA,0.04680584743618965
MRPL20_RNA,0.046792760491371155
RPL37A_RNA,0.04679011553525925
KIF20B_RNA,0.046778734773397446
ZHX3_RNA,0.04677463695406914
AARS2_RNA,0.046774499118328094
SYMPK_RNA,0.04676324501633644
TSC2_RNA,0.046730704605579376
RAB13_RNA,0.04670840874314308
INPP5K_RNA,0.046707212924957275
SRP54_RNA,0.046706654131412506
C3orf20_RNA,0.04667801782488823
FCF1_RNA,0.046673018485307693
DDX3X_RNA,0.04664986580610275
ZNF76_RNA,0.046612028032541275
EEF1E1_RNA,0.046598851680755615
MT3_RNA,0.04659425839781761
BANF2_RNA,0.04657938331365585
JMJD6_RNA,0.04657590389251709
NEK5_RNA,0.04656524583697319
SEC62_RNA,0.04654122143983841
CHST8_RNA,0.046516403555870056
LRRTM2_RNA,0.046515896916389465
ZNF71_RNA,0.04650378227233887
CHKA_RNA,0.046431299299001694
UBQLN1_RNA,0.046426743268966675
CRAT_RNA,0.046337973326444626
AKT3_RNA,0.04633307829499245
MORN2_RNA,0.0463271290063858
ANAPC10_RNA,0.04630953446030617
LRRC41_RNA,0.04630516469478607
SRRM2_RNA,0.04628324508666992
RGS9BP_RNA,0.04628140479326248
OCIAD1_RNA,0.0462740883231163
SNX5_RNA,0.04626362770795822
YIF1B_RNA,0.04620608687400818
DHRS7B_RNA,0.04619670659303665
NPHP4_RNA,0.046169720590114594
RHBDF1_RNA,0.04616106301546097
SGCB_RNA,0.046155381947755814
C12orf43_RNA,0.0461449958384037
DMPK_RNA,0.046111661940813065
MED6_RNA,0.046100009232759476
CCDC106_RNA,0.045983392745256424
POU2F1_RNA,0.04597451165318489
TRIM13_RNA,0.04597066715359688
FYTTD1_RNA,0.045906778424978256
MBD6_RNA,0.04588419571518898
RGS5_RNA,0.04585784301161766
RBPMS2_RNA,0.045846883207559586
WDR38_RNA,0.04584074020385742
ATP6V0A2_RNA,0.04583555459976196
LHFPL3_RNA,0.04583166167140007
HMHB1_RNA,0.04583005607128143
MOAP1_RNA,0.04582955315709114
MOCS1_RNA,0.045817457139492035
LSM11_RNA,0.045816570520401
NDUFS5_RNA,0.04581169784069061
SERINC5_RNA,0.04580284655094147
KAT2B_RNA,0.045792438089847565
CCDC88C_RNA,0.04578589275479317
ELL3_RNA,0.04571648687124252
TATDN1_RNA,0.04570344462990761
BEND6_RNA,0.04568878188729286
EBP_RNA,0.045687541365623474
ZNF551_RNA,0.04566632956266403
TOMM5_RNA,0.04564930498600006
POU4F3_RNA,0.045647650957107544
ZXDC_RNA,0.045621972531080246
NKX6-1_RNA,0.045597516000270844
ZNF12_RNA,0.04557066410779953
ENSA_RNA,0.04550894349813461
KCTD14_RNA,0.04547880217432976
PRKRA_RNA,0.045464709401130676
LEMD2_RNA,0.04544193670153618
HDAC10_RNA,0.04541899263858795
MIR573_RNA,0.04538319259881973
TCEAL3_RNA,0.04535971209406853
KCND3_RNA,0.04532269015908241
GTPBP4_RNA,0.04531604051589966
BAZ1A_RNA,0.04529838636517525
ADAMTS13_RNA,0.04529084637761116
HAX1_RNA,0.04528969153761864
ASB6_RNA,0.045255497097969055
MRPL19_RNA,0.045230671763420105
RAB5C_RNA,0.04522325098514557
MUTYH_RNA,0.045197658240795135
INPPL1_RNA,0.045189499855041504
ABCB7_RNA,0.0451371856033802
INHBE_RNA,0.04512146860361099
DCC_RNA,0.04511865973472595
MRPL13_RNA,0.04510970041155815
SYCP1_RNA,0.04510577395558357
NKX2-4_RNA,0.04508534446358681
APBA1_RNA,0.04507727548480034
SPIN1_RNA,0.04504792019724846
CACNB3_RNA,0.045021578669548035
CUEDC2_RNA,0.04501553252339363
SPAG8_RNA,0.045014310628175735
IQCK_RNA,0.04498830810189247
CUL5_RNA,0.0449698381125927
MPHOSPH6_RNA,0.04496719315648079
PRRC1_RNA,0.04495628923177719
SLC1A4_RNA,0.04494720324873924
IGDCC4_RNA,0.044940609484910965
MRPS21_RNA,0.04493832588195801
COX7A2_RNA,0.04492881894111633
ASPSCR1_RNA,0.044904083013534546
FAM181A_RNA,0.04490041732788086
ZNF595_RNA,0.04483971744775772
GAS2L1_RNA,0.044831641018390656
LIPT1_RNA,0.044779226183891296
GEMIN6_RNA,0.04476253688335419
NRSN2_RNA,0.04474379122257233
AKTIP_RNA,0.04471619427204132
USF2_RNA,0.04471244290471077
KIAA0087_RNA,0.044681333005428314
ALKBH1_RNA,0.04468008875846863
UCMA_RNA,0.044665150344371796
FBXO11_RNA,0.044639017432928085
GNA13_RNA,0.04463484510779381
CEACAM5_RNA,0.04459661245346069
DAD1_RNA,0.044590242207050323
GMPR_RNA,0.04457583650946617
UBE2A_RNA,0.04455208033323288
TFB1M_RNA,0.04454021900892258
MIRLET7I_RNA,0.04451507329940796
TTC27_RNA,0.04450327530503273
SPRY2_RNA,0.044497277587652206
NEURL4_RNA,0.04448595270514488
RFPL3S_RNA,0.04447465017437935
LINGO3_RNA,0.04446578025817871
TMEM126A_RNA,0.04444218799471855
ACBD3_RNA,0.04442800581455231
DNAJC19_RNA,0.04442229121923447
CT45A1_RNA,0.04441903159022331
PPP1R15B_RNA,0.04437756538391113
DPH1_RNA,0.044339973479509354
SNTG1_RNA,0.04432855546474457
SYT16_RNA,0.04428202286362648
PRKD3_RNA,0.04427485540509224
GPN2_RNA,0.04424828290939331
MASP2_RNA,0.04423132538795471
SLC25A5_RNA,0.044207390397787094
ACP1_RNA,0.044168565422296524
PDP2_RNA,0.04416615888476372
C11orf58_RNA,0.04416568577289581
ASNS_RNA,0.044134873896837234
EPHA5_RNA,0.04411918297410011
ZNF148_RNA,0.04408742114901543
NKTR_RNA,0.044077321887016296
GPATCH2_RNA,0.044043928384780884
SAMD14_RNA,0.04403640329837799
RPL3L_RNA,0.0440211221575737
TEKT4_RNA,0.04389632120728493
CWF19L2_RNA,0.0438862219452858
UPF1_RNA,0.04387307167053223
ZNF584_RNA,0.043796997517347336
ACOXL_RNA,0.04376984015107155
PPP1R3A_RNA,0.04376649484038353
JMJD8_RNA,0.04375183582305908
HAGHL_RNA,0.043736327439546585
MKRN2_RNA,0.043713826686143875
ATP13A1_RNA,0.04371378570795059
UBE2O_RNA,0.04369917884469032
SPCS3_RNA,0.04365811496973038
SPSB3_RNA,0.04365235194563866
ZNF625_RNA,0.0436163991689682
UGDH_RNA,0.04355581849813461
SNF8_RNA,0.04354656860232353
EVI5L_RNA,0.04353770613670349
CYCS_RNA,0.04352415353059769
CCDC140_RNA,0.04349774867296219
SUSD4_RNA,0.043483294546604156
TLCD1_RNA,0.043481260538101196
MIR181D_RNA,0.04342647269368172
ST7L_RNA,0.04339819774031639
MAP6_RNA,0.04337300360202789
ATF7_RNA,0.04332397133111954
CFHR5_RNA,0.0432913713157177
SOX18_RNA,0.04329131543636322
TTC21A_RNA,0.0432133711874485
STARD3NL_RNA,0.04316754639148712
ACVR2A_RNA,0.04316188767552376
BBS2_RNA,0.04315938428044319
MRI1_RNA,0.04315481334924698
USP36_RNA,0.043127574026584625
DCK_RNA,0.04308393597602844
TAF9_RNA,0.043064869940280914
FH_RNA,0.043058738112449646
SNAPC2_RNA,0.04305494204163551
PRKCI_RNA,0.043026890605688095
PDSS1_RNA,0.04301556944847107
ZNF229_RNA,0.04300975427031517
SNIP1_RNA,0.04298717528581619
USP6NL_RNA,0.042955584824085236
ZDHHC8_RNA,0.042869433760643005
RPL3_RNA,0.042834311723709106
UPK1A_RNA,0.042829737067222595
ABCB10_RNA,0.04281358793377876
PARD6B_RNA,0.04279418662190437
GLIPR1L2_RNA,0.04277999699115753
TMEM45A_RNA,0.042757000774145126
BRWD3_RNA,0.042742058634757996
ANKRD23_RNA,0.042720675468444824
PLXNA3_RNA,0.04269047826528549
WDR25_RNA,0.04268188402056694
SHISA3_RNA,0.04263763129711151
ZAR1L_RNA,0.04263029992580414
LRIG2_RNA,0.04262181743979454
TMEM151B_RNA,0.042587120085954666
NUDT9_RNA,0.04255593568086624
PEX19_RNA,0.04249618202447891
ZFAND5_RNA,0.042480651289224625
KCNE2_RNA,0.04246028885245323
BLOC1S3_RNA,0.04244479537010193
BRD1_RNA,0.04243750497698784
PGAP2_RNA,0.042434465140104294
CARD10_RNA,0.04241921752691269
RPS9_RNA,0.04241814464330673
NAT9_RNA,0.04237525910139084
DUSP14_RNA,0.04236408323049545
ARAP3_RNA,0.04236342012882233
UBA3_RNA,0.04234301671385765
ASB7_RNA,0.042329318821430206
SS18L2_RNA,0.042312879115343094
ZNF296_RNA,0.04230311140418053
DNAJB13_RNA,0.042291559278964996
MS4A15_RNA,0.042285606265068054
KBTBD2_RNA,0.042263105511665344
HCFC1_RNA,0.04220617935061455
HSD17B1_RNA,0.04218596592545509
ZNF646_RNA,0.04218382388353348
ZNF766_RNA,0.04216810688376427
TUBGCP5_RNA,0.04212525859475136
RPS19_RNA,0.042113833129405975
SNX16_RNA,0.04211079701781273
ZNF789_RNA,0.04209965467453003
ULK3_RNA,0.04208125174045563
EXOC4_RNA,0.04207955673336983
TEX14_RNA,0.04206857457756996
EIF3L_RNA,0.04202120751142502
PRKCSH_RNA,0.04197178781032562
CCDC103_RNA,0.04192352294921875
EXT1_RNA,0.04191645607352257
ATP4B_RNA,0.041903167963027954
RPP14_RNA,0.041864410042762756
MAPK8IP2_RNA,0.041863810271024704
ZNF615_RNA,0.04184775799512863
PHF21A_RNA,0.04181039333343506
ZFYVE9_RNA,0.04179219529032707
SFMBT1_RNA,0.04177757725119591
REEP2_RNA,0.04176555201411247
KRT20_RNA,0.041689515113830566
TCF15_RNA,0.04167564958333969
RNF112_RNA,0.04167214408516884
ING2_RNA,0.041661761701107025
DPP3_RNA,0.041643451899290085
CYTH2_RNA,0.041641395539045334
HNF1B_RNA,0.04159068688750267
MEA1_RNA,0.0415232852101326
MDGA2_RNA,0.041510194540023804
ATOH7_RNA,0.04150089621543884
SYT6_RNA,0.04150008782744408
EIF2AK3_RNA,0.04149114340543747
FIGLA_RNA,0.04145323857665062
CEP68_RNA,0.04145264998078346
COMMD6_RNA,0.04145229980349541
TMEM9B_RNA,0.04144125059247017
BAHD1_RNA,0.041412584483623505
NACA_RNA,0.041368816047906876
TMEM199_RNA,0.04132840037345886
METAP1_RNA,0.04132381081581116
NDUFS7_RNA,0.04130217805504799
ZNF41_RNA,0.041301023215055466
ZNF287_RNA,0.04129163920879364
FXR2_RNA,0.04127528518438339
ANKIB1_RNA,0.04127411171793938
RPL34_RNA,0.041231367737054825
DCAF10_RNA,0.041214972734451294
MAML1_RNA,0.04121121019124985
FPGS_RNA,0.04120880365371704
SPEM1_RNA,0.041178472340106964
ZNF592_RNA,0.04117238149046898
ZFAND2A_RNA,0.041156571358442307
PTDSS2_RNA,0.041150033473968506
PIN4_RNA,0.04114430770277977
TTYH3_RNA,0.041137728840112686
WDFY1_RNA,0.04111477732658386
TATDN2_RNA,0.04108728840947151
ZBED4_RNA,0.04108314961194992
DOLK_RNA,0.04108057916164398
EFNA1_RNA,0.04106985777616501
PTPN23_RNA,0.04106093570590019
PIK3R3_RNA,0.04102030396461487
BTBD1_RNA,0.04099495708942413
PPFIA3_RNA,0.04097812622785568
UBAC2_RNA,0.04095938056707382
TOX_RNA,0.040949173271656036
PITPNB_RNA,0.040921520441770554
KLHDC10_RNA,0.04088119789958
GNA12_RNA,0.04086456447839737
C19orf47_RNA,0.04084813594818115
NAT10_RNA,0.040828168392181396
ADAM23_RNA,0.04082511365413666
GSPT1_RNA,0.040822479873895645
GMCL1_RNA,0.04081328585743904
MED12_RNA,0.04078799486160278
MED13_RNA,0.04077683016657829
NDUFA7_RNA,0.040768880397081375
LAMA1_RNA,0.04075903445482254
LTA_RNA,0.040757857263088226
ACTL8_RNA,0.040742482990026474
TTC33_RNA,0.040639955550432205
CSNK2A2_RNA,0.04063471779227257
THOC6_RNA,0.04059167951345444
MIR324_RNA,0.04058912768959999
NCLN_RNA,0.04056871309876442
SENP6_RNA,0.040561847388744354
SLC39A10_RNA,0.04055914282798767
MPND_RNA,0.04054607078433037
SLC39A7_RNA,0.040499694645404816
PTGR2_RNA,0.040472932159900665
RNF103_RNA,0.0404423326253891
TTC36_RNA,0.040414486080408096
ZNF35_RNA,0.04040447995066643
UBE2J1_RNA,0.040376923978328705
GSTM2_RNA,0.04034603014588356
MRPL47_RNA,0.04033467918634415
STAU2_RNA,0.04029238224029541
LIN54_RNA,0.04022212699055672
ZNF280C_RNA,0.04022013768553734
FHOD3_RNA,0.0401931032538414
EXOC1_RNA,0.04017103090882301
CDK14_RNA,0.04006044566631317
IMPA1_RNA,0.04002051055431366
VAC14_RNA,0.04000912234187126
TIGD4_RNA,0.040007658302783966
EIF3D_RNA,0.04000655561685562
NPNT_RNA,0.03996014967560768
LRRC57_RNA,0.039954520761966705
PPP2R5B_RNA,0.03992393985390663
DTX4_RNA,0.039795342832803726
LSM12_RNA,0.039792101830244064
VWCE_RNA,0.03977033495903015
LRPPRC_RNA,0.039757855236530304
MIR548F1_RNA,0.03972999006509781
TBCD_RNA,0.03972157835960388
NSUN4_RNA,0.03971756994724274
SEC22C_RNA,0.03971729055047035
FCRLA_RNA,0.039700157940387726
PGC_RNA,0.03968067094683647
PSMB5_RNA,0.03967835009098053
P2RX3_RNA,0.039675962179899216
ASXL1_RNA,0.039624523371458054
IGBP1_RNA,0.039570145308971405
VWA2_RNA,0.03955471143126488
MFSD9_RNA,0.03950411453843117
IKZF4_RNA,0.03950265049934387
ANKRD50_RNA,0.039484597742557526
SMARCA1_RNA,0.03943520784378052
FTO_RNA,0.039430320262908936
TMEM182_RNA,0.03939785063266754
RCCD1_RNA,0.03938095271587372
MITD1_RNA,0.03937196731567383
B4GALT4_RNA,0.03936038911342621
ATF6B_RNA,0.03932502120733261
MRPL55_RNA,0.03931160643696785
HDAC5_RNA,0.039294734597206116
MAFA_RNA,0.03929433226585388
ZNF716_RNA,0.039289552718400955
LNX2_RNA,0.039279744029045105
ELP2_RNA,0.03926311433315277
EDF1_RNA,0.039228565990924835
CAMKV_RNA,0.03922298178076744
SCRN2_RNA,0.03921359032392502
SEC22A_RNA,0.0391981266438961
MLH1_RNA,0.03919662907719612
ZCCHC8_RNA,0.039189212024211884
TBPL1_RNA,0.03914310410618782
SPATS1_RNA,0.03912801295518875
ELAC2_RNA,0.039112742990255356
C6orf58_RNA,0.03898971155285835
NME6_RNA,0.038988273590803146
NECAP1_RNA,0.03898070380091667
KCNIP2_RNA,0.03893842175602913
BTBD3_RNA,0.03891824558377266
C1GALT1_RNA,0.03891661763191223
GPRC5C_RNA,0.038910191506147385
MMGT1_RNA,0.03890277445316315
ZC3H15_RNA,0.03889762982726097
MED31_RNA,0.03886071592569351
COPE_RNA,0.0388510525226593
PHAX_RNA,0.038848452270030975
TBL1XR1_RNA,0.0387955904006958
TM9SF4_RNA,0.03878147527575493
DLK1_RNA,0.038755521178245544
HES3_RNA,0.038755450397729874
CLPTM1_RNA,0.03874864801764488
CAMTA1_RNA,0.03870052099227905
CCT8_RNA,0.03869111090898514
EED_RNA,0.0386870875954628
TRMT112_RNA,0.03863988444209099
PSMA7_RNA,0.03858499228954315
ST13_RNA,0.038582611829042435
C9orf152_RNA,0.03855787590146065
AP4B1_RNA,0.03853632137179375
RBM33_RNA,0.038516201078891754
RABL2A_RNA,0.03849907964468002
LRRC4_RNA,0.038472406566143036
MFN2_RNA,0.03843770921230316
MRRF_RNA,0.03843428194522858
DCAF8_RNA,0.03839018940925598
CNPY1_RNA,0.03833698108792305
EEF1A1_RNA,0.03833603858947754
ZNF470_RNA,0.03827374428510666
TRIM26_RNA,0.03825376555323601
CRK_RNA,0.03824703395366669
LRRC27_RNA,0.03818685561418533
KIAA1614_RNA,0.038172077387571335
ZSCAN4_RNA,0.038162339478731155
DCAF11_RNA,0.03815556317567825
SLC10A7_RNA,0.03814094886183739
UBOX5_RNA,0.03813321888446808
PHKG1_RNA,0.03812091052532196
GORASP1_RNA,0.03811624273657799
NKX2-3_RNA,0.03811405599117279
TM7SF2_RNA,0.0380803681910038
C6orf15_RNA,0.03806254640221596
UBE2Q1_RNA,0.038051165640354156
TTC3_RNA,0.03803497180342674
ZNF735_RNA,0.03802918270230293
ZMYM4_RNA,0.03801748901605606
FMN2_RNA,0.0380127914249897
NT5C1A_RNA,0.038005661219358444
GOSR1_RNA,0.03795955702662468
NADK_RNA,0.03793371468782425
RPL11_RNA,0.03790544718503952
FAM120C_RNA,0.03786320611834526
SLC35A5_RNA,0.037845809012651443
IMMT_RNA,0.03784427046775818
KIF5C_RNA,0.03783677518367767
TMEM98_RNA,0.0377994142472744
FOXF1_RNA,0.037767183035612106
EIF2B5_RNA,0.03775402903556824
TTC31_RNA,0.037740811705589294
GLIS3_RNA,0.03772226348519325
RNF17_RNA,0.03769416734576225
SLC6A5_RNA,0.03769213333725929
SLC30A9_RNA,0.037678830325603485
GJA8_RNA,0.03767348453402519
NOL9_RNA,0.037663981318473816
SRPK2_RNA,0.037654127925634384
DNLZ_RNA,0.03764636814594269
RAB26_RNA,0.03764563426375389
PCSK1N_RNA,0.03764396533370018
GPR137B_RNA,0.03761938586831093
RAB1B_RNA,0.03760511428117752
INTS3_RNA,0.03754061833024025
ZNF25_RNA,0.037534695118665695
RAB8B_RNA,0.037468478083610535
ZNF440_RNA,0.0374680794775486
DYNC1I2_RNA,0.03745037317276001
ZMAT1_RNA,0.03742798790335655
ARL6_RNA,0.03741074353456497
PIAS3_RNA,0.037403419613838196
NDUFS3_RNA,0.03736136481165886
AGAP3_RNA,0.037360746413469315
MRPS12_RNA,0.03735695779323578
SRD5A2_RNA,0.03735174983739853
SLC34A2_RNA,0.0373302586376667
THAP7_RNA,0.03731904923915863
ORMDL1_RNA,0.03730160370469093
TOX2_RNA,0.0372907817363739
CAND2_RNA,0.03729066625237465
C14orf180_RNA,0.03728952631354332
HIVEP1_RNA,0.03727753832936287
TWF1_RNA,0.03726167604327202
CCDC62_RNA,0.037261079996824265
FOXB2_RNA,0.03725927323102951
ALCAM_RNA,0.03724982216954231
NDUFA8_RNA,0.037245482206344604
RNF168_RNA,0.03724319115281105
TMEM106B_RNA,0.03724107891321182
PPP1R16A_RNA,0.037238769233226776
ARMCX5_RNA,0.037233199924230576
ZNF281_RNA,0.03721553459763527
STAMBP_RNA,0.0372035913169384
RNF4_RNA,0.03715066611766815
CGRRF1_RNA,0.0371222048997879
FAM76A_RNA,0.0371086485683918
ZNF346_RNA,0.03709014877676964
MORF4L1_RNA,0.037083905190229416
ZSCAN2_RNA,0.03707151114940643
FRMD5_RNA,0.03706492483615875
GRID2IP_RNA,0.03705747425556183
MEIS2_RNA,0.037040866911411285
C1orf43_RNA,0.0370381660759449
UBN2_RNA,0.03702670708298683
LHX4_RNA,0.03702183812856674
ALG3_RNA,0.037006527185440063
ADAT2_RNA,0.03700105845928192
ITPA_RNA,0.03698271885514259
ZNF668_RNA,0.036961138248443604
CER1_RNA,0.036947283893823624
TSPAN11_RNA,0.0369114987552166
PUS1_RNA,0.03691142797470093
TMEM167B_RNA,0.03691006824374199
FASTKD1_RNA,0.03690356761217117
KLC2_RNA,0.03689442574977875
PSMC6_RNA,0.03681975603103638
USP8_RNA,0.03678052872419357
XPA_RNA,0.03677330166101456
GMPS_RNA,0.036741629242897034
DNAL1_RNA,0.03672331944108009
R3HDM1_RNA,0.03669345751404762
ZNF142_RNA,0.036676231771707535
CHST11_RNA,0.03666997328400612
NT5E_RNA,0.036652933806180954
LMX1A_RNA,0.03664214164018631
SLAIN1_RNA,0.03658996522426605
WARS2_RNA,0.036585889756679535
RPL23_RNA,0.036566413938999176
ZNF382_RNA,0.03656494989991188
REV1_RNA,0.036561332643032074
AFF3_RNA,0.03653230518102646
BMPR1A_RNA,0.0365181639790535
TLE3_RNA,0.03651117905974388
JARID2_RNA,0.03647954389452934
COMMD10_RNA,0.036425866186618805
ZNF671_RNA,0.0364229753613472
TEX261_RNA,0.03641635179519653
SLC19A1_RNA,0.036415766924619675
MORC4_RNA,0.03637992590665817
MIER1_RNA,0.03634726628661156
SLC27A5_RNA,0.03633129596710205
GLI3_RNA,0.03632607311010361
ELF2_RNA,0.03629518300294876
PSMC5_RNA,0.036291640251874924
ZFAND2B_RNA,0.036274444311857224
TOPORS_RNA,0.036256805062294006
NET1_RNA,0.03624036908149719
ZNF44_RNA,0.03623262420296669
RPL12_RNA,0.03623025491833687
CDC123_RNA,0.03621087223291397
ERI2_RNA,0.0362088605761528
GON4L_RNA,0.03617679700255394
PHF8_RNA,0.03609219938516617
NUDT2_RNA,0.03608985245227814
GCM1_RNA,0.03606968745589256
PGF_RNA,0.03606636822223663
CROCC_RNA,0.03606013208627701
ATPAF2_RNA,0.03601350262761116
OGFOD1_RNA,0.035968292504549026
MAGI3_RNA,0.03593529015779495
OR2F1_RNA,0.0359235517680645
SRPRB_RNA,0.03589621186256409
NACC1_RNA,0.03588836267590523
NKIRAS1_RNA,0.03587368130683899
ZNF843_RNA,0.035780105739831924
NPHP1_RNA,0.03574409708380699
PRDM12_RNA,0.03572238236665726
AKIRIN1_RNA,0.035694338381290436
TBC1D21_RNA,0.0356772318482399
B3GALNT2_RNA,0.03566752374172211
PCDHGA1_RNA,0.03562409058213234
CLVS2_RNA,0.035588379949331284
ASAH2_RNA,0.03551388159394264
CNGA2_RNA,0.035509370267391205
CHAT_RNA,0.03547189384698868
ZMYM2_RNA,0.03545165807008743
USP38_RNA,0.03543165698647499
XRN2_RNA,0.03541456535458565
TLK1_RNA,0.03540835902094841
LBX1_RNA,0.03540298342704773
SSBP1_RNA,0.03540099412202835
TMEM208_RNA,0.03539939224720001
EPC1_RNA,0.03538792207837105
RAB9A_RNA,0.03536543622612953
C1QTNF6_RNA,0.035280223935842514
C6orf62_RNA,0.03527897596359253
FCHSD2_RNA,0.03527708724141121
LRRC66_RNA,0.035275619477033615
MYO6_RNA,0.03521481528878212
SAMM50_RNA,0.035213954746723175
HELT_RNA,0.03520919382572174
ACTR8_RNA,0.035208217799663544
CSMD2_RNA,0.035177189856767654
SNX32_RNA,0.03517632558941841
PRIMA1_RNA,0.03516954183578491
PDCL3_RNA,0.03513272479176521
TAS2R5_RNA,0.035106111317873
CCNC_RNA,0.03506598621606827
HPX_RNA,0.035011645406484604
MIR641_RNA,0.03501088544726372
SNORD1B_RNA,0.03499783203005791
OBP2A_RNA,0.03499753773212433
RRP12_RNA,0.03498438373208046
HDAC9_RNA,0.03497298061847687
RNASE13_RNA,0.034943416714668274
CTDSP1_RNA,0.0349251925945282
TSG101_RNA,0.034923627972602844
C7orf50_RNA,0.03487144783139229
CDC37_RNA,0.034870538860559464
TAC4_RNA,0.03481751307845116
CIAO1_RNA,0.03481131047010422
TYW1_RNA,0.034784555435180664
INTS8_RNA,0.034782301634550095
TRMT11_RNA,0.03477945178747177
UBXN4_RNA,0.03477361425757408
UBXN11_RNA,0.03475406765937805
SENP8_RNA,0.0347471721470356
CCNK_RNA,0.03473006933927536
CASP14_RNA,0.03471999987959862
MMAB_RNA,0.03471371531486511
RGL2_RNA,0.034695666283369064
ATG12_RNA,0.03464531525969505
MYH6_RNA,0.03459658473730087
SRP14_RNA,0.034557562321424484
CCDC136_RNA,0.03448564186692238
SAP18_RNA,0.034481145441532135
EIF5_RNA,0.03446247801184654
LGR4_RNA,0.034409817308187485
PRELID1_RNA,0.034378595650196075
ST8SIA5_RNA,0.034356627613306046
PDE7B_RNA,0.034346338361501694
PSMD6_RNA,0.03431544825434685
NBPF1_RNA,0.034299883991479874
CLSTN1_RNA,0.03429258614778519
TTC23_RNA,0.0342743843793869
CABP2_RNA,0.03425722196698189
DNAJC4_RNA,0.034234482795000076
ANXA5_RNA,0.03422333672642708
NXN_RNA,0.03421880304813385
KCNK7_RNA,0.03418726474046707
LRIT2_RNA,0.03417069464921951
NDUFS6_RNA,0.03416895866394043
TRAPPC2L_RNA,0.034154899418354034
ABCG2_RNA,0.034149326384067535
EGLN1_RNA,0.03414565324783325
MYO18B_RNA,0.03414204716682434
PEPD_RNA,0.03413213789463043
SLC15A2_RNA,0.03412042185664177
WSB2_RNA,0.03411467373371124
RPS17_RNA,0.03411448746919632
TRMT12_RNA,0.03405918553471565
KIF3A_RNA,0.03405142202973366
ZFP36L2_RNA,0.034042634069919586
SCAP_RNA,0.03402728959918022
DEFB124_RNA,0.03399509936571121
EIF4E_RNA,0.03398386016488075
POLI_RNA,0.033945199102163315
TRIM41_RNA,0.033931221812963486
ADRM1_RNA,0.0339200533926487
JAGN1_RNA,0.03391991928219795
PRDX1_RNA,0.0338657945394516
TAOK3_RNA,0.03382263705134392
KCNJ14_RNA,0.03377503901720047
OR1F1_RNA,0.03376857191324234
STK19_RNA,0.03375837579369545
MTHFD2_RNA,0.03375272452831268
MAPKAP1_RNA,0.03374895825982094
ASAP3_RNA,0.03374412655830383
RMND5B_RNA,0.03367724269628525
TACO1_RNA,0.03365928679704666
ST8SIA1_RNA,0.033657800406217575
PIGH_RNA,0.033650998026132584
PAFAH1B2_RNA,0.033620331436395645
PGLS_RNA,0.03360285609960556
PPP2R2A_RNA,0.03357372432947159
CHMP2B_RNA,0.0335574597120285
MRPL48_RNA,0.03354928642511368
HNRNPF_RNA,0.03354180231690407
PARD3_RNA,0.03353884443640709
DIP2B_RNA,0.03351569548249245
PCYOX1L_RNA,0.03350234776735306
PRDM5_RNA,0.03347684442996979
VRK3_RNA,0.03346850350499153
STXBP4_RNA,0.03346722200512886
RPRML_RNA,0.033461105078458786
MAK16_RNA,0.03345587104558945
GTF2H4_RNA,0.03344152867794037
NEK11_RNA,0.033401742577552795
ETFA_RNA,0.03338894248008728
ODF4_RNA,0.033384449779987335
MED10_RNA,0.03336431831121445
GRSF1_RNA,0.03332282975316048
HM13_RNA,0.03328913450241089
DZIP3_RNA,0.033275701105594635
RFK_RNA,0.033264536410570145
FPGT_RNA,0.03319726139307022
CCDC22_RNA,0.03318927437067032
TSFM_RNA,0.03317020460963249
OAZ3_RNA,0.03312981128692627
ZER1_RNA,0.03310941532254219
KIAA2013_RNA,0.03310755640268326
ASB10_RNA,0.033087510615587234
PIGQ_RNA,0.03308520093560219
TRDN_RNA,0.03307740390300751
MIR9-3_RNA,0.033075325191020966
FASTKD5_RNA,0.033059991896152496
SLC7A9_RNA,0.03300033137202263
ADAT3_RNA,0.03299599885940552
DNAJA2_RNA,0.032989706844091415
ANKRD54_RNA,0.032962292432785034
MYEOV_RNA,0.03294086456298828
DHDDS_RNA,0.03292438015341759
TMEM31_RNA,0.03292165324091911
GGNBP2_RNA,0.0329056978225708
RGP1_RNA,0.03290429338812828
GRK4_RNA,0.032895032316446304
PIK3C2B_RNA,0.03288627788424492
MGRN1_RNA,0.03284535929560661
STK38_RNA,0.03281804546713829
DTNA_RNA,0.03281470015645027
CSAD_RNA,0.03280951455235481
KDELR1_RNA,0.03270690515637398
PARL_RNA,0.032646000385284424
LOH12CR2_RNA,0.032629985362291336
ZNF576_RNA,0.032628193497657776
CPXCR1_RNA,0.03262518718838692
TNRC6A_RNA,0.03260236978530884
IREB2_RNA,0.03259856626391411
RWDD2A_RNA,0.03259719908237457
RPL28_RNA,0.03258780017495155
ZMPSTE24_RNA,0.03252977505326271
SLC25A46_RNA,0.032511066645383835
MIR9-1_RNA,0.03249362111091614
COPA_RNA,0.032460134476423264
LRRC17_RNA,0.03243481367826462
BNIPL_RNA,0.03241643309593201
CSNK1D_RNA,0.03241235762834549
MAP3K13_RNA,0.03239375352859497
TM4SF20_RNA,0.03236463665962219
JAM3_RNA,0.03236356005072594
CDC16_RNA,0.03232260048389435
ACER1_RNA,0.032315101474523544
ABCC2_RNA,0.03229748457670212
MRPL49_RNA,0.03229004517197609
RPL7_RNA,0.03220196068286896
FBXL22_RNA,0.03217625245451927
RPL41_RNA,0.032166630029678345
CALML4_RNA,0.032156895846128464
GFM1_RNA,0.03214117884635925
ASAP1_RNA,0.03211839497089386
SLC25A22_RNA,0.032096195966005325
PLAGL2_RNA,0.0320732481777668
PSENEN_RNA,0.032070212066173553
MPP2_RNA,0.03205566853284836
SNHG12_RNA,0.03203055262565613
APLN_RNA,0.0319967158138752
AP4M1_RNA,0.03198889642953873
HEATR5A_RNA,0.03197253495454788
TTLL5_RNA,0.0319398008286953
LEMD3_RNA,0.03189629688858986
D2HGDH_RNA,0.03185676410794258
LRRC34_RNA,0.031840525567531586
TIMP2_RNA,0.03182368725538254
NAA10_RNA,0.03176446631550789
GPLD1_RNA,0.031756818294525146
ZMAT5_RNA,0.031751688569784164
C2CD3_RNA,0.03173463046550751
KSR1_RNA,0.03170115873217583
TXNL1_RNA,0.031695589423179626
NKAP_RNA,0.03167128935456276
RNFT1_RNA,0.031668104231357574
PGBD2_RNA,0.031661257147789
ATP6V1G1_RNA,0.03163989633321762
DSC3_RNA,0.03160739317536354
NUDT5_RNA,0.03159868344664574
ZNF160_RNA,0.03158806636929512
ZNF609_RNA,0.03153306618332863
SNORD19_RNA,0.031523093581199646
ZNF20_RNA,0.031514059752225876
SLC35A3_RNA,0.03147898614406586
PRKD2_RNA,0.031468119472265244
CHMP2A_RNA,0.03145411238074303
CARM1_RNA,0.03141595050692558
PSMB4_RNA,0.03140952065587044
SCP2_RNA,0.03140949085354805
FOXO4_RNA,0.03140721842646599
CMPK1_RNA,0.03137584775686264
NDUFS2_RNA,0.031359486281871796
SYVN1_RNA,0.03134136274456978
ZFP28_RNA,0.03130949288606644
CDK17_RNA,0.03130408376455307
TMEM65_RNA,0.03129251301288605
PTPRD_RNA,0.031273916363716125
ZDHHC21_RNA,0.031249230727553368
GTF2B_RNA,0.031220590695738792
CDK16_RNA,0.031126711517572403
MC2R_RNA,0.031118936836719513
UBXN8_RNA,0.031117914244532585
NR2C1_RNA,0.031114209443330765
VPS33A_RNA,0.031094390898942947
GALP_RNA,0.031084543094038963
NDUFC1_RNA,0.03106645867228508
KDM5C_RNA,0.031035050749778748
EIF2B3_RNA,0.031017981469631195
TPRA1_RNA,0.030991706997156143
FNDC7_RNA,0.030974525958299637
RAPGEF4_RNA,0.030970167368650436
LYRM2_RNA,0.030950523912906647
TRNAU1AP_RNA,0.030945956707000732
DPP9_RNA,0.030939560383558273
AGR3_RNA,0.030914507806301117
TMEM184C_RNA,0.030904019251465797
PTTG1IP_RNA,0.030901791527867317
ANKRD49_RNA,0.030886949971318245
TEX19_RNA,0.030877333134412766
RRP1B_RNA,0.030792413279414177
MYO19_RNA,0.03076115809381008
FAM162A_RNA,0.030756326392292976
CAP2_RNA,0.03073786571621895
ZYG11B_RNA,0.030727703124284744
MTOR_RNA,0.030721887946128845
MAGEC2_RNA,0.03071463108062744
SLC25A40_RNA,0.03070908971130848
ZNF814_RNA,0.030678223818540573
OR11A1_RNA,0.03065319173038006
C3orf22_RNA,0.03064231015741825
RILPL1_RNA,0.03055948205292225
ALKBH7_RNA,0.030555803328752518
RPS26_RNA,0.030545346438884735
PRDM10_RNA,0.030538003891706467
ZC3H10_RNA,0.030512236058712006
PFDN4_RNA,0.03046550042927265
MED13L_RNA,0.03044934570789337
RNF216_RNA,0.03044443391263485
AASDH_RNA,0.03043532371520996
TMEM74_RNA,0.030421007424592972
OPRD1_RNA,0.030386369675397873
RRAGA_RNA,0.030379261821508408
TOB1_RNA,0.030370237305760384
NKPD1_RNA,0.03036588430404663
SEC61B_RNA,0.03036108985543251
CFL2_RNA,0.03034101612865925
PRDM14_RNA,0.030324164777994156
AHSA1_RNA,0.03031880222260952
NAT8L_RNA,0.030304353684186935
TRAK1_RNA,0.030283572152256966
HECTD3_RNA,0.0302706491202116
PSMD7_RNA,0.030266646295785904
UNC50_RNA,0.0302618108689785
GLUD2_RNA,0.030246054753661156
NUDT12_RNA,0.030243029817938805
OS9_RNA,0.03024267964065075
CCNI_RNA,0.03023443929851055
CHST5_RNA,0.030223889276385307
CORT_RNA,0.03020421974360943
PIKFYVE_RNA,0.030159812420606613
UBA1_RNA,0.030156083405017853
DQX1_RNA,0.030137989670038223
DEFB119_RNA,0.03012092411518097
GPRIN2_RNA,0.03006553277373314
S100A2_RNA,0.030053678900003433
PSMD12_RNA,0.030029667541384697
ZNF354B_RNA,0.0299940537661314
AVPR1B_RNA,0.029968705028295517
NOSIP_RNA,0.029957683756947517
DYRK2_RNA,0.029943786561489105
DERA_RNA,0.02991810068488121
NSMCE2_RNA,0.02988828904926777
NTRK2_RNA,0.0298610907047987
RDH8_RNA,0.02977876551449299
CX3CL1_RNA,0.029776860028505325
ANGEL2_RNA,0.02976060099899769
COX5A_RNA,0.029738830402493477
FBXO25_RNA,0.02971823140978813
ZSCAN22_RNA,0.029689477756619453
COL25A1_RNA,0.029689215123653412
MCF2L_RNA,0.02968670055270195
CAPRIN1_RNA,0.029683353379368782
LLPH_RNA,0.029674110934138298
MOGS_RNA,0.029651464894413948
CCL25_RNA,0.029644792899489403
FBXO31_RNA,0.02962036244571209
TMED10_RNA,0.029577558860182762
BEND4_RNA,0.02956782840192318
TUB_RNA,0.029555879533290863
CLASP1_RNA,0.029529260471463203
DCTN4_RNA,0.02950298972427845
NR4A1_RNA,0.029486536979675293
IGLON5_RNA,0.029478110373020172
GBA2_RNA,0.029462546110153198
CDKN2A_RNA,0.029458511620759964
ZNF749_RNA,0.029426367953419685
ZNF804A_RNA,0.0294052567332983
FAM184A_RNA,0.029377369210124016
SIRT7_RNA,0.029372744262218475
SF3B5_RNA,0.02936585806310177
RNF24_RNA,0.02936140075325966
ZNF343_RNA,0.02931469865143299
MTA3_RNA,0.029297085478901863
NSA2_RNA,0.02928824909031391
EXOG_RNA,0.02927623875439167
TMEM18_RNA,0.029269814491271973
MT1F_RNA,0.02926003187894821
THOC1_RNA,0.02923007495701313
GDF6_RNA,0.029226189479231834
C17orf99_RNA,0.029224159196019173
NAPA_RNA,0.029223036020994186
PFKFB4_RNA,0.02917901799082756
HRAS_RNA,0.02917291596531868
NOS1AP_RNA,0.029134809970855713
HOXA4_RNA,0.029130425304174423
TOX4_RNA,0.029112491756677628
FUNDC2_RNA,0.029094180092215538
MAGEC1_RNA,0.02909259870648384
KDM6B_RNA,0.02901552803814411
MUC4_RNA,0.029006022959947586
TAGLN3_RNA,0.028998220339417458
PGGT1B_RNA,0.028986314311623573
TXNL4A_RNA,0.02898256666958332
XKR9_RNA,0.028978953137993813
APBB1_RNA,0.028947513550519943
TRIM4_RNA,0.028913365676999092
CLDN6_RNA,0.028909023851156235
WDR13_RNA,0.028904449194669724
ZNF37A_RNA,0.0288919135928154
LETM1_RNA,0.028885243460536003
SCOC_RNA,0.02885565534234047
COBL_RNA,0.02884182333946228
PEX11B_RNA,0.02874433435499668
MID1_RNA,0.0287130419164896
SPINK5_RNA,0.02869853749871254
PPWD1_RNA,0.028690289705991745
PEX6_RNA,0.028652500361204147
DNAJC17_RNA,0.02863869071006775
IQCH_RNA,0.028626274317502975
ZNF396_RNA,0.028620228171348572
KDELR2_RNA,0.028587330132722855
LEMD1_RNA,0.028583010658621788
TULP1_RNA,0.02857171557843685
PRAMEF12_RNA,0.028548285365104675
DPAGT1_RNA,0.02849421463906765
PTCHD1_RNA,0.028423577547073364
DNAL4_RNA,0.02841324731707573
TAF3_RNA,0.028408369049429893
EBAG9_RNA,0.02840477228164673
MED11_RNA,0.028400737792253494
CCDC71_RNA,0.02839367650449276
ANKRD34A_RNA,0.028379596769809723
ZNF319_RNA,0.028376420959830284
TMEM205_RNA,0.02837103046476841
USP44_RNA,0.028362764045596123
CISD2_RNA,0.02835306152701378
HEMK1_RNA,0.028349317610263824
IL20RB_RNA,0.028306500986218452
RPGRIP1L_RNA,0.02829737216234207
PEX7_RNA,0.02829347737133503
ANAPC5_RNA,0.02829115092754364
NDUFA10_RNA,0.028286082670092583
ERGIC3_RNA,0.028267281129956245
GRTP1_RNA,0.02823195606470108
DDX17_RNA,0.028214532881975174
RBM44_RNA,0.02815462276339531
BLCAP_RNA,0.028139658272266388
MTPN_RNA,0.028116583824157715
CCDC66_RNA,0.028111351653933525
ZNF224_RNA,0.02807629480957985
KIRREL3_RNA,0.02807553857564926
DCAF5_RNA,0.028074391186237335
RRAS2_RNA,0.02806837297976017
AUP1_RNA,0.02804272249341011
IPO8_RNA,0.028040580451488495
LRRN3_RNA,0.028002090752124786
STARD10_RNA,0.027987003326416016
BTN2A2_RNA,0.027910754084587097
PPARGC1A_RNA,0.0278750192373991
ADAM29_RNA,0.027857519686222076
ALDH3A2_RNA,0.027796797454357147
KIAA0753_RNA,0.027795344591140747
CALCOCO1_RNA,0.027789535000920296
PPP3CC_RNA,0.02774948440492153
IL4_RNA,0.02772398665547371
ZFPM1_RNA,0.027703765779733658
OAZ2_RNA,0.027667097747325897
PTGFRN_RNA,0.02766464278101921
FANCF_RNA,0.027664370834827423
WIPF2_RNA,0.027662092819809914
NEK3_RNA,0.027654999867081642
C1orf116_RNA,0.0276154987514019
ALX3_RNA,0.027608200907707214
RSPH4A_RNA,0.027567096054553986
TMEM106C_RNA,0.02749079093337059
XPO4_RNA,0.027481386438012123
ATG9B_RNA,0.027415838092565536
ZNF7_RNA,0.027380982413887978
DBT_RNA,0.027374759316444397
TOR3A_RNA,0.027336977422237396
RAB30_RNA,0.02729763463139534
PRKAR2A_RNA,0.02728792279958725
C9orf50_RNA,0.02727886289358139
ARID4B_RNA,0.02727522701025009
STON2_RNA,0.027273137122392654
FAF2_RNA,0.027262495830655098
RAD52_RNA,0.02722499519586563
ERLIN2_RNA,0.027216965332627296
TAF1D_RNA,0.02720065787434578
PCDHB3_RNA,0.02717546932399273
CSPP1_RNA,0.027117453515529633
PSMD2_RNA,0.027097944170236588
NR1I3_RNA,0.027096740901470184
KBTBD3_RNA,0.02708306349813938
EXOSC4_RNA,0.027055619284510612
SAP30_RNA,0.027054384350776672
TAF1_RNA,0.027019565925002098
LMBR1_RNA,0.02700352482497692
TFAP2E_RNA,0.026958554983139038
TMEM41B_RNA,0.026955168694257736
GSTM3_RNA,0.0269462950527668
LIX1_RNA,0.026905693113803864
STK11IP_RNA,0.02689972147345543
ASCC1_RNA,0.026896469295024872
KIAA0586_RNA,0.026892738416790962
CD200_RNA,0.026879386976361275
ZC3H7A_RNA,0.026877643540501595
CALM1_RNA,0.02685297280550003
MAPK8IP3_RNA,0.02684931643307209
SDF4_RNA,0.02684222348034382
MYBBP1A_RNA,0.02683240734040737
PSMA1_RNA,0.0267348475754261
PAQR7_RNA,0.026712484657764435
RIPK2_RNA,0.026702910661697388
COX6A2_RNA,0.026689212769269943
CCDC127_RNA,0.02665105275809765
USP18_RNA,0.026645740494132042
CTAG2_RNA,0.02663363516330719
TAOK2_RNA,0.02662346325814724
NPM3_RNA,0.026597686111927032
CHORDC1_RNA,0.02656085044145584
GHRH_RNA,0.026544660329818726
TBC1D13_RNA,0.02650262601673603
PPP4R1_RNA,0.02650020644068718
MPZ_RNA,0.02648656815290451
SLC22A7_RNA,0.026467960327863693
ADCK1_RNA,0.02643616683781147
SLC25A39_RNA,0.02640087902545929
MIR647_RNA,0.026397375389933586
CNKSR2_RNA,0.02639543078839779
RIT1_RNA,0.02636101469397545
NNT_RNA,0.026357660070061684
MTSS1_RNA,0.026325201615691185
ZNF320_RNA,0.026312611997127533
TANC2_RNA,0.026294415816664696
POLR3H_RNA,0.02628854103386402
VSTM2B_RNA,0.02628740668296814
MRPL44_RNA,0.026268182322382927
EFHB_RNA,0.02621563896536827
ZNF747_RNA,0.02619500271975994
ZNF562_RNA,0.02618742175400257
MRPL22_RNA,0.0261835977435112
MDP1_RNA,0.026171015575528145
MYC_RNA,0.026140261441469193
YBX2_RNA,0.02609473280608654
CHD6_RNA,0.026088090613484383
HACE1_RNA,0.02604871243238449
TMEM14A_RNA,0.026039695367217064
IZUMO1_RNA,0.026039548218250275
CCNH_RNA,0.026019761338829994
RWDD2B_RNA,0.025950917974114418
CHMP5_RNA,0.0259214136749506
CDC14A_RNA,0.025892075151205063
PDZD11_RNA,0.025885693728923798
NOTUM_RNA,0.025874195620417595
SETMAR_RNA,0.025841614231467247
RTN4RL2_RNA,0.025840967893600464
COPS4_RNA,0.025805890560150146
MIXL1_RNA,0.02573334611952305
FAM161B_RNA,0.025722021237015724
TBPL2_RNA,0.025716284289956093
MYOG_RNA,0.025698862969875336
SNORD11B_RNA,0.02568892017006874
GZF1_RNA,0.025684809312224388
CDK3_RNA,0.025680946186184883
RNF10_RNA,0.025679411366581917
CRBN_RNA,0.025672659277915955
CHMP6_RNA,0.02567177824676037
MAPK11_RNA,0.025670036673545837
VSIG10_RNA,0.025654826313257217
MTCH1_RNA,0.02560569904744625
PYGB_RNA,0.02559865452349186
WDR4_RNA,0.025568196550011635
MT1X_RNA,0.025565369054675102
DRAP1_RNA,0.025559380650520325
UQCRC2_RNA,0.025553463026881218
ZNF330_RNA,0.025507446378469467
PSMC4_RNA,0.025494785979390144
MORN1_RNA,0.02546307072043419
GNB1L_RNA,0.025462236255407333
NDRG4_RNA,0.02541292831301689
STOX1_RNA,0.025400759652256966
LRRFIP2_RNA,0.02540051005780697
ZFAND6_RNA,0.02538306452333927
ARAF_RNA,0.025374285876750946
FBXO4_RNA,0.02536621317267418
ZMYND8_RNA,0.02532656490802765
TUSC2_RNA,0.02531631663441658
FXYD3_RNA,0.025292158126831055
CHMP4B_RNA,0.025273386389017105
TYW3_RNA,0.02526472881436348
GRAMD1A_RNA,0.02522200718522072
ADAM11_RNA,0.02520127035677433
LRRC52_RNA,0.025194713845849037
EFNB1_RNA,0.025192642584443092
ARID1B_RNA,0.025183821097016335
CABIN1_RNA,0.025174492970108986
TRIM75_RNA,0.02515929937362671
RBMXL2_RNA,0.025158120319247246
ASPHD2_RNA,0.02512039989233017
FCN2_RNA,0.02509608305990696
PASD1_RNA,0.025047436356544495
PMPCB_RNA,0.02503322996199131
RHBDD3_RNA,0.024998126551508904
NAA25_RNA,0.02499419078230858
SKP1_RNA,0.024982532486319542
PPP2R5C_RNA,0.02497085928916931
PIP4K2C_RNA,0.024957068264484406
PSMA5_RNA,0.024954643100500107
EIF4B_RNA,0.024954456835985184
PPIA_RNA,0.024847395718097687
TMEM104_RNA,0.02482396736741066
ARF4_RNA,0.02477324567735195
HOXB13_RNA,0.02477307803928852
PAGE2_RNA,0.024772614240646362
EDAR_RNA,0.02474205754697323
ADH6_RNA,0.024692989885807037
DNAJB9_RNA,0.02465321682393551
ZNF583_RNA,0.024652235209941864
DAAM1_RNA,0.024614641442894936
GLI1_RNA,0.02451491728425026
METTL6_RNA,0.024513287469744682
CCT6B_RNA,0.02449302189052105
UBE2B_RNA,0.024492522701621056
PCBP1_RNA,0.024460483342409134
G3BP1_RNA,0.024459190666675568
SPG21_RNA,0.024438489228487015
COG1_RNA,0.024366771802306175
TIMM17B_RNA,0.024359293282032013
CREB3L1_RNA,0.024350550025701523
AK2_RNA,0.02434498630464077
UBE2D3_RNA,0.024333102628588676
WDR33_RNA,0.02432267926633358
SLC37A3_RNA,0.024317556992173195
PIGZ_RNA,0.024281349033117294
SCYL3_RNA,0.024238906800746918
GDPD3_RNA,0.02423681691288948
LCMT1_RNA,0.024227797985076904
OR2J2_RNA,0.024190891534090042
MZF1_RNA,0.024189943447709084
RTN4IP1_RNA,0.024188585579395294
MIR181C_RNA,0.024159563705325127
ARF3_RNA,0.024158556014299393
HBG1_RNA,0.024139732122421265
DMRT2_RNA,0.024101566523313522
PDXP_RNA,0.02408568561077118
BBS1_RNA,0.02408217079937458
WAC_RNA,0.02406453527510166
SH3D19_RNA,0.024055534973740578
RBPJ_RNA,0.024034997448325157
PHTF2_RNA,0.02400437742471695
ABLIM1_RNA,0.02389887347817421
FOXA2_RNA,0.023865647614002228
POLR1D_RNA,0.02384740486741066
NOM1_RNA,0.02381608821451664
UBE2D1_RNA,0.02380480244755745
GFAP_RNA,0.023793978616595268
LYPLA2_RNA,0.023781590163707733
SYT7_RNA,0.023769745603203773
PRDM4_RNA,0.02376871183514595
BCL2L12_RNA,0.02376856654882431
TMOD2_RNA,0.023730916902422905
HIPK1_RNA,0.023662682622671127
ISG15_RNA,0.023619163781404495
LPAR2_RNA,0.023610668256878853
FAM98C_RNA,0.02360110729932785
MRPS18C_RNA,0.023598771542310715
HLTF_RNA,0.0235938411206007
ADCY6_RNA,0.023574847728013992
PCDH20_RNA,0.023549342527985573
VAMP4_RNA,0.02354031428694725
RTTN_RNA,0.023534685373306274
MAT2A_RNA,0.023503875359892845
GTF2E1_RNA,0.023484529927372932
BNIP3L_RNA,0.023477837443351746
ZYG11A_RNA,0.023451395332813263
GALNT14_RNA,0.023429205641150475
RNF121_RNA,0.0233915988355875
PYCR2_RNA,0.023391127586364746
ARID4A_RNA,0.023381540551781654
MAGEL2_RNA,0.02337302453815937
PLCXD2_RNA,0.02336377464234829
ATP1B4_RNA,0.023362746462225914
RIF1_RNA,0.023359373211860657
PPIL2_RNA,0.023342011496424675
DNPEP_RNA,0.02332010120153427
GYPA_RNA,0.023304501548409462
MFSD2B_RNA,0.02327471598982811
ZCRB1_RNA,0.023257335647940636
UNC5A_RNA,0.023238904774188995
TEX12_RNA,0.02323763445019722
TIMM22_RNA,0.02322661317884922
UBE2QL1_RNA,0.02317412942647934
MBD1_RNA,0.02317395992577076
DNAJB11_RNA,0.02316204644739628
OTUD5_RNA,0.023159021511673927
TECR_RNA,0.02314666286110878
CIB3_RNA,0.023141322657465935
PSMD8_RNA,0.02313048020005226
PSMB6_RNA,0.023124344646930695
WNT11_RNA,0.023124337196350098
FAT3_RNA,0.023090282455086708
UBE2K_RNA,0.023077262565493584
BEST2_RNA,0.023044075816869736
CBLB_RNA,0.02303553931415081
ACAT1_RNA,0.023022672161459923
PHEX_RNA,0.02299836091697216
WDR43_RNA,0.022980613633990288
VAPA_RNA,0.02297407016158104
SIN3B_RNA,0.02296317368745804
PIAS2_RNA,0.022934330627322197
MIPEP_RNA,0.02289520762860775
ASB1_RNA,0.022845221683382988
ADM2_RNA,0.02283403091132641
RNASEH2B_RNA,0.02281627431511879
RBM45_RNA,0.0228038989007473
SLC12A4_RNA,0.022788548842072487
CHEK2_RNA,0.02277972549200058
C1QTNF9B_RNA,0.02276057004928589
MANEA_RNA,0.022756097838282585
MFSD3_RNA,0.022732896730303764
ZGLP1_RNA,0.022709866985678673
CCDC116_RNA,0.022680392488837242
KHDC1L_RNA,0.022635605186223984
SLC35E1_RNA,0.022629499435424805
NFYA_RNA,0.022624848410487175
SERTAD2_RNA,0.022584691643714905
GIPC1_RNA,0.022549301385879517
SLC1A3_RNA,0.02252786234021187
SNAP29_RNA,0.022498348727822304
AIP_RNA,0.02248883992433548
ANKRA2_RNA,0.022465746849775314
GPR153_RNA,0.022452067583799362
CUBN_RNA,0.02244894951581955
OR13J1_RNA,0.022391917183995247
TFIP11_RNA,0.022380275651812553
BCL9L_RNA,0.02237829938530922
MIER2_RNA,0.022369572892785072
SLC25A31_RNA,0.02230663411319256
ALS2_RNA,0.022294245660305023
RCOR1_RNA,0.022290611639618874
CHD8_RNA,0.02225557342171669
BPTF_RNA,0.022251330316066742
TRAPPC2_RNA,0.022234594449400902
TMEM60_RNA,0.022214839234948158
PRR23C_RNA,0.022203082218766212
MIR298_RNA,0.02219545654952526
FBRS_RNA,0.022134557366371155
C1orf146_RNA,0.022132083773612976
PRDM11_RNA,0.022111043334007263
RAB25_RNA,0.02207215689122677
SIRT3_RNA,0.022066103294491768
TAS1R1_RNA,0.022054146975278854
VWA5B2_RNA,0.022040681913495064
DNAH12_RNA,0.02200433425605297
ZNF17_RNA,0.021993881091475487
GRIN2C_RNA,0.021908659487962723
MIR331_RNA,0.021899612620472908
ACTN3_RNA,0.021891001611948013
BGLAP_RNA,0.021854467689990997
ZNF791_RNA,0.021838808432221413
LRRC31_RNA,0.02181064710021019
LHX3_RNA,0.021799486130475998
ZIC2_RNA,0.02179424837231636
DIDO1_RNA,0.021731633692979813
APOLD1_RNA,0.021727263927459717
RANGAP1_RNA,0.021724794059991837
CDK5R2_RNA,0.02170833945274353
CA10_RNA,0.02168957330286503
SLC2A8_RNA,0.021664975211024284
HACL1_RNA,0.021664652973413467
VDAC3_RNA,0.02164805866777897
SLC30A5_RNA,0.02163916453719139
TSNARE1_RNA,0.021620839834213257
NEUROG2_RNA,0.02161109633743763
DGCR5_RNA,0.021599309518933296
XPO6_RNA,0.02159084565937519
C8orf76_RNA,0.021578311920166016
DCTN5_RNA,0.021556643769145012
WNT7B_RNA,0.02154707908630371
ZNF619_RNA,0.021520329639315605
RBM12B_RNA,0.02151457779109478
UBL7_RNA,0.021512098610401154
ZNF514_RNA,0.021499857306480408
RINT1_RNA,0.021486831828951836
ZC3H12C_RNA,0.021467991173267365
PSMA2_RNA,0.021465225145220757
PPP1R9B_RNA,0.02146371267735958
C1QBP_RNA,0.021439949050545692
GNG13_RNA,0.02141069620847702
HYLS1_RNA,0.021401312202215195
KRTAP5-6_RNA,0.021380145102739334
BANP_RNA,0.021340176463127136
ADIPOQ_RNA,0.021331824362277985
RUSC1_RNA,0.02132643200457096
FXN_RNA,0.02132401056587696
DAZAP1_RNA,0.021322375163435936
GOLT1B_RNA,0.021305015310645103
ZBTB42_RNA,0.021265877410769463
HCRT_RNA,0.021263519302010536
AGPAT4_RNA,0.021234652027487755
TAX1BP1_RNA,0.021227167919278145
ATP2A1_RNA,0.021224308758974075
ZNF799_RNA,0.021209390833973885
VPS11_RNA,0.021153315901756287
SLITRK5_RNA,0.021143831312656403
NPW_RNA,0.02108711749315262
EIF3IP1_RNA,0.02106177620589733
SPRR2A_RNA,0.021061673760414124
RBL2_RNA,0.021034907549619675
SMS_RNA,0.021034792065620422
FEM1C_RNA,0.0209970586001873
SLC35F2_RNA,0.02098420076072216
GANAB_RNA,0.020978355780243874
BSX_RNA,0.020957451313734055
WNK2_RNA,0.02095550112426281
RBPJL_RNA,0.020952241495251656
FUT6_RNA,0.020945243537425995
RHOC_RNA,0.02093331329524517
MIR339_RNA,0.020931145176291466
PBRM1_RNA,0.02092963457107544
SLU7_RNA,0.020925072953104973
RPL27A_RNA,0.02081809937953949
SLC35D3_RNA,0.02081804908812046
LCN9_RNA,0.020813312381505966
TNIP2_RNA,0.020773867145180702
FBXO8_RNA,0.02077379822731018
LRSAM1_RNA,0.020770955830812454
RNF114_RNA,0.02075519599020481
TMEM167A_RNA,0.02075221575796604
DNAJC25_RNA,0.02072356827557087
TAF4B_RNA,0.02067749761044979
SPHKAP_RNA,0.02067422866821289
LRRC14B_RNA,0.0206740852445364
PIPOX_RNA,0.02066904678940773
TMED5_RNA,0.020665757358074188
SDHB_RNA,0.020633980631828308
DLD_RNA,0.020626584067940712
CCNG2_RNA,0.020556770265102386
ADAR_RNA,0.020539330318570137
CDK7_RNA,0.02051760070025921
RPAP3_RNA,0.020464293658733368
USP22_RNA,0.020444519817829132
UHRF2_RNA,0.020429426804184914
RASD1_RNA,0.020415661856532097
LPCAT1_RNA,0.020406214520335197
PDE4B_RNA,0.02040570043027401
UBXN7_RNA,0.02035808190703392
CCDC81_RNA,0.02033504843711853
MPZL1_RNA,0.02022443898022175
CETN2_RNA,0.02022247388958931
PRMT2_RNA,0.020195376127958298
PLA2G3_RNA,0.02017865888774395
TRIM23_RNA,0.020177405327558517
NDUFA12_RNA,0.02017679437994957
FAM53C_RNA,0.020158976316452026
GEMIN5_RNA,0.02014797180891037
PHYH_RNA,0.02009076438844204
UFM1_RNA,0.020069856196641922
MRPS30_RNA,0.020067505538463593
PHC2_RNA,0.020051410421729088
PSMD13_RNA,0.0200132317841053
STX18_RNA,0.01998908445239067
PRKAG1_RNA,0.019985033199191093
RBCK1_RNA,0.019984502345323563
TMEM14C_RNA,0.019973397254943848
STARD3_RNA,0.01996104046702385
ALDH9A1_RNA,0.019927969202399254
NEUROG1_RNA,0.019920604303479195
ZRANB3_RNA,0.019884105771780014
ASB8_RNA,0.019875623285770416
PGBD4_RNA,0.019864119589328766
INO80_RNA,0.019853146746754646
PCM1_RNA,0.019803347066044807
RAB18_RNA,0.01978827640414238
PIK3C3_RNA,0.019725270569324493
PAGE2B_RNA,0.019711816683411598
SERAC1_RNA,0.01969628781080246
NDUFA13_RNA,0.019678587093949318
GPR88_RNA,0.019656341522932053
KATNAL1_RNA,0.01965416595339775
NEDD4_RNA,0.0196529608219862
IMPACT_RNA,0.01962636411190033
FAM81A_RNA,0.019624559208750725
SCAPER_RNA,0.019578440114855766
CLDN19_RNA,0.019559673964977264
RPL13AP20_RNA,0.019552288576960564
AQP8_RNA,0.01954684779047966
UAP1L1_RNA,0.01952342502772808
PCGF6_RNA,0.019504506140947342
NDUFA11_RNA,0.019447924569249153
INTS10_RNA,0.01943078823387623
THUMPD1_RNA,0.019425708800554276
ZNF345_RNA,0.019376296550035477
CUL4B_RNA,0.019351225346326828
BAG1_RNA,0.019321586936712265
NUB1_RNA,0.019306452944874763
TARBP2_RNA,0.01927924156188965
ZNF423_RNA,0.019247813150286674
FAM83A_RNA,0.019171426072716713
ITGAE_RNA,0.019167166203260422
ZYX_RNA,0.019132539629936218
GLB1L2_RNA,0.019125251099467278
KRT40_RNA,0.019107135012745857
EIF2S2_RNA,0.019095370545983315
CREB3_RNA,0.019055088981986046
TSC22D2_RNA,0.01905457302927971
ZNF621_RNA,0.019024329259991646
HBS1L_RNA,0.018985042348504066
STAC2_RNA,0.018973935395479202
MIR96_RNA,0.018967198207974434
NDUFB4_RNA,0.018955351784825325
GPD1L_RNA,0.018955055624246597
PPM1K_RNA,0.018945202231407166
TFB2M_RNA,0.018938997760415077
ZNF337_RNA,0.018924912437796593
SRP19_RNA,0.018915321677923203
PMM1_RNA,0.0188701543956995
ANKMY2_RNA,0.01885300874710083
C4orf33_RNA,0.01882721111178398
C1orf105_RNA,0.018806662410497665
NDFIP1_RNA,0.018782636150717735
VTCN1_RNA,0.01876048371195793
TBC1D23_RNA,0.018757261335849762
WDR41_RNA,0.018739189952611923
ALAS1_RNA,0.01872061938047409
NINL_RNA,0.01864594966173172
DLAT_RNA,0.018601423129439354
SUPV3L1_RNA,0.018573321402072906
RAB35_RNA,0.018562190234661102
PDE7A_RNA,0.018561966717243195
MED14_RNA,0.01854828931391239
TET3_RNA,0.018547793850302696
PPID_RNA,0.01850833185017109
CMTM5_RNA,0.01850229687988758
NR2C2_RNA,0.018490804359316826
GOSR2_RNA,0.01848669722676277
FAM89B_RNA,0.01848635822534561
AQP2_RNA,0.018482383340597153
EYA3_RNA,0.018437322229146957
STK38L_RNA,0.01842624321579933
MAGEB2_RNA,0.018397746607661247
PIH1D1_RNA,0.01838751696050167
RIBC1_RNA,0.01838492602109909
ADAMTS7_RNA,0.01836461015045643
MAGED2_RNA,0.018342338502407074
MN1_RNA,0.018320953473448753
UTP14A_RNA,0.018317939713597298
TNN_RNA,0.018260613083839417
MGC16275_RNA,0.018233932554721832
NAIF1_RNA,0.018215924501419067
KIAA1328_RNA,0.018176037818193436
OCLN_RNA,0.018145713955163956
USP16_RNA,0.01813342794775963
SPATA19_RNA,0.018130453303456306
ZNF700_RNA,0.018113931640982628
DYNLRB1_RNA,0.018108973279595375
TPPP2_RNA,0.018080957233905792
ZNF780A_RNA,0.018080301582813263
NIN_RNA,0.018063731491565704
GLB1L3_RNA,0.01802881807088852
MYO7B_RNA,0.018018880859017372
RBM34_RNA,0.018010618165135384
POLB_RNA,0.017998822033405304
NSUN2_RNA,0.01799125410616398
ACE2_RNA,0.01798918843269348
MAP7D3_RNA,0.017958085983991623
FKBP2_RNA,0.01795414835214615
MIR563_RNA,0.0179526899009943
PHF7_RNA,0.01792731322348118
COPB2_RNA,0.01787463389337063
FOXH1_RNA,0.01785290613770485
RAB28_RNA,0.017834167927503586
DNM1L_RNA,0.0178321972489357
TAS2R8_RNA,0.017827482894062996
ZNF175_RNA,0.017803965136408806
STUB1_RNA,0.01779942400753498
MMP23A_RNA,0.01775931753218174
ALX1_RNA,0.017723940312862396
ASB16_RNA,0.017712252214550972
DARS2_RNA,0.017681999132037163
COG3_RNA,0.01767602749168873
PTCH2_RNA,0.017671125009655952
PCYT1B_RNA,0.01766999438405037
SCYL1_RNA,0.017660392448306084
NIPA2_RNA,0.017635783180594444
GTF3C1_RNA,0.017633873969316483
ZNF610_RNA,0.017605358734726906
RER1_RNA,0.017598414793610573
NTNG2_RNA,0.017589189112186432
SLC26A6_RNA,0.017576776444911957
GLRX2_RNA,0.017562147229909897
COX19_RNA,0.01755603216588497
TMEM115_RNA,0.01752164401113987
MFSD10_RNA,0.017512386664748192
ANKRD28_RNA,0.017432598397135735
RBM19_RNA,0.017429975792765617
HPS4_RNA,0.017426127567887306
SETD4_RNA,0.017403004691004753
SLC44A5_RNA,0.017338940873742104
OPA1_RNA,0.017319628968834877
MBTPS1_RNA,0.017314499244093895
PIK3CA_RNA,0.01728210598230362
DRG1_RNA,0.017250332981348038
RPL9_RNA,0.01720913127064705
OR6B1_RNA,0.017146386206150055
PIN1_RNA,0.01712491177022457
BRF2_RNA,0.01710820011794567
TBC1D15_RNA,0.017074422910809517
NAP1L3_RNA,0.017069600522518158
MFN1_RNA,0.017034871503710747
RABIF_RNA,0.017018049955368042
WWP2_RNA,0.016985327005386353
EP400_RNA,0.01695401221513748
GTSF1L_RNA,0.01692304201424122
MIR556_RNA,0.01691000536084175
AP3S2_RNA,0.01684390939772129
WWC1_RNA,0.01684301160275936
RNF146_RNA,0.01684034988284111
HIGD2A_RNA,0.016811108216643333
FBXO34_RNA,0.016776999458670616
ATIC_RNA,0.016759322956204414
DUSP11_RNA,0.016754567623138428
BAD_RNA,0.016739606857299805
TIMM8A_RNA,0.016687026247382164
CDIPT_RNA,0.016674477607011795
AP1S2_RNA,0.01666114665567875
CAPNS1_RNA,0.016650881618261337
MRPL51_RNA,0.016643697395920753
TYK2_RNA,0.01664348691701889
RASGRP2_RNA,0.016616061329841614
DUSP10_RNA,0.016593029722571373
STK16_RNA,0.01658681407570839
USP4_RNA,0.016447998583316803
AMY2B_RNA,0.016429811716079712
SLC4A2_RNA,0.016361435875296593
RBM43_RNA,0.01635979674756527
FAM66C_RNA,0.016348790377378464
SDAD1_RNA,0.01629561372101307
ANAPC4_RNA,0.016261951997876167
CCDC38_RNA,0.01622817851603031
RRH_RNA,0.016225149855017662
FUT10_RNA,0.016215283423662186
EIF4E2_RNA,0.01620209962129593
PDS5B_RNA,0.01619410514831543
CCDC39_RNA,0.016145583242177963
PRKDC_RNA,0.016135919839143753
ARSK_RNA,0.016026875004172325
KREMEN2_RNA,0.016007857397198677
CORO2B_RNA,0.016005558893084526
ALDH18A1_RNA,0.01596333645284176
TUBA3E_RNA,0.01594931073486805
INPP1_RNA,0.015942886471748352
GPR107_RNA,0.015927329659461975
ZBTB1_RNA,0.01591438055038452
TMEM63B_RNA,0.015875352546572685
RTBDN_RNA,0.015868399292230606
TRIAP1_RNA,0.015848273411393166
TSNAX_RNA,0.015814159065485
TCFL5_RNA,0.015768781304359436
SDHAF2_RNA,0.015698714181780815
OBP2B_RNA,0.01569746620953083
COPS2_RNA,0.015656981617212296
SPARCL1_RNA,0.01564045064151287
NDUFS8_RNA,0.015633488073945045
CCNT1_RNA,0.0156165836378932
TMED4_RNA,0.01557724829763174
CCDC51_RNA,0.01554708182811737
STK32C_RNA,0.015539956279098988
PITPNA_RNA,0.015534425154328346
CHD1_RNA,0.01551092229783535
DAPK1_RNA,0.015504279173910618
PSMG2_RNA,0.015498223714530468
OLIG3_RNA,0.01546863466501236
PLCB3_RNA,0.015426638536155224
KCNC1_RNA,0.01542032603174448
STRADB_RNA,0.015418635681271553
LTK_RNA,0.015416587702929974
CCNL1_RNA,0.015389489009976387
ZNF324_RNA,0.015382160432636738
ARID3C_RNA,0.015372797846794128
RHBDD2_RNA,0.015363060869276524
ZNF556_RNA,0.015296551398932934
BRMS1_RNA,0.015280740335583687
PLA2G12A_RNA,0.01528041809797287
STX6_RNA,0.015218531712889671
RAB12_RNA,0.015215801075100899
PFDN1_RNA,0.015139145776629448
IARS2_RNA,0.015129106119275093
DCST1_RNA,0.015123474411666393
SSBP2_RNA,0.015123168006539345
TMPRSS12_RNA,0.015089727938175201
MRPL32_RNA,0.015081911347806454
RHPN2_RNA,0.015071902424097061
FGF19_RNA,0.015037977136671543
FOXI2_RNA,0.015027348883450031
MPDU1_RNA,0.015015925280749798
ACTR10_RNA,0.014978998340666294
ADSL_RNA,0.014978515915572643
SH3RF1_RNA,0.014977849088609219
PRM1_RNA,0.01494599785655737
ARMCX6_RNA,0.014942342415452003
SPATA24_RNA,0.014940121211111546
STK35_RNA,0.014924157410860062
TTC9C_RNA,0.014906956814229488
FAM98A_RNA,0.014898275956511497
RAB11A_RNA,0.014896392822265625
PSTK_RNA,0.014891688711941242
GAP43_RNA,0.01487383246421814
PRR23A_RNA,0.014861241914331913
MRPL16_RNA,0.014858118258416653
CYP3A43_RNA,0.0148157412186265
NDUFA9_RNA,0.014785402454435825
RMND1_RNA,0.014752560295164585
TBC1D20_RNA,0.014749775640666485
TGM4_RNA,0.014744467101991177
MIR106B_RNA,0.014702393673360348
NKRF_RNA,0.014684660360217094
BCL2L15_RNA,0.014684049412608147
CLEC3A_RNA,0.014659680426120758
CPNE4_RNA,0.014637751504778862
SNORA79_RNA,0.014607278630137444
NUP214_RNA,0.01459758821874857
ATP7B_RNA,0.014564215205609798
HCFC2_RNA,0.014538897201418877
COG6_RNA,0.01453283429145813
SLC35C2_RNA,0.014514388516545296
POLR1A_RNA,0.014512971043586731
LIMD1_RNA,0.014499297365546227
SAP30L_RNA,0.014483909122645855
SLC17A2_RNA,0.014477411285042763
TAF13_RNA,0.014473708346486092
SRRM3_RNA,0.0144729008898139
TMEM175_RNA,0.014467814937233925
GRK7_RNA,0.014466816559433937
ZSWIM7_RNA,0.014418227598071098
SEPHS2_RNA,0.014416703954339027
CFTR_RNA,0.014408857561647892
ABCF3_RNA,0.01439374778419733
DUSP28_RNA,0.014370134100317955
PTPMT1_RNA,0.01436125673353672
MAP3K7_RNA,0.014317480847239494
FER_RNA,0.014280508272349834
SLC18A1_RNA,0.014254149980843067
SNX12_RNA,0.014248603954911232
PSMC3_RNA,0.014224501326680183
KRT82_RNA,0.014216815121471882
IL17RB_RNA,0.014200225472450256
MIR2113_RNA,0.014190437272191048
C8orf44_RNA,0.014178725890815258
SYDE1_RNA,0.014172703959047794
CSNK1A1L_RNA,0.014166920445859432
RWDD3_RNA,0.014160300604999065
MED17_RNA,0.014150877483189106
CNPY4_RNA,0.014134216122329235
IVD_RNA,0.014100714586675167
NLK_RNA,0.014090022072196007
LRRC37A3_RNA,0.01407097652554512
FOXF2_RNA,0.014066671021282673
ANKLE2_RNA,0.014043806120753288
PTRH2_RNA,0.014036566950380802
ZNF350_RNA,0.01402990147471428
PCGF3_RNA,0.014004248194396496
UBE3A_RNA,0.013996616005897522
TRIM52_RNA,0.013950323686003685
CHIA_RNA,0.01393852848559618
TMEM177_RNA,0.01393575593829155
CEP76_RNA,0.013928715139627457
STX12_RNA,0.013925277628004551
SLC5A6_RNA,0.01391942985355854
TADA3_RNA,0.013875873759388924
MRPL35_RNA,0.013875165954232216
BIRC2_RNA,0.013859848491847515
ATG4C_RNA,0.013841803185641766
ZSCAN5A_RNA,0.013839640654623508
HBZ_RNA,0.013811721466481686
SLC28A1_RNA,0.013808952644467354
TMEM126B_RNA,0.013778548687696457
IER5_RNA,0.013697662390768528
TMEM33_RNA,0.013694679364562035
NIPBL_RNA,0.01368028111755848
SFTPA1_RNA,0.013659805990755558
MIA3_RNA,0.013620937243103981
NME3_RNA,0.013620098121464252
NAT2_RNA,0.01359080895781517
SS18_RNA,0.013570020906627178
FBXO36_RNA,0.013529964722692966
UQCRB_RNA,0.013522729277610779
USP5_RNA,0.01351195853203535
VPS39_RNA,0.013507966883480549
PCDHA5_RNA,0.013495832681655884
RPS27A_RNA,0.013487118296325207
TRMT2A_RNA,0.013465320691466331
WDR36_RNA,0.013450203463435173
NSFL1C_RNA,0.01337544247508049
KCTD17_RNA,0.013375272043049335
CSDE1_RNA,0.01335996575653553
CCDC85B_RNA,0.01335309911519289
PPFIA1_RNA,0.01334190834313631
EXOSC3_RNA,0.01332878414541483
RXRA_RNA,0.013328741304576397
NRBP2_RNA,0.013320252299308777
CDCP2_RNA,0.013311965391039848
MLLT10_RNA,0.013311740010976791
TMPRSS11F_RNA,0.013294440694153309
GGA3_RNA,0.01327627245336771
MRPL40_RNA,0.013258716091513634
GIN1_RNA,0.013245402835309505
FSCN3_RNA,0.013200392946600914
CLK3_RNA,0.01319793239235878
NDUFAF1_RNA,0.013144965283572674
NOTCH4_RNA,0.013143620453774929
RNF34_RNA,0.013108430430293083
SLAIN2_RNA,0.013105794787406921
MAGEA1_RNA,0.013103129342198372
MT1M_RNA,0.013080011121928692
FNTA_RNA,0.013068107888102531
CHPF_RNA,0.01306282076984644
C2orf42_RNA,0.013037241995334625
KCNMB3_RNA,0.013016004115343094
ATMIN_RNA,0.013011101633310318
NAB2_RNA,0.012830883264541626
SMG5_RNA,0.012807373888790607
ZNF23_RNA,0.012753804214298725
CIC_RNA,0.012697495520114899
KCNH5_RNA,0.012675109319388866
APC_RNA,0.01266484148800373
SLC6A4_RNA,0.012627589516341686
TFAP2D_RNA,0.01251428946852684
UTP15_RNA,0.012506195344030857
PIK3R4_RNA,0.012504816986620426
PAGE5_RNA,0.012498373165726662
AIFM1_RNA,0.012491242028772831
SPIN2B_RNA,0.012431669980287552
ABHD8_RNA,0.012423266656696796
PHRF1_RNA,0.012385901995003223
PCDHA12_RNA,0.01232610922306776
NCOR2_RNA,0.012308984063565731
TLX2_RNA,0.012261121533811092
SLC30A10_RNA,0.012243482284247875
DET1_RNA,0.012191744521260262
RPS20_RNA,0.012152742594480515
C15orf61_RNA,0.012111656367778778
UGT1A6_RNA,0.012101861648261547
GNPDA1_RNA,0.012098840437829494
SNHG8_RNA,0.012000665999948978
CNGA4_RNA,0.011997513473033905
SSR1_RNA,0.011986617930233479
PDHX_RNA,0.011971402913331985
NUMBL_RNA,0.011970782652497292
TADA2B_RNA,0.011943599209189415
CPT2_RNA,0.011938780546188354
TMEM107_RNA,0.011883447878062725
STK17A_RNA,0.011881993152201176
IRGQ_RNA,0.011879495345056057
SMYD3_RNA,0.011778850108385086
KPNA4_RNA,0.011771966703236103
ATXN2_RNA,0.011760467663407326
TOMM22_RNA,0.011720653623342514
MIR155HG_RNA,0.011709921061992645
HMG20A_RNA,0.011701766401529312
SLC25A3_RNA,0.011675048619508743
SIRT1_RNA,0.011674758046865463
CSTF2T_RNA,0.011670862324535847
SLC6A18_RNA,0.011655032634735107
SRRM5_RNA,0.011635541915893555
POFUT1_RNA,0.01161487028002739
ZNF341_RNA,0.01156177744269371
KRT75_RNA,0.011560763232409954
FAM171A1_RNA,0.011532705277204514
COQ6_RNA,0.011496316641569138
CTR9_RNA,0.011468030512332916
ESAM_RNA,0.011464922688901424
SPATA16_RNA,0.01145938690751791
KCNK18_RNA,0.011434994637966156
TMEM179B_RNA,0.011434337124228477
SEC24B_RNA,0.011389910243451595
BSN_RNA,0.011345463804900646
BIRC7_RNA,0.011315885931253433
PAGE4_RNA,0.01128731295466423
KRT74_RNA,0.01127209048718214
PCDHB15_RNA,0.011258970014750957
BCAS3_RNA,0.011236222460865974
MPI_RNA,0.011207403615117073
CPSF2_RNA,0.01119675487279892
SLC17A4_RNA,0.011192739941179752
CDC42_RNA,0.01115921325981617
RANBP9_RNA,0.011121358722448349
RFT1_RNA,0.011117670685052872
DERL2_RNA,0.011115691624581814
PFN4_RNA,0.011103971861302853
STT3A_RNA,0.011045143008232117
MRPL15_RNA,0.011045074090361595
ADAM18_RNA,0.011018830351531506
MIR124-2_RNA,0.011016175150871277
ARFIP1_RNA,0.011014989577233791
GALK1_RNA,0.01101231575012207
RPS6KA5_RNA,0.01098742987960577
TRNT1_RNA,0.0109848128631711
PDHB_RNA,0.010980109684169292
KLHDC8B_RNA,0.010971532203257084
RPL37_RNA,0.010969121009111404
AP1G1_RNA,0.010927319526672363
GYG1_RNA,0.01090700551867485
SOS2_RNA,0.010906129144132137
DCAF12L1_RNA,0.01083943247795105
ALMS1_RNA,0.010834508575499058
SPRR2D_RNA,0.010820155031979084
TTC23L_RNA,0.010805591009557247
ZNF746_RNA,0.010767490603029728
TNNI3K_RNA,0.010724016465246677
TBX22_RNA,0.01072189211845398
PSMC1_RNA,0.010715804062783718
GABRP_RNA,0.010602086782455444
API5_RNA,0.010570237413048744
ZSCAN10_RNA,0.01055311318486929
TRDMT1_RNA,0.010546358302235603
OR10Q1_RNA,0.010532014071941376
GDF2_RNA,0.010522555559873581
DCUN1D1_RNA,0.010500313714146614
BTBD7_RNA,0.010489935986697674
ZNF565_RNA,0.01047576405107975
OSBPL6_RNA,0.010469344444572926
NFS1_RNA,0.010462715290486813
SLC25A1_RNA,0.01045491173863411
POMGNT1_RNA,0.01043909415602684
IDH1_RNA,0.010429875925183296
SRRD_RNA,0.010408975183963776
ATXN1L_RNA,0.010401003062725067
LATS1_RNA,0.010392223484814167
GMEB1_RNA,0.010371043346822262
GPN1_RNA,0.010358531959354877
EIF2AK2_RNA,0.01035246904939413
GNGT1_RNA,0.010321039706468582
SNHG3_RNA,0.010305400937795639
GRWD1_RNA,0.010286376811563969
SH3GLB1_RNA,0.010282200761139393
NR2E3_RNA,0.010268308222293854
FEZF1_RNA,0.010266715660691261
DNAH8_RNA,0.010249757207930088
HDDC3_RNA,0.010132973082363605
RPP30_RNA,0.010115954093635082
GJC3_RNA,0.010104498825967312
TCF21_RNA,0.010079695843160152
FAM3D_RNA,0.01006076205521822
PARD6G_RNA,0.010057381354272366
PAFAH1B1_RNA,0.010047120042145252
ACCSL_RNA,0.010018810629844666
PRG2_RNA,0.010015187785029411
ZNF836_RNA,0.009975995868444443
WDR53_RNA,0.009925155900418758
JPH3_RNA,0.009919348172843456
CAMK2D_RNA,0.009896183386445045
SLC2A4RG_RNA,0.009888878092169762
OR2C1_RNA,0.009883026592433453
BID_RNA,0.009854833595454693
CUL1_RNA,0.009844709187746048
KCMF1_RNA,0.009832672774791718
ZNF81_RNA,0.009813307784497738
NDUFAB1_RNA,0.009734459221363068
PIGO_RNA,0.009691217914223671
SLC39A9_RNA,0.009683450683951378
CLK4_RNA,0.009663159027695656
ERCC1_RNA,0.009662440977990627
ZNF582_RNA,0.009660524316132069
SEC13_RNA,0.009656925685703754
LRRC4C_RNA,0.009635253809392452
RPS10_RNA,0.00963064469397068
RPL13A_RNA,0.0096124317497015
APH1B_RNA,0.009602642618119717
GNAT1_RNA,0.00956873781979084
XPOT_RNA,0.009506214410066605
PEX3_RNA,0.009457727894186974
MEGF8_RNA,0.009432182647287846
CLLU1_RNA,0.009378858841955662
UXT_RNA,0.009374371729791164
C11orf52_RNA,0.009363079443573952
UPF2_RNA,0.009357822127640247
CDC37L1_RNA,0.009202662855386734
PCOTH_RNA,0.009187355637550354
SEC11A_RNA,0.00914990995079279
MMP23B_RNA,0.009146222844719887
ACAA1_RNA,0.009137983433902264
RAB1A_RNA,0.009064564481377602
MIR1286_RNA,0.009017338976264
ZNF226_RNA,0.008973032236099243
TXN_RNA,0.00896353181451559
SPDEF_RNA,0.008946646936237812
VAT1_RNA,0.008913997560739517
HDAC3_RNA,0.008912008255720139
TECPR1_RNA,0.008905753493309021
COX6C_RNA,0.008900177665054798
RPL31_RNA,0.008887543343007565
OSBP_RNA,0.008885744959115982
LGALS7_RNA,0.008862943388521671
KCNH3_RNA,0.008852826431393623
CLCN3_RNA,0.008846120908856392
ZNF765_RNA,0.008797163143754005
SGCA_RNA,0.008765514008700848
CCDC142_RNA,0.008762754499912262
ACBD5_RNA,0.008750185370445251
RNF220_RNA,0.008740820921957493
PRDX5_RNA,0.008721205405890942
PPARD_RNA,0.008720293641090393
TXNRD2_RNA,0.008716277778148651
AFG3L2_RNA,0.008715357631444931
ATG5_RNA,0.008708357810974121
ACOX3_RNA,0.008703763596713543
R3HDM2_RNA,0.008685402572154999
UBC_RNA,0.008668637834489346
ZNF638_RNA,0.008653796277940273
PEX1_RNA,0.008644340559840202
GIGYF2_RNA,0.008627224713563919
CDKN2D_RNA,0.008599918335676193
RYBP_RNA,0.008599011227488518
NDUFS1_RNA,0.008584260940551758
AGXT2_RNA,0.008555875159800053
GTF3A_RNA,0.008502233773469925
ASTE1_RNA,0.00849875807762146
RNF185_RNA,0.008497391827404499
GLTP_RNA,0.0084950877353549
LENG1_RNA,0.00847445148974657
CPSF4L_RNA,0.008465793915092945
TM9SF1_RNA,0.008464054204523563
DNAH7_RNA,0.008435684256255627
GNE_RNA,0.0084220664575696
RAX2_RNA,0.008368500508368015
ARTN_RNA,0.008342512883245945
NBEA_RNA,0.008320669643580914
MSRA_RNA,0.008281932212412357
GABBR1_RNA,0.0082645295187830925
CCDC9_RNA,0.008232143707573414
UBE2M_RNA,0.00819189939647913
ZRSR2_RNA,0.008183931931853294
UBE2Q2_RNA,0.008153929375112057
ARRDC1_RNA,0.008119931444525719
PDZRN3_RNA,0.00808878242969513
TMCO2_RNA,0.00804738700389862
VPS33B_RNA,0.008047161623835564
MTPAP_RNA,0.007981888949871063
TINF2_RNA,0.007975426502525806
PRPF8_RNA,0.007963118143379688
SLC5A1_RNA,0.007960538379848003
KIF1A_RNA,0.007957765832543373
CCDC157_RNA,0.007956715300679207
KIF13A_RNA,0.007930416613817215
PTS_RNA,0.007923622615635395
TP53RK_RNA,0.007901320233941078
MIR30B_RNA,0.00789200235158205
DEF8_RNA,0.007889686152338982
TMBIM6_RNA,0.007865386083722115
EIF4G2_RNA,0.007856318727135658
SPTAN1_RNA,0.007780435495078564
NCKIPSD_RNA,0.007777262944728136
TTC17_RNA,0.007744816597551107
CHRNB1_RNA,0.007744286675006151
NUS1_RNA,0.007743287365883589
BRS3_RNA,0.007709898054599762
HARS2_RNA,0.007703498005867004
ARMC8_RNA,0.007686363998800516
ATG2A_RNA,0.007679131347686052
LBX2_RNA,0.0076615107245743275
CLPB_RNA,0.007557617500424385
ZFYVE1_RNA,0.007487138267606497
PNO1_RNA,0.007474282290786505
DNAJC24_RNA,0.007396351546049118
EIF4EBP2_RNA,0.007392151281237602
SYPL1_RNA,0.00729970820248127
SNCB_RNA,0.0072801257483661175
ZSCAN1_RNA,0.00725259305909276
ASH1L_RNA,0.007235995028167963
LEKR1_RNA,0.0072189075872302055
FABP9_RNA,0.007195400074124336
SIX5_RNA,0.007191207725554705
NDUFS4_RNA,0.0071871401742100716
RNF183_RNA,0.0071698385290801525
DCAF8L1_RNA,0.007168397307395935
DRP2_RNA,0.007166859228163958
RPL10L_RNA,0.007134849205613136
PAX9_RNA,0.007121378555893898
NCCRP1_RNA,0.007119395304471254
CTSF_RNA,0.007111985702067614
PDGFC_RNA,0.007097052875906229
MMADHC_RNA,0.007042498793452978
ATP6V1G3_RNA,0.007028006948530674
TRIM11_RNA,0.007020707707852125
NUDT17_RNA,0.006915117613971233
RCL1_RNA,0.00688516441732645
TMEM38A_RNA,0.0068710302002727985
VCP_RNA,0.006868636701256037
FOXJ2_RNA,0.006865718401968479
CDR2L_RNA,0.006861562840640545
OGFR_RNA,0.006840165704488754
ZNF28_RNA,0.006834040395915508
CNBD1_RNA,0.006819690112024546
DSTN_RNA,0.006799418944865465
KRT9_RNA,0.006772184278815985
MRPL27_RNA,0.006750291213393211
KCTD2_RNA,0.006730885710567236
MIA_RNA,0.006717385724186897
KAAG1_RNA,0.00671622809022665
IFT57_RNA,0.006664643995463848
PPA2_RNA,0.006654331460595131
FBXL14_RNA,0.006651143543422222
UTP3_RNA,0.006645862013101578
MIR454_RNA,0.006626433227211237
MIR93_RNA,0.006610595155507326
HSF2BP_RNA,0.006566274911165237
ERBB4_RNA,0.006557352840900421
FAM120AOS_RNA,0.006514888722449541
TRPV1_RNA,0.006506980862468481
ZNF234_RNA,0.006504269316792488
ABHD5_RNA,0.00649398285895586
CCDC115_RNA,0.006468364968895912
NOC3L_RNA,0.006435823626816273
SRF_RNA,0.006433775182813406
PSMA4_RNA,0.006418714765459299
C6orf120_RNA,0.006418485660105944
ZBTB24_RNA,0.006416455842554569
UTP20_RNA,0.006395343225449324
ETS1_RNA,0.006372624076902866
MECOM_RNA,0.006360333878546953
AAGAB_RNA,0.006357880774885416
CAPS2_RNA,0.006315456237643957
CEP250_RNA,0.006291384808719158
ZNF101_RNA,0.006276939529925585
SNHG5_RNA,0.006273061037063599
ISCA1_RNA,0.006270905490964651
ERCC4_RNA,0.006198792718350887
TMEM212_RNA,0.0061631170101463795
ARF1_RNA,0.006158509291708469
PDS5A_RNA,0.006150828208774328
KRT12_RNA,0.006150779780000448
CYP2C18_RNA,0.006143950391560793
PRKX_RNA,0.006131619215011597
MIR412_RNA,0.006074646022170782
SNORD32B_RNA,0.006039065308868885
ACSF3_RNA,0.006036532577127218
RPTOR_RNA,0.006005504634231329
SNX25_RNA,0.0059243193827569485
CCDC30_RNA,0.005904786754399538
CBL_RNA,0.005880475044250488
GPR108_RNA,0.005869984161108732
NAV2_RNA,0.005867170635610819
MTCH2_RNA,0.005864046514034271
LMBR1L_RNA,0.005838585551828146
EXOSC6_RNA,0.005810917820781469
APOO_RNA,0.005776930600404739
CEP170_RNA,0.005735232029110193
VPS54_RNA,0.00573370885103941
TMEM181_RNA,0.005709570366889238
SULT2B1_RNA,0.0056604864075779915
TBC1D25_RNA,0.0056596980430185795
C7orf33_RNA,0.005644036922603846
BLOC1S1_RNA,0.005632994696497917
OR4D1_RNA,0.005610924679785967
ZNF800_RNA,0.005579816177487373
CYB5B_RNA,0.00555394496768713
FKBP1B_RNA,0.005517603829503059
PREX1_RNA,0.005489932838827372
SEPSECS_RNA,0.005466065835207701
TOMM34_RNA,0.005448139738291502
PPP2R2B_RNA,0.005437270272523165
ZNF177_RNA,0.00542684318497777
SLC2A7_RNA,0.005418490618467331
COX10_RNA,0.005415077321231365
TOR1A_RNA,0.005360256880521774
PFKFB1_RNA,0.005350930616259575
MIR548F3_RNA,0.005329396575689316
RASA3_RNA,0.005301774479448795
ZNF564_RNA,0.00528672756627202
PIGS_RNA,0.00527693796902895
NR0B1_RNA,0.005268970970064402
DIAPH1_RNA,0.00519970478489995
ZNF699_RNA,0.0051987869665026665
PPRC1_RNA,0.005181760992854834
PPP1R7_RNA,0.005164673551917076
BCL6_RNA,0.005163085646927357
ETV3_RNA,0.0051304749213159084
RRAGC_RNA,0.005127754528075457
ZNF761_RNA,0.005115653853863478
PCYT2_RNA,0.005027495324611664
GAPDHS_RNA,0.005009573884308338
MAP3K4_RNA,0.00498956348747015
LAPTM4A_RNA,0.004967999178916216
ZNF69_RNA,0.004964780528098345
RPP38_RNA,0.004936756566166878
SETD1B_RNA,0.0049317339435219765
NDUFA3_RNA,0.004926327615976334
CCDC92_RNA,0.004925491288304329
TMEM190_RNA,0.004880106542259455
PCDHB6_RNA,0.004871315788477659
ZBTB44_RNA,0.004841575399041176
TBC1D5_RNA,0.004814577288925648
TMEM131_RNA,0.0047869617119431496
DGKD_RNA,0.00472217658534646
RHCG_RNA,0.004700784105807543
ANAPC1_RNA,0.004669035319238901
WDR73_RNA,0.004634716082364321
BTN2A1_RNA,0.004613515920937061
PGAP3_RNA,0.004600340034812689
DISC1_RNA,0.004556539934128523
USP24_RNA,0.004550776910036802
TSPAN13_RNA,0.004534538369625807
MRPL36_RNA,0.004533575382083654
ATL2_RNA,0.004515280947089195
DOCK7_RNA,0.004490253049880266
OR2A14_RNA,0.004481110256165266
TMEM223_RNA,0.004471783991903067
DAZAP2_RNA,0.004460649099200964
PHF20_RNA,0.004382119979709387
C3orf18_RNA,0.004367347341030836
RPS6KB2_RNA,0.00432269461452961
ODF1_RNA,0.004315074998885393
ANKRD17_RNA,0.004279960412532091
SIX3_RNA,0.004278286825865507
PHF20L1_RNA,0.004239787347614765
PLCD1_RNA,0.004184752237051725
CHFR_RNA,0.004184560850262642
PHPT1_RNA,0.004171933978796005
TCEANC_RNA,0.0041293734684586525
SLC6A1_RNA,0.0040976800955832005
C4orf36_RNA,0.004066674038767815
MAGEA4_RNA,0.004063895437866449
SPZ1_RNA,0.004045718349516392
NID1_RNA,0.004031281918287277
PPM1A_RNA,0.004008368123322725
LDLR_RNA,0.003982209134846926
HDGFL1_RNA,0.00395363150164485
PMS2_RNA,0.003944616299122572
POR_RNA,0.0039336103945970535
RBM3_RNA,0.0039200568571686745
VIM_RNA,0.003908725921064615
EBF3_RNA,0.0038811382837593555
CLCC1_RNA,0.0038457848131656647
GOLGA5_RNA,0.0038369048852473497
GOLGA2_RNA,0.003827536478638649
RSPH1_RNA,0.0038247129414230585
FAM3A_RNA,0.0038072073366492987
GLG1_RNA,0.0038019970525056124
WDR20_RNA,0.003780269529670477
DNTT_RNA,0.0037784636951982975
PIK3R2_RNA,0.003777178470045328
FBXO3_RNA,0.003761117812246084
PEX11G_RNA,0.003745878115296364
ELAC1_RNA,0.003741763997823
DGCR6L_RNA,0.0037273364141583443
MBD5_RNA,0.003718829248100519
POLE4_RNA,0.0036827982403337955
GUCY1A2_RNA,0.0036596583668142557
SLC6A19_RNA,0.003655858337879181
HADHB_RNA,0.0036512401420623064
MRPL34_RNA,0.003645577235147357
TRPM5_RNA,0.003635629080235958
UBL4A_RNA,0.003592574270442128
TNFRSF21_RNA,0.0035824705846607685
MIR626_RNA,0.003570489352568984
DGAT2L6_RNA,0.0035305852070450783
SRRM4_RNA,0.0034849857911467552
C1orf50_RNA,0.00345768709667027
BCORL1_RNA,0.003423732239753008
SNORD117_RNA,0.0034190865699201822
ZNF597_RNA,0.0033488471526652575
TIMM17A_RNA,0.0033453437499701977
KPNA1_RNA,0.003330116393044591
RPE_RNA,0.0033254518639296293
PAX5_RNA,0.0033215791918337345
ADIPOR2_RNA,0.0033117448911070824
ARL8B_RNA,0.0032893253955990076
ALDH8A1_RNA,0.0032829358242452145
TAP2_RNA,0.0032433827873319387
UGT2B15_RNA,0.0031667551957070827
RUFY1_RNA,0.00315747014246881
TAPT1_RNA,0.003153283381834626
DYRK1A_RNA,0.003151443786919117
B9D1_RNA,0.003148299641907215
GSC2_RNA,0.0030899078119546175
PLXNB3_RNA,0.0030873361974954605
C1orf220_RNA,0.0030655665323138237
OCRL_RNA,0.0030620647594332695
KCNV2_RNA,0.003049969207495451
EXOC2_RNA,0.0030469379853457212
UNC80_RNA,0.0030449151527136564
FAM131A_RNA,0.0030385777354240417
HEATR1_RNA,0.0030267827678471804
THBS3_RNA,0.003025258658453822
ATP13A4_RNA,0.0029853463638573885
RCBTB2_RNA,0.002963025588542223
GABRR2_RNA,0.0029608376789838076
GSTP1_RNA,0.0029590330086648464
NUP50_RNA,0.002915026154369116
PAK2_RNA,0.0029116200748831034
MDM4_RNA,0.0028921342454850674
DTNBP1_RNA,0.002878089202567935
ARHGAP12_RNA,0.0028667484875768423
SAT2_RNA,0.0028439140878617764
FAHD1_RNA,0.002830641344189644
COMMD8_RNA,0.002830284647643566
ERGIC2_RNA,0.0028255442157387733
RABAC1_RNA,0.002821067115291953
RPL26_RNA,0.002816037740558386
ACSL3_RNA,0.0028102132491767406
PLCB4_RNA,0.0027734905015677214
VPS35_RNA,0.0027352282777428627
MLH3_RNA,0.0027246333193033934
GAB2_RNA,0.0027191126719117165
DENND5A_RNA,0.002710050670430064
FBXO7_RNA,0.0026974743232131004
MPG_RNA,0.0026906123384833336
PIGC_RNA,0.0026513130869716406
PNPLA1_RNA,0.0026275634299963713
UBE4B_RNA,0.002592874690890312
NUDT3_RNA,0.0025847861543297768
PTPN4_RNA,0.0025749392807483673
ARHGAP17_RNA,0.002568886149674654
ARPC1A_RNA,0.00255265343002975
CLDN9_RNA,0.0025422193575650454
TMX3_RNA,0.002539062174037099
CDC20B_RNA,0.002538788365200162
MRPS33_RNA,0.002508072881028056
FKRP_RNA,0.0024842540733516216
SLC10A5_RNA,0.002465566387400031
SLC37A4_RNA,0.0024436339735984802
ACTA1_RNA,0.0024035824462771416
FOXN3_RNA,0.0023868735879659653
TAF1L_RNA,0.002385385800153017
CINP_RNA,0.00235173967666924
SLC25A26_RNA,0.0023505701683461666
IFT122_RNA,0.00234922394156456
NOL12_RNA,0.0023444429971277714
CANX_RNA,0.002334119286388159
ISYNA1_RNA,0.0023117209784686565
RB1_RNA,0.002265721559524536
FIGN_RNA,0.002238975837826729
UQCRQ_RNA,0.002181235235184431
CDK9_RNA,0.002140748081728816
MIRLET7F2_RNA,0.0021278723143041134
NDUFA2_RNA,0.002102675149217248
ZNHIT1_RNA,0.0020827525295317173
INSM2_RNA,0.002069947076961398
MYOD1_RNA,0.002066754037514329
TRAM1_RNA,0.002039758488535881
RGMB_RNA,0.0020165664609521627
IRGC_RNA,0.0019996806513518095
WNT9B_RNA,0.0019920002669095993
NFIC_RNA,0.001950555481016636
GRHL2_RNA,0.0019334389362484217
ZBTB11_RNA,0.0018970860401168466
NPEPPS_RNA,0.0018897255649790168
MIR182_RNA,0.0018849263433367014
POLM_RNA,0.0018846625462174416
CLIC4_RNA,0.001860097167082131
VEZT_RNA,0.001829922548495233
GTDC1_RNA,0.001817137934267521
G3BP2_RNA,0.0018030641367658973
TOR2A_RNA,0.0017969019245356321
PHKB_RNA,0.0017900594975799322
ATAD2B_RNA,0.0017787015531212091
RPAP2_RNA,0.0017779767513275146
DNAJB8_RNA,0.0017673468682914972
MAGEA8_RNA,0.0017239314038306475
WBP2_RNA,0.0017092898488044739
SMCHD1_RNA,0.0016950923018157482
RNF141_RNA,0.0016869885148480535
GATC_RNA,0.001647779019549489
LIAS_RNA,0.0016363178147003055
CEP192_RNA,0.0016228512395173311
OTUD3_RNA,0.0016176102217286825
SMURF2_RNA,0.001610649167560041
CCDC50_RNA,0.0015724337426945567
TFRC_RNA,0.0015558123122900724
MRS2_RNA,0.0015103498008102179
ACR_RNA,0.0015063777100294828
FASTK_RNA,0.001501054153777659
ATAD1_RNA,0.0014872262254357338
HERC5_RNA,0.0014783593360334635
MADCAM1_RNA,0.001433621859177947
SNTG2_RNA,0.0014268456725403666
TBX10_RNA,0.001403344445861876
FBLN7_RNA,0.001377637730911374
PRL_RNA,0.0013726557372137904
HLF_RNA,0.0013574989279732108
OR2A12_RNA,0.001341163762845099
SDHA_RNA,0.0013237760867923498
PRKACB_RNA,0.001293505891226232
XKR4_RNA,0.001293062698096037
MUL1_RNA,0.0012740178499370813
AHCYL2_RNA,0.0012579457834362984
GPR151_RNA,0.0012416273821145296
RASSF1_RNA,0.0011762060457840562
RAB9B_RNA,0.0011443549301475286
FBXL17_RNA,0.0011289038229733706
GTPBP2_RNA,0.0011233399854972959
MUSTN1_RNA,0.001066492055542767
TAF10_RNA,0.0010664910078048706
ARID3B_RNA,0.0010388363152742386
ARCN1_RNA,0.0010352249955758452
RGS7BP_RNA,0.001014868263155222
SPRY4_RNA,9.262480889447033e-4
NDUFA6_RNA,9.168689139187336e-4
MIR578_RNA,9.15639684535563e-4
AKAP5_RNA,9.057677234522998e-4
THAP4_RNA,8.901928667910397e-4
SRFBP1_RNA,8.079169201664627e-4
DDOST_RNA,7.693333318457007e-4
FRMD1_RNA,7.627710001543164e-4
HOMER3_RNA,7.595578790642321e-4
CABP5_RNA,7.45154160540551e-4
ITGB8_RNA,7.249378832057118e-4
ARHGAP23_RNA,6.93956040777266e-4
C4orf51_RNA,6.165446247905493e-4
RRP7A_RNA,6.032255478203297e-4
ZFAT_RNA,5.923655116930604e-4
HAO2_RNA,5.862303078174591e-4
ZNF665_RNA,5.461833789013326e-4
C8orf58_RNA,5.439253873191774e-4
TCOF1_RNA,5.351875443011522e-4
HNF4G_RNA,4.894881276413798e-4
IL18BP_RNA,4.884809604845941e-4
HSPB9_RNA,4.731675726361573e-4
SDR9C7_RNA,4.7271890798583627e-4
ACHE_RNA,4.6617587213404477e-4
KBTBD4_RNA,4.463716468308121e-4
UMODL1_RNA,4.10189590184018e-4
MAEA_RNA,4.099421785213053e-4
GPT_RNA,3.9614923298358917e-4
PTF1A_RNA,3.8033316377550364e-4
ATXN8OS_RNA,3.593557339627296e-4
SCGN_RNA,3.546721418388188e-4
TEX101_RNA,3.508023510221392e-4
TJP2_RNA,3.4646751009859145e-4
ATP6V1E2_RNA,3.3811121829785407e-4
ELOVL5_RNA,2.925546432379633e-4
BCL11A_RNA,2.3550901096314192e-4
SNORD116-11_RNA,2.0158980623818934e-4
KCNK3_RNA,1.9832538964692503e-4
FMNL2_RNA,1.8495108815841377e-4
ALOX12_RNA,1.8473471573088318e-4
ENO2_RNA,1.7256996943615377e-4
RPS6_RNA,1.5773301129229367e-4
FTSJ1_RNA,1.5695104957558215e-4
MIR665_RNA,9.060944285010919e-5
DCD_RNA,9.005934407468885e-5
CEND1_RNA,7.985461706994101e-5
CHCHD4_RNA,7.969711441546679e-5
LRRIQ3_RNA,7.412552076857537e-5
BBS7_RNA,4.4427164539229125e-5
DPH3_RNA,6.010889137542108e-7
GOT2_RNA,-3.279789234511554e-5
VASH1_RNA,-3.364462099852972e-5
DYDC1_RNA,-4.383116538519971e-5
TCF23_RNA,-6.544986536027864e-5
LRRC36_RNA,-6.591551209567115e-5
SCMH1_RNA,-8.154894749168307e-5
CASZ1_RNA,-9.409638732904568e-5
CSMD3_RNA,-1.2181983765913174e-4
IFFO2_RNA,-0.00012862302537541837
TMEM120B_RNA,-1.3738068810198456e-4
RAD54L2_RNA,-2.01244285563007e-4
CHKB_RNA,-2.0741009211633354e-4
SCARNA14_RNA,-2.4033183581195772e-4
GATA5_RNA,-2.4485544417984784e-4
AEBP2_RNA,-2.7819964452646673e-4
PROKR1_RNA,-2.8084966470487416e-4
G6PC2_RNA,-3.020657750312239e-4
FGFR1_RNA,-3.201311337761581e-4
FUNDC1_RNA,-3.203476662747562e-4
ZNF624_RNA,-3.2259520958177745e-4
PLAC8L1_RNA,-3.6511197686195374e-4
RNPC3_RNA,-3.824023297056556e-4
ANKFY1_RNA,-3.8599883555434644e-4
SCFD1_RNA,-4.0197200723923743e-4
CTRB2_RNA,-4.1958712972700596e-4
IL17C_RNA,-4.490340652409941e-4
TOR1B_RNA,-4.6226632548496127e-4
LRCH3_RNA,-4.82179137179628e-4
IPO4_RNA,-5.022331024520099e-4
VPS37A_RNA,-5.09618257638067e-4
C3orf62_RNA,-5.249271634966135e-4
PBX2_RNA,-5.554062663577497e-4
RB1CC1_RNA,-5.616838461719453e-4
TREX2_RNA,-5.791615112684667e-4
RP2_RNA,-6.120660691522062e-4
MAGEB6_RNA,-6.519013550132513e-4
TSR2_RNA,-6.543365307152271e-4
SMOX_RNA,-6.562699563801289e-4
FNDC3A_RNA,-6.771741900593042e-4
AKR1D1_RNA,-6.933454424142838e-4
PPHLN1_RNA,-7.280787685886025e-4
TNNC1_RNA,-7.403466152027249e-4
EFCAB3_RNA,-7.472961442545056e-4
TRPC1_RNA,-7.543822284787893e-4
NELL2_RNA,-7.551972521468997e-4
PCP4_RNA,-7.584406994283199e-4
KDM6A_RNA,-7.932488806545734e-4
PCDHA4_RNA,-8.227358339354396e-4
GANC_RNA,-8.672455442138016e-4
ZNF80_RNA,-8.894416387192905e-4
RPL39_RNA,-8.959523402154446e-4
EIF1_RNA,-9.105488425120711e-4
ATP2A2_RNA,-9.30261448957026e-4
STX17_RNA,-9.540082537569106e-4
SULF2_RNA,-9.701641392894089e-4
TRIM42_RNA,-9.705418488010764e-4
MTCP1_RNA,-9.817618411034346e-4
KRTAP5-1_RNA,-9.838099358603358e-4
TMEM53_RNA,-0.0010125109693035483
ACOT12_RNA,-0.0010355430422350764
MAP2K5_RNA,-0.0010494692251086235
SLC36A2_RNA,-0.001053709420375526
VAX1_RNA,-0.0010574519401416183
QPCTL_RNA,-0.0010577755747362971
PRPS1L1_RNA,-0.0010730827925726771
EXOC7_RNA,-0.001074017258360982
TFPT_RNA,-0.001099403714761138
B3GNT6_RNA,-0.0011449104640632868
SLC32A1_RNA,-0.0011608641361817718
DES_RNA,-0.0012139457976445556
RHOB_RNA,-0.0012218364281579852
PGP_RNA,-0.001240259618498385
ZBTB8OS_RNA,-0.0012471440713852644
SLC35F4_RNA,-0.0012754687340930104
DBX1_RNA,-0.0012875072425231338
NPHP3_RNA,-0.0012998548336327076
ULBP1_RNA,-0.0013413619017228484
ASAP2_RNA,-0.0013613199116662145
ASB18_RNA,-0.001405515125952661
MRPS25_RNA,-0.001413193647749722
KLK3_RNA,-0.001447127666324377
PUS7L_RNA,-0.0014826561091467738
RAB3GAP2_RNA,-0.001492828130722046
IGFALS_RNA,-0.001525193452835083
MIR643_RNA,-0.0015551903052255511
CD38_RNA,-0.0015730964951217175
CLCA1_RNA,-0.001574261812493205
YTHDF3_RNA,-0.0016001680633053184
SNORA65_RNA,-0.0016100340289995074
L3MBTL2_RNA,-0.0016366062918677926
MIR760_RNA,-0.0017115854425355792
IFRD2_RNA,-0.0017255072016268969
LSS_RNA,-0.0017643359024077654
LRRC28_RNA,-0.0017971583874896169
PRPF40B_RNA,-0.0018456128891557455
SLC2A1_RNA,-0.0018695811741054058
PHOX2B_RNA,-0.0018726610578596592
METTL8_RNA,-0.0018750668969005346
RCBTB1_RNA,-0.0018788125598803163
PTHLH_RNA,-0.0018795292126014829
ARHGDIA_RNA,-0.0019479368347674608
STOML3_RNA,-0.00195219402667135
MIR196A2_RNA,-0.001961632864549756
OSGEP_RNA,-0.001983236288651824
YIPF6_RNA,-0.0020118129905313253
TIE1_RNA,-0.0020246203057467937
CLTCL1_RNA,-0.0020347153767943382
RIC8A_RNA,-0.002072811359539628
SNORA15_RNA,-0.0020854100584983826
CCDC90B_RNA,-0.002089909976348281
HMGCS2_RNA,-0.0020938117522746325
PAX2_RNA,-0.0021457134280353785
APOBEC2_RNA,-0.0021981187164783478
NUDT6_RNA,-0.0022260653786361217
SBF2_RNA,-0.0022800832521170378
CYP2E1_RNA,-0.002285170368850231
PFKFB2_RNA,-0.002305673435330391
MANF_RNA,-0.0023414099123328924
LBH_RNA,-0.002345368266105652
POLN_RNA,-0.002349544782191515
PLEKHH2_RNA,-0.0023515806533396244
KIAA0408_RNA,-0.0023596470709890127
MYF6_RNA,-0.0023641958832740784
NCOA1_RNA,-0.0023650885559618473
HSPH1_RNA,-0.0023827259428799152
ID1_RNA,-0.0023887783754616976
BATF3_RNA,-0.002395549090579152
TSSK3_RNA,-0.0023990427143871784
GAPVD1_RNA,-0.0024125429335981607
FAM120A_RNA,-0.002421593526378274
SNX14_RNA,-0.0024365177378058434
GNPNAT1_RNA,-0.0024496654514223337
PPTC7_RNA,-0.002459505805745721
MIR33A_RNA,-0.002462968463078141
FDX1_RNA,-0.0024875090457499027
FBXO9_RNA,-0.002531958045437932
SLC9A6_RNA,-0.0025482778437435627
OR1I1_RNA,-0.002557156840339303
ALG5_RNA,-0.002579856663942337
KLF13_RNA,-0.00260335486382246
PRSS35_RNA,-0.0026072687469422817
MON1B_RNA,-0.0026476376224309206
SPACA4_RNA,-0.002650291658937931
TGM1_RNA,-0.0026529128663241863
GDPD2_RNA,-0.002657433273270726
CSNK1A1_RNA,-0.002701013581827283
ABCD4_RNA,-0.0027253979351371527
EPN1_RNA,-0.002792567713186145
C1QTNF2_RNA,-0.0028115538880228996
GTF2H5_RNA,-0.002817791188135743
NEDD8_RNA,-0.00284994556568563
TCEAL1_RNA,-0.0028811374213546515
OTC_RNA,-0.002903962740674615
LRGUK_RNA,-0.0029452890157699585
SPAG7_RNA,-0.0029495335184037685
NIT1_RNA,-0.0029615827370435
TCTN1_RNA,-0.0029663369059562683
MAP9_RNA,-0.0029674535617232323
DOK4_RNA,-0.002973983297124505
ZCCHC9_RNA,-0.0030083833262324333
STMN2_RNA,-0.0030362140387296677
MPHOSPH8_RNA,-0.00305349612608552
CLTA_RNA,-0.0030560099985450506
CNPY2_RNA,-0.003056687768548727
TGFBR3_RNA,-0.003066123928874731
IL25_RNA,-0.0030681565403938293
HEXIM1_RNA,-0.0030692133586853743
CUL9_RNA,-0.003089845646172762
ZBTB40_RNA,-0.003136990824714303
MYPOP_RNA,-0.0031381158623844385
EPB41L4A_RNA,-0.003173022298142314
TXNDC17_RNA,-0.0031751422211527824
MVK_RNA,-0.003212111769244075
BTBD6_RNA,-0.003241662634536624
ACTG1_RNA,-0.0032541558612138033
KCNA5_RNA,-0.003267817897722125
ZMYM6_RNA,-0.0033028628677129745
DDX6_RNA,-0.003335203044116497
C16orf78_RNA,-0.003344105090945959
CTNNA3_RNA,-0.0034294482320547104
DHX29_RNA,-0.003432675264775753
SEC61A1_RNA,-0.003442042740061879
SNORD53_RNA,-0.0034542351495474577
LOC100310782_RNA,-0.0034766769967973232
KRT77_RNA,-0.0034870048984885216
ZNF790_RNA,-0.003520509460940957
RANBP6_RNA,-0.0035263861063867807
DCP1B_RNA,-0.003541721496731043
TST_RNA,-0.00354318181052804
BICD1_RNA,-0.0035928089637309313
SMYD1_RNA,-0.0036349110305309296
FAM177A1_RNA,-0.003637537593021989
UGGT2_RNA,-0.003666308941319585
ARIH1_RNA,-0.0036809786688536406
MBLAC2_RNA,-0.003705137176439166
UCP1_RNA,-0.0037361220456659794
POLR2A_RNA,-0.0037862099707126617
CDC27_RNA,-0.0038079440128058195
ACOT8_RNA,-0.0038262519519776106
SLC4A4_RNA,-0.0038770558312535286
JAK1_RNA,-0.0039071678183972836
IL13RA2_RNA,-0.0039220284670591354
GALNT1_RNA,-0.003923560958355665
ANKRD11_RNA,-0.00395667040720582
LPCAT3_RNA,-0.004005106631666422
FIS1_RNA,-0.004009629599750042
PTGR1_RNA,-0.00405661016702652
NCKAP5_RNA,-0.004071067553013563
BRCC3_RNA,-0.004080984275788069
LANCL1_RNA,-0.004091386683285236
TJP3_RNA,-0.0041183787398040295
FXYD7_RNA,-0.004139494616538286
TAP1_RNA,-0.00416353577747941
RPL21_RNA,-0.004166665952652693
INSIG2_RNA,-0.004178457893431187
TGDS_RNA,-0.004183072131127119
MBLAC1_RNA,-0.004200467374175787
GSC_RNA,-0.004214904736727476
SLC25A13_RNA,-0.004231349565088749
NEIL2_RNA,-0.004317090846598148
PLEKHB1_RNA,-0.0043381075374782085
PCCA_RNA,-0.004344548564404249
FASTKD2_RNA,-0.004359963349997997
NLRP5_RNA,-0.004369399975985289
KNCN_RNA,-0.004377443343400955
GRIPAP1_RNA,-0.004458277486264706
HTR3E_RNA,-0.004462774842977524
ZNF845_RNA,-0.004466453101485968
DDX50_RNA,-0.004513913299888372
DIS3L2_RNA,-0.0045612649992108345
GALNT3_RNA,-0.004576070699840784
TMEM62_RNA,-0.004578742664307356
KLF1_RNA,-0.004594000987708569
MGLL_RNA,-0.004598298575729132
HBP1_RNA,-0.004600428510457277
OTOP2_RNA,-0.004610233008861542
FAR2_RNA,-0.004616677761077881
DAP3_RNA,-0.004621474072337151
BMS1_RNA,-0.00462358770892024
ZMIZ1_RNA,-0.004647897556424141
VKORC1_RNA,-0.004660078790038824
DRD4_RNA,-0.004679569508880377
TRRAP_RNA,-0.004699704237282276
DPPA2_RNA,-0.004708679858595133
STX8_RNA,-0.00476221926510334
L3MBTL3_RNA,-0.004787552636116743
MAP2K6_RNA,-0.004789902362972498
DCAF4_RNA,-0.004797521512955427
RAB8A_RNA,-0.004828182514756918
TRAF5_RNA,-0.004858957603573799
CNOT1_RNA,-0.004860749933868647
GPR85_RNA,-0.004875532351434231
CA2_RNA,-0.004919837694615126
GALR2_RNA,-0.004959254991263151
BEX2_RNA,-0.004978839308023453
MIR183_RNA,-0.004979786928743124
CBFA2T2_RNA,-0.005010360851883888
TBL1X_RNA,-0.005039836745709181
CDK2AP2_RNA,-0.005043036304414272
ADAM17_RNA,-0.005051043350249529
MIR2276_RNA,-0.005092933773994446
PTCD2_RNA,-0.00519138015806675
MATN1_RNA,-0.005233137868344784
TEX13B_RNA,-0.005233272910118103
MAGEA10_RNA,-0.005243288818746805
SNX33_RNA,-0.005248160567134619
APBB3_RNA,-0.005267112050205469
MYO9B_RNA,-0.005279894918203354
PAX4_RNA,-0.005295389331877232
SPINK4_RNA,-0.005297644529491663
TUBGCP6_RNA,-0.00536242825910449
RASSF2_RNA,-0.0053624724969267845
C8B_RNA,-0.0053635044023394585
MFHAS1_RNA,-0.005381257738918066
PSMA3_RNA,-0.00538763077929616
SUMO3_RNA,-0.005426711868494749
DGCR6_RNA,-0.005429516546428204
GUCA1A_RNA,-0.005463112611323595
UGT1A7_RNA,-0.005528275389224291
MIR1827_RNA,-0.005554618313908577
SLC20A2_RNA,-0.005560920573771
TYW1B_RNA,-0.0055631669238209724
TRAF3IP2_RNA,-0.0055661797523498535
DDX5_RNA,-0.0055878604762256145
MTIF2_RNA,-0.0056093367747962475
KLF10_RNA,-0.005610461812466383
KRT2_RNA,-0.005611393600702286
MRPS15_RNA,-0.005638057366013527
STH_RNA,-0.005668197758495808
TMEM164_RNA,-0.00566944619640708
RNF44_RNA,-0.005708589218556881
SHANK2_RNA,-0.005742501467466354
PSMG1_RNA,-0.0057547674514353275
DDX21_RNA,-0.005754783749580383
SLC35B3_RNA,-0.005758113693445921
FAAH2_RNA,-0.005761935841292143
RCN1_RNA,-0.005762140266597271
KISS1R_RNA,-0.005811240058392286
KLHL10_RNA,-0.005830901209264994
DNAJB7_RNA,-0.005835284013301134
CHD9_RNA,-0.00584035087376833
CPLX4_RNA,-0.005858458112925291
CNKSR3_RNA,-0.005885545164346695
OR52E2_RNA,-0.005930684506893158
ZNF691_RNA,-0.005952928680926561
ZNF674_RNA,-0.0059553044848144054
RECQL5_RNA,-0.0060217296704649925
C1D_RNA,-0.006047800183296204
MTRF1L_RNA,-0.006091568619012833
LDHC_RNA,-0.006096526049077511
EDN1_RNA,-0.006102276500314474
TBL2_RNA,-0.0061317807994782925
MIR769_RNA,-0.00614519277587533
TPD52_RNA,-0.006173546891659498
PCGF1_RNA,-0.00618012947961688
BCL2L11_RNA,-0.006197134032845497
RNF41_RNA,-0.0062169600278139114
RBM15_RNA,-0.006237979047000408
EIF4EBP3_RNA,-0.006253331433981657
SFI1_RNA,-0.006274811457842588
XKR6_RNA,-0.006282483693212271
MAPK1_RNA,-0.006313689984381199
ACTN4_RNA,-0.0063182818703353405
PPIB_RNA,-0.006320243235677481
MIR595_RNA,-0.006334354169666767
HSPB3_RNA,-0.006338098552078009
KRTAP7-1_RNA,-0.0063574896194040775
GABRR1_RNA,-0.006406141445040703
WSB1_RNA,-0.006409799680113792
HSD17B12_RNA,-0.006412402726709843
FZD2_RNA,-0.006446802522987127
PORCN_RNA,-0.006481829099357128
CUX1_RNA,-0.006503115873783827
SLC27A4_RNA,-0.006507400423288345
NDUFB5_RNA,-0.00657910481095314
SCGB1A1_RNA,-0.006586764939129353
POLH_RNA,-0.006609379779547453
KRT6A_RNA,-0.006631117779761553
RALGAPA1_RNA,-0.00664582010358572
SEC16A_RNA,-0.006686558946967125
FGF6_RNA,-0.006704696919769049
IFT20_RNA,-0.006744391284883022
GPD1_RNA,-0.006753318477421999
CST1_RNA,-0.006758235394954681
THADA_RNA,-0.006770807318389416
TCF25_RNA,-0.006783775519579649
USP46_RNA,-0.006806490011513233
ARFGAP2_RNA,-0.006820446811616421
CAV3_RNA,-0.00682224752381444
ZNF630_RNA,-0.0068769934587180614
SERP1_RNA,-0.006886751856654882
ETNK1_RNA,-0.006916295271366835
CRCP_RNA,-0.00693774688988924
NR0B2_RNA,-0.006951457355171442
TIAL1_RNA,-0.006952224764972925
MIR135B_RNA,-0.0069645862095057964
TAOK1_RNA,-0.007022315636277199
GAPDH_RNA,-0.007103596348315477
RAB3A_RNA,-0.007110595703125
TAS2R1_RNA,-0.007156039122492075
ANGPT2_RNA,-0.007173451595008373
FBXO44_RNA,-0.007220987696200609
IDUA_RNA,-0.0072532473132014275
FBP2_RNA,-0.007264652755111456
CEP164_RNA,-0.007267313543707132
PGA3_RNA,-0.0072694155387580395
WDR26_RNA,-0.007271477021276951
DNAJB6_RNA,-0.007281479891389608
USP27X_RNA,-0.0072829341515898705
GDF3_RNA,-0.00728644197806716
CNIH4_RNA,-0.007293135859072208
DIABLO_RNA,-0.0072956690564751625
SLC38A1_RNA,-0.007304408587515354
PLSCR3_RNA,-0.007320909295231104
ERC1_RNA,-0.007334275171160698
TMEM101_RNA,-0.007353116292506456
CHMP4A_RNA,-0.00737521518021822
VEGFB_RNA,-0.00737890787422657
GCC1_RNA,-0.007387571036815643
ARV1_RNA,-0.007429190445691347
UBQLN2_RNA,-0.0074628847651183605
SNORD115-11_RNA,-0.007466693874448538
RNF113A_RNA,-0.0074721029959619045
ZNF276_RNA,-0.007544984575361013
ITGB6_RNA,-0.00755217345431447
KLF14_RNA,-0.007566000800579786
ENGASE_RNA,-0.007574649062007666
NMRAL1_RNA,-0.007575572934001684
GAGE10_RNA,-0.007661194074898958
VAPB_RNA,-0.007700522895902395
FAM184B_RNA,-0.007772285025566816
SNORD104_RNA,-0.00778164342045784
ARHGAP5_RNA,-0.007806261070072651
CDK12_RNA,-0.007833756506443024
MYOZ1_RNA,-0.007850097492337227
SDCBP_RNA,-0.007885664701461792
ZMYM5_RNA,-0.00788886472582817
EIF3A_RNA,-0.00790709350258112
PDE6H_RNA,-0.0079183429479599
FBXW5_RNA,-0.00793435424566269
TBX5_RNA,-0.007941482588648796
GRPEL1_RNA,-0.007975509390234947
SCARNA23_RNA,-0.007999833673238754
DEPDC5_RNA,-0.008034986443817616
SNORD11_RNA,-0.008062726818025112
TET2_RNA,-0.00809626653790474
FAM83E_RNA,-0.00812721811234951
ROBO4_RNA,-0.008129519410431385
HGS_RNA,-0.008147725835442543
NR4A3_RNA,-0.008171215653419495
GCK_RNA,-0.008173788897693157
GATAD1_RNA,-0.008204835467040539
DMRTB1_RNA,-0.008212665095925331
TRIM69_RNA,-0.008240539580583572
CAPN14_RNA,-0.008244724944233894
RNPEP_RNA,-0.008320332504808903
PAN3_RNA,-0.008348319679498672
ROPN1B_RNA,-0.008397994562983513
ACAD11_RNA,-0.008398039266467094
RSU1_RNA,-0.008436446078121662
TMPRSS6_RNA,-0.008511148393154144
CAPZA2_RNA,-0.008519058115780354
HAPLN3_RNA,-0.008521553128957748
DPY19L1_RNA,-0.008537479676306248
MIR181A1_RNA,-0.008540553040802479
STAM2_RNA,-0.008547979407012463
KLHL24_RNA,-0.008597268722951412
NAA20_RNA,-0.008601037785410881
TGM6_RNA,-0.008601234294474125
AS3MT_RNA,-0.008606944233179092
TBCK_RNA,-0.008627320639789104
ZDHHC3_RNA,-0.008663162589073181
OR6X1_RNA,-0.008672538213431835
DERL1_RNA,-0.008677256293594837
GNB5_RNA,-0.008677970618009567
CCNI2_RNA,-0.00868531409651041
SVOPL_RNA,-0.008709928020834923
CMAS_RNA,-0.0087131941691041
RECQL_RNA,-0.008720697835087776
KPNA6_RNA,-0.008741451427340508
OR7C2_RNA,-0.008748927153646946
CRADD_RNA,-0.00875941850244999
PACSIN2_RNA,-0.008771139197051525
MAP1S_RNA,-0.008782590739428997
SNORD109B_RNA,-0.008796016685664654
KIF5B_RNA,-0.008839431218802929
ZNF732_RNA,-0.008936256170272827
BMPER_RNA,-0.008947007358074188
SP7_RNA,-0.008948924951255322
TP53I13_RNA,-0.009005646221339703
ZCWPW2_RNA,-0.009015184827148914
B9D2_RNA,-0.009036153554916382
HPCA_RNA,-0.00905622635036707
SIX2_RNA,-0.009085060097277164
MTX2_RNA,-0.009114211425185204
SURF4_RNA,-0.009207713417708874
BBS9_RNA,-0.00922861136496067
TMEM185A_RNA,-0.009277996607124805
HINT1_RNA,-0.009340382181107998
LRRTM1_RNA,-0.009349064901471138
STYXL1_RNA,-0.009352662600576878
FKBP14_RNA,-0.009357894770801067
CST9_RNA,-0.009373254142701626
ZNF248_RNA,-0.00941779837012291
UGT1A1_RNA,-0.009420971386134624
PIH1D2_RNA,-0.009436121210455894
SNORA70C_RNA,-0.009463846683502197
SLC25A21_RNA,-0.00948238093405962
AP1AR_RNA,-0.009505590423941612
RHOJ_RNA,-0.009508875198662281
MIR210_RNA,-0.00951301958411932
TYRO3_RNA,-0.009530152194201946
PI4K2B_RNA,-0.009533621370792389
GAS2L2_RNA,-0.009562980383634567
C10orf53_RNA,-0.009596483781933784
YIPF2_RNA,-0.009613562375307083
CHST12_RNA,-0.009626253508031368
WTAP_RNA,-0.009677893482148647
RHOA_RNA,-0.009677913039922714
ZKSCAN1_RNA,-0.009682382456958294
SNX27_RNA,-0.009691732004284859
EIF4A2_RNA,-0.009703470394015312
CCDC73_RNA,-0.009708669036626816
FAM20B_RNA,-0.009725485928356647
RAB21_RNA,-0.009737294167280197
TMEM168_RNA,-0.009762188419699669
TATDN3_RNA,-0.009772652760148048
TAS1R3_RNA,-0.00979401171207428
DDHD2_RNA,-0.009835995733737946
SLC45A2_RNA,-0.00986388884484768
LETM2_RNA,-0.009875090792775154
HSP90B3P_RNA,-0.009891833178699017
IGF2BP2_RNA,-0.009921488352119923
SPATA4_RNA,-0.009958582930266857
MBTPS2_RNA,-0.010006492026150227
NTSR1_RNA,-0.010033313184976578
CLINT1_RNA,-0.010044691152870655
RNASE4_RNA,-0.010051615536212921
NOL6_RNA,-0.010066250339150429
SPEF1_RNA,-0.010088418610394001
MIR1278_RNA,-0.010106061585247517
C1orf122_RNA,-0.010111342184245586
COPS7A_RNA,-0.010113013908267021
MIR483_RNA,-0.010134255513548851
NTN3_RNA,-0.010149678215384483
SYNGR3_RNA,-0.010150901973247528
PRTN3_RNA,-0.010177405551075935
TGM5_RNA,-0.010202356614172459
CRYL1_RNA,-0.010202782228589058
RFX5_RNA,-0.0102065559476614
POLG_RNA,-0.01021698396652937
NOP2_RNA,-0.010219340212643147
CMC1_RNA,-0.010237140581011772
CRY2_RNA,-0.010272101499140263
TMED6_RNA,-0.010311535559594631
ZFYVE21_RNA,-0.01033102534711361
TTC8_RNA,-0.010373358614742756
NUDT19_RNA,-0.010375957004725933
CCDC61_RNA,-0.010378502309322357
ZNF451_RNA,-0.010378736071288586
MAP3K14_RNA,-0.010398306883871555
NCOR1_RNA,-0.010410073213279247
TMEM143_RNA,-0.01041608490049839
MAN1A2_RNA,-0.0104405228048563
SLC22A24_RNA,-0.010456823743879795
COX18_RNA,-0.010476343333721161
HDC_RNA,-0.010480229742825031
ZGPAT_RNA,-0.010494864545762539
CXorf58_RNA,-0.010508708655834198
MTO1_RNA,-0.010511031374335289
MXD4_RNA,-0.01055832114070654
ONECUT1_RNA,-0.01056041568517685
GPR148_RNA,-0.010580696165561676
SNORA35_RNA,-0.010611558333039284
NEK8_RNA,-0.010613946244120598
NUBPL_RNA,-0.010652891360223293
CAGE1_RNA,-0.010668139904737473
TRAF3IP1_RNA,-0.010702870786190033
TAS2R7_RNA,-0.010703430511057377
RPN2_RNA,-0.010709530673921108
ATP2C2_RNA,-0.010740765370428562
GTF2E2_RNA,-0.010746303014457226
COPB1_RNA,-0.01075250655412674
SFTPC_RNA,-0.010757584124803543
HBQ1_RNA,-0.010766100138425827
RIOK3_RNA,-0.010800592601299286
DENND4B_RNA,-0.010827607475221157
SECISBP2L_RNA,-0.010863812640309334
DAPL1_RNA,-0.01092969998717308
PPP1R12A_RNA,-0.01094022300094366
AMN1_RNA,-0.01094646193087101
KLF3_RNA,-0.011010510846972466
PSG8_RNA,-0.011026822030544281
TMEM120A_RNA,-0.011062787845730782
FOXR1_RNA,-0.011078700423240662
RALYL_RNA,-0.011079802177846432
AP1S1_RNA,-0.011114055290818214
ALLC_RNA,-0.011132060550153255
BHLHE23_RNA,-0.011147165670990944
HHLA2_RNA,-0.011161565780639648
AGK_RNA,-0.011225016787648201
AP2A1_RNA,-0.011240880936384201
GOLPH3L_RNA,-0.011240954510867596
PRDX4_RNA,-0.011245602741837502
IPO13_RNA,-0.011248146183788776
FN3K_RNA,-0.011256670579314232
DNAJB4_RNA,-0.01126172672957182
DNAJC14_RNA,-0.011291616596281528
AOC2_RNA,-0.011296248063445091
SGSM2_RNA,-0.011323272250592709
PLAC8_RNA,-0.01138657983392477
MPV17_RNA,-0.011418216861784458
PWWP2A_RNA,-0.011422584764659405
FRMD7_RNA,-0.011422665789723396
MDH1B_RNA,-0.011424859054386616
ZNF214_RNA,-0.01142778992652893
CSNK1G2_RNA,-0.011438056826591492
SOX7_RNA,-0.01144252996891737
PDK2_RNA,-0.011536922305822372
ZFP3_RNA,-0.011544973589479923
PCP2_RNA,-0.011601097881793976
ZNF490_RNA,-0.011634284630417824
NHEG1_RNA,-0.011665432713925838
ITGB1BP1_RNA,-0.011679485440254211
FAM114A2_RNA,-0.01173728983849287
NOP10_RNA,-0.01174983847886324
FOXA1_RNA,-0.011756719090044498
RABGGTB_RNA,-0.011779380962252617
FRY_RNA,-0.011801051907241344
PCDHB1_RNA,-0.011828303337097168
DYM_RNA,-0.011868980713188648
SDF2_RNA,-0.011871227994561195
TMED2_RNA,-0.011871312744915485
INTS2_RNA,-0.011917437426745892
RAP1GDS1_RNA,-0.011930529959499836
FRAT1_RNA,-0.011934514157474041
ELMOD3_RNA,-0.011946748942136765
OR2B2_RNA,-0.011959433555603027
MIR1289-2_RNA,-0.011976873502135277
ERBB2_RNA,-0.011985563673079014
CDC42EP1_RNA,-0.012015319429337978
MRGPRD_RNA,-0.012022309936583042
ARFGAP3_RNA,-0.012042617425322533
TM4SF5_RNA,-0.012105767615139484
FSHB_RNA,-0.012116018682718277
CCDC27_RNA,-0.01213226467370987
SNX11_RNA,-0.012152024544775486
RSPH9_RNA,-0.0122091518715024
DNASE2B_RNA,-0.01221249159425497
SLC25A35_RNA,-0.01222421508282423
PPP1R14D_RNA,-0.01222742348909378
THSD7A_RNA,-0.012242685072124004
RABEP1_RNA,-0.01229471992701292
MS4A3_RNA,-0.012325622141361237
PHOX2A_RNA,-0.012346477247774601
TMEM138_RNA,-0.012348058633506298
DTHD1_RNA,-0.012374467216432095
POU5F1_RNA,-0.012383276596665382
CWF19L1_RNA,-0.012404337525367737
TMEM174_RNA,-0.012415658682584763
POMP_RNA,-0.01243414543569088
AQP12A_RNA,-0.01243955921381712
LIMCH1_RNA,-0.012462387792766094
OPTC_RNA,-0.012486975640058517
SCEL_RNA,-0.012499956414103508
ZNF331_RNA,-0.012537003494799137
USP37_RNA,-0.012540922500193119
PPP3R2_RNA,-0.012542643584311008
FGF2_RNA,-0.012548922561109066
ZNF718_RNA,-0.012557080946862698
FKBP8_RNA,-0.012558648362755775
SNUPN_RNA,-0.01255922019481659
SHQ1_RNA,-0.0125639159232378
ALDOB_RNA,-0.012568903155624866
CCDC117_RNA,-0.012573041953146458
BCL6B_RNA,-0.012592571787536144
MYOZ2_RNA,-0.012608806602656841
TTC1_RNA,-0.012615653686225414
ZNF697_RNA,-0.012647651135921478
KIF19_RNA,-0.012650599703192711
FGF21_RNA,-0.012706825509667397
SNORD115-2_RNA,-0.012716793455183506
CLPTM1L_RNA,-0.012730132788419724
ARHGEF16_RNA,-0.012762274593114853
IFIH1_RNA,-0.01276728417724371
IFIT5_RNA,-0.012779043056070805
MIR140_RNA,-0.012788324616849422
COMT_RNA,-0.012805026024580002
CRYBA2_RNA,-0.012831331230700016
LIN7B_RNA,-0.012878931127488613
GK2_RNA,-0.012885413132607937
RUFY4_RNA,-0.012927452102303505
ASB12_RNA,-0.012946637347340584
GNG3_RNA,-0.013003748841583729
DOK6_RNA,-0.013011076487600803
BBS5_RNA,-0.013025027699768543
CACNA1G_RNA,-0.013025455176830292
ANKRD39_RNA,-0.013031515292823315
MTFMT_RNA,-0.013091402128338814
MAPK3_RNA,-0.013122200965881348
ZC3H7B_RNA,-0.013144444674253464
FBXL5_RNA,-0.013149923644959927
GPR142_RNA,-0.0131531972438097
SALL4_RNA,-0.013155118562281132
VPS29_RNA,-0.013173199258744717
ATP6V1F_RNA,-0.013190245255827904
ARL4C_RNA,-0.013207199051976204
PRDM16_RNA,-0.01322387345135212
C5orf22_RNA,-0.013230463489890099
SLC44A1_RNA,-0.013230664655566216
SCGB2A1_RNA,-0.013232543133199215
ZNRF3_RNA,-0.013260062783956528
TM9SF2_RNA,-0.013337241485714912
MIR215_RNA,-0.013353556394577026
ST8SIA3_RNA,-0.013355039060115814
SNX1_RNA,-0.013374515809118748
EIF4G1_RNA,-0.013384616002440453
N6AMT1_RNA,-0.013488846831023693
PTDSS1_RNA,-0.013500019907951355
FGFR1OP2_RNA,-0.013515021651983261
CHD3_RNA,-0.013535710982978344
MIR602_RNA,-0.013578963465988636
IQUB_RNA,-0.0135880708694458
SLC24A5_RNA,-0.013599780388176441
SNORA59A_RNA,-0.013603401370346546
ZNF487_RNA,-0.013613336719572544
GIPC3_RNA,-0.013618288561701775
INSL5_RNA,-0.013625668361783028
SLC31A1_RNA,-0.013638182543218136
YIPF4_RNA,-0.013641071505844593
GAS8_RNA,-0.01366653572767973
JMJD1C_RNA,-0.013731006532907486
NDRG3_RNA,-0.013734668493270874
DDHD1_RNA,-0.013767181895673275
TMEM14B_RNA,-0.013770545832812786
HOXC5_RNA,-0.013775451108813286
LDLRAD1_RNA,-0.013775906525552273
C17orf50_RNA,-0.013783584348857403
ANKRD13A_RNA,-0.01380732748657465
LDHAL6A_RNA,-0.013809354044497013
CCDC13_RNA,-0.0138233108446002
ZCCHC24_RNA,-0.013844332657754421
TRIM35_RNA,-0.013892807997763157
DDX47_RNA,-0.013929253444075584
OSCP1_RNA,-0.01394418440759182
CTNNA1_RNA,-0.01396102923899889
C5orf15_RNA,-0.013976085931062698
OR10H1_RNA,-0.013983692042529583
CDR2_RNA,-0.014000371098518372
CSRNP2_RNA,-0.014019821770489216
ZNF257_RNA,-0.014053665101528168
PRH1_RNA,-0.014066561125218868
DNAJC1_RNA,-0.014113584533333778
SLC27A3_RNA,-0.014142259955406189
NEO1_RNA,-0.014168549329042435
AFM_RNA,-0.014180252328515053
LRTM2_RNA,-0.014191356487572193
ZNF561_RNA,-0.014219406060874462
MIR345_RNA,-0.014236210845410824
BCKDHA_RNA,-0.014303035102784634
SEMA4C_RNA,-0.014311234466731548
HSPA4L_RNA,-0.014314946718513966
SLC7A6OS_RNA,-0.014318756759166718
SLC17A1_RNA,-0.014343305490911007
CXCL11_RNA,-0.014344017021358013
PPP3R1_RNA,-0.014356005005538464
TAS2R20_RNA,-0.01435660757124424
KTN1_RNA,-0.01436291728168726
OR5K2_RNA,-0.014389672316610813
ZNF546_RNA,-0.014397772960364819
PEX13_RNA,-0.014418565668165684
ZNF83_RNA,-0.014455193653702736
MIR146B_RNA,-0.014461660757660866
GDNF_RNA,-0.014467568136751652
ZFP42_RNA,-0.014493443071842194
RNF151_RNA,-0.014504749327898026
FAM83C_RNA,-0.014519899152219296
KCTD16_RNA,-0.014531249180436134
KRT71_RNA,-0.014607226476073265
ZNF18_RNA,-0.014617759734392166
FAM41C_RNA,-0.01464781817048788
ALDH7A1_RNA,-0.014650543220341206
CCL16_RNA,-0.014687908813357353
ADCK5_RNA,-0.014718575403094292
MMS19_RNA,-0.014719846658408642
FOXE1_RNA,-0.014727180823683739
ERP44_RNA,-0.014751408249139786
AMFR_RNA,-0.014751454815268517
MIR589_RNA,-0.014787780120968819
ZNF154_RNA,-0.014806145802140236
PIGL_RNA,-0.01480703242123127
NR3C1_RNA,-0.014827022328972816
CDH22_RNA,-0.014832003973424435
MTM1_RNA,-0.01483375858515501
RAB22A_RNA,-0.01488406490534544
LRRC8B_RNA,-0.014980465173721313
SPATA22_RNA,-0.015046384185552597
MRPS16_RNA,-0.015051491558551788
TAS2R42_RNA,-0.015058660879731178
BMP8B_RNA,-0.015090487897396088
SNORD96B_RNA,-0.015116122551262379
TMEM30A_RNA,-0.015116210095584393
ZNF132_RNA,-0.015121633186936378
SAMD8_RNA,-0.015146235935389996
GGA1_RNA,-0.015146445482969284
NTN5_RNA,-0.015178892761468887
SVOP_RNA,-0.01518691424280405
HSPA4_RNA,-0.015199973247945309
AP1M2_RNA,-0.015215462073683739
NUDCD3_RNA,-0.01525408960878849
CDS2_RNA,-0.015255646780133247
PSMD9_RNA,-0.015296951867640018
BAIAP3_RNA,-0.015309728682041168
NEK9_RNA,-0.01534121111035347
QRICH2_RNA,-0.015349755063652992
TAGLN2_RNA,-0.015387609601020813
MIR628_RNA,-0.01540896762162447
CLCN2_RNA,-0.015432271175086498
FAM149B1_RNA,-0.015491968020796776
SNORD115-18_RNA,-0.015535568818449974
VDAC2_RNA,-0.015538521111011505
TEX264_RNA,-0.015565050765872002
TKTL2_RNA,-0.015623213723301888
MAP1LC3B_RNA,-0.015677720308303833
KRCC1_RNA,-0.01568332500755787
MIR200A_RNA,-0.015756769105792046
NPR2_RNA,-0.01576702855527401
MPV17L_RNA,-0.01579870469868183
PPP1R12B_RNA,-0.01580275408923626
LALBA_RNA,-0.01581817865371704
MIR592_RNA,-0.01585066132247448
IPMK_RNA,-0.015887105837464333
SCAND3_RNA,-0.015895070508122444
PSMD1_RNA,-0.015902357175946236
C14orf119_RNA,-0.01594468578696251
TMEM86B_RNA,-0.015948183834552765
CHRNA10_RNA,-0.01594964973628521
MYL1_RNA,-0.015961671248078346
GPR152_RNA,-0.01596440188586712
MIR128-2_RNA,-0.01597043313086033
MAGEE2_RNA,-0.015972252935171127
SNORD88A_RNA,-0.01600031368434429
SNORD115-43_RNA,-0.016013862565159798
OR52B2_RNA,-0.016014697030186653
CDK13_RNA,-0.01603994145989418
KCNK9_RNA,-0.016062526032328606
MIR551A_RNA,-0.016076821833848953
PCDHGB6_RNA,-0.01607877016067505
FSD2_RNA,-0.016088956966996193
HSPBAP1_RNA,-0.016114255413413048
AMBN_RNA,-0.01614042930305004
BCL7B_RNA,-0.016201186925172806
FBXO17_RNA,-0.016206322237849236
SBNO1_RNA,-0.016260020434856415
ATP13A2_RNA,-0.016270706430077553
OPN1SW_RNA,-0.016272883862257004
EML4_RNA,-0.016302291303873062
MIR1208_RNA,-0.016307586804032326
CHCHD1_RNA,-0.016348466277122498
TTC29_RNA,-0.016390686854720116
TSC1_RNA,-0.016401469707489014
THOC7_RNA,-0.016414839774370193
ZNF813_RNA,-0.016481759026646614
CCS_RNA,-0.016482852399349213
CEPT1_RNA,-0.01650225557386875
TIGD2_RNA,-0.016515623778104782
SLC25A14_RNA,-0.016531432047486305
GEMIN7_RNA,-0.016559267416596413
XIAP_RNA,-0.01656712219119072
EML6_RNA,-0.016571467742323875
PLA2G4F_RNA,-0.016601787880063057
ZSWIM3_RNA,-0.016604971140623093
RAD21L1_RNA,-0.01661759987473488
CDC42BPB_RNA,-0.016632020473480225
PRR12_RNA,-0.01665586046874523
SNORD115-1_RNA,-0.01667415350675583
PIGK_RNA,-0.016685234382748604
EYA2_RNA,-0.01669812761247158
SOX10_RNA,-0.0167064368724823
STRADA_RNA,-0.016720905900001526
ZNF688_RNA,-0.01675318367779255
ZCWPW1_RNA,-0.016788460314273834
SBF1_RNA,-0.016843179240822792
SRGAP1_RNA,-0.016845514997839928
IFT172_RNA,-0.016880011186003685
STK31_RNA,-0.016881320625543594
CTDP1_RNA,-0.016886243596673012
DYNLL1_RNA,-0.016964362934231758
SEC31B_RNA,-0.01700437441468239
IL22_RNA,-0.017008351162075996
OR10G3_RNA,-0.01700972393155098
C6orf47_RNA,-0.01701526530086994
MANSC1_RNA,-0.01704154908657074
CTNNA2_RNA,-0.017112666741013527
NDUFA4_RNA,-0.01713695377111435
SMAD3_RNA,-0.0171595998108387
SBF1P1_RNA,-0.01717522367835045
FAM193B_RNA,-0.01720295660197735
MIR130B_RNA,-0.01722748763859272
PNMT_RNA,-0.017240552231669426
WHAMM_RNA,-0.017258821055293083
C16orf90_RNA,-0.017278892919421196
CNOT2_RNA,-0.017288032919168472
DDX4_RNA,-0.017288878560066223
PPP1R13L_RNA,-0.017289383336901665
SNX7_RNA,-0.017309505492448807
IFI44L_RNA,-0.017333539202809334
EDARADD_RNA,-0.0173556637018919
DYRK4_RNA,-0.017401404678821564
RUFY2_RNA,-0.017404189333319664
SERPINE3_RNA,-0.017416134476661682
MIR26A2_RNA,-0.017422527074813843
TTLL3_RNA,-0.017423558980226517
CETP_RNA,-0.01742590218782425
PEBP1_RNA,-0.017510972917079926
RAPGEFL1_RNA,-0.017519857734441757
NDUFAF3_RNA,-0.017541857436299324
MTMR3_RNA,-0.017559846863150597
CSRNP1_RNA,-0.017563631758093834
ATP9A_RNA,-0.017625870183110237
RPUSD3_RNA,-0.017634140327572823
YWHAB_RNA,-0.017635390162467957
OTX2_RNA,-0.0176383163779974
KIN_RNA,-0.017694277688860893
ELANE_RNA,-0.017740128561854362
FLYWCH1_RNA,-0.0177638940513134
ZNRF4_RNA,-0.01779148355126381
CDK5_RNA,-0.017816245555877686
RORA_RNA,-0.017861753702163696
GGT6_RNA,-0.01787584088742733
NR1D2_RNA,-0.017883284017443657
E2F4_RNA,-0.017893580719828606
EME2_RNA,-0.017915265634655952
DUOX2_RNA,-0.017934760078787804
C16orf74_RNA,-0.017949718981981277
ZNF277_RNA,-0.017961615696549416
HSP90AB2P_RNA,-0.017984239384531975
CCDC134_RNA,-0.0179861132055521
REN_RNA,-0.018046552315354347
LRRC55_RNA,-0.01804666966199875
MCOLN1_RNA,-0.018052585422992706
CD68_RNA,-0.01806797832250595
VIL1_RNA,-0.018087005242705345
SYNRG_RNA,-0.018127793446183205
ZNF280D_RNA,-0.018128493800759315
COMMD5_RNA,-0.01813391223549843
ALKBH3_RNA,-0.018148312345147133
SNORA33_RNA,-0.01817566156387329
SPRED1_RNA,-0.01819721795618534
KIRREL2_RNA,-0.018234306946396828
ZNF524_RNA,-0.01823449693620205
USP45_RNA,-0.018257787451148033
TMCO5A_RNA,-0.018258986994624138
TACR3_RNA,-0.018261944875121117
LACTB2_RNA,-0.01827440783381462
SDCBP2_RNA,-0.018275173380970955
OXA1L_RNA,-0.018278982490301132
ACTL7B_RNA,-0.018317032605409622
LCA5_RNA,-0.018319861963391304
UROD_RNA,-0.01832902804017067
PFDN5_RNA,-0.018359089270234108
LEFTY2_RNA,-0.01836429536342621
CDV3_RNA,-0.01837737299501896
COX4I1_RNA,-0.018406525254249573
ASB13_RNA,-0.018410341814160347
CA9_RNA,-0.018428081646561623
PLEKHO1_RNA,-0.018498769029974937
FRMD8_RNA,-0.01850462518632412
TEKT1_RNA,-0.018519967794418335
IGF1R_RNA,-0.018520599231123924
ASCC2_RNA,-0.01852913573384285
DIP2A_RNA,-0.018534241244196892
SLC17A7_RNA,-0.018539533019065857
N4BP1_RNA,-0.01856781356036663
ANGPT4_RNA,-0.01857302151620388
NAA38_RNA,-0.018581237643957138
UBE2H_RNA,-0.018584370613098145
PFKP_RNA,-0.018589327111840248
TMEM42_RNA,-0.018591972067952156
BFAR_RNA,-0.01860078237950802
OTUD4_RNA,-0.01865023747086525
TAT_RNA,-0.018671201542019844
C1orf185_RNA,-0.018701748922467232
SNORD105_RNA,-0.018705449998378754
FAM167A_RNA,-0.018707716837525368
PRKCG_RNA,-0.018752533942461014
SLC28A2_RNA,-0.018759798258543015
KIDINS220_RNA,-0.018802862614393234
MIR1180_RNA,-0.018818102777004242
NUBP1_RNA,-0.01883668452501297
MAP3K10_RNA,-0.018861575052142143
BDH2_RNA,-0.018872251734137535
MRPL43_RNA,-0.0188883226364851
SMARCAL1_RNA,-0.018893416970968246
MIR629_RNA,-0.01893184334039688
ITPK1_RNA,-0.018956556916236877
WFDC8_RNA,-0.01896093413233757
AGL_RNA,-0.01900627836585045
TRAPPC1_RNA,-0.019008029252290726
FBN2_RNA,-0.019048651680350304
ACMSD_RNA,-0.019052205607295036
WNT9A_RNA,-0.01905493438243866
UPRT_RNA,-0.019075071439146996
GBA3_RNA,-0.01908170059323311
PSMD5_RNA,-0.01908448338508606
TM9SF3_RNA,-0.019087255001068115
MARK2_RNA,-0.01910305954515934
ZRANB1_RNA,-0.019109901040792465
PKD1_RNA,-0.019116533920168877
TCP11_RNA,-0.019132064655423164
RASL11B_RNA,-0.019183777272701263
GAK_RNA,-0.019206304103136063
MPP3_RNA,-0.019212283194065094
TARBP1_RNA,-0.019246434792876244
MAPRE2_RNA,-0.01925402134656906
SLC25A11_RNA,-0.019261540845036507
CALM3_RNA,-0.019330885261297226
ALG13_RNA,-0.01937972940504551
ADAM30_RNA,-0.019419068470597267
PODN_RNA,-0.01943022944033146
DIS3L_RNA,-0.019468732178211212
CRISP2_RNA,-0.01950366608798504
UEVLD_RNA,-0.019522424787282944
MECP2_RNA,-0.019526198506355286
WFDC11_RNA,-0.019536729902029037
HADHA_RNA,-0.01954292692244053
IFITM5_RNA,-0.019564257934689522
ZNF652_RNA,-0.019578592851758003
MIR1322_RNA,-0.0196557454764843
HCFC1R1_RNA,-0.01966318115592003
GBX1_RNA,-0.019670935347676277
CLEC16A_RNA,-0.019671451300382614
HOXB2_RNA,-0.01967689022421837
FADD_RNA,-0.01967780664563179
MUC16_RNA,-0.01968531310558319
GGCT_RNA,-0.019702069461345673
TRIM31_RNA,-0.01973707228899002
TMED7-TICAM2_RNA,-0.01979890465736389
RHOU_RNA,-0.019818993285298347
OTUB2_RNA,-0.019843680784106255
NPAS4_RNA,-0.019905848428606987
AQP10_RNA,-0.019908400252461433
GOLGA7B_RNA,-0.019982969388365746
TBC1D24_RNA,-0.01998981647193432
ZNF503_RNA,-0.020013246685266495
GP5_RNA,-0.02002800814807415
TM2D1_RNA,-0.020047849044203758
MIR942_RNA,-0.020083758980035782
CIB4_RNA,-0.020083870738744736
P2RX2_RNA,-0.020084738731384277
C12orf71_RNA,-0.020118681713938713
SMAD2_RNA,-0.02014504000544548
EZH1_RNA,-0.020241621881723404
CALM2_RNA,-0.020304350182414055
FAM107A_RNA,-0.020349308848381042
LYSMD3_RNA,-0.020351218059659004
EIF3K_RNA,-0.020394567400217056
TMEM19_RNA,-0.02039741910994053
RABL3_RNA,-0.020413093268871307
HSD17B2_RNA,-0.020416008308529854
ANKMY1_RNA,-0.020438309758901596
MIR503_RNA,-0.02044888772070408
KRTAP5-9_RNA,-0.020474983379244804
MOSPD1_RNA,-0.02048070915043354
TTL_RNA,-0.020482903346419334
AGAP11_RNA,-0.020506443455815315
AIDA_RNA,-0.020516294986009598
TSSK4_RNA,-0.020516643300652504
HCN4_RNA,-0.02052479423582554
PTGER3_RNA,-0.020570695400238037
SH3RF3_RNA,-0.020573485642671585
CYCSP52_RNA,-0.020574072375893593
TRIM55_RNA,-0.020583299919962883
GMPR2_RNA,-0.020612232387065887
HCCS_RNA,-0.02069961279630661
ACOT13_RNA,-0.020704317837953568
FAM9B_RNA,-0.02072848565876484
LAGE3_RNA,-0.020797576755285263
GAB4_RNA,-0.020816031843423843
MKNK2_RNA,-0.020838895812630653
WWC3_RNA,-0.020846890285611153
NRN1L_RNA,-0.020853912457823753
RAP2C_RNA,-0.020861824974417686
OR51B5_RNA,-0.02086307294666767
PPT1_RNA,-0.02090383693575859
C20orf173_RNA,-0.020915333181619644
PRR5L_RNA,-0.020929548889398575
SLC1A1_RNA,-0.02093874290585518
NPLOC4_RNA,-0.020955411717295647
ATP8B2_RNA,-0.021018140017986298
ALDH1L2_RNA,-0.021024074405431747
CCDC40_RNA,-0.021042054519057274
SLC10A2_RNA,-0.021051328629255295
NTF4_RNA,-0.02105291746556759
MOV10_RNA,-0.021060604602098465
ZNF526_RNA,-0.021094268187880516
XPNPEP1_RNA,-0.021097607910633087
AVIL_RNA,-0.021124286577105522
GMDS_RNA,-0.021151261404156685
GNB4_RNA,-0.021156225353479385
N4BP2L2_RNA,-0.021167006343603134
DEPDC4_RNA,-0.02118152566254139
ITIH4_RNA,-0.02118362858891487
RPS12_RNA,-0.021190254017710686
FRAS1_RNA,-0.021191749721765518
UCHL3_RNA,-0.021199824288487434
UBN1_RNA,-0.021200671792030334
POP4_RNA,-0.021211588755249977
SNORD67_RNA,-0.021217171102762222
ACO2_RNA,-0.02122526429593563
CT62_RNA,-0.021232951432466507
HCG18_RNA,-0.021242989227175713
C16orf82_RNA,-0.02128557115793228
PILRB_RNA,-0.021327044814825058
EEF1B2_RNA,-0.021347183734178543
VWA5B1_RNA,-0.021377410739660263
ANKRD16_RNA,-0.021409163251519203
TXNDC9_RNA,-0.021409599110484123
ASTN2_RNA,-0.021414678543806076
GTF2H1_RNA,-0.02141704224050045
SYS1_RNA,-0.021418007090687752
KIFC2_RNA,-0.02141951583325863
MEGF6_RNA,-0.021420307457447052
ATRN_RNA,-0.021433614194393158
GYS1_RNA,-0.0215276088565588
SLC33A1_RNA,-0.021527636796236038
A1BG_RNA,-0.021549226716160774
PPP2R2D_RNA,-0.02155587263405323
ASPH_RNA,-0.02158643677830696
BTRC_RNA,-0.021600941196084023
TM4SF1_RNA,-0.021602507680654526
ZBTB37_RNA,-0.021637219935655594
STT3B_RNA,-0.021639853715896606
AZI2_RNA,-0.021699072793126106
EPHB4_RNA,-0.021727772429585457
AP4E1_RNA,-0.02172965183854103
GLP1R_RNA,-0.021739425137639046
CLP1_RNA,-0.021755410358309746
ATP6V1C2_RNA,-0.02176293171942234
SSX2IP_RNA,-0.021778490394353867
TRIM10_RNA,-0.021784162148833275
UROC1_RNA,-0.021793482825160027
MTF1_RNA,-0.021800905466079712
RSPO1_RNA,-0.021813388913869858
ANKRD27_RNA,-0.021817676723003387
INCA1_RNA,-0.021833695471286774
MIR29A_RNA,-0.02185281738638878
SLC14A1_RNA,-0.021872704848647118
IPP_RNA,-0.021902482956647873
LCN8_RNA,-0.021910564973950386
ZFR2_RNA,-0.021935487166047096
LRRN4_RNA,-0.02198057249188423
PTPRO_RNA,-0.02198655530810356
CDKN1C_RNA,-0.022024644538760185
HDAC4_RNA,-0.02207757532596588
EML5_RNA,-0.022175297141075134
MCEE_RNA,-0.022180529311299324
ABHD3_RNA,-0.02218783088028431
ESX1_RNA,-0.02221185341477394
P2RY4_RNA,-0.022260818630456924
TSKU_RNA,-0.022342659533023834
PAG1_RNA,-0.02234404906630516
DCTN1_RNA,-0.022362230345606804
UBE2U_RNA,-0.02239144966006279
RBM24_RNA,-0.022400274872779846
VPS36_RNA,-0.02243630401790142
SEH1L_RNA,-0.02244478091597557
PSEN1_RNA,-0.022466054186224937
ZNF169_RNA,-0.022506630048155785
BNIP2_RNA,-0.022538363933563232
NSUN3_RNA,-0.02254549413919449
RNF123_RNA,-0.022549400106072426
CDH6_RNA,-0.022572020068764687
NPBWR2_RNA,-0.022578077390789986
TMEM89_RNA,-0.022578349336981773
GDF7_RNA,-0.022597189992666245
SAMD4A_RNA,-0.022599002346396446
C1orf198_RNA,-0.02263237163424492
TMIE_RNA,-0.022672139108181
ALG1_RNA,-0.02267765812575817
ICMT_RNA,-0.022720610722899437
MED15_RNA,-0.022730741649866104
DUOXA2_RNA,-0.022741906344890594
ALPI_RNA,-0.022767219692468643
INPP5A_RNA,-0.022787610068917274
PABPC1_RNA,-0.022825947031378746
A2ML1_RNA,-0.022828202694654465
ST3GAL2_RNA,-0.022846145555377007
MATN3_RNA,-0.02284982055425644
SUOX_RNA,-0.022853126749396324
ATP9B_RNA,-0.022870199754834175
URGCP_RNA,-0.022893749177455902
STYX_RNA,-0.02289525419473648
NFE2L2_RNA,-0.02291002683341503
ENTPD5_RNA,-0.022929714992642403
ALKBH5_RNA,-0.02293272130191326
TMEM132C_RNA,-0.022990789264440536
TPMT_RNA,-0.02299603447318077
BMPR2_RNA,-0.02304675802588463
SLFNL1_RNA,-0.02309887483716011
RALGAPB_RNA,-0.02310924232006073
KRTCAP3_RNA,-0.02312183566391468
MIR598_RNA,-0.023128071799874306
KCTD7_RNA,-0.023141155019402504
PPA1_RNA,-0.02317218668758869
LAG3_RNA,-0.023180536925792694
ENC1_RNA,-0.023184865713119507
TEAD3_RNA,-0.023189697414636612
ZNF540_RNA,-0.023196903988718987
MTG1_RNA,-0.0232202410697937
SNORD115-6_RNA,-0.023260366171598434
LIN7C_RNA,-0.023267652839422226
CDC40_RNA,-0.023311229422688484
PPP1CA_RNA,-0.023328572511672974
PDE12_RNA,-0.023371661081910133
PCDHB7_RNA,-0.0233844593167305
STOX2_RNA,-0.02338983118534088
LIG4_RNA,-0.023404013365507126
RNF19A_RNA,-0.023411689326167107
ZNF518B_RNA,-0.02341936156153679
RGR_RNA,-0.023440973833203316
TTLL8_RNA,-0.02344413287937641
MT1E_RNA,-0.023482875898480415
F11_RNA,-0.023505469784140587
NRBP1_RNA,-0.023547247052192688
L1TD1_RNA,-0.02355302684009075
BOC_RNA,-0.023577073588967323
BCAR3_RNA,-0.023580266162753105
SNORD116-17_RNA,-0.02358967997133732
GABARAPL3_RNA,-0.02359563671052456
F3_RNA,-0.023603681474924088
BTAF1_RNA,-0.02361154742538929
C8G_RNA,-0.023634564131498337
C12orf42_RNA,-0.023652208968997
MAX_RNA,-0.023654554039239883
DNAJC10_RNA,-0.023672040551900864
ACTR1A_RNA,-0.023704908788204193
MESTIT1_RNA,-0.023741979151964188
LCE1E_RNA,-0.023769229650497437
ZNF329_RNA,-0.02380233258008957
RDH14_RNA,-0.02383989281952381
NBAS_RNA,-0.02384359762072563
KIR3DL1_RNA,-0.023856403306126595
CYP51A1_RNA,-0.023867329582571983
FAM50A_RNA,-0.02389177680015564
MIR153-2_RNA,-0.023901190608739853
MIR1913_RNA,-0.023918112739920616
SPNS1_RNA,-0.02395041286945343
FRMD6_RNA,-0.023957641795277596
DGKK_RNA,-0.02395901083946228
SCYL2_RNA,-0.023962004110217094
MIR125B1_RNA,-0.02396787703037262
TECPR2_RNA,-0.023970890790224075
HSPA8_RNA,-0.02398821897804737
RBX1_RNA,-0.02399883233010769
CALR_RNA,-0.024009041488170624
MIR199B_RNA,-0.02401151694357395
AP3B1_RNA,-0.024011658504605293
GK5_RNA,-0.02402660809457302
MIR634_RNA,-0.024050923064351082
TNMD_RNA,-0.024119239300489426
DMRT3_RNA,-0.02413785830140114
DBNDD1_RNA,-0.024155128747224808
WNT5B_RNA,-0.024195365607738495
APEX2_RNA,-0.024217499420046806
SNORA31_RNA,-0.02423238568007946
UBA6_RNA,-0.024304736405611038
PROC_RNA,-0.024307040497660637
CDC42BPG_RNA,-0.024315325543284416
ZNF708_RNA,-0.024319473654031754
CMTM3_RNA,-0.024352431297302246
KRT14_RNA,-0.024361710995435715
ZNF33B_RNA,-0.024364614859223366
BCKDK_RNA,-0.024401092901825905
MIR218-2_RNA,-0.02440357767045498
OR5AU1_RNA,-0.024426346644759178
SMUG1_RNA,-0.024518167600035667
THTPA_RNA,-0.024538053199648857
PDCD11_RNA,-0.02457030490040779
CEP120_RNA,-0.024617547169327736
MC5R_RNA,-0.024619800969958305
PDCD10_RNA,-0.024639319628477097
SUPT6H_RNA,-0.02465318702161312
WFDC10B_RNA,-0.024690138176083565
CLSTN3_RNA,-0.02469436638057232
IGSF8_RNA,-0.024707728996872902
AHCTF1_RNA,-0.024725113064050674
VPS37C_RNA,-0.024812985211610794
SLC12A8_RNA,-0.02481333538889885
LETMD1_RNA,-0.024822071194648743
FABP1_RNA,-0.02486836537718773
WDR31_RNA,-0.02487025037407875
ZNF575_RNA,-0.02487419731914997
SCARNA11_RNA,-0.02488425374031067
RAB40A_RNA,-0.02490503527224064
C15orf39_RNA,-0.02494932897388935
HYAL4_RNA,-0.024951763451099396
CLEC3B_RNA,-0.024953162297606468
CLDND2_RNA,-0.024970972910523415
DACH1_RNA,-0.02497696503996849
NLRP9_RNA,-0.02499672956764698
CXCL17_RNA,-0.02503708377480507
FBXL18_RNA,-0.025044705718755722
MIR766_RNA,-0.025061050429940224
HIGD1A_RNA,-0.025083690881729126
KRTAP11-1_RNA,-0.025114919990301132
OCEL1_RNA,-0.025131724774837494
PRDM15_RNA,-0.025132708251476288
ATG3_RNA,-0.02513517066836357
OR2A5_RNA,-0.025150347501039505
EPB41L4B_RNA,-0.02521912008523941
HOMER1_RNA,-0.02522176504135132
ESRRB_RNA,-0.025263449177145958
MICAL3_RNA,-0.025265922769904137
OGT_RNA,-0.025300506502389908
ACAD9_RNA,-0.025309469550848007
EPHA7_RNA,-0.025363869965076447
ACSL6_RNA,-0.025399629026651382
DPP8_RNA,-0.025407545268535614
PPP1R2_RNA,-0.025425558909773827
CYP4F2_RNA,-0.025440126657485962
BCL2L14_RNA,-0.02547663450241089
BLVRA_RNA,-0.025493834167718887
MFSD8_RNA,-0.02549954317510128
REM1_RNA,-0.02555568516254425
OGFOD2_RNA,-0.02557569183409214
PHF23_RNA,-0.025579549372196198
MRPL33_RNA,-0.02560294233262539
HMBOX1_RNA,-0.025621337816119194
SNORA70B_RNA,-0.025636594742536545
CSGALNACT2_RNA,-0.025672120973467827
PSORS1C2_RNA,-0.025679754093289375
FCRL4_RNA,-0.02571091428399086
ITFG2_RNA,-0.025780273601412773
TCTN2_RNA,-0.025788219645619392
JOSD1_RNA,-0.0258371252566576
GLRX3_RNA,-0.025866732001304626
DDC_RNA,-0.02587820775806904
RPN1_RNA,-0.025905370712280273
UBE2W_RNA,-0.0259262602776289
CANT1_RNA,-0.02594711072742939
MIR1266_RNA,-0.02599601447582245
HYAL3_RNA,-0.025998465716838837
FBXO38_RNA,-0.026001859456300735
OXNAD1_RNA,-0.026011887937784195
PBXIP1_RNA,-0.026015685871243477
MIR1276_RNA,-0.02601861022412777
YPEL3_RNA,-0.026026207953691483
PLA2G1B_RNA,-0.02603151462972164
LCT_RNA,-0.026084216311573982
PRSS48_RNA,-0.026086099445819855
MAN1B1_RNA,-0.026089156046509743
PCDH7_RNA,-0.026109233498573303
AKAP3_RNA,-0.02611878328025341
DAP_RNA,-0.026119479909539223
MAP4K4_RNA,-0.026121826842427254
THAP6_RNA,-0.02613767236471176
TRIM15_RNA,-0.02614031359553337
OSBPL8_RNA,-0.02614440582692623
MIR455_RNA,-0.02616460621356964
ARHGEF10_RNA,-0.026193702593445778
FOXI3_RNA,-0.026223199442029
ENOX1_RNA,-0.02626650407910347
PROP1_RNA,-0.02628451958298683
WDFY2_RNA,-0.026296192780137062
PDLIM3_RNA,-0.026308773085474968
MIR376A1_RNA,-0.0263456292450428
ZNF613_RNA,-0.026347104460000992
CHURC1_RNA,-0.026352617889642715
APEH_RNA,-0.02637583017349243
VKORC1L1_RNA,-0.026379797607660294
ISCA2_RNA,-0.02638019062578678
MIR30E_RNA,-0.02639060840010643
HSD17B8_RNA,-0.02639123983681202
MIR2052_RNA,-0.02640831284224987
ADAM19_RNA,-0.026409009471535683
ZFX_RNA,-0.026414750143885612
CALD1_RNA,-0.02644491009414196
UTF1_RNA,-0.026467520743608475
KCTD18_RNA,-0.026475029066205025
SNX8_RNA,-0.026476798579096794
SUCLG2_RNA,-0.026529435068368912
DUSP4_RNA,-0.026533523574471474
HDDC2_RNA,-0.026555245742201805
HCG9_RNA,-0.026561789214611053
HIGD1C_RNA,-0.026569336652755737
SLC6A3_RNA,-0.026574863120913506
TLR9_RNA,-0.026605216786265373
ALKBH6_RNA,-0.026646874845027924
SLC25A32_RNA,-0.026654919609427452
IL10RB_RNA,-0.026706513017416
ERLEC1_RNA,-0.02672523260116577
HOXC12_RNA,-0.026755502447485924
CDH3_RNA,-0.02676256373524666
SYT8_RNA,-0.02686784230172634
ACAD10_RNA,-0.02688593976199627
OTUD7B_RNA,-0.02690354362130165
HMOX2_RNA,-0.02691628597676754
LCN10_RNA,-0.02692553959786892
NDUFB1_RNA,-0.02693960629403591
MIR656_RNA,-0.026945102959871292
IRS2_RNA,-0.02699827216565609
BTD_RNA,-0.027012726292014122
GNAQ_RNA,-0.02704470604658127
PFKM_RNA,-0.02707664854824543
APOA5_RNA,-0.027096785604953766
MIR130A_RNA,-0.027116956189274788
MIR554_RNA,-0.0271427184343338
RAI2_RNA,-0.027143124490976334
VDAC1_RNA,-0.02715022675693035
CYP4A11_RNA,-0.027187200263142586
GJB7_RNA,-0.027187861502170563
TAF8_RNA,-0.027211733162403107
COCH_RNA,-0.027223331853747368
UBE2V1_RNA,-0.027237582951784134
ZDHHC18_RNA,-0.027243705466389656
MIR1185-1_RNA,-0.02724638022482395
TRIM29_RNA,-0.02725270576775074
SNORD62B_RNA,-0.027257494628429413
CBY3_RNA,-0.027301914989948273
RAP1A_RNA,-0.027309926226735115
PCDHGB1_RNA,-0.02732257917523384
LYPLAL1_RNA,-0.02736947312951088
ABCB8_RNA,-0.02739737741649151
DACH2_RNA,-0.027443040162324905
TRIOBP_RNA,-0.027447689324617386
AKR7A2_RNA,-0.02748524211347103
CCDC83_RNA,-0.02749047987163067
POPDC2_RNA,-0.02749718725681305
MIR369_RNA,-0.027497969567775726
MLNR_RNA,-0.02752228081226349
MGC27382_RNA,-0.027568858116865158
KLHL18_RNA,-0.027569741010665894
JAKMIP1_RNA,-0.027606714516878128
FGFR2_RNA,-0.0276340339332819
IRX6_RNA,-0.02764938585460186
LGR6_RNA,-0.027669593691825867
NHLRC2_RNA,-0.027724670246243477
SNX17_RNA,-0.02774299681186676
KRT84_RNA,-0.027757640928030014
DSG4_RNA,-0.02776998281478882
SLC35A2_RNA,-0.027770599350333214
PDYN_RNA,-0.027794618159532547
CSNK1G1_RNA,-0.02784734219312668
TMEM214_RNA,-0.027854735031723976
PDCD6IP_RNA,-0.027864346280694008
CDKL1_RNA,-0.027898253872990608
VAV3_RNA,-0.027901094406843185
TMEM229B_RNA,-0.027902638539671898
CES2_RNA,-0.027920985594391823
CEL_RNA,-0.02797446772456169
GJA1_RNA,-0.028009578585624695
SORBS1_RNA,-0.02802988700568676
ETF1_RNA,-0.02803654968738556
DNAI1_RNA,-0.02804482728242874
LMNA_RNA,-0.02809015102684498
LAMP1_RNA,-0.028102846816182137
SHC4_RNA,-0.028109494596719742
KLHDC9_RNA,-0.028133084997534752
ZDHHC16_RNA,-0.028185486793518066
CYB5A_RNA,-0.028228772804141045
KLHL1_RNA,-0.02826039306819439
RNF7_RNA,-0.02826913446187973
PLEKHG3_RNA,-0.028303619474172592
TMEM43_RNA,-0.028338203206658363
MIR744_RNA,-0.028346937149763107
SNORD82_RNA,-0.02837597206234932
FAHD2A_RNA,-0.028380177915096283
SH3BGRL_RNA,-0.028389262035489082
RHEBL1_RNA,-0.028406692668795586
ECSCR_RNA,-0.028408756479620934
AOX2P_RNA,-0.02841024100780487
TMCO3_RNA,-0.028422852978110313
YWHAZ_RNA,-0.028457902371883392
GRINA_RNA,-0.02848409116268158
LOC100130691_RNA,-0.02849900722503662
SLC5A2_RNA,-0.02850237861275673
NLRP14_RNA,-0.028504470363259315
F10_RNA,-0.02851448766887188
LHFPL5_RNA,-0.028515849262475967
ARHGEF12_RNA,-0.02855178713798523
DDRGK1_RNA,-0.02855284884572029
PARN_RNA,-0.028622416779398918
CASD1_RNA,-0.028642335906624794
GABBR2_RNA,-0.028684962540864944
DNAJC27_RNA,-0.02873919904232025
TSGA13_RNA,-0.028739893808960915
PADI3_RNA,-0.028762640431523323
FLJ13224_RNA,-0.02877364121377468
PROK1_RNA,-0.028803091496229172
CSRP3_RNA,-0.028812410309910774
GPR176_RNA,-0.02885706163942814
PRKAA2_RNA,-0.028877515345811844
NISCH_RNA,-0.028908802196383476
TPM4_RNA,-0.028929179534316063
CLN5_RNA,-0.028938863426446915
KRT85_RNA,-0.028939036652445793
SPDYC_RNA,-0.02895824983716011
SESTD1_RNA,-0.0289999358355999
TTC7B_RNA,-0.029000330716371536
PACS1_RNA,-0.029001381248235703
MIR187_RNA,-0.029008347541093826
OR1E1_RNA,-0.029019273817539215
CXorf38_RNA,-0.029023438692092896
SNORD115-19_RNA,-0.02904016710817814
MIR301B_RNA,-0.029070617631077766
SNHG4_RNA,-0.02909715101122856
SLC23A3_RNA,-0.029141658917069435
TMEM135_RNA,-0.029161794111132622
NYX_RNA,-0.029171505942940712
ACY1_RNA,-0.02917802333831787
PABPC4L_RNA,-0.029187174513936043
PEX16_RNA,-0.029187694191932678
KIF3C_RNA,-0.029232975095510483
OTX1_RNA,-0.02925409935414791
UBR5_RNA,-0.02926400676369667
FBXO33_RNA,-0.029268134385347366
GRK6_RNA,-0.029303666204214096
LASP1_RNA,-0.029320983216166496
SNORD114-15_RNA,-0.02933565340936184
PKLR_RNA,-0.02933572232723236
SUPT7L_RNA,-0.029349735006690025
CLC_RNA,-0.029445169493556023
FKBP10_RNA,-0.02944929711520672
ZNF780B_RNA,-0.029463674873113632
C9orf43_RNA,-0.029475240036845207
MED23_RNA,-0.02953202649950981
TRAPPC6A_RNA,-0.02954193763434887
MTMR11_RNA,-0.029546113684773445
SRA1_RNA,-0.029556425288319588
KCNJ16_RNA,-0.029613759368658066
PLD2_RNA,-0.029644086956977844
PPP1R3E_RNA,-0.029647812247276306
MPL_RNA,-0.029648220166563988
AFF4_RNA,-0.029680244624614716
RNF111_RNA,-0.0296979658305645
MIR543_RNA,-0.02971966564655304
HYOU1_RNA,-0.029723193496465683
TMF1_RNA,-0.029731951653957367
SPRY1_RNA,-0.029733795672655106
MGA_RNA,-0.029745249077677727
DDIT3_RNA,-0.0297525767236948
RIPPLY1_RNA,-0.02976074069738388
SCN5A_RNA,-0.029772106558084488
UBR1_RNA,-0.029773471876978874
HOXB1_RNA,-0.029783792793750763
MEIG1_RNA,-0.02979450486600399
BATF2_RNA,-0.029810301959514618
PDE6C_RNA,-0.029880400747060776
NSD1_RNA,-0.029910169541835785
SNORD115-14_RNA,-0.02993139810860157
INTS6_RNA,-0.029942914843559265
ARF6_RNA,-0.029953956604003906
RGS6_RNA,-0.029960667714476585
HCN2_RNA,-0.03000512532889843
LHFPL1_RNA,-0.03008711151778698
CISD1_RNA,-0.030110012739896774
MIR379_RNA,-0.03015250712633133
CNP_RNA,-0.030156314373016357
NDP_RNA,-0.030159825459122658
GALK2_RNA,-0.030161680653691292
SLC38A8_RNA,-0.030169209465384483
GPR3_RNA,-0.030199866741895676
HEATR5B_RNA,-0.030203860253095627
CYTH3_RNA,-0.0302246306091547
ADAMTS18_RNA,-0.030225489288568497
PTRH1_RNA,-0.03023870661854744
FADS3_RNA,-0.03027440793812275
NDUFB2_RNA,-0.03029230795800686
TMEM117_RNA,-0.030317969620227814
GABARAP_RNA,-0.03033025749027729
ZNF563_RNA,-0.030330628156661987
RAPGEF6_RNA,-0.03034425713121891
PPEF2_RNA,-0.03035152330994606
ERLIN1_RNA,-0.030373280867934227
GALE_RNA,-0.030393831431865692
KCNN1_RNA,-0.030404062941670418
NR1H2_RNA,-0.03053271770477295
LENG8_RNA,-0.030533133074641228
PIGG_RNA,-0.03054669126868248
MDS2_RNA,-0.03054801933467388
FZD8_RNA,-0.030563492327928543
WNT8B_RNA,-0.030579816550016403
PEX26_RNA,-0.030581556260585785
TOM1L2_RNA,-0.03065992146730423
MTMR4_RNA,-0.030688997358083725
WDR88_RNA,-0.030696697533130646
CNOT6L_RNA,-0.03075590170919895
MKLN1_RNA,-0.030783873051404953
BMP1_RNA,-0.030786018818616867
ZNF283_RNA,-0.030807549133896828
AUTS2_RNA,-0.03083358146250248
GLYAT_RNA,-0.030845100060105324
LCA5L_RNA,-0.03088603913784027
SYAP1_RNA,-0.03091529756784439
PSMA6_RNA,-0.030948933213949203
IFI6_RNA,-0.030963711440563202
NPFFR2_RNA,-0.03099006786942482
ISOC2_RNA,-0.031034745275974274
GMPPA_RNA,-0.031059179455041885
SLC4A1AP_RNA,-0.031072000041604042
ERGIC1_RNA,-0.031108073890209198
ARGFX_RNA,-0.03122071921825409
FAIM2_RNA,-0.03125501424074173
CHDH_RNA,-0.03126482293009758
BTNL2_RNA,-0.03128880262374878
CA13_RNA,-0.03130706027150154
DCTD_RNA,-0.03131648525595665
F2RL3_RNA,-0.031323954463005066
GPD2_RNA,-0.03132478892803192
LPIN1_RNA,-0.031328439712524414
DNAH2_RNA,-0.03133748844265938
TCEAL8_RNA,-0.0313415601849556
FBXO15_RNA,-0.0313502736389637
ULK1_RNA,-0.031353067606687546
ZBTB34_RNA,-0.03136821463704109
SLC23A1_RNA,-0.031392764300107956
ALOX12B_RNA,-0.03140469267964363
CUZD1_RNA,-0.03145076707005501
HPCAL4_RNA,-0.03145569562911987
ATP1B3_RNA,-0.03149605542421341
YARS2_RNA,-0.03154977783560753
RPS19BP1_RNA,-0.03156104311347008
ZNF586_RNA,-0.03156575188040733
MUC15_RNA,-0.03164244815707207
BRAF_RNA,-0.03169255703687668
EIF2S3_RNA,-0.03171763941645622
ART3_RNA,-0.03173784166574478
RAB3GAP1_RNA,-0.03174750879406929
HUS1B_RNA,-0.031752437353134155
SNORD92_RNA,-0.03180142119526863
MIR194-1_RNA,-0.031807802617549896
DNAJC28_RNA,-0.03182400017976761
TPI1_RNA,-0.03186088800430298
LRFN2_RNA,-0.03190185874700546
PPP1R3G_RNA,-0.031938206404447556
ATF1_RNA,-0.03194315731525421
MAP4_RNA,-0.031958237290382385
TMEM50B_RNA,-0.031967323273420334
ZNF324B_RNA,-0.032010652124881744
DHRS12_RNA,-0.03202558681368828
COX7B_RNA,-0.03205409273505211
TMC2_RNA,-0.03206460177898407
OR51B2_RNA,-0.03207140043377876
PRAP1_RNA,-0.03208767995238304
VGLL2_RNA,-0.03212111443281174
CHRM1_RNA,-0.03212469071149826
PNPLA3_RNA,-0.032135434448719025
PRKACA_RNA,-0.03230338916182518
ST6GALNAC4_RNA,-0.0323101207613945
USP50_RNA,-0.03232709690928459
TAS2R41_RNA,-0.03234090656042099
CUL2_RNA,-0.03236972540616989
PPIF_RNA,-0.03237200528383255
CITED2_RNA,-0.0323999859392643
EIF4G3_RNA,-0.032411929219961166
SEC24C_RNA,-0.03242437168955803
STAP2_RNA,-0.03242764621973038
OMP_RNA,-0.03245485574007034
CYYR1_RNA,-0.03248215839266777
STK3_RNA,-0.03248394653201103
ETV5_RNA,-0.0324929803609848
COG5_RNA,-0.032496627420186996
MAT2B_RNA,-0.032536547631025314
DECR1_RNA,-0.03262503072619438
FHL3_RNA,-0.03263191506266594
APOF_RNA,-0.03264370560646057
PROX2_RNA,-0.032690852880477905
RNF169_RNA,-0.03271018713712692
CPA5_RNA,-0.03271980211138725
CELP_RNA,-0.03273041918873787
RNF32_RNA,-0.03273150324821472
EXPH5_RNA,-0.0327557697892189
HDHD2_RNA,-0.032780081033706665
DLG1_RNA,-0.032833531498909
ST20_RNA,-0.03287727013230324
AGBL2_RNA,-0.03289740905165672
PGRMC1_RNA,-0.03295988589525223
PDIA4_RNA,-0.03296691179275513
CLSTN2_RNA,-0.03298838064074516
SYNJ2BP_RNA,-0.033005986362695694
KLC1_RNA,-0.03309176117181778
SERPINC1_RNA,-0.033150676637887955
PXT1_RNA,-0.03318333253264427
PLXNA4_RNA,-0.03321812301874161
MIR627_RNA,-0.033272769302129745
RTN4_RNA,-0.033280421048402786
CDH7_RNA,-0.03329293802380562
DLG4_RNA,-0.0333036445081234
KRT33A_RNA,-0.03331322222948074
KCNK4_RNA,-0.0333181768655777
SNRPN_RNA,-0.03333953395485878
NMT2_RNA,-0.03334038332104683
CBR3_RNA,-0.03334157168865204
PREB_RNA,-0.03336925804615021
ABCG5_RNA,-0.03338940069079399
MFSD5_RNA,-0.03340596705675125
CCNE1_RNA,-0.0334303043782711
OR4F15_RNA,-0.0334322452545166
TMOD1_RNA,-0.03344279155135155
OR52I2_RNA,-0.0334433875977993
FGF8_RNA,-0.03345569968223572
SYT10_RNA,-0.03346337750554085
DNM2_RNA,-0.03348727896809578
ARHGDIG_RNA,-0.03352181613445282
FRAT2_RNA,-0.033541858196258545
ZNF438_RNA,-0.0335470475256443
TOMM20L_RNA,-0.03355074301362038
LCN1_RNA,-0.0335519015789032
TBX2_RNA,-0.03357367962598801
BFSP2_RNA,-0.0335807241499424
CD1A_RNA,-0.033588990569114685
SNX13_RNA,-0.03361622989177704
PECR_RNA,-0.03364035487174988
DNAJB14_RNA,-0.033643729984760284
GSTZ1_RNA,-0.03365858644247055
ENTPD8_RNA,-0.0336611308157444
PIWIL3_RNA,-0.03366599977016449
CYB5R3_RNA,-0.03367886319756508
IL21_RNA,-0.03370988741517067
UBE2L3_RNA,-0.03371967375278473
MIOX_RNA,-0.03375124931335449
ARL2_RNA,-0.033762846142053604
JUN_RNA,-0.03378155827522278
BAIAP2_RNA,-0.033794473856687546
BCL10_RNA,-0.03382860869169235
MAPK14_RNA,-0.03388136997818947
TBCC_RNA,-0.0339680053293705
SLC4A5_RNA,-0.03400122746825218
MLYCD_RNA,-0.034040022641420364
SPG11_RNA,-0.03405698388814926
NUDT8_RNA,-0.03406142070889473
CARD8_RNA,-0.03409033641219139
SNORD116-5_RNA,-0.034097250550985336
SLC18A2_RNA,-0.03411075472831726
HEYL_RNA,-0.034123215824365616
DUOXA1_RNA,-0.03413883224129677
RASGEF1C_RNA,-0.03414040803909302
LONP2_RNA,-0.03415518254041672
RHO_RNA,-0.03418578952550888
PIAS1_RNA,-0.034236207604408264
VSIG1_RNA,-0.03430585935711861
MST1R_RNA,-0.03431875258684158
GJD2_RNA,-0.034338440746068954
MIR410_RNA,-0.034350086003541946
OR2H2_RNA,-0.034369245171546936
GIP_RNA,-0.0343722328543663
PON1_RNA,-0.034380778670310974
CGB7_RNA,-0.03449893742799759
SH3KBP1_RNA,-0.03450775146484375
RAI1_RNA,-0.03451645374298096
MIR597_RNA,-0.0345357209444046
CLCN1_RNA,-0.03455561771988869
PCNT_RNA,-0.0345662459731102
TMEM82_RNA,-0.03456868603825569
SNX15_RNA,-0.034584324806928635
BBS12_RNA,-0.03458821773529053
DEGS1_RNA,-0.03459250181913376
CLDND1_RNA,-0.03459452837705612
ABCC11_RNA,-0.03462802618741989
ZSWIM2_RNA,-0.03463195636868477
SYT3_RNA,-0.03463233262300491
PIWIL1_RNA,-0.034673333168029785
PSKH2_RNA,-0.034687578678131104
MED18_RNA,-0.03473459184169769
GPR27_RNA,-0.03473678231239319
DLEU2_RNA,-0.03478378802537918
SLC17A6_RNA,-0.034808773547410965
LINS1_RNA,-0.034823521971702576
SNORD115-37_RNA,-0.03484316170215607
CCDC24_RNA,-0.034851789474487305
TNP1_RNA,-0.03486201912164688
GNAI2_RNA,-0.03488314896821976
DIP2C_RNA,-0.03492068126797676
IL23R_RNA,-0.03499101474881172
BEGAIN_RNA,-0.0350046269595623
GPRASP1_RNA,-0.03502914682030678
CYP3A4_RNA,-0.0350390188395977
SNORD115-44_RNA,-0.035045456141233444
SLC47A1_RNA,-0.03509371727705002
SNORD72_RNA,-0.03512782230973244
VPS13D_RNA,-0.0351310670375824
FOXC1_RNA,-0.03514133393764496
PDZD8_RNA,-0.035179995000362396
TOMM40L_RNA,-0.03519648313522339
MLN_RNA,-0.03520071879029274
OR6B3_RNA,-0.03521858528256416
TRPC4AP_RNA,-0.0352514423429966
MIR383_RNA,-0.035275109112262726
NFATC3_RNA,-0.03528881072998047
PAFAH2_RNA,-0.03532055392861366
ATP6AP1_RNA,-0.03533068299293518
C10orf105_RNA,-0.03533157333731651
KLK2_RNA,-0.03535999357700348
FUT9_RNA,-0.03536929190158844
ZNF189_RNA,-0.03537711873650551
MSH3_RNA,-0.03539307788014412
MIR346_RNA,-0.03546929731965065
TSPO2_RNA,-0.0354791134595871
ITCH_RNA,-0.03548303619027138
MEMO1_RNA,-0.03549543395638466
BIN3_RNA,-0.035508859902620316
CAMK2G_RNA,-0.035537976771593094
SP1_RNA,-0.0355742909014225
TASP1_RNA,-0.03558753430843353
CCDC70_RNA,-0.035592421889305115
PLCZ1_RNA,-0.03562730923295021
DENND1A_RNA,-0.035630181431770325
WFDC5_RNA,-0.035643570125103
SEMG1_RNA,-0.035669416189193726
RNF115_RNA,-0.03568587824702263
FLJ30679_RNA,-0.03574977070093155
DDX24_RNA,-0.03577260673046112
RNF31_RNA,-0.03578275069594383
ARHGAP21_RNA,-0.03581469878554344
WDR87_RNA,-0.03584321215748787
NLN_RNA,-0.03584909439086914
TBX20_RNA,-0.03587760031223297
CARS2_RNA,-0.03588229417800903
DPYSL2_RNA,-0.035893142223358154
ANKRD9_RNA,-0.03589915484189987
CRYZL1_RNA,-0.0359005369246006
TP53BP1_RNA,-0.03592142090201378
CACNG2_RNA,-0.03593206778168678
LGSN_RNA,-0.035956043750047684
GNRH2_RNA,-0.035964593291282654
STARD9_RNA,-0.03596731647849083
ZAR1_RNA,-0.03598083555698395
SERPINE2_RNA,-0.03598187118768692
OMA1_RNA,-0.03598777577280998
C1orf74_RNA,-0.036007512360811234
DNASE1L3_RNA,-0.036032985895872116
HSP90B1_RNA,-0.03604709729552269
PDLIM2_RNA,-0.036062318831682205
SPNS2_RNA,-0.03606945648789406
OVOL2_RNA,-0.03609641641378403
TAS2R60_RNA,-0.03612581267952919
VWC2L_RNA,-0.03615659475326538
OR1A1_RNA,-0.03616037964820862
PHIP_RNA,-0.03616419807076454
AGPS_RNA,-0.036292631179094315
WNT10A_RNA,-0.03631015494465828
EVI5_RNA,-0.036327630281448364
HYAL2_RNA,-0.036357298493385315
UNKL_RNA,-0.036358851939439774
ZNF655_RNA,-0.03639303520321846
HMX3_RNA,-0.03643561527132988
MIR181B2_RNA,-0.0364738330245018
NAPG_RNA,-0.036503374576568604
NCK2_RNA,-0.036556173115968704
EPB41_RNA,-0.03657328709959984
ADH7_RNA,-0.03658481314778328
JKAMP_RNA,-0.03658699989318848
MYH8_RNA,-0.036669425666332245
TTF2_RNA,-0.03667285665869713
SNORD115-5_RNA,-0.036703065037727356
SERPINB5_RNA,-0.03675660490989685
WASF2_RNA,-0.036769818514585495
POFUT2_RNA,-0.036863286048173904
PINK1_RNA,-0.036906272172927856
NFATC4_RNA,-0.03690912202000618
SFRP1_RNA,-0.03691551461815834
ACVR1B_RNA,-0.0370141863822937
DCP2_RNA,-0.03702773153781891
NFU1_RNA,-0.037086132913827896
MAGEC3_RNA,-0.037086524069309235
SNORD115-12_RNA,-0.03710295259952545
PHLPP2_RNA,-0.03710900619626045
SLC29A2_RNA,-0.03712402656674385
PLEKHA3_RNA,-0.03712953254580498
ESRRA_RNA,-0.0371437668800354
GCOM1_RNA,-0.03717125579714775
PACSIN1_RNA,-0.03717857226729393
ARR3_RNA,-0.03718606010079384
PRDM6_RNA,-0.037236496806144714
BCL2L10_RNA,-0.03724093735218048
BBX_RNA,-0.037287358194589615
NFATC1_RNA,-0.03730019927024841
SCUBE2_RNA,-0.03730577602982521
HAGH_RNA,-0.037337660789489746
FAM169A_RNA,-0.03739354386925697
SIRT5_RNA,-0.03744225576519966
ERCC5_RNA,-0.03745090216398239
TAC1_RNA,-0.037498071789741516
SLC6A14_RNA,-0.037551142275333405
GAL3ST2_RNA,-0.037568654865026474
MIR1305_RNA,-0.03757477179169655
RNF170_RNA,-0.03758713975548744
SLC38A7_RNA,-0.03758925572037697
DUS1L_RNA,-0.03765126317739487
APRT_RNA,-0.03765644505620003
SCO1_RNA,-0.03767748922109604
PAEP_RNA,-0.037696558982133865
BAZ2A_RNA,-0.037711355835199356
GMPPB_RNA,-0.037739429622888565
TWIST1_RNA,-0.037743885070085526
ABCB4_RNA,-0.037762321531772614
ICA1_RNA,-0.03777819499373436
SEC23A_RNA,-0.03780175745487213
IGFBP2_RNA,-0.037823643535375595
SNORD115-30_RNA,-0.0378384031355381
FEZ2_RNA,-0.03786138817667961
CRX_RNA,-0.037864577025175095
ZNF805_RNA,-0.037920765578746796
MIR376A2_RNA,-0.03798086941242218
ANXA6_RNA,-0.038003381341695786
PTPRG_RNA,-0.0380389578640461
IL9_RNA,-0.038079336285591125
KIF25_RNA,-0.03807986155152321
COBLL1_RNA,-0.038098420947790146
TM4SF18_RNA,-0.038103073835372925
HIGD2B_RNA,-0.03812235966324806
USHBP1_RNA,-0.038179997354745865
SNORD115-41_RNA,-0.038241852074861526
DNMT3L_RNA,-0.038254108279943466
BAMBI_RNA,-0.038256920874118805
YME1L1_RNA,-0.038265861570835114
OR1E2_RNA,-0.03827288746833801
MMEL1_RNA,-0.03827690705657005
MIR583_RNA,-0.03829505667090416
TDRD7_RNA,-0.038320887833833694
MYSM1_RNA,-0.03836139291524887
QRFP_RNA,-0.03836214169859886
DUSP7_RNA,-0.03840401768684387
RPS6KC1_RNA,-0.0384322814643383
OSTC_RNA,-0.03848138451576233
ASCL3_RNA,-0.038533132523298264
PTPRT_RNA,-0.03858209401369095
SLC39A5_RNA,-0.03858334943652153
ERP29_RNA,-0.03858939930796623
CEACAM6_RNA,-0.03860841318964958
SYNGR4_RNA,-0.038621388375759125
ALG14_RNA,-0.038678281009197235
CASP6_RNA,-0.03871100768446922
C19orf12_RNA,-0.03878433629870415
CPN2_RNA,-0.03879021480679512
TRAF6_RNA,-0.03879396244883537
GPR135_RNA,-0.03879573196172714
UBE2L6_RNA,-0.038871195167303085
HRH3_RNA,-0.03889293968677521
SEC11C_RNA,-0.038909364491701126
GFM2_RNA,-0.03893355280160904
OLFML2A_RNA,-0.03893807902932167
CAPZA3_RNA,-0.03898072987794876
MIR411_RNA,-0.039000414311885834
REST_RNA,-0.03903249651193619
SNORD111_RNA,-0.03906841203570366
PRPF18_RNA,-0.0390922911465168
C10orf88_RNA,-0.039108023047447205
SLC9A8_RNA,-0.03912954032421112
HSD17B3_RNA,-0.03913604095578194
PHKG2_RNA,-0.03913663700222969
MAN2C1_RNA,-0.03916492685675621
MIR617_RNA,-0.039167847484350204
FAAH_RNA,-0.03916788101196289
RAB33B_RNA,-0.03919515013694763
IAH1_RNA,-0.03921082243323326
FAM170A_RNA,-0.0392167866230011
CTSE_RNA,-0.03922523558139801
PSMC2_RNA,-0.03935600072145462
NMNAT3_RNA,-0.03938121721148491
SSTR2_RNA,-0.039382923394441605
MIR618_RNA,-0.0394466370344162
ZNF236_RNA,-0.039469219744205475
ASB11_RNA,-0.039478134363889694
RECK_RNA,-0.039491206407547
MMP28_RNA,-0.03950171545147896
EMG1_RNA,-0.039515960961580276
OR7D4_RNA,-0.03956596553325653
NEUROD2_RNA,-0.03958415240049362
SACM1L_RNA,-0.03958865627646446
FLT4_RNA,-0.03959408774971962
KANK3_RNA,-0.039598625153303146
C16orf46_RNA,-0.03965860977768898
KCTD11_RNA,-0.03966949135065079
MED8_RNA,-0.03967825695872307
ITGA6_RNA,-0.039690591394901276
OXR1_RNA,-0.03969211503863335
C11orf24_RNA,-0.039700910449028015
MIR149_RNA,-0.03970766067504883
C14orf28_RNA,-0.039718758314847946
CCDC102B_RNA,-0.03972803056240082
APPL2_RNA,-0.039749301970005035
IL22RA2_RNA,-0.039756711572408676
ANKRD45_RNA,-0.03979439660906792
IER2_RNA,-0.039810627698898315
SNORD115-23_RNA,-0.03982265293598175
IDI2_RNA,-0.039836522191762924
SPAG1_RNA,-0.039840713143348694
KLF16_RNA,-0.03984803333878517
CCDC3_RNA,-0.03985016047954559
MIR329-2_RNA,-0.039888959378004074
DLL4_RNA,-0.03989182412624359
MAVS_RNA,-0.039910394698381424
MAK_RNA,-0.03992947190999985
FLOT1_RNA,-0.03998551890254021
SUPT3H_RNA,-0.04002251476049423
VPS26A_RNA,-0.040029577910900116
ACO1_RNA,-0.04003060236573219
SLC30A6_RNA,-0.04004434868693352
MUC17_RNA,-0.04006272554397583
ZNF98_RNA,-0.040082983672618866
OXT_RNA,-0.040088117122650146
LZTR1_RNA,-0.040134232491254807
MOGAT1_RNA,-0.040168244391679764
FAM43B_RNA,-0.04017040506005287
HIGD1B_RNA,-0.04025207832455635
NPHS1_RNA,-0.04032932221889496
PLA2G12B_RNA,-0.040334057062864304
ZNF335_RNA,-0.040351752191782
TGM7_RNA,-0.04035843908786774
C8orf74_RNA,-0.040382448583841324
SNORD115-31_RNA,-0.04039580002427101
DEFB135_RNA,-0.04041993245482445
ASB14_RNA,-0.04045054316520691
LIPT2_RNA,-0.040497537702322006
PPP1R1A_RNA,-0.040547922253608704
RNF13_RNA,-0.04064575582742691
SMTNL1_RNA,-0.0406532920897007
B3GNT3_RNA,-0.04065784439444542
MAPK15_RNA,-0.040674444288015366
IL26_RNA,-0.04070114716887474
OR1N1_RNA,-0.040739793330430984
HELQ_RNA,-0.04074998199939728
ITGA7_RNA,-0.04085783287882805
KDM5A_RNA,-0.04087721183896065
ACSM1_RNA,-0.04088457301259041
SAR1A_RNA,-0.04089183360338211
TRIM25_RNA,-0.04091331735253334
TBX4_RNA,-0.04093630984425545
KDM2A_RNA,-0.04095389321446419
APOL5_RNA,-0.040956489741802216
SERPINI2_RNA,-0.04100234434008598
SHH_RNA,-0.04101604223251343
SUMF2_RNA,-0.04105650633573532
SYNGR1_RNA,-0.04106006398797035
AHSP_RNA,-0.04106545075774193
ZNF622_RNA,-0.04106920212507248
REEP5_RNA,-0.04107140749692917
SNORD115-22_RNA,-0.04109065607190132
KCNJ8_RNA,-0.041097067296504974
DEPDC7_RNA,-0.04112166538834572
HIBADH_RNA,-0.04112789407372475
PRKAA1_RNA,-0.04112866893410683
PGPEP1_RNA,-0.041157130151987076
HBG2_RNA,-0.04117083549499512
TXLNA_RNA,-0.041228897869586945
RIPK4_RNA,-0.04123802110552788
SLC25A28_RNA,-0.041275762021541595
EPCAM_RNA,-0.04130901023745537
CISD3_RNA,-0.0413149930536747
CCIN_RNA,-0.04132959246635437
THOC5_RNA,-0.04133722931146622
ATP6AP2_RNA,-0.04136533662676811
MCM3AP_RNA,-0.04137924686074257
RAB15_RNA,-0.04137984663248062
MIR613_RNA,-0.04138556495308876
ZNF485_RNA,-0.04139522463083267
SLC30A2_RNA,-0.041456565260887146
LRIT1_RNA,-0.041468072682619095
ZNF135_RNA,-0.04147474467754364
PIK3C2A_RNA,-0.04148375988006592
SLC22A13_RNA,-0.04150473326444626
AP3M2_RNA,-0.04151274636387825
MIR487A_RNA,-0.04154637083411217
COX7C_RNA,-0.04155220463871956
UFSP1_RNA,-0.041585519909858704
SYN1_RNA,-0.041618943214416504
PLAT_RNA,-0.04163544997572899
SLC4A8_RNA,-0.041724637150764465
AP3S1_RNA,-0.041740868240594864
PHTF1_RNA,-0.041772305965423584
CATSPER4_RNA,-0.04180212318897247
GAL3ST1_RNA,-0.04180727154016495
CUTC_RNA,-0.041854873299598694
MUC13_RNA,-0.04186798632144928
TMEM200C_RNA,-0.0418831929564476
MIR577_RNA,-0.041977763175964355
OSBPL5_RNA,-0.041994769126176834
MIR23B_RNA,-0.04202088341116905
ITPKA_RNA,-0.04203559085726738
ITFG1_RNA,-0.04206417500972748
BTG1_RNA,-0.04206787049770355
ZFYVE19_RNA,-0.04211491718888283
CLN6_RNA,-0.0421178825199604
DPP7_RNA,-0.04216187074780464
MIR377_RNA,-0.04216974973678589
CNGB3_RNA,-0.042216237634420395
SNX19_RNA,-0.042225006967782974
CNDP2_RNA,-0.042238667607307434
SNX24_RNA,-0.04224754497408867
OR2L8_RNA,-0.04225882515311241
RAPGEF2_RNA,-0.042265526950359344
CHRM2_RNA,-0.04231104999780655
FBXO47_RNA,-0.04231487587094307
OR1J1_RNA,-0.04233523830771446
AP2M1_RNA,-0.042355410754680634
PTPRN2_RNA,-0.04237050563097
CHKB-CPT1B_RNA,-0.0424075648188591
PCDHA13_RNA,-0.04246171563863754
AMD1_RNA,-0.042468562722206116
GAMT_RNA,-0.042475514113903046
DHRS4_RNA,-0.042488910257816315
TRIM68_RNA,-0.04255843535065651
S1PR1_RNA,-0.042568936944007874
SORT1_RNA,-0.04258255660533905
MAP3K12_RNA,-0.04258348047733307
DYNC2H1_RNA,-0.04258790612220764
PAK3_RNA,-0.0426272377371788
GFI1B_RNA,-0.04264557361602783
ABI1_RNA,-0.04272020608186722
CAMKK2_RNA,-0.04272453114390373
CCNYL1_RNA,-0.042750611901283264
SCARB2_RNA,-0.04284534230828285
SGSH_RNA,-0.04287322983145714
TAX1BP3_RNA,-0.042922187596559525
EXOC6_RNA,-0.042934101074934006
BECN1_RNA,-0.04295385628938675
AKR7A3_RNA,-0.042963262647390366
DGKH_RNA,-0.043018221855163574
SHB_RNA,-0.04307577386498451
BAG2_RNA,-0.043099794536828995
KIF3B_RNA,-0.04311017319560051
OGDH_RNA,-0.04315263405442238
UBE2F_RNA,-0.04318191856145859
BLZF1_RNA,-0.04319443553686142
DNHD1_RNA,-0.04320114850997925
CDNF_RNA,-0.04320317134261131
MAMDC4_RNA,-0.04320336878299713
STXBP1_RNA,-0.04323139414191246
AWAT1_RNA,-0.04323285445570946
ZDHHC6_RNA,-0.043259166181087494
PPP1R12C_RNA,-0.04331493005156517
CDSN_RNA,-0.04333382472395897
RANBP3L_RNA,-0.043338265269994736
ZNF557_RNA,-0.04335538670420647
BDP1_RNA,-0.04337918013334274
FOXP4_RNA,-0.0433955118060112
DAND5_RNA,-0.04340099170804024
FSHR_RNA,-0.04345765337347984
PGAM1_RNA,-0.04347963258624077
MIR320C1_RNA,-0.04350981116294861
PRRG2_RNA,-0.043527524918317795
TTLL4_RNA,-0.04352915659546852
MIR191_RNA,-0.04353513941168785
CAPS_RNA,-0.043563779443502426
SPRR3_RNA,-0.04357808455824852
CSTB_RNA,-0.0435795895755291
PGM2_RNA,-0.04358867555856705
LIMD2_RNA,-0.04358883947134018
MIR655_RNA,-0.043613363057374954
HEXIM2_RNA,-0.043662477284669876
DSCR9_RNA,-0.04368016496300697
PTPN13_RNA,-0.04368114471435547
TMEM105_RNA,-0.04368643835186958
AFTPH_RNA,-0.04372028261423111
CDC42EP2_RNA,-0.043789975345134735
PDIA6_RNA,-0.04380030184984207
FBXL20_RNA,-0.04382120072841644
PPP3CA_RNA,-0.04383126646280289
GUK1_RNA,-0.043868184089660645
OIT3_RNA,-0.043876633048057556
SH3PXD2B_RNA,-0.04390432685613632
SRCIN1_RNA,-0.043914541602134705
HAPLN2_RNA,-0.04393099248409271
AHRR_RNA,-0.043935324996709824
TNK1_RNA,-0.04397447034716606
UBE3B_RNA,-0.043976444751024246
TMEM141_RNA,-0.04398852214217186
MUC20_RNA,-0.0440477579832077
CTTNBP2NL_RNA,-0.04414418712258339
SNTN_RNA,-0.044180795550346375
SNAPC5_RNA,-0.04418099671602249
MFRP_RNA,-0.044194918125867844
PGS1_RNA,-0.044210419058799744
HSPA5_RNA,-0.04421103000640869
TMEM63C_RNA,-0.04421300068497658
MIR1288_RNA,-0.04426812380552292
IL17RE_RNA,-0.04429050162434578
BTN3A3_RNA,-0.04431110993027687
TNFRSF4_RNA,-0.04431218281388283
PNPLA6_RNA,-0.044330984354019165
SLC39A14_RNA,-0.04436641186475754
CAPSL_RNA,-0.04436791315674782
MIR485_RNA,-0.044370707124471664
SPPL2A_RNA,-0.04437902942299843
TIGD6_RNA,-0.04440516605973244
ALG2_RNA,-0.04442466422915459
PHYHD1_RNA,-0.04445780813694
HPSE2_RNA,-0.04447857663035393
RPL17_RNA,-0.04448332265019417
NR2F2_RNA,-0.04449506476521492
ATP4A_RNA,-0.04449865221977234
GPR180_RNA,-0.04452936351299286
FITM2_RNA,-0.04453546553850174
HAUS4_RNA,-0.0445844903588295
AURKC_RNA,-0.0446091890335083
CYP2W1_RNA,-0.04462457820773125
MOGAT3_RNA,-0.0446261465549469
AWAT2_RNA,-0.04465784505009651
SFXN4_RNA,-0.0447397343814373
ZNF208_RNA,-0.04475867375731468
MIR340_RNA,-0.04476117715239525
GSTM4_RNA,-0.044806960970163345
PGAM4_RNA,-0.04484717547893524
CAMK2B_RNA,-0.04494330659508705
ARMS2_RNA,-0.044947948306798935
GOLGA4_RNA,-0.044958144426345825
PER3_RNA,-0.04496531933546066
GADL1_RNA,-0.04498827084898949
C2orf15_RNA,-0.04499932378530502
NECAB1_RNA,-0.04501178488135338
CCDC57_RNA,-0.045051202178001404
ATP11B_RNA,-0.04506034776568413
MIR126_RNA,-0.045081090182065964
STAT1_RNA,-0.04510533809661865
SRCAP_RNA,-0.045106783509254456
P4HTM_RNA,-0.04512593522667885
FAM9C_RNA,-0.04512999206781387
GHDC_RNA,-0.045134130865335464
RBMXL3_RNA,-0.04514928162097931
SLC12A9_RNA,-0.04516884684562683
NECAP2_RNA,-0.045175082981586456
APP_RNA,-0.045179832726716995
MIR101-1_RNA,-0.04526359215378761
ORMDL2_RNA,-0.045297954231500626
FBXO16_RNA,-0.04538281634449959
SEC22B_RNA,-0.0454137921333313
SOCS5_RNA,-0.04547765851020813
RD3_RNA,-0.04550640657544136
GPR4_RNA,-0.045511286705732346
LIPJ_RNA,-0.04551706090569496
ZP2_RNA,-0.045568354427814484
EVL_RNA,-0.04558471217751503
SSR4_RNA,-0.04559498652815819
NLRP4_RNA,-0.045600537210702896
KEL_RNA,-0.04560878872871399
ZNF578_RNA,-0.045610442757606506
VPS41_RNA,-0.0456853061914444
CYSLTR2_RNA,-0.04569806531071663
STRN3_RNA,-0.04571692645549774
PAQR3_RNA,-0.04573257640004158
MIR548K_RNA,-0.045751020312309265
MTDH_RNA,-0.04577217996120453
MINPP1_RNA,-0.045802779495716095
AGFG1_RNA,-0.045809321105480194
PNPLA2_RNA,-0.04582631215453148
MIR26B_RNA,-0.045833028852939606
GLIPR1L1_RNA,-0.045834291726350784
MIR659_RNA,-0.045843929052352905
TLE4_RNA,-0.04584929719567299
BCL2L13_RNA,-0.04585983604192734
LIPE_RNA,-0.045873187482357025
TTPAL_RNA,-0.045908886939287186
MID1IP1_RNA,-0.04591624438762665
ELOVL4_RNA,-0.04595481976866722
HRCT1_RNA,-0.04596206545829773
TBK1_RNA,-0.045992735773324966
EVPL_RNA,-0.045999251306056976
EXOC3_RNA,-0.046008046716451645
EAF1_RNA,-0.046024829149246216
MORC3_RNA,-0.04603130370378494
EMP3_RNA,-0.04607221484184265
GABRA4_RNA,-0.04607637599110603
OPA3_RNA,-0.04608432948589325
SLC25A20_RNA,-0.04609033465385437
BRWD1_RNA,-0.04611159488558769
SCGB1D2_RNA,-0.04614262655377388
LAMB2_RNA,-0.04615463688969612
C9orf153_RNA,-0.04619884490966797
LARP4_RNA,-0.04623275250196457
TTC9_RNA,-0.04624983295798302
OR11H4_RNA,-0.04628670960664749
C12orf54_RNA,-0.04632082208991051
PDIA3_RNA,-0.04632728546857834
MIR320A_RNA,-0.04632840305566788
NAA11_RNA,-0.04633382335305214
IKBKB_RNA,-0.046340905129909515
TMEM64_RNA,-0.04637733846902847
MED7_RNA,-0.04640405252575874
SLC35D1_RNA,-0.04640895500779152
PIGN_RNA,-0.04641115292906761
PPP1R15A_RNA,-0.04641316831111908
CCDC102A_RNA,-0.046478014439344406
PRKCZ_RNA,-0.04649041220545769
TRAPPC6B_RNA,-0.04650431498885155
HNMT_RNA,-0.0465175025165081
MIR933_RNA,-0.04654940590262413
AP2S1_RNA,-0.04669064283370972
NACAD_RNA,-0.04671274870634079
C1QL2_RNA,-0.04672360047698021
RRP8_RNA,-0.046736061573028564
RXFP4_RNA,-0.046741411089897156
TCEAL7_RNA,-0.04677304998040199
PFN1_RNA,-0.046786580234766006
CRNN_RNA,-0.0468236543238163
ATP6V0A1_RNA,-0.04685787111520767
SPACA3_RNA,-0.04686654359102249
PAX7_RNA,-0.04689517617225647
ARHGAP1_RNA,-0.04691045731306076
C7orf25_RNA,-0.046914391219615936
S100G_RNA,-0.046914681792259216
BAG4_RNA,-0.046920109540224075
ZNF280A_RNA,-0.04699356108903885
RALGPS2_RNA,-0.047015778720378876
C11orf86_RNA,-0.047087691724300385
PYY_RNA,-0.0471438392996788
KLHL21_RNA,-0.047187089920043945
SLC22A14_RNA,-0.04722655192017555
GABRA1_RNA,-0.047231387346982956
CYB561D1_RNA,-0.047252051532268524
CYP7A1_RNA,-0.04725218936800957
SNORD59A_RNA,-0.04725410416722298
SNORD115-15_RNA,-0.04732021316885948
GREB1_RNA,-0.04732348024845123
PCDHGA2_RNA,-0.047324515879154205
AMBRA1_RNA,-0.04735182225704193
NOL3_RNA,-0.047353506088256836
RARG_RNA,-0.0474238321185112
CRELD1_RNA,-0.04745534434914589
TRIM34_RNA,-0.04747968167066574
TDRG1_RNA,-0.047511640936136246
TNFAIP8L1_RNA,-0.04751871898770332
COX5B_RNA,-0.047533370554447174
IFT74_RNA,-0.04754576086997986
SLC38A2_RNA,-0.04761034995317459
GXYLT1_RNA,-0.0476461797952652
TMEM132A_RNA,-0.047735750675201416
SNORD115-25_RNA,-0.047767795622348785
OR10A4_RNA,-0.0477769561111927
SMYD4_RNA,-0.04780939593911171
BET1_RNA,-0.04790137708187103
PHLDB3_RNA,-0.04790971800684929
TUBA3D_RNA,-0.04793531075119972
SNORA13_RNA,-0.04795888438820839
PCBD2_RNA,-0.04797331616282463
IVL_RNA,-0.04797640070319176
LARP1_RNA,-0.04804681986570358
LENEP_RNA,-0.04805966466665268
SLC26A3_RNA,-0.04808087274432182
ARL15_RNA,-0.04808330535888672
RHBDD1_RNA,-0.04808631166815758
VPS18_RNA,-0.04809165745973587
GJB4_RNA,-0.04813341051340103
PTH2R_RNA,-0.04815438389778137
NOSTRIN_RNA,-0.04815933480858803
RABGEF1_RNA,-0.04817306995391846
DLX4_RNA,-0.048177752643823624
ANO3_RNA,-0.04818074777722359
WDTC1_RNA,-0.0482761524617672
PCDHA8_RNA,-0.04827939346432686
PIP5K1C_RNA,-0.04828070476651192
ZNF264_RNA,-0.048281967639923096
PELI1_RNA,-0.048287637531757355
TMED9_RNA,-0.04829852283000946
FAM47E_RNA,-0.0482989102602005
ADORA2A_RNA,-0.04831795394420624
VSX2_RNA,-0.048358459025621414
BMP6_RNA,-0.04839673265814781
ARMC10_RNA,-0.04843287914991379
NDUFV3_RNA,-0.04844103381037712
ZNF221_RNA,-0.04848836362361908
NDUFB3_RNA,-0.04849129915237427
SIK3_RNA,-0.04857874661684036
SNORD6_RNA,-0.04859275370836258
MIR889_RNA,-0.04859409108757973
VWA3A_RNA,-0.04859719052910805
MAB21L2_RNA,-0.048605624586343765
ECHDC2_RNA,-0.04862021282315254
PDE6B_RNA,-0.04862054064869881
ZNF727_RNA,-0.04864433780312538
GPR158_RNA,-0.04864763468503952
MIR337_RNA,-0.048650626093149185
WDR1_RNA,-0.04868534952402115
MAGEA12_RNA,-0.048695165663957596
SPDYE4_RNA,-0.0486985519528389
TNFRSF13B_RNA,-0.048718176782131195
SND1_RNA,-0.04880546033382416
TCTN3_RNA,-0.04889689385890961
LTA4H_RNA,-0.04890640825033188
PLA2G4D_RNA,-0.048924289643764496
FBXO48_RNA,-0.0489385724067688
ALOX15_RNA,-0.04894233122467995
MIR668_RNA,-0.048996035009622574
TBX21_RNA,-0.04902011901140213
FGF12_RNA,-0.049025315791368484
TET1_RNA,-0.04903480038046837
ACTR3_RNA,-0.049037691205739975
FBXO24_RNA,-0.04904623329639435
SEC14L1_RNA,-0.04906931892037392
LDOC1_RNA,-0.049095604568719864
DEFB134_RNA,-0.049104467034339905
ZNF75D_RNA,-0.04910615086555481
DMBX1_RNA,-0.04914495348930359
CYP2D6_RNA,-0.049212418496608734
FBF1_RNA,-0.04921632260084152
ST3GAL6_RNA,-0.04924169182777405
FOXI1_RNA,-0.0492437481880188
WFDC2_RNA,-0.049255870282649994
SLC25A2_RNA,-0.04930885136127472
ABHD6_RNA,-0.04931393265724182
NDST1_RNA,-0.049317121505737305
TRIM5_RNA,-0.04933527857065201
SDF2L1_RNA,-0.04936303198337555
BCAT2_RNA,-0.04936353117227554
TMPRSS7_RNA,-0.04937005415558815
FBXW4_RNA,-0.0493851974606514
SERGEF_RNA,-0.049452196806669235
LMBRD2_RNA,-0.049453530460596085
LYPD5_RNA,-0.04945596307516098
B3GALT5_RNA,-0.04946766793727875
RUNDC3B_RNA,-0.04947742819786072
RRN3P2_RNA,-0.049482084810733795
ZNF468_RNA,-0.04949925094842911
GPR83_RNA,-0.04950171336531639
ZNF839_RNA,-0.04952758178114891
RHOBTB2_RNA,-0.049535732716321945
C16orf86_RNA,-0.04954568296670914
NCOA3_RNA,-0.04955418035387993
ZNF543_RNA,-0.04955993592739105
MIR941-3_RNA,-0.049568694084882736
CTF1_RNA,-0.049627941101789474
LMAN1L_RNA,-0.049636274576187134
OAT_RNA,-0.04964662715792656
UBE2Z_RNA,-0.04964803159236908
ZDHHC23_RNA,-0.049654558300971985
ACTR2_RNA,-0.04972761869430542
CYP20A1_RNA,-0.049800872802734375
MCAM_RNA,-0.04981022700667381
ARFRP1_RNA,-0.04981318116188049
SMG6_RNA,-0.04981767013669014
MFSD11_RNA,-0.04982636123895645
ABHD2_RNA,-0.0498405396938324
NANOG_RNA,-0.04988794028759003
ATF6_RNA,-0.04990214481949806
C4orf3_RNA,-0.049906205385923386
TRAPPC3_RNA,-0.04991335794329643
MIR545_RNA,-0.04991864413022995
MYO5B_RNA,-0.049997054040431976
PRSS8_RNA,-0.05004236474633217
CCNB3_RNA,-0.05004533752799034
NUP98_RNA,-0.05013912916183472
IL5RA_RNA,-0.050158098340034485
ATP6V1D_RNA,-0.05016065016388893
CAB39_RNA,-0.05016663298010826
MLLT3_RNA,-0.05016925185918808
PCSK7_RNA,-0.05017205327749252
ISM1_RNA,-0.05019327253103256
SAG_RNA,-0.050196077674627304
SGPP1_RNA,-0.05021213740110397
ARL5A_RNA,-0.0502668097615242
PLAA_RNA,-0.05029981583356857
PJA2_RNA,-0.050305794924497604
WDR91_RNA,-0.05032089352607727
WDR45_RNA,-0.050350699573755264
ZNF544_RNA,-0.05036615952849388
TP53TG1_RNA,-0.050372280180454254
STX4_RNA,-0.05037755146622658
MIR765_RNA,-0.05038866773247719
YWHAG_RNA,-0.05041728541254997
CHGB_RNA,-0.0504496693611145
ROPN1L_RNA,-0.05049804970622063
ARMC9_RNA,-0.05050819367170334
ADCY2_RNA,-0.050519417971372604
HS6ST2_RNA,-0.05055743828415871
NCKAP5L_RNA,-0.05056533217430115
TMPRSS4_RNA,-0.050606947392225266
SNORA11_RNA,-0.05064070597290993
MC4R_RNA,-0.0506427139043808
FJX1_RNA,-0.05066622421145439
PKIG_RNA,-0.0506901890039444
ABLIM2_RNA,-0.050693586468696594
TUBGCP2_RNA,-0.050731077790260315
TTLL7_RNA,-0.050733815878629684
MDK_RNA,-0.05077661573886871
BAIAP2L2_RNA,-0.05090026929974556
CSAG1_RNA,-0.05090286210179329
SNORD12B_RNA,-0.050904422998428345
EPS8L3_RNA,-0.05094527080655098
LRRC69_RNA,-0.05096341297030449
CCDC42_RNA,-0.05096502602100372
ANKRD24_RNA,-0.05098199099302292
B3GNT9_RNA,-0.051025256514549255
C22orf23_RNA,-0.051025815308094025
LMBRD1_RNA,-0.051030233502388
LMOD3_RNA,-0.05106385424733162
HRH4_RNA,-0.051088135689496994
TNNI1_RNA,-0.05112704634666443
KRTAP5-8_RNA,-0.05116148665547371
HVCN1_RNA,-0.051166288554668427
MYH2_RNA,-0.051184192299842834
NMT1_RNA,-0.051190853118896484
OR52I1_RNA,-0.051214348524808884
TBC1D14_RNA,-0.051256582140922546
ZBTB25_RNA,-0.05128234624862671
REEP4_RNA,-0.05130138248205185
CLIC3_RNA,-0.05134563893079758
RASA1_RNA,-0.05136258527636528
GSR_RNA,-0.05137449502944946
CLOCK_RNA,-0.051393814384937286
ZNF449_RNA,-0.05143757164478302
MFAP3_RNA,-0.05144144594669342
MYL7_RNA,-0.051443178206682205
HERC6_RNA,-0.05145283043384552
PHLDA2_RNA,-0.051492318511009216
IRF9_RNA,-0.051500387489795685
ART1_RNA,-0.051512591540813446
HIF1A_RNA,-0.051525361835956573
MIR1250_RNA,-0.05152766779065132
TAS2R38_RNA,-0.05155544728040695
ATF5_RNA,-0.051632802933454514
GPBP1L1_RNA,-0.05164824798703194
EGR1_RNA,-0.05167214944958687
RAPGEF1_RNA,-0.051677364856004715
FILIP1_RNA,-0.05173361673951149
ANKRD33_RNA,-0.05174776539206505
PRR5-ARHGAP8_RNA,-0.05174880102276802
IFNG_RNA,-0.051755595952272415
ZEB2_RNA,-0.05175645649433136
ZNF587_RNA,-0.05176088213920593
GPR149_RNA,-0.051786523312330246
CHRDL1_RNA,-0.05180833488702774
GABRB3_RNA,-0.051842156797647476
GUCA2A_RNA,-0.051858726888895035
RLIM_RNA,-0.0518685020506382
USP34_RNA,-0.05187954753637314
LIN7A_RNA,-0.05188944935798645
TINAG_RNA,-0.05189122259616852
GPAA1_RNA,-0.051902104169130325
PLD4_RNA,-0.05191807076334953
ZBTB3_RNA,-0.05192861333489418
CLCN7_RNA,-0.05193247273564339
HEBP2_RNA,-0.05194574221968651
CTDSPL_RNA,-0.051993705332279205
PTP4A2_RNA,-0.051999714225530624
DNAH3_RNA,-0.05202799290418625
DUOX1_RNA,-0.052054550498723984
MLX_RNA,-0.05208073556423187
SNORD115-35_RNA,-0.05209501460194588
SDK2_RNA,-0.052101850509643555
RASIP1_RNA,-0.052104853093624115
C11orf42_RNA,-0.052118122577667236
HCG27_RNA,-0.0521419495344162
SLC38A9_RNA,-0.05216516926884651
ZNF79_RNA,-0.05219554901123047
HARBI1_RNA,-0.05224112421274185
ARAP2_RNA,-0.05225510522723198
ADD3_RNA,-0.05229250714182854
CDH16_RNA,-0.052304670214653015
ARRDC3_RNA,-0.05230903625488281
ARL1_RNA,-0.05234410613775253
MYBPHL_RNA,-0.05235898867249489
ST6GALNAC1_RNA,-0.05236872285604477
PLEKHM2_RNA,-0.052440620958805084
MAB21L1_RNA,-0.052508726716041565
C3orf36_RNA,-0.052529916167259216
CDH18_RNA,-0.05259020999073982
GLTPD2_RNA,-0.05259541794657707
FMO1_RNA,-0.05263492837548256
POLL_RNA,-0.05263971537351608
BOLL_RNA,-0.052650533616542816
CCDC65_RNA,-0.05265187472105026
ROCK1_RNA,-0.05266218259930611
ANGEL1_RNA,-0.052703168243169785
TMEM95_RNA,-0.052704278379678726
MYL10_RNA,-0.05277078226208687
VPS8_RNA,-0.05277099460363388
EXOSC1_RNA,-0.05278567597270012
DCDC2_RNA,-0.05279051885008812
MICAL1_RNA,-0.0528213307261467
SEC31A_RNA,-0.052856508642435074
FBXO6_RNA,-0.052876681089401245
ABCB1_RNA,-0.052882708609104156
OR1D2_RNA,-0.05289825424551964
NEDD9_RNA,-0.052908435463905334
RTN2_RNA,-0.052935920655727386
CEP290_RNA,-0.052989620715379715
IRX4_RNA,-0.05299033224582672
COX15_RNA,-0.05299782752990723
SCT_RNA,-0.05300486832857132
ZCCHC12_RNA,-0.05301281437277794
SIPA1L2_RNA,-0.05302361398935318
DYDC2_RNA,-0.0530388280749321
COL4A3_RNA,-0.05304863303899765
MIR570_RNA,-0.05307833105325699
DENND1B_RNA,-0.05312875658273697
TMEM215_RNA,-0.05316691845655441
NEXN_RNA,-0.05321381613612175
OR1L6_RNA,-0.05326775461435318
MIR376B_RNA,-0.05330348387360573
TEDDM1_RNA,-0.053306158632040024
LRRC56_RNA,-0.0533067025244236
BDH1_RNA,-0.05333666130900383
AEBP1_RNA,-0.053345419466495514
TXNDC5_RNA,-0.05334651470184326
VPS53_RNA,-0.05337231233716011
SNORA36C_RNA,-0.05341018736362457
MIR26A1_RNA,-0.053438086062669754
DCBLD1_RNA,-0.05344097316265106
CHRNB3_RNA,-0.053488846868276596
DLK2_RNA,-0.05349845066666603
PCDH18_RNA,-0.05351538956165314
CTNS_RNA,-0.05355207622051239
ROCK2_RNA,-0.053555261343717575
PLEKHA4_RNA,-0.053604841232299805
KLF7_RNA,-0.05361489951610565
ELMO3_RNA,-0.05362740159034729
SLC36A3_RNA,-0.0536365807056427
ACTR1B_RNA,-0.05365508794784546
JMJD4_RNA,-0.05369394272565842
MIR541_RNA,-0.05370018258690834
POU5F1B_RNA,-0.053801752626895905
PDE3A_RNA,-0.05381349101662636
PLP1_RNA,-0.0538538359105587
SLC35D2_RNA,-0.05385594815015793
GBE1_RNA,-0.05386629328131676
PABPC4_RNA,-0.053877171128988266
ATP10A_RNA,-0.053950801491737366
RPS6KA6_RNA,-0.05395342409610748
ABCG8_RNA,-0.053973667323589325
ANKRD42_RNA,-0.054003916680812836
TALDO1_RNA,-0.05405278876423836
PDPK1_RNA,-0.054074935615062714
MTIF3_RNA,-0.05408882349729538
PDCD4_RNA,-0.054089441895484924
HMGXB3_RNA,-0.05410222336649895
PIK3CB_RNA,-0.05410285294055939
GAD2_RNA,-0.0541360080242157
UBQLNL_RNA,-0.05423644557595253
PSMB9_RNA,-0.054248206317424774
GABRG2_RNA,-0.054317012429237366
MIR496_RNA,-0.05432190001010895
F2_RNA,-0.054345566779375076
MAPKBP1_RNA,-0.05437124893069267
BEX4_RNA,-0.05444514378905296
MMP27_RNA,-0.054508183151483536
MIR409_RNA,-0.05452027916908264
SNORD115-38_RNA,-0.05453914403915405
ALDH2_RNA,-0.054558657109737396
WFDC12_RNA,-0.05458990857005119
GLYCTK_RNA,-0.054635729640722275
WNT8A_RNA,-0.05463616922497749
TTLL10_RNA,-0.054646652191877365
KRT34_RNA,-0.05464974045753479
OGFRL1_RNA,-0.05465415492653847
KRTAP19-8_RNA,-0.05467192456126213
COX7A2L_RNA,-0.054782941937446594
MCCD1_RNA,-0.054827045649290085
TPST1_RNA,-0.054829422384500504
JMJD7-PLA2G4B_RNA,-0.054851725697517395
ULK4_RNA,-0.054880332201719284
MNT_RNA,-0.054902419447898865
ARHGEF11_RNA,-0.05493844300508499
CKAP4_RNA,-0.05494933947920799
LY6K_RNA,-0.05495394021272659
CPEB4_RNA,-0.05495519936084747
KCNQ5_RNA,-0.05495806038379669
ETNK2_RNA,-0.05499524995684624
ADAMTS19_RNA,-0.05500417575240135
EGLN3_RNA,-0.055064909160137177
OOEP_RNA,-0.05510004237294197
STRA8_RNA,-0.055105194449424744
CCL14_RNA,-0.055132411420345306
FAR1_RNA,-0.05513910949230194
OSBPL1A_RNA,-0.0551467128098011
TRIP11_RNA,-0.0551612563431263
ACBD4_RNA,-0.05522141605615616
MIR548N_RNA,-0.05522509291768074
PTPN3_RNA,-0.055239446461200714
PRKCA_RNA,-0.05525108054280281
DLG3_RNA,-0.05526125803589821
NSMAF_RNA,-0.05527542158961296
PTPN12_RNA,-0.05532865226268768
LMTK2_RNA,-0.055377621203660965
TM7SF3_RNA,-0.05539949610829353
CAPN1_RNA,-0.05541454628109932
ACOT7_RNA,-0.05547692999243736
TTLL13_RNA,-0.05548998340964317
LAT_RNA,-0.05554227903485298
SERINC1_RNA,-0.05557701736688614
MIR495_RNA,-0.05561843886971474
CPEB2_RNA,-0.05563902482390404
RNASE10_RNA,-0.05567174777388573
KLHDC1_RNA,-0.055678047239780426
PLOD1_RNA,-0.05579059571027756
ANKS4B_RNA,-0.05590274557471275
GPX4_RNA,-0.05590665712952614
BTBD10_RNA,-0.05601239949464798
SPINK9_RNA,-0.0560351125895977
PBOV1_RNA,-0.05605250597000122
ZNF841_RNA,-0.056060969829559326
DNAJC30_RNA,-0.056084856390953064
BMP10_RNA,-0.05608857423067093
AQP11_RNA,-0.05611724033951759
KLHL11_RNA,-0.056118253618478775
PLEKHB2_RNA,-0.05612949654459953
BAX_RNA,-0.056202515959739685
MIR381_RNA,-0.0562300868332386
OR1B1_RNA,-0.05633898079395294
LOC284798_RNA,-0.05638336017727852
CHMP1B_RNA,-0.05638764426112175
MBD2_RNA,-0.05640377104282379
GABRA3_RNA,-0.05644017085433006
SH2D4B_RNA,-0.0565226711332798
GRID1_RNA,-0.056534916162490845
SLC1A6_RNA,-0.056539393961429596
CIB1_RNA,-0.05654163658618927
OR51I1_RNA,-0.056581031531095505
CEP350_RNA,-0.05659603327512741
ACOX1_RNA,-0.05660317465662956
MADD_RNA,-0.056605201214551926
XPC_RNA,-0.05662157014012337
ZNF347_RNA,-0.056622546166181564
TFE3_RNA,-0.05665506049990654
ZNF407_RNA,-0.05666646733880043
SLC22A18AS_RNA,-0.056697599589824677
C7orf57_RNA,-0.05673537030816078
TBR1_RNA,-0.05675222724676132
TRMT2B_RNA,-0.05678130313754082
BICD2_RNA,-0.05686962231993675
FAM162B_RNA,-0.05692144110798836
AQP6_RNA,-0.05693075433373451
HMGCL_RNA,-0.056939829140901566
CHRND_RNA,-0.05697769671678543
ATL1_RNA,-0.05699046701192856
TMTC4_RNA,-0.05700273811817169
CCK_RNA,-0.05703999474644661
GLOD5_RNA,-0.05705360323190689
CHID1_RNA,-0.05706007406115532
C14orf132_RNA,-0.05708646774291992
ADAMTS9_RNA,-0.05708729103207588
REP15_RNA,-0.05709211900830269
NALCN_RNA,-0.057112082839012146
ZNF417_RNA,-0.05712524428963661
FAM131C_RNA,-0.05712837725877762
PSME1_RNA,-0.057128846645355225
SNORD114-16_RNA,-0.05713239684700966
PROKR2_RNA,-0.057168394327163696
OAS3_RNA,-0.05718979611992836
PCDHA3_RNA,-0.057215429842472076
LYPD6B_RNA,-0.05725570023059845
ZNF792_RNA,-0.05728516727685928
PREP_RNA,-0.05729282647371292
KCNB2_RNA,-0.057294052094221115
PRKAR1B_RNA,-0.057295847684144974
CALML6_RNA,-0.05729738622903824
MIR654_RNA,-0.05735496059060097
FIG4_RNA,-0.057415638118982315
NPSR1_RNA,-0.05742446705698967
PER2_RNA,-0.0574287585914135
NEK6_RNA,-0.05743057653307915
IVNS1ABP_RNA,-0.05743144080042839
CYP2R1_RNA,-0.05743664875626564
ARHGEF1_RNA,-0.05746001377701759
SLURP1_RNA,-0.05750171095132828
MAP6D1_RNA,-0.057538457214832306
GRIN1_RNA,-0.05753977969288826
CNST_RNA,-0.05754922330379486
IYD_RNA,-0.057574983686208725
MON2_RNA,-0.0575873889029026
KRTAP5-11_RNA,-0.05765995383262634
NXNL1_RNA,-0.057661499828100204
VSIG8_RNA,-0.05766507238149643
PRKAR1A_RNA,-0.05769732594490051
PTH1R_RNA,-0.05770757794380188
RIBC2_RNA,-0.05776460841298103
RPL36AL_RNA,-0.05777061730623245
RICTOR_RNA,-0.05779983103275299
SHPRH_RNA,-0.05784158781170845
NPM2_RNA,-0.05784706398844719
TEX11_RNA,-0.0578613206744194
PDK1_RNA,-0.0578630231320858
KIF5A_RNA,-0.05791343376040459
SLC15A4_RNA,-0.05793115869164467
B3GAT3_RNA,-0.057954683899879456
MIR1197_RNA,-0.05799160897731781
LMF2_RNA,-0.0580749474465847
COMMD9_RNA,-0.05808982253074646
MIP_RNA,-0.05810575187206268
FAM135A_RNA,-0.058132246136665344
SOX17_RNA,-0.05816458910703659
CLEC14A_RNA,-0.058197248727083206
MYO18A_RNA,-0.05821341648697853
YPEL5_RNA,-0.058219652622938156
LPA_RNA,-0.058233071118593216
CCDC148_RNA,-0.058278895914554596
CD81_RNA,-0.058291468769311905
TMEM72_RNA,-0.05830441787838936
VWDE_RNA,-0.05830470472574234
EPOR_RNA,-0.05831672623753548
DEFA4_RNA,-0.0583173967897892
SCARB1_RNA,-0.05831985920667648
FSIP1_RNA,-0.05836402624845505
LZTS2_RNA,-0.058370865881443024
CRABP2_RNA,-0.05837208032608032
ECE2_RNA,-0.05838824063539505
IFNAR2_RNA,-0.0584077313542366
TMEM44_RNA,-0.05843518674373627
ZNF33A_RNA,-0.058437298983335495
LPCAT4_RNA,-0.058454353362321854
TOM1L1_RNA,-0.05846438184380531
MCTS1_RNA,-0.05848173424601555
EMCN_RNA,-0.058493394404649734
LOC153910_RNA,-0.05852022394537926
MMACHC_RNA,-0.05854040011763573
KRT33B_RNA,-0.05854343995451927
NLRC3_RNA,-0.058545056730508804
MIR493_RNA,-0.05857814475893974
CXADR_RNA,-0.05859082564711571
SYT13_RNA,-0.058595336973667145
USP32_RNA,-0.05864423140883446
PHC3_RNA,-0.058677323162555695
PABPN1L_RNA,-0.05871829390525818
ZNF394_RNA,-0.058724917471408844
SLC15A5_RNA,-0.05876287817955017
PANK2_RNA,-0.05881984159350395
IL12B_RNA,-0.05883777514100075
MLEC_RNA,-0.058853182941675186
STAM_RNA,-0.05885331705212593
NDUFA4L2_RNA,-0.058883339166641235
TERC_RNA,-0.058894623070955276
AP2A2_RNA,-0.05891268327832222
KRTAP1-5_RNA,-0.05894499272108078
SON_RNA,-0.058972422033548355
AHI1_RNA,-0.05898457020521164
MIR148B_RNA,-0.058998383581638336
DRG2_RNA,-0.059001822024583817
PTPRK_RNA,-0.05900196731090546
SNORD116-10_RNA,-0.05901309475302696
SPTBN1_RNA,-0.05905885249376297
PLXDC1_RNA,-0.05907498300075531
IL17RC_RNA,-0.05910709127783775
NMNAT1_RNA,-0.05912826582789421
UBE4A_RNA,-0.059164226055145264
SLC25A34_RNA,-0.05917557701468468
KDSR_RNA,-0.05919930711388588
MIR30A_RNA,-0.05923764035105705
SLC9A5_RNA,-0.059339407831430435
TMLHE_RNA,-0.0593469999730587
MTRR_RNA,-0.059389837086200714
CACNB4_RNA,-0.05941057950258255
BCAP31_RNA,-0.059479158371686935
KCP_RNA,-0.05951829254627228
EIF5A2_RNA,-0.05959436297416687
ZFP36L1_RNA,-0.05961286649107933
VPS13B_RNA,-0.05963782221078873
MIR874_RNA,-0.05964433401823044
TAS2R19_RNA,-0.05970298498868942
HBM_RNA,-0.05975386127829552
SH3BGR_RNA,-0.05977763235569
EPHA4_RNA,-0.059785064309835434
ULBP3_RNA,-0.059853002429008484
MAFF_RNA,-0.05996762961149216
APIP_RNA,-0.05997491255402565
CLEC2D_RNA,-0.059984657913446426
CORO1B_RNA,-0.0600103959441185
CRYBA4_RNA,-0.06001552939414978
DDN_RNA,-0.06004340574145317
ZDHHC7_RNA,-0.06010621041059494
LYZL4_RNA,-0.060115817934274673
TCF20_RNA,-0.0601385161280632
HCRTR1_RNA,-0.06014556810259819
CCDC141_RNA,-0.060155611485242844
MIR494_RNA,-0.06017575412988663
SLC25A18_RNA,-0.06017875298857689
TOR1AIP2_RNA,-0.06022273004055023
RSPH3_RNA,-0.060337722301483154
TUFT1_RNA,-0.060355294495821
HSD17B4_RNA,-0.06037258729338646
EP300_RNA,-0.060378577560186386
PCDHGA6_RNA,-0.060403671115636826
ARMCX2_RNA,-0.060426391661167145
CTNNB1_RNA,-0.060434434562921524
AMPD1_RNA,-0.06051148474216461
USO1_RNA,-0.06054094061255455
KRT83_RNA,-0.06055423617362976
PSME2_RNA,-0.06057155132293701
ANKHD1_RNA,-0.060578856617212296
BCAS1_RNA,-0.06060757115483284
PC_RNA,-0.060619864612817764
BGN_RNA,-0.06064710393548012
PTPDC1_RNA,-0.06066959351301193
ADAMTS17_RNA,-0.06070709228515625
MIR558_RNA,-0.060722511261701584
DEDD2_RNA,-0.060724422335624695
VMAC_RNA,-0.06077546253800392
MEGF9_RNA,-0.06079484894871712
LDB1_RNA,-0.060835156589746475
AGXT_RNA,-0.060865212231874466
PDE4C_RNA,-0.06088833510875702
RAB31_RNA,-0.06091046705842018
AVEN_RNA,-0.060936834663152695
SLC48A1_RNA,-0.06093807518482208
RXFP3_RNA,-0.060955461114645004
SGPL1_RNA,-0.0609666109085083
CSK_RNA,-0.060977332293987274
PRDM2_RNA,-0.06101216748356819
LYPD1_RNA,-0.06102641299366951
PITX3_RNA,-0.06102868542075157
BMP4_RNA,-0.06110136955976486
TRNP1_RNA,-0.06110372021794319
ELL_RNA,-0.06110968813300133
PDCD6_RNA,-0.061127323657274246
TMEM219_RNA,-0.06114687770605087
ALDOA_RNA,-0.06115977466106415
GGT1_RNA,-0.06120234355330467
SLC25A12_RNA,-0.061284083873033524
OR1L3_RNA,-0.06131159886717796
GRM8_RNA,-0.06133749708533287
GJA9_RNA,-0.06139437481760979
TRUB1_RNA,-0.06142573803663254
MTTP_RNA,-0.061494823545217514
NUCB2_RNA,-0.061518654227256775
ADAMTS10_RNA,-0.06152570992708206
CTNND1_RNA,-0.06152746453881264
FGF22_RNA,-0.06153795123100281
MAGT1_RNA,-0.061569422483444214
PPCDC_RNA,-0.06157956272363663
FNDC5_RNA,-0.061580341309309006
IL17B_RNA,-0.06158462539315224
STK24_RNA,-0.061589185148477554
MPRIP_RNA,-0.06160252168774605
TCF7_RNA,-0.06164459139108658
DLX3_RNA,-0.061653830111026764
SYCE1L_RNA,-0.06171105057001114
LYG2_RNA,-0.0617244727909565
RPGR_RNA,-0.061728522181510925
TSGA10_RNA,-0.061766885221004486
ANKRD33B_RNA,-0.06177423521876335
HECA_RNA,-0.061819758266210556
SNORD37_RNA,-0.06182161718606949
VCAM1_RNA,-0.061906084418296814
CYP17A1_RNA,-0.06195330247282982
CDC42SE2_RNA,-0.06197497993707657
LTBP3_RNA,-0.06197625398635864
BNC1_RNA,-0.06200497969985008
GC_RNA,-0.062073029577732086
MIR382_RNA,-0.0620778352022171
SMG1_RNA,-0.06213021278381348
SORCS3_RNA,-0.06214288994669914
DDI2_RNA,-0.06217446178197861
ABCC4_RNA,-0.06221580132842064
R3HDML_RNA,-0.0622880682349205
DKK4_RNA,-0.06230306625366211
RAB40AL_RNA,-0.06231119856238365
ANO10_RNA,-0.06233597919344902
RNF181_RNA,-0.06233707442879677
KIAA0232_RNA,-0.06235074624419212
RNF215_RNA,-0.06237286329269409
RABEP2_RNA,-0.062389928847551346
PNKP_RNA,-0.06242683529853821
RAX_RNA,-0.062483176589012146
MIR154_RNA,-0.06248392164707184
ABCC10_RNA,-0.0625225305557251
ALPL_RNA,-0.06252865493297577
VCX_RNA,-0.0625607892870903
CPOX_RNA,-0.06256111711263657
GCG_RNA,-0.06256267428398132
MYLK3_RNA,-0.06257259100675583
RNF222_RNA,-0.06273409724235535
ATXN7L3_RNA,-0.06275279074907303
TRIML2_RNA,-0.06276658922433853
CCNY_RNA,-0.06277143955230713
MYADML2_RNA,-0.06278803944587708
SCML1_RNA,-0.06278909742832184
IRF3_RNA,-0.06280291825532913
DYTN_RNA,-0.06280715018510818
SLC12A6_RNA,-0.06283721327781677
NEU3_RNA,-0.06286972761154175
ADAM7_RNA,-0.06287416070699692
SAR1B_RNA,-0.06289351731538773
GPI_RNA,-0.06289758533239365
ANKRD40_RNA,-0.06295985728502274
CCDC159_RNA,-0.06302303075790405
RHOQ_RNA,-0.06307004392147064
DCAF12L2_RNA,-0.06308723986148834
PRSS3_RNA,-0.06310116499662399
TMEM204_RNA,-0.06313750147819519
ZNF70_RNA,-0.06314865499734879
YY2_RNA,-0.06315556168556213
ATG16L1_RNA,-0.06315816938877106
CCDC149_RNA,-0.06318498402833939
FGF10_RNA,-0.0632442981004715
B4GALT7_RNA,-0.06325563043355942
ST8SIA6_RNA,-0.06325600296258926
SNTA1_RNA,-0.0632893294095993
FGF23_RNA,-0.06329132616519928
TH_RNA,-0.0632987841963768
DCLRE1C_RNA,-0.06331019103527069
MIR539_RNA,-0.06331571191549301
EN1_RNA,-0.06334362179040909
ZDHHC2_RNA,-0.06336786597967148
C2CD2L_RNA,-0.06337698549032211
TMEM192_RNA,-0.06339626759290695
TMEM139_RNA,-0.06340596824884415
ADIG_RNA,-0.0634273812174797
TNNC2_RNA,-0.06343207508325577
ETFB_RNA,-0.0634353905916214
SIDT2_RNA,-0.06344988942146301
ALG12_RNA,-0.06345133483409882
OAZ1_RNA,-0.06347386538982391
INE1_RNA,-0.06347820907831192
RALBP1_RNA,-0.06349136680364609
ZDHHC1_RNA,-0.06350575387477875
SMTN_RNA,-0.06350842118263245
CDH12_RNA,-0.06351163238286972
PARP3_RNA,-0.06355123966932297
ECD_RNA,-0.0635896548628807
GATA1_RNA,-0.06359950453042984
MMP12_RNA,-0.06361939758062363
OR10H5_RNA,-0.0636637881398201
KCNC2_RNA,-0.0637158751487732
CAPN6_RNA,-0.06373798102140427
MGAT2_RNA,-0.0637519508600235
NKX2-8_RNA,-0.06379023939371109
ONECUT3_RNA,-0.06380230188369751
YTHDC2_RNA,-0.06381694972515106
COQ2_RNA,-0.06381703168153763
OR3A3_RNA,-0.06381786614656448
SERINC3_RNA,-0.06384840607643127
PHLDB1_RNA,-0.06390001624822617
GNG10_RNA,-0.06390366703271866
HHIPL1_RNA,-0.06391509622335434
CCL21_RNA,-0.06398955732584
SCD_RNA,-0.06406745314598083
RBM41_RNA,-0.06407047063112259
PANX1_RNA,-0.06407689303159714
SPATA13_RNA,-0.06410238891839981
PSG9_RNA,-0.06412363052368164
FICD_RNA,-0.06419941782951355
UNC45B_RNA,-0.06421537697315216
PLP2_RNA,-0.06423935294151306
PFKL_RNA,-0.06429737061262131
SHISA6_RNA,-0.06430026888847351
C1QTNF9_RNA,-0.06430159509181976
SUFU_RNA,-0.06431226432323456
HIPK2_RNA,-0.06432940810918808
TUBB3_RNA,-0.06435514986515045
RIMS3_RNA,-0.06436161696910858
GDE1_RNA,-0.06437069177627563
ATP1B1_RNA,-0.06439021974802017
AGTR1_RNA,-0.06440023332834244
PKDREJ_RNA,-0.06445483863353729
ANKHD1-EIF4EBP3_RNA,-0.06446848809719086
MIR185_RNA,-0.06451021879911423
MGAT3_RNA,-0.06451311707496643
BRI3_RNA,-0.06454352289438248
ALG11_RNA,-0.06454634666442871
PLA2G4B_RNA,-0.06456790864467621
TICAM1_RNA,-0.06459041684865952
SERHL2_RNA,-0.0645982027053833
LYST_RNA,-0.06462009251117706
TMEM217_RNA,-0.06464583426713943
ARMC2_RNA,-0.064676433801651
SMPD2_RNA,-0.06469020247459412
ZNF573_RNA,-0.06470850855112076
DSTYK_RNA,-0.06472007930278778
SLC43A3_RNA,-0.0647546797990799
LAMA5_RNA,-0.06475615501403809
MIR487B_RNA,-0.06476301699876785
SLC12A1_RNA,-0.06480938196182251
SLC2A11_RNA,-0.06481180340051651
TAS2R4_RNA,-0.06484250724315643
ARHGEF15_RNA,-0.06490018963813782
S100A16_RNA,-0.06493367999792099
GPR101_RNA,-0.06493811309337616
DOK7_RNA,-0.0650247111916542
IHH_RNA,-0.06506101042032242
CDC42SE1_RNA,-0.06506817042827606
USP14_RNA,-0.06507051736116409
IRAK1_RNA,-0.06508748978376389
IL5_RNA,-0.06514076888561249
UTS2R_RNA,-0.06514497846364975
AKAP6_RNA,-0.06515883654356003
MC3R_RNA,-0.06519168615341187
AMPD2_RNA,-0.06520714610815048
ANKRD12_RNA,-0.0653170645236969
HSPA1A_RNA,-0.06532740592956543
SNX18_RNA,-0.06534457206726074
DOCK6_RNA,-0.06535978615283966
BTN1A1_RNA,-0.06536048650741577
IQCJ_RNA,-0.06545229256153107
SLC5A8_RNA,-0.0654967725276947
LTB4R2_RNA,-0.06555049866437912
HSCB_RNA,-0.06555070728063583
AGR2_RNA,-0.0655963271856308
MAP2K1_RNA,-0.06562919169664383
TPCN2_RNA,-0.06563333421945572
TMEM52_RNA,-0.06568112969398499
SNORA16B_RNA,-0.06572745740413666
NANOS1_RNA,-0.06573621183633804
ANKK1_RNA,-0.0657389909029007
AGPAT3_RNA,-0.0657476931810379
KLK1_RNA,-0.06575655937194824
ANKRD26_RNA,-0.06579562276601791
MSLNL_RNA,-0.06582808494567871
IQCG_RNA,-0.0658329501748085
TBC1D10A_RNA,-0.06591697037220001
MAN2A2_RNA,-0.06591877341270447
ZFC3H1_RNA,-0.06595034152269363
SNORD115-32_RNA,-0.06600620597600937
MAFG_RNA,-0.06604032963514328
CNNM4_RNA,-0.06607767194509506
SYNPR_RNA,-0.0661025196313858
VWC2_RNA,-0.06612928211688995
CD276_RNA,-0.06614060699939728
DBP_RNA,-0.06620873510837555
NMI_RNA,-0.06636527180671692
MTMR14_RNA,-0.06640027463436127
MIR181A2_RNA,-0.0664181187748909
KLHL5_RNA,-0.06643455475568771
BSCL2_RNA,-0.06649142503738403
AVL9_RNA,-0.06653682142496109
NUFIP2_RNA,-0.06653831154108047
GRP_RNA,-0.0665665790438652
MRGPRX4_RNA,-0.06657234579324722
SLC17A5_RNA,-0.06658364832401276
RGPD4_RNA,-0.06658666580915451
SNORD115-40_RNA,-0.06661488860845566
MIR574_RNA,-0.066623754799366
FAM186B_RNA,-0.0666266456246376
TNIP1_RNA,-0.06668106466531754
AIG1_RNA,-0.06677021831274033
BTG4_RNA,-0.0667845606803894
ESRP1_RNA,-0.06678640842437744
TRIM3_RNA,-0.06685997545719147
STON1-GTF2A1L_RNA,-0.06686175614595413
POLK_RNA,-0.06690902262926102
SRXN1_RNA,-0.06692944467067719
PLEKHA2_RNA,-0.06699539721012115
CLYBL_RNA,-0.06700067967176437
NDUFA1_RNA,-0.06701072305440903
NPY2R_RNA,-0.06704118847846985
ECHDC1_RNA,-0.06711310148239136
ELK4_RNA,-0.06712716072797775
SLC22A5_RNA,-0.06714868545532227
PHGR1_RNA,-0.06718064844608307
GNPTG_RNA,-0.0672483742237091
ANXA9_RNA,-0.06725151091814041
PRKAR2B_RNA,-0.067268505692482
LCN6_RNA,-0.06727030873298645
KIAA0319L_RNA,-0.06731762737035751
DLEC1_RNA,-0.06733392179012299
HTR1F_RNA,-0.06739554554224014
SLC35F5_RNA,-0.0674070417881012
ANKAR_RNA,-0.06740844249725342
FOXD2_RNA,-0.06741595268249512
PREPL_RNA,-0.06743180751800537
SYT5_RNA,-0.06744346022605896
MIR27B_RNA,-0.06744593381881714
CDH5_RNA,-0.0674804076552391
RNU11_RNA,-0.06750934571027756
CCR6_RNA,-0.06751394271850586
OSBPL9_RNA,-0.06757398694753647
PAH_RNA,-0.0675874799489975
TBCE_RNA,-0.06761092692613602
FAM13C_RNA,-0.06763892620801926
ACTC1_RNA,-0.06764282286167145
ITGB1BP2_RNA,-0.06765127927064896
UBE2E2_RNA,-0.06766682863235474
VOPP1_RNA,-0.06768624484539032
ETHE1_RNA,-0.06768748164176941
POU6F2_RNA,-0.0677032396197319
NEDD4L_RNA,-0.06772702932357788
RINL_RNA,-0.0677344873547554
TMEM39A_RNA,-0.06774390488862991
STRN_RNA,-0.06781771034002304
ANKS1A_RNA,-0.06783105432987213
LYSMD4_RNA,-0.06787503510713577
RFPL3_RNA,-0.06791966408491135
LMAN2_RNA,-0.06800423562526703
C10orf55_RNA,-0.06803056597709656
SNORD99_RNA,-0.06803373992443085
LRBA_RNA,-0.06803383678197861
TAF7L_RNA,-0.06803572922945023
MARVELD3_RNA,-0.06804443150758743
GPR146_RNA,-0.06805068254470825
ENPP3_RNA,-0.0680682584643364
MRPL41_RNA,-0.06810815632343292
MIR1284_RNA,-0.06811515986919403
HPS3_RNA,-0.06812310963869095
TFPI_RNA,-0.06813203543424606
HUS1_RNA,-0.06821291893720627
MIR590_RNA,-0.06821609288454056
PCDHGB7_RNA,-0.06822514533996582
TPT1_RNA,-0.06827480345964432
OR2AT4_RNA,-0.06829274445772171
CCND3_RNA,-0.06829893589019775
SERINC2_RNA,-0.06832082569599152
MTNR1A_RNA,-0.0683300793170929
LHB_RNA,-0.06833038479089737
PLEKHG4B_RNA,-0.06833599507808685
EPDR1_RNA,-0.0683404877781868
UBL4B_RNA,-0.06834413856267929
RNF150_RNA,-0.06835512071847916
WDR64_RNA,-0.06839503347873688
THRB_RNA,-0.06840161979198456
MIR2116_RNA,-0.06844290345907211
DNAJB1_RNA,-0.06846128404140472
CYB561D2_RNA,-0.0684763640165329
IBTK_RNA,-0.0685672014951706
HPR_RNA,-0.06859470158815384
CRELD2_RNA,-0.06865203380584717
TPD52L2_RNA,-0.06865890324115753
MIR603_RNA,-0.06865917146205902
ARL6IP5_RNA,-0.0687427967786789
RCAN1_RNA,-0.06874649971723557
GPR35_RNA,-0.06875411421060562
ABCC5_RNA,-0.06878941506147385
POLR2L_RNA,-0.06879987567663193
GUCY2F_RNA,-0.06880345195531845
TXNDC11_RNA,-0.0688084214925766
AMT_RNA,-0.06885514408349991
RMST_RNA,-0.06886808574199677
SNORD115-39_RNA,-0.06889069825410843
DAAM2_RNA,-0.06891654431819916
MYCBP_RNA,-0.06892134249210358
EFCAB10_RNA,-0.06895226240158081
LOC154449_RNA,-0.06895744800567627
CABP7_RNA,-0.06896095722913742
MUC2_RNA,-0.06896506249904633
IGFBP5_RNA,-0.06897958368062973
SERPINA12_RNA,-0.06898835301399231
FBXO22_RNA,-0.06908906251192093
IL1RAP_RNA,-0.06911413371562958
HORMAD2_RNA,-0.06914497911930084
MRAS_RNA,-0.0691571980714798
HAO1_RNA,-0.06916403770446777
NRTN_RNA,-0.06917115300893784
PEG3_RNA,-0.06918828189373016
KANK2_RNA,-0.06920546293258667
TMEM102_RNA,-0.06921028345823288
LY6D_RNA,-0.06924476474523544
TSNAX-DISC1_RNA,-0.06925196200609207
SOD1_RNA,-0.0692952498793602
MIR374A_RNA,-0.06930096447467804
LRP11_RNA,-0.06930120289325714
C2orf74_RNA,-0.06935345381498337
PELO_RNA,-0.06939084827899933
CKM_RNA,-0.06939586251974106
PCDHA10_RNA,-0.06940308213233948
ZNF518A_RNA,-0.06940733641386032
MATR3_RNA,-0.06941451877355576
HDLBP_RNA,-0.06946242600679398
BARX1_RNA,-0.06948856264352798
CD151_RNA,-0.06960833072662354
PGK1_RNA,-0.0696265920996666
SASH1_RNA,-0.06963108479976654
BTBD9_RNA,-0.06968311965465546
SNORD113-1_RNA,-0.069699726998806
CATSPER2_RNA,-0.06969977915287018
MIR758_RNA,-0.06971458345651627
TMTC2_RNA,-0.06972309947013855
GALNT13_RNA,-0.06975054740905762
HLCS_RNA,-0.06976401060819626
OR52W1_RNA,-0.06976529210805893
AGA_RNA,-0.06978805363178253
TBX15_RNA,-0.06980115920305252
TMEM17_RNA,-0.06982681155204773
MRPS24_RNA,-0.06988047063350677
HSPB2_RNA,-0.06989715993404388
TRIP6_RNA,-0.06992093473672867
UNC119_RNA,-0.06992221623659134
QRFPR_RNA,-0.06995150446891785
ZDHHC13_RNA,-0.06996799260377884
JSRP1_RNA,-0.07001707702875137
STK32A_RNA,-0.07002294063568115
FAM13A_RNA,-0.07004780322313309
ATG2B_RNA,-0.07005181163549423
VCAN_RNA,-0.07014072686433792
CLTB_RNA,-0.07014535367488861
CHRDL2_RNA,-0.07015196979045868
SERF2_RNA,-0.07019117474555969
C1GALT1C1_RNA,-0.07020696997642517
BOLA3_RNA,-0.0702500268816948
WFDC3_RNA,-0.07027241587638855
KRT4_RNA,-0.07030587643384933
CCDC63_RNA,-0.07032796740531921
KCNMB2_RNA,-0.07034289091825485
SOCS6_RNA,-0.0703553706407547
PXDN_RNA,-0.070364810526371
EFNA4_RNA,-0.07038140296936035
GALNT11_RNA,-0.0703868418931961
RPL13P5_RNA,-0.07042288780212402
SORCS1_RNA,-0.0704597756266594
B4GALNT2_RNA,-0.07050535082817078
ADORA2B_RNA,-0.07050712406635284
SNORD115-17_RNA,-0.07051055133342743
NPR1_RNA,-0.07054435461759567
TMEM165_RNA,-0.07054759562015533
TM2D2_RNA,-0.0705522745847702
GLRA1_RNA,-0.07056358456611633
CLN8_RNA,-0.07056371122598648
CXCR5_RNA,-0.07062938064336777
NIT2_RNA,-0.07063338160514832
IFI27_RNA,-0.07063362747430801
COLQ_RNA,-0.0706431046128273
C11orf91_RNA,-0.07069941610097885
ELK1_RNA,-0.07072040438652039
RIPK1_RNA,-0.07075158506631851
TMCO6_RNA,-0.07078775763511658
PTPN9_RNA,-0.07079089432954788
FKBP1A_RNA,-0.07081764936447144
HRC_RNA,-0.07082678377628326
OR9A4_RNA,-0.07086749374866486
TP53I11_RNA,-0.0708828791975975
AK3_RNA,-0.07090280950069427
MMP21_RNA,-0.07090618461370468
ATXN7L1_RNA,-0.07091023772954941
CPZ_RNA,-0.07094466686248779
OR51E2_RNA,-0.07094684988260269
GREM2_RNA,-0.07098542898893356
SNORD105B_RNA,-0.07104270905256271
BCL2L1_RNA,-0.07108446955680847
LAD1_RNA,-0.07108507305383682
SLC39A11_RNA,-0.07108761370182037
MAMSTR_RNA,-0.07109209150075912
TRIM59_RNA,-0.07110437750816345
ADH1A_RNA,-0.07110725343227386
CAPZB_RNA,-0.07112938165664673
NFKBIE_RNA,-0.0711522325873375
GHITM_RNA,-0.07121903449296951
MCC_RNA,-0.07122401893138885
PROZ_RNA,-0.07125895470380783
AKAP11_RNA,-0.0712711438536644
WWP1_RNA,-0.07134946435689926
SFT2D1_RNA,-0.07139084488153458
CWH43_RNA,-0.07140523940324783
ATF3_RNA,-0.07143251597881317
HDAC8_RNA,-0.07150481641292572
DOCK1_RNA,-0.07150571048259735
SNORA14B_RNA,-0.07155647873878479
EMID1_RNA,-0.07157806307077408
TMEM41A_RNA,-0.07158077508211136
MIR99A_RNA,-0.07159196585416794
GATA4_RNA,-0.07161170244216919
PCDHAC1_RNA,-0.07162640988826752
RASSF4_RNA,-0.07162809371948242
TMCC2_RNA,-0.07165750861167908
SIDT1_RNA,-0.0717226192355156
KCNH6_RNA,-0.07177548110485077
TBRG1_RNA,-0.07178802788257599
NME5_RNA,-0.0717979446053505
TXNDC15_RNA,-0.07180391997098923
MIR1262_RNA,-0.07181138545274734
HOXA1_RNA,-0.07182665169239044
RETSAT_RNA,-0.07184145599603653
C20orf144_RNA,-0.07184334099292755
UGT8_RNA,-0.07185721397399902
GSS_RNA,-0.07186457514762878
MRPL17_RNA,-0.07187928259372711
ALAD_RNA,-0.07194375991821289
TBC1D19_RNA,-0.07196488231420517
WDSUB1_RNA,-0.07197245210409164
NAPEPLD_RNA,-0.0720023363828659
RRAD_RNA,-0.07202650606632233
TMEM91_RNA,-0.07205132395029068
ZC3H12B_RNA,-0.07219098508358002
XPNPEP3_RNA,-0.0722038671374321
VANGL1_RNA,-0.07222948223352432
MIA2_RNA,-0.07226624339818954
AADAC_RNA,-0.0722934752702713
CERK_RNA,-0.07232152670621872
RALGAPA2_RNA,-0.0723654180765152
PCDHB12_RNA,-0.0724068209528923
KBTBD8_RNA,-0.07247521728277206
PNP_RNA,-0.07253791391849518
SLC16A4_RNA,-0.07254356145858765
RSAD2_RNA,-0.07257181406021118
APOOL_RNA,-0.07257231324911118
GCLC_RNA,-0.07259362190961838
VPS13A_RNA,-0.07262007892131805
SLC35E4_RNA,-0.07263029366731644
EXOC8_RNA,-0.07273941487073898
CRTAP_RNA,-0.07276338338851929
SNX6_RNA,-0.07277487218379974
MCFD2_RNA,-0.0729065090417862
BAG3_RNA,-0.07309078425168991
RGS13_RNA,-0.0730939656496048
ZDHHC24_RNA,-0.07310636341571808
GCA_RNA,-0.07310754805803299
LDHA_RNA,-0.07311298698186874
CHD1L_RNA,-0.07311839610338211
SEC24A_RNA,-0.07316339761018753
KRT1_RNA,-0.07320325821638107
SMYD2_RNA,-0.07321053743362427
INTU_RNA,-0.07322083413600922
TECTB_RNA,-0.07324077188968658
IFIT3_RNA,-0.07325781136751175
TMX4_RNA,-0.07329579442739487
WNT16_RNA,-0.07331924885511398
IRF2_RNA,-0.07335810363292694
DHRS1_RNA,-0.07337234169244766
GRIP2_RNA,-0.07337279617786407
RNH1_RNA,-0.07340068370103836
USP12_RNA,-0.07340598106384277
ZPBP_RNA,-0.07343136519193649
SLCO2A1_RNA,-0.0734391063451767
GNL3L_RNA,-0.07344377040863037
GPR75_RNA,-0.07346668094396591
RHOF_RNA,-0.07350567728281021
LYSMD2_RNA,-0.073535822331905365
MIR299_RNA,-0.07353772968053818
MIR380_RNA,-0.07355915755033493
ASCL4_RNA,-0.07365558296442032
ARPC5_RNA,-0.07368657737970352
PLSCR2_RNA,-0.07370556890964508
BMS1P4_RNA,-0.07379863411188126
ZBTB4_RNA,-0.07382721453905106
TRIM8_RNA,-0.0738481655716896
ADAT1_RNA,-0.07387295365333557
ECEL1_RNA,-0.07391536980867386
SNORD115-42_RNA,-0.07397403568029404
OR1K1_RNA,-0.07397983968257904
KIR3DL2_RNA,-0.07401590049266815
PKP3_RNA,-0.07404734939336777
C3orf33_RNA,-0.07408547401428223
CHRM4_RNA,-0.07408902049064636
CHRNA1_RNA,-0.0740991085767746
SCNN1G_RNA,-0.07411124557256699
CEACAM20_RNA,-0.07411730289459229
GLIS1_RNA,-0.07414013147354126
RUSC2_RNA,-0.07420598715543747
ST3GAL4_RNA,-0.07422222197055817
SLC27A2_RNA,-0.07423536479473114
ARPC4_RNA,-0.074283502995967865
FAM171B_RNA,-0.07428786903619766
UBTD1_RNA,-0.0743023008108139
PADI6_RNA,-0.0743177980184555
TMOD3_RNA,-0.07432347536087036
TRIM32_RNA,-0.07442443817853928
PAPOLG_RNA,-0.07458809018135071
ADAMTS15_RNA,-0.07463854551315308
OR51M1_RNA,-0.07465282827615738
TAC3_RNA,-0.07470184564590454
VPS4B_RNA,-0.07470205426216125
PACS2_RNA,-0.07470244914293289
CD164_RNA,-0.07479632645845413
SHISA5_RNA,-0.07480181753635406
ADAM15_RNA,-0.07483057677745819
PCK1_RNA,-0.07485324144363403
ZSCAN20_RNA,-0.07486540824174881
ENTPD6_RNA,-0.07488995790481567
DNMBP_RNA,-0.07492826879024506
PNCK_RNA,-0.07496774196624756
HSD17B14_RNA,-0.07498231530189514
PPARA_RNA,-0.07499165832996368
YAP1_RNA,-0.07501619309186935
ASB15_RNA,-0.0750405415892601
GPR26_RNA,-0.07508261501789093
RS1_RNA,-0.07508829236030579
SLC35B4_RNA,-0.07510501146316528
KITLG_RNA,-0.07514842599630356
GGN_RNA,-0.07519736140966415
MAPRE3_RNA,-0.07520554214715958
WFDC1_RNA,-0.07520735263824463
ZBTB16_RNA,-0.07533317804336548
PTPN5_RNA,-0.07536247372627258
KCNJ3_RNA,-0.07536594569683075
NOX4_RNA,-0.07537543773651123
FUT2_RNA,-0.0753893181681633
ADCY9_RNA,-0.0754307359457016
CHUK_RNA,-0.07549256831407547
CYP4B1_RNA,-0.07550715655088425
ARL5C_RNA,-0.07550874352455139
SPOPL_RNA,-0.07551056891679764
CTRB1_RNA,-0.07554216682910919
APOE_RNA,-0.07559821754693985
ADAM10_RNA,-0.07561814785003662
C10orf62_RNA,-0.0756237730383873
FOXK1_RNA,-0.07566307485103607
HOXB4_RNA,-0.07566691190004349
SPATA9_RNA,-0.07568569481372833
UBE3C_RNA,-0.07572172582149506
SYN2_RNA,-0.07572779059410095
SHBG_RNA,-0.07576052099466324
CCM2_RNA,-0.0757729783654213
NMUR2_RNA,-0.075797930359840393
HTR1A_RNA,-0.07590178400278091
OR52N1_RNA,-0.07590994983911514
GNPTAB_RNA,-0.07596074044704437
MIR1205_RNA,-0.07596321403980255
SNORD12C_RNA,-0.07598210126161575
DGCR11_RNA,-0.07598663866519928
TMED8_RNA,-0.075999416410923
LRRK2_RNA,-0.07608681172132492
C1orf141_RNA,-0.0760880708694458
RAB19_RNA,-0.07611855864524841
EXOC6B_RNA,-0.07614833116531372
AIPL1_RNA,-0.07615846395492554
NIPSNAP3A_RNA,-0.07615941017866135
L1CAM_RNA,-0.07619541138410568
PRELP_RNA,-0.07630041241645813
MSL3_RNA,-0.07633179426193237
MIRLET7G_RNA,-0.07633806020021439
MDN1_RNA,-0.07636163383722305
MBOAT4_RNA,-0.07636485248804092
TMEM88_RNA,-0.07639461010694504
SLC8A2_RNA,-0.0764184296131134
EEF2K_RNA,-0.07644245773553848
MEF2D_RNA,-0.07648667693138123
FAM89A_RNA,-0.07652689516544342
MMP2_RNA,-0.07658958435058594
TSPAN17_RNA,-0.07660136371850967
PDE2A_RNA,-0.07662462443113327
TEKT3_RNA,-0.07663082331418991
CPO_RNA,-0.07667331397533417
AACS_RNA,-0.07668165117502213
PHKA1_RNA,-0.07668565958738327
SPTB_RNA,-0.07674343883991241
C1QTNF4_RNA,-0.07681330293416977
ATP6V0C_RNA,-0.07684285938739777
CPA1_RNA,-0.07689357548952103
ENPEP_RNA,-0.07691306620836258
NPS_RNA,-0.07696956396102905
LUZP4_RNA,-0.07700098305940628
CYFIP2_RNA,-0.0770735815167427
ATP2C1_RNA,-0.07708372920751572
GARNL3_RNA,-0.07708528637886047
HELZ_RNA,-0.07713950425386429
IDO2_RNA,-0.07725759595632553
IGFBP1_RNA,-0.0772651806473732
ADCY5_RNA,-0.07726947963237762
FCRL2_RNA,-0.07729312777519226
ARFGEF1_RNA,-0.07732102274894714
SPATA7_RNA,-0.07733341306447983
CPT1B_RNA,-0.07735718041658401
MUC1_RNA,-0.07736848294734955
TBX19_RNA,-0.07737252861261368
SPEG_RNA,-0.07741046696901321
FAT1_RNA,-0.07741554826498032
ATP6V0B_RNA,-0.07743719220161438
TRPM7_RNA,-0.07744482904672623
PCYOX1_RNA,-0.07746100425720215
CALU_RNA,-0.07753822952508926
HSPA6_RNA,-0.07757015526294708
FECH_RNA,-0.07757925242185593
BCAP29_RNA,-0.07760347425937653
TMEM127_RNA,-0.077617548406124115
IL20_RNA,-0.07763781398534775
KLHL36_RNA,-0.077644452452659607
C4orf19_RNA,-0.07766497880220413
IL1RAPL2_RNA,-0.0776805579662323
CALCOCO2_RNA,-0.07768568396568298
HECTD1_RNA,-0.0776863545179367
NECAB3_RNA,-0.07772403955459595
WNT1_RNA,-0.0777939185500145
BCAS4_RNA,-0.07783936709165573
VCPIP1_RNA,-0.07785627990961075
NGEF_RNA,-0.07787574827671051
PPEF1_RNA,-0.07787872105836868
CATSPERG_RNA,-0.07796983420848846
PCDH1_RNA,-0.07799765467643738
SSPN_RNA,-0.07800784707069397
CHM_RNA,-0.07802771031856537
ZNF366_RNA,-0.07804492115974426
LCE1C_RNA,-0.07807057350873947
UVRAG_RNA,-0.07817721366882324
TCTA_RNA,-0.07818226516246796
TMEM59_RNA,-0.07820254564285278
TOP3B_RNA,-0.07823532074689865
DMD_RNA,-0.07827145606279373
MIR1243_RNA,-0.07829640060663223
TMEM184B_RNA,-0.07830110192298889
SESN2_RNA,-0.07832232862710953
SNORA47_RNA,-0.07837317138910294
PPIC_RNA,-0.0783766508102417
GCNT3_RNA,-0.07838139683008194
TRIP4_RNA,-0.0783911868929863
XIRP1_RNA,-0.07840443402528763
ADRB1_RNA,-0.0784599557518959
AP4S1_RNA,-0.07846023887395859
HPYR1_RNA,-0.07847021520137787
ZIC5_RNA,-0.07847756147384644
PHKA2_RNA,-0.07847974449396133
UNC13B_RNA,-0.07848471403121948
DNAJC5_RNA,-0.078523650765419
SNX2_RNA,-0.07852579653263092
SNORA2A_RNA,-0.07853218913078308
MYL6_RNA,-0.07854361087083817
TGFB2_RNA,-0.07854882627725601
IKBKG_RNA,-0.07855679839849472
MYH1_RNA,-0.07857247442007065
DRAM2_RNA,-0.07857470959424973
ZFAND1_RNA,-0.07858238369226456
UBR3_RNA,-0.07858958840370178
DNM3_RNA,-0.07859153300523758
CHGA_RNA,-0.078607477247715
ARHGEF3_RNA,-0.07863489538431168
KLF8_RNA,-0.07866763323545456
MIR548H3_RNA,-0.07867702841758728
YDJC_RNA,-0.07872815430164337
VAMP3_RNA,-0.07873453199863434
BLK_RNA,-0.07876154035329819
MIR569_RNA,-0.07876455038785934
NEU1_RNA,-0.07877703756093979
TANK_RNA,-0.07878094166517258
FAM163A_RNA,-0.07878987491130829
MAP1LC3A_RNA,-0.07879883795976639
MIR98_RNA,-0.0788518488407135
NUCB1_RNA,-0.07887426763772964
CASC2_RNA,-0.07889015227556229
HUWE1_RNA,-0.07890555262565613
ZC3H6_RNA,-0.07891741394996643
NUDT22_RNA,-0.07892616838216782
NR3C2_RNA,-0.07894033193588257
DYNC1H1_RNA,-0.07895556837320328
PRB4_RNA,-0.07898470014333725
PSD_RNA,-0.07911963760852814
COX6B2_RNA,-0.07913611084222794
FBXL4_RNA,-0.07923336327075958
CCDC87_RNA,-0.07924596220254898
KCTD21_RNA,-0.07934380322694778
RPL21P28_RNA,-0.07936231046915054
FSTL4_RNA,-0.07938935607671738
TTBK2_RNA,-0.0793922021985054
PPM1J_RNA,-0.07941465079784393
C1orf216_RNA,-0.0794220045208931
TP53INP1_RNA,-0.07943548262119293
RNASEK_RNA,-0.07944726943969727
RSPH6A_RNA,-0.0795007050037384
VTI1B_RNA,-0.07953573763370514
LIPG_RNA,-0.07955127954483032
ADCYAP1_RNA,-0.07955808937549591
ACADVL_RNA,-0.07972696423530579
ACE_RNA,-0.07973149418830872
INPP5J_RNA,-0.07978343963623047
MGST3_RNA,-0.07978642731904984
NLRP7_RNA,-0.07990314811468124
SESN3_RNA,-0.07992856204509735
ITM2B_RNA,-0.08001355081796646
SCN11A_RNA,-0.08002335578203201
PMFBP1_RNA,-0.08004356920719147
CACNG3_RNA,-0.08009680360555649
SCARNA3_RNA,-0.0801326185464859
HIF1AN_RNA,-0.08013678342103958
HOOK3_RNA,-0.08015687763690948
SARNP_RNA,-0.08015923202037811
LMOD2_RNA,-0.0802588164806366
GPHA2_RNA,-0.0803070068359375
RNF212_RNA,-0.08033871650695801
PCMTD1_RNA,-0.08034852892160416
GPR61_RNA,-0.08036656677722931
ASTL_RNA,-0.08037763833999634
ZFPM2_RNA,-0.08046197891235352
MIR708_RNA,-0.08047018945217133
IKZF2_RNA,-0.08047573268413544
SPDYA_RNA,-0.08050932735204697
ELOVL6_RNA,-0.08051595836877823
ATP8A1_RNA,-0.08051689714193344
SGSM3_RNA,-0.08054343611001968
MYCBPAP_RNA,-0.08060892671346664
CALR3_RNA,-0.08067147433757782
PLIN3_RNA,-0.08070917427539825
ART4_RNA,-0.08075088262557983
MIR193A_RNA,-0.08084095269441605
OR2D3_RNA,-0.08090691268444061
ATP6V0D1_RNA,-0.0809381753206253
TSPYL2_RNA,-0.08094139397144318
KLC3_RNA,-0.08097269386053085
EFEMP2_RNA,-0.08097875118255615
FXYD1_RNA,-0.08098027110099792
SLC35E3_RNA,-0.08101323992013931
CR1L_RNA,-0.08102303743362427
PTGER1_RNA,-0.08105817437171936
DACT1_RNA,-0.08106113225221634
ASIP_RNA,-0.08108671754598618
MRPS6_RNA,-0.08109165728092194
MBOAT1_RNA,-0.08111971616744995
CAPN8_RNA,-0.08114485442638397
C22orf42_RNA,-0.08117951452732086
ANGPTL6_RNA,-0.08122190088033676
NFE2L1_RNA,-0.08122406899929047
MIR181B1_RNA,-0.08126397430896759
MIR1301_RNA,-0.08130430430173874
HLA-A_RNA,-0.08135992288589478
TTC38_RNA,-0.08142226189374924
SRD5A3_RNA,-0.08142245560884476
SLC23A2_RNA,-0.0814233124256134
HSPA12B_RNA,-0.08142857998609543
CLEC12B_RNA,-0.08145251870155334
ZFHX4_RNA,-0.08149093389511108
IL27RA_RNA,-0.08150932937860489
MIR648_RNA,-0.08151548355817795
ZSWIM6_RNA,-0.08151625096797943
ATRX_RNA,-0.08151695877313614
KRT32_RNA,-0.08155494928359985
FZD10_RNA,-0.08159728348255157
UXS1_RNA,-0.08160647749900818
USH1C_RNA,-0.08163820952177048
SLC38A10_RNA,-0.0816395953297615
RTP1_RNA,-0.08164846897125244
GRM4_RNA,-0.08168353885412216
SPATA1_RNA,-0.08168891072273254
YIPF5_RNA,-0.08169759064912796
ACADS_RNA,-0.08170033991336823
CLDN20_RNA,-0.08171180635690689
DEFB1_RNA,-0.08172189444303513
KLHL35_RNA,-0.081724613904953
NPY1R_RNA,-0.08173755556344986
AGTRAP_RNA,-0.08177455514669418
INPP5B_RNA,-0.0818038210272789
ERAP2_RNA,-0.08183309435844421
CUX2_RNA,-0.08185315132141113
IFITM4P_RNA,-0.08186247944831848
SLC5A9_RNA,-0.08187655359506607
GFPT1_RNA,-0.08188249170780182
RBP1_RNA,-0.08199644088745117
TMEM232_RNA,-0.08203382790088654
FAM185A_RNA,-0.08207377046346664
PCDHGA7_RNA,-0.08215704560279846
ATP6V1C1_RNA,-0.08219818025827408
RTN1_RNA,-0.08222126215696335
ZNF516_RNA,-0.08225764334201813
AFAP1_RNA,-0.08226943761110306
GTF2A1L_RNA,-0.08228567242622375
CYP3A7_RNA,-0.0822862759232521
SLC22A3_RNA,-0.08230078220367432
RGPD5_RNA,-0.08231392502784729
MRGPRE_RNA,-0.082404725253582
DUSP6_RNA,-0.08247295022010803
PRKAG2_RNA,-0.08247309178113937
SNORA2B_RNA,-0.08261299878358841
S1PR3_RNA,-0.08265051245689392
MIR425_RNA,-0.0827053040266037
SNORD46_RNA,-0.08271106332540512
ATG10_RNA,-0.0827140361070633
PCBD1_RNA,-0.08275870233774185
ISM2_RNA,-0.08277369290590286
GFRA4_RNA,-0.08279181271791458
LILRA4_RNA,-0.08281208574771881
OR6V1_RNA,-0.08281228691339493
AKR1A1_RNA,-0.08281271904706955
CAP1_RNA,-0.08284615725278854
AKR1B1_RNA,-0.08288300037384033
RABGAP1L_RNA,-0.08288909494876862
FZD4_RNA,-0.08288979530334473
TOLLIP_RNA,-0.0829298123717308
KIAA0040_RNA,-0.08295804262161255
SLC2A2_RNA,-0.08296871185302734
ACSM3_RNA,-0.08297307789325714
MOGAT2_RNA,-0.08297505974769592
EXTL1_RNA,-0.08300763368606567
QDPR_RNA,-0.08303818106651306
MIR591_RNA,-0.08307457715272903
TXNIP_RNA,-0.08310269564390182
LMAN1_RNA,-0.08310399204492569
TNKS2_RNA,-0.08310858905315399
FADS6_RNA,-0.08310870826244354
PDIA2_RNA,-0.08316178619861603
PRR16_RNA,-0.08324956893920898
SYT4_RNA,-0.0832550898194313
CNNM2_RNA,-0.08326229453086853
VTN_RNA,-0.08326306939125061
PDZK1_RNA,-0.08327862620353699
BEND2_RNA,-0.08329874277114868
SOX30_RNA,-0.08332376182079315
MIR624_RNA,-0.08334643393754959
TPSG1_RNA,-0.08339037001132965
SCARNA1_RNA,-0.08342601358890533
SST_RNA,-0.08346451818943024
UGT3A2_RNA,-0.08351156860589981
TFEB_RNA,-0.08353636413812637
ARNT_RNA,-0.08354108035564423
TDRD1_RNA,-0.08354426175355911
EXT2_RNA,-0.08360257744789124
DTWD2_RNA,-0.08361152559518814
UBR2_RNA,-0.08361975848674774
CCDC154_RNA,-0.08367380499839783
MIR152_RNA,-0.08370321244001389
BCL2_RNA,-0.08387303352355957
FRZB_RNA,-0.08387354016304016
FUT8_RNA,-0.08398991078138351
SLC44A4_RNA,-0.08402995765209198
FOXP2_RNA,-0.08403955399990082
PKDCC_RNA,-0.08410411328077316
ZP3_RNA,-0.08412248641252518
FCRLB_RNA,-0.08413085341453552
NOTCH3_RNA,-0.08413971215486526
MFAP4_RNA,-0.08417209982872009
KCNIP4_RNA,-0.08418866991996765
ANO7_RNA,-0.08420585095882416
MYO9A_RNA,-0.08421598374843597
PLEKHG7_RNA,-0.08423209935426712
EEA1_RNA,-0.0842386931180954
PXDNL_RNA,-0.08427009731531143
HSD3B1_RNA,-0.08432195335626602
CAPZA1_RNA,-0.08432862162590027
TRPM1_RNA,-0.08443547785282135
SLC12A3_RNA,-0.08444827795028687
IRS4_RNA,-0.08446644991636276
SERPINB6_RNA,-0.08446839451789856
MIR938_RNA,-0.08451811969280243
MYT1L_RNA,-0.08453413844108582
MOSPD2_RNA,-0.08456763625144958
CLCNKA_RNA,-0.08457664400339127
CLEC11A_RNA,-0.084583580493927
GRIN3B_RNA,-0.08464012295007706
SH3BP2_RNA,-0.0846877172589302
ECE1_RNA,-0.08471653610467911
STAP1_RNA,-0.08471712470054626
FLII_RNA,-0.08481962978839874
SLC26A4_RNA,-0.08483320474624634
EML3_RNA,-0.08485803008079529
MAP2K4_RNA,-0.0849243625998497
C15orf62_RNA,-0.08492965996265411
PKP4_RNA,-0.0849325954914093
PALLD_RNA,-0.08494975417852402
OTOS_RNA,-0.0849606990814209
ERG_RNA,-0.08500157296657562
MEP1B_RNA,-0.08503720909357071
RNF145_RNA,-0.08503910899162292
PURA_RNA,-0.0850403904914856
PODXL_RNA,-0.08504501730203629
SNORA5A_RNA,-0.08514632284641266
CHST3_RNA,-0.0851597711443901
RABGGTA_RNA,-0.0851629376411438
PCDHA9_RNA,-0.08517660200595856
MAP7D1_RNA,-0.08528067916631699
INO80D_RNA,-0.08532638102769852
PLOD2_RNA,-0.08532682806253433
LEPROT_RNA,-0.08533576875925064
SYT2_RNA,-0.08534098416566849
KLHL15_RNA,-0.08534177392721176
TMED3_RNA,-0.08535545319318771
ATE1_RNA,-0.08545106649398804
CACNA1S_RNA,-0.08546364307403564
GPR182_RNA,-0.08548574149608612
NANS_RNA,-0.0855569839477539
SUMO4_RNA,-0.08559238165616989
MAP4K2_RNA,-0.08564973622560501
ACTBL2_RNA,-0.0856594666838646
ZIC4_RNA,-0.08566576987504959
F2RL1_RNA,-0.08568243682384491
NRK_RNA,-0.0858047679066658
SPP2_RNA,-0.08581136167049408
CCDC6_RNA,-0.08581344783306122
GSTK1_RNA,-0.08583888411521912
ARHGEF17_RNA,-0.0858440026640892
AADACL2_RNA,-0.08584540337324142
EFCAB8_RNA,-0.08587124198675156
CHRD_RNA,-0.08589039742946625
MIR657_RNA,-0.08593945950269699
YIPF1_RNA,-0.08596080541610718
SNORD71_RNA,-0.08601263165473938
BMP3_RNA,-0.08606690168380737
CD34_RNA,-0.08607403934001923
COLEC10_RNA,-0.08608875423669815
ADM_RNA,-0.08612498641014099
PPFIA4_RNA,-0.08612895011901855
RBP2_RNA,-0.08616180717945099
MSH4_RNA,-0.08622246980667114
HEG1_RNA,-0.08622805029153824
SLC30A7_RNA,-0.08632282167673111
USP15_RNA,-0.08633943647146225
SNORD115-8_RNA,-0.08636721968650818
IRF7_RNA,-0.08636796474456787
FAM24B_RNA,-0.08653517067432404
OR1J4_RNA,-0.08655093610286713
AEN_RNA,-0.08658097684383392
BET1L_RNA,-0.08658803254365921
SLC26A8_RNA,-0.08659014850854874
N4BP3_RNA,-0.08660648763179779
EHD2_RNA,-0.08661250025033951
ILK_RNA,-0.08663170039653778
GALNT9_RNA,-0.08671420812606812
ANKRD30A_RNA,-0.08675221353769302
ZFYVE27_RNA,-0.08675242215394974
CLEC4C_RNA,-0.08676620572805405
WDR55_RNA,-0.08677918463945389
RNPEPL1_RNA,-0.08685746788978577
TRABD_RNA,-0.08696448057889938
ITLN1_RNA,-0.08696591109037399
DAGLB_RNA,-0.08696950227022171
GABPB2_RNA,-0.08699025213718414
STX1A_RNA,-0.08701753616333008
USH2A_RNA,-0.08705522119998932
TRIM72_RNA,-0.08706808090209961
RNF14_RNA,-0.0870710015296936
IFIT2_RNA,-0.08711311221122742
RGS11_RNA,-0.0871424600481987
ZZEF1_RNA,-0.08714547008275986
PIGV_RNA,-0.08717729151248932
INVS_RNA,-0.0872235894203186
HTT_RNA,-0.08725015819072723
SLC38A6_RNA,-0.08725348860025406
NAGLU_RNA,-0.08728780597448349
CRYBB3_RNA,-0.08730003237724304
KRT6B_RNA,-0.08730307966470718
ABCG4_RNA,-0.08732182532548904
CTSO_RNA,-0.08732547610998154
CLIP1_RNA,-0.08732663094997406
RHBDL1_RNA,-0.08733966201543808
TDH_RNA,-0.08735396713018417
FBXL8_RNA,-0.08748222887516022
EFNB2_RNA,-0.0875810757279396
TMEM150A_RNA,-0.08760306239128113
SLC30A4_RNA,-0.08770319819450378
BASP1_RNA,-0.0877511203289032
SGPP2_RNA,-0.08775994181632996
TAS2R50_RNA,-0.08777861297130585
WNK1_RNA,-0.08778553456068039
SNORD115-29_RNA,-0.08780565857887268
ST3GAL5_RNA,-0.08791016042232513
ALOXE3_RNA,-0.08791178464889526
SH3BGRL2_RNA,-0.08794762939214706
SEL1L2_RNA,-0.08794804662466049
SH3GLB2_RNA,-0.08795955032110214
FLCN_RNA,-0.08800961822271347
CDH13_RNA,-0.08801944553852081
HOXD1_RNA,-0.08804571628570557
RESP18_RNA,-0.08810913562774658
RAB3C_RNA,-0.08814959973096848
SFXN3_RNA,-0.08819472044706345
ADAM32_RNA,-0.08820872753858566
PLIN1_RNA,-0.08824218809604645
TWSG1_RNA,-0.08827078342437744
INSR_RNA,-0.08827865868806839
CYP2F1_RNA,-0.08829525858163834
TIRAP_RNA,-0.0883130133152008
SLC24A1_RNA,-0.08835955709218979
ATXN3_RNA,-0.08838257938623428
KCNA7_RNA,-0.0884048342704773
GLS2_RNA,-0.08842965215444565
TXNRD1_RNA,-0.08845635503530502
NENF_RNA,-0.08845669031143188
FBXW7_RNA,-0.08850229531526566
SCARNA17_RNA,-0.08854250609874725
STAT3_RNA,-0.08855271339416504
PLOD3_RNA,-0.08855701237916946
DSG3_RNA,-0.08863338083028793
ARX_RNA,-0.08867011964321136
STK17B_RNA,-0.08877068012952805
ABHD11_RNA,-0.08879680186510086
IFI27L2_RNA,-0.08882153034210205
KRT23_RNA,-0.08882167190313339
PIRT_RNA,-0.0888390839099884
ROGDI_RNA,-0.08884268999099731
XYLT2_RNA,-0.08890581130981445
ARPC2_RNA,-0.0889158621430397
LARP4B_RNA,-0.0889911949634552
CAPN13_RNA,-0.08901511877775192
FKBP9_RNA,-0.08906690776348114
AZU1_RNA,-0.08906742930412292
EHHADH_RNA,-0.08920551091432571
SPSB1_RNA,-0.08925238251686096
UBQLN3_RNA,-0.08925765752792358
PVR_RNA,-0.08931202441453934
MDH1_RNA,-0.08934355527162552
RNASE8_RNA,-0.08934462070465088
GLA_RNA,-0.08934662491083145
CDH17_RNA,-0.08937250822782516
SCARNA20_RNA,-0.08941031992435455
AFMID_RNA,-0.0894496962428093
KNG1_RNA,-0.08945127576589584
ZC3HAV1_RNA,-0.08945300430059433
SAGE1_RNA,-0.08948933333158493
GDI2_RNA,-0.0895020142197609
KRT19_RNA,-0.08951428532600403
ATP11A_RNA,-0.08951947093009949
CCL17_RNA,-0.08952852338552475
CD47_RNA,-0.08955936133861542
FSCN2_RNA,-0.08956142514944077
ARPC3_RNA,-0.0896221399307251
AUH_RNA,-0.08963512629270554
CRLF3_RNA,-0.08968892693519592
LOXL3_RNA,-0.0896945595741272
RXRG_RNA,-0.08971159905195236
WFS1_RNA,-0.08973082900047302
C2CD4A_RNA,-0.08975211530923843
KCTD10_RNA,-0.08981603384017944
ACAA2_RNA,-0.08985280990600586
REEP3_RNA,-0.08990808576345444
IMMP2L_RNA,-0.08992508053779602
ACTL7A_RNA,-0.09002271294593811
POLR3A_RNA,-0.09008204191923141
BSND_RNA,-0.09009992331266403
NDUFV2_RNA,-0.09012266248464584
ROR1_RNA,-0.09013555943965912
MIR329-1_RNA,-0.09016744047403336
CTTN_RNA,-0.09026262909173965
SLC46A1_RNA,-0.09026860445737839
NTN4_RNA,-0.09027621895074844
RARRES2_RNA,-0.09031655639410019
EHD3_RNA,-0.09032173454761505
NEUROG3_RNA,-0.09033322334289551
DHRS7_RNA,-0.09033484011888504
TCL1A_RNA,-0.0903715193271637
MGAT4B_RNA,-0.0903746634721756
FAM178B_RNA,-0.09048328548669815
APLP2_RNA,-0.09050541371107101
SMURF1_RNA,-0.09054495394229889
SLCO1C1_RNA,-0.09070631861686707
LRPAP1_RNA,-0.09076695889234543
GP1BA_RNA,-0.0907745510339737
DOC2A_RNA,-0.09085733443498611
SNORA30_RNA,-0.09088952094316483
ZFP92_RNA,-0.09089875221252441
CHN1_RNA,-0.09094271063804626
ATP6V1H_RNA,-0.09096737951040268
ADH1B_RNA,-0.09097102284431458
TMEM216_RNA,-0.09101071953773499
ENPP7_RNA,-0.09104645997285843
ITIH1_RNA,-0.09105372428894043
DNAJC22_RNA,-0.09105980396270752
PYDC1_RNA,-0.09107282757759094
GSTM5_RNA,-0.09107984602451324
SRL_RNA,-0.0910811647772789
ANKRD52_RNA,-0.09108389914035797
SEL1L_RNA,-0.09108942002058029
KRT3_RNA,-0.09112038463354111
COMTD1_RNA,-0.09114337712526321
CHTF8_RNA,-0.0911809504032135
NEUROD6_RNA,-0.0911836326122284
ZNF484_RNA,-0.09120509028434753
FGG_RNA,-0.09120567888021469
STK4_RNA,-0.0912129133939743
MIR548J_RNA,-0.09126488119363785
CALHM3_RNA,-0.09127200394868851
BACE1_RNA,-0.09134175628423691
PENK_RNA,-0.09137322753667831
TMTC3_RNA,-0.09137452393770218
DNASE2_RNA,-0.09138201922178268
MESP2_RNA,-0.09138791263103485
GNRH1_RNA,-0.09139762818813324
DERL3_RNA,-0.09142959862947464
RIMS1_RNA,-0.09151647984981537
EPB42_RNA,-0.09155285358428955
ACTB_RNA,-0.09158870577812195
CCDC54_RNA,-0.09160719811916351
RELL1_RNA,-0.09163232147693634
FNIP2_RNA,-0.09166670590639114
CLRN1_RNA,-0.09169448167085648
CNGA1_RNA,-0.09172259271144867
MIRLET7A2_RNA,-0.09173517674207687
LCN12_RNA,-0.09173857420682907
OVCH1_RNA,-0.09176208078861237
ATR_RNA,-0.09179451316595078
NDN_RNA,-0.0917946845293045
C8orf48_RNA,-0.09181424975395203
SNORD56B_RNA,-0.09183932840824127
SNX30_RNA,-0.09192029386758804
IRAK4_RNA,-0.09194441884756088
UACA_RNA,-0.09195160865783691
PACSIN3_RNA,-0.09202319383621216
B3GNT5_RNA,-0.09207069128751755
IFNAR1_RNA,-0.09209334850311279
ATP2B1_RNA,-0.0920996144413948
KCNV1_RNA,-0.09219111502170563
HBD_RNA,-0.09231071174144745
HSPB8_RNA,-0.09232274442911148
SERPINA11_RNA,-0.09234658628702164
PRSS22_RNA,-0.09234782308340073
MIR33B_RNA,-0.09235306084156036
MTMR10_RNA,-0.09237834066152573
MC1R_RNA,-0.09238270670175552
PLXNA2_RNA,-0.09240179508924484
FNBP1_RNA,-0.0924283042550087
COX17_RNA,-0.09245254844427109
CMA1_RNA,-0.09246066212654114
ACAP2_RNA,-0.09248481690883636
DACT2_RNA,-0.09249094128608704
ATXN1_RNA,-0.09249769896268845
SCGB3A2_RNA,-0.09253251552581787
BIK_RNA,-0.09257147461175919
SYNJ1_RNA,-0.0925917699933052
TNKS1BP1_RNA,-0.09263256937265396
GAST_RNA,-0.09267088770866394
IER5L_RNA,-0.0928037166595459
ZNF648_RNA,-0.09282432496547699
ADCY10_RNA,-0.09286988526582718
ADIPOR1_RNA,-0.09287618845701218
HERC3_RNA,-0.09296290576457977
ZNF511_RNA,-0.09296981245279312
TCP10L_RNA,-0.09312974661588669
SLC34A3_RNA,-0.09314543008804321
NEIL1_RNA,-0.09318418055772781
FAM91A1_RNA,-0.09329672157764435
ANLN_RNA,-0.09342439472675323
OR2M4_RNA,-0.0934433862566948
SP110_RNA,-0.09351271390914917
TP53I3_RNA,-0.09351788461208344
PCYT1A_RNA,-0.0935831367969513
SLC27A1_RNA,-0.09365568310022354
RPS6KA2_RNA,-0.09368834644556046
ACY3_RNA,-0.09371823817491531
ZFYVE26_RNA,-0.0938042402267456
PRND_RNA,-0.09382281452417374
SLC7A6_RNA,-0.09384147077798843
FBXL15_RNA,-0.09387116134166718
RDH13_RNA,-0.09389669448137283
TSTD1_RNA,-0.093990325927734375
CORO7_RNA,-0.09403537958860397
RAG2_RNA,-0.09405697137117386
FZD5_RNA,-0.0940755307674408
AGFG2_RNA,-0.09408548474311829
PTPN1_RNA,-0.09419166296720505
SUSD1_RNA,-0.09421417117118835
ERRFI1_RNA,-0.09425880759954453
TMEM220_RNA,-0.09426138550043106
FOXP3_RNA,-0.09427521377801895
PTCHD3_RNA,-0.09428048878908157
ACP2_RNA,-0.09430282562971115
RPL22L1_RNA,-0.09430290013551712
SNORA14A_RNA,-0.09431685507297516
MIR221_RNA,-0.09432850778102875
REG4_RNA,-0.09439064562320709
KLRG2_RNA,-0.09442880004644394
MYLK4_RNA,-0.09443096816539764
PNRC1_RNA,-0.09448821097612381
WNT5A_RNA,-0.09453379362821579
LPIN2_RNA,-0.09453868865966797
MAGIX_RNA,-0.09463593363761902
PKD1L1_RNA,-0.09467817842960358
NLRX1_RNA,-0.09472867846488953
EPHA10_RNA,-0.09475485235452652
SLMAP_RNA,-0.09476304799318314
TNXB_RNA,-0.09480445832014084
MTMR12_RNA,-0.09484992176294327
DZIP1L_RNA,-0.09486769139766693
ZDHHC14_RNA,-0.09486886858940125
GOLGB1_RNA,-0.094892218708992
NUDT16_RNA,-0.0950067862868309
THRSP_RNA,-0.09504467993974686
RAB4B_RNA,-0.09505491703748703
SENP5_RNA,-0.09509348124265671
JUP_RNA,-0.09513358771800995
SCN2A_RNA,-0.0952025055885315
COMMD1_RNA,-0.09521596133708954
IL6ST_RNA,-0.09521926939487457
EDEM3_RNA,-0.09526608139276505
CCR3_RNA,-0.09527847915887833
SETDB2_RNA,-0.09528934955596924
SLC16A12_RNA,-0.09530643373727798
BCAM_RNA,-0.09536989033222198
ARHGEF19_RNA,-0.09537044912576675
GBF1_RNA,-0.09541548788547516
GPA33_RNA,-0.09542016685009003
HK2_RNA,-0.09542671591043472
WDR86_RNA,-0.095454141497612
PICK1_RNA,-0.0954967513680458
ZC3H11A_RNA,-0.09551122039556503
CCL22_RNA,-0.09552516043186188
INPP4B_RNA,-0.09553022682666779
CAPN2_RNA,-0.09557883441448212
CYB5D2_RNA,-0.09560078382492065
PGLYRP2_RNA,-0.09570539742708206
SPRYD4_RNA,-0.0957406684756279
PDE8A_RNA,-0.09578123688697815
NEB_RNA,-0.09578147530555725
SCGB3A1_RNA,-0.09581194818019867
KRT31_RNA,-0.0958314761519432
DNM1_RNA,-0.09587247669696808
HABP2_RNA,-0.09590429812669754
FRYL_RNA,-0.09594795107841492
SYS1-DBNDD2_RNA,-0.0959593802690506
MEOX1_RNA,-0.09601336717605591
MED12L_RNA,-0.0960177481174469
PRX_RNA,-0.09605586528778076
SCN4B_RNA,-0.09607718139886856
GRM1_RNA,-0.09607972204685211
NEK7_RNA,-0.0960821658372879
SPATA21_RNA,-0.09608917683362961
GGCX_RNA,-0.09610175341367722
SERPINH1_RNA,-0.09614871442317963
DNAJC12_RNA,-0.09617912769317627
P2RX7_RNA,-0.09626804292201996
AKAP10_RNA,-0.09635359793901443
SLC2A6_RNA,-0.09640377014875412
LOC100271832_RNA,-0.09643634408712387
NKX6-3_RNA,-0.09643985331058502
SLC26A1_RNA,-0.09644270688295364
DYNLRB2_RNA,-0.09653382748365402
SLC39A1_RNA,-0.0965791568160057
NRGN_RNA,-0.0965847373008728
IL22RA1_RNA,-0.09665615856647491
RANBP17_RNA,-0.09667433053255081
TMEM114_RNA,-0.09675098210573196
PRDX3_RNA,-0.09677109867334366
SLC22A11_RNA,-0.09677283465862274
ABCB11_RNA,-0.0968051627278328
KLKB1_RNA,-0.09682316333055496
TSPYL1_RNA,-0.0969071015715599
PRB3_RNA,-0.09692341834306717
SCNN1B_RNA,-0.09695149213075638
SGTB_RNA,-0.09701257944107056
C11orf16_RNA,-0.09701306372880936
BBC3_RNA,-0.09703972190618515
RGL1_RNA,-0.09707573801279068
XRN1_RNA,-0.09719601273536682
MDGA1_RNA,-0.09720288217067719
PCBP3_RNA,-0.09720774739980698
HAND1_RNA,-0.09722019731998444
IDH3A_RNA,-0.09729278832674026
MMP24_RNA,-0.09730538725852966
WIPF3_RNA,-0.09736043959856033
ASPG_RNA,-0.09740745276212692
SLC7A11_RNA,-0.0974237322807312
HCN1_RNA,-0.09743696451187134
PLEKHM3_RNA,-0.09744974225759506
CYP1A1_RNA,-0.09749283641576767
MIR505_RNA,-0.0974973663687706
SPTY2D1_RNA,-0.09750815480947495
RGS17_RNA,-0.09751058369874954
LONRF2_RNA,-0.09755866974592209
CYP4F3_RNA,-0.09758191555738449
F7_RNA,-0.09770867228507996
SETD3_RNA,-0.09777669608592987
JAZF1_RNA,-0.0978010892868042
SDSL_RNA,-0.09782912582159042
RAD51AP2_RNA,-0.09783614426851273
CMTM6_RNA,-0.09794877469539642
COQ10B_RNA,-0.09795432537794113
GPR78_RNA,-0.09800830483436584
APAF1_RNA,-0.09807144850492477
SNORD93_RNA,-0.09814214706420898
DHRS7C_RNA,-0.09822039306163788
MIR1249_RNA,-0.09827551245689392
USP31_RNA,-0.09828745573759079
KLHL29_RNA,-0.09834404289722443
CD1E_RNA,-0.09838813543319702
ZNF385A_RNA,-0.0984058752655983
ABHD12_RNA,-0.09842495620250702
OPN5_RNA,-0.09842697530984879
URB1_RNA,-0.0985100194811821
BTG2_RNA,-0.09855996817350388
WDR44_RNA,-0.09869144856929779
TSPAN33_RNA,-0.09878236055374146
SCAMP2_RNA,-0.09878729283809662
HPS6_RNA,-0.09880112111568451
LRCH4_RNA,-0.09880787879228592
MIR204_RNA,-0.09896701574325562
MAP3K11_RNA,-0.09898031502962112
KLHL14_RNA,-0.09901262074708939
NOXA1_RNA,-0.09907960891723633
CPT1A_RNA,-0.09922944009304047
MYL12B_RNA,-0.09923598170280457
SULT1A2_RNA,-0.09927349537611008
FAM151A_RNA,-0.09931129962205887
B3GNT7_RNA,-0.09933100640773773
PDE4D_RNA,-0.09933692216873169
ZNF710_RNA,-0.09934141486883163
MSX2_RNA,-0.09934554994106293
GPC4_RNA,-0.09939488768577576
TTLL11_RNA,-0.09939729422330856
OR2AE1_RNA,-0.09949762374162674
RAMP3_RNA,-0.09953811764717102
SH2D3A_RNA,-0.09959786385297775
ERN2_RNA,-0.09961973875761032
EIF2AK4_RNA,-0.0996766909956932
MMP25_RNA,-0.09967990219593048
SDR42E1_RNA,-0.09970832616090775
IFFO1_RNA,-0.09983856976032257
OXGR1_RNA,-0.09986595809459686
HS1BP3_RNA,-0.09990713745355606
NCOA2_RNA,-0.09992589056491852
C1orf127_RNA,-0.0999961569905281
CCDC110_RNA,-0.10000267624855042
LPGAT1_RNA,-0.10002145171165466
MX1_RNA,-0.10007093101739883
FAM151B_RNA,-0.10007555782794952
XPNPEP2_RNA,-0.10009171813726425
VIPR1_RNA,-0.1001986637711525
PIM2_RNA,-0.10021781921386719
IPPK_RNA,-0.10021886974573135
GALNS_RNA,-0.10033239424228668
CUL7_RNA,-0.10034715384244919
FIGNL2_RNA,-0.10034897923469543
OR51I2_RNA,-0.10036016255617142
RELL2_RNA,-0.10036402195692062
CIDEC_RNA,-0.10039485991001129
SCARNA18_RNA,-0.10039516538381577
ENTPD4_RNA,-0.10040104389190674
CSGALNACT1_RNA,-0.1004638522863388
CYP4F22_RNA,-0.10051479935646057
SDCCAG8_RNA,-0.1005229577422142
DPEP3_RNA,-0.10055047273635864
PARP12_RNA,-0.10061495751142502
RNASE7_RNA,-0.1006685122847557
PCDHGB3_RNA,-0.10085240751504898
HLA-DQB2_RNA,-0.10086622834205627
STBD1_RNA,-0.10088476538658142
RGS22_RNA,-0.10090657323598862
H6PD_RNA,-0.10098093003034592
MT2A_RNA,-0.10099628567695618
B3GNT4_RNA,-0.10100138932466507
SNORD101_RNA,-0.10102453082799911
PSME4_RNA,-0.1010417714715004
ZBBX_RNA,-0.10104247182607651
CA5A_RNA,-0.10104326903820038
DNAJC6_RNA,-0.10106746107339859
MIAT_RNA,-0.1010797843337059
MTMR6_RNA,-0.10114718973636627
GABRG1_RNA,-0.10114721953868866
ETFDH_RNA,-0.10116982460021973
EPHA2_RNA,-0.10124515742063522
FAM83B_RNA,-0.10135713964700699
N4BP2L1_RNA,-0.10139363259077072
HAP1_RNA,-0.10140077769756317
SPINK7_RNA,-0.10141438245773315
TRPS1_RNA,-0.10144603252410889
SCO2_RNA,-0.10151656717061996
CMTM2_RNA,-0.10158368945121765
MIR1256_RNA,-0.10159162431955338
FSTL1_RNA,-0.10162480175495148
SNORD114-7_RNA,-0.10163827240467072
MTHFR_RNA,-0.10166392475366592
ZACN_RNA,-0.10166981816291809
KRT13_RNA,-0.10169055312871933
CAMTA2_RNA,-0.10170537233352661
CASQ2_RNA,-0.10171381384134293
SH3GL2_RNA,-0.10172033309936523
OR51Q1_RNA,-0.10173140466213226
OR5C1_RNA,-0.10181216895580292
JOSD2_RNA,-0.10181344300508499
EML1_RNA,-0.10184851288795471
COX7A1_RNA,-0.10186976939439774
ORAI2_RNA,-0.10189466923475266
DDIT4_RNA,-0.10193780809640884
RNF166_RNA,-0.10201036930084229
P4HA1_RNA,-0.10204824060201645
CACNA1H_RNA,-0.1020498126745224
HSF4_RNA,-0.102076955139637
MYO1H_RNA,-0.10208005458116531
PRMT8_RNA,-0.10208667814731598
DUSP22_RNA,-0.10212850570678711
SNORD114-3_RNA,-0.10214021801948547
ITGB4_RNA,-0.10219945013523102
TRPC6_RNA,-0.10220640152692795
BAK1_RNA,-0.10221084952354431
RASEF_RNA,-0.10224758833646774
TBC1D9B_RNA,-0.10225560516119003
ZC3HAV1L_RNA,-0.10229654610157013
ULBP2_RNA,-0.10231135040521622
PCDHGA5_RNA,-0.10233020782470703
MYL4_RNA,-0.10236155241727829
NAPSA_RNA,-0.1023675724864006
MYL3_RNA,-0.10236836224794388
TP53TG5_RNA,-0.10237274318933487
CD99L2_RNA,-0.10242130607366562
FABP6_RNA,-0.10242649912834167
ATP6V0D2_RNA,-0.10242822766304016
EPS8_RNA,-0.10244326293468475
MIR32_RNA,-0.10245542973279953
SLITRK4_RNA,-0.10246219485998154
ADPRHL1_RNA,-0.10250121355056763
ZFYVE16_RNA,-0.10257275402545929
ADRA2C_RNA,-0.1025894358754158
SPATA8_RNA,-0.10261692851781845
RELN_RNA,-0.10263248533010483
MIR1185-2_RNA,-0.10264185070991516
GCHFR_RNA,-0.1026688739657402
STX7_RNA,-0.10273263603448868
TULP2_RNA,-0.10274851322174072
CREB3L3_RNA,-0.1028180941939354
CC2D1B_RNA,-0.10282397270202637
GRAMD4_RNA,-0.10285502672195435
ORAI3_RNA,-0.10291606187820435
ZNF410_RNA,-0.10292156040668488
ZNF233_RNA,-0.1030033677816391
PSMB8_RNA,-0.10304273664951324
TPH2_RNA,-0.1030450090765953
PUS10_RNA,-0.1030888706445694
PIP_RNA,-0.10310301184654236
DAZL_RNA,-0.10311965644359589
ICAM5_RNA,-0.10313049703836441
CYP26C1_RNA,-0.10316592454910278
CNPY3_RNA,-0.1031753271818161
CLCN5_RNA,-0.10317595303058624
CEACAM8_RNA,-0.10318055748939514
ZBTB32_RNA,-0.10322411358356476
RASD2_RNA,-0.1033310815691948
ATAD3C_RNA,-0.1033695712685585
GALNT4_RNA,-0.10347941517829895
LENG9_RNA,-0.10349460691213608
OR6A2_RNA,-0.1035163402557373
MIR138-1_RNA,-0.10361111909151077
FGGY_RNA,-0.10363795608282089
NKD2_RNA,-0.103695809841156
SNORD100_RNA,-0.10375022888183594
TYSND1_RNA,-0.10375501960515976
ST6GALNAC6_RNA,-0.10375811904668808
CBR1_RNA,-0.10375872254371643
TM4SF4_RNA,-0.1037655845284462
MIR1251_RNA,-0.10380356758832932
CALY_RNA,-0.10380726307630539
LHPP_RNA,-0.10384044051170349
PPP2R1B_RNA,-0.1038503348827362
ANKRD31_RNA,-0.10388445854187012
GABARAPL1_RNA,-0.1039334386587143
GEM_RNA,-0.10394005477428436
ALDH1L1_RNA,-0.10394854843616486
WTIP_RNA,-0.10395597666501999
FAM149A_RNA,-0.10396953672170639
ART5_RNA,-0.10397440940141678
MTHFS_RNA,-0.1040039137005806
TOM1_RNA,-0.10403156280517578
CD63_RNA,-0.10404606908559799
USP25_RNA,-0.10404695570468903
LDB2_RNA,-0.10405982285737991
RTEL1_RNA,-0.1040872260928154
SERPINB7_RNA,-0.1040923148393631
HOXB8_RNA,-0.10412871837615967
KRT79_RNA,-0.10413962602615356
LRRIQ4_RNA,-0.10414546728134155
FZD1_RNA,-0.10414879024028778
RORB_RNA,-0.10419493168592453
DGKZ_RNA,-0.10419896990060806
MT1G_RNA,-0.10421387851238251
TXLNB_RNA,-0.10424858331680298
LRP10_RNA,-0.1042577475309372
AMOTL1_RNA,-0.10427657514810562
MIRLET7C_RNA,-0.10432296991348267
TNFSF18_RNA,-0.10435205698013306
C1orf115_RNA,-0.10440532118082047
GRB10_RNA,-0.10444004088640213
ITGA2B_RNA,-0.10446371883153915
UGCG_RNA,-0.10447387397289276
P4HB_RNA,-0.10458448529243469
EIF4E3_RNA,-0.10458656400442123
OSTM1_RNA,-0.10465851426124573
REXO2_RNA,-0.10467211902141571
KLRC1_RNA,-0.10468552261590958
PPP1R13B_RNA,-0.10472165048122406
PNMA5_RNA,-0.10479168593883514
LTB4R_RNA,-0.10479310899972916
ANG_RNA,-0.10483895987272263
DNAJC16_RNA,-0.10484764724969864
FUT11_RNA,-0.10486937314271927
PKP1_RNA,-0.1048826053738594
TMCC3_RNA,-0.10490839928388596
ARSD_RNA,-0.10491848737001419
NQO2_RNA,-0.10492018610239029
PADI1_RNA,-0.10493077337741852
OPRL1_RNA,-0.10498246550559998
CBLN4_RNA,-0.1050017848610878
KLK13_RNA,-0.10500430315732956
LLGL2_RNA,-0.10501544922590256
SLC25A27_RNA,-0.10503017157316208
NEURL3_RNA,-0.10505738854408264
ATP2B4_RNA,-0.1050749346613884
ARID5B_RNA,-0.10508516430854797
GUSB_RNA,-0.10522868484258652
LOXHD1_RNA,-0.10528922826051712
KCNQ1DN_RNA,-0.10529935359954834
LMO3_RNA,-0.10534509271383286
GDAP2_RNA,-0.1054186299443245
CILP_RNA,-0.10547243058681488
NDUFB8_RNA,-0.10547801852226257
TAS2R3_RNA,-0.10548147559165955
MBOAT7_RNA,-0.10548373311758041
GP9_RNA,-0.10551660507917404
SOST_RNA,-0.1055653765797615
SLC14A2_RNA,-0.10558971017599106
DNAJB12_RNA,-0.10559418797492981
SPINK2_RNA,-0.1056072786450386
CNFN_RNA,-0.10569950938224792
CD164L2_RNA,-0.1058066263794899
BTLA_RNA,-0.10582911223173141
SHMT1_RNA,-0.10591864585876465
FMNL3_RNA,-0.10598146170377731
MAP3K2_RNA,-0.10605353862047195
TMEM88B_RNA,-0.10614249110221863
MYH13_RNA,-0.10614998638629913
NEGR1_RNA,-0.10617407411336899
ARRDC4_RNA,-0.10622523725032806
ADARB2_RNA,-0.10626250505447388
B3GNTL1_RNA,-0.10631372034549713
TSGA10IP_RNA,-0.10635332018136978
ACER3_RNA,-0.10640167444944382
TUBA1C_RNA,-0.10640684515237808
THSD4_RNA,-0.10642390698194504
COL6A1_RNA,-0.10653891414403915
ZDHHC9_RNA,-0.1066155806183815
CHPT1_RNA,-0.10662379860877991
NPPC_RNA,-0.10671420395374298
TMEFF2_RNA,-0.1067274808883667
FAM107B_RNA,-0.10675825923681259
SPR_RNA,-0.10675883293151855
CPE_RNA,-0.10676398873329163
PICALM_RNA,-0.10678345710039139
HSPB1_RNA,-0.10680465400218964
S100A14_RNA,-0.10680808871984482
TNFRSF17_RNA,-0.10685544461011887
SLC30A8_RNA,-0.10694322735071182
CLEC9A_RNA,-0.10697166621685028
NACC2_RNA,-0.10700468719005585
APLF_RNA,-0.10707665979862213
ZMAT4_RNA,-0.10710727423429489
TMEM150C_RNA,-0.10724857449531555
PRKCE_RNA,-0.10734197497367859
ZNF641_RNA,-0.10737205296754837
SLC35C1_RNA,-0.10740147531032562
MYL2_RNA,-0.10740891844034195
USP35_RNA,-0.10746478289365768
TPM3_RNA,-0.10747593641281128
LOC375196_RNA,-0.10749544948339462
RAET1E_RNA,-0.10752616077661514
NUP210L_RNA,-0.107537642121315
MIR1537_RNA,-0.10754252970218658
GHR_RNA,-0.10756917297840118
OR52H1_RNA,-0.10759920626878738
WDR37_RNA,-0.10762179642915726
MFNG_RNA,-0.10764309763908386
HS6ST1_RNA,-0.10769201070070267
MIR30C1_RNA,-0.1077137440443039
IGFL4_RNA,-0.10773488134145737
NDST2_RNA,-0.10773853212594986
JMJD7_RNA,-0.10775994509458542
SYCP2_RNA,-0.10778819769620895
PBLD_RNA,-0.10780514031648636
STOML1_RNA,-0.10781265050172806
SETX_RNA,-0.10787799209356308
C12orf56_RNA,-0.10789492726325989
RNF19B_RNA,-0.10793215036392212
ASPDH_RNA,-0.1079569160938263
OR9A2_RNA,-0.10795966535806656
MPPE1_RNA,-0.10802477598190308
LAMP2_RNA,-0.10804679244756699
UAP1_RNA,-0.10805635899305344
CCL11_RNA,-0.10807815939188004
TPRG1L_RNA,-0.10811610519886017
CRABP1_RNA,-0.10812438279390335
IRGM_RNA,-0.1081257089972496
COTL1_RNA,-0.10817538946866989
ATXN7_RNA,-0.10831228643655777
TIPARP_RNA,-0.10848884284496307
GHSR_RNA,-0.10849592089653015
ST3GAL3_RNA,-0.10852307826280594
ACOT9_RNA,-0.10855762660503387
RAET1L_RNA,-0.10864359140396118
CAT_RNA,-0.10865596681833267
PRICKLE3_RNA,-0.10865682363510132
CMTM8_RNA,-0.10867875814437866
IL20RA_RNA,-0.10870292037725449
SLC39A4_RNA,-0.10871142894029617
TMC5_RNA,-0.10872071981430054
ATP6V1A_RNA,-0.10874231904745102
RAB11FIP2_RNA,-0.10874976962804794
GOT1_RNA,-0.10875905305147171
KHDRBS2_RNA,-0.10877890884876251
KCNK10_RNA,-0.10879739373922348
MAPKAPK2_RNA,-0.10882682353258133
SLCO4A1_RNA,-0.10886014252901077
BCAT1_RNA,-0.10888426005840302
ATP10D_RNA,-0.10889367014169693
MSN_RNA,-0.1089688315987587
OPTN_RNA,-0.10902765393257141
DBNL_RNA,-0.10903523862361908
MARVELD2_RNA,-0.10904001444578171
PNKD_RNA,-0.10904031991958618
TAS2R39_RNA,-0.10905009508132935
XRRA1_RNA,-0.10907234251499176
KLK4_RNA,-0.10913127660751343
FUT1_RNA,-0.10913589596748352
EMP1_RNA,-0.10915776342153549
LATS2_RNA,-0.10924030095338821
TRAF3_RNA,-0.1094345673918724
CLNK_RNA,-0.10944033414125443
CABLES1_RNA,-0.10944201797246933
NF2_RNA,-0.10948918759822845
SNX21_RNA,-0.10949114710092545
EFR3B_RNA,-0.109610415995121
OSBPL10_RNA,-0.1096159890294075
UGGT1_RNA,-0.1096177026629448
CAMK1D_RNA,-0.10964535176753998
MEP1A_RNA,-0.10965825617313385
FLT3LG_RNA,-0.10968887060880661
MIR145_RNA,-0.1096889078617096
MYRIP_RNA,-0.10969401150941849
MAL2_RNA,-0.10971960425376892
PCSK9_RNA,-0.1097550019621849
F11R_RNA,-0.10977449268102646
SOSTDC1_RNA,-0.10981237888336182
FAM13B_RNA,-0.1098799780011177
DDX60_RNA,-0.1099553257226944
SGCZ_RNA,-0.10996480286121368
IFI16_RNA,-0.10998229682445526
SLC38A11_RNA,-0.1099955216050148
FMO5_RNA,-0.11000477522611618
BCL2L2_RNA,-0.1100262925028801
OPN3_RNA,-0.11005161702632904
AMDHD2_RNA,-0.11010182648897171
OR13D1_RNA,-0.11014110594987869
CCNO_RNA,-0.11022245138883591
TKT_RNA,-0.11034498363733292
CD1B_RNA,-0.11037899553775787
PYROXD1_RNA,-0.11040595173835754
BCL11B_RNA,-0.11040849983692169
ZDHHC12_RNA,-0.11044687777757645
ABTB2_RNA,-0.11048118025064468
SOAT1_RNA,-0.11048601567745209
MT1H_RNA,-0.11053647100925446
DDO_RNA,-0.1105492115020752
CDX1_RNA,-0.11056973785161972
MIR604_RNA,-0.11057198792695999
KCNRG_RNA,-0.11059582978487015
GJA3_RNA,-0.11060409247875214
AMELX_RNA,-0.11065147817134857
KIAA1210_RNA,-0.11066967993974686
KCNG1_RNA,-0.11067681014537811
NAP1L2_RNA,-0.11069000512361526
CTSG_RNA,-0.11069045960903168
MIR623_RNA,-0.11070718616247177
ATP2B3_RNA,-0.1107388362288475
SEC23IP_RNA,-0.1107616052031517
PDGFD_RNA,-0.1107683777809143
DCDC1_RNA,-0.11087352782487869
WNT3A_RNA,-0.11089923977851868
SLC9A1_RNA,-0.1109718531370163
FEZF2_RNA,-0.11099331080913544
PRKAG3_RNA,-0.11102531105279922
PSCA_RNA,-0.11103548854589462
NFKBIA_RNA,-0.11105301976203918
PON3_RNA,-0.11110826581716537
RAMP1_RNA,-0.11111296713352203
EID3_RNA,-0.11116597801446915
DGKG_RNA,-0.11117228120565414
CYP4V2_RNA,-0.11120811849832535
CPB2_RNA,-0.1112264096736908
FAM174A_RNA,-0.11122909188270569
MUCL1_RNA,-0.11125584691762924
SLC16A13_RNA,-0.11127538233995438
KLF6_RNA,-0.11135655641555786
LXN_RNA,-0.11135938763618469
IGFBP3_RNA,-0.11136235296726227
CCDC125_RNA,-0.11144509166479111
SLC26A5_RNA,-0.11148979514837265
SMC1B_RNA,-0.11154311895370483
RASSF8_RNA,-0.11160171031951904
TRIM66_RNA,-0.11161264032125473
SERTAD1_RNA,-0.11162019520998001
CD160_RNA,-0.11166240274906158
CD83_RNA,-0.11173849552869797
SIM1_RNA,-0.1117633655667305
TMEM109_RNA,-0.11176939308643341
HDAC11_RNA,-0.11182337254285812
FNIP1_RNA,-0.11184577643871307
C11orf65_RNA,-0.11185222119092941
SNORD9_RNA,-0.1119237095117569
SLC11A2_RNA,-0.11202478408813477
MIR593_RNA,-0.11203918606042862
MYH4_RNA,-0.11204396933317184
SNORD94_RNA,-0.11212265491485596
RARB_RNA,-0.11212924867868423
ABR_RNA,-0.11214229464530945
TUSC3_RNA,-0.11217767000198364
PLA2G4E_RNA,-0.11223918944597244
ITPKB_RNA,-0.11224965751171112
SLC39A13_RNA,-0.11226075142621994
PDE1A_RNA,-0.11228033155202866
EPHX1_RNA,-0.11228397488594055
OR7C1_RNA,-0.11228645592927933
HTR2C_RNA,-0.112289197742939
TRPC4_RNA,-0.11231600493192673
NAPB_RNA,-0.11236196011304855
PRSS21_RNA,-0.11240333318710327
SLAMF9_RNA,-0.11244828999042511
SLC4A3_RNA,-0.11250395327806473
SIK2_RNA,-0.11254678666591644
MAPK10_RNA,-0.11255915462970734
CYP8B1_RNA,-0.11267468333244324
CA7_RNA,-0.11267845332622528
NOTO_RNA,-0.11269500851631165
PITRM1_RNA,-0.11271602660417557
MAOA_RNA,-0.11272869259119034
GNG8_RNA,-0.11275048553943634
ALDH16A1_RNA,-0.1127590760588646
LPAR1_RNA,-0.11279706656932831
NR5A2_RNA,-0.11282320320606232
CYB5R4_RNA,-0.11285016685724258
CD79A_RNA,-0.11293865740299225
FA2H_RNA,-0.11294110864400864
INPP4A_RNA,-0.11300471425056458
GRB2_RNA,-0.11300954222679138
LMO2_RNA,-0.1130097433924675
MIR581_RNA,-0.11303699761629105
ANKRD34B_RNA,-0.11304870992898941
SKIL_RNA,-0.11307894438505173
EFHD2_RNA,-0.11309903860092163
MYO3A_RNA,-0.11311309039592743
PAQR8_RNA,-0.11320950090885162
SPESP1_RNA,-0.11323008686304092
MIR661_RNA,-0.11330295354127884
PXN_RNA,-0.11336258053779602
DSG1_RNA,-0.11337494850158691
MIR605_RNA,-0.11339021474123001
FZD6_RNA,-0.11346644908189774
PNPO_RNA,-0.11349684000015259
FAM167B_RNA,-0.11351668834686279
NTS_RNA,-0.11353300511837006
SNORA38B_RNA,-0.11354117095470428
IFI35_RNA,-0.1135442927479744
ATG4A_RNA,-0.11362618207931519
DSC1_RNA,-0.11365821957588196
LRTM1_RNA,-0.11370033025741577
LPIN3_RNA,-0.11375678330659866
TEAD4_RNA,-0.11380670964717865
SRD5A1_RNA,-0.11389187723398209
NMNAT2_RNA,-0.11390798538923264
TPO_RNA,-0.11390818655490875
AMOT_RNA,-0.11393574625253677
USP17L2_RNA,-0.11394280940294266
GPRC5D_RNA,-0.11396873742341995
EHBP1_RNA,-0.11398518830537796
PIM3_RNA,-0.1139923706650734
PTP4A1_RNA,-0.1140429750084877
PCDHA7_RNA,-0.11406286060810089
SORBS2_RNA,-0.11408908665180206
DUSP18_RNA,-0.11409313231706619
MS4A2_RNA,-0.11412928998470306
SPARC_RNA,-0.11413857340812683
DST_RNA,-0.11420164257287979
ME2_RNA,-0.11429806798696518
GOLGA3_RNA,-0.11432480812072754
LMO7_RNA,-0.1143803671002388
SLC25A37_RNA,-0.11442764848470688
SLC22A2_RNA,-0.1144394502043724
ENOX2_RNA,-0.11444474011659622
B4GALT6_RNA,-0.11447679251432419
CFP_RNA,-0.11463326215744019
LMLN_RNA,-0.1146550178527832
TNFRSF12A_RNA,-0.11469119042158127
UBR4_RNA,-0.114706851541996
KCND1_RNA,-0.11479968577623367
ACACB_RNA,-0.11491550505161285
SLC22A1_RNA,-0.11493255198001862
PPP1R3F_RNA,-0.11497814208269119
CABP1_RNA,-0.11499198526144028
FOXL1_RNA,-0.11505794525146484
FAM53B_RNA,-0.1151498481631279
ERN1_RNA,-0.11525104939937592
TRAM2_RNA,-0.1153208464384079
SLC25A16_RNA,-0.11532647162675858
OSBP2_RNA,-0.1154378205537796
RSPO4_RNA,-0.11546299606561661
RHOBTB1_RNA,-0.11549504101276398
TFF3_RNA,-0.1155456006526947
ENTPD7_RNA,-0.1155816987156868
EGLN2_RNA,-0.11560983210802078
FABP3_RNA,-0.11562376469373703
EPAS1_RNA,-0.11566461622714996
TTR_RNA,-0.1156897246837616
BEX5_RNA,-0.11570660769939423
TRIP12_RNA,-0.11573520302772522
CDC42BPA_RNA,-0.11575105041265488
NCR3_RNA,-0.11577998846769333
TRH_RNA,-0.11589981615543365
S100A5_RNA,-0.11591653525829315
MAPKAPK3_RNA,-0.11607358604669571
USP9X_RNA,-0.11608361452817917
RORC_RNA,-0.11610382795333862
PARP9_RNA,-0.11610981076955795
EYA4_RNA,-0.11611249297857285
AMDHD1_RNA,-0.11613291501998901
GABRD_RNA,-0.11614135652780533
MMRN2_RNA,-0.11616726964712143
FAM180B_RNA,-0.11618942767381668
KLF5_RNA,-0.11630240082740784
DBX2_RNA,-0.11631020903587341
OR7A5_RNA,-0.116382896900177
XYLB_RNA,-0.11640884727239609
GGA2_RNA,-0.11641614884138107
COX4I2_RNA,-0.11642852425575256
CLDN2_RNA,-0.11651588976383209
CCDC89_RNA,-0.11652728170156479
KDM4C_RNA,-0.11653996258974075
WDR49_RNA,-0.11655709892511368
HSBP1L1_RNA,-0.1166054978966713
CLTC_RNA,-0.11667173355817795
ADCK2_RNA,-0.1167362704873085
SLK_RNA,-0.1167425587773323
ELSPBP1_RNA,-0.11682119220495224
RPA4_RNA,-0.11683528125286102
ADAMTSL2_RNA,-0.11684315651655197
ASCC3_RNA,-0.1168682873249054
FKBP15_RNA,-0.11687582731246948
IGF2_RNA,-0.11690659821033478
ANKRD13D_RNA,-0.1169646605849266
ZNF860_RNA,-0.11698036640882492
RAP1B_RNA,-0.11706668138504028
SHANK1_RNA,-0.11713027209043503
EXD1_RNA,-0.11713078618049622
UROS_RNA,-0.1171814426779747
GNRHR_RNA,-0.11723411828279495
SLC5A4_RNA,-0.11723772436380386
GALNT2_RNA,-0.1172480508685112
CHRNA7_RNA,-0.1172785684466362
FOLR1_RNA,-0.1173069030046463
NGB_RNA,-0.11732270568609238
CHAD_RNA,-0.11734003573656082
ATOX1_RNA,-0.11734132468700409
KSR2_RNA,-0.11737304925918579
LOC100192426_RNA,-0.11744935065507889
RFFL_RNA,-0.11745630204677582
ODF2L_RNA,-0.11746884137392044
FCER2_RNA,-0.11751088500022888
MBD4_RNA,-0.11756021529436111
RNF6_RNA,-0.11769778281450272
LAMC1_RNA,-0.11770211160182953
TAS2R40_RNA,-0.11772613227367401
KCTD4_RNA,-0.11775669455528259
TTC16_RNA,-0.11778166145086288
TP53INP2_RNA,-0.1177951842546463
CROT_RNA,-0.11784137785434723
ESYT2_RNA,-0.11786799877882004
MEGF10_RNA,-0.11788322031497955
AIM2_RNA,-0.11788728088140488
HMGB4_RNA,-0.11793989688158035
LRRC61_RNA,-0.11794453114271164
ADH1C_RNA,-0.11798220872879028
EPS8L1_RNA,-0.117982879281044
PZP_RNA,-0.1180148720741272
MIR134_RNA,-0.11802083998918533
ASGR1_RNA,-0.11805836856365204
FLNA_RNA,-0.11807509511709213
LAMC2_RNA,-0.11821261793375015
HAS2_RNA,-0.11821755021810532
ABHD1_RNA,-0.11823156476020813
PIGT_RNA,-0.11830933392047882
RNF113B_RNA,-0.11840672791004181
XKRX_RNA,-0.11841454356908798
TDRD5_RNA,-0.11844754964113235
MAPK9_RNA,-0.11848419904708862
SLC22A8_RNA,-0.11852578818798065
CHRNA3_RNA,-0.11854288727045059
RFESD_RNA,-0.11863546818494797
LAP3_RNA,-0.11865770071744919
RGPD3_RNA,-0.11872968077659607
RPS27L_RNA,-0.11880216747522354
CHST7_RNA,-0.11884630471467972
RAET1G_RNA,-0.11893809586763382
CRYM_RNA,-0.11894036829471588
SEMA7A_RNA,-0.11901723593473434
SH2D3C_RNA,-0.11902265250682831
OR3A2_RNA,-0.11904407292604446
APOA1_RNA,-0.11910706758499146
TMIGD2_RNA,-0.11914162337779999
MARVELD1_RNA,-0.11916448920965195
AP1G2_RNA,-0.11916492134332657
TK2_RNA,-0.11922182142734528
ANK2_RNA,-0.11924168467521667
IMPDH1_RNA,-0.11928854882717133
PTCRA_RNA,-0.11929580569267273
STXBP5L_RNA,-0.11933230608701706
GPAM_RNA,-0.11938898265361786
CLDN3_RNA,-0.11939072608947754
BIRC6_RNA,-0.1194073036313057
PI4KA_RNA,-0.11950673907995224
MLXIP_RNA,-0.11956020444631577
DDX60L_RNA,-0.1196255087852478
SLC6A16_RNA,-0.11962688714265823
NADSYN1_RNA,-0.11969457566738129
MPPED1_RNA,-0.11976441740989685
RBMS2_RNA,-0.11978445202112198
WNT10B_RNA,-0.11988415569067001
SLC4A9_RNA,-0.11994985491037369
CLDN4_RNA,-0.1200660690665245
ACVR1_RNA,-0.12011037766933441
GFRA2_RNA,-0.12013108283281326
ZNFX1_RNA,-0.12019964307546616
HHIPL2_RNA,-0.12021158635616302
MAS1_RNA,-0.12024929374456406
RAB37_RNA,-0.1202666312456131
SSR3_RNA,-0.12030678242444992
MTHFD1L_RNA,-0.12035579979419708
CYBRD1_RNA,-0.12044480443000793
SLC5A10_RNA,-0.12045999616384506
AKAP12_RNA,-0.12048913538455963
ATP6V1E1_RNA,-0.12049136310815811
DHCR24_RNA,-0.12057296931743622
CADM1_RNA,-0.12060645967721939
IRAK2_RNA,-0.12062259018421173
FCHO2_RNA,-0.12062287330627441
CBLN2_RNA,-0.12065492570400238
TACR1_RNA,-0.12068233639001846
CMPK2_RNA,-0.12079298496246338
SMPD1_RNA,-0.12083122134208679
PKD2_RNA,-0.12085460126399994
PAIP2B_RNA,-0.12086651474237442
MICALL1_RNA,-0.12087367475032806
ASXL2_RNA,-0.12088576704263687
RAP1GAP2_RNA,-0.12089145183563232
AMN_RNA,-0.12093289941549301
NPY5R_RNA,-0.12095998227596283
TRPC7_RNA,-0.12096671760082245
ERP27_RNA,-0.12099289149045944
RASSF10_RNA,-0.12103832513093948
TRIM14_RNA,-0.12103850394487381
FFAR3_RNA,-0.12105392664670944
USP51_RNA,-0.12110919505357742
PNOC_RNA,-0.12112045288085938
S100A6_RNA,-0.12124793231487274
ATP6V0E1_RNA,-0.1214001402258873
PTTG2_RNA,-0.12148908525705338
ZCCHC2_RNA,-0.12153717130422592
GIT2_RNA,-0.12154044955968857
ECHS1_RNA,-0.12155535817146301
TNRC6B_RNA,-0.1217118501663208
GPC6_RNA,-0.12171836942434311
SSTR4_RNA,-0.12174085527658463
DICER1_RNA,-0.12176664173603058
RGS16_RNA,-0.12177514284849167
TMC4_RNA,-0.12180139124393463
NUMB_RNA,-0.12182819098234177
MUC12_RNA,-0.1218377873301506
COL6A6_RNA,-0.12192659825086594
RAB11FIP4_RNA,-0.12194449454545975
DOCK3_RNA,-0.1219850480556488
PCDHGA11_RNA,-0.12199687957763672
GRM7_RNA,-0.12200819700956345
OR52B6_RNA,-0.12206850945949554
MIR2278_RNA,-0.12207885086536407
PRPS2_RNA,-0.12209474295377731
ZBTB46_RNA,-0.12228134274482727
TMBIM4_RNA,-0.12244898825883865
RANBP2_RNA,-0.12252549082040787
SHANK3_RNA,-0.12252753227949142
DNAJC13_RNA,-0.12252774089574814
CLCN4_RNA,-0.12257713824510574
STAC_RNA,-0.12259494513273239
PRDX6_RNA,-0.12261014431715012
MTR_RNA,-0.12272349745035172
TSPYL6_RNA,-0.1227487102150917
AMPH_RNA,-0.12280639261007309
RAG1_RNA,-0.12284909933805466
NRCAM_RNA,-0.12295056879520416
CHAC1_RNA,-0.12304909527301788
SMARCD2_RNA,-0.12306118756532669
EFCAB6_RNA,-0.12315037101507187
NUP62CL_RNA,-0.12316425889730453
MIR601_RNA,-0.12317295372486115
SFXN5_RNA,-0.12325457483530045
PSORS1C1_RNA,-0.12329576909542084
COL4A2_RNA,-0.12331945449113846
DUSP5_RNA,-0.1233728677034378
TAPBPL_RNA,-0.12338199466466904
SEZ6L2_RNA,-0.1234399750828743
SYPL2_RNA,-0.12345072627067566
PRR13_RNA,-0.12346935272216797
SLC22A25_RNA,-0.1234724149107933
MEG3_RNA,-0.12353024631738663
PTPN14_RNA,-0.12353356927633286
CDH11_RNA,-0.12354746460914612
PRRX2_RNA,-0.12355820089578629
HOXB5_RNA,-0.1235717162489891
CACNA1B_RNA,-0.1235872432589531
GDPD4_RNA,-0.12358810007572174
SLC30A1_RNA,-0.12365218251943588
B4GALNT3_RNA,-0.12366831302642822
WFDC13_RNA,-0.12367077171802521
IFI44_RNA,-0.12369056046009064
FAM133A_RNA,-0.12369398027658463
PAWR_RNA,-0.12372691184282303
NPY_RNA,-0.12375792115926743
CRTAC1_RNA,-0.1238003522157669
SERPINA6_RNA,-0.12402722984552383
CBX6_RNA,-0.12403860688209534
SLC47A2_RNA,-0.12407427281141281
PRR18_RNA,-0.12419819086790085
ITSN1_RNA,-0.12420976161956787
OTOF_RNA,-0.12422041594982147
NFKB1_RNA,-0.12427576631307602
CHIC1_RNA,-0.12431302666664124
APOH_RNA,-0.12433011829853058
CNR2_RNA,-0.12439225614070892
SCG5_RNA,-0.12439913302659988
BTNL8_RNA,-0.12440627813339233
PDGFB_RNA,-0.12445901334285736
NPAS1_RNA,-0.12446915358304977
GRM2_RNA,-0.12447056174278259
EML2_RNA,-0.12448252737522125
GRK5_RNA,-0.12466263025999069
NRBF2_RNA,-0.12466612458229065
PISD_RNA,-0.12467069923877716
LEPR_RNA,-0.1246742382645607
HEATR3_RNA,-0.12469390034675598
AOX1_RNA,-0.1248369961977005
MFSD6_RNA,-0.12484201788902283
NR1D1_RNA,-0.12487433850765228
CXCL10_RNA,-0.12489624321460724
PVT1_RNA,-0.12492027878761292
HDAC7_RNA,-0.12492337822914124
MYD88_RNA,-0.12495129555463791
GCC2_RNA,-0.12497305870056152
COL16A1_RNA,-0.12499777227640152
KCNMB4_RNA,-0.1250266134738922
PLXNA1_RNA,-0.12504392862319946
KIF26B_RNA,-0.12510596215724945
MAMDC2_RNA,-0.12511228024959564
S100B_RNA,-0.12513580918312073
TCP11L1_RNA,-0.12515826523303986
TAL1_RNA,-0.12520316243171692
KRT15_RNA,-0.12520956993103027
ENPP6_RNA,-0.1252158135175705
FZD9_RNA,-0.12525080144405365
SHKBP1_RNA,-0.12530988454818726
ABCD1_RNA,-0.12541133165359497
ADORA1_RNA,-0.12549123167991638
MGAT5_RNA,-0.12556102871894836
SLC6A17_RNA,-0.12558431923389435
C17orf78_RNA,-0.12560074031352997
HAR1B_RNA,-0.125680074095726
NEURL2_RNA,-0.12569792568683624
G6PD_RNA,-0.12570025026798248
DMGDH_RNA,-0.12575197219848633
RTP3_RNA,-0.1258038729429245
IDE_RNA,-0.12580716609954834
ITIH5_RNA,-0.12587691843509674
IRX3_RNA,-0.125906839966774
SNORD83A_RNA,-0.12595956027507782
FLT1_RNA,-0.12597396969795227
SERPINF2_RNA,-0.12600652873516083
C9_RNA,-0.1260710507631302
GJB5_RNA,-0.12610381841659546
NTF3_RNA,-0.1261277198791504
CBFA2T3_RNA,-0.12616245448589325
GJD3_RNA,-0.12621426582336426
CPNE6_RNA,-0.12622439861297607
RASSF7_RNA,-0.12625162303447723
DDI1_RNA,-0.1262766420841217
TTC39C_RNA,-0.126278355717659
ERAP1_RNA,-0.12636353075504303
SLC2A10_RNA,-0.12640488147735596
MS4A1_RNA,-0.1264672726392746
ADAM9_RNA,-0.12647171318531036
ESRP2_RNA,-0.12650012969970703
SLC44A3_RNA,-0.12658925354480743
ZDHHC5_RNA,-0.12661515176296234
DHX32_RNA,-0.12668399512767792
DTNB_RNA,-0.12684021890163422
SNORA80B_RNA,-0.1269693672657013
ASPHD1_RNA,-0.12700995802879333
CXCL3_RNA,-0.12701663374900818
MAPK4_RNA,-0.12707586586475372
IL1RAPL1_RNA,-0.12709005177021027
MIR300_RNA,-0.12714321911334991
TEF_RNA,-0.12714335322380066
TUBA8_RNA,-0.12716630101203918
MTAP_RNA,-0.12718017399311066
CARD14_RNA,-0.1271813064813614
HGSNAT_RNA,-0.12724804878234863
UCHL1_RNA,-0.12725824117660522
DBH_RNA,-0.1272633671760559
CNTNAP1_RNA,-0.12734642624855042
OR2AG2_RNA,-0.12741626799106598
SYCE1_RNA,-0.12755054235458374
ALX4_RNA,-0.1275896430015564
CD58_RNA,-0.12759461998939514
MIR199A1_RNA,-0.12767428159713745
DCDC2B_RNA,-0.12769636511802673
RAI14_RNA,-0.12782450020313263
NUDT7_RNA,-0.12783177196979523
PCDHGB5_RNA,-0.12791338562965393
PSAPL1_RNA,-0.12798944115638733
COL11A1_RNA,-0.12809573113918304
KCNG4_RNA,-0.12815631926059723
NIPA1_RNA,-0.12815989553928375
PITPNM3_RNA,-0.12816211581230164
COL27A1_RNA,-0.1283947080373764
TPPP3_RNA,-0.12845180928707123
SPAG6_RNA,-0.12847410142421722
RAD50_RNA,-0.12848025560379028
RAPGEF3_RNA,-0.12849481403827667
B2M_RNA,-0.1285160779953003
C15orf48_RNA,-0.1287418156862259
HMSD_RNA,-0.12876184284687042
IRF6_RNA,-0.1287914365530014
THPO_RNA,-0.12882432341575623
NUDT13_RNA,-0.12892389297485352
TMEM61_RNA,-0.12897156178951263
GLUL_RNA,-0.12907449901103973
ACSS2_RNA,-0.12910935282707214
ORM2_RNA,-0.1291286200284958
HERC4_RNA,-0.12915879487991333
LAMP3_RNA,-0.1291685551404953
FGF13_RNA,-0.1292242556810379
DOCK9_RNA,-0.12947043776512146
SFRP4_RNA,-0.12948402762413025
RAB42_RNA,-0.12949928641319275
DYRK3_RNA,-0.12957701086997986
PARP10_RNA,-0.12960200011730194
SNORA38_RNA,-0.1296585202217102
TWF2_RNA,-0.12966695427894592
SLC2A4_RNA,-0.12966898083686829
HTR1B_RNA,-0.1297999769449234
TM4SF19_RNA,-0.1298375278711319
ZNF280B_RNA,-0.12986516952514648
CHRNG_RNA,-0.12992775440216064
CDKN2B_RNA,-0.1299552321434021
LRP1B_RNA,-0.1300254911184311
ADRB3_RNA,-0.13005386292934418
PRDM7_RNA,-0.1300714761018753
ABCB5_RNA,-0.13008204102516174
RASSF6_RNA,-0.13013866543769836
ARSB_RNA,-0.13019712269306183
CAPN9_RNA,-0.13021476566791534
RGN_RNA,-0.13025179505348206
SLC39A2_RNA,-0.13025955855846405
ETV6_RNA,-0.13029620051383972
EIF4E1B_RNA,-0.13030163943767548
SAMD9_RNA,-0.13030363619327545
PCP4L1_RNA,-0.13030597567558289
AMACR_RNA,-0.130320206284523
CSRP2_RNA,-0.13039827346801758
DNAJC5G_RNA,-0.13046549260616302
PLVAP_RNA,-0.13050034642219543
TUBA4B_RNA,-0.13058748841285706
NDEL1_RNA,-0.13067948818206787
HLA-G_RNA,-0.13071362674236298
MTMR7_RNA,-0.13073210418224335
MYADM_RNA,-0.13075031340122223
CAPRIN2_RNA,-0.13086915016174316
ACP6_RNA,-0.13087260723114014
PDE5A_RNA,-0.13092921674251556
SH3BGRL3_RNA,-0.13096235692501068
ZNF611_RNA,-0.13099530339241028
CREM_RNA,-0.13103334605693817
BRI3BP_RNA,-0.13111430406570435
GPR150_RNA,-0.1311425268650055
RAB3D_RNA,-0.13115933537483215
KLHL38_RNA,-0.1311853528022766
LITAF_RNA,-0.1312439739704132
FGF7_RNA,-0.13124491274356842
MBNL1_RNA,-0.13127557933330536
PAM_RNA,-0.1312892884016037
ZNF267_RNA,-0.13129238784313202
PCDHGA8_RNA,-0.13134035468101501
GPRC5A_RNA,-0.13142265379428864
APOBEC4_RNA,-0.1314283311367035
NIPAL1_RNA,-0.13144484162330627
SPTBN4_RNA,-0.13151302933692932
LAMA4_RNA,-0.13151545822620392
SYNM_RNA,-0.13153479993343353
THEM4_RNA,-0.1315590739250183
ADCY3_RNA,-0.13159485161304474
CNTF_RNA,-0.13162530958652496
ANTXRL_RNA,-0.13166198134422302
STARD4_RNA,-0.13167957961559296
FUCA2_RNA,-0.13169151544570923
ATL3_RNA,-0.13170146942138672
RNF133_RNA,-0.1317121982574463
MXD1_RNA,-0.13173972070217133
GOLT1A_RNA,-0.13179396092891693
ARG2_RNA,-0.13189908862113953
EVC2_RNA,-0.13195234537124634
HYAL1_RNA,-0.13201405107975006
PDIA5_RNA,-0.1320200264453888
KLHL9_RNA,-0.13210447132587433
TLN2_RNA,-0.13211467862129211
NXNL2_RNA,-0.1321634203195572
FAM124B_RNA,-0.13221873342990875
MGC15885_RNA,-0.13224752247333527
CD36_RNA,-0.13232439756393433
ADAM21_RNA,-0.13236795365810394
MIR941-1_RNA,-0.1323743462562561
ERICH1_RNA,-0.13246536254882813
KCNJ6_RNA,-0.13251912593841553
PLCL1_RNA,-0.13252554833889008
RGS20_RNA,-0.13256177306175232
GNAT2_RNA,-0.13264916837215424
ANKRD35_RNA,-0.1327752321958542
AKAP14_RNA,-0.1329164355993271
CHODL_RNA,-0.1329742670059204
PITPNM2_RNA,-0.13301075994968414
BHLHE22_RNA,-0.13302971422672272
KRT78_RNA,-0.13305455446243286
CA11_RNA,-0.13313131034374237
HYMAI_RNA,-0.13321666419506073
CST3_RNA,-0.1332302689552307
CD5L_RNA,-0.13328275084495544
FOXC2_RNA,-0.1333218216896057
RAP2B_RNA,-0.13333407044410706
VCL_RNA,-0.1333584189414978
FNDC4_RNA,-0.13345298171043396
A4GNT_RNA,-0.1335497945547104
WDR81_RNA,-0.1335681676864624
MCF2L2_RNA,-0.13357485830783844
TCERG1L_RNA,-0.13367405533790588
PLEKHH1_RNA,-0.13370007276535034
NLRP10_RNA,-0.13378341495990753
MORC1_RNA,-0.13379424810409546
ICAM2_RNA,-0.13380806148052216
DNAJC21_RNA,-0.1338350921869278
OSGIN1_RNA,-0.1338711529970169
SLC12A2_RNA,-0.13389933109283447
TESK2_RNA,-0.13396896421909332
TPH1_RNA,-0.13399966061115265
CYB5R1_RNA,-0.13402977585792542
ZDHHC11_RNA,-0.1340891718864441
BLOC1S2_RNA,-0.13409997522830963
ISCU_RNA,-0.13412001729011536
TRIM56_RNA,-0.13419145345687866
OR10A2_RNA,-0.13419662415981293
DHX58_RNA,-0.13420769572257996
SHOC2_RNA,-0.13422024250030518
KCTD9_RNA,-0.13424444198608398
CCR8_RNA,-0.13425426185131073
MPP4_RNA,-0.13429880142211914
GCNT4_RNA,-0.13430094718933105
PLA2G4C_RNA,-0.13430406153202057
C6orf132_RNA,-0.13431227207183838
TBXA2R_RNA,-0.13437902927398682
OPRM1_RNA,-0.13451901078224182
CHSY1_RNA,-0.13456769287586212
SLC30A3_RNA,-0.13457512855529785
GADD45B_RNA,-0.13467366993427277
ANGPTL3_RNA,-0.1347125768661499
KIF1C_RNA,-0.1347332000732422
EPB41L1_RNA,-0.13475167751312256
OLAH_RNA,-0.13475652039051056
SFT2D2_RNA,-0.13486248254776
FAM81B_RNA,-0.13487423956394196
ASB4_RNA,-0.13495317101478577
MACROD2_RNA,-0.13497762382030487
ZNF436_RNA,-0.13503193855285645
AGTPBP1_RNA,-0.1350671499967575
FAM135B_RNA,-0.13507820665836334
FAM43A_RNA,-0.13509875535964966
LSR_RNA,-0.13510443270206451
CHRNA9_RNA,-0.1351466029882431
PPP3CB_RNA,-0.13519467413425446
WNK4_RNA,-0.13520702719688416
GLCE_RNA,-0.1352875679731369
ANKRD34C_RNA,-0.13535857200622559
TSPAN9_RNA,-0.1354246288537979
LCOR_RNA,-0.13545168936252594
PXK_RNA,-0.13547837734222412
ZBTB7A_RNA,-0.13550123572349548
SGK3_RNA,-0.13552358746528625
SEC14L2_RNA,-0.13553398847579956
FLG2_RNA,-0.13555093109607697
HRH1_RNA,-0.13556350767612457
EDEM2_RNA,-0.13558483123779297
KREMEN1_RNA,-0.13569380342960358
AK7_RNA,-0.135700985789299
ABCA4_RNA,-0.13571998476982117
GAL_RNA,-0.13581277430057526
EPHA1_RNA,-0.13587404787540436
PIGR_RNA,-0.13587717711925507
SLC40A1_RNA,-0.1359328180551529
RALB_RNA,-0.13596639037132263
TRIM44_RNA,-0.13602565228939056
KCNA4_RNA,-0.1360473334789276
ATM_RNA,-0.13606615364551544
TAS2R46_RNA,-0.13614261150360107
IKBIP_RNA,-0.13616341352462769
TSC22D3_RNA,-0.13616658747196198
SHROOM3_RNA,-0.1361713856458664
CD79B_RNA,-0.13620540499687195
TCP11L2_RNA,-0.1362256556749344
MAFK_RNA,-0.1364021748304367
BTBD18_RNA,-0.13649632036685944
PPM1F_RNA,-0.1365220993757248
LRP12_RNA,-0.13655728101730347
SHROOM1_RNA,-0.1366005688905716
RNU6ATAC_RNA,-0.13672184944152832
MYL5_RNA,-0.1367938220500946
NFKB2_RNA,-0.13686634600162506
CLDN16_RNA,-0.13694365322589874
M6PR_RNA,-0.13697049021720886
TIFAB_RNA,-0.13697358965873718
HSPB7_RNA,-0.13699626922607422
DAO_RNA,-0.1370154768228531
NRSN1_RNA,-0.1370600014925003
MID2_RNA,-0.13706165552139282
GPR87_RNA,-0.13716156780719757
CNTNAP2_RNA,-0.13722653687000275
KCTD8_RNA,-0.13722923398017883
PRB2_RNA,-0.1372329443693161
DENND4A_RNA,-0.13723395764827728
GPBAR1_RNA,-0.13729193806648254
PKHD1L1_RNA,-0.13735048472881317
FBXL13_RNA,-0.13738039135932922
OSR1_RNA,-0.13740389049053192
MXRA7_RNA,-0.13741979002952576
DGKQ_RNA,-0.1374521553516388
DNAH10_RNA,-0.13747051358222961
UPB1_RNA,-0.1374882161617279
TNS1_RNA,-0.13748954236507416
OR3A1_RNA,-0.1375923752784729
ADAMTS8_RNA,-0.13763675093650818
OTOA_RNA,-0.13767161965370178
RHOV_RNA,-0.13769640028476715
SLC43A1_RNA,-0.13771221041679382
TPST2_RNA,-0.1378098726272583
TMEM70_RNA,-0.1378977745771408
DMXL2_RNA,-0.13799846172332764
SLC37A1_RNA,-0.13800904154777527
RASA2_RNA,-0.13801982998847961
RGS7_RNA,-0.13803035020828247
GALNTL5_RNA,-0.13807734847068787
DHDH_RNA,-0.13809065520763397
SLC28A3_RNA,-0.13810475170612335
TMEM51_RNA,-0.13811516761779785
NAGK_RNA,-0.1381518840789795
SGIP1_RNA,-0.13826794922351837
SIAE_RNA,-0.13831524550914764
SNAP23_RNA,-0.13834424316883087
GLB1_RNA,-0.13838711380958557
SIRPA_RNA,-0.1384202390909195
CCDC28A_RNA,-0.13846072554588318
P2RY14_RNA,-0.13850492238998413
COL4A4_RNA,-0.13853785395622253
ALPK3_RNA,-0.13861684501171112
DEGS2_RNA,-0.1386321783065796
F8_RNA,-0.13864575326442719
GCNT7_RNA,-0.13865678012371063
LRIG3_RNA,-0.13870172202587128
CHRM5_RNA,-0.13873876631259918
VTI1A_RNA,-0.1387893557548523
SLC4A10_RNA,-0.13887934386730194
PCSK5_RNA,-0.138896182179451
AVPR2_RNA,-0.13894811272621155
PDE4A_RNA,-0.13908611238002777
HEATR4_RNA,-0.13922618329524994
ASAH1_RNA,-0.13945378363132477
MFAP2_RNA,-0.1394549161195755
PDZD2_RNA,-0.13950052857398987
BARX2_RNA,-0.13951584696769714
DNAH11_RNA,-0.13956066966056824
MUSK_RNA,-0.13964983820915222
NPTN_RNA,-0.1396661400794983
PCDHAC2_RNA,-0.13967086374759674
CHP2_RNA,-0.13978508114814758
DNAH6_RNA,-0.13982398808002472
ADI1_RNA,-0.13991688191890717
ATP12A_RNA,-0.13991768658161163
LHCGR_RNA,-0.1400948166847229
KCNQ1OT1_RNA,-0.14016973972320557
PIGP_RNA,-0.1402096152305603
ANKRD44_RNA,-0.140212744474411
GRB7_RNA,-0.14023037254810333
SLCO4C1_RNA,-0.14039476215839386
ROM1_RNA,-0.14041787385940552
MTNR1B_RNA,-0.14043062925338745
HOXB7_RNA,-0.1404910385608673
SSH3_RNA,-0.1405971646308899
GLB1L_RNA,-0.14063020050525665
ANKRD30B_RNA,-0.1406322419643402
PITPNM1_RNA,-0.14069023728370667
LGALS2_RNA,-0.14071397483348846
BHLHA9_RNA,-0.1408102661371231
RGPD8_RNA,-0.14083421230316162
CHST13_RNA,-0.14084771275520325
SMPDL3B_RNA,-0.1408752053976059
PCDHGA9_RNA,-0.1408758908510208
LGI4_RNA,-0.14089851081371307
JPH2_RNA,-0.14092066884040833
TRPC5_RNA,-0.14099547266960144
MMP3_RNA,-0.14100152254104614
COL4A1_RNA,-0.14103767275810242
IL23A_RNA,-0.14108648896217346
DCAF6_RNA,-0.14113688468933105
LHX8_RNA,-0.14125272631645203
MIR326_RNA,-0.14126621186733246
CYP24A1_RNA,-0.14130553603172302
TSPAN32_RNA,-0.14143596589565277
SLC41A2_RNA,-0.14145439863204956
PCDHGA4_RNA,-0.14146019518375397
PLCH2_RNA,-0.14146064221858978
PMP22_RNA,-0.14152057468891144
ADAD2_RNA,-0.14154881238937378
FAM118A_RNA,-0.14157146215438843
COL21A1_RNA,-0.1417841613292694
CABP4_RNA,-0.1417960822582245
ELMO1_RNA,-0.14180324971675873
RP1_RNA,-0.14184650778770447
ACTN1_RNA,-0.14201097190380096
KLHL32_RNA,-0.1421523094177246
CLDN10_RNA,-0.1421925574541092
SNX29_RNA,-0.14222349226474762
TMEM130_RNA,-0.1423259973526001
CHD5_RNA,-0.14256137609481812
HEPHL1_RNA,-0.14266827702522278
MYH16_RNA,-0.1426926851272583
CCPG1_RNA,-0.14274616539478302
KLHL34_RNA,-0.1427554488182068
KCNE4_RNA,-0.14275899529457092
VTRNA1-1_RNA,-0.1428818553686142
LCN15_RNA,-0.14290784299373627
SOHLH1_RNA,-0.14298701286315918
FDXR_RNA,-0.14300751686096191
PWWP2B_RNA,-0.14308366179466248
SERTAD3_RNA,-0.14313310384750366
SNORA77_RNA,-0.14315982162952423
SNTB2_RNA,-0.14322176575660706
CDK15_RNA,-0.1433981955051422
ANXA1_RNA,-0.14342273771762848
TTC7A_RNA,-0.14353565871715546
SERPINB8_RNA,-0.1435786932706833
CRB2_RNA,-0.14369551837444305
FGFRL1_RNA,-0.14377139508724213
SCUBE1_RNA,-0.1438213288784027
CEBPD_RNA,-0.14383035898208618
GHRLOS_RNA,-0.14411002397537231
HTR2A_RNA,-0.14413325488567352
CYP4X1_RNA,-0.1441873013973236
SLC35F3_RNA,-0.14419932663440704
SLC9A4_RNA,-0.14427995681762695
SNORD114-20_RNA,-0.14429400861263275
PARVA_RNA,-0.14430780708789825
KLK7_RNA,-0.14431898295879364
MIR222_RNA,-0.14432260394096375
FCN3_RNA,-0.14436660706996918
OVCH2_RNA,-0.14437150955200195
ABHD14B_RNA,-0.1444617360830307
OR51E1_RNA,-0.14450089633464813
GATA3_RNA,-0.14453956484794617
SYNE1_RNA,-0.14460895955562592
ARG1_RNA,-0.14461757242679596
GRM3_RNA,-0.14462555944919586
EDN3_RNA,-0.14467114210128784
HERC1_RNA,-0.1447439193725586
CAPN11_RNA,-0.14475129544734955
CKLF_RNA,-0.14479637145996094
RNF128_RNA,-0.14481119811534882
SMARCA2_RNA,-0.14486809074878693
FKBP6_RNA,-0.14487914741039276
PDZD7_RNA,-0.14495660364627838
HECTD2_RNA,-0.1450081318616867
RND3_RNA,-0.14511093497276306
CYP46A1_RNA,-0.14516805112361908
SLC1A7_RNA,-0.14517903327941895
UPK1B_RNA,-0.14521509408950806
CLU_RNA,-0.1452554613351822
ZNF217_RNA,-0.14525902271270752
KCNS1_RNA,-0.14534632861614227
CAMK1_RNA,-0.1453799158334732
ANO6_RNA,-0.1454095095396042
WDFY3_RNA,-0.14541812241077423
CHMP4C_RNA,-0.14542114734649658
HTR3B_RNA,-0.14544078707695007
ZP1_RNA,-0.14544861018657684
RPS6KA3_RNA,-0.14552326500415802
HHIP_RNA,-0.14560939371585846
LRRC8E_RNA,-0.14567072689533234
BHLHA15_RNA,-0.14569959044456482
SPRED3_RNA,-0.14572541415691376
HTR1E_RNA,-0.1457371860742569
SEC14L3_RNA,-0.14575250446796417
MYO5A_RNA,-0.14579111337661743
SIRPD_RNA,-0.14585795998573303
TP63_RNA,-0.14592178165912628
SNORA11B_RNA,-0.14603827893733978
LRRC2_RNA,-0.14605049788951874
ADAMTS16_RNA,-0.14614756405353546
ADAMTS5_RNA,-0.14615082740783691
TNC_RNA,-0.146185964345932
SH2D6_RNA,-0.14619788527488708
TBC1D1_RNA,-0.1463019847869873
FHIT_RNA,-0.14638176560401917
SEMA3B_RNA,-0.1464117467403412
RGS3_RNA,-0.14643225073814392
ERMP1_RNA,-0.14645998179912567
KIAA1755_RNA,-0.14651206135749817
MIPOL1_RNA,-0.14652663469314575
MREG_RNA,-0.14653174579143524
C22orf15_RNA,-0.14658260345458984
FUT4_RNA,-0.14661791920661926
PTGIS_RNA,-0.14665131270885468
TBC1D16_RNA,-0.14668206870555878
ARMC3_RNA,-0.14669209718704224
ZDHHC20_RNA,-0.1467028707265854
CRIP1_RNA,-0.14675559103488922
KLF2_RNA,-0.14679090678691864
SFTPB_RNA,-0.14685791730880737
SLC22A9_RNA,-0.14688873291015625
PDXK_RNA,-0.1469305455684662
LRCH1_RNA,-0.14693759381771088
DNAJC3_RNA,-0.14695292711257935
KHNYN_RNA,-0.14696888625621796
EGFL7_RNA,-0.1470247060060501
KLHL30_RNA,-0.14707781374454498
BLID_RNA,-0.14709147810935974
HOXB9_RNA,-0.14722999930381775
NLRC5_RNA,-0.147232785820961
KIF6_RNA,-0.14723731577396393
NOS1_RNA,-0.14723989367485046
ERCC6_RNA,-0.14725618064403534
MYH7B_RNA,-0.14738941192626953
PPP1R3D_RNA,-0.14743952453136444
TBC1D4_RNA,-0.1474914699792862
GNAI1_RNA,-0.14762912690639496
AKAP9_RNA,-0.14770668745040894
SSTR3_RNA,-0.14771966636180878
ME3_RNA,-0.14773286879062653
STIM1_RNA,-0.14774027466773987
SLC1A5_RNA,-0.14777830243110657
AIFM2_RNA,-0.14784055948257446
DNAJC15_RNA,-0.14785726368427277
TULP4_RNA,-0.1478755921125412
GNG11_RNA,-0.14793720841407776
GPR20_RNA,-0.14794810116291046
SPATA12_RNA,-0.14796574413776398
ANKRD55_RNA,-0.14802904427051544
CILP2_RNA,-0.14817191660404205
SAMD5_RNA,-0.14818662405014038
CMIP_RNA,-0.14820098876953125
WNT2B_RNA,-0.14821086823940277
KRT222_RNA,-0.14834332466125488
EPB41L2_RNA,-0.14835670590400696
CCKBR_RNA,-0.14841899275779724
KCNA1_RNA,-0.14843019843101501
NHLH2_RNA,-0.1484440267086029
MDFIC_RNA,-0.14851337671279907
RBMS3_RNA,-0.1485506296157837
XKR8_RNA,-0.14859198033809662
CAV2_RNA,-0.14863301813602448
CCR9_RNA,-0.14880916476249695
HDHD3_RNA,-0.1488136351108551
NMUR1_RNA,-0.14882640540599823
FBXO41_RNA,-0.14889951050281525
MYH14_RNA,-0.1489780992269516
MIR1200_RNA,-0.14906834065914154
SMCR8_RNA,-0.14907574653625488
ACSM4_RNA,-0.1491040289402008
KCNG3_RNA,-0.14915072917938232
PNLDC1_RNA,-0.14915771782398224
PDLIM1_RNA,-0.1491885781288147
RNF130_RNA,-0.14922145009040833
DCLK3_RNA,-0.14932192862033844
CCDC17_RNA,-0.14934204518795013
CD2AP_RNA,-0.1494249403476715
GZMM_RNA,-0.14942513406276703
NT5C2_RNA,-0.14942626655101776
MAP2K3_RNA,-0.149441197514534
FCRL1_RNA,-0.14944757521152496
TNFSF12_RNA,-0.14944954216480255
SBK2_RNA,-0.14951205253601074
OPRK1_RNA,-0.1496061533689499
HSD17B11_RNA,-0.14963972568511963
TG_RNA,-0.14973026514053345
CTXN3_RNA,-0.14983999729156494
ANXA7_RNA,-0.14989885687828064
TRPV5_RNA,-0.14992092549800873
CHRNE_RNA,-0.15011809766292572
EMX2_RNA,-0.1501338928937912
PLEKHA7_RNA,-0.15016157925128937
FMOD_RNA,-0.15018616616725922
FOXS1_RNA,-0.1502232551574707
DIXDC1_RNA,-0.15028437972068787
TNNT2_RNA,-0.15030205249786377
ACVR1C_RNA,-0.1503080427646637
RNF152_RNA,-0.1503080576658249
C3orf49_RNA,-0.15037919580936432
BMP8A_RNA,-0.15039858222007751
EFHC2_RNA,-0.1503993570804596
TSPAN16_RNA,-0.15040990710258484
TMEM184A_RNA,-0.15044407546520233
GPR21_RNA,-0.15048348903656006
CLCNKB_RNA,-0.1504901647567749
PPP1R3C_RNA,-0.15058355033397675
GALNTL6_RNA,-0.1506112515926361
ACSS3_RNA,-0.15079618990421295
BTC_RNA,-0.15092045068740845
PRDM8_RNA,-0.15095315873622894
GSDMC_RNA,-0.1510145515203476
PAQR5_RNA,-0.15101948380470276
GRIA1_RNA,-0.1510305553674698
PRR15L_RNA,-0.15111641585826874
RDH5_RNA,-0.15114600956439972
KCNK5_RNA,-0.15123684704303741
MYOC_RNA,-0.15126775205135345
CAMK1G_RNA,-0.15139459073543549
LMOD1_RNA,-0.15144504606723785
FBXO2_RNA,-0.1515406221151352
UCN2_RNA,-0.15154941380023956
PTEN_RNA,-0.15156345069408417
CALN1_RNA,-0.15157240629196167
SCUBE3_RNA,-0.15158438682556152
SCN3B_RNA,-0.15166915953159332
SSTR1_RNA,-0.15166984498500824
SLC25A19_RNA,-0.1517181694507599
TMEM140_RNA,-0.1517663300037384
COL22A1_RNA,-0.15181338787078857
MACF1_RNA,-0.1519453525543213
SLC10A1_RNA,-0.15196357667446136
B3GNT8_RNA,-0.15197335183620453
ABO_RNA,-0.15198914706707
NOX5_RNA,-0.15200822055339813
RRBP1_RNA,-0.152018204331398
FBXO39_RNA,-0.15203863382339478
SLC5A5_RNA,-0.15226155519485474
SEMA3F_RNA,-0.15226496756076813
ELOVL3_RNA,-0.15228165686130524
PAOX_RNA,-0.1522907316684723
PKHD1_RNA,-0.15235355496406555
OASL_RNA,-0.1523742824792862
TRAK2_RNA,-0.15264807641506195
LINGO4_RNA,-0.15278074145317078
HES2_RNA,-0.15301263332366943
FHL5_RNA,-0.15301422774791718
IFNGR2_RNA,-0.15302133560180664
MYBPC2_RNA,-0.153046116232872
LMCD1_RNA,-0.1530507355928421
ZAP70_RNA,-0.15307392179965973
RHBDL2_RNA,-0.1531272530555725
ERMAP_RNA,-0.1531711369752884
SLC17A3_RNA,-0.15328508615493774
DDB2_RNA,-0.15330320596694946
LAMC3_RNA,-0.1534377783536911
PLEKHN1_RNA,-0.1535419076681137
GBP4_RNA,-0.1535699963569641
CLIC5_RNA,-0.15361329913139343
ESPNL_RNA,-0.1536329984664917
WWC2_RNA,-0.15364693105220795
TCEAL6_RNA,-0.15365225076675415
CNIH3_RNA,-0.15366236865520477
C21orf91_RNA,-0.15371073782444
GREB1L_RNA,-0.1537172645330429
GFRA1_RNA,-0.15372775495052338
XBP1_RNA,-0.1537473052740097
CYP2J2_RNA,-0.1537872701883316
ABCB9_RNA,-0.15379716455936432
EDNRA_RNA,-0.15387001633644104
SCG2_RNA,-0.1539405733346939
SBSN_RNA,-0.15402421355247498
WDR7_RNA,-0.15403716266155243
CNTN6_RNA,-0.15407760441303253
KIF13B_RNA,-0.15409702062606812
TLR10_RNA,-0.15413498878479004
ATG16L2_RNA,-0.1541493684053421
GJA4_RNA,-0.15420328080654144
SPATS2L_RNA,-0.1542183756828308
AVPI1_RNA,-0.15432310104370117
UGP2_RNA,-0.15433038771152496
P2RY12_RNA,-0.15436716377735138
ALDH1A2_RNA,-0.15440011024475098
PATL2_RNA,-0.15440014004707336
PDE6A_RNA,-0.15440672636032104
CCNG1_RNA,-0.15444837510585785
CSF2_RNA,-0.15453281998634338
RBM20_RNA,-0.15457789599895477
LIMS1_RNA,-0.1545843631029129
RAB20_RNA,-0.15460731089115143
FATE1_RNA,-0.1548255980014801
SLC6A12_RNA,-0.1548328846693039
ARHGAP10_RNA,-0.1548696905374527
C2CD4B_RNA,-0.1548861861228943
GLS_RNA,-0.15492628514766693
ACADSB_RNA,-0.15492725372314453
LIMK1_RNA,-0.1549810767173767
C11orf21_RNA,-0.15505847334861755
RBM46_RNA,-0.15512721240520477
CLIC6_RNA,-0.15514720976352692
COMP_RNA,-0.15516753494739532
VSIG10L_RNA,-0.15518005192279816
DOCK10_RNA,-0.15521013736724854
GAS2_RNA,-0.15521256625652313
SSH1_RNA,-0.1553342342376709
C17orf67_RNA,-0.15535816550254822
ABL2_RNA,-0.15551693737506866
SNORD62A_RNA,-0.15552224218845367
AGRP_RNA,-0.15561915934085846
NHLRC3_RNA,-0.15576407313346863
UCP2_RNA,-0.15581047534942627
ELOVL1_RNA,-0.15585778653621674
TRIM63_RNA,-0.15588298439979553
NCOA4_RNA,-0.15602171421051025
SLC19A3_RNA,-0.15602721273899078
PEAR1_RNA,-0.1561095416545868
CASP7_RNA,-0.1562204658985138
FER1L6_RNA,-0.15624162554740906
MALT1_RNA,-0.15626168251037598
PAPPA2_RNA,-0.15628279745578766
TRHDE_RNA,-0.15628720819950104
SPRYD3_RNA,-0.15653344988822937
TPM1_RNA,-0.15656086802482605
KIR2DL4_RNA,-0.15656201541423798
EBF1_RNA,-0.15659958124160767
PAPOLB_RNA,-0.15663368999958038
C9orf72_RNA,-0.15668083727359772
PFKFB3_RNA,-0.15671102702617645
MCHR2_RNA,-0.15679356455802917
CCNA1_RNA,-0.15681308507919312
CA1_RNA,-0.15720513463020325
TNFAIP6_RNA,-0.15721814334392548
CNTN5_RNA,-0.15722675621509552
IL7_RNA,-0.1573365181684494
RAB36_RNA,-0.15737827122211456
CREG2_RNA,-0.157405287027359
GPR55_RNA,-0.15743176639080048
KLF4_RNA,-0.15750795602798462
TFCP2L1_RNA,-0.15755875408649445
ABCC1_RNA,-0.15763972699642181
ARFGEF2_RNA,-0.15766862034797668
SEMA3E_RNA,-0.15767009556293488
ITGA1_RNA,-0.15772540867328644
ATP1A1_RNA,-0.1577717512845993
TRPV3_RNA,-0.1578100025653839
ABTB1_RNA,-0.15782156586647034
RAB32_RNA,-0.15804892778396606
UPK3A_RNA,-0.15805917978286743
CGNL1_RNA,-0.15807895362377167
PPP1R3B_RNA,-0.15837879478931427
INF2_RNA,-0.15840087831020355
KLHL26_RNA,-0.15841680765151978
NUAK2_RNA,-0.1584487110376358
MSRB2_RNA,-0.15848582983016968
NRIP2_RNA,-0.15849411487579346
TMSB4X_RNA,-0.1585150808095932
EVC_RNA,-0.15865521132946014
GCLM_RNA,-0.15869998931884766
PCGF5_RNA,-0.15873682498931885
ZDHHC19_RNA,-0.1587446928024292
NR1H3_RNA,-0.15876436233520508
MIR921_RNA,-0.15878461301326752
TCEA3_RNA,-0.15879087150096893
EPHX4_RNA,-0.15881583094596863
LRFN5_RNA,-0.15885159373283386
MMRN1_RNA,-0.15885792672634125
NCR1_RNA,-0.1588815599679947
AGBL1_RNA,-0.15889303386211395
LGI3_RNA,-0.15890848636627197
TIGIT_RNA,-0.1589232236146927
HYDIN_RNA,-0.15898574888706207
THNSL2_RNA,-0.15898661315441132
PYGM_RNA,-0.1590968519449234
SCN8A_RNA,-0.15912747383117676
MIR575_RNA,-0.1592598408460617
OR2AG1_RNA,-0.15928708016872406
PSD3_RNA,-0.15944015979766846
SBNO2_RNA,-0.1596459597349167
PHACTR1_RNA,-0.1597183644771576
PRRT3_RNA,-0.15975801646709442
DOK1_RNA,-0.16004933416843414
ZNF124_RNA,-0.1601688712835312
CYP26A1_RNA,-0.16016995906829834
ITGA10_RNA,-0.1602816879749298
ESRRG_RNA,-0.16028909385204315
PNPLA4_RNA,-0.16035319864749908
CCL24_RNA,-0.16040824353694916
LACTB_RNA,-0.16071149706840515
FRK_RNA,-0.1607286036014557
NAALADL1_RNA,-0.16073867678642273
PTPN18_RNA,-0.16074839234352112
WDR11_RNA,-0.16075310111045837
CCDC122_RNA,-0.16080242395401
CAMK4_RNA,-0.16081421077251434
KCNK12_RNA,-0.1609918177127838
RFPL2_RNA,-0.1609930396080017
ELK3_RNA,-0.16101206839084625
HTR3A_RNA,-0.16104580461978912
PLCD4_RNA,-0.1611851155757904
PNMA3_RNA,-0.16118685901165009
SPNS3_RNA,-0.1611989587545395
SCARA3_RNA,-0.16120649874210358
RAB11FIP5_RNA,-0.16124965250492096
TMEM71_RNA,-0.16125766932964325
FBXO27_RNA,-0.16126404702663422
CLDN18_RNA,-0.1612863689661026
FABP4_RNA,-0.16130086779594421
STAB2_RNA,-0.16130217909812927
QSOX1_RNA,-0.16130854189395905
MDM2_RNA,-0.16131243109703064
KCNS3_RNA,-0.16133707761764526
MYO1B_RNA,-0.1613881140947342
MMP9_RNA,-0.16139823198318481
VTRNA1-2_RNA,-0.16145552694797516
LDLRAD2_RNA,-0.16156315803527832
RNF175_RNA,-0.16169613599777222
NDST3_RNA,-0.161723792552948
IGFL3_RNA,-0.16191427409648895
PEG10_RNA,-0.1619783192873001
PCTP_RNA,-0.16198846697807312
PDGFRB_RNA,-0.16202928125858307
PSEN2_RNA,-0.16230730712413788
DIO1_RNA,-0.16230733692646027
ABCA5_RNA,-0.1624186784029007
ANKRD7_RNA,-0.16245584189891815
TMEM40_RNA,-0.16249758005142212
COL5A2_RNA,-0.16251058876514435
MBNL2_RNA,-0.16251717507839203
EMILIN1_RNA,-0.1628493368625641
AZGP1_RNA,-0.162856787443161
KLK5_RNA,-0.16286957263946533
HECW1_RNA,-0.16294869780540466
ULK2_RNA,-0.1629602611064911
KCNA3_RNA,-0.1630045771598816
FFAR1_RNA,-0.1631360948085785
GTSF1_RNA,-0.16316553950309753
STK10_RNA,-0.16324405372142792
SLC25A24_RNA,-0.16330702602863312
BACH1_RNA,-0.16331547498703003
TEX2_RNA,-0.1633589118719101
FLNC_RNA,-0.16336965560913086
P2RX6_RNA,-0.1634676605463028
ALDH3A1_RNA,-0.1634833812713623
LRRC43_RNA,-0.16352425515651703
PHLDA3_RNA,-0.1635332554578781
UHMK1_RNA,-0.16355516016483307
CEACAM16_RNA,-0.1635666936635971
UPP2_RNA,-0.16360138356685638
PI4K2A_RNA,-0.1636352241039276
MAP7D2_RNA,-0.1636505424976349
DTX3L_RNA,-0.1636950969696045
MAP1LC3C_RNA,-0.16376689076423645
RASAL1_RNA,-0.16378623247146606
PCOLCE2_RNA,-0.16382424533367157
AP1S3_RNA,-0.16383543610572815
PRUNE2_RNA,-0.16386285424232483
PDLIM7_RNA,-0.16387562453746796
TGOLN2_RNA,-0.16406472027301788
TRAPPC10_RNA,-0.16406510770320892
SORCS2_RNA,-0.16410765051841736
MOV10L1_RNA,-0.16411927342414856
IGF2BP1_RNA,-0.1641368865966797
DMXL1_RNA,-0.1641407161951065
DUSP3_RNA,-0.16415762901306152
CLIP4_RNA,-0.16424746811389923
TAPBP_RNA,-0.16429860889911652
CPNE7_RNA,-0.16431738436222076
MAD1L1_RNA,-0.1643938571214676
RFTN1_RNA,-0.16461770236492157
ZNF385B_RNA,-0.16470108926296234
SLC16A11_RNA,-0.1647786945104599
TICAM2_RNA,-0.16480641067028046
KIF17_RNA,-0.16485507786273956
LARP6_RNA,-0.16488473117351532
ZBED2_RNA,-0.16493789851665497
C1QTNF7_RNA,-0.1649918407201767
SNORD15B_RNA,-0.1650799661874771
TYR_RNA,-0.16513384878635406
PRRG3_RNA,-0.16522449254989624
IFITM3_RNA,-0.16523544490337372
TSPAN14_RNA,-0.1652481108903885
ARID5A_RNA,-0.16531309485435486
KATNAL2_RNA,-0.16535605490207672
ANGPTL7_RNA,-0.1654043346643448
SLC29A1_RNA,-0.16544431447982788
PREX2_RNA,-0.16548745334148407
NEFL_RNA,-0.16555345058441162
HTR1D_RNA,-0.16557323932647705
HPRT1_RNA,-0.16558465361595154
PARP8_RNA,-0.16565032303333282
ADPGK_RNA,-0.16570590436458588
PCDHGB4_RNA,-0.16575601696968079
PIM1_RNA,-0.16577120125293732
GPIHBP1_RNA,-0.16581903398036957
DGAT2_RNA,-0.16590382158756256
S100A10_RNA,-0.16597440838813782
IRS1_RNA,-0.1661156713962555
DMC1_RNA,-0.1661544293165207
DNAH9_RNA,-0.16617941856384277
DDR2_RNA,-0.16624164581298828
EPHA6_RNA,-0.16638873517513275
LPO_RNA,-0.16644175350666046
CCDC152_RNA,-0.16647718846797943
CDRT4_RNA,-0.16647925972938538
ABCA2_RNA,-0.16650287806987762
SIGLEC6_RNA,-0.1665506660938263
PARP4_RNA,-0.16659890115261078
ESYT1_RNA,-0.1666373759508133
WSCD2_RNA,-0.1666518896818161
KCNJ12_RNA,-0.16680316627025604
LOX_RNA,-0.16699938476085663
GSG1_RNA,-0.16701894998550415
APOBEC3D_RNA,-0.1670604795217514
TUBB1_RNA,-0.16709308326244354
PLS3_RNA,-0.16710834205150604
PLEKHG1_RNA,-0.16712114214897156
NFAT5_RNA,-0.16712521016597748
PPM1H_RNA,-0.16719229519367218
CSRP1_RNA,-0.16720016300678253
AJAP1_RNA,-0.16721248626708984
OXTR_RNA,-0.16728273034095764
GHRHR_RNA,-0.16733649373054504
AMBP_RNA,-0.16740752756595612
YWHAH_RNA,-0.1674087792634964
KIF12_RNA,-0.16766643524169922
TBC1D12_RNA,-0.16771140694618225
FAM50B_RNA,-0.1680196076631546
NFASC_RNA,-0.16809602081775665
ANKRD36B_RNA,-0.16813398897647858
KCNJ13_RNA,-0.16815687716007233
ZBTB7B_RNA,-0.16816623508930206
IL17REL_RNA,-0.16816966235637665
FGD5_RNA,-0.1683371216058731
FGF18_RNA,-0.1683376580476761
ZNF385D_RNA,-0.16839228570461273
ZNF750_RNA,-0.16852739453315735
MIR645_RNA,-0.1685480773448944
FUT7_RNA,-0.16855919361114502
APOL2_RNA,-0.16857630014419556
RGS19_RNA,-0.16861313581466675
PLSCR1_RNA,-0.16864174604415894
SLC12A5_RNA,-0.16866333782672882
PLXNB2_RNA,-0.16873225569725037
CHCHD10_RNA,-0.16878831386566162
DRD1_RNA,-0.16881102323532104
HLA-B_RNA,-0.16881586611270905
ABRA_RNA,-0.16895022988319397
RPH3AL_RNA,-0.16899584233760834
SLN_RNA,-0.16900503635406494
CORIN_RNA,-0.16900517046451569
LEF1_RNA,-0.169083833694458
DEXI_RNA,-0.16919612884521484
TMC7_RNA,-0.16935889422893524
DAPK2_RNA,-0.16944850981235504
DNAJC5B_RNA,-0.1694495677947998
ANKRD2_RNA,-0.1695653200149536
ZNF536_RNA,-0.16967236995697021
PDPN_RNA,-0.16982166469097137
NEFM_RNA,-0.16992846131324768
RNF43_RNA,-0.17000538110733032
TNFRSF25_RNA,-0.17001253366470337
SEMA3G_RNA,-0.17003609240055084
BTBD8_RNA,-0.17003841698169708
ATP6V1B2_RNA,-0.17012646794319153
LRRFIP1_RNA,-0.1701706051826477
GALNT7_RNA,-0.17018826305866241
P2RX5_RNA,-0.1703227013349533
GBP2_RNA,-0.17033667862415314
ARAP1_RNA,-0.17052632570266724
CLDN1_RNA,-0.17061597108840942
AKAP13_RNA,-0.1706162542104721
VWF_RNA,-0.1706259548664093
HTRA1_RNA,-0.1706738919019699
LGALS1_RNA,-0.17072869837284088
GPX3_RNA,-0.17081931233406067
TNNT1_RNA,-0.1708257794380188
CADM3_RNA,-0.17083406448364258
SLFN13_RNA,-0.17089655995368958
EMP2_RNA,-0.17100778222084045
OR2L13_RNA,-0.17112620174884796
OR52K2_RNA,-0.1711472123861313
JAG2_RNA,-0.17136046290397644
FAM83F_RNA,-0.17150691151618958
EBF2_RNA,-0.17152723670005798
MAN2B2_RNA,-0.17162248492240906
TSPAN4_RNA,-0.17166095972061157
PEBP4_RNA,-0.17173783481121063
KRT81_RNA,-0.1718136966228485
UNC13C_RNA,-0.17185333371162415
SLFN12L_RNA,-0.17187947034835815
ZMAT3_RNA,-0.17193466424942017
NR4A2_RNA,-0.17193658649921417
NR1I2_RNA,-0.17200155556201935
PRELID2_RNA,-0.17200830578804016
NUPR1_RNA,-0.17204320430755615
CDA_RNA,-0.17215313017368317
HTRA3_RNA,-0.17225268483161926
FAM174B_RNA,-0.172262504696846
ACVRL1_RNA,-0.172299325466156
KIAA1671_RNA,-0.17233651876449585
ZNF552_RNA,-0.1723383665084839
RELT_RNA,-0.17247077822685242
TMSB10_RNA,-0.17249763011932373
NPBWR1_RNA,-0.17269384860992432
ARRB2_RNA,-0.17275260388851166
SLC6A13_RNA,-0.17275302112102509
CD248_RNA,-0.1727713644504547
SGMS1_RNA,-0.1727968007326126
CCDC85A_RNA,-0.17282885313034058
KLF17_RNA,-0.17283737659454346
YPEL4_RNA,-0.1729785054922104
FAT4_RNA,-0.1730000376701355
GPX2_RNA,-0.1730642169713974
CDC42EP3_RNA,-0.17308513820171356
PF4_RNA,-0.17311039566993713
THBS4_RNA,-0.17317618429660797
SMPX_RNA,-0.1731821447610855
SLC25A43_RNA,-0.17321337759494781
SLC13A3_RNA,-0.17322702705860138
KRT36_RNA,-0.173264741897583
CRH_RNA,-0.173280268907547
LGALS3_RNA,-0.1732935607433319
DLC1_RNA,-0.1733860969543457
SNORA53_RNA,-0.1734885424375534
SNORA7B_RNA,-0.17352406680583954
CCNDBP1_RNA,-0.17354485392570496
MYO1E_RNA,-0.17360366880893707
PKD2L2_RNA,-0.17369365692138672
PCOLCE_RNA,-0.17370913922786713
CHPF2_RNA,-0.17387409508228302
NAGPA_RNA,-0.17407312989234924
RAB43_RNA,-0.17419826984405518
CA4_RNA,-0.1742159128189087
CD46_RNA,-0.17424719035625458
ZNF483_RNA,-0.17426876723766327
NT5C1B_RNA,-0.1743910163640976
PCDHGA10_RNA,-0.17441795766353607
TLN1_RNA,-0.17446894943714142
AGPAT2_RNA,-0.17455746233463287
MMP11_RNA,-0.1746739000082016
CDH8_RNA,-0.17468836903572083
KLK10_RNA,-0.1747521460056305
ANKRD1_RNA,-0.1748965084552765
SLC22A23_RNA,-0.17503029108047485
SLC16A6_RNA,-0.175083726644516
FXYD4_RNA,-0.17522647976875305
SHISA9_RNA,-0.17524591088294983
SNORA28_RNA,-0.17531514167785645
SH2D1B_RNA,-0.17542476952075958
HTR5A_RNA,-0.17547127604484558
ZBTB38_RNA,-0.17552496492862701
SOD3_RNA,-0.17553876340389252
TRAF1_RNA,-0.1755693107843399
C22orf31_RNA,-0.17562235891819
CCDC60_RNA,-0.17571288347244263
KCNK17_RNA,-0.17573094367980957
FMO2_RNA,-0.175755575299263
C2CD4D_RNA,-0.17575703561306
TSKS_RNA,-0.17578335106372833
DDX53_RNA,-0.17601947486400604
THY1_RNA,-0.17606724798679352
CISH_RNA,-0.17612546682357788
KCNT1_RNA,-0.1762278825044632
EPHX2_RNA,-0.17637914419174194
GPR31_RNA,-0.176381453871727
SNORA37_RNA,-0.176397904753685
ADCY4_RNA,-0.17640729248523712
FOLR3_RNA,-0.17644542455673218
PCDHB11_RNA,-0.17644774913787842
DPPA4_RNA,-0.17646540701389313
B3GALT4_RNA,-0.17650632560253143
SULT4A1_RNA,-0.17653922736644745
ZNF541_RNA,-0.17658096551895142
NYNRIN_RNA,-0.17662881314754486
DGKA_RNA,-0.17668282985687256
BST2_RNA,-0.17673873901367188
ACSF2_RNA,-0.17679977416992188
DIRAS3_RNA,-0.17680585384368896
FYCO1_RNA,-0.17687036097049713
SLC15A1_RNA,-0.17691749334335327
CCDC68_RNA,-0.17697475850582123
ADAMTSL5_RNA,-0.1770210564136505
SGCE_RNA,-0.17707468569278717
DCUN1D3_RNA,-0.17707951366901398
PLEKHA5_RNA,-0.17708058655261993
IGSF22_RNA,-0.17711305618286133
ZDBF2_RNA,-0.17719373106956482
ASPA_RNA,-0.1772509068250656
TYRP1_RNA,-0.1772579550743103
ZNF683_RNA,-0.17729951441287994
SESN1_RNA,-0.17733927071094513
QPCT_RNA,-0.17738181352615356
TMEM156_RNA,-0.17741501331329346
SGK2_RNA,-0.17751286923885345
TRIM50_RNA,-0.17756928503513336
KIFC3_RNA,-0.17761695384979248
ANGPTL5_RNA,-0.17765969038009644
SIL1_RNA,-0.17775417864322662
EPS15_RNA,-0.17776505649089813
PCDH12_RNA,-0.1778493970632553
RIMBP2_RNA,-0.17794851958751678
ABHD15_RNA,-0.17796175181865692
MAP3K5_RNA,-0.1779685765504837
KDR_RNA,-0.1780691295862198
GDF15_RNA,-0.17818811535835266
TRIM21_RNA,-0.17821238934993744
CCDC33_RNA,-0.17822596430778503
SIAH3_RNA,-0.17824727296829224
BMX_RNA,-0.17836257815361023
GJB1_RNA,-0.17842483520507813
TRIB1_RNA,-0.17844025790691376
PML_RNA,-0.17846336960792542
MMD_RNA,-0.17849576473236084
HIC1_RNA,-0.17851559817790985
PPP2R2C_RNA,-0.1785317212343216
MAP3K6_RNA,-0.1786462366580963
FOS_RNA,-0.17867925763130188
PANX2_RNA,-0.17871221899986267
ABCC9_RNA,-0.1787632405757904
DHRS3_RNA,-0.178843691945076
GPR15_RNA,-0.1789412647485733
CATSPERB_RNA,-0.17917366325855255
ATP7A_RNA,-0.17923472821712494
AFF1_RNA,-0.17925170063972473
ADRA1B_RNA,-0.1793525665998459
TPP1_RNA,-0.17935360968112946
TNFSF11_RNA,-0.17941217124462128
IP6K3_RNA,-0.179417222738266
MYOCD_RNA,-0.17941896617412567
HPS5_RNA,-0.17944201827049255
SYT1_RNA,-0.17950621247291565
MB_RNA,-0.17960280179977417
ZNF365_RNA,-0.17960770428180695
IPCEF1_RNA,-0.1796625703573227
CYB561_RNA,-0.17976166307926178
RBP5_RNA,-0.1797698736190796
PPP1R9A_RNA,-0.17985762655735016
SYT12_RNA,-0.17988154292106628
LGALS3BP_RNA,-0.17996568977832794
FTH1_RNA,-0.17998220026493073
HERPUD1_RNA,-0.18003900349140167
TRADD_RNA,-0.18004103004932404
CLN3_RNA,-0.18006812036037445
OCA2_RNA,-0.18008111417293549
FOSL1_RNA,-0.18008163571357727
SPATA20_RNA,-0.1801101267337799
LIPC_RNA,-0.180150106549263
TMEM132D_RNA,-0.1801919788122177
SERPINA10_RNA,-0.18019822239875793
GALM_RNA,-0.18027886748313904
PLEKHA1_RNA,-0.18029317259788513
EPHA8_RNA,-0.1803288608789444
NTAN1_RNA,-0.18039105832576752
EXOC3L2_RNA,-0.1805606633424759
ABCA12_RNA,-0.18057626485824585
PRG4_RNA,-0.18071283400058746
PDE1C_RNA,-0.18085506558418274
SLC25A45_RNA,-0.1809520572423935
STXBP6_RNA,-0.18097010254859924
ZNF215_RNA,-0.18110404908657074
PLA2G2A_RNA,-0.1812504082918167
MAOB_RNA,-0.18136455118656158
MMP14_RNA,-0.1813839226961136
GIPR_RNA,-0.1814006119966507
CCKAR_RNA,-0.1814107596874237
CLDN14_RNA,-0.1815047413110733
HNF4A_RNA,-0.18159133195877075
RIMS2_RNA,-0.18169689178466797
BPI_RNA,-0.18173326551914215
FKBP11_RNA,-0.1817575991153717
FAM3B_RNA,-0.18190114200115204
MGC12916_RNA,-0.18196529150009155
ENTPD1_RNA,-0.1819697469472885
RGL3_RNA,-0.1820811629295349
SDR16C5_RNA,-0.1821497529745102
SLC4A1_RNA,-0.18227346241474152
LDHAL6B_RNA,-0.18234214186668396
APLP1_RNA,-0.18246959149837494
DDX43_RNA,-0.1825151890516281
SLC7A2_RNA,-0.1825614869594574
EIF4A1_RNA,-0.1826358586549759
PPY_RNA,-0.1826651692390442
SNAI2_RNA,-0.18269746005535126
VWA1_RNA,-0.18278907239437103
MGAT1_RNA,-0.18286298215389252
ATP11C_RNA,-0.18286673724651337
CABYR_RNA,-0.18290293216705322
CMBL_RNA,-0.18290778994560242
RPS6KA4_RNA,-0.18299145996570587
PDE3B_RNA,-0.18300263583660126
TGFB3_RNA,-0.18301352858543396
DLG2_RNA,-0.18304067850112915
OAS2_RNA,-0.18311060965061188
RBMS1_RNA,-0.1831793636083603
GFI1_RNA,-0.18321290612220764
RAB34_RNA,-0.18324604630470276
SVEP1_RNA,-0.1832670271396637
ESM1_RNA,-0.18342305719852448
CRLF1_RNA,-0.18347494304180145
SMAD7_RNA,-0.18356840312480927
HIPK4_RNA,-0.18357056379318237
SAMD9L_RNA,-0.18366961181163788
TMEM132E_RNA,-0.18369369208812714
KRT8_RNA,-0.18382461369037628
CCDC7_RNA,-0.1838436871767044
CBLN3_RNA,-0.18387413024902344
GABRB1_RNA,-0.18397493660449982
GNLY_RNA,-0.1840304732322693
TMC3_RNA,-0.1840704381465912
SLC22A4_RNA,-0.18420395255088806
RUNX1T1_RNA,-0.18424637615680695
MTUS2_RNA,-0.18426643311977386
MYBPC1_RNA,-0.18436022102832794
GPR6_RNA,-0.18436656892299652
FKBP5_RNA,-0.1843855082988739
RNF207_RNA,-0.18450233340263367
CTSA_RNA,-0.18454885482788086
ST6GALNAC2_RNA,-0.1845647692680359
MYCBP2_RNA,-0.18461748957633972
DNAJA4_RNA,-0.18478062748908997
LDHD_RNA,-0.1847807615995407
STS_RNA,-0.18478116393089294
CACNA1A_RNA,-0.1848328858613968
DSPP_RNA,-0.18487711250782013
PELI3_RNA,-0.18489119410514832
VASP_RNA,-0.18515276908874512
LCNL1_RNA,-0.1851809322834015
SFTPD_RNA,-0.18520863354206085
PDE11A_RNA,-0.18540851771831512
EPPK1_RNA,-0.18543276190757751
FILIP1L_RNA,-0.18549886345863342
PCDHGA3_RNA,-0.18554265797138214
FETUB_RNA,-0.18563047051429749
PART1_RNA,-0.18583369255065918
CLEC2L_RNA,-0.18585757911205292
SVIP_RNA,-0.18594218790531158
FCAMR_RNA,-0.18609896302223206
AFF2_RNA,-0.1863151639699936
GM2A_RNA,-0.18632692098617554
SGSM1_RNA,-0.1863454431295395
SLC25A30_RNA,-0.18665340542793274
TLR3_RNA,-0.18665558099746704
PHF11_RNA,-0.1866678148508072
CARTPT_RNA,-0.18667998909950256
CACNA1I_RNA,-0.186690554022789
RAB17_RNA,-0.18672025203704834
LGI2_RNA,-0.18677352368831635
ESYT3_RNA,-0.18678610026836395
DLEU1_RNA,-0.18681514263153076
EPS8L2_RNA,-0.18682269752025604
MRGPRF_RNA,-0.1869441270828247
CHCHD7_RNA,-0.18694862723350525
RBKS_RNA,-0.18695387244224548
LPP_RNA,-0.18695980310440063
RASGRP3_RNA,-0.1870282143354416
ARHGAP6_RNA,-0.18703311681747437
DNAH5_RNA,-0.18725691735744476
HAS3_RNA,-0.1873059719800949
ADA_RNA,-0.18732668459415436
PLIN4_RNA,-0.18738077580928802
TUBB6_RNA,-0.18758708238601685
RILPL2_RNA,-0.18759413063526154
PI15_RNA,-0.18766500055789948
PDE6G_RNA,-0.18769195675849915
ELF3_RNA,-0.18770715594291687
HOXB6_RNA,-0.1877075731754303
UPK3B_RNA,-0.18772268295288086
HPCAL1_RNA,-0.1879105567932129
CTSK_RNA,-0.1880534142255783
CA12_RNA,-0.18807195127010345
OAS1_RNA,-0.18815083801746368
DKK3_RNA,-0.18820258975028992
CKMT2_RNA,-0.1882476955652237
SCN2B_RNA,-0.188377246260643
CHADL_RNA,-0.1884513646364212
PTGS1_RNA,-0.18851250410079956
KIAA0319_RNA,-0.18857955932617188
DHRS9_RNA,-0.18868790566921234
SLC16A8_RNA,-0.1887446790933609
RASAL2_RNA,-0.18874922394752502
WT1_RNA,-0.1887877881526947
SOAT2_RNA,-0.1888456791639328
OBSCN_RNA,-0.18892879784107208
HORMAD1_RNA,-0.1889464110136032
RNASEL_RNA,-0.18896251916885376
CNN1_RNA,-0.18900901079177856
PTGIR_RNA,-0.1891842633485794
CD44_RNA,-0.18922056257724762
S100A13_RNA,-0.18927840888500214
IFNGR1_RNA,-0.18928834795951843
TMEM151A_RNA,-0.1894114762544632
ZBP1_RNA,-0.18950515985488892
TPM2_RNA,-0.18958903849124908
FCRL3_RNA,-0.18962889909744263
SMAD6_RNA,-0.18966732919216156
CYP26B1_RNA,-0.1899930238723755
GUCY2C_RNA,-0.19001229107379913
HOMER2_RNA,-0.19001643359661102
PDGFRL_RNA,-0.19007901847362518
CRYBG3_RNA,-0.19007982313632965
GALC_RNA,-0.19014322757720947
OPN4_RNA,-0.19023840129375458
FCHSD1_RNA,-0.1903296709060669
IGSF21_RNA,-0.19043412804603577
CES3_RNA,-0.1905800998210907
HLA-DPB2_RNA,-0.1906343549489975
PCDH9_RNA,-0.19066303968429565
PPFIBP2_RNA,-0.1907118558883667
ARHGAP8_RNA,-0.1908910870552063
TBC1D22A_RNA,-0.19104452431201935
CYFIP1_RNA,-0.19109781086444855
LEP_RNA,-0.19110095500946045
RCVRN_RNA,-0.19130346179008484
LY6H_RNA,-0.19138745963573456
TRPM4_RNA,-0.19155699014663696
POU2F3_RNA,-0.19161489605903625
EGR4_RNA,-0.1916932910680771
HBEGF_RNA,-0.1917741298675537
BIN1_RNA,-0.19188141822814941
SERTAD4_RNA,-0.19195307791233063
NHLRC4_RNA,-0.1921491026878357
PKD1L3_RNA,-0.1921532303094864
RAPSN_RNA,-0.19229471683502197
ELF5_RNA,-0.1923018842935562
FOLH1_RNA,-0.192304328083992
GABRG3_RNA,-0.19239386916160583
SLC22A6_RNA,-0.1923988163471222
CD19_RNA,-0.19252435863018036
CDK18_RNA,-0.19259297847747803
SLC1A2_RNA,-0.19262878596782684
CHRNB4_RNA,-0.1927804946899414
MBNL3_RNA,-0.19286762177944183
HK1_RNA,-0.1929040253162384
ARSA_RNA,-0.19293521344661713
IL27_RNA,-0.19303379952907562
OCIAD2_RNA,-0.19305847585201263
SH2D5_RNA,-0.19314372539520264
DIAPH2_RNA,-0.19321492314338684
ELL2_RNA,-0.1932283490896225
FGL1_RNA,-0.19323179125785828
GRIN3A_RNA,-0.19326411187648773
CHST6_RNA,-0.1933077722787857
XDH_RNA,-0.19338122010231018
TMEM171_RNA,-0.19339653849601746
HECW2_RNA,-0.19340942800045013
LTBP1_RNA,-0.19341038167476654
SCARF1_RNA,-0.19347654283046722
SNORA5C_RNA,-0.19349336624145508
TMEM185B_RNA,-0.19352149963378906
CYS1_RNA,-0.1936352550983429
GLP2R_RNA,-0.19379708170890808
TRPV6_RNA,-0.19379740953445435
KANK4_RNA,-0.1938570886850357
CREB3L2_RNA,-0.19386853277683258
RSPO3_RNA,-0.1940356343984604
LIMK2_RNA,-0.1941351443529129
MATK_RNA,-0.19418343901634216
MLANA_RNA,-0.1942923218011856
FTCD_RNA,-0.19434230029582977
RNU4ATAC_RNA,-0.19435665011405945
TSPAN15_RNA,-0.19440366327762604
STXBP5_RNA,-0.1944219470024109
RENBP_RNA,-0.19450731575489044
ATG7_RNA,-0.19453276693820953
HSH2D_RNA,-0.19468961656093597
VWA5A_RNA,-0.1946949064731598
CADPS2_RNA,-0.1948244571685791
SHROOM4_RNA,-0.19484086334705353
PRNP_RNA,-0.1948796659708023
OR52K1_RNA,-0.1950102299451828
CYP4F11_RNA,-0.19503431022167206
NAGS_RNA,-0.19550514221191406
MFSD6L_RNA,-0.1955101191997528
TNNT3_RNA,-0.19561582803726196
AATK_RNA,-0.19566228985786438
CAST_RNA,-0.19570165872573853
PCDHGC5_RNA,-0.19576500356197357
CBLC_RNA,-0.1957734376192093
CDC42EP5_RNA,-0.1957854926586151
HGD_RNA,-0.19586075842380524
C1QTNF1_RNA,-0.19590280950069427
LNPEP_RNA,-0.1959364265203476
SLC13A4_RNA,-0.19595712423324585
TRPM8_RNA,-0.19605663418769836
HEXA_RNA,-0.19607999920845032
PRKCQ_RNA,-0.19608210027217865
INSL6_RNA,-0.19614914059638977
SREBF1_RNA,-0.19621938467025757
SWAP70_RNA,-0.19634664058685303
HMCN1_RNA,-0.19635812938213348
APOL6_RNA,-0.1963978111743927
LRRC8C_RNA,-0.19654430449008942
LYPD3_RNA,-0.19663283228874207
KLK6_RNA,-0.19663959741592407
TRPA1_RNA,-0.19664838910102844
SLC10A3_RNA,-0.19671890139579773
DYNLT3_RNA,-0.19677305221557617
ARSJ_RNA,-0.19684730470180511
MCOLN3_RNA,-0.196931853890419
ALS2CL_RNA,-0.19710494577884674
MT1A_RNA,-0.19711868464946747
LAMB4_RNA,-0.19738967716693878
IGSF1_RNA,-0.19739073514938354
WWTR1_RNA,-0.19746674597263336
FAM53A_RNA,-0.19748641550540924
GPC3_RNA,-0.19751696288585663
JDP2_RNA,-0.19756324589252472
PAPSS2_RNA,-0.19765827059745789
DHH_RNA,-0.19770768284797668
LOC100131496_RNA,-0.19773843884468079
CD40LG_RNA,-0.1977684646844864
TMC6_RNA,-0.19777518510818481
PLA2G7_RNA,-0.19791871309280396
CD27_RNA,-0.19802163541316986
FCRL5_RNA,-0.1980532854795456
MMP13_RNA,-0.19809876382350922
PLEKHF1_RNA,-0.19819915294647217
SP6_RNA,-0.19821234047412872
ASL_RNA,-0.19840554893016815
ITSN2_RNA,-0.19848734140396118
TMEM92_RNA,-0.1985326111316681
SLFN14_RNA,-0.19862617552280426
PCK2_RNA,-0.19868333637714386
GCH1_RNA,-0.19870801270008087
GABRA2_RNA,-0.1988009512424469
MEF2A_RNA,-0.19894231855869293
S100A1_RNA,-0.19914139807224274
NPC1_RNA,-0.19919051229953766
PIGB_RNA,-0.19919323921203613
SMAP2_RNA,-0.19919775426387787
SMTNL2_RNA,-0.19921059906482697
PNPLA5_RNA,-0.19923721253871918
NELL1_RNA,-0.1992574781179428
GLYATL1_RNA,-0.19926100969314575
LOC730668_RNA,-0.19931183755397797
INSC_RNA,-0.19939304888248444
ILDR1_RNA,-0.1995665282011032
CORO2A_RNA,-0.19969519972801208
S100P_RNA,-0.19986051321029663
PLEKHG4_RNA,-0.19993214309215546
IQGAP1_RNA,-0.19998818635940552
IQCA1_RNA,-0.20011241734027863
CNNM1_RNA,-0.20012712478637695
MTMR8_RNA,-0.2002430409193039
TNFRSF1A_RNA,-0.2002769112586975
FHOD1_RNA,-0.20060361921787262
POMC_RNA,-0.20065812766551971
CHSY3_RNA,-0.20068912208080292
LGALS12_RNA,-0.2006998360157013
TNNI2_RNA,-0.20080000162124634
CELSR1_RNA,-0.20087701082229614
INPP5F_RNA,-0.20089317858219147
PVALB_RNA,-0.20091885328292847
FAM20C_RNA,-0.20093850791454315
BLVRB_RNA,-0.20104694366455078
MIR635_RNA,-0.2010977566242218
CLEC1B_RNA,-0.20122644305229187
CRHBP_RNA,-0.20126937329769135
TRIM6_RNA,-0.20146042108535767
FBLN5_RNA,-0.2015635371208191
COLEC11_RNA,-0.20157048106193542
CYP19A1_RNA,-0.2016284465789795
TTLL6_RNA,-0.20176923274993896
APLNR_RNA,-0.20180904865264893
GALNT10_RNA,-0.20185744762420654
HTR6_RNA,-0.2019069492816925
TAGLN_RNA,-0.2019670158624649
CPA3_RNA,-0.20208103954792023
ETV7_RNA,-0.20220829546451569
STAT2_RNA,-0.20235998928546906
SNX9_RNA,-0.20239636301994324
JAK2_RNA,-0.2025444656610489
IRF1_RNA,-0.20273855328559875
INSL3_RNA,-0.2028827965259552
RELB_RNA,-0.20289017260074615
PGLYRP1_RNA,-0.20289604365825653
VPS13C_RNA,-0.2029697448015213
ZG16B_RNA,-0.20298199355602264
TREH_RNA,-0.2031809389591217
CELA1_RNA,-0.20322223007678986
ARSG_RNA,-0.20331625640392303
GPR155_RNA,-0.2034081369638443
BCL3_RNA,-0.20341722667217255
RYR1_RNA,-0.20355547964572906
PRRG1_RNA,-0.20357301831245422
TSHZ3_RNA,-0.20359811186790466
TRPM3_RNA,-0.2036346048116684
FZD7_RNA,-0.2037513554096222
C1orf87_RNA,-0.20375438034534454
HIVEP2_RNA,-0.2037733793258667
PLEK2_RNA,-0.20377671718597412
VASN_RNA,-0.20390138030052185
DBNDD2_RNA,-0.20403489470481873
NID2_RNA,-0.20409202575683594
BHMT_RNA,-0.20419727265834808
PTPRB_RNA,-0.20434845983982086
SLC45A4_RNA,-0.2043571025133133
CNTN4_RNA,-0.20443308353424072
PTPN2_RNA,-0.20449601113796234
CRYBA1_RNA,-0.2045014202594757
PARP14_RNA,-0.2045264095067978
SPON2_RNA,-0.20464758574962616
SLC8A1_RNA,-0.2046756148338318
ATP10B_RNA,-0.20481988787651062
CYP39A1_RNA,-0.20483174920082092
CAV1_RNA,-0.2049994170665741
GJC2_RNA,-0.20500829815864563
BOK_RNA,-0.20502375066280365
CCL19_RNA,-0.2050796002149582
PIP4K2A_RNA,-0.20509131252765656
LRRIQ1_RNA,-0.20515596866607666
SFTA1P_RNA,-0.20536985993385315
LRAT_RNA,-0.20544570684432983
DYNC1I1_RNA,-0.2055443525314331
IQSEC1_RNA,-0.2055727243423462
RDH10_RNA,-0.205592080950737
ADAMDEC1_RNA,-0.20580270886421204
DOC2B_RNA,-0.20583872497081757
LOC283731_RNA,-0.20587143301963806
C1orf54_RNA,-0.20605051517486572
PIP5K1B_RNA,-0.20615516602993011
ANKRD18A_RNA,-0.20625795423984528
SNAP25_RNA,-0.20646977424621582
PTPRR_RNA,-0.20652247965335846
ZNF600_RNA,-0.20655284821987152
APOA2_RNA,-0.20659250020980835
HOOK1_RNA,-0.2066008448600769
CAPN12_RNA,-0.20673495531082153
NFE2L3_RNA,-0.20683260262012482
SFXN2_RNA,-0.20691370964050293
ALK_RNA,-0.20692674815654755
HSPA2_RNA,-0.20699423551559448
EAF2_RNA,-0.20704206824302673
HIPK3_RNA,-0.20721535384655
KBTBD12_RNA,-0.2072436362504959
IGF2R_RNA,-0.2073294073343277
FAM114A1_RNA,-0.20741058886051178
FNDC3B_RNA,-0.20754553377628326
KCNAB1_RNA,-0.2076147347688675
DOCK4_RNA,-0.20776621997356415
HEXB_RNA,-0.20780113339424133
SGK1_RNA,-0.2078099101781845
CD1C_RNA,-0.2078191190958023
CCBE1_RNA,-0.2078624963760376
PF4V1_RNA,-0.2079068422317505
CSF1_RNA,-0.20801027119159698
KLHL3_RNA,-0.20801910758018494
GAL3ST4_RNA,-0.2080402970314026
SP140L_RNA,-0.20808245241641998
SNORA49_RNA,-0.20810571312904358
PSAP_RNA,-0.20813006162643433
MAP3K3_RNA,-0.2081564962863922
DIRC3_RNA,-0.20816315710544586
TPPP_RNA,-0.2081829458475113
RASGRF1_RNA,-0.20820514857769012
RAB3IL1_RNA,-0.20833082497119904
MCOLN2_RNA,-0.20843471586704254
COL5A3_RNA,-0.2084423154592514
ADRA2A_RNA,-0.2084953933954239
RASGEF1A_RNA,-0.20854254066944122
MPZL2_RNA,-0.20856033265590668
ITGB1_RNA,-0.2085723876953125
AP1B1_RNA,-0.20866413414478302
MYO1C_RNA,-0.20876027643680573
CALHM1_RNA,-0.2088092863559723
RTL1_RNA,-0.20903708040714264
PROK2_RNA,-0.20931148529052734
ANO2_RNA,-0.20934852957725525
GABRA5_RNA,-0.2094179093837738
VSIG2_RNA,-0.209463432431221
EFR3A_RNA,-0.209507554769516
ARSF_RNA,-0.20961298048496246
RHOG_RNA,-0.20968838036060333
SCML4_RNA,-0.20978929102420807
TSPAN1_RNA,-0.209800586104393
HPD_RNA,-0.2098393738269806
C11orf87_RNA,-0.2098492980003357
THSD7B_RNA,-0.20996719598770142
TBC1D2_RNA,-0.21012024581432343
HAVCR1_RNA,-0.21012796461582184
ARID3A_RNA,-0.2101421058177948
STYK1_RNA,-0.210157111287117
PRICKLE2_RNA,-0.21024425327777863
FSTL3_RNA,-0.2102716565132141
DNAH1_RNA,-0.21034418046474457
COL23A1_RNA,-0.21041502058506012
TSPAN8_RNA,-0.21044473350048065
TRIM58_RNA,-0.21049390733242035
PRKG1_RNA,-0.21051929891109467
KIAA0513_RNA,-0.2105821967124939
PHYHIP_RNA,-0.21074388921260834
SLC22A16_RNA,-0.2107880860567093
OLFML1_RNA,-0.21085861325263977
SDK1_RNA,-0.21088798344135284
GNS_RNA,-0.21100372076034546
ISG20_RNA,-0.2110854983329773
LGALS8_RNA,-0.21120040118694305
CALCB_RNA,-0.21138334274291992
FRMPD2_RNA,-0.21144956350326538
QPRT_RNA,-0.2114659547805786
FER1L5_RNA,-0.2116938978433609
SLC9A2_RNA,-0.21178661286830902
NFE2_RNA,-0.21193549036979675
APOC2_RNA,-0.21195624768733978
ST6GALNAC3_RNA,-0.2120850384235382
PPP1R14A_RNA,-0.21214400231838226
STAMBPL1_RNA,-0.21229137480258942
VIT_RNA,-0.2123083770275116
ZNF808_RNA,-0.21236960589885712
SIGLEC12_RNA,-0.2125324159860611
PRSS16_RNA,-0.21258744597434998
MYOT_RNA,-0.21262671053409576
KCNJ1_RNA,-0.2127680778503418
MYOM1_RNA,-0.21278144419193268
CFLAR_RNA,-0.2127905637025833
SMCR5_RNA,-0.21297405660152435
FBXO40_RNA,-0.2129797339439392
GRIN2B_RNA,-0.2130211442708969
SOCS1_RNA,-0.21304342150688171
CPAMD8_RNA,-0.21305444836616516
ENPP1_RNA,-0.21311496198177338
PM20D1_RNA,-0.2133268266916275
SH3PXD2A_RNA,-0.21336504817008972
OR10AD1_RNA,-0.21343916654586792
LRRN4CL_RNA,-0.2135842740535736
TPCN1_RNA,-0.21363797783851624
RPGRIP1_RNA,-0.21370826661586761
SEC24D_RNA,-0.21402916312217712
MEF2C_RNA,-0.21408551931381226
VILL_RNA,-0.2141338735818863
CRIM1_RNA,-0.2141883820295334
CHRNA2_RNA,-0.21423818171024323
EGFLAM_RNA,-0.21440452337265015
STEAP3_RNA,-0.21443016827106476
CDH26_RNA,-0.2144661843776703
SLC6A7_RNA,-0.2144990861415863
TSPAN19_RNA,-0.2145123928785324
S100Z_RNA,-0.2145538330078125
CITED4_RNA,-0.2147241085767746
BST1_RNA,-0.21475131809711456
KCNS2_RNA,-0.21484655141830444
CRYGN_RNA,-0.2150605171918869
SAMD12_RNA,-0.21522507071495056
PPCS_RNA,-0.21540892124176025
RRAS_RNA,-0.2154427319765091
RUNX3_RNA,-0.21549658477306366
FBLN1_RNA,-0.2156008780002594
HBB_RNA,-0.2156209647655487
LOXL2_RNA,-0.2156326323747635
PYGL_RNA,-0.21572253108024597
ANTXR2_RNA,-0.21585790812969208
C17orf107_RNA,-0.21595726907253265
TSPO_RNA,-0.2161710411310196
CYTH1_RNA,-0.21618713438510895
ACER2_RNA,-0.21619069576263428
ERC2_RNA,-0.21627777814865112
NOS3_RNA,-0.21629919111728668
ITPRIP_RNA,-0.21635904908180237
CST6_RNA,-0.21653299033641815
THBS2_RNA,-0.21653598546981812
SLC13A5_RNA,-0.21665573120117188
FANK1_RNA,-0.2167651653289795
CPNE9_RNA,-0.21686841547489166
GSDMD_RNA,-0.2169099897146225
PRKCH_RNA,-0.21700917184352875
NDRG1_RNA,-0.21705926954746246
SERPINB2_RNA,-0.21711313724517822
RRM2B_RNA,-0.2171396017074585
NEFH_RNA,-0.21715152263641357
LIPA_RNA,-0.21732044219970703
BTBD16_RNA,-0.2173251360654831
SIGLEC16_RNA,-0.21734289824962616
CIDEA_RNA,-0.21735920011997223
MYO15A_RNA,-0.21736349165439606
TPK1_RNA,-0.21738530695438385
CLEC1A_RNA,-0.2173941433429718
ITIH3_RNA,-0.21748341619968414
ABCA7_RNA,-0.2175292670726776
PMEPA1_RNA,-0.21762236952781677
TNFRSF11B_RNA,-0.2176530659198761
PLCL2_RNA,-0.21772021055221558
MTUS1_RNA,-0.21778352558612823
SEMA4F_RNA,-0.21779730916023254
ACOX2_RNA,-0.2179052233695984
WIPF1_RNA,-0.21800673007965088
RPP25_RNA,-0.2180679887533188
PCDHGA12_RNA,-0.21821041405200958
TNS4_RNA,-0.21825437247753143
CASR_RNA,-0.2182655781507492
TMEM87B_RNA,-0.218339204788208
ZNRF2_RNA,-0.21858809888362885
MYH15_RNA,-0.21861793100833893
FAM124A_RNA,-0.2186678647994995
PMAIP1_RNA,-0.2186923623085022
PARVB_RNA,-0.21882957220077515
SLC43A2_RNA,-0.21885569393634796
CAMK2A_RNA,-0.21889254450798035
STEAP1_RNA,-0.21889342367649078
GK_RNA,-0.21889415383338928
BCO2_RNA,-0.21889597177505493
MXRA8_RNA,-0.21890240907669067
CXCL16_RNA,-0.21912038326263428
SAMHD1_RNA,-0.2191208004951477
NRAP_RNA,-0.21915346384048462
KCNG2_RNA,-0.2192106395959854
GPR52_RNA,-0.2194220870733261
ACSM5_RNA,-0.21944303810596466
KCNU1_RNA,-0.21955056488513947
FASLG_RNA,-0.219568133354187
RBM11_RNA,-0.21964633464813232
EGR2_RNA,-0.21973171830177307
ETV3L_RNA,-0.2198462188243866
HMGA2_RNA,-0.219954252243042
LONRF3_RNA,-0.22002936899662018
MANBA_RNA,-0.22008079290390015
CACNA1F_RNA,-0.22018888592720032
PGBD5_RNA,-0.22022396326065063
MAG_RNA,-0.22047159075737
SNORA74A_RNA,-0.220475971698761
TDRD10_RNA,-0.22051332890987396
UNC5B_RNA,-0.22053200006484985
PLAC9_RNA,-0.2206384688615799
ITGAV_RNA,-0.2207099050283432
CACNA1E_RNA,-0.22079049050807953
SARDH_RNA,-0.22081632912158966
LRRC15_RNA,-0.22085697948932648
SLCO3A1_RNA,-0.22088690102100372
TMEM200B_RNA,-0.22090189158916473
RIN2_RNA,-0.2210054099559784
PTGFR_RNA,-0.22102771699428558
PPFIBP1_RNA,-0.22103244066238403
CYP27A1_RNA,-0.22105960547924042
CD247_RNA,-0.2210730016231537
ANKRD22_RNA,-0.2210780680179596
VLDLR_RNA,-0.22123944759368896
PTPRE_RNA,-0.2212563306093216
ASS1_RNA,-0.22126702964305878
ITGAD_RNA,-0.2213357836008072
LBP_RNA,-0.22134563326835632
GRN_RNA,-0.22154012322425842
NFKBID_RNA,-0.22162161767482758
ZFYVE28_RNA,-0.22176863253116608
KRT80_RNA,-0.22179916501045227
SPTBN5_RNA,-0.22188998758792877
MAP1A_RNA,-0.2221456915140152
NAMPT_RNA,-0.22219933569431305
C4orf50_RNA,-0.22247925400733948
SEMA4A_RNA,-0.22248990833759308
ZFP36_RNA,-0.22252188622951508
AKR1E2_RNA,-0.22259198129177094
SNORA54_RNA,-0.22262835502624512
FSTL5_RNA,-0.2228059321641922
ASCL2_RNA,-0.22304289042949677
SYNPO_RNA,-0.22314710915088654
TDRD6_RNA,-0.22322820127010345
VAMP1_RNA,-0.223255455493927
VAMP5_RNA,-0.2233533412218094
C1QL3_RNA,-0.22337163984775543
S1PR5_RNA,-0.2234768569469452
CLDN7_RNA,-0.22377760708332062
ZMYND15_RNA,-0.2238699197769165
KCNJ2_RNA,-0.2239524871110916
SLC7A4_RNA,-0.22408027946949005
MOG_RNA,-0.22420941293239594
TGFBR1_RNA,-0.22422154247760773
TTC22_RNA,-0.22428753972053528
SEC14L4_RNA,-0.22430619597434998
COL4A6_RNA,-0.22434112429618835
MICB_RNA,-0.2243650108575821
LPAR6_RNA,-0.2244424968957901
GDF5_RNA,-0.22451019287109375
PPM1M_RNA,-0.2245132476091385
PGM2L1_RNA,-0.22470439970493317
SIGLEC15_RNA,-0.22474119067192078
LAX1_RNA,-0.2248518317937851
P2RX4_RNA,-0.22501657903194427
VAT1L_RNA,-0.2251504808664322
TRAM1L1_RNA,-0.22532200813293457
TRIM61_RNA,-0.22537343204021454
PPL_RNA,-0.22537459433078766
ITGA2_RNA,-0.22539260983467102
LRRC7_RNA,-0.22552376985549927
OSBPL3_RNA,-0.22555485367774963
IL34_RNA,-0.2257244735956192
DPT_RNA,-0.22572559118270874
HSPA12A_RNA,-0.22577661275863647
GDPD5_RNA,-0.22598563134670258
LHX6_RNA,-0.2260073721408844
HHAT_RNA,-0.226084902882576
SUSD2_RNA,-0.2261221706867218
DRAM1_RNA,-0.22625264525413513
MYLIP_RNA,-0.22649535536766052
RIN1_RNA,-0.2265123724937439
ADH4_RNA,-0.22653277218341827
NPFFR1_RNA,-0.2266419380903244
ITGA8_RNA,-0.22671949863433838
NTNG1_RNA,-0.22686375677585602
PLXNC1_RNA,-0.2269640862941742
NINJ1_RNA,-0.2270166277885437
TNS3_RNA,-0.227275550365448
OR2B11_RNA,-0.22728486359119415
SH3GL3_RNA,-0.22743654251098633
HAL_RNA,-0.22778522968292236
IL11_RNA,-0.22784464061260223
IL32_RNA,-0.22784854471683502
GDF10_RNA,-0.22786593437194824
UNC5D_RNA,-0.2280128002166748
MRO_RNA,-0.22812923789024353
HLA-E_RNA,-0.22822591662406921
CEBPE_RNA,-0.2284085899591446
ACRBP_RNA,-0.2284574806690216
PLA2G2D_RNA,-0.2285439819097519
LY6E_RNA,-0.22857877612113953
CALCR_RNA,-0.22866931557655334
RASGRF2_RNA,-0.22868993878364563
ABLIM3_RNA,-0.2287036031484604
SLC2A3_RNA,-0.22872130572795868
CHST1_RNA,-0.22875091433525085
KLF11_RNA,-0.22881659865379333
EPHA3_RNA,-0.22888362407684326
TNFRSF18_RNA,-0.22893451154232025
SIRPG_RNA,-0.2289433479309082
LY9_RNA,-0.22904884815216064
CALB2_RNA,-0.2290789633989334
ASB2_RNA,-0.22908271849155426
FST_RNA,-0.2292039543390274
TLCD2_RNA,-0.2293301224708557
ADRA1A_RNA,-0.22950837016105652
GP6_RNA,-0.2295089066028595
NRG1_RNA,-0.22959159314632416
ADPRH_RNA,-0.22985202074050903
ALPK2_RNA,-0.22985447943210602
CPNE8_RNA,-0.22986577451229095
DIO3OS_RNA,-0.23000749945640564
PNPLA7_RNA,-0.23001600801944733
SNPH_RNA,-0.23002810776233673
VSTM1_RNA,-0.2300475835800171
PLD3_RNA,-0.23010902106761932
FURIN_RNA,-0.23014242947101593
VSTM2L_RNA,-0.23026253283023834
CD302_RNA,-0.2303602546453476
MAML3_RNA,-0.23064596951007843
SLC26A2_RNA,-0.23070265352725983
SYCP3_RNA,-0.23075860738754272
FGD6_RNA,-0.23092390596866608
TRIM54_RNA,-0.23093953728675842
FGFBP2_RNA,-0.23112216591835022
SLC36A1_RNA,-0.23124155402183533
RBPMS_RNA,-0.23132547736167908
MGAT4C_RNA,-0.23138327896595
HMOX1_RNA,-0.23150818049907684
EHD4_RNA,-0.2316863238811493
MPZL3_RNA,-0.23181918263435364
UBA7_RNA,-0.2318274974822998
PAK1_RNA,-0.2318563014268875
FBXL2_RNA,-0.2319519966840744
TRAT1_RNA,-0.23203329741954803
LOXL4_RNA,-0.232320174574852
SEMA6B_RNA,-0.2323884814977646
GCKR_RNA,-0.23244719207286835
GMIP_RNA,-0.2324712723493576
APOBEC3H_RNA,-0.23248468339443207
TTC39B_RNA,-0.23253169655799866
GABRB2_RNA,-0.23264922201633453
RAB40B_RNA,-0.23275825381278992
SNAI1_RNA,-0.23283398151397705
SLC27A6_RNA,-0.2328767627477646
SCARA5_RNA,-0.23289483785629272
DMBT1_RNA,-0.23294001817703247
RAB27B_RNA,-0.23305077850818634
SEL1L3_RNA,-0.2330942153930664
MOBP_RNA,-0.23326493799686432
SV2C_RNA,-0.23330211639404297
IL1RL1_RNA,-0.23336261510849
MICA_RNA,-0.23336903750896454
ADRA2B_RNA,-0.23349785804748535
SLC6A15_RNA,-0.2335166037082672
SRPX_RNA,-0.23352867364883423
IL2RG_RNA,-0.23357194662094116
TMPRSS13_RNA,-0.23363380134105682
GNAL_RNA,-0.2337685525417328
CXCR4_RNA,-0.23382656276226044
TIAM1_RNA,-0.23404303193092346
TMEM163_RNA,-0.2340562641620636
DIO2_RNA,-0.23416727781295776
CYP2S1_RNA,-0.23438230156898499
DOCK11_RNA,-0.23448282480239868
POU2AF1_RNA,-0.23449085652828217
MOXD1_RNA,-0.23452134430408478
NRIP1_RNA,-0.2346653789281845
MAGEE1_RNA,-0.23483183979988098
GALNT12_RNA,-0.23484067618846893
GABRE_RNA,-0.23514074087142944
CORO6_RNA,-0.23516376316547394
ACTG2_RNA,-0.23516882956027985
MYOM3_RNA,-0.23524871468544006
MKX_RNA,-0.23580580949783325
GLT8D2_RNA,-0.23589515686035156
MEI1_RNA,-0.23591886460781097
TMC1_RNA,-0.23600436747074127
CACNA1D_RNA,-0.23602768778800964
IGFL2_RNA,-0.23604926466941833
CCDC8_RNA,-0.2361348420381546
ANO1_RNA,-0.2362472414970398
CASP8_RNA,-0.23646026849746704
PROS1_RNA,-0.23654799163341522
ADAMTSL3_RNA,-0.23663677275180817
NHLRC1_RNA,-0.23667041957378387
SLC4A11_RNA,-0.23673206567764282
PTK2B_RNA,-0.2369895577430725
SYT14_RNA,-0.2369987666606903
PPARGC1B_RNA,-0.2370215356349945
SNORA74B_RNA,-0.23709538578987122
AKNA_RNA,-0.23716416954994202
SLC16A7_RNA,-0.2372560054063797
HS6ST3_RNA,-0.23736688494682312
RTP4_RNA,-0.23741036653518677
SPAG17_RNA,-0.2374218851327896
NT5DC3_RNA,-0.23751360177993774
TCN1_RNA,-0.23754848539829254
CDKL5_RNA,-0.2377147376537323
GFOD1_RNA,-0.237793430685997
CR2_RNA,-0.23795530200004578
SORL1_RNA,-0.23802372813224792
KDELR3_RNA,-0.2381359189748764
SLC2A14_RNA,-0.23820343613624573
MYO1A_RNA,-0.2382516860961914
ATP8A2_RNA,-0.238336980342865
TCN2_RNA,-0.23837561905384064
PGR_RNA,-0.23837709426879883
EGF_RNA,-0.238413468003273
MYO15B_RNA,-0.23847100138664246
FFAR2_RNA,-0.23853980004787445
EPSTI1_RNA,-0.23855549097061157
NBEAL2_RNA,-0.23864731192588806
SELENBP1_RNA,-0.23874236643314362
NRG3_RNA,-0.23875722289085388
HKDC1_RNA,-0.2387862354516983
NRIP3_RNA,-0.23879128694534302
CNTNAP4_RNA,-0.23894765973091125
MRC2_RNA,-0.2390379011631012
TC2N_RNA,-0.23913776874542236
RXFP1_RNA,-0.2391437292098999
MAN2B1_RNA,-0.23924848437309265
CAMK2N1_RNA,-0.2393348515033722
UTRN_RNA,-0.23936104774475098
SH2D1A_RNA,-0.23937585949897766
KRT86_RNA,-0.23941785097122192
CTSD_RNA,-0.23946557939052582
HS3ST3B1_RNA,-0.23956045508384705
WBP2NL_RNA,-0.23960764706134796
HPS1_RNA,-0.239714115858078
GBP3_RNA,-0.23974189162254333
ICOS_RNA,-0.2397480010986328
L3MBTL4_RNA,-0.2398112565279007
PECAM1_RNA,-0.2400505095720291
ADARB1_RNA,-0.24039743840694427
SHISA2_RNA,-0.2404564917087555
NUAK1_RNA,-0.24068394303321838
HIVEP3_RNA,-0.2407316416501999
FOSL2_RNA,-0.2407911717891693
MAP4K1_RNA,-0.24083593487739563
PDK4_RNA,-0.2410423308610916
RTN4RL1_RNA,-0.24104700982570648
CEACAM3_RNA,-0.24106870591640472
GRAMD1B_RNA,-0.24111540615558624
NGF_RNA,-0.24116335809230804
EGOT_RNA,-0.24124594032764435
ELMOD1_RNA,-0.2412598729133606
CCL28_RNA,-0.24126334488391876
STAT5A_RNA,-0.24129317700862885
DRD5_RNA,-0.2414323091506958
FMO4_RNA,-0.24147763848304749
ITGB3_RNA,-0.24159769713878632
ICAM3_RNA,-0.24161070585250854
FER1L4_RNA,-0.24161697924137115
RSPO2_RNA,-0.24167153239250183
PPP2R3A_RNA,-0.2417762279510498
GLT1D1_RNA,-0.24203918874263763
SELP_RNA,-0.24209685623645782
CLEC4A_RNA,-0.2421034723520279
SLC22A18_RNA,-0.2421729564666748
ITGA11_RNA,-0.24223530292510986
IFITM1_RNA,-0.24225549399852753
PTPRN_RNA,-0.24227067828178406
CPA6_RNA,-0.24243095517158508
EDEM1_RNA,-0.2425997406244278
PRPH2_RNA,-0.24261903762817383
CLIC1_RNA,-0.24268002808094025
MYL12A_RNA,-0.24270981550216675
SH3BP1_RNA,-0.2428424209356308
CHL1_RNA,-0.24305318295955658
LTB_RNA,-0.2430640012025833
SYTL3_RNA,-0.24313127994537354
COL19A1_RNA,-0.24317015707492828
CNDP1_RNA,-0.24325942993164063
MUC5B_RNA,-0.2433043122291565
CYSLTR1_RNA,-0.2433418333530426
MFSD1_RNA,-0.24338771402835846
PLEKHA6_RNA,-0.24341244995594025
BDKRB1_RNA,-0.24359183013439178
REPS2_RNA,-0.24376671016216278
PLEKHG5_RNA,-0.24392513930797577
VEGFC_RNA,-0.24412354826927185
GLRX_RNA,-0.24424606561660767
CLEC4E_RNA,-0.24429164826869965
ITPKC_RNA,-0.24433308839797974
HHATL_RNA,-0.24436631798744202
GPR157_RNA,-0.24447225034236908
SLC12A7_RNA,-0.24457505345344543
FCGRT_RNA,-0.2446146309375763
NCDN_RNA,-0.24494457244873047
GAS7_RNA,-0.24503955245018005
CNGB1_RNA,-0.24522781372070313
ITPR2_RNA,-0.24541915953159332
SLFN12_RNA,-0.24549096822738647
PKP2_RNA,-0.2454918473958969
ST6GALNAC5_RNA,-0.24549847841262817
TMEM63A_RNA,-0.24552692472934723
SPN_RNA,-0.24562670290470123
LIPH_RNA,-0.2457042783498764
PLBD2_RNA,-0.24575412273406982
HEBP1_RNA,-0.24579273164272308
HS3ST3A1_RNA,-0.24579815566539764
DDIT4L_RNA,-0.2459869533777237
JUNB_RNA,-0.24601714313030243
TEP1_RNA,-0.24610842764377594
SLC46A3_RNA,-0.24616342782974243
B3GNT2_RNA,-0.2461743801832199
TTN_RNA,-0.24654394388198853
MAST4_RNA,-0.24655413627624512
FABP5_RNA,-0.24655866622924805
GJB3_RNA,-0.2465980052947998
CD80_RNA,-0.24665506184101105
CRHR2_RNA,-0.24686472117900848
ARHGAP25_RNA,-0.2469155192375183
TMBIM1_RNA,-0.24696536362171173
GHRL_RNA,-0.24701139330863953
VMO1_RNA,-0.24706143140792847
SLC7A10_RNA,-0.24708408117294312
ACTA2_RNA,-0.24710656702518463
RAPH1_RNA,-0.24730269610881805
KLRD1_RNA,-0.2474229782819748
KIF16B_RNA,-0.24753858149051666
PADI2_RNA,-0.2476491779088974
NRP2_RNA,-0.24775198101997375
INMT_RNA,-0.2477555274963379
MAF_RNA,-0.24804872274398804
KRT18_RNA,-0.24810492992401123
SFN_RNA,-0.2481086701154709
HBA2_RNA,-0.24811846017837524
KC6_RNA,-0.2482677698135376
FGF20_RNA,-0.2482997477054596
LUZP1_RNA,-0.24837586283683777
TGFB1_RNA,-0.24841934442520142
CFB_RNA,-0.24842654168605804
PTGDR_RNA,-0.24856029450893402
HPGDS_RNA,-0.24916400015354156
ATRNL1_RNA,-0.24920549988746643
RGS2_RNA,-0.24956269562244415
DCHS2_RNA,-0.24958054721355438
AAK1_RNA,-0.24959661066532135
LRRC32_RNA,-0.2496255785226822
OSMR_RNA,-0.24964110553264618
ISLR2_RNA,-0.24990630149841309
RERG_RNA,-0.25001224875450134
CCDC88B_RNA,-0.25008267164230347
PLA2G15_RNA,-0.2501906454563141
MR1_RNA,-0.2503117024898529
PSMB10_RNA,-0.2508973479270935
NEBL_RNA,-0.25089824199676514
CPEB3_RNA,-0.2509133517742157
SDC4_RNA,-0.2510088086128235
SNCG_RNA,-0.25104936957359314
CHST2_RNA,-0.2511809170246124
SLAMF7_RNA,-0.2512205243110657
UNC93B1_RNA,-0.2513045370578766
SLC26A9_RNA,-0.2513290345668793
CPEB1_RNA,-0.25139907002449036
ZBTB7C_RNA,-0.25140219926834106
SLC24A4_RNA,-0.2516002357006073
FCER1A_RNA,-0.25161123275756836
MYL9_RNA,-0.2516486346721649
SMAGP_RNA,-0.25168171525001526
PLK2_RNA,-0.25172555446624756
AQP3_RNA,-0.25187256932258606
WIF1_RNA,-0.25193360447883606
IGFBP4_RNA,-0.2520867586135864
GRIP1_RNA,-0.2521045207977295
CYLD_RNA,-0.25216642022132874
NBEAL1_RNA,-0.25218668580055237
VGLL3_RNA,-0.25228947401046753
CCL23_RNA,-0.25231876969337463
DNAH14_RNA,-0.25257715582847595
RNF135_RNA,-0.25262609124183655
HP_RNA,-0.25266021490097046
IL19_RNA,-0.2526703178882599
STAR_RNA,-0.25267893075942993
ASB9_RNA,-0.2526901364326477
SYTL2_RNA,-0.25271356105804443
HCP5_RNA,-0.2527218759059906
CTBS_RNA,-0.2528204321861267
EPHX3_RNA,-0.2528672218322754
MGST2_RNA,-0.25286865234375
BSPRY_RNA,-0.2528833746910095
SQSTM1_RNA,-0.2529577612876892
MITF_RNA,-0.2530311346054077
SLC29A3_RNA,-0.2531058192253113
APOBEC3F_RNA,-0.2531766891479492
PAX8_RNA,-0.25318387150764465
ADAMTSL4_RNA,-0.25324347615242004
KL_RNA,-0.2533772587776184
EFNA5_RNA,-0.2534618675708771
TPBG_RNA,-0.25348204374313354
TBX18_RNA,-0.2537270188331604
SLC5A3_RNA,-0.2537444829940796
FLNB_RNA,-0.2539955973625183
PLIN2_RNA,-0.2540665566921234
F2RL2_RNA,-0.2541666030883789
LPXN_RNA,-0.2544283866882324
TMEM200A_RNA,-0.254450261592865
FNDC1_RNA,-0.2545894980430603
ACCS_RNA,-0.2546481490135193
NAAA_RNA,-0.25471392273902893
RCAN3_RNA,-0.2547609508037567
SEC14L5_RNA,-0.2547663450241089
OLFM3_RNA,-0.2547999322414398
FLRT2_RNA,-0.2548021972179413
NCOA7_RNA,-0.2549116015434265
LRRC3_RNA,-0.2549266517162323
IRF4_RNA,-0.25494980812072754
PAPLN_RNA,-0.2549501955509186
KLHL33_RNA,-0.25508633255958557
EOMES_RNA,-0.2552604079246521
ANGPT1_RNA,-0.2553929388523102
DMP1_RNA,-0.2554035484790802
GPX1_RNA,-0.25552546977996826
ZNF467_RNA,-0.2556189000606537
NUDT14_RNA,-0.25572139024734497
TNFRSF10B_RNA,-0.2557784616947174
DLGAP2_RNA,-0.25581294298171997
TACR2_RNA,-0.2560407519340515
MCHR1_RNA,-0.2560521960258484
OTUD1_RNA,-0.2560918629169464
SNORD89_RNA,-0.25614625215530396
STX3_RNA,-0.25632214546203613
SPOCK3_RNA,-0.2564028799533844
XK_RNA,-0.25653043389320374
HS3ST4_RNA,-0.25655943155288696
SPHK1_RNA,-0.2565877139568329
POSTN_RNA,-0.2566479742527008
NKX3-1_RNA,-0.25672686100006104
C16orf89_RNA,-0.256806343793869
CX3CR1_RNA,-0.25694456696510315
BICC1_RNA,-0.2571374177932739
TGFA_RNA,-0.2572949528694153
ITIH2_RNA,-0.2574789822101593
GPC5_RNA,-0.25753387808799744
IFITM2_RNA,-0.2577305734157562
HSD3B7_RNA,-0.2577415704727173
POLD4_RNA,-0.2578869163990021
HLA-F_RNA,-0.25803136825561523
KRT16_RNA,-0.258211612701416
ANXA4_RNA,-0.25841599702835083
NXF3_RNA,-0.25845491886138916
GSTO1_RNA,-0.2586723268032074
ARHGAP20_RNA,-0.258792519569397
BHLHE40_RNA,-0.25888878107070923
TTC12_RNA,-0.25892889499664307
PALMD_RNA,-0.25893181562423706
ENG_RNA,-0.2591392695903778
STARD5_RNA,-0.25927722454071045
CALCA_RNA,-0.25935542583465576
SNORA12_RNA,-0.25946664810180664
FGD4_RNA,-0.25948065519332886
NAGA_RNA,-0.25960642099380493
BHLHE41_RNA,-0.25969797372817993
AIRE_RNA,-0.2597263753414154
PDCD1_RNA,-0.2598414123058319
PIR_RNA,-0.2598632276058197
EPN3_RNA,-0.26008328795433044
FHAD1_RNA,-0.2601752281188965
AGBL4_RNA,-0.26048019528388977
FLJ42393_RNA,-0.2605148255825043
SPATA18_RNA,-0.2606702148914337
MSRB3_RNA,-0.26073476672172546
SMPDL3A_RNA,-0.26073798537254333
ANO5_RNA,-0.2607409358024597
BFSP1_RNA,-0.2608756721019745
CAMKK1_RNA,-0.26100873947143555
LGMN_RNA,-0.26137733459472656
TMPRSS3_RNA,-0.2616027891635895
LOXL1_RNA,-0.2618262767791748
MACC1_RNA,-0.26184821128845215
CPA4_RNA,-0.2618871033191681
NUDT18_RNA,-0.2620125710964203
IMPA2_RNA,-0.26223310828208923
SH2D4A_RNA,-0.26239797472953796
TWIST2_RNA,-0.2628869116306305
KCNK15_RNA,-0.26308178901672363
C4BPA_RNA,-0.2631898820400238
ANKS1B_RNA,-0.2633754014968872
STARD13_RNA,-0.26358047127723694
LRRC18_RNA,-0.2636658251285553
GPR160_RNA,-0.2636798024177551
SPEF2_RNA,-0.2639123499393463
CBX7_RNA,-0.26391324400901794
IGSF10_RNA,-0.26401060819625854
ITGBL1_RNA,-0.2641136944293976
IBSP_RNA,-0.26422759890556335
ZMYND12_RNA,-0.2643854022026062
DENND2C_RNA,-0.2644622027873993
EMILIN2_RNA,-0.2645035982131958
ABCA1_RNA,-0.2645397186279297
TRIM17_RNA,-0.2646344006061554
TSPAN2_RNA,-0.2648467719554901
LZTS1_RNA,-0.26486432552337646
MSLN_RNA,-0.26493677496910095
SCTR_RNA,-0.26504403352737427
HPSE_RNA,-0.26506030559539795
NIPSNAP3B_RNA,-0.2650904953479767
TIFA_RNA,-0.2651587724685669
PLA2G2F_RNA,-0.26526111364364624
LAMA3_RNA,-0.265540212392807
CERCAM_RNA,-0.2655406594276428
SPATC1_RNA,-0.26567092537879944
CD8A_RNA,-0.2657131254673004
ARHGAP29_RNA,-0.2657679319381714
TMEM125_RNA,-0.26596933603286743
TMCO4_RNA,-0.26599299907684326
JAKMIP3_RNA,-0.2660002112388611
PYROXD2_RNA,-0.266044020652771
CAMP_RNA,-0.2662481367588043
CEACAM1_RNA,-0.26640254259109497
CD59_RNA,-0.26655313372612
KLHL2_RNA,-0.26655492186546326
KALRN_RNA,-0.2666463553905487
RPL39L_RNA,-0.2666579782962799
PRSS36_RNA,-0.2667732536792755
TESC_RNA,-0.26689955592155457
LRP1_RNA,-0.266971617937088
SLC22A15_RNA,-0.26699477434158325
TF_RNA,-0.26700568199157715
LTF_RNA,-0.26723891496658325
ZFHX3_RNA,-0.26724204421043396
RAB38_RNA,-0.26761937141418457
STAC3_RNA,-0.26768144965171814
UTS2_RNA,-0.2677491307258606
FRMD4A_RNA,-0.26789239048957825
PTX3_RNA,-0.26794466376304626
ANGPTL4_RNA,-0.26798802614212036
KCTD12_RNA,-0.2683578133583069
ALAS2_RNA,-0.26835858821868896
PDP1_RNA,-0.2684774100780487
CNTN2_RNA,-0.2685365676879883
KCNC3_RNA,-0.26857176423072815
VSNL1_RNA,-0.26899009943008423
GPX8_RNA,-0.2690364420413971
COL17A1_RNA,-0.2691859006881714
PKD2L1_RNA,-0.2692513167858124
SEMA3A_RNA,-0.2694646418094635
ANO9_RNA,-0.2695140540599823
SYDE2_RNA,-0.2697872817516327
MS4A6E_RNA,-0.27005013823509216
IGFBP7_RNA,-0.27010056376457214
PLA1A_RNA,-0.27041375637054443
SLFN11_RNA,-0.2709943652153015
SERPINA5_RNA,-0.27111950516700745
PHLDB2_RNA,-0.2711213529109955
NKAPL_RNA,-0.2711772918701172
TMTC1_RNA,-0.271208256483078
MYH9_RNA,-0.27121537923812866
CACNB2_RNA,-0.2714875638484955
GPR62_RNA,-0.2714986205101013
PKD1L2_RNA,-0.27166256308555603
RCN3_RNA,-0.2718006670475006
TLL1_RNA,-0.27199453115463257
IL31RA_RNA,-0.2720034420490265
PCSK6_RNA,-0.27205267548561096
TMEM154_RNA,-0.2721767723560333
HELB_RNA,-0.27218127250671387
GGTA1_RNA,-0.27224478125572205
TNFAIP8L3_RNA,-0.2723948061466217
HLX_RNA,-0.27240949869155884
SECTM1_RNA,-0.2724749743938446
RREB1_RNA,-0.2724792957305908
SNORD17_RNA,-0.2725798189640045
ENDOD1_RNA,-0.27263206243515015
CAPN3_RNA,-0.2726817727088928
ZNF185_RNA,-0.27269795536994934
ST6GAL1_RNA,-0.27272072434425354
P2RX1_RNA,-0.27297651767730713
PRDM1_RNA,-0.27302855253219604
CACNA2D1_RNA,-0.2731742262840271
SUSD3_RNA,-0.2731878459453583
GUCY2D_RNA,-0.273421049118042
IGSF6_RNA,-0.2736671268939972
APOL3_RNA,-0.273874968290329
MBP_RNA,-0.27422425150871277
OPLAH_RNA,-0.2744982838630676
PPP1R16B_RNA,-0.2745344042778015
TBC1D2B_RNA,-0.2747723162174225
HBA1_RNA,-0.2748473584651947
FRMD4B_RNA,-0.27491265535354614
OGDHL_RNA,-0.27501046657562256
CEBPA_RNA,-0.27512797713279724
SLC6A20_RNA,-0.27527910470962524
UNC13D_RNA,-0.27533864974975586
AGMAT_RNA,-0.27534613013267517
GSTO2_RNA,-0.2753523290157318
SERPIND1_RNA,-0.27550798654556274
EDA_RNA,-0.2757088840007782
PRCD_RNA,-0.27574217319488525
KCNK13_RNA,-0.2758594751358032
SPAG4_RNA,-0.2759014666080475
SGCD_RNA,-0.27594512701034546
ITGB5_RNA,-0.2759608030319214
SLC10A6_RNA,-0.27607646584510803
ZBTB20_RNA,-0.2761158049106598
FGD3_RNA,-0.27614083886146545
ACAP1_RNA,-0.2762819528579712
KCNC4_RNA,-0.2762938439846039
GZMH_RNA,-0.2763200104236603
RGS14_RNA,-0.27649620175361633
CALHM2_RNA,-0.2764977514743805
SKAP2_RNA,-0.27651330828666687
PTGES_RNA,-0.2766650319099426
SERPINI1_RNA,-0.2766856253147125
SPIB_RNA,-0.2769382894039154
ACSL4_RNA,-0.2771112322807312
KLHDC7B_RNA,-0.27727049589157104
ARRDC2_RNA,-0.277301162481308
KCNMB1_RNA,-0.2774046063423157
MGMT_RNA,-0.27748987078666687
GAA_RNA,-0.2775249481201172
ACSL5_RNA,-0.27773696184158325
CTSW_RNA,-0.27786362171173096
C5orf46_RNA,-0.27788832783699036
DNAH17_RNA,-0.27792391180992126
KCNH1_RNA,-0.27795493602752686
CCL26_RNA,-0.2780103385448456
SHC1_RNA,-0.27808743715286255
TACC1_RNA,-0.27816176414489746
CASP1_RNA,-0.2782224118709564
SLC20A1_RNA,-0.2782500088214874
RNF213_RNA,-0.2783454954624176
EGFL6_RNA,-0.27847638726234436
HFE_RNA,-0.27848637104034424
NKX6-2_RNA,-0.2787259519100189
DMKN_RNA,-0.2790239155292511
RBP4_RNA,-0.27909553050994873
PCA3_RNA,-0.2791464030742645
GPR143_RNA,-0.2792590856552124
CTLA4_RNA,-0.27929291129112244
SH2B3_RNA,-0.27933353185653687
SLC9A7_RNA,-0.27985167503356934
MAT1A_RNA,-0.2798858880996704
CTHRC1_RNA,-0.2799105644226074
NCEH1_RNA,-0.2800874412059784
CDYL2_RNA,-0.2801227271556854
PERP_RNA,-0.28022870421409607
SV2B_RNA,-0.28045350313186646
SIRPB1_RNA,-0.28051501512527466
CHST4_RNA,-0.2806174159049988
NAALAD2_RNA,-0.28079742193222046
UBASH3B_RNA,-0.280815452337265
ITPRIPL2_RNA,-0.2809823751449585
FAM78B_RNA,-0.2810449004173279
GATA6_RNA,-0.2811196446418762
YPEL2_RNA,-0.28142061829566956
SPTLC2_RNA,-0.28148746490478516
FMO3_RNA,-0.28158441185951233
TMEM233_RNA,-0.28224027156829834
ENTHD1_RNA,-0.28225177526474
TACSTD2_RNA,-0.2823888957500458
SIPA1_RNA,-0.2825424075126648
AK5_RNA,-0.28261831402778625
NEK10_RNA,-0.2826373279094696
SLFN5_RNA,-0.2826978862285614
RGS1_RNA,-0.28270840644836426
GPR37_RNA,-0.2827957272529602
MAST3_RNA,-0.2828800678253174
NOD1_RNA,-0.2829364836215973
SPINK1_RNA,-0.28295183181762695
SLC38A4_RNA,-0.28296464681625366
MLXIPL_RNA,-0.2830464243888855
KNDC1_RNA,-0.283650279045105
PIK3IP1_RNA,-0.2839405834674835
NPTX2_RNA,-0.28401100635528564
CAPG_RNA,-0.2840782403945923
FAM110C_RNA,-0.28413110971450806
SIGIRR_RNA,-0.2841683030128479
C3orf52_RNA,-0.28418999910354614
NAT1_RNA,-0.28419533371925354
SLPI_RNA,-0.2842586636543274
LDB3_RNA,-0.2842797338962555
CD177_RNA,-0.28461953997612
TUBA4A_RNA,-0.28463560342788696
PLAG1_RNA,-0.2846935987472534
ANXA13_RNA,-0.28490573167800903
OPALIN_RNA,-0.28505879640579224
SCARNA5_RNA,-0.2851462960243225
LYNX1_RNA,-0.28516727685928345
AKR1C2_RNA,-0.2852199971675873
BDNF_RNA,-0.28525251150131226
ELF4_RNA,-0.28534749150276184
OXER1_RNA,-0.2853584885597229
HAS1_RNA,-0.2854146361351013
CREBL2_RNA,-0.285547137260437
BMF_RNA,-0.2855709493160248
APOL1_RNA,-0.28573858737945557
ANXA2_RNA,-0.2857936918735504
IL12RB2_RNA,-0.2862395942211151
PLEKHO2_RNA,-0.28654608130455017
PRSS23_RNA,-0.28663456439971924
ELOVL7_RNA,-0.28669071197509766
SNED1_RNA,-0.2869318425655365
CD274_RNA,-0.28695958852767944
SERPINF1_RNA,-0.28707072138786316
CD7_RNA,-0.28718942403793335
ITGB7_RNA,-0.28734081983566284
RASL11A_RNA,-0.28748056292533875
GYPC_RNA,-0.2878134846687317
RASSF9_RNA,-0.2878684103488922
ESR1_RNA,-0.28793081641197205
SYT9_RNA,-0.287962943315506
ATP8B3_RNA,-0.2880743145942688
MKNK1_RNA,-0.28810879588127136
APOBEC3A_RNA,-0.2882443964481354
ECHDC3_RNA,-0.28826797008514404
MYBPC3_RNA,-0.2883022427558899
ERMN_RNA,-0.2884100675582886
PADI4_RNA,-0.2884669005870819
ROS1_RNA,-0.28854501247406006
USP53_RNA,-0.288724422454834
CXCL13_RNA,-0.28884491324424744
DPYS_RNA,-0.2894103527069092
EMX1_RNA,-0.2894478738307953
ACOT11_RNA,-0.28955960273742676
DSG2_RNA,-0.28963345289230347
BACE2_RNA,-0.2898698151111603
TSLP_RNA,-0.289884090423584
PRR15_RNA,-0.29008013010025024
RGL4_RNA,-0.29038792848587036
FCHO1_RNA,-0.29064837098121643
MAL_RNA,-0.29068976640701294
SHE_RNA,-0.29071828722953796
GNGT2_RNA,-0.29073622822761536
LILRA2_RNA,-0.29075920581817627
GPR18_RNA,-0.2908828556537628
SLC5A11_RNA,-0.29119443893432617
MAP7_RNA,-0.29137057065963745
LAIR2_RNA,-0.2914350926876068
MAP1B_RNA,-0.29143720865249634
RASSF3_RNA,-0.29143989086151123
CADPS_RNA,-0.29146191477775574
MAN1C1_RNA,-0.29163438081741333
TBC1D9_RNA,-0.2917543947696686
KLHDC7A_RNA,-0.2917719781398773
CEBPB_RNA,-0.29195424914360046
IL1RN_RNA,-0.29200106859207153
CNN2_RNA,-0.29212749004364014
TMPPE_RNA,-0.2922023832798004
PTPRM_RNA,-0.2926335334777832
KCNMA1_RNA,-0.2927185595035553
GNA14_RNA,-0.2929278016090393
HSPG2_RNA,-0.29309964179992676
TDRD9_RNA,-0.29334142804145813
GRIN2A_RNA,-0.29344642162323
ITGA3_RNA,-0.29346799850463867
TIMD4_RNA,-0.2936103343963623
SCNN1A_RNA,-0.29361826181411743
AKR1B10_RNA,-0.293705552816391
SMOC2_RNA,-0.29403460025787354
DSP_RNA,-0.2941061854362488
FRMPD4_RNA,-0.2941064238548279
GIPC2_RNA,-0.2941630780696869
C5orf58_RNA,-0.2942211925983429
TES_RNA,-0.2945158779621124
SDS_RNA,-0.2947171926498413
NTRK1_RNA,-0.29472488164901733
FGF5_RNA,-0.29495540261268616
POU5F2_RNA,-0.2949792444705963
A4GALT_RNA,-0.2949897050857544
IL24_RNA,-0.29506295919418335
SLC2A12_RNA,-0.2951398491859436
ARPC1B_RNA,-0.2951924502849579
P2RY10_RNA,-0.29522740840911865
IDS_RNA,-0.2953547537326813
UPP1_RNA,-0.2958606481552124
LPAR5_RNA,-0.29604724049568176
SFRP2_RNA,-0.29605668783187866
AMIGO2_RNA,-0.296997606754303
PIK3R6_RNA,-0.29710131883621216
AOC3_RNA,-0.2974528968334198
KCNE3_RNA,-0.2974851429462433
TLL2_RNA,-0.29784584045410156
CDKN1A_RNA,-0.2978801429271698
ARSI_RNA,-0.29800188541412354
SNAI3_RNA,-0.29850608110427856
C2CD2_RNA,-0.2985135316848755
ENOSF1_RNA,-0.29862380027770996
ABCG1_RNA,-0.29866039752960205
RYR2_RNA,-0.29884251952171326
AXL_RNA,-0.2988719344139099
CXCL2_RNA,-0.29897594451904297
HS3ST2_RNA,-0.299160361289978
TAGAP_RNA,-0.2991979420185089
SLC39A8_RNA,-0.29920756816864014
KCNQ1_RNA,-0.2993682622909546
CACNA2D3_RNA,-0.2993907630443573
SYNC_RNA,-0.2995385527610779
GSDMA_RNA,-0.2995394766330719
KCNK1_RNA,-0.299581378698349
CCR4_RNA,-0.29984569549560547
CARD9_RNA,-0.29986801743507385
CCR7_RNA,-0.30016228556632996
TINAGL1_RNA,-0.30036091804504395
XAF1_RNA,-0.30045732855796814
DUSP2_RNA,-0.30068331956863403
C6orf141_RNA,-0.3008941411972046
PRRG4_RNA,-0.30157920718193054
ASPN_RNA,-0.3016652762889862
OLFML3_RNA,-0.3016931116580963
STARD8_RNA,-0.30170348286628723
DIO3_RNA,-0.3017772436141968
G0S2_RNA,-0.3018689453601837
THEM5_RNA,-0.30188578367233276
SLAMF1_RNA,-0.30223706364631653
TDO2_RNA,-0.30239611864089966
JPH1_RNA,-0.3025533854961395
MEPE_RNA,-0.3025566041469574
FOXP1_RNA,-0.30259254574775696
UNC5C_RNA,-0.3028559684753418
LTC4S_RNA,-0.3028571605682373
C1RL_RNA,-0.3029399514198303
C4BPB_RNA,-0.30297642946243286
WIPI1_RNA,-0.30315300822257996
IL18RAP_RNA,-0.30322325229644775
FAT2_RNA,-0.3033691346645355
FBN1_RNA,-0.30337876081466675
PDLIM4_RNA,-0.30341556668281555
TREML4_RNA,-0.3036178648471832
RBP7_RNA,-0.30370017886161804
CHI3L2_RNA,-0.3038802742958069
SULT1C2_RNA,-0.3040361702442169
ACOT4_RNA,-0.30411386489868164
SLC2A9_RNA,-0.3041587471961975
HCST_RNA,-0.30425283312797546
HAAO_RNA,-0.30495432019233704
SAMD3_RNA,-0.30530408024787903
C19orf38_RNA,-0.3055390417575836
CD209_RNA,-0.3060789704322815
ZNF469_RNA,-0.3061756193637848
PRKCD_RNA,-0.3063264787197113
CLCF1_RNA,-0.30639907717704773
SCN7A_RNA,-0.30652204155921936
HS3ST5_RNA,-0.3066472113132477
SLC15A3_RNA,-0.3067903220653534
TBC1D10C_RNA,-0.3068987727165222
IL1A_RNA,-0.30692392587661743
PEX5L_RNA,-0.3070334792137146
HTR4_RNA,-0.3072299361228943
CFH_RNA,-0.3072989881038666
LY75_RNA,-0.3073275685310364
PPFIA2_RNA,-0.30751004815101624
ANK3_RNA,-0.307727187871933
FBLN2_RNA,-0.30775198340415955
AHR_RNA,-0.30789002776145935
EPHB6_RNA,-0.3079564571380615
CCL13_RNA,-0.3079770505428314
FOSB_RNA,-0.30817845463752747
FAM78A_RNA,-0.3084851801395416
CD3G_RNA,-0.30854788422584534
EMX2OS_RNA,-0.30862754583358765
SH3BP5_RNA,-0.30882060527801514
SLC46A2_RNA,-0.3088531196117401
COL18A1_RNA,-0.30886444449424744
PLXND1_RNA,-0.30894848704338074
FTL_RNA,-0.3089621365070343
GLDN_RNA,-0.30914387106895447
MAP3K9_RNA,-0.3092782497406006
CMYA5_RNA,-0.30941274762153625
VTRNA1-3_RNA,-0.30943578481674194
CD6_RNA,-0.3094763159751892
FLVCR2_RNA,-0.3097308576107025
TXK_RNA,-0.31006911396980286
SSC5D_RNA,-0.3100827932357788
VRK2_RNA,-0.31033238768577576
EFEMP1_RNA,-0.3104083240032196
SDC2_RNA,-0.31043267250061035
RETN_RNA,-0.310472697019577
CDS1_RNA,-0.3105800747871399
SIGLEC8_RNA,-0.31064292788505554
MFAP5_RNA,-0.310928076505661
C10orf90_RNA,-0.3110036551952362
LGI1_RNA,-0.31110355257987976
APOD_RNA,-0.3111209571361542
SFMBT2_RNA,-0.3111240863800049
PTGDS_RNA,-0.31115251779556274
DUSP23_RNA,-0.3115474581718445
FGR_RNA,-0.3115580976009369
ESR2_RNA,-0.3115628957748413
MGST1_RNA,-0.31159836053848267
LAMA2_RNA,-0.3119733929634094
ABCA9_RNA,-0.31204691529273987
OLR1_RNA,-0.3121280074119568
AHNAK_RNA,-0.3123382329940796
TBC1D8_RNA,-0.3123951554298401
FBLIM1_RNA,-0.31278523802757263
CRTAM_RNA,-0.31292644143104553
UBASH3A_RNA,-0.31312432885169983
CARD16_RNA,-0.31317469477653503
PDK3_RNA,-0.31330057978630066
GJA5_RNA,-0.3138207197189331
NKAIN2_RNA,-0.3141070008277893
SLC6A6_RNA,-0.31425347924232483
PLTP_RNA,-0.3144909739494324
KCNAB2_RNA,-0.31450575590133667
SP100_RNA,-0.31458166241645813
CLEC4D_RNA,-0.31472593545913696
SCN9A_RNA,-0.31494489312171936
MALAT1_RNA,-0.3149693012237549
PI3_RNA,-0.3149772584438324
TREML1_RNA,-0.31502220034599304
COL6A2_RNA,-0.3151882588863373
SYNJ2_RNA,-0.3155056834220886
CALB1_RNA,-0.31557074189186096
CHST15_RNA,-0.3156302273273468
GPR39_RNA,-0.31566834449768066
GFPT2_RNA,-0.31574106216430664
SCPEP1_RNA,-0.3158784806728363
MYO7A_RNA,-0.31624218821525574
ANKRD29_RNA,-0.31626132130622864
SP140_RNA,-0.3165191113948822
HHEX_RNA,-0.3167743682861328
CASP5_RNA,-0.31677868962287903
TNFSF13B_RNA,-0.31691762804985046
INSRR_RNA,-0.316954106092453
ME1_RNA,-0.31700414419174194
PLCH1_RNA,-0.31717047095298767
SKAP1_RNA,-0.3172118067741394
METRNL_RNA,-0.3173433840274811
MRAP2_RNA,-0.3173616826534271
RILP_RNA,-0.31771865487098694
KCNJ5_RNA,-0.31787750124931335
NIPAL3_RNA,-0.31795647740364075
APOBEC3G_RNA,-0.3180168867111206
SLC16A10_RNA,-0.3180423378944397
NHSL2_RNA,-0.31843215227127075
TMEM37_RNA,-0.3184547424316406
RAB27A_RNA,-0.3188253939151764
BEST1_RNA,-0.31883352994918823
CYP7B1_RNA,-0.31941932439804077
EGR3_RNA,-0.3196556866168976
IQSEC2_RNA,-0.3197445869445801
SLA2_RNA,-0.319909930229187
LPAR3_RNA,-0.32044851779937744
PRAM1_RNA,-0.3205450177192688
SIGLEC14_RNA,-0.32057201862335205
SAA1_RNA,-0.320663183927536
SPOCK2_RNA,-0.3207376301288605
PLAC4_RNA,-0.32080066204071045
STC1_RNA,-0.32088664174079895
MYH11_RNA,-0.3209632337093353
CHRNA6_RNA,-0.32105791568756104
S100A12_RNA,-0.32107070088386536
MYLK_RNA,-0.32107579708099365
DNASE1L1_RNA,-0.3210762143135071
RNLS_RNA,-0.32112306356430054
NPL_RNA,-0.32135865092277527
ZC3H12A_RNA,-0.3214014172554016
TNFRSF9_RNA,-0.3214956223964691
PLCXD3_RNA,-0.3219463527202606
MPP1_RNA,-0.32197391986846924
LILRB5_RNA,-0.3221223056316376
GPNMB_RNA,-0.32231414318084717
CATSPER1_RNA,-0.322467178106308
NFATC2_RNA,-0.3226710855960846
SSH2_RNA,-0.3230782151222229
FAS_RNA,-0.3232674300670624
HTR2B_RNA,-0.32349929213523865
HTATIP2_RNA,-0.3235279321670532
OAF_RNA,-0.32353147864341736
MGAM_RNA,-0.3236315846443176
MSC_RNA,-0.3239111602306366
SPOCD1_RNA,-0.324020653963089
TRPV2_RNA,-0.3240639865398407
ITGA4_RNA,-0.32418057322502136
RGS10_RNA,-0.3242081105709076
CD109_RNA,-0.3242129385471344
CXCR1_RNA,-0.32423898577690125
SLC45A3_RNA,-0.32423996925354004
CXCL1_RNA,-0.32434192299842834
PPP4R4_RNA,-0.32440683245658875
CD5_RNA,-0.3244258761405945
PLAU_RNA,-0.32467857003211975
LPCAT2_RNA,-0.32485681772232056
TNFSF13_RNA,-0.32490918040275574
FLI1_RNA,-0.325069785118103
SPOCK1_RNA,-0.32538992166519165
MICALL2_RNA,-0.3256877660751343
MUC6_RNA,-0.32577621936798096
DGKE_RNA,-0.3257775604724884
CPXM2_RNA,-0.3261455297470093
FGF1_RNA,-0.32621726393699646
CXCR3_RNA,-0.3264489769935608
PRR5_RNA,-0.32664066553115845
SAT1_RNA,-0.326725572347641
CREG1_RNA,-0.32675549387931824
ANPEP_RNA,-0.3269152045249939
RHOD_RNA,-0.3269381821155548
STXBP2_RNA,-0.32700201869010925
PDZK1IP1_RNA,-0.3270896077156067
ARRDC5_RNA,-0.3271840810775757
TSHZ2_RNA,-0.32790955901145935
FAH_RNA,-0.3281991481781006
DUSP1_RNA,-0.32820266485214233
NLRP6_RNA,-0.328281968832016
FAM83H_RNA,-0.3282930254936218
TRPV4_RNA,-0.32850968837738037
CARD11_RNA,-0.3287549912929535
PLK3_RNA,-0.3287844955921173
TMEM176A_RNA,-0.3290499746799469
SH2D2A_RNA,-0.3291957378387451
ITPR3_RNA,-0.32961758971214294
SCN1B_RNA,-0.32980701327323914
RIN3_RNA,-0.33029505610466003
TMEM86A_RNA,-0.330339640378952
P2RY13_RNA,-0.3306408226490021
TNFSF9_RNA,-0.33078667521476746
SGMS2_RNA,-0.3311001658439636
NWD1_RNA,-0.331194132566452
PRICKLE1_RNA,-0.3311998248100281
PTGS2_RNA,-0.3313664197921753
MPO_RNA,-0.33140963315963745
IL1RL2_RNA,-0.3315470218658447
GZMB_RNA,-0.3315863013267517
CSF3_RNA,-0.33166947960853577
COL7A1_RNA,-0.3321216106414795
GDA_RNA,-0.3321273922920227
ABI3BP_RNA,-0.33257508277893066
ARHGAP26_RNA,-0.3326959013938904
PTPN7_RNA,-0.33302339911460876
ALDH3B1_RNA,-0.3332814574241638
COL4A5_RNA,-0.33352336287498474
ATP8B1_RNA,-0.33373716473579407
BLNK_RNA,-0.3338909447193146
PDE1B_RNA,-0.3339996039867401
IL17RA_RNA,-0.33406373858451843
SYTL1_RNA,-0.33418601751327515
HTRA4_RNA,-0.3342023491859436
EHBP1L1_RNA,-0.33430784940719604
GRAP2_RNA,-0.3343776762485504
SLIT2_RNA,-0.3344448506832123
ETS2_RNA,-0.33446985483169556
PCSK1_RNA,-0.33450010418891907
SERPING1_RNA,-0.3346271812915802
TRANK1_RNA,-0.33475473523139954
GIMAP7_RNA,-0.3349705636501312
GAB3_RNA,-0.33513978123664856
CCRL2_RNA,-0.3351968228816986
SIGLEC1_RNA,-0.33533570170402527
RAPGEF5_RNA,-0.3354695737361908
ARRB1_RNA,-0.33550143241882324
SPTLC3_RNA,-0.3356563150882721
RCSD1_RNA,-0.3357851505279541
ARHGDIB_RNA,-0.3360872268676758
ENTPD3_RNA,-0.33618122339248657
SYNGR2_RNA,-0.336262047290802
PRF1_RNA,-0.33635154366493225
PROCR_RNA,-0.3368140459060669
STX11_RNA,-0.33684593439102173
PHACTR2_RNA,-0.3368493616580963
DCBLD2_RNA,-0.3368769586086273
SELE_RNA,-0.3368886113166809
CASP4_RNA,-0.33708199858665466
TSPYL5_RNA,-0.3370943069458008
TNIP3_RNA,-0.33717232942581177
CYP11A1_RNA,-0.33723127841949463
GJB6_RNA,-0.3374752402305603
EDA2R_RNA,-0.33770230412483215
EBI3_RNA,-0.33773350715637207
FUCA1_RNA,-0.3378334641456604
TCHH_RNA,-0.3381851613521576
APOB_RNA,-0.33837804198265076
CD40_RNA,-0.3384650647640228
ITGA9_RNA,-0.3386537730693817
IL4I1_RNA,-0.33888453245162964
PAMR1_RNA,-0.33907806873321533
LAT2_RNA,-0.33949244022369385
PLAGL1_RNA,-0.3398312032222748
RPS6KA1_RNA,-0.3399740755558014
HCG11_RNA,-0.34002986550331116
LYN_RNA,-0.3403995633125305
KRT7_RNA,-0.3404521644115448
CDH23_RNA,-0.3404768705368042
FXYD5_RNA,-0.34055638313293457
TREML2_RNA,-0.3406426012516022
ARHGAP18_RNA,-0.3416023552417755
SVIL_RNA,-0.341648131608963
FCRL6_RNA,-0.3416935205459595
CD3E_RNA,-0.34217941761016846
MCTP1_RNA,-0.34265589714050293
UBXN10_RNA,-0.3426663279533386
IL2RB_RNA,-0.3432517945766449
PPARG_RNA,-0.343333899974823
MMP7_RNA,-0.34354168176651
DKK2_RNA,-0.3436753451824188
ST18_RNA,-0.343707799911499
LCN2_RNA,-0.3437563478946686
BAIAP2L1_RNA,-0.34416139125823975
ST8SIA4_RNA,-0.34422174096107483
ANKH_RNA,-0.3443453907966614
GSN_RNA,-0.344347208738327
BMP2K_RNA,-0.34445154666900635
MX2_RNA,-0.3446294665336609
GPR68_RNA,-0.34485533833503723
SULF1_RNA,-0.3448657989501953
PCLO_RNA,-0.34511590003967285
MERTK_RNA,-0.3453144133090973
FES_RNA,-0.34535902738571167
GRM5_RNA,-0.3455124497413635
TMEM119_RNA,-0.34554237127304077
TRPM6_RNA,-0.34570425748825073
ATP2A3_RNA,-0.3460613191127777
IL13RA1_RNA,-0.346083402633667
ARHGAP27_RNA,-0.3464224636554718
SLC7A7_RNA,-0.34651318192481995
TMEM229A_RNA,-0.34695419669151306
SDC1_RNA,-0.34780022501945496
LRP2_RNA,-0.3482227027416229
CD48_RNA,-0.34862828254699707
FAM83G_RNA,-0.3489888906478882
ADAM12_RNA,-0.34911826252937317
CORO1A_RNA,-0.3491710126399994
PTPRJ_RNA,-0.3492099642753601
IL12RB1_RNA,-0.3492695987224579
CDKL2_RNA,-0.34929177165031433
WNT4_RNA,-0.34929272532463074
HRNR_RNA,-0.3494982421398163
DCN_RNA,-0.3496443033218384
ACTR3C_RNA,-0.34974756836891174
SIT1_RNA,-0.3498855531215668
PARM1_RNA,-0.3500593304634094
ARHGAP15_RNA,-0.35019567608833313
CHN2_RNA,-0.3504013121128082
LIF_RNA,-0.3505260944366455
BHMT2_RNA,-0.3507157266139984
C1orf162_RNA,-0.3508059084415436
SLC16A3_RNA,-0.35104838013648987
SH3TC2_RNA,-0.35105326771736145
NPAS2_RNA,-0.35118627548217773
CYB5R2_RNA,-0.35197383165359497
RYR3_RNA,-0.3522578179836273
APOBEC3C_RNA,-0.3524746596813202
BIRC3_RNA,-0.35258224606513977
ABI3_RNA,-0.3526482880115509
NT5DC1_RNA,-0.35286402702331543
NKG7_RNA,-0.352885365486145
HMGCLL1_RNA,-0.35295191407203674
TFPI2_RNA,-0.3530748784542084
SLC16A5_RNA,-0.3531501889228821
CXCL5_RNA,-0.3531854450702667
IL15RA_RNA,-0.35320350527763367
DPP4_RNA,-0.3532395660877228
IL6R_RNA,-0.35326671600341797
ST14_RNA,-0.3534826934337616
CLUL1_RNA,-0.3534834384918213
NQO1_RNA,-0.35375791788101196
AANAT_RNA,-0.35388681292533875
OSTF1_RNA,-0.35410913825035095
CARD6_RNA,-0.3542352318763733
TFAP2C_RNA,-0.35442915558815
S100A4_RNA,-0.3544955253601074
CD28_RNA,-0.35478800535202026
DENND1C_RNA,-0.354875773191452
STEAP4_RNA,-0.35504356026649475
LCTL_RNA,-0.3551439344882965
CD70_RNA,-0.35523298382759094
RASGEF1B_RNA,-0.35528478026390076
TM6SF1_RNA,-0.3553486764431
NHS_RNA,-0.35540029406547546
ANXA11_RNA,-0.3554254472255707
RNF149_RNA,-0.3555687367916107
LDLRAP1_RNA,-0.3556777834892273
ZNF460_RNA,-0.3557988405227661
FAM177B_RNA,-0.35580402612686157
ITGAX_RNA,-0.356022447347641
TNFRSF10D_RNA,-0.3563697040081024
GPSM3_RNA,-0.35640013217926025
LYL1_RNA,-0.356502503156662
STOM_RNA,-0.3569241762161255
TNFAIP2_RNA,-0.35702118277549744
REL_RNA,-0.3573915362358093
S100A11_RNA,-0.35740089416503906
TNF_RNA,-0.35747572779655457
SLC31A2_RNA,-0.3575606346130371
SLC17A9_RNA,-0.3580162227153778
MGAT4A_RNA,-0.35806673765182495
CPVL_RNA,-0.35813215374946594
CD300A_RNA,-0.35839059948921204
ANK1_RNA,-0.3585476279258728
SNX10_RNA,-0.35865357518196106
MPP7_RNA,-0.35873833298683167
TMEM26_RNA,-0.3592129349708557
SERPINB9_RNA,-0.35930702090263367
ENPP4_RNA,-0.3600907623767853
P4HA2_RNA,-0.360637903213501
ADAM8_RNA,-0.3607647120952606
KCNN4_RNA,-0.3608717620372772
PLEKHG6_RNA,-0.36091306805610657
NRP1_RNA,-0.36093494296073914
CPD_RNA,-0.36144882440567017
CLEC17A_RNA,-0.3616209626197815
CST7_RNA,-0.3616770803928375
MOCOS_RNA,-0.36220622062683105
TNFAIP3_RNA,-0.3624480366706848
SLC7A14_RNA,-0.3626222014427185
SCARNA21_RNA,-0.3630828857421875
SIGLEC11_RNA,-0.3631414473056793
SH3RF2_RNA,-0.3636939525604248
TNFSF4_RNA,-0.3637809753417969
CMTM7_RNA,-0.36389806866645813
CD69_RNA,-0.3641150891780853
SNCA_RNA,-0.3642784357070923
TTC39A_RNA,-0.3643288016319275
LAMB3_RNA,-0.36477410793304443
TGM2_RNA,-0.3649388551712036
TREM2_RNA,-0.36536017060279846
ALOX5AP_RNA,-0.3654296398162842
ITGA5_RNA,-0.36547616124153137
ADAP1_RNA,-0.36565375328063965
CLMN_RNA,-0.3657202124595642
APBB1IP_RNA,-0.3657236695289612
PDCD1LG2_RNA,-0.3657783567905426
NIPAL4_RNA,-0.365901380777359
RNF125_RNA,-0.3660089373588562
ARHGAP24_RNA,-0.3664496839046478
ZNF831_RNA,-0.36690059304237366
RNASET2_RNA,-0.36705881357192993
TRAF3IP3_RNA,-0.36755454540252686
CD300LB_RNA,-0.3675556480884552
EHF_RNA,-0.367697149515152
LILRA1_RNA,-0.3677988350391388
MMP1_RNA,-0.36797213554382324
CYGB_RNA,-0.36823493242263794
LTBR_RNA,-0.36824360489845276
ADAMTS1_RNA,-0.3683268427848816
ARHGAP4_RNA,-0.368602454662323
RAC2_RNA,-0.3689819574356079
VNN1_RNA,-0.36974936723709106
OLFML2B_RNA,-0.3700816333293915
FLT3_RNA,-0.3701974153518677
GMFG_RNA,-0.37028250098228455
BTBD19_RNA,-0.37043529748916626
CHIT1_RNA,-0.3708963990211487
ACP5_RNA,-0.37091416120529175
AIFM3_RNA,-0.37108343839645386
TNFSF15_RNA,-0.37110841274261475
P2RY2_RNA,-0.37145888805389404
COL8A2_RNA,-0.37153053283691406
CPPED1_RNA,-0.37176573276519775
MYO1D_RNA,-0.37275540828704834
CXCR2_RNA,-0.3728289008140564
NRXN3_RNA,-0.37293535470962524
DYSF_RNA,-0.3729795813560486
CACNA1C_RNA,-0.3730422258377075
GLIPR1_RNA,-0.37329715490341187
SYNPO2_RNA,-0.3733077049255371
LAMB1_RNA,-0.3733445405960083
ADAMTS4_RNA,-0.3734847605228424
STRA6_RNA,-0.3739446997642517
HGF_RNA,-0.3740398585796356
ENPP5_RNA,-0.37404075264930725
TPRG1_RNA,-0.37427249550819397
INPP5D_RNA,-0.37440866231918335
ITK_RNA,-0.3744414150714874
S1PR4_RNA,-0.3745192587375641
KCNQ3_RNA,-0.37492406368255615
TNFAIP8L2_RNA,-0.37495681643486023
CRISPLD2_RNA,-0.37505337595939636
MYBPH_RNA,-0.37529128789901733
LHFPL2_RNA,-0.3754313290119171
DKK1_RNA,-0.3754328489303589
COPZ2_RNA,-0.3760896921157837
TMEM144_RNA,-0.3761492371559143
ARHGAP22_RNA,-0.37617915868759155
CASP10_RNA,-0.376180499792099
CD55_RNA,-0.3762161433696747
SULT1A1_RNA,-0.3763613700866699
FAP_RNA,-0.3766785264015198
SLC37A2_RNA,-0.3767127990722656
ADAMTS12_RNA,-0.37680932879447937
LSP1_RNA,-0.37681910395622253
COL12A1_RNA,-0.37695446610450745
KIAA1217_RNA,-0.37702563405036926
RASAL3_RNA,-0.37719446420669556
MEFV_RNA,-0.37769344449043274
C1R_RNA,-0.37824320793151855
BCYRN1_RNA,-0.37901657819747925
CCL18_RNA,-0.37938055396080017
MVP_RNA,-0.37990596890449524
BIN2_RNA,-0.3800126016139984
ANXA3_RNA,-0.3803402781486511
CPM_RNA,-0.3804711699485779
GIMAP1_RNA,-0.3805656433105469
STAT6_RNA,-0.38069719076156616
TMEM176B_RNA,-0.3807867467403412
CCL20_RNA,-0.3810291886329651
FBP1_RNA,-0.3810593783855438
MAPK13_RNA,-0.38119858503341675
TGFBI_RNA,-0.38137152791023254
MYOF_RNA,-0.38138052821159363
SRPX2_RNA,-0.3824841380119324
PARP15_RNA,-0.38267120718955994
IL1R2_RNA,-0.3829706311225891
CD180_RNA,-0.38321587443351746
IRF8_RNA,-0.38325077295303345
BTK_RNA,-0.3835245966911316
APCDD1L_RNA,-0.38396257162094116
CFI_RNA,-0.38400980830192566
CRYBB1_RNA,-0.3845227062702179
ALOX15B_RNA,-0.38465243577957153
LCK_RNA,-0.3846842646598816
HPN_RNA,-0.38492608070373535
TCIRG1_RNA,-0.38585010170936584
DOK2_RNA,-0.3859082758426666
CXCL6_RNA,-0.3861708641052246
INHBA_RNA,-0.38634878396987915
CD72_RNA,-0.3863644599914551
DPYD_RNA,-0.38673678040504456
CLEC12A_RNA,-0.3872824013233185
CD37_RNA,-0.3883666396141052
CD96_RNA,-0.38848382234573364
CD93_RNA,-0.38887539505958557
IL18_RNA,-0.3891778588294983
CXCR6_RNA,-0.389535129070282
LILRB4_RNA,-0.38955187797546387
CD1D_RNA,-0.3899676203727722
IL15_RNA,-0.3900279998779297
PTGER2_RNA,-0.39046603441238403
CD200R1_RNA,-0.3907114863395691
PRLR_RNA,-0.39095228910446167
PTPN6_RNA,-0.3913337290287018
PILRA_RNA,-0.3916938304901123
SAA2_RNA,-0.39175674319267273
ANO4_RNA,-0.39217790961265564
SIGLEC10_RNA,-0.39230939745903015
NLRC4_RNA,-0.3925928473472595
CXCL12_RNA,-0.3927304744720459
LCP2_RNA,-0.3930310010910034
WAS_RNA,-0.3930513858795166
KCNE1_RNA,-0.39311543107032776
DOK3_RNA,-0.3931856155395508
IKBKE_RNA,-0.39325860142707825
LAYN_RNA,-0.3936815857887268
P2RY6_RNA,-0.3939841091632843
SPI1_RNA,-0.39398789405822754
CD226_RNA,-0.3940054476261139
SCARNA7_RNA,-0.3943590223789215
PSTPIP1_RNA,-0.39446786046028137
EDIL3_RNA,-0.39469075202941895
SERPINE1_RNA,-0.3948642909526825
BDKRB2_RNA,-0.39490556716918945
CD3D_RNA,-0.39515063166618347
ARHGAP9_RNA,-0.39545005559921265
PTPRH_RNA,-0.395545095205307
POU2F2_RNA,-0.3956981599330902
HLA-DPB1_RNA,-0.3959287106990814
PYCARD_RNA,-0.3959384560585022
P4HA3_RNA,-0.39638659358024597
LST1_RNA,-0.396649569272995
PSTPIP2_RNA,-0.39712512493133545
CTSH_RNA,-0.39718562364578247
PAPPA_RNA,-0.39770832657814026
IL1B_RNA,-0.3980340361595154
MET_RNA,-0.3989628553390503
NLRP1_RNA,-0.3992904722690582
MAN2A1_RNA,-0.3993374705314636
PTPRU_RNA,-0.39939549565315247
CD74_RNA,-0.3996497392654419
TNFSF14_RNA,-0.39971742033958435
NINJ2_RNA,-0.3997691571712494
KCNK6_RNA,-0.4001190662384033
GXYLT2_RNA,-0.40034589171409607
MLPH_RNA,-0.40035703778266907
CD244_RNA,-0.4003986120223999
OSCAR_RNA,-0.400483638048172
SLIT3_RNA,-0.4005323648452759
ADORA3_RNA,-0.40077173709869385
IRF5_RNA,-0.4008695185184479
NFAM1_RNA,-0.4008980095386505
ASGR2_RNA,-0.40123450756073
STEAP2_RNA,-0.4013243317604065
CYBA_RNA,-0.401589959859848
DAPP1_RNA,-0.4016973674297333
EVI2A_RNA,-0.40183934569358826
A2M_RNA,-0.40188276767730713
TBC1D8B_RNA,-0.40191903710365295
MLKL_RNA,-0.4022708535194397
ADCY7_RNA,-0.40228500962257385
ALDH1A3_RNA,-0.4027971923351288
GPR84_RNA,-0.4033938944339752
CACNA2D4_RNA,-0.4035463035106659
STAT4_RNA,-0.40391701459884644
FHL2_RNA,-0.40397995710372925
SOCS3_RNA,-0.40449631214141846
CD52_RNA,-0.40482568740844727
ZC3H12D_RNA,-0.4049098491668701
SPP1_RNA,-0.40527716279029846
FERMT3_RNA,-0.4054175913333893
COL14A1_RNA,-0.4061814844608307
ST3GAL1_RNA,-0.40638467669487
SPINT1_RNA,-0.40683966875076294
TYROBP_RNA,-0.40707066655158997
PIK3CD_RNA,-0.40713298320770264
B4GALT1_RNA,-0.40714865922927856
TNFRSF8_RNA,-0.40720227360725403
SELPLG_RNA,-0.4075622856616974
FRRS1_RNA,-0.4075964093208313
TMC8_RNA,-0.40788373351097107
TMEM150B_RNA,-0.4083506464958191
ADAMTSL1_RNA,-0.40889430046081543
CCL7_RNA,-0.40969139337539673
IGF1_RNA,-0.41023552417755127
ITPR1_RNA,-0.4104873836040497
IFI30_RNA,-0.4105127453804016
NAV3_RNA,-0.41060569882392883
KLHL6_RNA,-0.4114201068878174
AFP_RNA,-0.4114219844341278
HTR7_RNA,-0.4119718670845032
PRKCB_RNA,-0.4120452404022217
GIMAP8_RNA,-0.41225144267082214
CD22_RNA,-0.4126227796077728
FGL2_RNA,-0.4131840765476227
SLC24A2_RNA,-0.413237065076828
THEMIS_RNA,-0.41334569454193115
SERPINB1_RNA,-0.41343143582344055
CLDN11_RNA,-0.413674533367157
RASSF5_RNA,-0.414198100566864
HLA-DPA1_RNA,-0.4144463837146759
CCL8_RNA,-0.4148608446121216
RHOH_RNA,-0.41488733887672424
POPDC3_RNA,-0.41504988074302673
ABCC3_RNA,-0.41588345170021057
PLCB2_RNA,-0.4158977270126343
PTER_RNA,-0.41606372594833374
EREG_RNA,-0.41620030999183655
CH25H_RNA,-0.41629937291145325
PLA2G5_RNA,-0.41692066192626953
LCP1_RNA,-0.4176398813724518
DEF6_RNA,-0.41794782876968384
PLD1_RNA,-0.41827628016471863
FN1_RNA,-0.41861242055892944
SLC7A8_RNA,-0.41925761103630066
C2_RNA,-0.41949671506881714
SIGLEC7_RNA,-0.4197067320346832
CCL5_RNA,-0.4197380542755127
CD4_RNA,-0.4198308289051056
RIPK3_RNA,-0.4198572039604187
TLR6_RNA,-0.4199215769767761
CEACAM21_RNA,-0.41995593905448914
GIMAP4_RNA,-0.41997119784355164
GAPT_RNA,-0.4200444221496582
NPC2_RNA,-0.42031288146972656
SPINT2_RNA,-0.4203626215457916
TNFAIP8_RNA,-0.42084941267967224
GIMAP5_RNA,-0.4212815761566162
NNMT_RNA,-0.4213530719280243
IL16_RNA,-0.4219443202018738
MGP_RNA,-0.42198479175567627
ADAP2_RNA,-0.42312362790107727
IL18R1_RNA,-0.4241963028907776
CD300C_RNA,-0.42440903186798096
ALPK1_RNA,-0.42486509680747986
PHOSPHO1_RNA,-0.42488107085227966
FCER1G_RNA,-0.42500898241996765
NCF2_RNA,-0.4258301556110382
FLG_RNA,-0.4258773922920227
LAPTM5_RNA,-0.42666903138160706
PTAFR_RNA,-0.4268151521682739
GZMA_RNA,-0.4272351861000061
MPEG1_RNA,-0.42757105827331543
NLRP3_RNA,-0.43019601702690125
ALDH1A1_RNA,-0.4303372800350189
CD300LF_RNA,-0.43050798773765564
SRGN_RNA,-0.430519163608551
PTPN22_RNA,-0.43076393008232117
FCGBP_RNA,-0.43082842230796814
C5AR1_RNA,-0.4324825406074524
IL6_RNA,-0.4324900805950165
HLA-DMA_RNA,-0.4328382909297943
HEPH_RNA,-0.4335235357284546
VAMP8_RNA,-0.4338311553001404
PLB1_RNA,-0.43512120842933655
ARL11_RNA,-0.43718111515045166
FBXO32_RNA,-0.4373818039894104
HAVCR2_RNA,-0.43840450048446655
CLCA2_RNA,-0.4388010501861572
TEC_RNA,-0.43969181180000305
LY86_RNA,-0.44023242592811584
RNASE6_RNA,-0.4407097101211548
CD2_RNA,-0.4407816529273987
ARHGAP30_RNA,-0.4408043324947357
CCDC69_RNA,-0.4415549039840698
CTSB_RNA,-0.4418187141418457
NIPAL2_RNA,-0.4419819116592407
DENND3_RNA,-0.4421747922897339
IRAK3_RNA,-0.4441111087799072
CDCP1_RNA,-0.4442218840122223
MMP19_RNA,-0.4447742700576782
HCLS1_RNA,-0.44487395882606506
SASH3_RNA,-0.44534632563591003
F5_RNA,-0.44557005167007446
TYMP_RNA,-0.44586795568466187
FGD2_RNA,-0.4459461271762848
NFKBIZ_RNA,-0.4483436942100525
SH3TC1_RNA,-0.4498480260372162
LRG1_RNA,-0.4515726566314697
COL1A2_RNA,-0.4516228139400482
PARVG_RNA,-0.4519506096839905
NEAT1_RNA,-0.4524298906326294
GBGT1_RNA,-0.4524456560611725
TBXAS1_RNA,-0.45244863629341125
TNFRSF1B_RNA,-0.45250406861305237
DPEP2_RNA,-0.45280614495277405
PLCG2_RNA,-0.45300161838531494
RFX8_RNA,-0.4532960057258606
NLRP12_RNA,-0.45341920852661133
AHNAK2_RNA,-0.45348113775253296
ADRB2_RNA,-0.4535619616508484
TNFRSF10A_RNA,-0.45400434732437134
DAB2_RNA,-0.4541356563568115
CD86_RNA,-0.45417332649230957
PSD4_RNA,-0.45451900362968445
BATF_RNA,-0.45491498708724976
MSR1_RNA,-0.4554593861103058
BANK1_RNA,-0.4561162292957306
FCN1_RNA,-0.4562503397464752
GJB2_RNA,-0.4565516710281372
DOCK8_RNA,-0.4565524160861969
TPD52L1_RNA,-0.4567353427410126
RARRES1_RNA,-0.456805020570755
CD53_RNA,-0.4569140672683716
HLA-DRA_RNA,-0.45748308300971985
C1QC_RNA,-0.45776453614234924
FMNL1_RNA,-0.4579007625579834
WNT2_RNA,-0.4582507610321045
PIK3CG_RNA,-0.4584439992904663
HSD11B1_RNA,-0.4591047465801239
GNA15_RNA,-0.45984187722206116
COL1A1_RNA,-0.4599711298942566
IKZF1_RNA,-0.46043169498443604
CSTA_RNA,-0.4607044756412506
DENND2D_RNA,-0.46081626415252686
CEACAM4_RNA,-0.4609472155570984
COL5A1_RNA,-0.4611014127731323
ISLR_RNA,-0.46114084124565125
TLR1_RNA,-0.46135401725769043
MYO1F_RNA,-0.4614594578742981
ADAMTS2_RNA,-0.46260684728622437
CASS4_RNA,-0.46320784091949463
DSE_RNA,-0.46326467394828796
ITGB2_RNA,-0.4632681608200073
CIITA_RNA,-0.46382206678390503
LILRA5_RNA,-0.4638941287994385
COL3A1_RNA,-0.4645606279373169
RNF144B_RNA,-0.464889794588089
TRIM38_RNA,-0.4649711549282074
BCL2A1_RNA,-0.46522778272628784
MICAL2_RNA,-0.46535322070121765
COL24A1_RNA,-0.46572816371917725
TREM1_RNA,-0.46598508954048157
TMEM106A_RNA,-0.46654272079467773
TGFBR2_RNA,-0.46683913469314575
TNFSF10_RNA,-0.46692955493927
COL13A1_RNA,-0.467337965965271
C3_RNA,-0.46737581491470337
SLCO2B1_RNA,-0.46765652298927307
C7_RNA,-0.4676712155342102
FCGR3A_RNA,-0.4680653214454651
SYK_RNA,-0.46892452239990234
RBM47_RNA,-0.46963995695114136
MXRA5_RNA,-0.4696710705757141
PODNL1_RNA,-0.47116681933403015
PLBD1_RNA,-0.4721759855747223
GREM1_RNA,-0.47222405672073364
ENPP2_RNA,-0.47277799248695374
LY96_RNA,-0.4737742245197296
TNFRSF11A_RNA,-0.47392699122428894
CYTH4_RNA,-0.47432246804237366
ACSL1_RNA,-0.47469562292099
PLAUR_RNA,-0.47477564215660095
CLEC10A_RNA,-0.47480425238609314
SNX20_RNA,-0.4748658835887909
LRRK1_RNA,-0.4750778079032898
C16orf54_RNA,-0.47512170672416687
PLEK_RNA,-0.475818932056427
SEMA3C_RNA,-0.4765773117542267
RNASE1_RNA,-0.47783374786376953
PLA2G2C_RNA,-0.477997362613678
GPR132_RNA,-0.4780420660972595
COLEC12_RNA,-0.47811201214790344
KCNJ15_RNA,-0.4785202443599701
RHBDF2_RNA,-0.4787936210632324
C3AR1_RNA,-0.4791995882987976
IKZF3_RNA,-0.47968003153800964
HLA-DMB_RNA,-0.47998303174972534
HCK_RNA,-0.4810224771499634
AIF1_RNA,-0.4813901484012604
NCF4_RNA,-0.4814407527446747
PIK3R5_RNA,-0.4818097651004791
RGS4_RNA,-0.4828048646450043
COL15A1_RNA,-0.48285651206970215
MYO1G_RNA,-0.48529717326164246
LRRC25_RNA,-0.48563480377197266
CTSZ_RNA,-0.48568376898765564
HSPA7_RNA,-0.4877360165119171
SCIN_RNA,-0.48796164989471436
ADAM28_RNA,-0.4882770776748657
OSM_RNA,-0.49005869030952454
CFD_RNA,-0.4910021424293518
C1QB_RNA,-0.49127963185310364
CTSC_RNA,-0.4921379089355469
VENTX_RNA,-0.49357375502586365
MS4A6A_RNA,-0.4935808777809143
ROR2_RNA,-0.4940687119960785
IL4R_RNA,-0.4950304627418518
ICAM1_RNA,-0.49598774313926697
NCKAP1L_RNA,-0.49629709124565125
CSF3R_RNA,-0.4966915249824524
TNFSF8_RNA,-0.4975038766860962
CSF1R_RNA,-0.499080091714859
VAV1_RNA,-0.4996572732925415
THBD_RNA,-0.4996814429759979
TNFRSF10C_RNA,-0.4997442364692688
MNDA_RNA,-0.49979984760284424
TLR7_RNA,-0.49990344047546387
SIGLEC9_RNA,-0.50005704164505
TLR2_RNA,-0.5001335740089417
CCR5_RNA,-0.5007691383361816
EPB41L3_RNA,-0.5010678172111511
GPRIN3_RNA,-0.5036827325820923
CHI3L1_RNA,-0.505937397480011
CD300E_RNA,-0.5059683322906494
HLA-DOA_RNA,-0.5064594149589539
PIK3AP1_RNA,-0.5070486664772034
FOLR2_RNA,-0.5081213712692261
WDFY4_RNA,-0.5084577202796936
CD33_RNA,-0.5095024704933167
GALNT6_RNA,-0.5098363757133484
ATP8B4_RNA,-0.5100887417793274
ITGAM_RNA,-0.5108668208122253
NOD2_RNA,-0.5123920440673828
LILRB1_RNA,-0.5128401517868042
C1S_RNA,-0.514843761920929
PLA2R1_RNA,-0.517462968826294
S100A8_RNA,-0.5176767110824585
MS4A4A_RNA,-0.5177817940711975
FCGR2A_RNA,-0.518302321434021
PLXDC2_RNA,-0.5198810696601868
CD14_RNA,-0.5200521349906921
DOCK2_RNA,-0.5204287171363831
CCR1_RNA,-0.5225033760070801
RUNX2_RNA,-0.522864580154419
SLC11A1_RNA,-0.5229897499084473
AOAH_RNA,-0.5230690836906433
FPR3_RNA,-0.5232232809066772
VNN2_RNA,-0.5235991477966309
SLC2A5_RNA,-0.5240843892097473
MAFB_RNA,-0.5271577835083008
CD84_RNA,-0.528191864490509
PTGER4_RNA,-0.5283874869346619
CLEC7A_RNA,-0.5285007953643799
ALOX5_RNA,-0.5302557945251465
AMPD3_RNA,-0.530892550945282
SLA_RNA,-0.5311745405197144
CLDN23_RNA,-0.5314196944236755
CTSS_RNA,-0.533090353012085
HRH2_RNA,-0.5341138243675232
SLAMF8_RNA,-0.5341920852661133
C1QA_RNA,-0.5360246300697327
HAMP_RNA,-0.5365223288536072
VSIG4_RNA,-0.5371288657188416
SIRPB2_RNA,-0.5395026206970215
TIMP1_RNA,-0.539818525314331
CMKLR1_RNA,-0.5404727458953857
TLR5_RNA,-0.5418232083320618
FPR1_RNA,-0.543354868888855
IL10_RNA,-0.5437083840370178
RCAN2_RNA,-0.5447596907615662
SELL_RNA,-0.5458546876907349
BNC2_RNA,-0.5466089248657227
GALNT5_RNA,-0.5472779870033264
MARCO_RNA,-0.5474810600280762
GCNT1_RNA,-0.5511461496353149
EMB_RNA,-0.5512595772743225
LILRB2_RNA,-0.5525106191635132
TRPM2_RNA,-0.5533376932144165
IL10RA_RNA,-0.5564931631088257
GPR141_RNA,-0.5579258799552917
CD163_RNA,-0.559712290763855
IER3_RNA,-0.5617511868476868
MAN1A1_RNA,-0.5629281997680664
S100A9_RNA,-0.5629978775978088
CCL2_RNA,-0.563783586025238
CXCL14_RNA,-0.5645655393600464
STAB1_RNA,-0.564581036567688
COL6A3_RNA,-0.5655514001846313
LAIR1_RNA,-0.5666124820709229
IL1R1_RNA,-0.5696131587028503
DSC2_RNA,-0.5702468156814575
HK3_RNA,-0.5709142684936523
MME_RNA,-0.5714496374130249
RAB11FIP1_RNA,-0.5717028975486755
VDR_RNA,-0.5724455714225769
AQP9_RNA,-0.5751824975013733
CSF2RB_RNA,-0.577732503414154
IL21R_RNA,-0.5834887623786926
ADAMTS14_RNA,-0.5851295590400696
SERPINA1_RNA,-0.5875569581985474
COL8A1_RNA,-0.5892804265022278
FAM20A_RNA,-0.5926212072372437
FPR2_RNA,-0.5942569971084595
IL7R_RNA,-0.6004136800765991
MAP3K8_RNA,-0.605938732624054
THBS1_RNA,-0.6129301190376282
LYVE1_RNA,-0.6209321618080139
TLR8_RNA,-0.6352385878562927
IL2RA_RNA,-0.6372925043106079
CYP1B1_RNA,-0.6423006057739258
FMN1_RNA,-0.6453571915626526
LTBP2_RNA,-0.6473963856697083
MCTP2_RNA,-0.6528615355491638
CCR2_RNA,-0.656617283821106
JAK3_RNA,-0.6604588031768799
IGFBP6_RNA,-0.6673893332481384
DOCK5_RNA,-0.6676770448684692
CR1_RNA,-0.6894029974937439
F13A1_RNA,-0.6976527571678162
