ID,Description,setSize,enrichmentScore,NES,pvalue,p.adjust,qvalue,rank,leading_edge,core_enrichment,Factor
GO:0051056,regulation of small GTPase mediated signal transduction,264,0.40750173278483626,2.087019057261644,1e-10,2.0425501234122083e-7,NA,3335,"tags=42%, list=22%, signal=33%",55160/9828/253959/6494/7410/6655/1794/64926/11214/25959/5924/7409/26053/22898/221178/9909/221472/8997/50861/55619/19/3685/57580/10125/3707/5894/64333/9448/81704/10260/50619/23616/10982/285282/5863/348/79109/90627/9181/85440/117/153090/9138/84986/5516/10603/117289/5294/23092/10565/10395/8831/6453/84952/27128/613/604/29/1123/58480/201176/94134/7052/50650/1902/395/57148/25/257106/10276/23365/4038/57569/397/23263/7126/5291/23370/2149/8473/7249/26269/54509/10144/1435/57584/22821/4649/2064/4254/26230/7074/5364/4983/57706/10211/57636/9639/5879/4851/54922/51291/10564/394/3479/28964/9265/9927/393/4763/57568,Factor3
GO:0002253,activation of immune response,476,0.3457073854882524,1.8816051323853646,1e-10,2.0425501234122083e-7,NA,2709,"tags=30%, list=18%, signal=25%",27086/65125/11331/29760/114548/10392/9261/3635/11006/7410/5663/3071/79155/51284/207/5587/5295/56940/8887/5747/7301/7409/3843/57787/834/4208/100/3764/5336/5581/5648/7462/51279/5777/373509/83737/716/3055/11027/29126/25942/146722/715/1445/5802/51324/25865/8892/80216/23304/57169/839/718/673/5594/1240/1535/81622/84106/84868/3551/785/26057/80342/966/714/5621/7105/55601/7100/9698/2/695/6188/10384/719/4034/29085/5335/153090/3426/4790/5359/10603/81793/56919/7805/351/3984/712/57181/22900/126259/3656/596/4067/56927/3684/54209/84433/6565/64135/713/7305/1520/5610/6794/79671/25/23098/2634/9111/118788/6397/26065/8890/3702/4332/57506/8473/3115/23369/4792/127018/114625/6850/51114/148022/3428/2357/377630/2822/89857/81790/9404/23180/4773/55198/29979/29108/11213/10666/81570,Factor3
GO:0002764,immune response-regulating signaling pathway,463,0.34498549925284494,1.8742816395470183,1.0166999121016467e-10,2.0425501234122083e-7,NA,2791,"tags=30%, list=19%, signal=26%",27086/11024/65125/11331/10859/29760/114548/10392/9261/3635/11006/7410/5663/3071/79155/51284/207/5587/5295/56940/8887/5747/7301/7409/3843/57787/834/4208/100/3764/5336/5581/7462/5777/373509/83737/3055/11027/29126/2214/146722/1445/5802/51324/25865/8892/80216/23304/945/718/673/5594/1240/1535/81622/84106/84868/3551/785/26057/80342/5621/7105/55601/7100/9698/695/6188/10384/719/4034/29085/5335/153090/4790/5359/10603/81793/56919/7805/351/3984/57181/22900/126259/3903/3656/596/4067/56927/3684/54209/84433/6565/64135/7305/1520/5610/6794/79671/25/23098/2634/5602/9111/118788/6397/26065/8890/3702/4332/57506/8473/5609/3115/23369/4792/127018/9437/114625/6850/51114/148022/3428/2357/377630/2822/89857/81790/9404/23180/4773/55198/29979/29108/11213/10666/81570/2212/5579/10211,Factor3
GO:0000280,nuclear division,368,-0.37697955146175305,-1.930416302259558,3.738150907620992e-10,5.632458880057929e-7,NA,3763,"tags=43%, list=25%, signal=33%",685/4488/54461/1814/22974/27243/7320/57405/84930/2801/83447/10274/10744/83990/10201/225689/9587/81929/200942/1063/3835/10592/1843/701/23397/994/3192/100130958/5501/146212/10726/147841/7153/7329/995/118471/2827/54984/25788/84057/4605/9371/3619/286151/26271/6790/64151/10111/699/9212/113130/9319/79003/11065/10403/51433/729440/10096/811/286053/9493/5889/348235/54820/7155/891/55023/10270/3550/23141/55143/8086/11022/146909/55844/56158/220134/4781/10615/9735/8243/51143/63979/5810/29781/91272/7283/79598/3833/157313/56155/346673/4733/5901/79884/55743/55512/64105/1111/259266/146956/11004/9184/83540/7272/332/50511/1164/51510/2491/80010/991/998/24137/7314/56647/4762/5347/4288/9700/9928/9585/29893/1062/3832/675/3834/4603/983/324/11130/56603/22933/8379/4085/10051/79998/4751/8877/150365/144165/29947/27338/81930/3622/8900/5719/10040/9820/9232/11200/29127/2059/11144/6847/1761/56159,Factor3
GO:0002757,immune response-activating signaling pathway,424,0.3478123706850788,1.8682042258641045,5.753598660839912e-10,6.935387825776431e-7,NA,2709,"tags=31%, list=18%, signal=26%",27086/65125/11331/29760/114548/10392/9261/3635/11006/7410/5663/3071/79155/51284/207/5587/5295/56940/8887/5747/7301/7409/3843/57787/834/4208/100/3764/5336/5581/7462/5777/373509/83737/3055/11027/29126/146722/1445/5802/51324/25865/8892/80216/23304/718/673/5594/1240/1535/81622/84106/84868/3551/785/26057/80342/5621/7105/55601/7100/9698/695/6188/10384/719/4034/29085/5335/153090/4790/5359/10603/81793/56919/7805/351/3984/57181/22900/126259/3656/596/4067/56927/3684/54209/84433/6565/64135/7305/1520/5610/6794/79671/25/23098/2634/9111/118788/6397/26065/8890/3702/4332/57506/8473/3115/23369/4792/127018/114625/6850/51114/148022/3428/2357/377630/2822/89857/81790/9404/23180/4773/55198/29979/29108/11213/10666/81570,Factor3
GO:0070663,regulation of leukocyte proliferation,238,0.40111640802681847,2.034512520573246,1.2748497082864238e-9,1.2805865319737127e-6,NA,2757,"tags=34%, list=18%, signal=28%",1436/6929/10859/7940/10148/3635/57630/54440/11006/6655/9231/7048/3071/6522/64926/3109/199/5747/3113/4208/7040/8440/11151/100/5777/83737/283234/29126/2214/598/6777/5530/5594/84868/5621/637/695/6188/1437/11035/3133/3594/7133/5595/57181/126259/7412/8660/596/4067/604/84433/972/7305/51293/942/3606/1439/57678/9479/4332/6541/4829/246778/3115/3087/80380/6850/5585/148022/5169/1435/3572/2064/4254/6469/4773/29108/115650/4828/1739,Factor3
GO:0000070,mitotic sister chromatid segregation,169,-0.45341673610924244,-2.0995416975227403,1.5500386325766524e-9,1.3345832626484977e-6,NA,3672,"tags=50%, list=24%, signal=38%",22974/27243/57405/2801/10274/9587/81929/1063/3835/10592/1843/701/23397/3192/5501/10726/147841/118471/54984/4605/9371/3619/26271/64151/699/9212/113130/9319/79003/11065/10403/51433/729440/286053/9493/348235/891/10270/3550/55143/8086/146909/220134/10615/9735/8243/51143/29781/91272/7283/79598/3833/56155/4733/5901/79884/64105/11004/9184/83540/7272/332/51510/2491/991/24137/56647/5347/9700/9928/1062/3832/3834/983/324/11130/8379/4085/10051/79998/4751/144165/81930/11200/29127,Factor3
GO:0070665,positive regulation of leukocyte proliferation,149,0.4581261954588811,2.1960194858631708,2.58178452653106e-9,1.9450519176753374e-6,NA,2728,"tags=38%, list=18%, signal=32%",1436/6929/10148/54440/7048/3071/64926/3109/199/5747/3113/4208/8440/11151/100/283234/29126/2214/598/6777/5530/5594/84868/695/6188/1437/3133/3594/5595/57181/126259/7412/8660/596/4067/604/84433/972/51293/942/3606/1439/57678/6541/4829/3115/80380/6850/148022/1435/3572/4254/6469/4773/29108/115650/4828,Factor3
GO:0140014,mitotic nuclear division,249,-0.4012313666379337,-1.961566840645942,5.500371068841845e-9,3.6834151591010885e-6,NA,3798,"tags=46%, list=25%, signal=35%",5902/685/54461/1814/22974/27243/57405/2801/10274/10201/9587/81929/200942/1063/3835/10592/1843/701/23397/3192/5501/10726/147841/7329/995/118471/54984/4605/9371/3619/286151/26271/6790/64151/699/9212/113130/9319/79003/11065/10403/51433/729440/286053/9493/348235/54820/891/55023/10270/3550/23141/55143/8086/146909/55844/220134/4781/10615/9735/8243/51143/29781/91272/7283/79598/3833/157313/56155/4733/5901/79884/55512/64105/1111/11004/9184/83540/7272/332/51510/2491/991/998/24137/56647/4762/5347/4288/9700/9928/9585/1062/3832/3834/983/324/11130/22933/8379/4085/10051/79998/4751/8877/144165/27338/81930/10040/9820/11200/29127/2059/1761,Factor3
GO:0050670,regulation of lymphocyte proliferation,213,0.3932013069856752,1.9778709096876497,1.3547022742776265e-8,8.164790607071255e-6,NA,2757,"tags=32%, list=18%, signal=27%",6929/10859/7940/10148/3635/57630/54440/11006/6655/9231/7048/3071/6522/64926/3109/199/3113/4208/7040/8440/11151/100/5777/83737/283234/29126/2214/6777/5530/84868/5621/637/695/6188/11035/3133/3594/7133/57181/126259/7412/8660/596/4067/604/84433/972/7305/51293/942/3606/57678/9479/4332/6541/246778/3115/80380/6850/5585/148022/3572/2064/4254/6469/4773/29108/115650/1739,Factor3
GO:0032944,regulation of mononuclear cell proliferation,217,0.396630763271842,2.006832737819664,1.661930062963107e-8,9.041098373849663e-6,NA,2757,"tags=33%, list=18%, signal=27%",6929/10859/7940/10148/3635/57630/54440/11006/6655/9231/7048/3071/6522/64926/3109/199/3113/4208/7040/8440/11151/100/5777/83737/283234/29126/2214/598/6777/5530/84868/5621/637/695/6188/11035/3133/3594/7133/57181/126259/7412/8660/596/4067/604/84433/972/7305/51293/942/3606/57678/9479/4332/6541/246778/3115/80380/6850/5585/148022/1435/3572/2064/4254/6469/4773/29108/115650/1739,Factor3
GO:0048285,organelle fission,405,-0.34610533808920396,-1.7836941571946758,1.8001191386460256e-8,9.041098373849663e-6,NA,3763,"tags=40%, list=25%, signal=31%",685/4488/54461/1814/22974/27243/7320/57405/84930/2801/83447/10274/10744/83990/10201/225689/9587/81929/200942/1063/3835/10592/1843/701/23397/994/3192/100130958/5501/146212/10726/147841/7153/7329/995/118471/2827/54984/25788/84057/4605/9371/3619/286151/26271/6790/64151/10111/699/9212/113130/9319/7351/79003/11065/10403/4976/51433/729440/10096/811/286053/9493/5889/348235/54820/7155/891/55023/10270/3550/23141/55143/8086/11022/192111/146909/55844/56158/220134/4781/10615/9735/8243/51143/63979/9650/5810/5468/29781/91272/7283/79598/3833/157313/56155/346673/4733/5901/79884/55743/55512/64105/1111/259266/146956/11004/9184/83540/7272/332/50511/1164/51510/2491/80010/991/998/24137/7314/56647/4762/5347/4288/9700/9928/9585/29893/1062/3832/675/3834/4603/983/324/11130/56603/664/22933/8379/4085/10051/79998/4751/8877/150365/144165/29947/27338/120892/81930/3622/8900/5719/10040/9820/9232/11200/29127/2059/11144/6847/1761/56159,Factor3
GO:0098813,nuclear chromosome segregation,264,-0.37882182953283605,-1.870759317569999,8.115964235840794e-8,3.762685880724036e-5,NA,3672,"tags=44%, list=24%, signal=34%",22974/10460/27243/7320/57405/2801/10274/10744/83990/225689/9587/81929/200942/1063/3835/10592/1843/701/23397/6602/3192/100130958/5501/10726/147841/7153/118471/54984/84057/4605/9371/3619/26271/6790/64151/699/9212/113130/9319/79003/11065/10403/51433/729440/10096/51412/286053/9493/348235/7155/891/10270/3550/55143/8086/146909/56158/220134/10615/9735/81610/8243/51143/990/29781/91272/79980/7283/79598/3833/56155/4733/5901/79884/55743/64105/259266/11004/9184/83540/7272/332/51510/2491/86/991/998/24137/56647/5347/9700/9928/29893/1062/3832/3834/983/324/11130/22933/8379/4085/55193/10051/79998/4751/144165/81930/6595/1894/9232/11200/29127/11144/6847/56159,Factor3
GO:0002696,positive regulation of leukocyte activation,321,0.3331012974686015,1.7503894021152744,1.018243875678234e-7,4.383539884794797e-5,NA,2690,"tags=28%, list=18%, signal=23%",558/64410/6929/10859/10148/114548/3635/54440/11006/7048/3071/79155/207/64926/6604/3109/3108/3111/199/3113/7409/4208/7040/3122/8440/11151/100/5777/3603/283234/10125/29126/140885/3707/2214/920/1050/3601/1445/81704/6777/7158/5530/84868/56848/695/6188/55012/2309/3133/3594/6599/57181/126259/7412/8660/596/4067/54209/604/84433/972/7305/51293/25/942/10524/3606/567/57678/6541/3115/939/8289/80380/2736/6850/148022/10326/2737/6659/3572/4254/6469/4773/6688/29108/10666/115650,Factor3
GO:0032946,positive regulation of mononuclear cell proliferation,134,0.4404971608273782,2.072056855797218,1.13289037276292e-7,4.551953517761413e-5,NA,2690,"tags=36%, list=18%, signal=30%",6929/10148/54440/7048/3071/64926/3109/199/3113/4208/8440/11151/100/283234/29126/2214/598/6777/5530/84868/695/6188/3133/3594/57181/126259/7412/8660/596/604/84433/972/51293/942/3606/57678/6541/3115/80380/6850/148022/1435/3572/4254/6469/4773/29108/115650,Factor3
GO:0070661,leukocyte proliferation,304,0.348396719772745,1.82406905039093,1.2228023071091837e-7,4.6061434405919065e-5,NA,2757,"tags=31%, list=18%, signal=25%",7157/1436/6929/10859/7940/10148/3635/57630/54440/11006/6655/9231/7048/3071/1794/6522/64926/3109/199/5747/3113/4208/7040/8440/11151/100/4693/5777/83737/283234/10125/29126/2214/598/81704/6376/6777/3578/5530/5594/84868/5621/637/695/6188/1437/11035/3133/3594/5294/7133/5595/57181/126259/7412/8660/596/4067/54209/604/84433/972/7305/51293/25/942/3606/1439/57678/9479/4332/6541/4829/246778/3115/3087/80380/6850/5585/148022/5169/1435/3572/2064/4254/6469/5699/4773/29108/115650/23385/4828/1739,Factor3
GO:0007264,small GTPase-mediated signal transduction,440,0.312041214690644,1.6874814796446655,1.435901364802602e-7,5.0906926621560485e-5,NA,3140,"tags=34%, list=21%, signal=28%",55160/23179/7157/9828/253959/9732/57139/6494/23580/7410/6655/1794/64926/11214/9101/199/25959/55333/5924/7409/26053/22898/221178/9909/221472/8997/23191/50861/373509/55619/7454/19/8844/3685/8625/5900/57580/10125/3707/5894/28988/64333/9448/81704/10260/50619/10287/23616/10982/285282/10160/5863/348/4924/2247/8874/79109/90627/10152/1793/9181/85440/117/153090/11069/9138/84986/5516/10603/10163/117289/5294/23092/3984/10565/22808/10395/8831/889/6453/84952/27128/613/604/29/1123/58480/201176/94134/7052/50650/1902/395/57148/25/257106/10276/85442/23365/4038/57569/397/23263/7126/5291/23370/8412/2149/11135/8473/2768/25780/7249/26269/9771/10787/54509/10144/1435/57584/22821/3266/4649/2064/4254/26230/7074/5364/10235/440193/4983/57706/10211/2665/57636/9639/376267/5879/6237/4851/54922/55704/22931/51291/10564/80005/394/3479/28964,Factor3
GO:0000819,sister chromatid segregation,207,-0.40126630287363446,-1.92102157969677,2.151123249686247e-7,6.51967179498257e-5,NA,3672,"tags=46%, list=24%, signal=36%",22974/10460/27243/57405/2801/10274/225689/9587/81929/1063/3835/10592/1843/701/23397/6602/3192/5501/10726/147841/7153/118471/54984/4605/9371/3619/26271/64151/699/9212/113130/9319/79003/11065/10403/51433/729440/51412/286053/9493/348235/7155/891/10270/3550/55143/8086/146909/220134/10615/9735/8243/51143/990/29781/91272/7283/79598/3833/56155/4733/5901/79884/55743/64105/11004/9184/83540/7272/332/51510/2491/86/991/24137/56647/5347/9700/9928/1062/3832/3834/983/324/11130/8379/4085/55193/10051/79998/4751/144165/81930/6595/11200/29127,Factor3
GO:0002274,myeloid leukocyte activation,210,0.38278293728751456,1.9194577925366805,2.118582031450201e-7,6.51967179498257e-5,NA,3490,"tags=36%, list=23%, signal=28%",27086/399687/102/11006/5663/7048/79155/5724/1794/64784/199/7040/3764/5336/5581/1524/7462/5777/9846/3603/10202/11027/57580/10125/2214/146722/1050/6376/945/84106/84868/56848/695/6622/1437/8754/5359/5294/351/712/4067/3684/116071/54209/613/972/7305/3606/8832/9111/1776/6850/148022/5169/1435/10538/6688/29108/10666/8673/3696/2207/406937/5580/1511/54106/8773/6813/3146/1773/3937/11280/2624/399/9572/4669,Factor3
GO:0007059,chromosome segregation,350,-0.34433117195661594,-1.7549532891524173,2.1634882346051336e-7,6.51967179498257e-5,NA,3672,"tags=42%, list=24%, signal=32%",22974/10460/27243/7320/57405/2801/10274/10744/83990/225689/56271/9587/54801/81929/200942/56852/1459/1063/3835/10592/1843/701/23397/6602/3192/100130958/5501/10726/147841/7153/7329/118471/54984/84057/4605/9371/79441/3619/26271/6790/64151/699/9212/203068/113130/9319/79003/11065/79172/10403/51433/729440/10096/51412/286053/9493/348235/54820/29899/7155/891/10270/3550/55143/8841/8086/146909/56158/220134/11339/10615/9735/81610/157570/8243/51143/990/29781/91272/10844/79980/7283/79598/3833/157313/56155/79019/4733/5901/79884/55743/64105/259266/11004/9184/83540/163786/7272/332/55355/51510/2491/91687/86/991/998/24137/6491/56647/5347/4288/9700/9928/29893/1062/3832/3834/983/324/55839/81624/80254/11130/22933/8379/4085/55193/55835/10051/79998/1654/4751/55559/144165/22924/81930/79023/6595/23421/1894/9232/11200/29127/11144/6847/56159,Factor3
GO:0002478,antigen processing and presentation of exogenous peptide antigen,29,0.6819996880213978,2.4233842399551233,4.778683812312664e-7,1.277258603285376e-4,NA,2099,"tags=59%, list=14%, signal=51%",3109/3108/3111/8722/3113/3122/50856/4012/5641/81622/3551/3133/1785/972/1520/567/3115,Factor3
GO:0050671,positive regulation of lymphocyte proliferation,131,0.43293720699441285,2.0134049675906156,5.08614675275411e-7,1.277258603285376e-4,NA,2690,"tags=35%, list=18%, signal=29%",6929/10148/54440/7048/3071/64926/3109/199/3113/4208/8440/11151/100/283234/29126/2214/6777/5530/84868/695/6188/3133/3594/57181/126259/7412/8660/596/604/84433/972/51293/942/3606/57678/6541/3115/80380/6850/148022/3572/4254/6469/4773/29108/115650,Factor3
GO:0051251,positive regulation of lymphocyte activation,297,0.3395759907217721,1.778845019522013,4.457740838972982e-7,1.277258603285376e-4,NA,2622,"tags=28%, list=17%, signal=24%",558/64410/6929/10859/10148/114548/3635/54440/11006/7048/3071/79155/207/64926/6604/3109/3108/3111/199/3113/7409/4208/7040/3122/8440/11151/100/5777/283234/10125/29126/140885/3707/2214/920/3601/1445/81704/6777/7158/5530/84868/695/6188/55012/2309/3133/3594/6599/57181/126259/7412/8660/596/4067/604/84433/972/7305/51293/25/942/10524/3606/567/57678/6541/3115/939/8289/80380/2736/6850/148022/10326/2737/6659/3572/4254/6469/4773/6688/29108,Factor3
GO:0050867,positive regulation of cell activation,339,0.327087795091715,1.732324062139135,4.965910124843013e-7,1.277258603285376e-4,NA,2690,"tags=27%, list=18%, signal=23%",558/64410/6929/10859/10148/114548/3635/54440/11006/7048/3071/79155/207/64926/6604/3109/3108/3111/199/3113/7409/4208/7040/3122/8440/11151/100/5777/3603/283234/11027/10125/29126/140885/3707/2214/920/1050/3601/1445/81704/6777/7158/5530/84868/56848/825/695/6188/55012/2309/3133/3594/6599/351/57181/126259/7412/8660/596/4067/54209/604/84433/972/7305/51293/25/942/10524/3606/567/57678/6541/3115/939/8289/80380/2736/6850/148022/10326/2737/6659/3572/4254/6469/4773/6688/5341/29108/10666/115650,Factor3
GO:0003341,cilium movement,153,-0.42487534666662075,-1.9422509788830735,6.854335687339212e-7,1.6524432475037372e-4,NA,3272,"tags=42%, list=22%, signal=33%",7141/6865/151651/64800/79925/1767/80258/85478/3301/55036/54585/122664/345895/8382/26206/1235/202500/120935/85413/23230/150483/28981/64147/54970/127602/51364/55811/1768/83639/2622/83853/8756/55567/117144/8701/27285/158787/79659/81839/9389/375189/255061/7110/144132/221421/9104/64446/146754/200162/29922/1770/64518/27019/53340/132954/26150/7846/3622/4184/374768/1672/84223/8481/26256,Factor3
GO:0002495,antigen processing and presentation of peptide antigen via MHC class II,22,0.7290667799590173,2.362837505848171,8.136844536209609e-7,1.816324519249456e-4,NA,2862,"tags=73%, list=19%, signal=59%",3109/3108/3111/8722/3113/3122/5641/81622/1785/54209/972/1520/567/3115/29108/2207,Factor3
GO:0043087,regulation of GTPase activity,171,0.39532243892448243,1.9407442531864654,7.924633855786936e-7,1.816324519249456e-4,NA,3006,"tags=35%, list=20%, signal=28%",65125/253959/23637/7410/6001/4916/5747/7409/150696/22930/221472/7248/50861/8853/55619/2043/10125/9448/81704/23616/10982/50807/8874/55616/402/375790/85440/116984/153090/10565/613/29/1123/25782/26086/7052/395/57148/9905/10276/8412/2149/7249/10681/10297/26000/377630/115704/4649/2042/9628/26230/7074/5364/10235/9639/54922/1969/6369/51291,Factor3
GO:0002831,regulation of response to biotic stimulus,478,0.29386894483614323,1.598836815293441,1.0199360249487762e-6,2.1954122937022409e-4,NA,2748,"tags=27%, list=18%, signal=22%",27086/9450/56339/11331/1612/10859/114548/10392/9261/79155/51284/207/5587/5295/8887/7301/7409/3843/23005/57787/834/5371/7040/3764/5336/5581/90678/5777/6223/373509/83737/51752/3055/4780/11027/10125/29126/25942/146722/5802/64170/6376/6777/80216/103/57169/839/26058/1535/81622/348/84868/3551/26057/80342/54476/7105/83666/55601/7100/9698/2/695/4034/55012/153090/3133/5359/3594/81793/56919/351/5595/81844/22900/5272/26146/3656/4067/56927/54502/54209/6565/64135/6772/7305/1520/5610/79671/23098/2634/10524/9111/118788/6397/26065/54625/4332/57506/246778/8473/151636/55146/23369/4792/127018/9437/6850/51114/84166/148022/3428/10475/377630/81790/7376/23180/55198/29979/6688/29108/11213/5578/10666/81570/22978/10621,Factor3
GO:0032943,mononuclear cell proliferation,273,0.33899483255088936,1.7470380190152208,1.1237752663439972e-6,2.335515010432852e-4,NA,2695,"tags=29%, list=18%, signal=24%",7157/6929/10859/7940/10148/3635/57630/54440/11006/6655/9231/7048/3071/1794/6522/64926/3109/199/3113/4208/7040/8440/11151/100/5777/83737/283234/10125/29126/2214/598/81704/6777/3578/5530/84868/5621/637/695/6188/11035/3133/3594/5294/7133/57181/126259/7412/8660/596/4067/604/84433/972/7305/51293/25/942/3606/57678/9479/4332/6541/246778/3115/80380/6850/5585/148022/1435/3572/2064/4254/6469/5699/4773/29108/115650/23385,Factor3
GO:0010965,regulation of mitotic sister chromatid separation,57,-0.5581066875764896,-2.1437531029453063,1.2708105564453946e-6,2.3371519710050674e-4,NA,3640,"tags=60%, list=24%, signal=45%",57405/9587/1063/1843/701/147841/118471/3619/26271/699/9212/9319/11065/10403/51433/286053/891/3550/55143/220134/9735/51143/56155/9184/83540/7272/332/991/5347/9700/324/11130/8379/4085,Factor3
GO:1903046,meiotic cell cycle process,169,-0.4039763671752707,-1.8706085597464313,1.1982971908287883e-6,2.3371519710050674e-4,NA,4098,"tags=48%, list=27%, signal=35%",10097/54514/9133/2072/2175/9088/4488/7320/84930/2801/83447/10744/83990/225689/993/10592/23397/994/100130958/146212/7153/995/2827/25788/84057/3619/286151/26271/4627/6790/10111/9319/10403/10096/811/5889/348235/7155/5017/11022/56158/220134/63979/5810/29781/51441/7283/56155/346673/55743/259266/146956/83540/7272/50511/1164/80010/135458/991/7314/5347/9700/29893/675/4603/11130/56603/22933/128153/10051/150365/29947/81930/3622/8900/5719/9232/11144/6847/1761/56159,Factor3
GO:0045088,regulation of innate immune response,400,0.3055109032164231,1.635882597961599,1.2055002609481465e-6,2.3371519710050674e-4,NA,2748,"tags=27%, list=18%, signal=23%",56339/11331/10859/114548/10392/9261/79155/51284/207/5587/5295/8887/7301/7409/3843/57787/834/7040/3764/5336/5581/5777/6223/373509/83737/51752/3055/4780/11027/10125/29126/25942/146722/5802/64170/6777/80216/103/57169/839/26058/1535/81622/348/84868/3551/26057/80342/7105/83666/55601/7100/9698/2/695/4034/153090/3133/5359/81793/56919/351/81844/22900/5272/3656/4067/56927/54502/54209/6565/64135/7305/1520/5610/79671/23098/2634/10524/9111/118788/6397/26065/54625/4332/57506/8473/55146/23369/4792/127018/9437/6850/51114/84166/148022/3428/377630/81790/7376/23180/55198/29979/6688/29108/11213/10666/81570/10621,Factor3
GO:1903131,mononuclear cell differentiation,478,0.292512092429907,1.5914546620644918,1.2796750463442381e-6,2.3371519710050674e-4,NA,2873,"tags=27%, list=19%, signal=22%",27086/7157/56339/678/558/64410/22985/1436/6929/140685/10859/29760/114548/3635/57630/54440/11006/5663/6655/7048/3071/1794/6522/6604/3111/5295/7301/7409/441478/56262/7040/4066/3122/7248/100/7226/5336/6935/4693/55846/5777/5153/55619/3394/3955/10202/10320/57580/10125/3707/2908/920/1050/3601/3714/6777/6146/3578/673/285282/1015/714/695/55012/1437/11035/9759/2309/3594/6599/351/7412/10461/7528/9734/596/4067/116071/3059/54209/604/84433/3570/972/6794/25/2648/942/10524/3606/51341/3716/567/843/3702/6868/84456/246778/3087/939/8581/8289/2736/5138/6850/3428/2737/6659/1435/2194/3572/2064/23598/6469/10538/6688/5087/326/27102/5578/3398/6601/3696/2177/4242/2207/406937,Factor3
GO:0002504,antigen processing and presentation of peptide or polysaccharide antigen via MHC class II,24,0.7100695209192412,2.367306611746649,1.3511787593339775e-6,2.3951630536782004e-4,NA,2862,"tags=71%, list=19%, signal=57%",3109/3108/3111/8722/3113/3122/5641/81622/1785/54209/972/1520/567/3115/55207/29108/2207,Factor3
GO:0008608,attachment of spindle microtubules to kinetochore,46,-0.5894432223853614,-2.167338057778259,1.441014395725325e-6,2.4814267894390096e-4,NA,3640,"tags=65%, list=24%, signal=50%",57405/81929/3192/147841/3619/9212/79003/10403/348235/891/55143/220134/10615/9735/91272/79980/56155/11004/9184/83540/332/998/1062/983/324/22933/8379/4751/1894/29127,Factor3
GO:0046651,lymphocyte proliferation,266,0.34285837417754617,1.7584565019501162,1.6800844881719327e-6,2.73672140816547e-4,NA,2695,"tags=29%, list=18%, signal=24%",7157/6929/10859/7940/10148/3635/57630/54440/11006/6655/9231/7048/3071/1794/6522/64926/3109/199/3113/4208/7040/8440/11151/100/5777/83737/283234/10125/29126/2214/81704/6777/3578/5530/84868/5621/637/695/6188/11035/3133/3594/5294/7133/57181/126259/7412/8660/596/4067/604/84433/972/7305/51293/25/942/3606/57678/9479/4332/6541/246778/3115/80380/6850/5585/148022/3572/2064/4254/6469/5699/4773/29108/115650/23385,Factor3
GO:0051249,regulation of lymphocyte activation,453,0.29656154967780834,1.6072725111174115,1.67800640952055e-6,2.73672140816547e-4,NA,2622,"tags=25%, list=17%, signal=21%",56339/678/558/64410/6929/10859/7940/10148/114548/79626/3635/57630/54440/11006/6655/9231/7048/3071/79155/207/6522/64926/6604/3109/3108/3111/199/56940/7301/3113/7409/441478/4208/7040/3122/8440/11151/100/6935/5777/83737/283234/10125/29126/140885/3707/2214/920/3601/1445/81704/6777/7158/673/5530/84868/9306/5621/637/695/6188/55012/11035/2309/3133/3594/6599/7805/7133/57181/126259/7412/8660/10461/596/4067/604/84433/135/972/6830/7305/51293/25/2648/942/10524/3606/567/57678/9479/4332/6541/246778/3115/939/8289/80380/2736/6850/5585/148022/200558/10326/2737/6659/3572/2064/4254/6469/10538/4773/6688/29108,Factor3
GO:1902100,negative regulation of metaphase/anaphase transition of cell cycle,47,-0.5867744395133845,-2.1646309245254516,2.1603794882062528e-6,3.0427690936951396e-4,NA,3640,"tags=66%, list=24%, signal=50%",57405/9587/1063/1843/701/147841/118471/3619/26271/699/9212/9319/10403/891/3550/55143/220134/9735/51143/56155/55743/9184/83540/7272/332/991/5347/324/11130/8379/4085,Factor3
GO:1905819,negative regulation of chromosome separation,47,-0.5867744395133845,-2.1646309245254516,2.1603794882062528e-6,3.0427690936951396e-4,NA,3640,"tags=66%, list=24%, signal=50%",57405/9587/1063/1843/701/147841/118471/3619/26271/699/9212/9319/10403/891/3550/55143/220134/9735/51143/56155/55743/9184/83540/7272/332/991/5347/324/11130/8379/4085,Factor3
GO:0031577,spindle checkpoint signaling,45,-0.5884462925623749,-2.1557803496516352,2.2228342399854054e-6,3.0427690936951396e-4,NA,3640,"tags=67%, list=24%, signal=51%",57405/9587/1063/1843/701/147841/118471/3619/699/9212/9319/10403/891/3550/55143/220134/9735/51143/56155/55743/9184/83540/7272/332/991/5347/324/11130/8379/4085,Factor3
GO:0033046,negative regulation of sister chromatid segregation,46,-0.5813458790012389,-2.137564739811708,2.276746369688702e-6,3.0427690936951396e-4,NA,3640,"tags=65%, list=24%, signal=50%",57405/9587/1063/1843/701/147841/118471/3619/26271/699/9212/9319/10403/891/3550/55143/220134/9735/51143/56155/9184/83540/7272/332/991/5347/324/11130/8379/4085,Factor3
GO:0033048,negative regulation of mitotic sister chromatid segregation,46,-0.5813458790012389,-2.137564739811708,2.276746369688702e-6,3.0427690936951396e-4,NA,3640,"tags=65%, list=24%, signal=50%",57405/9587/1063/1843/701/147841/118471/3619/26271/699/9212/9319/10403/891/3550/55143/220134/9735/51143/56155/9184/83540/7272/332/991/5347/324/11130/8379/4085,Factor3
GO:0045841,negative regulation of mitotic metaphase/anaphase transition,46,-0.5813458790012389,-2.137564739811708,2.276746369688702e-6,3.0427690936951396e-4,NA,3640,"tags=65%, list=24%, signal=50%",57405/9587/1063/1843/701/147841/118471/3619/26271/699/9212/9319/10403/891/3550/55143/220134/9735/51143/56155/9184/83540/7272/332/991/5347/324/11130/8379/4085,Factor3
GO:2000816,negative regulation of mitotic sister chromatid separation,46,-0.5813458790012389,-2.137564739811708,2.276746369688702e-6,3.0427690936951396e-4,NA,3640,"tags=65%, list=24%, signal=50%",57405/9587/1063/1843/701/147841/118471/3619/26271/699/9212/9319/10403/891/3550/55143/220134/9735/51143/56155/9184/83540/7272/332/991/5347/324/11130/8379/4085,Factor3
GO:0042129,regulation of T cell proliferation,160,0.3957574856111785,1.9216787094280499,2.3223391124933867e-6,3.0427690936951396e-4,NA,2757,"tags=32%, list=18%, signal=26%",10859/10148/57630/54440/11006/6655/9231/7048/3071/6522/64926/3109/199/3113/7040/8440/11151/5777/83737/283234/29126/6777/5530/84868/5621/637/6188/11035/3133/3594/7133/126259/7412/604/84433/942/3606/57678/9479/6541/246778/3115/80380/6850/3572/2064/4254/6469/29108/115650/1739,Factor3
GO:0045089,positive regulation of innate immune response,329,0.3182059077577417,1.6794009520047397,2.291407959117207e-6,3.0427690936951396e-4,NA,3211,"tags=32%, list=21%, signal=26%",11331/114548/10392/9261/79155/51284/207/5587/5295/8887/7301/7409/3843/57787/834/3764/5336/5581/6223/373509/83737/3055/11027/10125/29126/25942/146722/5802/64170/6777/80216/57169/839/1535/81622/84868/3551/26057/80342/7105/83666/55601/7100/9698/695/4034/153090/3133/5359/81793/56919/351/81844/22900/3656/4067/56927/54502/54209/6565/64135/7305/1520/5610/79671/23098/2634/10524/9111/118788/6397/26065/4332/57506/8473/55146/23369/4792/127018/6850/51114/84166/148022/3428/377630/81790/23180/55198/29979/6688/29108/11213/10666/81570/10621/10211/5538/9865/4814/54106/3320/55269/3312/406932/3146/51295,Factor3
GO:0002833,positive regulation of response to biotic stimulus,351,0.30732565099752873,1.6331146072243028,2.8161876849186763e-6,3.611311314256354e-4,NA,3211,"tags=31%, list=21%, signal=25%",9450/11331/114548/10392/9261/79155/51284/207/5587/5295/8887/7301/7409/3843/57787/834/3764/5336/5581/6223/373509/83737/3055/11027/10125/29126/25942/146722/5802/64170/6777/80216/57169/839/1535/81622/84868/3551/26057/80342/7105/83666/55601/7100/9698/695/4034/153090/3133/5359/81793/56919/351/81844/22900/3656/4067/56927/54502/54209/6565/64135/7305/1520/5610/79671/23098/2634/10524/9111/118788/6397/26065/4332/57506/8473/55146/23369/4792/127018/6850/51114/84166/148022/3428/377630/81790/23180/55198/29979/6688/29108/11213/5578/10666/81570/10621/10211/5538/9865/4814/54106/3320/55269/3312/406932/3146/25818/51295,Factor3
GO:0019886,antigen processing and presentation of exogenous peptide antigen via MHC class II,20,0.737700854150696,2.3359380839886907,2.8855976255288934e-6,3.623228518554717e-4,NA,2099,"tags=65%, list=14%, signal=56%",3109/3108/3111/8722/3113/3122/5641/81622/1785/972/1520/567/3115,Factor3
GO:0051306,mitotic sister chromatid separation,60,-0.53469175605756,-2.096152876368889,3.0343262358381957e-6,3.732221270080981e-4,NA,3640,"tags=58%, list=24%, signal=44%",57405/9587/1063/1843/701/147841/118471/3619/26271/699/9212/9319/11065/10403/51433/286053/891/3550/55143/220134/9735/51143/29781/56155/9184/83540/7272/332/991/5347/9700/324/11130/8379/4085,Factor3
GO:0051784,negative regulation of nuclear division,62,-0.5351936548851852,-2.1022496815116165,3.214577515665931e-6,3.874851737383713e-4,NA,3640,"tags=58%, list=24%, signal=44%",57405/10201/9587/1063/1843/701/147841/118471/3619/286151/26271/699/9212/9319/10403/891/3550/55143/220134/9735/51143/5810/56155/1111/9184/83540/7272/332/991/5347/324/11130/8379/4085/10040/1761,Factor3
GO:0051783,regulation of nuclear division,135,-0.4181249683622036,-1.885829706142044,3.304950171513394e-6,3.905673467394358e-4,NA,4860,"tags=56%, list=32%, signal=38%",4882/7039/9183/858/221150/54998/55055/2253/10361/11105/9787/54361/1613/655/57026/9088/685/4488/54461/1814/7320/57405/10201/9587/1063/1843/701/147841/995/118471/2827/3619/286151/26271/6790/699/9212/9319/11065/10403/51433/811/286053/891/55023/3550/55143/220134/9735/51143/5810/157313/56155/346673/55512/1111/9184/83540/7272/332/991/998/5347/4288/9700/9585/324/11130/22933/8379/4085/4751/8877/10040/9820/1761,Factor3
GO:0002221,pattern recognition receptor signaling pathway,237,0.34935641508970916,1.769449937714427,3.6870257097063797e-6,4.273404606230837e-4,NA,3211,"tags=34%, list=21%, signal=27%",11331/114548/10392/9261/79155/51284/207/5587/5295/8887/7301/3843/57787/834/3764/5336/5581/373509/83737/11027/29126/146722/5802/80216/1535/81622/84868/3551/26057/80342/7105/55601/7100/9698/695/4034/153090/81793/56919/351/22900/3656/4067/56927/54209/6565/64135/1520/5610/79671/23098/2634/9111/118788/6397/26065/57506/8473/23369/4792/127018/51114/148022/3428/377630/81790/23180/55198/29979/29108/11213/81570/10211/5538/9865/4814/54106/3312/406932/3146/51295,Factor3
GO:0002768,immune response-regulating cell surface receptor signaling pathway,292,0.3299239767965406,1.721725251047954,3.992483825651183e-6,4.467690168554627e-4,NA,3555,"tags=36%, list=24%, signal=28%",27086/65125/10859/29760/3635/11006/7410/5663/3071/79155/5295/56940/8887/5747/7409/4208/100/5336/5581/7462/5777/3055/11027/2214/1445/51324/25865/8892/23304/945/718/673/5594/1240/1535/84106/3551/785/5621/7100/695/6188/10384/719/29085/5335/153090/4790/5359/10603/7805/3984/57181/126259/3656/596/4067/3684/54209/84433/7305/6794/25/5602/9111/118788/8890/3702/4332/5609/3115/4792/114625/6850/148022/2357/2822/89857/9404/23180/4773/55198/10666/2212/5579/2207/5580/9865/4814/10616/150372/406932/51295/3937/55072/868/1387/9572/5678/933/4669/2355/27242/8525,Factor3
GO:0002218,activation of innate immune response,266,0.33557994669218905,1.72112680811866,4.002908065404842e-6,4.467690168554627e-4,NA,3211,"tags=34%, list=21%, signal=27%",11331/114548/10392/9261/79155/51284/207/5587/5295/8887/7301/3843/57787/834/3764/5336/5581/373509/83737/3055/11027/29126/25942/146722/5802/80216/57169/839/1535/81622/84868/3551/26057/80342/7105/55601/7100/9698/695/4034/153090/81793/56919/351/22900/3656/4067/56927/54209/6565/64135/7305/1520/5610/79671/23098/2634/9111/118788/6397/26065/4332/57506/8473/23369/4792/127018/6850/51114/148022/3428/377630/81790/23180/55198/29979/29108/11213/81570/10211/5538/9865/4814/54106/3320/55269/3312/406932/3146/51295,Factor3
GO:0002758,innate immune response-activating signaling pathway,249,0.33630488297003847,1.7207004746773726,4.083769464278936e-6,4.4750688293107544e-4,NA,2985,"tags=32%, list=20%, signal=26%",11331/114548/10392/9261/79155/51284/207/5587/5295/8887/7301/3843/57787/834/3764/5336/5581/373509/83737/3055/11027/29126/146722/5802/80216/1535/81622/84868/3551/26057/80342/7105/55601/7100/9698/695/4034/153090/81793/56919/351/22900/3656/4067/56927/54209/6565/64135/7305/1520/5610/79671/23098/2634/9111/118788/6397/26065/57506/8473/23369/4792/127018/6850/51114/148022/3428/377630/81790/23180/55198/29979/29108/11213/81570/10211/5538/9865/4814/54106,Factor3
GO:0051985,negative regulation of chromosome segregation,48,-0.5794746487212867,-2.1409034701500365,4.500291814918977e-6,4.7584664506169605e-4,NA,3640,"tags=65%, list=24%, signal=49%",57405/9587/1063/1843/701/147841/118471/3619/26271/699/9212/9319/10403/891/3550/55143/220134/9735/51143/56155/55743/9184/83540/7272/332/991/5347/324/11130/8379/4085,Factor3
GO:0050870,positive regulation of T cell activation,233,0.34410349348019814,1.7441536486895053,4.485288754377131e-6,4.7584664506169605e-4,NA,2536,"tags=27%, list=17%, signal=23%",64410/10859/10148/114548/54440/11006/7048/3071/207/64926/6604/3109/3108/3111/199/3113/7409/7040/3122/8440/11151/100/5777/283234/10125/29126/140885/3707/920/1445/81704/6777/5530/84868/6188/2309/3133/3594/6599/126259/7412/4067/604/84433/972/25/942/10524/3606/567/57678/6541/3115/939/8289/80380/2736/6850/10326/2737/6659/3572/4254/6469,Factor3
GO:0060294,cilium movement involved in cell motility,128,-0.41968409178514615,-1.8826668074931665,4.800705223530541e-6,4.988594893485961e-4,NA,3272,"tags=42%, list=22%, signal=33%",7141/6865/151651/64800/79925/1767/80258/3301/55036/54585/122664/345895/26206/1235/202500/120935/85413/23230/150483/28981/64147/54970/127602/1768/83639/2622/83853/8756/55567/117144/8701/27285/158787/79659/9389/375189/255061/7110/144132/221421/9104/146754/29922/1770/64518/27019/132954/26150/7846/3622/4184/374768/1672/84223,Factor3
GO:0098883,synapse pruning,14,0.7946287694887678,2.2322398390961937,4.934804717184529e-6,5.041028479740874e-4,NA,1844,"tags=71%, list=12%, signal=63%",1524/2043/6376/718/714/712/3684/54209/713/23098,Factor3
GO:0140013,meiotic nuclear division,148,-0.40908109255483877,-1.8620652542690057,5.16142218372979e-6,5.184648583556574e-4,NA,3653,"tags=49%, list=24%, signal=37%",10097/54514/9133/2072/2175/4488/7320/84930/2801/83447/10744/83990/225689/10592/23397/994/100130958/146212/7153/2827/25788/84057/3619/286151/26271/6790/10111/9319/10403/10096/811/5889/348235/7155/11022/56158/220134/63979/5810/29781/56155/346673/55743/259266/146956/83540/7272/50511/1164/80010/991/7314/5347/9700/29893/675/4603/11130/56603/22933/10051/150365/29947/81930/3622/8900/5719/9232/11144/6847/1761/56159,Factor3
GO:0002429,immune response-activating cell surface receptor signaling pathway,266,0.3325184813207448,1.705425124585845,5.348619751664532e-6,5.284611679226579e-4,NA,3784,"tags=39%, list=25%, signal=29%",27086/65125/29760/3635/11006/7410/5663/3071/79155/5295/56940/8887/5747/7409/4208/100/5336/5581/7462/5777/3055/11027/1445/51324/25865/8892/23304/718/673/5594/1240/1535/84106/3551/785/5621/7100/695/6188/10384/719/29085/5335/153090/4790/5359/10603/7805/3984/57181/126259/3656/596/4067/3684/54209/84433/7305/6794/25/9111/118788/8890/3702/4332/3115/4792/114625/6850/148022/2357/2822/89857/9404/23180/4773/55198/10666/5579/2207/5580/9865/4814/10616/150372/406932/51295/3937/55072/868/1387/9572/933/4669/2355/27242/8525/3929/2885/1845/1399/581/930,Factor3
GO:1905818,regulation of chromosome separation,71,-0.515218566969813,-2.073422116733281,5.778452001113725e-6,5.617214550114906e-4,NA,3640,"tags=59%, list=24%, signal=45%",57405/225689/9587/1459/1063/10592/1843/701/23397/147841/118471/3619/26271/64151/699/9212/9319/11065/10403/51433/286053/891/3550/55143/220134/9735/51143/29781/56155/55743/9184/83540/7272/332/991/5347/9700/324/11130/8379/4085/10051,Factor3
GO:0007094,mitotic spindle assembly checkpoint signaling,44,-0.5829179128278713,-2.1320042135407635,6.432681264807751e-6,5.858100949564914e-4,NA,3640,"tags=66%, list=24%, signal=50%",57405/9587/1063/1843/701/147841/118471/3619/699/9212/9319/10403/891/3550/55143/220134/9735/51143/56155/9184/83540/7272/332/991/5347/324/11130/8379/4085,Factor3
GO:0071173,spindle assembly checkpoint signaling,44,-0.5829179128278713,-2.1320042135407635,6.432681264807751e-6,5.858100949564914e-4,NA,3640,"tags=66%, list=24%, signal=50%",57405/9587/1063/1843/701/147841/118471/3619/699/9212/9319/10403/891/3550/55143/220134/9735/51143/56155/9184/83540/7272/332/991/5347/324/11130/8379/4085,Factor3
GO:0071174,mitotic spindle checkpoint signaling,44,-0.5829179128278713,-2.1320042135407635,6.432681264807751e-6,5.858100949564914e-4,NA,3640,"tags=66%, list=24%, signal=50%",57405/9587/1063/1843/701/147841/118471/3619/699/9212/9319/10403/891/3550/55143/220134/9735/51143/56155/9184/83540/7272/332/991/5347/324/11130/8379/4085,Factor3
GO:0001539,cilium or flagellum-dependent cell motility,130,-0.41936926315108386,-1.8790490850331334,6.609438602462488e-6,5.858100949564914e-4,NA,3272,"tags=42%, list=22%, signal=33%",7141/6865/151651/64800/79925/1767/80258/85478/3301/55036/54585/122664/345895/26206/1235/202500/120935/85413/23230/150483/28981/64147/54970/127602/1768/83639/2622/83853/8756/55567/117144/8701/27285/158787/79659/9389/375189/255061/7110/144132/221421/9104/146754/29922/1770/64518/27019/132954/26150/7846/3622/4184/374768/1672/84223,Factor3
GO:0060285,cilium-dependent cell motility,130,-0.41936926315108386,-1.8790490850331334,6.609438602462488e-6,5.858100949564914e-4,NA,3272,"tags=42%, list=22%, signal=33%",7141/6865/151651/64800/79925/1767/80258/85478/3301/55036/54585/122664/345895/26206/1235/202500/120935/85413/23230/150483/28981/64147/54970/127602/1768/83639/2622/83853/8756/55567/117144/8701/27285/158787/79659/9389/375189/255061/7110/144132/221421/9104/146754/29922/1770/64518/27019/132954/26150/7846/3622/4184/374768/1672/84223,Factor3
GO:1903706,regulation of hemopoiesis,369,0.30125124211683096,1.6087770987655676,6.408627514702895e-6,5.858100949564914e-4,NA,2873,"tags=27%, list=19%, signal=22%",27086/56339/678/558/64410/22985/140685/10859/114548/3635/8861/57630/54440/11006/6655/7048/3071/6522/6604/3111/5295/441478/4208/7040/3122/123169/100/6935/5777/84289/57521/10766/10125/3707/920/1050/3601/6777/8451/673/5530/1441/4850/714/27154/1230/63976/695/55012/2309/3594/7862/6599/4067/3059/54209/3091/604/84433/6886/972/23186/6772/7305/25/2648/942/10524/3606/567/9770/8848/246778/54997/4792/939/8289/2736/6850/7030/2737/6659/1435/54623/2064/2488/4254/6469/51621/10538/6688/10234/5578/3398/7564/6601/2177/55294/406937,Factor3
GO:0045839,negative regulation of mitotic nuclear division,54,-0.5462578777907957,-2.080308671769936,6.87115263541092e-6,6.00180245414806e-4,NA,3640,"tags=61%, list=24%, signal=46%",57405/10201/9587/1063/1843/701/147841/118471/3619/26271/699/9212/9319/10403/891/3550/55143/220134/9735/51143/56155/1111/9184/83540/7272/332/991/5347/324/11130/8379/4085/10040,Factor3
GO:0019884,antigen processing and presentation of exogenous antigen,38,0.59847005831661515,2.2543600433111584,7.218915980978963e-6,6.215486659622887e-4,NA,2099,"tags=47%, list=14%, signal=41%",3109/3108/3111/8722/3113/3122/50856/4012/5641/5720/81622/3551/3133/1785/972/1520/567/3115,Factor3
GO:0042102,positive regulation of T cell proliferation,93,0.4540357202405144,1.9940556968508032,8.915587633469342e-6,7.463089814849961e-4,NA,2690,"tags=35%, list=18%, signal=29%",10148/54440/7048/3071/64926/3109/199/3113/8440/11151/283234/29126/6777/5530/84868/6188/3133/3594/126259/7412/84433/942/3606/57678/6541/3115/80380/6850/3572/4254/6469/29108/115650,Factor3
GO:0007018,microtubule-based movement,337,-0.32502994051142636,-1.6523878497007995,8.912640756697103e-6,7.463089814849961e-4,NA,3710,"tags=38%, list=25%, signal=29%",66000/8409/7320/5590/339829/219681/66008/80128/4133/83657/54768/3835/3800/23011/10126/124602/7141/3192/6865/151651/64800/79925/64284/1767/80258/85478/3315/9371/3301/55036/54585/122664/8100/345895/8382/25893/26206/23299/4976/10096/63971/1235/201625/9493/3476/54820/202500/120935/85413/23230/9531/146909/150483/28981/51143/64147/54970/127602/3801/51364/30850/55811/1768/83639/3833/2622/57560/6103/11004/1780/84062/23287/83853/8756/55567/998/24137/347240/5861/7314/10112/117144/8701/23046/150082/27285/55083/158787/9928/79659/9585/1062/3832/55081/81839/3834/9389/11127/375189/255061/324/7110/144132/221421/9104/64446/146754/200162/29922/1770/64518/27019/53340/132954/26150/81930/7846/3281/3622/4184/1176/2647/374768/1672/84223/8655/8481/26256/6990,Factor3
GO:2000106,regulation of leukocyte apoptotic process,82,0.4556446154784388,1.9622185279708773,1.0242563543880951e-5,8.456428832735684e-4,NA,2135,"tags=34%, list=14%, signal=29%",27086/7157/558/10859/4208/100/94103/29126/3707/598/25865/81704/695/11035/155038/57181/8660/10461/596/4067/3059/3091/604/972/5291/6868/57678/939,Factor3
GO:0042098,T cell proliferation,191,0.36137221700567346,1.8005257007483217,1.1986326260290321e-5,9.76237680686078e-4,NA,2757,"tags=31%, list=18%, signal=26%",7157/10859/10148/57630/54440/11006/6655/9231/7048/3071/1794/6522/64926/3109/199/3113/7040/8440/11151/5777/83737/283234/10125/29126/81704/6777/5530/84868/5621/637/6188/11035/3133/3594/5294/7133/126259/7412/604/84433/25/942/3606/57678/9479/6541/246778/3115/80380/6850/3572/2064/4254/6469/5699/29108/115650/23385/1739,Factor3
GO:0051304,chromosome separation,76,-0.4882325718767196,-1.982745423063282,1.2677180538971238e-5,0.0010187382281117287,NA,3640,"tags=55%, list=24%, signal=42%",57405/225689/9587/1459/1063/10592/1843/701/23397/147841/118471/3619/26271/64151/699/9212/9319/11065/10403/51433/286053/891/3550/55143/220134/9735/51143/29781/56155/55743/9184/83540/7272/332/991/5347/9700/324/11130/8379/4085/10051,Factor3
GO:0030098,lymphocyte differentiation,390,0.2912662809608151,1.5617530303613398,1.3358995277312592e-5,0.0010594034807416184,NA,2644,"tags=24%, list=18%, signal=20%",27086/7157/56339/678/558/64410/6929/29760/114548/3635/57630/54440/11006/6655/7048/3071/1794/6522/6604/3111/5295/7301/7409/441478/56262/7040/4066/3122/7248/100/5336/6935/55846/5777/55619/3394/3955/10320/57580/10125/3707/920/3601/3714/6777/6146/3578/673/285282/1015/695/55012/11035/9759/2309/3594/6599/7412/10461/7528/9734/596/604/84433/3570/972/6794/25/2648/942/10524/3606/51341/3716/567/3702/6868/246778/3087/939/8581/8289/2736/6850/2737/6659/3572/2064/23598/6469/10538/6688/5087/326,Factor3
GO:0051310,metaphase chromosome alignment,86,-0.4708880546633234,-1.9564309857224653,1.3689869098993717e-5,0.0010715433903848719,NA,3656,"tags=51%, list=24%, signal=39%",27243/57405/81929/1063/3835/3192/10726/147841/54984/3619/9212/113130/79003/10403/348235/891/55143/220134/10615/9735/81610/91272/79980/3833/56155/11004/9184/83540/7272/332/51510/998/9928/1062/983/324/11130/22933/8379/79998/4751/81930/1894/29127,Factor3
GO:0007088,regulation of mitotic nuclear division,111,-0.4366259772473598,-1.9126920063021282,1.4658415506320235e-5,0.001132644490469129,NA,4808,"tags=59%, list=32%, signal=40%",7039/9183/858/221150/54998/55055/2253/9787/1613/655/57026/9088/685/54461/1814/57405/10201/9587/1063/1843/701/147841/995/118471/3619/286151/26271/6790/699/9212/9319/11065/10403/51433/286053/891/55023/3550/55143/220134/9735/51143/157313/56155/55512/1111/9184/83540/7272/332/991/998/5347/4288/9700/9585/324/11130/8379/4085/4751/8877/10040/9820/1761,Factor3
GO:1902105,regulation of leukocyte differentiation,299,0.3126630202647018,1.6361827422334108,1.739136765428838e-5,0.0013268072512961529,NA,2873,"tags=27%, list=19%, signal=22%",27086/56339/678/558/64410/22985/140685/10859/114548/3635/57630/54440/11006/6655/7048/3071/6522/6604/3111/5295/441478/7040/3122/100/6935/5777/57521/10766/10125/3707/920/3601/6777/8451/673/5530/714/1230/63976/695/55012/2309/3594/6599/4067/3059/54209/604/84433/6886/972/7305/25/2648/942/10524/3606/9770/246778/54997/939/8289/2736/6850/7030/2737/6659/1435/2064/2488/4254/6469/10538/6688/10234/5578/3398/6601/2177/55294/406937,Factor3
GO:0070849,response to epidermal growth factor,42,0.5697794879792822,2.148673221443712,1.836599657473803e-5,0.0013499007482432452,NA,3147,"tags=48%, list=21%, signal=38%",6662/678/5151/207/56940/1915/51324/6777/5594/5335/153090/2296/84687/5595/58533/2064/2066/5782/1956/10458,Factor3
GO:0051303,establishment of chromosome localization,92,-0.4599172212122836,-1.9443129262354657,1.7957289803994707e-5,0.0013499007482432452,NA,3656,"tags=50%, list=24%, signal=38%",27243/7320/57405/81929/1063/3835/3192/10726/147841/54984/3619/9212/113130/79003/10403/348235/54820/891/55143/220134/10615/9735/81610/91272/79980/3833/56155/11004/9184/83540/7272/332/51510/998/9928/1062/983/324/11130/22933/8379/79998/4751/81930/1894/29127,Factor3
GO:0050863,regulation of T cell activation,348,0.3013519745805102,1.6044717620523896,1.824293940103494e-5,0.0013499007482432452,NA,2547,"tags=25%, list=17%, signal=21%",56339/64410/10859/10148/114548/79626/57630/54440/11006/6655/9231/7048/3071/207/6522/64926/6604/3109/3108/3111/199/56940/3113/7409/441478/7040/3122/8440/11151/100/6935/5777/83737/283234/10125/29126/140885/3707/920/1445/81704/6777/673/5530/84868/9306/5621/637/6188/11035/2309/3133/3594/6599/7805/7133/126259/7412/4067/604/84433/135/972/25/2648/942/10524/3606/567/57678/9479/6541/246778/3115/939/8289/80380/2736/6850/10326/2737/6659/3572/2064/4254/6469/10538,Factor3
GO:1903039,positive regulation of leukocyte cell-cell adhesion,256,0.32028846672745453,1.638689004134374,2.24381022244432e-5,0.001629330627791797,NA,2536,"tags=26%, list=17%, signal=22%",64410/10859/10148/114548/54440/11006/7048/3071/5724/207/64926/6604/3109/3108/3111/199/3113/7409/7040/3122/8440/11151/100/5777/283234/10125/29126/140885/3707/920/1445/81704/6777/5530/84868/6188/2309/3133/3594/6599/126259/7412/4067/604/84433/972/25/942/10524/3606/567/57678/240/6541/3115/939/8289/80380/2736/6850/10326/2737/6659/3572/4254/6469,Factor3
GO:0051321,meiotic cell cycle,230,-0.353242611832173,-1.7093566307675838,2.3862566391338706e-5,0.0017121391385785522,NA,3653,"tags=39%, list=24%, signal=30%",7320/84930/2801/83447/10744/83990/225689/993/10592/1843/23397/994/132625/100130958/146212/9156/7153/1017/995/2827/25788/84057/3619/286151/26271/4627/6790/10111/9319/10403/51433/10096/811/5889/348235/7155/5515/5017/11022/64848/56158/220134/8243/63979/5810/29781/9271/10844/51441/7283/56155/346673/55743/259266/146956/9184/83540/7272/50511/1164/80010/135458/991/7314/5347/9700/29893/675/4603/11130/56603/22933/85417/128153/10051/4751/150365/29947/81930/150280/3622/8900/5719/9232/27127/11144/6847/1761/56159/201164,Factor3
GO:0001776,leukocyte homeostasis,101,0.4161182451819063,1.8488770358880184,2.4967123414228784e-5,0.0017622068638760103,NA,2521,"tags=36%, list=17%, signal=30%",558/4522/54440/6655/3071/22884/207/4208/7040/11151/100/55619/83700/3707/6777/695/10572/55012/11035/55690/10603/10461/596/4067/3091/10019/972/25/5291/6868/57678/2149/5585/1435/5518/4254,Factor3
GO:0018212,peptidyl-tyrosine modification,193,0.3522057226660117,1.7542868732655483,2.5145145228693696e-5,0.0017622068638760103,NA,3133,"tags=32%, list=21%, signal=25%",7157/1436/11006/5663/56940/5747/79705/7040/3480/5336/10006/5777/8460/3055/2043/920/285489/57732/57091/5753/1609/5621/83666/9961/10152/9181/695/351/5595/51704/780/58533/4067/3059/54209/3570/238/2263/79643/25/3606/4038/54625/6868/6850/122809/1950/2064/4254/2042/2261/2066/3643/7423/55294/5580/406900/64223/1956/1942/3479,Factor3
GO:0006457,protein folding,198,-0.3648658829671602,-1.7355922973980389,3.0213378453119714e-5,0.002093057838355776,NA,3201,"tags=34%, list=21%, signal=27%",10726/51303/4878/55768/10808/22824/3336/10954/3315/3301/3310/10471/10525/10576/9532/134218/811/5611/5481/79031/22948/9531/1047/10130/81567/79087/51364/25822/5204/821/3308/5480/150353/4879/6782/134492/2281/5203/3311/23071/5202/573/55664/7411/10694/90624/120526/131118/3309/134266/132954/64374/64215/548645/10728/55466/10450/26973/60626/5034/23753/374407/6102/11328/9601/10549/51726/7184,Factor3
GO:0050853,B cell receptor signaling pathway,57,0.5120800874281081,2.071580757506415,3.257003154417857e-5,0.002230677046781412,NA,2785,"tags=44%, list=19%, signal=36%",27086/29760/3071/4208/5336/7462/5777/5594/695/4790/10603/57181/126259/596/4067/25/3702/4332/4792/6850/89857/9404/23180/4773/5579,Factor3
GO:0033047,regulation of mitotic sister chromatid segregation,53,-0.529481222244619,-2.0145461777837967,3.414307889298826e-5,0.002312138612225171,NA,3640,"tags=60%, list=24%, signal=46%",57405/9587/1063/1843/701/3192/147841/118471/3619/26271/699/9212/9319/10403/891/3550/55143/220134/9735/51143/56155/9184/83540/7272/332/991/5347/983/324/11130/8379/4085,Factor3
GO:0002275,myeloid cell activation involved in immune response,84,0.4458707296740726,1.9329053375592036,3.650365276754938e-5,0.002444527947000223,NA,3320,"tags=42%, list=22%, signal=33%",5724/1794/5336/5581/1524/7462/5777/9846/11027/10125/84106/84868/56848/695/5294/4067/3684/54209/613/7305/8832/9111/1776/6850/148022/5169/6688/29108/8673/2207/8773/6813/1773/11280/2624,Factor3
GO:0030099,myeloid cell differentiation,383,0.28890032144557976,1.5435134307989828,4.0539995388600286e-5,0.002684995079198834,NA,2956,"tags=29%, list=20%, signal=24%",27086/22985/1436/140685/10859/1943/3635/8861/11006/5663/7048/3071/863/6522/2068/5295/5926/79705/4208/5371/7040/123169/4693/10006/5777/6223/5153/9846/4891/3394/57521/10766/10202/10320/3707/2908/920/1050/7067/23054/6777/103/8451/5530/1441/4850/714/1230/2313/63976/1437/5026/2309/28996/10163/351/26276/4067/116071/3059/54209/3091/604/10019/799/6886/972/23186/6772/7305/51341/567/843/54977/84456/9770/54997/4792/669/5138/2235/3428/7030/54790/3784/4094/1435/2194/54623/65082/2488/4254/51621/10538/6688/842/10234/27102/5578/81570/6729/3398/7564/3696/5305/56975/55294/55652/406937/1969/85477/10365,Factor3
GO:0002263,cell activation involved in immune response,260,0.31444931866975867,1.617681223966172,4.325237483582084e-5,0.00283350068625535,NA,3320,"tags=30%, list=22%, signal=24%",27086/7157/10859/114548/5663/3071/5724/1794/3109/7040/3122/11151/54518/7248/100/5336/5581/1524/55846/7462/5777/9846/55619/3394/3955/11027/10125/2214/7158/1015/84106/84868/56848/695/3594/9025/5294/351/4067/3684/54209/613/604/3570/972/6830/7305/25/942/3606/8832/9111/3716/1776/246778/6850/148022/200558/5169/3572/3383/10538/6688/29108/8673/4242/2207/4683/8773/6813/5395/3146/6774/1773/28514/440275/11280/2624,Factor3
GO:0002244,hematopoietic progenitor cell differentiation,124,0.40024076196880254,1.8385650788609478,4.456818824344331e-5,0.0028883061348734715,NA,3758,"tags=41%, list=25%, signal=31%",7157/56339/1106/5663/6655/23335/2068/7040/2131/5777/83737/55526/83700/4780/5977/25942/55008/122618/103/1938/673/2009/2296/596/4067/54502/10019/6886/5610/25/10524/147744/6659/4254/6469/10538/6688/5341/5803/51205/4851/641649/2624/147808/10467/115761/55795/10443/5978/1052/7520,Factor3
GO:0031349,positive regulation of defense response,446,0.2789463127667209,1.510578414137305,4.804454136592599e-5,0.0030804728809833612,NA,2712,"tags=26%, list=18%, signal=22%",11331/114548/10392/9261/79155/51284/207/5587/5295/8887/7301/7409/3843/57787/834/55527/4208/7040/7132/3764/5336/5581/90678/6223/373509/3603/83737/3055/11027/10125/29126/25942/146722/1050/5802/64170/6376/6777/80216/57169/839/718/222236/1535/81622/84868/3551/26057/80342/7105/83666/55601/7100/9698/695/4258/4034/6622/153090/3133/5359/81793/56919/5294/351/5595/81844/22900/51704/3656/4067/56927/54502/54209/6565/64135/7305/1520/5610/79671/23098/2634/10524/3606/9111/118788/6397/26065/4332/84699/57506/8473/55146/23369/4792/127018/5138/6850/51114/84166/148022/4363/3428/63940/377630/3572/81790/183/23180/55198/27250/29979/6688/29108/11213/10666/81570/8673,Factor3
GO:0051345,positive regulation of hydrolase activity,302,0.3044003000606364,1.5883437513712653,5.52206840373167e-5,0.003503316449399029,NA,3191,"tags=31%, list=21%, signal=25%",1612/253959/10392/65018/4088/801/6001/207/3092/4916/83464/834/4208/22930/7248/23787/373509/4891/8853/55619/2043/10125/9448/64170/81704/23616/10982/5641/5720/50807/10010/4217/8874/55616/375790/6188/85440/6622/116984/7805/10395/22900/83595/4067/613/51107/29/1123/7052/395/2263/57148/9905/10276/8412/2149/5721/7249/344/10681/338328/10297/6850/3428/377630/2822/115704/4649/8743/23786/7376/9628/26230/2261/7074/5341/842/29108/5364/10235/10197/23385/9639/5580/1969/6369/255743/1942/572/27429/27113/3146/6774,Factor3
GO:0018108,peptidyl-tyrosine phosphorylation,191,0.34802853876881984,1.73404124378855,5.734836738716549e-5,0.0036004021900254836,NA,3133,"tags=31%, list=21%, signal=25%",7157/1436/11006/5663/56940/5747/79705/7040/3480/5336/10006/5777/3055/2043/920/285489/57732/57091/5753/1609/5621/83666/9961/10152/9181/695/351/5595/51704/780/58533/4067/3059/54209/3570/238/2263/79643/25/3606/4038/54625/6868/6850/122809/1950/2064/4254/2042/2261/2066/3643/7423/55294/5580/406900/64223/1956/1942/3479,Factor3
GO:0032640,tumor necrosis factor production,155,0.35974522573498047,1.7403805906418435,6.57515082323498e-5,0.004043717756289512,NA,3191,"tags=32%, list=21%, signal=26%",27086/558/10859/10392/9261/54440/11006/5663/5724/1149/5295/51738/7040/23405/5336/1524/5777/11027/140885/2214/50856/64170/6376/945/1535/84868/56848/9181/695/5987/3133/351/54209/64135/7305/6868/57506/6850/148022/724027/29108/406954/11213/2212/54106/10564/3479/406932/3146/6774,Factor3
GO:0032680,regulation of tumor necrosis factor production,155,0.35974522573498047,1.7403805906418435,6.57515082323498e-5,0.004043717756289512,NA,3191,"tags=32%, list=21%, signal=26%",27086/558/10859/10392/9261/54440/11006/5663/5724/1149/5295/51738/7040/23405/5336/1524/5777/11027/140885/2214/50856/64170/6376/945/1535/84868/56848/9181/695/5987/3133/351/54209/64135/7305/6868/57506/6850/148022/724027/29108/406954/11213/2212/54106/10564/3479/406932/3146/6774,Factor3
GO:0071887,leukocyte apoptotic process,110,0.40324949452382863,1.8286239324593498,7.723390913537183e-5,0.004701906771301879,NA,2619,"tags=33%, list=17%, signal=27%",57593/27086/7157/558/10859/207/4208/100/94103/29126/3707/598/25865/81704/80301/695/10572/11035/155038/57181/8660/10461/596/4067/3059/3091/604/972/5291/6868/57678/939/5585/2737/4254/842,Factor3
GO:0051279,regulation of release of sequestered calcium ion into cytosol,72,0.45226489757677846,1.903831589813985,8.201337391001617e-5,0.004900243397762371,NA,2244,"tags=32%, list=15%, signal=27%",287/801/5587/9472/7040/11151/5581/5777/6717/6376/3064/407050/1535/817/825/6622/5335/4067/5031/25/2946/2149/775,Factor3
GO:0050000,chromosome localization,100,-0.4378542052866147,-1.890137689394686,8.293094849373849e-5,0.004900243397762371,NA,3656,"tags=49%, list=24%, signal=37%",27243/7320/57405/81929/1063/3835/3192/10726/147841/54984/3619/9212/113130/79003/10403/10096/348235/54820/891/55143/220134/10615/9735/81610/91272/79980/3833/56155/11004/9184/83540/7272/332/51510/998/4928/4000/9928/1062/983/324/11130/22933/8379/79998/4751/81930/1894/29127,Factor3
GO:0050851,antigen receptor-mediated signaling pathway,165,0.35211730240288397,1.72137022569675,8.253967914008303e-5,0.004900243397762371,NA,2572,"tags=30%, list=17%, signal=25%",27086/65125/29760/3635/11006/5663/3071/56940/4208/100/5336/7462/5777/1445/51324/25865/8892/23304/673/5594/84106/3551/785/5621/695/6188/10384/29085/5335/4790/10603/7805/57181/126259/596/4067/84433/6794/25/8890/3702/4332/3115/4792/114625/6850/89857/9404/23180/4773,Factor3
GO:0071706,tumor necrosis factor superfamily cytokine production,159,0.35776355454797115,1.7387277610050291,8.606373885723602e-5,0.004987559173966938,NA,3191,"tags=33%, list=21%, signal=26%",27086/558/10859/10392/9261/54440/11006/5663/5724/1149/5295/51738/7040/23405/5336/1524/5777/11027/29126/140885/2214/50856/64170/6376/945/1535/84868/56848/9181/695/5987/3133/351/54209/64135/7305/942/6868/57506/6850/148022/724027/29108/406954/11213/2212/54106/10564/3479/406932/3146/6774,Factor3
GO:1903555,regulation of tumor necrosis factor superfamily cytokine production,159,0.35776355454797115,1.7387277610050291,8.606373885723602e-5,0.004987559173966938,NA,3191,"tags=33%, list=21%, signal=26%",27086/558/10859/10392/9261/54440/11006/5663/5724/1149/5295/51738/7040/23405/5336/1524/5777/11027/29126/140885/2214/50856/64170/6376/945/1535/84868/56848/9181/695/5987/3133/351/54209/64135/7305/942/6868/57506/6850/148022/724027/29108/406954/11213/2212/54106/10564/3479/406932/3146/6774,Factor3
GO:0002366,leukocyte activation involved in immune response,257,0.3125870907881414,1.602018664857317,9.684063838223922e-5,0.005558652643140531,NA,3320,"tags=30%, list=22%, signal=24%",27086/7157/10859/114548/5663/3071/5724/1794/3109/7040/3122/11151/54518/7248/100/5336/5581/1524/55846/7462/5777/9846/55619/3394/3955/11027/10125/2214/7158/1015/84106/84868/56848/695/3594/9025/5294/4067/3684/54209/613/604/3570/972/6830/7305/25/942/3606/8832/9111/3716/1776/246778/6850/148022/200558/5169/3572/3383/10538/6688/29108/8673/4242/2207/4683/8773/6813/5395/3146/6774/1773/28514/440275/11280/2624,Factor3
GO:0048872,homeostasis of number of cells,294,0.3029968099989262,1.5867390188079777,1.0642770218428617e-4,0.006051318500610309,NA,3320,"tags=33%, list=22%, signal=26%",10162/6662/558/22985/4522/3635/8861/54440/6655/57599/3071/22884/207/2068/5926/4208/7040/11151/100/1524/2131/6223/4891/55619/83700/6608/10320/3707/64170/7067/6777/103/26058/222236/695/2016/10572/55012/11035/55690/2309/28996/10603/9898/84662/10461/596/4067/3059/613/3091/604/84433/10019/6886/972/23186/6772/25/22901/5291/51341/567/54977/6868/57678/84456/9770/2149/10000/6218/669/2235/5585/3784/6659/1435/5518/4254/51621/6688/23385/171023/3398/585/7564/55652/4851/10365/608/3146/6774/51522/55808/1000/51301/4763/2624,Factor3
GO:0030851,granulocyte differentiation,39,0.5528477319812083,2.0875667268258162,1.0879905009062349e-4,0.006128335279403624,NA,2727,"tags=41%, list=18%, signal=34%",140685/3635/863/1050/8451/714/63976/1437/4067/3059/6886/84456/54997/2194/81570/6729,Factor3
GO:0030317,flagellated sperm motility,112,-0.4036998851822239,-1.772480252663908,1.3546539562141018e-4,0.007422272176456719,NA,3272,"tags=41%, list=22%, signal=32%",7141/6865/151651/64800/79925/1767/80258/3301/55036/54585/122664/26206/1235/202500/120935/85413/23230/150483/28981/64147/54970/83639/2622/83853/8756/117144/8701/27285/158787/9389/375189/255061/7110/144132/9104/29922/64518/27019/132954/26150/7846/3622/4184/374768/1672/84223,Factor3
GO:0097722,sperm motility,112,-0.4036998851822239,-1.772480252663908,1.3546539562141018e-4,0.007422272176456719,NA,3272,"tags=41%, list=22%, signal=32%",7141/6865/151651/64800/79925/1767/80258/3301/55036/54585/122664/26206/1235/202500/120935/85413/23230/150483/28981/64147/54970/83639/2622/83853/8756/117144/8701/27285/158787/9389/375189/255061/7110/144132/9104/29922/64518/27019/132954/26150/7846/3622/4184/374768/1672/84223,Factor3
GO:0016236,macroautophagy,330,0.28939260385410037,1.5296777384555773,1.3463323013703437e-4,0.007422272176456719,NA,3332,"tags=32%, list=22%, signal=26%",53349/7157/23503/11331/56893/23241/54832/64112/60412/55187/528/10392/23710/65018/801/5663/207/80208/23265/23256/23766/22930/7248/90678/64419/5830/10919/26100/23001/25851/534/23339/84932/25989/55102/23770/23192/27131/3064/154/5289/254122/91452/10152/1457/155382/27072/23092/5595/58533/10490/3091/51382/25782/26086/4864/79643/81631/10524/10533/9637/10059/167410/8473/27244/128866/81876/7249/9517/401409/29082/526/7957/65082/2548/4077/80700/55207/29979/27102/8673/55062/8897/23232/64601/51606/535/5305/55294/10558/4534/826/643246/51322/1947/27429/6829/155066/23130/79142/10254/9927/55072/137886/9114/9638/5862,Factor3
GO:0002753,cytoplasmic pattern recognition receptor signaling pathway,151,0.3504571023962774,1.6852511937875574,1.4430256581553723e-4,0.007765281822948597,NA,2791,"tags=34%, list=19%, signal=28%",11331/114548/10392/79155/51284/207/5587/8887/3843/57787/3764/5336/373509/83737/5802/80216/81622/84868/3551/26057/80342/7105/55601/9698/695/56919/22900/54209/6565/64135/5610/79671/2634/118788/6397/26065/57506/8473/23369/4792/127018/51114/148022/3428/377630/81790/23180/29979/29108/81570/10211,Factor3
GO:0031329,regulation of cellular catabolic process,415,0.2764720427711619,1.4820718127841375,1.4403624995971634e-4,0.007765281822948597,NA,3309,"tags=31%, list=22%, signal=25%",7157/65125/1612/56893/54832/64112/60412/55187/528/10392/65018/5663/207/5587/23265/23256/257364/22930/7248/10098/10868/90678/10919/94103/25851/83737/57521/534/1915/114881/221955/221937/25989/598/56963/23770/27131/3064/154/20/6653/348/5045/5289/254122/8925/3587/51085/1457/5987/6622/8754/9817/2309/5294/7805/351/7133/5595/8660/58533/596/54209/3091/51382/25782/26086/7078/4864/6794/81603/53373/25/10524/9637/5291/23012/10059/5476/27244/23530/151636/128866/7249/9517/344/526/148022/3428/10475/2822/90427/26330/7957/29979/29108/3643/27102/23352/55062/8897/3082/4218/51606/535/5305/55294/10558/4534/5580/54922/826/51322/64223/54106/572/27429/3479/6829/155066/3146/6774/8671/23130/79142/55072/9114/9638,Factor3
GO:1902099,regulation of metaphase/anaphase transition of cell cycle,89,-0.4250276863842334,-1.7793150877865527,1.5299376579407264e-4,0.008018203708181529,NA,3640,"tags=48%, list=24%, signal=37%",57405/225689/9587/1063/1843/701/6602/147841/118471/3619/26271/699/9212/9319/11065/10403/51433/51412/286053/891/3550/55143/220134/9735/51143/990/56155/55743/9184/83540/7272/332/86/991/5347/9700/1062/324/11130/8379/4085/55193/6595,Factor3
GO:0006909,phagocytosis,212,0.3266920816101412,1.6403511221241491,1.5223542938131284e-4,0.008018203708181529,NA,1805,"tags=23%, list=12%, signal=21%",399687/558/7410/51411/3071/1794/80208/199/5747/7301/7409/7040/11151/1182/5336/5581/4689/3394/19/3685/3055/140885/63916/146722/3601/1445/122618/9777/55647/23616/718/1535/1793/695/5359/1785/26276/3984/10461/4067/3684/54209/613/135/94134/7052/5031/7305/25,Factor3
GO:0030522,intracellular receptor signaling pathway,334,0.28705641298252027,1.5179192758541602,1.5223542938131284e-4,0.008018203708181529,NA,2709,"tags=28%, list=18%, signal=23%",27086/11331/4306/8648/114548/10392/79155/51284/207/5587/25959/8887/51366/340665/2103/3843/57787/29966/5371/3764/5336/373509/55809/83737/7337/2908/5802/7067/1407/4330/80216/22938/5594/81622/84868/3551/26057/80342/57617/6879/9611/9975/7105/55601/9698/695/56919/10474/22900/55823/256297/54209/10498/23558/6565/5915/64135/5610/79671/9667/2634/6096/51341/118788/6397/26065/1408/167465/57506/8473/23369/7025/4792/3172/127018/6257/5585/51114/148022/3428/9612/377630/2494/81790/7376/8031/23180/29979/10499/29108/6294/171023/81570,Factor3
GO:0071222,cellular response to lipopolysaccharide,184,0.32989240122860375,1.6198683689840179,1.5580110970934803e-4,0.008094942139812418,NA,3180,"tags=32%, list=21%, signal=26%",9450/558/8106/10859/114548/1910/79155/5724/207/834/4208/3032/5336/5581/1524/11093/3394/19/3055/11027/29126/140885/6376/5594/84868/1437/153090/8754/4790/7133/5595/22900/3656/4067/613/25/942/2634/5976/567/5609/4792/80380/6915/148022/54623/23097/129607/27250/29108/11213/5578/57048/1511/54106/2671/28964/406932/3146,Factor3
GO:0150146,cell junction disassembly,27,0.6117675132989259,2.10403210250824,0.00015934217727015809,0.008208164977839681,NA,1844,"tags=52%, list=12%, signal=46%",5295/1524/2043/9448/6376/10982/718/714/7043/712/3684/54209/713/23098,Factor3
GO:0045637,regulation of myeloid cell differentiation,176,0.33587013023701773,1.6529866655348464,1.6230496012621619e-4,0.008289932158311059,NA,3360,"tags=33%, list=22%, signal=26%",27086/22985/140685/10859/3635/8861/11006/3071/5295/4208/7040/123169/57521/10766/3707/920/6777/8451/5530/1441/4850/714/1230/63976/2309/4067/3059/54209/3091/6886/972/23186/6772/7305/567/9770/54997/4792/7030/1435/54623/2488/4254/51621/6688/10234/5578/3398/7564/55294/406937/85477/182/6774/28514/4763/2624/7704,Factor3
GO:0042113,B cell activation,237,0.31434882122390007,1.5921405135566324,1.675684696438215e-4,0.00848685013901943,NA,2920,"tags=29%, list=19%, signal=23%",7157/678/11331/6929/29760/3635/54440/3071/79155/5295/56262/4208/7040/4066/100/5336/55846/7462/5777/55619/3394/3955/10125/6777/7158/3578/718/285282/1015/695/55012/9759/9025/7805/57181/7412/8660/7528/9734/596/4067/604/84433/972/6830/7305/51293/25/942/51341/6868/4332/3087/939/6850/5585/148022/200558/8935/10538/4773/6688/115650/3398/5579/4242/4683/5580,Factor3
GO:0007219,Notch signaling pathway,165,0.3437612952918605,1.6805208219654657,1.7983494604819616e-4,0.009032210165270652,NA,3496,"tags=38%, list=23%, signal=30%",6662/56339/102/5663/7048/207/221336/83464/55333/441478/7040/6400/10098/92714/27255/3955/1050/3714/23509/84441/1018/2296/351/83714/3993/4854/604/80213/51107/6092/81619/23493/26160/23090/51341/6868/6928/22848/151636/4792/10413/55759/22905/58495/3572/5664/11156/23385/51006/4242/55294/4851/6909/182/142678/2762/6774/28514/2624/650/1004/9139/51162,Factor3
GO:0071219,cellular response to molecule of bacterial origin,192,0.32487018600910433,1.6133851087043585,1.976801637198328e-4,0.009774154335119163,NA,2675,"tags=28%, list=18%, signal=23%",9450/558/8106/10859/114548/1910/79155/5724/207/834/4208/3032/5336/5581/1524/11093/3394/19/3055/11027/29126/140885/6376/5594/84868/1437/153090/8754/4790/81793/7133/5595/22900/3656/4067/54209/613/25/942/2634/5976/567/5609/4792/80380/6915/148022/54623/23097/129607/27250/29108/11213/5578,Factor3
GO:0019221,cytokine-mediated signaling pathway,448,0.2655044026721469,1.435896180655859,1.9785080950465207e-4,0.009774154335119163,NA,2152,"tags=20%, list=14%, signal=18%",8439/7157/56339/11024/558/65125/10555/1436/10859/10148/9261/11006/79155/207/5295/9253/834/8986/23405/7132/583/1524/54756/2131/5777/3603/3055/11027/25942/5894/920/146722/1050/3601/117584/9825/6376/6777/2057/3578/103/10936/26058/1240/1441/3663/3551/10010/246330/1230/83666/3587/1437/9759/2309/2296/3594/5516/10603/7805/7133/26280/5595/79602/81844/22900/3656/4067/3059/54502/54209/3091/3570/10019/64135/972/6772/10554/3606/1439/79092/3716/26065/54625/6868/57506/407015/4792/10413,Factor3
GO:2000242,negative regulation of reproductive process,65,-0.46101148516921164,-1.8345020328530772,2.025688262648663e-4,0.009925872486978448,NA,2920,"tags=38%, list=19%, signal=31%",286151/26271/4627/9319/811/5017/7783/6615/5810/55840/5327/55743/23414/4824/7272/22917/7784/11130/9104/344758/2516/10549/7076/1761/56159,Factor3
GO:0038093,Fc receptor signaling pathway,51,0.48816169900972584,1.930436510911453,2.045092082148691e-4,0.009940137079927549,NA,2920,"tags=41%, list=19%, signal=33%",7410/5747/7409/5336/5581/3055/2214/945/3551/695/5335/3984/4067/25/5602/5609/6850/55198/2212/2207/5580,Factor3
GO:0070723,response to cholesterol,29,0.5678809819889672,2.0178804273575035,2.2114348142339904e-4,0.010624526695974943,NA,2716,"tags=45%, list=18%, signal=37%",7048/7040/19/6608/114881/20/57476/4779/1581/23209/57655/2822/1582,Factor3
GO:0010634,positive regulation of epithelial cell migration,48,0.5041193962151032,1.9883741523085567,2.2211554068240298e-4,0.010624526695974943,NA,1980,"tags=35%, list=13%, signal=31%",6662/7048/5747/5336/5581/57669/9448/10982/23332/1793/5335/8754/8660/57111/3091/8766/152007,Factor3
GO:0006958,"complement activation, classical pathway",28,0.5850398320607264,2.0464072557772193,2.3933914519839298e-4,0.011358244315832398,NA,1702,"tags=32%, list=11%, signal=29%",51279/716/715/718/714/3426/712/54209/713,Factor3
GO:0030183,B cell differentiation,129,0.36871267069007774,1.7097766327961743,2.4279052873920482e-4,0.011432019661806151,NA,2237,"tags=27%, list=15%, signal=23%",7157/678/6929/29760/3635/3071/5295/56262/4066/100/5336/55846/5777/55619/3394/3955/6777/3578/285282/1015/695/55012/9759/7412/7528/9734/596/604/84433/25/51341/6868/3087/939/6850,Factor3
GO:0071364,cellular response to epidermal growth factor stimulus,37,0.5478628871153965,2.044316632416019,2.6338652468226097e-4,0.012305663443875866,NA,3147,"tags=46%, list=21%, signal=36%",6662/678/5151/207/56940/1915/6777/5335/153090/2296/84687/58533/2064/2066/5782/1956/10458,Factor3
GO:0002573,myeloid leukocyte differentiation,218,0.31680383148304087,1.6021373639477878,2.6560650192455627e-4,0.012313926054610003,NA,2934,"tags=29%, list=20%, signal=24%",27086/22985/1436/140685/10859/1943/3635/11006/5663/7048/863/6522/5295/79705/7040/4693/5153/9846/57521/10766/10202/2908/920/1050/8451/5530/714/1230/63976/1437/5026/351/4067/116071/3059/54209/799/6886/972/7305/843/84456/9770/54997/5138/3428/7030/1435/2194/2488/4254/10538/6688/10234/27102/5578/81570/6729/3398/3696/56975/55294/406937/1969,Factor3
GO:0002687,positive regulation of leukocyte migration,135,0.35079151521897667,1.6483250647983219,3.0129327017003056e-4,0.013861790376448658,NA,2861,"tags=31%, list=19%, signal=25%",65125/102/1436/58494/3071/5724/199/5295/5747/7040/83692/11151/1524/83700/81704/6376/3674/5641/5594/1240/64805/1230/719/351/5595/54209/3570/972/9439/25/57118/10059/6868/63940/1435/3383/4254/284340/29108/1906/7423/5879,Factor3
GO:0035023,regulation of Rho protein signal transduction,72,0.4295051826506989,1.8080234373714774,3.208669724256361e-4,0.014650494263706884,NA,2930,"tags=42%, list=20%, signal=34%",11214/25959/55619/19/5894/81704/348/90627/9181/85440/117289/10395/613/604/50650/1902/25/10276/57569/397/23263/7126/23370/2149/2064/5364/4983/10211/5879/54922,Factor3
GO:0043547,positive regulation of GTPase activity,125,0.3666373894839705,1.6974006830190242,3.4241305870294996e-4,0.015516718081223154,NA,3737,"tags=41%, list=25%, signal=31%",253959/6001/4916/22930/7248/8853/55619/10125/9448/81704/23616/10982/50807/8874/55616/375790/85440/116984/613/29/1123/7052/395/57148/9905/10276/8412/2149/7249/10681/10297/377630/115704/4649/9628/26230/7074/5364/10235/9639/1969/6369/11033/4763/57679/5300/6363/1856/85360/8394/84144,Factor3
GO:0033077,T cell differentiation in thymus,82,0.4018645720068735,1.730616542234302,3.465154466777051e-4,0.01558543729198902,NA,2644,"tags=30%, list=18%, signal=25%",7157/678/6655/1794/100/6935/10125/3707/3714/6777/673/285282/11035/596/84433/972/6794/25/567/6868/2736/2737/2064/6469/326,Factor3
GO:0050730,regulation of peptidyl-tyrosine phosphorylation,150,0.3457378969894519,1.6562485402116869,3.537322450960262e-4,0.01579217956439815,NA,3133,"tags=31%, list=21%, signal=25%",7157/1436/11006/5663/56940/79705/7040/5336/10006/5777/2043/920/285489/57732/57091/5753/1609/5621/83666/9961/9181/351/51704/58533/3059/54209/3570/79643/25/3606/4038/54625/6868/6850/122809/1950/4254/2261/2066/7423/55294/5580/406900/64223/1956/1942/3479,Factor3
GO:0051988,regulation of attachment of spindle microtubules to kinetochore,22,-0.6335204425488103,-1.9883999349756405,3.6370740835718087e-4,0.015884525725860354,NA,3263,"tags=68%, list=22%, signal=53%",3192/3619/9212/891/55143/10615/9735/332/998/983/324/22933/4751/1894/29127,Factor3
GO:0051170,import into nucleus,158,0.34454169156030523,1.6719172755472145,3.58497831682934e-4,0.015884525725860354,NA,3373,"tags=34%, list=22%, signal=27%",7157/11331/6788/4088/5663/207/80208/5587/5295/51366/3843/11142/5371/7040/30000/285190/10526/6608/146059/103/5530/8021/754/60468/3059/10073/51194/1408/57506/7249/4792/7545/64901/6850/55746/55705/2737/7957/23534/6469/55198/23511/9670/6396/5580/4851/53371/3320/6789/3312/6774/868/4763/100101267,Factor3
GO:0002250,adaptive immune response,394,0.271752839343402,1.4567370981113954,3.6149349708236876e-4,0.015884525725860354,NA,3191,"tags=28%, list=21%, signal=22%",11024/10859/10148/114548/6494/3635/54440/11006/3071/3109/3108/3111/56940/3113/4208/7040/3122/7248/100/3764/1524/7462/51279/5777/7454/83700/716/51752/29126/2214/920/715/28988/1445/25865/50856/64170/127544/7158/3578/718/81622/84868/714/10068/695/10384/5987/89790/11035/3426/11069/3133/3594/9025/5294/7133/60468/712/3903/4067/54209/604/3570/972/713/6830/1520/942/3606/1439/55611/8832/3716/567/3702/6868/246778/3115/939/80380/6850/5585/200558/7030/89857/3572/3383/10538/23180/29108/113/326/10666/115650/2212/5579/2207/4683/5580/4851/219972/182/608/56259/3312/5395/3146/6774,Factor3
GO:0060326,cell chemotaxis,264,0.29217226129862317,1.4963594710784154,3.6634418111588374e-4,0.015884578270398787,NA,2991,"tags=26%, list=20%, signal=21%",65125/102/1436/9732/1910/51411/3071/5587/199/5747/7409/11151/7226/1524/6223/3603/83700/2246/57580/63916/25865/6376/1901/58191/5641/5594/1240/1441/2247/1230/719/2549/23521/80270/5294/351/5595/7412/4067/3570/972/1902/57118/57509/5478/10059/6868/240/23396/6850/4363/63940/1435/9034/284340/7074/1906/6729/3082/5872/7423/5879/2207/5580/4851/1969/1511/4814/6369,Factor3
GO:0046640,regulation of alpha-beta T cell proliferation,34,0.5335505667637775,1.9302358705475138,3.9945890574902916e-4,0.01715751331087082,NA,2237,"tags=35%, list=15%, signal=30%",10148/57630/7048/6522/64926/83737/29126/3133/84433/3606/9479/6850,Factor3
GO:0030100,regulation of endocytosis,281,0.2921818287881466,1.5084483206287531,4.0139528402734133e-4,0.01715751331087082,NA,3585,"tags=31%, list=24%, signal=24%",399687/558/25999/10859/3071/3092/1794/5587/55333/150696/257364/7040/5336/90678/3685/3055/140885/146722/114781/3601/1445/85439/8976/51479/1609/718/5530/20/1535/348/29904/695/6622/192683/274/5359/160/351/8650/10461/54209/613/7052/1902/25/5291/57118/23327/567/22848/84896/7249/344/29934/9784/6850/10326/1950/7376/2042/55198/29108/55182/4289/3643/26119/4983/2212/10211/5879/2207/6424/5538/3312/3673/1861/3146/28514/868/26045/2624/55738/933/10347/23154/406976/6363,Factor3
GO:0002431,Fc receptor mediated stimulatory signaling pathway,29,0.5548841462314318,1.9716981086595684,4.146744184287808e-4,0.017477221817274558,NA,2920,"tags=52%, list=19%, signal=42%",7410/5747/7409/5581/3055/1445/5359/3984/4067/25/6850/55198/10666/2207/5580,Factor3
GO:0006606,protein import into nucleus,153,0.34211574949566853,1.6501385051774875,4.118793691821754e-4,0.017477221817274558,NA,3373,"tags=34%, list=22%, signal=27%",7157/11331/6788/4088/5663/207/80208/5587/5295/51366/3843/11142/5371/7040/30000/285190/10526/6608/103/5530/8021/754/3059/10073/51194/1408/57506/7249/4792/7545/64901/6850/55746/55705/2737/7957/23534/6469/55198/23511/9670/6396/5580/4851/53371/3320/6789/3312/6774/868/4763/100101267,Factor3
GO:0030071,regulation of mitotic metaphase/anaphase transition,87,-0.41565868531972205,-1.733481434404899,4.4744054122984535e-4,0.018727250986057483,NA,3640,"tags=47%, list=24%, signal=36%",57405/9587/1063/1843/701/6602/147841/118471/3619/26271/699/9212/9319/11065/10403/51433/51412/286053/891/3550/55143/220134/9735/51143/990/56155/9184/83540/7272/332/86/991/5347/9700/1062/324/11130/8379/4085/55193/6595,Factor3
GO:0034341,response to type II interferon,104,0.3827685796662206,1.710951376924014,4.5989380742870637e-4,0.01911572398188147,NA,1972,"tags=26%, list=13%, signal=23%",7157/1612/23580/801/199/3113/834/11093/7454/3394/51667/3055/140885/5894/4261/58191/55647/83666/6622/23521/3594/972/6772/115361/2634/3716/54625,Factor3
GO:0010506,regulation of autophagy,329,0.279591479422854,1.4756049000593419,4.6864461997370453e-4,0.019346035099873406,NA,3309,"tags=31%, list=22%, signal=24%",7157/65125/1612/56893/54832/64112/60412/55187/528/10392/65018/207/5587/23265/23256/22930/7248/10868/90678/10919/94103/25851/57521/534/1915/114881/221937/25989/598/23770/27131/3064/154/5289/254122/8925/3587/1457/5987/6622/9817/2309/5595/58533/596/54209/3091/51382/25782/26086/4864/6794/81603/53373/25/10524/9637/5291/23012/10059/5476/27244/128866/7249/9517/526/148022/3428/10475/90427/7957/29979/29108/27102/23352/55062/8897/3082/4218/51606/535/5305/55294/10558/4534/54922/826/51322/64223/54106/572/27429/6829/155066/3146/6774/23130/79142/55072/9114/9638,Factor3
GO:0010632,regulation of epithelial cell migration,68,0.4341061219575762,1.816911779531231,4.773845637470991e-4,0.019572767113631064,NA,3237,"tags=40%, list=22%, signal=31%",6662/7048/5747/4163/51466/5336/5581/57669/9448/10982/23332/1793/5335/153090/8754/8660/57111/3091/8766/152007/6239/5728/23499/80005/394/3673/91862,Factor3
GO:0002761,regulation of myeloid leukocyte differentiation,110,0.37648860839813486,1.7072707814007282,4.942171887316077e-4,0.019857646643236,NA,2873,"tags=30%, list=19%, signal=24%",27086/22985/140685/10859/3635/11006/5295/7040/57521/10766/920/8451/5530/714/1230/63976/4067/3059/54209/6886/972/7305/9770/54997/7030/1435/2488/4254/10234/5578/3398/55294/406937,Factor3
GO:0032635,interleukin-6 production,144,0.3364504644804555,1.6024561424266288,4.932531044696648e-4,0.019857646643236,NA,3191,"tags=34%, list=21%, signal=27%",10392/9261/3635/11006/3071/51284/5724/199/51738/7040/5336/5777/3603/11027/140885/1445/64170/6376/1535/81622/84868/56848/9181/695/351/54209/3570/64135/972/7305/79671/57506/2149/4829/407015/6850/148022/114899/724027/29108/406954/11213/4828/3082/10365/54106/406932/3146/6774,Factor3
GO:0032675,regulation of interleukin-6 production,144,0.3364504644804555,1.6024561424266288,4.932531044696648e-4,0.019857646643236,NA,3191,"tags=34%, list=21%, signal=27%",10392/9261/3635/11006/3071/51284/5724/199/51738/7040/5336/5777/3603/11027/140885/1445/64170/6376/1535/81622/84868/56848/9181/695/351/54209/3570/64135/972/7305/79671/57506/2149/4829/407015/6850/148022/114899/724027/29108/406954/11213/4828/3082/10365/54106/406932/3146/6774,Factor3
GO:0030852,regulation of granulocyte differentiation,14,0.6941885237185594,1.9500870569849724,5.018186159076027e-4,0.020029541709106768,NA,2075,"tags=50%, list=14%, signal=43%",140685/3635/8451/714/63976/3059/54997,Factor3
GO:0051983,regulation of chromosome segregation,122,-0.38470125863756244,-1.7059747451090854,5.131687396092702e-4,0.020347815747533367,NA,3661,"tags=47%, list=24%, signal=36%",10460/57405/225689/9587/56852/1459/1063/10592/1843/701/23397/6602/3192/147841/118471/3619/26271/64151/699/9212/9319/11065/10403/51433/51412/286053/891/3550/55143/220134/9735/51143/990/29781/157313/56155/55743/11004/9184/83540/7272/332/86/991/5347/4288/9700/1062/983/324/11130/22933/8379/4085/55193/10051/6595,Factor3
GO:0002886,regulation of myeloid leukocyte mediated immunity,50,0.4715788876348385,1.8607380947368188,5.345539625603724e-4,0.02105723354478016,NA,3944,"tags=52%, list=26%, signal=38%",5724/1524/9846/718/84106/56848/695/3133/1653/4067/3684/613/7305/8832/57506/1776/6850/148022/6688/8673/6813/1773/2624/5443/57126/6810,Factor3
GO:0002281,macrophage activation involved in immune response,16,0.6820370972053891,2.0093817916795276,5.475836096618406e-4,0.02133917300585471,NA,2276,"tags=56%, list=15%, signal=48%",5336/5581/1524/84868/54209/7305/9111/6850/148022,Factor3
GO:0060218,hematopoietic stem cell differentiation,36,0.5237452934109216,1.9316332514828645,5.487924035021537e-4,0.02133917300585471,NA,1868,"tags=39%, list=12%, signal=34%",7157/56339/1106/2068/2131/83737/4780/2296/596/10019/6886/5610/25/10524,Factor3
GO:0044784,metaphase/anaphase transition of cell cycle,93,-0.4027863821234677,-1.7064980876695157,5.711715726605789e-4,0.022066994028367367,NA,3661,"tags=47%, list=24%, signal=36%",10460/57405/225689/9587/1063/1843/701/6602/147841/118471/3619/26271/699/9212/9319/11065/10403/51433/51412/286053/891/3550/55143/220134/9735/51143/990/56155/55743/9184/83540/7272/332/86/991/5347/9700/1062/324/11130/8379/4085/55193/6595,Factor3
GO:0050920,regulation of chemotaxis,181,0.3205086628232674,1.5759654563090901,5.77336847586406e-4,0.022163115798746937,NA,3180,"tags=30%, list=21%, signal=24%",65125/102/1436/1954/4088/3071/5587/4916/199/5747/7040/1524/3603/83700/2246/25865/1901/5641/5594/1240/64805/2247/1230/719/351/5595/54915/4067/54209/3570/972/6092/1902/4858/57118/57509/10059/6868/23077/63940/1435/284340/7074/1906/7423/5879/55079/4851/4814/10716/9097/3673/64094/3146,Factor3
GO:0007159,leukocyte cell-cell adhesion,376,0.269886395716443,1.445802753182441,6.131394881170402e-4,0.023388555030894945,NA,2536,"tags=23%, list=17%, signal=19%",65125/64410/58494/10859/10148/114548/79626/6404/54440/11006/9231/7048/3071/5724/207/6522/64926/6604/3109/3108/3111/199/56940/3113/7409/441478/7040/3122/8440/11151/100/1524/2131/5777/83737/283234/10125/29126/140885/3707/920/1445/81704/6777/5530/84868/9306/5621/6188/2309/3133/3594/6599/7805/126259/51148/7412/4067/604/84433/135/972/25/942/10524/3606/567/57678/240/6541/3115/939/8289/80380/2736/6850/10326/6402/2737/6659/3572/3383/2064/4254/6469,Factor3
GO:0030888,regulation of B cell proliferation,59,0.44228575558726363,1.790638900051745,6.326572418350428e-4,0.023840961914000675,NA,2690,"tags=36%, list=18%, signal=29%",6929/3635/54440/3071/4208/100/695/57181/8660/596/4067/604/84433/972/7305/51293/4332/5585/148022/4773/115650,Factor3
GO:0050921,positive regulation of chemotaxis,130,0.34804744007043786,1.6208808848219132,6.329108853891003e-4,0.023840961914000675,NA,2861,"tags=29%, list=19%, signal=24%",65125/102/1436/1954/4088/3071/5587/4916/199/5747/7040/1524/3603/25865/1901/5641/5594/1240/64805/2247/1230/719/351/5595/54209/3570/972/1902/57118/10059/6868/63940/1435/284340/7074/1906/7423/5879,Factor3
GO:0097501,stress response to metal ion,17,-0.6738724987029864,-1.984910217964973,6.402826353900668e-4,0.023968841263949887,NA,3766,"tags=65%, list=25%, signal=49%",4504/64116/4489/4496/11315/55532/4499/4493/4495/538/4494,Factor3
GO:0061517,macrophage proliferation,11,0.7546643415581262,1.9869677491749063,6.644328482310285e-4,0.024422403362217137,NA,2358,"tags=73%, list=16%, signal=61%",1436/5747/4693/6376/5594/5595/54209/1435,Factor3
GO:0007080,mitotic metaphase chromosome alignment,56,-0.46734351526167395,-1.7928370663185988,6.625397971510295e-4,0.024422403362217137,NA,3656,"tags=50%, list=24%, signal=38%",27243/81929/3835/3192/10726/54984/3619/9212/113130/79003/10403/348235/891/55143/220134/91272/3833/11004/83540/7272/332/51510/9928/1062/983/8379/79998/81930,Factor3
GO:0042987,amyloid precursor protein catabolic process,59,0.4410717785181872,1.7857239903215578,6.64555193529718e-4,0.024422403362217137,NA,3721,"tags=47%, list=25%, signal=36%",102/5663/83464/2043/20/6653/348/5621/8754/274/351/4067/51107/23163/6868/10972/10048/5664/23385/23621/2319/1942/3479/10347/5300/100126296/2280/10313,Factor3
GO:0030242,autophagy of peroxisome,13,0.7117204630083774,1.9543923859115027,6.734109070239223e-4,0.024597863858382904,NA,3215,"tags=54%, list=21%, signal=42%",5830/26100/55102/5289/91452/55062/23130,Factor3
GO:0007093,mitotic cell cycle checkpoint signaling,130,-0.35828339522027336,-1.605344371002883,6.933147872898534e-4,0.025172338692746665,NA,3525,"tags=41%, list=23%, signal=31%",9587/1063/1843/701/79184/147841/1017/51514/118471/55159/3619/10111/699/9212/8870/9319/6118/595/10403/25949/891/3550/55143/220134/9735/51143/990/51499/56155/55743/1111/29980/10769/146956/9184/63967/83540/7272/332/135458/991/144455/5347/11073/983/324/51512/11130/8379/4085/8738/144715/11200,Factor3
GO:0046349,amino sugar biosynthetic process,13,-0.6962243226117224,-1.8724485423401942,7.164413878213501e-4,0.02585624098442681,NA,2000,"tags=62%, list=13%, signal=53%",91373/132789/5238/6675/10020/54187/140838/2673,Factor3
GO:0071677,positive regulation of mononuclear cell migration,84,0.39638584830595397,1.7183821922636164,7.244735147424992e-4,0.025990487341387158,NA,2002,"tags=30%, list=13%, signal=26%",65125/102/1436/58494/199/5747/7040/83692/11151/1524/83700/81704/6376/5641/5594/1240/64805/1230/719/351/5595/54209/9439/25/6868,Factor3
GO:0022409,positive regulation of cell-cell adhesion,301,0.2787034318589914,1.455277943709127,7.35528338068383e-4,0.026230942565314466,NA,2536,"tags=24%, list=17%, signal=20%",64410/10859/10148/114548/54440/11006/7082/7048/3071/5724/207/64926/6604/3109/3108/3111/199/3113/7409/7040/3122/8440/11151/100/5777/283234/10125/29126/140885/3707/920/1445/81704/6376/6777/5530/84868/6188/2309/3133/3594/6599/126259/7412/4067/604/84433/3570/972/25/942/10524/3606/3716/567/57678/240/6541/3115/939/8289/80380/2736/6850/10326/2737/6659/3572/6657/4254/6469,Factor3
GO:0061687,detoxification of inorganic compound,19,-0.6520366985901794,-1.9713091849056654,7.503553861944976e-4,0.026292976236013003,NA,3766,"tags=63%, list=25%, signal=47%",4504/64116/4489/4496/11315/55532/4499/4493/4495/7295/538/4494,Factor3
GO:0032486,Rap protein signal transduction,13,-0.6930057310599214,-1.8637923565911088,7.41876884981751e-4,0.026292976236013003,NA,1951,"tags=46%, list=13%, signal=40%",57826/10769/5912/5911/9928/5908,Factor3
GO:1903037,regulation of leukocyte cell-cell adhesion,344,0.2747485349722703,1.4554177821887808,7.482786824783439e-4,0.026292976236013003,NA,2536,"tags=23%, list=17%, signal=19%",65125/64410/10859/10148/114548/79626/54440/11006/9231/7048/3071/5724/207/6522/64926/6604/3109/3108/3111/199/56940/3113/7409/441478/7040/3122/8440/11151/100/5777/83737/283234/10125/29126/140885/3707/920/1445/81704/6777/5530/84868/9306/5621/6188/2309/3133/3594/6599/7805/126259/7412/4067/604/84433/135/972/25/942/10524/3606/567/57678/240/6541/3115/939/8289/80380/2736/6850/10326/2737/6659/3572/2064/4254/6469,Factor3
GO:0051315,attachment of mitotic spindle microtubules to kinetochore,23,-0.6088800628007379,-1.9429152237608653,7.920386322370281e-4,0.027328804467875164,NA,3458,"tags=70%, list=23%, signal=54%",81929/3192/3619/9212/79003/10403/348235/55143/220134/91272/11004/83540/332/1062/983/8379,Factor3
GO:0038094,Fc-gamma receptor signaling pathway,29,0.5384514783346186,1.9133070725623436,7.935192934923102e-4,0.027328804467875164,NA,2920,"tags=52%, list=19%, signal=42%",7410/5747/7409/5581/3055/2214/945/3984/4067/25/6850/55198/2212/2207/5580,Factor3
GO:0071346,cellular response to type II interferon,84,0.3936534887734342,1.7065370722029234,7.888700308265429e-4,0.027328804467875164,NA,1972,"tags=26%, list=13%, signal=23%",7157/1612/23580/801/199/3113/834/11093/7454/3394/3055/140885/5894/55647/83666/23521/3594/6772/115361/2634/3716/54625,Factor3
GO:0006935,chemotaxis,392,0.25781844890992556,1.3829415891345447,8.150055405287167e-4,0.027909309049810087,NA,3180,"tags=26%, list=21%, signal=21%",65125/102/1436/9732/1954/1910/4088/8846/51411/3071/5724/1794/5587/4916/199/5747/7409/7040/11151/7226/1524/6223/3603/83700/3685/2246/57580/5604/63916/25865/6376/1901/58191/5641/5594/1240/1441/64805/2247/10501/1230/719/2549/23521/80270/10800/5294/351/5595/7412/54915/4067/54209/3570/56920/972/6092/1902/4858/10509/5291/57118/57509/57556/5478/10059/6868/240/23396/23077/7249/6850/4363/63940/2357/1435/9034/8828/284340/7074/1906/6729/3082/5872/23767/7423/5879/2207/55079/5580/4851/1969/1511/4814/6369/10716/9097/3673/64094/3146,Factor3
GO:0001782,B cell homeostasis,33,0.5258197941932805,1.8923115931885548,8.317392594632701e-4,0.028321426648503553,NA,2239,"tags=42%, list=15%, signal=36%",54440/6655/3071/4208/100/55619/55012/10603/596/4067/3091/972/25/5585,Factor3
GO:0007200,phospholipase C-activating G protein-coupled receptor signaling pathway,125,0.3531853369162935,1.6351224651631744,8.588344413887235e-4,0.028939455330727403,NA,2797,"tags=31%, list=19%, signal=26%",1910/23683/5724/146/5587/5330/2864/1524/25865/1901/1609/1240/64805/56288/719/5294/1909/3269/7052/5031/1902/88/5745/56923/1816/3358/2149/4829/3632/2357/2776/5032/183/5341/9630/1906/5579/1241/4142,Factor3
GO:0007041,lysosomal transport,117,0.3525631460497321,1.6132863983294352,8.594927002157301e-4,0.028939455330727403,NA,3798,"tags=41%, list=25%, signal=31%",4074/65018/22898/4693/29911/6293/23339/9392/51479/154/6653/57617/5289/84572/7782/51172/274/79666/56112/27072/7805/55823/4864/79643/23163/151636/128866/29082/65082/8031/64400/80700/55207/64601/55850/55652/4534/64089/2580/3312/6272/10368/3920/57679/3916/23295/81609/9179,Factor3
GO:0002396,MHC protein complex assembly,13,0.7019470805364941,1.927554567862951,8.700241331306889e-4,0.028970361604301997,NA,2099,"tags=62%, list=14%, signal=53%",55080/3109/3108/3111/3113/3122/567/3115,Factor3
GO:0002501,peptide antigen assembly with MHC protein complex,13,0.7019470805364941,1.927554567862951,8.700241331306889e-4,0.028970361604301997,NA,2099,"tags=62%, list=14%, signal=53%",55080/3109/3108/3111/3113/3122/567/3115,Factor3
GO:0042116,macrophage activation,94,0.3810993423440082,1.6784443147495434,9.305856864036367e-4,0.03064830563909682,NA,2276,"tags=24%, list=15%, signal=21%",27086/399687/79155/64784/199/3764/5336/5581/1524/2214/1050/6376/84868/6622/351/712/3684/54209/972/7305/9111/6850/148022,Factor3
GO:0003279,cardiac septum development,101,0.3638161264478766,1.61649071931744,9.287842569828587e-4,0.03064830563909682,NA,3028,"tags=30%, list=20%, signal=24%",7157/25831/287/6299/7048/7798/3764/199699/2535/6608/5629/11174/60485/4091/9321/3340/5915/6092/2263/23493/163/657/9784/5138/6659/8828/4851/6909/78987/182,Factor3
GO:0050847,progesterone receptor signaling pathway,11,0.7462672272035683,1.9648588532196636,9.377417365839744e-4,0.0307161382956066,NA,1634,"tags=55%, list=11%, signal=49%",8648/51366/55809/7337/5594/23558,Factor3
GO:0006858,extracellular transport,33,-0.5212141001782602,-1.7870010438858763,9.475840602736918e-4,0.030870752060916436,NA,3577,"tags=58%, list=24%, signal=44%",339829/7251/79925/1767/11060/55036/345895/8382/55811/2622/83853/8701/81839/200162/1770/27019/53340/8481/26256,Factor3
GO:0140105,interleukin-10-mediated signaling pathway,11,0.7433788877020033,1.9572540982017859,9.755324360466218e-4,0.03143196013144666,NA,1944,"tags=55%, list=13%, signal=48%",11024/10859/11006/11027/3587/3716,Factor3
GO:0002260,lymphocyte homeostasis,72,0.4077715440859824,1.716534604426881,9.804560319747755e-4,0.03143196013144666,NA,2007,"tags=31%, list=13%, signal=27%",54440/6655/3071/22884/207/4208/7040/11151/100/55619/6777/10572/55012/11035/55690/10603/596/4067/3091/972/25/57678,Factor3
GO:0016241,regulation of macroautophagy,177,0.3184646481663042,1.5689744399039451,9.758673939368755e-4,0.03143196013144666,NA,3309,"tags=33%, list=22%, signal=26%",7157/56893/54832/64112/60412/55187/528/10392/65018/207/23265/23256/22930/7248/90678/10919/25851/534/23770/27131/3064/154/5289/254122/1457/5595/58533/3091/51382/25782/26086/4864/10524/9637/10059/27244/7249/9517/526/7957/29979/27102/55062/51606/535/5305/55294/10558/4534/826/51322/27429/6829/155066/23130/79142/55072/9114/9638,Factor3
GO:2000107,negative regulation of leukocyte apoptotic process,51,0.4479531313205024,1.7714316416720393,0.0010187298659905012,0.03235131015341456,NA,2135,"tags=35%, list=14%, signal=30%",27086/558/10859/100/94103/3707/598/81704/57181/8660/10461/596/3059/3091/604/972/57678/939,Factor3
GO:0032760,positive regulation of tumor necrosis factor production,91,0.3781141782437679,1.6598092311559183,0.001024991171130272,0.03235131015341456,NA,3191,"tags=34%, list=21%, signal=27%",10392/9261/54440/5663/5724/5295/7040/5336/11027/2214/64170/1535/84868/56848/9181/695/3133/351/64135/7305/6868/57506/6850/148022/724027/29108/2212/54106/10564/3146/6774,Factor3
GO:0090132,epithelium migration,97,0.3649146882292421,1.6144697668691228,0.001025236475742854,0.03235131015341456,NA,1608,"tags=25%, list=11%, signal=22%",6662/7048/25959/5747/4163/51466/11151/5336/5581/5586/57669/9448/5629/10982/23332/1793/5335/153090/8754/29941/8660/57111/3091/8766,Factor3
GO:0003351,epithelial cilium movement involved in extracellular fluid movement,30,-0.5575118329505344,-1.865174348312322,0.001032439687964286,0.03240892708000392,NA,3126,"tags=53%, list=21%, signal=42%",79925/1767/55036/345895/8382/55811/2622/83853/8701/81839/200162/1770/27019/53340/8481/26256,Factor3
GO:0051281,positive regulation of release of sequestered calcium ion into cytosol,38,0.4959620190602252,1.8682253911152065,0.0010548244195440642,0.032940035111876036,NA,2032,"tags=32%, list=14%, signal=27%",801/9472/6717/6376/3064/825/6622/5335/5031/25/2946/2149,Factor3
GO:0051299,centrosome separation,15,-0.677285763098766,-1.9099410801483596,0.0010618383418995042,0.03298814271457893,NA,2943,"tags=67%, list=20%, signal=54%",5902/9371/6790/54820/79884/1111/3832/3834/116840/4751,Factor3
GO:0007091,metaphase/anaphase transition of mitotic cell cycle,91,-0.39329415579884003,-1.6580871180964107,0.0011519633453878722,0.03560452862898823,NA,3661,"tags=46%, list=24%, signal=35%",10460/57405/9587/1063/1843/701/6602/147841/118471/3619/26271/699/9212/9319/11065/10403/51433/51412/286053/891/3550/55143/220134/9735/51143/990/56155/9184/83540/7272/332/86/991/5347/9700/1062/324/11130/8379/4085/55193/6595,Factor3
GO:0034329,cell junction assembly,456,0.25238903649034244,1.371262964185189,0.0011598086135610698,0.0356641148670029,NA,3869,"tags=32%, list=26%, signal=25%",5786/83660/57463/9732/100506658/287/79778/8861/8506/4088/7082/22998/9231/4738/56940/5747/56127/51738/56126/4208/79147/7248/3764/51225/5586/55209/57622/55619/54674/83700/57669/60437/123720/28988/9448/5802/94030/1108/84628/27067/23616/64403/23332/10160/1015/3551/27020/8874/667/29904/402/56288/10152/1793/375790/79414/6622/10391/84687/266727/351/26280/51599/10395/596/613/94134/6092/55334/1009/392617/395/88/78999/25/79629/4038/10580/23396/92359/23077/8473/9746/261734/23369/9806/153562/54862/4649/27253/2042/10052/183/22883/89/2066/5364/5578/137075/4983/1739/5872/23767/10211/5879/2890/1969/6624/5728/23499/7122/9201/1016/3673/79983/28316/51804/57555/91862/1000/26045/1004/57633/79191/53942/57524/7205/654429/87/1855/4137/143098/1003/7476/8394/1845/80139/389941/5796/26050/1399/91107/143162/375323/11170/7097,Factor3
GO:0033619,membrane protein proteolysis,62,0.41296722763583127,1.6891983836818678,0.0012074519252831283,0.036940673876555405,NA,2744,"tags=32%, list=18%, signal=26%",102/5663/83464/257364/7040/10098/51752/56963/348/5045/8754/351/7133/51107/7078/6868/2822/5664/23385/23621,Factor3
GO:0060271,cilium assembly,279,-0.2956994906217387,-1.4636831095106728,0.001236720176549594,0.03764501264678991,NA,3577,"tags=34%, list=24%, signal=26%",339829/54521/225689/283232/30845/1183/54768/25776/9657/80776/6674/1641/79925/64284/4957/1767/79140/85478/9371/136332/55036/132320/10733/80321/8100/345895/8382/9696/153241/10096/2932/51256/3175/79738/120935/55742/65999/51473/79867/127733/150483/138639/28981/54970/84100/9662/51364/64422/79598/2622/57560/6103/51259/84062/29887/200728/347240/152206/27285/219844/79659/83871/55081/11127/375189/344022/116840/79600/22885/125488/84058/144132/55835/80184/221421/10198/64446/146754/144165/200162/7016/64518/27019/132954/199221/84314/57489/378/374407/6102/54935/55212/84223/8655/8481,Factor3
GO:0002444,myeloid leukocyte mediated immunity,97,0.36248319957877195,1.6037122801433394,0.0012451847979482258,0.0377122049107234,NA,3320,"tags=37%, list=22%, signal=29%",5724/1524/7462/9846/10125/2214/64170/718/84106/56848/695/3133/1653/5294/5272/4067/3684/613/3570/7305/8832/6868/57506/1776/6850/148022/6688/8673/8509/2212/1511/8773/6813/1773/11280/2624,Factor3
GO:0009226,nucleotide-sugar biosynthetic process,26,-0.5674434405864329,-1.85829477216605,0.001258520983397101,0.03787865983626311,NA,2000,"tags=42%, list=13%, signal=37%",91373/132789/5238/55343/6675/10020/29925/54187/140838/7358/2673,Factor3
GO:0007052,mitotic spindle organization,115,-0.3616827076131846,-1.5965595384298452,0.0012632504773666643,0.03787865983626311,NA,4455,"tags=51%, list=30%, signal=36%",3611/3304/5310/9793/9787/23122/2316/29098/64946/22974/10460/27243/57405/2801/10274/2770/3192/10726/4605/9371/3619/6790/9212/10403/729440/9493/29899/891/55143/8086/3925/8243/7283/79598/3833/4733/5901/79884/83541/10769/83540/163786/7272/332/51510/991/24137/6491/56647/5347/7415/1062/3832/55835/79998/4751/144165/11200/29127,Factor3
GO:0061982,meiosis I cell cycle process,101,-0.38769183611975205,-1.6756846017619913,0.001272902842009795,0.03797913578610413,NA,3653,"tags=42%, list=24%, signal=32%",7320/83447/10744/83990/225689/993/994/100130958/7153/995/25788/84057/26271/6790/10111/9319/10403/5889/7155/56158/146956/50511/1164/80010/991/7314/5347/9700/29893/675/4603/11130/150365/29947/3622/8900/5719/9232/11144/6847/1761/56159,Factor3
GO:0050864,regulation of B cell activation,116,0.3384489521514741,1.5424128652633802,0.0013308500697640432,0.039512479657477284,NA,3170,"tags=34%, list=21%, signal=27%",678/6929/3635/54440/3071/79155/4208/7040/100/5777/6777/7158/695/55012/7805/57181/8660/596/4067/604/84433/972/6830/7305/51293/4332/939/6850/5585/148022/200558/4773/6688/115650/3398/54106/150372/572/5395,Factor3
GO:0060441,epithelial tube branching involved in lung morphogenesis,30,0.53841955014573,1.908584868498408,0.0013844371528803003,0.04055420740350959,NA,4183,"tags=47%, list=28%, signal=34%",6662/9231/2131/2263/10413/6469/64399/340419/6909/7472/7080/157506/2255/10253,Factor3
GO:1903578,regulation of ATP metabolic process,66,0.4039175994007945,1.6664828090645265,0.0013861235648121744,0.04055420740350959,NA,3200,"tags=41%, list=21%, signal=32%",51024/65018/5663/863/57521/9611/56848/402/51085/9759/51422/351/54209/3091/84277/51341/10059/8473/57673/26330/89/3643/64223/3479/28964/6774/8671,Factor3
GO:0006986,response to unfolded protein,133,-0.3562115814911281,-1.6082734601869615,0.0013797255303515156,0.04055420740350959,NA,3666,"tags=38%, list=24%, signal=29%",168620/5770/4189/121506/90993/79094/10808/22824/3336/1616/3315/51643/3301/3310/9695/595/5611/10987/91319/27129/9531/27230/871/25822/23456/1649/55432/3308/84919/468/79668/2081/55161/23645/26291/23071/10551/10488/7415/79139/7494/23471/8988/23197/64764/3309/10959/9616/51009/7873,Factor3
GO:2000403,positive regulation of lymphocyte migration,36,0.49982624149266597,1.8434170200235822,0.0014065765513916945,0.04075690805402761,NA,2002,"tags=31%, list=13%, signal=27%",65125/102/58494/199/83692/11151/81704/351/9439/25/6868,Factor3
GO:0045619,regulation of lymphocyte differentiation,204,0.29424164136344055,1.4695933599041668,0.001402314742994251,0.04075690805402761,NA,2599,"tags=25%, list=17%, signal=21%",56339/678/558/64410/114548/3635/57630/54440/11006/6655/7048/3071/6522/6604/3111/441478/7040/3122/100/6935/5777/10125/3707/3601/6777/673/695/55012/2309/3594/6599/604/84433/972/25/2648/942/10524/3606/246778/939/8289/2736/6850/2737/6659/2064/6469/10538/6688,Factor3
GO:0007031,peroxisome organization,32,0.5280955496039976,1.8868741281724013,0.0014193656131593904,0.040930701198620315,NA,3299,"tags=50%, list=22%, signal=39%",5826/51024/8800/5830/8799/5824/54469/5192/4591/10059/57506/51555/65084/5193/5825/51762,Factor3
GO:0010273,detoxification of copper ion,12,-0.7250992617010873,-1.9166658039679576,0.0014789917274719891,0.042046618591856974,NA,2899,"tags=75%, list=19%, signal=61%",4504/4489/4496/11315/4499/4493/4495/538/4494,Factor3
GO:1990169,stress response to copper ion,12,-0.7250992617010873,-1.9166658039679576,0.0014789917274719891,0.042046618591856974,NA,2899,"tags=75%, list=19%, signal=61%",4504/4489/4496/11315/4499/4493/4495/538/4494,Factor3
GO:0034504,protein localization to nucleus,294,0.2781272005864356,1.456501411232331,0.001476814502113863,0.042046618591856974,NA,3543,"tags=32%, list=24%, signal=25%",6662/7157/11331/6788/11006/4088/5663/207/84445/80208/5587/5295/9913/51366/3843/11142/5371/7040/4140/94103/30000/285190/10526/6608/25942/10430/25792/580/103/5530/8021/785/83666/754/402/6612/351/84662/3059/10073/25885/6794/81603/51194/2634/51341/3716/5356/1408/57506/151636/3087/7249/4792/10413/7545/64901/6850/55746/55705/2737/7957/23534/54623/2752/6469/3068/55198/1906/23511/4487/9670/585/6396/5580/4851/53371/3320/9201/6789/3312/1861/6774/51804/868/4763/55035/7203/7704/100101267/1387/10347/56478/5300/1855,Factor3
GO:0070228,regulation of lymphocyte apoptotic process,56,0.4324126645112807,1.7421682694595821,0.0014892789549913726,0.042140301698277004,NA,2135,"tags=34%, list=14%, signal=29%",27086/7157/100/94103/29126/25865/81704/695/11035/155038/57181/8660/596/4067/3091/604/972/57678/939,Factor3
GO:0001819,positive regulation of cytokine production,442,0.2528383450493902,1.367543864431888,0.0015065521857160378,0.04242985992201196,NA,2754,"tags=25%, list=18%, signal=21%",27086/10555/1436/10859/10148/114548/10392/9261/54440/4088/5663/51284/5724/199/5295/3113/834/7040/5336/373509/3603/283234/3394/56666/11027/29126/2214/920/84932/283420/25865/64170/6376/6777/3578/79400/718/1535/81622/6653/3663/84868/10010/80342/56848/7100/9181/695/6188/5987/719/192683/1437/3133/3594/1653/56919/5294/7805/351/81844/22900/126259/51704/54502/54209/3091/84433/3570/64135/972/6772/7305/5610/10554/25/2648/942/3606/657/567/3702/6868/57506/2149/4829/246778/3115/6850/10855/148022/3428/63940/6711/10972/114899/3572/724027/10538/183/23180/284340/29108/326/11213/10666/4828/3082/10621/2212,Factor3
GO:0048599,oocyte development,52,-0.4586826581003519,-1.7380472439485335,0.0015334686340602133,0.04298704863944607,NA,3782,"tags=46%, list=25%, signal=35%",668/51087/3640/646/7543/994/326340/283/26271/6790/9319/11022/64848/344018/51441/221400/646799/675/7784/22933/2661/11144/1761/201164,Factor3
GO:0071216,cellular response to biotic stimulus,215,0.2926437463249125,1.4771003956669024,0.0015516993458344226,0.043296722024741045,NA,3180,"tags=30%, list=21%, signal=24%",9450/7157/558/8106/10859/114548/1910/79155/5724/207/834/4208/3032/5336/5581/1524/11093/3394/19/3055/11027/29126/140885/6376/5594/84868/695/1437/153090/8754/4790/81793/7133/5595/22900/3656/4067/54209/613/25/942/2634/5976/567/5609/4792/80380/6850/6915/148022/54623/23097/129607/27250/29108/11213/5578/57048/4851/1511/54106/2671/28964/406932/3146,Factor3
GO:1901888,regulation of cell junction assembly,236,0.2936143418617234,1.487304488622785,0.001585361315297344,0.04383355949745419,NA,2127,"tags=22%, list=14%, signal=19%",5786/57463/9732/8861/4088/7082/22998/9231/4738/56940/5747/51738/4208/7248/51225/55209/57622/55619/54674/57669/9448/5802/94030/1108/84628/27067/23332/10160/3551/29904/1793/375790/79414/6622/84687/266727/351/26280/10395/94134/6092/395/78999/25/4038/92359/23077/8473/9746/261734/23369,Factor3
GO:0042330,taxis,394,0.2591339855259399,1.3890934534821202,0.001587268772355066,0.04383355949745419,NA,3180,"tags=26%, list=21%, signal=21%",65125/102/1436/9732/1954/1910/4088/8846/51411/3071/5724/1794/5587/4916/199/5747/7409/7040/11151/7226/1524/6223/3603/83700/3685/2246/57580/5604/63916/25865/6376/1901/58191/5641/5594/1240/1441/64805/2247/10501/1230/719/2549/23521/80270/10800/5294/351/5595/7412/54915/4067/54209/3570/56920/972/6092/1902/4858/10509/5291/57118/57509/57556/5478/10059/6868/240/23396/23077/7249/6850/4363/63940/2357/1435/9034/8828/284340/7074/1906/6729/3082/5872/23767/7423/5879/2207/55079/5580/4851/1969/1511/4814/6369/10716/9097/94233/3673/64094/3146,Factor3
GO:0022407,regulation of cell-cell adhesion,449,0.250873045483201,1.3592296835003634,0.0015927575128492563,0.04383355949745419,NA,2536,"tags=22%, list=17%, signal=19%",56339/65125/64410/5607/10859/10148/114548/79626/54440/11006/7082/9231/7048/3071/5724/207/6522/64926/6604/3109/3108/3111/199/56940/5747/3113/7409/441478/7040/3122/8440/11151/100/5777/83737/283234/10125/29126/140885/3707/57669/920/1445/81704/6376/6777/5530/84868/9306/5621/1952/6188/79414/2309/3133/1041/3594/266727/6599/7805/26276/126259/7412/4067/604/84433/3570/10019/135/972/25/81542/942/10524/3606/3716/567/57678/240/6541/10653/3115/939/8289/80380/2736/6850/10326/2737/6659/3572/2064/23560/239/6657/4254/6469,Factor3
GO:0045132,meiotic chromosome segregation,64,-0.4205316082219767,-1.666552913391698,0.0016183519609957546,0.044120394047122306,NA,3653,"tags=48%, list=24%, signal=37%",7320/2801/10744/83990/225689/10592/23397/100130958/84057/26271/6790/9319/10403/10096/348235/56158/220134/29781/55743/259266/83540/7272/5347/9700/29893/11130/10051/9232/11144/6847/56159,Factor3
GO:1902107,positive regulation of leukocyte differentiation,177,0.3114878201853926,1.5346018185260752,0.0016251414432489051,0.044120394047122306,NA,2873,"tags=28%, list=19%, signal=23%",558/64410/22985/140685/114548/3635/54440/11006/7048/3071/6604/7040/3122/100/57521/10125/3707/920/3601/6777/5530/1230/695/55012/2309/3594/6599/3059/54209/604/972/7305/942/10524/3606/54997/939/8289/2736/6850/2737/6659/1435/4254/6469/6688/5578/3398/6601/406937,Factor3
GO:1903708,positive regulation of hemopoiesis,177,0.3114878201853926,1.5346018185260752,0.0016251414432489051,0.044120394047122306,NA,2873,"tags=28%, list=19%, signal=23%",558/64410/22985/140685/114548/3635/54440/11006/7048/3071/6604/7040/3122/100/57521/10125/3707/920/3601/6777/5530/1230/695/55012/2309/3594/6599/3059/54209/604/972/7305/942/10524/3606/54997/939/8289/2736/6850/2737/6659/1435/4254/6469/6688/5578/3398/6601/406937,Factor3
GO:0043330,response to exogenous dsRNA,28,0.5435386791725072,1.901240626533493,0.00164426495237319,0.044439394026696034,NA,2791,"tags=46%, list=19%, signal=38%",130132/3764/64170/5594/1653/5595/64135/57506/4792/148022/23180/11213/10211,Factor3
GO:0072594,establishment of protein localization to organelle,405,0.2548342708374759,1.3664174542360639,0.0016538974352872534,0.04450017786819766,NA,3307,"tags=29%, list=22%, signal=23%",5018/7157/11331/51024/54832/64112/6788/55187/79778/4074/65018/4088/5663/54332/207/80208/5587/5295/51366/3843/11142/22930/5371/7040/23787/4693/90678/5830/30000/83882/285190/10526/6608/152485/5824/103/54469/5530/8021/6653/5289/3305/754/3587/637/84572/5192/51172/155382/27072/7805/7013/23203/55823/3059/8766/23558/58480/10073/55750/25782/9049/4591/23163/51194/1408/84134/9512/57506/128866/7249/4792/7545/64901/29082/6850/55746/55705/2737/9520/7957/23534/8031/6469/55198/130617/4289/23511/9670/6729/26520/55294/728489/6396/5580/4851/51555/53371/54741/55176/5193/3320/64089/27429/6789/3312/6272/27113/6774/10254/9927/222229/55072/868/51762/4763,Factor3
GO:0097284,hepatocyte apoptotic process,19,0.6076019258392118,1.8872107641076865,0.0016893655507761944,0.044531582450354636,NA,1454,"tags=37%, list=10%, signal=33%",6788/3480/598/103/839/637/5294,Factor3
GO:1901970,positive regulation of mitotic sister chromatid separation,21,-0.6016914588382222,-1.8697349009410487,0.0016646286860133683,0.044531582450354636,NA,3525,"tags=71%, list=23%, signal=55%",221150/9787/9587/118471/3619/9212/11065/51433/286053/55143/220134/332/991/9700/8379,Factor3
GO:1904646,cellular response to amyloid-beta,41,0.48312326944588607,1.8097807298198414,0.001679087569123033,0.044531582450354636,NA,3173,"tags=49%, list=21%, signal=39%",599/5663/3480/2043/154/5641/5621/2309/351/7412/58533/54209/7305/6850/4363/3383/23621/406900/3479/406932,Factor3
GO:0061097,regulation of protein tyrosine kinase activity,41,0.48306495531544735,1.8095622849710449,0.001679087569123033,0.044531582450354636,NA,2002,"tags=37%, list=13%, signal=32%",1436/11006/5663/56940/10006/2043/285489/57732/57091/5753/9961/51704/58533/79643/6868,Factor3
GO:0019216,regulation of lipid metabolic process,287,0.27684212969757327,1.4432757427477305,0.001692008027398575,0.044531582450354636,NA,2920,"tags=27%, list=19%, signal=22%",10162/6662/8439/11331/5164/64410/27120/57406/207/5525/10577/64784/1149/8816/3480/7132/5336/5581/94103/57521/2246/8622/2908/221955/7067/6777/5629/1609/718/5594/20/427/6653/348/9611/9975/56848/51085/6622/4790/5294/51422/21/8660/54209/6770/972/23541/238/81542/10524/1581/3358/10580/8776/8473/9746/344/3172/60481/2822/27010/2488/7376/55198/10499/10891/23352/26119/8897/3398/585/2784/79755/1024/55294/2329/5580,Factor3
GO:0008593,regulation of Notch signaling pathway,89,0.37790407230057,1.6578989897296026,0.0017163396740445267,0.044850485511560775,NA,3592,"tags=42%, list=24%, signal=32%",56339/102/207/221336/55333/441478/10098/92714/27255/3955/3714/23509/1018/3993/604/80213/6092/81619/23493/51341/22848/4792/10413/22905/58495/3572/51006/4242/55294/4851/182/6774/28514/2624/9139/51162/55897,Factor3
GO:0021537,telencephalon development,255,0.28278593017208337,1.4465220184997205,0.001719008155495361,0.044850485511560775,NA,3031,"tags=29%, list=20%, signal=24%",27086/1436/1943/8648/29954/5992/5663/6299/22884/9253/317762/2145/3480/7248/22903/583/2131/5830/4967/6608/6867/5802/5629/25987/64805/10501/51199/8925/2016/153090/84687/266727/23224/146760/8650/3091/5915/6092/3400/1902/238/2648/5454/6506/79048/55624/10579/6715/79633/7545/85458/22803/157680/123016/7547/2737/482/6469/582/2066/6497/285025/3398/585/4142/29926/114327/55079/2890/2523/26468/5728/10716/1956,Factor3
GO:0002888,positive regulation of myeloid leukocyte mediated immunity,19,0.6050776890629824,1.8793704880771638,0.0017486408707799597,0.04523201085060437,NA,3944,"tags=68%, list=26%, signal=51%",5724/718/695/3133/1653/3684/7305/57506/148022/6688/5443/57126/6810,Factor3
GO:0035542,regulation of SNARE complex assembly,13,0.6807747561631936,1.8694151273130453,0.0017486408707799597,0.04523201085060437,NA,2778,"tags=62%, list=18%, signal=50%",23339/9392/57617/6622/27072/55823/65082/64601,Factor3
GO:0045655,regulation of monocyte differentiation,17,0.6401895204578258,1.9281418965769637,0.0017954863948763116,0.0462452841962373,NA,2358,"tags=41%, list=16%, signal=35%",27086/22985/140685/3635/920/972/1435,Factor3
GO:0006612,protein targeting to membrane,100,-0.3871743474648097,-1.6713618772508851,0.0018080817031263404,0.04637152521167001,NA,2632,"tags=32%, list=18%, signal=27%",64429/29800/23390/4641/132112/288/5584/84100/64422/6386/79720/3753/29927/79844/342538/23204/6449/6726/8266/282679/4666/340481/23471/3265/10952/6747/3309/6505/64374/58477/84885/54503,Factor3
GO:0048565,digestive tract development,128,0.3317001189670323,1.5380909017854145,0.0018173996147666802,0.04641299778897789,NA,3031,"tags=32%, list=20%, signal=26%",6662/1954/57680/1910/4088/93/6299/6522/7040/100/2131/6608/6293/57669/1102/5753/5125/7043/60485/596/3091/5915/2263/26160/6928/10413/2736/3784/7547/2737/58495/25803/3572/6469/56034/3398/388389/4851/54106/2295/1956,Factor3
GO:0033045,regulation of sister chromatid segregation,100,-0.3863331389108143,-1.6677305315350044,0.0018395258166050575,0.04677984007037418,NA,3661,"tags=46%, list=24%, signal=35%",10460/57405/225689/9587/1063/1843/701/6602/3192/147841/118471/3619/26271/699/9212/9319/11065/10403/51433/51412/286053/891/3550/55143/220134/9735/51143/990/56155/55743/9184/83540/7272/332/86/991/5347/9700/1062/983/324/11130/8379/4085/55193/6595,Factor3
GO:0042100,B cell proliferation,81,0.3878754032997691,1.6555607963335082,0.0018747837601740505,0.04727749674715064,NA,2985,"tags=32%, list=20%, signal=26%",6929/3635/54440/3071/4208/100/10125/3578/695/57181/8660/596/4067/604/84433/972/7305/51293/25/4332/5585/148022/4773/115650/5580/54106,Factor3
GO:0051282,regulation of sequestering of calcium ion,113,0.34800900555033354,1.5884800931715064,0.0018717109762449845,0.04727749674715064,NA,2032,"tags=26%, list=14%, signal=22%",287/801/5587/9472/5330/7040/11151/7226/5336/5581/79085/5777/6717/6376/3064/407050/1535/2247/817/825/6622/5335/4067/10523/5031/25/2946/3358/2149,Factor3
GO:0051090,regulation of DNA-binding transcription factor activity,317,0.26823983432056714,1.404116231800383,0.0018853614015502214,0.04734613819642994,NA,3261,"tags=28%, list=22%, signal=23%",11331/6929/140/114548/10392/4088/11124/207/5587/64784/8887/8986/5927/5336/4693/1491/6717/23373/83737/3055/2535/25865/64170/283629/5629/7158/7546/1240/84868/3551/5621/825/9181/695/6188/5987/10572/11035/153090/9759/28996/5516/56919/5595/22900/84662/6872/3656/84433/84159/5610/4591/238/81603/3606/79092/51341/57118/27148/5478/57506/407015/4792/6850/84166/10475/4041/183/6688/5087/29108/55182/11213/107/49860/1906/10891/3398/9252/6424/5728/10616/3399/28952/7726/5314/406932/4188/440275/55072,Factor3
GO:0070227,lymphocyte apoptotic process,79,0.38448719154661026,1.640089833760596,0.0019136069906648615,0.04785605532256067,NA,2348,"tags=30%, list=16%, signal=26%",57593/27086/7157/207/100/94103/29126/25865/81704/695/10572/11035/155038/57181/8660/596/4067/3091/604/972/57678/939/5585/2737,Factor3
GO:0042982,amyloid precursor protein metabolic process,76,0.39896876218910327,1.6910407498187048,0.001940597354608768,0.04833049692655804,NA,3721,"tags=45%, list=25%, signal=34%",102/5663/83464/2043/9445/63941/20/6653/348/5621/8754/274/351/4067/51107/23163/6868/10972/26574/10048/5664/23385/26119/23621/1739/2319/1942/3479/10347/4669/5300/100126296/2280/10313,Factor3
GO:0061077,chaperone-mediated protein folding,72,-0.407522856950924,-1.6398181662291769,0.0019661634076856326,0.04865301655629353,NA,3184,"tags=38%, list=21%, signal=30%",51303/10808/3336/3315/3310/10471/10576/5481/79031/22948/25822/5204/150353/6782/5203/3311/5202/573/7411/10694/120526/3309/10728/26973/23753/374407/9601,Factor3
GO:0016358,dendrite development,216,0.2965347348070458,1.4972151767264321,0.001969692390863717,0.04865301655629353,NA,1949,"tags=24%, list=13%, signal=21%",1523/7940/5663/9231/51738/4208/8440/22903/51225/29882/4693/10006/23191/4891/55619/2043/57580/7337/4130/4205/5802/8976/27067/120114/50674/5530/816/10160/348/50807/29904/1952/10152/5597/153090/7988/84687/351/8831/10498/473/1902/238/6794/25/85442/23098/4038/2861/57118/55201/23327,Factor3
GO:0002224,toll-like receptor signaling pathway,72,0.3922679032051488,1.6512712567202383,0.0020127466992312182,0.04951356880108797,NA,1844,"tags=25%, list=12%, signal=22%",9261/51284/7301/5336/5581/29126/146722/81622/3551/7100/695/4034/81793/351/3656/56927/1520/23098,Factor3
