gene,score
NIPBL_RNA,0.02289467863738537
SOS1_RNA,0.01946977525949478
UTP3_RNA,0.018660089001059532
GBF1_RNA,0.018253294751048088
EIF4G1_RNA,0.018250776454806328
ZMIZ1_RNA,0.01730984076857567
PRPS1L1_RNA,0.017282599583268166
OR7C2_RNA,0.01708993688225746
SDHB_RNA,0.016945067793130875
USP34_RNA,0.016928067430853844
CHCHD1_RNA,0.016827497631311417
SON_RNA,0.016769584268331528
SUFU_RNA,0.016296979039907455
RBBP6_RNA,0.016168644651770592
EIF2B1_RNA,0.01614503376185894
AP2M1_RNA,0.016027260571718216
AASDH_RNA,0.015992866829037666
CUEDC2_RNA,0.015868647024035454
ECHS1_RNA,0.015370835550129414
TRAPPC4_RNA,0.015335689298808575
OR10A4_RNA,0.015325574204325676
AIMP2_RNA,0.014931399375200272
EIF2AK1_RNA,0.014903828501701355
ZDHHC4_RNA,0.014894610270857811
TMCO1_RNA,0.014817818067967892
NDUFB3_RNA,0.014787633903324604
RHEB_RNA,0.014685636386275291
ANKRD17_RNA,0.014500949531793594
NUDT22_RNA,0.014467601664364338
LDB1_RNA,0.014324016869068146
RNF123_RNA,0.01426755916327238
NT5C2_RNA,0.014262656681239605
ZNF609_RNA,0.014253213070333004
NDUFB11_RNA,0.014226842671632767
UBAC1_RNA,0.014223122969269753
IPP_RNA,0.014203307218849659
NDUFA1_RNA,0.014193089678883553
ARID1A_RNA,0.014052263461053371
TPRKB_RNA,0.01394740305840969
TUBGCP2_RNA,0.013942774385213852
FBXO11_RNA,0.013873566873371601
REPIN1_RNA,0.013865678571164608
WIPI2_RNA,0.013859269209206104
MIR26B_RNA,0.013849927112460136
NDUFAB1_RNA,0.013816481456160545
JMJD1C_RNA,0.013782070949673653
MRPS33_RNA,0.013729208149015903
GHITM_RNA,0.01371552050113678
NOLC1_RNA,0.013687958009541035
SPCS1_RNA,0.013673883862793446
GTF2H3_RNA,0.013609391637146473
NDUFB2_RNA,0.013551579788327217
MIR32_RNA,0.013520962558686733
RBM45_RNA,0.013484949246048927
ACAT1_RNA,0.0132613405585289
TAF6_RNA,0.013226088136434555
TGFBRAP1_RNA,0.013176859356462955
UQCRB_RNA,0.013144605793058872
LRCH4_RNA,0.01311382744461298
SLC35A4_RNA,0.013063102960586548
MAGED1_RNA,0.013039941899478436
OR2A5_RNA,0.013034406118094921
ARL3_RNA,0.013017251156270504
SEC24C_RNA,0.013013118878006935
MPG_RNA,0.012980333529412746
PSMD2_RNA,0.0129636125639081
COPZ1_RNA,0.012914379127323627
SLC25A3_RNA,0.012913903221487999
ZNF721_RNA,0.012903440743684769
FAM120A_RNA,0.012804375030100346
ANAPC2_RNA,0.012788842432200909
MSRB2_RNA,0.012758901342749596
HAT1_RNA,0.012753515504300594
EDC4_RNA,0.0126941604539752
PSME3_RNA,0.012548621743917465
USP19_RNA,0.012535663321614265
OR1N1_RNA,0.012507859617471695
MRPL33_RNA,0.012494943104684353
VPS25_RNA,0.012485336512327194
FURIN_RNA,0.012480709701776505
MIR1266_RNA,0.012437090277671814
ACTR1A_RNA,0.01239807903766632
ZNF384_RNA,0.012391889467835426
CISD1_RNA,0.012376485392451286
FBXL18_RNA,0.012360014021396637
MLF2_RNA,0.012327472679316998
TNRC18_RNA,0.012300770729780197
CHCHD3_RNA,0.012300197035074234
NDUFS8_RNA,0.012282798066735268
MKNK2_RNA,0.012275717221200466
NSMCE4A_RNA,0.012254346162080765
RASSF1_RNA,0.0122267110273242
DUSP12_RNA,0.012213513255119324
MUL1_RNA,0.012207100167870522
IREB2_RNA,0.012196352705359459
PMS2_RNA,0.012135173194110394
PPRC1_RNA,0.01208343543112278
NUDT5_RNA,0.012076295912265778
MIR152_RNA,0.012034268118441105
POLL_RNA,0.012021373957395554
TRMT61B_RNA,0.012009945698082447
MRPL16_RNA,0.012009425088763237
ZNF768_RNA,0.011950786225497723
RNF216_RNA,0.011948274448513985
ZNHIT3_RNA,0.011946724727749825
VDAC2_RNA,0.011936161667108536
MDH2_RNA,0.011923101730644703
SPEN_RNA,0.011915653012692928
GRINA_RNA,0.011850516311824322
LOC100192426_RNA,0.011806034483015537
C1orf122_RNA,0.011792418546974659
MIR503_RNA,0.011704007163643837
GSTM4_RNA,0.011689124628901482
ZNF710_RNA,0.011654716916382313
PCSK7_RNA,0.011617411859333515
TRIM8_RNA,0.011613813228905201
HAUS4_RNA,0.011554843746125698
CDCP2_RNA,0.011537783779203892
MIR146B_RNA,0.011528116650879383
SSR4_RNA,0.01152149960398674
MRPL20_RNA,0.011517753824591637
ZNF638_RNA,0.011483446694910526
SEC23IP_RNA,0.011472536250948906
TAF1_RNA,0.011471616104245186
AKAP13_RNA,0.011454894207417965
MRPL21_RNA,0.011420735158026218
BAZ2A_RNA,0.01137157529592514
PPA2_RNA,0.011326845735311508
TAOK2_RNA,0.011299208737909794
UQCRQ_RNA,0.011298136785626411
NDUFA8_RNA,0.011278599500656128
GPAM_RNA,0.01127560343593359
C2orf76_RNA,0.011254992336034775
YKT6_RNA,0.011250990442931652
SNORD115-23_RNA,0.011240179650485516
MRPL13_RNA,0.01123941969126463
MFHAS1_RNA,0.01122693158686161
MCM3AP_RNA,0.011226926930248737
IMMT_RNA,0.011185040697455406
SNRK_RNA,0.011181834153831005
CHUK_RNA,0.011150197125971317
DNAJB12_RNA,0.011149927042424679
LRPPRC_RNA,0.01111995056271553
MIR938_RNA,0.011117978021502495
RFT1_RNA,0.011114690452814102
UBTF_RNA,0.011109712533652782
ZNF629_RNA,0.011102801188826561
MED14_RNA,0.011098177172243595
EP400_RNA,0.011051634326577187
SETD1B_RNA,0.011012088507413864
LRWD1_RNA,0.011011556722223759
PAIP1_RNA,0.010999204590916634
ZRANB1_RNA,0.010988707654178143
CDC123_RNA,0.010987387038767338
RAB28_RNA,0.01098600309342146
GRPEL1_RNA,0.01097537949681282
BAD_RNA,0.01096329279243946
ASCC1_RNA,0.010926085524260998
GHDC_RNA,0.010909437201917171
VSIG8_RNA,0.01090791542083025
EMD_RNA,0.010881680995225906
ABCF3_RNA,0.01086712721735239
APH1B_RNA,0.010859135538339615
DVL3_RNA,0.010857934132218361
MIR605_RNA,0.010851566679775715
ZNF746_RNA,0.010850167833268642
POP5_RNA,0.010835935361683369
YEATS4_RNA,0.010812980122864246
RNF4_RNA,0.010810259729623795
BTRC_RNA,0.010802761651575565
ASXL2_RNA,0.010773389600217342
FAF2_RNA,0.010772651992738247
DAGLB_RNA,0.0107719199731946
RAPGEF1_RNA,0.010770024731755257
COX7C_RNA,0.010741018690168858
HUS1_RNA,0.010740216821432114
CEP350_RNA,0.01071912981569767
PHF2_RNA,0.010710805654525757
MIR769_RNA,0.010699453763663769
CLOCK_RNA,0.01063939742743969
IKBKG_RNA,0.010638460516929626
TMEM109_RNA,0.010636304505169392
GAK_RNA,0.010621841065585613
ARV1_RNA,0.010617916472256184
LUZP4_RNA,0.010610682889819145
ARHGEF10L_RNA,0.010604540817439556
PSMB5_RNA,0.010585020296275616
SNORA2B_RNA,0.010585015639662743
MYL6B_RNA,0.010581220500171185
MRPS2_RNA,0.010573207400739193
DAGLA_RNA,0.010558495298027992
POLDIP2_RNA,0.010548662394285202
ZNF319_RNA,0.010513066314160824
MIR148B_RNA,0.010504033416509628
ZNF862_RNA,0.01050061546266079
MIR661_RNA,0.010496549308300018
TMEM120A_RNA,0.010494526475667953
MAML1_RNA,0.01048674900084734
CTBP2_RNA,0.01046708133071661
DLD_RNA,0.010466882959008217
PCF11_RNA,0.010454108007252216
MIR30B_RNA,0.010447275824844837
MIR33A_RNA,0.010437165386974812
MIR26A1_RNA,0.010415758937597275
SKP1_RNA,0.010405157692730427
LRRC41_RNA,0.010402870364487171
EDF1_RNA,0.01039646565914154
COG2_RNA,0.010396385565400124
RPL26L1_RNA,0.010385188274085522
SRP14_RNA,0.010378980077803135
DHX30_RNA,0.010373403318226337
RPL41_RNA,0.010364587418735027
TMEM115_RNA,0.010349390096962452
SRRM2_RNA,0.010343097150325775
TIMM17A_RNA,0.010333488695323467
SNRNP25_RNA,0.010326470248401165
CLCC1_RNA,0.010325119830667973
CPT2_RNA,0.010304304771125317
RANBP10_RNA,0.010295351967215538
NACA_RNA,0.01029268279671669
MAGEF1_RNA,0.010290909558534622
MEPCE_RNA,0.01027362234890461
NOP10_RNA,0.0102622015401721
ATXN8OS_RNA,0.01025485061109066
ST6GALNAC4_RNA,0.010254806838929653
FRAT2_RNA,0.010247337631881237
ACOX3_RNA,0.010246467776596546
SNORA28_RNA,0.010214545764029026
DHTKD1_RNA,0.01018516905605793
CCNK_RNA,0.01017137710005045
ADAT1_RNA,0.010170244611799717
USP3_RNA,0.01015027891844511
LMX1A_RNA,0.010141000151634216
TMEM127_RNA,0.010113455355167389
NUDCD2_RNA,0.01010680478066206
TMEM218_RNA,0.010091839358210564
SAFB2_RNA,0.010084187611937523
PPP1R10_RNA,0.010083857923746109
MIR1284_RNA,0.010047190822660923
KRR1_RNA,0.010033844038844109
MIR30C1_RNA,0.010021092370152473
ZBTB39_RNA,0.010020014829933643
MED1_RNA,0.010011316277086735
MIR1256_RNA,0.009994802065193653
BLOC1S1_RNA,0.009990219958126545
ZNF853_RNA,0.009980498813092709
ZNF598_RNA,0.00997238140553236
TMEM82_RNA,0.00996517762541771
C7orf50_RNA,0.009961509145796299
AAMP_RNA,0.009959554299712181
EXOSC4_RNA,0.00994558073580265
BPTF_RNA,0.009921875782310963
ZBTB17_RNA,0.009919953532516956
BCAP31_RNA,0.0099150026217103
NSD1_RNA,0.0099146394059062
MON2_RNA,0.009905030950903893
GSTK1_RNA,0.009900238364934921
ETFA_RNA,0.009899148717522621
ARPC3_RNA,0.009897775016725063
FCHSD2_RNA,0.00989556685090065
CS_RNA,0.009885909035801888
AP3M1_RNA,0.009884360246360302
DGUOK_RNA,0.009883372113108635
GFM1_RNA,0.009847577661275864
PDCD11_RNA,0.009829697199165821
HERPUD1_RNA,0.009822161868214607
SLC38A10_RNA,0.009811636991798878
NSUN2_RNA,0.009793080389499664
MIR1288_RNA,0.009789475239813328
NSMCE1_RNA,0.00978714320808649
PIGG_RNA,0.009783648885786533
CUL3_RNA,0.0097659258171916
NDST1_RNA,0.009745151735842228
SCRIB_RNA,0.009717295877635479
WDR11_RNA,0.009715105406939983
MRPS34_RNA,0.009714087471365929
APEX2_RNA,0.009707500226795673
IFRD2_RNA,0.009698809124529362
NDUFC1_RNA,0.009695138782262802
TSPAN14_RNA,0.00967960525304079
OGDH_RNA,0.00967614259570837
SS18L2_RNA,0.00967418309301138
DDX28_RNA,0.009662969037890434
USP47_RNA,0.00965921301394701
CSNK1D_RNA,0.009649289771914482
TRMT61A_RNA,0.00964202918112278
RBM17_RNA,0.009631788358092308
CHPF2_RNA,0.009631641209125519
ZFAND5_RNA,0.009629305452108383
ZNF37A_RNA,0.009626775048673153
MIR543_RNA,0.00961092859506607
ZFC3H1_RNA,0.00960695929825306
ZNF641_RNA,0.009605313651263714
SMG1_RNA,0.009598334319889545
SNORD116-10_RNA,0.009588232263922691
TMEM69_RNA,0.009579374454915524
NRF1_RNA,0.009567055851221085
C10orf88_RNA,0.009566796012222767
MIR191_RNA,0.009563850238919258
COX5B_RNA,0.00956122949719429
GPN2_RNA,0.009559688158333302
MESP1_RNA,0.009557765908539295
SLC39A7_RNA,0.00954514555633068
RAD50_RNA,0.009517564438283443
GPATCH8_RNA,0.009504485875368118
BUD31_RNA,0.009503968060016632
HCFC1_RNA,0.00949577335268259
LRRC31_RNA,0.009489413350820541
CDYL2_RNA,0.0094841243699193
HIGD1C_RNA,0.00947583932429552
DDI2_RNA,0.009467937052249908
COX6C_RNA,0.009446927346289158
BIRC6_RNA,0.009439850226044655
ZFYVE27_RNA,0.009439080022275448
AFG3L2_RNA,0.00943371094763279
TNRC6A_RNA,0.009431722573935986
HIF1AN_RNA,0.009426663629710674
JTB_RNA,0.009418289177119732
GORASP1_RNA,0.009414990432560444
MON1B_RNA,0.009414979256689548
ADRM1_RNA,0.00940676685422659
UBR5_RNA,0.009406638331711292
CLTB_RNA,0.009399804286658764
MRPS7_RNA,0.009390758350491524
RANBP2_RNA,0.009376873262226582
ZNF75D_RNA,0.009371518157422543
DDX3X_RNA,0.009366356767714024
SRFBP1_RNA,0.009365740232169628
SCARNA18_RNA,0.009325960651040077
GLRX5_RNA,0.009321892634034157
SUOX_RNA,0.009316791780292988
TGOLN2_RNA,0.00931322481483221
PXN_RNA,0.009309757500886917
ATR_RNA,0.009305649437010288
CTDSPL_RNA,0.009304645471274853
PROP1_RNA,0.009302956983447075
RNF25_RNA,0.009294313378632069
ELAC1_RNA,0.009274794720113277
CDK9_RNA,0.009274600073695183
TFE3_RNA,0.009262531995773315
WDR91_RNA,0.009257028810679913
MLEC_RNA,0.009256917051970959
TEX264_RNA,0.009250525385141373
KCNJ1_RNA,0.00924905575811863
RCN1_RNA,0.009238243103027344
ZZEF1_RNA,0.009220777079463005
ATOX1_RNA,0.009212001226842403
RECK_RNA,0.009211978875100613
CHD9_RNA,0.009193889796733856
HYAL2_RNA,0.009190895594656467
OR1D2_RNA,0.009188245050609112
GPAA1_RNA,0.009184164926409721
DDX5_RNA,0.009175105951726437
ZNF740_RNA,0.009174003265798092
GATC_RNA,0.009167930111289024
GTF3C2_RNA,0.009166917763650417
IMP3_RNA,0.009164463728666306
MFSD5_RNA,0.009161894209682941
MIR505_RNA,0.00915697030723095
CARD18_RNA,0.00913911685347557
COX18_RNA,0.009135005995631218
ESRRA_RNA,0.009109396487474442
APOO_RNA,0.009109273552894592
RBM28_RNA,0.009108435362577438
BAZ1B_RNA,0.009105490520596504
RPUSD1_RNA,0.009097076952457428
AKR7A2_RNA,0.009081634692847729
RBL2_RNA,0.009077797643840313
THRAP3_RNA,0.009077394381165504
SMARCC2_RNA,0.00906952004879713
THRA_RNA,0.00906749814748764
CDC42BPB_RNA,0.00906315352767706
GNB2_RNA,0.009062344208359718
TIMM8A_RNA,0.009058131836354733
ZNF32_RNA,0.009057363495230675
DNAJC19_RNA,0.009056932292878628
TMUB1_RNA,0.009054617956280708
POLR2G_RNA,0.00905386172235012
CYC1_RNA,0.0090408306568861
NDUFS2_RNA,0.009039945900440216
PMVK_RNA,0.009039307944476604
MECP2_RNA,0.009037490002810955
NPM3_RNA,0.009022322483360767
COPS4_RNA,0.009021020494401455
NAE1_RNA,0.009011142887175083
TIGD2_RNA,0.009005559608340263
FBXO42_RNA,0.009004347026348114
POLG_RNA,0.009000979363918304
C4orf51_RNA,0.00899510458111763
GGCT_RNA,0.008965332992374897
MEF2D_RNA,0.008962362073361874
MRPL51_RNA,0.008961386047303677
ITGAE_RNA,0.008961031213402748
SSBP1_RNA,0.008959794417023659
PHF8_RNA,0.00894855335354805
CLEC16A_RNA,0.00894707627594471
VPS26B_RNA,0.00894573237746954
CD320_RNA,0.008934933692216873
UBQLN2_RNA,0.00892610289156437
NHLRC2_RNA,0.008920478634536266
MFAP3_RNA,0.008911403827369213
PAPSS2_RNA,0.008904862217605114
RNF166_RNA,0.008903194218873978
CCL14_RNA,0.008889401331543922
CTBP1_RNA,0.008872098289430141
POR_RNA,0.008869612589478493
ETFDH_RNA,0.008868878707289696
NXF1_RNA,0.00886627659201622
MIR96_RNA,0.008860488422214985
SNORD115-15_RNA,0.008845058269798756
FOXJ2_RNA,0.008844126015901566
SCAP_RNA,0.00884134043008089
FAM13A_RNA,0.008840961381793022
PDAP1_RNA,0.008835390210151672
MIR9-3_RNA,0.008833024650812149
NHEG1_RNA,0.008828690275549889
DGKQ_RNA,0.008811481297016144
CHD2_RNA,0.008796021342277527
SPAG16_RNA,0.00879090279340744
NAP1L5_RNA,0.008789352141320705
MRPS11_RNA,0.008786379359662533
SETD1A_RNA,0.008783797733485699
APPL2_RNA,0.008782515302300453
PLEKHH3_RNA,0.008782011456787586
PPM1G_RNA,0.008778490126132965
ZMYND19_RNA,0.00877267587929964
PPP4C_RNA,0.008764672093093395
PORCN_RNA,0.008761407807469368
ASAP1_RNA,0.008753476664423943
MIR623_RNA,0.008752063848078251
XPNPEP1_RNA,0.008746820501983166
MIR181A1_RNA,0.008744807913899422
HUWE1_RNA,0.008739904500544071
DAB2IP_RNA,0.008723698556423187
SIN3A_RNA,0.008716650307178497
EIF4G3_RNA,0.008716017939150333
ANKS4B_RNA,0.008711102418601513
DCAKD_RNA,0.008708209730684757
NDUFA4_RNA,0.008689002133905888
GABARAPL2_RNA,0.008680715225636959
MIR128-2_RNA,0.008676988072693348
NGRN_RNA,0.008671930991113186
ZNF12_RNA,0.008667445741593838
TMEM126A_RNA,0.00866386666893959
UQCRFS1_RNA,0.008663277141749859
RBBP7_RNA,0.008655214682221413
LIPJ_RNA,0.008654449135065079
MIR194-1_RNA,0.008648625575006008
AGK_RNA,0.008637694641947746
TBC1D14_RNA,0.008629884570837021
FASTK_RNA,0.008625159971415997
NDUFB5_RNA,0.008624226786196232
SLC25A44_RNA,0.008622325025498867
SURF2_RNA,0.008621277287602425
STARD8_RNA,0.008620386943221092
ORMDL2_RNA,0.008619861677289009
SETD2_RNA,0.008611692115664482
PNPO_RNA,0.008608555421233177
PCTP_RNA,0.00860441941767931
KLK3_RNA,0.008599995635449886
GK2_RNA,0.008599844761192799
ADCY6_RNA,0.008592018857598305
BIN3_RNA,0.008589698933064938
SUCLG1_RNA,0.008586379699409008
ATPAF1_RNA,0.008585414849221706
DDX21_RNA,0.008581619709730148
PDZD8_RNA,0.008578202687203884
SLC25A25_RNA,0.008568122051656246
EIF4H_RNA,0.008564639836549759
SNORD83A_RNA,0.008555617183446884
TMEM129_RNA,0.008552923798561096
AHCTF1_RNA,0.008546441793441772
SRA1_RNA,0.008540574461221695
PSKH1_RNA,0.00852090772241354
ENTPD7_RNA,0.008516127243638039
GTF3C4_RNA,0.008507790043950081
GANAB_RNA,0.008505899459123611
CUL1_RNA,0.008498173207044601
CD2BP2_RNA,0.008494511246681213
ARAP1_RNA,0.008488880470395088
VTRNA1-1_RNA,0.008470573462545872
PYGO2_RNA,0.008469921536743641
MIR412_RNA,0.008456075564026833
E4F1_RNA,0.008448447100818157
SCAMP2_RNA,0.008446939289569855
SNORD115-38_RNA,0.008446572348475456
MFF_RNA,0.00844449270516634
MTFMT_RNA,0.008444292470812798
MIR942_RNA,0.008437263779342175
ZNF282_RNA,0.008435805328190327
NUDT1_RNA,0.008435514755547047
AHDC1_RNA,0.008431273512542248
TRUB2_RNA,0.008425653912127018
ZNF425_RNA,0.008424678817391396
PI4KB_RNA,0.008412680588662624
DGAT1_RNA,0.00841180607676506
UBR3_RNA,0.008406824432313442
SLFNL1_RNA,0.00840067956596613
UNC119B_RNA,0.00840030051767826
SRCAP_RNA,0.008399957790970802
QRICH1_RNA,0.00839819572865963
USP36_RNA,0.008394547738134861
SUPV3L1_RNA,0.008394028060138226
MIR183_RNA,0.008388969115912914
UQCRC2_RNA,0.008379937149584293
SAT2_RNA,0.008376146666705608
PRDX3_RNA,0.008374260738492012
PCGF6_RNA,0.00836808793246746
LSM4_RNA,0.008363055065274239
UGT1A1_RNA,0.008362109772861004
FAM3A_RNA,0.008359503000974655
SYCE1_RNA,0.008343856781721115
ZNF346_RNA,0.008335153572261333
SNX29_RNA,0.008333733305335045
SLC39A1_RNA,0.008328292518854141
EIF3B_RNA,0.008319980464875698
TMEM208_RNA,0.008317523635923862
CIB1_RNA,0.008313346654176712
ZCCHC14_RNA,0.008312143385410309
DHX29_RNA,0.008306250907480717
NUDT9_RNA,0.008295755833387375
TMEM104_RNA,0.008295372128486633
E2F4_RNA,0.008284339681267738
COX6A1_RNA,0.008282359689474106
CCDC12_RNA,0.008269919082522392
TRPT1_RNA,0.008264701813459396
HTRA2_RNA,0.008264130912721157
TERC_RNA,0.008257145993411541
CTCF_RNA,0.008256555534899235
FLYWCH2_RNA,0.008256112225353718
GTF2B_RNA,0.008255906403064728
SEC61A1_RNA,0.008249172940850258
ATP2A2_RNA,0.008245454169809818
SNAPC5_RNA,0.008244051598012447
NACA2_RNA,0.008236154913902283
BOLA1_RNA,0.00822748988866806
SEC61B_RNA,0.008211551234126091
LASP1_RNA,0.008204841986298561
ECD_RNA,0.008200238458812237
MIR425_RNA,0.008197604678571224
PRAF2_RNA,0.00819755531847477
RPL6_RNA,0.008193939924240112
ANKRD52_RNA,0.00819374993443489
SNRPG_RNA,0.00818550679832697
TEX13B_RNA,0.008181114681065083
RMND5B_RNA,0.008177128620445728
CISD3_RNA,0.008174139074981213
UBE2U_RNA,0.008164897561073303
CWF19L1_RNA,0.008161180652678013
ARPC5L_RNA,0.008151578716933727
USP39_RNA,0.008147281594574451
POLR2B_RNA,0.008146869018673897
SEPHS2_RNA,0.008139374665915966
DDX42_RNA,0.008137843571603298
MANF_RNA,0.008132684044539928
MRPL55_RNA,0.008119212463498116
SFXN2_RNA,0.008115923032164574
FBXL15_RNA,0.008110986091196537
LRPAP1_RNA,0.008110894821584225
TRAPPC10_RNA,0.008108869194984436
PHF20L1_RNA,0.008108772337436676
RSPH6A_RNA,0.008107911795377731
CCT2_RNA,0.008105706423521042
ADAM15_RNA,0.008099745959043503
BCL9L_RNA,0.008093583397567272
IRAK3_RNA,0.008091939613223076
ZNF511_RNA,0.008085381239652634
NDUFA12_RNA,0.008078143000602722
PSMB3_RNA,0.00807701051235199
RPP38_RNA,0.008076714351773262
RNF40_RNA,0.008073152974247932
NEK9_RNA,0.008072898723185062
STOML1_RNA,0.008068081922829151
INO80_RNA,0.008060342632234097
PRKAB1_RNA,0.008056933991611004
TCTN3_RNA,0.008053573779761791
SKI_RNA,0.008052259683609009
ZNF770_RNA,0.008033118210732937
ISCU_RNA,0.008021669462323189
MIR204_RNA,0.008020606823265553
PMPCA_RNA,0.00801969412714243
ZW10_RNA,0.008017894811928272
ZNF48_RNA,0.008000900968909264
RPA2_RNA,0.008000150322914124
MPRIP_RNA,0.007995013147592545
ATG9A_RNA,0.007994580082595348
TIMM17B_RNA,0.007992164231836796
TEP1_RNA,0.007990703918039799
AAK1_RNA,0.007987281307578087
NARS2_RNA,0.007986411452293396
NFRKB_RNA,0.007983839139342308
ARRDC1_RNA,0.00797873456031084
GLT8D1_RNA,0.007949801161885262
TAF5_RNA,0.007949167862534523
THAP11_RNA,0.007948952727019787
SIGLEC6_RNA,0.007947823964059353
PDZD11_RNA,0.007940789684653282
MRPS16_RNA,0.007938659749925137
AFF4_RNA,0.007936784066259861
POLR3GL_RNA,0.007936135865747929
STOML2_RNA,0.007935904897749424
TRAF7_RNA,0.007928352802991867
TEAD1_RNA,0.007924169301986694
CEACAM6_RNA,0.007922688499093056
PSME4_RNA,0.007920539937913418
NPBWR2_RNA,0.007915734313428402
COX8A_RNA,0.007914538495242596
CBL_RNA,0.007913623005151749
INPP4A_RNA,0.007910420186817646
AFAP1_RNA,0.007908615283668041
CAD_RNA,0.007904238998889923
DAP_RNA,0.00789586640894413
CSF1R_RNA,0.007894117385149002
IQCF1_RNA,0.007889612577855587
ATP10D_RNA,0.007884491235017776
RBM33_RNA,0.00788329727947712
MRPL19_RNA,0.007883233018219471
MIR941-1_RNA,0.007879480719566345
MFN1_RNA,0.007877537980675697
SLC12A4_RNA,0.00787440687417984
CTDSP1_RNA,0.007870995439589024
TIMM10_RNA,0.007870744913816452
PEMT_RNA,0.007867206819355488
MCFD2_RNA,0.007866287603974342
PSTK_RNA,0.00786573626101017
RPF1_RNA,0.007861845195293427
FUNDC1_RNA,0.007855450734496117
WDR6_RNA,0.007846825756132603
IARS2_RNA,0.00784310046583414
SLC25A28_RNA,0.007839128375053406
TOE1_RNA,0.007838995195925236
ATP6V0E2_RNA,0.00783796887844801
ATP6AP1_RNA,0.007837072014808655
LSM1_RNA,0.007835348136723042
ZDHHC16_RNA,0.007826787419617176
WDFY3_RNA,0.007824773900210857
BAP1_RNA,0.007824341766536236
PSAP_RNA,0.007815072312951088
HLTF_RNA,0.007797074969857931
TELO2_RNA,0.007795894984155893
EHMT1_RNA,0.007790862582623959
GPR148_RNA,0.0077805588953197
USP15_RNA,0.007777538150548935
NUBPL_RNA,0.00777651509270072
LARP4B_RNA,0.007771079428493977
SNORD67_RNA,0.007767689414322376
TAS2R41_RNA,0.007762172259390354
LMAN2_RNA,0.007754268124699593
AIFM1_RNA,0.007751552388072014
C2CD2L_RNA,0.00774465873837471
CCDC63_RNA,0.007743658497929573
POLR3A_RNA,0.007735191844403744
MAP2K3_RNA,0.00773399043828249
KLHDC8B_RNA,0.007730485871434212
NDUFB10_RNA,0.007729535922408104
PPIA_RNA,0.007714738138020039
XRCC4_RNA,0.007709880359470844
CPSF6_RNA,0.007709098514169455
ACVR1_RNA,0.007704886607825756
SCARNA14_RNA,0.007702161092311144
ANKS1A_RNA,0.007699455134570599
NUP37_RNA,0.007692263927310705
HGS_RNA,0.007690007332712412
ATP6V0E1_RNA,0.007688920479267836
TRAPPC9_RNA,0.007679041475057602
NUDT16L1_RNA,0.007678474765270948
INTS10_RNA,0.007669469807296991
CREBBP_RNA,0.007654593791812658
TPCN2_RNA,0.007653606589883566
DNASE1L1_RNA,0.007650997024029493
C1GALT1C1_RNA,0.007650082930922508
ZNF786_RNA,0.007635898422449827
SLC35B1_RNA,0.007635482121258974
ACAD8_RNA,0.007634863723069429
CSNK2A2_RNA,0.007634537760168314
SLC19A1_RNA,0.007628238759934902
NOTCH4_RNA,0.00762040913105011
ATG2A_RNA,0.007609752006828785
SNAPIN_RNA,0.007605687715113163
TERF2_RNA,0.007605387829244137
TTC7A_RNA,0.007605044171214104
SLC39A11_RNA,0.007604621350765228
NDUFB1_RNA,0.0076040890999138355
GPR146_RNA,0.0076003363355994225
TRAPPC3_RNA,0.007600000593811274
EPHX1_RNA,0.007592708803713322
PEBP1_RNA,0.007591587491333485
SNORD115-1_RNA,0.00759019935503602
MIOS_RNA,0.007587387692183256
PGBD4_RNA,0.0075872489251196384
EIF4EBP2_RNA,0.007586390245705843
COX4I1_RNA,0.00757947051897645
MKLN1_RNA,0.007573767099529505
SLC19A2_RNA,0.00757132051512599
MIR331_RNA,0.0075645833276212215
TUFM_RNA,0.007558837998658419
VPS13B_RNA,0.007556094788014889
SHISA4_RNA,0.007546672131866217
POLR2H_RNA,0.0075463769026100636
PSMD7_RNA,0.007544893305748701
CNOT1_RNA,0.007538956124335527
SCGB1A1_RNA,0.007538205478340387
SLC4A2_RNA,0.007530692499130964
TK2_RNA,0.007529543247073889
HIRIP3_RNA,0.007526040077209473
TXNDC17_RNA,0.007525359746068716
PPP1R14B_RNA,0.007523611653596163
INPP5B_RNA,0.007519874721765518
MED22_RNA,0.007515823934227228
PRR23A_RNA,0.007513521239161491
EIF2AK4_RNA,0.007506171707063913
ZNF777_RNA,0.007504514418542385
MED12_RNA,0.007502622902393341
MIR181B1_RNA,0.0075018578208982944
USP20_RNA,0.007501490879803896
SCYL1_RNA,0.007498430088162422
DDOST_RNA,0.007480451371520758
MRPL24_RNA,0.007479731924831867
MRPS28_RNA,0.007477032486349344
REV1_RNA,0.007476428989320993
MIR98_RNA,0.007473427336663008
ZNF800_RNA,0.007469393778592348
MRRF_RNA,0.00746578723192215
CHAC2_RNA,0.007461933419108391
EPB41L5_RNA,0.007458308711647987
NBEAL1_RNA,0.007449793163686991
NPTN_RNA,0.007448699790984392
OXA1L_RNA,0.007444010581821203
AFF1_RNA,0.007443043868988752
CBX1_RNA,0.0074415444396436214
DECR1_RNA,0.007438136730343103
ZNF276_RNA,0.007426832802593708
UBE4A_RNA,0.007407556287944317
TBC1D1_RNA,0.007394395302981138
LAMB2_RNA,0.007384937722235918
MRPL28_RNA,0.007384016178548336
MRPL10_RNA,0.007379695773124695
FBXL5_RNA,0.007379328832030296
PPIF_RNA,0.007366580422967672
RNU11_RNA,0.007363435346633196
COMTD1_RNA,0.007361346855759621
ATM_RNA,0.007361179683357477
DYNC2LI1_RNA,0.007354045286774635
POM121C_RNA,0.007350585423409939
SLC41A1_RNA,0.007350043393671513
SLC25A5_RNA,0.007344644982367754
MIRLET7G_RNA,0.007344626355916262
TUBGCP4_RNA,0.007342203985899687
ZNF687_RNA,0.007339540868997574
MORN2_RNA,0.007337406277656555
VPS13D_RNA,0.007336157839745283
UBE2A_RNA,0.007328585255891085
MTMR1_RNA,0.007328050211071968
AUP1_RNA,0.007325539365410805
TINF2_RNA,0.0073169986717402935
SURF1_RNA,0.007312210742384195
GIT2_RNA,0.007310654502362013
NCKAP5L_RNA,0.007309770677238703
MRM1_RNA,0.007306409999728203
LCMT2_RNA,0.00730448542162776
MYCBP2_RNA,0.00730300834402442
AKTIP_RNA,0.007294706534594297
MAEA_RNA,0.007287145126610994
MAGI2_RNA,0.007281959988176823
ERCC6_RNA,0.007274809293448925
SCAMP3_RNA,0.007268555928021669
MAP1LC3B_RNA,0.007259874138981104
USP42_RNA,0.0072554354555904865
AMELX_RNA,0.007254370022565126
UBE3C_RNA,0.007250709924846888
HELQ_RNA,0.007249651942402124
TRRAP_RNA,0.007245318498462439
SF1_RNA,0.00723729794844985
INTS5_RNA,0.00723495427519083
GPR50_RNA,0.007232311647385359
RNF170_RNA,0.007231747731566429
FGF6_RNA,0.007231295108795166
ABHD11_RNA,0.00723054027184844
THTPA_RNA,0.007222348358482122
SCYL2_RNA,0.0072195990942418575
WASF2_RNA,0.007212136872112751
STX18_RNA,0.007209169212728739
PGM2_RNA,0.007204988971352577
PIAS1_RNA,0.007202774286270142
XPO7_RNA,0.007201171945780516
ATF6B_RNA,0.00720059173181653
GRAMD1B_RNA,0.007199145387858152
LRP10_RNA,0.007187798619270325
SMAP2_RNA,0.007185758091509342
DDX50_RNA,0.007175270933657885
TMLHE_RNA,0.007173969876021147
SNAPC4_RNA,0.007172670215368271
FBRS_RNA,0.007169941905885935
SLC9A3_RNA,0.007153443992137909
PRR14_RNA,0.007150774355977774
NCAPD3_RNA,0.007148086093366146
VPS54_RNA,0.007144872099161148
PDPK1_RNA,0.007136537693440914
PMPCB_RNA,0.007134127896279097
CASS4_RNA,0.007128906436264515
ZNF174_RNA,0.007117373403161764
SLC7A6OS_RNA,0.007114858366549015
TMEM203_RNA,0.007111497689038515
GPR162_RNA,0.007111267186701298
C2CD3_RNA,0.007108876947313547
STUB1_RNA,0.007104919292032719
CEBPZ_RNA,0.007104352582246065
CPEB3_RNA,0.007103596813976765
HDAC6_RNA,0.007091952953487635
TUSC2_RNA,0.007091495208442211
SNX7_RNA,0.007090650033205748
SMPD1_RNA,0.007089172024279833
DDX54_RNA,0.007081763818860054
RRS1_RNA,0.007079765200614929
TCF25_RNA,0.0070655979216098785
OR10AD1_RNA,0.007059347815811634
SNORA15_RNA,0.0070543428882956505
BECN1_RNA,0.00704482477158308
MIR101-1_RNA,0.007042262703180313
GART_RNA,0.007041876204311848
SNORA65_RNA,0.007040093187242746
NOP14_RNA,0.007037723436951637
ZNF771_RNA,0.00703702075406909
PNP_RNA,0.007033690810203552
THPO_RNA,0.007027009967714548
POMGNT1_RNA,0.007024802267551422
FBXO33_RNA,0.007021370809525251
NDUFS3_RNA,0.007017410360276699
SYCP2_RNA,0.007011224515736103
UBTD1_RNA,0.007009629625827074
MIR627_RNA,0.007009103428572416
SSH2_RNA,0.007006369531154633
MIR1537_RNA,0.007001630961894989
TLR5_RNA,0.006998524535447359
YIF1A_RNA,0.006997477263212204
UBR4_RNA,0.006997338030487299
FRAT1_RNA,0.006988645531237125
SNORD115-42_RNA,0.0069879633374512196
FAM193A_RNA,0.006986451335251331
POP7_RNA,0.006980003789067268
MIR410_RNA,0.006976176518946886
C16orf90_RNA,0.006965564098209143
MIR1289-2_RNA,0.006962934974581003
CTR9_RNA,0.0069559789262712
PHC1_RNA,0.006949998438358307
ENG_RNA,0.006947030313313007
CSNK1A1L_RNA,0.00694700051099062
PUF60_RNA,0.006946580484509468
SHARPIN_RNA,0.006944290362298489
RNF41_RNA,0.006938312202692032
ZNF189_RNA,0.006937115918844938
UNKL_RNA,0.006936794612556696
ENY2_RNA,0.006931005977094173
ATP6V0B_RNA,0.006926855072379112
FBRSL1_RNA,0.006925882771611214
CUL5_RNA,0.0069191837683320045
COPS6_RNA,0.006917136255651712
FAM118B_RNA,0.006915974896401167
ASB3_RNA,0.006914258934557438
MIRLET7F2_RNA,0.006913459859788418
IVD_RNA,0.006911381613463163
SNORA37_RNA,0.006910704541951418
AGFG2_RNA,0.006903299130499363
FAM174A_RNA,0.00690261647105217
RAC1_RNA,0.006899965461343527
CLCN2_RNA,0.006894804071635008
NFYC_RNA,0.0068941377103328705
IMPDH2_RNA,0.006892704870551825
DDX56_RNA,0.006887816824018955
FGF3_RNA,0.00688539445400238
REL_RNA,0.006881557870656252
APRT_RNA,0.006875684950500727
MIR874_RNA,0.006865727715194225
DDX31_RNA,0.006865010131150484
ZNF696_RNA,0.0068603213876485825
CREM_RNA,0.006859960500150919
MAGI3_RNA,0.006857295986264944
MIR629_RNA,0.006853337399661541
ADNP2_RNA,0.00684815039858222
ARHGAP17_RNA,0.006845212075859308
GRSF1_RNA,0.0068437447771430016
RFX5_RNA,0.0068436539731919765
LAGE3_RNA,0.006833982188254595
ATRIP_RNA,0.006829718593508005
DEFB135_RNA,0.006823408883064985
ZNHIT2_RNA,0.006819864735007286
TPCN1_RNA,0.0068099284544587135
LEFTY1_RNA,0.006807964760810137
CRAT_RNA,0.006791711784899235
SLC25A21_RNA,0.006787369027733803
TMEM185A_RNA,0.006783461198210716
HP1BP3_RNA,0.0067793941125273705
PSMG3_RNA,0.006775878835469484
PSENEN_RNA,0.006774171721190214
HEXIM2_RNA,0.006769612431526184
C12orf57_RNA,0.006769530475139618
AURKAIP1_RNA,0.006763820070773363
MORN4_RNA,0.006763279903680086
NEDD8_RNA,0.006762747187167406
RCE1_RNA,0.006757258903235197
STARD3_RNA,0.00675556343048811
NSUN6_RNA,0.006755160633474588
SGPL1_RNA,0.006752499844878912
KLHL18_RNA,0.0067512341775000095
TUBGCP5_RNA,0.006749830208718777
CYCS_RNA,0.006749181542545557
DCTPP1_RNA,0.006747700739651918
ZNF385A_RNA,0.00674245273694396
MIR495_RNA,0.0067350175231695175
SLBP_RNA,0.006734452676028013
PRPF19_RNA,0.006718846969306469
COQ2_RNA,0.006712653674185276
DNMBP_RNA,0.006711622234433889
TBC1D4_RNA,0.006710772402584553
ANP32D_RNA,0.00671015027910471
MEGF8_RNA,0.006708022207021713
ZNF407_RNA,0.006706991698592901
TOR3A_RNA,0.006702543701976538
RAP1B_RNA,0.006696361117064953
EIF3A_RNA,0.0066929953172802925
AMACR_RNA,0.006685441359877586
HMGN1_RNA,0.006682099774479866
RGP1_RNA,0.00667957216501236
MRAS_RNA,0.0066701131872832775
ERLIN1_RNA,0.006668730638921261
HCG9_RNA,0.00666410755366087
SUMO3_RNA,0.006663659121841192
ARFGEF1_RNA,0.006661844439804554
ZHX3_RNA,0.006660958752036095
ZNF318_RNA,0.0066595012322068214
FAU_RNA,0.006658283993601799
PTPN23_RNA,0.006656359415501356
GPSM1_RNA,0.006656331475824118
RPAP1_RNA,0.006655808538198471
RNF145_RNA,0.006652824580669403
C14orf93_RNA,0.006648834329098463
TOR1A_RNA,0.006648647598922253
MRPL15_RNA,0.0066420650109648705
MTX1_RNA,0.0066405232064425945
UNG_RNA,0.006635227706283331
MIR140_RNA,0.0066312761045992374
SCARNA1_RNA,0.0066298674792051315
CDIPT_RNA,0.006627763621509075
SALL2_RNA,0.006627640686929226
TAS2R46_RNA,0.006626577116549015
GMPPB_RNA,0.0066202920861542225
PBX2_RNA,0.006619069259613752
GPKOW_RNA,0.006615988444536924
SLC35B4_RNA,0.006608611438423395
NDUFB4_RNA,0.006606098264455795
PIGX_RNA,0.0066045671701431274
SCRG1_RNA,0.0065918415784835815
FUNDC2_RNA,0.006586604285985231
TM9SF1_RNA,0.0065838005393743515
TECPR2_RNA,0.0065806335769593716
LPCAT1_RNA,0.0065796878188848495
ACE2_RNA,0.006579335778951645
SHMT1_RNA,0.006576654966920614
SERF2_RNA,0.006574863102287054
PRKAG2_RNA,0.006572057958692312
USP22_RNA,0.006570491939783096
CLNS1A_RNA,0.006568297278136015
MOGS_RNA,0.006559322122484446
SIPA1_RNA,0.006557762622833252
RPL23A_RNA,0.006555033847689629
EGFL7_RNA,0.006554438266903162
RNF181_RNA,0.0065473876893520355
ADI1_RNA,0.00654731085523963
DNAJB5_RNA,0.00654150964692235
ZDHHC5_RNA,0.006541414186358452
RAB11FIP2_RNA,0.006540424190461636
ATP1A1_RNA,0.006535495165735483
RPL21P28_RNA,0.006533089559525251
MIR383_RNA,0.006531840190291405
MIR496_RNA,0.006528201978653669
HIBADH_RNA,0.006525850389152765
SLC31A1_RNA,0.006522369105368853
FASTKD5_RNA,0.0065202550031244755
UQCRH_RNA,0.006519786547869444
CLCN7_RNA,0.006518219597637653
RANGRF_RNA,0.0065169972367584705
SLC12A6_RNA,0.006513406988233328
COG1_RNA,0.0065130870789289474
CASKIN2_RNA,0.006511833518743515
SDF2_RNA,0.00651102839037776
ROCK1_RNA,0.006497431546449661
VDAC3_RNA,0.006495346315205097
CYB561D2_RNA,0.006492137908935547
WDR18_RNA,0.006487802602350712
HDAC3_RNA,0.006487435195595026
ZNF512B_RNA,0.0064869849011301994
URGCP_RNA,0.006486330181360245
CRADD_RNA,0.0064849150367081165
ZNF219_RNA,0.0064812614582479
UPF2_RNA,0.006477757822722197
HAO1_RNA,0.006476505193859339
BTNL8_RNA,0.006473361048847437
UBFD1_RNA,0.006473233457654715
FBXW5_RNA,0.006468531675636768
EPC1_RNA,0.00645470293238759
SCARNA3_RNA,0.006449779495596886
SEC11A_RNA,0.006449572276324034
DOCK4_RNA,0.006449103821069002
CUL2_RNA,0.006437584292143583
ABR_RNA,0.006436821073293686
SEC16A_RNA,0.006430306937545538
CDK5_RNA,0.006427609361708164
L2HGDH_RNA,0.006425906904041767
ARIH1_RNA,0.006425650790333748
SDAD1_RNA,0.006424336228519678
SPATS2L_RNA,0.006419324316084385
DIP2A_RNA,0.006418890319764614
SFMBT1_RNA,0.006416855845600367
GNG13_RNA,0.006416236516088247
GUCY2F_RNA,0.006412758491933346
KAT5_RNA,0.006403112318366766
RAB43_RNA,0.006400242447853088
POLR2C_RNA,0.0063980743288993835
SFMBT2_RNA,0.006397769786417484
EXOSC1_RNA,0.006397232413291931
HSPA14_RNA,0.006395105272531509
RBP2_RNA,0.0063938661478459835
GMPR2_RNA,0.006393691059201956
MIR182_RNA,0.006392373703420162
TAS2R40_RNA,0.006392000243067741
OR5K2_RNA,0.00639139860868454
AP3D1_RNA,0.006391074042767286
RAB40AL_RNA,0.0063897473737597466
SLC25A11_RNA,0.0063891164027154446
GPX1_RNA,0.0063888500444591045
LMBR1_RNA,0.006385862827301025
ERCC5_RNA,0.00638454919680953
CLASP1_RNA,0.006377892568707466
KATNAL2_RNA,0.006377860438078642
TLN1_RNA,0.006374265067279339
PCCB_RNA,0.006373649928718805
PFKM_RNA,0.0063730101101100445
C9orf78_RNA,0.006371747702360153
MINPP1_RNA,0.0063703046180307865
OSBPL7_RNA,0.006367426365613937
INTS9_RNA,0.0063614072278141975
RBM14_RNA,0.006355850026011467
ANKRD16_RNA,0.00635514734312892
HTT_RNA,0.006352989934384823
COQ9_RNA,0.006344987545162439
RBAK_RNA,0.006341997999697924
TAS2R60_RNA,0.0063398731872439384
MCCC1_RNA,0.0063372086733579636
CNPY4_RNA,0.006334735546261072
INTS1_RNA,0.006333505269140005
HADH_RNA,0.006329340394586325
PRDX6_RNA,0.006329245865345001
LRRC59_RNA,0.0063258628360927105
ZNF688_RNA,0.006325272843241692
RAPH1_RNA,0.006323556415736675
PSMC1_RNA,0.006322409957647324
SCAMP5_RNA,0.00632000295445323
LARP1_RNA,0.006318879313766956
KDM5A_RNA,0.006318575236946344
ABHD2_RNA,0.006317785941064358
JDP2_RNA,0.006317385006695986
FOXN3_RNA,0.0063058738596737385
HERC1_RNA,0.006297325249761343
MBOAT7_RNA,0.006296886596828699
UBE3B_RNA,0.006291013211011887
COX7B_RNA,0.006290136836469173
TRIM66_RNA,0.0062898132018744946
AGPAT3_RNA,0.0062837121076881886
FRMD4A_RNA,0.006277845706790686
NOB1_RNA,0.006275464780628681
UBL7_RNA,0.006270351354032755
ADCY3_RNA,0.006268765311688185
AKR1B1_RNA,0.006268300116062164
ARHGAP26_RNA,0.006266543176025152
FXN_RNA,0.006264369469136
MRPL43_RNA,0.0062642269767820835
NCOR2_RNA,0.006262649782001972
LCN10_RNA,0.006262198090553284
CDK13_RNA,0.006261976435780525
GINS3_RNA,0.0062569910660386086
SLC2A8_RNA,0.006255343556404114
CLPTM1L_RNA,0.006254416424781084
OXGR1_RNA,0.00625410582870245
SLC5A4_RNA,0.00625209417194128
TDH_RNA,0.006251132115721703
RILPL2_RNA,0.0062445420771837234
RAPGEF2_RNA,0.006243524607270956
RNF113B_RNA,0.006236700806766748
ARHGEF1_RNA,0.006236310116946697
HECTD1_RNA,0.006235453765839338
MMS19_RNA,0.006233637686818838
TRMT112_RNA,0.006232843268662691
MRPL41_RNA,0.006229345221072435
ARAF_RNA,0.0062268152832984924
ALKBH7_RNA,0.006221268326044083
BRPF3_RNA,0.0062212566845119
TBC1D5_RNA,0.006219640839844942
HSD17B10_RNA,0.00621669739484787
TRIP6_RNA,0.006215273402631283
FAM83A_RNA,0.006213474087417126
METTL9_RNA,0.006209135055541992
ACSF3_RNA,0.006205114535987377
OR2D3_RNA,0.0061992923729121685
ANAPC11_RNA,0.006198846269398928
HINT1_RNA,0.00619681179523468
TGFBR2_RNA,0.006196589209139347
PHLPP2_RNA,0.006195943336933851
HYMAI_RNA,0.006189658306539059
PHKB_RNA,0.006189195904880762
CSNK1A1_RNA,0.006186522543430328
IDE_RNA,0.006184734869748354
DALRD3_RNA,0.006181337870657444
PLEKHM2_RNA,0.006180359981954098
NLRP10_RNA,0.0061782533302903175
RGL2_RNA,0.006175103131681681
GNGT1_RNA,0.006172120105475187
MED13L_RNA,0.006169190630316734
NUP188_RNA,0.006168014835566282
FYCO1_RNA,0.00616506626829505
USP4_RNA,0.006164737045764923
BUB3_RNA,0.006164602469652891
MBD1_RNA,0.006160464603453875
XPA_RNA,0.006160047370940447
CALM2_RNA,0.006150208879262209
UCKL1_RNA,0.006146240513771772
ZC3H3_RNA,0.006143095903098583
ANKRD26_RNA,0.006141902878880501
MERTK_RNA,0.006141838617622852
DAD1_RNA,0.006141700316220522
TMEM222_RNA,0.006135369185358286
TSHZ1_RNA,0.006132482551038265
TUBGCP3_RNA,0.006127286236733198
USP17L2_RNA,0.006125114392489195
HMG20A_RNA,0.006124457810074091
ZMYM3_RNA,0.0061148409731686115
ERGIC1_RNA,0.006114210467785597
SF3B2_RNA,0.006113776005804539
MKRN1_RNA,0.006109412759542465
UNC50_RNA,0.006105429958552122
PAFAH2_RNA,0.006100186612457037
URM1_RNA,0.0060959067195653915
NCOA1_RNA,0.006094701122492552
UCK1_RNA,0.00609210878610611
GTF2A1L_RNA,0.00609079422429204
ASB16_RNA,0.00608438765630126
RBM41_RNA,0.006082807667553425
M6PR_RNA,0.00607545580714941
MIRLET7C_RNA,0.0060744816437363625
MGST2_RNA,0.006074199918657541
MRPL47_RNA,0.00606925506144762
TADA2B_RNA,0.006067535374313593
RHOBTB1_RNA,0.006066315341740847
AXIN1_RNA,0.006061962340027094
KIF7_RNA,0.006060902029275894
BAHCC1_RNA,0.0060608526691794395
TTLL13_RNA,0.0060568805783987045
MLLT6_RNA,0.006055755540728569
BBS2_RNA,0.006055586505681276
DNAJB11_RNA,0.006053840275853872
PLCL2_RNA,0.006050109397619963
SNORA59A_RNA,0.0060500758700072765
PMS2CL_RNA,0.0060494439676404
APOA2_RNA,0.006041926797479391
PPP1R3D_RNA,0.006041120737791061
MPV17L2_RNA,0.006039904896169901
CWC15_RNA,0.006039210129529238
TEX261_RNA,0.006036522798240185
PIK3R4_RNA,0.006033647805452347
WIZ_RNA,0.006027481984347105
MRPL11_RNA,0.006015499122440815
SNORA38B_RNA,0.006013161968439817
HNRNPUL1_RNA,0.006011709570884705
RNF44_RNA,0.006010815035551786
HIBCH_RNA,0.006009416654706001
LCOR_RNA,0.006000665947794914
NFAT5_RNA,0.005995996296405792
IRAK1_RNA,0.005995591636747122
TMEM175_RNA,0.0059953611344099045
NAP1L3_RNA,0.005986629519611597
KIAA1143_RNA,0.005986317992210388
SLC25A39_RNA,0.005985748954117298
ING3_RNA,0.005977381020784378
CCDC86_RNA,0.005972627550363541
ZNF503_RNA,0.005972262937575579
MIR1262_RNA,0.005969650112092495
NAA35_RNA,0.005966637283563614
POLR1A_RNA,0.005965515039861202
LCLAT1_RNA,0.005964971613138914
LLPH_RNA,0.005959357600659132
SNTN_RNA,0.005951454397290945
ALG1_RNA,0.0059477114118635654
SNAP23_RNA,0.005945204757153988
PTGES3_RNA,0.0059433020651340485
MYCBP_RNA,0.005938907619565725
PRR12_RNA,0.005938373506069183
TAF15_RNA,0.005932726431638002
TMEM147_RNA,0.005931362509727478
NACC1_RNA,0.005927953869104385
PLCB3_RNA,0.005927274003624916
RNF133_RNA,0.005926534999161959
UBE2E3_RNA,0.005920702591538429
SOAT2_RNA,0.005918796639889479
UNC13D_RNA,0.005911192391067743
CCDC47_RNA,0.005892889574170113
RASAL2_RNA,0.0058921328745782375
HSPB1_RNA,0.005891924723982811
C2orf74_RNA,0.005891536362469196
TIGD5_RNA,0.005888472311198711
WDR45_RNA,0.005888254847377539
ZNF668_RNA,0.005883462727069855
GPR20_RNA,0.005880864802747965
BAHD1_RNA,0.0058787246234714985
PHB2_RNA,0.005874237045645714
PANK2_RNA,0.005871127359569073
LOXHD1_RNA,0.005868204403668642
ZFHX3_RNA,0.005866513587534428
XPC_RNA,0.005865360610187054
TIMM8B_RNA,0.005861123092472553
RAB1B_RNA,0.005860485136508942
GTF3C1_RNA,0.00585517380386591
FIGLA_RNA,0.005852989386767149
SH3TC1_RNA,0.005849484354257584
SRP72_RNA,0.00584600493311882
INTS12_RNA,0.005844435188919306
FAHD2A_RNA,0.0058433678932487965
RAVER1_RNA,0.005842518527060747
YRDC_RNA,0.005839945748448372
SLC3A2_RNA,0.005838935729116201
TBC1D16_RNA,0.005831859074532986
FBXL14_RNA,0.005828132387250662
MAGEA10_RNA,0.005822664126753807
MIR548H3_RNA,0.005819126032292843
R3HCC1_RNA,0.0058189816772937775
SMC5_RNA,0.005817999131977558
IMMP1L_RNA,0.005812923423945904
ZC3H18_RNA,0.005809726193547249
ADCY7_RNA,0.00580886984243989
HYOU1_RNA,0.005807715002447367
TAF1B_RNA,0.005805848632007837
BMP2K_RNA,0.005801541730761528
ABCB8_RNA,0.005791014991700649
ANXA7_RNA,0.005787526722997427
ZFAND2A_RNA,0.005786792375147343
LONRF3_RNA,0.005784573033452034
SNX1_RNA,0.005784081295132637
DNAJA3_RNA,0.005783302243798971
SLC10A3_RNA,0.005780006758868694
SNN_RNA,0.005779532250016928
RPS27A_RNA,0.005778767168521881
SETX_RNA,0.005776553880423307
SLC10A5_RNA,0.005776320118457079
LTB4R2_RNA,0.005775898694992065
SCAF1_RNA,0.005768788047134876
SELPLG_RNA,0.005768282804638147
PRPF4_RNA,0.005765393376350403
PDK2_RNA,0.005761631764471531
KLHL20_RNA,0.005761596839874983
MIR626_RNA,0.005750621203333139
PIGO_RNA,0.005742691922932863
NDUFAF3_RNA,0.005742537323385477
ZNF706_RNA,0.005738962907344103
CUTA_RNA,0.005736838560551405
CDK2AP1_RNA,0.005736078135669231
PSMD3_RNA,0.0057322559878230095
WDR55_RNA,0.005731415003538132
SNORA12_RNA,0.0057313572615385056
STARD3NL_RNA,0.005730297416448593
RTEL1_RNA,0.0057295397855341434
RABGAP1_RNA,0.005727582145482302
NPDC1_RNA,0.005723803304135799
MBTPS2_RNA,0.005721231922507286
TRIP11_RNA,0.0057192775420844555
HIPK1_RNA,0.005719201173633337
GPR107_RNA,0.005718222353607416
RBMXL2_RNA,0.005715923849493265
ATP6V1G1_RNA,0.005714447237551212
NDOR1_RNA,0.005709549877792597
HIGD1B_RNA,0.005708875134587288
ZNF646_RNA,0.005705661606043577
PDE6D_RNA,0.005700775422155857
CNNM2_RNA,0.005698192864656448
S1PR1_RNA,0.005693343933671713
AMOTL1_RNA,0.005693298764526844
MIR30A_RNA,0.005692795850336552
ELP4_RNA,0.005691555328667164
TMEM219_RNA,0.005689490586519241
BTNL9_RNA,0.005686569958925247
CCDC71_RNA,0.005683918949216604
ATP6V1G3_RNA,0.005682724062353373
SMG7_RNA,0.005682338960468769
OPHN1_RNA,0.005680579226464033
HNMT_RNA,0.005679902620613575
FKBP3_RNA,0.005675812251865864
DCAF11_RNA,0.005673754960298538
MGAT4B_RNA,0.005671822000294924
SNORD71_RNA,0.0056704143062233925
SFTPD_RNA,0.005670245736837387
MIP_RNA,0.005664479453116655
ZNF408_RNA,0.0056643979623913765
DHODH_RNA,0.005658680573105812
CCDC6_RNA,0.005658531561493874
RIPK2_RNA,0.005655855871737003
RPL23_RNA,0.005649096332490444
ANKFY1_RNA,0.005647534504532814
CDC26_RNA,0.0056445118971168995
LOC100131496_RNA,0.005641845054924488
RAVER2_RNA,0.0056384894996881485
ATN1_RNA,0.005637360271066427
PTPN14_RNA,0.0056354813277721405
FANCM_RNA,0.00563520472496748
PTPRM_RNA,0.00563372578471899
EML3_RNA,0.005633551627397537
SLC44A2_RNA,0.005630855448544025
NRBP1_RNA,0.005630599334836006
VPS41_RNA,0.005630445666611195
TMEM88_RNA,0.005622249562293291
GALK1_RNA,0.005621233955025673
PPIE_RNA,0.005620953626930714
APEH_RNA,0.005618267226964235
NUP205_RNA,0.005617411807179451
UNC119_RNA,0.00561574287712574
THYN1_RNA,0.005612819455564022
MAP1S_RNA,0.005611472763121128
SLC12A9_RNA,0.00560798728838563
NIPA2_RNA,0.005607777740806341
MTM1_RNA,0.005607008468359709
MYO10_RNA,0.005604872480034828
WFDC11_RNA,0.005604334641247988
PGAM1_RNA,0.005601685959845781
DNAJC9_RNA,0.005599300842732191
PGP_RNA,0.00559823215007782
RPL3L_RNA,0.005594754591584206
SNORD12C_RNA,0.005592531990259886
ARHGEF12_RNA,0.005591993685811758
ATG2B_RNA,0.005586607847362757
ACTL7A_RNA,0.005584526341408491
WNK1_RNA,0.005584476515650749
KDM3B_RNA,0.005582757294178009
NDUFV1_RNA,0.005581543780863285
PTH1R_RNA,0.00558149628341198
MRPL39_RNA,0.0055811298079788685
OR2A14_RNA,0.005580596625804901
TFAM_RNA,0.005574737209826708
YPEL3_RNA,0.005571924149990082
HCRT_RNA,0.005570587236434221
MTOR_RNA,0.0055691334418952465
EHBP1_RNA,0.00556773180142045
APOLD1_RNA,0.005565081723034382
SEC14L1_RNA,0.005557375960052013
DCLRE1B_RNA,0.0055558765307068825
ADAMTS9_RNA,0.00555556733161211
HSPA9_RNA,0.005554587580263615
FASN_RNA,0.005553781986236572
TBRG4_RNA,0.005549870431423187
RAET1E_RNA,0.005548260174691677
EFR3A_RNA,0.005545497871935368
TBL3_RNA,0.0055391606874763966
RBM44_RNA,0.0055389017798006535
RECQL5_RNA,0.005536722484976053
PPIB_RNA,0.005535049829632044
CYP2F1_RNA,0.005534619092941284
DHRS4_RNA,0.005533799063414335
FRY_RNA,0.005532214883714914
NDUFAF1_RNA,0.005529843270778656
INPP1_RNA,0.005526574794203043
FLJ30679_RNA,0.00552579527720809
FOXH1_RNA,0.005525525193661451
ST6GALNAC6_RNA,0.005523759871721268
ENGASE_RNA,0.005521825980395079
FKBP10_RNA,0.005520746577531099
TMEM25_RNA,0.005519452039152384
MRFAP1_RNA,0.005517712328583002
BAG1_RNA,0.0055172559805214405
TSC22D1_RNA,0.005514339543879032
MIR634_RNA,0.0055131493136286736
ERI2_RNA,0.005512653384357691
ZNF263_RNA,0.005511995404958725
GIN1_RNA,0.00551047595217824
LRTOMT_RNA,0.005505784414708614
PLCG1_RNA,0.00550184166058898
EPB41_RNA,0.005501164123415947
PPP1R16A_RNA,0.005500121507793665
ABCD1_RNA,0.005493840202689171
PPP1R3F_RNA,0.005493125878274441
TBC1D2B_RNA,0.0054922145791351795
RARG_RNA,0.005489435512572527
ZNF839_RNA,0.005488939117640257
SLC17A4_RNA,0.005488626658916473
NME6_RNA,0.005486372858285904
SDHAF2_RNA,0.00548496562987566
RPL39_RNA,0.0054820324294269085
BRD3_RNA,0.00548191275447607
HRC_RNA,0.005481116008013487
RBMS2_RNA,0.00548091996461153
KDM6B_RNA,0.005480755586177111
NEK1_RNA,0.0054799350909888744
FDX1_RNA,0.005478596780449152
GPR152_RNA,0.005475099664181471
ZC3H10_RNA,0.005474325269460678
DIS3L2_RNA,0.005472424440085888
PRRG2_RNA,0.005470405798405409
GIMAP8_RNA,0.0054686530493199825
MAT2A_RNA,0.005460899788886309
KPNB1_RNA,0.005460771266371012
GPR75_RNA,0.005458710715174675
MIR199A1_RNA,0.005454094614833593
HNRNPA2B1_RNA,0.005452475044876337
POLD4_RNA,0.00545073626562953
LRP1_RNA,0.0054501998238265514
RER1_RNA,0.005450115073472261
ADAMTS13_RNA,0.0054472992196679115
NPEPPS_RNA,0.005446458701044321
TTYH3_RNA,0.0054413084872066975
SPAG7_RNA,0.005439263302832842
RAB11FIP3_RNA,0.005434653256088495
GHSR_RNA,0.0054337927140295506
PRKCH_RNA,0.005433278623968363
BCKDK_RNA,0.005431563593447208
BPGM_RNA,0.0054303128272295
TMEM106C_RNA,0.005429980345070362
MAPKBP1_RNA,0.005427695345133543
DBN1_RNA,0.0054271952249109745
LRRC4B_RNA,0.005427135154604912
PPOX_RNA,0.0054228538647294044
TKTL2_RNA,0.005422260612249374
TNKS2_RNA,0.005420736502856016
JAK1_RNA,0.0054194931872189045
GALR3_RNA,0.005416847765445709
HUS1B_RNA,0.005414741113781929
PRPF8_RNA,0.005413947626948357
SLC26A5_RNA,0.005412984173744917
EED_RNA,0.005411651451140642
POLR3E_RNA,0.00541070569306612
PDXK_RNA,0.005408114288002253
TBC1D9B_RNA,0.005406857933849096
DNAJC30_RNA,0.005406396929174662
TMEM150A_RNA,0.005405138712376356
MCCC2_RNA,0.005404999479651451
MAF1_RNA,0.0053996737115085125
TSPAN33_RNA,0.0053975870832800865
NUBP1_RNA,0.0053937193006277084
GGNBP2_RNA,0.005393095314502716
HEG1_RNA,0.005390239879488945
SNORD9_RNA,0.005387688986957073
ELK4_RNA,0.005385308992117643
ZBTB40_RNA,0.005381309427320957
SURF4_RNA,0.00537836691364646
KCTD2_RNA,0.0053775073029100895
PCBD1_RNA,0.0053725638426840305
NAPA_RNA,0.005368921440094709
ARSA_RNA,0.005362599156796932
ACTR1B_RNA,0.005362031050026417
LRIT2_RNA,0.005360940471291542
NCBP1_RNA,0.005357066635042429
EAPP_RNA,0.005354549735784531
LCMT1_RNA,0.005353900138288736
USP13_RNA,0.005350302439182997
ADIPOR2_RNA,0.005347821861505508
NOSTRIN_RNA,0.005347512662410736
SETDB1_RNA,0.005345776677131653
TRIM4_RNA,0.005345412530004978
MYADML2_RNA,0.0053453510627150536
MGRN1_RNA,0.005341966170817614
ANKRD11_RNA,0.005341875832527876
KHDRBS1_RNA,0.005341258365660906
TBCD_RNA,0.005340532399713993
GPR4_RNA,0.005338260903954506
SNORA80B_RNA,0.005336611531674862
CEP192_RNA,0.0053352490067481995
C1orf56_RNA,0.005333108361810446
HPS6_RNA,0.005328242667019367
SNORD115-39_RNA,0.005327210295945406
SNX13_RNA,0.0053270431235432625
NOTCH1_RNA,0.00532409455627203
C14orf119_RNA,0.005321954842656851
LIAS_RNA,0.0053208498284220695
COG8_RNA,0.005318408366292715
MLX_RNA,0.00531751336529851
ING2_RNA,0.005314811132848263
BOLA3_RNA,0.005314724985510111
SYAP1_RNA,0.005311817396432161
CIAPIN1_RNA,0.005311121698468924
HIGD2B_RNA,0.005310859996825457
THUMPD1_RNA,0.005308719351887703
EDA_RNA,0.005305264610797167
PDE5A_RNA,0.005305221304297447
MIR1250_RNA,0.00530285807326436
FAM133B_RNA,0.005300676450133324
USP53_RNA,0.0052983639761805534
TUB_RNA,0.005293066147714853
MTHFSD_RNA,0.005293001886457205
DCAF7_RNA,0.005292684771120548
RHOBTB3_RNA,0.0052906847558915615
TSC22D4_RNA,0.0052881864830851555
ZC3H12C_RNA,0.005286834202706814
DCLRE1A_RNA,0.00528451194986701
COQ10A_RNA,0.005275221075862646
PIGV_RNA,0.005274258088320494
AP1G1_RNA,0.005272052250802517
MRPL12_RNA,0.00527170579880476
CCDC149_RNA,0.005270960740745068
PDCD4_RNA,0.005269966553896666
PTTG2_RNA,0.0052692280150949955
DENND4B_RNA,0.005267454776912928
PCSK9_RNA,0.00526738166809082
FAM171A1_RNA,0.0052667465060949326
KLF7_RNA,0.005264753941446543
ZMYM2_RNA,0.005263304337859154
ADD1_RNA,0.005263213999569416
RIC8B_RNA,0.005261623300611973
ZCCHC18_RNA,0.005261330399662256
AP2A1_RNA,0.005257908254861832
ZNF366_RNA,0.005255589261651039
BEND7_RNA,0.0052553992718458176
LINGO4_RNA,0.005255286581814289
MXD4_RNA,0.005253027658909559
ETAA1_RNA,0.005252945702522993
WFS1_RNA,0.005251687485724688
KCTD3_RNA,0.005248483270406723
OR1L3_RNA,0.0052481284365057945
CASK_RNA,0.005247370805591345
UBE2H_RNA,0.005245674401521683
KLHL36_RNA,0.00524110859259963
HDDC3_RNA,0.005240601487457752
NFIX_RNA,0.0052377874962985516
FIBP_RNA,0.005233767442405224
POLR2A_RNA,0.005232919007539749
ALG3_RNA,0.00522601418197155
VPS4A_RNA,0.005224558059126139
TMED9_RNA,0.005224208347499371
URB2_RNA,0.005222417879849672
MYL12A_RNA,0.005222410894930363
CCDC73_RNA,0.00522050354629755
SMC3_RNA,0.005216604098677635
PINK1_RNA,0.005209806840866804
ACBD4_RNA,0.005209026858210564
LCN6_RNA,0.005207883194088936
JARID2_RNA,0.005205173976719379
NYX_RNA,0.005202945787459612
ILDR1_RNA,0.005201851017773151
TINAGL1_RNA,0.00519980164244771
COX5A_RNA,0.0051986174657940865
MATN3_RNA,0.005197154823690653
HADHB_RNA,0.005192550830543041
VPS39_RNA,0.005191525910049677
SCFD2_RNA,0.005190884694457054
TMX2_RNA,0.0051906295120716095
PPM1L_RNA,0.005189212970435619
MOAP1_RNA,0.005184209905564785
TBC1D21_RNA,0.005183805711567402
RCN2_RNA,0.005181842017918825
POLM_RNA,0.0051799132488667965
EIF2B2_RNA,0.0051775891333818436
BACE1_RNA,0.005176669452339411
SSNA1_RNA,0.005175192374736071
CYTH3_RNA,0.005173577461391687
POLR2K_RNA,0.005172767210751772
RADIL_RNA,0.005169409327208996
DHX37_RNA,0.005160586908459663
TCF15_RNA,0.005157866515219212
CLEC14A_RNA,0.005156292580068111
PHKG2_RNA,0.005154864396899939
ENDOG_RNA,0.005154562648385763
PRDX2_RNA,0.005150234792381525
ARHGAP1_RNA,0.005149644333869219
TRPM5_RNA,0.005147674586623907
NUBP2_RNA,0.0051470352336764336
PARP3_RNA,0.005143584683537483
DUT_RNA,0.005140381399542093
CSRP2_RNA,0.005140329245477915
MYL5_RNA,0.00513997720554471
WDR82_RNA,0.005138281732797623
ATP13A2_RNA,0.005135431420058012
ZNF689_RNA,0.005134119652211666
SNRNP200_RNA,0.005131345707923174
SDC3_RNA,0.0051303948275744915
CHDH_RNA,0.005129295401275158
CD164L2_RNA,0.005125656258314848
SPHK2_RNA,0.005123575683683157
POLR2L_RNA,0.005122276954352856
CTSO_RNA,0.005122112110257149
CELA2A_RNA,0.0051217107102274895
MYH6_RNA,0.005118871107697487
CAMSAP1_RNA,0.00511676911264658
SESN3_RNA,0.005112967453896999
PHF7_RNA,0.00511260237544775
PAIP2_RNA,0.0051117874681949615
MYF6_RNA,0.005109761841595173
TTC19_RNA,0.005106891971081495
AQR_RNA,0.005105164833366871
GON4L_RNA,0.0051037222146987915
C9orf40_RNA,0.005100808572024107
SLCO2B1_RNA,0.005100540816783905
IL17D_RNA,0.005099238827824593
DARS2_RNA,0.005098459776490927
PLXNA2_RNA,0.0050954921171069145
IKZF4_RNA,0.005094159860163927
MAPKAP1_RNA,0.005092495586723089
GEMIN5_RNA,0.005091903731226921
NLRP5_RNA,0.00508658355101943
MTX2_RNA,0.005084189586341381
MIR130A_RNA,0.005079260095953941
CYFIP2_RNA,0.005078473128378391
PYCR1_RNA,0.005078274756669998
BTAF1_RNA,0.005077203270047903
PARN_RNA,0.005076822359114885
FPGS_RNA,0.0050714812241494656
RNASE8_RNA,0.005070699378848076
DTX3_RNA,0.005070514976978302
PXMP2_RNA,0.005064432974904776
BDH2_RNA,0.005058690439909697
RASSF4_RNA,0.005057433154433966
ASH1L_RNA,0.005054741632193327
ZNF354C_RNA,0.005054381210356951
PRCP_RNA,0.005051926709711552
RHOF_RNA,0.005050988867878914
TM9SF3_RNA,0.005050024949014187
NDUFB7_RNA,0.0050479089841246605
LHFPL2_RNA,0.005047451239079237
UNC45B_RNA,0.005042556207627058
ALG8_RNA,0.005036502610892057
FRS2_RNA,0.005035924259573221
MIR320A_RNA,0.005035070702433586
GNPTAB_RNA,0.0050297025591135025
MIR298_RNA,0.0050278021954
C3orf36_RNA,0.00502566946670413
GTF2A2_RNA,0.005020716693252325
PITPNA_RNA,0.005020679906010628
CDH26_RNA,0.005018254742026329
CCDC160_RNA,0.005018065683543682
USP7_RNA,0.005014052148908377
CDC42SE1_RNA,0.005009904038161039
TBPL2_RNA,0.005008825100958347
BLID_RNA,0.005007404368370771
DCXR_RNA,0.005001986399292946
TP53BP1_RNA,0.005001403391361237
MFSD11_RNA,0.004998872522264719
ERI3_RNA,0.004998860880732536
NDUFS5_RNA,0.004997324198484421
QSOX1_RNA,0.004995976109057665
DHX32_RNA,0.004990948364138603
CDK12_RNA,0.0049908338114619255
GCC1_RNA,0.004990065470337868
ARHGDIA_RNA,0.004989189561456442
FIS1_RNA,0.004985044710338116
HAUS3_RNA,0.004981976468116045
LRRC8A_RNA,0.004977422766387463
ANKRD13C_RNA,0.004976882599294186
RPL21_RNA,0.004976572934538126
C9orf85_RNA,0.004975374322384596
GRPR_RNA,0.004974020645022392
SIVA1_RNA,0.004972307942807674
FGD4_RNA,0.004971466027200222
KLHDC2_RNA,0.004971127025783062
SHC1_RNA,0.004966313019394875
SHMT2_RNA,0.004961942322552204
FBXW4_RNA,0.004959568381309509
CLDN6_RNA,0.004957940895110369
CAMLG_RNA,0.004955349024385214
SLC7A6_RNA,0.0049546873196959496
PCCA_RNA,0.0049527189694345
ZBTB43_RNA,0.004951176233589649
MIR218-2_RNA,0.0049497224390506744
RFC2_RNA,0.0049452646635472775
CRIP2_RNA,0.004944733344018459
FKBP15_RNA,0.004943888168781996
TNIP2_RNA,0.004943415056914091
METRN_RNA,0.004943252075463533
TMEM101_RNA,0.00494019640609622
ANKRD44_RNA,0.00493575306609273
MRPL34_RNA,0.004935177508741617
TLCD1_RNA,0.0049331351183354855
ENPEP_RNA,0.0049327826127409935
DDX27_RNA,0.004931662231683731
KPNA1_RNA,0.004929323215037584
CFL1_RNA,0.004928399808704853
SLC2A7_RNA,0.004927915520966053
ATP13A1_RNA,0.004927300848066807
MFSD10_RNA,0.004923457745462656
ANKRD33_RNA,0.004923123866319656
MRPS12_RNA,0.004922934342175722
PRIM1_RNA,0.004921008832752705
MIR145_RNA,0.0049193380400538445
NAA10_RNA,0.0049177417531609535
CITED4_RNA,0.004916895180940628
MIR374A_RNA,0.004914844408631325
DNAJC16_RNA,0.004908662289381027
SDSL_RNA,0.00490825017914176
FTSJ1_RNA,0.004906250163912773
ABHD8_RNA,0.004905411973595619
BCL7C_RNA,0.004903550259768963
RPL29_RNA,0.004903392866253853
PRKCA_RNA,0.004898231942206621
SNRPA1_RNA,0.004897096659988165
COG5_RNA,0.004894621670246124
CCDC51_RNA,0.00489344447851181
AGPAT1_RNA,0.004890574607998133
MAP2K5_RNA,0.004887739196419716
CASKIN1_RNA,0.00488571310415864
CLEC4E_RNA,0.00488449027761817
SOS2_RNA,0.004879835061728954
MIR1913_RNA,0.004878907464444637
RMI1_RNA,0.00487816845998168
ZKSCAN2_RNA,0.004877982195466757
FKBP2_RNA,0.004875923506915569
WDFY4_RNA,0.004874024540185928
PURG_RNA,0.004873821046203375
GEMIN6_RNA,0.004867618903517723
CCDC142_RNA,0.004864332731813192
MRPS21_RNA,0.004860709421336651
TTC14_RNA,0.004856843035668135
ZNF664_RNA,0.004856805317103863
C9orf50_RNA,0.00485644955188036
KCTD11_RNA,0.004854939877986908
AAGAB_RNA,0.004851154051721096
PATE1_RNA,0.004850691184401512
FEN1_RNA,0.004848354961723089
GPN3_RNA,0.004847446922212839
BCAS2_RNA,0.004839650355279446
NFATC3_RNA,0.00483962707221508
CXorf38_RNA,0.00483578909188509
TMEM204_RNA,0.0048314048908650875
TM9SF2_RNA,0.00483032176271081
FAM83E_RNA,0.0048292032442986965
PRDM7_RNA,0.004827855154871941
SRGAP1_RNA,0.004826313350349665
MACF1_RNA,0.004821754526346922
CD302_RNA,0.0048189121298491955
RDH8_RNA,0.0048185912892222404
WWC2_RNA,0.004815124906599522
CDKN2AIPNL_RNA,0.00481485016644001
FES_RNA,0.004811715800315142
NFATC2IP_RNA,0.004809369333088398
LYPLA2_RNA,0.004809185862541199
MIF4GD_RNA,0.004803459160029888
ERC1_RNA,0.004802491515874863
SLC6A18_RNA,0.004802056588232517
SNX17_RNA,0.004800477996468544
MIR9-1_RNA,0.004798952955752611
ZNF513_RNA,0.004797553177922964
VTN_RNA,0.004797034896910191
ITPRIPL2_RNA,0.004795626271516085
ZG16B_RNA,0.0047936392948031425
CMTM4_RNA,0.0047908988781273365
GNA12_RNA,0.004789604339748621
PIGF_RNA,0.004786958452314138
KCNA2_RNA,0.004786055069416761
MIR23B_RNA,0.004785343538969755
KLHL5_RNA,0.004784600343555212
PSMC2_RNA,0.004784298129379749
NUP214_RNA,0.004782518371939659
PYCR2_RNA,0.004781652241945267
PLA2G2F_RNA,0.004780488554388285
FOXR1_RNA,0.004779451061040163
RHOC_RNA,0.004777730442583561
ZC3H4_RNA,0.004776614718139172
MED13_RNA,0.00477526243776083
SLC37A4_RNA,0.004775193985551596
C15orf39_RNA,0.004772896412760019
NAP1L1_RNA,0.0047720642760396
SYCP1_RNA,0.00477051455527544
SNORA54_RNA,0.004770386032760143
APOA5_RNA,0.004769050050526857
B3GNT6_RNA,0.0047661610879004
MFSD3_RNA,0.004765642341226339
PCDHGC3_RNA,0.004765406716614962
C16orf86_RNA,0.004763733129948378
MAST2_RNA,0.004762995056807995
DMXL2_RNA,0.004762703087180853
PANK1_RNA,0.00475822389125824
PSD2_RNA,0.004757213406264782
OAT_RNA,0.00475055119022727
CCDC7_RNA,0.004750200547277927
SPARC_RNA,0.004746686667203903
RNPS1_RNA,0.004743850789964199
AKNA_RNA,0.00474344938993454
METTL13_RNA,0.004741386044770479
ZNF595_RNA,0.004740973934531212
OIT3_RNA,0.004737155511975288
CLPX_RNA,0.004734992515295744
ZSCAN10_RNA,0.004734616260975599
TNKS1BP1_RNA,0.004734258633106947
MIR329-1_RNA,0.0047325133346021175
UQCRHL_RNA,0.004732220433652401
NUDT6_RNA,0.004732026718556881
MRPL52_RNA,0.004731703083962202
MRPL36_RNA,0.004730509128421545
NME4_RNA,0.004730359651148319
AP3M2_RNA,0.004730325657874346
EFTUD2_RNA,0.004730022046715021
FMN2_RNA,0.004723757039755583
EBAG9_RNA,0.004722066223621368
EDC3_RNA,0.004716243129223585
MAP3K2_RNA,0.004714978858828545
MYO9A_RNA,0.004714894574135542
PRSS22_RNA,0.004714540671557188
SPPL3_RNA,0.004712698515504599
RCC2_RNA,0.004711946472525597
PTPRE_RNA,0.004710919689387083
PDP2_RNA,0.004709271714091301
NOC4L_RNA,0.004708257503807545
NEK4_RNA,0.0047069997526705265
CYB5A_RNA,0.004706910811364651
SECISBP2_RNA,0.004705559462308884
GOLGA1_RNA,0.004704455379396677
LUZP1_RNA,0.004704310558736324
SYVN1_RNA,0.004703806713223457
SAG_RNA,0.004702363628894091
SERTAD1_RNA,0.004697780590504408
LPIN2_RNA,0.004697777796536684
ZNF783_RNA,0.004697051364928484
CBX5_RNA,0.004696238785982132
HIF1A_RNA,0.004693667404353619
PRELID1_RNA,0.0046912143006920815
KCNU1_RNA,0.004682154394686222
VPS13C_RNA,0.004681824240833521
KANK3_RNA,0.004680032376199961
MPZL1_RNA,0.004677911289036274
ZNF605_RNA,0.004676708951592445
NAT10_RNA,0.004676450043916702
GTF2IRD1_RNA,0.004672934766858816
CROT_RNA,0.004671713337302208
NRG2_RNA,0.004670223221182823
OR1J1_RNA,0.0046694171614944935
CNOT6L_RNA,0.0046664029359817505
GLRX3_RNA,0.004666259977966547
DLG5_RNA,0.00466584786772728
ARHGAP4_RNA,0.004665786866098642
WFIKKN1_RNA,0.004664688836783171
G6PC3_RNA,0.004663688596338034
BMPR1A_RNA,0.0046631996519863605
FZD4_RNA,0.004662965424358845
EGLN1_RNA,0.0046619572676718235
PRKD1_RNA,0.004661676939576864
DDX46_RNA,0.00465944642201066
GDPD4_RNA,0.004658618941903114
SNORA38_RNA,0.004649408161640167
PSMG2_RNA,0.004648092668503523
SPATC1_RNA,0.004645224194973707
AMDHD1_RNA,0.0046434346586465836
MIR643_RNA,0.00464329868555069
TMEM14C_RNA,0.0046419790014624596
CLCNKA_RNA,0.004640061873942614
ZNF559_RNA,0.00463939318433404
PLAC9_RNA,0.0046357749961316586
ATF7IP_RNA,0.004634947050362825
MIR29A_RNA,0.004632871598005295
PIK3R1_RNA,0.004631453193724155
LRRC42_RNA,0.00463004969060421
RCOR1_RNA,0.0046287463046610355
PNKP_RNA,0.004628430120646954
GTF2I_RNA,0.00462655583396554
MST1R_RNA,0.0046251798048615456
NIPSNAP3B_RNA,0.004624468740075827
ESRRG_RNA,0.004623358137905598
SRP68_RNA,0.004621678963303566
BCL7B_RNA,0.004621578846126795
MYL12B_RNA,0.004620793741196394
DBI_RNA,0.00461905961856246
DCP1A_RNA,0.0046173944137990475
GPRIN3_RNA,0.0046161203645169735
GAPVD1_RNA,0.004616059362888336
METTL5_RNA,0.004614494740962982
VPS28_RNA,0.004614132456481457
BMS1_RNA,0.004613291472196579
PSMD6_RNA,0.004611849784851074
RAB24_RNA,0.0046113021671772
MIIP_RNA,0.004609202966094017
C6orf47_RNA,0.004606759641319513
C1orf54_RNA,0.004605445079505444
SPIN2B_RNA,0.004605269059538841
ANKRD9_RNA,0.004605146124958992
TMEM50B_RNA,0.004603377543389797
NUDT7_RNA,0.004598360974341631
PSMD1_RNA,0.0045959074050188065
C4orf36_RNA,0.004594143945723772
INO80B_RNA,0.0045892405323684216
C1orf210_RNA,0.004589222837239504
CEND1_RNA,0.004588266368955374
TLE1_RNA,0.004587939009070396
PITRM1_RNA,0.004586406052112579
PRR15L_RNA,0.004581892862915993
DIABLO_RNA,0.004579364787787199
BRWD1_RNA,0.004575379658490419
C1QTNF5_RNA,0.004574709106236696
KIF20B_RNA,0.004574442282319069
EDEM3_RNA,0.004571007564663887
SH2B1_RNA,0.004570554476231337
ANKAR_RNA,0.004567019175738096
CPVL_RNA,0.004564197733998299
EAF2_RNA,0.0045613436959683895
TMEM161A_RNA,0.004552214406430721
TMED8_RNA,0.004552170634269714
SNORD89_RNA,0.004551919177174568
SIRPA_RNA,0.00455150380730629
ATP6V1H_RNA,0.004550471901893616
RNU6ATAC_RNA,0.004550381563603878
RPA4_RNA,0.004548303317278624
BHLHE23_RNA,0.004548294469714165
R3HDM2_RNA,0.0045476448722183704
PHKA1_RNA,0.0045426334254443645
ANO2_RNA,0.0045386129058897495
FBXL17_RNA,0.004537804983556271
KCNC3_RNA,0.004535953514277935
CMC1_RNA,0.004533711820840836
DNAJC12_RNA,0.004531509708613157
TBC1D13_RNA,0.0045296731404960155
ABCC4_RNA,0.004524101037532091
IMMP2L_RNA,0.00451961113139987
ACD_RNA,0.004518379457294941
PKD1_RNA,0.0045181564055383205
NUDT4_RNA,0.0045179808512330055
CD99L2_RNA,0.004516715183854103
MRPL27_RNA,0.004512511193752289
F8_RNA,0.004512476734817028
IGFBP7_RNA,0.004511562641710043
C18orf21_RNA,0.004511155653744936
VWF_RNA,0.0045095221139490604
MRPS15_RNA,0.004509464371949434
MIR301B_RNA,0.004508309997618198
EBNA1BP2_RNA,0.004507072735577822
C1QBP_RNA,0.0045068226754665375
B3GNT5_RNA,0.00450578099116683
VCAN_RNA,0.004505548160523176
SNORD115-22_RNA,0.004504246637225151
DYRK4_RNA,0.004502616822719574
RHBDF1_RNA,0.004501629155129194
GNG11_RNA,0.004500651732087135
CLCN1_RNA,0.004495603032410145
SNORA16B_RNA,0.004492474254220724
ZNF703_RNA,0.004492221400141716
WDR81_RNA,0.0044920858927071095
EIF5_RNA,0.004490948747843504
S100A5_RNA,0.004488774109631777
SHOC2_RNA,0.004483423661440611
RPS14_RNA,0.004480356816202402
ATOH8_RNA,0.004480176139622927
B3GALNT2_RNA,0.0044800941832363605
BRF2_RNA,0.004479981027543545
TRABD_RNA,0.004479583352804184
RAD54L2_RNA,0.004474690183997154
FBXO25_RNA,0.004474541638046503
RPS25_RNA,0.004473475739359856
IL23R_RNA,0.004469540901482105
PLA2G1B_RNA,0.004468072205781937
TMEM192_RNA,0.004467137157917023
ZMAT1_RNA,0.0044659217819571495
TM6SF1_RNA,0.0044651939533650875
PRX_RNA,0.0044624595902860165
MIR590_RNA,0.004462428390979767
CTDP1_RNA,0.004457424860447645
ESD_RNA,0.004456432536244392
GGCX_RNA,0.0044504026882350445
TET3_RNA,0.0044502015225589275
SCRN1_RNA,0.004444451536983252
SORL1_RNA,0.004444045480340719
RGS10_RNA,0.0044424948282539845
TRIM72_RNA,0.004441410303115845
LARS2_RNA,0.004439429845660925
TBXAS1_RNA,0.004434587433934212
PGR_RNA,0.004433261230587959
CABLES2_RNA,0.004431967157870531
TESK1_RNA,0.004431359004229307
GBA2_RNA,0.00443092780187726
IL18R1_RNA,0.0044273557141423225
TAF1D_RNA,0.004426601808518171
OR3A1_RNA,0.004424321930855513
SLC9A1_RNA,0.0044226087629795074
PCDHGB4_RNA,0.004418843425810337
GCLC_RNA,0.004417475778609514
PAOX_RNA,0.00441380450502038
LRRC52_RNA,0.004413206595927477
ARMCX2_RNA,0.00441265944391489
NAPEPLD_RNA,0.0044099134393036366
DCAF8L1_RNA,0.004409687593579292
ASRGL1_RNA,0.004406740423291922
REXO4_RNA,0.004404692444950342
COX4I2_RNA,0.004403343424201012
FLT4_RNA,0.004402920603752136
ADAMTS20_RNA,0.004402712918817997
TRAP1_RNA,0.004400147590786219
C19orf53_RNA,0.004398224409669638
HDHD2_RNA,0.004396373871713877
RIN3_RNA,0.004396077245473862
ARSB_RNA,0.004392717964947224
KIAA0513_RNA,0.004391120281070471
SNORD46_RNA,0.004389831330627203
KCTD5_RNA,0.004389307927340269
SCARF1_RNA,0.004388394299894571
DCAF12_RNA,0.004386682529002428
CREB3L2_RNA,0.004386141896247864
TRPM7_RNA,0.004381583072245121
TMEM186_RNA,0.004381060600280762
ZNF574_RNA,0.004381051752716303
MLST8_RNA,0.004380972124636173
AP3S2_RNA,0.00437727477401495
CEP76_RNA,0.004376012831926346
PTPRB_RNA,0.00437281746417284
CCDC85C_RNA,0.004371232353150845
MIR381_RNA,0.004370793700218201
PDIA6_RNA,0.0043689231388270855
WDR74_RNA,0.004368268884718418
CANT1_RNA,0.00436755595728755
FAM171B_RNA,0.004366828128695488
GALNT4_RNA,0.004364541731774807
PIK3CA_RNA,0.004363962449133396
RPRD2_RNA,0.004363848362118006
CT45A1_RNA,0.004361765459179878
ATXN1L_RNA,0.004361560568213463
B9D1_RNA,0.004361293278634548
LCN9_RNA,0.004360004793852568
OPN1SW_RNA,0.004359726328402758
NET1_RNA,0.004354085773229599
RFWD3_RNA,0.004349988419562578
MPND_RNA,0.004346791189163923
NNT_RNA,0.0043443236500024796
SIRT1_RNA,0.004343710374087095
DOLPP1_RNA,0.004342279862612486
PAXIP1_RNA,0.0043417224660515785
TTC32_RNA,0.004341394640505314
ILF3_RNA,0.00434095086529851
COG4_RNA,0.004340688232332468
LTC4S_RNA,0.0043382481671869755
ATXN2L_RNA,0.004338135477155447
BCL9_RNA,0.0043378788977861404
MFSD1_RNA,0.004337622784078121
PBRM1_RNA,0.004334374330937862
MBD6_RNA,0.004334140568971634
MADD_RNA,0.00433393195271492
INPPL1_RNA,0.004332817625254393
PNPLA1_RNA,0.004329885821789503
GPRIN2_RNA,0.00432873610407114
CAMK2G_RNA,0.004324996378272772
RPL13_RNA,0.004323895554989576
DNAJC1_RNA,0.004323074594140053
MPHOSPH9_RNA,0.004320581443607807
ZNF878_RNA,0.004320269916206598
NAV3_RNA,0.004319936502724886
KNDC1_RNA,0.004319190513342619
DEFB119_RNA,0.004318895749747753
KLHL25_RNA,0.00431762496009469
ZER1_RNA,0.004316159524023533
PTDSS1_RNA,0.004314964171499014
ST3GAL2_RNA,0.004313287790864706
TP53TG1_RNA,0.004313044715672731
PMEPA1_RNA,0.004311875905841589
VEGFB_RNA,0.004309642128646374
WDR33_RNA,0.004308882635086775
AXIN2_RNA,0.0043083541095256805
MNAT1_RNA,0.004306985531002283
RPP30_RNA,0.004306355025619268
ZDHHC7_RNA,0.004305665381252766
TCOF1_RNA,0.004304650705307722
C10orf62_RNA,0.004304590635001659
FBXO47_RNA,0.004304492846131325
LETM1_RNA,0.004303458146750927
ZNF236_RNA,0.004300328902900219
TANC1_RNA,0.004299186170101166
TULP2_RNA,0.004298733547329903
PRTFDC1_RNA,0.004294757265597582
GPR137_RNA,0.00429466413334012
KLHDC1_RNA,0.004292275290936232
ZNF274_RNA,0.004288766998797655
NKAP_RNA,0.004288234747946262
PFDN6_RNA,0.004287968389689922
NME5_RNA,0.004286278039216995
IMPA1_RNA,0.004285122267901897
SFXN5_RNA,0.004283268935978413
TMEM132A_RNA,0.004281336907297373
APEX1_RNA,0.004281025845557451
STK16_RNA,0.004279863089323044
PDE3A_RNA,0.004276777617633343
ARFRP1_RNA,0.0042765638791024685
ANGPT4_RNA,0.004276425112038851
PKD2_RNA,0.004276080522686243
TMEM128_RNA,0.004270758014172316
SUPT6H_RNA,0.004268886521458626
C8orf33_RNA,0.004265265539288521
DPM2_RNA,0.004264660179615021
SPEM1_RNA,0.004264082759618759
ISCA1_RNA,0.004263506270945072
PAN2_RNA,0.004263096954673529
RPN2_RNA,0.004259101115167141
IQCE_RNA,0.004258489236235619
SMUG1_RNA,0.004257162567228079
ACOT11_RNA,0.004256013315171003
LDB2_RNA,0.004255771171301603
CETN3_RNA,0.004254160448908806
ATP2B2_RNA,0.0042534214444458485
SLC22A5_RNA,0.004252981394529343
DEGS2_RNA,0.00424959184601903
FAM185A_RNA,0.004248117562383413
CDC42EP4_RNA,0.004247221630066633
LMF1_RNA,0.004247184842824936
UBE2Q1_RNA,0.004244673531502485
BLVRA_RNA,0.004241166636347771
HAVCR1_RNA,0.004238591529428959
TCEAL3_RNA,0.00423614913597703
NLGN2_RNA,0.004234545864164829
MIR106B_RNA,0.004234482999891043
CD59_RNA,0.004233534913510084
CLDN5_RNA,0.004229532554745674
EIF1_RNA,0.004229007754474878
ACTR8_RNA,0.004228635691106319
WDSUB1_RNA,0.004227850120514631
TACC2_RNA,0.004227421712130308
CPT1C_RNA,0.004226168617606163
LALBA_RNA,0.004225722514092922
NISCH_RNA,0.004225121811032295
WIPF2_RNA,0.004223265685141087
ATP6V0D1_RNA,0.004223024472594261
CPEB4_RNA,0.004220728296786547
UFC1_RNA,0.004219256807118654
TMEM141_RNA,0.00421794643625617
CROCC_RNA,0.004217043053358793
MRPL32_RNA,0.004216175060719252
ATP6V1F_RNA,0.0042150747030973434
DMXL1_RNA,0.004214239772409201
STRAP_RNA,0.004213736858218908
CLTA_RNA,0.004213183652609587
PTGES2_RNA,0.0042123934254050255
RB1CC1_RNA,0.004210730083286762
SNORA11_RNA,0.004208055790513754
CBLB_RNA,0.004207993857562542
COPG2_RNA,0.00420775543898344
MIR126_RNA,0.00420717429369688
TMED6_RNA,0.0042070914059877396
FGF20_RNA,0.004204712808132172
CASP9_RNA,0.004203303717076778
ATF7_RNA,0.004198411479592323
RTN3_RNA,0.004198270384222269
TMEM100_RNA,0.004197987727820873
LCT_RNA,0.004197284113615751
EIF4E_RNA,0.004192284774035215
SIDT2_RNA,0.00419210409745574
EMCN_RNA,0.004191864747554064
CYSLTR2_RNA,0.004191568121314049
ARMCX6_RNA,0.0041914633475244045
ARFIP2_RNA,0.00418974319472909
SORBS1_RNA,0.004187212325632572
USHBP1_RNA,0.004185351077467203
MID1_RNA,0.0041848099790513515
CDC42BPA_RNA,0.004182949662208557
PON2_RNA,0.004182293079793453
NDRG4_RNA,0.004181799478828907
AQP6_RNA,0.004180324729532003
ALS2_RNA,0.004180290270596743
CUEDC1_RNA,0.004180132877081633
SULT1A2_RNA,0.004179277457296848
TM2D3_RNA,0.004177355207502842
ZFYVE28_RNA,0.004176292568445206
ACBD7_RNA,0.004175702575594187
TAF1L_RNA,0.004173307679593563
ALG5_RNA,0.004172054119408131
UBXN2B_RNA,0.00417158892378211
SLC34A3_RNA,0.004171017557382584
SYNGAP1_RNA,0.00417000288143754
AGL_RNA,0.004168509040027857
PTGFRN_RNA,0.004168340936303139
MIR409_RNA,0.004168227780610323
SLC46A3_RNA,0.004165910184383392
MIR153-2_RNA,0.004164771176874638
NOL7_RNA,0.004164647310972214
FAM168B_RNA,0.004164403770118952
CPNE2_RNA,0.004163758829236031
TAF7_RNA,0.004160213749855757
GSTA4_RNA,0.0041598728857934475
GTF2F2_RNA,0.004158891271799803
ANKRD50_RNA,0.0041577694937586784
TAF3_RNA,0.004156734328716993
DPP9_RNA,0.00415663979947567
PTTG1IP_RNA,0.004153918940573931
AGXT2_RNA,0.004153289832174778
STK38_RNA,0.00415081437677145
RALGAPA1_RNA,0.004150375258177519
MAP3K6_RNA,0.004149512853473425
LDHD_RNA,0.004149274434894323
DCTN5_RNA,0.004148833453655243
GDE1_RNA,0.0041468217968940735
CSNK2B_RNA,0.004146764986217022
ATP1B3_RNA,0.004146256949752569
TM2D1_RNA,0.004144064150750637
TLE3_RNA,0.004140910692512989
NDUFS6_RNA,0.004136416595429182
TFB2M_RNA,0.004134590737521648
PON1_RNA,0.004133929032832384
TTC13_RNA,0.004133891314268112
SNX19_RNA,0.0041306596249341965
ERH_RNA,0.0041294218972325325
MRFAP1L1_RNA,0.004125591833144426
PIP5K1B_RNA,0.004123525228351355
PARP16_RNA,0.0041218227706849575
AP2B1_RNA,0.004121244419366121
PIK3CB_RNA,0.004120723344385624
ZNF329_RNA,0.0041205789893865585
PGLS_RNA,0.004115551244467497
ARID2_RNA,0.0041137514635920525
GLYR1_RNA,0.004113573115319014
PER1_RNA,0.004111780319362879
MIR27B_RNA,0.004110793117433786
SLC14A2_RNA,0.004107945133000612
MIR1200_RNA,0.004107711371034384
FRMD8_RNA,0.004107546992599964
IPO13_RNA,0.004106579348444939
GPR137B_RNA,0.004105687607079744
LTBP3_RNA,0.0041043721139431
C3orf18_RNA,0.00410262867808342
MED18_RNA,0.004100652411580086
MIR10B_RNA,0.004100421443581581
B3GNTL1_RNA,0.004099804908037186
SYPL1_RNA,0.0040986440144479275
PEX12_RNA,0.0040964302606880665
PAGE4_RNA,0.00409634318202734
CCNDBP1_RNA,0.004095287062227726
TMEM167B_RNA,0.00409501139074564
THOC2_RNA,0.0040949806571006775
FKBPL_RNA,0.004093498457223177
ICAM2_RNA,0.004090501461178064
MIR125B1_RNA,0.004089312627911568
CLYBL_RNA,0.004088005516678095
ITGA2B_RNA,0.00408789049834013
JOSD2_RNA,0.004085462540388107
PSMC5_RNA,0.004084787331521511
FAM120C_RNA,0.004083891399204731
SYT3_RNA,0.0040835305117070675
SNORD115-30_RNA,0.004081874154508114
GALNT11_RNA,0.00408172095194459
SNORA5A_RNA,0.004081571474671364
SLC2A4_RNA,0.004081497900187969
LRRC20_RNA,0.004078627098351717
NECAP2_RNA,0.004078485071659088
PDSS1_RNA,0.004077858291566372
PLA2G4E_RNA,0.004071974661201239
CLCN5_RNA,0.004065467044711113
AQP8_RNA,0.004064253531396389
PARK7_RNA,0.0040605817921459675
KLF15_RNA,0.004060540348291397
DEF8_RNA,0.0040592532604932785
PEAR1_RNA,0.004056406673043966
PABPC4L_RNA,0.004054109565913677
ZC3H6_RNA,0.004051961936056614
ESAM_RNA,0.004051104187965393
MIR215_RNA,0.004050016403198242
ARID3C_RNA,0.004049892071634531
IPPK_RNA,0.004046064801514149
HNRNPH3_RNA,0.00404518423601985
SNX24_RNA,0.004044433124363422
DLGAP1_RNA,0.004043640103191137
HEBP1_RNA,0.004042952787131071
SPINK4_RNA,0.004042347427457571
TMEM72_RNA,0.004040830302983522
SPRR2A_RNA,0.004040075466036797
ZNHIT1_RNA,0.004038091283291578
UXT_RNA,0.0040380144491791725
ZNF821_RNA,0.00403726426884532
TUBA8_RNA,0.004033578559756279
TSC22D3_RNA,0.004033255390822887
PLXNC1_RNA,0.004032823257148266
SEMA4G_RNA,0.004031735006719828
MTF1_RNA,0.004030514042824507
SIL1_RNA,0.004029995296150446
ING4_RNA,0.004028884693980217
MIR647_RNA,0.004028764553368092
ANAPC1_RNA,0.004026515409350395
MED19_RNA,0.00402592308819294
KRTAP19-8_RNA,0.004024523310363293
SNF8_RNA,0.004024480935186148
WRN_RNA,0.004023149609565735
HAL_RNA,0.004023015033453703
MYO15B_RNA,0.004021329339593649
DCAF12L1_RNA,0.004019740968942642
OIP5_RNA,0.004019719548523426
CSF2_RNA,0.004019124899059534
ACADSB_RNA,0.004017672501504421
NACC2_RNA,0.004017524421215057
PDLIM2_RNA,0.004017399158328772
SH2B3_RNA,0.004014395177364349
MIR377_RNA,0.00401348015293479
RNF130_RNA,0.00401331577450037
STK32A_RNA,0.00401291623711586
PLCB4_RNA,0.0040114508010447025
PALB2_RNA,0.004010282922536135
S100A2_RNA,0.004010023083537817
GRK6_RNA,0.0040090265683829784
XPOT_RNA,0.004007530864328146
SNORD115-32_RNA,0.0040050530806183815
DCTN2_RNA,0.004004675894975662
MLN_RNA,0.004004562273621559
RPL36AL_RNA,0.004002657253295183
LAMA5_RNA,0.004002619069069624
GPR173_RNA,0.004002012312412262
SLC22A17_RNA,0.003999096807092428
CDK2_RNA,0.003998558036983013
RGS2_RNA,0.003996829502284527
ZBTB9_RNA,0.003993887919932604
ABCA12_RNA,0.003992489539086819
LIFR_RNA,0.003991910256445408
MYL6_RNA,0.003991706762462854
SMTNL2_RNA,0.003989596385508776
NYNRIN_RNA,0.003989494871348143
EXOC4_RNA,0.003988868556916714
NID1_RNA,0.003983483649790287
RNF187_RNA,0.003982140216976404
ZNF18_RNA,0.003981502261012793
PDIA4_RNA,0.003975592087954283
ERLEC1_RNA,0.003974457737058401
SLC43A2_RNA,0.003974150400608778
ZNRF4_RNA,0.003972341772168875
TTC3_RNA,0.0039701079949736595
CPT1A_RNA,0.003967741038650274
MAGED2_RNA,0.003963804803788662
GK_RNA,0.003963025286793709
DOLK_RNA,0.003962391521781683
SLCO2A1_RNA,0.003961039707064629
PARD3_RNA,0.003956449218094349
STAB2_RNA,0.00395449623465538
ERG_RNA,0.003954339772462845
CYYR1_RNA,0.003952439408749342
KCNK7_RNA,0.003952130675315857
AHCYL2_RNA,0.003951885271817446
EPN2_RNA,0.003949373494833708
TAF1C_RNA,0.003946817945688963
NAT8L_RNA,0.003946748096495867
UPF1_RNA,0.003944607451558113
PTPN12_RNA,0.0039439732208848
PSMB7_RNA,0.003943522460758686
CCS_RNA,0.00393941393122077
GOT1_RNA,0.003937918227165937
ZNF518A_RNA,0.0039374795742332935
PTPRG_RNA,0.003937293775379658
UPP2_RNA,0.003937173169106245
BANP_RNA,0.003935632761567831
LGI1_RNA,0.0039347573183476925
TRIAP1_RNA,0.003930746577680111
CSRNP1_RNA,0.003930557984858751
TXNDC11_RNA,0.003930423874408007
SNORA14A_RNA,0.003926246892660856
CKAP4_RNA,0.003925488796085119
IVNS1ABP_RNA,0.003924951888620853
TACC1_RNA,0.00392442662268877
PHYH_RNA,0.003924186807125807
COPS7A_RNA,0.0039233677089214325
C3AR1_RNA,0.00392267806455493
SNORA7B_RNA,0.003922619856894016
IKBKB_RNA,0.003922174219042063
ZNF592_RNA,0.003920387011021376
HAGH_RNA,0.003919951152056456
ZBTB46_RNA,0.003919555805623531
QSER1_RNA,0.003918622620403767
CCDC85B_RNA,0.003916451707482338
MSRB3_RNA,0.003916047979146242
LRRC8E_RNA,0.003915949258953333
TNK2_RNA,0.003915505483746529
TRIM9_RNA,0.003913951106369495
C11orf91_RNA,0.003909499850124121
TPK1_RNA,0.003908563870936632
HIPK2_RNA,0.003906967118382454
B3GAT3_RNA,0.0039048439357429743
DHX15_RNA,0.003901504445821047
MTPN_RNA,0.0039000953547656536
SETD3_RNA,0.0038968753069639206
KHSRP_RNA,0.003895960981026292
CYP51A1_RNA,0.0038956054486334324
PHLDB1_RNA,0.0038930808659642935
FIGNL2_RNA,0.003892673412337899
TMSB4X_RNA,0.003890568856149912
RGPD8_RNA,0.003889613552019
ETV1_RNA,0.00388909550383687
HIP1_RNA,0.0038875099271535873
ZNF467_RNA,0.0038855141028761864
DENND5B_RNA,0.0038850936107337475
GFER_RNA,0.0038847061805427074
RND1_RNA,0.003883978119120002
TMED4_RNA,0.0038821951020509005
RAB37_RNA,0.003881932934746146
AHSA1_RNA,0.0038817415479570627
GNPDA1_RNA,0.0038804467767477036
INPP5K_RNA,0.0038801042828708887
ABHD5_RNA,0.0038773214910179377
CABLES1_RNA,0.003876417875289917
HNRNPAB_RNA,0.0038753016851842403
CRISPLD2_RNA,0.0038728881627321243
OR2B2_RNA,0.003872449742630124
C11orf24_RNA,0.0038724085316061974
FCGRT_RNA,0.003871320514008403
TRPC1_RNA,0.0038698355201631784
HSD17B1_RNA,0.0038673337548971176
RPA1_RNA,0.0038669465575367212
RPS13_RNA,0.0038663120940327644
MRPL50_RNA,0.0038660545833408833
MIR221_RNA,0.0038659321144223213
RRP12_RNA,0.0038653200026601553
EPHX3_RNA,0.003862604033201933
OSBP_RNA,0.00386257516220212
HLCS_RNA,0.003858945332467556
HIGD2A_RNA,0.0038582368288189173
RING1_RNA,0.0038577462546527386
FBXO15_RNA,0.003857300616800785
CEP68_RNA,0.00385439139790833
RPS19BP1_RNA,0.0038540158420801163
MAN2B2_RNA,0.003853817004710436
SNORD37_RNA,0.0038535327184945345
DPEP2_RNA,0.0038534316699951887
MTNR1A_RNA,0.0038488630671054125
HHEX_RNA,0.0038431452121585608
LSR_RNA,0.003837407100945711
ACSM5_RNA,0.0038373577408492565
EML6_RNA,0.0038366226945072412
FZD10_RNA,0.003835309762507677
CLK3_RNA,0.0038342184852808714
RAB4B_RNA,0.003834152827039361
RHBDF2_RNA,0.003831375390291214
HAX1_RNA,0.0038271804805845022
ACADS_RNA,0.003823846112936735
SEPHS1_RNA,0.0038237753324210644
FAM151A_RNA,0.003820805810391903
NLRX1_RNA,0.003820037702098489
IDH2_RNA,0.0038196181412786245
NMT1_RNA,0.0038192805368453264
CSF3R_RNA,0.00381870218552649
KCNQ1_RNA,0.0038180213887244463
ZBTB5_RNA,0.003817435586825013
ZBTB47_RNA,0.0038172511849552393
SETBP1_RNA,0.003817011136561632
SNORD114-16_RNA,0.003815622767433524
COG7_RNA,0.0038156071677803993
COMMD5_RNA,0.0038141002878546715
PIP4K2C_RNA,0.0038133058696985245
EVX1_RNA,0.0038127873558551073
EBF1_RNA,0.0038114904891699553
DPP8_RNA,0.003807627595961094
NFKBIL1_RNA,0.003806298365816474
NAB2_RNA,0.0038058292120695114
SRRM1_RNA,0.0038043521344661713
PAQR8_RNA,0.003802573075518012
ZP2_RNA,0.0037996892351657152
RBM10_RNA,0.0037975546438246965
NUP85_RNA,0.0037949008401483297
MAPK8_RNA,0.003794529940932989
GATAD2B_RNA,0.0037918139714747667
THADA_RNA,0.003791689407080412
FARP1_RNA,0.00379161792807281
CCDC106_RNA,0.0037914500571787357
LMTK3_RNA,0.0037912679836153984
P2RX1_RNA,0.0037907545920461416
CADM4_RNA,0.003787719877436757
CCDC83_RNA,0.0037851654924452305
ZNF792_RNA,0.003783280262723565
TMEM119_RNA,0.003782100509852171
TTC8_RNA,0.0037800627760589123
ABCC2_RNA,0.003777321195229888
KIAA0232_RNA,0.0037771444767713547
CCDC28B_RNA,0.0037768252659589052
CNRIP1_RNA,0.0037752720527350903
CCDC115_RNA,0.0037749384064227343
NCAPG2_RNA,0.0037745931185781956
SEC14L2_RNA,0.0037736250087618828
SPATA2L_RNA,0.0037735854275524616
VPS29_RNA,0.003773312084376812
ABCG2_RNA,0.003768413793295622
OSBPL6_RNA,0.0037644742988049984
RNF32_RNA,0.003764460328966379
LEMD2_RNA,0.003763080108910799
TMBIM6_RNA,0.0037630072329193354
ZXDC_RNA,0.003761715954169631
ANO10_RNA,0.003760812571272254
BBS10_RNA,0.0037593096494674683
NDRG2_RNA,0.003757402766495943
ABCA1_RNA,0.0037569073028862476
SNORA49_RNA,0.0037530160043388605
KLF1_RNA,0.003750814124941826
MIR337_RNA,0.0037507021334022284
NUTF2_RNA,0.0037490709219127893
NOP16_RNA,0.0037489731330424547
TRIM75_RNA,0.003742992877960205
RHOT2_RNA,0.0037415686529129744
FBXO24_RNA,0.00373691669665277
MIR569_RNA,0.0037362670991569757
TNPO3_RNA,0.0037356901448220015
GPD2_RNA,0.0037338887341320515
ZSWIM6_RNA,0.0037332733627408743
ABCB1_RNA,0.0037332545034587383
MPI_RNA,0.0037282106932252645
PCBP2_RNA,0.0037257231306284666
SOCS5_RNA,0.003724785055965185
PLEKHG6_RNA,0.003723996924236417
NDUFB6_RNA,0.003722107969224453
GP9_RNA,0.00372169422917068
NEO1_RNA,0.003719855332747102
SLC9A8_RNA,0.0037190152797847986
RRP1B_RNA,0.0037171917501837015
USP9X_RNA,0.0037158490158617496
TPP1_RNA,0.003712245263159275
PEX1_RNA,0.0037115367595106363
ADH1A_RNA,0.003711205441504717
SSTR5_RNA,0.003710998920723796
SNORA47_RNA,0.00371095584705472
MIR548F1_RNA,0.003709849203005433
SPOCK2_RNA,0.003709478536620736
CNPY1_RNA,0.003709163051098585
FGD1_RNA,0.003708022413775325
CSTF2T_RNA,0.003707869676873088
LRP5_RNA,0.0037076228763908148
BSG_RNA,0.0037069800309836864
FBXL7_RNA,0.003706005634739995
ZNF177_RNA,0.0037051853723824024
PRR7_RNA,0.0037034170236438513
DOCK9_RNA,0.003702980699017644
ARL5C_RNA,0.0037017997819930315
NR2C1_RNA,0.0037002263125032187
UBE2G1_RNA,0.0037000738084316254
NAIF1_RNA,0.003699477994814515
HNRNPUL2_RNA,0.003699147840961814
HYLS1_RNA,0.0036979711148887873
KAT2B_RNA,0.0036953722592443228
TSEN2_RNA,0.003694660495966673
MPP1_RNA,0.003693070961162448
ABLIM1_RNA,0.003691049525514245
PDGFB_RNA,0.003690519370138645
NLGN1_RNA,0.0036892786156386137
NTN3_RNA,0.003688956145197153
CINP_RNA,0.0036878741811960936
CLPTM1_RNA,0.0036863998975604773
C6orf226_RNA,0.003680172609165311
LCA5L_RNA,0.0036795747000724077
OGFOD2_RNA,0.003678144421428442
BOP1_RNA,0.003676512511447072
SNORD104_RNA,0.003675547894090414
FZD1_RNA,0.0036752745509147644
RPL19_RNA,0.0036742256488651037
ASTN2_RNA,0.0036735881585627794
SPSB3_RNA,0.0036735699977725744
NME3_RNA,0.0036733627784997225
PIGP_RNA,0.003672247286885977
SLC30A6_RNA,0.003671976737678051
SPTBN4_RNA,0.003669222118332982
GTSF1L_RNA,0.0036663373466581106
FAM168A_RNA,0.0036652619019150734
OGDHL_RNA,0.0036648062523454428
UBR1_RNA,0.0036627270746976137
SNHG8_RNA,0.003661791794002056
TGM7_RNA,0.0036616844590753317
C15orf40_RNA,0.0036597156431525946
C1orf21_RNA,0.0036568408831954002
HEXIM1_RNA,0.0036567896604537964
ZNF500_RNA,0.003655718406662345
CPLX4_RNA,0.003651707200333476
NDUFS4_RNA,0.00365033489651978
POLD2_RNA,0.003647980047389865
BCYRN1_RNA,0.003646836383268237
EEF1B2_RNA,0.0036463041324168444
TSEN34_RNA,0.003644224489107728
CEP70_RNA,0.0036442189011722803
TMPPE_RNA,0.0036381790414452553
TXNDC12_RNA,0.0036380912642925978
DNAH1_RNA,0.003636667039245367
TSPAN3_RNA,0.0036362349055707455
GPHN_RNA,0.0036355839110910892
KLHDC3_RNA,0.00363553361967206
STK17A_RNA,0.0036351054441183805
ATP10A_RNA,0.003634767374023795
DRP2_RNA,0.0036339485086500645
LONP1_RNA,0.003631429048255086
C5orf58_RNA,0.003629617625847459
IQSEC2_RNA,0.0036257521715015173
ACOX1_RNA,0.0036252487916499376
RFC1_RNA,0.003624941920861602
SEMA6A_RNA,0.0036231675185263157
UPF3B_RNA,0.0036190892569720745
CIZ1_RNA,0.0036156699061393738
COMMD9_RNA,0.003613630775362253
CDH11_RNA,0.0036124761682003736
TLL1_RNA,0.0036124316975474358
TXNDC2_RNA,0.0036115837283432484
CALCR_RNA,0.0036085655447095633
RPLP1_RNA,0.0036084128078073263
PIP5KL1_RNA,0.0036073559895157814
PRPF18_RNA,0.003606601618230343
FLT3_RNA,0.0036044821608811617
VAV2_RNA,0.003604111960157752
CCDC87_RNA,0.0036038579419255257
FTO_RNA,0.0036034106742590666
LAMA2_RNA,0.003598523326218128
GLA_RNA,0.003596335882321
HSPE1_RNA,0.0035962967667728662
CDA_RNA,0.0035951619502156973
ROBO4_RNA,0.003594543319195509
GDAP2_RNA,0.0035942925605922937
OR7C1_RNA,0.003593657398596406
SCARNA11_RNA,0.0035934760235249996
ABCF2_RNA,0.0035932317841798067
ACADVL_RNA,0.0035910869482904673
ITPRIP_RNA,0.0035907134879380465
MYOM2_RNA,0.0035874326713383198
PPP2R3C_RNA,0.0035869611892849207
TUBG1_RNA,0.0035867742262780666
RECQL_RNA,0.0035862058866769075
B4GALT4_RNA,0.0035845651291310787
HDGF_RNA,0.0035839034244418144
LMCD1_RNA,0.0035836761817336082
NLRP6_RNA,0.0035814004950225353
CMYA5_RNA,0.003579983487725258
KCNMB3_RNA,0.0035785753279924393
ITGA9_RNA,0.00357547914609313
CHST3_RNA,0.0035740267485380173
STON1-GTF2A1L_RNA,0.003573285648599267
CD151_RNA,0.0035731825046241283
MRPL9_RNA,0.0035720563028007746
HEATR5B_RNA,0.0035705852787941694
SLC35A2_RNA,0.0035695533733814955
RAI1_RNA,0.0035680411383509636
TMPRSS6_RNA,0.0035653712693601847
METTL3_RNA,0.0035640427377074957
HMOX2_RNA,0.0035640308633446693
PRCC_RNA,0.0035631766077131033
PDCL2_RNA,0.0035618827678263187
NAGS_RNA,0.003558096010237932
SCRN2_RNA,0.0035579297691583633
EPS8_RNA,0.0035576624795794487
PPIL1_RNA,0.0035568801686167717
HDAC4_RNA,0.0035539474338293076
OCIAD1_RNA,0.0035535620991140604
COMMD6_RNA,0.0035528040025383234
MIR376A1_RNA,0.0035513450857251883
ASTE1_RNA,0.0035508021246641874
MUS81_RNA,0.0035506675485521555
GGTA1_RNA,0.0035499772056937218
ISG20L2_RNA,0.0035489900037646294
SIK2_RNA,0.0035464190877974033
TSC2_RNA,0.003544633509591222
TMEM184C_RNA,0.0035424435045570135
NEIL2_RNA,0.0035418609622865915
CDK2AP2_RNA,0.0035414299927651882
TRPS1_RNA,0.003541026497259736
WIPI1_RNA,0.003539653727784753
FAM120AOS_RNA,0.003537689335644245
TP53I13_RNA,0.003535627154633403
TMX1_RNA,0.003535021096467972
MMP25_RNA,0.003533958224579692
IRS1_RNA,0.0035328480880707502
PPM1K_RNA,0.0035322450567036867
POU6F1_RNA,0.0035320802126079798
UBL5_RNA,0.00353175844065845
AUH_RNA,0.0035235611721873283
TOMM40_RNA,0.0035230412613600492
INCENP_RNA,0.0035221180878579617
NUDT2_RNA,0.0035212067887187004
UBA1_RNA,0.003519792575389147
DNAJC14_RNA,0.003519653342664242
TRPM3_RNA,0.0035192829091101885
PCNT_RNA,0.0035176342353224754
MIR548K_RNA,0.003515721997246146
CNTN1_RNA,0.0035156600642949343
NKX6-3_RNA,0.003514199983328581
CTNNA2_RNA,0.0035137017257511616
MRPS26_RNA,0.003513654228299856
SAMD13_RNA,0.0035126202274113894
ALDOC_RNA,0.0035122327972203493
DIS3_RNA,0.003511575749143958
PARP1_RNA,0.003510798793286085
ZIC3_RNA,0.003509473754093051
FBXW11_RNA,0.003508927533403039
SLC20A2_RNA,0.0035085901618003845
EPHX2_RNA,0.003507725428789854
MIR455_RNA,0.0035072402097284794
PPARD_RNA,0.003505953121930361
AVPI1_RNA,0.0035049770958721638
GLYAT_RNA,0.003504140069708228
PNO1_RNA,0.0035034625325351954
PLEKHG5_RNA,0.003501580562442541
ISM1_RNA,0.00350150465965271
PRDX5_RNA,0.0035003984812647104
GPRC5B_RNA,0.003500209655612707
TOPBP1_RNA,0.003499445505440235
WFDC12_RNA,0.0034983064979314804
ATP11A_RNA,0.003498089499771595
SLC35D1_RNA,0.0034958887845277786
WDR26_RNA,0.0034937262535095215
KIAA0319L_RNA,0.0034929695539176464
ENTPD8_RNA,0.003492697374895215
DUSP23_RNA,0.003492119023576379
CNOT8_RNA,0.0034899492748081684
SLC4A8_RNA,0.003487695474177599
PKP3_RNA,0.003487597918137908
USP10_RNA,0.0034874591510742903
PNPLA8_RNA,0.0034873762633651495
RALBP1_RNA,0.003487293841317296
LRIG1_RNA,0.0034853811375796795
FAM131A_RNA,0.0034849480725824833
ZNF630_RNA,0.0034841184969991446
NACAD_RNA,0.0034840251319110394
SNHG11_RNA,0.003481522900983691
DCAF10_RNA,0.0034813501406461
FBXL6_RNA,0.00348086841404438
POMT1_RNA,0.0034799103159457445
ZC4H2_RNA,0.003476965706795454
MIR185_RNA,0.0034747933968901634
STK24_RNA,0.0034732141066342592
DCTN3_RNA,0.003473107935860753
MIA2_RNA,0.003472232958301902
SUSD3_RNA,0.0034718781244009733
USP8_RNA,0.003471118863672018
PRPS1_RNA,0.003469727700576186
AXL_RNA,0.0034696843940764666
TAF12_RNA,0.0034671672619879246
RNF112_RNA,0.0034651889000087976
NAA11_RNA,0.0034651539754122496
PHKA2_RNA,0.003465046640485525
NBPF1_RNA,0.0034622130915522575
UBE3A_RNA,0.0034620342776179314
SCAND1_RNA,0.0034613776952028275
SMARCD1_RNA,0.003459630534052849
GRK5_RNA,0.003458174644038081
HTRA1_RNA,0.0034560218919068575
SNORA14B_RNA,0.003455715486779809
LRRC45_RNA,0.0034549955744296312
PLOD3_RNA,0.0034549201373010874
CCAR1_RNA,0.003452728735283017
ELOVL6_RNA,0.0034516502637416124
PIK3R5_RNA,0.0034513468854129314
IL16_RNA,0.0034508591052144766
FGD2_RNA,0.0034496851731091738
ABHD3_RNA,0.0034494975116103888
NFIC_RNA,0.0034490847028791904
GPR3_RNA,0.003448587143793702
KCMF1_RNA,0.0034472274128347635
POLB_RNA,0.0034470451064407825
CCDC107_RNA,0.003445992711931467
SENP1_RNA,0.0034456346184015274
SMCP_RNA,0.003444514237344265
MYO18A_RNA,0.003444434143602848
SMARCA2_RNA,0.0034443973563611507
FAM98B_RNA,0.003441321197897196
CSGALNACT1_RNA,0.0034406755585223436
PDF_RNA,0.0034403486642986536
HARS2_RNA,0.0034389046486467123
PALMD_RNA,0.0034386299084872007
TMUB2_RNA,0.0034375833347439766
INPP5D_RNA,0.003436081577092409
TTC36_RNA,0.003434525104239583
PIGQ_RNA,0.0034326715394854546
ENHO_RNA,0.0034315178636461496
NHLRC4_RNA,0.003430779092013836
QRFPR_RNA,0.003429470816627145
SLC36A3_RNA,0.0034286181908100843
RHO_RNA,0.0034263504203408957
ADAM18_RNA,0.0034260102547705173
SOHLH2_RNA,0.0034257271327078342
APC_RNA,0.0034234572667628527
CBY3_RNA,0.0034220528323203325
MAD2L1BP_RNA,0.003421649569645524
SIGLEC10_RNA,0.003421058878302574
CKAP5_RNA,0.0034202770330011845
VSIG10_RNA,0.003420171095058322
POLR3B_RNA,0.0034169303253293037
SLC2A5_RNA,0.003415364073589444
CENPN_RNA,0.003414092119783163
ABCC9_RNA,0.0034125971142202616
NUDT17_RNA,0.00341042154468596
NDUFA2_RNA,0.0034072070848196745
ANGPTL3_RNA,0.003407129319384694
LARP7_RNA,0.0034068021923303604
PEX11G_RNA,0.0034058992750942707
ZMAT2_RNA,0.0034053614363074303
SLC36A1_RNA,0.003404510673135519
ZNF428_RNA,0.003403961192816496
WDR25_RNA,0.0034022522158920765
JAG2_RNA,0.003399869194254279
VPS8_RNA,0.003399154171347618
TRIM31_RNA,0.0033988195937126875
MIRLET7A2_RNA,0.003398741828277707
MIR1322_RNA,0.00339598604477942
PRDM12_RNA,0.0033956454135477543
WDR37_RNA,0.003394770435988903
FGGY_RNA,0.003394512226805091
ASB13_RNA,0.0033939850982278585
SLC26A4_RNA,0.00339110242202878
ZNF256_RNA,0.003390045603737235
MPHOSPH6_RNA,0.003387843258678913
SFTA2_RNA,0.0033871124032884836
PCDHGA8_RNA,0.003384656272828579
ATAD1_RNA,0.003384414128959179
LRP3_RNA,0.003383282106369734
DHRS7_RNA,0.0033829843159765005
ABHD15_RNA,0.0033829284366220236
RAMP1_RNA,0.0033818671945482492
MIR193A_RNA,0.0033806264400482178
USP11_RNA,0.003378447610884905
ARHGAP6_RNA,0.0033781700767576694
PNPLA2_RNA,0.0033779446966946125
SYP_RNA,0.003377484157681465
SIGMAR1_RNA,0.0033772019669413567
SLC40A1_RNA,0.0033769849687814713
GIPC3_RNA,0.0033715632744133472
RAB26_RNA,0.0033707921393215656
ART1_RNA,0.0033700591884553432
TMEM205_RNA,0.0033681269269436598
CD81_RNA,0.0033671222627162933
AKAP9_RNA,0.0033668798860162497
ARNT2_RNA,0.003366457996889949
PLCH1_RNA,0.003363802330568433
DGKD_RNA,0.0033630654215812683
FLAD1_RNA,0.003359158057719469
MAP3K12_RNA,0.0033534569665789604
FBXO38_RNA,0.0033532402012497187
BET1L_RNA,0.003351869760081172
OSGIN2_RNA,0.003349022241309285
CYB5R1_RNA,0.003346478333696723
PDHA1_RNA,0.003345018718391657
KCNC4_RNA,0.003341760253533721
CCDC60_RNA,0.0033415949437767267
COPS5_RNA,0.0033377441577613354
IFFO2_RNA,0.003335333662107587
GMNN_RNA,0.003334876149892807
ZNF445_RNA,0.0033336803317070007
PLAC4_RNA,0.0033331853337585926
TIPIN_RNA,0.003333183005452156
TM2D2_RNA,0.0033331040758639574
SNORD115-5_RNA,0.0033327958080917597
MIR483_RNA,0.0033316267654299736
NR3C2_RNA,0.003331425366923213
SOX5_RNA,0.0033310195431113243
SNORD115-29_RNA,0.003330216510221362
MIR581_RNA,0.003329093335196376
SLC25A34_RNA,0.003328760853037238
RGS7BP_RNA,0.0033277294132858515
NAT14_RNA,0.0033272597938776016
D2HGDH_RNA,0.003327128477394581
CTSF_RNA,0.0033267021644860506
SDHAF1_RNA,0.003325544996187091
TSPYL2_RNA,0.0033241892233490944
MIR222_RNA,0.003323186654597521
AS3MT_RNA,0.0033223885111510754
PLXNB3_RNA,0.003321754513308406
CCDC103_RNA,0.0033195556607097387
NINJ1_RNA,0.0033194369170814753
P2RY14_RNA,0.0033193365670740604
SNORD115-12_RNA,0.0033190357498824596
FOXE3_RNA,0.00331867509521544
ZNF778_RNA,0.0033180443570017815
ELL3_RNA,0.003316976595669985
HMBOX1_RNA,0.003314016852527857
TOR1B_RNA,0.0033123530447483063
SHF_RNA,0.0033108692150563
TARS2_RNA,0.0033060009591281414
LYSMD2_RNA,0.003304258221760392
MUC15_RNA,0.0033035860396921635
SLURP1_RNA,0.003303247969597578
NLGN4X_RNA,0.0033024640288203955
SMCR8_RNA,0.0033016963861882687
MIR941-3_RNA,0.0032988672610372305
ME2_RNA,0.0032983841374516487
HNRNPF_RNA,0.0032973196357488632
ASNSD1_RNA,0.003296413691714406
SLC23A2_RNA,0.003295844653621316
FANCC_RNA,0.003295560833066702
SHANK3_RNA,0.00329441181384027
CYB5D1_RNA,0.0032925675623118877
FAM171A2_RNA,0.0032919622026383877
MC3R_RNA,0.003290985245257616
ZDHHC18_RNA,0.0032907563727349043
HTATSF1_RNA,0.0032879747450351715
PPP1R8_RNA,0.0032874306198209524
RFX7_RNA,0.0032869556453078985
MIR93_RNA,0.003286312334239483
PTBP1_RNA,0.0032826720271259546
STK38L_RNA,0.0032813232392072678
RBM15B_RNA,0.00327957677654922
OAZ2_RNA,0.0032789548859000206
KCTD8_RNA,0.003277362557128072
DSCR9_RNA,0.0032764379866421223
RNPEPL1_RNA,0.003276025177910924
C6orf52_RNA,0.0032748286612331867
KCTD19_RNA,0.0032735345885157585
UFSP1_RNA,0.0032734512351453304
PKN3_RNA,0.0032726589124649763
APBA1_RNA,0.003271691268309951
UNC13B_RNA,0.0032699990551918745
ANKH_RNA,0.0032683457247912884
LCAT_RNA,0.0032644278835505247
DDHD1_RNA,0.003261921228840947
ST7_RNA,0.0032618832774460316
CST3_RNA,0.0032614837400615215
CA4_RNA,0.0032611999195069075
SPATA9_RNA,0.0032547847367823124
TSTD2_RNA,0.0032535134814679623
SENP3_RNA,0.003251557471230626
WDR73_RNA,0.003250730223953724
CA2_RNA,0.003250594949349761
RIMKLB_RNA,0.003250515554100275
MLYCD_RNA,0.0032495397608727217
UBN1_RNA,0.0032488941214978695
EVC_RNA,0.0032485530246049166
MDH1_RNA,0.003246088046580553
SEPSECS_RNA,0.0032451108563691378
MAT2B_RNA,0.003245021216571331
CACNA1S_RNA,0.0032437639310956
NAGA_RNA,0.0032424076925963163
REEP4_RNA,0.003242405131459236
UBXN2A_RNA,0.0032420335337519646
KLHL33_RNA,0.003241106402128935
PARP11_RNA,0.0032410831190645695
RBM19_RNA,0.003239054698497057
ADARB1_RNA,0.003237431636080146
PLEKHG2_RNA,0.003237199503928423
BLMH_RNA,0.0032363298814743757
LRIT1_RNA,0.0032349321991205215
MIR200A_RNA,0.003233217168599367
CCND3_RNA,0.0032325151842087507
PHRF1_RNA,0.003229523776099086
PHYHIPL_RNA,0.00322913215495646
GNAS_RNA,0.0032284848857671022
NANOS3_RNA,0.0032282150350511074
NKAPL_RNA,0.003228051820769906
SHBG_RNA,0.003226300934329629
CASR_RNA,0.0032262811437249184
ZMYND12_RNA,0.0032258678693324327
DGKG_RNA,0.0032253183890134096
LIPT2_RNA,0.00322485133074224
GPR45_RNA,0.0032245703041553497
KDM5C_RNA,0.0032244680915027857
IFFO1_RNA,0.0032233805395662785
KLF11_RNA,0.0032208869233727455
YY1AP1_RNA,0.0032188761979341507
ZCRB1_RNA,0.003216373035684228
GDF11_RNA,0.0032157376408576965
MECOM_RNA,0.0032154012005776167
FAM13C_RNA,0.0032139290124177933
RAB5B_RNA,0.0032098963856697083
PKLR_RNA,0.003209576942026615
LY6K_RNA,0.003206363646313548
NEDD4_RNA,0.0032060407102108
C8G_RNA,0.0032011382281780243
MGST3_RNA,0.0031983794178813696
RIPPLY1_RNA,0.003197301412001252
FITM1_RNA,0.003196063917130232
IL18RAP_RNA,0.0031959933694452047
RFXANK_RNA,0.0031939037144184113
AP2S1_RNA,0.0031932697165757418
ZNF502_RNA,0.003192623145878315
SMARCAD1_RNA,0.00319124897941947
SAAL1_RNA,0.0031887097284197807
RASL11A_RNA,0.0031884375493973494
GSPT1_RNA,0.0031826533377170563
APOA1_RNA,0.003179867286235094
LSM3_RNA,0.003177846781909466
TIE1_RNA,0.003172560129314661
ZSWIM2_RNA,0.0031711224000900984
EMP1_RNA,0.0031664057169109583
APOB_RNA,0.0031658506486564875
IL25_RNA,0.0031643593683838844
GANC_RNA,0.0031564596574753523
PRKAR2A_RNA,0.0031557141337543726
CARD6_RNA,0.003155255224555731
ZNF483_RNA,0.003153699915856123
FAM98A_RNA,0.0031517057213932276
PATE4_RNA,0.003151676617562771
PPP1R13B_RNA,0.0031472330447286367
TBL1X_RNA,0.0031466863583773375
HECTD2_RNA,0.003146599279716611
OPRL1_RNA,0.0031465606298297644
LAPTM4A_RNA,0.003144483547657728
CD86_RNA,0.00314370752312243
CAND1_RNA,0.0031428993679583073
AKT1_RNA,0.0031417713034898043
NPAT_RNA,0.003141046268865466
ODC1_RNA,0.0031399070285260677
ATP9B_RNA,0.003139487002044916
PPP1CA_RNA,0.003138093277812004
ZNF438_RNA,0.003136946354061365
ATP8B4_RNA,0.003135134931653738
PHGR1_RNA,0.0031338029075413942
MIR545_RNA,0.003131035715341568
TMX3_RNA,0.0031307132449001074
GYG1_RNA,0.0031284871511161327
CAPN1_RNA,0.003125872928649187
GRM5_RNA,0.003125787479802966
TMEM160_RNA,0.003124695736914873
B4GALT1_RNA,0.003123932285234332
TMC1_RNA,0.003123757429420948
ULK1_RNA,0.0031233076006174088
ERAS_RNA,0.00312293553724885
CCDC66_RNA,0.0031222417019307613
FLT1_RNA,0.003121059387922287
CRYZ_RNA,0.0031210544984787703
COX8C_RNA,0.0031202544923871756
ZNF79_RNA,0.0031201050151139498
CD84_RNA,0.003120031440630555
ZNF485_RNA,0.003119787899777293
SPEF2_RNA,0.0031183017417788506
PCYOX1L_RNA,0.0031176225747913122
TMEM86A_RNA,0.003117553424090147
F11_RNA,0.0031174854375422
PARD6A_RNA,0.0031166819389909506
SLITRK3_RNA,0.0031161115039139986
ASB9_RNA,0.0031156763434410095
SNORA5C_RNA,0.0031146686524152756
DDI1_RNA,0.0031112278811633587
IAH1_RNA,0.003110958030447364
DDX24_RNA,0.0031106567475944757
SEMA4C_RNA,0.0031084902584552765
HLF_RNA,0.0031079973559826612
PKNOX1_RNA,0.0031049202661961317
ARHGEF17_RNA,0.0031020157039165497
DPAGT1_RNA,0.0031010257080197334
TRIM47_RNA,0.0030991798266768456
ASB15_RNA,0.003098908578976989
RIN2_RNA,0.0030988033395260572
PUS3_RNA,0.0030982817988842726
LRRC14_RNA,0.003097419859841466
S100B_RNA,0.003096130443736911
OR2AG1_RNA,0.003095891559496522
B4GALT7_RNA,0.003095014952123165
SNORA13_RNA,0.003094397485256195
RHOBTB2_RNA,0.0030924768652766943
SDCCAG8_RNA,0.0030915956012904644
MIR641_RNA,0.0030910519417375326
PPP4R1_RNA,0.0030904451850801706
CIRBP_RNA,0.0030903785955160856
NDUFC2_RNA,0.0030899757985025644
TMEM11_RNA,0.003087887540459633
ADAMTSL2_RNA,0.003087637247517705
TACR2_RNA,0.003087470540776849
AP1B1_RNA,0.0030873846262693405
SNORA74B_RNA,0.003084333147853613
MALAT1_RNA,0.0030843205749988556
TTN_RNA,0.003083260962739587
A2ML1_RNA,0.003082214156165719
SUPT16H_RNA,0.0030815324280411005
GPA33_RNA,0.003080439055338502
YIF1B_RNA,0.00307949329726398
MTIF3_RNA,0.0030780613888055086
INO80E_RNA,0.003075547982007265
IGFBP1_RNA,0.0030736555345356464
PLCD3_RNA,0.003073435742408037
BMP4_RNA,0.003072426887229085
MGAT5_RNA,0.003071157494559884
SNRPD1_RNA,0.003070400096476078
DENND4A_RNA,0.0030690503772348166
SNORD101_RNA,0.0030681639909744263
CCNB3_RNA,0.003067496232688427
ATAD3A_RNA,0.003067287616431713
CEACAM5_RNA,0.003066060831770301
MAP3K14_RNA,0.003065927652642131
SRPK2_RNA,0.003057081950828433
ELOVL3_RNA,0.003057001391425729
GSC2_RNA,0.003056603716686368
FOXRED1_RNA,0.003054291009902954
OTUD5_RNA,0.003053273307159543
TMEM209_RNA,0.003051427658647299
SHROOM1_RNA,0.0030511512886732817
GAS8_RNA,0.003047435311600566
SEMA4B_RNA,0.0030472930520772934
ZNF775_RNA,0.0030472681391984224
PPFIA3_RNA,0.003046517027541995
SERINC5_RNA,0.003046100726351142
PHYHD1_RNA,0.0030455037485808134
SOX17_RNA,0.0030437109526246786
BARHL1_RNA,0.003042793832719326
OSCP1_RNA,0.003042315598577261
SLC16A2_RNA,0.0030422138515859842
CDK15_RNA,0.0030401130206882954
VPS11_RNA,0.003039326285943389
RPL15_RNA,0.0030362873803824186
RPH3AL_RNA,0.0030358973890542984
EHD3_RNA,0.003034798661246896
USP30_RNA,0.003033681772649288
ACTR3B_RNA,0.00303255976177752
CHD3_RNA,0.00303134904243052
RDH5_RNA,0.003030444961041212
SESN2_RNA,0.003030288266018033
TNFRSF12A_RNA,0.003030020510777831
IFNGR1_RNA,0.0030281273648142815
MAPKAPK3_RNA,0.0030258202459663153
ST6GAL1_RNA,0.0030253201257437468
SDHD_RNA,0.0030250772833824158
PRM1_RNA,0.0030235995072871447
ASTN1_RNA,0.003023507772013545
OR1F1_RNA,0.0030231981072574854
LILRA1_RNA,0.003022959688678384
INTS2_RNA,0.0030202167108654976
DNAH10_RNA,0.0030201817862689495
TANK_RNA,0.0030195643194019794
TSSC4_RNA,0.0030188350938260555
C4orf19_RNA,0.003018037648871541
CACNA1D_RNA,0.003017843933776021
FHOD3_RNA,0.0030173156410455704
RPTOR_RNA,0.003015595255419612
SNORD94_RNA,0.003014998510479927
CMA1_RNA,0.003014687681570649
ARMS2_RNA,0.0030145493801683187
TNKS_RNA,0.0030142285395413637
ARHGEF19_RNA,0.0030139517039060593
STX17_RNA,0.0030128334183245897
AOX2P_RNA,0.0030095893889665604
CHTF8_RNA,0.0030059933196753263
PLEKHA2_RNA,0.003005695529282093
NOL6_RNA,0.0030009932816028595
SYNPO2_RNA,0.003000871045514941
ANKRD7_RNA,0.002998048672452569
SYNGR1_RNA,0.002997980685904622
CBX7_RNA,0.002997533418238163
RGS5_RNA,0.002996037481352687
SMG6_RNA,0.00299593573436141
PTMS_RNA,0.002995588816702366
TACC3_RNA,0.0029940062668174505
CD276_RNA,0.002993957372382283
VEGFC_RNA,0.002993789967149496
SLC7A8_RNA,0.002992895431816578
CRTC1_RNA,0.0029927855357527733
CYCSP52_RNA,0.002992748748511076
NLRP14_RNA,0.0029921121895313263
LZTS2_RNA,0.002991301706060767
TRIM24_RNA,0.002990060718730092
OSBPL11_RNA,0.002985490020364523
PGAM4_RNA,0.0029850394930690527
PPT2_RNA,0.0029840522911399603
PHTF1_RNA,0.0029834210872650146
RBM15_RNA,0.002983284881338477
NUMB_RNA,0.0029830848798155785
IGSF22_RNA,0.002982412464916706
ZCWPW2_RNA,0.0029805758967995644
EDN1_RNA,0.002979707671329379
IQSEC1_RNA,0.0029795276932418346
PEX6_RNA,0.002978246659040451
KCNAB1_RNA,0.0029753632843494415
CCDC25_RNA,0.0029739425517618656
ZKSCAN1_RNA,0.002973692724481225
TUT1_RNA,0.002970956964418292
FAM53C_RNA,0.002970548113808036
LSG1_RNA,0.002970361616462469
BLCAP_RNA,0.002969944616779685
PDS5A_RNA,0.002969743451103568
PADI4_RNA,0.002968499204143882
MST1_RNA,0.0029658230487257242
ADCY10_RNA,0.0029620900750160217
DNAJC4_RNA,0.0029599934350699186
FLYWCH1_RNA,0.0029590176418423653
MAP3K5_RNA,0.002958886092528701
EIF3H_RNA,0.0029570222832262516
ARHGAP8_RNA,0.0029568246100097895
FBXL8_RNA,0.0029554737266153097
MIR604_RNA,0.002955349627882242
POLA1_RNA,0.002954446244984865
NR5A2_RNA,0.0029543195851147175
NRXN2_RNA,0.002953666029497981
GOLGA4_RNA,0.002953155431896448
ESYT1_RNA,0.0029529749881476164
PTGR1_RNA,0.0029504832345992327
GPT_RNA,0.0029493810143321753
DBT_RNA,0.0029486576095223427
HMGN5_RNA,0.0029467300046235323
PIKFYVE_RNA,0.002944872248917818
C16orf78_RNA,0.0029444561805576086
ZC3H12A_RNA,0.0029442000668495893
ACOXL_RNA,0.0029429923743009567
SURF6_RNA,0.0029428317211568356
VCP_RNA,0.002942823339253664
PLXNA3_RNA,0.0029426366090774536
ERP44_RNA,0.002939955797046423
CADPS2_RNA,0.0029393110889941454
GIMAP7_RNA,0.0029382077045738697
COASY_RNA,0.002936603734269738
GLE1_RNA,0.002936186268925667
MIR575_RNA,0.002936125732958317
SPATA21_RNA,0.0029356819577515125
MED12L_RNA,0.0029348640237003565
MRPL1_RNA,0.0029346414376050234
SSTR1_RNA,0.00293339672498405
PGRMC2_RNA,0.00293250591494143
BLOC1S2_RNA,0.002932448172941804
PINX1_RNA,0.002932311035692692
MBOAT2_RNA,0.0029319862369447947
FADS6_RNA,0.0029312309343367815
MIR889_RNA,0.0029310325626283884
SDR39U1_RNA,0.002925352193415165
CNBD1_RNA,0.002925207605585456
GRM1_RNA,0.002923112828284502
ORAI2_RNA,0.0029229004867374897
BLM_RNA,0.0029180056881159544
STIP1_RNA,0.002917330479249358
ZFYVE16_RNA,0.0029167477041482925
ZWINT_RNA,0.0029157879762351513
ANAPC4_RNA,0.0029134100768715143
PPFIA1_RNA,0.0029115371871739626
C8B_RNA,0.0029104899149388075
EHD4_RNA,0.002910204930230975
RAN_RNA,0.002909615868702531
SLC39A9_RNA,0.0029083823319524527
PITPNM2_RNA,0.0029083448462188244
SLC6A5_RNA,0.0029078361112624407
MIR628_RNA,0.002905953209847212
CLEC4D_RNA,0.0029057487845420837
CHKA_RNA,0.002903803950175643
INPP5F_RNA,0.0029037289787083864
HECTD3_RNA,0.0029036030173301697
ARHGAP27_RNA,0.0029017033521085978
CREB3L3_RNA,0.0029008344281464815
NT5C1B_RNA,0.0029005310498178005
UNC5A_RNA,0.0028994863387197256
MSH4_RNA,0.0028988998383283615
CA5A_RNA,0.0028963901568204165
N4BP2_RNA,0.0028961270581930876
CABP2_RNA,0.002895758720114827
CENPP_RNA,0.00289381411857903
GPR182_RNA,0.002893645316362381
LRFN2_RNA,0.0028900776524096727
SIK3_RNA,0.00288925739005208
GXYLT1_RNA,0.002886260626837611
OXCT1_RNA,0.0028859165031462908
TCEAL1_RNA,0.0028851949609816074
FAM43B_RNA,0.002883298322558403
CDK14_RNA,0.0028815537225455046
MRPS31_RNA,0.0028791851364076138
SPTLC3_RNA,0.0028790857177227736
ADAM28_RNA,0.0028788219206035137
CYB5D2_RNA,0.002878770465031266
TAX1BP3_RNA,0.0028778857085853815
COL18A1_RNA,0.00287786521948874
MMRN2_RNA,0.002877776278182864
RABEP2_RNA,0.002877583261579275
TMEM200C_RNA,0.0028766198083758354
CBLN1_RNA,0.002875472418963909
CALB2_RNA,0.0028747054748237133
FUT10_RNA,0.002874571131542325
PURB_RNA,0.002873433753848076
IL10RA_RNA,0.002873155754059553
TOP1_RNA,0.0028711138293147087
FAIM2_RNA,0.002870557364076376
HES1_RNA,0.0028700653929263353
ARL2BP_RNA,0.002868981333449483
IDUA_RNA,0.0028659398667514324
ZFP42_RNA,0.0028652248438447714
LIMK1_RNA,0.0028629254084080458
ADRA1A_RNA,0.002862821100279689
VHLL_RNA,0.0028617086354643106
TNFRSF1A_RNA,0.00286073493771255
ADO_RNA,0.0028604583349078894
MMRN1_RNA,0.0028590369038283825
ULK3_RNA,0.0028586620464920998
CD34_RNA,0.0028584154788404703
LILRB4_RNA,0.002857745857909322
HEATR3_RNA,0.002857204992324114
AZI2_RNA,0.00285714166238904
PBXIP1_RNA,0.002857076469808817
PPY_RNA,0.002852953039109707
LNP1_RNA,0.002852747216820717
ESCO1_RNA,0.0028521015774458647
PCDH17_RNA,0.002852057106792927
ATP11C_RNA,0.002851930446922779
NUP210_RNA,0.0028511658310890198
IP6K2_RNA,0.0028508349787443876
ALDH6A1_RNA,0.0028507348615676165
USP27X_RNA,0.002850357675924897
KIF22_RNA,0.0028497744351625443
PSD4_RNA,0.002849681070074439
OSTC_RNA,0.0028494298458099365
GALNS_RNA,0.002848332980647683
ASB12_RNA,0.00284784403629601
PDE3B_RNA,0.0028439327143132687
DNAJC2_RNA,0.002842877758666873
NXNL2_RNA,0.00284227984957397
ACP2_RNA,0.002839193446561694
PLEKHJ1_RNA,0.002838811604306102
LRCH1_RNA,0.0028379473369568586
SNORA31_RNA,0.002837195061147213
GJA4_RNA,0.0028361568693071604
ANK2_RNA,0.002834029495716095
CD19_RNA,0.0028335468377918005
RPL7_RNA,0.0028329489286988974
LGSN_RNA,0.002830171026289463
H6PD_RNA,0.002828557277098298
SSTR2_RNA,0.002828286960721016
MRPL22_RNA,0.0028282697312533855
ITFG1_RNA,0.0028279279358685017
POMP_RNA,0.0028275081422179937
RECQL4_RNA,0.002827452728524804
TIMELESS_RNA,0.0028269439935684204
ADAR_RNA,0.0028266890440136194
C1orf35_RNA,0.0028260513208806515
SSH1_RNA,0.0028248780872672796
GRID1_RNA,0.002820079680532217
FBXW2_RNA,0.002819986082613468
MAP6_RNA,0.0028198854997754097
MIR181B2_RNA,0.0028185639530420303
ASGR1_RNA,0.002818415639922023
CORO1B_RNA,0.0028177800122648478
ARHGEF11_RNA,0.0028176105115562677
MB_RNA,0.002817548345774412
THNSL1_RNA,0.00281594879925251
CUL9_RNA,0.0028112484142184258
ACACB_RNA,0.0028111578430980444
HYAL1_RNA,0.0028081336058676243
FUT1_RNA,0.002807948039844632
RND2_RNA,0.0028074337169528008
PHF12_RNA,0.0028069661930203438
P2RY13_RNA,0.002806399017572403
NANOS2_RNA,0.002806253731250763
CD300LG_RNA,0.00280556152574718
JMJD4_RNA,0.0028047049418091774
CRELD2_RNA,0.0028041682671755552
KC6_RNA,0.0028031840920448303
DEGS1_RNA,0.0028027689550071955
TM7SF2_RNA,0.0028026215732097626
STIM1_RNA,0.0028021109756082296
ARHGAP5_RNA,0.00280209444463253
ERI1_RNA,0.002801574533805251
GLYATL1_RNA,0.0028006285429000854
SH3BGR_RNA,0.0027986441273242235
ISOC2_RNA,0.0027963549364358187
TNS1_RNA,0.0027959952130913734
FOXM1_RNA,0.0027937600389122963
RPS7_RNA,0.002792502986267209
CBFA2T3_RNA,0.0027924960013478994
ACADM_RNA,0.0027918063569813967
SHC2_RNA,0.0027914606034755707
RNF149_RNA,0.002791204024106264
TMEM187_RNA,0.0027903367299586535
MAPRE2_RNA,0.0027894347440451384
NAT2_RNA,0.002789144404232502
NDUFB8_RNA,0.0027873108629137278
MAZ_RNA,0.0027872321661561728
VPS37A_RNA,0.0027865173760801554
CCDC137_RNA,0.0027846305165439844
ZNF81_RNA,0.00278424471616745
C8orf74_RNA,0.002782994182780385
PKD1L3_RNA,0.002782893367111683
SLC17A3_RNA,0.0027777417562901974
GOLM1_RNA,0.0027771261520683765
PSMB6_RNA,0.0027753340546041727
USP38_RNA,0.002775188535451889
MSLNL_RNA,0.002774190390482545
TST_RNA,0.002773314481601119
MIR2278_RNA,0.0027723705861717463
WAS_RNA,0.0027720702346414328
DDIT4_RNA,0.002769145183265209
MYOM1_RNA,0.0027688886038959026
PRPSAP2_RNA,0.0027688732370734215
ACTL7B_RNA,0.0027687340043485165
MYOZ1_RNA,0.002768599661067128
SIGIRR_RNA,0.002767442259937525
PRDM5_RNA,0.002767388243228197
CAMK4_RNA,0.0027650303672999144
MIR665_RNA,0.0027644778601825237
MRO_RNA,0.0027638147585093975
CDCA3_RNA,0.002762123942375183
CD4_RNA,0.0027597921434789896
FRMPD4_RNA,0.0027594943530857563
RNF151_RNA,0.0027583781629800797
ATP1A2_RNA,0.002757926005870104
FKBP5_RNA,0.002757858717814088
NES_RNA,0.0027578515000641346
CDAN1_RNA,0.0027567839715629816
NCDN_RNA,0.0027539273723959923
SP1_RNA,0.002753204433247447
FOXK1_RNA,0.002752831671386957
NFIA_RNA,0.002752685220912099
RGMA_RNA,0.002752658911049366
MIR758_RNA,0.002751055406406522
TIAL1_RNA,0.002750594634562731
FAAH2_RNA,0.0027505604084581137
C2CD2_RNA,0.0027500884607434273
SLC26A2_RNA,0.002749370876699686
CLEC9A_RNA,0.002747769933193922
KIN_RNA,0.002746697049587965
MYO7A_RNA,0.0027459259144961834
MYRIP_RNA,0.00274498644284904
ITIH5_RNA,0.002742233918979764
ITGA7_RNA,0.002741581527516246
RACGAP1_RNA,0.002741011558100581
EDNRA_RNA,0.0027402290143072605
LRP6_RNA,0.0027390955947339535
KLHL3_RNA,0.0027377246879041195
ARHGEF6_RNA,0.002737554023042321
POGZ_RNA,0.002737437840551138
TSPAN12_RNA,0.002737067174166441
CAPN5_RNA,0.002735452726483345
RSL1D1_RNA,0.002734626643359661
CCM2_RNA,0.002734492067247629
PATE2_RNA,0.002734430832788348
RHBDD2_RNA,0.0027330941520631313
NPR2_RNA,0.0027323488611727953
C15orf61_RNA,0.002732050372287631
GNA11_RNA,0.0027316182386130095
CHRNA7_RNA,0.0027315341867506504
MXD3_RNA,0.0027314245235174894
SNORA70B_RNA,0.00272858957760036
FBXL19_RNA,0.002727695507928729
PCDH12_RNA,0.002727474784478545
MYH10_RNA,0.0027263902593404055
BRAF_RNA,0.0027259269263595343
PI4K2A_RNA,0.0027255439199507236
NFS1_RNA,0.0027252023573964834
GOLGA2_RNA,0.0027250442653894424
FOXI2_RNA,0.002723809564486146
ASAH1_RNA,0.002722878474742174
MFNG_RNA,0.00272187078371644
CETN2_RNA,0.002721580909565091
ATG16L2_RNA,0.0027213667053729296
ST3GAL1_RNA,0.0027202966157346964
MRPL4_RNA,0.002717740135267377
PAGE2B_RNA,0.0027174055576324463
COMMD1_RNA,0.0027166581712663174
ZDHHC12_RNA,0.002716397400945425
PSMC3IP_RNA,0.0027160178869962692
NDUFV3_RNA,0.0027129605878144503
DDX41_RNA,0.00271157780662179
TTPA_RNA,0.002711525419726968
TECPR1_RNA,0.002709220862016082
SSBP2_RNA,0.002709008287638426
RSAD1_RNA,0.0027089512441307306
CNOT6_RNA,0.0027072085067629814
YAF2_RNA,0.0027062157168984413
CFP_RNA,0.002705586375668645
LXN_RNA,0.002700626850128174
TIAM1_RNA,0.0027006028685718775
ARF5_RNA,0.002700595883652568
SIRPB2_RNA,0.0026993027422577143
PRDM11_RNA,0.002697811694815755
KCNJ11_RNA,0.0026963348500430584
KRT31_RNA,0.0026940449606627226
F2R_RNA,0.0026937532238662243
CC2D2A_RNA,0.0026937343645840883
PRSS48_RNA,0.0026921210810542107
PIGH_RNA,0.002691168338060379
KCNJ10_RNA,0.002690754132345319
ZFPL1_RNA,0.002689742250367999
AKR1D1_RNA,0.0026887941639870405
LPIN3_RNA,0.002688586013391614
TBC1D9_RNA,0.002687969012185931
HSPA4_RNA,0.002687334083020687
ABCA7_RNA,0.0026867357082664967
CEP78_RNA,0.002686460968106985
COL7A1_RNA,0.002686354797333479
SNORD15B_RNA,0.0026840828359127045
IGBP1_RNA,0.0026835903991013765
TEKT3_RNA,0.0026833624579012394
CCDC126_RNA,0.0026808585971593857
ELOVL7_RNA,0.0026807934045791626
TMEM184B_RNA,0.002679599681869149
DTYMK_RNA,0.0026795901358127594
XPO6_RNA,0.002676822943612933
ASB6_RNA,0.002675058552995324
S100A16_RNA,0.0026746136136353016
MFSD2A_RNA,0.002673658775165677
KIAA1958_RNA,0.0026733449194580317
PAGE5_RNA,0.0026732850819826126
POLE4_RNA,0.002672939794138074
GBGT1_RNA,0.002672064583748579
DCHS1_RNA,0.0026717062573879957
CELA1_RNA,0.0026697018183767796
SLC27A4_RNA,0.0026690904051065445
RAMP2_RNA,0.0026673651300370693
RSPRY1_RNA,0.002666397485882044
CLCF1_RNA,0.0026659436989575624
FDPS_RNA,0.002663386519998312
MBTPS1_RNA,0.002662419341504574
NALCN_RNA,0.002662263112142682
C17orf107_RNA,0.0026618586853146553
ZNF808_RNA,0.0026614852249622345
PIK3R3_RNA,0.0026608111802488565
SPINK9_RNA,0.0026606495957821608
TFDP1_RNA,0.002659387420862913
UTP14A_RNA,0.0026581210549920797
BMP1_RNA,0.002656769473105669
MBLAC1_RNA,0.002656596479937434
KRTAP5-6_RNA,0.0026555925142019987
SCAPER_RNA,0.00265545048750937
CTTNBP2_RNA,0.0026552488561719656
PRDX4_RNA,0.0026548008900135756
YIPF3_RNA,0.002654068637639284
BCAM_RNA,0.0026535200886428356
ZDHHC17_RNA,0.00265293987467885
POMT2_RNA,0.0026506695430725813
GIMAP1_RNA,0.002649835078045726
DLC1_RNA,0.0026484907139092684
SLC15A1_RNA,0.002647832501679659
CCDC68_RNA,0.0026471393648535013
FAH_RNA,0.002645297674462199
ITGB5_RNA,0.0026437730994075537
MRPL37_RNA,0.002642114646732807
ZNF572_RNA,0.002642069710418582
SLC16A6_RNA,0.0026415507309138775
SLC29A3_RNA,0.0026405982207506895
SATB1_RNA,0.0026403828524053097
PRR13_RNA,0.0026401281356811523
USP16_RNA,0.0026399691123515368
ZDHHC1_RNA,0.0026390112470835447
SLC7A1_RNA,0.002638858510181308
NADK_RNA,0.0026381986681371927
ZDHHC24_RNA,0.0026373015716671944
FMNL3_RNA,0.002634344855323434
CLDN3_RNA,0.002634279429912567
SLC43A3_RNA,0.002633617492392659
BTF3_RNA,0.002633112482726574
PRDM15_RNA,0.002632660325616598
MFSD9_RNA,0.002631630515679717
RRAGB_RNA,0.0026287557557225227
NRARP_RNA,0.0026282372418791056
FGD6_RNA,0.002628161571919918
ZBTB16_RNA,0.00262812920846045
CD63_RNA,0.0026281189639121294
SRI_RNA,0.002627600682899356
GABRP_RNA,0.002624260261654854
SNAP25_RNA,0.00262331566773355
KCNN3_RNA,0.002622982719913125
MIR597_RNA,0.0026221892330795527
RASIP1_RNA,0.0026198127306997776
KCNIP3_RNA,0.0026165854651480913
DSC3_RNA,0.0026151903439313173
FOXRED2_RNA,0.0026151167694479227
THBS3_RNA,0.0026124909054487944
GRAMD4_RNA,0.0026122184935957193
GNS_RNA,0.002611716277897358
SLC30A8_RNA,0.0026110552717000246
SNORD62A_RNA,0.0026105004362761974
LGR4_RNA,0.002610222203657031
SLC22A24_RNA,0.002608960960060358
OAZ3_RNA,0.002607224276289344
PAICS_RNA,0.00260677607730031
CDH5_RNA,0.0026067618746310472
RANBP17_RNA,0.0026063169352710247
RELL2_RNA,0.0026055993512272835
JKAMP_RNA,0.0026054640766233206
KLF4_RNA,0.00260345870628953
SAMD8_RNA,0.0026027823332697153
MORN1_RNA,0.002602183260023594
SV2A_RNA,0.0026019553188234568
ZDHHC14_RNA,0.002601811196655035
TSPAN7_RNA,0.002600395353510976
CLIC3_RNA,0.002600389067083597
PNMA1_RNA,0.0026000887155532837
DHRS7B_RNA,0.0025993853341788054
SOX15_RNA,0.0025993469171226025
CCR9_RNA,0.0025989064015448093
MACROD1_RNA,0.0025988814886659384
SSR3_RNA,0.0025986693799495697
IRGQ_RNA,0.002598657039925456
OTC_RNA,0.002598423045128584
PABPC1_RNA,0.0025956202298402786
GALNT7_RNA,0.0025950842536985874
CD93_RNA,0.002594965510070324
RPL22L1_RNA,0.0025944034568965435
RRH_RNA,0.002593826036900282
RUNDC3B_RNA,0.0025935303419828415
MIR1243_RNA,0.002593057695776224
MLLT10_RNA,0.002590792253613472
SLC41A3_RNA,0.002589488634839654
HFM1_RNA,0.002589019713923335
ACSS1_RNA,0.0025881300680339336
LYNX1_RNA,0.002586738672107458
B3GNT3_RNA,0.0025854313280433416
BTBD18_RNA,0.002583467634394765
MMD2_RNA,0.0025833193212747574
BICD2_RNA,0.002580155385658145
INPP5A_RNA,0.0025799639988690615
SPIRE1_RNA,0.0025795076508075
DENND2C_RNA,0.0025791132356971502
PFKFB3_RNA,0.002578574698418379
GADD45GIP1_RNA,0.0025781288277357817
SNORA11B_RNA,0.0025773481465876102
CMTM2_RNA,0.0025770533829927444
C1orf131_RNA,0.002576900878921151
EID3_RNA,0.0025763988960534334
MIR1276_RNA,0.002576023107394576
DEPDC4_RNA,0.002575419843196869
CD38_RNA,0.0025752114597707987
TMEM53_RNA,0.00257434812374413
DBH_RNA,0.0025742691941559315
ADD3_RNA,0.002573965350165963
UPK1B_RNA,0.0025727550964802504
ARHGEF9_RNA,0.002572607481852174
PYGB_RNA,0.002571037970483303
TATDN3_RNA,0.0025696742814034224
RCSD1_RNA,0.00256926822476089
TAS2R42_RNA,0.002567894756793976
TIMM13_RNA,0.0025669685564935207
FKTN_RNA,0.0025653617922216654
CTNS_RNA,0.0025647610891610384
PRRG4_RNA,0.0025644158013164997
MBTD1_RNA,0.0025627180002629757
SEMA3G_RNA,0.002562285168096423
SGMS1_RNA,0.002562218578532338
PRKDC_RNA,0.0025619131047278643
SRPX_RNA,0.0025611487217247486
TMEM107_RNA,0.0025598532520234585
MKNK1_RNA,0.002559141954407096
TUBA1B_RNA,0.002557522850111127
GPR158_RNA,0.00255750585347414
PRKACA_RNA,0.0025562122464179993
GDF10_RNA,0.002556007355451584
TECTB_RNA,0.002555864630267024
RAB14_RNA,0.00255496334284544
ATP1B2_RNA,0.002554896054789424
HBEGF_RNA,0.0025540590286254883
TBCA_RNA,0.0025532778818160295
GALNT2_RNA,0.002552880672737956
MLXIP_RNA,0.0025527463294565678
TCHP_RNA,0.0025521214120090008
PPP2R5C_RNA,0.002551931655034423
PSMG1_RNA,0.0025516869500279427
YTHDF2_RNA,0.002549282507970929
NAA38_RNA,0.0025492387358099222
SNRPF_RNA,0.0025488862302154303
CHCHD2_RNA,0.0025485085789114237
NRL_RNA,0.0025481299962848425
TAL1_RNA,0.0025477581657469273
RFC4_RNA,0.0025460899341851473
CNPY2_RNA,0.0025456841103732586
BCL6B_RNA,0.002543703420087695
ARHGAP10_RNA,0.0025425704661756754
BCL6_RNA,0.0025418726727366447
GRK1_RNA,0.0025417522992938757
PIGM_RNA,0.0025411779060959816
DMC1_RNA,0.0025400209706276655
RUSC2_RNA,0.0025395217817276716
KDM2A_RNA,0.002539422595873475
DUOXA2_RNA,0.0025385646149516106
ABL1_RNA,0.0025377413257956505
SNORD105B_RNA,0.002537257969379425
KCNG4_RNA,0.00253492733463645
HMGCLL1_RNA,0.0025344069581478834
MIR618_RNA,0.002530934987589717
SOX18_RNA,0.0025300681591033936
ZFYVE21_RNA,0.0025251484476029873
CLDND2_RNA,0.002524669049307704
TMEM190_RNA,0.002523737493902445
NDFIP1_RNA,0.002521158428862691
RFNG_RNA,0.0025209374725818634
EPHA6_RNA,0.0025202755350619555
MIR380_RNA,0.0025197602808475494
PICALM_RNA,0.002518788445740938
EXOSC2_RNA,0.002516206819564104
RSPO2_RNA,0.0025143162347376347
ARID5B_RNA,0.002514272229745984
ROMO1_RNA,0.0025136915501207113
COMMD8_RNA,0.0025127194821834564
SYNRG_RNA,0.002512627746909857
TCEAL2_RNA,0.002510935068130493
INPP5E_RNA,0.0025106840766966343
PIGS_RNA,0.0025100542698055506
TMC6_RNA,0.0025094677694141865
PHLDA1_RNA,0.002509182784706354
GRIK3_RNA,0.002509040292352438
DOCK1_RNA,0.002508386969566345
RD3_RNA,0.0025081008207052946
CBLN3_RNA,0.0025065457448363304
PLEKHA8_RNA,0.0025051627308130264
PRDX1_RNA,0.002504379488527775
ITGB3BP_RNA,0.0025041112676262856
PLXNA4_RNA,0.0025040567852556705
ANKS1B_RNA,0.00250300788320601
SUPT7L_RNA,0.0025009738747030497
NRXN1_RNA,0.0024979817681014538
PLK3_RNA,0.002497798530384898
TMEM151B_RNA,0.0024956443812698126
EI24_RNA,0.002493643667548895
CDC23_RNA,0.0024927956983447075
DIS3L_RNA,0.002492463681846857
DPYSL4_RNA,0.002492432715371251
RPL10L_RNA,0.0024922213051468134
NTF4_RNA,0.0024906962644308805
ABLIM2_RNA,0.0024898622650653124
GCDH_RNA,0.002489140722900629
AMH_RNA,0.0024883411824703217
SS18_RNA,0.002488254802301526
TXNDC15_RNA,0.00248782429844141
C6orf89_RNA,0.002487150952219963
CCT7_RNA,0.0024857923854142427
XK_RNA,0.0024854743387550116
MOCS1_RNA,0.002482556737959385
SFTA1P_RNA,0.00248206639662385
PTPRZ1_RNA,0.0024811537005007267
CEACAM4_RNA,0.0024808933958411217
PHF19_RNA,0.002479532500728965
RHBDL3_RNA,0.002479074988514185
TATDN1_RNA,0.0024788849987089634
SMC4_RNA,0.0024784186389297247
MAP1B_RNA,0.0024782163091003895
TSNARE1_RNA,0.0024778128135949373
GREB1L_RNA,0.002477006521075964
SLC29A1_RNA,0.00247620465233922
MREG_RNA,0.0024760281667113304
BMX_RNA,0.0024759327061474323
UQCRC1_RNA,0.002475844696164131
AIP_RNA,0.0024717748165130615
RAB31_RNA,0.0024706395342946053
PPP2R5A_RNA,0.0024699103087186813
ZNF423_RNA,0.0024698819033801556
TIGD3_RNA,0.0024697352200746536
APOE_RNA,0.002469383180141449
ALDH4A1_RNA,0.002469041384756565
EXPH5_RNA,0.002467900048941374
PRKAG1_RNA,0.0024678404442965984
SLC16A9_RNA,0.002467266283929348
PNMA3_RNA,0.002467129612341523
TREX2_RNA,0.002466868842020631
DDX23_RNA,0.00246635265648365
FUT5_RNA,0.002466147532686591
SLITRK5_RNA,0.002463654614984989
CPLX1_RNA,0.0024635239969938993
MOGAT3_RNA,0.002462052507326007
GAS2L1_RNA,0.002462046919390559
DGKE_RNA,0.002460380783304572
SIGLEC8_RNA,0.0024602010380476713
PLXND1_RNA,0.0024600240867584944
CC2D1A_RNA,0.0024599204771220684
GABARAPL1_RNA,0.0024590143002569675
CYP8B1_RNA,0.0024583167396485806
CPE_RNA,0.002456456422805786
WASF3_RNA,0.00245613232254982
SLC4A10_RNA,0.0024560473393648863
ERCC3_RNA,0.0024542713072150946
FECH_RNA,0.002453278750181198
TMEM74_RNA,0.002452389569953084
SH3PXD2B_RNA,0.0024523301981389523
RNF26_RNA,0.002450745552778244
NEUROG1_RNA,0.0024507034104317427
ZBTB34_RNA,0.002449366496875882
ARAP2_RNA,0.002448222367092967
ONECUT3_RNA,0.0024478938430547714
TYW3_RNA,0.002447673352435231
EML4_RNA,0.002447514794766903
NFKBIA_RNA,0.0024437448009848595
NR1H4_RNA,0.0024431042838841677
NHSL2_RNA,0.0024400462862104177
CCDC141_RNA,0.002439641859382391
CYP2J2_RNA,0.002438956405967474
USP48_RNA,0.0024388395249843597
CTU2_RNA,0.00243879621848464
MDS2_RNA,0.00243737967684865
SLC24A4_RNA,0.002436114242300391
SNORA2A_RNA,0.002436030423268676
AGPAT5_RNA,0.002435300499200821
ZDHHC6_RNA,0.0024344101548194885
PIWIL3_RNA,0.002433771500363946
SVOPL_RNA,0.0024337428621947765
WFDC13_RNA,0.002433276502415538
RAD23B_RNA,0.002433078596368432
TMEM229B_RNA,0.0024329028092324734
RELT_RNA,0.002431702334433794
ITM2A_RNA,0.002430323511362076
SPG11_RNA,0.0024295791517943144
FZD9_RNA,0.0024293900933116674
DNAJB8_RNA,0.002426527440547943
FUT8_RNA,0.002426309045404196
MID1IP1_RNA,0.0024261577054858208
LOXL2_RNA,0.0024261530488729477
SLC25A2_RNA,0.0024250445421785116
FGF8_RNA,0.002424264792352915
SMARCD2_RNA,0.0024236298631876707
PPTC7_RNA,0.002423497848212719
PEX5_RNA,0.002423316240310669
GRIK5_RNA,0.002421374199911952
FRG1_RNA,0.002420886652544141
FGD3_RNA,0.002420878503471613
IL4R_RNA,0.002417836105450988
NDUFS1_RNA,0.002417520387098193
CMTM8_RNA,0.002417413517832756
TMEM121_RNA,0.0024171636905521154
PCDH7_RNA,0.0024165960494428873
HDAC7_RNA,0.002416216768324375
PRMT3_RNA,0.002415473572909832
MGAM_RNA,0.0024151685647666454
TRHDE_RNA,0.0024147466756403446
MARVELD2_RNA,0.0024141662288457155
KCNE1_RNA,0.0024137047585099936
SLC4A4_RNA,0.0024136314168572426
MEIS2_RNA,0.0024109138175845146
MLXIPL_RNA,0.0024107894860208035
ANKRD12_RNA,0.002410517306998372
MYEOV_RNA,0.002409667009487748
PER2_RNA,0.0024094863329082727
MAP7D1_RNA,0.002407801803201437
KL_RNA,0.00240683532319963
TCTN1_RNA,0.0024064909666776657
EME2_RNA,0.0024064809549599886
C5orf34_RNA,0.00240548187866807
WWP1_RNA,0.0024040176067501307
FBXO43_RNA,0.0024037265684455633
ILF2_RNA,0.002403315855190158
WDR90_RNA,0.0024000555276870728
SNORA74A_RNA,0.002399941673502326
UGP2_RNA,0.002399865770712495
ALG2_RNA,0.0023986371234059334
CRYBB3_RNA,0.0023986343294382095
LLGL1_RNA,0.0023973416537046432
PC_RNA,0.0023967477027326822
OR52E2_RNA,0.002396555384621024
KCTD10_RNA,0.0023950873874127865
ELAVL1_RNA,0.0023941907566040754
NR1D2_RNA,0.0023941146209836006
RSF1_RNA,0.002393736969679594
SOX21_RNA,0.0023927283473312855
RGS9_RNA,0.002392409136518836
ZAR1L_RNA,0.0023919297382235527
NRSN1_RNA,0.0023917849175632
ECE1_RNA,0.002391332294791937
UBE2J2_RNA,0.0023900149390101433
SDR9C7_RNA,0.0023896365892142057
NAV1_RNA,0.0023891914170235395
TOR2A_RNA,0.0023886256385594606
MIR17HG_RNA,0.002387857995927334
CDH7_RNA,0.0023876286577433348
FOXE1_RNA,0.0023859343491494656
FGD5_RNA,0.00238479464314878
OR7A5_RNA,0.0023839722853153944
ASPH_RNA,0.002381088212132454
CSTF2_RNA,0.002381017664447427
CYS1_RNA,0.0023791748099029064
GBA3_RNA,0.0023791519924998283
PRPF40A_RNA,0.0023782660719007254
GYS1_RNA,0.0023780977353453636
ARL16_RNA,0.0023768579121679068
AKAP11_RNA,0.0023763366043567657
KCND1_RNA,0.002376293996348977
YAP1_RNA,0.002375361742451787
GLB1L_RNA,0.002373556839302182
KDM3A_RNA,0.0023722026962786913
DOCK8_RNA,0.0023717940784990788
NUDT8_RNA,0.0023709747474640608
MCTP1_RNA,0.002370922826230526
GUCY2D_RNA,0.002370839472860098
SCN2B_RNA,0.002370719099417329
NIP7_RNA,0.0023682289756834507
RFESD_RNA,0.0023659057915210724
MCTS1_RNA,0.0023649660870432854
CCDC54_RNA,0.0023631397634744644
KAT2A_RNA,0.0023622673470526934
NUP62CL_RNA,0.002361766528338194
PPP5C_RNA,0.0023589259944856167
PDIA3_RNA,0.002357057761400938
LRRN3_RNA,0.0023565765004605055
ARMC8_RNA,0.0023547292221337557
SLC45A2_RNA,0.002354284515604377
LEPROTL1_RNA,0.00235270569100976
CBX3_RNA,0.002352337585762143
BEX4_RNA,0.002352006733417511
RAD21L1_RNA,0.0023517762310802937
MTA2_RNA,0.00235157972201705
SYNPO2L_RNA,0.002351432805880904
DHX38_RNA,0.0023509212769567966
ATAD2_RNA,0.002348907757550478
POLE_RNA,0.00234869378618896
SIGLEC11_RNA,0.00234848540276289
CASQ2_RNA,0.002347813919186592
ZBTB12_RNA,0.0023466392885893583
COBLL1_RNA,0.00234616594389081
ATP6V0C_RNA,0.002344566397368908
SDC2_RNA,0.002343070227652788
SLC37A1_RNA,0.00234288745559752
KIF16B_RNA,0.0023427458945661783
SLC6A2_RNA,0.002342651830986142
ISCA2_RNA,0.002342648571357131
NBR1_RNA,0.0023424741812050343
ABCG4_RNA,0.002341699320822954
SYT6_RNA,0.0023408629931509495
CCDC88B_RNA,0.0023402709048241377
UBXN7_RNA,0.0023387696128338575
SDK1_RNA,0.0023382941726595163
TXNL4B_RNA,0.002337830141186714
FBXO31_RNA,0.002335666213184595
CCDC13_RNA,0.002335319994017482
MYO16_RNA,0.002335233148187399
CHCHD5_RNA,0.0023346864618360996
ARL2_RNA,0.002334421966224909
KDM1A_RNA,0.002333655022084713
SRGN_RNA,0.0023335153236985207
PTPRA_RNA,0.0023332948330789804
CPSF4L_RNA,0.0023292964324355125
KANK1_RNA,0.0023282391484826803
DDX55_RNA,0.0023282214533537626
MIR589_RNA,0.0023274552077054977
DHX9_RNA,0.0023272621911019087
WHAMM_RNA,0.0023247827775776386
SDF4_RNA,0.0023232433013617992
PAX1_RNA,0.002321944572031498
DMRTB1_RNA,0.002320656320080161
ITPR2_RNA,0.0023190074134618044
STOM_RNA,0.0023189543280750513
PTCH1_RNA,0.002316491212695837
ITGB1_RNA,0.002316390862688422
MRS2_RNA,0.0023161503486335278
GLS2_RNA,0.002313104923814535
EML5_RNA,0.0023129337932914495
PTPMT1_RNA,0.002312583150342107
PLXNB2_RNA,0.002310670679435134
MPV17_RNA,0.002310347044840455
RPS3A_RNA,0.0023096774239093065
TMEM60_RNA,0.0023091204930096865
PLA2G15_RNA,0.002308974275365472
PLD4_RNA,0.0023083644919097424
RBM23_RNA,0.002308161463588476
C5orf47_RNA,0.0023060650564730167
ZFP92_RNA,0.0023037230130285025
DLL4_RNA,0.002303711837157607
G3BP1_RNA,0.0023035851772874594
PPEF2_RNA,0.002302892506122589
NXNL1_RNA,0.0023028922732919455
TMED3_RNA,0.0023027060087770224
SRP9_RNA,0.002301295753568411
CAB39L_RNA,0.002299745799973607
MMADHC_RNA,0.0022996801417320967
LRFN1_RNA,0.0022991658188402653
ZNF212_RNA,0.0022986698895692825
KIF21B_RNA,0.0022985071409493685
SLA_RNA,0.002298318315297365
MPP4_RNA,0.002295358572155237
FLJ13224_RNA,0.002295207232236862
ZNF33A_RNA,0.0022950354032218456
NPHP4_RNA,0.002294190926477313
AASDHPPT_RNA,0.0022934162989258766
RTF1_RNA,0.002293030032888055
PREB_RNA,0.0022919417824596167
JMJD7_RNA,0.002291641430929303
CKB_RNA,0.002291125012561679
TMF1_RNA,0.0022896055597811937
MLLT1_RNA,0.0022890144027769566
DLAT_RNA,0.002288233721628785
UBE2S_RNA,0.002288129413500428
SPESP1_RNA,0.0022873454727232456
FAM83D_RNA,0.0022860777098685503
BSX_RNA,0.0022846912033855915
CCDC124_RNA,0.0022827843204140663
FPR1_RNA,0.0022815715055912733
SAMD14_RNA,0.002281537279486656
BACE2_RNA,0.0022811193484812975
EML1_RNA,0.002280565444380045
ABRA_RNA,0.0022795964032411575
MIR601_RNA,0.0022783710155636072
ERP29_RNA,0.0022783074527978897
MIR595_RNA,0.002277941908687353
RPL39L_RNA,0.0022774781100451946
UBAC2_RNA,0.0022771486546844244
OR2B11_RNA,0.0022753935772925615
YTHDC2_RNA,0.0022752995137125254
CCDC62_RNA,0.002274988917633891
ANKRA2_RNA,0.002274834318086505
MGAT4C_RNA,0.0022729411721229553
MPPE1_RNA,0.0022719711996614933
PIK3C3_RNA,0.0022708505857735872
NLRP3_RNA,0.0022693220525979996
AHCYL1_RNA,0.002268970012664795
NOD1_RNA,0.0022684261202812195
ADAM10_RNA,0.0022683870047330856
GJB4_RNA,0.002268219366669655
LINGO3_RNA,0.0022678454406559467
ABAT_RNA,0.0022662696428596973
NTN4_RNA,0.0022658207453787327
S100Z_RNA,0.0022651245817542076
MIR583_RNA,0.002264766488224268
DIP2C_RNA,0.002263822592794895
CCDC70_RNA,0.002263564383611083
SENP2_RNA,0.0022628414444625378
FICD_RNA,0.0022610893938690424
DOC2A_RNA,0.00226099812425673
ETF1_RNA,0.0022594411857426167
DNAJA1_RNA,0.0022583208046853542
CACNA1A_RNA,0.002257216488942504
PILRA_RNA,0.00225622346624732
HNRNPD_RNA,0.002255196450278163
NAA20_RNA,0.002254989231005311
TCEAL7_RNA,0.0022506180685013533
IL13RA1_RNA,0.002250488381832838
GNAT1_RNA,0.002247563796117902
DAG1_RNA,0.0022473041899502277
BCAS3_RNA,0.0022446447983384132
ANKMY2_RNA,0.0022440305911004543
APOF_RNA,0.002242742571979761
TSPYL6_RNA,0.002241050126031041
LYSMD4_RNA,0.0022410310339182615
PROKR1_RNA,0.0022402764298021793
BTBD1_RNA,0.0022391234524548054
TMEM19_RNA,0.0022383714094758034
FLI1_RNA,0.0022375741973519325
THY1_RNA,0.0022368011996150017
DAND5_RNA,0.0022363115567713976
PAK4_RNA,0.0022355355322360992
WWP2_RNA,0.002235284075140953
NMNAT2_RNA,0.002235278720036149
KIF9_RNA,0.0022350361105054617
RNPEP_RNA,0.0022342470474541187
AMN_RNA,0.002233498729765415
GRID2IP_RNA,0.002233071019873023
UBLCP1_RNA,0.002231418853625655
C1QTNF1_RNA,0.0022301359567791224
GABRD_RNA,0.002229992300271988
PLIN1_RNA,0.0022271519992500544
SYTL4_RNA,0.002226772718131542
STRBP_RNA,0.0022249259054660797
MAP1LC3B2_RNA,0.0022243086714297533
CDS1_RNA,0.002223622752353549
PYGM_RNA,0.0022233419585973024
NR0B1_RNA,0.002221795031800866
MIR149_RNA,0.002221133094280958
NOXA1_RNA,0.0022202867548912764
LCN8_RNA,0.002220247406512499
PATE3_RNA,0.002219895599409938
NEBL_RNA,0.0022186795249581337
CMTM5_RNA,0.0022186576388776302
GPR132_RNA,0.0022186171263456345
C2CD4B_RNA,0.0022172778844833374
RALGPS1_RNA,0.002216080669313669
APOOL_RNA,0.002215990796685219
PPAT_RNA,0.002214479725807905
TPRA1_RNA,0.002213265048339963
TXN_RNA,0.0022122785449028015
ASTL_RNA,0.0022120890207588673
ARHGAP23_RNA,0.0022109367419034243
MS4A6E_RNA,0.0022108699195086956
CIT_RNA,0.002209228463470936
GPT2_RNA,0.002208628226071596
CYP2R1_RNA,0.0022082910872995853
DPH1_RNA,0.0022078186739236116
HTRA3_RNA,0.00220712972804904
NFE2L2_RNA,0.0022063367068767548
CYP4B1_RNA,0.002206269185990095
CXCR1_RNA,0.0022049653343856335
TMC2_RNA,0.0022044675424695015
DOCK3_RNA,0.002204366959631443
PON3_RNA,0.002204339951276779
SMARCD3_RNA,0.002201739465817809
LTA4H_RNA,0.0022011396940797567
PLXDC2_RNA,0.002200894523411989
ABCC8_RNA,0.002198493806645274
NOP58_RNA,0.002197560388594866
SFRP5_RNA,0.002196302404627204
NT5C1A_RNA,0.00219385395757854
MED31_RNA,0.0021937654819339514
MDFIC_RNA,0.0021925473120063543
CABP5_RNA,0.00219224626198411
ROM1_RNA,0.002189998049288988
ZNF532_RNA,0.002188190119341016
SKP2_RNA,0.0021868483163416386
STIL_RNA,0.0021865994203835726
ZNF124_RNA,0.0021862813737243414
STX1B_RNA,0.002186245983466506
CRIM1_RNA,0.002186096040531993
ALDH16A1_RNA,0.002186049008741975
PCGF5_RNA,0.002185646677389741
GRIK4_RNA,0.002183749107643962
PELI1_RNA,0.002183546544983983
SLC7A11_RNA,0.002183533040806651
SLC25A38_RNA,0.002183013828471303
TLN2_RNA,0.002182502532377839
MTA1_RNA,0.002181567484512925
SLC1A6_RNA,0.0021802473347634077
MAN2A1_RNA,0.002180163050070405
ATP6V1G2_RNA,0.002180093200877309
CHRNB4_RNA,0.0021800368558615446
MGA_RNA,0.0021797684021294117
VGLL4_RNA,0.0021765269339084625
LPAR5_RNA,0.002176186302676797
ITGB8_RNA,0.002176027512177825
PDK4_RNA,0.0021758773364126682
CACNA1G_RNA,0.002174841705709696
NINL_RNA,0.0021738773211836815
MEA1_RNA,0.002172737615182996
CDH20_RNA,0.002171602100133896
MIR635_RNA,0.002171524800360203
ACSL6_RNA,0.0021712728776037693
HSD17B14_RNA,0.0021710777655243874
RPS15A_RNA,0.0021698682103306055
SNAPC1_RNA,0.00216663652099669
ARF1_RNA,0.0021665957756340504
PCDHGB2_RNA,0.002164859091863036
NTRK2_RNA,0.0021645522210747004
IQUB_RNA,0.0021640965715050697
KLHL14_RNA,0.002163631608709693
ADRB2_RNA,0.0021622232161462307
WNK2_RNA,0.0021619705948978662
MYO15A_RNA,0.0021601784974336624
SLC10A6_RNA,0.0021598872262984514
SLC16A7_RNA,0.002159861149266362
RPS6KA3_RNA,0.0021596653386950493
ZNF695_RNA,0.0021570411045104265
RDH14_RNA,0.0021559754386544228
PCYOX1_RNA,0.002155630150809884
POU3F3_RNA,0.002155137248337269
LCE1D_RNA,0.0021548152435570955
CASP2_RNA,0.002153030363842845
DSPP_RNA,0.002149928128346801
OR10H1_RNA,0.002149916486814618
DMBT1_RNA,0.0021499046124517918
RHBDD1_RNA,0.0021489772479981184
TFPI2_RNA,0.0021446049213409424
CDH18_RNA,0.002143455669283867
WFDC1_RNA,0.0021434039808809757
THOP1_RNA,0.0021430710330605507
ZNF672_RNA,0.002140775555744767
PPT1_RNA,0.002139253308996558
PLCXD3_RNA,0.0021384377032518387
SELENBP1_RNA,0.0021373659837991
UBAP1_RNA,0.002137004630640149
MBD5_RNA,0.0021368477027863264
SNORD62B_RNA,0.0021338341757655144
SMPDL3B_RNA,0.0021321428939700127
MIR574_RNA,0.002130322391167283
NUDT11_RNA,0.002128667663782835
LSAMP_RNA,0.0021286571864038706
BRD7_RNA,0.0021285389084368944
NMB_RNA,0.0021283822134137154
MAPK4_RNA,0.002127402927726507
ACHE_RNA,0.002127092331647873
ZXDB_RNA,0.0021264273673295975
SH3RF3_RNA,0.0021254767198115587
SERPINE2_RNA,0.0021247155964374542
JMJD8_RNA,0.002123573562130332
DSC2_RNA,0.002123533748090267
DGAT2L6_RNA,0.0021228822879493237
SLC9A6_RNA,0.002121765399351716
PIM2_RNA,0.0021215470042079687
FGF9_RNA,0.0021211032290011644
SIRT4_RNA,0.0021209230180829763
NGDN_RNA,0.0021195956505835056
IFI27L2_RNA,0.0021194543223828077
PSMD9_RNA,0.002118665026500821
REEP2_RNA,0.002118603093549609
SNRPA_RNA,0.002117724623531103
RPL34_RNA,0.0021171888802200556
PRR5-ARHGAP8_RNA,0.0021171458065509796
ALDH1L1_RNA,0.0021170228719711304
BRWD3_RNA,0.0021163609344512224
NHS_RNA,0.0021163607016205788
UBL4A_RNA,0.00211524055339396
STXBP1_RNA,0.0021138046868145466
ZNF750_RNA,0.0021134233102202415
KRT81_RNA,0.0021121681202203035
ATP2B3_RNA,0.002110823057591915
DNAJC13_RNA,0.0021106512285768986
ST3GAL6_RNA,0.0021101718302816153
PLD2_RNA,0.00210954830981791
GIMAP5_RNA,0.0021094889380037785
ANGPTL6_RNA,0.0021094807889312506
SARNP_RNA,0.0021093229297548532
DBP_RNA,0.0021090086083859205
XPR1_RNA,0.002108654472976923
CHRD_RNA,0.0021084181498736143
VIPR1_RNA,0.002107735723257065
MTMR10_RNA,0.002103968523442745
CKS1B_RNA,0.002103302860632539
MUTYH_RNA,0.002102453028783202
CAPN2_RNA,0.002102130791172385
GPR18_RNA,0.0021015896927565336
RNF144B_RNA,0.002099979668855667
CNGB3_RNA,0.002097757998853922
ZFP41_RNA,0.002097445772960782
SPRED2_RNA,0.0020970506593585014
KLHL1_RNA,0.002096813637763262
EPHA8_RNA,0.002095959149301052
ATP13A4_RNA,0.002094804309308529
IGSF21_RNA,0.002094644820317626
KLHDC4_RNA,0.002094116061925888
PEX10_RNA,0.0020938285160809755
SYCE1L_RNA,0.0020936145447194576
MED27_RNA,0.002093048533424735
KCTD15_RNA,0.002092876471579075
FHOD1_RNA,0.002089401241391897
REXO2_RNA,0.00208876165561378
ABCG1_RNA,0.002085904823616147
CCDC22_RNA,0.0020858326461166143
CRISPLD1_RNA,0.0020849474240094423
PGAM5_RNA,0.0020848819985985756
ELMO3_RNA,0.0020836833864450455
OLFM2_RNA,0.0020825080573558807
NRCAM_RNA,0.0020819383207708597
BRMS1_RNA,0.0020808326080441475
DONSON_RNA,0.0020804957021027803
NOC3L_RNA,0.0020784407388418913
SLC30A2_RNA,0.0020783040672540665
ZNF764_RNA,0.002078136196359992
TOM1L2_RNA,0.0020766451489180326
CENPO_RNA,0.0020764709915965796
LAMB4_RNA,0.0020749943796545267
SIX5_RNA,0.0020729736424982548
EPOR_RNA,0.002071693539619446
TMEM108_RNA,0.0020704474300146103
ABCB10_RNA,0.002070315182209015
KCNJ3_RNA,0.0020700900349766016
EXOC1_RNA,0.0020700099412351847
ADCY9_RNA,0.002069287234917283
PFAS_RNA,0.002067401073873043
RPGR_RNA,0.0020671160891652107
KDELR2_RNA,0.002067109104245901
INHBA_RNA,0.0020665100309997797
DCAF5_RNA,0.0020663111936300993
FAM53B_RNA,0.002065731678158045
GRID2_RNA,0.0020651714876294136
PLEKHB2_RNA,0.002062467858195305
SPR_RNA,0.0020623705349862576
KIF5A_RNA,0.0020616764668375254
LPL_RNA,0.0020614261738955975
TBX2_RNA,0.002058932324871421
SLC1A1_RNA,0.002058170735836029
GC_RNA,0.002057950245216489
SIAE_RNA,0.0020568782929331064
ZNF281_RNA,0.002055686665698886
ANXA6_RNA,0.00205551297403872
CTF1_RNA,0.0020530307665467262
SPEG_RNA,0.002052689902484417
AMPD2_RNA,0.0020510496105998755
RC3H2_RNA,0.0020495697390288115
PGBD2_RNA,0.00204934342764318
PAX6_RNA,0.002048524795100093
ENKUR_RNA,0.0020484107080847025
TXNL4A_RNA,0.0020481112878769636
SLC29A2_RNA,0.0020481101237237453
SP2_RNA,0.0020475934725254774
RBM22_RNA,0.002047439571470022
FAM66C_RNA,0.0020471098832786083
SIGLEC12_RNA,0.0020459990482777357
SOD3_RNA,0.0020446882117539644
MIR654_RNA,0.0020443873945623636
ARL6IP1_RNA,0.002043721964582801
KLHDC10_RNA,0.002043121727183461
BSDC1_RNA,0.002043013693764806
CDCA5_RNA,0.002042901935055852
KCNH2_RNA,0.0020417291671037674
SSRP1_RNA,0.002041366184130311
CA6_RNA,0.002041041385382414
SCARNA7_RNA,0.002040766179561615
ARSG_RNA,0.0020407303236424923
ETV3_RNA,0.002037594560533762
PPP2CB_RNA,0.002037022029981017
ATOH7_RNA,0.002036034595221281
CYP19A1_RNA,0.002035384299233556
OR5C1_RNA,0.0020342362113296986
KIAA1549_RNA,0.0020320683252066374
PFN2_RNA,0.0020319109316915274
CRYM_RNA,0.0020314124412834644
PCDHGC5_RNA,0.0020310464315116405
DNAJC25_RNA,0.0020275767892599106
IL15RA_RNA,0.002027214504778385
CLEC2L_RNA,0.002026605186983943
CHRNA10_RNA,0.0020265697967261076
TMEM9_RNA,0.0020264899358153343
CRTAC1_RNA,0.0020246822386980057
SAP30_RNA,0.0020243865437805653
EDNRB_RNA,0.002022995613515377
DDX4_RNA,0.0020225560292601585
CACNG2_RNA,0.0020200663711875677
UBE2T_RNA,0.0020199520513415337
ENO3_RNA,0.002019051928073168
TMEM185B_RNA,0.0020185380708426237
CALB1_RNA,0.002018372295424342
APCDD1_RNA,0.002017984865233302
TGM2_RNA,0.0020178358536213636
ADCY4_RNA,0.002017082879319787
C1QTNF3_RNA,0.0020148511976003647
MAOA_RNA,0.0020145766902714968
MAPKAPK2_RNA,0.0020144630689173937
USP5_RNA,0.0020142830908298492
ZFYVE26_RNA,0.002013345481827855
VWC2_RNA,0.002013125689700246
TDRKH_RNA,0.0020130423363298178
EPDR1_RNA,0.0020127331372350454
FLNA_RNA,0.002012367593124509
HYAL4_RNA,0.0020121620036661625
SHANK1_RNA,0.0020112372003495693
NR1D1_RNA,0.0020108402241021395
MORC1_RNA,0.002010517753660679
FGF19_RNA,0.00201026420108974
WDR1_RNA,0.0020093305502086878
IZUMO1_RNA,0.0020091566257178783
CORO2B_RNA,0.0020089305471628904
PTTG1_RNA,0.002008484210819006
EPM2AIP1_RNA,0.002005848567932844
MRPS18B_RNA,0.0020051749888807535
ANO8_RNA,0.0020044581033289433
C14orf132_RNA,0.0020038008224219084
TBX3_RNA,0.0020026029087603092
MANBAL_RNA,0.0020017153583467007
SCML2_RNA,0.002000234555453062
SIPA1L3_RNA,0.0020000373478978872
TAOK3_RNA,0.001999638509005308
RWDD3_RNA,0.001999409170821309
RALGAPB_RNA,0.001998928841203451
ADK_RNA,0.0019984780810773373
TRIM44_RNA,0.0019980142824351788
C16orf46_RNA,0.001997515792027116
FAM131C_RNA,0.0019973309244960546
ABHD6_RNA,0.0019958806224167347
IDH3A_RNA,0.0019930170383304358
PRMT7_RNA,0.0019925294909626245
SLC1A4_RNA,0.001992117380723357
SLC25A4_RNA,0.0019912817515432835
MRTO4_RNA,0.001990123651921749
PCDHGA5_RNA,0.0019890321418642998
PJA1_RNA,0.0019882346969097853
SLC16A14_RNA,0.001988049130886793
AP1S1_RNA,0.001987216528505087
PHGDH_RNA,0.0019861541222780943
C1orf141_RNA,0.001986081711947918
DNAJB6_RNA,0.0019840083550661802
PITPNM1_RNA,0.0019835084676742554
GPX4_RNA,0.0019832737743854523
AKT2_RNA,0.001982558984309435
ARAP3_RNA,0.0019818213768303394
KCNT1_RNA,0.0019805876072496176
MEGF9_RNA,0.001980043947696686
MAGIX_RNA,0.0019798106513917446
PRB4_RNA,0.001979426247999072
CAPN11_RNA,0.0019781615119427443
AP4E1_RNA,0.0019779279828071594
IP6K1_RNA,0.0019767112098634243
PPHLN1_RNA,0.0019762448500841856
FBLN1_RNA,0.0019756825640797615
OCLN_RNA,0.0019754976965487003
GAA_RNA,0.0019752546213567257
NFATC2_RNA,0.00197494775056839
LRRC4_RNA,0.001974783604964614
HSBP1_RNA,0.0019744783639907837
ZC3HAV1_RNA,0.001973519567400217
CALCOCO1_RNA,0.0019724855665117502
GALR2_RNA,0.001971825258806348
HEYL_RNA,0.0019708238542079926
CYSLTR1_RNA,0.0019703598227351904
DEPDC7_RNA,0.0019689167384058237
DHX36_RNA,0.0019687700551003218
EXOSC9_RNA,0.0019668429158627987
PSMB2_RNA,0.0019666848238557577
KLRG1_RNA,0.00196556793525815
TMCO4_RNA,0.0019651183392852545
OR2A12_RNA,0.0019641462713479996
CD58_RNA,0.0019636102952063084
PYDC1_RNA,0.0019636054057627916
PCDHGB5_RNA,0.0019635616336017847
GPR27_RNA,0.0019630014430731535
CHST6_RNA,0.001960970228537917
PHOSPHO2_RNA,0.001960139023140073
ZCCHC24_RNA,0.0019601155072450638
GALNT14_RNA,0.0019595699850469828
SPCS2_RNA,0.001959550892934203
SIDT1_RNA,0.0019590689335018396
GRWD1_RNA,0.001959029585123062
CTRC_RNA,0.00195897719822824
MIRLET7I_RNA,0.0019570111762732267
MRPS25_RNA,0.0019569634459912777
CHST7_RNA,0.00195689988322556
DPM3_RNA,0.0019561410881578922
DNMT1_RNA,0.0019556230399757624
SEC11C_RNA,0.0019538505002856255
SLC5A6_RNA,0.0019536660984158516
EPB41L3_RNA,0.001953401602804661
SPARCL1_RNA,0.0019527532858774066
SLCO3A1_RNA,0.0019506561802700162
KCNMB2_RNA,0.0019506156677380204
HPX_RNA,0.0019503801595419645
C1QTNF7_RNA,0.0019496579188853502
MSI2_RNA,0.001949132070876658
PRMT1_RNA,0.0019488907419145107
CHST5_RNA,0.0019478729227557778
GLI3_RNA,0.001946059986948967
CATSPER4_RNA,0.0019437328446656466
FADD_RNA,0.0019414168782532215
TAT_RNA,0.0019373729592189193
C14orf178_RNA,0.0019364943727850914
VNN2_RNA,0.0019362918101251125
SNORD105_RNA,0.0019356675911694765
S100A14_RNA,0.0019353005336597562
CEACAM3_RNA,0.001933662686496973
VPS37D_RNA,0.0019335192628204823
OLIG1_RNA,0.0019334458047524095
YLPM1_RNA,0.0019333368400111794
SCN8A_RNA,0.001933025079779327
MTR_RNA,0.001930760801769793
TNFRSF1B_RNA,0.0019305794266983867
DBNDD1_RNA,0.001929932041093707
CDKL5_RNA,0.0019291233038529754
PTEN_RNA,0.001928900252096355
MAPK14_RNA,0.0019281039712950587
NAA40_RNA,0.001926048076711595
TRIM61_RNA,0.001926020602695644
LCTL_RNA,0.0019252704223617911
AIFM3_RNA,0.0019240137189626694
EGR3_RNA,0.001922394847497344
PSMB4_RNA,0.001922229421325028
HRCT1_RNA,0.0019208663143217564
TMEM163_RNA,0.0019201025133952498
AMOT_RNA,0.0019196580396965146
ZNF648_RNA,0.0019186451099812984
IL9_RNA,0.0019179069204255939
KIAA1671_RNA,0.0019164348486810923
IL13RA2_RNA,0.001916278968565166
PCGF2_RNA,0.0019147386774420738
TIGD7_RNA,0.0019144811667501926
PKMYT1_RNA,0.0019136246992275119
ECSCR_RNA,0.001912065432406962
PHEX_RNA,0.0019107386469841003
PLCD4_RNA,0.0019106034887954593
NR2F2_RNA,0.0019105763640254736
NSDHL_RNA,0.0019088382832705975
ZNF248_RNA,0.0019084167433902621
SNURF_RNA,0.0019074331503361464
ACP6_RNA,0.0019072515424340963
RBMS3_RNA,0.0019070858834311366
SCGB3A1_RNA,0.0019065204542130232
APH1A_RNA,0.0019062721403315663
B3GALT2_RNA,0.0019060560734942555
MIR181D_RNA,0.001904811942949891
SLC24A1_RNA,0.0019047596724703908
DNASE1L3_RNA,0.001904220087453723
HMBS_RNA,0.0019041599007323384
NRIP1_RNA,0.0019033952848985791
GATA2_RNA,0.0019030391704291105
XKRX_RNA,0.0019024609355255961
GLTPD2_RNA,0.0019000862957909703
SNORD6_RNA,0.001899590133689344
RALGPS2_RNA,0.0018994538113474846
SNORD11_RNA,0.0018973489059135318
HSPB9_RNA,0.001897254609502852
C3orf20_RNA,0.0018967667128890753
ZC3H14_RNA,0.0018942428287118673
CNTF_RNA,0.0018923066090792418
PRICKLE1_RNA,0.0018916625995188951
PEX11A_RNA,0.0018911996157839894
EMP2_RNA,0.0018911018269136548
NBEAL2_RNA,0.001890992745757103
SIRPB1_RNA,0.0018906139302998781
SPOP_RNA,0.0018899604910984635
ZMYND15_RNA,0.0018895547837018967
COPE_RNA,0.0018892448861151934
MIR187_RNA,0.001889066188596189
SMC1A_RNA,0.0018878525588661432
ANKHD1-EIF4EBP3_RNA,0.0018874586094170809
ACSF2_RNA,0.0018866275204345584
PDE4C_RNA,0.0018866021418944001
VIT_RNA,0.0018865818856284022
FAM167A_RNA,0.0018863336881622672
TIMM9_RNA,0.0018861094722524285
EID1_RNA,0.0018857496324926615
JUN_RNA,0.0018849133048206568
NEIL3_RNA,0.001884644734673202
MIR99A_RNA,0.001883454155176878
ARHGEF15_RNA,0.0018833570647984743
SAT1_RNA,0.0018832081696018577
KDSR_RNA,0.001883120508864522
MIPOL1_RNA,0.001882124342955649
SGCD_RNA,0.0018818164244294167
SLC7A10_RNA,0.0018814754439517856
INVS_RNA,0.0018811739282682538
TOX_RNA,0.001880571013316512
TGFB2_RNA,0.0018800297984853387
HES3_RNA,0.0018791109323501587
SLC15A2_RNA,0.0018777637742459774
PHACTR3_RNA,0.001877530594356358
TP53BP2_RNA,0.0018751098541542888
RCBTB2_RNA,0.001874882960692048
HYAL3_RNA,0.0018734829500317574
IGFALS_RNA,0.0018705064430832863
B4GALNT2_RNA,0.0018694775644689798
OLFML3_RNA,0.0018687340198084712
OR6A2_RNA,0.0018681309884414077
SERPINA10_RNA,0.0018671351717785
INSR_RNA,0.0018659402849152684
SLC2A6_RNA,0.0018646155949681997
KSR2_RNA,0.0018643501680344343
ABHD4_RNA,0.001863393117673695
SMAD9_RNA,0.0018631977727636695
PHLPP1_RNA,0.001862795907072723
TGFB1_RNA,0.0018625193042680621
PXDNL_RNA,0.0018620460759848356
CAMK2N2_RNA,0.0018618905451148748
ALK_RNA,0.001860207412391901
NTHL1_RNA,0.001860199379734695
CHD8_RNA,0.0018588211387395859
HS6ST1_RNA,0.0018586821388453245
KLF2_RNA,0.0018586433725431561
C16orf92_RNA,0.0018575415015220642
NID2_RNA,0.001857137307524681
CLUAP1_RNA,0.001855966984294355
NLGN3_RNA,0.0018534109694883227
WNK4_RNA,0.0018528805812820792
RXRA_RNA,0.0018525946652516723
ACO1_RNA,0.0018520347075536847
ANAPC10_RNA,0.0018512291135266423
ZACN_RNA,0.0018497536657378078
SLC22A7_RNA,0.001848188228905201
ATP6AP2_RNA,0.00184759555850178
ATXN2_RNA,0.0018473138334229589
CHRAC1_RNA,0.0018468955531716347
EREG_RNA,0.0018467471236363053
VAV3_RNA,0.0018459499115124345
PKIA_RNA,0.0018455821555107832
PLCE1_RNA,0.0018455394310876727
ZNRF3_RNA,0.0018447868060320616
GABBR2_RNA,0.0018417099490761757
NUP133_RNA,0.0018409539479762316
TCF4_RNA,0.0018407469615340233
FH_RNA,0.0018407225143164396
UNK_RNA,0.0018404980655759573
SNORD72_RNA,0.001839956734329462
CDH23_RNA,0.0018398334505036473
LRFN5_RNA,0.0018384394934400916
SNX33_RNA,0.001837878837250173
FGF12_RNA,0.001837837160564959
MAGEE1_RNA,0.0018378263339400291
MDC1_RNA,0.00183767918497324
CREB3_RNA,0.0018372995546087623
FHL5_RNA,0.0018365386640653014
ST6GALNAC1_RNA,0.0018360188696533442
ZNF718_RNA,0.001834540511481464
SESTD1_RNA,0.001834313035942614
EEF1D_RNA,0.0018341840477660298
FRMD5_RNA,0.0018339160596951842
COL4A6_RNA,0.0018336703069508076
TMEM9B_RNA,0.001833539456129074
IL27RA_RNA,0.001832943526096642
MAML3_RNA,0.0018322737887501717
CPNE5_RNA,0.0018300418742001057
SH2D3C_RNA,0.0018287048442289233
IL23A_RNA,0.0018285864498466253
SIGLEC9_RNA,0.001828041742555797
TSG101_RNA,0.0018280409276485443
TCEAL6_RNA,0.0018277482595294714
CACNA2D3_RNA,0.0018254462629556656
PBK_RNA,0.001825434505008161
PXMP4_RNA,0.0018254073802381754
FKBP14_RNA,0.0018252203008159995
ZNF639_RNA,0.001824891776777804
KCNB1_RNA,0.0018238576594740152
HDDC2_RNA,0.0018236938631162047
ZNF398_RNA,0.0018234610324725509
TMEM168_RNA,0.0018231399590149522
PSMA4_RNA,0.001822956372052431
PELI2_RNA,0.0018227525288239121
FNDC4_RNA,0.0018212954746559262
SLK_RNA,0.0018209044355899096
FXR2_RNA,0.0018202383071184158
SPRY2_RNA,0.0018200116464868188
RASGEF1C_RNA,0.0018178827594965696
ZNF7_RNA,0.0018174529541283846
MAP4K3_RNA,0.0018173408461734653
SLITRK4_RNA,0.0018172423588111997
MIR339_RNA,0.0018168626120314002
OLIG2_RNA,0.0018163499189540744
SCARNA21_RNA,0.001815553056076169
PF4_RNA,0.0018143426859751344
PDGFD_RNA,0.0018140622414648533
GNB5_RNA,0.0018134969286620617
SLC9A5_RNA,0.0018131100805476308
LTB4R_RNA,0.0018126225331798196
ALMS1_RNA,0.0018117274157702923
RDM1_RNA,0.0018111664103344083
DPP3_RNA,0.001810765010304749
FAM13B_RNA,0.001810440793633461
PLIN5_RNA,0.001809019478969276
RTP1_RNA,0.0018083644099533558
NCR1_RNA,0.0018083303002640605
FANCA_RNA,0.001805282081477344
UBE2R2_RNA,0.0018049386562779546
ABO_RNA,0.0018039712449535728
USP46_RNA,0.0018023054581135511
OMA1_RNA,0.0018012551590800285
OR13D1_RNA,0.0018007168546319008
ZNF597_RNA,0.001800714060664177
CPSF7_RNA,0.0018006967147812247
MYO1A_RNA,0.001798389945179224
ARMCX3_RNA,0.0017981904093176126
LRRK2_RNA,0.0017972467467188835
LY6D_RNA,0.001796678639948368
NAF1_RNA,0.0017962976126000285
KIF11_RNA,0.001796256983652711
CCDC120_RNA,0.0017955393996089697
LEPROT_RNA,0.0017941463738679886
SHCBP1_RNA,0.0017940964316949248
PYROXD2_RNA,0.0017937900265678763
HSD17B8_RNA,0.0017936095828190446
CTNND2_RNA,0.0017933521885424852
TMBIM4_RNA,0.0017928745364770293
LYG2_RNA,0.001791098969988525
RTKN_RNA,0.0017895972123369575
STAC_RNA,0.0017894245684146881
TTF1_RNA,0.0017893020994961262
ERCC6L_RNA,0.0017882913816720247
TTC9B_RNA,0.0017877038335427642
PTS_RNA,0.0017875699559226632
SFXN1_RNA,0.0017875103512778878
ZBTB4_RNA,0.0017870592419058084
MEN1_RNA,0.001786049921065569
ADAD2_RNA,0.0017858693609014153
KCND2_RNA,0.0017857630737125874
ABCA3_RNA,0.0017851981101557612
KDM6A_RNA,0.001784592866897583
PPARGC1A_RNA,0.0017837589839473367
ATRN_RNA,0.00178123963996768
ACSL3_RNA,0.001781029044650495
FZD6_RNA,0.0017802150687202811
ZNF385B_RNA,0.0017787286778911948
PRKCZ_RNA,0.0017786439275369048
SEC31B_RNA,0.0017774068983271718
ADAMTS6_RNA,0.0017764815129339695
FMNL1_RNA,0.001775988843291998
KLHL11_RNA,0.001775904092937708
UBB_RNA,0.0017747778911143541
ZDHHC3_RNA,0.0017744814977049828
TFDP2_RNA,0.0017739403992891312
TXNL1_RNA,0.0017726878868415952
GPIHBP1_RNA,0.0017724685603752732
P2RY12_RNA,0.001772088697180152
RAD18_RNA,0.001770882518030703
DENND1A_RNA,0.0017694358248263597
GOLIM4_RNA,0.0017687334911897779
SNX25_RNA,0.0017686638748273253
OR6X1_RNA,0.0017673150869086385
MESP2_RNA,0.0017665273044258356
GATA6_RNA,0.0017656892305240035
AADAC_RNA,0.0017647584900259972
ZNF652_RNA,0.0017642100574448705
TDRD5_RNA,0.0017636502161622047
PHYHIP_RNA,0.0017616633558645844
ZMYND8_RNA,0.0017615698743611574
SDCBP2_RNA,0.0017614064272493124
CMKLR1_RNA,0.001760754268616438
FOXD2_RNA,0.0017604513559490442
KIT_RNA,0.0017604195745661855
GRIK1_RNA,0.0017602617153897882
LMTK2_RNA,0.0017600185237824917
ZNF501_RNA,0.0017595206154510379
CNTNAP5_RNA,0.0017593719530850649
HK1_RNA,0.0017592768417671323
TMEM229A_RNA,0.0017584606539458036
LOC730668_RNA,0.0017577791586518288
SH3BP5L_RNA,0.0017577476100996137
CNOT3_RNA,0.0017573897494003177
CES2_RNA,0.0017568300245329738
TEDDM1_RNA,0.001756445039063692
NDST2_RNA,0.001754961209371686
RASL12_RNA,0.0017544750589877367
MYOZ2_RNA,0.001752898097038269
IFT81_RNA,0.001752831507474184
CSNK1G2_RNA,0.0017508522141724825
SUSD4_RNA,0.0017506281146779656
SARM1_RNA,0.0017497348599135876
L3MBTL4_RNA,0.0017493575578555465
HBP1_RNA,0.0017459895461797714
KDR_RNA,0.0017457380890846252
TAS2R50_RNA,0.0017448603175580502
RGS7_RNA,0.001744842971675098
XKR8_RNA,0.001743951695971191
HSF1_RNA,0.001743147149682045
DOCK11_RNA,0.001742692431434989
DUSP1_RNA,0.0017413573805242777
HTR3E_RNA,0.0017410344444215298
PWWP2B_RNA,0.001740936771966517
DCTN6_RNA,0.0017407432897016406
TMCO3_RNA,0.0017403016099706292
ALKBH2_RNA,0.0017399326898157597
HMGB2_RNA,0.001738540711812675
ID1_RNA,0.0017370685236528516
SNORA53_RNA,0.0017363596707582474
MKI67_RNA,0.0017340718768537045
MMP15_RNA,0.0017339506885036826
NTRK3_RNA,0.0017338867764919996
SCAMP4_RNA,0.001732067670673132
ST8SIA6_RNA,0.0017318845493718982
OSBPL5_RNA,0.0017313319258391857
ITIH4_RNA,0.0017306277295574546
ID3_RNA,0.0017305677756667137
NAT1_RNA,0.001730552176013589
TOP3B_RNA,0.0017305266810581088
RAB11A_RNA,0.0017296939622610807
KRT23_RNA,0.0017292764969170094
THRB_RNA,0.0017277051229029894
BMF_RNA,0.0017260867170989513
CPAMD8_RNA,0.0017259408487007022
BCAR3_RNA,0.001725254231132567
GSTP1_RNA,0.0017243530601263046
SNHG1_RNA,0.001724008354358375
B3GALT5_RNA,0.0017235181294381618
KRTAP11-1_RNA,0.0017227658536285162
MSI1_RNA,0.001722607295960188
SLIT3_RNA,0.0017220067093148828
DCAF12L2_RNA,0.001721978303976357
RRAS2_RNA,0.0017216928536072373
HSPA12B_RNA,0.0017213624669238925
ATP1A3_RNA,0.0017212301027029753
UIMC1_RNA,0.0017198756104335189
ZNF277_RNA,0.001718932413496077
OSMR_RNA,0.0017182499868795276
LRP1B_RNA,0.0017181432340294123
FAIM_RNA,0.0017181184375658631
MIR708_RNA,0.00171784742269665
ITM2B_RNA,0.0017167555633932352
AMBRA1_RNA,0.0017165254103019834
GPR37L1_RNA,0.0017153073567897081
NUP35_RNA,0.0017136874375864863
ZMYND11_RNA,0.0017126144375652075
VAMP2_RNA,0.0017123876605182886
RPS27L_RNA,0.0017116958042606711
PTBP2_RNA,0.001709787524305284
CCDC34_RNA,0.0017096074298024178
C9orf72_RNA,0.001709414180368185
LONRF2_RNA,0.0017085147555917501
NKX2-4_RNA,0.0017072143964469433
CDV3_RNA,0.0017068700399249792
ITGAV_RNA,0.0017064545536413789
TMEM45B_RNA,0.0017061596736311913
PRPF40B_RNA,0.0017060154350474477
RHBDL1_RNA,0.0017056744545698166
RPL30_RNA,0.0017043395200744271
SAMD4B_RNA,0.0017042893450707197
GRHPR_RNA,0.0017042531399056315
SLC41A2_RNA,0.0017029547598212957
MVD_RNA,0.0017026234418153763
SLC38A3_RNA,0.0017007151618599892
HRH2_RNA,0.0017007146961987019
LRRC32_RNA,0.001700708526186645
DSTYK_RNA,0.0017005517147481441
EBP_RNA,0.0016992700984701514
FUS_RNA,0.001699240761809051
SPATA20_RNA,0.0016985966358333826
MLC1_RNA,0.0016973710153251886
TTC12_RNA,0.0016966477269306779
NBPF3_RNA,0.0016965263057500124
DRAP1_RNA,0.0016958919586613774
ERN2_RNA,0.001695511513389647
PGS1_RNA,0.0016953250160440803
EFNA4_RNA,0.0016946137184277177
KAZALD1_RNA,0.0016946039395406842
OCRL_RNA,0.0016944528324529529
NOM1_RNA,0.0016931748250499368
NFIL3_RNA,0.0016931019490584731
P2RY1_RNA,0.0016930123092606664
RAB9B_RNA,0.0016920041525736451
BLVRB_RNA,0.001691285753622651
PCDHA11_RNA,0.0016906020464375615
LYVE1_RNA,0.0016905871452763677
NR4A1_RNA,0.0016905560623854399
ADORA3_RNA,0.0016899803886190057
IL1RL1_RNA,0.0016899476759135723
MADCAM1_RNA,0.001689871191047132
LRRC37A3_RNA,0.001689729280769825
RIC8A_RNA,0.0016896193847060204
SOD1_RNA,0.0016895800363272429
TMEM231_RNA,0.0016876526642590761
CEACAM8_RNA,0.001685194205492735
LHX5_RNA,0.001684314338490367
KCNT2_RNA,0.0016838638111948967
PPP1R1C_RNA,0.0016828520456328988
EPPK1_RNA,0.0016809446970000863
KCNJ12_RNA,0.0016804591286927462
CDNF_RNA,0.0016804162878543139
MORC4_RNA,0.0016791007947176695
MT2A_RNA,0.0016773806419223547
LMX1B_RNA,0.0016771552618592978
CCNY_RNA,0.0016770826186984777
SOX7_RNA,0.0016770065994933248
HCLS1_RNA,0.0016762139275670052
TTLL6_RNA,0.0016761395381763577
LMO2_RNA,0.0016751528019085526
VPS13A_RNA,0.001674901694059372
GRM4_RNA,0.001674657454714179
DPYD_RNA,0.0016739568673074245
SIRPD_RNA,0.0016735508106648922
RPRD1B_RNA,0.0016724088927730918
CASP14_RNA,0.001671382924541831
NAALADL1_RNA,0.0016710240161046386
NCAPD2_RNA,0.0016706044552847743
SORBS3_RNA,0.001670538680627942
ASAH2_RNA,0.0016683379653841257
KRTAP7-1_RNA,0.0016677939565852284
WDR5_RNA,0.0016676085069775581
TNFSF13_RNA,0.0016667470335960388
ACE_RNA,0.0016665576258674264
USP6NL_RNA,0.001665848190896213
GPR101_RNA,0.0016655308427289128
ZC3H7A_RNA,0.0016638485249131918
TGFBR3_RNA,0.0016635104548186064
GRIA4_RNA,0.0016626878641545773
IL6ST_RNA,0.001662406255491078
GSDMC_RNA,0.001661930000409484
CLGN_RNA,0.0016615740023553371
KNTC1_RNA,0.0016609522281214595
GAR1_RNA,0.0016583993565291166
ARF3_RNA,0.0016577637288719416
IL1R2_RNA,0.0016576151829212904
GUCY1A2_RNA,0.0016570567386224866
RASSF8_RNA,0.0016569028375670314
RBPMS2_RNA,0.0016566960839554667
APOBEC4_RNA,0.0016544470563530922
HSD17B13_RNA,0.0016543157398700714
SYF2_RNA,0.0016537219053134322
IQGAP1_RNA,0.0016536362236365676
UBN2_RNA,0.001651447732001543
COL28A1_RNA,0.0016510175773873925
NR4A2_RNA,0.001650240970775485
SARDH_RNA,0.0016498283948749304
RNU4ATAC_RNA,0.0016490244306623936
USP2_RNA,0.001648987759836018
GSN_RNA,0.0016489450354129076
TIPARP_RNA,0.001648321165703237
MTMR8_RNA,0.0016461783088743687
C1orf162_RNA,0.0016454336000606418
ZNF518B_RNA,0.0016435610596090555
PARP6_RNA,0.001643527066335082
KIF24_RNA,0.0016431910917162895
DNAJC10_RNA,0.0016404781490564346
FUZ_RNA,0.0016386921051889658
FREM1_RNA,0.0016367316711694002
THSD4_RNA,0.0016364719485864043
BPNT1_RNA,0.0016355469124391675
SCO1_RNA,0.0016355386469513178
TRAM1L1_RNA,0.001635402673855424
MCCD1_RNA,0.0016345767071470618
TFCP2L1_RNA,0.0016345095355063677
BDH1_RNA,0.0016321351286023855
XPO5_RNA,0.0016312592197209597
AIFM2_RNA,0.0016309298807755113
UNCX_RNA,0.001628917409107089
SGCZ_RNA,0.0016286360332742333
GABRB1_RNA,0.0016284720040857792
ENPP4_RNA,0.001628203084692359
TSPAN8_RNA,0.0016277122776955366
RHOJ_RNA,0.0016276417300105095
SNORA79_RNA,0.0016274892259389162
FAM32A_RNA,0.001627343357540667
SRGAP3_RNA,0.001627287594601512
TSKS_RNA,0.0016266817692667246
AQP4_RNA,0.0016256693052127957
HEPACAM_RNA,0.0016232384368777275
NCOA2_RNA,0.0016217372613027692
COL8A1_RNA,0.0016190699534490705
FAT2_RNA,0.0016190618043765426
ALDH5A1_RNA,0.0016181676182895899
ESX1_RNA,0.0016152235912159085
CSPG5_RNA,0.0016140543157234788
SYT11_RNA,0.001613464206457138
NQO1_RNA,0.001613433356396854
IL1RAPL1_RNA,0.0016132559394463897
SH3KBP1_RNA,0.0016119341598823667
C5_RNA,0.0016117412596940994
BBS4_RNA,0.0016111147124320269
STRADB_RNA,0.001610891311429441
ZNF302_RNA,0.0016107220435515046
EIF4G2_RNA,0.0016104201786220074
AK1_RNA,0.001609794911928475
MAP4K2_RNA,0.001609314582310617
RANBP3L_RNA,0.0016090471763163805
RNF150_RNA,0.0016089132986962795
TBC1D8_RNA,0.0016086397226899862
ARHGAP29_RNA,0.0016083833761513233
EFNB2_RNA,0.0016078826738521457
ATP2C2_RNA,0.001607635640539229
TM4SF18_RNA,0.0016073271399363875
WBP2_RNA,0.0016065561212599277
AR_RNA,0.0016056264284998178
C1orf53_RNA,0.0016048391116783023
PLK1_RNA,0.0016047911485657096
MYO1F_RNA,0.0016034676227718592
RNF215_RNA,0.001602531992830336
NPR1_RNA,0.0016024968354031444
PYGL_RNA,0.0016018658643588424
PFKL_RNA,0.0016005063662305474
P2RX3_RNA,0.0016003985656425357
MAPK1IP1L_RNA,0.001600155490450561
STMN4_RNA,0.0016000709729269147
PHACTR4_RNA,0.0015990892425179482
ACBD6_RNA,0.0015985849313437939
MPDU1_RNA,0.0015976702561601996
STK17B_RNA,0.0015965115744620562
PIN4_RNA,0.0015945322811603546
C1orf185_RNA,0.001594268367625773
ANO6_RNA,0.0015941433375701308
PAQR4_RNA,0.0015934305265545845
SLC39A8_RNA,0.0015928724315017462
CREG1_RNA,0.0015926238847896457
DDIT3_RNA,0.001592425163835287
GINS2_RNA,0.001592298736795783
ZNF221_RNA,0.0015919621801003814
NHP2_RNA,0.0015917106065899134
LONP2_RNA,0.0015912035014480352
SERTAD2_RNA,0.0015907201450318098
PAPOLB_RNA,0.0015903512248769403
EGR4_RNA,0.0015896722907200456
RAB5A_RNA,0.0015892332885414362
PLEKHA5_RNA,0.0015884130261838436
TRIM42_RNA,0.00158822035882622
CHID1_RNA,0.0015876884572207928
ABCF1_RNA,0.0015871361829340458
IGF1_RNA,0.0015870440984144807
SLC2A9_RNA,0.0015855380333960056
PTPN2_RNA,0.001585086458362639
ADCY2_RNA,0.0015846125315874815
DZIP3_RNA,0.0015828085597604513
NMUR2_RNA,0.0015824437141418457
VTRNA1-3_RNA,0.0015823566354811192
ARHGAP12_RNA,0.0015820747939869761
IL18_RNA,0.0015813480131328106
GALC_RNA,0.0015800874680280685
RHPN1_RNA,0.0015799953835085034
PDGFC_RNA,0.0015794469509273767
CCDC102B_RNA,0.0015783379785716534
KRT15_RNA,0.0015779457753524184
CRNN_RNA,0.0015774921048432589
CUBN_RNA,0.0015756326029077172
PRAM1_RNA,0.0015754862688481808
POU6F2_RNA,0.0015748536679893732
GJC3_RNA,0.0015747873112559319
DAAM2_RNA,0.0015746528515592217
SNPH_RNA,0.0015726475976407528
REM2_RNA,0.0015716245397925377
SLC38A5_RNA,0.0015709787840023637
FLVCR1_RNA,0.0015708849532529712
VPS18_RNA,0.001569403917528689
RTN1_RNA,0.0015691176522523165
NETO1_RNA,0.0015681821387261152
GFRA3_RNA,0.0015678487252444029
DNAJC22_RNA,0.0015670545399188995
TBCK_RNA,0.0015668849227949977
GFRA1_RNA,0.0015664607053622603
ZMYM4_RNA,0.001564701902680099
NDN_RNA,0.0015643169172108173
F7_RNA,0.0015638377517461777
EVC2_RNA,0.0015630458947271109
NR4A3_RNA,0.001562059624120593
MIR645_RNA,0.0015609837137162685
DMKN_RNA,0.0015598450554534793
ALOX12B_RNA,0.0015591123374179006
RPS15_RNA,0.001558614894747734
CUX1_RNA,0.0015584740322083235
FFAR2_RNA,0.0015573775162920356
CXXC1_RNA,0.0015571439871564507
HNRNPM_RNA,0.001556440838612616
GFOD1_RNA,0.0015549638774245977
MKKS_RNA,0.0015548623632639647
RHAG_RNA,0.0015547744696959853
PCDHGA4_RNA,0.001554067712277174
HMCN1_RNA,0.0015533766709268093
ITGAM_RNA,0.0015531681710854173
JUNB_RNA,0.0015531637473031878
UBE2N_RNA,0.0015526774805039167
CCDC59_RNA,0.001552661182358861
NOS3_RNA,0.0015519419685006142
PLEKHA6_RNA,0.0015514621045440435
EGR1_RNA,0.0015514263650402427
MIR1251_RNA,0.001551105291582644
ATP13A5_RNA,0.001550791203044355
VSIG4_RNA,0.0015500126173719764
KRT10_RNA,0.0015496077248826623
DIRC3_RNA,0.0015485932817682624
SLC6A1_RNA,0.0015485159819945693
HEPH_RNA,0.0015478200512006879
FCRL4_RNA,0.0015474936226382852
EARS2_RNA,0.001547359861433506
RGS19_RNA,0.001546382554806769
IL17RB_RNA,0.0015454222448170185
ACTL6B_RNA,0.0015435791574418545
RNPC3_RNA,0.0015416952082887292
ALDH9A1_RNA,0.0015409220941364765
TNF_RNA,0.001540836994536221
RIPK3_RNA,0.001539369230158627
RFC3_RNA,0.0015390749322250485
DCHS2_RNA,0.001538640819489956
ADCYAP1R1_RNA,0.001538471900857985
TRNP1_RNA,0.0015383342979475856
ALDH1A1_RNA,0.0015381635166704655
PTRH1_RNA,0.0015373138012364507
LYPD1_RNA,0.0015369228785857558
PPP1CC_RNA,0.0015368610620498657
NPY2R_RNA,0.0015356281073763967
MARCKSL1_RNA,0.001534879906103015
KCNJ8_RNA,0.0015337937511503696
ZBED3_RNA,0.0015334963100031018
SF3B3_RNA,0.0015334165655076504
NECAP1_RNA,0.001531716319732368
NCSTN_RNA,0.001531672663986683
CCDC50_RNA,0.0015311824390664697
CDO1_RNA,0.001530943438410759
S100P_RNA,0.0015296320198103786
ANKIB1_RNA,0.0015294624026864767
PHACTR1_RNA,0.0015287306159734726
HIF3A_RNA,0.0015287102432921529
TIMP4_RNA,0.0015285470290109515
TNNI3K_RNA,0.001528410823084414
IRX6_RNA,0.001528342836536467
TWSG1_RNA,0.001527562621049583
ADAM11_RNA,0.0015267087146639824
ZNF34_RNA,0.0015264105750247836
MAP3K15_RNA,0.0015260509680956602
F2RL3_RNA,0.00152572279330343
SHC4_RNA,0.0015252662124112248
SLC27A2_RNA,0.0015246086986735463
PBLD_RNA,0.0015245784306898713
CDK16_RNA,0.0015235688770189881
KIAA0087_RNA,0.0015233609592542052
TMEM132D_RNA,0.0015220151981338859
CDYL_RNA,0.0015211539575830102
CENPI_RNA,0.0015202302020043135
CNTNAP2_RNA,0.0015182917704805732
EMB_RNA,0.0015167705714702606
LEKR1_RNA,0.0015167664969339967
RPL10A_RNA,0.001515215844847262
FUT9_RNA,0.0015150448307394981
GPR141_RNA,0.0015147431986406446
ITPK1_RNA,0.001514361472800374
DCN_RNA,0.0015141917392611504
CCDC15_RNA,0.0015139393508434296
PFDN1_RNA,0.001513781608082354
TOPORS_RNA,0.0015131141990423203
LRRC23_RNA,0.0015126753132790327
DUSP26_RNA,0.0015123931225389242
CDH10_RNA,0.001510642352513969
LRRN1_RNA,0.0015102539910003543
HNF1A_RNA,0.001510066562332213
IMPACT_RNA,0.001509370282292366
GFPT2_RNA,0.0015088371001183987
PDE11A_RNA,0.001508493791334331
PIH1D1_RNA,0.0015082309255376458
S1PR3_RNA,0.001506869331933558
CDC37_RNA,0.0015062931925058365
NPAS3_RNA,0.0015048155328258872
ZSWIM5_RNA,0.0015047731576487422
LHX3_RNA,0.0015047364868223667
COPZ2_RNA,0.001504243235103786
PPP2R2B_RNA,0.0015032908413559198
TPP2_RNA,0.001502898521721363
PCDHB15_RNA,0.0015027166809886694
CCNB1_RNA,0.0015022244770079851
MTHFD2_RNA,0.001502016675658524
TDRD1_RNA,0.001500846934504807
CACNG1_RNA,0.0015003940789029002
JRK_RNA,0.0014995019882917404
CLDN9_RNA,0.0014989478513598442
C1orf159_RNA,0.0014985866146162152
PNPLA5_RNA,0.0014984837034717202
P4HTM_RNA,0.0014983902219682932
DDX49_RNA,0.0014977991813793778
LEPR_RNA,0.001496388460509479
MT3_RNA,0.0014957016101107001
RORA_RNA,0.0014953865902498364
MEIS1_RNA,0.001495351199992001
BASP1_RNA,0.0014945057919248939
MAN2A2_RNA,0.0014944275608286262
RELA_RNA,0.0014934790087863803
DUSP9_RNA,0.0014925149735063314
CNIH2_RNA,0.0014919748064130545
PRSS36_RNA,0.0014919642126187682
ONECUT1_RNA,0.0014916897052899003
LHCGR_RNA,0.001491208327934146
VASH1_RNA,0.0014911274192854762
CEACAM16_RNA,0.001491114846430719
AKAP6_RNA,0.0014911112375557423
AANAT_RNA,0.0014910550089552999
RPL35_RNA,0.0014909011078998446
AMDHD2_RNA,0.0014905325369909406
EGR2_RNA,0.0014903208939358592
ANKMY1_RNA,0.001489782240241766
MCF2L_RNA,0.0014895625645294785
RGS3_RNA,0.0014890223974362016
OGFRL1_RNA,0.0014889688463881612
KCNK4_RNA,0.0014886700082570314
GDPD3_RNA,0.0014870194718241692
SRM_RNA,0.0014860077062621713
MUC6_RNA,0.0014851426240056753
ZYG11A_RNA,0.001485022366978228
ATP2A3_RNA,0.001484209205955267
SPINK5_RNA,0.0014836261980235577
SNCG_RNA,0.001483336789533496
MGLL_RNA,0.0014808954438194633
SLC38A7_RNA,0.0014806315302848816
DZIP1L_RNA,0.0014798478223383427
EPHX4_RNA,0.0014796796021983027
STYXL1_RNA,0.0014794683083891869
E2F7_RNA,0.0014787568943575025
SFXN4_RNA,0.0014785133535042405
NEDD9_RNA,0.00147779390681535
CKS2_RNA,0.001475942088291049
BEX5_RNA,0.0014756240416318178
COL5A3_RNA,0.0014754272997379303
FAM110B_RNA,0.0014748518588021398
KLHL6_RNA,0.0014743723440915346
C14orf180_RNA,0.0014738758327439427
INO80C_RNA,0.0014735598815605044
DIAPH2_RNA,0.0014733936404809356
TG_RNA,0.0014731836272403598
ANGPT2_RNA,0.0014729418326169252
SPAG5_RNA,0.001471915515139699
ANKRD46_RNA,0.0014718418242409825
SLC1A2_RNA,0.0014717099256813526
GSTM3_RNA,0.0014709789538756013
FZD7_RNA,0.0014701642794534564
CLDN19_RNA,0.0014693628763779998
PA2G4_RNA,0.0014692820841446519
LHX8_RNA,0.001469034468755126
HNRNPH1_RNA,0.0014688835944980383
SLC12A3_RNA,0.001468424336053431
SERPINB6_RNA,0.0014679515734314919
HES7_RNA,0.0014678968582302332
FCN3_RNA,0.0014674905687570572
MAP2K6_RNA,0.0014655196573585272
HOMER2_RNA,0.001464313012547791
CHCHD4_RNA,0.0014607164775952697
TRAPPC5_RNA,0.0014606816694140434
SNORA77_RNA,0.001460656407289207
KCNK9_RNA,0.0014598715351894498
APC2_RNA,0.0014572928193956614
HINFP_RNA,0.0014572038780897856
RPL35A_RNA,0.0014560406561940908
TUBB6_RNA,0.0014560032868757844
SNAI3_RNA,0.0014552472857758403
SLC18A1_RNA,0.0014545908197760582
MARS2_RNA,0.001454483950510621
ASF1B_RNA,0.0014544101431965828
NMT2_RNA,0.0014520887052640319
MAPK7_RNA,0.0014513632049784064
TWF2_RNA,0.0014510611072182655
LEFTY2_RNA,0.0014500300167128444
OR9A2_RNA,0.0014489496825262904
RYR2_RNA,0.0014488734304904938
PMAIP1_RNA,0.0014466728316619992
RPL37_RNA,0.0014459944795817137
C2orf88_RNA,0.001445647096261382
SPSB4_RNA,0.0014435522025451064
ADORA1_RNA,0.001442493754439056
BEST3_RNA,0.0014406228438019753
SNAP91_RNA,0.001440186402760446
TAF6L_RNA,0.0014398590428754687
DEFA4_RNA,0.001439172076061368
RP9_RNA,0.0014387492556124926
NSA2_RNA,0.0014383530942723155
PLCD1_RNA,0.001438005594536662
B3GALT4_RNA,0.0014377348124980927
CSMD3_RNA,0.0014369833515956998
VANGL2_RNA,0.0014368799747899175
PLCZ1_RNA,0.001436617225408554
SMARCA1_RNA,0.0014363930094987154
FLG2_RNA,0.0014362070942297578
TMEM59L_RNA,0.0014355509774759412
ZFP36_RNA,0.0014343260554596782
MTHFR_RNA,0.00143410824239254
SLC25A43_RNA,0.0014327549142763019
SYT4_RNA,0.0014327462995424867
UBE2I_RNA,0.001431952347047627
LRG1_RNA,0.0014315320877358317
RFFL_RNA,0.0014309422113001347
CACNA2D1_RNA,0.0014303331263363361
PCDH9_RNA,0.0014302583876997232
CORO6_RNA,0.0014289530226960778
CENPA_RNA,0.0014282956253737211
COL24A1_RNA,0.0014275137800723314
INA_RNA,0.0014268796658143401
TTC21A_RNA,0.0014268498634919524
TRAPPC6A_RNA,0.001426731701940298
DGAT2_RNA,0.0014264105120673776
GNA14_RNA,0.0014260776806622744
TDRG1_RNA,0.0014255631249397993
CEACAM21_RNA,0.0014255327405408025
TTC39B_RNA,0.0014254626585170627
TMEM179_RNA,0.0014252939727157354
PIK3C2A_RNA,0.0014243825571611524
RPL7A_RNA,0.001423223759047687
ASB4_RNA,0.0014231752138584852
TNPO2_RNA,0.001422964851371944
USF2_RNA,0.0014227776555344462
GABRB2_RNA,0.0014226795174181461
NRG3_RNA,0.0014222258469089866
CXCL12_RNA,0.0014219697332009673
OR1J4_RNA,0.0014215323608368635
HMGCS2_RNA,0.001419390900991857
ACSL1_RNA,0.0014192279195412993
RGS20_RNA,0.0014183690072968602
SNORD88A_RNA,0.0014175939140841365
KRT19_RNA,0.0014172145165503025
ENTPD5_RNA,0.001415499486029148
MANEAL_RNA,0.00141488341614604
IFT140_RNA,0.0014141930732876062
RHOB_RNA,0.0014140778221189976
KCNK5_RNA,0.0014128993498161435
HLA-DOA_RNA,0.0014127487083896995
NDUFA6_RNA,0.001412110053934157
MAL2_RNA,0.0014118747785687447
SERPINB2_RNA,0.001411128556355834
TEX10_RNA,0.0014110482297837734
MPP2_RNA,0.0014105659211054444
ARC_RNA,0.0014104871079325676
ACAD11_RNA,0.001409812131896615
BMP6_RNA,0.0014097370440140367
HSD11B2_RNA,0.0014092199271544814
SOCS7_RNA,0.0014082762645557523
ZNF578_RNA,0.0014076130464673042
CHD1L_RNA,0.001406858442351222
CACNG6_RNA,0.0014064073329791427
GLB1_RNA,0.0014063108246773481
SLC45A1_RNA,0.0014058101223781705
UBE2E2_RNA,0.0014057570369914174
NGB_RNA,0.0014054054627195
HSPA1A_RNA,0.0014053896302357316
EHD1_RNA,0.0014049769379198551
WFDC8_RNA,0.0014045838033780456
RUVBL1_RNA,0.0014030744787305593
CCDC24_RNA,0.001402868889272213
TRIM25_RNA,0.0014028506120666862
C19orf38_RNA,0.0014019414084032178
SLC24A3_RNA,0.0014015180058777332
GPR176_RNA,0.0014014748157933354
RYR1_RNA,0.00140147446654737
MIR345_RNA,0.0014001750387251377
SLC6A14_RNA,0.0013997361529618502
SNORA33_RNA,0.001399502158164978
CLEC11A_RNA,0.0013990020379424095
DCST2_RNA,0.001395443337969482
SRXN1_RNA,0.0013951979344710708
FAM110A_RNA,0.0013950951397418976
NPFFR1_RNA,0.0013950600987300277
HMGCS1_RNA,0.0013950465945526958
PTPRS_RNA,0.0013943782541900873
FLG_RNA,0.0013938257470726967
SCN7A_RNA,0.0013934687012806535
CUX2_RNA,0.0013925489038228989
ZHX1_RNA,0.0013912358554080129
SRPK3_RNA,0.0013912260765209794
BRS3_RNA,0.001390998950228095
POU5F1B_RNA,0.0013899961486458778
RTN4RL1_RNA,0.0013895644806325436
CDK1_RNA,0.0013891345588490367
TNFSF18_RNA,0.0013890414265915751
FMO2_RNA,0.0013877003220841289
CDKN3_RNA,0.0013871737755835056
ADRA1B_RNA,0.0013868327951058745
SLC7A3_RNA,0.0013857369776815176
RCCD1_RNA,0.001384871662594378
ACTR10_RNA,0.0013847352238371968
DHX8_RNA,0.0013833711855113506
PEBP4_RNA,0.0013833096018061042
PER3_RNA,0.0013826524373143911
HSPA5_RNA,0.0013825291534885764
SLC1A3_RNA,0.0013817502185702324
THSD7B_RNA,0.0013817345025017858
DYNC2H1_RNA,0.0013811725657433271
PRSS8_RNA,0.0013809786178171635
DKK3_RNA,0.0013803389156237245
KANK4_RNA,0.0013801234308630228
IGFL3_RNA,0.0013800043379887938
DUS1L_RNA,0.0013796952553093433
DCDC2B_RNA,0.001379558234475553
HES4_RNA,0.001379137858748436
DOCK2_RNA,0.0013790056109428406
ZNF142_RNA,0.001378601067699492
CASP10_RNA,0.0013776292325928807
MAP3K8_RNA,0.0013774470426142216
STEAP2_RNA,0.0013770838268101215
KEAP1_RNA,0.0013769675279036164
ANKRD45_RNA,0.0013761812588199973
ARSF_RNA,0.001376122934743762
TAF7L_RNA,0.001374086714349687
TLR1_RNA,0.0013731553917750716
ZNF469_RNA,0.001372430007904768
KIAA1614_RNA,0.0013714578235521913
SSR2_RNA,0.0013704473385587335
NT5DC3_RNA,0.0013704198645427823
ST3GAL5_RNA,0.001370141515508294
C4orf33_RNA,0.0013699051924049854
EMX2_RNA,0.0013696553651243448
MSX1_RNA,0.0013691234635189176
IGSF1_RNA,0.0013688979670405388
CHODL_RNA,0.0013685219455510378
DPP6_RNA,0.001367752207443118
COL23A1_RNA,0.0013669449836015701
CX3CR1_RNA,0.0013662175042554736
PPP1R9B_RNA,0.001365832518786192
APBA2_RNA,0.0013639432145282626
COL13A1_RNA,0.0013629194581881166
RASA3_RNA,0.0013624588027596474
PDZRN4_RNA,0.0013622894184663892
TRIM41_RNA,0.0013600268866866827
RGS13_RNA,0.001359843648970127
PIGN_RNA,0.0013594171032309532
NUDT16_RNA,0.0013590658782050014
NCOA6_RNA,0.0013587733265012503
JMY_RNA,0.0013580021914094687
HADHA_RNA,0.0013575927587226033
APBB1IP_RNA,0.001357473898679018
CACNG5_RNA,0.0013565353583544493
SMU1_RNA,0.001356353284791112
VAX2_RNA,0.0013559620128944516
GPX7_RNA,0.0013549155555665493
MPP7_RNA,0.0013538439525291324
VPS52_RNA,0.0013528680428862572
FOSB_RNA,0.0013526523252949119
FER1L5_RNA,0.001352147082798183
LOC728743_RNA,0.0013521009823307395
CCNL1_RNA,0.0013511341530829668
CHST1_RNA,0.0013496809406206012
GNAI2_RNA,0.0013496800092980266
SLC25A41_RNA,0.0013491749996319413
MIR2113_RNA,0.0013484483351930976
SYT2_RNA,0.0013480298221111298
SMPDL3A_RNA,0.0013479191111400723
COL11A1_RNA,0.001347401412203908
SHE_RNA,0.0013472832506522536
KHDC1L_RNA,0.001343719894066453
MIR541_RNA,0.0013437082525342703
PPP2R2C_RNA,0.0013427307130768895
EPN1_RNA,0.0013425101060420275
PDLIM7_RNA,0.0013417764566838741
NT5C_RNA,0.0013411683030426502
MIR33B_RNA,0.0013398082228377461
JAK2_RNA,0.001339639420621097
SLC44A1_RNA,0.0013395865680649877
PLD3_RNA,0.0013394320849329233
CSK_RNA,0.0013393777189776301
EIF3M_RNA,0.0013392611872404814
GRTP1_RNA,0.0013390660751610994
APTX_RNA,0.0013381423195824027
GALNT3_RNA,0.0013377360301092267
MEGF10_RNA,0.0013368942309170961
FAM163B_RNA,0.0013345932820811868
ACY3_RNA,0.001334153232164681
ACAA1_RNA,0.0013335015391930938
MCEE_RNA,0.0013334500836208463
BCKDHB_RNA,0.0013328264467418194
PARVA_RNA,0.0013310532085597515
PLA2G5_RNA,0.0013309854548424482
C8orf48_RNA,0.001330436673015356
PRAP1_RNA,0.0013301307335495949
CX3CL1_RNA,0.0013284531887620687
PPP3CC_RNA,0.0013280187267810106
TSSK3_RNA,0.0013274512020871043
KLKB1_RNA,0.0013274145312607288
EYA3_RNA,0.0013272478245198727
MIR299_RNA,0.0013272243086248636
ZNF415_RNA,0.0013256276724860072
SLC22A4_RNA,0.001325092976912856
CCT6B_RNA,0.0013243459397926927
SNHG3_RNA,0.0013239263789728284
DSG2_RNA,0.0013236702652648091
PCDH1_RNA,0.0013234852813184261
ROBO2_RNA,0.0013233370846137404
TYSND1_RNA,0.001323280856013298
IGFBP6_RNA,0.0013210460310801864
TIMP1_RNA,0.0013194207567721605
PAK3_RNA,0.001319057191722095
SART3_RNA,0.0013187614968046546
SEC31A_RNA,0.001318643451668322
UNC80_RNA,0.0013185279676690698
PCDHAC2_RNA,0.001318130292929709
LRRC47_RNA,0.0013179263332858682
PTPRN2_RNA,0.0013177819782868028
SLC35B2_RNA,0.0013168491423130035
RAPGEF4_RNA,0.0013159624068066478
CASZ1_RNA,0.0013159113004803658
POMC_RNA,0.0013157614739611745
OR10A2_RNA,0.0013153471518307924
RASSF2_RNA,0.0013152767205610871
ADRB1_RNA,0.0013149980222806334
GABRG2_RNA,0.0013148195575922728
KCNK2_RNA,0.0013147233985364437
DTX1_RNA,0.0013143763644620776
RCAN2_RNA,0.0013140225782990456
RNASE6_RNA,0.0013128723949193954
BAALC_RNA,0.0013125465484336019
PTAFR_RNA,0.0013125409604981542
C7orf25_RNA,0.001312526990659535
HPD_RNA,0.0013125174446031451
UBA7_RNA,0.0013123370008543134
USP43_RNA,0.001311232685111463
ZBTB7B_RNA,0.0013104397803544998
TREML2_RNA,0.001309415209107101
PDE4A_RNA,0.0013086245162412524
KIF3A_RNA,0.0013077190378680825
SDC4_RNA,0.0013074874877929688
SNRPB_RNA,0.0013055254239588976
IRF6_RNA,0.0013052333379164338
TXN2_RNA,0.001305051613599062
LYPD6_RNA,0.001304701203480363
SASH1_RNA,0.0013044725637882948
ERICH1_RNA,0.0013040079502388835
BZW2_RNA,0.0013032659189775586
RNF152_RNA,0.0013029363472014666
ACTBL2_RNA,0.0013024633517488837
SEL1L2_RNA,0.0013018863974139094
LPP_RNA,0.0013018081663176417
ZNF446_RNA,0.0013017075834795833
EXD3_RNA,0.0013013547286391258
IER2_RNA,0.0012999216560274363
DAB1_RNA,0.0012986031360924244
PTPN5_RNA,0.0012984256027266383
KCNE3_RNA,0.0012983304914087057
ADAMTSL1_RNA,0.0012983070919290185
S100A12_RNA,0.0012982436455786228
SRPX2_RNA,0.0012981235049664974
PLAA_RNA,0.0012977949809283018
ANG_RNA,0.0012968709925189614
ANGPTL5_RNA,0.0012960517778992653
NR5A1_RNA,0.0012942326720803976
KIR3DL1_RNA,0.001292455941438675
ITPKB_RNA,0.0012922133319079876
CMTM3_RNA,0.001291861990466714
NTNG1_RNA,0.001287698745727539
PRRT4_RNA,0.0012874351814389229
MIR593_RNA,0.0012873847736045718
NDST3_RNA,0.0012872235383838415
KLF3_RNA,0.0012868987396359444
GLIS2_RNA,0.0012866690522059798
CENPF_RNA,0.0012866545002907515
MAMLD1_RNA,0.0012854622909799218
SLC16A10_RNA,0.0012839261908084154
BCDIN3D_RNA,0.0012830521445721388
TTYH2_RNA,0.001281526405364275
LDHAL6A_RNA,0.001281352830119431
BEND2_RNA,0.0012809161562472582
HMHB1_RNA,0.001278356066904962
TMEM167A_RNA,0.0012778235832229257
ZFPM2_RNA,0.0012778027448803186
CORIN_RNA,0.0012772607151418924
GRIN2C_RNA,0.0012722350656986237
IRX2_RNA,0.0012721464736387134
GPC5_RNA,0.0012707076966762543
CRTAM_RNA,0.0012696683406829834
GNL1_RNA,0.001269566360861063
RNF10_RNA,0.0012690803268924356
TCEAL5_RNA,0.0012689967406913638
PGD_RNA,0.0012687681009992957
TM9SF4_RNA,0.0012676650658249855
PREX2_RNA,0.0012666926486417651
BEX1_RNA,0.0012653389712795615
ALX1_RNA,0.001265183323994279
FOLR3_RNA,0.0012646728428080678
ADPRHL1_RNA,0.0012641678331419826
RXFP4_RNA,0.0012635851744562387
SPOCK1_RNA,0.0012627656105905771
AOAH_RNA,0.0012604178627952933
VWA2_RNA,0.0012601388152688742
ZCCHC12_RNA,0.0012599150650203228
TSPAN17_RNA,0.001259445445612073
DDR1_RNA,0.001259313547052443
OLFM4_RNA,0.0012591966660693288
GDF2_RNA,0.001256851595826447
SNAPC2_RNA,0.0012566554360091686
CELSR2_RNA,0.0012548929080367088
ERBB4_RNA,0.0012545716017484665
NVL_RNA,0.0012536417925730348
SVIL_RNA,0.0012532882392406464
NFU1_RNA,0.0012529039522632957
ZNF521_RNA,0.001252655521966517
FAM162B_RNA,0.0012521023163571954
ST8SIA5_RNA,0.0012516159331426024
LILRB1_RNA,0.0012511766981333494
GOLGA3_RNA,0.0012501024175435305
PTPN11_RNA,0.0012489649234339595
WNT5A_RNA,0.0012485714396461844
GRIN1_RNA,0.0012485251063480973
DMPK_RNA,0.0012478070566430688
LENEP_RNA,0.0012470446527004242
NIN_RNA,0.0012469791108742356
CYP46A1_RNA,0.0012462488375604153
MCM10_RNA,0.001246200525201857
KRT40_RNA,0.0012459327699616551
FREM2_RNA,0.001245190855115652
SCD5_RNA,0.001244826358743012
RGR_RNA,0.0012447937624529004
ADRA2A_RNA,0.0012444875901564956
HS3ST1_RNA,0.0012443530140444636
WWOX_RNA,0.0012424631277099252
BCORL1_RNA,0.0012410652125254273
CLDN20_RNA,0.0012403728906065226
RETSAT_RNA,0.0012401991989463568
PROK2_RNA,0.0012399270199239254
WNT3A_RNA,0.0012399132829159498
TCF12_RNA,0.0012390173505991697
CTU1_RNA,0.0012389224721118808
GPM6B_RNA,0.0012374664656817913
MOGAT1_RNA,0.0012368039460852742
ANKRD31_RNA,0.0012347757583484054
STAC3_RNA,0.0012333563063293695
DENND2A_RNA,0.0012327919248491526
BCL2L12_RNA,0.0012325947172939777
RPL37A_RNA,0.0012324689887464046
SPATA7_RNA,0.001231739646755159
HOXC5_RNA,0.0012314057676121593
RPL4_RNA,0.001228040549904108
NAV2_RNA,0.0012279866496101022
CCNE1_RNA,0.001227945671416819
SPATS2_RNA,0.0012276143534108996
RNF167_RNA,0.0012275386834517121
ENTPD2_RNA,0.001226945430971682
MLANA_RNA,0.0012268443824723363
CBR3_RNA,0.0012266975827515125
OR5AU1_RNA,0.0012262657983228564
PQBP1_RNA,0.0012254542671144009
MGP_RNA,0.0012245193356648088
RNASE7_RNA,0.0012245053658261895
CYBA_RNA,0.0012241324875503778
SPATS1_RNA,0.001224018633365631
F10_RNA,0.0012236288748681545
RNF208_RNA,0.001223028521053493
PPP1R1A_RNA,0.0012224550591781735
TIGD6_RNA,0.0012223925441503525
RIMS1_RNA,0.001221738290041685
MED30_RNA,0.0012211021967232227
RNLS_RNA,0.0012208111584186554
VTI1A_RNA,0.001220167730934918
UNC5D_RNA,0.001219669939018786
BSN_RNA,0.0012179628247395158
PLCB2_RNA,0.0012167237000539899
NENF_RNA,0.001216687960550189
C11orf68_RNA,0.0012147134402766824
SCN2A_RNA,0.0012145821237936616
SCN3A_RNA,0.0012139328755438328
AIF1_RNA,0.001212608884088695
SLC13A5_RNA,0.001211692113429308
DTL_RNA,0.0012115680146962404
PCDHB12_RNA,0.0012114980490878224
SPHKAP_RNA,0.0012103358749300241
SH2D1B_RNA,0.0012101660249754786
RAX_RNA,0.0012092922115698457
TUSC3_RNA,0.0012084852205589414
TRIM54_RNA,0.0012082373723387718
FCN1_RNA,0.001207417924888432
CLEC3A_RNA,0.0012070955708622932
TTYH1_RNA,0.0012062489986419678
HIP1R_RNA,0.0012062436435371637
RRAGA_RNA,0.001205491367727518
ATXN7_RNA,0.0012050593504682183
KRT20_RNA,0.0012045929906889796
ZNF214_RNA,0.0012041591107845306
FBLIM1_RNA,0.0012016681721433997
PBX1_RNA,0.001201419741846621
SLC37A2_RNA,0.0012013629311695695
BAK1_RNA,0.0012010929640382528
DSCAM_RNA,0.0012004467425867915
FASTKD3_RNA,0.0011995167005807161
SLC22A13_RNA,0.0011990038910880685
PLVAP_RNA,0.001198737882077694
CHST11_RNA,0.0011972631327807903
TRIL_RNA,0.0011968216858804226
MAD2L1_RNA,0.001195195596665144
LYL1_RNA,0.001194222248159349
RPL14_RNA,0.0011936015216633677
EPX_RNA,0.0011931795161217451
TMIGD2_RNA,0.0011930043110623956
ALKBH4_RNA,0.0011916608782485127
MAPK10_RNA,0.0011915047653019428
CHST14_RNA,0.001191353308968246
FTSJ3_RNA,0.0011905612191185355
TUG1_RNA,0.001190537353977561
ZNF69_RNA,0.0011897713411599398
GABRA1_RNA,0.0011894586496055126
FOXB2_RNA,0.001189434784464538
STARD6_RNA,0.0011890302412211895
ZFAND1_RNA,0.0011887723812833428
CXCR2_RNA,0.0011885339627042413
GALNT13_RNA,0.0011881046229973435
MRPS6_RNA,0.0011876248754560947
RNF157_RNA,0.0011873036855831742
COX19_RNA,0.0011871857568621635
MESTIT1_RNA,0.0011867034481838346
TMEM212_RNA,0.0011859923833981156
SPTBN1_RNA,0.001184695865958929
PRLHR_RNA,0.0011846100678667426
TAS1R3_RNA,0.0011845354456454515
TREM2_RNA,0.0011843087850138545
PRMT5_RNA,0.0011839470826089382
CLIC5_RNA,0.0011838885257020593
GNPNAT1_RNA,0.0011826364789158106
AKAP3_RNA,0.0011815412435680628
ELAC2_RNA,0.0011813963064923882
CRY2_RNA,0.001181123428978026
GHR_RNA,0.0011801844229921699
SPC25_RNA,0.0011796870967373252
LRP8_RNA,0.0011794321471825242
TRIM52_RNA,0.0011791895376518369
RNF212_RNA,0.0011789625277742743
ZNRF1_RNA,0.001178746111690998
POFUT2_RNA,0.0011786918621510267
PRKCQ_RNA,0.0011782633373513818
COQ4_RNA,0.0011781196808442473
OR6V1_RNA,0.001177922124043107
PADI2_RNA,0.00117781781591475
CDC7_RNA,0.0011777561157941818
TANC2_RNA,0.0011770161800086498
PDGFRB_RNA,0.0011765408562496305
TTC29_RNA,0.0011762379435822368
IL6R_RNA,0.0011761295609176159
LBR_RNA,0.0011749787954613566
OLFM3_RNA,0.0011738375760614872
DNAJC15_RNA,0.0011735598091036081
GFAP_RNA,0.00117236387450248
KIDINS220_RNA,0.0011707484954968095
ATE1_RNA,0.0011707479134202003
TFRC_RNA,0.0011705307988449931
TCF19_RNA,0.0011703146155923605
DMP1_RNA,0.0011689690873026848
ESR2_RNA,0.0011687271762639284
DENND1B_RNA,0.0011685367207974195
TMEM179B_RNA,0.0011681620962917805
DCBLD2_RNA,0.0011680132010951638
NPL_RNA,0.001168009010143578
PROS1_RNA,0.0011680079624056816
CYP4X1_RNA,0.0011673078406602144
SNAP47_RNA,0.0011669821105897427
E2F1_RNA,0.0011667420621961355
UPK3A_RNA,0.0011661754688248038
HGSNAT_RNA,0.0011658772127702832
TRAK1_RNA,0.0011649375082924962
CADM2_RNA,0.0011644256301224232
OLFML2B_RNA,0.0011641749879345298
PCDHGA2_RNA,0.001164159970358014
RABEPK_RNA,0.0011636551935225725
INCA1_RNA,0.0011634381953626871
GBX1_RNA,0.0011632131645455956
MEIG1_RNA,0.0011631923262029886
SLC26A8_RNA,0.001162165543064475
HS3ST4_RNA,0.001162144006229937
CES3_RNA,0.0011619109427556396
SLC35C1_RNA,0.0011616552947089076
TCEAL8_RNA,0.0011607893975451589
TMEM42_RNA,0.001160331885330379
MS4A2_RNA,0.0011592566734179854
TLR7_RNA,0.0011592174414545298
KRT85_RNA,0.001158255967311561
BOD1_RNA,0.001156710204668343
BNIP2_RNA,0.0011557630496099591
PCDHA6_RNA,0.0011556461686268449
CNGA1_RNA,0.0011555594392120838
PLA2G4F_RNA,0.0011552046053111553
KCNN1_RNA,0.001155052101239562
LEF1_RNA,0.001154906116425991
SPRY4_RNA,0.0011545618763193488
NKD2_RNA,0.0011544378940016031
NMU_RNA,0.0011536460369825363
CDC25C_RNA,0.0011531478958204389
DCTN1_RNA,0.0011527981841936707
AGT_RNA,0.0011518476530909538
CTRB2_RNA,0.001150272088125348
STK36_RNA,0.001149249728769064
ALDH18A1_RNA,0.001148761366494
ZHX2_RNA,0.0011470807949081063
SASH3_RNA,0.0011462318943813443
TJP2_RNA,0.001146088819950819
ZSCAN29_RNA,0.001144883339293301
CTBS_RNA,0.0011445535346865654
HPDL_RNA,0.0011445492273196578
SNED1_RNA,0.0011434906627982855
TMEM47_RNA,0.0011433252366259694
BCR_RNA,0.0011430300073698163
GPC6_RNA,0.0011420611990615726
GLCCI1_RNA,0.0011409451253712177
SNX22_RNA,0.0011409091530367732
IMPA2_RNA,0.0011408509453758597
JPH3_RNA,0.0011407644487917423
RERE_RNA,0.001140313921496272
AIRE_RNA,0.0011395515175536275
SRD5A2_RNA,0.001139434752985835
GSDMA_RNA,0.0011388801503926516
RNFT2_RNA,0.0011381121585145593
CST6_RNA,0.0011380743235349655
MIR766_RNA,0.001137802843004465
ANKRD29_RNA,0.0011375935282558203
KLC4_RNA,0.0011375222820788622
NCAPG_RNA,0.0011374496389180422
SMOC1_RNA,0.0011371986474841833
NSMAF_RNA,0.0011371946893632412
CHERP_RNA,0.0011366703547537327
POLA2_RNA,0.0011364726815372705
ANAPC13_RNA,0.0011361774522811174
NCAM2_RNA,0.0011359064374119043
PNMT_RNA,0.0011334834853187203
TMEM63B_RNA,0.0011319025652483106
YY1_RNA,0.001131344586610794
SLC19A3_RNA,0.0011298262979835272
ERLIN2_RNA,0.0011295012664049864
IFT20_RNA,0.0011293874122202396
MDGA2_RNA,0.0011288613313809037
COMMD3_RNA,0.0011265482753515244
XKR5_RNA,0.0011265400098636746
MAGEE2_RNA,0.0011263290653005242
CFD_RNA,0.0011254264973104
SLC16A12_RNA,0.001124884351156652
RPS8_RNA,0.0011243376648053527
SHROOM3_RNA,0.0011222953908145428
ZYX_RNA,0.0011221534805372357
KIF18B_RNA,0.0011202520690858364
LMLN_RNA,0.00111911550629884
IL17RD_RNA,0.0011166634503751993
BMS1P4_RNA,0.0011160901049152017
OR11A1_RNA,0.0011157053522765636
HECW2_RNA,0.0011156968539580703
LAP3_RNA,0.0011146859033033252
LIX1_RNA,0.0011132302461192012
SLC6A13_RNA,0.001112473662942648
LGR6_RNA,0.0011116333771497011
GSR_RNA,0.001110887504182756
GTF3C5_RNA,0.001110793906264007
SLC14A1_RNA,0.0011106914607807994
CACNA2D2_RNA,0.0011100774863734841
EHD2_RNA,0.0011097409296780825
PCNA_RNA,0.0011093647917732596
SRD5A3_RNA,0.001108255353756249
IPO7_RNA,0.0011079577961936593
ADD2_RNA,0.001107887364923954
TNFRSF10C_RNA,0.0011069057509303093
FUBP3_RNA,0.0011060327524319291
HRNR_RNA,0.0011057750089094043
ABCB4_RNA,0.001105261966586113
MED24_RNA,0.0011039170203730464
IRGM_RNA,0.0011029323795810342
SCT_RNA,0.001102084876038134
RBM8A_RNA,0.0011017818469554186
HTR2B_RNA,0.0010996138444170356
SAMD1_RNA,0.0010995854390785098
ENOX2_RNA,0.0010992431780323386
ATP8A2_RNA,0.0010992183815687895
DACT2_RNA,0.001098540029488504
MKX_RNA,0.0010980638908222318
B3GNT9_RNA,0.001098060980439186
SLC30A10_RNA,0.001097612315788865
XKR7_RNA,0.001097334548830986
PEX16_RNA,0.0010967226698994637
HAS3_RNA,0.0010959639912471175
APOBEC3A_RNA,0.0010958255734294653
FAM181B_RNA,0.0010950617725029588
ANO1_RNA,0.001095024636015296
PPIC_RNA,0.001094686216674745
LYPLA1_RNA,0.0010932980803772807
EPHB3_RNA,0.001092833816073835
SFTPA1_RNA,0.0010923434747382998
TNC_RNA,0.001092196675017476
ZNF804A_RNA,0.0010916076134890318
UROC1_RNA,0.0010914981830865145
ANK1_RNA,0.0010913079604506493
AQP11_RNA,0.0010905145900323987
ORMDL1_RNA,0.0010902306530624628
ODF2L_RNA,0.0010898745385929942
THBS1_RNA,0.0010897566098719835
WDR70_RNA,0.001089100493118167
RPS6KA4_RNA,0.0010887087555602193
MAP4K1_RNA,0.0010885862866416574
KRT86_RNA,0.0010876557789742947
TRIM65_RNA,0.0010866924421861768
FER_RNA,0.001086262403987348
OVOL1_RNA,0.0010857151355594397
NNAT_RNA,0.0010852579725906253
POT1_RNA,0.0010850658873096108
TRIP13_RNA,0.0010846967343240976
ZNF774_RNA,0.001084033865481615
ACSL4_RNA,0.0010824057972058654
ST20_RNA,0.0010822322219610214
TICAM1_RNA,0.0010816038120537996
NCAN_RNA,0.001080922782421112
JAM2_RNA,0.001080887159332633
ACTN3_RNA,0.0010799745796248317
GTF2E2_RNA,0.0010793894762173295
MIR2116_RNA,0.001079280162230134
ARL5B_RNA,0.0010790607193484902
PARP10_RNA,0.001078951172530651
GIGYF1_RNA,0.0010786487255245447
PCDH18_RNA,0.0010781155433505774
PLRG1_RNA,0.0010780952870845795
GAL3ST2_RNA,0.0010777306742966175
RAB27B_RNA,0.0010775384726002812
FLJ12825_RNA,0.00107701460365206
MIR135B_RNA,0.0010770104127004743
PARD3B_RNA,0.0010769988875836134
GLP2R_RNA,0.0010766217019408941
MXD1_RNA,0.0010765925981104374
MRGPRF_RNA,0.0010765010956674814
SCGN_RNA,0.001076329150237143
FSHR_RNA,0.0010755429975688457
SMOX_RNA,0.0010753530077636242
GPR37_RNA,0.0010751199442893267
CUTC_RNA,0.001074375119060278
ZC3H12B_RNA,0.001073738094419241
ANGPT1_RNA,0.0010735155083239079
FLJ42393_RNA,0.0010726324981078506
RPL38_RNA,0.0010723721934482455
NOX1_RNA,0.0010721972212195396
TMEM132C_RNA,0.001072016661055386
CST1_RNA,0.0010706018656492233
RAX2_RNA,0.001070111757144332
CXCL2_RNA,0.0010699582053348422
EMX2OS_RNA,0.001069526537321508
ANKRD24_RNA,0.0010690516792237759
TPO_RNA,0.0010689332848414779
RPL5_RNA,0.0010679906699806452
LYRM1_RNA,0.0010679360711947083
IFNAR2_RNA,0.0010676628444343805
RCL1_RNA,0.0010676141828298569
HCN1_RNA,0.0010669121984392405
GPM6A_RNA,0.001066905097104609
NKAIN3_RNA,0.0010668959002941847
CGRRF1_RNA,0.0010666901944205165
PIAS2_RNA,0.0010665712179616094
ABLIM3_RNA,0.0010644448921084404
SNORA36C_RNA,0.0010635863291099668
STAB1_RNA,0.0010632849298417568
GLT1D1_RNA,0.0010629675816744566
HMGB3_RNA,0.0010627780575305223
STARD7_RNA,0.001062767580151558
NEUROD2_RNA,0.0010625876020640135
DMD_RNA,0.0010623642010614276
MPPED2_RNA,0.0010602084221318364
GATA1_RNA,0.0010582112008705735
AFF2_RNA,0.001057483721524477
KCNH1_RNA,0.0010540615767240524
PHACTR2_RNA,0.0010530529543757439
C7_RNA,0.0010530311847105622
CLCNKB_RNA,0.0010515220928937197
SNORD96B_RNA,0.0010510309366509318
KIF14_RNA,0.0010502570075914264
IMPDH1_RNA,0.0010499929776415229
PRMT6_RNA,0.001049218699336052
SULF1_RNA,0.001048828475177288
EPB41L4A_RNA,0.0010477055329829454
TLR6_RNA,0.001047451631166041
AGR2_RNA,0.0010459580225870013
CPLX2_RNA,0.0010433309944346547
KCNN2_RNA,0.0010425575310364366
PDE8B_RNA,0.0010421513579785824
TPRG1L_RNA,0.0010418707970529795
RFTN2_RNA,0.0010414393618702888
ATIC_RNA,0.0010413693962618709
CAMK2B_RNA,0.0010410432005301118
SETD6_RNA,0.0010400379542261362
TNR_RNA,0.0010396738070994616
GRM2_RNA,0.001039633876644075
ESR1_RNA,0.001039012218825519
SLC20A1_RNA,0.0010386067442595959
UBXN1_RNA,0.0010367631912231445
LY86_RNA,0.0010364666813984513
DBX2_RNA,0.0010362862376496196
MED29_RNA,0.0010347497882321477
MT1E_RNA,0.0010334949474781752
IL11RA_RNA,0.0010333952959626913
KDM4B_RNA,0.0010321361478418112
GNAQ_RNA,0.0010321269510313869
RINT1_RNA,0.001031703082844615
ZNF560_RNA,0.001031344523653388
HCFC1R1_RNA,0.0010310307843610644
CEP152_RNA,0.0010309377685189247
PLXNB1_RNA,0.0010309258941560984
COL5A2_RNA,0.0010292227379977703
SLC6A7_RNA,0.00102869956754148
CCNE2_RNA,0.0010286106262356043
PHAX_RNA,0.0010281783761456609
CDC6_RNA,0.0010278397239744663
ZNF213_RNA,0.00102770677767694
CCDC154_RNA,0.0010267256293445826
HERC4_RNA,0.0010261499555781484
QPRT_RNA,0.0010258955880999565
LTBR_RNA,0.001025018747895956
TPD52L1_RNA,0.0010249173501506448
MYBL1_RNA,0.0010247890604659915
GTPBP4_RNA,0.0010246867313981056
CARD11_RNA,0.0010243944125249982
APCDD1L_RNA,0.0010243559954687953
TRAPPC2L_RNA,0.0010238091927021742
IDS_RNA,0.001023741438984871
PIPOX_RNA,0.001023228745907545
URB1_RNA,0.0010213600471615791
TCIRG1_RNA,0.001021321164444089
B4GALT6_RNA,0.0010211649350821972
TAS1R1_RNA,0.0010210529435425997
TRIM50_RNA,0.0010205183643847704
ARRB1_RNA,0.0010194150963798165
MDH1B_RNA,0.0010193117195740342
ITGB6_RNA,0.0010192850604653358
ABI3BP_RNA,0.0010187284788116813
VIM_RNA,0.0010182199766859412
MTDH_RNA,0.0010181390680372715
ETHE1_RNA,0.001016860012896359
ZNF28_RNA,0.0010161803802475333
SNX2_RNA,0.0010156157659366727
AGPAT2_RNA,0.0010155941126868129
SLC6A17_RNA,0.00101507268846035
PSMA7_RNA,0.0010147077264264226
ZNF462_RNA,0.001014500972814858
SMPD3_RNA,0.0010133804753422737
FGF5_RNA,0.0010132058523595333
CSAG1_RNA,0.0010125786066055298
BOLL_RNA,0.0010122191160917282
TMEM134_RNA,0.001011913176625967
MET_RNA,0.001011171960271895
FAM89B_RNA,0.0010105279507115483
MED25_RNA,0.0010099249193444848
SLC26A3_RNA,0.0010089878924190998
ZWILCH_RNA,0.001006717560812831
ZSCAN1_RNA,0.001006030011922121
PELI3_RNA,0.001005934551358223
FOLR2_RNA,0.0010052438592538238
MIR624_RNA,0.0010048411786556244
STXBP5_RNA,0.0010047060204669833
SIGLEC15_RNA,0.0010043091606348753
TEAD4_RNA,0.0010041812201961875
SERPINC1_RNA,0.0010037688771262765
LYAR_RNA,0.0010019098408520222
COL9A1_RNA,0.0010016969172284007
DNA2_RNA,0.0010004997020587325
HSPG2_RNA,0.0010003818897530437
DNAI2_RNA,9.996033040806651e-4
LAT_RNA,9.994542924687266e-4
CDC16_RNA,9.993813000619411e-4
SLC16A4_RNA,9.98784089460969e-4
EID2_RNA,9.982198243960738e-4
BCCIP_RNA,9.980315808206797e-4
MIR181A2_RNA,9.967850055545568e-4
HSP90B3P_RNA,9.966701036319137e-4
PCYT1B_RNA,9.965766221284866e-4
LATS2_RNA,9.957946604117751e-4
CHRNA2_RNA,9.955951245501637e-4
GNLY_RNA,9.951790561899543e-4
DYNLRB2_RNA,9.951235260814428e-4
PLSCR2_RNA,9.940649615600705e-4
ADAMTS17_RNA,9.939414449036121e-4
HOOK1_RNA,9.936849819496274e-4
GRN_RNA,9.935986017808318e-4
SLC24A5_RNA,9.929673979058862e-4
C20orf144_RNA,9.925877675414085e-4
ABCA9_RNA,9.918907890096307e-4
RNMT_RNA,9.915614500641823e-4
RBP3_RNA,9.905750630423427e-4
BSND_RNA,9.904425824061036e-4
RBM11_RNA,9.902839083224535e-4
HMOX1_RNA,9.899094002321362e-4
MT1X_RNA,9.898673743009567e-4
ZNF185_RNA,9.888436179608107e-4
CD1D_RNA,9.87339299172163e-4
CHD5_RNA,9.87265375442803e-4
KCNIP1_RNA,9.862721199169755e-4
USH1C_RNA,9.861107682809234e-4
KLF12_RNA,9.86058614216745e-4
SBDS_RNA,9.858517441898584e-4
CCL21_RNA,9.851306676864624e-4
SLC8A2_RNA,9.84720652922988e-4
ASAP2_RNA,9.84426005743444e-4
SKA1_RNA,9.843457955867052e-4
ZFP2_RNA,9.83934267424047e-4
SCARNA23_RNA,9.834858356043696e-4
HOXD1_RNA,9.830715134739876e-4
E2F8_RNA,9.826049208641052e-4
SUMF2_RNA,9.823425207287073e-4
TAC3_RNA,9.819038677960634e-4
CCL16_RNA,9.817995596677065e-4
AIF1L_RNA,9.815555531531572e-4
MAPT_RNA,9.81152057647705e-4
PASK_RNA,9.805307490751147e-4
FAM47E_RNA,9.79946693405509e-4
ASPG_RNA,9.799383115023375e-4
GATA3_RNA,9.798911632969975e-4
OSBPL8_RNA,9.79712582193315e-4
BCAR1_RNA,9.794044308364391e-4
SNRPD2_RNA,9.785158326849341e-4
FBF1_RNA,9.783136192709208e-4
GATM_RNA,9.781901026144624e-4
AHNAK_RNA,9.768734453245997e-4
TMEM161B_RNA,9.757116204127669e-4
UVRAG_RNA,9.756973595358431e-4
USH2A_RNA,9.755445062182844e-4
ETFB_RNA,9.755273349583149e-4
DISP2_RNA,9.751350153237581e-4
SHISA9_RNA,9.741354733705521e-4
TMEM105_RNA,9.736607316881418e-4
ZNF782_RNA,9.730324381962419e-4
ANKRD36B_RNA,9.725160198286176e-4
SPRY1_RNA,9.721560636535287e-4
NFE2_RNA,9.715732885524631e-4
RAB3A_RNA,9.713561739772558e-4
ACSM4_RNA,9.713094332255423e-4
RAG1_RNA,9.710281738080084e-4
NR2C2AP_RNA,9.703417308628559e-4
ZNF879_RNA,9.697137866169214e-4
MIR454_RNA,9.694125619716942e-4
LAPTM5_RNA,9.68804641161114e-4
SEMA4F_RNA,9.685686090961099e-4
HMGCL_RNA,9.68347885645926e-4
PCDH15_RNA,9.681658702902496e-4
SLC28A1_RNA,9.679648210294545e-4
HPCAL4_RNA,9.677701746113598e-4
AGMAT_RNA,9.670984582044184e-4
ARR3_RNA,9.666788391768932e-4
CALML6_RNA,9.650079300627112e-4
PSMD14_RNA,9.639061754569411e-4
RIBC2_RNA,9.62964550126344e-4
ZDHHC13_RNA,9.624342201277614e-4
APOD_RNA,9.612662834115326e-4
SYNPR_RNA,9.606292587704957e-4
PTGER2_RNA,9.603864746168256e-4
BCAN_RNA,9.592460701242089e-4
KREMEN2_RNA,9.59160621277988e-4
MALT1_RNA,9.590871632099152e-4
FPR2_RNA,9.590545087121427e-4
IL2RA_RNA,9.588319226168096e-4
SERP1_RNA,9.585884399712086e-4
S100A6_RNA,9.581565973348916e-4
NT5M_RNA,9.570997208356857e-4
MYH7_RNA,9.562069899402559e-4
CD177_RNA,9.556726436130702e-4
NPM2_RNA,9.553996496833861e-4
ADAMTS18_RNA,9.550204849801958e-4
KLF13_RNA,9.550130343995988e-4
FAM118A_RNA,9.540186147205532e-4
SLC46A1_RNA,9.52988862991333e-4
OXSM_RNA,9.523208718746901e-4
PTH2R_RNA,9.519169689156115e-4
DNASE2_RNA,9.515169658698142e-4
MICAL2_RNA,9.50177083723247e-4
CEBPD_RNA,9.490310912951827e-4
TXLNA_RNA,9.486962226219475e-4
UTS2_RNA,9.486860944889486e-4
NELL2_RNA,9.48465836700052e-4
RPS6KL1_RNA,9.474508697167039e-4
GAB2_RNA,9.472820092923939e-4
SORD_RNA,9.470150107517838e-4
NEFM_RNA,9.463761816732585e-4
AP1G2_RNA,9.454876999370754e-4
CDK5RAP2_RNA,9.437932167202234e-4
ASPHD1_RNA,9.432763908989727e-4
YBX2_RNA,9.427742334082723e-4
HEY1_RNA,9.425337193533778e-4
AMFR_RNA,9.414253872819245e-4
AGTPBP1_RNA,9.410619386471808e-4
WDR72_RNA,9.40985104534775e-4
OSBPL3_RNA,9.396273526363075e-4
SYDE1_RNA,9.394680964760482e-4
DENND3_RNA,9.391084895469248e-4
SLC25A10_RNA,9.386222809553146e-4
TMEM130_RNA,9.384592995047569e-4
HDX_RNA,9.383911965414882e-4
ROR1_RNA,9.378665708936751e-4
NAPSA_RNA,9.37148870434612e-4
BMPR2_RNA,9.370116167701781e-4
PEG10_RNA,9.367676102556288e-4
THSD7A_RNA,9.349367464892566e-4
CD163_RNA,9.338993113487959e-4
PDLIM5_RNA,9.329067543148994e-4
GOSR1_RNA,9.328933665528893e-4
PLEKHB1_RNA,9.326611761935055e-4
IGHMBP2_RNA,9.32050752453506e-4
MYBBP1A_RNA,9.319854434579611e-4
ERGIC3_RNA,9.317054646089673e-4
ACOX2_RNA,9.311704779975116e-4
MC1R_RNA,9.306955616921186e-4
INPP4B_RNA,9.289530571550131e-4
MYH16_RNA,9.2796963872388e-4
LY6G5C_RNA,9.273784817196429e-4
GLI1_RNA,9.261775994673371e-4
PCDHGA3_RNA,9.259681683033705e-4
ZMAT3_RNA,9.255644981749356e-4
DGKA_RNA,9.237626800313592e-4
CHAD_RNA,9.236936457455158e-4
TP53AIP1_RNA,9.23385436180979e-4
MTRR_RNA,9.23347775824368e-4
RAB1A_RNA,9.227038244716823e-4
ZNF510_RNA,9.2232198221609e-4
LY6H_RNA,9.221447398886085e-4
NRK_RNA,9.221348445862532e-4
SCN5A_RNA,9.219445055350661e-4
VANGL1_RNA,9.214775636792183e-4
MGST1_RNA,9.193169535137713e-4
LSM11_RNA,9.186494862660766e-4
NXPH2_RNA,9.178087930195034e-4
LIPC_RNA,9.170898701995611e-4
STEAP4_RNA,9.169265977106988e-4
EFNB1_RNA,9.165062219835818e-4
HFE_RNA,9.163689101114869e-4
KATNB1_RNA,9.150549303740263e-4
FAM163A_RNA,9.146151132881641e-4
NLRC4_RNA,9.141921764239669e-4
OTOS_RNA,9.135156287811697e-4
CHGB_RNA,9.123294148594141e-4
SNORD100_RNA,9.120894246734679e-4
WDR59_RNA,9.119187598116696e-4
RARRES2_RNA,9.113825508393347e-4
FHL1_RNA,9.108405793085694e-4
POLQ_RNA,9.107967489399016e-4
ENOX1_RNA,9.100408060476184e-4
C16orf82_RNA,9.094207198359072e-4
GLIPR2_RNA,9.09044872969389e-4
MYL4_RNA,9.084157063625753e-4
ARHGDIG_RNA,9.08201327547431e-4
TRDN_RNA,9.077613358385861e-4
SH2D7_RNA,9.076378191821277e-4
FAM3B_RNA,9.071279200725257e-4
HOXC4_RNA,9.068847866728902e-4
UPP1_RNA,9.061335003934801e-4
UBAP2_RNA,9.058736031875014e-4
RCHY1_RNA,9.056410635821521e-4
TIMP2_RNA,9.049891377799213e-4
BTG2_RNA,9.042464080266654e-4
LRAT_RNA,9.031533845700324e-4
MNDA_RNA,9.031403460539877e-4
CPA3_RNA,9.031003573909402e-4
MORN5_RNA,9.029281209222972e-4
SLC7A2_RNA,9.027337655425072e-4
MAPK15_RNA,9.025694453157485e-4
EXOG_RNA,9.025547769851983e-4
TYK2_RNA,9.022554149851203e-4
TP53_RNA,9.00514074601233e-4
CCRL2_RNA,8.993009105324745e-4
HSPB6_RNA,8.992392104119062e-4
SEL1L3_RNA,8.99085309356451e-4
RPS6KA6_RNA,8.987332694232464e-4
HNRNPA0_RNA,8.980380371212959e-4
CXXC5_RNA,8.964513544924557e-4
TLX1NB_RNA,8.963984437286854e-4
PCDHGB7_RNA,8.96281620953232e-4
TBC1D15_RNA,8.960242266766727e-4
GPR61_RNA,8.941390551626682e-4
KBTBD11_RNA,8.936751401051879e-4
LMBRD2_RNA,8.933124481700361e-4
GPR85_RNA,8.932984783314168e-4
PHF1_RNA,8.932037162594497e-4
MYH14_RNA,8.928524330258369e-4
ADAMTS10_RNA,8.90973606146872e-4
NRBF2_RNA,8.899093954823911e-4
ACAP2_RNA,8.884486160241067e-4
PCLO_RNA,8.878323715180159e-4
RHBG_RNA,8.868268341757357e-4
HPS1_RNA,8.860790403559804e-4
ELF5_RNA,8.855451014824212e-4
BMPR1B_RNA,8.854794432409108e-4
CACNB2_RNA,8.853489998728037e-4
P2RY2_RNA,8.852811297401786e-4
CCDC102A_RNA,8.852013852447271e-4
ADRA2C_RNA,8.848905563354492e-4
TRA2B_RNA,8.84721870534122e-4
EDN3_RNA,8.846966084092855e-4
TPI1_RNA,8.834649925120175e-4
PTK2B_RNA,8.833421743474901e-4
ABCD4_RNA,8.828755235299468e-4
USP24_RNA,8.827220881357789e-4
RBCK1_RNA,8.82719352375716e-4
POLD1_RNA,8.827188867144287e-4
CAMK2D_RNA,8.81934305652976e-4
FKRP_RNA,8.81750660482794e-4
CRHR2_RNA,8.817131747491658e-4
SNORD17_RNA,8.814448956400156e-4
WDR75_RNA,8.81431857123971e-4
ICMT_RNA,8.807828999124467e-4
CFL2_RNA,8.784681558609009e-4
FBXO4_RNA,8.774508605711162e-4
CHMP5_RNA,8.773851441219449e-4
MCF2L2_RNA,8.769066189415753e-4
GIPC2_RNA,8.758022449910641e-4
EFS_RNA,8.754741866141558e-4
CCNT1_RNA,8.754333830438554e-4
ATP6V1E2_RNA,8.740246412344277e-4
PTPN13_RNA,8.7400630582124e-4
PTPRF_RNA,8.733890717849135e-4
OSM_RNA,8.730079280212522e-4
CCDC38_RNA,8.728950633667409e-4
HGD_RNA,8.726306259632111e-4
NFATC4_RNA,8.725365623831749e-4
SHPRH_RNA,8.717470918782055e-4
TNNC1_RNA,8.716451702639461e-4
ZNF492_RNA,8.716034353710711e-4
FAM50B_RNA,8.712798589840531e-4
ST8SIA3_RNA,8.710473775863647e-4
HEATR5A_RNA,8.710437105037272e-4
RELN_RNA,8.69024486746639e-4
GPR151_RNA,8.683889172971249e-4
HESX1_RNA,8.681590552441776e-4
WDR49_RNA,8.667234214954078e-4
ADCY8_RNA,8.666144567541778e-4
FRMD6_RNA,8.664716151542962e-4
CNDP2_RNA,8.663369808346033e-4
C11orf65_RNA,8.656126447021961e-4
SRP54_RNA,8.647196809761226e-4
PCDHB7_RNA,8.64658213686198e-4
SLC9A2_RNA,8.641260792501271e-4
IL17RC_RNA,8.640012238174677e-4
PLA2G4D_RNA,8.630265947431326e-4
RWDD2B_RNA,8.627460338175297e-4
ITGA1_RNA,8.627197239547968e-4
MYOG_RNA,8.620345033705235e-4
BPI_RNA,8.615026599727571e-4
SDS_RNA,8.61467095091939e-4
UBC_RNA,8.613495738245547e-4
RPUSD2_RNA,8.611464290879667e-4
C9_RNA,8.610800723545253e-4
PAX8_RNA,8.610589429736137e-4
SENP8_RNA,8.610151708126068e-4
ANXA2_RNA,8.602557354606688e-4
ZNF324_RNA,8.592119556851685e-4
CAPZA2_RNA,8.586791227571666e-4
PDE4B_RNA,8.585734176449478e-4
SPATA18_RNA,8.579828427173197e-4
DPF1_RNA,8.575585670769215e-4
RAI2_RNA,8.56350059621036e-4
SPDYC_RNA,8.560996502637863e-4
FAM169A_RNA,8.558189729228616e-4
GP5_RNA,8.550589554943144e-4
LNX1_RNA,8.550328784622252e-4
SLC12A7_RNA,8.520985138602555e-4
BTN1A1_RNA,8.518968825228512e-4
FAT4_RNA,8.509686449542642e-4
NETO2_RNA,8.49798321723938e-4
CHN2_RNA,8.497785311192274e-4
KHDRBS2_RNA,8.492114720866084e-4
HAUS1_RNA,8.489572792313993e-4
ZIC4_RNA,8.471584296785295e-4
HSP90AB2P_RNA,8.470622124150395e-4
IL31RA_RNA,8.469764143228531e-4
DDRGK1_RNA,8.464404963888228e-4
ASAP3_RNA,8.462283876724541e-4
SETD4_RNA,8.461144170723855e-4
MAMDC4_RNA,8.454558555968106e-4
LRRC4C_RNA,8.448731969110668e-4
OPCML_RNA,8.446375140920281e-4
CCT3_RNA,8.444695267826319e-4
CLRN1_RNA,8.443515980616212e-4
SEMA3B_RNA,8.442283142358065e-4
LPAR6_RNA,8.440648671239614e-4
FBXL16_RNA,8.432622998952866e-4
NEURL3_RNA,8.432515314780176e-4
CD36_RNA,8.429298177361488e-4
GAL3ST3_RNA,8.422234677709639e-4
NUDCD3_RNA,8.420128142461181e-4
CD109_RNA,8.419618243351579e-4
RPL11_RNA,8.415004704147577e-4
MUSTN1_RNA,8.410862064920366e-4
ELK3_RNA,8.409878937527537e-4
PLEKHM3_RNA,8.408931316807866e-4
ISYNA1_RNA,8.402488892897964e-4
RORB_RNA,8.392995223402977e-4
LDHB_RNA,8.390214643441141e-4
KCNMA1_RNA,8.379255887120962e-4
GNPTG_RNA,8.370162104256451e-4
GLI4_RNA,8.347770199179649e-4
SLC18A2_RNA,8.343367953784764e-4
HSPB8_RNA,8.339593186974525e-4
GRIP1_RNA,8.332254365086555e-4
ROGDI_RNA,8.329894626513124e-4
CD200_RNA,8.327311952598393e-4
FNDC8_RNA,8.323679794557393e-4
MIR656_RNA,8.311760611832142e-4
AMIGO1_RNA,8.297347230836749e-4
RGN_RNA,8.293580613099039e-4
ZIC5_RNA,8.291940903291106e-4
ATP10B_RNA,8.291744743473828e-4
BMP2_RNA,8.285380317829549e-4
MIR30E_RNA,8.279411122202873e-4
SMCHD1_RNA,8.278756868094206e-4
ANKFN1_RNA,8.276671869680285e-4
BMP10_RNA,8.273246348835528e-4
SLC25A42_RNA,8.270953549072146e-4
IRX1_RNA,8.259846945293248e-4
TEF_RNA,8.256510482169688e-4
VNN1_RNA,8.254942367784679e-4
GAD2_RNA,8.251150138676167e-4
C1QL3_RNA,8.249385864473879e-4
DTWD1_RNA,8.241028408519924e-4
NCKAP1_RNA,8.239453309215605e-4
MRPL14_RNA,8.234931156039238e-4
PPP1R1B_RNA,8.23209818918258e-4
SMPD4_RNA,8.231221581809223e-4
VAT1L_RNA,8.224997436627746e-4
TACO1_RNA,8.218532893806696e-4
NFASC_RNA,8.212871616706252e-4
SHC3_RNA,8.201386663131416e-4
RPL18_RNA,8.193620014935732e-4
ZMPSTE24_RNA,8.192561799660325e-4
POF1B_RNA,8.188902284018695e-4
MAVS_RNA,8.177489507943392e-4
BMP3_RNA,8.156743715517223e-4
EEF1E1_RNA,8.147424669004977e-4
ITIH2_RNA,8.141031721606851e-4
TULP1_RNA,8.136413525789976e-4
TARBP1_RNA,8.12745769508183e-4
PRDM1_RNA,8.126921020448208e-4
CH25H_RNA,8.119698613882065e-4
CYP27C1_RNA,8.108739857561886e-4
NCAM1_RNA,8.104023290798068e-4
MIDN_RNA,8.090654737316072e-4
PGLYRP1_RNA,8.087402675300837e-4
KCNJ16_RNA,8.084365981630981e-4
IGFBP4_RNA,8.071234333328903e-4
KPNA2_RNA,0.00080673175398260355
HTR5A_RNA,8.053360506892204e-4
YME1L1_RNA,8.048773161135614e-4
TMEM62_RNA,8.046567090786994e-4
DSG1_RNA,8.034994825720787e-4
MIR493_RNA,8.03327071480453e-4
DHFR_RNA,8.03097675088793e-4
AP2A2_RNA,8.029673481360078e-4
OTOR_RNA,8.023116970434785e-4
IFT74_RNA,8.015428902581334e-4
RPL13A_RNA,8.011154131963849e-4
TCP11L2_RNA,8.010395104065537e-4
ZDHHC19_RNA,8.009700104594231e-4
NXN_RNA,8.007940487004817e-4
AZGP1_RNA,8.00778332632035e-4
NGLY1_RNA,8.001368842087686e-4
ITGB4_RNA,8.001191890798509e-4
C2orf42_RNA,7.99994682893157e-4
MTTP_RNA,7.989839068613946e-4
ATP6V0A4_RNA,7.980680093169212e-4
AGBL3_RNA,7.979133515618742e-4
EPB41L2_RNA,7.963040843605995e-4
SPON1_RNA,7.961598457768559e-4
LRRC56_RNA,7.960165967233479e-4
FEM1C_RNA,7.959857466630638e-4
SPHK1_RNA,7.959767826832831e-4
POLR2E_RNA,7.956757326610386e-4
ALKBH3_RNA,7.954096654430032e-4
PEA15_RNA,7.952208979986608e-4
TIMM22_RNA,7.951462175697088e-4
SMTN_RNA,7.943885866552591e-4
NDUFAF2_RNA,7.939539500512183e-4
DGKK_RNA,7.938761846162379e-4
ITPKA_RNA,7.935784524306655e-4
CEP55_RNA,7.932879379950464e-4
CLN8_RNA,7.923379889689386e-4
GDA_RNA,7.908476400189102e-4
SEMA6B_RNA,7.907392573542893e-4
HAPLN1_RNA,7.905714446678758e-4
GABRB3_RNA,7.889740518294275e-4
CIB2_RNA,7.88223696872592e-4
CNTFR_RNA,7.876857416704297e-4
CLP1_RNA,7.87176366429776e-4
RMST_RNA,7.870359113439918e-4
DNAJC17_RNA,7.869721157476306e-4
SGK1_RNA,7.862771162763238e-4
ZSCAN18_RNA,7.860369514673948e-4
MYH7B_RNA,7.85237702075392e-4
KCNQ3_RNA,7.848618552088737e-4
ABCC11_RNA,7.843914208933711e-4
MPP3_RNA,7.828202215023339e-4
SOX3_RNA,7.82565213739872e-4
BAG3_RNA,7.824443164281547e-4
NFATC1_RNA,7.811392424628139e-4
WDR86_RNA,7.807458168826997e-4
EIF1AX_RNA,7.788966177031398e-4
EIF5A_RNA,7.788488292135298e-4
PLCG2_RNA,7.772531826049089e-4
PALM_RNA,7.762532331980765e-4
PVALB_RNA,7.753142854198813e-4
STAMBPL1_RNA,7.750171353109181e-4
FGF11_RNA,7.746300543658435e-4
KCNAB3_RNA,7.745993207208812e-4
ABCB11_RNA,7.745475741103292e-4
KLHL29_RNA,7.7353126835078e-4
PRKCG_RNA,7.731437799520791e-4
SCARNA5_RNA,7.729497738182545e-4
PCSK1N_RNA,7.726305047981441e-4
TMEM156_RNA,7.722702575847507e-4
CABP1_RNA,7.71752733271569e-4
SLCO1C1_RNA,7.712010992690921e-4
C8orf76_RNA,7.711678044870496e-4
LRRC34_RNA,7.707080221734941e-4
GLI2_RNA,7.702723378315568e-4
PECAM1_RNA,7.701765280216932e-4
ADH1B_RNA,7.699438137933612e-4
DDAH2_RNA,7.697611581534147e-4
PDIK1L_RNA,7.696581888012588e-4
FSTL4_RNA,7.696255343034863e-4
FOXA2_RNA,7.689169142395258e-4
ADIPOR1_RNA,7.687403704039752e-4
COMMD10_RNA,7.684743613936007e-4
GADD45A_RNA,7.676664972677827e-4
ABCC1_RNA,7.667202153243124e-4
TPH1_RNA,7.661466370336711e-4
SLC6A9_RNA,7.660987321287394e-4
PEX14_RNA,7.658633403480053e-4
PSD3_RNA,7.655045483261347e-4
SEC24B_RNA,7.654611836187541e-4
CYTL1_RNA,7.653252105228603e-4
TNFAIP6_RNA,7.649499457329512e-4
HHAT_RNA,7.643825956620276e-4
ZNF215_RNA,7.636066875420511e-4
LAMC3_RNA,7.630958571098745e-4
PCDHGA1_RNA,7.62773328460753e-4
STRA6_RNA,7.625379948876798e-4
CCNB1IP1_RNA,7.622513803653419e-4
TSEN15_RNA,7.620968972332776e-4
NPNT_RNA,7.618509116582572e-4
CCDC88A_RNA,7.616644725203514e-4
TNN_RNA,7.60975235607475e-4
CTHRC1_RNA,7.609435706399381e-4
CARD9_RNA,7.608360610902309e-4
STEAP1_RNA,7.601250545121729e-4
PKD1L1_RNA,7.598767406307161e-4
ELL_RNA,7.570096640847623e-4
DACH1_RNA,7.569344015792012e-4
MDM1_RNA,7.563407998532057e-4
TKT_RNA,7.560103549621999e-4
SLC8A3_RNA,7.555161137133837e-4
ETS2_RNA,7.550401496700943e-4
NAGLU_RNA,7.549604633823037e-4
AIMP1_RNA,7.539545767940581e-4
SLITRK2_RNA,7.523174281232059e-4
SYN2_RNA,7.522632949985564e-4
TMOD1_RNA,7.5192452641204e-4
FHDC1_RNA,7.508371490985155e-4
ALG13_RNA,7.505582761950791e-4
FANCI_RNA,7.502872031182051e-4
LEMD1_RNA,7.499387138523161e-4
F2RL1_RNA,7.499229977838695e-4
NT5DC2_RNA,7.49793543945998e-4
MASP2_RNA,7.495530298911035e-4
UBE2C_RNA,7.495031459257007e-4
CGN_RNA,7.494386518374085e-4
CYP39A1_RNA,7.493909797631204e-4
ARL13B_RNA,7.482361979782581e-4
CALN1_RNA,7.473532459698617e-4
NOX5_RNA,7.473343866877258e-4
CHGA_RNA,7.456442108377814e-4
HS3ST3A1_RNA,7.452347199432552e-4
RPL17_RNA,7.441965863108635e-4
FOXL1_RNA,7.440944900736213e-4
TTR_RNA,7.42981443181634e-4
ZNF436_RNA,7.426047814078629e-4
CCKBR_RNA,7.425329531542957e-4
CLCN3_RNA,7.417504675686359e-4
CSF1_RNA,7.417458109557629e-4
FOXS1_RNA,7.41447089239955e-4
RFC5_RNA,7.412367849610746e-4
FLII_RNA,7.408317760564387e-4
MMACHC_RNA,7.404132047668099e-4
R3HDML_RNA,7.39706214517355e-4
HR_RNA,7.391307153739035e-4
ZMIZ2_RNA,7.373971748165786e-4
ADAMTSL3_RNA,7.372860563918948e-4
SLC35F2_RNA,7.36930058337748e-4
SH3BP2_RNA,7.363575859926641e-4
CHMP6_RNA,7.360830786637962e-4
NAT9_RNA,7.35847745090723e-4
NKIRAS2_RNA,7.35470384825021e-4
AKT1S1_RNA,7.341342861764133e-4
GLYCTK_RNA,7.335774716921151e-4
PAX9_RNA,7.335345144383609e-4
UBQLN1_RNA,7.3314766632393e-4
DUOX2_RNA,7.330701919272542e-4
GALNT1_RNA,7.327779894694686e-4
FTCD_RNA,7.327136700041592e-4
EDARADD_RNA,7.326982449740171e-4
F2RL2_RNA,7.319620926864445e-4
DPEP1_RNA,7.304638857021928e-4
CD69_RNA,7.296493276953697e-4
CDH16_RNA,7.294343085959554e-4
ATAD2B_RNA,7.287257467396557e-4
SLC22A14_RNA,7.282134029082954e-4
SLC2A10_RNA,7.281215512193739e-4
CRIP1_RNA,7.276522228494287e-4
CACNA1B_RNA,7.269123452715576e-4
CERKL_RNA,7.268809713423252e-4
FAM135B_RNA,7.26735801436007e-4
GJA8_RNA,7.261044229380786e-4
REPS2_RNA,7.259167614392936e-4
PRRG3_RNA,7.254680385813117e-4
PTPRR_RNA,7.240955601446331e-4
RHBDD3_RNA,7.233483484014869e-4
CCDC85A_RNA,7.233426440507174e-4
LRRC27_RNA,7.225560839287937e-4
LHX1_RNA,7.22528260666877e-4
TMEFF1_RNA,7.225105073302984e-4
LRTM2_RNA,7.222941494546831e-4
ATP1A4_RNA,7.214568904601038e-4
GABRA5_RNA,7.21074000466615e-4
DNAH11_RNA,7.20684533007443e-4
MELK_RNA,7.205948350019753e-4
FIBIN_RNA,7.200796389952302e-4
GFOD2_RNA,7.197767263278365e-4
SCCPDH_RNA,7.197624654509127e-4
MCM4_RNA,7.194034405983984e-4
ZNF320_RNA,7.188060553744435e-4
FAM107A_RNA,7.173456251621246e-4
SMYD5_RNA,7.173274061642587e-4
PCBP4_RNA,7.16845621354878e-4
ABI3_RNA,7.156474166549742e-4
ZCCHC2_RNA,7.156378705985844e-4
CD101_RNA,7.153268088586628e-4
SLC25A20_RNA,7.151516037993133e-4
ARTN_RNA,7.148572476580739e-4
NDP_RNA,7.147672004066408e-4
STOX1_RNA,7.141582318581641e-4
PLEKHG4B_RNA,7.141162641346455e-4
FOXO1_RNA,7.132379687391222e-4
AMIGO2_RNA,7.128350553102791e-4
DGKB_RNA,0.00071268127067014575
SNCB_RNA,7.124844705685973e-4
FAM89A_RNA,7.123734103515744e-4
ADAMTS3_RNA,7.122140377759933e-4
TEX101_RNA,7.120969821698964e-4
CEP72_RNA,7.1192707400769e-4
PDE1A_RNA,7.119124056771398e-4
HOXD4_RNA,7.110004662536085e-4
SATL1_RNA,7.107827696017921e-4
MMP16_RNA,7.105304975993931e-4
PRSS3_RNA,7.104102405719459e-4
SLC27A6_RNA,7.102412637323141e-4
PLA1A_RNA,7.083506789058447e-4
RNF207_RNA,7.082867086865008e-4
PCDHA13_RNA,7.08063889760524e-4
MEFV_RNA,7.074658642522991e-4
GABRG1_RNA,7.062095683068037e-4
ZNF382_RNA,7.055887253955007e-4
FAM170A_RNA,7.052510045468807e-4
MSL1_RNA,7.047131075523794e-4
EMILIN3_RNA,7.046289392746985e-4
RPL24_RNA,7.041296921670437e-4
CALY_RNA,7.028338732197881e-4
TMEM200B_RNA,7.024348014965653e-4
NTN5_RNA,7.019786280579865e-4
TRAF4_RNA,7.019559852778912e-4
OTX2_RNA,7.019285694696009e-4
CHADL_RNA,7.017062162049115e-4
MAP7D2_RNA,7.012412534095347e-4
PCBD2_RNA,7.00490374583751e-4
WDR76_RNA,7.004347280599177e-4
SVIP_RNA,6.998874014243484e-4
ENPP5_RNA,6.991641712374985e-4
DPF3_RNA,6.991070113144815e-4
SLC7A4_RNA,6.990015390329063e-4
UROD_RNA,6.98123883921653e-4
CTSC_RNA,6.978266756050289e-4
ZFX_RNA,6.974486750550568e-4
NDUFA5_RNA,6.961491308175027e-4
SMC6_RNA,6.955013377591968e-4
NR2E3_RNA,6.954795680940151e-4
EIF2AK3_RNA,6.953011616133153e-4
STK32C_RNA,6.952103576622903e-4
WNT16_RNA,6.929197115823627e-4
PDZD2_RNA,6.926907226443291e-4
PDE6C_RNA,6.908171926625073e-4
SCNN1B_RNA,6.904193433001637e-4
UTS2R_RNA,6.904071778990328e-4
MYBPC1_RNA,6.902898894622922e-4
EPS15L1_RNA,6.901887827552855e-4
HMMR_RNA,6.888143834657967e-4
ZNF732_RNA,6.869719363749027e-4
ITGA10_RNA,6.863624439574778e-4
TTC16_RNA,6.863002781756222e-4
KLHL21_RNA,6.852130754850805e-4
ZNF135_RNA,6.851030047982931e-4
SAMD11_RNA,6.850248901173472e-4
HOXA1_RNA,6.839300622232258e-4
ZNF257_RNA,6.835372769273818e-4
ANO5_RNA,6.831326754763722e-4
HAGHL_RNA,6.826469907537103e-4
LAMB3_RNA,6.824994925409555e-4
HDC_RNA,6.824674201197922e-4
C4BPB_RNA,6.824081065133214e-4
TMEM138_RNA,6.822492578066885e-4
ARL15_RNA,6.818657275289297e-4
HELLS_RNA,6.816897075623274e-4
PCDHGA9_RNA,6.812321371398866e-4
RPL12_RNA,6.8086531246081e-4
HBZ_RNA,6.807995378039777e-4
AP1S2_RNA,6.802676944062114e-4
HSDL1_RNA,6.78506912663579e-4
LMNA_RNA,6.78499520290643e-4
APLP2_RNA,6.779672694392502e-4
CLDN10_RNA,6.778541137464345e-4
RAB3IP_RNA,6.775280344299972e-4
S100A8_RNA,6.773648201487958e-4
CTSB_RNA,6.772168562747538e-4
MCM2_RNA,6.759681855328381e-4
PRTG_RNA,6.758199306204915e-4
PKP2_RNA,6.750272586941719e-4
PDE6B_RNA,6.746560684405267e-4
PLSCR3_RNA,6.740993121638894e-4
SNX8_RNA,6.715795025229454e-4
COLEC12_RNA,6.7155621945858e-4
ZNF804B_RNA,6.7115668207407e-4
BHLHE22_RNA,6.711086025461555e-4
SERPINB1_RNA,6.710091838613153e-4
UBE2QL1_RNA,6.706907297484577e-4
FAM50A_RNA,6.704885745421052e-4
GNPDA2_RNA,6.702618557028472e-4
TPPP3_RNA,6.698616780340672e-4
MRPL46_RNA,6.695141200907528e-4
GEMIN4_RNA,6.688755820505321e-4
MAGOH_RNA,6.677231867797673e-4
HDAC8_RNA,6.664192187599838e-4
FJX1_RNA,6.663882522843778e-4
ARID5A_RNA,6.66373292915523e-4
NUDCD1_RNA,6.659633363597095e-4
SNORD32B_RNA,6.659278878942132e-4
SLTM_RNA,6.65566127281636e-4
HCG11_RNA,6.655469187535346e-4
DHRS9_RNA,6.641359068453312e-4
BARHL2_RNA,6.637508631683886e-4
SLITRK1_RNA,6.626410759054124e-4
FAM111B_RNA,6.625118548981845e-4
CIC_RNA,6.618019542656839e-4
EPN3_RNA,6.61333033349365e-4
EPB41L4B_RNA,6.609114934690297e-4
CAV3_RNA,6.60862191580236e-4
EEF1A2_RNA,6.600372726097703e-4
ABHD14A_RNA,6.597568280994892e-4
SHISA6_RNA,6.594241131097078e-4
NEFL_RNA,6.587870884686708e-4
SUCLG2_RNA,6.581605412065983e-4
GNG12_RNA,6.567865493707359e-4
CNKSR2_RNA,6.550851394422352e-4
TMEM39A_RNA,6.548442179337144e-4
LPAR4_RNA,6.544053321704268e-4
PTPN9_RNA,6.538687157444656e-4
PDZD7_RNA,6.537350127473474e-4
SMAD3_RNA,6.525573553517461e-4
MBNL3_RNA,6.520265596918762e-4
HGFAC_RNA,6.514994893223047e-4
MON1A_RNA,6.511939573101699e-4
CHST2_RNA,6.510839448310435e-4
SMAD6_RNA,6.506009958684444e-4
PENK_RNA,6.49876135867089e-4
ASPN_RNA,6.496186251752079e-4
TMEM120B_RNA,6.495995912700891e-4
CAMKK1_RNA,6.495672860182822e-4
SERTAD3_RNA,6.495213601738214e-4
PPARA_RNA,6.488729268312454e-4
NUDT18_RNA,6.483608740381896e-4
HPR_RNA,6.483308388851583e-4
NTRK1_RNA,6.474880501627922e-4
CYP7B1_RNA,6.473325192928314e-4
P2RX6_RNA,6.471460801549256e-4
NOS1AP_RNA,6.468396750278771e-4
C12orf43_RNA,6.463609170168638e-4
DVL1_RNA,6.462658639065921e-4
LRRC43_RNA,6.458863499574363e-4
DDX19A_RNA,6.448953645303845e-4
SLC35F4_RNA,6.444143946282566e-4
DMRT2_RNA,6.438387208618224e-4
OBSCN_RNA,6.4285151893273e-4
SLC38A1_RNA,6.412584334611893e-4
TNIK_RNA,6.411414360627532e-4
LRRIQ1_RNA,6.409372435882688e-4
DISC1_RNA,6.39531237538904e-4
GJB6_RNA,6.39086589217186e-4
VSTM2B_RNA,6.387964822351933e-4
LMF2_RNA,6.380454869940877e-4
TLE2_RNA,6.380410632118583e-4
AGER_RNA,6.379368132911623e-4
ARHGAP24_RNA,6.376550300046802e-4
ZNF454_RNA,6.367348250932992e-4
CACNA1I_RNA,6.359612452797592e-4
C5AR1_RNA,6.359144463203847e-4
C1GALT1_RNA,6.35180389508605e-4
ADAMTS2_RNA,6.349412724375725e-4
TSHR_RNA,6.34697382338345e-4
FNDC5_RNA,6.334434729069471e-4
RNF135_RNA,6.334212957881391e-4
ARL10_RNA,6.326735019683838e-4
VBP1_RNA,6.32374663837254e-4
TCERG1L_RNA,6.321311229839921e-4
BEX2_RNA,6.31999340839684e-4
ATRNL1_RNA,6.319395615719259e-4
SCNN1G_RNA,6.31271512247622e-4
KIF1A_RNA,6.312095210887492e-4
PIH1D2_RNA,6.310472381301224e-4
DHH_RNA,6.304294802248478e-4
DCC_RNA,6.291370373219252e-4
IGSF11_RNA,6.280557718127966e-4
EIF3K_RNA,6.258387584239244e-4
EFCAB5_RNA,6.255917833186686e-4
TGFB3_RNA,6.255428306758404e-4
DSCC1_RNA,6.247531273402274e-4
ERF_RNA,6.245895056053996e-4
LRRTM1_RNA,6.238610367290676e-4
BBOX1_RNA,6.234489264898002e-4
ATL3_RNA,6.231527077034116e-4
SHISA5_RNA,6.228209822438657e-4
SFRP2_RNA,6.228153361007571e-4
CLDN23_RNA,6.223423406481743e-4
VAC14_RNA,6.220044451765716e-4
GPRC5C_RNA,6.21712242718786e-4
ANKK1_RNA,6.214797613210976e-4
TAC1_RNA,6.210855790413916e-4
MTNR1B_RNA,6.20059494394809e-4
HOXA6_RNA,6.197777693159878e-4
PM20D1_RNA,6.193355075083673e-4
PKDCC_RNA,6.184105877764523e-4
FBXW9_RNA,6.179693154990673e-4
INMT_RNA,6.178553448989987e-4
ZNF25_RNA,6.171334534883499e-4
JRKL_RNA,6.1709777219221e-4
SIGLEC7_RNA,6.17009645793587e-4
PTHLH_RNA,6.165811792016029e-4
DRD3_RNA,6.159417098388076e-4
TCL1A_RNA,6.159345502965152e-4
SLC25A32_RNA,6.154845468699932e-4
BIRC5_RNA,6.153314025141299e-4
HSPD1_RNA,6.145154475234449e-4
DCST1_RNA,6.137510645203292e-4
MIR181C_RNA,6.137269083410501e-4
DIAPH3_RNA,6.132366834208369e-4
OR2F1_RNA,6.129926186986268e-4
OPRK1_RNA,6.128846434876323e-4
KCTD4_RNA,6.125122308731079e-4
CDC25A_RNA,6.120888283476233e-4
DDX43_RNA,6.118530873209238e-4
SORBS2_RNA,6.10854011029005e-4
SPATA6_RNA,6.094439304433763e-4
SLC45A4_RNA,6.092707044444978e-4
CHST8_RNA,6.08758011367172e-4
GABRA4_RNA,6.082393229007721e-4
MND1_RNA,6.080170860514045e-4
SYNGR4_RNA,6.069254595786333e-4
EXOC3L2_RNA,6.068038055673242e-4
MACROD2_RNA,6.063052569516003e-4
CYP1B1_RNA,6.052249227650464e-4
PLA2R1_RNA,6.050581578165293e-4
HOOK3_RNA,6.047709030099213e-4
RAB21_RNA,6.032625096850097e-4
DAB2_RNA,6.029895739629865e-4
MYCBPAP_RNA,6.022680317983031e-4
GULP1_RNA,6.018582498654723e-4
GLDN_RNA,6.018467247486115e-4
TMEM116_RNA,6.013695965521038e-4
C6orf15_RNA,6.004500901326537e-4
LSM12_RNA,6.003575981594622e-4
CAPN8_RNA,5.999692948535085e-4
ASB11_RNA,5.998674896545708e-4
RASD1_RNA,5.995238898321986e-4
ECHDC3_RNA,5.988760385662317e-4
PREX1_RNA,5.984504241496325e-4
FLVCR2_RNA,5.982831935398281e-4
MYEF2_RNA,5.97638834733516e-4
TTPAL_RNA,5.970370839349926e-4
MCM6_RNA,5.96370198763907e-4
SYNM_RNA,5.963471485301852e-4
AQP5_RNA,5.96029800362885e-4
NRTN_RNA,5.947360768914223e-4
NEUROD1_RNA,5.939636030234396e-4
SLC11A1_RNA,5.938505637459457e-4
RASGRP1_RNA,5.936190718784928e-4
BCOR_RNA,5.933785578235984e-4
RNF169_RNA,5.925170262344182e-4
AKAP7_RNA,5.923221469856799e-4
LRRC36_RNA,5.921503179706633e-4
SLC17A7_RNA,5.90903393458575e-4
CDH2_RNA,5.904450081288815e-4
AIDA_RNA,5.901776603423059e-4
CFH_RNA,5.900273099541664e-4
RAB38_RNA,5.898160161450505e-4
GPRASP1_RNA,5.894720670767128e-4
COL14A1_RNA,5.86598296649754e-4
FUCA1_RNA,5.847797729074955e-4
KCNJ4_RNA,5.842664977535605e-4
SMC2_RNA,5.84182096645236e-4
SLC12A5_RNA,5.837841890752316e-4
SCUBE1_RNA,5.836864002048969e-4
CD300LB_RNA,5.833054892718792e-4
OLAH_RNA,5.829806323163211e-4
HTR2A_RNA,5.829361034557223e-4
TBC1D10B_RNA,5.825069965794683e-4
ZIC2_RNA,5.824210238642991e-4
C11orf42_RNA,5.823434330523014e-4
OAZ1_RNA,5.804742686450481e-4
VTCN1_RNA,5.799406208097935e-4
RRM2_RNA,5.789913702756166e-4
ARMC5_RNA,5.788733251392841e-4
SERPINI2_RNA,5.78754348680377e-4
NCKIPSD_RNA,5.786121473647654e-4
ST6GALNAC2_RNA,5.78342645894736e-4
UNC5B_RNA,5.782066145911813e-4
UNC93B1_RNA,5.780044011771679e-4
ZFP82_RNA,5.771102150902152e-4
PPP3CA_RNA,5.761805223301053e-4
BTC_RNA,5.761340144090354e-4
TM4SF1_RNA,5.758860497735441e-4
ESPL1_RNA,5.756524042226374e-4
MSTN_RNA,5.748746916651726e-4
ZFPM1_RNA,5.745881353504956e-4
TCP11L1_RNA,5.739906919188797e-4
SPTAN1_RNA,5.731408600695431e-4
DNAH9_RNA,5.731178098358214e-4
EIF2B3_RNA,5.727994139306247e-4
DAPL1_RNA,5.719944601878524e-4
PCDHGA10_RNA,5.719807813875377e-4
ST6GALNAC5_RNA,5.719643668271601e-4
NDUFA3_RNA,5.718006286770105e-4
NCOA4_RNA,5.712788552045822e-4
HSBP1L1_RNA,5.708422977477312e-4
ATP12A_RNA,5.707064992748201e-4
RBM42_RNA,5.70288801100105e-4
MIR154_RNA,5.702431662939489e-4
STXBP5L_RNA,5.702425842173398e-4
NLRP1_RNA,5.691313417628407e-4
CEBPA_RNA,5.6910899002105e-4
AOC3_RNA,5.69028255995363e-4
C9orf153_RNA,5.676450673490763e-4
MPO_RNA,5.67499315366149e-4
REEP3_RNA,5.665080971084535e-4
GCK_RNA,5.651463288813829e-4
EGFL8_RNA,5.649981321766973e-4
GABRG3_RNA,5.648465594276786e-4
DPH2_RNA,5.647627986036241e-4
NMNAT3_RNA,5.645119235850871e-4
FBXL22_RNA,5.644818884320557e-4
PLA2G12B_RNA,5.643919575959444e-4
CSF3_RNA,5.635261768475175e-4
TMEM164_RNA,5.632236716337502e-4
LSM7_RNA,5.625946214422584e-4
C16orf89_RNA,5.620058509521186e-4
GABRA3_RNA,5.616649286821485e-4
CBR1_RNA,5.613109678961337e-4
WT1_RNA,5.601327866315842e-4
GSTO1_RNA,5.600647418759763e-4
PARM1_RNA,5.593752139247954e-4
HCP5_RNA,5.588053027167916e-4
KLHDC9_RNA,5.575165268965065e-4
NR2F1_RNA,5.56211918592453e-4
AFF3_RNA,5.56136597879231e-4
C1QTNF2_RNA,5.55937469471246e-4
P2RX4_RNA,5.556473624892533e-4
WSCD2_RNA,5.552501534111798e-4
MED11_RNA,5.537396064028144e-4
DCTD_RNA,5.537093966268003e-4
TMEM8B_RNA,5.53577090613544e-4
GDF6_RNA,5.534223164431751e-4
CRYAB_RNA,5.524186999537051e-4
CAMK1D_RNA,5.521164857782423e-4
DDX20_RNA,5.510325427167118e-4
ZNF367_RNA,5.506090237759054e-4
XKR6_RNA,5.50396682228893e-4
GCKR_RNA,5.498832906596363e-4
CSPG4_RNA,5.493912030942738e-4
DICER1_RNA,5.487673915922642e-4
CRH_RNA,5.480984691530466e-4
PCSK4_RNA,5.479761166498065e-4
SYT9_RNA,5.477828672155738e-4
NEIL1_RNA,5.469141760841012e-4
COX15_RNA,5.467148730531335e-4
KIF15_RNA,5.466396105475724e-4
HES6_RNA,5.465407739393413e-4
BTBD17_RNA,5.463900743052363e-4
NTNG2_RNA,5.461846594698727e-4
TAS2R19_RNA,5.459747044369578e-4
DUSP5_RNA,5.45957766007632e-4
KCTD13_RNA,5.459190579131246e-4
ZNF607_RNA,5.455452483147383e-4
AKR7L_RNA,5.45224582310766e-4
DSCAML1_RNA,5.450573517009616e-4
ADARB2_RNA,5.445890710689127e-4
DOK6_RNA,5.445363931357861e-4
UGGT1_RNA,5.440805107355118e-4
SERPINB9_RNA,5.434303311631083e-4
CLIP4_RNA,5.427487194538116e-4
DNAH7_RNA,5.425983690656722e-4
BTG1_RNA,5.419421358965337e-4
SLC9A7_RNA,5.406956188380718e-4
MARVELD3_RNA,5.403255927376449e-4
EIF2A_RNA,5.392436287365854e-4
MTMR3_RNA,5.388768622651696e-4
SYNJ1_RNA,5.385253462009132e-4
EIF3J_RNA,5.378875066526234e-4
FBXO8_RNA,5.366320256143808e-4
GALNT9_RNA,5.364760290831327e-4
DNLZ_RNA,5.362898809835315e-4
G6PD_RNA,5.354444147087634e-4
PLXDC1_RNA,5.323064979165792e-4
GOLT1A_RNA,5.320790805853903e-4
FGF1_RNA,5.299501935951412e-4
AFTPH_RNA,5.298991454765201e-4
SMNDC1_RNA,5.296687595546246e-4
ZNF75A_RNA,5.29168639332056e-4
SERPINE1_RNA,5.291640409268439e-4
MORF4L1_RNA,5.287384265102446e-4
TUBGCP6_RNA,5.286915111355484e-4
SYNC_RNA,5.285808583721519e-4
WDR24_RNA,5.28218166437e-4
AQP1_RNA,5.274267168715596e-4
BUB1_RNA,5.273796850815415e-4
C1orf127_RNA,5.270497058518231e-4
KRT78_RNA,5.270272959023714e-4
PTCH2_RNA,5.264570936560631e-4
GMDS_RNA,5.260568577796221e-4
LEP_RNA,5.253925337456167e-4
HGF_RNA,5.244140047580004e-4
DAPK1_RNA,5.240656319074333e-4
STAR_RNA,5.234889686107635e-4
ZNF677_RNA,5.2344158757478e-4
PPP1R15B_RNA,5.234361160546541e-4
LPIN1_RNA,5.228918162174523e-4
TRPC3_RNA,5.222867475822568e-4
TK1_RNA,5.215468117967248e-4
E2F2_RNA,5.211682291701436e-4
RCC1_RNA,5.209379596635699e-4
ZNF197_RNA,5.185274058021605e-4
FOXN4_RNA,5.177421844564378e-4
CYP2E1_RNA,5.166582996025681e-4
KCNC2_RNA,5.16268948558718e-4
F5_RNA,5.15869352966547e-4
KIF26A_RNA,5.144415190443397e-4
DLST_RNA,5.135929095558822e-4
KIF23_RNA,5.12839003931731e-4
EVX2_RNA,5.121654830873013e-4
INTU_RNA,5.119337583892047e-4
ZNF600_RNA,5.116150714457035e-4
TOR1AIP1_RNA,5.114271771162748e-4
PSMD4_RNA,5.110802012495697e-4
PRKCB_RNA,5.107452743686736e-4
NPW_RNA,5.09135308675468e-4
VAX1_RNA,5.090740160085261e-4
MYLIP_RNA,5.086135352030396e-4
CACNA1C_RNA,5.08148514200002e-4
RGS1_RNA,5.074403597973287e-4
SNTB2_RNA,5.069744074717164e-4
MEP1A_RNA,5.069582839496434e-4
AKIRIN1_RNA,5.065893637947738e-4
BEST1_RNA,5.064194556325674e-4
MCAM_RNA,5.05517702549696e-4
COL22A1_RNA,5.0541473319754e-4
MIR138-1_RNA,5.053852219134569e-4
MAP1A_RNA,5.047433660365641e-4
VDAC1_RNA,5.04538242239505e-4
MIR1185-2_RNA,5.041480180807412e-4
MYLK2_RNA,5.036407965235412e-4
TMEM95_RNA,5.032136687077582e-4
DIRAS2_RNA,5.02579496242106e-4
CEP164_RNA,5.006908322684467e-4
ADHFE1_RNA,5.006543942727149e-4
MLLT11_RNA,5.006392602808774e-4
ACR_RNA,5.004684207960963e-4
CNTN5_RNA,5.003762198612094e-4
KDM4A_RNA,4.99355373904109e-4
FBN2_RNA,4.987053107470274e-4
CKAP2L_RNA,4.982201498933136e-4
SLC32A1_RNA,4.980699741281569e-4
GPR12_RNA,4.978649085387588e-4
RUNX1T1_RNA,4.977092030458152e-4
ANXA3_RNA,4.976018099114299e-4
IDI1_RNA,4.974568146280944e-4
IDH3B_RNA,4.970571608282626e-4
TRIM56_RNA,4.970286972820759e-4
MIR487B_RNA,4.964392865076661e-4
TOX2_RNA,4.964242689311504e-4
EXOC6_RNA,4.963710089214146e-4
ANKS3_RNA,4.962111706845462e-4
ACO2_RNA,4.961991216987371e-4
CDT1_RNA,4.961861995980144e-4
RBMX2_RNA,4.948941641487181e-4
SCRT1_RNA,4.948830464854836e-4
RAB34_RNA,4.948597634211183e-4
KCNRG_RNA,4.945537657476962e-4
MGMT_RNA,4.941741935908794e-4
ENPP6_RNA,4.938835627399385e-4
DUSP2_RNA,4.925967077724636e-4
C8orf58_RNA,4.923886153846979e-4
ASPDH_RNA,4.916595062240958e-4
NWD1_RNA,4.902448854409158e-4
GABARAP_RNA,4.899458726868033e-4
GSK3B_RNA,4.897162434644997e-4
CACNG4_RNA,4.896217724308372e-4
MIR196A2_RNA,4.895956953987479e-4
THBS4_RNA,4.885535454377532e-4
TAS2R38_RNA,4.880324122495949e-4
NEUROD4_RNA,4.875095619354397e-4
IP6K3_RNA,4.8749393317848444e-4
AGRN_RNA,4.86744538648054e-4
SH2D4B_RNA,4.8652259283699095e-4
RAB5C_RNA,4.8599281581118703e-4
MIR1286_RNA,4.8545809113420546e-4
FBXO36_RNA,4.846886731684208e-4
KCNF1_RNA,4.811788385268301e-4
GFM2_RNA,4.7932323650456965e-4
CCL26_RNA,4.785663040820509e-4
CPM_RNA,4.780594608746469e-4
PPP1R12A_RNA,4.779893788509071e-4
CADPS_RNA,4.7655816888436675e-4
SPPL2A_RNA,4.760215524584055e-4
MYH8_RNA,4.7539558727294207e-4
HEPACAM2_RNA,4.750299558509141e-4
ALDH1A3_RNA,4.744775651488453e-4
ACTL8_RNA,4.739032592624426e-4
UBE2D1_RNA,4.738264251500368e-4
IRF3_RNA,4.730889922939241e-4
DIO1_RNA,4.7307086060754955e-4
ADAM22_RNA,4.729977808892727e-4
PSD_RNA,4.725616308860481e-4
TMEM71_RNA,4.7245039604604244e-4
ACVR1C_RNA,4.723990859929472e-4
MECR_RNA,4.712201771326363e-4
COL19A1_RNA,4.702852456830442e-4
ESCO2_RNA,4.6981300693005323e-4
EFEMP2_RNA,4.697165859397501e-4
PIGR_RNA,4.695561365224421e-4
SUV39H1_RNA,4.689564520958811e-4
KIF21A_RNA,4.684526938945055e-4
SUPT3H_RNA,4.6786037273705006e-4
USP35_RNA,4.6718516387045383e-4
GPR87_RNA,4.669518384616822e-4
NHLH2_RNA,4.66906582005322e-4
CHPF_RNA,4.66406112536788e-4
CHPT1_RNA,4.6623291564173996e-4
WDR35_RNA,4.659305850509554e-4
DEFB134_RNA,4.657561657950282e-4
PKHD1L1_RNA,4.6529187238775194e-4
CA10_RNA,4.65106510091573e-4
XYLT2_RNA,4.6505077625624835e-4
OR4F15_RNA,4.6497248695231974e-4
CDC42BPG_RNA,4.6472522080875933e-4
TMEM79_RNA,4.647055175155401e-4
CTLA4_RNA,4.633351636584848e-4
IGFL4_RNA,4.6293987543322146e-4
TULP3_RNA,4.628460737876594e-4
SEL1L_RNA,4.6199638745747507e-4
HMGCR_RNA,4.618861712515354e-4
ZGPAT_RNA,4.616906226146966e-4
BRD8_RNA,4.6163753722794354e-4
FEZF1_RNA,4.6125080552883446e-4
TRAPPC6B_RNA,4.611128824763e-4
SPATA16_RNA,4.6064204070717096e-4
MGAT2_RNA,4.6048162039369345e-4
TRPC5_RNA,4.601411637850106e-4
RIN1_RNA,4.598859522957355e-4
IGDCC3_RNA,4.597312945406884e-4
RRAS_RNA,4.5873294584453106e-4
HHIPL1_RNA,4.5827715075574815e-4
IFT172_RNA,4.5731448335573077e-4
SLC22A6_RNA,4.5697522000409663e-4
CDH24_RNA,4.540794179774821e-4
SLC22A18AS_RNA,4.5368840801529586e-4
PARP2_RNA,4.527968121692538e-4
USH1G_RNA,4.51886560767889e-4
C1orf116_RNA,4.518503847066313e-4
GRM8_RNA,4.515417094808072e-4
STON1_RNA,4.5114083332009614e-4
HTR4_RNA,4.51121770311147e-4
MYOF_RNA,4.507293342612684e-4
ANPEP_RNA,4.505216493271291e-4
FGF2_RNA,4.4875338790006936e-4
DNAL4_RNA,4.486013494897634e-4
KIFC3_RNA,4.480062343645841e-4
PODXL_RNA,4.4698207057081163e-4
SIAH3_RNA,4.4635680387727916e-4
AMBN_RNA,4.445865051820874e-4
HSF2BP_RNA,4.439094045665115e-4
TOP2A_RNA,4.420014738570899e-4
MPEG1_RNA,4.4172274647280574e-4
TET1_RNA,4.4149631867185235e-4
SYT8_RNA,4.414512950461358e-4
NR1H2_RNA,4.3954787543043494e-4
MAP3K3_RNA,4.389379464555532e-4
VGLL2_RNA,4.384170169942081e-4
P2RX7_RNA,4.383260675240308e-4
SHISA3_RNA,4.371814720798284e-4
GINS4_RNA,4.3716872460208833e-4
SKA3_RNA,4.3675414053723216e-4
ABHD14B_RNA,4.35729103628546e-4
GLDC_RNA,4.346243804320693e-4
HRH3_RNA,4.337141872383654e-4
HORMAD1_RNA,4.32639877544716e-4
RDH16_RNA,4.3240832746960223e-4
VSTM2A_RNA,4.316666745580733e-4
PAQR5_RNA,4.3160776840522885e-4
DNAJC11_RNA,4.315908008720726e-4
SBK2_RNA,4.31328866397962e-4
COL1A2_RNA,4.301059525460005e-4
TRIM7_RNA,4.299358115531504e-4
CCNJ_RNA,4.289913340471685e-4
SV2C_RNA,4.284026217646897e-4
BANK1_RNA,4.27964492700994e-4
MRAP2_RNA,4.272022342775017e-4
TBX18_RNA,4.271277866791934e-4
ATP11B_RNA,4.269690834917128e-4
TPPP2_RNA,4.2683089850470424e-4
EIF3L_RNA,4.264049348421395e-4
SELP_RNA,4.263052833266556e-4
ATG7_RNA,4.2575178667902946e-4
ARIH2_RNA,4.2486225720494986e-4
NPAS4_RNA,4.2486065649427474e-4
UBXN8_RNA,4.2476909584365785e-4
WFDC10B_RNA,4.2447602027095854e-4
GPR26_RNA,4.244039300829172e-4
EPHB4_RNA,4.2398986988700926e-4
NDUFB9_RNA,4.2363288230262697e-4
RNF17_RNA,4.2194852721877396e-4
HVCN1_RNA,4.205387085676193e-4
KCNH5_RNA,4.202846030239016e-4
UBIAD1_RNA,4.1956317727454007e-4
BRCA1_RNA,4.18599636759609e-4
TLR2_RNA,4.168515151832253e-4
SRR_RNA,4.167046572547406e-4
ENOSF1_RNA,4.154630296397954e-4
TRAF3_RNA,4.1531521128490567e-4
GABRQ_RNA,4.1515889461152256e-4
IK_RNA,4.144581616856158e-4
SLC37A3_RNA,4.1427771793678403e-4
C19orf25_RNA,4.141762910876423e-4
CPSF2_RNA,4.137638316024095e-4
RAB9A_RNA,4.137390060350299e-4
ISM2_RNA,4.13575820857659e-4
ROR2_RNA,4.1222842992283404e-4
UGGT2_RNA,4.1213948861695826e-4
WAC_RNA,4.118039505556226e-4
AQP10_RNA,4.1106113349087536e-4
RILP_RNA,4.104247491341084e-4
MPHOSPH10_RNA,4.091315786354244e-4
TPT1_RNA,4.090096626896411e-4
IPO9_RNA,4.087992710992694e-4
AMOTL2_RNA,4.087687411811203e-4
HEATR4_RNA,4.0801320574246347e-4
MIER2_RNA,4.0772929787635803e-4
CCDC92_RNA,4.075645992998034e-4
DIRAS3_RNA,4.0751727647148073e-4
DKK1_RNA,4.073711752425879e-4
SCN4A_RNA,4.05510509153828e-4
ABCB9_RNA,4.052770382259041e-4
HIGD1A_RNA,4.051416472066194e-4
PCDH10_RNA,4.05032595153898e-4
RCAN1_RNA,4.0502389310859144e-4
APLF_RNA,4.0489702951163054e-4
NFAM1_RNA,4.043429798912257e-4
ME1_RNA,4.0311604971066117e-4
N4BP3_RNA,4.030585987493396e-4
HOXA5_RNA,4.0289186290465295e-4
SCGB3A2_RNA,4.0283636189997196e-4
ZNF280D_RNA,4.0236656786873937e-4
BAIAP2_RNA,4.022425855509937e-4
BTG3_RNA,4.0208338759839535e-4
HOXD8_RNA,4.0093486313708127e-4
ST8SIA2_RNA,4.0051888208836317e-4
ALOX15_RNA,4.004553775303066e-4
ECH1_RNA,4.002568603027612e-4
AZU1_RNA,3.990400582551956e-4
MAN2B1_RNA,3.9804246625863016e-4
SLC44A5_RNA,3.974540450144559e-4
SLC28A2_RNA,3.974103310611099e-4
RFX4_RNA,3.9722290239296854e-4
PCDHGC4_RNA,3.9685756200924516e-4
SHH_RNA,3.9626401849091053e-4
TP53INP2_RNA,3.956634318456054e-4
APIP_RNA,3.9534730603918433e-4
BTBD8_RNA,3.9505018503405154e-4
SV2B_RNA,3.9496319368481636e-4
PTGR2_RNA,3.9479744737036526e-4
SCML1_RNA,3.9301085053011775e-4
NFKBIB_RNA,3.926731296814978e-4
ORMDL3_RNA,3.9138950523920357e-4
SPATA4_RNA,3.911932872142643e-4
KIF13B_RNA,3.906410129275173e-4
EXO1_RNA,3.891636151820421e-4
TROAP_RNA,3.888100909534842e-4
MEF2A_RNA,3.886735357809812e-4
PTCRA_RNA,3.878077841363847e-4
FADS1_RNA,3.8716726703569293e-4
UGT2B7_RNA,3.85991734219715e-4
NUP160_RNA,3.859555581584573e-4
MIR921_RNA,3.8498733192682266e-4
RAD17_RNA,3.8491981104016304e-4
CDK8_RNA,3.8490918814204633e-4
SGSM1_RNA,3.8462370866909623e-4
RPLP0_RNA,3.841020807158202e-4
MT1M_RNA,3.838462580461055e-4
FASTKD2_RNA,3.834756789728999e-4
PDCD5_RNA,3.831803915090859e-4
NAP1L4_RNA,3.8135817158035934e-4
SNRPN_RNA,3.803288273047656e-4
DIO2_RNA,3.802099381573498e-4
CEP135_RNA,3.791875788010657e-4
SMG5_RNA,3.7810212234035134e-4
TRPC6_RNA,3.779065445996821e-4
TMEM63C_RNA,3.7638883804902434e-4
KCNG2_RNA,3.758487000595778e-4
YIPF7_RNA,3.7570620770566165e-4
FOXF1_RNA,3.756818186957389e-4
THAP9_RNA,3.749104798771441e-4
ATL2_RNA,3.747661830857396e-4
SCARA5_RNA,3.747372538782656e-4
NPTX2_RNA,3.7397569394670427e-4
HJURP_RNA,3.7376719410531223e-4
NME1_RNA,3.7310319021344185e-4
MXRA5_RNA,3.727485309354961e-4
DNAJC27_RNA,3.7263930425979197e-4
CDK20_RNA,3.7135364254936576e-4
OXTR_RNA,3.7134357262402773e-4
SLC16A5_RNA,3.71141271898523e-4
ARMC3_RNA,3.696220519486815e-4
CENPE_RNA,3.6848787567578256e-4
TMEM54_RNA,3.6804951378144324e-4
CLPP_RNA,3.6768693826161325e-4
LIMCH1_RNA,3.6765378899872303e-4
LSM5_RNA,3.6738908966071904e-4
SLC35C2_RNA,3.6716769682243466e-4
DUSP6_RNA,3.665094845928252e-4
HELT_RNA,3.6626524524763227e-4
DOC2B_RNA,3.6617706064134836e-4
CDH13_RNA,3.660663205664605e-4
AHSG_RNA,3.655037726275623e-4
FBLL1_RNA,3.65233892807737e-4
SLAMF8_RNA,3.6388071021065116e-4
PSMD11_RNA,3.637553018052131e-4
FBN1_RNA,3.636931360233575e-4
GLRA2_RNA,3.6299737985245883e-4
GPLD1_RNA,3.622724034357816e-4
MAGEH1_RNA,3.6146288039162755e-4
TGM5_RNA,3.6139434087090194e-4
RGS6_RNA,3.613476292230189e-4
SPAG17_RNA,3.604134835768491e-4
CRYGA_RNA,3.5855837631970644e-4
KDM4D_RNA,3.582434437703341e-4
ZFAND6_RNA,3.5725493216887116e-4
C3_RNA,3.5676872357726097e-4
DPM1_RNA,3.5665149334818125e-4
ZNF460_RNA,3.5652631777338684e-4
ICAM3_RNA,3.557030577212572e-4
CENPH_RNA,3.5499411751516163e-4
LIG3_RNA,3.5473419120535254e-4
MBIP_RNA,3.542328777257353e-4
COL4A5_RNA,3.541162295732647e-4
RRM1_RNA,3.5396291059441864e-4
FOS_RNA,3.532731207087636e-4
GNB4_RNA,3.527360677253455e-4
ACSL5_RNA,3.514798590913415e-4
FIP1L1_RNA,3.512953408062458e-4
PCDHGB3_RNA,3.508819208946079e-4
NRP2_RNA,3.508747322484851e-4
PTOV1_RNA,3.5026759724132717e-4
KCNA1_RNA,3.498123842291534e-4
FBXO32_RNA,3.493659314699471e-4
ASPM_RNA,3.4877037978731096e-4
OTUD1_RNA,3.479653678368777e-4
FHL2_RNA,3.478351281955838e-4
NOS2_RNA,3.476450510788709e-4
ASXL3_RNA,3.475678095128387e-4
SEMA3E_RNA,3.4754956141114235e-4
CNR1_RNA,3.4641200909391046e-4
PPP1R9A_RNA,3.461676824372262e-4
LRRC18_RNA,3.4578857594169676e-4
PACSIN1_RNA,3.451763477642089e-4
ACAD9_RNA,3.4484732896089554e-4
C1QA_RNA,3.447126364335418e-4
TAGLN3_RNA,3.444178437348455e-4
ANXA1_RNA,3.426559560466558e-4
KLHL9_RNA,3.423347952775657e-4
ZNF35_RNA,3.415797546040267e-4
ELSPBP1_RNA,3.4120844793505967e-4
RNF128_RNA,3.4092861460521817e-4
PHF23_RNA,3.401955764275044e-4
LPXN_RNA,3.390164056327194e-4
KHNYN_RNA,3.3877280657179654e-4
SLC25A18_RNA,3.384443116374314e-4
VWA5B1_RNA,3.3825536957010627e-4
LGI2_RNA,3.3811043249443173e-4
MEX3C_RNA,3.375681408215314e-4
NOVA1_RNA,3.3676691236905754e-4
GSX2_RNA,3.365142911206931e-4
OR10H5_RNA,3.361607377883047e-4
RASSF9_RNA,3.3613882260397077e-4
SH2D5_RNA,3.3577109570614994e-4
FSTL3_RNA,3.3556533162482083e-4
KCNJ9_RNA,3.3455988159403205e-4
AKR1C2_RNA,3.338420356158167e-4
GEMIN8_RNA,3.3354104380123317e-4
GALR1_RNA,3.33310104906559e-4
GPR21_RNA,3.311844193376601e-4
LPCAT3_RNA,3.3089498174376786e-4
KIF18A_RNA,3.300706157460809e-4
BRCA2_RNA,3.2959922100417316e-4
AVEN_RNA,3.2938903314061463e-4
SLC25A16_RNA,3.2874877797439694e-4
ITSN1_RNA,3.27418529195711e-4
NPR3_RNA,3.25121043715626e-4
GPATCH4_RNA,3.241777012590319e-4
RFX3_RNA,3.239206853322685e-4
MEPE_RNA,3.23665066389367e-4
RIOK2_RNA,3.2310737879015505e-4
POU3F4_RNA,3.2304576598107815e-4
HERC3_RNA,3.2295769779011607e-4
ROPN1B_RNA,3.2161385752260685e-4
EIF4B_RNA,3.2114420901052654e-4
NKTR_RNA,3.209439164493233e-4
CXCL5_RNA,3.205874527338892e-4
LIMA1_RNA,3.205494722351432e-4
NEGR1_RNA,3.2011972507461905e-4
MYO5A_RNA,3.201147774234414e-4
SRPK1_RNA,3.1914617284201086e-4
NKX2-1_RNA,3.1872736872173846e-4
GNRH2_RNA,3.178403712809086e-4
PAPLN_RNA,3.1729796319268644e-4
SGCE_RNA,3.172424912918359e-4
HOXD9_RNA,3.148893010802567e-4
SKAP2_RNA,3.143710200674832e-4
CPNE6_RNA,3.143184585496783e-4
FAM24B_RNA,3.1403222237713635e-4
CREB3L4_RNA,3.1276658410206437e-4
MLLT3_RNA,3.127241798210889e-4
ARG1_RNA,3.1227676663547754e-4
ALPL_RNA,3.121357876807451e-4
CCNB2_RNA,3.1185903935693204e-4
DHRS3_RNA,3.116564475931227e-4
MASP1_RNA,3.109157842118293e-4
FOSL1_RNA,3.1057061278261244e-4
RBM46_RNA,3.09148890664801e-4
F13A1_RNA,3.091178077738732e-4
RYR3_RNA,3.090696409344673e-4
LMO3_RNA,3.0903483275324106e-4
TP53I11_RNA,3.086030774284154e-4
CCDC80_RNA,3.0849460745230317e-4
NEURL4_RNA,3.0832644551992416e-4
IGLON5_RNA,3.082583425566554e-4
FGFRL1_RNA,3.051689709536731e-4
ATP6V1B1_RNA,3.045822086278349e-4
TMEM38A_RNA,3.0446407618001103e-4
TLE6_RNA,3.040031297132373e-4
HSD17B4_RNA,3.0388624873012304e-4
SLC7A14_RNA,3.03759821690619e-4
ZFP36L1_RNA,3.034791734535247e-4
FOXB1_RNA,3.0329631408676505e-4
GRHL3_RNA,3.0313344905152917e-4
CUL7_RNA,3.02248663501814e-4
MED28_RNA,3.01951338769868e-4
SERPINB8_RNA,3.018424322362989e-4
FOXF2_RNA,3.010934160556644e-4
GPR17_RNA,3.007019986398518e-4
C1orf94_RNA,3.0068159685470164e-4
LOC153910_RNA,3.004239406436682e-4
ERC2_RNA,2.995160757564008e-4
SEMA3A_RNA,2.993941307067871e-4
RIT2_RNA,2.980080898851156e-4
KCNJ13_RNA,2.977517433464527e-4
ACACA_RNA,2.9734542476944625e-4
NOX3_RNA,2.9660292784683406e-4
KLHL15_RNA,2.9652766534127295e-4
SP6_RNA,2.964556042570621e-4
CPNE9_RNA,2.943477302324027e-4
PHLDB2_RNA,2.9349332908168435e-4
ID2_RNA,2.9306154465302825e-4
SRRM4_RNA,2.911638584919274e-4
LAMA3_RNA,2.9107482987456024e-4
TBCCD1_RNA,2.901873958762735e-4
PSMD5_RNA,2.899755781982094e-4
USP51_RNA,2.898435923270881e-4
VPS4B_RNA,2.8928733081556857e-4
PTPRN_RNA,2.888160524889827e-4
LRRN2_RNA,2.887550217565149e-4
FBLN2_RNA,2.872659242711961e-4
ATCAY_RNA,2.8703201678581536e-4
FADS2_RNA,2.865547430701554e-4
AKT3_RNA,2.859165542759001e-4
MMP24_RNA,2.851362805813551e-4
DDX51_RNA,2.851160243153572e-4
SERPINH1_RNA,2.849997254088521e-4
USP14_RNA,2.8469826793298125e-4
ERCC4_RNA,2.8375620604492724e-4
ALDH7A1_RNA,2.833593462128192e-4
APBB1_RNA,2.8321813442744315e-4
MIR1278_RNA,2.826018608175218e-4
CIAO1_RNA,2.821085217874497e-4
IQCJ_RNA,2.817097119987011e-4
FABP5_RNA,2.8159853536635637e-4
ALG6_RNA,2.8144678799435496e-4
LLGL2_RNA,2.8140394715592265e-4
FLRT1_RNA,2.812206221278757e-4
HOXA9_RNA,2.810389851219952e-4
EXOSC3_RNA,2.8079815092496574e-4
UNC13C_RNA,2.807891578413546e-4
CHM_RNA,2.8076779562979937e-4
ZSCAN21_RNA,2.795678738038987e-4
FAM133A_RNA,2.7934572426602244e-4
KCNN4_RNA,2.792736340779811e-4
STAT6_RNA,2.777267072815448e-4
PAFAH1B1_RNA,2.7613015845417976e-4
PPP1R12B_RNA,2.759938652161509e-4
C12orf75_RNA,2.7349728043191135e-4
LRRFIP1_RNA,2.733130531851202e-4
DTX4_RNA,2.733029250521213e-4
MCC_RNA,2.731411368586123e-4
FOXP2_RNA,2.702288911677897e-4
PABPC4_RNA,2.689163666218519e-4
ATP2B4_RNA,2.6882256497628987e-4
FSIP1_RNA,2.6873094611801207e-4
HBQ1_RNA,2.6823958614841104e-4
B4GALNT1_RNA,2.67426366917789e-4
BAMBI_RNA,2.668319211807102e-4
GBP3_RNA,2.663024060893804e-4
WDR7_RNA,2.659884630702436e-4
ZNF229_RNA,2.6557239471003413e-4
MUC12_RNA,2.650112728588283e-4
SUV39H2_RNA,2.6409688871353865e-4
B3GNT4_RNA,2.6366952806711197e-4
CTH_RNA,2.6362555217929184e-4
CACNG8_RNA,2.635905402712524e-4
KCNK1_RNA,2.634410047903657e-4
KCNMB4_RNA,2.6335500297136605e-4
CYP11A1_RNA,2.633097465150058e-4
LSM10_RNA,2.6326969964429736e-4
GABRA2_RNA,2.63002555584535e-4
JPH4_RNA,2.6271684328094125e-4
GLB1L3_RNA,2.624666958581656e-4
FSTL5_RNA,2.6245290064252913e-4
RASGRP2_RNA,2.6215275283902884e-4
COL21A1_RNA,2.6170568889938295e-4
BMP8B_RNA,2.6061543030664325e-4
CLDN16_RNA,2.595210971776396e-4
EIF3F_RNA,2.5916751474142075e-4
KRT33A_RNA,2.5915526202879846e-4
NAA25_RNA,2.585970505606383e-4
MIR320C1_RNA,2.5783374439924955e-4
PNKD_RNA,2.5744453887455165e-4
SORCS2_RNA,2.5736005045473576e-4
GRHL1_RNA,2.5706112501211464e-4
NCAPH_RNA,2.5551809812895954e-4
ZMYM1_RNA,2.5514603476040065e-4
ZNF385D_RNA,2.548162010498345e-4
R3HDM1_RNA,2.5459990138188004e-4
GOLGA8B_RNA,2.5382544845342636e-4
SNORD92_RNA,2.5276176165789366e-4
EFHD2_RNA,2.5191419990733266e-4
SAGE1_RNA,2.5164795806631446e-4
GJA5_RNA,2.5156105402857065e-4
TOMM40L_RNA,2.5114748859778047e-4
ARSJ_RNA,2.505933807697147e-4
TMEM143_RNA,2.5048802490346134e-4
GLB1L2_RNA,2.5005696807056665e-4
MRPS17_RNA,2.4932020460255444e-4
TAF9_RNA,2.4873006623238325e-4
TUBB2B_RNA,2.4871272034943104e-4
CR1L_RNA,2.4859223049134016e-4
HOXA11_RNA,2.4812237825244665e-4
OS9_RNA,2.4698537890799344e-4
MYLK3_RNA,2.463747514411807e-4
BNIP1_RNA,2.4605737417005e-4
B4GALT2_RNA,2.4518018472008407e-4
ANGPTL7_RNA,2.450769243296236e-4
AFP_RNA,2.4492715601809323e-4
FEZ1_RNA,2.44740309426561e-4
UNC45A_RNA,2.4457339895889163e-4
SELL_RNA,2.4400443362537771e-4
C1QTNF8_RNA,2.439717936795205e-4
DPP10_RNA,2.432821929687634e-4
C1QB_RNA,2.4295927141793072e-4
NPTX1_RNA,2.4270852736663073e-4
TMPRSS11F_RNA,2.4220462364610285e-4
KTN1_RNA,2.413880283711478e-4
LCN12_RNA,2.4129627854563296e-4
CA8_RNA,2.39483910263516e-4
PSPH_RNA,2.393748436588794e-4
CHRDL1_RNA,2.3784801305737346e-4
SIGLEC14_RNA,2.3603515001013875e-4
CXCR4_RNA,2.3564946604892612e-4
MC5R_RNA,2.355399337830022e-4
SYT17_RNA,2.3496626818086952e-4
CLSTN2_RNA,2.3471724125556648e-4
ANKRD2_RNA,2.346226101508364e-4
HOXA7_RNA,2.3452748428098857e-4
KLHL28_RNA,2.328226837562397e-4
ENDOD1_RNA,2.3273129772860557e-4
TDRD9_RNA,2.3264935589395463e-4
PIK3CG_RNA,2.3250684898812324e-4
RHOD_RNA,2.323302032891661e-4
DKC1_RNA,2.3217244597617537e-4
AGBL1_RNA,2.3192660592030734e-4
OR2AE1_RNA,2.3159864940680563e-4
CAMKK2_RNA,2.3078257800079882e-4
SLC28A3_RNA,2.304848749190569e-4
IL17C_RNA,2.2774928947910666e-4
HPGDS_RNA,2.2649974562227726e-4
RAB3C_RNA,2.2608859580941498e-4
TACR1_RNA,2.2608658764511347e-4
SVOP_RNA,2.2578079369850457e-4
ELFN1_RNA,2.2558898490387946e-4
XYLT1_RNA,2.2499881742987782e-4
VSNL1_RNA,2.2462286869995296e-4
EPHA2_RNA,2.2438231098931283e-4
PRKAG3_RNA,2.2397439170163125e-4
ACVRL1_RNA,2.220477326773107e-4
GEM_RNA,2.2115455067250878e-4
ABCC3_RNA,2.1955255942884833e-4
CACNA1F_RNA,2.188585785916075e-4
GJC1_RNA,2.1843965805601329e-4
DYSF_RNA,2.1826132433488965e-4
PLEKHA3_RNA,2.1792188636027277e-4
PLS1_RNA,2.1781008399557322e-4
ZFR2_RNA,2.1776686480734497e-4
KIF6_RNA,2.1699244098272175e-4
VSX1_RNA,2.1682669466827065e-4
PCDHB16_RNA,2.16764907236211e-4
EN2_RNA,2.1666362590622157e-4
SPG21_RNA,2.161328011425212e-4
RAB13_RNA,2.1547588403336704e-4
CPSF4_RNA,2.1529701189137995e-4
PRDM16_RNA,2.1433629444800317e-4
CYP4F11_RNA,2.1418572578113526e-4
CBLN4_RNA,2.1398549142759293e-4
SOX10_RNA,2.1314533660188317e-4
MS4A15_RNA,2.1115747222211212e-4
SCIN_RNA,2.098389231832698e-4
C1D_RNA,2.085112064378336e-4
SNX10_RNA,2.069664333248511e-4
SNORD111_RNA,2.066376619040966e-4
CCDC110_RNA,2.0659838628489524e-4
KRI1_RNA,2.062762068817392e-4
TSPAN11_RNA,2.062665589619428e-4
DCUN1D2_RNA,2.0564647275023162e-4
FAM81B_RNA,2.049175527645275e-4
IL1R1_RNA,2.0372761355247349e-4
NAGPA_RNA,2.036119403783232e-4
GRIA1_RNA,2.0348628459032625e-4
SCRT2_RNA,2.0342785865068436e-4
ACER3_RNA,2.032573684118688e-4
FMN1_RNA,2.0276452414691448e-4
BLNK_RNA,2.023298729909584e-4
PCP4_RNA,2.020461397478357e-4
FASTKD1_RNA,2.0193529780954123e-4
SNRPC_RNA,2.0172493532299995e-4
SCN4B_RNA,2.0168839546386153e-4
TTBK1_RNA,1.996743812924251e-4
COL9A2_RNA,1.9920234626624733e-4
GAN_RNA,1.9886178779415786e-4
SFRP1_RNA,1.9837642321363091e-4
SUB1_RNA,1.981738314498216e-4
LRP4_RNA,1.9619771046563983e-4
RIMS2_RNA,1.9614576012827456e-4
ANTXR2_RNA,1.959294022526592e-4
G0S2_RNA,1.953130995389074e-4
HCG27_RNA,1.952502061612904e-4
DCLK2_RNA,1.9507536489982158e-4
PPP2R5B_RNA,1.9410013919696212e-4
CKAP2_RNA,1.9287285977043211e-4
CPA2_RNA,1.9131778390146792e-4
CASC2_RNA,1.905770186567679e-4
SP7_RNA,1.901016803458333e-4
COL8A2_RNA,1.8948056094814092e-4
RXRG_RNA,1.8872048531193286e-4
EXOSC5_RNA,1.8836738308891654e-4
CCK_RNA,1.8696082406677306e-4
GDNF_RNA,1.8498109420761466e-4
PLAT_RNA,1.8469290807843208e-4
LEO1_RNA,1.8327415455132723e-4
RNASET2_RNA,1.8274298054166138e-4
SLC48A1_RNA,1.8203910440206528e-4
RGPD3_RNA,1.8139493477065116e-4
SH3D19_RNA,1.8109551456291229e-4
TBR1_RNA,1.7998524708673358e-4
SYT1_RNA,1.797843142412603e-4
NEURL1B_RNA,1.793721312424168e-4
ZBTB48_RNA,1.793426345102489e-4
TET2_RNA,1.7918481898959726e-4
GABBR1_RNA,1.7876243509817868e-4
SORCS3_RNA,0.00017869535076897591
CRB2_RNA,1.7867155838757753e-4
APLNR_RNA,1.7678992298897356e-4
VGF_RNA,1.7619444406591356e-4
SLC26A1_RNA,1.760359009495005e-4
BTG4_RNA,1.7532972560729831e-4
IFI27L1_RNA,1.7527613090351224e-4
PNOC_RNA,1.7374640447087586e-4
ZNF669_RNA,1.7312722047790885e-4
CST9_RNA,1.7295562429353595e-4
FIGN_RNA,1.7272139666602015e-4
KCNK3_RNA,1.7188076162710786e-4
GJD2_RNA,1.7166642646770924e-4
TBX4_RNA,1.7153227236121893e-4
UBE2D2_RNA,1.7143615696113557e-4
GSPT2_RNA,1.7126159218605608e-4
S100A9_RNA,1.6978387429844588e-4
FAM43A_RNA,1.6831746324896812e-4
SERP2_RNA,1.668711774982512e-4
KCTD1_RNA,1.6548314306419343e-4
PDXP_RNA,1.650581689318642e-4
GADD45B_RNA,1.6502079961355776e-4
CLEC12A_RNA,1.6466235683765262e-4
TCN1_RNA,1.6439927276223898e-4
GOT2_RNA,1.6328917990904301e-4
RAET1L_RNA,1.6309012426063418e-4
LAMP1_RNA,1.615431538084522e-4
MGAT1_RNA,1.609386963536963e-4
CHP2_RNA,1.6065470117609948e-4
GDPD1_RNA,1.6015127766877413e-4
GIGYF2_RNA,1.5921678277663887e-4
NEK2_RNA,1.591016916790977e-4
NXPH3_RNA,1.5840589185245335e-4
PRDM2_RNA,1.5720707597211003e-4
CD226_RNA,1.5632068971171975e-4
APBB2_RNA,1.5564716886729002e-4
SIX2_RNA,1.556315692141652e-4
TRAF1_RNA,1.5506042109336704e-4
HSP90AA1_RNA,1.544491242384538e-4
CORO1A_RNA,1.5419090050272644e-4
PCDHGB6_RNA,1.5409129264298826e-4
NPPC_RNA,1.5359885583166033e-4
NECAB2_RNA,1.5197586617432535e-4
LRFN3_RNA,1.513605093350634e-4
CHRNB3_RNA,1.513392780907452e-4
POU4F1_RNA,1.5130419342312962e-4
CAPN9_RNA,1.507824199507013e-4
DERA_RNA,1.5067913045641035e-4
B3GALT6_RNA,1.5022617299109697e-4
MT1G_RNA,1.499127974966541e-4
NCKAP1L_RNA,1.492770534241572e-4
ZBTB1_RNA,1.491958391852677e-4
HPRT1_RNA,1.4914288476575166e-4
TMEM14A_RNA,1.489069836679846e-4
ZBTB8OS_RNA,1.4856515917927027e-4
TDO2_RNA,1.4853540051262826e-4
CBX6_RNA,1.4825256948824972e-4
CAPN7_RNA,1.4704895147588104e-4
PKDREJ_RNA,1.4602062583435327e-4
TNFRSF13C_RNA,1.450468844268471e-4
ADH4_RNA,1.44181729410775e-4
ITPKC_RNA,1.4170703070703894e-4
ARRDC2_RNA,1.414775033481419e-4
EIF2S1_RNA,1.4108004688750952e-4
MMP17_RNA,1.4085779548622668e-4
ZNF16_RNA,1.385701325489208e-4
CENPB_RNA,1.3809915981255472e-4
LMOD3_RNA,1.3690903142560273e-4
LCN1_RNA,1.3579579535871744e-4
SLC47A1_RNA,1.357689907308668e-4
NDUFV2_RNA,1.344176271231845e-4
ATP2B1_RNA,1.3400403258856386e-4
ALDH2_RNA,1.3397031580097973e-4
PGM1_RNA,1.3388202933128923e-4
OTUB2_RNA,1.3335626863408834e-4
C4orf50_RNA,1.3315703836269677e-4
RNF34_RNA,1.3300117279868573e-4
TWIST2_RNA,1.329195947619155e-4
ATF6_RNA,1.3277794641908258e-4
C3orf52_RNA,1.324584154644981e-4
SPTBN2_RNA,1.315570843871683e-4
WNT2_RNA,1.3067640247754753e-4
LRRC10B_RNA,1.2996997975278646e-4
TRIM46_RNA,1.2896127009298652e-4
CTSW_RNA,1.2886995682492852e-4
TSPAN5_RNA,1.2885834439657629e-4
RABGGTB_RNA,1.285785692743957e-4
MTA3_RNA,1.2754736235365272e-4
DNM3_RNA,1.2698567297775298e-4
DYNC1H1_RNA,1.2662891822401434e-4
ALCAM_RNA,1.260701537830755e-4
FGFR3_RNA,1.2593127030413598e-4
MYL3_RNA,1.252790680155158e-4
STMN2_RNA,1.252790098078549e-4
AASS_RNA,1.2474569666665047e-4
DFFA_RNA,1.244970626430586e-4
MEP1B_RNA,1.2420951679814607e-4
GNB3_RNA,1.2377221719361842e-4
GFRA4_RNA,1.2374862853903323e-4
NUDT21_RNA,1.233474467881024e-4
ZDHHC23_RNA,1.2179693294456229e-4
SCML4_RNA,1.2166784290457144e-4
SHQ1_RNA,1.2095079000573605e-4
CHN1_RNA,1.207746536238119e-4
CD300C_RNA,1.203202991746366e-4
HTR1D_RNA,1.2024200987070799e-4
CASP7_RNA,1.1980772978859022e-4
UBXN10_RNA,1.182396590593271e-4
PRRX2_RNA,1.1779717897297814e-4
KHDC1_RNA,1.1741860362235457e-4
PSPC1_RNA,1.1681949399644509e-4
IL6_RNA,1.1671613901853561e-4
ZNF488_RNA,1.1638162686722353e-4
SLC27A3_RNA,1.1629635991994292e-4
MMP7_RNA,1.1579381680348888e-4
RP1L1_RNA,1.1540469131432474e-4
DYTN_RNA,1.1402451491449028e-4
CENPM_RNA,1.137698272941634e-4
CNGA2_RNA,1.1238267325097695e-4
INTS8_RNA,1.1229646042920649e-4
GPR88_RNA,1.1197099229320884e-4
PEG3_RNA,1.117440770030953e-4
GCNT3_RNA,1.1134008673252538e-4
ALOX15B_RNA,1.1130122584290802e-4
ISLR2_RNA,1.1049593013012782e-4
PSMA5_RNA,1.0935738100670278e-4
SEC14L4_RNA,1.092513557523489e-4
TNFRSF4_RNA,1.0919971828116104e-4
PRSS16_RNA,1.0889326222240925e-4
CHMP2A_RNA,1.0724203457357362e-4
PTPN3_RNA,1.065968390321359e-4
ATP7B_RNA,1.0648349416442215e-4
RNF139_RNA,1.059164060279727e-4
SLC25A15_RNA,1.0543697135290131e-4
FGF10_RNA,1.0522000229684636e-4
DCT_RNA,1.0366659262217581e-4
CCDC18_RNA,1.0298845154466107e-4
RNF144A_RNA,1.0168534936383367e-4
CARD10_RNA,1.0117673082277179e-4
PURA_RNA,9.995012078434229e-5
BIN2_RNA,9.959875751519576e-5
SULT4A1_RNA,9.840683924267069e-5
SLC25A12_RNA,9.830985072767362e-5
SORCS1_RNA,9.813519136514515e-5
CABP7_RNA,9.804608271224424e-5
RASGRF1_RNA,9.759849490365013e-5
ZBTB7C_RNA,9.757169027579948e-5
SH2D4A_RNA,9.616609895601869e-5
MCM3_RNA,9.48301749303937e-5
TUBA4A_RNA,9.457459964323789e-5
CHD7_RNA,9.411596693098545e-5
CHL1_RNA,9.350546315545216e-5
PTPRJ_RNA,9.309668530477211e-5
PRKG1_RNA,9.303125261794776e-5
SIRT6_RNA,9.180191409541294e-5
E2F3_RNA,9.13776530069299e-5
MTUS2_RNA,9.124329517362639e-5
SMYD4_RNA,9.088826482184231e-5
SYT13_RNA,9.006355685414746e-5
SNORD114-3_RNA,8.968917973106727e-5
DNASE2B_RNA,8.967341273091733e-5
SF3A3_RNA,8.95032353582792e-5
ADRA2B_RNA,8.926627197070047e-5
CSDC2_RNA,8.88135182322003e-5
NKX2-8_RNA,8.835790504235774e-5
SMYD3_RNA,8.801743388175964e-5
MCOLN1_RNA,8.789499406702816e-5
SNRPE_RNA,8.769052510615438e-5
MYO1C_RNA,8.532271749572828e-5
PAH_RNA,8.527054887963459e-5
HSPA1B_RNA,8.48349227453582e-5
SH3GL2_RNA,8.481422992190346e-5
PRR3_RNA,8.463662379654124e-5
DLGAP5_RNA,8.393266034545377e-5
TMEFF2_RNA,8.390147559111938e-5
WSB2_RNA,8.387124398723245e-5
PCOLCE_RNA,8.38451596791856e-5
SYT5_RNA,8.344925299752504e-5
YEATS2_RNA,8.170607179636136e-5
KCNG1_RNA,8.140818681567907e-5
MFAP4_RNA,8.053193596424535e-5
TYMS_RNA,8.003403490874916e-5
HNF4G_RNA,7.974274194566533e-5
MAX_RNA,7.936261681606993e-5
GPX2_RNA,7.89233308751136e-5
CACNG3_RNA,7.855694275349379e-5
SEMA3F_RNA,7.825584907550365e-5
PROC_RNA,7.81860071583651e-5
NANOS1_RNA,7.813261618139222e-5
ABL2_RNA,7.792998076183721e-5
CRABP1_RNA,7.696849934291095e-5
L1CAM_RNA,7.57232410251163e-5
MLNR_RNA,7.539425860159099e-5
GHRHR_RNA,7.531047594966367e-5
DPYS_RNA,7.504487439291552e-5
KY_RNA,7.426307274727151e-5
CATSPER3_RNA,7.401892071356997e-5
FAT3_RNA,7.395826833089814e-5
TRPV5_RNA,7.364890188910067e-5
FOXQ1_RNA,7.363746408373117e-5
PTPN1_RNA,7.359737355727702e-5
DNAJC7_RNA,7.357029244303703e-5
SNORD115-19_RNA,7.324059697566554e-5
PMS1_RNA,7.244404696393758e-5
POLR3D_RNA,7.243296568049118e-5
PCDHB2_RNA,7.215791993075982e-5
C18orf32_RNA,7.199125684564933e-5
GAP43_RNA,7.138268847484142e-5
SCN9A_RNA,7.071109575917944e-5
FAM83G_RNA,7.060889765853062e-5
MMEL1_RNA,7.043608638923615e-5
GAPDH_RNA,6.964663043618202e-5
ANKRD35_RNA,6.929249502718449e-5
LARP4_RNA,6.809904880356044e-5
FSCN2_RNA,6.795059744035825e-5
PCDHB6_RNA,6.789455801481381e-5
MFAP1_RNA,6.623323861276731e-5
CAMK1G_RNA,6.553988350788131e-5
UBA5_RNA,6.28876659902744e-5
PAN3_RNA,6.282376125454903e-5
TLX1_RNA,6.257114000618458e-5
HKDC1_RNA,6.253445462789387e-5
CDK4_RNA,6.213228334672749e-5
CELP_RNA,6.1026057665003464e-5
RET_RNA,6.091225804993883e-5
RBM6_RNA,6.00066123297438e-5
FBP1_RNA,5.961091665085405e-5
TSPAN9_RNA,5.8940604503732175e-5
KIAA0319_RNA,5.8350040490040556e-5
ZP1_RNA,5.819549551233649e-5
RPS29_RNA,5.8194953453494236e-5
CDH12_RNA,5.752795550506562e-5
TYR_RNA,5.715217412216589e-5
NPTXR_RNA,5.684045754605904e-5
SLC6A12_RNA,5.662540934281424e-5
CLK4_RNA,5.65136106160935e-5
ARHGAP30_RNA,5.6395783758489415e-5
SQSTM1_RNA,5.6387740187346935e-5
EPHB2_RNA,5.609475920209661e-5
SHISA7_RNA,5.58341016585473e-5
EMX1_RNA,5.425081690191291e-5
CATSPERB_RNA,5.412655809777789e-5
GGH_RNA,5.401918679126538e-5
TNFRSF10D_RNA,5.2565974328899756e-5
IL12B_RNA,5.228989175520837e-5
GRIN2A_RNA,5.217171928961761e-5
ZNF83_RNA,5.085869997856207e-5
AADAT_RNA,5.059429895482026e-5
CHMP4A_RNA,4.83940020785667e-5
LIN9_RNA,4.8112757212948054e-5
REEP6_RNA,4.782381802215241e-5
CCDC136_RNA,4.773909313371405e-5
DNTTIP2_RNA,4.773858017870225e-5
DNAJC3_RNA,4.717681440524757e-5
MPZ_RNA,4.678477125708014e-5
TNFSF8_RNA,4.676003663917072e-5
FCGBP_RNA,4.651424023904838e-5
COLEC11_RNA,4.626370355254039e-5
DMWD_RNA,4.625484871212393e-5
MYO1B_RNA,4.611891563399695e-5
NR1I2_RNA,4.5962780859554186e-5
SEMA4A_RNA,4.524986434262246e-5
CENPT_RNA,4.5082324504619464e-5
GNAL_RNA,4.4985816202824935e-5
NKAIN1_RNA,4.398616874823347e-5
SUSD5_RNA,4.3805139284813777e-05
ACAN_RNA,4.2641804611776024e-5
MANSC1_RNA,4.137539508519694e-5
MMP9_RNA,4.099592842976563e-5
SAMM50_RNA,4.054098099004477e-5
MAP2K7_RNA,4.022528082714416e-5
PSORS1C2_RNA,3.9445101720048115e-5
FCRLA_RNA,3.7692763726226985e-5
RASAL3_RNA,3.733035919140093e-5
ZFAT_RNA,3.708707299665548e-5
SCN1B_RNA,3.597401155275293e-5
DLK1_RNA,3.5773195122601464e-5
AGAP3_RNA,3.558841854101047e-5
CHRM1_RNA,3.5539364034775645e-5
MAP4K5_RNA,3.5423505323706195e-5
FOXA1_RNA,3.538997771102004e-5
THBD_RNA,3.5299017326906323e-5
KCNQ5_RNA,3.514927811920643e-5
ZSCAN5B_RNA,3.510913302307017e-5
CA11_RNA,3.480025043245405e-5
CDK7_RNA,3.420246866880916e-5
HMGA2_RNA,3.419271160964854e-5
FAM180B_RNA,3.2870717404875904e-5
B9D2_RNA,3.237087730667554e-5
AP4S1_RNA,3.218131678295322e-5
CHTF18_RNA,3.2101586839416996e-5
RTTN_RNA,3.194813325535506e-5
GPC3_RNA,3.1680949177825823e-5
WNT11_RNA,3.1627896532882005e-5
CDKL2_RNA,3.145579103147611e-5
PLA2G7_RNA,3.0608476663473994e-5
PDYN_RNA,3.015980291820597e-5
NEAT1_RNA,3.006089355039876e-5
BBX_RNA,2.8912332709296606e-5
NUB1_RNA,2.8768015909008682e-5
SBK1_RNA,2.834058068401646e-5
PLS3_RNA,2.830388257279992e-5
BRI3BP_RNA,2.8234804631210864e-5
SNTA1_RNA,2.7066571419709362e-5
GAB3_RNA,2.6939193048747256e-5
ASB5_RNA,2.6059920855914243e-5
NEFH_RNA,2.598961509647779e-5
KIF3C_RNA,2.5987585104303434e-5
CYP4F2_RNA,2.436466093058698e-5
CXorf58_RNA,2.404461156402249e-5
NCKAP5_RNA,2.3614114979864098e-5
DPY30_RNA,2.2450984033639543e-5
LYPLAL1_RNA,2.1891421056352556e-5
WDR5B_RNA,2.1071040464448743e-5
HOXD10_RNA,2.065015723928809e-5
MARVELD1_RNA,1.9224822608521208e-5
RPL13P5_RNA,1.8326411009184085e-5
GALNT5_RNA,1.7579157429281622e-5
STS_RNA,1.7242360627278686e-5
ENTPD1_RNA,1.674296254350338e-5
EEF2K_RNA,1.614830398466438e-5
SEMA3C_RNA,1.5535717466264032e-5
COL4A1_RNA,1.5148235434025992e-5
ADAM19_RNA,1.4986286259954795e-5
FAM184B_RNA,1.4666416973341256e-5
TMEM41A_RNA,1.4167929293762427e-5
ABTB2_RNA,1.4132697288005147e-5
PLBD2_RNA,1.2892161976196803e-5
CNTN6_RNA,1.2837261238018982e-5
TRMT2B_RNA,1.2094423254893627e-5
CLSPN_RNA,1.1627021194726694e-5
LRRC55_RNA,1.1317661119392142e-5
CRLF1_RNA,9.378047252539545e-6
ITGA5_RNA,8.720717232790776e-6
ST6GAL2_RNA,8.4715702541871e-6
CAMTA2_RNA,8.140867976180743e-6
BRIX1_RNA,8.030998287722468e-6
HOXD11_RNA,7.3874834924936295e-6
NR0B2_RNA,6.801984909543535e-6
PCK1_RNA,6.4797259256010875e-6
CHST15_RNA,5.969665380689548e-6
CCDC33_RNA,5.59259297006065e-6
TGDS_RNA,5.355566827347502e-6
LRIG3_RNA,5.231586783338571e-6
UBOX5_RNA,4.600894044415327e-6
PRNP_RNA,4.575091224978678e-6
CXCL14_RNA,3.0351930035976693e-6
KRTAP5-8_RNA,2.993611815327313e-6
NFKB1_RNA,2.9118527891114354e-6
KCNA6_RNA,2.877355427699513e-6
RBM47_RNA,2.767673095149803e-6
NMD3_RNA,2.6218851871817606e-6
HS6ST3_RNA,2.422723127892823e-6
EID2B_RNA,1.8794830793922301e-6
SRD5A1_RNA,1.7457887224736623e-6
SSC5D_RNA,1.6904500625969376e-6
NR1H3_RNA,1.3727417353948113e-6
CLCN4_RNA,9.413262773705355e-7
TUBB_RNA,6.002750865263806e-7
SALL3_RNA,3.498619349784349e-8
SLC6A11_RNA,-2.61537053347638e-7
NCOA5_RNA,-1.2002421954093734e-6
PTPRD_RNA,-1.2196021543786628e-6
PHKG1_RNA,-2.550730187067529e-6
CAMK2A_RNA,-4.4086441448598634e-6
DCAF4_RNA,-4.550367066258332e-6
FKBP4_RNA,-4.646112301998073e-6
NDC80_RNA,-5.593348305410473e-6
PAWR_RNA,-8.528030775778461e-6
RAB35_RNA,-9.270737791666761e-6
JAKMIP1_RNA,-1.009668721962953e-5
MBOAT4_RNA,-1.048363083100412e-5
CHIT1_RNA,-1.1215799531782977e-5
PIP5K1A_RNA,-1.2102438631700352e-5
NMRAL1_RNA,-1.2654858437599614e-5
TXNDC16_RNA,-1.3972279703011736e-5
COL3A1_RNA,-1.4347666365210898e-5
BST1_RNA,-1.4502223166346084e-5
FAM41C_RNA,-1.5110594176803716e-5
WNT7B_RNA,-1.561040335218422e-5
THNSL2_RNA,-1.65018664119998e-5
TRH_RNA,-1.7055846910807304e-5
TIMP3_RNA,-1.7201047739945352e-5
KIF2C_RNA,-1.766036803019233e-5
WEE1_RNA,-1.8024527889792807e-5
SNX31_RNA,-1.822496415115893e-5
MYOD1_RNA,-1.8343513147556223e-5
LIPA_RNA,-1.8813310816767626e-5
TAS2R20_RNA,-1.8845124941435643e-5
SMC1B_RNA,-1.9301747670397162e-5
DSEL_RNA,-1.944718860613648e-5
TMTC2_RNA,-1.9945011445088312e-5
ISLR_RNA,-2.0274352209526114e-5
ITGA2_RNA,-2.1266727344482206e-5
MYLK4_RNA,-2.187733116443269e-5
WNT5B_RNA,-2.2474803699878976e-5
CCL23_RNA,-2.2499894839711487e-5
CD44_RNA,-2.344323365832679e-5
SNORA70C_RNA,-2.361814222240355e-5
MAGEA12_RNA,-2.511110869818367e-5
ANKRD37_RNA,-2.5606381313991733e-5
SLC4A5_RNA,-2.6167994292336516e-5
EXTL1_RNA,-2.6668483769753948e-5
FANCB_RNA,-2.677376505744178e-5
MR1_RNA,-2.702020174183417e-5
MIR376B_RNA,-2.7590847821556963e-5
SIGLEC1_RNA,-2.798505374812521e-5
MNS1_RNA,-2.812396087392699e-5
SLC5A3_RNA,-2.9636559702339582e-5
PHF13_RNA,-3.017956441908609e-5
MYC_RNA,-3.1463077903026715e-5
ATP4A_RNA,-3.155213562422432e-5
CAPN6_RNA,-3.197548721800558e-5
IQGAP3_RNA,-3.2303596526617184e-5
NTSR1_RNA,-3.275448034401052e-5
TCEA3_RNA,-3.295121496194042e-5
TNFRSF11A_RNA,-3.489666050882079e-5
ZBTB20_RNA,-3.61873499059584e-5
FANK1_RNA,-3.653784006019123e-5
TIMD4_RNA,-3.683939212351106e-5
GSG1_RNA,-3.734336496563628e-5
MRC2_RNA,-3.8721569580957294e-5
OR2AG2_RNA,-3.8866895920364186e-5
CR1_RNA,-3.914243643521331e-5
NFKBID_RNA,-3.960117828682996e-5
NRAP_RNA,-3.990839468315244e-5
TEX12_RNA,-3.994943108409643e-5
ZNF880_RNA,-4.128440923523158e-5
PLIN4_RNA,-4.1341267206007615e-5
GDAP1L1_RNA,-4.2292489524697885e-5
B3GAT2_RNA,-4.293056554161012e-5
CCNA2_RNA,-4.30814761784859e-5
USP44_RNA,-4.417562377057038e-5
ACTR3C_RNA,-4.4766995415557176e-5
TSLP_RNA,-4.6664965339004993e-5
TPX2_RNA,-4.6747547457925975e-5
WNT9B_RNA,-4.760606316267513e-5
ECEL1_RNA,-4.780948074767366e-5
BANF2_RNA,-4.848529351875186e-5
NFE2L1_RNA,-4.8647740186424926e-5
ZDHHC11_RNA,-4.932158481096849e-5
ATXN7L3_RNA,-4.9327394663123414e-5
TGS1_RNA,-4.9413181841373444e-5
NECAB3_RNA,-5.005763523513451e-5
C21orf58_RNA,-5.0752343668136746e-5
MIR300_RNA,-5.289130785968155e-5
FLJ16779_RNA,-5.2922270697308704e-5
RAD54L_RNA,-5.3817653679288924e-5
NHLH1_RNA,-5.4749587434343994e-5
PTP4A1_RNA,-5.4764870583312586e-5
ACIN1_RNA,-5.6425731600029394e-5
DGKH_RNA,-5.647715079248883e-5
FGF17_RNA,-5.650003731716424e-5
MAP1LC3C_RNA,-5.651452374877408e-5
ACTA2_RNA,-5.7092973293038085e-5
C1orf198_RNA,-5.812829112983309e-5
SCG2_RNA,-5.9102108934894204e-5
KCNA4_RNA,-6.045019836165011e-5
ATP6V1D_RNA,-6.061742169549689e-5
FANCE_RNA,-6.068424409022555e-5
SRL_RNA,-6.218774797162041e-5
ZBTB22_RNA,-6.234362081158906e-5
TNRC6C_RNA,-6.275547639233992e-5
SUCLA2_RNA,-6.292018224485219e-5
GNE_RNA,-6.300799577729777e-5
ADCK5_RNA,-6.313449557637796e-5
TLR10_RNA,-6.331197073450312e-5
AMZ2_RNA,-6.35255710221827e-5
TMEM59_RNA,-6.366229354171082e-5
RNF183_RNA,-6.605232192669064e-5
GPR153_RNA,-6.632324220845476e-5
PLLP_RNA,-6.687101267743856e-5
TSPAN31_RNA,-6.695553020108491e-5
HMX2_RNA,-6.712533649988472e-5
CRYBG3_RNA,-6.784527067793533e-5
FBP2_RNA,-6.823075091233477e-5
RPS28_RNA,-6.839031993877143e-5
SHKBP1_RNA,-6.849021883681417e-5
CLEC17A_RNA,-6.984125502640381e-5
ATP4B_RNA,-6.999190372880548e-5
KCND3_RNA,-7.031076529528946e-5
CAGE1_RNA,-7.160181121435016e-5
ZNF589_RNA,-7.197347440524027e-5
CMBL_RNA,-7.199258834589273e-5
C1orf226_RNA,-7.384659693343565e-5
RAPGEF6_RNA,-7.452717545675114e-5
FCER2_RNA,-7.567513966932893e-5
COQ6_RNA,-7.578759687021375e-5
IQCH_RNA,-7.611545879626647e-5
PSIP1_RNA,-7.693194493185729e-5
NPLOC4_RNA,-7.69349280744791e-5
ISL1_RNA,-7.731945515843108e-5
HSCB_RNA,-7.75512817199342e-5
CNTN2_RNA,-7.7658609370701015e-05
XIST_RNA,-7.782893953844905e-5
CCDC8_RNA,-7.795816054567695e-5
KIF20A_RNA,-7.915963942650706e-5
BAG5_RNA,-8.189137588487938e-5
CRTC3_RNA,-8.24194576125592e-5
AURKA_RNA,-8.305446681333706e-5
ODF4_RNA,-8.318258915096521e-5
LPCAT2_RNA,-8.419932419201359e-5
KRT71_RNA,-8.421548409387469e-5
NIT1_RNA,-8.71638985699974e-5
C9orf43_RNA,-8.730012632440776e-5
FUT2_RNA,-8.771995635470375e-5
LUZP2_RNA,-8.900758984964341e-5
PNPLA4_RNA,-8.923096902435645e-5
GFRA2_RNA,-8.923467248678207e-5
VSTM1_RNA,-9.03694744920358e-5
CAPS2_RNA,-9.107350342674181e-5
TOMM5_RNA,-9.121504990616813e-5
ADAM12_RNA,-9.133628918789327e-5
PRL_RNA,-9.194969607051462e-5
IRF2BP1_RNA,-9.215671161655337e-5
GLRA1_RNA,-9.279492951463908e-5
ZNF250_RNA,-9.287642023991793e-5
RHPN2_RNA,-9.340677934233099e-5
DLG2_RNA,-9.612766007194296e-5
THAP10_RNA,-9.75752409431152e-5
EIF4E1B_RNA,-9.778424282558262e-5
OLR1_RNA,-9.908997890306637e-5
SMO_RNA,-9.9317760032136e-5
ATAD3B_RNA,-9.952404798241332e-5
MTMR4_RNA,-1.0058127372758463e-4
LGI4_RNA,-1.0149994341190904e-4
TRUB1_RNA,-1.0196960647590458e-4
PGF_RNA,-1.0325646144337952e-4
RAB11B_RNA,-1.0337757703382522e-4
OPRM1_RNA,-1.0342566383769736e-4
UPRT_RNA,-1.0346397903049365e-4
SAC3D1_RNA,-1.0373567056376487e-4
PSMA3_RNA,-1.0383804328739643e-4
CCDC148_RNA,-1.0411179391667247e-4
UHRF1_RNA,-1.044726450345479e-4
CREBZF_RNA,-1.0461641795700416e-4
SALL1_RNA,-1.0540930816205218e-4
GDF5_RNA,-1.0569555888650939e-4
ADAMTS8_RNA,-1.0636212391545996e-4
ST6GALNAC3_RNA,-1.0822054173331708e-4
CHRND_RNA,-1.08727028418798e-4
NKX2-2_RNA,-1.0922526416834444e-4
LRP12_RNA,-1.094383915187791e-4
CHMP1A_RNA,-1.100257140933536e-4
MRPL35_RNA,-1.100626468542032e-4
C1orf115_RNA,-1.1099510447820649e-4
TIMM50_RNA,-1.1106862802989781e-4
HS6ST2_RNA,-1.1177661508554593e-4
NEURL2_RNA,-1.1271065886830911e-4
SLC17A1_RNA,-1.1361046199453995e-4
FCRL6_RNA,-1.146593494922854e-4
DDAH1_RNA,-1.1510495096445084e-4
PAPOLA_RNA,-1.1527380411280319e-4
CD83_RNA,-1.1642779281828552e-4
LGR5_RNA,-1.166024012491107e-4
TNMD_RNA,-1.1678526061587036e-4
HSPA4L_RNA,-1.1706897203112021e-4
SLIT1_RNA,-1.1716953304130584e-4
CDKN2B_RNA,-1.1752645514206961e-4
VTI1B_RNA,-1.1824450484709814e-4
COL4A2_RNA,-1.1838305363198742e-4
IYD_RNA,-1.185809524031356e-4
SERTAD4_RNA,-1.1875139898620546e-4
MEOX2_RNA,-1.1893103510374203e-4
SNORD82_RNA,-1.1913756316062063e-4
ONECUT2_RNA,-1.1918805830646306e-4
BTBD7_RNA,-1.1938843817915767e-4
C1QTNF4_RNA,-1.2058160791639239e-4
MMP23A_RNA,-1.2088636140106246e-4
ESYT2_RNA,-1.2103652989026159e-4
MYOM3_RNA,-1.2193217116873711e-4
CYB5B_RNA,-1.2193858128739521e-4
MIR1197_RNA,-1.2384052388370037e-4
ZNF354A_RNA,-1.2396763486322016e-4
AK7_RNA,-1.2459891149774194e-4
KBTBD12_RNA,-1.2479022552724928e-4
C2CD4A_RNA,-1.2485722254496068e-4
GRIA3_RNA,-1.261518191313371e-4
ARHGAP19_RNA,-1.2625849922187626e-4
LRRC61_RNA,-1.2706629058811814e-4
PTPRT_RNA,-1.2718691141344607e-4
SAP30L_RNA,-1.272164226975292e-4
SMARCA4_RNA,-1.275540271308273e-4
ALOX5AP_RNA,-1.2804042489733547e-4
KRT79_RNA,-1.2817984679713845e-4
FN3KRP_RNA,-1.2895467807538807e-4
SCG3_RNA,-1.3066780229564756e-4
MYO19_RNA,-1.3112153101246804e-4
TUBA1C_RNA,-1.3163297262508422e-4
RPS27_RNA,-1.3168514124117792e-4
PDLIM4_RNA,-1.3244792353361845e-4
ERBB3_RNA,-1.3283047883305699e-4
FCN2_RNA,-1.3350018707569689e-4
DYRK2_RNA,-1.3416762521956116e-4
PLAGL2_RNA,-1.350460952380672e-4
KCNA5_RNA,-1.3816235878039151e-4
PPP2R5D_RNA,-1.381831825710833e-4
IPO8_RNA,-1.3842347834724933e-4
C17orf67_RNA,-1.3883762585464865e-4
EXOSC7_RNA,-1.402330381097272e-4
HOPX_RNA,-1.4134793309494853e-4
CXCL1_RNA,-1.422089262632653e-4
CLTCL1_RNA,-1.4238228322938085e-4
DYDC2_RNA,-1.4257592556532472e-4
EPHA4_RNA,-1.4283736527431756e-4
CD9_RNA,-1.4317141904029995e-4
MYH15_RNA,-1.4334634761326015e-4
TFR2_RNA,-1.4352927973959595e-4
RFXAP_RNA,-1.440271153114736e-4
RAB6B_RNA,-1.4446160639636219e-4
IL13_RNA,-1.4461354294326156e-4
FAP_RNA,-1.4536325761582702e-4
PHF21B_RNA,-1.4541661948896945e-4
IL1B_RNA,-1.4574774831999093e-4
IQCD_RNA,-1.4601851580664515e-4
STON2_RNA,-1.460499333916232e-4
BCO2_RNA,-1.4613608072977513e-4
GADL1_RNA,-1.46366553963162e-4
ECHDC2_RNA,-1.4733847638126463e-4
NFE2L3_RNA,-1.4823472884017974e-4
MSLN_RNA,-1.489767018938437e-4
ZDHHC15_RNA,-1.4956928498577327e-4
KLK10_RNA,-1.4976668171584606e-4
CALCB_RNA,-1.4985041343607008e-4
ZNF181_RNA,-1.500960352132097e-4
STK33_RNA,-1.5125525533221662e-4
PACSIN2_RNA,-1.5157004236243665e-4
CXXC4_RNA,-1.5227406402118504e-4
FITM2_RNA,-1.5258550411090255e-4
NGEF_RNA,-1.5290500596165657e-4
BRF1_RNA,-1.5318187070079148e-4
RGL3_RNA,-1.5321541286539286e-4
ITGA3_RNA,-1.559191005071625e-4
VSTM2L_RNA,-1.5605901717208326e-4
HIVEP1_RNA,-1.5665889077354223e-4
PRR5_RNA,-1.5709128638263792e-4
CACNA1H_RNA,-1.5773370978422463e-4
EPHB6_RNA,-1.5789715689606965e-4
UROS_RNA,-1.5792906924616545e-4
LRRK1_RNA,-1.5902768063824624e-4
VSIG10L_RNA,-1.5940559387672693e-4
ACAA2_RNA,-1.5984081255737692e-4
CLEC4F_RNA,-1.6010449326131493e-4
TBC1D8B_RNA,-1.6062826034612954e-4
DLEU2_RNA,-1.6108626732602715e-4
PTX3_RNA,-1.6325153410434723e-4
C10orf105_RNA,-1.6376387793570757e-4
GNG7_RNA,-1.639681140659377e-4
ZCCHC7_RNA,-1.6418437007814646e-4
ILDR2_RNA,-1.6442578635178506e-4
FAM78A_RNA,-1.647970493650064e-4
PLXNA1_RNA,-1.6557943308725953e-4
SCNN1D_RNA,-1.6674956714268774e-4
MIR1180_RNA,-1.6686551680322737e-4
SPNS3_RNA,-1.6698411491233855e-4
SPOCD1_RNA,-1.6851432155817747e-4
PPP1R11_RNA,-1.6851924010552466e-4
ZNF468_RNA,-1.6894187137950212e-4
DCAF4L2_RNA,-1.6950634017121047e-4
AVPR2_RNA,-1.702077715890482e-4
STX10_RNA,-1.7022642714437097e-4
FERMT1_RNA,-1.7098333046305925e-4
THEM4_RNA,-1.7151179781649262e-4
GRIA2_RNA,-1.7266711802221835e-4
PMP2_RNA,-1.730053627397865e-4
HS3ST3B1_RNA,-1.7354429292026907e-4
SYCE2_RNA,-1.7458460933994502e-4
CHRNA5_RNA,-1.762077008606866e-4
CXCL6_RNA,-1.7742786440066993e-4
WDR88_RNA,-1.779036392690614e-4
ZBTB38_RNA,-1.7793824372347444e-4
MAP3K9_RNA,-1.7896541976369917e-4
PRSS33_RNA,-1.7899915110319853e-4
DNASE1L2_RNA,-1.8071466183755547e-4
CRMP1_RNA,-1.8077771528623998e-4
YY2_RNA,-1.8122226174455136e-4
OR52N1_RNA,-1.817861630115658e-4
SCEL_RNA,-1.8212477152701467e-4
EYA1_RNA,-1.8222074140794575e-4
UGT8_RNA,-1.8242275109514594e-4
ART5_RNA,-1.828493259381503e-4
OTUD7B_RNA,-1.8386215378995985e-4
LZTS1_RNA,-1.8389563774690032e-4
SOX1_RNA,-1.8410483608022332e-4
DNAH2_RNA,-1.8480596190784127e-4
TMEM87A_RNA,-1.866372476797551e-4
PCDHGA6_RNA,-1.8735443882178515e-4
AGTRAP_RNA,-1.8798520613927394e-4
JPH1_RNA,-1.8819507386069745e-4
CASQ1_RNA,-1.8860536511056125e-4
MN1_RNA,-1.889264676719904e-4
CCDC89_RNA,-1.8978797015734017e-4
CCDC121_RNA,-1.9013494602404535e-4
DYNC1I1_RNA,-1.9014983263332397e-4
MAMSTR_RNA,-1.902561343740672e-4
TDRD6_RNA,-1.9068554684054106e-4
PCP4L1_RNA,-1.9084123778156936e-4
DLGAP2_RNA,-1.9096846517641097e-4
PCDHGA7_RNA,-1.9160358351655304e-4
UGT1A6_RNA,-1.9267880998086184e-4
TARBP2_RNA,-1.930948783410713e-4
NFKB2_RNA,-1.9393887487240136e-4
NUCB1_RNA,-1.9398797303438187e-4
JAKMIP2_RNA,-1.943665702128783e-4
DLL1_RNA,-1.957569329533726e-4
PDE9A_RNA,-1.9614251505117863e-4
SOHLH1_RNA,-1.9631969917099923e-4
ADAMTS15_RNA,-1.96565204532817e-4
TMPRSS13_RNA,-1.9720374257303774e-4
KCNV1_RNA,-1.9779075228143483e-4
TINAG_RNA,-1.983808324439451e-4
SLC22A3_RNA,-1.9894837168976665e-4
METRNL_RNA,-1.999260566662997e-4
ETV6_RNA,-2.0039937226101756e-4
BBS5_RNA,-2.0089045574422926e-4
CYP2U1_RNA,-2.0106697047594935e-4
SLC22A11_RNA,-2.012285840464756e-4
FMO3_RNA,-2.017926162807271e-4
WBP1_RNA,-2.0217461860738695e-4
ELOVL2_RNA,-2.0218946156091988e-4
PAK2_RNA,-2.0233989926055074e-4
CDH15_RNA,-2.029355673585087e-4
ZBTB44_RNA,-2.0456398488022387e-4
MTX3_RNA,-2.053003991022706e-4
PGRMC1_RNA,-2.0550849149003625e-4
LHFPL3_RNA,-2.0624262106139213e-4
LAT2_RNA,-2.067180903395638e-4
KIF1C_RNA,-2.0863751706201583e-4
GLIPR1L1_RNA,-2.090363996103406e-4
TMEM132B_RNA,-2.0955504442099482e-4
CFDP1_RNA,-2.0982841670047492e-4
STK11IP_RNA,-2.1014850062783808e-4
TCTE1_RNA,-2.105403400491923e-4
NPSR1_RNA,-2.1059521532151848e-4
CSPP1_RNA,-2.110920613631606e-4
CPA1_RNA,-2.115943207172677e-4
EBF3_RNA,-2.126192266587168e-4
LILRA4_RNA,-2.1284076501615345e-4
ARHGEF4_RNA,-2.1295053011272103e-4
NUFIP2_RNA,-2.1311591262929142e-4
CCDC69_RNA,-2.1355865465011448e-4
WDR64_RNA,-2.136680850526318e-4
ELMO1_RNA,-2.1397371892817318e-4
PNPLA6_RNA,-2.1435612870845944e-4
ACADL_RNA,-2.1484507306013256e-4
TBXA2R_RNA,-2.1487742196768522e-4
ELK1_RNA,-2.1567776275333017e-4
C1orf220_RNA,-2.1576651488430798e-4
RRP1_RNA,-2.1623779321089387e-4
RHOT1_RNA,-2.1636071323882788e-4
GPR83_RNA,-2.1693493181373924e-4
DAXX_RNA,-2.1783974079880863e-4
PTK2_RNA,-2.187626960221678e-4
XPNPEP3_RNA,-2.1899353305343539e-4
MRPS18C_RNA,-2.1952096722088754e-4
MAGOHB_RNA,-2.198309957748279e-4
KIF4A_RNA,-2.204693155363202e-4
NOX4_RNA,-2.2048053506296128e-4
DEPDC1B_RNA,-2.2121654183138162e-4
TSPAN19_RNA,-2.2172524768393487e-4
C17orf50_RNA,-2.219152229372412e-4
POP1_RNA,-2.2216235811356455e-4
PRB3_RNA,-0.00022256934607867151
SMAGP_RNA,-2.2505583183374256e-4
PPP2R3A_RNA,-2.2559406352229416e-4
PRRT2_RNA,-2.2563735547009856e-4
EHHADH_RNA,-2.2622992401011288e-4
KCNC1_RNA,-2.264349750475958e-4
TRIM67_RNA,-2.2716005332767963e-4
KLF6_RNA,-2.2769109637010843e-4
TNFRSF8_RNA,-2.2817874560132623e-4
BST2_RNA,-2.2900007024873048e-4
ERMP1_RNA,-2.3008098651189357e-4
PCDH20_RNA,-2.3106916341930628e-4
KLHL7_RNA,-2.3175358364824206e-4
MIR598_RNA,-2.3242707538884133e-4
PDX1_RNA,-2.3300379689317197e-4
VPS26A_RNA,-2.3347621026914567e-4
GRAMD1C_RNA,-2.3402278020512313e-4
MFN2_RNA,-2.3445827537216246e-4
PDCD1_RNA,-2.35088707995601e-4
HTR1A_RNA,-2.3510582104790956e-4
BRIP1_RNA,-2.3559357214253396e-4
FLRT3_RNA,-2.3611696087755263e-4
TSNAXIP1_RNA,-2.3635989055037498e-4
NOS1_RNA,-2.380122896283865e-4
FOXI3_RNA,-2.3831997532397509e-4
TMEM98_RNA,-2.3910647723823786e-4
NUF2_RNA,-2.3927161237224936e-4
RARB_RNA,-2.4048221530392766e-4
CYP2W1_RNA,-2.4129102530423552e-4
LRRC1_RNA,-2.4136943102348596e-4
LBP_RNA,-2.4171614495571703e-4
CHCHD10_RNA,-2.4234330339822918e-4
CLVS2_RNA,-2.4293153546750546e-4
EPHB1_RNA,-2.4300083168782294e-4
APOM_RNA,-2.4417604436166584e-4
MCM7_RNA,-2.445567515678704e-4
PRMT8_RNA,-2.4529508664272726e-4
TPBG_RNA,-2.4817351368255913e-4
CAMKV_RNA,-2.4822604609653354e-4
ZNF611_RNA,-2.4912547087296844e-4
PCK2_RNA,-2.4961205781437457e-4
G6PC2_RNA,-2.5006814394146204e-4
RPL27_RNA,-2.5086765526793897e-4
TSSK4_RNA,-2.509354380890727e-4
LAIR1_RNA,-2.5097778416238725e-4
ZNF205_RNA,-2.5106171960942447e-4
SDCBP_RNA,-2.510898339096457e-4
HEXA_RNA,-2.515288651920855e-4
MIR411_RNA,-2.5153084425255656e-4
AMT_RNA,-2.5168395950458944e-4
WIF1_RNA,-2.5207927683368325e-4
MATN2_RNA,-2.521914429962635e-4
DRAM2_RNA,-2.522757276892662e-4
ELN_RNA,-2.528166223783046e-4
SEZ6L2_RNA,-2.5457903393544257e-4
RCBTB1_RNA,-2.546212635934353e-4
PRRG1_RNA,-2.550051431171596e-4
VAV1_RNA,-2.553548838477582e-4
WIPF3_RNA,-2.5600596563890576e-4
HK3_RNA,-2.564367896411568e-4
TRIM35_RNA,-2.5652474141679704e-4
PRLR_RNA,-2.5748266489245e-4
PPA1_RNA,-2.5773054221645e-4
DDIT4L_RNA,-2.581521694082767e-4
CCIN_RNA,-2.5912694400176406e-4
SLC22A15_RNA,-2.594950492493808e-4
BAIAP3_RNA,-2.6047989376820624e-4
TYRP1_RNA,-2.6064945268444717e-4
ATOH1_RNA,-2.6085751596838236e-4
TMEM198_RNA,-2.6104008429683745e-4
GMPS_RNA,-2.6129858451895416e-4
IRX5_RNA,-2.617809223011136e-4
VKORC1_RNA,-2.61855311691761e-4
OTP_RNA,-2.619338338263333e-4
PAEP_RNA,-2.621640160214156e-4
LYST_RNA,-2.623081090860069e-4
TMEM177_RNA,-2.626165223773569e-4
RNF7_RNA,-2.631547104101628e-4
PRELP_RNA,-2.655601711012423e-4
ITGA8_RNA,-2.6714219711720943e-4
FRMPD2_RNA,-2.6754214195534587e-4
AGAP2_RNA,-2.6763888308778405e-4
VDR_RNA,-2.6803428772836924e-4
WFIKKN2_RNA,-2.6892274036072195e-4
C2orf72_RNA,-2.691058616619557e-4
FAR2_RNA,-2.691881381906569e-4
MAOB_RNA,-2.6980743859894574e-4
FADS3_RNA,-2.698416938073933e-4
SLC17A8_RNA,-2.701801713556051e-4
KRTAP5-11_RNA,-2.704070939216763e-4
DNAJC24_RNA,-2.7046637842431664e-4
CCDC78_RNA,-2.7130157104693353e-4
SNX30_RNA,-2.7138233417645097e-4
CACNG7_RNA,-2.721875498536974e-4
ELFN2_RNA,-2.724458172451705e-4
NEK5_RNA,-2.73016223218292e-4
CDH3_RNA,-2.7311677695252e-4
SPRED3_RNA,-2.7468320331536233e-4
ZIC1_RNA,-2.7747623971663415e-4
POP4_RNA,-2.7772478642873466e-4
COL25A1_RNA,-2.7789617888629436e-4
ST8SIA1_RNA,-2.779259521048516e-4
AMY2B_RNA,-2.79327534371987e-4
GCNT7_RNA,-2.806397096719593e-4
SLC2A12_RNA,-2.811152662616223e-4
C1orf87_RNA,-2.8128206031396985e-4
HPGD_RNA,-2.8193843900226057e-4
RIPK4_RNA,-2.820597728714347e-4
EFR3B_RNA,-2.8241652762517333e-4
MAGEB2_RNA,-2.8247933369129896e-4
COL1A1_RNA,-2.8276757802814245e-4
GHRH_RNA,-2.82807246549055e-4
DHX35_RNA,-2.8411627863533795e-4
PI15_RNA,-2.8623195248655975e-4
ZP3_RNA,-2.8633506735786796e-4
SVEP1_RNA,-2.866586728487164e-4
IFITM2_RNA,-2.8690832550637424e-4
TMIE_RNA,-2.8710428159683943e-4
SAR1B_RNA,-2.8738906257785857e-4
LONRF1_RNA,-2.875372301787138e-4
MYT1L_RNA,-2.8777681291103363e-4
VWA5A_RNA,-2.8824195032939315e-4
ITPR3_RNA,-2.8863773331977427e-4
PCDHA10_RNA,-2.890080795623362e-4
HOXA4_RNA,-2.893473138101399e-4
AK3_RNA,-2.910792245529592e-4
EZH2_RNA,-2.912610652856529e-4
MIMT1_RNA,-2.9210763750597835e-4
TKTL1_RNA,-2.9239722061902285e-4
WDTC1_RNA,-2.930968767032027e-4
DTNA_RNA,-2.9403151711449027e-4
MMP28_RNA,-2.9409443959593773e-4
SLC38A11_RNA,-2.9418463236652315e-4
KLHDC8A_RNA,-2.944691223092377e-4
MGC12916_RNA,-2.946369640994817e-4
DBNL_RNA,-2.947725588455796e-4
HAP1_RNA,-2.9585760785266757e-4
MIR556_RNA,-2.961018471978605e-4
PTPN6_RNA,-2.964698651339859e-4
TESC_RNA,-2.9661611188203096e-4
SMAP1_RNA,-2.9668540810234845e-4
OR6B3_RNA,-2.9708087095059454e-4
CBLC_RNA,-2.9753523995168507e-4
C7orf57_RNA,-2.9844531673006713e-4
ME3_RNA,-2.991151122841984e-4
VEPH1_RNA,-2.9985056607984006e-4
GALNT10_RNA,-3.0135075212456286e-4
RPGRIP1_RNA,-3.013817477039993e-4
SPAG8_RNA,-3.014361718669534e-4
TMEM51_RNA,-3.01701104035601e-4
MPST_RNA,-3.0192118720151484e-4
RORC_RNA,-3.026433405466378e-4
NPAS2_RNA,-3.0281799263320863e-4
SDR16C5_RNA,-3.0293205054476857e-4
TSSK6_RNA,-3.0305044492706656e-4
GNL3L_RNA,-3.033595276065171e-4
LTF_RNA,-3.044594486709684e-4
RIMS4_RNA,-3.0446515302173793e-4
OXT_RNA,-3.0465275631286204e-4
PPP2R1A_RNA,-3.0480476561933756e-4
HSPA2_RNA,-3.0660018092021346e-4
PBX3_RNA,-3.0713024898432195e-4
LIMS2_RNA,-3.0735356267541647e-4
HOXA3_RNA,-3.075540589634329e-4
CD14_RNA,-3.09361785184592e-4
DOCK6_RNA,-3.0965410405769944e-4
EN1_RNA,-3.106343501713127e-4
BCL2L2_RNA,-3.1141130602918565e-4
TMEM61_RNA,-3.115261788479984e-4
KLHL23_RNA,-3.120983310509473e-4
PODXL2_RNA,-3.122193447779864e-4
RABL2A_RNA,-3.1246343860402703e-4
ELMOD1_RNA,-3.1349147320725024e-4
DAAM1_RNA,-3.1455844873562455e-4
WDR77_RNA,-3.1478420714847744e-4
SELE_RNA,-3.152408462483436e-4
PAQR6_RNA,-3.1535470043309033e-4
ADAMTS19_RNA,-3.156163147650659e-4
EHMT2_RNA,-3.1562166986986995e-4
GAST_RNA,-3.169093106407672e-4
ABCB7_RNA,-3.1748705077916384e-4
CNST_RNA,-3.183578955940902e-4
RAMP3_RNA,-3.1880871392786503e-4
ZNF251_RNA,-3.194494638592005e-4
DAPK2_RNA,-3.1962458160705864e-4
THUMPD2_RNA,-3.1980822677724063e-4
MIB1_RNA,-3.2005098182708025e-4
HOXB13_RNA,-3.2081236713565886e-4
HELB_RNA,-3.2082287361845374e-4
KCNA3_RNA,-3.2136301160790026e-4
TMEM215_RNA,-3.2163033029064536e-4
CAV1_RNA,-3.224852553103119e-4
BOC_RNA,-3.2257960992865264e-4
PFKFB2_RNA,-3.226066764909774e-4
TRPC4_RNA,-3.2456728513352573e-4
HOXC13_RNA,-3.261126403231174e-4
HSPB2_RNA,-3.2686491613276303e-4
DCPS_RNA,-3.275278431829065e-4
NOL4_RNA,-3.2863012165762484e-4
ITGAX_RNA,-3.290466556791216e-4
SPTB_RNA,-3.305855789221823e-4
MASTL_RNA,-3.3133066608570516e-4
NPAS1_RNA,-3.3255579182878137e-4
ZFP36L2_RNA,-3.3261082717217505e-4
DBF4_RNA,-3.3373216865584254e-4
TREH_RNA,-3.340989351272583e-4
RASA1_RNA,-3.345987934153527e-4
IL17RE_RNA,-3.3523558522574604e-4
FBXL13_RNA,-3.352558705955744e-4
BCAS1_RNA,-3.3571955282241106e-4
HOXA10_RNA,-3.358653048053384e-4
DIO3OS_RNA,-3.363032010383904e-4
CCDC82_RNA,-3.365366137586534e-4
FGFR4_RNA,-3.370103077031672e-4
CADM3_RNA,-3.377186367288232e-4
KIF5C_RNA,-3.378794644959271e-4
NUP155_RNA,-3.379658155608922e-4
COX6B1_RNA,-3.3813357003964484e-4
CCT6A_RNA,-3.384558658581227e-4
RRAD_RNA,-3.3980124862864614e-4
FAM20C_RNA,-3.4112893627025187e-4
SPINK1_RNA,-3.4134607994928956e-4
TRIM63_RNA,-3.415186074562371e-4
ADAMTS12_RNA,-3.4203677205368876e-4
KLF17_RNA,-3.424246679060161e-4
SMOC2_RNA,-3.425053146202117e-4
CSF2RB_RNA,-3.4460725146345794e-4
CTDSP2_RNA,-3.450837393756956e-4
BCL2L11_RNA,-3.457886341493577e-4
IKZF1_RNA,-3.466342168394476e-4
STAG3_RNA,-3.49020236171782e-4
SLC26A11_RNA,-3.495873243082315e-4
CDC42EP5_RNA,-3.4992460859939456e-4
SEC61G_RNA,-3.5072609898634255e-4
CHRNA1_RNA,-3.510347451083362e-4
LHB_RNA,-3.512736293487251e-4
DGCR6L_RNA,-3.516306751407683e-4
PLP1_RNA,-3.516654542181641e-4
AMPD1_RNA,-3.5180209670215845e-4
COL4A4_RNA,-3.5192634095437825e-4
CCL17_RNA,-3.521644393913448e-4
TFCP2_RNA,-3.5303024924360216e-4
VIPR2_RNA,-3.544915816746652e-4
DHRS12_RNA,-3.545476356521249e-4
AP4M1_RNA,-3.5464452230371535e-4
CDCA8_RNA,-3.553203714545816e-4
DNAI1_RNA,-3.554074210114777e-4
TGM6_RNA,-3.557458403520286e-4
POPDC2_RNA,-3.55974945705384e-4
ZNF580_RNA,-3.5658321576192975e-4
RCOR2_RNA,-3.570860135369003e-4
DEPDC1_RNA,-3.5723025212064385e-4
SLC10A4_RNA,-3.576281596906483e-4
CHI3L2_RNA,-3.5858291084878147e-4
KIAA1755_RNA,-3.5869335988536477e-4
REEP5_RNA,-3.587468236219138e-4
RAD54B_RNA,-3.592167340684682e-4
TBC1D7_RNA,-3.5934889456257224e-4
PAPPA_RNA,-3.5994109930470586e-4
KLHL26_RNA,-3.603824006859213e-4
MAP2_RNA,-3.607315302360803e-4
PCDHAC1_RNA,-3.616390167735517e-4
SERPINB7_RNA,-3.616488247644156e-4
SULT1A1_RNA,-3.617109323386103e-4
CTXN3_RNA,-3.619678027462214e-4
ERAP2_RNA,-3.621468786150217e-4
CCDC77_RNA,-3.623604716267437e-4
DNM1_RNA,-3.6258361069485545e-4
MTHFD1_RNA,-3.628270060289651e-4
HORMAD2_RNA,-3.629238635767251e-4
KCNK10_RNA,-3.6373978946357965e-4
NUDC_RNA,-3.654570609796792e-4
IFITM1_RNA,-3.660815127659589e-4
ASCL1_RNA,-3.6663294304162264e-4
BEST2_RNA,-3.690012381412089e-4
ZNF665_RNA,-3.695237683132291e-4
NIPAL1_RNA,-3.6957403062842786e-4
RNH1_RNA,-3.697376814670861e-4
MOXD1_RNA,-3.6975237890146673e-4
RGS11_RNA,-3.6977577838115394e-4
ARL8A_RNA,-3.703187103383243e-4
MIR494_RNA,-3.712420875672251e-4
GGT6_RNA,-3.718727675732225e-4
DNER_RNA,-3.7220504600554705e-4
ROS1_RNA,-3.725491988006979e-4
HOXA13_RNA,-3.7300848634913564e-4
KIF13A_RNA,-3.739509847946465e-4
MEGF11_RNA,-3.7414056714624166e-4
HOXD13_RNA,-3.741780819837004e-4
PNPLA3_RNA,-3.742175467777997e-4
LILRA2_RNA,-3.742218541447073e-4
SIPA1L2_RNA,-3.75048432033509e-4
ANKRD1_RNA,-3.756160440389067e-4
WDR53_RNA,-3.7576103932224214e-4
GLCE_RNA,-3.766676236409694e-4
PRC1_RNA,-3.7740892730653286e-4
SNCAIP_RNA,-3.779367252718657e-4
KIF25_RNA,-3.7814598181284964e-4
RBMXL3_RNA,-3.7816696567460895e-4
MTUS1_RNA,-3.783665015362203e-4
CDS2_RNA,-3.7869412335567176e-4
GRK7_RNA,-3.7978641921654344e-4
TGM4_RNA,-3.7993400474078953e-4
CYP4F3_RNA,-3.808709734585136e-4
BUB1B_RNA,-3.8117606891319156e-4
PDSS2_RNA,-3.812614013440907e-4
MYOC_RNA,-3.8146134465932846e-4
C6orf132_RNA,-3.82059981347993e-4
SLC17A6_RNA,-3.8236496038734913e-4
CPS1_RNA,-3.830404893960804e-4
ALOX5_RNA,-3.8306365604512393e-4
MGC15885_RNA,-3.831871727015823e-4
HEY2_RNA,-3.8341182516887784e-4
SENP7_RNA,-3.8418578333221376e-4
STAC2_RNA,-3.8557054358534515e-4
DHX33_RNA,-3.867488703690469e-4
ASB7_RNA,-3.875265538226813e-4
HMGB4_RNA,-3.878480929415673e-4
RPH3A_RNA,-3.8904024404473603e-4
BDKRB2_RNA,-3.8998166564852e-4
MYOZ3_RNA,-3.9029231993481517e-4
CPNE4_RNA,-3.909234656020999e-4
LDLR_RNA,-3.914975968655199e-4
FOXO3_RNA,-3.9207906229421496e-4
FNDC1_RNA,-3.9216355071403086e-4
SLC30A5_RNA,-3.938610025215894e-4
FGF22_RNA,-3.9393920451402664e-4
RICTOR_RNA,-3.940710157621652e-4
PHC2_RNA,-3.941378672607243e-4
CDK11A_RNA,-3.951496910303831e-4
GAS7_RNA,-3.955182619392872e-4
PI3_RNA,-3.9579844451509416e-4
PCDHB9_RNA,-3.958565939683467e-4
KCNJ15_RNA,-3.9608747465536e-4
HTATIP2_RNA,-3.9656873559579253e-4
SHANK2_RNA,-3.971234255004674e-4
XRCC2_RNA,-3.9738768828101456e-4
IGSF10_RNA,-3.9787415880709887e-4
CCDC88C_RNA,-3.979825705755502e-4
POSTN_RNA,-3.9825119893066585e-4
LRRCC1_RNA,-3.983995702583343e-4
PPM1E_RNA,-3.990538534708321e-4
GOLGB1_RNA,-3.9943589945323765e-4
TMEM132E_RNA,-3.996666055172682e-4
UCP1_RNA,-3.997634630650282e-4
GREM2_RNA,-4.002644564025104e-4
LOXL1_RNA,-4.003955109510571e-4
FAM114A2_RNA,-4.011744458694011e-4
WDR31_RNA,-4.014401347376406e-4
UPK3B_RNA,-4.0160302887670696e-4
CADM1_RNA,-4.032875585835427e-4
CLEC12B_RNA,-4.039432678837329e-4
GLUD1_RNA,-4.0404705214314163e-4
DACT1_RNA,-4.0450255619361997e-4
PZP_RNA,-4.045436508022249e-4
PRAMEF12_RNA,-4.048749979119748e-4
EFNA5_RNA,-4.0649171569384634e-4
WNK3_RNA,-4.073011805303395e-4
CDKN2C_RNA,-4.0832930244505405e-4
CUZD1_RNA,-4.092065501026809e-4
GLT8D2_RNA,-4.092369636055082e-4
PRKAR1B_RNA,-4.0940498001873493e-4
FAM161A_RNA,-4.095906624570489e-4
S100A13_RNA,-4.0965399239212275e-4
IFT88_RNA,-4.117809294257313e-4
PRKX_RNA,-4.122418467886746e-4
NAMPT_RNA,-4.1224935557693243e-4
GPR155_RNA,-4.123721446376294e-4
FAHD1_RNA,-4.128942673560232e-4
PITX2_RNA,-4.1379782487638295e-4
NOL3_RNA,-4.143960541114211e-4
MED9_RNA,-4.1474835597909987e-4
SYNGR3_RNA,-4.163008416071534e-4
HMGA1_RNA,-4.170993634033948e-4
P2RY11_RNA,-4.1772148688323796e-4
DAP3_RNA,-4.177635710220784e-4
SEZ6_RNA,-4.1827853419817984e-4
TMEM216_RNA,-4.1853287257254124e-4
TDRD7_RNA,-4.190694889985025e-4
SLC8A1_RNA,-4.204105644021183e-4
LAMA4_RNA,-4.208069294691086e-4
BTN2A2_RNA,-4.2141127050854266e-4
B4GALT5_RNA,-4.215021908748895e-4
TDRD10_RNA,-4.215726803522557e-4
PTGDR_RNA,-4.21825418015942e-4
STBD1_RNA,-4.2190426029264927e-4
COCH_RNA,-4.219574620947242e-4
GTF3C6_RNA,-4.225664015393704e-4
TFPI_RNA,-4.2268846300430596e-4
EXD1_RNA,-4.235496453475207e-4
DYNLL2_RNA,-4.238682158757001e-4
TMTC1_RNA,-4.240585840307176e-4
RALGDS_RNA,-4.2479592957533896e-4
PPM1F_RNA,-4.2532922816462815e-4
TLX3_RNA,-4.256462852936238e-4
ZNF233_RNA,-4.2618680163286626e-4
FAM149B1_RNA,-4.2635592399165034e-4
INTS3_RNA,-4.269297351129353e-4
VRK3_RNA,-4.275427490938455e-4
TMEM233_RNA,-4.28642553742975e-4
PDE7B_RNA,-4.294731770642102e-4
CHST13_RNA,-4.3100788025185466e-4
IDH1_RNA,-4.3132907012477517e-4
UBL4B_RNA,-4.316960694268346e-4
GLIPR1L2_RNA,-4.319431318435818e-4
BCL2_RNA,-4.322697641327977e-4
SPATA1_RNA,-4.3266118154861033e-4
PPP2R2D_RNA,-4.327155475039035e-4
AMPH_RNA,-4.3285367428325117e-4
ZNF628_RNA,-4.340751329436898e-4
MXRA8_RNA,-4.3436759733594954e-4
MICALL2_RNA,-4.3482930050231516e-4
CHMP4C_RNA,-4.3546673259697855e-4
DDR2_RNA,-4.356962745077908e-4
CGREF1_RNA,-4.3654453475028276e-4
AWAT2_RNA,-4.3776672100648284e-4
PCOLCE2_RNA,-4.380616301205009e-4
LDHC_RNA,-4.3836544500663877e-4
VTRNA1-2_RNA,-4.3978673056699336e-4
FAF1_RNA,-4.4033912126906216e-4
C1QL1_RNA,-4.4036543113179505e-4
PPFIA4_RNA,-4.403978819027543e-4
CD248_RNA,-4.4045658432878554e-4
RFPL2_RNA,-0.00044075108598917723
GPD1_RNA,-4.4289781362749636e-4
SYCP3_RNA,-0.00044300631270743906
SLC22A1_RNA,-4.4412974966689944e-4
PPP1R3C_RNA,-4.4446164974942803e-4
SPAG9_RNA,-4.4616303057409823e-4
DZIP1_RNA,-4.461912321858108e-4
LIMD2_RNA,-4.463068034965545e-4
SUDS3_RNA,-4.468995612114668e-4
RALYL_RNA,-4.4774607522413135e-4
TBC1D10A_RNA,-4.4803592027164996e-4
KCNJ6_RNA,-4.4878019252792e-4
IQCK_RNA,-4.496194014791399e-4
MSH2_RNA,-4.505493852775544e-4
RGS22_RNA,-4.507081466726959e-4
LTBP1_RNA,-4.5174267143011093e-4
PLD5_RNA,-4.5188827789388597e-4
SOX8_RNA,-4.519691865425557e-4
CHAF1B_RNA,-4.520246584434062e-4
GSDMD_RNA,-4.523152601905167e-4
HECW1_RNA,-4.528330755420029e-4
TRIML2_RNA,-4.528566205408424e-4
TRPM4_RNA,-4.531356389634311e-4
ANKRD28_RNA,-4.531996382866055e-4
ZFP62_RNA,-4.5322388177737594e-4
C2orf80_RNA,-4.5357528142631054e-4
SCPEP1_RNA,-4.5386713463813066e-4
NBEA_RNA,-4.5387979480437934e-4
OTX1_RNA,-4.5407889410853386e-4
SLC30A3_RNA,-4.546346317511052e-4
SIM2_RNA,-4.549988661892712e-4
MIOX_RNA,-4.551270103547722e-4
NAP1L2_RNA,-4.551374586299062e-4
GNAT2_RNA,-4.5558842248283327e-4
MARCO_RNA,-4.5654046698473394e-4
ACSBG1_RNA,-4.569458251353353e-4
LFNG_RNA,-4.5699585461989045e-4
MSC_RNA,-4.5753191807307303e-4
RNF38_RNA,-4.5819347724318504e-4
HOXD3_RNA,-4.582093097269535e-4
LOXL3_RNA,-0.00045862345723435283
LRCH3_RNA,-4.590079770423472e-4
ZFAND3_RNA,-4.6058156294748187e-4
AP4B1_RNA,-4.6084154746495187e-4
PIK3C2B_RNA,-4.615410871338099e-4
KRT12_RNA,-4.6182703226804733e-4
B4GALNT3_RNA,-4.619562823791057e-4
CHRNB1_RNA,-4.623365239240229e-4
CA9_RNA,-4.626228765118867e-4
ATP1B1_RNA,-4.626710433512926e-4
FZD8_RNA,-4.6275119530037045e-4
TNFRSF21_RNA,-4.6346141607500613e-4
TAPBPL_RNA,-4.637871461454779e-4
SOX13_RNA,-4.63948177639395e-4
TBK1_RNA,-4.6441706945188344e-4
PLTP_RNA,-4.661631246563047e-4
RTN4IP1_RNA,-4.6707733417861164e-4
NGF_RNA,-4.671555943787098e-4
RTKN2_RNA,-4.671607166528702e-4
NRXN3_RNA,-4.675061791203916e-4
CBR4_RNA,-4.6791002387180924e-4
OMP_RNA,-4.6906477655284107e-4
GSTO2_RNA,-4.692627990152687e-4
CLVS1_RNA,-4.700685094576329e-4
MYLK_RNA,-4.706886247731745e-4
ASAH2B_RNA,-4.708470369223505e-4
ITGBL1_RNA,-4.7139794332906604e-4
GNG10_RNA,-4.718447453342378e-4
SGSM2_RNA,-4.7237941180355847e-4
GRIP2_RNA,-4.735356487799436e-4
ROCK2_RNA,-4.7388271195814013e-4
DLEU1_RNA,-4.7453786828555167e-4
SGIP1_RNA,-4.747242492157966e-4
FMO1_RNA,-4.751016094814986e-4
SRRM3_RNA,-4.7551904572173953e-4
NPC1_RNA,-4.757128772325814e-4
SERPINA6_RNA,-4.762911412399262e-4
PLAGL1_RNA,-4.768169019371271e-4
LRRC25_RNA,-4.772221145685762e-4
LMOD1_RNA,-4.773921682499349e-4
RGS4_RNA,-4.778834991157055e-4
IGFBPL1_RNA,-4.7789918608032167e-4
NEK6_RNA,-4.781811439897865e-4
GPD1L_RNA,-4.792200052179396e-4
TNFRSF11B_RNA,-4.808578232768923e-4
SATB2_RNA,-4.812265979126096e-4
REEP1_RNA,-4.8134851385839283e-4
GTF2H5_RNA,-4.814808489754796e-4
HSD17B11_RNA,-4.8329512355849147e-4
CCDC61_RNA,-4.837107553612441e-4
TBX5_RNA,-4.8402432003058493e-4
C5orf22_RNA,-4.8402755055576563e-4
CRYGD_RNA,-4.851673438679427e-4
GSTM5_RNA,-4.862332425545901e-4
GPR137C_RNA,-4.8782158410176635e-4
ZMYND10_RNA,-4.8789544962346554e-4
TNFRSF10B_RNA,-4.880077322013676e-4
PRF1_RNA,-4.88783756736666e-4
PTER_RNA,-4.888123949058354e-4
IL21R_RNA,-4.890155396424234e-4
KRT5_RNA,-4.89349476993084e-4
GP1BA_RNA,-4.895050660707057e-4
GPC2_RNA,-4.898847546428442e-4
RCAN3_RNA,-4.899738705717027e-4
SCUBE2_RNA,-4.906855174340308e-4
UBA52_RNA,-4.913200973533094e-4
COL16A1_RNA,-4.916684119962156e-4
CHRNA4_RNA,-4.918468184769154e-4
KIFC1_RNA,-4.923396045342088e-4
CNNM1_RNA,-4.925009561702609e-4
TRPV4_RNA,-4.937595804221928e-4
KCNH4_RNA,-4.937837366014719e-4
C22orf31_RNA,-4.94525651447475e-4
TRIB2_RNA,-4.948046989738941e-4
DGKI_RNA,-4.954193718731403e-4
PPM1H_RNA,-4.955439362674952e-4
CPNE7_RNA,-4.956827033311129e-4
TFAP2E_RNA,-4.959439975209534e-4
ALG12_RNA,-4.962786915712059e-4
HDHD3_RNA,-4.9691426102072e-4
SH3GL3_RNA,-4.978919751010835e-4
SNHG10_RNA,-4.978974466212094e-4
MCTP2_RNA,-4.980617668479681e-4
TNNT2_RNA,-4.983569961041212e-4
IKZF2_RNA,-4.98675275593996e-4
TSHZ3_RNA,-4.987946012988687e-4
MSX2_RNA,-4.993758630007505e-4
C6orf58_RNA,-4.995729541406035e-4
OR6B1_RNA,-5.001012468710542e-4
CCL22_RNA,-5.012949113734066e-4
XYLB_RNA,-5.014525377191603e-4
HNRNPR_RNA,-5.015580100007355e-4
WNT7A_RNA,-5.018406081944704e-4
RBBP5_RNA,-5.020921234972775e-4
PCSK2_RNA,-5.022949189879e-4
TOX3_RNA,-5.023923004046082e-4
RPS26_RNA,-5.026041180826724e-4
FBLN7_RNA,-5.026982980780303e-4
ADH1C_RNA,-5.031054024584591e-4
UNC5C_RNA,-5.049376050010324e-4
CHI3L1_RNA,-5.055092624388635e-4
COL27A1_RNA,-5.058834212832153e-4
OVCH2_RNA,-5.06636337377131e-4
REM1_RNA,-5.069907638244331e-4
RHOU_RNA,-5.073838983662426e-4
POLR3K_RNA,-5.077675450593233e-4
MYSM1_RNA,-5.081513663753867e-4
ZEB1_RNA,-5.090472986921668e-4
GBX2_RNA,-5.099179688841105e-4
WRAP53_RNA,-5.102309514768422e-4
FZD3_RNA,-5.104367737658322e-4
SLC35B3_RNA,-5.117257242091e-4
SPA17_RNA,-5.129668861627579e-4
ARVCF_RNA,-5.134527455084026e-4
PDE2A_RNA,-5.144843016751111e-4
PDRG1_RNA,-5.145939067006111e-4
ENPP1_RNA,-5.160051514394581e-4
AEBP1_RNA,-5.165710463188589e-4
HSD11B1_RNA,-5.177750717848539e-4
KCNIP2_RNA,-5.178143037483096e-4
DYNLRB1_RNA,-5.18080429174006e-4
SYT7_RNA,-5.191710661165416e-4
SLC16A13_RNA,-5.192796234041452e-4
NEU4_RNA,-5.196767160668969e-4
GDF7_RNA,-5.205793422646821e-4
LCN2_RNA,-5.211428506299853e-4
XPNPEP2_RNA,-5.223601474426687e-4
FBXO2_RNA,-5.228498484939337e-4
ZNF727_RNA,-5.236011929810047e-4
SNORD93_RNA,-5.242816405370831e-4
DTHD1_RNA,-5.253423005342484e-4
SLC5A10_RNA,-5.256426520645618e-4
CTSH_RNA,-5.258455057628453e-4
TSPYL5_RNA,-5.262310733087361e-4
RAB11FIP1_RNA,-5.271728150546551e-4
DUSP4_RNA,-5.293185822665691e-4
C12orf60_RNA,-5.319919437170029e-4
IGFN1_RNA,-5.325718666426837e-4
LAMA1_RNA,-5.328978877514601e-4
AFAP1L2_RNA,-5.340008647181094e-4
MTBP_RNA,-5.340190837159753e-4
DSN1_RNA,-5.342747317627072e-4
CYP4F12_RNA,-5.346404504962265e-4
AKR1B10_RNA,-5.347875412553549e-4
SPP1_RNA,-5.354651366360486e-4
PSME2_RNA,-5.367836565710604e-4
IGSF9B_RNA,-5.368631682358682e-4
ENTPD3_RNA,-5.375536275096238e-4
SPAG6_RNA,-5.388694698922336e-4
USP50_RNA,-5.394876352511346e-4
CDC34_RNA,-5.40784967597574e-4
RASL10A_RNA,-5.411647725850344e-4
COL4A3_RNA,-5.412917234934866e-4
PRR11_RNA,-5.419917870312929e-4
EPHA7_RNA,-5.440676468424499e-4
APBA3_RNA,-5.445221322588623e-4
EFHD1_RNA,-5.459051462821662e-4
PREPL_RNA,-5.460077081806958e-4
GCNT1_RNA,-5.474882200360298e-4
PILRB_RNA,-5.479390383698046e-4
PDLIM1_RNA,-5.47948235180229e-4
GLRB_RNA,-5.480824038386345e-4
HRAS_RNA,-5.481216358020902e-4
PTN_RNA,-5.493857315741479e-4
AVPR1B_RNA,-0.00054965936578810215
RUNX2_RNA,-5.498591344803572e-4
PRR22_RNA,-5.505597218871117e-4
SOX6_RNA,-5.512883071787655e-4
C12orf42_RNA,-5.518781254068017e-4
CFTR_RNA,-5.521345883607864e-4
IL24_RNA,-5.530391936190426e-4
PTPN18_RNA,-5.543328588828444e-4
RASSF5_RNA,-5.546931643038988e-4
SYN3_RNA,-5.563756567426026e-4
ATF1_RNA,-5.56495098862797e-4
SNIP1_RNA,-5.565538886003196e-4
PRPSAP1_RNA,-5.570524372160435e-4
PDCD6IP_RNA,-5.572112859226763e-4
ELOVL4_RNA,-5.578585551120341e-4
CXCL16_RNA,-5.596915725618601e-4
PCDH8_RNA,-5.599452997557819e-4
BARX1_RNA,-5.609018262475729e-4
JUP_RNA,-5.611035157926381e-4
FBXL2_RNA,-5.61242108233273e-4
IGDCC4_RNA,-5.617308779619634e-4
RASEF_RNA,-5.61995548196137e-4
BEND3_RNA,-5.623618490062654e-4
UCN2_RNA,-5.62390370760113e-4
C9orf163_RNA,-5.631407839246094e-4
KLRC1_RNA,-5.640648887492716e-4
EXOC8_RNA,-5.643050535582006e-4
CRYL1_RNA,-5.654135020449758e-4
PPP1R16B_RNA,-5.655300337821245e-4
NUCKS1_RNA,-5.656817811541259e-4
PGA3_RNA,-5.670190439559519e-4
KIF17_RNA,-5.67108450923115e-4
MAP6D1_RNA,-5.673197447322309e-4
FOXK2_RNA,-5.675176507793367e-4
PKD1L2_RNA,-5.68736344575882e-4
HOXC9_RNA,-5.690108519047499e-4
ZNF441_RNA,-5.698134773410857e-4
CBLN2_RNA,-5.699918256141245e-4
RAB11FIP5_RNA,-5.716487066820264e-4
IQGAP2_RNA,-5.724001093767583e-4
SLC25A27_RNA,-5.734547739848495e-4
HOXD12_RNA,-5.737072788178921e-4
P2RY6_RNA,-5.73987141251564e-4
GOLGA7B_RNA,-5.752148572355509e-4
XKR4_RNA,-5.758331390097737e-4
PRRT3_RNA,-5.760752246715128e-4
PPEF1_RNA,-5.782213411293924e-4
NLRP12_RNA,-5.784350796602666e-4
RGS16_RNA,-5.789424176327884e-4
TGFA_RNA,-5.806969129480422e-4
EPHA3_RNA,-5.809008725918829e-4
CDCA2_RNA,-5.812864401377738e-4
GOLPH3_RNA,-5.817397031933069e-4
HMGN3_RNA,-5.81796164624393e-4
RASGEF1A_RNA,-5.818761419504881e-4
AOC2_RNA,-5.821980303153396e-4
KCNQ2_RNA,-5.824589752592146e-4
BET1_RNA,-5.836193449795246e-4
ARGLU1_RNA,-5.838929791934788e-4
ACOT7_RNA,-5.842134705744684e-4
PACS1_RNA,-5.844025290571153e-4
FUBP1_RNA,-5.845148116350174e-4
ART3_RNA,-5.849005538038909e-4
NUAK2_RNA,-5.853611510246992e-4
ARHGAP21_RNA,-5.853878683410585e-4
CACNA1E_RNA,-5.854048067703843e-4
CCL19_RNA,-5.860954988747835e-4
NEUROD6_RNA,-5.862328107468784e-4
GSG1L_RNA,-5.871793255209923e-4
TBX20_RNA,-5.872903275303543e-4
TM4SF4_RNA,-5.878349766135216e-4
LHFPL4_RNA,-5.879332311451435e-4
DMGDH_RNA,-5.879726377315819e-4
ESM1_RNA,-5.880366661585867e-4
SBF2_RNA,-5.886330036446452e-4
THAP1_RNA,-5.890076281502843e-4
TRIM17_RNA,-5.891232285648584e-4
KISS1_RNA,-5.891920882277191e-4
ZNF536_RNA,-5.896237562410533e-4
SPATA3_RNA,-5.896855145692825e-4
ROBO3_RNA,-5.899140378460288e-4
CHD4_RNA,-5.903842393308878e-4
ADCY1_RNA,-5.911007174290717e-4
CRB3_RNA,-5.927288439124823e-4
CD209_RNA,-5.953387590125203e-4
MMP14_RNA,-5.955713568255305e-4
HLA-F_RNA,-5.956969689577818e-4
ARHGAP22_RNA,-5.960029666312039e-4
GMIP_RNA,-5.963299190625548e-4
NGFR_RNA,-5.974074592813849e-4
MAN2C1_RNA,-5.97502279561013e-4
RSPH1_RNA,-5.983379669487476e-4
MED6_RNA,-5.985349416732788e-4
IGF2BP1_RNA,-5.990727222524583e-4
PDCD1LG2_RNA,-5.996329127810895e-4
BTLA_RNA,-5.997662665322423e-4
SCARA3_RNA,-6.001702859066427e-4
MMP27_RNA,-6.002263980917633e-4
NTSR2_RNA,-6.01111154537648e-4
CLIP3_RNA,-6.012147641740739e-4
SLPI_RNA,-6.014985265210271e-4
DPP4_RNA,-6.015971302986145e-4
RPRML_RNA,-6.021458539180458e-4
GRB7_RNA,-6.02377112954855e-4
ASB8_RNA,-6.026213523000479e-4
BATF3_RNA,-6.026301998645067e-4
SNTG2_RNA,-6.038180436007679e-4
SCLT1_RNA,-6.041095475666225e-4
CORO7_RNA,-6.041658925823867e-4
SLC39A6_RNA,-6.041779415681958e-4
RESP18_RNA,-6.051667733117938e-4
TLCD2_RNA,-6.053667166270316e-4
ESPNL_RNA,-6.054014666005969e-4
PDGFRA_RNA,-6.05636858381331e-4
MGAT5B_RNA,-6.057287682779133e-4
C11orf87_RNA,-6.062658503651619e-4
BNC1_RNA,-6.077517755329609e-4
HYDIN_RNA,-6.091935210861266e-4
CYP24A1_RNA,-6.096021388657391e-4
GLG1_RNA,-6.101045873947442e-4
NT5E_RNA,-6.10870833043009e-4
SLC36A2_RNA,-6.110485410317779e-4
LHX4_RNA,-6.11133174970746e-4
VCL_RNA,-6.112433038651943e-4
RAPGEF3_RNA,-6.11325551290065e-4
MIB2_RNA,-6.11343071796e-4
CCDC122_RNA,-6.11527415458113e-4
SIX3_RNA,-6.120832404121757e-4
LILRB2_RNA,-6.146911182440817e-4
SAMD9_RNA,-6.149507244117558e-4
MAST4_RNA,-6.151680718176067e-4
RBKS_RNA,-6.156529416330159e-4
ALG11_RNA,-6.156865856610239e-4
SLCO4A1_RNA,-6.164750084280968e-4
AGBL2_RNA,-6.176306633278728e-4
PTGS2_RNA,-6.178592448122799e-4
TRIB1_RNA,-6.179729825817049e-4
WSCD1_RNA,-6.185721722431481e-4
RASL10B_RNA,-6.189999985508621e-4
COL15A1_RNA,-6.199780036695302e-4
BRSK2_RNA,-6.210730061866343e-4
GZF1_RNA,-6.216247566044331e-4
NXPH1_RNA,-6.224287208169699e-4
FANCL_RNA,-6.231740699149668e-4
CORO2A_RNA,-6.234613247215748e-4
CYP4V2_RNA,-6.24881824478507e-4
CDKN1A_RNA,-6.251982413232327e-4
CREG2_RNA,-6.253674509935081e-4
PCDH19_RNA,-6.268809083849192e-4
ARHGAP15_RNA,-6.268994766287506e-4
CDCA7L_RNA,-6.270863232202828e-4
FAM120B_RNA,-6.283831316977739e-4
MYOCD_RNA,-6.286491989158094e-4
TRAF6_RNA,-6.293521146290004e-4
PIRT_RNA,-6.296643405221403e-4
LTBP4_RNA,-6.306057330220938e-4
ACTC1_RNA,-6.313945632427931e-4
ZNF76_RNA,-6.319270469248295e-4
SLC12A8_RNA,-6.320169195532799e-4
MS4A4A_RNA,-6.321996916085482e-4
TRPM8_RNA,-6.323446286842227e-4
CA7_RNA,-6.324484129436314e-4
UCHL1_RNA,-6.32567738648504e-4
RPRM_RNA,-6.329092429950833e-4
GLIS3_RNA,-6.331956828944385e-4
C17orf58_RNA,-6.335237412713468e-4
NUP62_RNA,-6.346690352074802e-4
WDR44_RNA,-6.348261376842856e-4
TMEM52_RNA,-6.372211501002312e-4
EPCAM_RNA,-6.372712668962777e-4
PCDHGB1_RNA,-6.385822780430317e-4
GLRA3_RNA,-6.38670171611011e-4
FPR3_RNA,-6.392696523107588e-4
PDE8A_RNA,-6.39650970697403e-4
ADAP2_RNA,-6.39723613858223e-4
TEKT1_RNA,-6.402942235581577e-4
ZSWIM4_RNA,-6.407822947949171e-4
NOG_RNA,-6.408212939277291e-4
OASL_RNA,-6.410116329789162e-4
LY6E_RNA,-6.412257789634168e-4
SLC39A5_RNA,-6.430783541873097e-4
FREM3_RNA,-6.431610090658069e-4
MAN1A2_RNA,-6.437650881707668e-4
SMYD2_RNA,-6.440178258344531e-4
TNFAIP3_RNA,-6.445238832384348e-4
SFXN3_RNA,-6.44636747892946e-4
EEPD1_RNA,-6.451872177422047e-4
EXTL3_RNA,-6.460206932388246e-4
MAGEB6_RNA,-6.461921148002148e-4
TMEM176A_RNA,-6.464391481131315e-4
PIK3IP1_RNA,-6.467035855166614e-4
FABP7_RNA,-6.468984647653997e-4
CCR10_RNA,-6.472021341323853e-4
PRG4_RNA,-6.473481771536171e-4
KCNIP4_RNA,-6.47420936729759e-4
CACHD1_RNA,-6.477197748608887e-4
IBSP_RNA,-6.487939390353858e-4
MOBP_RNA,-6.489590159617364e-4
MOSPD3_RNA,-6.504803313873708e-4
THOC1_RNA,-6.519867456518114e-4
INSM1_RNA,-6.533768028020859e-4
SERPINA5_RNA,-6.536113796755672e-4
ELF3_RNA,-6.538913585245609e-4
COX7A1_RNA,-6.542170885950327e-4
RBP1_RNA,-6.548735545948148e-4
LSM6_RNA,-6.550760008394718e-4
ZNF716_RNA,-6.553971325047314e-4
ZNF442_RNA,-6.556412554346025e-4
CHMP4B_RNA,-6.565304938703775e-4
BEND4_RNA,-6.583184585906565e-4
RTN4RL2_RNA,-6.58331555314362e-4
SYK_RNA,-6.584636284969747e-4
COL5A1_RNA,-6.586791714653373e-4
INSRR_RNA,-6.605443195439875e-4
AGA_RNA,-6.60615274682641e-4
FLNC_RNA,-6.607164978049695e-4
GTF2F1_RNA,-6.60768651869148e-4
CLEC4A_RNA,-6.608855910599232e-4
TUFT1_RNA,-6.617786129936576e-4
TTC31_RNA,-6.619974737986922e-4
EFCAB7_RNA,-6.61998987197876e-4
TNFAIP8L3_RNA,-6.630918360315263e-4
ATG4D_RNA,-6.631521973758936e-4
KRT1_RNA,-6.632498116232455e-4
HMGXB3_RNA,-6.640467909164727e-4
MYO5C_RNA,-6.642198422923684e-4
EOMES_RNA,-6.649153074249625e-4
CENPK_RNA,-6.651339353993535e-4
ANKRD22_RNA,-6.654348107986152e-4
IPO5_RNA,-6.656820187345147e-4
SLC25A35_RNA,-6.659332429990172e-4
RPS6KA5_RNA,-6.660431972704828e-4
PLA2G2C_RNA,-6.662234663963318e-4
GPR52_RNA,-6.665359833277762e-4
TRAF3IP2_RNA,-6.672698655165732e-4
SSB_RNA,-6.674117757938802e-4
CXCL3_RNA,-6.674196920357645e-4
JAKMIP3_RNA,-6.686034612357616e-4
NAA30_RNA,-6.690670270472765e-4
TSPAN13_RNA,-6.691087619401515e-4
PSORS1C1_RNA,-6.69254339300096e-4
NPY_RNA,-6.693714531138539e-4
APBB3_RNA,-6.696699419990182e-4
MYCNOS_RNA,-6.69740722514689e-4
FILIP1_RNA,-6.711998721584678e-4
NKAIN4_RNA,-6.726536084897816e-4
HMSD_RNA,-6.745393038727343e-4
RPS2_RNA,-6.74991577398032e-4
NCLN_RNA,-6.7519472213462e-4
MOG_RNA,-6.75505434628576e-4
GRIN2B_RNA,-6.755318609066308e-4
CARD14_RNA,-6.756145157851279e-4
SULT1C4_RNA,-6.758453091606498e-4
RAD51AP2_RNA,-6.759814568795264e-4
CPNE8_RNA,-6.760354153811932e-4
TP73_RNA,-6.762044504284859e-4
NF1_RNA,-6.767438026145101e-4
FAM9C_RNA,-6.769932806491852e-4
FCGR2A_RNA,-6.770382169634104e-4
PLEKHG4_RNA,-6.771498592570424e-4
SIX6_RNA,-6.777630769647658e-4
CYP3A43_RNA,-6.778390961699188e-4
TNFSF4_RNA,-6.788716418668628e-4
S100A10_RNA,-6.796107045374811e-4
MBD4_RNA,-6.796527304686606e-4
PTK7_RNA,-6.800027331337333e-4
PPM1B_RNA,-6.811606581322849e-4
ASCL4_RNA,-6.811627536080778e-4
SCARB1_RNA,-6.813658401370049e-4
CAP2_RNA,-6.825223681516945e-4
SLC10A7_RNA,-6.831283099018037e-4
WDR3_RNA,-6.834995001554489e-4
AKR1E2_RNA,-6.836490938439965e-4
MDGA1_RNA,-6.841776776127517e-4
RERG_RNA,-6.844544550403953e-4
TRIM11_RNA,-6.860985886305571e-4
ELAVL2_RNA,-6.864446331746876e-4
GDF9_RNA,-6.864559254609048e-4
PRAME_RNA,-6.875607068650424e-4
VAMP3_RNA,-6.876948173157871e-4
P4HB_RNA,-6.877557607367635e-4
GM2A_RNA,-6.88124739099294e-4
CDC20_RNA,-6.88173808157444e-4
PTGFR_RNA,-6.886936025694013e-4
SDF2L1_RNA,-6.889215437695384e-4
KCNMB1_RNA,-6.890078657306731e-4
TNS3_RNA,-6.895050755701959e-4
CDKN2AIP_RNA,-6.899593863636255e-4
ABCA5_RNA,-6.909890798851848e-4
MRPS9_RNA,-6.927673821337521e-4
WNT8B_RNA,-6.931329262442887e-4
ZKSCAN5_RNA,-6.932162796147168e-4
MAFG_RNA,-6.934650009498e-4
TOB2_RNA,-6.936109275557101e-4
MYT1_RNA,-6.957807345315814e-4
TEKT4_RNA,-6.958455196581781e-4
ADAMDEC1_RNA,-6.965339416638017e-4
KLK6_RNA,-6.967305671423674e-4
SNAI1_RNA,-6.973281851969659e-4
JAGN1_RNA,-6.975618307478726e-4
KRTCAP3_RNA,-6.98662712238729e-4
ZDBF2_RNA,-6.989162066020072e-4
CCNJL_RNA,-6.99160504154861e-4
LRRC17_RNA,-6.99336058460176e-4
FAM131B_RNA,-6.994694122113287e-4
IFI6_RNA,-6.998713943175972e-4
BBC3_RNA,-6.998945609666407e-4
LHFPL1_RNA,-7.001199410296977e-4
PLAC8_RNA,-7.016497547738254e-4
IL10_RNA,-7.016906165517867e-4
BEGAIN_RNA,-7.022197241894901e-4
SUSD2_RNA,-7.026710663922131e-4
FAM110C_RNA,-7.028115214779973e-4
LRRC3_RNA,-7.029729313217103e-4
FOXO4_RNA,-7.031414425000548e-4
CCT4_RNA,-7.031669374555349e-4
TFF3_RNA,-7.038565236143768e-4
CCDC97_RNA,-7.044435478746891e-4
PABPN1L_RNA,-7.053770241327584e-4
LPO_RNA,-7.054813322611153e-4
WRNIP1_RNA,-7.063504890538752e-4
IQCA1_RNA,-7.067161495797336e-4
SYPL2_RNA,-7.068946142680943e-4
FKBP6_RNA,-7.074328605085611e-4
XRCC3_RNA,-7.078548078425229e-4
CHST9_RNA,-7.090262952260673e-4
HSF4_RNA,-7.092016167007387e-4
FA2H_RNA,-7.109168800525367e-4
SPI1_RNA,-7.123051909729838e-4
IFITM3_RNA,-7.123327231965959e-4
NDUFA4L2_RNA,-7.130459998734295e-4
CCL11_RNA,-7.134535117074847e-4
CNBP_RNA,-7.135721971280873e-4
CLU_RNA,-7.13807181455195e-4
DOK7_RNA,-7.149509619921446e-4
ANXA9_RNA,-7.151963654905558e-4
ARFGAP2_RNA,-7.164360722526908e-4
PDZD4_RNA,-7.172329933382571e-4
TMEM176B_RNA,-7.179332314990461e-4
MMP3_RNA,-7.181298569776118e-4
GNG3_RNA,-7.187573937699199e-4
KBTBD3_RNA,-7.200531545095146e-4
GNA13_RNA,-7.203447166830301e-4
BAX_RNA,-7.206901791505516e-4
PCDHA12_RNA,-7.20884941983968e-4
ALDH1L2_RNA,-7.217111415229738e-4
OPLAH_RNA,-7.22389027941972e-4
ACVR1B_RNA,-7.225515437312424e-4
ERP27_RNA,-7.236577803269029e-4
HCST_RNA,-7.251092465594411e-4
PPFIA2_RNA,-7.283528684638441e-4
KLHDC7A_RNA,-7.290548528544605e-4
ALLC_RNA,-7.296649855561554e-4
ZNF837_RNA,-7.300716242752969e-4
VLDLR_RNA,-7.303183665499091e-4
HSP90B1_RNA,-7.316528935916722e-4
KLHL13_RNA,-7.319444557651877e-4
EP300_RNA,-7.319884607568383e-4
FAM181A_RNA,-7.322132587432861e-4
CLDN2_RNA,-7.324327598325908e-4
MX1_RNA,-7.324556936509907e-4
CSMD1_RNA,-7.325374754145741e-4
FNDC7_RNA,-7.328455685637891e-4
MIR124-2_RNA,-7.329327636398375e-4
ETV5_RNA,-7.335655973292887e-4
GNL3_RNA,-7.33626657165587e-4
B3GALNT1_RNA,-7.350901723839343e-4
PI16_RNA,-7.352292886935174e-4
EBF2_RNA,-7.357217837125063e-4
IL17RA_RNA,-7.364654447883368e-4
ARSD_RNA,-7.36778078135103e-4
C11orf21_RNA,-7.372093386948109e-4
MT1H_RNA,-7.376031717285514e-4
NOL9_RNA,-7.385759963653982e-4
NEUROG2_RNA,-7.391017279587686e-4
KRT13_RNA,-7.40255054552108e-4
TOMM34_RNA,-7.402882911264896e-4
ITGA11_RNA,-7.405636715702713e-4
KRT9_RNA,-7.406286895275116e-4
SPAG1_RNA,-7.40665418561548e-4
TRAIP_RNA,-7.411364349536598e-4
FAM53A_RNA,-7.412446429952979e-4
DDC_RNA,-7.41560710594058e-4
CEP170_RNA,-7.41689873393625e-4
PKIG_RNA,-7.417028537020087e-4
PANK4_RNA,-7.428724784404039e-4
PCM1_RNA,-7.431596168316901e-4
BSPRY_RNA,-7.434456492774189e-4
SNTG1_RNA,-7.453982252627611e-4
ETV4_RNA,-7.456227904185653e-4
MYPOP_RNA,-7.45647877920419e-4
NXPH4_RNA,-7.464099326170981e-4
GRIK2_RNA,-7.465655216947198e-4
C1QC_RNA,-7.471905555576086e-4
EDEM1_RNA,-7.474229205399752e-4
SCUBE3_RNA,-7.474309531971812e-4
PLAC1_RNA,-7.476080791093409e-4
SFRP4_RNA,-7.476654136553407e-4
EPAS1_RNA,-7.478001061826944e-4
ETNK2_RNA,-7.485655951313674e-4
FCRL1_RNA,-7.487604743801057e-4
PATL1_RNA,-7.492239819839597e-4
ADH6_RNA,-7.499474450014532e-4
TFAP2A_RNA,-7.500399951823056e-4
MORC3_RNA,-7.500434294342995e-4
ALPK3_RNA,-7.512825541198254e-4
DNTT_RNA,-7.514674216508865e-4
MAG_RNA,-7.517970516346395e-4
FBXO27_RNA,-7.524304091930389e-4
HLA-DMB_RNA,-7.524699904024601e-4
DLG4_RNA,-7.531492738053203e-4
KCNH6_RNA,-7.532534073106945e-4
IL7R_RNA,-7.539839134551585e-4
POU4F2_RNA,-7.540818769484758e-4
DCX_RNA,-7.545968401245773e-4
ZNF200_RNA,-7.546267006546259e-4
MYL10_RNA,-7.546419510617852e-4
ICAM5_RNA,-7.578987278975546e-4
FXYD7_RNA,-7.58133246563375e-4
TDP1_RNA,-7.581598474644125e-4
MAP7_RNA,-7.583629922010005e-4
DSP_RNA,-7.590719615109265e-4
HBB_RNA,-7.591572357341647e-4
ARX_RNA,-7.608145824633539e-4
C1orf43_RNA,-7.613537018187344e-4
PAQR9_RNA,-7.616666844114661e-4
DPEP3_RNA,-7.622522534802556e-4
SSBP3_RNA,-7.624415447935462e-4
FAM161B_RNA,-7.636640802957118e-4
ZNF713_RNA,-7.641767151653767e-4
WTIP_RNA,-7.641900447197258e-4
A4GALT_RNA,-7.642546552233398e-4
HBA2_RNA,-7.642725249752402e-4
EFHC1_RNA,-7.642748532816768e-4
TMEM150B_RNA,-7.646733429282904e-4
SKA2_RNA,-7.661582785658538e-4
SDHC_RNA,-7.663097348995507e-4
RPL27A_RNA,-7.66466255299747e-4
SLC38A2_RNA,-7.667021127417684e-4
THAP7_RNA,-7.669010665267706e-4
ZNF662_RNA,-7.674726075492799e-4
COL6A6_RNA,-7.675103843212128e-4
HAUS8_RNA,-7.679757545702159e-4
CNTN4_RNA,-7.680621347390115e-4
PRIMA1_RNA,-7.690772181376815e-4
C1orf74_RNA,-7.693813531659544e-4
NOP2_RNA,-7.695274543948472e-4
DDX10_RNA,-7.695768726989627e-4
MYBPC3_RNA,-7.69648642744869e-4
RNF39_RNA,-7.705952157266438e-4
C6orf136_RNA,-7.712388760410249e-4
ECSIT_RNA,-7.721183355897665e-4
SPINK2_RNA,-7.72800762206316e-4
TERF1_RNA,-7.728104828856885e-4
VWC2L_RNA,-7.730789948254824e-4
RPS20_RNA,-7.731740479357541e-4
METTL1_RNA,-7.736167754046619e-4
GAL_RNA,-7.7376130502671e-4
RALY_RNA,-7.742168963886797e-4
PAX2_RNA,-7.746077608317137e-4
LOH12CR2_RNA,-7.748618954792619e-4
LIN54_RNA,-7.752170786261559e-4
CAMP_RNA,-7.756727281957865e-4
TRIM62_RNA,-7.763549801893532e-4
RARRES1_RNA,-7.764945621602237e-4
ZNF331_RNA,-7.765390910208225e-4
SLC6A15_RNA,-7.766298367641866e-4
ACTR2_RNA,-7.770245429128408e-4
SLC26A7_RNA,-7.774566183798015e-4
IFRD1_RNA,-7.78215762693435e-4
LRRC46_RNA,-7.783056353218853e-4
SNORD11B_RNA,-7.785908528603613e-4
TMEM125_RNA,-7.790443487465382e-4
PPCDC_RNA,-7.790733361616731e-4
HOTAIR_RNA,-7.791437674313784e-4
IRX3_RNA,-7.798101287335157e-4
MSL2_RNA,-7.809892413206398e-4
UTP20_RNA,-7.812510593794286e-4
LILRB5_RNA,-7.817360456101596e-4
TMEM196_RNA,-7.82234943471849e-4
FOSL2_RNA,-7.82984250690788e-4
ADAM7_RNA,-7.832064293324947e-4
PCDHGA12_RNA,-7.836216827854514e-4
HOXC11_RNA,-7.836660952307284e-4
PAIP2B_RNA,-7.838347228243947e-4
PRICKLE2_RNA,-7.844055653549731e-4
ADAMTS1_RNA,-7.844542269594967e-4
FIGNL1_RNA,-7.847943343222141e-4
GAS2_RNA,-7.850299589335918e-4
ZNF516_RNA,-7.855265866965055e-4
PROZ_RNA,-7.856658776290715e-4
PTPRU_RNA,-7.890557171776891e-4
SAR1A_RNA,-7.893021102063358e-4
GPR179_RNA,-7.894941954873502e-4
PKD2L1_RNA,-7.895497255958617e-4
PODN_RNA,-7.903505465947092e-4
PI4KA_RNA,-7.905357051640749e-4
DPP7_RNA,-7.912630098871887e-4
GJA1_RNA,-7.912772707641125e-4
AMN1_RNA,-7.913372828625143e-4
SBNO1_RNA,-7.922774530015886e-4
GNPAT_RNA,-7.925002137199044e-4
POU5F2_RNA,-7.935224566608667e-4
PRKRA_RNA,-7.941037765704095e-4
DUSP16_RNA,-7.943131495267153e-4
APOBEC3D_RNA,-7.948007551021874e-4
SLC39A13_RNA,-7.951300940476358e-4
TP53I3_RNA,-7.9656473826617e-4
S100A3_RNA,-7.965666009113193e-4
ASIP_RNA,-7.972407038323581e-4
PPFIBP2_RNA,-7.975069456733763e-4
HARBI1_RNA,-7.981889648362994e-4
STRN3_RNA,-7.985379197634757e-4
CMTM7_RNA,-7.990538724698126e-4
ZC3HAV1L_RNA,-7.992862374521792e-4
PYY_RNA,-7.999371737241745e-4
CNTNAP1_RNA,-8.010748424567282e-4
CDKN2A_RNA,-8.015206549316645e-4
ANTXR1_RNA,-8.017045329324901e-4
OSGEPL1_RNA,-8.019476663321257e-4
PLEKHH2_RNA,-8.04482086095959e-4
KIAA2013_RNA,-8.047479204833508e-4
C1orf50_RNA,-8.05425806902349e-4
LAMB1_RNA,-8.058794192038476e-4
STAU1_RNA,-8.065789588727057e-4
ZBTB6_RNA,-8.067473536357284e-4
OAS2_RNA,-8.07061034720391e-4
C1orf52_RNA,-8.072687196545303e-4
CD46_RNA,-8.095726370811462e-4
ECE2_RNA,-8.097438840195537e-4
GPC1_RNA,-8.100533159449697e-4
SHD_RNA,-8.105563465505838e-4
ZNF827_RNA,-8.127950713969767e-4
PCSK6_RNA,-8.129329071380198e-4
CYLD_RNA,-8.131386712193489e-4
IFI27_RNA,-8.133207447826862e-4
ZBTB42_RNA,-8.134737727232277e-4
RAB15_RNA,-8.136298856697977e-4
BCAP29_RNA,-8.137042168527842e-4
SLU7_RNA,-8.150875801220536e-4
WBP11_RNA,-8.152863010764122e-4
FOXD3_RNA,-8.152982918545604e-4
IL7_RNA,-8.15992709249258e-4
PCDHB10_RNA,-8.174112299457192e-4
PCDHA7_RNA,-8.189963991753757e-4
SLC22A16_RNA,-8.196366252377629e-4
FTH1_RNA,-8.198620053008199e-4
LRRC3B_RNA,-8.214824483729899e-4
SCP2_RNA,-8.227421785704792e-4
LIPG_RNA,-8.229159284383059e-4
DNAJC5_RNA,-8.237406727857888e-4
PTAR1_RNA,-8.243474876508117e-4
VSX2_RNA,-8.248446974903345e-4
EVI5_RNA,-8.260534377768636e-4
REV3L_RNA,-8.262582123279572e-4
WASL_RNA,-8.263930212706327e-4
BCL2L10_RNA,-8.264824864454567e-4
STEAP3_RNA,-8.26697563752532e-4
HS3ST2_RNA,-8.283816277980804e-4
SYN1_RNA,-8.293538121506572e-4
CNPY3_RNA,-8.298760512843728e-4
SARS2_RNA,-8.30182631034404e-4
TLR8_RNA,-8.311760029755533e-4
HP_RNA,-8.315067389048636e-4
SEH1L_RNA,-8.317048195749521e-4
SLN_RNA,-8.328096009790897e-4
SPINT1_RNA,-8.330580894835293e-4
RRM2B_RNA,-8.332781144417822e-4
GAD1_RNA,-8.332815486937761e-4
FGFR2_RNA,-8.336750906892121e-4
GDI2_RNA,-8.348655537702143e-4
CDK11B_RNA,-8.354415185749531e-4
BTK_RNA,-8.360018255189061e-4
FMO4_RNA,-8.366706315428019e-4
ADCK2_RNA,-8.379484643228352e-4
PFKFB1_RNA,-8.386956760659814e-4
WDR54_RNA,-8.396157063543797e-4
MDK_RNA,-8.398955105803907e-4
TM7SF3_RNA,-8.40592838358134e-4
DLX6_RNA,-8.406408014707267e-4
EFNA3_RNA,-8.413981413468719e-4
SMYD1_RNA,-8.418448851443827e-4
SLC5A12_RNA,-8.421004749834538e-4
PITX3_RNA,-8.422150276601315e-4
GPR31_RNA,-8.424751576967537e-4
RNASEH2B_RNA,-8.426725980825722e-4
VRK2_RNA,-8.427932625636458e-4
PNPLA7_RNA,-8.429894805885851e-4
KRT222_RNA,-8.431375026702881e-4
KDM4C_RNA,-8.438149816356599e-4
EPHA5_RNA,-8.441809914074838e-4
ZNF347_RNA,-8.445046260021627e-4
MMP13_RNA,-8.446828578598797e-4
MDM4_RNA,-8.450191235169768e-4
HLA-DPB2_RNA,-8.452244219370186e-4
HEPHL1_RNA,-8.466183790005744e-4
CA14_RNA,-8.467870065942407e-4
STARD13_RNA,-8.482379489578307e-4
EXTL2_RNA,-8.482674602419138e-4
AQP9_RNA,-8.487920858897269e-4
STARD5_RNA,-8.495154324918985e-4
TCP11_RNA,-8.497212547808886e-4
ZNF114_RNA,-8.503877324983478e-4
PHF11_RNA,-8.506275480613112e-4
TOX4_RNA,-8.512193453498185e-4
PAPOLG_RNA,-8.518115500919521e-4
ORM2_RNA,-8.546591852791607e-4
MFAP2_RNA,-8.547451579943299e-4
HCG22_RNA,-8.559821872040629e-4
CA12_RNA,-8.562211878597736e-4
PANX2_RNA,-8.577816770412028e-4
LRBA_RNA,-8.578051929362118e-4
MIR487A_RNA,-8.578802808187902e-4
DOK4_RNA,-8.583490271121264e-4
BTBD16_RNA,-8.586887852288783e-4
RTBDN_RNA,-8.588884957134724e-4
DLX1_RNA,-8.593770326115191e-4
MLKL_RNA,-8.595609106123447e-4
MXI1_RNA,-8.597312262281775e-4
LAIR2_RNA,-8.597501437179744e-4
TNFSF10_RNA,-8.609234355390072e-4
CDK18_RNA,-8.620182052254677e-4
CAND2_RNA,-8.62113491166383e-4
FARS2_RNA,-8.640300948172808e-4
ATXN10_RNA,-8.646026835776865e-4
KIF19_RNA,-8.646862697787583e-4
TCTA_RNA,-8.652502438053489e-4
CYP4A11_RNA,-8.653747499920428e-4
TRPV3_RNA,-8.661540923640132e-4
CERK_RNA,-8.663742337375879e-4
NCOA3_RNA,-8.667079382576048e-4
TDRD12_RNA,-8.668131195008755e-4
GNAO1_RNA,-8.669960661791265e-4
SSTR4_RNA,-8.671157993376255e-4
GDPD2_RNA,-8.671510149724782e-4
CDKL3_RNA,-8.67764581926167e-4
LIPE_RNA,-8.683631895110011e-4
FZD2_RNA,-8.684367639943957e-4
CBY1_RNA,-8.684502099640667e-4
GADD45G_RNA,-8.697462035343051e-4
GABRE_RNA,-8.698900928720832e-4
F3_RNA,-8.699415484443307e-4
ANKRD55_RNA,-8.703058119863272e-4
RAB3D_RNA,-8.704710635356605e-4
C21orf91_RNA,-8.709753165021539e-4
RAB33A_RNA,-8.716583834029734e-4
SNORD114-7_RNA,-8.729010005481541e-4
SDHA_RNA,-8.730870904400945e-4
CD82_RNA,-8.735572337172925e-4
TMEM67_RNA,-8.735883748158813e-4
GRM3_RNA,-8.736760355532169e-4
ABCA2_RNA,-8.748582913540304e-4
HABP2_RNA,-8.749762200750411e-4
EIF1B_RNA,-8.756567258387804e-4
HPSE2_RNA,-8.757617906667292e-4
XDH_RNA,-8.765947422944009e-4
ELOF1_RNA,-8.773648296482861e-4
BHMT2_RNA,-8.776754839345813e-4
TMEM106B_RNA,-8.776932954788208e-4
FAM3C_RNA,-8.778299088589847e-4
ASPRV1_RNA,-8.783376542851329e-4
CRYBB2_RNA,-8.785673417150974e-4
GRM7_RNA,-8.787883562035859e-4
ITFG2_RNA,-8.798468625172973e-4
MEOX1_RNA,-8.800825453363359e-4
ABCA4_RNA,-8.801599033176899e-4
OLFM1_RNA,-8.811014704406261e-4
CYP1A1_RNA,-8.819621289148927e-4
DKKL1_RNA,-8.821156225167215e-4
MMAB_RNA,-8.82196705788374e-4
BMP7_RNA,-8.825293625704944e-4
TRAF2_RNA,-8.829141734167933e-4
RNASE1_RNA,-8.831238956190646e-4
LENG1_RNA,-8.832761668600142e-4
SLC6A16_RNA,-8.834739564917982e-4
FRRS1_RNA,-8.836221531964839e-4
TRDMT1_RNA,-8.838187204673886e-4
TOLLIP_RNA,-8.838940411806107e-4
STMN1_RNA,-8.849044097587466e-4
EMP3_RNA,-8.854237385094166e-4
RPL26_RNA,-8.854539482854307e-4
SPINK7_RNA,-8.858026121743023e-4
PRDM14_RNA,-8.871204918250442e-4
ZNF564_RNA,-8.880296954885125e-4
NOSIP_RNA,-8.886143332347274e-4
PFKP_RNA,-8.886485011316836e-4
FBXO41_RNA,-8.897626539692283e-4
HOXB2_RNA,-8.90277442522347e-4
THOC7_RNA,-8.914157515391707e-4
DLEC1_RNA,-8.920879336073995e-4
PDGFA_RNA,-8.925758302211761e-4
AMPD3_RNA,-8.931739721447229e-4
CDC37L1_RNA,-8.932497003115714e-4
AJAP1_RNA,-8.940186817198992e-4
F12_RNA,-8.95193952601403e-4
STAT2_RNA,-8.957364480011165e-4
CDCA4_RNA,-8.969488553702831e-4
WDR38_RNA,-8.973077638074756e-4
TRIM14_RNA,-8.991335635073483e-4
P4HA3_RNA,-8.99206439498812e-4
UBE2G2_RNA,-9.004793246276677e-4
MAGI1_RNA,-9.007574408315122e-4
NEK10_RNA,-9.010442299768329e-4
SPDYA_RNA,-9.010533685795963e-4
GPR6_RNA,-9.010939975269139e-4
HOXB4_RNA,-9.015665273182094e-4
PNMA2_RNA,-9.016364929266274e-4
B4GALNT4_RNA,-9.02942381799221e-4
TTBK2_RNA,-9.038051939569414e-4
POU2F2_RNA,-9.047315106727183e-4
NODAL_RNA,-9.047544444911182e-4
KBTBD7_RNA,-9.048955398611724e-4
HAPLN2_RNA,-9.051132365129888e-4
SEC14L5_RNA,-9.053304675035179e-4
MEG3_RNA,-9.05509979929775e-4
RAB41_RNA,-9.055417031049728e-4
BID_RNA,-9.071589447557926e-4
TAS2R4_RNA,-9.072924731299281e-4
BNIP3_RNA,-9.084765333682299e-4
TTC5_RNA,-9.086182690225542e-4
FBXL20_RNA,-9.092348627746105e-4
FAT1_RNA,-9.098393493331969e-4
SMCR5_RNA,-9.100163588300347e-4
HIPK3_RNA,-9.12141113076359e-4
MTCH1_RNA,-9.126508375629783e-4
SP8_RNA,-9.130621911026537e-4
CLEC10A_RNA,-9.134599240496755e-4
STX3_RNA,-9.135695290751755e-4
HERC5_RNA,-9.135818108916283e-4
SAMD5_RNA,-9.136478183791041e-4
LRSAM1_RNA,-9.137410088442266e-4
BTBD19_RNA,-9.137623128481209e-4
TC2N_RNA,-9.155269362963736e-4
KCTD16_RNA,-9.16085671633482e-4
NIPAL2_RNA,-9.164970251731575e-4
GRB14_RNA,-9.169545955955982e-4
CILP2_RNA,-9.170244447886944e-4
LILRA5_RNA,-9.171629208140075e-4
NUDT13_RNA,-9.175963350571692e-4
COL12A1_RNA,-9.176456369459629e-4
TNFRSF25_RNA,-9.178298059850931e-4
GALNT12_RNA,-9.179445332847536e-4
SLC6A20_RNA,-0.00091797043569386005
PAMR1_RNA,-9.185593225993216e-4
THEM5_RNA,-9.192971047013998e-4
MIR548N_RNA,-9.193014702759683e-4
NAA15_RNA,-9.196613100357354e-4
PSCA_RNA,-9.2018221039325e-4
SIM1_RNA,-9.220525971613824e-4
AP1M2_RNA,-9.221007348969579e-4
FEV_RNA,-9.223203524015844e-4
FGF13_RNA,-9.227923001162708e-4
ST18_RNA,-9.23429150134325e-4
MMP21_RNA,-9.23585903365165e-4
SPRYD4_RNA,-9.236554033122957e-4
SLCO5A1_RNA,-9.245607652701437e-4
AIM2_RNA,-9.246443514712155e-4
NUCB2_RNA,-9.257461060769856e-4
TMSB15A_RNA,-9.258866775780916e-4
DNHD1_RNA,-9.261429077014327e-4
SFT2D1_RNA,-9.261996019631624e-4
SAA1_RNA,-9.262363892048597e-4
CNGB1_RNA,-9.264818509109318e-4
MCRS1_RNA,-9.266528068110347e-4
TMEM223_RNA,-9.268115973100066e-4
TSR1_RNA,-9.273449541069567e-4
PITPNM3_RNA,-9.282742394134402e-4
ITM2C_RNA,-9.292298927903175e-4
CTNNB1_RNA,-9.300564997829497e-4
RBM24_RNA,-9.300782112404704e-4
NEU1_RNA,-9.303475962951779e-4
ZFHX4_RNA,-9.310113964602351e-4
THAP4_RNA,-9.317118092440069e-4
CD74_RNA,-9.320994722656906e-4
PIBF1_RNA,-9.332801564596593e-4
FCER1A_RNA,-9.336117655038834e-4
CHRM4_RNA,-9.336285875178874e-4
NUP98_RNA,-9.33713570702821e-4
RPGRIP1L_RNA,-9.343945421278477e-4
TEC_RNA,-9.346462902612984e-4
RNF175_RNA,-9.346504230052233e-4
MFSD6_RNA,-9.358185343444347e-4
COPS7B_RNA,-9.378137183375657e-4
IL1RL2_RNA,-9.378709946759045e-4
GLUD2_RNA,-9.378772811032832e-4
GALNT8_RNA,-9.382936405017972e-4
PDGFRL_RNA,-9.385336888954043e-4
HNRNPC_RNA,-9.398332331329584e-4
GSTM2_RNA,-9.403184521943331e-4
ZBTB3_RNA,-9.404090815223753e-4
FBXO48_RNA,-9.413433726876974e-4
TNFSF11_RNA,-9.414354572072625e-4
CEP63_RNA,-9.424072923138738e-4
ANGEL1_RNA,-9.429493220523e-4
CLLU1_RNA,-9.442468290217221e-4
TMEM184A_RNA,-9.443641174584627e-4
FRAS1_RNA,-9.449432254768908e-4
SLC35F3_RNA,-9.463501046411693e-4
FLRT2_RNA,-9.468335192650557e-4
HSPA6_RNA,-9.469253127463162e-4
FOXG1_RNA,-9.473222307860851e-4
PCDHA9_RNA,-9.475468541495502e-4
GRIN3B_RNA,-9.476547129452229e-4
JMJD7-PLA2G4B_RNA,-9.48603730648756e-4
SH2D6_RNA,-9.487452916800976e-4
TSIX_RNA,-9.488168288953602e-4
LCN15_RNA,-9.493360412307084e-4
MPZL3_RNA,-9.517032303847373e-4
APOH_RNA,-9.517520084045827e-4
NTN1_RNA,-9.518110891804099e-4
IL20RA_RNA,-9.518745355308056e-4
TYRO3_RNA,-9.528759401291609e-4
TBKBP1_RNA,-9.542679763399065e-4
CENPJ_RNA,-9.557950543239713e-4
STARD4_RNA,-9.561367915011942e-4
TIGD4_RNA,-9.583792416378856e-4
MFRP_RNA,-9.588878019712865e-4
GDF15_RNA,-9.591067209839821e-4
TEX11_RNA,-9.594594594091177e-4
KLF8_RNA,-9.597071330063045e-4
CELSR3_RNA,-9.601209312677383e-4
MAFA_RNA,-9.604543447494507e-4
TNXB_RNA,-9.608603431843221e-4
CEBPB_RNA,-9.609711705707014e-4
FCGR3A_RNA,-9.61806159466505e-4
ASB10_RNA,-9.621637873351574e-4
NUDT3_RNA,-9.62707563303411e-4
FXR1_RNA,-9.627285762690008e-4
RPAP2_RNA,-9.631685097701848e-4
MGC16275_RNA,-9.633667068555951e-4
TRIM6_RNA,-9.633956360630691e-4
TYW1B_RNA,-9.635723545216024e-4
CCL18_RNA,-9.646720718592405e-4
SLAMF9_RNA,-9.653677698224783e-4
H19_RNA,-9.655251051299274e-4
FOXJ1_RNA,-9.661195799708366e-4
MIR570_RNA,-9.665311081334949e-4
CHRNA3_RNA,-9.676057961769402e-4
FOXI1_RNA,-9.681576048023999e-4
TUBD1_RNA,-9.687923593446612e-4
STX16_RNA,-9.690513252280653e-4
ZPBP_RNA,-9.6985133131966e-4
EBPL_RNA,-9.700547088868916e-4
KLHL35_RNA,-9.709885343909264e-4
MOV10_RNA,-9.710606536827981e-4
GAL3ST1_RNA,-9.717521606944501e-4
RIBC1_RNA,-9.718207875266671e-4
HOXC8_RNA,-9.732130565680563e-4
HOXC6_RNA,-9.736387291923165e-4
TOR1AIP2_RNA,-9.73905494902283e-4
PLIN3_RNA,-9.750311146490276e-4
NBR2_RNA,-9.752829209901392e-4
PROK1_RNA,-9.768141899257898e-4
TSPAN18_RNA,-9.775591315701604e-4
NTS_RNA,-9.776109363883734e-4
SLC1A7_RNA,-9.781423723325133e-4
HEATR6_RNA,-9.790764888748527e-4
MMP11_RNA,-9.79207456111908e-4
GBP2_RNA,-9.795426158234477e-4
CLDN12_RNA,-9.799737017601728e-4
RBM3_RNA,-9.801550768315792e-4
PCDHGA11_RNA,-9.803534485399723e-4
PSAT1_RNA,-9.80786164291203e-4
NKX3-2_RNA,-9.828615002334118e-4
MIXL1_RNA,-9.831576608121395e-4
HOXC10_RNA,-9.831765200942755e-4
ITGB3_RNA,-9.84111917205155e-4
CTXN1_RNA,-9.849746711552143e-4
TF_RNA,-9.859716519713402e-4
ADAMTS5_RNA,-9.86919621936977e-4
COL20A1_RNA,-9.871514048427343e-4
RGS12_RNA,-9.872360387817025e-4
GAL3ST4_RNA,-9.876907570287585e-4
DNAJA4_RNA,-9.88560146652162e-4
CTDSPL2_RNA,-9.91369946859777e-4
HSPB7_RNA,-9.916318813338876e-4
RS1_RNA,-9.931272361427546e-4
EPHA1_RNA,-9.93247958831489e-4
CAPN13_RNA,-9.936944115906954e-4
PDIA2_RNA,-9.942471515387297e-4
PCYT2_RNA,-9.945830097422004e-4
IFI44_RNA,-9.957250440493226e-4
IL11_RNA,-9.958944283425808e-4
EBF4_RNA,-9.959702147170901e-4
DNM2_RNA,-9.979294845834374e-4
RFTN1_RNA,-9.980900213122368e-4
CDC25B_RNA,-9.991112165153027e-4
RBM12B_RNA,-9.993151761591434e-4
MICAL3_RNA,-9.995244909077883e-4
SHISA2_RNA,-9.997730376198888e-4
DUS4L_RNA,-0.0010001079645007849
SPEF1_RNA,-0.0010003253119066358
C1S_RNA,-0.001001798314973712
COL6A3_RNA,-0.0010019171750172973
VGLL3_RNA,-0.0010025976225733757
SLC16A11_RNA,-0.001002882607281208
MIR765_RNA,-0.0010033870348706841
KCNS2_RNA,-0.0010040580527856946
OPN5_RNA,-0.001004710211418569
KIAA1191_RNA,-0.001004743273369968
MIR376A2_RNA,-0.0010055352468043566
PTCHD1_RNA,-0.001005656784400344
STC2_RNA,-0.0010058555053547025
EDIL3_RNA,-0.0010060834465548396
ATP6V1B2_RNA,-0.0010063484078273177
ANKLE1_RNA,-0.0010068889241665602
OR2M4_RNA,-0.00100728461984545
ZNF714_RNA,-0.0010089183924719691
LOXL4_RNA,-0.0010090884752571583
ROBO1_RNA,-0.0010092249140143394
CITED1_RNA,-0.0010096845217049122
SHROOM4_RNA,-0.0010100860381498933
MRI1_RNA,-0.0010106828995049
STK40_RNA,-0.0010122887324541807
ACAD10_RNA,-0.0010123993270099163
NHLRC1_RNA,-0.0010127552086487412
SPC24_RNA,-0.001013231580145657
INHBC_RNA,-0.0010140882804989815
PPARGC1B_RNA,-0.0010147476568818092
SNORD115-17_RNA,-0.0010152377653867006
PPM1J_RNA,-0.001016553957015276
EGFR_RNA,-0.001016818219795823
IFNG_RNA,-0.0010173255577683449
COTL1_RNA,-0.0010185175342485309
RUFY1_RNA,-0.00101876026019454
SRC_RNA,-0.001018871902488172
GMPR_RNA,-0.0010189329041168094
FBXO34_RNA,-0.0010192010086029768
MYBPH_RNA,-0.0010196198709309101
MYO18B_RNA,-0.0010199096286669374
JAG1_RNA,-0.0010213209316134453
CCDC28A_RNA,-0.0010215649381279945
FRMD4B_RNA,-0.0010215661022812128
SPINT2_RNA,-0.0010216813534498215
PCDHB3_RNA,-0.0010216886876150966
HTR6_RNA,-0.0010224789148196578
RCVRN_RNA,-0.001022479496896267
SUMO2_RNA,-0.001023927703499794
PSME1_RNA,-0.0010247104801237583
KIF26B_RNA,-0.001025156700052321
KALRN_RNA,-0.0010261574061587453
CRABP2_RNA,-0.0010271614883095026
RAD51_RNA,-0.0010276839602738619
APP_RNA,-0.001028002705425024
CLEC4C_RNA,-0.0010280872229486704
SSPN_RNA,-0.0010283011943101883
BANF1_RNA,-0.0010287599870935082
ANLN_RNA,-0.001029002945870161
NLRP7_RNA,-0.0010300353169441223
GFI1B_RNA,-0.0010309297358617187
CCR3_RNA,-0.0010313998209312558
MMP19_RNA,-0.0010323605965822935
NPPB_RNA,-0.0010339344153180718
ARG2_RNA,-0.001033943030051887
NEB_RNA,-0.0010341822635382414
STRA8_RNA,-0.0010345547925680876
SWAP70_RNA,-0.0010356407146900892
ANGPTL4_RNA,-0.001035791588947177
ATP6V1C1_RNA,-0.0010358940344303846
MGAT3_RNA,-0.0010360880987718701
RIC3_RNA,-0.0010361020686104894
HSDL2_RNA,-0.0010374339763075113
LPAR1_RNA,-0.0010376344434916973
GXYLT2_RNA,-0.0010376631980761886
TSPAN10_RNA,-0.0010408633388578892
MS4A6A_RNA,-0.0010409001260995865
IGSF9_RNA,-0.0010426356457173824
PAGE2_RNA,-0.001042675576172769
RAB36_RNA,-0.0010435986332595348
OR51E1_RNA,-0.0010453411377966404
REST_RNA,-0.00104802125133574
GRIN2D_RNA,-0.0010489901760593057
LNPEP_RNA,-0.0010494482703506947
KRT6A_RNA,-0.0010500425705686212
POU2F3_RNA,-0.0010503274388611317
TPM1_RNA,-0.0010512592270970345
BAIAP2L2_RNA,-0.001052335137501359
APOL4_RNA,-0.0010524468962103128
DCAF16_RNA,-0.0010524963727220893
ZMAT5_RNA,-0.0010525916004553437
NPC2_RNA,-0.0010529764695093036
VWDE_RNA,-0.0010530936997383833
RNF180_RNA,-0.0010535649489611387
GEN1_RNA,-0.001054338994435966
TADA3_RNA,-0.001055811531841755
SCN3B_RNA,-0.00105648476164788
NRP1_RNA,-0.0010565884876996279
CCNG2_RNA,-0.0010570803424343467
SCG5_RNA,-0.001057327608577907
JAK3_RNA,-0.0010574228363111615
CNDP1_RNA,-0.0010575324995443225
KIAA0586_RNA,-0.0010576648637652397
LRRTM2_RNA,-0.0010587304132059216
WDR87_RNA,-0.001058981055393815
SPATA12_RNA,-0.0010593918850645423
CLIP1_RNA,-0.0010594595223665237
FABP4_RNA,-0.0010596560314297676
RASGRP3_RNA,-0.0010596688371151686
TOMM22_RNA,-0.0010599647648632526
DGCR8_RNA,-0.0010599727975204587
LAPTM4B_RNA,-0.0010600063251331449
GJB1_RNA,-0.0010600074892863631
PACRG_RNA,-0.0010607994627207518
PDE7A_RNA,-0.0010613570921123028
CRYBA4_RNA,-0.0010615221690386534
TUBG2_RNA,-0.0010615247301757336
SNHG4_RNA,-0.0010616948129609227
HDGFL1_RNA,-0.001061952323652804
ASPA_RNA,-0.0010624912101775408
KCTD9_RNA,-0.00106347247492522
SLC23A3_RNA,-0.001063824282027781
SYDE2_RNA,-0.0010639564134180546
CDON_RNA,-0.0010642365086823702
LGI3_RNA,-0.0010660383850336075
MGAT4A_RNA,-0.0010663439752534032
SYNE2_RNA,-0.0010663541033864021
GPRC5A_RNA,-0.001066949567757547
DUSP15_RNA,-0.0010681356070563197
IRGC_RNA,-0.0010706065222620964
MYBL2_RNA,-0.001070748781785369
SLC22A18_RNA,-0.0010719643905758858
UTRN_RNA,-0.0010719994315877557
TAPBP_RNA,-0.0010721448343247175
CD300LF_RNA,-0.0010722860461100936
GATA4_RNA,-0.001072389306500554
VILL_RNA,-0.0010724067687988281
MICA_RNA,-0.0010750361252576113
SLC25A33_RNA,-0.0010751077206805348
RIMBP2_RNA,-0.0010755943367257714
SERPINI1_RNA,-0.0010760711738839746
MT1F_RNA,-0.0010762190213426948
TSKU_RNA,-0.0010779009899124503
RSPO3_RNA,-0.001078305533155799
AADACL2_RNA,-0.0010798497823998332
SYT12_RNA,-0.0010798693401739001
GALP_RNA,-0.0010801139287650585
RRN3P2_RNA,-0.0010802502511069179
CBX4_RNA,-0.0010805634083226323
CCL24_RNA,-0.0010808485094457865
FGG_RNA,-0.0010811702813953161
SNORD114-20_RNA,-0.0010826177895069122
CDCP1_RNA,-0.001082969713024795
STK32B_RNA,-0.001082977862097323
FAM184A_RNA,-0.001083521288819611
FST_RNA,-0.001085686613805592
LHX9_RNA,-0.0010859190952032804
OPRD1_RNA,-0.0010868178214877844
CWH43_RNA,-0.0010877314489334822
MUC20_RNA,-0.0010884852381423116
RBBP8_RNA,-0.0010899053886532784
PCDHB11_RNA,-0.0010911873541772366
EMG1_RNA,-0.0010913305450230837
NKX6-2_RNA,-0.0010914161102846265
ERMN_RNA,-0.0010921978391706944
CHSY3_RNA,-0.0010930841090157628
NF2_RNA,-0.0010934910969808698
SBF1P1_RNA,-0.0010942586231976748
BGN_RNA,-0.0010943688685074449
PAX7_RNA,-0.0010949899442493916
CPXM1_RNA,-0.0010950262658298016
TRIM29_RNA,-0.0010953770251944661
LENG9_RNA,-0.0010967275593429804
RAPGEF5_RNA,-0.0010968229034915566
KLC1_RNA,-0.0010981378145515919
EYA4_RNA,-0.00109954085201025
ADM_RNA,-0.0010999649530276656
VMO1_RNA,-0.001102364156395197
MDFI_RNA,-0.001103267539292574
HIVEP3_RNA,-0.0011033215560019016
TMX4_RNA,-0.0011040950194001198
DDB1_RNA,-0.0011057346127927303
FCRLB_RNA,-0.0011063296115025878
LAMC1_RNA,-0.001106903189793229
GAS2L2_RNA,-0.0011087030870839953
PLA2G3_RNA,-0.0011089191539213061
CACNA2D4_RNA,-0.0011110418708994985
CCDC159_RNA,-0.0011114085791632533
ZNF239_RNA,-0.0011119772680103779
TTLL4_RNA,-0.0011131276842206717
XIRP1_RNA,-0.0011132139479741454
C15orf62_RNA,-0.001113344682380557
MBP_RNA,-0.0011134239612147212
C3orf22_RNA,-0.0011135678505524993
ANKLE2_RNA,-0.0011136080138385296
ZBBX_RNA,-0.0011156470282003284
HUNK_RNA,-0.00111593515612185
PPIH_RNA,-0.0011162810260429978
OFD1_RNA,-0.0011165657779201865
TXNIP_RNA,-0.0011178217828273773
UCK2_RNA,-0.0011180167784914374
SLC11A2_RNA,-0.0011191136436536908
GRP_RNA,-0.0011194739490747452
LSM2_RNA,-0.0011201861780136824
LAMC2_RNA,-0.0011208693031221628
WNT8A_RNA,-0.0011209489312022924
DHCR24_RNA,-0.0011209598742425442
SFT2D2_RNA,-0.001121193403378129
SMPX_RNA,-0.0011214796686545014
GUK1_RNA,-0.0011222907342016697
WDR62_RNA,-0.0011224388144910336
EXT1_RNA,-0.0011229540687054396
IFIT3_RNA,-0.0011236839927732944
LMO1_RNA,-0.0011245745699852705
TMED7-TICAM2_RNA,-0.001124698668718338
CLDN15_RNA,-0.001125843613408506
TRMT12_RNA,-0.0011282475898042321
KCNE4_RNA,-0.0011309790425002575
LIX1L_RNA,-0.0011314733419567347
GPX8_RNA,-0.0011317395837977529
UXS1_RNA,-0.00113323621917516
CACNB3_RNA,-0.0011333447182551026
EFNB3_RNA,-0.0011333856964483857
ZNF843_RNA,-0.001133448095060885
DNAH12_RNA,-0.001135309343226254
PDZK1IP1_RNA,-0.0011356755858287215
DSE_RNA,-0.0011363320518285036
WNT10B_RNA,-0.0011369073763489723
DACT3_RNA,-0.0011386824771761894
ABCG8_RNA,-0.0011387873673811555
LRRN4CL_RNA,-0.0011401978554204106
PDZRN3_RNA,-0.0011402344098314643
NKX3-1_RNA,-0.0011404617689549923
PRDM13_RNA,-0.0011408772552385926
MYL7_RNA,-0.0011409763246774673
CDH22_RNA,-0.0011415393091738224
LIF_RNA,-0.0011418345384299755
CPXM2_RNA,-0.0011420579394325614
MYBPC2_RNA,-0.001142270164564252
GLIS1_RNA,-0.0011424465337768197
CDH1_RNA,-0.0011429287260398269
BRD1_RNA,-0.0011456635547801852
PAX3_RNA,-0.0011458266526460648
PRIM2_RNA,-0.0011460328241810203
ZDHHC21_RNA,-0.0011463008122518659
GGA3_RNA,-0.001146846916526556
KCP_RNA,-0.0011471436591818929
ZNF484_RNA,-0.0011490210890769958
SAP18_RNA,-0.0011490959441289306
SNX32_RNA,-0.0011492341291159391
TEAD2_RNA,-0.0011493515921756625
ATRX_RNA,-0.0011495298240333796
ATP6V0A1_RNA,-0.0011503132991492748
TSGA13_RNA,-0.001150836469605565
CCDC140_RNA,-0.0011513297213241458
HAND2_RNA,-0.0011517173843458295
GNG2_RNA,-0.0011528448667377234
PIGW_RNA,-0.0011536991223692894
KRT18_RNA,-0.0011543836444616318
GSC_RNA,-0.001154910190962255
LTBP2_RNA,-0.0011549198534339666
CCND1_RNA,-0.0011556274257600307
C2orf66_RNA,-0.0011559465201571584
NAALAD2_RNA,-0.0011564191663637757
C16orf74_RNA,-0.0011569298803806305
ZNF396_RNA,-0.0011576185934245586
TEX9_RNA,-0.0011576310498639941
ICA1_RNA,-0.00115883385296911
TSTD1_RNA,-0.0011589752975851297
SNX6_RNA,-0.0011598627315834165
RFX8_RNA,-0.0011603583116084337
IGF2BP2_RNA,-0.0011608382919803262
CLSTN3_RNA,-0.0011624688049778342
ZCWPW1_RNA,-0.0011625094339251518
RAI14_RNA,-0.0011634613620117307
MID2_RNA,-0.0011635819682851434
RDX_RNA,-0.001165650668554008
DNAH8_RNA,-0.0011669324012473226
UCP2_RNA,-0.0011673442786559463
SOCS3_RNA,-0.001167358597740531
KRT82_RNA,-0.0011681078467518091
SEMA5A_RNA,-0.0011690331157296896
PBOV1_RNA,-0.0011690908577293158
FAM177B_RNA,-0.0011696203146129847
GPR39_RNA,-0.0011697538429871202
JUND_RNA,-0.001170389004983008
PTGIR_RNA,-0.001170436036773026
ISG15_RNA,-0.0011705979704856873
MAS1_RNA,-0.0011715622385963798
CPA6_RNA,-0.0011717923916876316
JSRP1_RNA,-0.0011723579373210669
INHBE_RNA,-0.001174243283458054
MARK2_RNA,-0.0011751321144402027
FMOD_RNA,-0.0011759222252294421
DLX2_RNA,-0.0011765380622819066
TAX1BP1_RNA,-0.0011771207209676504
LIN7A_RNA,-0.0011774018639698625
SLC5A2_RNA,-0.0011775009334087372
ADAMTSL5_RNA,-0.0011776622850447893
CDR2L_RNA,-0.0011787903495132923
SERPINB5_RNA,-0.0011788191040977836
AACS_RNA,-0.0011795652098953724
ACSS3_RNA,-0.0011803958332166076
ATG10_RNA,-0.0011813102755695581
PLCH2_RNA,-0.0011816680198535323
LDHAL6B_RNA,-0.0011821939842775464
GNAZ_RNA,-0.0011822020169347525
PRSS12_RNA,-0.0011830729199573398
CEBPE_RNA,-0.001183121930807829
ZNF681_RNA,-0.0011836205376312137
PCDHA2_RNA,-0.0011839442886412144
LANCL1_RNA,-0.001184989814646542
KCNQ4_RNA,-0.0011864833068102598
EDA2R_RNA,-0.0011873859912157059
CD80_RNA,-0.0011881693499162793
SYT16_RNA,-0.0011881720274686813
SMURF1_RNA,-0.0011883992701768875
SFTPB_RNA,-0.0011914431815966964
ADM2_RNA,-0.0011915412032976747
DAZL_RNA,-0.0011915771756321192
NRG1_RNA,-0.0011916180374100804
TPPP_RNA,-0.0011922137346118689
PID1_RNA,-0.001193010713905096
MEX3B_RNA,-0.0011936236405745149
PSMB1_RNA,-0.0011940218973904848
ZNF154_RNA,-0.0011948145693168044
SMAD1_RNA,-0.0011949421605095267
NUP153_RNA,-0.001196127850562334
PLAUR_RNA,-0.0011965963058173656
TRIM71_RNA,-0.001196966739371419
VCAM1_RNA,-0.0011972392676398158
SNUPN_RNA,-0.0011972569627687335
PLK2_RNA,-0.001200489467009902
DLX5_RNA,-0.001200554776005447
CYGB_RNA,-0.0012010649079456925
ABI1_RNA,-0.0012016115942969918
CHRNE_RNA,-0.001202025101520121
RHCG_RNA,-0.0012031045043841004
RNF43_RNA,-0.0012044451432302594
CLCA1_RNA,-0.0012050899676978588
SLIT2_RNA,-0.001205137581564486
ALX3_RNA,-0.0012056258274242282
ESRRB_RNA,-0.0012061254819855094
DPY19L3_RNA,-0.0012065335176885128
ZNF365_RNA,-0.0012073733378201723
CLEC1A_RNA,-0.0012074911501258612
SGMS2_RNA,-0.0012077749706804752
DCTN4_RNA,-0.001208578934893012
SLC22A8_RNA,-0.001209366018883884
PRPF3_RNA,-0.001209559035487473
TSN_RNA,-0.001210056827403605
IFI44L_RNA,-0.00121006416156888
EPM2A_RNA,-0.0012106297072023153
TFAP2C_RNA,-0.0012112547410652041
UNC13A_RNA,-0.0012119009625166655
SLC25A13_RNA,-0.0012124392669647932
IRS2_RNA,-0.0012127984082326293
TMEM232_RNA,-0.0012132717529311776
DCP1B_RNA,-0.001213444396853447
INSC_RNA,-0.0012140742037445307
RBM38_RNA,-0.0012148128589615226
APLN_RNA,-0.0012152973795309663
RDH10_RNA,-0.0012156848097220063
LOC154449_RNA,-0.0012179786572232842
MPPED1_RNA,-0.001218681689351797
SDC1_RNA,-0.0012226951075717807
ZNF830_RNA,-0.0012228209525346756
OR13J1_RNA,-0.001223191968165338
GAPDHS_RNA,-0.0012242088560014963
CRYGN_RNA,-0.001224268926307559
STAM_RNA,-0.001224413514137268
AURKB_RNA,-0.0012251388980075717
SOX2_RNA,-0.0012257780181244016
ALOXE3_RNA,-0.001227454631589353
RSAD2_RNA,-0.001227521221153438
GTSE1_RNA,-0.0012277914211153984
MRGPRX4_RNA,-0.00122818723320961
CHAC1_RNA,-0.0012283523101359606
HERC6_RNA,-0.0012295108754187822
PXDN_RNA,-0.001230347086675465
CDC42EP3_RNA,-0.0012305728159844875
DNAL1_RNA,-0.001230591326020658
NEK3_RNA,-0.0012311025056988
CD200R1_RNA,-0.001231841859407723
RCN3_RNA,-0.0012328721350058913
NR2F6_RNA,-0.00123297527898103
TRAPPC1_RNA,-0.0012334899511188269
NOVA2_RNA,-0.00123406492639333
USP28_RNA,-0.0012341461842879653
CNOT4_RNA,-0.0012344724964350462
TMEM213_RNA,-0.0012345050927251577
NOTCH3_RNA,-0.0012351499171927571
RNASE10_RNA,-0.0012355501530691981
TRIO_RNA,-0.0012360053369775414
LAMP3_RNA,-0.0012373405043035746
SLFN5_RNA,-0.0012379513354972005
DPH5_RNA,-0.001239040750078857
EXOSC6_RNA,-0.0012393175857141614
MEMO1_RNA,-0.0012394980294629931
MME_RNA,-0.0012399429688230157
KNCN_RNA,-0.0012400490231812
MRPS14_RNA,-0.0012403122382238507
BCAT2_RNA,-0.0012404501903802156
TTLL2_RNA,-0.0012417443795129657
EGF_RNA,-0.0012423881562426686
MUC5B_RNA,-0.0012432752409949899
NPPA_RNA,-0.0012433656957000494
PRTN3_RNA,-0.001243368024006486
PFDN5_RNA,-0.0012439365964382887
DCUN1D5_RNA,-0.0012444762978702784
CD37_RNA,-0.0012447236804291606
CD1C_RNA,-0.0012448475463315845
FABP1_RNA,-0.0012456009862944484
ETV3L_RNA,-0.0012459224089980125
BTBD2_RNA,-0.0012459708377718925
MT1A_RNA,-0.001246258383616805
NIPSNAP1_RNA,-0.0012472959933802485
BTNL2_RNA,-0.0012475387193262577
QRSL1_RNA,-0.0012481813319027424
SNX21_RNA,-0.0012488617794588208
LINGO1_RNA,-0.0012490559602156281
RNF182_RNA,-0.0012503673788160086
GALNTL6_RNA,-0.001251382869668305
ZNF711_RNA,-0.0012538752052932978
POLE3_RNA,-0.0012557369191199541
HSPA1L_RNA,-0.0012559975730255246
RPL9_RNA,-0.001256768126040697
SLC16A8_RNA,-0.0012570368126034737
WDR19_RNA,-0.0012572306441143155
DST_RNA,-0.0012581410119310021
BUD13_RNA,-0.001258454634808004
DVL2_RNA,-0.0012601595371961594
HAVCR2_RNA,-0.0012603101786226034
NCAPH2_RNA,-0.0012615543091669679
RTP4_RNA,-0.0012617090251296759
PUM2_RNA,-0.0012625890085473657
OR2C1_RNA,-0.0012633675942197442
KPNA6_RNA,-0.0012637014733627439
PTMA_RNA,-0.0012638441985473037
CLIC6_RNA,-0.0012649180134758353
POLR2D_RNA,-0.001267425250262022
PRR16_RNA,-0.0012675533071160316
COG3_RNA,-0.001268187421374023
DNAH3_RNA,-0.0012686783447861671
NPY5R_RNA,-0.00126903154887259
PROM1_RNA,-0.0012692129239439964
CCNG1_RNA,-0.001269408967345953
ARHGAP20_RNA,-0.0012702307431027293
ID4_RNA,-0.0012710407609120011
NKIRAS1_RNA,-0.0012711328454315662
MYH1_RNA,-0.001272208639420569
OAF_RNA,-0.0012729540467262268
PSMB10_RNA,-0.0012738994555547833
HOXB8_RNA,-0.0012740753591060638
TMEM200A_RNA,-0.001275008893571794
ABCD3_RNA,-0.0012753246119245887
MIR744_RNA,-0.0012754380004480481
NXT1_RNA,-0.0012761516263708472
TRIM55_RNA,-0.0012771886540576816
LMAN1_RNA,-0.00127721659373492
TSPAN15_RNA,-0.0012780256802216172
RGMB_RNA,-0.001278027892112732
LETM2_RNA,-0.001278976327739656
RASAL1_RNA,-0.0012795381480827928
A2M_RNA,-0.001279926858842373
CMIP_RNA,-0.0012813570210710168
TMPRSS3_RNA,-0.0012848378391936421
ADCYAP1_RNA,-0.0012849109480157495
LRRC7_RNA,-0.0012850513448938727
FKBP1A_RNA,-0.0012863075826317072
ALPK2_RNA,-0.0012865887256339192
HRH1_RNA,-0.0012885351898148656
TMEM158_RNA,-0.001290108892135322
CHRNB2_RNA,-0.0012906283373013139
CRTAP_RNA,-0.0012908272910863161
SCNM1_RNA,-0.0012909999350085855
LYPD5_RNA,-0.00129131437279284
CALM3_RNA,-0.001291378284804523
SPIN1_RNA,-0.0012923403410241008
MRPL54_RNA,-0.0012932104291394353
MIR369_RNA,-0.001293661305680871
P2RY4_RNA,-0.001293762819841504
GPRIN1_RNA,-0.0012941894819959998
CTSK_RNA,-0.0012949199881404638
METTL4_RNA,-0.0012962871696799994
ACYP2_RNA,-0.0012981577310711145
STAG1_RNA,-0.0012982499320060015
CLINT1_RNA,-0.0012984335189685225
NBN_RNA,-0.0012989673996344209
ZNF575_RNA,-0.0012994313146919012
IER3_RNA,-0.001299594296142459
TOM1_RNA,-0.001299714669585228
SLAIN1_RNA,-0.0012998993042856455
ZNF410_RNA,-0.001300631556659937
FDXR_RNA,-0.0013014227151870728
HPCAL1_RNA,-0.0013020471669733524
LETMD1_RNA,-0.0013024680083617568
RASSF10_RNA,-0.0013036871096119285
CTSA_RNA,-0.0013038457836955786
SND1_RNA,-0.0013045582454651594
CNN3_RNA,-0.001304612960666418
WARS2_RNA,-0.0013048721011728048
PGK1_RNA,-0.0013062909711152315
TMPRSS4_RNA,-0.0013065896928310394
CD72_RNA,-0.0013066526735201478
IGFBP3_RNA,-0.0013074246235191822
SS18L1_RNA,-0.0013082674704492092
PCDHB1_RNA,-0.0013090308057144284
TNFSF9_RNA,-0.001309091690927744
FGF14_RNA,-0.0013092667795717716
RAB11FIP4_RNA,-0.0013097282499074936
GTF3A_RNA,-0.001310738967731595
DNAJB1_RNA,-0.0013110084692016244
POLR1E_RNA,-0.0013111511943861842
GLUL_RNA,-0.0013113794848322868
LGMN_RNA,-0.0013139520306140184
ADAMTSL4_RNA,-0.0013144670519977808
CPNE3_RNA,-0.0013152960455045104
PACS2_RNA,-0.0013155407505109906
TFAP2B_RNA,-0.0013155452907085419
TBC1D24_RNA,-0.0013157774228602648
ATP8A1_RNA,-0.0013169170124456286
RUNDC3A_RNA,-0.0013173542683944106
GYPC_RNA,-0.0013197961961850524
KISS1R_RNA,-0.0013198682572692633
LOC283731_RNA,-0.0013204714050516486
HNF4A_RNA,-0.0013216383522376418
KLHL32_RNA,-0.001321897259913385
ADRA1D_RNA,-0.001322879339568317
TBX22_RNA,-0.0013229227624833584
MIR210_RNA,-0.001323003089055419
OR1K1_RNA,-0.0013234432553872466
SEMA7A_RNA,-0.0013235736405476928
TREML4_RNA,-0.00132361997384578
P4HA2_RNA,-0.0013241131091490388
ERCC1_RNA,-0.0013243105495348573
PHF6_RNA,-0.00132469623349607
SLC26A6_RNA,-0.001326638855971396
MAPK9_RNA,-0.001326775993220508
INO80D_RNA,-0.0013270440977066755
ACOT13_RNA,-0.0013282275758683681
DYNLL1_RNA,-0.0013283684384077787
GPRC5D_RNA,-0.0013289536582306027
SLC10A1_RNA,-0.001329271006397903
NPM1_RNA,-0.0013293224619701505
PTPRK_RNA,-0.0013300435384735465
CARS2_RNA,-0.0013308447087183595
SLC12A1_RNA,-0.0013315705582499504
SPATA17_RNA,-0.0013325564796105027
STH_RNA,-0.0013329946668818593
CDKL1_RNA,-0.001334044267423451
MAFF_RNA,-0.001335261156782508
KIRREL3_RNA,-0.0013366350904107094
EVI5L_RNA,-0.0013381718890741467
CYP17A1_RNA,-0.0013381942408159375
FGFBP2_RNA,-0.0013396325521171093
CCDC40_RNA,-0.0013397076399996877
BRPF1_RNA,-0.0013399241724982858
HLA-DPA1_RNA,-0.0013405021745711565
TRIB3_RNA,-0.001341169816441834
CD5L_RNA,-0.0013425310607999563
RASSF7_RNA,-0.0013428410748019814
ZNF334_RNA,-0.001343029667623341
TSHZ2_RNA,-0.0013443524949252605
DACH2_RNA,-0.001345703611150384
PROCA1_RNA,-0.0013458479661494493
CCL20_RNA,-0.0013463112991303205
ZNF131_RNA,-0.0013467780081555247
TMEM170A_RNA,-0.0013493320439010859
DNALI1_RNA,-0.0013503346126526594
PRKD3_RNA,-0.0013509076088666916
PCBP3_RNA,-0.0013511431170627475
DDX60L_RNA,-0.001351319719105959
RAB20_RNA,-0.001351697021164
OSGIN1_RNA,-0.0013536103069782257
ZBTB32_RNA,-0.0013536117039620876
PSMA2_RNA,-0.0013545543188229203
SMTNL1_RNA,-0.0013550976291298866
HLA-DMA_RNA,-0.0013553505996242166
GPS1_RNA,-0.0013553946046158671
SPATA24_RNA,-0.001355774700641632
TMPRSS9_RNA,-0.0013566437410190701
PTP4A3_RNA,-0.0013569837901741266
C11orf58_RNA,-0.0013577700592577457
LEAP2_RNA,-0.0013578897342085838
ALG14_RNA,-0.0013581998646259308
RALGAPA2_RNA,-0.0013583569088950753
CXCL13_RNA,-0.001359275309368968
SLC16A3_RNA,-0.0013607670553028584
TLE4_RNA,-0.0013610919704660773
PDLIM3_RNA,-0.0013617220101878047
KCNQ1OT1_RNA,-0.0013619042001664639
C11orf16_RNA,-0.0013632015325129032
MTCH2_RNA,-0.0013637568335980177
CA13_RNA,-0.0013638371601700783
DCAF4L1_RNA,-0.0013639498502016068
CD300A_RNA,-0.0013646067818626761
SEMA6D_RNA,-0.0013648418243974447
THAP6_RNA,-0.0013648468302562833
ARL4D_RNA,-0.0013655247166752815
CEL_RNA,-0.0013665971346199512
PSMA1_RNA,-0.00136751146055758
TOMM20L_RNA,-0.0013682512799277902
TMPRSS5_RNA,-0.0013689064653590322
CCL2_RNA,-0.001369158853776753
TMEM70_RNA,-0.0013706417521461844
TRIM32_RNA,-0.0013719442067667842
NANS_RNA,-0.0013724572490900755
SLCO6A1_RNA,-0.0013736835680902004
PDS5B_RNA,-0.0013757002307102084
KRT3_RNA,-0.0013759084977209568
LST1_RNA,-0.0013773262035101652
FOXP3_RNA,-0.0013788866344839334
TTC9C_RNA,-0.0013808204093948007
GZMB_RNA,-0.0013811772223562002
OAS3_RNA,-0.001381375128403306
PADI1_RNA,-0.001382486312650144
PRDM6_RNA,-0.0013825243804603815
CDH4_RNA,-0.0013825604692101479
SLC2A1_RNA,-0.0013830257812514901
SLC17A5_RNA,-0.0013844396453350782
SREBF1_RNA,-0.0013851961120963097
SLC24A2_RNA,-0.0013854694552719593
CDK10_RNA,-0.001388391014188528
CAPN12_RNA,-0.0013887034729123116
GCLM_RNA,-0.0013889119727537036
EMILIN1_RNA,-0.001390466932207346
RASSF6_RNA,-0.0013911263085901737
BNC2_RNA,-0.0013914720620959997
ACLY_RNA,-0.00139186205342412
OPALIN_RNA,-0.0013918648473918438
RPE65_RNA,-0.001392466714605689
PCDHA4_RNA,-0.0013925455277785659
NUMA1_RNA,-0.001393795944750309
TSC1_RNA,-0.0013941481010988355
CTTNBP2NL_RNA,-0.0013953789602965117
CAPS_RNA,-0.0013955084141343832
PABPN1_RNA,-0.0013970602303743362
PRDM8_RNA,-0.0013972916640341282
PNMA5_RNA,-0.0013978296192362905
N6AMT1_RNA,-0.001397970481775701
MUC13_RNA,-0.0013980451039969921
METAP2_RNA,-0.0013984476681798697
PIP5K1C_RNA,-0.001399140222929418
FOXL2_RNA,-0.0013994816690683365
RPS6_RNA,-0.0014011819148436189
GLIPR1_RNA,-0.001402256079018116
INF2_RNA,-0.0014023911207914352
SLC26A9_RNA,-0.001402500201947987
CLIP2_RNA,-0.0014025545679032803
SNORD116-11_RNA,-0.001402706722728908
FSCN3_RNA,-0.0014028159203007817
OAS1_RNA,-0.0014028336154296994
DCD_RNA,-0.001403118367306888
RAD51AP1_RNA,-0.001404767856001854
FIBCD1_RNA,-0.0014047821750864387
ECT2_RNA,-0.0014054054627195
STARD10_RNA,-0.0014055616920813918
PALM3_RNA,-0.0014057826483622193
PCDHA3_RNA,-0.00140632304828614
RALA_RNA,-0.0014069481985643506
PTGIS_RNA,-0.00140818627551198
ARMC6_RNA,-0.0014089560136198997
DECR2_RNA,-0.0014090584591031075
DOK3_RNA,-0.0014093260979279876
TXNRD1_RNA,-0.001409438205882907
MEIS3_RNA,-0.0014094924554228783
RAB4A_RNA,-0.0014099761610850692
SPSB1_RNA,-0.001410063006915152
VPS72_RNA,-0.001410478027537465
PRR18_RNA,-0.0014110851334407926
CLDN1_RNA,-0.0014124029548838735
ARHGDIB_RNA,-0.0014124450972303748
SGPP2_RNA,-0.0014127179747447371
PDHB_RNA,-0.0014132681535556912
OCEL1_RNA,-0.0014139798004180193
ODF1_RNA,-0.001414658734574914
CLDN11_RNA,-0.001414724625647068
DAZAP2_RNA,-0.001414785161614418
HAR1B_RNA,-0.0014158205594867468
WDR17_RNA,-0.0014169322093948722
PHPT1_RNA,-0.001417650724761188
SAMHD1_RNA,-0.0014180452562868595
MEST_RNA,-0.0014188969507813454
FOXC2_RNA,-0.0014189332723617554
MMP2_RNA,-0.001419229432940483
COMP_RNA,-0.0014193520182743669
PERP_RNA,-0.0014203927712514997
INPP5J_RNA,-0.001420754473656416
EFHC2_RNA,-0.0014207789208739996
DOCK10_RNA,-0.0014209473738446832
SBSN_RNA,-0.001420963671989739
RND3_RNA,-0.0014210899826139212
EIF4EBP1_RNA,-0.0014211562229320407
PLSCR4_RNA,-0.0014213897520676255
SREBF2_RNA,-0.0014236940769478679
LDLRAD1_RNA,-0.0014258198207244277
CALHM2_RNA,-0.001426534610800445
NRGN_RNA,-0.0014266663929447532
FILIP1L_RNA,-0.0014278742019087076
MYL2_RNA,-0.0014288241509348154
PAQR3_RNA,-0.0014289221726357937
OLFML1_RNA,-0.0014289974933490157
SECTM1_RNA,-0.0014292910927906632
CD1E_RNA,-0.0014294704888015985
PPP1R15A_RNA,-0.0014294935390353203
FBXW8_RNA,-0.0014308566460385919
CD7_RNA,-0.0014315751614049077
ASCL3_RNA,-0.0014317012391984463
DLK2_RNA,-0.0014319353504106402
FCER1G_RNA,-0.0014326991513371468
UACA_RNA,-0.001432732562534511
ZNF280C_RNA,-0.00143305619712919
FSTL1_RNA,-0.001433934667147696
TUBB3_RNA,-0.0014340827474370599
C19orf73_RNA,-0.0014342385111376643
DHRS11_RNA,-0.0014348956756293774
SLC39A14_RNA,-0.0014358031330630183
DNAH5_RNA,-0.0014361566863954067
ZNF77_RNA,-0.0014361999928951263
SLC27A1_RNA,-0.0014365044189617038
TRAM2_RNA,-0.0014374118763953447
ELMOD3_RNA,-0.001438013045117259
TJP1_RNA,-0.001438017701730132
MICB_RNA,-0.0014398524072021246
SAA2_RNA,-0.0014424202963709831
COX17_RNA,-0.0014428510330617428
DENND1C_RNA,-0.0014441699022427201
DAO_RNA,-0.0014441916719079018
TPR_RNA,-0.0014442643150687218
CHRNA9_RNA,-0.0014454899355769157
DYM_RNA,-0.0014458725927397609
ISOC1_RNA,-0.0014461992541328073
KCNK13_RNA,-0.0014464928535744548
DDX53_RNA,-0.0014465489657595754
TREM1_RNA,-0.0014469302259385586
TRIM69_RNA,-0.0014474208001047373
MAB21L2_RNA,-0.0014476386131718755
IL1RAP_RNA,-0.001447703456506133
SERPIND1_RNA,-0.0014479206874966621
MRPL17_RNA,-0.0014486121945083141
CHAF1A_RNA,-0.001449459115974605
RAB25_RNA,-0.0014508574968203902
COPB1_RNA,-0.0014519798569381237
CACNB4_RNA,-0.0014521395787596703
C5orf46_RNA,-0.0014528913889080286
PEF1_RNA,-0.0014530560001730919
RUNX3_RNA,-0.0014532512286677957
CHEK1_RNA,-0.0014533210778608918
EXOC5_RNA,-0.0014534273650497198
HAMP_RNA,-0.0014538184041157365
SLC25A22_RNA,-0.0014540896518155932
TMEM81_RNA,-0.0014547707978636026
TRIM27_RNA,-0.0014548258623108268
DKK2_RNA,-0.0014555780217051506
CAV2_RNA,-0.0014563904842361808
PART1_RNA,-0.0014570055063813925
KRT80_RNA,-0.0014587296172976494
LHX6_RNA,-0.0014590900391340256
MTAP_RNA,-0.0014597930712625384
NMUR1_RNA,-0.0014603905146941543
TMED10_RNA,-0.0014622273156419396
LDOC1_RNA,-0.00146244908683002
BIN1_RNA,-0.0014633045066148043
ELL2_RNA,-0.0014634253457188606
SEC23A_RNA,-0.0014636630658060312
DHRS13_RNA,-0.0014638931024819613
HTR1F_RNA,-0.0014639078872278333
CCPG1_RNA,-0.0014642728492617607
BMPER_RNA,-0.0014643729664385319
BCS1L_RNA,-0.0014649080112576485
AKAP1_RNA,-0.0014653526013717055
PFDN4_RNA,-0.001465447130613029
BLK_RNA,-0.0014657591236755252
SFTPC_RNA,-0.0014661704190075397
KCNH7_RNA,-0.0014668917283415794
CYP26B1_RNA,-0.0014675824204459786
SUZ12_RNA,-0.0014682216569781303
RTL1_RNA,-0.0014683910412713885
RPIA_RNA,-0.0014698159648105502
TOP1MT_RNA,-0.0014724244829267263
ARMCX4_RNA,-0.001473739161156118
BCL2L14_RNA,-0.0014749878318980336
MAN1C1_RNA,-0.0014758487232029438
TSPAN1_RNA,-0.0014762961072847247
AHNAK2_RNA,-0.0014768338296562433
SULT2B1_RNA,-0.001476998790167272
GSDMB_RNA,-0.0014771608402952552
GBP4_RNA,-0.00147735676728189
EHBP1L1_RNA,-0.0014773786533623934
C6orf141_RNA,-0.0014780000783503056
TEKT2_RNA,-0.0014797726180404425
GCHFR_RNA,-0.0014819528441876173
GPX3_RNA,-0.0014822492375969887
YARS2_RNA,-0.0014824016252532601
GPR35_RNA,-0.0014827493578195572
TH_RNA,-0.0014839194482192397
SCGB1D2_RNA,-0.0014849398285150528
TSGA10IP_RNA,-0.0014853398315608501
RXRB_RNA,-0.001485433429479599
CYP26A1_RNA,-0.0014858570648357272
ARRB2_RNA,-0.0014871439198032022
COL2A1_RNA,-0.0014874740736559033
SDK2_RNA,-0.0014880724484100938
TMPRSS12_RNA,-0.0014886347344145179
TAF2_RNA,-0.00148897769395262
PAQR7_RNA,-0.0014894399791955948
DNAJC28_RNA,-0.0014905048301443458
VWA3A_RNA,-0.0014911184553056955
IGSF3_RNA,-0.0014914653729647398
ERAL1_RNA,-0.0014922533882781863
PGBD5_RNA,-0.001494053052738309
ANO4_RNA,-0.0014956991653889418
DDN_RNA,-0.0014960403786972165
SLC39A2_RNA,-0.001496173907071352
RNF5_RNA,-0.001496396609582007
GRIPAP1_RNA,-0.0014974201330915093
REC8_RNA,-0.0014983238652348518
C1QTNF6_RNA,-0.0015001033898442984
GP6_RNA,-0.001501315156929195
MEGF6_RNA,-0.001501387101598084
NUDT15_RNA,-0.0015015185344964266
PIM1_RNA,-0.0015025758184492588
CETP_RNA,-0.0015031896764412522
FOXD1_RNA,-0.0015034392708912492
RNF213_RNA,-0.0015036424156278372
PKIB_RNA,-0.001503734034486115
RENBP_RNA,-0.001504496205598116
SAE1_RNA,-0.0015046257758513093
PPP1R3G_RNA,-0.0015053553506731987
TSR2_RNA,-0.0015057700220495462
MYCN_RNA,-0.0015077856369316578
DCDC1_RNA,-0.0015088190557435155
SLC2A14_RNA,-0.0015100182499736547
DCLK1_RNA,-0.0015101823955774307
MS4A3_RNA,-0.0015103872865438461
TMED1_RNA,-0.001510782167315483
COBL_RNA,-0.0015121150063350797
CA5B_RNA,-0.0015124118654057384
ELAVL4_RNA,-0.0015126127982512116
KRT8_RNA,-0.0015126188518479466
OCIAD2_RNA,-0.0015141689218580723
TNNT1_RNA,-0.0015145314391702414
SH3PXD2A_RNA,-0.0015160879120230675
GLMN_RNA,-0.0015165053773671389
TMEM182_RNA,-0.0015167740639299154
FBXO39_RNA,-0.001517767203040421
HES5_RNA,-0.0015180965419858694
RRAGC_RNA,-0.0015216683968901634
CMPK2_RNA,-0.001523256883956492
EPSTI1_RNA,-0.0015234356978908181
PRKAA2_RNA,-0.0015245395479723811
DOHH_RNA,-0.0015249040443450212
HBA1_RNA,-0.0015259142965078354
IGSF6_RNA,-0.0015273797325789928
NCR3_RNA,-0.0015278864884749055
MBD2_RNA,-0.0015279585495591164
B4GALT3_RNA,-0.0015285444678738713
VRK1_RNA,-0.001529414439573884
OR9A4_RNA,-0.001530543784610927
RUFY2_RNA,-0.0015321760438382626
C14orf39_RNA,-0.0015332495095208287
FGF7_RNA,-0.0015337278600782156
FBXO21_RNA,-0.0015340978279709816
PRUNE2_RNA,-0.0015342029510065913
WDHD1_RNA,-0.001535717281512916
SLC18A3_RNA,-0.001536047668196261
OR1E1_RNA,-0.0015363834099844098
BYSL_RNA,-0.0015367369633167982
IRX4_RNA,-0.001537858392111957
RPL3_RNA,-0.0015384022844955325
BCAT1_RNA,-0.0015389238251373172
TSPAN6_RNA,-0.0015406211605295539
COL9A3_RNA,-0.0015407843748107553
GLP1R_RNA,-0.0015411109197884798
UPK1A_RNA,-0.001542049110867083
NR1I3_RNA,-0.0015421051066368818
TMEM145_RNA,-0.001542933052405715
FBXW12_RNA,-0.0015436356188729405
LRP2BP_RNA,-0.0015445996541529894
FAM186B_RNA,-0.0015460043214261532
LRRC2_RNA,-0.0015473028179258108
ZDHHC22_RNA,-0.0015479313442483544
HERPUD2_RNA,-0.0015481245936825871
TMEM43_RNA,-0.0015487706987187266
LRRN4_RNA,-0.0015496875857934356
ZC3H7B_RNA,-0.001549848122522235
PCSK1_RNA,-0.0015512205427512527
PDZK1_RNA,-0.0015514543047174811
TREML1_RNA,-0.0015517977299168706
STYK1_RNA,-0.0015537443105131388
ZNF787_RNA,-0.0015542857581749558
RUVBL2_RNA,-0.0015548444353044033
ARL11_RNA,-0.0015551571268588305
PCDHB8_RNA,-0.0015553442062810063
DDX25_RNA,-0.0015561679610982537
TLR3_RNA,-0.001556461094878614
CYP27B1_RNA,-0.0015570599352940917
MIR25_RNA,-0.0015570784453302622
SPTBN5_RNA,-0.0015577641315758228
FUT11_RNA,-0.001559052849188447
CC2D1B_RNA,-0.0015598558820784092
DCBLD1_RNA,-0.0015601047780364752
CCNF_RNA,-0.0015602749772369862
PFN4_RNA,-0.0015615066513419151
FBN3_RNA,-0.0015617551980540156
PRKRIP1_RNA,-0.0015633802395313978
AGTR1_RNA,-0.001564659527502954
TMEM151A_RNA,-0.0015648266999050975
FBXO9_RNA,-0.001565663143992424
GPNMB_RNA,-0.0015661206562072039
PIR_RNA,-0.0015673921443521976
HTR7_RNA,-0.0015686344122514129
BTBD9_RNA,-0.001569931278936565
RPLP2_RNA,-0.0015702067175880075
KDELR1_RNA,-0.0015704234829172492
PLCXD2_RNA,-0.0015709134750068188
MAF_RNA,-0.0015714280307292938
ASS1_RNA,-0.001572781358845532
DPT_RNA,-0.00157362746540457
G2E3_RNA,-0.0015739091904833913
STAG2_RNA,-0.0015744410920888186
FAM149A_RNA,-0.0015746838180348277
IL5_RNA,-0.0015748111763969064
ETS1_RNA,-0.0015753000043332577
CPT1B_RNA,-0.0015755186323076487
ATAD5_RNA,-0.0015781089896336198
HOXA2_RNA,-0.0015781145775690675
SHB_RNA,-0.0015793474158272147
LIG4_RNA,-0.0015802484704181552
TBL2_RNA,-0.0015807314775884151
CD53_RNA,-0.0015809728065505624
EGFLAM_RNA,-0.0015811424236744642
MS4A1_RNA,-0.0015817583771422505
STX11_RNA,-0.001581787597388029
OXR1_RNA,-0.0015828190371394157
HMGN2_RNA,-0.001583358272910118
CNIH3_RNA,-0.001584465615451336
RPS23_RNA,-0.0015845021698623896
FAS_RNA,-0.0015847336035221815
MTIF2_RNA,-0.0015851380303502083
KIAA0040_RNA,-0.0015855703968554735
GDI1_RNA,-0.0015875145327299833
COL11A2_RNA,-0.0015880292048677802
FOXJ3_RNA,-0.0015880399150773883
RRAGD_RNA,-0.001588208950124681
KLK13_RNA,-0.001588297775015235
PACRGL_RNA,-0.0015900131547823548
HSH2D_RNA,-0.0015907289925962687
MIR648_RNA,-0.0015911030350252986
SRRT_RNA,-0.0015913944225758314
HSD17B12_RNA,-0.0015923876781016588
HDAC11_RNA,-0.0015928074717521667
FCHO2_RNA,-0.0015934674302116036
SNORD113-1_RNA,-0.001595190609805286
LGALS7_RNA,-0.0015991020482033491
GIP_RNA,-0.0015994645655155182
KCTD14_RNA,-0.0016002353513613343
RASL11B_RNA,-0.0016003830824047327
TBC1D12_RNA,-0.0016007022932171822
TTK_RNA,-0.0016007752856239676
DMBX1_RNA,-0.0016015954315662384
KLHL34_RNA,-0.0016017078887671232
ANKRD42_RNA,-0.001601781346835196
LRRC10_RNA,-0.0016035521402955055
ENTPD6_RNA,-0.0016045736847445369
SYTL3_RNA,-0.001605166238732636
SLC13A3_RNA,-0.00160537613555789
UCMA_RNA,-0.0016059258487075567
MYH11_RNA,-0.0016061917413026094
USP31_RNA,-0.0016064345836639404
DPPA4_RNA,-0.0016073219012469053
STK31_RNA,-0.0016074893064796925
ZNF208_RNA,-0.0016080046771094203
GJB2_RNA,-0.001608172315172851
PFKFB4_RNA,-0.0016089881537482142
ATF3_RNA,-0.0016091897850856185
LEMD3_RNA,-0.0016093662707135081
IGF2R_RNA,-0.001609816332347691
PDCD7_RNA,-0.0016108950367197394
PLEKHH1_RNA,-0.0016110496362671256
CLCN6_RNA,-0.0016120239160954952
GPI_RNA,-0.0016122405650094151
STXBP2_RNA,-0.0016124307876452804
KRT36_RNA,-0.0016140603693202138
LANCL2_RNA,-0.001615589833818376
OVGP1_RNA,-0.0016157676000148058
CDKN1C_RNA,-0.0016170459566637874
TUBA1A_RNA,-0.0016181785613298416
TMEM217_RNA,-0.0016185452695935965
CDK5R2_RNA,-0.0016186910215765238
TMEM144_RNA,-0.001619113376364112
IGFBP5_RNA,-0.0016200768295675516
HCRTR1_RNA,-0.0016211009351536632
PRKCD_RNA,-0.0016213542548939586
AK5_RNA,-0.0016214848728850484
DMRTA2_RNA,-0.0016219671815633774
PITX1_RNA,-0.0016227737069129944
NPC1L1_RNA,-0.0016232364578172565
KIF1B_RNA,-0.0016234973445534706
NTF3_RNA,-0.001624236349016428
DEK_RNA,-0.0016243575373664498
ZFYVE9_RNA,-0.0016256372909992933
NUP210L_RNA,-0.0016263227444142103
PODNL1_RNA,-0.0016267430037260056
OSR1_RNA,-0.0016271632630378008
IER3IP1_RNA,-0.001627366291359067
POPDC3_RNA,-0.0016278730472549796
ZNF354B_RNA,-0.001628116355277598
ZSCAN16_RNA,-0.0016282815486192703
SYT14_RNA,-0.0016294411616399884
LOX_RNA,-0.0016296644462272525
QRICH2_RNA,-0.0016307514160871506
SPTLC2_RNA,-0.0016311896033585072
GPR19_RNA,-0.001631411025300622
PTGDS_RNA,-0.001632135477848351
ESPN_RNA,-0.0016338970744982362
SLC6A19_RNA,-0.001634936430491507
FHAD1_RNA,-0.001635015127249062
HCCS_RNA,-0.0016370873199775815
ZNF655_RNA,-0.0016374626429751515
STAMBP_RNA,-0.0016374721890315413
LRRFIP2_RNA,-0.001637885463424027
C2CD4D_RNA,-0.0016395325073972344
CLUL1_RNA,-0.001640733447857201
RAB3IL1_RNA,-0.001641052425839007
MBD3_RNA,-0.0016423107590526342
KLF5_RNA,-0.0016427142545580864
RBP7_RNA,-0.0016427927184849977
MACC1_RNA,-0.001643496798351407
CAMK1_RNA,-0.0016436136793345213
HCN3_RNA,-0.0016438895836472511
XAF1_RNA,-0.001644122414290905
CDC42EP2_RNA,-0.0016458546742796898
GSX1_RNA,-0.0016484679654240608
SCFD1_RNA,-0.0016486815875396132
ZSCAN2_RNA,-0.0016486920649185777
LAD1_RNA,-0.0016493694856762886
ATAD3C_RNA,-0.0016495431773364544
RAPGEFL1_RNA,-0.0016498228069394827
SORT1_RNA,-0.0016507006948813796
MRPL44_RNA,-0.0016531393630430102
PLA2G2A_RNA,-0.0016531681176275015
CNTNAP4_RNA,-0.0016533082816749811
EDAR_RNA,-0.0016538768541067839
TSPAN16_RNA,-0.0016543262172490358
LCORL_RNA,-0.00165458582341671
C10orf53_RNA,-0.0016548794228583574
STC1_RNA,-0.0016551953740417957
ULK4_RNA,-0.001655218075029552
CHST10_RNA,-0.0016556394984945655
TWIST1_RNA,-0.0016558662755414844
ACSM1_RNA,-0.0016559638315811753
CELSR1_RNA,-0.0016567303100600839
FSD2_RNA,-0.0016568320570513606
C1R_RNA,-0.0016570858424529433
TMC3_RNA,-0.0016577542992308736
PARP15_RNA,-0.00165866082534194
TMEM37_RNA,-0.0016606226563453674
ANXA11_RNA,-0.0016607320867478848
ERRFI1_RNA,-0.0016611554892733693
PCYT1A_RNA,-0.001662612659856677
RSPH9_RNA,-0.0016628551529720426
UCN_RNA,-0.0016633389750495553
ACSS2_RNA,-0.0016636556247249246
SLC39A10_RNA,-0.0016640612157061696
EIF5A2_RNA,-0.0016643281560391188
ELMO2_RNA,-0.0016648152377456427
ZNF747_RNA,-0.0016650838078930974
RNASEL_RNA,-0.0016653469065204263
SST_RNA,-0.0016657916130498052
TOM1L1_RNA,-0.001666317111812532
CPPED1_RNA,-0.0016666717128828168
USP37_RNA,-0.001667274278588593
SCYL3_RNA,-0.0016676330706104636
KSR1_RNA,-0.001668574521318078
CSNK1G1_RNA,-0.0016690591583028436
NKAIN2_RNA,-0.0016693666111677885
LBH_RNA,-0.0016694269143044949
KLF14_RNA,-0.0016699498519301414
PYROXD1_RNA,-0.0016705536982044578
HLA-E_RNA,-0.0016711503267288208
ADIG_RNA,-0.0016712198266759515
PPAN_RNA,-0.0016714315861463547
CREB3L1_RNA,-0.0016732121584936976
FAM81A_RNA,-0.0016748614143580198
IFIT2_RNA,-0.00167521380353719
TSEN54_RNA,-0.0016761281294748187
TTC24_RNA,-0.0016766341868788004
NHSL1_RNA,-0.0016770029906183481
DNASE1_RNA,-0.0016790861263871193
OR51E2_RNA,-0.0016796974232420325
IMP4_RNA,-0.0016797438729554415
PHLDA2_RNA,-0.0016799246659502387
TNNT3_RNA,-0.0016801011515781283
ATP2C1_RNA,-0.0016805509803816676
ZNF326_RNA,-0.0016808188520371914
FAM162A_RNA,-0.0016808361979201436
LRRC28_RNA,-0.0016821693861857057
SNORD115-44_RNA,-0.0016822825418785214
FOLH1_RNA,-0.0016823693877086043
TCF7_RNA,-0.0016835735877975821
TMEM154_RNA,-0.001683992799371481
ANKDD1A_RNA,-0.0016850418178364635
YPEL5_RNA,-0.0016854493878781796
LCE1E_RNA,-0.0016861212207004428
MUC1_RNA,-0.001686984091065824
ZNF397_RNA,-0.0016876151785254478
DLX4_RNA,-0.0016891780542209744
TMOD2_RNA,-0.0016898812027648091
KLK1_RNA,-0.0016907358076423407
PPP3CB_RNA,-0.0016911146230995655
ANKRD34C_RNA,-0.0016918422188609838
CPSF1_RNA,-0.0016929543344303966
CARD16_RNA,-0.0016940159257501364
BICD1_RNA,-0.0016941437497735023
DLG3_RNA,-0.0016948487609624863
PPP1R7_RNA,-0.0016952708829194307
HINT2_RNA,-0.0016957528423517942
SIRT7_RNA,-0.0016961341025307775
SNORD59A_RNA,-0.001697299536317587
IL12RB1_RNA,-0.0016979086212813854
MX2_RNA,-0.001697910949587822
ELOVL1_RNA,-0.0016989760333672166
SLC4A11_RNA,-0.0016997779021039605
SERPINF1_RNA,-0.0017006389098241925
ITPRIPL1_RNA,-0.001700989669188857
SNORD1B_RNA,-0.0017035643104463816
PIWIL2_RNA,-0.001703668967820704
TBX1_RNA,-0.0017053668852895498
STXBP6_RNA,-0.0017054318450391293
MIR760_RNA,-0.0017065390711650252
PLK4_RNA,-0.0017068770248442888
MFAP5_RNA,-0.0017069248715415597
SLC4A3_RNA,-0.0017073412891477346
NEK8_RNA,-0.0017090036999434233
KRT7_RNA,-0.0017092113848775625
CIITA_RNA,-0.0017102512065321207
TUBB1_RNA,-0.0017113271169364452
HOXB3_RNA,-0.0017134580994024873
APOBEC3B_RNA,-0.0017134660156443715
ZFP90_RNA,-0.0017142922151833773
MYB_RNA,-0.001714877667836845
SECISBP2L_RNA,-0.001716751721687615
SLC25A24_RNA,-0.0017170478822663426
GPR15_RNA,-0.0017170535866171122
ASB1_RNA,-0.001717808423563838
HTR1E_RNA,-0.001718483050353825
DLL3_RNA,-0.0017185825854539871
MCOLN2_RNA,-0.0017186462646350265
SART1_RNA,-0.0017188542988151312
TMPO_RNA,-0.0017190665239468217
SCARNA20_RNA,-0.0017203062307089567
NIPAL4_RNA,-0.0017207642085850239
BCL2A1_RNA,-0.0017208122881129384
EHF_RNA,-0.0017215617699548602
SEC24A_RNA,-0.0017231550300493836
ZFP3_RNA,-0.0017233415273949504
AOX1_RNA,-0.001723616849631071
SLC34A2_RNA,-0.001723659341223538
TNFRSF19_RNA,-0.0017258931184187531
BDNF_RNA,-0.0017269761301577091
CREBL2_RNA,-0.0017269790405407548
CSMD2_RNA,-0.0017270767129957676
B3GNT7_RNA,-0.001727149821817875
SEC24D_RNA,-0.0017283809138461947
SNTB1_RNA,-0.001728739240206778
HRH4_RNA,-0.0017316112061962485
CNOT2_RNA,-0.0017331107519567013
SLC43A1_RNA,-0.001733691431581974
ARID3A_RNA,-0.0017349154222756624
GABARAPL3_RNA,-0.001735010533593595
SF3A1_RNA,-0.0017351523274555802
ZNF80_RNA,-0.00173569202888757
ADAM9_RNA,-0.0017363775987178087
BAZ1A_RNA,-0.001737992512062192
DHX58_RNA,-0.0017382170772179961
ZMAT4_RNA,-0.0017395403701812029
COLEC10_RNA,-0.0017398324562236667
CRHBP_RNA,-0.001741807791404426
ANKRD30B_RNA,-0.0017423857934772968
SESN1_RNA,-0.0017425668193027377
CD70_RNA,-0.0017426034901291132
SMAD2_RNA,-0.0017431306187063456
NRIP3_RNA,-0.0017446053680032492
CLNK_RNA,-0.0017454783665016294
GDPD5_RNA,-0.0017455151537433267
HSPB3_RNA,-0.0017464541597291827
PTGES_RNA,-0.0017475980566814542
GLTP_RNA,-0.0017480601090937853
FAR1_RNA,-0.0017490279860794544
CCL25_RNA,-0.0017491423059254885
ELOVL5_RNA,-0.001751211821101606
SNORD115-41_RNA,-0.001751223928295076
APOL5_RNA,-0.0017518028616905212
AGRP_RNA,-0.0017519259126856923
EZR_RNA,-0.0017527617746964097
INSIG1_RNA,-0.0017536283703520894
SDR42E1_RNA,-0.0017553799552842975
ENO2_RNA,-0.0017558560939505696
SERPINF2_RNA,-0.001756467274390161
PARL_RNA,-0.001756769954226911
CAMTA1_RNA,-0.0017569443443790078
PPP1R3B_RNA,-0.0017579806735739112
RNF121_RNA,-0.0017590723000466824
TLR9_RNA,-0.0017591362120583653
ALPK1_RNA,-0.001761570107191801
PVR_RNA,-0.0017643474275246263
CILP_RNA,-0.0017666690982878208
ZNF24_RNA,-0.0017677821451798081
CTNNA3_RNA,-0.0017678742296993732
POLRMT_RNA,-0.0017692316323518753
MAGEA1_RNA,-0.001771027920767665
CD274_RNA,-0.0017715600552037358
TMCC3_RNA,-0.0017717508599162102
RAB23_RNA,-0.0017718698363751173
CTNNBIP1_RNA,-0.001771945389918983
SPRYD3_RNA,-0.0017722119810059667
GPR139_RNA,-0.0017732179258018732
LRP2_RNA,-0.0017740791663527489
RPAP3_RNA,-0.001774220960214734
HIPK4_RNA,-0.0017744615906849504
SPATA19_RNA,-0.0017745894147083163
ERBB2_RNA,-0.0017747918609529734
LRRC58_RNA,-0.0017751046689227223
CCDC152_RNA,-0.0017759480979293585
ADAM8_RNA,-0.0017767450772225857
LACTB_RNA,-0.0017772899009287357
AHR_RNA,-0.0017797622131183743
HMX3_RNA,-0.0017802055226638913
EPS15_RNA,-0.0017817048355937004
PPCS_RNA,-0.0017820597859099507
VWA1_RNA,-0.0017827792325988412
COX10_RNA,-0.0017830146243795753
RRP15_RNA,-0.0017835015896707773
PLEKHF1_RNA,-0.0017842738889157772
CLCA2_RNA,-0.0017849811119958758
RPS19_RNA,-0.001785996719263494
RIMKLA_RNA,-0.0017862729728221893
CCNA1_RNA,-0.0017868574941530824
GPR150_RNA,-0.001786865177564323
VSIG2_RNA,-0.0017880918458104134
KIRREL2_RNA,-0.0017881594831123948
KRT33B_RNA,-0.001789986388757825
SPOCK3_RNA,-0.0017910259775817394
PIP4K2B_RNA,-0.0017935297219082713
PGM2L1_RNA,-0.0017938145902007818
ZNF330_RNA,-0.0017942481208592653
FMO5_RNA,-0.0017943852581083775
MAPKAPK5_RNA,-0.001794423907995224
TMEM31_RNA,-0.001795276184566319
PRODH_RNA,-0.0017958157695829868
IFT57_RNA,-0.0017959519755095243
ACAP3_RNA,-0.0017975516384467483
SAP130_RNA,-0.0017990870401263237
OLFML2A_RNA,-0.0017992600332945585
CCNO_RNA,-0.0018002374563366175
FHL3_RNA,-0.0018008528277277946
TSGA10_RNA,-0.0018019245471805334
DAZAP1_RNA,-0.0018026423640549183
POU3F1_RNA,-0.001802800688892603
FBLN5_RNA,-0.00180280942004174
MUSK_RNA,-0.0018031317740678787
FKBP7_RNA,-0.0018033180385828018
CYP2C18_RNA,-0.0018038771813735366
LIG1_RNA,-0.0018041931325569749
IFI35_RNA,-0.0018044189782813191
ANP32B_RNA,-0.001804420375265181
AHSP_RNA,-0.0018064036266878247
LY6G6C_RNA,-0.001806523185223341
GRB2_RNA,-0.0018088009674102068
PRELID2_RNA,-0.0018088932847604156
KRT74_RNA,-0.001809371868148446
SLC5A9_RNA,-0.0018098329892382026
L1TD1_RNA,-0.001809887122362852
KLHL31_RNA,-0.0018099945737048984
UHRF2_RNA,-0.001811170601285994
SSTR3_RNA,-0.001812228700146079
PDIA5_RNA,-0.0018122473265975714
TAF4_RNA,-0.0018143586348742247
DENR_RNA,-0.0018145800568163395
ITGA6_RNA,-0.0018157544545829296
PWWP2A_RNA,-0.0018159125465899706
SLC30A7_RNA,-0.0018163587665185332
PYCARD_RNA,-0.00181843270547688
WDFY2_RNA,-0.0018185250228270888
B3GAT1_RNA,-0.0018189448164775968
EXOC7_RNA,-0.0018194010481238365
LYPD6B_RNA,-0.0018195079173892736
LGALS12_RNA,-0.0018197521567344666
CNTD1_RNA,-0.0018198053585365415
TRANK1_RNA,-0.0018209812697023153
DEF6_RNA,-0.0018211505375802517
GNAI1_RNA,-0.0018215510062873363
CDX2_RNA,-0.0018219301709905267
MCHR1_RNA,-0.001822136458940804
ULK2_RNA,-0.0018226094543933868
CRK_RNA,-0.0018230477580800653
GFI1_RNA,-0.0018242041114717722
COL6A2_RNA,-0.0018245592946186662
PUSL1_RNA,-0.0018246611580252647
ZNF287_RNA,-0.001825121114961803
FERMT3_RNA,-0.001825569081120193
HLA-DQB2_RNA,-0.0018265781691297889
HAS2_RNA,-0.0018290001899003983
SLC35F5_RNA,-0.00182912009768188
NUP88_RNA,-0.0018295140471309423
RETN_RNA,-0.0018308063736185431
CTSG_RNA,-0.0018309258157387376
ULBP3_RNA,-0.0018319818191230297
ZC3HC1_RNA,-0.0018325357232242823
OTOP2_RNA,-0.0018331400351598859
SEZ6L_RNA,-0.001833311514928937
TRPM6_RNA,-0.0018353757914155722
CD1A_RNA,-0.0018356955843046308
WNT9A_RNA,-0.0018362264381721616
CD68_RNA,-0.0018363480921834707
RPL18A_RNA,-0.0018369571771472692
SAV1_RNA,-0.0018385205185040832
NOL8_RNA,-0.001841059303842485
A4GNT_RNA,-0.0018413271754980087
ACTR6_RNA,-0.0018449699273332953
PSEN2_RNA,-0.0018468082416802645
MIPEP_RNA,-0.0018475450342521071
RPS6KA1_RNA,-0.0018481605220586061
LPA_RNA,-0.001848252839408815
HOXC12_RNA,-0.001849083579145372
NTM_RNA,-0.001851146575063467
FBL_RNA,-0.0018512263195589185
OR2H2_RNA,-0.00185205799061805
EZH1_RNA,-0.0018522939644753933
HCN2_RNA,-0.0018539188895374537
F2_RNA,-0.0018548235530033708
DCK_RNA,-0.0018575636204332113
IFITM4P_RNA,-0.0018575716530904174
RPL22_RNA,-0.0018581897020339966
BICC1_RNA,-0.001858329284004867
SLC5A11_RNA,-0.001859518000856042
YTHDF1_RNA,-0.0018602772615849972
OR52K1_RNA,-0.0018602940253913403
TES_RNA,-0.0018607649253681302
PMM1_RNA,-0.001860909629613161
RAB40C_RNA,-0.0018614302389323711
CYP3A7_RNA,-0.0018616552697494626
DDO_RNA,-0.0018618801841512322
SYMPK_RNA,-0.0018620159244164824
OSGEP_RNA,-0.0018629721598699689
KLK7_RNA,-0.0018654416780918837
RPL31_RNA,-0.0018654969753697515
LRRC15_RNA,-0.0018658560002222657
C4BPA_RNA,-0.0018666606629267335
THBS2_RNA,-0.0018666615942493081
SOCS2_RNA,-0.0018671441357582808
PRND_RNA,-0.0018675478640943766
IGF1R_RNA,-0.0018678564811125398
FOLR1_RNA,-0.0018693816382437944
BIVM_RNA,-0.0018703571986407042
SPON2_RNA,-0.0018706230912357569
SYNE1_RNA,-0.0018713411409407854
NRBP2_RNA,-0.0018715850310400128
CNGA4_RNA,-0.0018716119229793549
TCF7L2_RNA,-0.001871625310741365
PRR15_RNA,-0.0018729051807895303
DLX3_RNA,-0.001873116591013968
KIF27_RNA,-0.0018756468780338764
NCBP2_RNA,-0.001875957939773798
TPST1_RNA,-0.0018764759879559278
ROPN1L_RNA,-0.0018767501460388303
VPS33B_RNA,-0.0018771026516333222
PAM_RNA,-0.0018780103418976068
ALS2CL_RNA,-0.0018792921910062432
HPCA_RNA,-0.0018804478459060192
SERINC2_RNA,-0.0018806743901222944
APAF1_RNA,-0.0018806752050295472
TCERG1_RNA,-0.0018824603175744414
CMTM1_RNA,-0.0018842064309865236
RP1_RNA,-0.0018848920008167624
ESYT3_RNA,-0.0018863207660615444
HIC1_RNA,-0.0018879034323617816
PCDHA5_RNA,-0.001889226958155632
SULF2_RNA,-0.001890760031528771
C3orf70_RNA,-0.0018915020627900958
APLP1_RNA,-0.0018918132409453392
RABL3_RNA,-0.0018931218655779958
KCNH8_RNA,-0.0018937286222353578
FXYD5_RNA,-0.001894890097901225
BFSP1_RNA,-0.0018952612299472094
HNRNPU_RNA,-0.0018958308501169086
GAS5_RNA,-0.0018976024584844708
SPAG4_RNA,-0.0019000561442226171
POLR2F_RNA,-0.001900326693430543
CYFIP1_RNA,-0.0019003686029464006
GABRR1_RNA,-0.001900428207591176
SHOX2_RNA,-0.001900508999824524
NDUFS7_RNA,-0.0019005611538887024
DHCR7_RNA,-0.0019006580114364624
AAAS_RNA,-0.0019007713999599218
AGGF1_RNA,-0.0019008191302418709
LIN37_RNA,-0.0019014993449673057
KRT75_RNA,-0.001902080955915153
CLEC1B_RNA,-0.001902918447740376
PLEKHF2_RNA,-0.0019043105421587825
OR1I1_RNA,-0.0019051299896091223
PUS7L_RNA,-0.0019075657473877072
FGF21_RNA,-0.0019079485209658742
SF3B4_RNA,-0.0019087867112830281
GZMH_RNA,-0.0019091099966317415
ANKRD53_RNA,-0.001909201848320663
RLBP1_RNA,-0.001911730389110744
MIR134_RNA,-0.0019135514739900827
NXF3_RNA,-0.0019149307627230883
MTMR11_RNA,-0.0019154988694936037
GAPT_RNA,-0.0019159178482368588
ARHGEF16_RNA,-0.0019169984152540565
PPP1R3A_RNA,-0.001917554414831102
DEFB1_RNA,-0.0019198342924937606
RIPPLY2_RNA,-0.0019207780715078115
DRD2_RNA,-0.0019212974002584815
ZNF418_RNA,-0.0019217163790017366
ZFYVE19_RNA,-0.0019219103269279003
CCL13_RNA,-0.0019230084726586938
G3BP2_RNA,-0.0019233248895034194
BARD1_RNA,-0.0019246202427893877
FRMD3_RNA,-0.001924700802192092
KCTD20_RNA,-0.0019260989502072334
CA3_RNA,-0.0019261453999206424
ALDOB_RNA,-0.001926564727909863
ZBED4_RNA,-0.001927396166138351
TMEM92_RNA,-0.001927986042574048
KRTAP5-9_RNA,-0.0019282554276287556
CBX2_RNA,-0.0019287357572466135
CARTPT_RNA,-0.001928828191012144
FCAMR_RNA,-0.001928928541019559
VWA5B2_RNA,-0.0019291761564090848
DCUN1D1_RNA,-0.001932825893163681
KIF12_RNA,-0.0019340221770107746
LRFN4_RNA,-0.0019341451115906239
NCL_RNA,-0.0019363276660442352
SNORD109B_RNA,-0.0019381185993552208
C1QL4_RNA,-0.0019388071959838271
APOBEC2_RNA,-0.0019390042871236801
SCD_RNA,-0.0019403304904699326
ADAT3_RNA,-0.001940442598424852
ARL4A_RNA,-0.0019422606565058231
PLEKHG7_RNA,-0.0019430198008194566
CALU_RNA,-0.001943680690601468
PPP1R3E_RNA,-0.0019440373871475458
RNF19A_RNA,-0.0019443432101979852
TMEM80_RNA,-0.00194524263497442
AP3B1_RNA,-0.0019453848944976926
OBP2A_RNA,-0.0019469921244308352
PCOTH_RNA,-0.0019470693077892065
TRMT6_RNA,-0.0019479739712551236
HOXB7_RNA,-0.0019481693161651492
ATP6V1A_RNA,-0.0019489000551402569
RPL8_RNA,-0.001949298894032836
TAGAP_RNA,-0.0019509227713569999
CALCOCO2_RNA,-0.0019525744719430804
PROCR_RNA,-0.001952723367139697
LDB3_RNA,-0.0019527587573975325
MAP4_RNA,-0.0019531918223947287
PSTPIP1_RNA,-0.0019533345475792885
ACER1_RNA,-0.001953886356204748
IDH3G_RNA,-0.001955296378582716
IL34_RNA,-0.001956104300916195
MAL_RNA,-0.001957072177901864
CLDN4_RNA,-0.001957231666892767
MPDZ_RNA,-0.0019573988392949104
XPO1_RNA,-0.0019576025661081076
FER1L6_RNA,-0.0019582421518862247
EIF2B4_RNA,-0.001958403503522277
ELANE_RNA,-0.001959237502887845
NUMBL_RNA,-0.001959366025403142
RNF214_RNA,-0.0019600093364715576
WDR41_RNA,-0.001960577443242073
ULBP1_RNA,-0.001960898982360959
BTBD6_RNA,-0.0019610412418842316
ATF5_RNA,-0.0019617814105004072
PRSS23_RNA,-0.0019621767569333315
UBAP2L_RNA,-0.0019621881656348705
NLE1_RNA,-0.0019627148285508156
TNPO1_RNA,-0.0019628964364528656
TTLL11_RNA,-0.00196298910304904
C3orf33_RNA,-0.001963411457836628
ZFYVE1_RNA,-0.0019637378863990307
ITGB2_RNA,-0.0019637926016002893
DDX60_RNA,-0.001964471535757184
INHA_RNA,-0.001966261537745595
MED8_RNA,-0.001967155607417226
JOSD1_RNA,-0.001967332325875759
NEXN_RNA,-0.0019681130070239305
HSPBAP1_RNA,-0.001968497410416603
ARSI_RNA,-0.0019687004387378693
N4BP2L1_RNA,-0.001968796132132411
PTPDC1_RNA,-0.001969057135283947
NRN1_RNA,-0.001969575649127364
EBI3_RNA,-0.0019696964882314205
AFAP1L1_RNA,-0.0019714657682925463
NIPAL3_RNA,-0.0019717172253876925
IFT122_RNA,-0.0019717903342097998
SLC25A40_RNA,-0.0019725479651242495
BIRC3_RNA,-0.001972705591470003
MRPS22_RNA,-0.001974391285330057
CDRT4_RNA,-0.001975409220904112
SNORD116-5_RNA,-0.0019754250533878803
CDH8_RNA,-0.001975435996428132
CYB5R3_RNA,-0.0019754567183554173
MAML2_RNA,-0.0019759992137551308
PRSS35_RNA,-0.001977577805519104
PEX5L_RNA,-0.001978294923901558
OR52H1_RNA,-0.001980061177164316
ZBTB45_RNA,-0.0019801785238087177
CRYBA2_RNA,-0.0019809547811746597
POFUT1_RNA,-0.0019825377967208624
FANCD2_RNA,-0.0019848751835525036
MAP9_RNA,-0.001985845621675253
SNRPB2_RNA,-0.0019875336438417435
TOP3A_RNA,-0.0019886749796569347
PAX5_RNA,-0.0019892354030162096
ACCS_RNA,-0.0019892696291208267
CHMP1B_RNA,-0.0019893969874829054
ANKZF1_RNA,-0.0019906519446521997
ALX4_RNA,-0.0019911229610443115
GPSM3_RNA,-0.0019918265752494335
PIF1_RNA,-0.0019919592887163162
ADAMTS16_RNA,-0.0019923467189073563
GLRX_RNA,-0.001994161866605282
DCDC2_RNA,-0.001994640566408634
FNIP2_RNA,-0.00199518701992929
HLA-DRA_RNA,-0.0019955311436206102
CCR4_RNA,-0.0019963495433330536
TEX14_RNA,-0.001996532781049609
OR1E2_RNA,-0.001997399842366576
IER5L_RNA,-0.0019985546823590994
LY96_RNA,-0.0019989025313407183
GBE1_RNA,-0.002001367509365082
KIAA0753_RNA,-0.0020022729877382517
UBE2K_RNA,-0.0020025481935590506
GRK4_RNA,-0.0020033286418765783
MATR3_RNA,-0.002004109788686037
IER5_RNA,-0.002004127949476242
GLOD5_RNA,-0.0020041351672261953
TRIM58_RNA,-0.0020066460128873587
DNAJB7_RNA,-0.002009205985814333
DNAH6_RNA,-0.0020095983054488897
COPS2_RNA,-0.002009991090744734
TP53TG5_RNA,-0.0020134279038757086
MAB21L1_RNA,-0.0020164395682513714
SNORD124_RNA,-0.0020167846232652664
PPP4R4_RNA,-0.002017610240727663
MDM2_RNA,-0.0020193348173052073
ST7L_RNA,-0.002019910141825676
FERMT2_RNA,-0.0020203005988150835
FGR_RNA,-0.0020207141060382128
RBPMS_RNA,-0.002021443098783493
CXCL11_RNA,-0.0020279947202652693
AATK_RNA,-0.002028973773121834
GALK2_RNA,-0.0020290790125727654
LYPD3_RNA,-0.0020308885723352432
HSPA8_RNA,-0.00203149882145226
MAPK13_RNA,-0.0020317677408456802
SNAI2_RNA,-0.002032480901107192
PCSK5_RNA,-0.0020333740394562483
RNF122_RNA,-0.002034466713666916
ASH2L_RNA,-0.0020346117671579123
DNAJC5B_RNA,-0.00203530490398407
ZSWIM7_RNA,-0.0020358196925371885
CNN1_RNA,-0.0020364648662507534
SPTLC1_RNA,-0.0020366350654512644
TMEM102_RNA,-0.0020375174935907125
CALR_RNA,-0.0020377766340970993
C2orf81_RNA,-0.0020382392685860395
ANKRD30A_RNA,-0.002038435311987996
TNFRSF17_RNA,-0.0020396814215928316
HSPA12A_RNA,-0.002040841616690159
ZNF581_RNA,-0.0020420891232788563
OR3A2_RNA,-0.0020423540845513344
TSPO_RNA,-0.002042456530034542
IKZF5_RNA,-0.0020425226539373398
TMPRSS7_RNA,-0.0020426928531378508
CHRNA6_RNA,-0.002043075393885374
LBX1_RNA,-0.0020431322045624256
TMCC2_RNA,-0.0020432029850780964
SAMD12_RNA,-0.0020441191736608744
UBE2L6_RNA,-0.002045285189524293
ZNF540_RNA,-0.002045621396973729
CKMT2_RNA,-0.0020461706444621086
TRIM38_RNA,-0.002046998357400298
MED4_RNA,-0.002047100570052862
RPUSD4_RNA,-0.0020496135111898184
SLC25A1_RNA,-0.0020502640400081873
FKBP1B_RNA,-0.0020505415741354227
ACTG2_RNA,-0.0020506740547716618
TCHH_RNA,-0.0020518628880381584
PISD_RNA,-0.0020533923525363207
SERPING1_RNA,-0.0020551192574203014
RTN4R_RNA,-0.002055615186691284
SLC1A5_RNA,-0.002055754419416189
ALDH3A1_RNA,-0.00205627572722733
CER1_RNA,-0.002057210775092244
RAD52_RNA,-0.0020580142736434937
NUPR1_RNA,-0.0020594210363924503
SIGLEC16_RNA,-0.0020602920558303595
CSRP1_RNA,-0.0020607064943760633
NEK11_RNA,-0.002060922794044018
KLK5_RNA,-0.002063129795715213
L3MBTL3_RNA,-0.0020640618167817593
TTC39A_RNA,-0.0020658664871007204
FEZF2_RNA,-0.002065986627712846
SCO2_RNA,-0.0020663945470005274
POLR1C_RNA,-0.00206721480935812
GJB3_RNA,-0.0020678029395639896
DCLRE1C_RNA,-0.0020680471789091825
NIPSNAP3A_RNA,-0.00206831400282681
TRHR_RNA,-0.002070042071864009
ABCC10_RNA,-0.0020706101786345243
VAT1_RNA,-0.002070814836770296
EMID1_RNA,-0.0020710774697363377
ALKBH1_RNA,-0.00207112287171185
IGSF8_RNA,-0.002072220668196678
DUSP3_RNA,-0.0020726306829601526
CXCL10_RNA,-0.0020729894749820232
MIR1305_RNA,-0.002074446529150009
CEP290_RNA,-0.0020756078884005547
MVK_RNA,-0.0020776023156940937
ANK3_RNA,-0.0020784828811883926
NAPB_RNA,-0.0020792707800865173
NME7_RNA,-0.00207959464751184
PLEKHG3_RNA,-0.002080453559756279
HCK_RNA,-0.0020808090921491385
S1PR5_RNA,-0.0020808917470276356
MAK_RNA,-0.0020836167968809605
C9orf152_RNA,-0.0020848631393164396
NKX1-2_RNA,-0.002085121814161539
SOBP_RNA,-0.0020857611671090126
ARRDC4_RNA,-0.0020859388168901205
CFB_RNA,-0.00208678818307817
TAS2R3_RNA,-0.0020893006585538387
MAP3K1_RNA,-0.0020893781911581755
MAGT1_RNA,-0.0020897018257528543
VAMP5_RNA,-0.00209104479290545
PLEKHA4_RNA,-0.002091149101033807
MPV17L_RNA,-0.0020912406034767628
DRD1_RNA,-0.002091306960210204
AQP3_RNA,-0.0020927314180880785
ABTB1_RNA,-0.002093242947012186
EXOSC8_RNA,-0.0020939414389431477
KCNB2_RNA,-0.0020965535659343004
ZNF98_RNA,-0.002096639247611165
SLC15A3_RNA,-0.0020971244666725397
KCNS3_RNA,-0.0020971496123820543
ALDH1A2_RNA,-0.00209775660187006
GCA_RNA,-0.0020983603317290545
PTPN4_RNA,-0.002098720520734787
PARVG_RNA,-0.002098896773532033
NFXL1_RNA,-0.0021020511630922556
IPO11_RNA,-0.0021026907488703728
IPMK_RNA,-0.0021036253310739994
PRPH_RNA,-0.0021054402459412813
GIPR_RNA,-0.0021060022991150618
HNRNPA1_RNA,-0.002106753643602133
MUC4_RNA,-0.002107329899445176
ZNF90_RNA,-0.00210765702649951
C1QTNF9_RNA,-0.0021078314166516066
WDR93_RNA,-0.002110159257426858
JAZF1_RNA,-0.002110933419317007
CLASP2_RNA,-0.002111842157319188
ABHD1_RNA,-0.00211192830465734
YIPF2_RNA,-0.002112066373229027
NSUN7_RNA,-0.002112357411533594
RBM5_RNA,-0.0021142305340617895
PLOD1_RNA,-0.002114246366545558
BRI3_RNA,-0.002114518778398633
USP18_RNA,-0.002115691313520074
TBC1D10C_RNA,-0.0021160882897675037
MAP2K2_RNA,-0.002116684801876545
C14orf28_RNA,-0.002116758143529296
BHLHE41_RNA,-0.0021171034313738346
B2M_RNA,-0.002118082717061043
PI4K2B_RNA,-0.0021192783024162054
PUM1_RNA,-0.0021196429152041674
TMEM63A_RNA,-0.0021209099795669317
RAE1_RNA,-0.002122444799169898
HRK_RNA,-0.002123498357832432
NPS_RNA,-0.0021238611079752445
FBXO16_RNA,-0.002124455291777849
LHFPL5_RNA,-0.002125553786754608
EPHA10_RNA,-0.0021257440093904734
IL12RB2_RNA,-0.0021268113050609827
EFCAB10_RNA,-0.002127028303220868
FER1L4_RNA,-0.002127506537362933
GCG_RNA,-0.0021284655667841434
OBP2B_RNA,-0.0021285992115736008
EGLN2_RNA,-0.0021300562657415867
RAF1_RNA,-0.0021304506808519363
STOML3_RNA,-0.002130760345607996
MAGEL2_RNA,-0.002131290966644883
EXD2_RNA,-0.0021315051708370447
PKP1_RNA,-0.002133952919393778
MAPK8IP2_RNA,-0.0021359692327678204
MSR1_RNA,-0.0021363161504268646
FGFR1_RNA,-0.00214016018435359
TMC8_RNA,-0.002140398370102048
C22orf15_RNA,-0.0021410800982266665
NPY1R_RNA,-0.0021420319098979235
CGB7_RNA,-0.0021425154991447926
EDN2_RNA,-0.0021425208542495966
ADAMTS7_RNA,-0.002144088502973318
DIO3_RNA,-0.0021446754690259695
ACY1_RNA,-0.0021451283246278763
ADAM23_RNA,-0.0021454577799886465
FRMPD1_RNA,-0.0021461935248225927
ZNF517_RNA,-0.002146665472537279
VEGFA_RNA,-0.002149345586076379
CYP2D6_RNA,-0.0021494810935109854
PHTF2_RNA,-0.0021501523442566395
KCNJ5_RNA,-0.002150355838239193
DUS3L_RNA,-0.0021512757521122694
CDC14B_RNA,-0.002151870634406805
TNFAIP8L1_RNA,-0.0021519167348742485
NKX2-3_RNA,-0.0021523155737668276
ZC3H13_RNA,-0.0021524971816688776
PGAP3_RNA,-0.0021537274587899446
SBF1_RNA,-0.0021538722794502974
CPO_RNA,-0.002154049463570118
MMP23B_RNA,-0.002154177986085415
MOGAT2_RNA,-0.002155476715415716
IL5RA_RNA,-0.0021556676365435123
TCF7L1_RNA,-0.002157395938411355
STX5_RNA,-0.0021587819792330265
FEM1A_RNA,-0.0021608679089695215
ARHGAP9_RNA,-0.002161783631891012
SOSTDC1_RNA,-0.0021623338107019663
WBP2NL_RNA,-0.0021623470820486546
BCL11B_RNA,-0.002166606020182371
MAP7D3_RNA,-0.00216695386916399
ITPR1_RNA,-0.0021671305876225233
TAGLN_RNA,-0.0021671773865818977
VHL_RNA,-0.002167554572224617
SNHG12_RNA,-0.0021687049884349108
CGNL1_RNA,-0.0021691475994884968
CWC22_RNA,-0.0021691881120204926
UMPS_RNA,-0.002169775078073144
MIR578_RNA,-0.0021700479555875063
FNBP1_RNA,-0.002170172054320574
FAM178B_RNA,-0.00217089569196105
ATP6V0A2_RNA,-0.002171417698264122
HHIP_RNA,-0.002171905478462577
TNFAIP1_RNA,-0.002172343200072646
AARS2_RNA,-0.002172789303585887
MIR1208_RNA,-0.002173659158870578
CCR1_RNA,-0.0021736598573625088
MED16_RNA,-0.002175291068851948
CLC_RNA,-0.0021753492765128613
LDHA_RNA,-0.0021775478962808847
CIDEC_RNA,-0.002178442431613803
RAB3B_RNA,-0.002178594935685396
ANKRD10_RNA,-0.002178883645683527
ENPP2_RNA,-0.002180753741413355
OTUD3_RNA,-0.002180819632485509
SLC15A4_RNA,-0.0021812303457409143
EIF2B5_RNA,-0.002181804506108165
HTR2C_RNA,-0.0021824208088219166
VPS36_RNA,-0.0021825151052325964
KBTBD4_RNA,-0.0021834734361618757
ITLN2_RNA,-0.002183728152886033
RARA_RNA,-0.0021846410818398
SCARF2_RNA,-0.0021854466758668423
LMOD2_RNA,-0.002186127007007599
SFN_RNA,-0.002187443198636174
PKN1_RNA,-0.002187734469771385
POLH_RNA,-0.002187918173149228
ZNF623_RNA,-0.0021880283020436764
MITF_RNA,-0.002188940765336156
ZBP1_RNA,-0.0021903447341173887
ZSCAN20_RNA,-0.002192732645198703
SCMH1_RNA,-0.0021940195001661777
PTRH2_RNA,-0.0021945105399936438
ZNF708_RNA,-0.002195519395172596
ZNF45_RNA,-0.002196344779804349
TNFAIP2_RNA,-0.002196944784373045
TCAP_RNA,-0.002197049790993333
GATAD2A_RNA,-0.002197723835706711
SLC30A4_RNA,-0.0021978935692459345
STK10_RNA,-0.0021988111548125744
PACSIN3_RNA,-0.00220079580321908
CASD1_RNA,-0.0022012917324900627
SAMD10_RNA,-0.002203211421146989
ZNF449_RNA,-0.0022062305361032486
MYH2_RNA,-0.00220767711289227
ADAM29_RNA,-0.002210171427577734
CAPZB_RNA,-0.0022128403652459383
RPS12_RNA,-0.0022129020653665066
AKR7A3_RNA,-0.002213908126577735
DCLK3_RNA,-0.0022155744954943657
ZNF576_RNA,-0.002215954242274165
LGALS8_RNA,-0.002217003144323826
THAP3_RNA,-0.002217413391917944
ABCC5_RNA,-0.0022188732400536537
GPR156_RNA,-0.0022201668471097946
MIR933_RNA,-0.00222160667181015
TBL1XR1_RNA,-0.0022217445075511932
TTC27_RNA,-0.002223728457465768
PEX11B_RNA,-0.00222396501339972
NUDT14_RNA,-0.002223969902843237
C12orf76_RNA,-0.0022240225225687027
NCF2_RNA,-0.002224917057901621
MIR548J_RNA,-0.002224960131570697
MXRA7_RNA,-0.002226797631010413
TMEM39B_RNA,-0.0022275149822235107
REP15_RNA,-0.002227750839665532
DNAJB13_RNA,-0.002228471450507641
MRPL40_RNA,-0.0022286544553935528
MAP3K13_RNA,-0.00222882186062634
DAPP1_RNA,-0.0022312074434012175
NLRP9_RNA,-0.002231364604085684
TIRAP_RNA,-0.0022324041929095984
HTR3A_RNA,-0.002232823520898819
SIX4_RNA,-0.0022329995408654213
RBPJ_RNA,-0.0022331043146550655
RRBP1_RNA,-0.002234170213341713
MIR155HG_RNA,-0.002234560437500477
KLC2_RNA,-0.0022351364605128765
ZC3H11A_RNA,-0.002235304331406951
SH3BP5_RNA,-0.0022357499692589045
BBS9_RNA,-0.002237022388726473
MNX1_RNA,-0.0022377839777618647
RPS6KA2_RNA,-0.0022391059901565313
NKD1_RNA,-0.002239544177427888
SLC10A2_RNA,-0.002239830093458295
KBTBD8_RNA,-0.0022402270697057247
NELL1_RNA,-0.0022403185721486807
CD207_RNA,-0.00224237609654665
KREMEN1_RNA,-0.002243084367364645
TMOD4_RNA,-0.0022433630656450987
ZRSR2_RNA,-0.0022438911255449057
C2CD4C_RNA,-0.0022444974165409803
CHST12_RNA,-0.002247535390779376
EFCAB6_RNA,-0.0022476823069155216
TAF1A_RNA,-0.0022519510239362717
IRAK2_RNA,-0.002252227859571576
HAPLN3_RNA,-0.0022523568477481604
HMGB1_RNA,-0.002258470980450511
RDH13_RNA,-0.0022589860018342733
ACSM3_RNA,-0.0022593706380575895
TYROBP_RNA,-0.0022598260547965765
PTF1A_RNA,-0.0022619881201535463
SEC61A2_RNA,-0.0022620551753789186
ZNF30_RNA,-0.0022629385348409414
ACYP1_RNA,-0.0022636211942881346
TERT_RNA,-0.0022638964001089334
KIFC2_RNA,-0.0022655315697193146
HEATR1_RNA,-0.0022666293662041426
MIR539_RNA,-0.002266868483275175
GJC2_RNA,-0.0022683730348944664
C12orf56_RNA,-0.002270798897370696
RGPD4_RNA,-0.0022709325421601534
HPSE_RNA,-0.0022736680693924427
MTMR6_RNA,-0.002273918827995658
MED20_RNA,-0.002274254569783807
CYP2S1_RNA,-0.0022775791585445404
SLC2A13_RNA,-0.0022778587881475687
PRSS21_RNA,-0.0022795505356043577
GPR63_RNA,-0.0022814625408500433
CNGA3_RNA,-0.002282309578731656
TRPM2_RNA,-0.0022829268127679825
NR2E1_RNA,-0.0022834630217403173
CATSPER1_RNA,-0.0022835400886833668
TMEM169_RNA,-0.0022852392867207527
PDK3_RNA,-0.0022867980878800154
VOPP1_RNA,-0.0022869210224598646
ITGAD_RNA,-0.002287193899974227
UBR7_RNA,-0.002287887269631028
LMBR1L_RNA,-0.0022883268538862467
GPR62_RNA,-0.0022891266271471977
C10orf90_RNA,-0.0022921357303857803
DPYSL3_RNA,-0.002293051453307271
AFM_RNA,-0.002294766716659069
GSTCD_RNA,-0.0022970964200794697
ART4_RNA,-0.0022970987483859062
ALAD_RNA,-0.002297285944223404
HAS1_RNA,-0.0022976608015596867
IRF7_RNA,-0.0022981425281614065
VAMP4_RNA,-0.0022991232108324766
FCRL2_RNA,-0.0022993851453065872
ALAS2_RNA,-0.002301223808899522
GREM1_RNA,-0.002301674336194992
ZNF831_RNA,-0.0023025027476251125
PLEKHO2_RNA,-0.0023028026334941387
B3GALT1_RNA,-0.0023029926232993603
FMNL2_RNA,-0.002303586108610034
S1PR4_RNA,-0.002304802415892482
PLIN2_RNA,-0.002304856665432453
SLC44A3_RNA,-0.002305208006873727
HPS5_RNA,-0.0023055062629282475
ACER2_RNA,-0.0023055835627019405
KLF10_RNA,-0.002306938637048006
CLN6_RNA,-0.0023091717157512903
AKAP14_RNA,-0.0023093975614756346
KHDRBS3_RNA,-0.002312535187229514
DDX1_RNA,-0.0023134788498282433
PRSS27_RNA,-0.002313643228262663
PARD6B_RNA,-0.002313679549843073
APOL3_RNA,-0.0023137633688747883
TESK2_RNA,-0.0023139831610023975
OCA2_RNA,-0.0023150378838181496
MAST1_RNA,-0.0023158476687967777
TSPAN2_RNA,-0.002317991340532899
OR2L13_RNA,-0.0023181610740721226
BEND6_RNA,-0.0023192260414361954
KANK2_RNA,-0.0023195284884423018
MIR573_RNA,-0.0023200761061161757
FAM107B_RNA,-0.002323142485693097
DGCR2_RNA,-0.002323257038369775
TM4SF20_RNA,-0.002323269145563245
DHRS2_RNA,-0.0023240812588483095
VEZT_RNA,-0.0023253581020981073
NDEL1_RNA,-0.002325991401448846
NOL10_RNA,-0.0023267960641533136
TIAM2_RNA,-0.0023268857039511204
ZNF217_RNA,-0.002327875467017293
FDFT1_RNA,-0.002328484784811735
ARID3B_RNA,-0.0023284857161343098
GGT7_RNA,-0.0023285369388759136
AKNAD1_RNA,-0.0023290503304451704
FBXO44_RNA,-0.002331831492483616
ACCSL_RNA,-0.0023325574584305286
PRCD_RNA,-0.002332701813429594
MAFK_RNA,-0.0023343388456851244
CCNL2_RNA,-0.0023343979846686125
SH2D1A_RNA,-0.002334751421585679
RREB1_RNA,-0.002334871329367161
USP49_RNA,-0.0023377432953566313
BRD2_RNA,-0.0023388201370835304
WWTR1_RNA,-0.0023396715987473726
PCDHA8_RNA,-0.0023400834761559963
UBXN11_RNA,-0.002341204322874546
VASH2_RNA,-0.002341269748285413
FSD1L_RNA,-0.0023417628835886717
TMEM17_RNA,-0.0023418201599270105
MMP1_RNA,-0.0023431116715073586
CAPSL_RNA,-0.002343412721529603
GNB1L_RNA,-0.002343719359487295
TAF4B_RNA,-0.0023437344934791327
HLA-DPB1_RNA,-0.0023457843344658613
RABAC1_RNA,-0.0023458730429410934
ZNF544_RNA,-0.0023459014482796192
RBMS1_RNA,-0.0023471922613680363
SKIL_RNA,-0.0023491643369197845
PIAS3_RNA,-0.0023493273183703423
FGFBP3_RNA,-0.002350202528759837
GNRHR_RNA,-0.0023506982252001762
HNRNPK_RNA,-0.002351063769310713
SNHG5_RNA,-0.0023520207032561302
DMRT3_RNA,-0.0023521105758845806
IGF2_RNA,-0.0023531385231763124
RPS17_RNA,-0.0023532141931355
NLRP4_RNA,-0.002353556687012315
RAG2_RNA,-0.002354699419811368
ZNF780B_RNA,-0.0023556596133857965
CLSTN1_RNA,-0.002355774398893118
GIMAP4_RNA,-0.0023558225948363543
MYO7B_RNA,-0.002358149504289031
P4HA1_RNA,-0.0023594400845468044
RSPH4A_RNA,-0.0023607516195625067
HLX_RNA,-0.002360836137086153
AVIL_RNA,-0.0023613590747117996
NLRC3_RNA,-0.0023621965665370226
WNT4_RNA,-0.002364270854741335
GPR68_RNA,-0.00236481218598783
TNK1_RNA,-0.0023661626037210226
C1orf105_RNA,-0.00236783130094409
MYD88_RNA,-0.0023685668129473925
ACTN1_RNA,-0.002369703259319067
HEXB_RNA,-0.0023698038421571255
LMNB1_RNA,-0.0023706466890871525
RNF20_RNA,-0.00237082876265049
MYO3A_RNA,-0.002371414564549923
IL22RA2_RNA,-0.0023723049089312553
GJA9_RNA,-0.0023728767409920692
ZNF670_RNA,-0.002373520052060485
NLRP11_RNA,-0.002373633673414588
OR52W1_RNA,-0.002375067677348852
VARS2_RNA,-0.0023752578999847174
GGA2_RNA,-0.0023758297320455313
CYTH2_RNA,-0.002376488409936428
GRAP2_RNA,-0.002376713789999485
GHRL_RNA,-0.0023791275452822447
SCAND3_RNA,-0.0023792830761522055
SLC25A37_RNA,-0.0023796677123755217
CCR6_RNA,-0.0023799631744623184
PPP6C_RNA,-0.0023800230119377375
FTL_RNA,-0.0023813422303646803
GCAT_RNA,-0.0023834751918911934
PFDN2_RNA,-0.0023838134948164225
ZNF493_RNA,-0.002384581370279193
QSOX2_RNA,-0.002384656574577093
U2AF2_RNA,-0.0023848649580031633
RBM4_RNA,-0.0023851459845900536
KCTD12_RNA,-0.0023853483144193888
STX1A_RNA,-0.002387125976383686
IRS4_RNA,-0.0023871676530689
SAP30BP_RNA,-0.002388209570199251
NPFFR2_RNA,-0.0023882838431745768
SEC14L3_RNA,-0.0023892356548458338
C11orf71_RNA,-0.0023893010802567005
KRBA1_RNA,-0.0023898163344711065
ADAMTS4_RNA,-0.0023898938670754433
PTPRH_RNA,-0.0023900666274130344
FAM78B_RNA,-0.0023921739775687456
RAP2A_RNA,-0.0023924382403492928
EIF3E_RNA,-0.002392759546637535
SP5_RNA,-0.00239354046061635
CTSD_RNA,-0.002396306023001671
HOXB9_RNA,-0.0023963497951626778
ATG4B_RNA,-0.002396460622549057
DNMT3A_RNA,-0.00239692279137671
ANKRD34A_RNA,-0.002397781005129218
GGN_RNA,-0.002398038050159812
GJB5_RNA,-0.002400333061814308
KNG1_RNA,-0.002400705125182867
LIN28B_RNA,-0.00240108254365623
PKN2_RNA,-0.0024021691642701626
ABCB5_RNA,-0.0024030241183936596
SNAPC3_RNA,-0.002403519582003355
ZNF541_RNA,-0.0024036706890910864
C3orf62_RNA,-0.002404475584626198
POLR2I_RNA,-0.0024049407802522182
CCDC134_RNA,-0.0024049801286309958
CHRM2_RNA,-0.002405827632173896
TDRD3_RNA,-0.002406064188107848
WNT1_RNA,-0.002406091196462512
PPP1R13L_RNA,-0.00240678945556283
FZD5_RNA,-0.00240731961093843
MRPS18A_RNA,-0.0024073643144220114
ALDH3B1_RNA,-0.0024085287004709244
NNMT_RNA,-0.0024086828343570232
INTS6_RNA,-0.0024101941380649805
KCNS1_RNA,-0.0024106320925056934
ENTPD4_RNA,-0.0024108667857944965
SH3RF2_RNA,-0.0024110283702611923
OLIG3_RNA,-0.0024110993836075068
GARNL3_RNA,-0.0024124609772115946
CFI_RNA,-0.002413068199530244
RNF222_RNA,-0.002414736431092024
ANKRD34B_RNA,-0.0024156381841748953
SLC36A4_RNA,-0.0024161238688975573
DCAF13_RNA,-0.0024166926741600037
CABYR_RNA,-0.0024174086283892393
GNGT2_RNA,-0.002417702693492174
PAF1_RNA,-0.0024189346004277468
SLC2A11_RNA,-0.0024190733674913645
FAM177A1_RNA,-0.0024203695356845856
GPN1_RNA,-0.0024208331014961004
RRP9_RNA,-0.0024217315949499607
IVL_RNA,-0.002421886194497347
RAB17_RNA,-0.002421961398795247
CRIP3_RNA,-0.002422141144052148
TGM1_RNA,-0.002422482008114457
IFI16_RNA,-0.002422718796879053
MTMR12_RNA,-0.0024235884193331003
PIK3R6_RNA,-0.0024241211358457804
KCNG3_RNA,-0.0024246301036328077
HS2ST1_RNA,-0.0024254689924418926
PTGS1_RNA,-0.0024268359411507845
ACOT12_RNA,-0.0024273504968732595
PIK3CD_RNA,-0.0024274392053484917
POLR3H_RNA,-0.0024285356048494577
LCP2_RNA,-0.0024290019646286964
GRB10_RNA,-0.002429759129881859
LRRC49_RNA,-0.0024303030222654343
KRCC1_RNA,-0.0024309379514306784
MCM5_RNA,-0.002431025728583336
TMEM26_RNA,-0.0024310359731316566
MMP12_RNA,-0.0024332921020686626
OPA1_RNA,-0.002435838570818305
MIR329-2_RNA,-0.0024365352001041174
SLC2A3_RNA,-0.0024389708414673805
PADI3_RNA,-0.002442972967401147
PRDM4_RNA,-0.0024432395584881306
OGFR_RNA,-0.0024436747189611197
SNORD115-14_RNA,-0.0024441888090223074
DNAH14_RNA,-0.0024444579612463713
GPR135_RNA,-0.002447413746267557
GMFG_RNA,-0.002447430044412613
SLC5A1_RNA,-0.0024474849924445152
SPACA3_RNA,-0.002448451705276966
ZNF844_RNA,-0.0024485301692038774
LCE1C_RNA,-0.0024525721091777086
TRADD_RNA,-0.0024529786314815283
ADAM32_RNA,-0.0024530913215130568
SPPL2B_RNA,-0.0024532100651413202
BRAP_RNA,-0.0024536617565900087
OXSR1_RNA,-0.0024540990125387907
XKR9_RNA,-0.0024557365104556084
MSH3_RNA,-0.0024558433797210455
LITAF_RNA,-0.002457631751894951
RAC3_RNA,-0.0024578357115387917
ALOX12_RNA,-0.002458419417962432
MYO6_RNA,-0.0024597395677119493
GPC4_RNA,-0.0024602962657809258
ZNF556_RNA,-0.0024611158296465874
MRPL3_RNA,-0.0024616685695946217
RELB_RNA,-0.0024644520599395037
TBC1D20_RNA,-0.002466693753376603
CLPB_RNA,-0.0024677079636603594
DDX47_RNA,-0.0024678378831595182
CLTC_RNA,-0.0024680544156581163
KITLG_RNA,-0.0024698483757674694
ZNF182_RNA,-0.0024710861034691334
KAAG1_RNA,-0.0024715811014175415
RNF6_RNA,-0.002471756190061569
MIR1301_RNA,-0.002472568303346634
CAT_RNA,-0.0024729613214731216
FCHO1_RNA,-0.0024730872828513384
STXBP4_RNA,-0.0024743862450122833
FAM136A_RNA,-0.002475080080330372
MPZL2_RNA,-0.0024750838056206703
REG4_RNA,-0.002476294757798314
ST14_RNA,-0.0024763031397014856
ZNF649_RNA,-0.0024780970998108387
CYP3A4_RNA,-0.00247813668102026
PNCK_RNA,-0.0024796905927360058
PHOSPHO1_RNA,-0.002481017028912902
C20orf173_RNA,-0.0024816032964736223
REN_RNA,-0.0024822994600981474
CD1B_RNA,-0.002482907148078084
PDE1B_RNA,-0.002485110657289624
IL1RAPL2_RNA,-0.0024851567577570677
ABCG5_RNA,-0.002485917415469885
CCDC81_RNA,-0.002487850608304143
ANKRD23_RNA,-0.0024878783151507378
ZNF474_RNA,-0.002488895319402218
SLC25A29_RNA,-0.002489228267222643
STAT5A_RNA,-0.002490946324542165
MIR2052_RNA,-0.00249101803638041
CYB561D1_RNA,-0.002491866471245885
TEAD3_RNA,-0.002492461819201708
TMEM220_RNA,-0.002492930507287383
OTUB1_RNA,-0.002493841340765357
FAM180A_RNA,-0.002494283253327012
EPS8L3_RNA,-0.0024943461176007986
BCL7A_RNA,-0.002495022024959326
SRCIN1_RNA,-0.002497616223990917
ADORA2A_RNA,-0.002497737994417548
PCGF3_RNA,-0.0024988355580717325
DUSP14_RNA,-0.0024994343984872103
UAP1_RNA,-0.0024999636225402355
COPB2_RNA,-0.0025007750373333693
GSTZ1_RNA,-0.0025008386000990868
ZNF175_RNA,-0.002500880043953657
RPS4X_RNA,-0.0025011287070810795
TRPA1_RNA,-0.00250119436532259
AQP12A_RNA,-0.0025020672474056482
TTLL1_RNA,-0.0025026374496519566
RNFT1_RNA,-0.002502859802916646
SLC45A3_RNA,-0.0025030127726495266
ATG9B_RNA,-0.002505101030692458
WDR46_RNA,-0.002505155745893717
ALDH1B1_RNA,-0.0025070831179618835
SAMD9L_RNA,-0.0025072547141462564
AP1AR_RNA,-0.002507273806259036
CLEC2D_RNA,-0.0025081562343984842
SEMA6C_RNA,-0.002509303390979767
SLFN12_RNA,-0.0025117367040365934
MYO5B_RNA,-0.0025129548739641905
TTC23L_RNA,-0.0025152890011668205
ZDHHC2_RNA,-0.0025153080932796
KHK_RNA,-0.0025156913325190544
CYB5R4_RNA,-0.0025161695666611195
WWC3_RNA,-0.002516604494303465
TLK1_RNA,-0.0025168219581246376
UBTD2_RNA,-0.0025199137162417173
ZC3H8_RNA,-0.002520507201552391
DHX34_RNA,-0.002526132157072425
SOX11_RNA,-0.002526381751522422
KLRD1_RNA,-0.0025264413561671972
ACTG1_RNA,-0.002526685129851103
ZBTB37_RNA,-0.002526771742850542
ENC1_RNA,-0.002527090022340417
CRYBA1_RNA,-0.0025276499800384045
DYRK3_RNA,-0.002529747551307082
OR7D4_RNA,-0.002530216472223401
OPN4_RNA,-0.0025321932043880224
TSFM_RNA,-0.002532264683395624
ALDH3A2_RNA,-0.0025341385044157505
HSPH1_RNA,-0.002534980420023203
MOCOS_RNA,-0.0025359103456139565
MTHFD2L_RNA,-0.0025363671593368053
MAMDC2_RNA,-0.002538893837481737
SUMO1_RNA,-0.0025392677634954453
IL1RN_RNA,-0.0025419050361961126
SNORA30_RNA,-0.0025421613827347755
YPEL4_RNA,-0.002544628456234932
CLDN14_RNA,-0.002545266645029187
ADPGK_RNA,-0.0025455907452851534
EIF1AD_RNA,-0.002546577714383602
FNBP1L_RNA,-0.0025473746936768293
MIA_RNA,-0.0025501176714897156
PKHD1_RNA,-0.0025504014920443296
MIR577_RNA,-0.002550483914092183
ATXN7L1_RNA,-0.0025515141896903515
MIAT_RNA,-0.0025525044184178114
ABHD13_RNA,-0.002552600111812353
C15orf48_RNA,-0.0025528143160045147
C12orf54_RNA,-0.0025529246777296066
C4orf3_RNA,-0.0025531852152198553
ITK_RNA,-0.0025533000007271767
LRRIQ4_RNA,-0.002554036909714341
ATP2A1_RNA,-0.00255415728315711
USP1_RNA,-0.0025557333137840033
CALM1_RNA,-0.002556842053309083
RNF141_RNA,-0.0025571268051862717
FRZB_RNA,-0.002557438099756837
SLC6A6_RNA,-0.0025578176137059927
FABP6_RNA,-0.0025588274002075195
UGDH_RNA,-0.002559330780059099
PLA2G6_RNA,-0.0025606448762118816
FGL2_RNA,-0.002563109854236245
KLK4_RNA,-0.002563392510637641
RAD1_RNA,-0.0025635568890720606
CDH6_RNA,-0.0025638709776103497
MARK3_RNA,-0.002564820693805814
BTBD3_RNA,-0.0025653846096247435
MTHFS_RNA,-0.002565518021583557
CD2AP_RNA,-0.0025668677408248186
ING1_RNA,-0.0025670770555734634
SLFN13_RNA,-0.0025688353925943375
ELF4_RNA,-0.0025692477356642485
CRISP2_RNA,-0.002572371857240796
OR52K2_RNA,-0.002572587924078107
ANKRD18A_RNA,-0.0025730349589139223
IL1A_RNA,-0.002573352539911866
EYA2_RNA,-0.0025735762901604176
LIPH_RNA,-0.002573695033788681
PLP2_RNA,-0.0025737641844898462
CALHM1_RNA,-0.0025743795558810234
KLHL12_RNA,-0.002574927406385541
EIF3I_RNA,-0.0025757146067917347
TSPAN4_RNA,-0.002575914142653346
CIB3_RNA,-0.002577199600636959
FAM124B_RNA,-0.002578454092144966
CDK5R1_RNA,-0.0025785709731280804
DPYSL5_RNA,-0.0025790848303586245
TMEM174_RNA,-0.0025797076523303986
FBXO17_RNA,-0.0025802154559642076
EIF4A1_RNA,-0.0025818475987762213
TNFRSF13B_RNA,-0.002581899520009756
DUSP10_RNA,-0.0025825276970863342
ZNF358_RNA,-0.002582880202680826
RUSC1_RNA,-0.002584346104413271
FCRL5_RNA,-0.002586574526503682
RPS11_RNA,-0.002587719587609172
C16orf54_RNA,-0.0025893719866871834
ZSCAN23_RNA,-0.0025900807231664658
DNAJC5G_RNA,-0.0025911834090948105
BCL11A_RNA,-0.0025917638558894396
TLX2_RNA,-0.002592517761513591
FAM111A_RNA,-0.0025925247464329004
POLR3G_RNA,-0.002592953387647867
LRRC8B_RNA,-0.0025933217257261276
HOMER3_RNA,-0.002593603217974305
ARL6IP6_RNA,-0.0025940847117453814
CHRDL2_RNA,-0.002595636062324047
TPH2_RNA,-0.0025959431659430265
SNORD53_RNA,-0.002597165759652853
SLC22A23_RNA,-0.002597549930214882
MIR591_RNA,-0.0025980419013649225
AKAP12_RNA,-0.002598286373540759
PCBP1_RNA,-0.002599125262349844
MFSD6L_RNA,-0.0026004647370427847
SMAD4_RNA,-0.002600617939606309
BGLAP_RNA,-0.002601604675874114
ECHDC1_RNA,-0.0026023166719824076
SSX2IP_RNA,-0.0026024857070297003
FUT4_RNA,-0.0026037341449409723
PLBD1_RNA,-0.002607098314911127
CD300E_RNA,-0.0026079362723976374
NSMCE2_RNA,-0.002608443843200803
MAP3K11_RNA,-0.002608704613521695
E2F5_RNA,-0.0026087758596986532
HOMER1_RNA,-0.0026094934437423944
NRIP2_RNA,-0.0026100894901901484
OTOF_RNA,-0.0026101942639797926
PCGF1_RNA,-0.002610471099615097
CCDC39_RNA,-0.0026119130197912455
IL27_RNA,-0.002612976124510169
PSRC1_RNA,-0.0026138073299080133
CCDC9_RNA,-0.0026166876778006554
ALG9_RNA,-0.0026188010815531015
C1QL2_RNA,-0.002620386891067028
RGS8_RNA,-0.0026228930801153183
ARHGAP18_RNA,-0.002623263280838728
PKNOX2_RNA,-0.0026237862184643745
NFKBIZ_RNA,-0.002624679822474718
TAS2R39_RNA,-0.002624819055199623
SF3B1_RNA,-0.002624907298013568
IGF2BP3_RNA,-0.0026258518919348717
SLC46A2_RNA,-0.0026264425832778215
MAD2L2_RNA,-0.0026268993970006704
SLC9A4_RNA,-0.0026294607669115067
ZNF10_RNA,-0.002632027491927147
PLAG1_RNA,-0.0026322780176997185
C1RL_RNA,-0.002632932038977742
HBD_RNA,-0.0026344715151935816
SNCA_RNA,-0.0026358654722571373
PPL_RNA,-0.002636062679812312
ANXA13_RNA,-0.002638530917465687
LDLRAD2_RNA,-0.0026392326690256596
USO1_RNA,-0.002640297869220376
PLCL1_RNA,-0.0026406235992908478
CABIN1_RNA,-0.0026433703023940325
BSCL2_RNA,-0.0026436997577548027
TLL2_RNA,-0.0026460825465619564
CCDC17_RNA,-0.002647822257131338
PAG1_RNA,-0.0026484241243451834
TMEM45A_RNA,-0.0026485174894332886
BIRC2_RNA,-0.0026493787299841642
ERN1_RNA,-0.002650780836120248
CPEB2_RNA,-0.0026518600061535835
CNNM4_RNA,-0.002655165269970894
EXOC2_RNA,-0.0026554435025900602
FLNB_RNA,-0.0026584607549011707
RAB12_RNA,-0.002658466575667262
NAAA_RNA,-0.0026584852021187544
EGLN3_RNA,-0.0026590146590024233
CDK5RAP3_RNA,-0.0026601585559546947
BCL2L15_RNA,-0.0026604945305734873
PSMB8_RNA,-0.0026608440093696117
SOCS6_RNA,-0.0026609962806105614
FETUB_RNA,-0.0026610451750457287
CLIC4_RNA,-0.002661598613485694
TDG_RNA,-0.002662847749888897
TAP2_RNA,-0.0026651693042367697
SCARNA17_RNA,-0.002666287589818239
PLD6_RNA,-0.00266638258472085
PLEKHG1_RNA,-0.0026682864408940077
IL19_RNA,-0.0026704843621701
GAGE10_RNA,-0.0026707893703132868
XRCC1_RNA,-0.0026730464305728674
SNRNP70_RNA,-0.002673766342923045
ZNRF2_RNA,-0.0026739942841231823
UPF3A_RNA,-0.0026741749607026577
LACTB2_RNA,-0.0026743414346128702
TNFSF14_RNA,-0.0026744708884507418
PRPF31_RNA,-0.002674827817827463
SLC39A4_RNA,-0.002674942370504141
BPHL_RNA,-0.0026765307411551476
TMEM165_RNA,-0.0026769835967570543
CTSZ_RNA,-0.0026774166617542505
RAP1GAP_RNA,-0.0026778914034366608
HCN4_RNA,-0.002678230172023177
HAAO_RNA,-0.0026782492641359568
PSG9_RNA,-0.002679666969925165
HK2_RNA,-0.0026816674508154392
BTN3A2_RNA,-0.0026838479097932577
QPCT_RNA,-0.0026841573417186737
SLFN11_RNA,-0.0026862691156566143
FCF1_RNA,-0.0026866942644119263
ABHD10_RNA,-0.002686847932636738
SNORD115-37_RNA,-0.002687717555090785
MIR26A2_RNA,-0.0026884020771831274
SNORD115-35_RNA,-0.0026910959277302027
TCTN2_RNA,-0.0026911527384072542
CHRM5_RNA,-0.00269115949049592
CD96_RNA,-0.0026913811452686787
KCNQ1DN_RNA,-0.0026918689254671335
GPR157_RNA,-0.0026926775462925434
PDE6H_RNA,-0.0026927234139293432
ZNF280B_RNA,-0.0026931518223136663
CCL7_RNA,-0.002696043811738491
STX4_RNA,-0.0026968871243298054
IRF5_RNA,-0.0026969804894179106
ZNF487_RNA,-0.0026970135513693094
ZNF280A_RNA,-0.0026996906381100416
ALDOA_RNA,-0.0026999374385923147
E2F6_RNA,-0.002701173070818186
EXOC6B_RNA,-0.002701785182580352
PLEKHA7_RNA,-0.0027039730921387672
CAPN14_RNA,-0.002704264596104622
C1QTNF9B_RNA,-0.0027047705370932817
PTCHD3_RNA,-0.002706105588003993
LVRN_RNA,-0.002708086743950844
KCNK15_RNA,-0.002708631567656994
CENPV_RNA,-0.0027115114498883486
KRT16_RNA,-0.002711610635742545
ABCE1_RNA,-0.002713445806875825
NCEH1_RNA,-0.002713629277423024
SLC35E4_RNA,-0.0027137964498251677
FAM117B_RNA,-0.002714159432798624
UNC5CL_RNA,-0.0027157124131917953
CIDEA_RNA,-0.0027163103222846985
DUOXA1_RNA,-0.0027175885625183582
NFIB_RNA,-0.0027177752926945686
TIFA_RNA,-0.0027191403787583113
SLFN14_RNA,-0.002719560405239463
SCNN1A_RNA,-0.0027199413161724806
DYDC1_RNA,-0.002720258664339781
CSAD_RNA,-0.0027210921980440617
TMEM139_RNA,-0.002721430268138647
ZNF491_RNA,-0.0027219164185225964
PCID2_RNA,-0.002727431245148182
ACOT9_RNA,-0.0027280182112008333
EFCAB2_RNA,-0.002730511361733079
PLOD2_RNA,-0.0027306093834340572
SLC47A2_RNA,-0.0027306547854095697
LRGUK_RNA,-0.002733130007982254
ERMAP_RNA,-0.002733892062678933
DDX18_RNA,-0.0027340876404196024
MLH3_RNA,-0.002734279027208686
S100G_RNA,-0.002735467627644539
PIGC_RNA,-0.002738778479397297
NUDT12_RNA,-0.0027400334365665913
ASB18_RNA,-0.002740075346082449
LGALS1_RNA,-0.0027420271653681993
GJA3_RNA,-0.0027437524404376745
GAS1_RNA,-0.0027455713134258986
TM6SF2_RNA,-0.002745655132457614
XPO4_RNA,-0.002746506128460169
ZNF534_RNA,-0.002747095189988613
SLC13A4_RNA,-0.002748267725110054
DERL3_RNA,-0.002749024424701929
PABPC1L_RNA,-0.0027493759989738464
CD244_RNA,-0.0027501839213073254
INTS4_RNA,-0.0027504554018378258
TBX15_RNA,-0.002750979270786047
SH3RF1_RNA,-0.0027518088463693857
PIN1_RNA,-0.0027520316652953625
OR2L8_RNA,-0.002754274755716324
TNS4_RNA,-0.0027549262158572674
IFI30_RNA,-0.0027560857124626637
C20orf202_RNA,-0.0027564375195652246
SLC31A2_RNA,-0.00275832274928689
DYNC1LI2_RNA,-0.002759352559223771
MYO1D_RNA,-0.0027607774827629328
AMBP_RNA,-0.002763711614534259
RBMX_RNA,-0.0027640166226774454
CPA4_RNA,-0.002764035016298294
TFAP4_RNA,-0.0027642017230391502
CD33_RNA,-0.002764547010883689
CA1_RNA,-0.002765069017186761
UBQLNL_RNA,-0.002765138866379857
MAP1LC3A_RNA,-0.002765597542747855
ZNF573_RNA,-0.002766326069831848
ATP8B3_RNA,-0.0027670336421579123
CNTROB_RNA,-0.002767555881291628
NDRG3_RNA,-0.0027680296916514635
CNKSR1_RNA,-0.0027692525181919336
ANGPTL2_RNA,-0.0027693200390785933
KDELR3_RNA,-0.002770294202491641
RGS9BP_RNA,-0.002771260915324092
MAN1A1_RNA,-0.002771784784272313
TMC7_RNA,-0.0027737871278077364
CD79A_RNA,-0.0027755119372159243
PRPF39_RNA,-0.002776467241346836
TAF13_RNA,-0.002777312882244587
ST3GAL4_RNA,-0.0027809380553662777
FAM83H_RNA,-0.002781685208901763
OGT_RNA,-0.0027816917281597853
RBBP4_RNA,-0.0027817832306027412
HHATL_RNA,-0.0027823324780911207
PDE1C_RNA,-0.0027869290206581354
OPN3_RNA,-0.002787260338664055
METTL8_RNA,-0.0027875350788235664
CNTLN_RNA,-0.0027876102831214666
MSRA_RNA,-0.0027897264808416367
MAPK6_RNA,-0.0027901807334274054
XRCC6_RNA,-0.002794103929772973
SLC22A12_RNA,-0.002794381696730852
CASP3_RNA,-0.002795238047838211
DOCK5_RNA,-0.0027965775225311518
CHKB-CPT1B_RNA,-0.0027982143219560385
EME1_RNA,-0.0027996960561722517
GPATCH2_RNA,-0.0028002457693219185
CYB5RL_RNA,-0.0028030923567712307
OPTC_RNA,-0.002803555689752102
HOOK2_RNA,-0.0028078448958694935
PPP3R2_RNA,-0.0028079552575945854
KDM2B_RNA,-0.00280938227660954
NOTUM_RNA,-0.0028098910115659237
SCTR_RNA,-0.0028104535304009914
ARID4A_RNA,-0.002811405574902892
GCNT2_RNA,-0.0028130135033279657
DGCR6_RNA,-0.002816657302901149
PTCD2_RNA,-0.002816877095028758
WWC1_RNA,-0.002817645203322172
KCTD17_RNA,-0.002818051725625992
ABI2_RNA,-0.0028184724505990744
SYNGR2_RNA,-0.0028194698970764875
NOP56_RNA,-0.002819767454639077
C17orf78_RNA,-0.002820649417117238
EIF2S2_RNA,-0.002825102536007762
HLA-B_RNA,-0.002827065996825695
TRMT11_RNA,-0.0028293943032622337
NINJ2_RNA,-0.002829791745170951
CCND2_RNA,-0.002831751713529229
CCDC146_RNA,-0.0028327545151114464
SLC25A14_RNA,-0.002833036705851555
SMARCA5_RNA,-0.0028344239108264446
ARMCX1_RNA,-0.0028347026091068983
INHBB_RNA,-0.002836044179275632
CLDN7_RNA,-0.002840143395587802
TCF21_RNA,-0.0028408681973814964
VENTX_RNA,-0.002841272857040167
TMEM38B_RNA,-0.002841342007741332
GALNTL5_RNA,-0.0028413559775799513
CCL8_RNA,-0.0028416092973202467
TRERF1_RNA,-0.002842630259692669
MYADM_RNA,-0.002843263791874051
ATP8B1_RNA,-0.002843802096322179
HPYR1_RNA,-0.0028438514564186335
VASP_RNA,-0.0028438635636121035
ZNF594_RNA,-0.0028460551984608173
COMT_RNA,-0.0028463576454669237
PASD1_RNA,-0.0028464035131037235
IL2RB_RNA,-0.0028476621955633163
GYPA_RNA,-0.002848634496331215
MRPS35_RNA,-0.0028492638375610113
ITGA4_RNA,-0.0028504678048193455
ELAVL3_RNA,-0.002851244993507862
CCDC65_RNA,-0.0028514431323856115
SCARB2_RNA,-0.002851465716958046
MAPK8IP1_RNA,-0.002852667821571231
ZMYM5_RNA,-0.0028533493168652058
RSPO4_RNA,-0.002854703925549984
MPHOSPH8_RNA,-0.002854754915460944
PMFBP1_RNA,-0.002855089493095875
CLMN_RNA,-0.002856180537492037
CNFN_RNA,-0.0028574152383953333
ZNF599_RNA,-0.0028577963821589947
HAUS6_RNA,-0.0028579167556017637
RPS3_RNA,-0.0028579372446984053
GUCA2A_RNA,-0.002858401509001851
SACS_RNA,-0.0028594492468982935
STRN4_RNA,-0.002860378473997116
RANBP1_RNA,-0.0028605260886251926
BIRC7_RNA,-0.0028608308639377356
BHLHE40_RNA,-0.002862767316401005
SLC2A4RG_RNA,-0.002862796187400818
TBC1D19_RNA,-0.002863143105059862
HAO2_RNA,-0.0028636569622904062
PDK1_RNA,-0.00286557013168931
ARPC2_RNA,-0.0028660905081778765
TBP_RNA,-0.0028666441794484854
CSGALNACT2_RNA,-0.002867737552151084
USPL1_RNA,-0.0028685983270406723
SLC22A2_RNA,-0.002870685886591673
SLC22A9_RNA,-0.002870714757591486
FOXC1_RNA,-0.002871465403586626
MMGT1_RNA,-0.002873191377148032
RAB19_RNA,-0.002873402088880539
TPD52_RNA,-0.0028734493535012007
TRIP4_RNA,-0.002875665435567498
LCNL1_RNA,-0.002881585620343685
RXFP1_RNA,-0.0028817965649068356
CALHM3_RNA,-0.0028819716535508633
INSL5_RNA,-0.0028839842416346073
TCF23_RNA,-0.0028843737673014402
PDCD2_RNA,-0.0028850531671196222
ZNF311_RNA,-0.002885163063183427
ARHGEF3_RNA,-0.0028858534060418606
RNF168_RNA,-0.0028863621409982443
TTC39C_RNA,-0.0028873963747173548
FNBP4_RNA,-0.002891787327826023
ORAI3_RNA,-0.002893103752285242
CHURC1_RNA,-0.002893783850595355
VAPA_RNA,-0.002894375938922167
FXYD3_RNA,-0.002895071404054761
BARX2_RNA,-0.0028961203061044216
ZSWIM3_RNA,-0.0028963799122720957
SLC35E3_RNA,-0.0028974562883377075
ZNF223_RNA,-0.002898683538660407
FOXA3_RNA,-0.0029003627132624388
TNFRSF18_RNA,-0.0029047641437500715
ZNF165_RNA,-0.002906390465795994
PPARG_RNA,-0.0029069429729133844
BDP1_RNA,-0.0029071015305817127
FAM135A_RNA,-0.002914310898631811
PPP1R14A_RNA,-0.002915095305070281
SNORD99_RNA,-0.0029157435055822134
RNF126_RNA,-0.0029184359591454268
PDE4D_RNA,-0.0029187053442001343
TEX19_RNA,-0.0029218564741313457
ULBP2_RNA,-0.002922686282545328
KCNAB2_RNA,-0.0029228138737380505
CAPRIN2_RNA,-0.002923309803009033
FRYL_RNA,-0.0029248197097331285
STAT4_RNA,-0.002924986183643341
SPDEF_RNA,-0.002925638807937503
ARHGEF7_RNA,-0.002926737302914262
ST8SIA4_RNA,-0.002929129870608449
PTPRO_RNA,-0.0029310151003301144
OBSL1_RNA,-0.0029320279136300087
SIX1_RNA,-0.002932564355432987
SRPRB_RNA,-0.0029368444811552763
DMTF1_RNA,-0.00293741375207901
IQCC_RNA,-0.0029377599712461233
LHX2_RNA,-0.00294132181443274
TXNDC9_RNA,-0.0029424289241433144
PLSCR1_RNA,-0.0029437618795782328
ENO1_RNA,-0.0029443027451634407
STRADA_RNA,-0.0029453050810843706
SH2D3A_RNA,-0.002948248293250799
TMBIM1_RNA,-0.0029492168687283993
TTLL5_RNA,-0.002950740046799183
SUMO4_RNA,-0.0029517305083572865
COL17A1_RNA,-0.0029527139849960804
RNF138_RNA,-0.0029528567101806402
KIFAP3_RNA,-0.002953385701403022
XBP1_RNA,-0.0029543626587837934
ENAH_RNA,-0.002955353818833828
IGFBP2_RNA,-0.002956558018922806
TRAT1_RNA,-0.002957315417006612
SPTY2D1_RNA,-0.002957357792183757
CDSN_RNA,-0.0029574185609817505
MCAT_RNA,-0.0029586832970380783
ZNF230_RNA,-0.002958935219794512
MAP2K4_RNA,-0.002960063749924302
HLA-A_RNA,-0.0029602430295199156
UBE2B_RNA,-0.0029620849527418613
ARSK_RNA,-0.002964471001178026
MYH9_RNA,-0.0029645280446857214
RDH11_RNA,-0.002966002095490694
GGT1_RNA,-0.0029660991858690977
CREB5_RNA,-0.002967594191431999
IL12A_RNA,-0.002967666368931532
MAFB_RNA,-0.002968206536024809
UCHL5_RNA,-0.0029696165584027767
ATP7A_RNA,-0.0029720449820160866
CD55_RNA,-0.0029732969123870134
ZBTB25_RNA,-0.002973309252411127
SLC35F1_RNA,-0.002973382594063878
CITED2_RNA,-0.002973459893837571
NKX2-5_RNA,-0.002973702270537615
TMEM150C_RNA,-0.0029748782981187105
SNRNP35_RNA,-0.0029766280204057693
TMEM117_RNA,-0.002976920222863555
SPRED1_RNA,-0.002978835254907608
CD160_RNA,-0.00297886342741549
TGIF1_RNA,-0.0029789223335683346
FHIT_RNA,-0.0029795016162097454
EFEMP1_RNA,-0.0029798191972076893
COPS3_RNA,-0.0029812268912792206
TBCC_RNA,-0.0029822560027241707
ZNF683_RNA,-0.0029848634731024504
TBC1D2_RNA,-0.0029863137751817703
RBM43_RNA,-0.0029864651151001453
RPL36A_RNA,-0.0029866064433008432
GABPB2_RNA,-0.002986654406413436
SIRPG_RNA,-0.0029894376639276743
PAPPA2_RNA,-0.0029905252158641815
VWCE_RNA,-0.002990895416587591
ERCC2_RNA,-0.002992078894749284
MATN4_RNA,-0.0029927135910838842
GAMT_RNA,-0.00299287517555058
MORC2_RNA,-0.0029962449334561825
OVOL2_RNA,-0.00299629895016551
LTA_RNA,-0.002997596748173237
SNRNP40_RNA,-0.0029999816324561834
MVP_RNA,-0.0030001020058989525
NDRG1_RNA,-0.0030004987493157387
ZNF563_RNA,-0.0030009851325303316
C6orf62_RNA,-0.0030034631490707397
PLEK2_RNA,-0.0030052491929382086
DUSP7_RNA,-0.0030120755545794964
SLC38A4_RNA,-0.0030126459896564484
TTC9_RNA,-0.003014106536284089
LIMK2_RNA,-0.0030147701036185026
SYNJ2BP_RNA,-0.0030150562524795532
ZNF620_RNA,-0.003016740083694458
TBX21_RNA,-0.003016904229298234
EFCAB3_RNA,-0.003017064183950424
CDK6_RNA,-0.0030180213507264853
CPSF3_RNA,-0.0030243804212659597
TYMP_RNA,-0.00302583584561944
SGPP1_RNA,-0.003030640073120594
P2RX5_RNA,-0.003031076630577445
P2RX2_RNA,-0.0030313562601804733
CNIH4_RNA,-0.0030314086470752954
WFDC3_RNA,-0.0030316002666950226
MTPAP_RNA,-0.003032936016097665
ZIK1_RNA,-0.0030336177442222834
STK19_RNA,-0.0030339709483087063
CORT_RNA,-0.0030348969157785177
SPATA8_RNA,-0.003038688562810421
MIR617_RNA,-0.003039626171812415
RHOA_RNA,-0.003040277399122715
ZNF579_RNA,-0.003040588228031993
SLC25A45_RNA,-0.0030432746279984713
PPP3R1_RNA,-0.003049637656658888
SNORD56B_RNA,-0.003050801809877157
PCMTD2_RNA,-0.003051039995625615
TTC21B_RNA,-0.00305108237080276
RGS14_RNA,-0.003051535692065954
POLK_RNA,-0.0030521671287715435
AEN_RNA,-0.003055322216823697
IFITM5_RNA,-0.0030553422402590513
TCN2_RNA,-0.0030557126738131046
CST7_RNA,-0.003055745270103216
ATP9A_RNA,-0.003057090798392892
ZCCHC10_RNA,-0.0030572207178920507
FYTTD1_RNA,-0.003058456350117922
SNORD115-25_RNA,-0.003058672184124589
CSRNP2_RNA,-0.003061087103560567
RPL10_RNA,-0.00306140398606658
UFSP2_RNA,-0.0030622943304479122
PSMC3_RNA,-0.003062830539420247
FUT3_RNA,-0.003066849196329713
TMSB10_RNA,-0.0030679067131131887
FAM151B_RNA,-0.0030693451408296824
EFNA2_RNA,-0.0030698233749717474
CABP4_RNA,-0.0030702364165335894
COX11_RNA,-0.0030704152304679155
CDADC1_RNA,-0.0030727586708962917
NDUFA13_RNA,-0.0030732634477317333
DHRS1_RNA,-0.0030747740529477596
ZNF860_RNA,-0.0030751873273402452
DUSP28_RNA,-0.0030755873303860426
PPIL6_RNA,-0.003075984539464116
UBXN6_RNA,-0.0030761335510760546
DNAJC8_RNA,-0.003076381515711546
GPR84_RNA,-0.003076707711443305
QKI_RNA,-0.0030767309945076704
CATSPER2_RNA,-0.0030767337884753942
UBASH3B_RNA,-0.0030772949103266
FAM20A_RNA,-0.0030784232076257467
DENND5A_RNA,-0.003079090965911746
PCA3_RNA,-0.003079518908634782
CHD1_RNA,-0.0030797345098108053
KCNE2_RNA,-0.003080562688410282
RPS18_RNA,-0.003080744296312332
SEC13_RNA,-0.0030834507197141647
FGL1_RNA,-0.003083590418100357
LRRC37B_RNA,-0.0030849543400108814
FLOT2_RNA,-0.0030851277988404036
DYRK1A_RNA,-0.0030855564400553703
SNORD115-40_RNA,-0.003085658885538578
RAB30_RNA,-0.0030871799681335688
SIRT2_RNA,-0.0030894612427800894
ZNF155_RNA,-0.003089495236054063
DDHD2_RNA,-0.0030898088589310646
DNAJB2_RNA,-0.0030905583407729864
BDKRB1_RNA,-0.003092498518526554
AVL9_RNA,-0.003092612139880657
HTR1B_RNA,-0.003096682718023658
PMP22_RNA,-0.003097585868090391
TXNRD2_RNA,-0.003102542832493782
SLCO4C1_RNA,-0.0031030303798615932
GOLGA7_RNA,-0.0031036818400025368
ITGB1BP1_RNA,-0.0031047360971570015
NUP54_RNA,-0.0031057207379490137
IFIT5_RNA,-0.003106128191575408
CXCR5_RNA,-0.0031063840724527836
VAMP8_RNA,-0.0031085722148418427
EGOT_RNA,-0.003108605043962598
ADAM33_RNA,-0.0031090350821614265
RIMS3_RNA,-0.0031103817746043205
CNNM3_RNA,-0.003111152211204171
MIA3_RNA,-0.003113572718575597
TFG_RNA,-0.003115125000476837
LIN7B_RNA,-0.0031156204640865326
MAGEC2_RNA,-0.0031161170918494463
PDE6G_RNA,-0.003116272622719407
LIMD1_RNA,-0.0031170956790447235
SNORD114-15_RNA,-0.003119317116215825
GALE_RNA,-0.0031204805709421635
KIAA0408_RNA,-0.00312091875821352
RASGEF1B_RNA,-0.0031209916342049837
TMEM106A_RNA,-0.0031230240128934383
CKM_RNA,-0.0031243825796991587
MRPL23_RNA,-0.0031249362509697676
TTLL9_RNA,-0.00312534486874938
GRIN3A_RNA,-0.003125974675640464
EVL_RNA,-0.003129543038085103
RELL1_RNA,-0.003130001714453101
ZNF300_RNA,-0.003130394034087658
HOXB6_RNA,-0.0031304932199418545
CCDC3_RNA,-0.0031305921729654074
VIL1_RNA,-0.0031308396719396114
CYB5R2_RNA,-0.0031323058065027
RFX2_RNA,-0.0031344806775450706
ARRDC5_RNA,-0.0031353665981441736
ACP5_RNA,-0.0031356513500213623
DET1_RNA,-0.0031367887277156115
ZNF763_RNA,-0.0031383547466248274
SOCS1_RNA,-0.0031388921197503805
CDKN2D_RNA,-0.0031426791101694107
PGLYRP2_RNA,-0.003142877481877804
TPM2_RNA,-0.0031432847026735544
CCDC93_RNA,-0.0031447578221559525
COPS8_RNA,-0.0031453054398298264
PPP1R14C_RNA,-0.0031453724950551987
DIP2B_RNA,-0.003149197204038501
FAAH_RNA,-0.0031497501768171787
LBX2_RNA,-0.0031542330980300903
LUC7L2_RNA,-0.003154727863147855
ZNF680_RNA,-0.0031548147089779377
DOCK7_RNA,-0.0031550899147987366
AMMECR1_RNA,-0.003156424965709448
PPME1_RNA,-0.0031573381274938583
TOB1_RNA,-0.0031580175273120403
KLHL17_RNA,-0.0031587090343236923
EIF5B_RNA,-0.003159194253385067
DPYSL2_RNA,-0.003159881802275777
GDF3_RNA,-0.0031608403660357
CBFA2T2_RNA,-0.003161336062476039
NCF4_RNA,-0.003162468783557415
ABT1_RNA,-0.003164328169077635
ARPC1B_RNA,-0.003164480207487941
IL10RB_RNA,-0.003164934925734997
THOC6_RNA,-0.0031652450561523438
SPACA4_RNA,-0.0031663402915000916
PRKAB2_RNA,-0.0031666250433772802
C7orf33_RNA,-0.003171744989231229
NCOR1_RNA,-0.0031720586121082306
SNX12_RNA,-0.0031730851624161005
MDN1_RNA,-0.003173102391883731
POU3F2_RNA,-0.0031731794588267803
KCNK17_RNA,-0.003175086807459593
MTSS1_RNA,-0.003177087986841798
DTWD2_RNA,-0.0031774069648236036
ARMC1_RNA,-0.003177956212311983
PARS2_RNA,-0.0031785794999450445
CNR2_RNA,-0.0031790323555469513
ZNF273_RNA,-0.0031803844030946493
DNAJC18_RNA,-0.0031818354036659002
CEP250_RNA,-0.0031826510094106197
EVPL_RNA,-0.0031838726717978716
NMNAT1_RNA,-0.003184151602908969
ACTN2_RNA,-0.0031857488211244345
GMEB2_RNA,-0.0031861676834523678
EGFL6_RNA,-0.00318619585596025
TRIM34_RNA,-0.0031888228841125965
BATF2_RNA,-0.003189802635461092
ZNF644_RNA,-0.003190451068803668
EPB41L1_RNA,-0.0031915309373289347
ITIH1_RNA,-0.0031923241913318634
IGFL2_RNA,-0.003194183809682727
RAD9B_RNA,-0.0031950429547578096
SOX4_RNA,-0.003196841338649392
TRPV6_RNA,-0.003197066718712449
TMEM170B_RNA,-0.003198155900463462
OSR2_RNA,-0.003199448110535741
MTG1_RNA,-0.0032025063410401344
COX7A2_RNA,-0.003202873282134533
BRMS1L_RNA,-0.003203265368938446
PRICKLE4_RNA,-0.0032041468657553196
LTB_RNA,-0.00320677412673831
STK25_RNA,-0.0032072977628558874
GPR78_RNA,-0.003208285430446267
LRTM1_RNA,-0.0032083068508654833
GNG4_RNA,-0.0032087431754916906
ATP6V0D2_RNA,-0.0032095585484057665
FAM9B_RNA,-0.0032098465599119663
CCNH_RNA,-0.0032099850941449404
MTMR7_RNA,-0.003210155526176095
UTF1_RNA,-0.0032114062923938036
CNOT10_RNA,-0.003213550429791212
CSTF3_RNA,-0.0032139532268047333
CD8A_RNA,-0.0032159967813640833
SYTL1_RNA,-0.0032168857287615538
HS1BP3_RNA,-0.003216969780623913
MAPK11_RNA,-0.0032172799110412598
MCOLN3_RNA,-0.003218837548047304
ODF2_RNA,-0.003220492973923683
CCT5_RNA,-0.003220594022423029
B3GNT2_RNA,-0.0032215770334005356
KCNV2_RNA,-0.003222037572413683
EEFSEC_RNA,-0.0032220971770584583
SNX20_RNA,-0.003223518608137965
LY6G5B_RNA,-0.0032247656490653753
INSL3_RNA,-0.003224998712539673
TTLL10_RNA,-0.0032270855735987425
RPS6KC1_RNA,-0.003229901660233736
GPR143_RNA,-0.003230398753657937
NDFIP2_RNA,-0.0032332974951714277
LCK_RNA,-0.003235475393012166
CFLAR_RNA,-0.003237181343138218
PIM3_RNA,-0.0032378584146499634
AGXT_RNA,-0.0032380481716245413
AQP2_RNA,-0.003239025129005313
CFHR5_RNA,-0.003239439567551017
SSBP4_RNA,-0.003240428399294615
AKAP10_RNA,-0.003240870777517557
SP9_RNA,-0.003242302220314741
CALR3_RNA,-0.003242811420932412
LGALS3_RNA,-0.003244353923946619
TBX6_RNA,-0.0032460414804518223
MIR554_RNA,-0.003246329026296735
LTK_RNA,-0.0032470100559294224
PDCD2L_RNA,-0.0032478882931172848
APOBEC3G_RNA,-0.0032490091398358345
ALDH8A1_RNA,-0.003249273868277669
DEAF1_RNA,-0.0032495749182999134
ZNF107_RNA,-0.003249997505918145
MAEL_RNA,-0.0032549335155636072
ADIPOQ_RNA,-0.003255379619076848
KCTD18_RNA,-0.0032562522683292627
PTGER4_RNA,-0.003256819676607847
PGAP1_RNA,-0.003257123054936528
ZBTB8B_RNA,-0.003258489305153489
SAMD4A_RNA,-0.0032622027210891247
NKPD1_RNA,-0.0032663445454090834
UBP1_RNA,-0.0032669275533407927
LYSMD1_RNA,-0.0032676535192877054
LOC284798_RNA,-0.003268522908911109
PNLDC1_RNA,-0.0032687485218048096
ZNF33B_RNA,-0.0032698160503059626
CMAS_RNA,-0.0032701482996344566
ZNF222_RNA,-0.003270490560680628
TNFAIP8L2_RNA,-0.003272986738011241
BEND5_RNA,-0.0032756549771875143
CHAT_RNA,-0.0032762507908046246
TCEANC_RNA,-0.00327722798101604
ELMOD2_RNA,-0.003277780255302787
EPS8L2_RNA,-0.0032789071556180716
ENTHD1_RNA,-0.003279544413089752
GUCA1B_RNA,-0.003280429635196924
FAM83C_RNA,-0.00328047969378531
ZNF524_RNA,-0.0032821963541209698
PKD2L2_RNA,-0.003282258054241538
FXYD2_RNA,-0.0032839467748999596
PNN_RNA,-0.003284943290054798
ZNF41_RNA,-0.003286460880190134
IRF2_RNA,-0.003287341445684433
NKRF_RNA,-0.003288784995675087
TRPC7_RNA,-0.003289084881544113
STIM2_RNA,-0.0032893528696149588
LYZL4_RNA,-0.003289490006864071
ZNF141_RNA,-0.0032897000201046467
ELP2_RNA,-0.0032902671955525875
PPP2R2A_RNA,-0.0032907777931541204
NUFIP1_RNA,-0.0032920511439442635
DIDO1_RNA,-0.00329218665137887
GCM2_RNA,-0.003292219014838338
CAPZA3_RNA,-0.0032938257791101933
ICA1L_RNA,-0.0032952071633189917
DAPK3_RNA,-0.003297447692602873
CLDN18_RNA,-0.0032980048563331366
GPR142_RNA,-0.0032986353617161512
COG6_RNA,-0.0032996174413710833
AGR3_RNA,-0.0033038330730050802
CRYBB1_RNA,-0.00330449640750885
ATP1B4_RNA,-0.0033048675395548344
RBPJL_RNA,-0.003305694554001093
PF4V1_RNA,-0.0033087616320699453
PPP2CA_RNA,-0.003309519262984395
RNF103_RNA,-0.0033101399894803762
BAIAP2L1_RNA,-0.003310878062620759
MAPK12_RNA,-0.003311824519187212
AEBP2_RNA,-0.0033147879876196384
PRPH2_RNA,-0.0033155300188809633
RNF115_RNA,-0.0033157397992908955
FCRL3_RNA,-0.003316774033010006
JPH2_RNA,-0.0033178653102368116
TRPV2_RNA,-0.0033197959419339895
KRTAP1-5_RNA,-0.0033209295943379402
MCHR2_RNA,-0.0033210294786840677
SLC2A2_RNA,-0.0033215549774467945
LDLRAD3_RNA,-0.003323623910546303
OSCAR_RNA,-0.0033248914405703545
SRF_RNA,-0.0033254290465265512
BRDT_RNA,-0.003326460486277938
ACTB_RNA,-0.003327391343191266
TSC22D2_RNA,-0.0033279999624937773
CUL4A_RNA,-0.0033282488584518433
MAGEC3_RNA,-0.0033292516600340605
ZNF57_RNA,-0.003330421634018421
DTNBP1_RNA,-0.003335662418976426
DNAJC6_RNA,-0.003336162306368351
DDX59_RNA,-0.0033371716272085905
OR2AT4_RNA,-0.003341503208503127
CD3D_RNA,-0.0033417432568967342
ATF4_RNA,-0.0033433730714023113
TIGD1_RNA,-0.0033436636440455914
TMCO6_RNA,-0.0033438492100685835
RGS17_RNA,-0.0033443772699683905
OSBPL1A_RNA,-0.00334543501958251
RPSA_RNA,-0.0033458159305155277
EPC2_RNA,-0.0033510448411107063
RPS5_RNA,-0.0033530655782669783
FABP3_RNA,-0.0033534839749336243
MARK4_RNA,-0.0033571841195225716
MYBPHL_RNA,-0.0033580497838556767
TBCE_RNA,-0.0033598376903682947
SLC25A26_RNA,-0.003362140618264675
LUC7L_RNA,-0.003367052413523197
GAS2L3_RNA,-0.0033683294896036386
FATE1_RNA,-0.0033699360210448503
RBM20_RNA,-0.0033703409135341644
SIRT3_RNA,-0.003372130449861288
TFAP2D_RNA,-0.0033733565360307693
PRKAR2B_RNA,-0.0033760257065296173
UBE2Z_RNA,-0.0033765521366149187
TNFSF12_RNA,-0.003376950975507498
TBX10_RNA,-0.0033774098847061396
UBE2O_RNA,-0.0033799968659877777
PRICKLE3_RNA,-0.0033800529781728983
SNX5_RNA,-0.0033834646455943584
CNP_RNA,-0.0033837445080280304
LYN_RNA,-0.0033842490520328283
RB1_RNA,-0.0033884772565215826
AHCY_RNA,-0.003389175748452544
CYP7A1_RNA,-0.003391679609194398
ZNF226_RNA,-0.0033944202587008476
BMP8A_RNA,-0.00339573435485363
AURKC_RNA,-0.0033963052555918694
ILVBL_RNA,-0.003397915279492736
S1PR2_RNA,-0.003401135327294469
STX6_RNA,-0.003403680631890893
FNDC3A_RNA,-0.0034038512967526913
LIME1_RNA,-0.003403999377042055
PDCL3_RNA,-0.003404140705242753
TMEM44_RNA,-0.0034065362997353077
KIAA1210_RNA,-0.003407158888876438
MTMR9_RNA,-0.003409260418266058
SLC6A4_RNA,-0.0034105004742741585
CTSS_RNA,-0.0034113421570509672
RPS16_RNA,-0.0034118732437491417
ITLN1_RNA,-0.0034124276135116816
LHPP_RNA,-0.003416055114939809
ETV7_RNA,-0.0034165517427027225
SUPT5H_RNA,-0.003420050023123622
KRTAP5-1_RNA,-0.003420620458200574
TUBA3E_RNA,-0.003421268193051219
POLR1D_RNA,-0.003422799985855818
GMPPA_RNA,-0.0034235131461173296
SLC5A5_RNA,-0.0034238987136632204
LGALS4_RNA,-0.003424631431698799
CACNB1_RNA,-0.003425688249990344
SERPINA1_RNA,-0.0034257438965141773
HAUS7_RNA,-0.0034266707953065634
MYO1H_RNA,-0.0034280645195394754
MLF1_RNA,-0.003429817035794258
TEX2_RNA,-0.0034314242657274008
SETD5_RNA,-0.003432585159316659
ADCY5_RNA,-0.0034344415180385113
CPB2_RNA,-0.0034345502499490976
LPAR3_RNA,-0.003436906263232231
CPXCR1_RNA,-0.003438022453337908
HEBP2_RNA,-0.003438833635300398
TMEM135_RNA,-0.0034400271251797676
TUBE1_RNA,-0.0034418569412082434
UGCG_RNA,-0.0034452928230166435
C6orf120_RNA,-0.003445917274802923
EXT2_RNA,-0.0034476525615900755
DPY19L4_RNA,-0.003448376664891839
TTC17_RNA,-0.003448975970968604
TGFBI_RNA,-0.003449097741395235
CHIC2_RNA,-0.003449967596679926
ISL2_RNA,-0.003452882869169116
DTNB_RNA,-0.0034557690378278494
TUBB2A_RNA,-0.003457125276327133
CCR5_RNA,-0.003458252642303705
PNRC1_RNA,-0.003458308521658182
CALCA_RNA,-0.003460604464635253
SLC25A36_RNA,-0.0034616419579833746
CUL4B_RNA,-0.0034635416232049465
MSH5_RNA,-0.003464673412963748
CLK2_RNA,-0.0034666138235479593
PPM1A_RNA,-0.0034694161731749773
AATF_RNA,-0.00346988788805902
ST3GAL3_RNA,-0.003473190125077963
ICAM1_RNA,-0.003474000608548522
PIGZ_RNA,-0.0034766928292810917
FOXP1_RNA,-0.003476787591353059
HHIPL2_RNA,-0.0034794879611581564
VPS45_RNA,-0.0034797992557287216
LMNB2_RNA,-0.0034798767883330584
WDR89_RNA,-0.003479889826849103
SLC7A7_RNA,-0.0034799701534211636
TNNI2_RNA,-0.003480498446151614
MDP1_RNA,-0.003481406718492508
CDC42EP1_RNA,-0.0034814407117664814
NUAK1_RNA,-0.003482694271951914
MSTO1_RNA,-0.003483182517811656
MYOT_RNA,-0.0034832987003028393
POLI_RNA,-0.003484017914161086
UMODL1_RNA,-0.003484564833343029
KIR2DL4_RNA,-0.0034852458629757166
STAT3_RNA,-0.0034859159495681524
SENP5_RNA,-0.0034860221203416586
KRT14_RNA,-0.0034883141051977873
ASB2_RNA,-0.0034884584601968527
PARP8_RNA,-0.003489231923595071
PTCD1_RNA,-0.003490285249426961
TMTC3_RNA,-0.0034911632537841797
ANKRD13A_RNA,-0.003491207491606474
CLK1_RNA,-0.003492034040391445
TRA2A_RNA,-0.0034926815424114466
BIK_RNA,-0.003493692260235548
PDE6A_RNA,-0.003495114855468273
TNFSF15_RNA,-0.0034952738787978888
PTGER1_RNA,-0.0034966932144016027
DOT1L_RNA,-0.0034985970705747604
PCP2_RNA,-0.0034999637864530087
SH3BGRL3_RNA,-0.0035036951303482056
MIR563_RNA,-0.003505442524328828
KCNA7_RNA,-0.003505546599626541
C1orf216_RNA,-0.003506169654428959
TMEM201_RNA,-0.0035072481259703636
ZSCAN5A_RNA,-0.0035073438193649054
CYTH1_RNA,-0.0035073813050985336
ATG4A_RNA,-0.003507565939798951
KIAA1217_RNA,-0.0035090481396764517
DIXDC1_RNA,-0.0035096625797450542
VASN_RNA,-0.003511328948661685
CCKAR_RNA,-0.003513320814818144
PXK_RNA,-0.0035135718062520027
ARF4_RNA,-0.0035153126809746027
PDE12_RNA,-0.0035162395797669888
DUSP8_RNA,-0.0035173394717276096
THRSP_RNA,-0.003518495475873351
BMI1_RNA,-0.003518656361848116
ISG20_RNA,-0.003522514831274748
PEPD_RNA,-0.0035234030801802874
UCHL3_RNA,-0.003523613093420863
HELZ_RNA,-0.003524048952385783
IQCG_RNA,-0.0035253651440143585
BCL2L1_RNA,-0.0035276974085718393
PUS1_RNA,-0.003529030829668045
NLRC5_RNA,-0.0035325961653143167
PAK1_RNA,-0.003533017123118043
DFFB_RNA,-0.0035337742883712053
NIF3L1_RNA,-0.003535535419359803
LRP11_RNA,-0.003535812720656395
ZC3H12D_RNA,-0.003536609932780266
MICALL1_RNA,-0.003536895615980029
RAET1G_RNA,-0.0035385943483561277
UBE2V1_RNA,-0.003538976889103651
PLA2G4C_RNA,-0.0035418986808508635
ZNF157_RNA,-0.0035433408338576555
TIFAB_RNA,-0.003543814877048135
FARP2_RNA,-0.003545554121956229
IPO4_RNA,-0.0035465704277157784
CLEC7A_RNA,-0.0035469515714794397
CDKN1B_RNA,-0.0035471701994538307
AHI1_RNA,-0.003547192784026265
TRMT5_RNA,-0.0035474798642098904
DSG4_RNA,-0.003547672415152192
PLB1_RNA,-0.003551013534888625
GALNT6_RNA,-0.003551895497366786
VPS16_RNA,-0.003553686896339059
PGAP2_RNA,-0.003553806571289897
IRF8_RNA,-0.003554203547537327
PDPN_RNA,-0.0035549269523471594
IRF4_RNA,-0.0035550668835639954
MAPRE3_RNA,-0.003555238014087081
ZNF608_RNA,-0.0035581181291490793
RFX1_RNA,-0.0035595642402768135
GCSH_RNA,-0.0035604906734079123
HOXB5_RNA,-0.003563412232324481
GLOD4_RNA,-0.003563924692571163
GPR55_RNA,-0.0035673482343554497
ADRB3_RNA,-0.0035686767660081387
CCNI2_RNA,-0.003569155465811491
NCALD_RNA,-0.003570093074813485
RABEP1_RNA,-0.0035718341823667288
TTC7B_RNA,-0.0035725992638617754
LRCH2_RNA,-0.0035729557275772095
ANP32A_RNA,-0.003574816044420004
ALKBH6_RNA,-0.003575139446184039
SNORD115-18_RNA,-0.003577206749469042
SPATA2_RNA,-0.003577994182705879
NASP_RNA,-0.0035780537873506546
EIF2AK2_RNA,-0.003578371601179242
GUCY2C_RNA,-0.0035790542606264353
CCR2_RNA,-0.0035815564915537834
PPP2R5E_RNA,-0.003581659635528922
AHRR_RNA,-0.003582354635000229
PARD6G_RNA,-0.0035844079684466124
TAP1_RNA,-0.0035866100806742907
ANO7_RNA,-0.003587407758459449
GYG2_RNA,-0.0035882422234863043
SERPINA11_RNA,-0.0035899318754673004
SLC15A5_RNA,-0.003590091597288847
EFNA1_RNA,-0.0035904247779399157
CD180_RNA,-0.0035905230324715376
RHOV_RNA,-0.0035906184930354357
KLHL22_RNA,-0.0035907665733247995
MIR668_RNA,-0.00359352701343596
TMEM30A_RNA,-0.003597804345190525
LMBRD1_RNA,-0.003599331248551607
FUT6_RNA,-0.0036015149671584368
GGA1_RNA,-0.0036030749324709177
HM13_RNA,-0.0036036078818142414
NEU3_RNA,-0.0036038043908774853
IKZF3_RNA,-0.0036048656329512596
MRPS23_RNA,-0.003605554113164544
ARHGEF18_RNA,-0.0036057012621313334
C3orf49_RNA,-0.0036073881201446056
HS3ST5_RNA,-0.003607997437939048
LAYN_RNA,-0.0036123015452176332
SOST_RNA,-0.0036136750131845474
PDP1_RNA,-0.003613775596022606
MEX3A_RNA,-0.00361424358561635
RNF14_RNA,-0.003614276647567749
ARFGEF2_RNA,-0.003615029389038682
ACP1_RNA,-0.00361593603156507
MIR382_RNA,-0.003618329530581832
C2_RNA,-0.0036197828594595194
IL32_RNA,-0.0036201956681907177
SOX12_RNA,-0.003620467847213149
TRIT1_RNA,-0.0036232243292033672
CCL28_RNA,-0.003623303957283497
SPNS2_RNA,-0.0036242466885596514
ANAPC5_RNA,-0.003624565899372101
CBX8_RNA,-0.0036246180534362793
OVCH1_RNA,-0.0036248352844268084
TPST2_RNA,-0.0036269414704293013
DRD5_RNA,-0.0036285636015236378
PEX7_RNA,-0.0036290602292865515
SLC6A3_RNA,-0.003631587838754058
CRELD1_RNA,-0.003631877014413476
EIF4A3_RNA,-0.003632429288700223
KRT83_RNA,-0.003635389031842351
MIR602_RNA,-0.0036369217559695244
ADAP1_RNA,-0.0036371368914842606
RGL4_RNA,-0.003639769274741411
PSMD12_RNA,-0.0036447227466851473
SNORD115-6_RNA,-0.00364564242772758
DES_RNA,-0.0036487882025539875
PLAC8L1_RNA,-0.0036490121856331825
APOL1_RNA,-0.0036490203347057104
NPBWR1_RNA,-0.003651378210633993
ATP8B2_RNA,-0.0036540478467941284
TTC1_RNA,-0.0036555917467921972
CXCR6_RNA,-0.003657896537333727
CD3E_RNA,-0.0036580797750502825
SLC27A5_RNA,-0.0036610900424420834
PGC_RNA,-0.0036637848243117332
SOAT1_RNA,-0.0036639682948589325
FYN_RNA,-0.0036703345831483603
UST_RNA,-0.003672753693535924
NT5DC1_RNA,-0.0036737334448844194
IKBKE_RNA,-0.0036742854863405228
ZCCHC4_RNA,-0.0036744449753314257
RIF1_RNA,-0.003675854066386819
STOX2_RNA,-0.003676949068903923
ZNF22_RNA,-0.0036780519876629114
MRPL49_RNA,-0.0036801565438508987
PTK6_RNA,-0.0036802811082452536
MED26_RNA,-0.003683337476104498
ANKRD33B_RNA,-0.0036891873460263014
BATF_RNA,-0.0036914516240358353
EIF3IP1_RNA,-0.0036929063498973846
PARP4_RNA,-0.0036939557176083326
PPP1R14D_RNA,-0.003694350365549326
CYB561_RNA,-0.00369457365013659
MNT_RNA,-0.003697257023304701
PKP4_RNA,-0.0036978356074541807
NKX6-1_RNA,-0.0036986111663281918
CTNNAL1_RNA,-0.0037023895420134068
QDPR_RNA,-0.003702737856656313
BTN3A3_RNA,-0.0037028456572443247
MIR548F3_RNA,-0.0037031471729278564
MRGPRE_RNA,-0.0037050554528832436
CXADR_RNA,-0.0037084787618368864
PLA2G2D_RNA,-0.0037092457059770823
PECR_RNA,-0.0037093553692102432
SPIRE2_RNA,-0.0037120648194104433
PRKACB_RNA,-0.0037129120901226997
HAND1_RNA,-0.003713474841788411
GTPBP2_RNA,-0.0037178026977926493
ZNF530_RNA,-0.003718949854373932
C19orf18_RNA,-0.003719072323292494
MRPL38_RNA,-0.003720046952366829
LAG3_RNA,-0.0037222732789814472
C19orf44_RNA,-0.003728168550878763
MAGEC1_RNA,-0.003729564603418112
SHROOM2_RNA,-0.00372998951934278
WSB1_RNA,-0.0037307599559426308
PUS7_RNA,-0.0037312526255846024
ZNF619_RNA,-0.003731712931767106
CD2_RNA,-0.0037320174742490053
SF3A2_RNA,-0.00373257277533412
CTNND1_RNA,-0.0037334621883928776
CD79B_RNA,-0.0037342426367104053
SMARCE1_RNA,-0.003734510624781251
LENG8_RNA,-0.003737879451364279
ADAMTS14_RNA,-0.003741730935871601
FOXP4_RNA,-0.0037419963628053665
ACOT4_RNA,-0.0037424578331410885
ZAP70_RNA,-0.003742668777704239
PITPNC1_RNA,-0.003743099281564355
WBP4_RNA,-0.0037440555170178413
ANO3_RNA,-0.003746325382962823
SYCP2L_RNA,-0.0037512469571083784
MYH4_RNA,-0.003752261633053422
KEL_RNA,-0.003753762226551771
HAUS5_RNA,-0.0037548113614320755
MCM8_RNA,-0.003754847915843129
CCBE1_RNA,-0.0037564258091151714
CT62_RNA,-0.003757371800020337
RAB42_RNA,-0.0037594696041196585
ADAM21_RNA,-0.0037599375937134027
OSBP2_RNA,-0.0037605620454996824
HIVEP2_RNA,-0.003763708518818021
AKAP8L_RNA,-0.0037642386741936207
TAF10_RNA,-0.003766404464840889
SLC4A9_RNA,-0.003766420530155301
ARRDC3_RNA,-0.003767345566302538
HTR3B_RNA,-0.0037674782797694206
DIAPH1_RNA,-0.00376788224093616
HPN_RNA,-0.0037693053018301725
ZBTB2_RNA,-0.0037695684004575014
ARMC9_RNA,-0.0037704058922827244
NDUFA10_RNA,-0.0037714438512921333
SEMA5B_RNA,-0.0037718466483056545
GPSM2_RNA,-0.0037730992771685123
CEBPG_RNA,-0.0037748164031654596
ITGB7_RNA,-0.0037751568015664816
MAP3K4_RNA,-0.003775789635255933
SGK2_RNA,-0.0037767274770885706
VPS53_RNA,-0.003776829456910491
PDCD10_RNA,-0.0037773065268993378
OR2H1_RNA,-0.0037780089769512415
TRIOBP_RNA,-0.0037786883767694235
SYNPO_RNA,-0.0037800774443894625
PHF21A_RNA,-0.003780890256166458
BZW1_RNA,-0.0037825782783329487
STMN3_RNA,-0.003783371765166521
SAMD3_RNA,-0.003789344569668174
ETV2_RNA,-0.003790829097852111
CAMK2N1_RNA,-0.0037919669412076473
PCDHB14_RNA,-0.0037953949067741632
APOC2_RNA,-0.003795458935201168
POLR1B_RNA,-0.0037961865309625864
DMRT1_RNA,-0.003796638222411275
MIR1205_RNA,-0.003805622225627303
RBP5_RNA,-0.0038141761906445026
ZBTB26_RNA,-0.0038143880665302277
SALL4_RNA,-0.003818775760009885
UBL3_RNA,-0.0038203182630240917
TMEM89_RNA,-0.0038205988239496946
TCEA2_RNA,-0.003825394669547677
SP4_RNA,-0.003826806088909507
ZNF138_RNA,-0.0038282095920294523
RAP2C_RNA,-0.0038284072652459145
PSAPL1_RNA,-0.003829776309430599
ELF2_RNA,-0.0038318445440381765
OSBPL10_RNA,-0.0038331092800945044
NR2C2_RNA,-0.0038411272689700127
SH2D2A_RNA,-0.0038414436858147383
PRPF6_RNA,-0.0038416143506765366
LSS_RNA,-0.0038425049278885126
FPGT_RNA,-0.003842826234176755
C11orf52_RNA,-0.003845229046419263
PVT1_RNA,-0.0038480395451188087
WDR4_RNA,-0.0038485804107040167
STT3A_RNA,-0.0038495531771332026
TAOK1_RNA,-0.003851726884022355
GMCL1_RNA,-0.0038521273527294397
REG1A_RNA,-0.0038566947914659977
C22orf39_RNA,-0.0038572794292122126
C11orf86_RNA,-0.0038581315893679857
KRBA2_RNA,-0.0038611029740422964
FAM76B_RNA,-0.003862154670059681
NANP_RNA,-0.003862975863739848
SH2B2_RNA,-0.003863210789859295
GNG5_RNA,-0.003863279242068529
ENPP7_RNA,-0.003863528836518526
NRM_RNA,-0.003863575868308544
IFIH1_RNA,-0.003865273902192712
STAT5B_RNA,-0.003865476232022047
PHLDA3_RNA,-0.003868173575028777
ACVR2B_RNA,-0.003868275322020054
IDI2_RNA,-0.0038700858131051064
LGALS3BP_RNA,-0.0038714047987014055
BHMT_RNA,-0.0038728348445147276
GLS_RNA,-0.0038735715206712484
SPIN4_RNA,-0.003873606910929084
ZRANB2_RNA,-0.0038746448699384928
NUP107_RNA,-0.003874674905091524
CYTH4_RNA,-0.003874746384099126
KIF2A_RNA,-0.003877983894199133
SHPK_RNA,-0.003878617426380515
THAP2_RNA,-0.0038789473474025726
AGBL4_RNA,-0.003879142925143242
MAT1A_RNA,-0.0038822125643491745
CARM1_RNA,-0.0038826081436127424
ADORA2B_RNA,-0.0038838109467178583
BRCC3_RNA,-0.003883863566443324
PPM1M_RNA,-0.003884824924170971
APOBEC3C_RNA,-0.0038865110836923122
EVI2A_RNA,-0.003889968851581216
GZMA_RNA,-0.003891209838911891
ZNF682_RNA,-0.0038915518671274185
SGSH_RNA,-0.003893353510648012
ZNF785_RNA,-0.0038940999656915665
DDX17_RNA,-0.0038944187108427286
CDCA7_RNA,-0.0038974005728960037
SLC25A30_RNA,-0.003897645277902484
DHPS_RNA,-0.0039009966421872377
CDH17_RNA,-0.0039010224863886833
ARID4B_RNA,-0.003901522606611252
APOBEC3F_RNA,-0.003905089572072029
QPCTL_RNA,-0.003907281905412674
CEACAM1_RNA,-0.003907507751137018
TFB1M_RNA,-0.003909441642463207
KIF5B_RNA,-0.003911023493856192
CSNK1E_RNA,-0.003913107793778181
NCK2_RNA,-0.003914171364158392
ZNFX1_RNA,-0.00391437066718936
MAST3_RNA,-0.003918844740837812
TMEM131_RNA,-0.003920713905245066
HES2_RNA,-0.003922056872397661
CASP8AP2_RNA,-0.003922248724848032
CBFB_RNA,-0.003922887146472931
GDAP1_RNA,-0.003922938369214535
PTPN22_RNA,-0.003923975396901369
RANBP6_RNA,-0.003924601711332798
ZNF395_RNA,-0.0039252727292478085
PCMTD1_RNA,-0.003929403610527515
PHOX2A_RNA,-0.00393076054751873
ATMIN_RNA,-0.0039312029257416725
DSG3_RNA,-0.0039322255179286
DNM1L_RNA,-0.003936361987143755
LGALS2_RNA,-0.003936755936592817
F11R_RNA,-0.003938158042728901
ZCCHC8_RNA,-0.003939176443964243
SLC23A1_RNA,-0.003941226750612259
S100A4_RNA,-0.003942127805203199
SMS_RNA,-0.003944749012589455
DHX16_RNA,-0.003947373013943434
DEFB124_RNA,-0.003948158584535122
UGT3A2_RNA,-0.003948839381337166
SNORA35_RNA,-0.003949150908738375
DPY19L1_RNA,-0.003950183745473623
OR10Q1_RNA,-0.003950292244553566
LMO7_RNA,-0.0039505562745034695
PRH1_RNA,-0.003951553720980883
TNNI3_RNA,-0.003957672510296106
TRMU_RNA,-0.003959713503718376
BCL3_RNA,-0.0039616781286895275
LIPT1_RNA,-0.003964514471590519
RPL36_RNA,-0.003964793402701616
KBTBD6_RNA,-0.003965654876083136
SCN11A_RNA,-0.003966260701417923
CNKSR3_RNA,-0.003966703079640865
PPP2R1B_RNA,-0.003967052325606346
RHEBL1_RNA,-0.003967785742133856
SLC4A1_RNA,-0.003969606012105942
ARHGAP25_RNA,-0.003970444668084383
SCRN3_RNA,-0.003975150175392628
NMI_RNA,-0.003979195840656757
COLQ_RNA,-0.003981339279562235
BOK_RNA,-0.0039815232157707214
PLA2G4B_RNA,-0.003982531372457743
HAUS2_RNA,-0.0039832135662436485
TRIP12_RNA,-0.0039833602495491505
SLC17A2_RNA,-0.003983407747000456
XRN2_RNA,-0.003985894378274679
ARPP19_RNA,-0.003986790310591459
TRAF3IP3_RNA,-0.003988894633948803
MARK1_RNA,-0.003992301411926746
AKAP5_RNA,-0.003993014805018902
KCNJ14_RNA,-0.003993205260485411
POU5F1_RNA,-0.0039975992403924465
TXK_RNA,-0.003997837193310261
C17orf100_RNA,-0.003998126368969679
CD5_RNA,-0.0040003168396651745
C6orf118_RNA,-0.004002932459115982
RNF113A_RNA,-0.00400320440530777
ACRBP_RNA,-0.004003901034593582
GPBAR1_RNA,-0.004006374627351761
RPS21_RNA,-0.004006410017609596
TMEM140_RNA,-0.00400662561878562
IPCEF1_RNA,-0.00400729151442647
GK5_RNA,-0.004007340408861637
KCNH3_RNA,-0.004012995399534702
CECR2_RNA,-0.004013162571936846
ZNF3_RNA,-0.004014349076896906
ESRP1_RNA,-0.004020949825644493
DKK4_RNA,-0.004021746572107077
MANEA_RNA,-0.00402413634583354
SGCA_RNA,-0.00402461364865303
HSD3B7_RNA,-0.0040266807191073895
PIGB_RNA,-0.00402861600741744
CHST4_RNA,-0.0040295301005244255
UHMK1_RNA,-0.0040318937972188
TAGLN2_RNA,-0.004032435826957226
TNFSF13B_RNA,-0.004033882170915604
ARL9_RNA,-0.004035686142742634
RAB2A_RNA,-0.004036183934658766
ZNF160_RNA,-0.00403687683865428
MC4R_RNA,-0.0040406170301139355
FASLG_RNA,-0.004040989559143782
CCDC157_RNA,-0.004041988402605057
GCOM1_RNA,-0.004042417276650667
CYP27A1_RNA,-0.004042958375066519
EAF1_RNA,-0.004048049449920654
FNIP1_RNA,-0.004050519783049822
SGCB_RNA,-0.00405309721827507
RPL32_RNA,-0.004053700249642134
LOC100271832_RNA,-0.004054034594446421
PATL2_RNA,-0.004054379183799028
RPP25_RNA,-0.00405662227421999
RAB3GAP2_RNA,-0.004063980653882027
COQ7_RNA,-0.0040649366565048695
ACVR2A_RNA,-0.004066923167556524
CD28_RNA,-0.004073111806064844
SH3TC2_RNA,-0.004073714837431908
PNPT1_RNA,-0.0040753441862761974
TMTC4_RNA,-0.0040762354619801044
NFYB_RNA,-0.004078561440110207
RIT1_RNA,-0.004080793354660273
CDX1_RNA,-0.004083223175257444
MTF2_RNA,-0.004087721463292837
MCPH1_RNA,-0.004087919369339943
C20orf96_RNA,-0.004088647197932005
AP3B2_RNA,-0.0040892623364925385
YTHDF3_RNA,-0.004089682828634977
TMEM126B_RNA,-0.0040900930762290955
SH3BGRL_RNA,-0.004090184811502695
KLHL8_RNA,-0.0040907408110797405
NFYA_RNA,-0.0040908860974013805
DNAJB9_RNA,-0.004091817419975996
COQ5_RNA,-0.00409620301797986
FANCF_RNA,-0.0040965331718325615
SPRR2D_RNA,-0.004096656106412411
KCNJ2_RNA,-0.004096659831702709
TCP10L_RNA,-0.004097016993910074
SERBP1_RNA,-0.004099990241229534
LY9_RNA,-0.004100637044757605
CCL5_RNA,-0.004101828671991825
KRIT1_RNA,-0.004103383049368858
SUSD1_RNA,-0.004104213789105415
FAM91A1_RNA,-0.0041047679260373116
TRIM28_RNA,-0.00410574721172452
YPEL2_RNA,-0.004107141401618719
HBG1_RNA,-0.004107191227376461
KLHDC7B_RNA,-0.004110932350158691
PPFIBP1_RNA,-0.004113169852644205
N4BP2L2_RNA,-0.004113305825740099
DUOX1_RNA,-0.0041155447252094746
SYTL2_RNA,-0.0041188872419297695
TRPM1_RNA,-0.0041193594224750996
CYP26C1_RNA,-0.0041202884167432785
SKAP1_RNA,-0.004121014382690191
ARMC2_RNA,-0.004121593199670315
STARD9_RNA,-0.004122950602322817
SOX9_RNA,-0.004124082624912262
CLN5_RNA,-0.004124772734940052
KLC3_RNA,-0.004124901723116636
ZNF394_RNA,-0.004125894047319889
MAK16_RNA,-0.004127086140215397
UCP3_RNA,-0.004131870344281197
ERAP1_RNA,-0.004133109003305435
ANKRD40_RNA,-0.004135554656386375
CXCL17_RNA,-0.004137514159083366
TNRC6B_RNA,-0.00413782661780715
MIR1827_RNA,-0.004137897863984108
NAA16_RNA,-0.0041379062458872795
CHD6_RNA,-0.004139755852520466
DTX3L_RNA,-0.004141401499509811
DOK2_RNA,-0.004141863435506821
FCHSD1_RNA,-0.004143950995057821
UTP23_RNA,-0.004144891630858183
TUBA4B_RNA,-0.004145317245274782
STAT1_RNA,-0.004147821571677923
APOL2_RNA,-0.004150244407355785
RNF111_RNA,-0.004150441847741604
ANKRD13D_RNA,-0.004151343367993832
GJD3_RNA,-0.004151947796344757
EMILIN2_RNA,-0.004154848400503397
YIPF6_RNA,-0.004156243987381458
UBQLN4_RNA,-0.004163973964750767
SERPINE3_RNA,-0.0041654580272734165
TTC23_RNA,-0.004166602157056332
DOK1_RNA,-0.004167168401181698
PROX2_RNA,-0.004168594256043434
PRKCSH_RNA,-0.004168941173702478
KCTD6_RNA,-0.004169966094195843
NEUROG3_RNA,-0.004172577988356352
ZNF554_RNA,-0.004172632936388254
ACAP1_RNA,-0.004172781948000193
HABP4_RNA,-0.0041731190867722034
CD22_RNA,-0.00417417474091053
CDC14A_RNA,-0.004177585244178772
CCDC138_RNA,-0.004178542178124189
THEMIS_RNA,-0.004178977571427822
BTD_RNA,-0.004179937299340963
OPA3_RNA,-0.0041823131032288074
RAP1GAP2_RNA,-0.004183418117463589
SLC38A6_RNA,-0.004185830242931843
SLC25A23_RNA,-0.004187681246548891
RSL24D1_RNA,-0.004187882412225008
REXO1_RNA,-0.004192812833935022
TMEM97_RNA,-0.004193443804979324
FBXO40_RNA,-0.004194232635200024
NRSN2_RNA,-0.004195193760097027
CDK3_RNA,-0.00419521564617753
TCF3_RNA,-0.0041959043592214584
SYS1-DBNDD2_RNA,-0.00419675512239337
ZNF93_RNA,-0.00419867318123579
FAM8A1_RNA,-0.004200594965368509
PITPNB_RNA,-0.004203436896204948
ARCN1_RNA,-0.004203734919428825
ATG3_RNA,-0.004214789252728224
ANKRD54_RNA,-0.004214845132082701
ASPHD2_RNA,-0.004216441418975592
XRRA1_RNA,-0.004218606278300285
MOCS2_RNA,-0.004218980669975281
SLC25A31_RNA,-0.004219932481646538
CYBRD1_RNA,-0.004220147617161274
RHOG_RNA,-0.004220541566610336
SH3BGRL2_RNA,-0.004225998651236296
SNORD117_RNA,-0.0042260754853487015
SLC22A25_RNA,-0.004228810779750347
SOX30_RNA,-0.004231472499668598
TRIM26_RNA,-0.004231613595038652
TTF2_RNA,-0.004232379142194986
TECR_RNA,-0.0042326850816607475
FN1_RNA,-0.0042357961647212505
TBC1D22A_RNA,-0.004236141685396433
BFAR_RNA,-0.004237908869981766
FXYD6_RNA,-0.0042381081730127335
EIF4EBP3_RNA,-0.004241470713168383
PSMB9_RNA,-0.004242775030434132
MAN1B1_RNA,-0.004243004135787487
FN3K_RNA,-0.004243016708642244
KLHL30_RNA,-0.0042441487312316895
PPM1D_RNA,-0.004248084034770727
RFK_RNA,-0.004249297548085451
PARP14_RNA,-0.004252867307513952
RNF146_RNA,-0.0042544216848909855
L3MBTL2_RNA,-0.004255819600075483
SLAIN2_RNA,-0.004263291601091623
DUSP18_RNA,-0.004267462529242039
ZNF582_RNA,-0.004269336815923452
ZAR1_RNA,-0.004271373152732849
WDR20_RNA,-0.004271845333278179
REPS1_RNA,-0.0042732832953333855
MLPH_RNA,-0.004274876322597265
RAB7A_RNA,-0.0042758602648973465
MIR592_RNA,-0.004278406500816345
ARMCX5_RNA,-0.0042795040644705296
HNF1B_RNA,-0.004280173685401678
ZNF443_RNA,-0.004282157402485609
PRPF38B_RNA,-0.004283226560801268
RXFP3_RNA,-0.004284929018467665
NDE1_RNA,-0.004286150448024273
POU2AF1_RNA,-0.004289280157536268
RPS6KB1_RNA,-0.004297230392694473
LMAN1L_RNA,-0.004297567065805197
FGFR1OP2_RNA,-0.004299217369407415
DCUN1D4_RNA,-0.0043008229695260525
PLD1_RNA,-0.00430163461714983
PES1_RNA,-0.004301985260099173
ZRANB3_RNA,-0.0043038660660386086
TMEM40_RNA,-0.004304049536585808
GABPB1_RNA,-0.004305756185203791
UPK2_RNA,-0.004307891707867384
KRT32_RNA,-0.004310288932174444
FXYD1_RNA,-0.0043105753138661385
TNP1_RNA,-0.004314148332923651
DHRS7C_RNA,-0.00431484542787075
USP29_RNA,-0.004319863393902779
RAD9A_RNA,-0.004325444810092449
ZNF610_RNA,-0.0043259961530566216
ZNF625_RNA,-0.004326054360717535
TRIM45_RNA,-0.004327115602791309
RNASE13_RNA,-0.004327715840190649
PIP4K2A_RNA,-0.004328365903347731
TAF5L_RNA,-0.004328598268330097
ZNF584_RNA,-0.004328784067183733
SNRNP27_RNA,-0.004330234136432409
CHIA_RNA,-0.004331276752054691
MED10_RNA,-0.004332324955612421
SLC25A17_RNA,-0.0043324376456439495
PEX19_RNA,-0.004332717973738909
ZFP30_RNA,-0.004336293786764145
GPATCH3_RNA,-0.004337237682193518
TXLNB_RNA,-0.004338386468589306
SCLY_RNA,-0.004338485654443502
LOC100130691_RNA,-0.004339502193033695
GPR160_RNA,-0.004339688457548618
GMFB_RNA,-0.0043425182811915874
PAK1IP1_RNA,-0.0043443553149700165
ZNF362_RNA,-0.004344965796917677
AKAP8_RNA,-0.00434520747512579
IL17REL_RNA,-0.004346909001469612
MED21_RNA,-0.004351199604570866
RBP4_RNA,-0.004351534880697727
SRP19_RNA,-0.004356049932539463
OPTN_RNA,-0.004357310477644205
UBE2D4_RNA,-0.004364494699984789
KIF3B_RNA,-0.004366838373243809
CHORDC1_RNA,-0.0043726712465286255
ARF6_RNA,-0.0043733674101531506
RPL7L1_RNA,-0.004375917371362448
BEST4_RNA,-0.004376402124762535
PLEK_RNA,-0.004376843571662903
HHLA2_RNA,-0.00437771063297987
TAF8_RNA,-0.004378626123070717
ZNF480_RNA,-0.0043800571002066135
DHDH_RNA,-0.004380600061267614
TMED5_RNA,-0.004381353501230478
GOLGA5_RNA,-0.004381936974823475
SETMAR_RNA,-0.004383868537843227
RGPD5_RNA,-0.004384305328130722
RASD2_RNA,-0.004385659005492926
TMEM14B_RNA,-0.004388213157653809
RPL13AP5_RNA,-0.004390369169414043
ACBD5_RNA,-0.004390784539282322
SLC16A1_RNA,-0.0043939766474068165
SFI1_RNA,-0.004395520314574242
RAB10_RNA,-0.004396175034344196
STT3B_RNA,-0.004396761301904917
SP140_RNA,-0.004405945539474487
GREB1_RNA,-0.00440665939822793
FFAR3_RNA,-0.004407856613397598
VMAC_RNA,-0.004408260341733694
HDAC5_RNA,-0.0044101024977862835
ACMSD_RNA,-0.004411446396261454
TMEM88B_RNA,-0.004412975162267685
MTRF1_RNA,-0.004413265734910965
CDC5L_RNA,-0.004413324408233166
DYNLT1_RNA,-0.004414928611367941
ACRV1_RNA,-0.004415858071297407
PRKD2_RNA,-0.004417778924107552
KCNK6_RNA,-0.004421738907694817
KPNA3_RNA,-0.0044291275553405285
MUCL1_RNA,-0.004429357126355171
TFPT_RNA,-0.0044296542182564735
ALAS1_RNA,-0.004432905465364456
MSH6_RNA,-0.0044348714873194695
ACOT8_RNA,-0.00443501491099596
CCDC27_RNA,-0.004435102920979261
TPD52L2_RNA,-0.004436277784407139
CORO1C_RNA,-0.0044392431154847145
IL20_RNA,-0.004439380019903183
DBNDD2_RNA,-0.004442654550075531
USP21_RNA,-0.004442764446139336
APOL6_RNA,-0.004444301128387451
MIR659_RNA,-0.004444721154868603
ZCCHC3_RNA,-0.004446252714842558
MYL9_RNA,-0.004448154009878635
SNX27_RNA,-0.004448933061212301
FRK_RNA,-0.004449526779353619
MIR324_RNA,-0.004456417169421911
SCAI_RNA,-0.00445776991546154
TIA1_RNA,-0.004458141978830099
MIR485_RNA,-0.004458674695342779
DGCR5_RNA,-0.00445902394130826
NAPG_RNA,-0.004459254443645477
UBE2L3_RNA,-0.004459930583834648
GIT1_RNA,-0.004463204648345709
CISH_RNA,-0.004465742036700249
ETNK1_RNA,-0.004467438906431198
GCH1_RNA,-0.0044678328558802605
PROX1_RNA,-0.004470010753720999
BHLHA9_RNA,-0.004472806118428707
GRHL2_RNA,-0.004473292734473944
AUTS2_RNA,-0.004473310429602861
ANKRD49_RNA,-0.0044783903285861015
EIF3G_RNA,-0.004478540737181902
TTLL3_RNA,-0.004478641785681248
PLEKHN1_RNA,-0.0044791060499846935
MIR379_RNA,-0.004481833428144455
GZMM_RNA,-0.0044845398515462875
LRRC57_RNA,-0.004487623926252127
PANK3_RNA,-0.004488418810069561
FAM124A_RNA,-0.004488545004278421
PTPN7_RNA,-0.004489660728722811
COL6A1_RNA,-0.004489869810640812
ESRP2_RNA,-0.00449068658053875
ZNF211_RNA,-0.004490887280553579
RBM4B_RNA,-0.004492499865591526
DCUN1D3_RNA,-0.004492563661187887
OR52I1_RNA,-0.004494282882660627
TFEB_RNA,-0.004494480323046446
ATL1_RNA,-0.00449615903198719
CD40_RNA,-0.004503126721829176
QTRT1_RNA,-0.004507590085268021
IKBIP_RNA,-0.004510485101491213
ZNF283_RNA,-0.004514187108725309
SNX14_RNA,-0.00451637152582407
GUF1_RNA,-0.004517061170190573
CARD8_RNA,-0.004517714027315378
FRMD7_RNA,-0.004517838824540377
VPS33A_RNA,-0.004517840221524239
C4orf46_RNA,-0.004523070063441992
LYRM7_RNA,-0.004524485673755407
PUS10_RNA,-0.004525850526988506
LZTFL1_RNA,-0.0045265089720487595
PIK3AP1_RNA,-0.004528602119535208
RBM18_RNA,-0.004529566038399935
FAM83B_RNA,-0.00453094020485878
BCKDHA_RNA,-0.004531346261501312
SCOC_RNA,-0.004532376304268837
MRPS24_RNA,-0.004535192623734474
CKLF_RNA,-0.0045366426929831505
CALML4_RNA,-0.004536791238933802
TIGIT_RNA,-0.004537345841526985
MYO1E_RNA,-0.004538810346275568
OXNAD1_RNA,-0.004539192654192448
ZNF793_RNA,-0.00454008998349309
WNT6_RNA,-0.004541248083114624
HECA_RNA,-0.004541787318885326
SLFN12L_RNA,-0.0045420927926898
TADA2A_RNA,-0.004545219708234072
ZNF684_RNA,-0.004548526834696531
KCNK12_RNA,-0.004549296572804451
ARMC10_RNA,-0.004549794364720583
YOD1_RNA,-0.0045519606210291386
TAPT1_RNA,-0.00455717695876956
WNT2B_RNA,-0.004558686167001724
CNOT7_RNA,-0.004559035412967205
TRMT2A_RNA,-0.004560866858810186
SP100_RNA,-0.0045620109885931015
ZNF621_RNA,-0.0045668259263038635
PHF5A_RNA,-0.004566858988255262
GPR149_RNA,-0.0045683919452130795
HSPA7_RNA,-0.004570535849779844
EEF2_RNA,-0.0045708222314715385
RTN2_RNA,-0.004571319092065096
MATK_RNA,-0.004573169630020857
MAP2K1_RNA,-0.004576054401695728
ZGLP1_RNA,-0.0045801498927176
UAP1L1_RNA,-0.004585320595651865
SPATA22_RNA,-0.0045857373625040054
ADAM17_RNA,-0.004587510135024786
CRTC2_RNA,-0.0045908489264547825
ALKBH5_RNA,-0.004593390040099621
FKBP9_RNA,-0.0045955791138112545
IRF1_RNA,-0.004596006590873003
FUCA2_RNA,-0.004596843384206295
PPWD1_RNA,-0.0045969863422214985
STK3_RNA,-0.004599332343786955
CCNI_RNA,-0.004601146560162306
FGF18_RNA,-0.004602477885782719
NDUFAF4_RNA,-0.004603209905326366
RANGAP1_RNA,-0.004603374283760786
SP140L_RNA,-0.004606396891176701
SH3BP4_RNA,-0.004609556403011084
ZFP37_RNA,-0.004611544776707888
CEACAM19_RNA,-0.00461164815351367
ZNF23_RNA,-0.004614625591784716
HEMK1_RNA,-0.0046178740449249744
IRAK4_RNA,-0.004622079897671938
SH3BP1_RNA,-0.00462409807369113
FBXO22_RNA,-0.004626206588000059
PGPEP1_RNA,-0.004627899266779423
P2RY10_RNA,-0.004628010559827089
UBE2E1_RNA,-0.0046284981071949005
DEXI_RNA,-0.004628862254321575
RSRC2_RNA,-0.004629901610314846
FSCN1_RNA,-0.004633556120097637
LRIG2_RNA,-0.00463503785431385
ZBTB11_RNA,-0.004635987337678671
BFSP2_RNA,-0.0046362075954675674
SNX11_RNA,-0.00463833287358284
MSL3_RNA,-0.004638753831386566
CLEC3B_RNA,-0.004641118459403515
LPCAT4_RNA,-0.004642367362976074
RNF185_RNA,-0.004646689165383577
NHLRC3_RNA,-0.004648519214242697
SERGEF_RNA,-0.004650067072361708
DCAF6_RNA,-0.004653540905565023
GPHA2_RNA,-0.00465472461655736
CSRP3_RNA,-0.004658335354179144
TCF20_RNA,-0.004659969359636307
OSBPL9_RNA,-0.004667096771299839
TGFB1I1_RNA,-0.004670831840485334
TRPV1_RNA,-0.004671146627515554
C10orf55_RNA,-0.004671228118240833
ZCCHC17_RNA,-0.004676722455769777
EIF6_RNA,-0.004686132539063692
S100A11_RNA,-0.004688553046435118
MIR326_RNA,-0.004688926972448826
CHIC1_RNA,-0.004689532332122326
SPATA13_RNA,-0.004690108820796013
CAPN3_RNA,-0.004691437352448702
SMARCAL1_RNA,-0.0046941558830440044
GNG8_RNA,-0.004694483242928982
CTTN_RNA,-0.004694830160588026
PRMT2_RNA,-0.004701288416981697
TSPO2_RNA,-0.004701745230704546
FGF23_RNA,-0.004701812285929918
PTGER3_RNA,-0.004703568760305643
BHLHA15_RNA,-0.004707895219326019
SLC30A9_RNA,-0.004708963446319103
RGL1_RNA,-0.004709096625447273
SLC25A46_RNA,-0.004709640983492136
ANKRD39_RNA,-0.0047111911699175835
UBQLN3_RNA,-0.004711748566478491
DNAH17_RNA,-0.0047142961993813515
WFDC2_RNA,-0.004715638235211372
CCNYL1_RNA,-0.004720463417470455
SNORD115-31_RNA,-0.004723704420030117
FKBP11_RNA,-0.004724292550235987
CPEB1_RNA,-0.00472597312182188
LDLRAP1_RNA,-0.004726093262434006
PPDPF_RNA,-0.004727111663669348
LRRC14B_RNA,-0.0047279708087444305
ICOS_RNA,-0.004728213418275118
PRG2_RNA,-0.004731058608740568
PANX1_RNA,-0.004731116816401482
INSIG2_RNA,-0.004735116846859455
CEPT1_RNA,-0.004735790193080902
STK39_RNA,-0.004735913593322039
NUS1_RNA,-0.004737354815006256
OR51I2_RNA,-0.004737383686006069
LPAR2_RNA,-0.004739067051559687
AP1S3_RNA,-0.004740395117551088
EFHB_RNA,-0.004740966949611902
SCHIP1_RNA,-0.004741442855447531
LRRIQ3_RNA,-0.00474552670493722
ZNF704_RNA,-0.004746009595692158
PARP12_RNA,-0.004748465493321419
RFPL3_RNA,-0.004752448294311762
ADNP_RNA,-0.004752859007567167
LAX1_RNA,-0.004753753077238798
MIR346_RNA,-0.00475475937128067
IRF9_RNA,-0.004757278133183718
GATAD1_RNA,-0.004759128205478191
ZSWIM1_RNA,-0.004762197379022837
PRKAA1_RNA,-0.004762483295053244
CD3G_RNA,-0.004764501936733723
MFGE8_RNA,-0.004767374601215124
TRIM37_RNA,-0.004767566453665495
YWHAQ_RNA,-0.004767806734889746
TRAK2_RNA,-0.0047680833376944065
CERCAM_RNA,-0.00476918974891305
SPIB_RNA,-0.004769748076796532
TP63_RNA,-0.004772033076733351
LRRC66_RNA,-0.004772914573550224
CD27_RNA,-0.004773705266416073
OR3A3_RNA,-0.00477612717077136
FAM174B_RNA,-0.0047796983271837234
TMCO5A_RNA,-0.004781736526638269
LSP1_RNA,-0.004786138888448477
SUGT1_RNA,-0.004786434583365917
SLC39A3_RNA,-0.004786805249750614
GAB4_RNA,-0.004789477679878473
TAF11_RNA,-0.004792467225342989
YPEL1_RNA,-0.00479327654466033
CCDC43_RNA,-0.004797724075615406
IL4I1_RNA,-0.004798519425094128
TAS2R7_RNA,-0.004803605377674103
RAPSN_RNA,-0.0048056067898869514
MIR558_RNA,-0.004805720876902342
LAS1L_RNA,-0.004808042198419571
WIPF1_RNA,-0.004808446858078241
MIR1249_RNA,-0.004809985402971506
C18orf54_RNA,-0.004811371676623821
GINS1_RNA,-0.004812104627490044
FSHB_RNA,-0.004815883934497833
AIG1_RNA,-0.004816622473299503
CCDC125_RNA,-0.00481833703815937
KRAS_RNA,-0.004820342641323805
CEACAM20_RNA,-0.004820702131837606
DOK5_RNA,-0.00482071191072464
CD6_RNA,-0.004820975009351969
MIR551A_RNA,-0.004825890995562077
VN1R1_RNA,-0.004825986456125975
TCFL5_RNA,-0.004827638156712055
ZNF552_RNA,-0.0048278504982590675
ZNF660_RNA,-0.0048291957937181
LY75_RNA,-0.0048296088352799416
ADCK1_RNA,-0.004830159712582827
IRF2BP2_RNA,-0.0048304651863873005
PARVB_RNA,-0.004831716883927584
PTCD3_RNA,-0.004832780919969082
TNFRSF9_RNA,-0.004836947191506624
ARFGAP3_RNA,-0.004838317632675171
SLC44A4_RNA,-0.004839474800974131
PALLD_RNA,-0.004839668981730938
CLIC1_RNA,-0.004845631308853626
PWP1_RNA,-0.004845953080803156
TRIM68_RNA,-0.004848941694945097
REG1B_RNA,-0.004849588964134455
FNTA_RNA,-0.004849761724472046
TTLL12_RNA,-0.004850168712437153
NANOG_RNA,-0.004850482102483511
CHCHD6_RNA,-0.004850523080676794
SLC38A9_RNA,-0.004851239733397961
SF3B5_RNA,-0.004852399695664644
TSPYL4_RNA,-0.004858417436480522
ZNF268_RNA,-0.004859630484133959
TP53INP1_RNA,-0.004859959241002798
CWF19L2_RNA,-0.004861438646912575
TNNI1_RNA,-0.004861564375460148
CAPG_RNA,-0.004862217698246241
NHEJ1_RNA,-0.00486507685855031
PSMA6_RNA,-0.004865539725869894
NDUFA9_RNA,-0.004874516744166613
MIR655_RNA,-0.004876211751252413
FAM167B_RNA,-0.004876377992331982
PAFAH1B3_RNA,-0.004877710249274969
SNX15_RNA,-0.004880622960627079
GRAMD1A_RNA,-0.004881143104285002
PSTPIP2_RNA,-0.004883429501205683
USP25_RNA,-0.00488400598987937
CD52_RNA,-0.0048841978423297405
FAM117A_RNA,-0.004886004142463207
APPBP2_RNA,-0.004888379946351051
BCLAF1_RNA,-0.00489101791754365
NKG7_RNA,-0.004891077522188425
PHC3_RNA,-0.004893118981271982
ZNF337_RNA,-0.0048936777748167515
SMARCC1_RNA,-0.004897688515484333
CHFR_RNA,-0.004898231942206621
GMEB1_RNA,-0.004898246377706528
PAX4_RNA,-0.004899203777313232
PFN1_RNA,-0.004900104366242886
NUP50_RNA,-0.004900824278593063
ENPP3_RNA,-0.004901406355202198
CPZ_RNA,-0.004905622452497482
CD247_RNA,-0.004912097007036209
RBM26_RNA,-0.004912982694804668
SLC4A1AP_RNA,-0.004917892161756754
CHKB_RNA,-0.004918666090816259
HSPA13_RNA,-0.004922879859805107
SYT10_RNA,-0.004927732516080141
PRPS2_RNA,-0.004929307848215103
C22orf42_RNA,-0.004930734634399414
RRP8_RNA,-0.004932999610900879
PTDSS2_RNA,-0.004933420103043318
ASCL2_RNA,-0.00493415305390954
SPZ1_RNA,-0.004934402648359537
ZNF823_RNA,-0.004942745435982943
JMJD6_RNA,-0.004944832995533943
ZNF784_RNA,-0.004945580847561359
HCFC2_RNA,-0.004946202039718628
SYNJ2_RNA,-0.0049467128701508045
ZNF749_RNA,-0.004946764558553696
DYNLT3_RNA,-0.004947145469486713
WFDC5_RNA,-0.004948378540575504
EIF4E3_RNA,-0.004954134114086628
MC2R_RNA,-0.004954757168889046
C16orf87_RNA,-0.004954758565872908
NAA50_RNA,-0.004957242403179407
SGCG_RNA,-0.00496243592351675
PTPN21_RNA,-0.004975282587110996
TMEM65_RNA,-0.004978010430932045
FBXO10_RNA,-0.004979842808097601
FBXO7_RNA,-0.004981513135135174
OOEP_RNA,-0.004987908527255058
PYGO1_RNA,-0.004989931359887123
DHDDS_RNA,-0.004990836605429649
CYP20A1_RNA,-0.004994492046535015
RANBP9_RNA,-0.004994742106646299
RAB32_RNA,-0.0049958848394453526
RUFY4_RNA,-0.005001991521567106
RBL1_RNA,-0.005003319587558508
AIPL1_RNA,-0.0050129154697060585
STAP1_RNA,-0.00501330615952611
RPE_RNA,-0.0050164093263447285
RINL_RNA,-0.005019131116569042
TMEM33_RNA,-0.0050225150771439075
NCCRP1_RNA,-0.005024730693548918
ANKHD1_RNA,-0.005024849437177181
ARL8B_RNA,-0.005025248508900404
LTV1_RNA,-0.0050304243341088295
OR1B1_RNA,-0.005031364504247904
TAC4_RNA,-0.005032079294323921
ZNF780A_RNA,-0.005036475136876106
GOLT1B_RNA,-0.005036511458456516
MTRF1L_RNA,-0.005037805996835232
PLAU_RNA,-0.00503903441131115
PATZ1_RNA,-0.0050411405973136425
SPN_RNA,-0.005042176228016615
ITGB1BP2_RNA,-0.005045717116445303
TNFRSF10A_RNA,-0.005047386512160301
STAP2_RNA,-0.005048972554504871
KLHL24_RNA,-0.0050517418421804905
COX6A2_RNA,-0.005053545348346233
ANTXRL_RNA,-0.005058108363300562
B3GNT8_RNA,-0.005059599876403809
CD48_RNA,-0.00506366603076458
IL15_RNA,-0.0050662122666835785
CPD_RNA,-0.0050675817765295506
FBXL12_RNA,-0.005068446043878794
RUFY3_RNA,-0.005072225816547871
HDAC9_RNA,-0.005073037929832935
PIP_RNA,-0.005073173902928829
USP12_RNA,-0.005076195113360882
OR52B2_RNA,-0.005080190487205982
MAP3K7_RNA,-0.00508130481466651
LRRC8D_RNA,-0.00508351344615221
MPL_RNA,-0.005085634533315897
VWA3B_RNA,-0.005087563302367926
HPS3_RNA,-0.0050893789157271385
RPP14_RNA,-0.00509246252477169
TACSTD2_RNA,-0.0050939517095685005
NOC2L_RNA,-0.005095828324556351
TMED2_RNA,-0.005097812972962856
OR1L6_RNA,-0.005098618566989899
XAB2_RNA,-0.0051009380258619785
GRM6_RNA,-0.005101274698972702
DDB2_RNA,-0.005101531744003296
TMEM41B_RNA,-0.00510190287604928
IL26_RNA,-0.005102271679788828
CYP4F22_RNA,-0.005105309654027224
RNF125_RNA,-0.005106497090309858
HMG20B_RNA,-0.0051088943146169186
ACTL6A_RNA,-0.005111050792038441
CMTM6_RNA,-0.0051129949279129505
ZFP1_RNA,-0.005114019848406315
MYO9B_RNA,-0.005119150038808584
BNIP3L_RNA,-0.0051210555247962475
ZNF547_RNA,-0.005122625268995762
ACSBG2_RNA,-0.005122907925397158
ZNF433_RNA,-0.00512688746675849
GJB7_RNA,-0.0051277377642691135
DNAJB4_RNA,-0.005130913574248552
ZDHHC9_RNA,-0.00513628451153636
PROKR2_RNA,-0.005136777646839619
ERGIC2_RNA,-0.005137285217642784
ZNF136_RNA,-0.005141265224665403
ATP6V1C2_RNA,-0.005142424255609512
ZNF835_RNA,-0.005144689232110977
HCG18_RNA,-0.00514712929725647
RYBP_RNA,-0.005149467382580042
GTPBP8_RNA,-0.005150039680302143
MOV10L1_RNA,-0.0051547265611588955
ZBTB7A_RNA,-0.005155480466783047
TM4SF5_RNA,-0.0051560355350375175
KLHL38_RNA,-0.005161738488823175
INSM2_RNA,-0.0051653264090418816
SMAD7_RNA,-0.005166734103113413
SLC17A9_RNA,-0.005166899412870407
OTOA_RNA,-0.005173603072762489
RFPL3S_RNA,-0.005176084581762552
SRMS_RNA,-0.005181904882192612
CTRB1_RNA,-0.005187779199331999
HBM_RNA,-0.005189079791307449
ARL4C_RNA,-0.005189343821257353
TAL2_RNA,-0.0051924544386565685
TPRG1_RNA,-0.005193034186959267
VSIG1_RNA,-0.005193714518100023
TPMT_RNA,-0.005195205565541983
ZSCAN12_RNA,-0.005197915248572826
ZNF496_RNA,-0.005204599350690842
ZNF227_RNA,-0.005212096497416496
TCEA1_RNA,-0.005217039957642555
STAU2_RNA,-0.0052244458347558975
PET117_RNA,-0.005226397421211004
GPR180_RNA,-0.005227463785558939
DBR1_RNA,-0.005228098016232252
CPN2_RNA,-0.0052282726392149925
SET_RNA,-0.005230390001088381
HMGN4_RNA,-0.0052330936305224895
RAD51C_RNA,-0.00523491483181715
GCNT4_RNA,-0.005236855708062649
HIRA_RNA,-0.005242130719125271
UPB1_RNA,-0.005244832020252943
WDR13_RNA,-0.0052523138001561165
IL18BP_RNA,-0.00525518786162138
RPRD1A_RNA,-0.005257733166217804
GALM_RNA,-0.0052582924254238605
RAD21_RNA,-0.005260045640170574
POLD3_RNA,-0.005260133650153875
KBTBD2_RNA,-0.005263814236968756
SOCS4_RNA,-0.005269957706332207
MEAF6_RNA,-0.0052701495587825775
POLG2_RNA,-0.005274007096886635
SERPINA12_RNA,-0.005274450872093439
HMGXB4_RNA,-0.005276835057884455
ZNF692_RNA,-0.0052768392488360405
HNRNPH2_RNA,-0.0052775912918150425
CTPS2_RNA,-0.0052793906070292
SLAMF1_RNA,-0.005280281882733107
TAS2R5_RNA,-0.005282826256006956
TMEM18_RNA,-0.005284471437335014
SLAMF7_RNA,-0.005285467952489853
PSMC4_RNA,-0.005286472383886576
UBE2M_RNA,-0.005287698935717344
ZCCHC9_RNA,-0.005288701504468918
CACYBP_RNA,-0.005288801155984402
ZNF845_RNA,-0.005289190914481878
ACTA1_RNA,-0.005291397217661142
ATP6V1E1_RNA,-0.0052941180765628815
ZNF772_RNA,-0.005295746494084597
RPS9_RNA,-0.005297028925269842
LIN52_RNA,-0.005297588650137186
GUCA1A_RNA,-0.0052995868027210236
ZNF140_RNA,-0.005300772376358509
BCL2L13_RNA,-0.005307500716298819
GSS_RNA,-0.005307639949023724
ZNF577_RNA,-0.005310506094247103
OXER1_RNA,-0.005312514025717974
ZBTB10_RNA,-0.0053139664232730865
ASGR2_RNA,-0.005317247472703457
ILKAP_RNA,-0.005318138748407364
DEDD2_RNA,-0.005318494513630867
PARP9_RNA,-0.005318723153322935
SGK3_RNA,-0.005319511983543634
RPAIN_RNA,-0.005320072639733553
GTF3C3_RNA,-0.005322153680026531
KLHL10_RNA,-0.005324933212250471
TOMM20_RNA,-0.005325966514647007
KLK2_RNA,-0.0053285700269043446
SLC35E1_RNA,-0.005331334192305803
SLA2_RNA,-0.005331648513674736
USP32_RNA,-0.0053340657614171505
DSC1_RNA,-0.005334650631994009
CLN3_RNA,-0.005340006202459335
RNASEK_RNA,-0.005341098643839359
PEX13_RNA,-0.005341111216694117
NEK7_RNA,-0.005342402029782534
THAP8_RNA,-0.005342710763216019
PICK1_RNA,-0.00534580834209919
ZNF432_RNA,-0.005346639547497034
MIS12_RNA,-0.005347272381186485
NTAN1_RNA,-0.005351291969418526
TBC1D22B_RNA,-0.005352686159312725
MIR2276_RNA,-0.005355565343052149
OR51Q1_RNA,-0.005357077345252037
SACM1L_RNA,-0.0053598834201693535
ZNF470_RNA,-0.005359923001378775
DYRK1B_RNA,-0.005360955838114023
ASL_RNA,-0.005361970979720354
MORF4L2_RNA,-0.005364210344851017
RAP1A_RNA,-0.005368100479245186
MAPRE1_RNA,-0.005368189420551062
MAPK3_RNA,-0.0053685326129198074
ARNT_RNA,-0.005370572209358215
YJEFN3_RNA,-0.005370952654629946
S100PBP_RNA,-0.005376080516725779
EML2_RNA,-0.005379775073379278
SERINC1_RNA,-0.005381565075367689
ZMYM6_RNA,-0.0053825369104743
PELP1_RNA,-0.0053848265670239925
MRPS5_RNA,-0.005387063603848219
MTO1_RNA,-0.005390672944486141
C2orf15_RNA,-0.005392031278461218
ZNF697_RNA,-0.005392988212406635
CRHR1_RNA,-0.0053931125439703465
ZBED2_RNA,-0.005396412685513496
SLC30A1_RNA,-0.00539721455425024
GPATCH1_RNA,-0.005403499118983746
RNASE4_RNA,-0.005404011812061071
TRNT1_RNA,-0.00540512427687645
TBX19_RNA,-0.005408107303082943
PSMD8_RNA,-0.005410270765423775
TMEM114_RNA,-0.005413067527115345
ASB14_RNA,-0.00541372736915946
CEP57_RNA,-0.0054173655807971954
TBC1D17_RNA,-0.005419190041720867
SEC63_RNA,-0.005424702540040016
CDC20B_RNA,-0.005428602918982506
POLE2_RNA,-0.005429572891443968
NECAB1_RNA,-0.005430781748145819
RSU1_RNA,-0.005432803183794022
PREP_RNA,-0.005434180144220591
DQX1_RNA,-0.005436721257865429
LARP6_RNA,-0.005437474697828293
DDX19B_RNA,-0.005440951324999332
NPHS1_RNA,-0.005444540176540613
ZNF606_RNA,-0.005445003509521484
CD40LG_RNA,-0.005446977447718382
TRIM59_RNA,-0.005447867326438427
GABPA_RNA,-0.005448451265692711
DLG1_RNA,-0.005448463838547468
PRKCE_RNA,-0.005452130921185017
RAB27A_RNA,-0.005454895086586475
RAB2B_RNA,-0.005454976577311754
CAPN10_RNA,-0.005455063655972481
MOCS3_RNA,-0.005455267149955034
NADSYN1_RNA,-0.005458123050630093
RPUSD3_RNA,-0.005460923071950674
HPS4_RNA,-0.005461398046463728
DNMT3L_RNA,-0.005463878624141216
MRPL18_RNA,-0.005467268638312817
RBM25_RNA,-0.005467598792165518
FBXO5_RNA,-0.005472464486956596
NME2_RNA,-0.005472974851727486
GEMIN7_RNA,-0.005474027246236801
GTPBP1_RNA,-0.00547477463260293
C17orf99_RNA,-0.005475618876516819
LRRC40_RNA,-0.005477360915392637
RPS10_RNA,-0.005479024723172188
RAD23A_RNA,-0.0054825302213430405
MRPS30_RNA,-0.0054838103242218494
ADA_RNA,-0.005483961198478937
DRG1_RNA,-0.005485289730131626
BAG2_RNA,-0.0055013238452374935
EFCAB8_RNA,-0.005502662155777216
RSRC1_RNA,-0.005509403999894857
ANKRD6_RNA,-0.00551324849948287
ELP3_RNA,-0.005514238495379686
KIAA1328_RNA,-0.0055146957747638226
EIF4A2_RNA,-0.005518510937690735
STX2_RNA,-0.00551919499412179
CCDC116_RNA,-0.0055192396976053715
ARL6IP5_RNA,-0.005526318680495024
CCDC150_RNA,-0.005527209956198931
ZEB2_RNA,-0.0055296095088124275
FANCG_RNA,-0.005534138530492783
TMC4_RNA,-0.005536720622330904
ANXA5_RNA,-0.005536904092878103
ZNF132_RNA,-0.0055395164526999
SSR1_RNA,-0.005541251040995121
DRAM1_RNA,-0.005541649647057056
CPA5_RNA,-0.005541973747313023
CENPL_RNA,-0.005544332321733236
ZFP28_RNA,-0.00554696237668395
NIPA1_RNA,-0.005549316294491291
PSPN_RNA,-0.005550704896450043
MFSD8_RNA,-0.005551226902753115
CDR2_RNA,-0.005558667238801718
PSEN1_RNA,-0.005558985285460949
C1orf146_RNA,-0.005560111720114946
COX6B2_RNA,-0.005560725461691618
ZFP91_RNA,-0.0055664838291704655
PPID_RNA,-0.005566895939409733
AGAP11_RNA,-0.005575357470661402
DHX57_RNA,-0.005584477912634611
CMPK1_RNA,-0.005585364997386932
ZNF471_RNA,-0.005585372913628817
MAPK1_RNA,-0.005586882587522268
BRD9_RNA,-0.005588893312960863
AWAT1_RNA,-0.005592974368482828
OSTF1_RNA,-0.005595043301582336
TGIF2_RNA,-0.005596457049250603
CXCR3_RNA,-0.0055974130518734455
RAB40B_RNA,-0.0055978018790483475
DRD4_RNA,-0.005599966738373041
FUT7_RNA,-0.005602612625807524
SNX4_RNA,-0.005604307167232037
TRIM36_RNA,-0.005609253887087107
LCP1_RNA,-0.00561512541025877
MKRN2_RNA,-0.005615705158561468
GNRH1_RNA,-0.005616410635411739
DCAF15_RNA,-0.005617260467261076
GNA15_RNA,-0.005621231626719236
ARL6IP4_RNA,-0.0056217135861516
TMC5_RNA,-0.005623101256787777
A1BG_RNA,-0.005626363214105368
ATPAF2_RNA,-0.005626857280731201
MRGPRD_RNA,-0.00562799908220768
CASP1_RNA,-0.005629166029393673
ORAI1_RNA,-0.005631560459733009
ZNF678_RNA,-0.005633075255900621
USP45_RNA,-0.0056343646720051765
ZNF585A_RNA,-0.005636692047119141
CCDC30_RNA,-0.005637252703309059
MTMR14_RNA,-0.005639795213937759
SFPQ_RNA,-0.005640026181936264
PBX4_RNA,-0.005640845280140638
TFIP11_RNA,-0.005641271360218525
CRY1_RNA,-0.005641324911266565
SIN3B_RNA,-0.00564174447208643
RLF_RNA,-0.0056448266841471195
VAMP1_RNA,-0.005650514271110296
PLEKHA1_RNA,-0.005651478189975023
HDLBP_RNA,-0.0056535424664616585
GTSF1_RNA,-0.005655994173139334
PEX3_RNA,-0.005656140390783548
CSNK1G3_RNA,-0.005657942034304142
COQ10B_RNA,-0.005658762063831091
UBA2_RNA,-0.005659199319779873
FBXO6_RNA,-0.005659463349729776
WTAP_RNA,-0.005661799106746912
HDAC10_RNA,-0.00566276628524065
CLDND1_RNA,-0.0056636882945895195
SLC38A8_RNA,-0.005663933232426643
PSMC6_RNA,-0.005665193311870098
ARGFX_RNA,-0.005669751670211554
TMCC1_RNA,-0.005670518148690462
DBX1_RNA,-0.005672428756952286
SMAD5_RNA,-0.005673769395798445
RCOR3_RNA,-0.005674869287759066
SULT1C2_RNA,-0.005675208754837513
ARMC7_RNA,-0.005679231137037277
LSM14B_RNA,-0.005685123614966869
EXOSC10_RNA,-0.005686636548489332
DPF2_RNA,-0.005687449127435684
SMARCB1_RNA,-0.005691666156053543
ZKSCAN3_RNA,-0.005691805854439735
ZNF235_RNA,-0.005691827274858952
OGFOD1_RNA,-0.0056957765482366085
ATG16L1_RNA,-0.005697332322597504
TRIM5_RNA,-0.005697967950254679
ZNF497_RNA,-0.005701486021280289
NDUFA11_RNA,-0.00570443132892251
SBNO2_RNA,-0.005704671144485474
WASF1_RNA,-0.005705276504158974
SNORD116-17_RNA,-0.0057077002711594105
VEZF1_RNA,-0.0057128360494971275
YDJC_RNA,-0.005712986923754215
AARSD1_RNA,-0.005726040340960026
CNN2_RNA,-0.005730897653847933
FAM114A1_RNA,-0.005739441141486168
ARHGEF2_RNA,-0.005742680747061968
CHEK2_RNA,-0.005743924528360367
SNORD69_RNA,-0.005744651425629854
MIR1185-1_RNA,-0.005749483592808247
ALKBH8_RNA,-0.005751030519604683
SIAH2_RNA,-0.005751507356762886
FAM3D_RNA,-0.005757461301982403
PM20D2_RNA,-0.005761022213846445
SRBD1_RNA,-0.005761363077908754
PRR23C_RNA,-0.005765027832239866
C12orf71_RNA,-0.005766001529991627
CCR8_RNA,-0.005770586896687746
SIT1_RNA,-0.005778447259217501
COQ3_RNA,-0.005785126239061356
ZBTB41_RNA,-0.005799031350761652
PPIG_RNA,-0.005805142689496279
CASP4_RNA,-0.005805453285574913
OR4D1_RNA,-0.005807779263705015
MATN1_RNA,-0.005808617919683456
IL22RA1_RNA,-0.005812399089336395
KCTD7_RNA,-0.0058151185512542725
IL22_RNA,-0.005817435681819916
ANO9_RNA,-0.0058174883015453815
ARL6_RNA,-0.005825798958539963
VCX_RNA,-0.005826643202453852
COMMD2_RNA,-0.005826799664646387
PPP1R12C_RNA,-0.005827182438224554
PJA2_RNA,-0.005832627881318331
RHOQ_RNA,-0.0058348532766103745
EPB42_RNA,-0.005840516649186611
HSD11B1L_RNA,-0.005842856131494045
ST13_RNA,-0.005843987688422203
PIWIL1_RNA,-0.005844274535775185
CR2_RNA,-0.0058443257585167885
BBS7_RNA,-0.005846749525517225
SEC22C_RNA,-0.005851811729371548
SLC35D3_RNA,-0.005856235045939684
HLA-G_RNA,-0.0058583891950547695
ZNF17_RNA,-0.005859599448740482
FBXL3_RNA,-0.005859685130417347
SEC23B_RNA,-0.00586526095867157
ZNF440_RNA,-0.0058685834519565105
GTPBP3_RNA,-0.005871228873729706
PRDM10_RNA,-0.005877138115465641
C2orf68_RNA,-0.0058780452236533165
ZNF444_RNA,-0.005879336968064308
RHOH_RNA,-0.005880942102521658
UBE4B_RNA,-0.005882509984076023
MRPS10_RNA,-0.005883639212697744
LRRC8C_RNA,-0.00588560663163662
ZNF790_RNA,-0.005888388492166996
METTL14_RNA,-0.005889010149985552
TSPAN32_RNA,-0.005889774765819311
CCDC90B_RNA,-0.005891392007470131
TRAPPC2_RNA,-0.005892354063689709
TATDN2_RNA,-0.0058931512758135796
MIR613_RNA,-0.005895007401704788
PIK3R2_RNA,-0.00589840579777956
KPNA5_RNA,-0.005903771612793207
SPIN3_RNA,-0.005905474536120892
MFSD2B_RNA,-0.005907385144382715
ATXN1_RNA,-0.005909321829676628
SP110_RNA,-0.005910906009376049
KRT34_RNA,-0.0059119840152561665
SPP2_RNA,-0.005916710011661053
ARPC4_RNA,-0.005923632998019457
RAB18_RNA,-0.005925426259636879
SNX3_RNA,-0.005929621402174234
GFPT1_RNA,-0.005936504807323217
ZNF550_RNA,-0.005937534850090742
LYRM2_RNA,-0.00593795720487833
TRIM15_RNA,-0.00593980960547924
MAD1L1_RNA,-0.005940891802310944
ZNF473_RNA,-0.005942894611507654
TRAFD1_RNA,-0.005943408701568842
TRIM13_RNA,-0.005947987549006939
FEZ2_RNA,-0.005958102643489838
PIGA_RNA,-0.005960921756923199
PDCD6_RNA,-0.005967575125396252
GPR161_RNA,-0.0059677124954760075
RASGRF2_RNA,-0.0059715318493545055
NOL12_RNA,-0.005977157037705183
BCAS4_RNA,-0.005983668379485607
ZNF614_RNA,-0.0059855422005057335
RP2_RNA,-0.005991706158965826
PML_RNA,-0.005995087791234255
RAB8B_RNA,-0.005995824001729488
PELO_RNA,-0.006005716510117054
PHF20_RNA,-0.006006310693919659
MED23_RNA,-0.006007744465023279
ZNF180_RNA,-0.006012822035700083
ZNF146_RNA,-0.006014253944158554
ZSCAN4_RNA,-0.006014908663928509
ILK_RNA,-0.006016660016030073
SNW1_RNA,-0.006018988322466612
QRFP_RNA,-0.00601975666359067
CCDC127_RNA,-0.006022552959620953
AZIN1_RNA,-0.006022697314620018
RUNDC1_RNA,-0.006023402325809002
HTRA4_RNA,-0.006023751571774483
SCGB2A1_RNA,-0.006031636148691177
ZNF587_RNA,-0.0060336291790008545
UBR2_RNA,-0.006034602411091328
VAPB_RNA,-0.006035330705344677
DLGAP4_RNA,-0.006045816000550985
CCT8_RNA,-0.006046615540981293
LUC7L3_RNA,-0.006048993673175573
CD47_RNA,-0.006049394607543945
RIPK1_RNA,-0.0060510942712426186
TGFBR1_RNA,-0.006054331082850695
EIF3D_RNA,-0.006061181426048279
MRPS27_RNA,-0.0060616531409323215
NR3C1_RNA,-0.0060670399107038975
GUSB_RNA,-0.006070837378501892
RPP40_RNA,-0.006078006234019995
THUMPD3_RNA,-0.006089864298701286
ZNF43_RNA,-0.0060902563855051994
MOSPD2_RNA,-0.006090683396905661
CANX_RNA,-0.006090777460485697
ZKSCAN4_RNA,-0.006090790033340454
DBF4B_RNA,-0.00609363429248333
BCL10_RNA,-0.006093745585530996
RNF8_RNA,-0.006099526770412922
CPOX_RNA,-0.006105685606598854
LOC375196_RNA,-0.006110998801887035
YES1_RNA,-0.006111964583396912
RWDD1_RNA,-0.006112369708716869
SETDB2_RNA,-0.006114725489169359
AGFG1_RNA,-0.006122061517089605
TWF1_RNA,-0.006130239926278591
ZDHHC8_RNA,-0.006131062749773264
FBXO46_RNA,-0.006132868118584156
UBASH3A_RNA,-0.006134950555860996
EPS8L1_RNA,-0.006137409713119268
MYO1G_RNA,-0.006137427873909473
NLN_RNA,-0.006137711461633444
MKS1_RNA,-0.00613927049562335
XRCC5_RNA,-0.006142589263617992
NOD2_RNA,-0.006144477520138025
OTUD6B_RNA,-0.006148782093077898
GABRR2_RNA,-0.006169886328279972
MRPL48_RNA,-0.00617105420678854
PSG8_RNA,-0.006174806971102953
CALD1_RNA,-0.006175282411277294
JAM3_RNA,-0.0061756158247590065
KRT6B_RNA,-0.006181284319609404
NSUN4_RNA,-0.006183835677802563
PIGT_RNA,-0.006184697151184082
KCTD21_RNA,-0.006197395268827677
CCR7_RNA,-0.00619839783757925
RSBN1L_RNA,-0.006198888644576073
SIRT5_RNA,-0.006199102383106947
GTF2H4_RNA,-0.006201309151947498
APOBEC3H_RNA,-0.006206593010574579
DIRAS1_RNA,-0.006206881254911423
ZNF2_RNA,-0.00620962493121624
TBC1D25_RNA,-0.006209956482052803
ZNF26_RNA,-0.006212431471794844
RNF13_RNA,-0.006213172804564238
MAP3K10_RNA,-0.0062139821238815784
TNIP1_RNA,-0.0062182508409023285
IL21_RNA,-0.006221833638846874
IFNGR2_RNA,-0.006225205026566982
ZNF551_RNA,-0.00623004324734211
C5orf24_RNA,-0.006230123341083527
SP3_RNA,-0.006233638618141413
OSTM1_RNA,-0.006236915476620197
TTLL7_RNA,-0.006238922942429781
PIGK_RNA,-0.006240105722099543
WDR36_RNA,-0.006244002375751734
VPS35_RNA,-0.006244818214327097
CSTB_RNA,-0.006244872231036425
C2orf49_RNA,-0.006244889460504055
GGPS1_RNA,-0.006245975382626057
YWHAG_RNA,-0.006247449666261673
SPOPL_RNA,-0.006250732112675905
PRR5L_RNA,-0.006255381274968386
MITD1_RNA,-0.0062567805871367455
MYH13_RNA,-0.006262705195695162
PTP4A2_RNA,-0.006262707058340311
ZNF765_RNA,-0.006265472155064344
FABP9_RNA,-0.0062719546258449554
IWS1_RNA,-0.006273061037063599
RFPL4B_RNA,-0.006276338826864958
ZDHHC20_RNA,-0.006277366541326046
PLA2G12A_RNA,-0.006279422901570797
ZFAND2B_RNA,-0.006280350964516401
MUC2_RNA,-0.0062838648445904255
NUP93_RNA,-0.00628544669598341
CSTA_RNA,-0.006287522614002228
TULP4_RNA,-0.006288741249591112
TNNC2_RNA,-0.006295304279774427
ZNF461_RNA,-0.0062972791492938995
LCA5_RNA,-0.006301227957010269
ASCC3_RNA,-0.006303070113062859
PAAF1_RNA,-0.006306882947683334
SGTA_RNA,-0.006310362368822098
API5_RNA,-0.006314440164715052
C17orf75_RNA,-0.006318346131592989
LINS1_RNA,-0.006323409732431173
EPO_RNA,-0.006323584355413914
GAB1_RNA,-0.00632616737857461
RASSF3_RNA,-0.006331379059702158
CCHCR1_RNA,-0.006332486402243376
PPIL2_RNA,-0.006332788150757551
DUSP11_RNA,-0.006346127018332481
PEX26_RNA,-0.006346177775412798
COMMD7_RNA,-0.006351926829665899
PGM3_RNA,-0.006352508906275034
EIF2S3_RNA,-0.006356332916766405
ZNF514_RNA,-0.006358932703733444
SQLE_RNA,-0.006360975559800863
SNAP29_RNA,-0.006361106410622597
SLMAP_RNA,-0.00636227335780859
NPHP1_RNA,-0.0063645062036812305
SLC35D2_RNA,-0.006366676650941372
CHRNG_RNA,-0.006367071531713009
SLC35A5_RNA,-0.0063688140362501144
AP1M1_RNA,-0.006370821036398411
TOP2B_RNA,-0.006379751022905111
FAM193B_RNA,-0.006381324492394924
MEF2C_RNA,-0.006382680032402277
FXYD4_RNA,-0.006385444663465023
KDM5B_RNA,-0.006396820303052664
IQCB1_RNA,-0.006397671066224575
CTAG2_RNA,-0.0064011518843472
VPS37B_RNA,-0.006402131170034409
FKBP8_RNA,-0.0064034354873001575
NUDT19_RNA,-0.006403973326086998
UEVLD_RNA,-0.006414336618036032
C19orf47_RNA,-0.006416978780180216
PPIL3_RNA,-0.006418632809072733
ACAT2_RNA,-0.006422396283596754
SH3YL1_RNA,-0.006423443090170622
HSD17B2_RNA,-0.006423674989491701
CRYZL1_RNA,-0.0064320070669054985
S100A1_RNA,-0.006433788221329451
THG1L_RNA,-0.006439905147999525
CHMP2B_RNA,-0.006439985707402229
ZNF506_RNA,-0.006440003868192434
XRN1_RNA,-0.006440334487706423
EEF1A1_RNA,-0.006441350560635328
SLC25A19_RNA,-0.006442460231482983
FBXL4_RNA,-0.006443093065172434
PRB2_RNA,-0.006444437429308891
METAP1_RNA,-0.006445123814046383
SLC12A2_RNA,-0.006453128065913916
TAF9B_RNA,-0.006456334609538317
TRIM3_RNA,-0.006461720447987318
ZNF414_RNA,-0.006469933781772852
TJAP1_RNA,-0.006477035116404295
ARPC1A_RNA,-0.0064780013635754585
MGC27382_RNA,-0.00648002652451396
MBNL2_RNA,-0.006484693381935358
ZNF738_RNA,-0.0064858621917665005
RSPH3_RNA,-0.006490151863545179
GNB1_RNA,-0.006491606589406729
NOTO_RNA,-0.0064940070733428
PROM2_RNA,-0.006497747264802456
ZNF350_RNA,-0.006497987080365419
SSU72_RNA,-0.006498291622847319
SNORD115-2_RNA,-0.006499683950096369
OR52I2_RNA,-0.006502949167042971
ISY1_RNA,-0.006509199272841215
RTP3_RNA,-0.00651158019900322
UBE2J1_RNA,-0.006514528766274452
TRNAU1AP_RNA,-0.006515839137136936
PRKCI_RNA,-0.00651689013466239
FSD1_RNA,-0.0065170456655323505
SPNS1_RNA,-0.006524179596453905
NEDD4L_RNA,-0.006527160760015249
DNMT3B_RNA,-0.0065310304053127766
MUC16_RNA,-0.006533559877425432
GPS2_RNA,-0.006542177405208349
WNT10A_RNA,-0.006542504765093327
POLDIP3_RNA,-0.006545436568558216
DDA1_RNA,-0.006545484997332096
ZNF391_RNA,-0.006547585595399141
ADAM30_RNA,-0.006550636142492294
MED7_RNA,-0.006554780527949333
PCMT1_RNA,-0.006554898340255022
ATXN3_RNA,-0.006555084139108658
ADPRH_RNA,-0.006556434091180563
ATXN7L2_RNA,-0.0065634585916996
HSF2_RNA,-0.0065643154084682465
FAM83F_RNA,-0.006568436976522207
KRTCAP2_RNA,-0.00657005375251174
NSUN3_RNA,-0.006571329664438963
TBCEL_RNA,-0.006575734354555607
TICAM2_RNA,-0.006577266845852137
KPTN_RNA,-0.006581653840839863
ZNF486_RNA,-0.0065817940048873425
IFNAR1_RNA,-0.006583663169294596
ZNF529_RNA,-0.006585141643881798
WDR43_RNA,-0.006588200107216835
VKORC1L1_RNA,-0.006588783115148544
MIR603_RNA,-0.006592428311705589
MZF1_RNA,-0.006592759396880865
STX8_RNA,-0.006599763408303261
MAGEA8_RNA,-0.0066007892601192
RNF24_RNA,-0.006604298483580351
RARS2_RNA,-0.006604431197047234
TSNAX-DISC1_RNA,-0.0066047790460288525
HSP90AB1_RNA,-0.006610182113945484
DNTTIP1_RNA,-0.00661019841209054
RSPO1_RNA,-0.006610588636249304
SLC5A8_RNA,-0.006611377000808716
OTUD4_RNA,-0.0066149127669632435
PHLDB3_RNA,-0.006617588456720114
FBXO45_RNA,-0.006618160288780928
MBLAC2_RNA,-0.006627516355365515
RABGEF1_RNA,-0.0066286721266806126
RPL18AP3_RNA,-0.006633778102695942
POU2F1_RNA,-0.006637647747993469
WDR47_RNA,-0.006649733986705542
PNRC2_RNA,-0.006650885101407766
ATG4C_RNA,-0.006657104007899761
ZNF565_RNA,-0.006659993436187506
TRIM10_RNA,-0.0066651334054768085
MBOAT1_RNA,-0.006667662411928177
KLF16_RNA,-0.0066697564907372
NLK_RNA,-0.006673926487565041
ARFGAP1_RNA,-0.006680740974843502
NQO2_RNA,-0.006682396866381168
FBXO30_RNA,-0.006691478192806244
UTP15_RNA,-0.006693156901746988
TMEM171_RNA,-0.006697925738990307
ZNF14_RNA,-0.006707299966365099
KLK14_RNA,-0.006707814522087574
ACBD3_RNA,-0.00670848973095417
PHF14_RNA,-0.006721898913383484
CTSE_RNA,-0.006737599149346352
PSMG4_RNA,-0.006738050375133753
NCOA7_RNA,-0.006739742122590542
SNX16_RNA,-0.006741523742675781
NRN1L_RNA,-0.006743303965777159
SYNCRIP_RNA,-0.006743632722645998
NOL11_RNA,-0.006745507474988699
ZBTB8A_RNA,-0.00674740644171834
CASP8_RNA,-0.0067552304826676846
TMEM91_RNA,-0.006760388147085905
CARHSP1_RNA,-0.00677081011235714
DGCR11_RNA,-0.006771341897547245
YBX1_RNA,-0.006774053908884525
FNDC3B_RNA,-0.006774681154638529
CCDC42_RNA,-0.006775088608264923
ABCB6_RNA,-0.006775992922484875
RAC2_RNA,-0.0067793927155435085
TMEM214_RNA,-0.006786685902625322
TRIM39_RNA,-0.006787414196878672
NXT2_RNA,-0.006792751606553793
ZNF691_RNA,-0.006798791233450174
LMO4_RNA,-0.006803557276725769
ADH7_RNA,-0.0068044960498809814
SRRM5_RNA,-0.0068060727789998055
TBCB_RNA,-0.00681272754445672
LOC100310782_RNA,-0.00681602256372571
ZNF335_RNA,-0.006819234695285559
TALDO1_RNA,-0.0068266973830759525
MICAL1_RNA,-0.006830633617937565
DCP2_RNA,-0.006832753773778677
ZNF699_RNA,-0.006833977531641722
ZNF561_RNA,-0.0068534184247255325
ZNF254_RNA,-0.00685808714479208
STRN_RNA,-0.006866091396659613
RAP1GDS1_RNA,-0.006870437879115343
PMF1_RNA,-0.00687056640163064
ENOPH1_RNA,-0.006875060964375734
IRAK1BP1_RNA,-0.006875851657241583
IBTK_RNA,-0.00687703862786293
AKIRIN2_RNA,-0.006880686618387699
RBX1_RNA,-0.006885926239192486
MBNL1_RNA,-0.006902887020260096
AFMID_RNA,-0.006903550587594509
SIAH1_RNA,-0.006904723588377237
COIL_RNA,-0.006904905661940575
ZNF671_RNA,-0.006907348055392504
MLH1_RNA,-0.006911721546202898
UTP18_RNA,-0.006917270366102457
ZNF267_RNA,-0.006924996618181467
RNASEH2A_RNA,-0.006926500238478184
ANKRD27_RNA,-0.006929021328687668
CSNK2A1_RNA,-0.0069323075003921986
MYNN_RNA,-0.0069323997013270855
TPSG1_RNA,-0.0069368560798466206
IFT80_RNA,-0.0069379787892103195
SERHL2_RNA,-0.006939748767763376
PRR19_RNA,-0.006942246574908495
CENPQ_RNA,-0.006948710884898901
DCAF8_RNA,-0.006952409632503986
ZNF100_RNA,-0.0069544147700071335
CASP5_RNA,-0.006958950776606798
LZTR1_RNA,-0.006960760802030563
HNRNPL_RNA,-0.0069663007743656635
ZNF613_RNA,-0.006971714086830616
DDX52_RNA,-0.006976298987865448
GTPBP10_RNA,-0.006976845674216747
PDCL_RNA,-0.0069871325977146626
TBC1D23_RNA,-0.007000119891017675
C15orf32_RNA,-0.007004083134233952
CBLL1_RNA,-0.007008874788880348
ENSA_RNA,-0.007021393161267042
INSL6_RNA,-0.007023522164672613
C22orf23_RNA,-0.007023537065833807
USF1_RNA,-0.00702945189550519
DRG2_RNA,-0.00703332107514143
ASPSCR1_RNA,-0.007033464498817921
AP3S1_RNA,-0.00704346364364028
ZNF761_RNA,-0.0070457663387060165
ZNF814_RNA,-0.007049004081636667
ZSCAN22_RNA,-0.007066385354846716
MUC17_RNA,-0.007068137172609568
TIPRL_RNA,-0.007068201433867216
LYG1_RNA,-0.007069325540214777
HACL1_RNA,-0.0070752850733697414
ZNF195_RNA,-0.007078188005834818
SEMG1_RNA,-0.007080706302076578
KRT4_RNA,-0.0070890444330871105
GORAB_RNA,-0.007096591871231794
IDO2_RNA,-0.00709762517362833
FLOT1_RNA,-0.007101179100573063
RPL13AP20_RNA,-0.007102708797901869
TNIP3_RNA,-0.007103253155946732
AKR1A1_RNA,-0.007113325409591198
SLC35A1_RNA,-0.007113345433026552
RBMXL1_RNA,-0.007114472799003124
ZNF674_RNA,-0.007115476299077272
NARF_RNA,-0.00711983535438776
LNX2_RNA,-0.007127430755645037
NAB1_RNA,-0.007129006553441286
CDC73_RNA,-0.007132519967854023
YIPF4_RNA,-0.0071338159032166
RABIF_RNA,-0.007134188897907734
RIOK3_RNA,-0.007135671563446522
TTC33_RNA,-0.007140468340367079
ASNS_RNA,-0.0071457186713814735
PRPF38A_RNA,-0.007150617428123951
RABGGTA_RNA,-0.007152836304157972
RBM12_RNA,-0.007155164144933224
RILPL1_RNA,-0.007155179046094418
EWSR1_RNA,-0.0071568358689546585
SNORD115-8_RNA,-0.007158810272812843
C1orf174_RNA,-0.007161356043070555
COX7A2L_RNA,-0.007161436136811972
RRP7A_RNA,-0.00716280285269022
ZNF626_RNA,-0.00717421667650342
TXNDC5_RNA,-0.0071787224151194096
ESF1_RNA,-0.00718638114631176
GATA5_RNA,-0.00718744145706296
MEX3D_RNA,-0.007192456163465977
CPNE1_RNA,-0.007193003781139851
SASS6_RNA,-0.007194297853857279
SNORD115-11_RNA,-0.007198756095021963
C5orf15_RNA,-0.007199748884886503
GCC2_RNA,-0.007199921645224094
DEPDC5_RNA,-0.007203544955700636
ZNF148_RNA,-0.0072069657035171986
CATSPERG_RNA,-0.007212470751255751
YWHAE_RNA,-0.007215229794383049
IL17B_RNA,-0.007215746678411961
MRPL2_RNA,-0.007217179052531719
ZNF528_RNA,-0.007218863815069199
RPL28_RNA,-0.007223012391477823
SENP6_RNA,-0.007226236164569855
CRLS1_RNA,-0.007230676710605621
CTNNA1_RNA,-0.00725944060832262
IL20RB_RNA,-0.007262351457029581
IFT52_RNA,-0.0072739338502287865
TAS2R8_RNA,-0.007278834469616413
ITPA_RNA,-0.007284786552190781
RNF31_RNA,-0.007287801709026098
BBS12_RNA,-0.007290190551429987
ZNF20_RNA,-0.007297029253095388
PPP1R2_RNA,-0.007300707511603832
KIAA1586_RNA,-0.007303241174668074
PGGT1B_RNA,-0.007303261663764715
ZNF184_RNA,-0.007308885455131531
MAGEA4_RNA,-0.007311304099857807
POLN_RNA,-0.007316237315535545
AGBL5_RNA,-0.007318350952118635
ZNF341_RNA,-0.007328578270971775
DSTN_RNA,-0.007341297343373299
RWDD2A_RNA,-0.007347384002059698
TMED7_RNA,-0.00734830042347312
ZNF557_RNA,-0.007349985186010599
UGT2B15_RNA,-0.007350533735007048
ZNF451_RNA,-0.007353069260716438
HNRNPA3_RNA,-0.007361539173871279
RPS6KB2_RNA,-0.007361757103353739
RBM39_RNA,-0.007363256067037582
RLIM_RNA,-0.007364718243479729
MAP4K4_RNA,-0.007366281934082508
PHF10_RNA,-0.007368037011474371
THOC5_RNA,-0.00737572368234396
ZNF85_RNA,-0.00738238450139761
CEP120_RNA,-0.007382484618574381
TPM4_RNA,-0.007383179850876331
FFAR1_RNA,-0.007383638061583042
FAM20B_RNA,-0.007390270009636879
ASCC2_RNA,-0.007391446735709906
TTLL8_RNA,-0.007413139101117849
HINT3_RNA,-0.007414940744638443
TM4SF19_RNA,-0.007415240164846182
GNL2_RNA,-0.00742289749905467
FRMD1_RNA,-0.0074236090295016766
SLC33A1_RNA,-0.00744010740891099
TACR3_RNA,-0.007440782152116299
SH3GLB1_RNA,-0.007451818790286779
ZNF426_RNA,-0.007453744765371084
CCNC_RNA,-0.00747086014598608
SMPD2_RNA,-0.007471407297998667
GOLPH3L_RNA,-0.007477829698473215
SSH3_RNA,-0.007478669751435518
ARL1_RNA,-0.007483539171516895
UGT1A7_RNA,-0.0074875373393297195
TRPC4AP_RNA,-0.007488534785807133
CCDC57_RNA,-0.007490846328437328
LAMP2_RNA,-0.007504255510866642
MMD_RNA,-0.00750895356759429
SYS1_RNA,-0.007532406132668257
FMR1_RNA,-0.0075387777760624886
ZNF431_RNA,-0.007545313332229853
EEA1_RNA,-0.007549923844635487
STK11_RNA,-0.007555139716714621
TCP1_RNA,-0.007555599790066481
OR51B2_RNA,-0.007557436358183622
OR1A1_RNA,-0.007560566067695618
MYL1_RNA,-0.007565929554402828
HNRNPA1L2_RNA,-0.007573222275823355
FBXO3_RNA,-0.007575355004519224
EDEM2_RNA,-0.007575934287160635
FDXACB1_RNA,-0.007589605171233416
SPDYE4_RNA,-0.007593491114675999
TAS2R1_RNA,-0.007594753056764603
LRRC69_RNA,-0.007595421280711889
PSMD10_RNA,-0.007597760763019323
NFKBIE_RNA,-0.007602720521390438
UBA6_RNA,-0.0076030646450817585
PLEKHO1_RNA,-0.007604368031024933
SNORD19_RNA,-0.007627357728779316
ERCC8_RNA,-0.007631881628185511
BBS1_RNA,-0.00764289079234004
WDR27_RNA,-0.007644029799848795
IL2RG_RNA,-0.007644325494766235
RAB40A_RNA,-0.007644366938620806
SERINC3_RNA,-0.007647082209587097
NUP43_RNA,-0.0076526920311152935
ZNF92_RNA,-0.007657052483409643
ZNF813_RNA,-0.007664127741008997
MYH3_RNA,-0.007665510755032301
BRSK1_RNA,-0.0076706926338374615
DERL2_RNA,-0.007675694767385721
CDC27_RNA,-0.007680345326662064
EIF4ENIF1_RNA,-0.0076905107125639915
PPP1CB_RNA,-0.007706945762038231
VMA21_RNA,-0.007712672930210829
OR11H4_RNA,-0.007713986095041037
VPS37C_RNA,-0.007716800551861525
ABHD12_RNA,-0.007725903764367104
LZIC_RNA,-0.007726502139121294
XIAP_RNA,-0.007727504707872868
N4BP1_RNA,-0.0077275801450014114
ZNF292_RNA,-0.007734253071248531
WDR12_RNA,-0.0077347531914711
RANBP3_RNA,-0.007738295942544937
ZNF653_RNA,-0.00775026623159647
MANBA_RNA,-0.007751405704766512
TRMT1_RNA,-0.007765824440866709
PCNP_RNA,-0.007773853838443756
ZNF416_RNA,-0.007784005254507065
ZNF555_RNA,-0.007784990593791008
MTFR1_RNA,-0.0077894097194075584
GTF2A1_RNA,-0.007809117902070284
HOXB1_RNA,-0.007809837814420462
YWHAB_RNA,-0.007810548413544893
RNASEH1_RNA,-0.007813312113285065
PXT1_RNA,-0.007813830859959126
PHIP_RNA,-0.007819668389856815
KRT77_RNA,-0.00782277062535286
FAM76A_RNA,-0.007833982817828655
KIR3DL2_RNA,-0.00783922802656889
ARHGEF10_RNA,-0.007851886563003063
FAM98C_RNA,-0.007853686809539795
ANGEL2_RNA,-0.007854977622628212
DERL1_RNA,-0.007857085205614567
SRRD_RNA,-0.007860970683395863
WDR48_RNA,-0.007865912280976772
RHBDL2_RNA,-0.007882930338382721
MEI1_RNA,-0.007889867760241032
MSN_RNA,-0.007902488112449646
BTN2A1_RNA,-0.007906352169811726
CIB4_RNA,-0.007909375242888927
LARP1B_RNA,-0.007910392247140408
CSE1L_RNA,-0.0079154372215271
SPCS3_RNA,-0.007922645658254623
ANKRD13B_RNA,-0.007922879420220852
TARDBP_RNA,-0.007932906039059162
U2AF1L4_RNA,-0.007934761233627796
ZNF324B_RNA,-0.007949086837470531
ZNF549_RNA,-0.00796154048293829
OR2J2_RNA,-0.00796591304242611
NEDD1_RNA,-0.007966012693941593
GCM1_RNA,-0.007966953329741955
TBPL1_RNA,-0.007973790168762207
KLRG2_RNA,-0.007977898232638836
CDK5RAP1_RNA,-0.007981624454259872
BLOC1S3_RNA,-0.007984288968145847
TUBA3D_RNA,-0.007994938641786575
KTI12_RNA,-0.008000735193490982
ZNF526_RNA,-0.008002326823771
ZNF799_RNA,-0.008004315197467804
MIR657_RNA,-0.008015170693397522
ZNF558_RNA,-0.008022734895348549
PCIF1_RNA,-0.00802581012248993
ZNF512_RNA,-0.008026341907680035
HDAC1_RNA,-0.008049048483371735
ZBED5_RNA,-0.008049312978982925
POU4F3_RNA,-0.00805492140352726
SNX18_RNA,-0.008064595982432365
ZNF419_RNA,-0.008068809285759926
RNGTT_RNA,-0.008071529679000378
PRRC1_RNA,-0.008081106469035149
GIPC1_RNA,-0.00808168575167656
TRAF5_RNA,-0.008090347051620483
SAFB_RNA,-0.00810139998793602
DENND2D_RNA,-0.008113997057080269
SNX9_RNA,-0.008116623386740685
TRIM21_RNA,-0.008123520761728287
CGGBP1_RNA,-0.00813345517963171
UBE2V2_RNA,-0.008157889358699322
DUSP22_RNA,-0.008158467710018158
TBRG1_RNA,-0.008164539933204651
TRAM1_RNA,-0.008177487179636955
MTHFD1L_RNA,-0.00817903783172369
KLHL2_RNA,-0.00818418338894844
LYRM4_RNA,-0.008192844688892365
RMND1_RNA,-0.00819539837539196
SNORD115-43_RNA,-0.008198091760277748
STK35_RNA,-0.008200033567845821
KRT2_RNA,-0.00820013415068388
CASC3_RNA,-0.00820897426456213
THAP5_RNA,-0.008220219984650612
INTS7_RNA,-0.008236776106059551
NAGK_RNA,-0.008238578215241432
PIGU_RNA,-0.008239309303462505
ZNF543_RNA,-0.008241050876677036
CAP1_RNA,-0.008263418450951576
DGKZ_RNA,-0.008268304169178009
ZNF700_RNA,-0.008270864374935627
DNPEP_RNA,-0.0082712322473526
MARCKS_RNA,-0.008292121812701225
PGBD1_RNA,-0.008292267099022865
KRT84_RNA,-0.008299220353364944
MAPK8IP3_RNA,-0.008300863206386566
ASXL1_RNA,-0.00830744206905365
ZNF624_RNA,-0.008310307748615742
DR1_RNA,-0.00831595528870821
POGK_RNA,-0.00832368340343237
ZNF224_RNA,-0.008324014022946358
MED17_RNA,-0.008330075070261955
AGPAT4_RNA,-0.008330720476806164
OR51B5_RNA,-0.008340633474290371
ZFP64_RNA,-0.008355643600225449
OR51M1_RNA,-0.008359551429748535
CHCHD7_RNA,-0.008370081894099712
VTA1_RNA,-0.008379516191780567
LATS1_RNA,-0.008384494110941887
UFM1_RNA,-0.008386895060539246
IL4_RNA,-0.008392907679080963
ZNF253_RNA,-0.008397761732339859
TTC22_RNA,-0.008399778045713902
FLT3LG_RNA,-0.008399861864745617
FARSB_RNA,-0.00840868428349495
ZNF570_RNA,-0.008419268764555454
MOSPD1_RNA,-0.008425452746450901
DDX6_RNA,-0.008438436314463615
TTC38_RNA,-0.00845610722899437
ZNF266_RNA,-0.008475604467093945
TMEM183A_RNA,-0.008479984477162361
ZNF789_RNA,-0.008485455997288227
GOSR2_RNA,-0.008487185463309288
ACTN4_RNA,-0.008490842767059803
TRIM33_RNA,-0.008496536873281002
ZNF667_RNA,-0.008499879390001297
ZNF202_RNA,-0.008503250777721405
PPIL4_RNA,-0.008506718091666698
GSK3A_RNA,-0.008517072536051273
ARID1B_RNA,-0.008520870469510555
BTF3L4_RNA,-0.008532091043889523
CAB39_RNA,-0.008533608168363571
GTF2E1_RNA,-0.008537724614143372
GNAI3_RNA,-0.008542962372303009
CRKL_RNA,-0.008550813421607018
GPR108_RNA,-0.008551173843443394
CASP6_RNA,-0.008579646237194538
ZNF343_RNA,-0.008584223687648773
OR52B6_RNA,-0.008597979322075844
RYK_RNA,-0.008609414100646973
HDAC2_RNA,-0.008609975688159466
CIR1_RNA,-0.008617077954113483
ANP32E_RNA,-0.008633462712168694
VCPIP1_RNA,-0.0086352014914155
ZBTB33_RNA,-0.008638416416943073
IHH_RNA,-0.008641993626952171
CRCP_RNA,-0.008662707172334194
PADI6_RNA,-0.008669291622936726
BRD4_RNA,-0.008678726851940155
UBE2F_RNA,-0.008681803941726685
AK2_RNA,-0.008695345371961594
PPP4R2_RNA,-0.008696331642568111
TRAF3IP1_RNA,-0.008702774532139301
CRBN_RNA,-0.00871391873806715
PHOX2B_RNA,-0.008714227937161922
PAPSS1_RNA,-0.008716548793017864
ZNF70_RNA,-0.008736681193113327
TASP1_RNA,-0.00874960795044899
TRIM2_RNA,-0.00875504594296217
ZNF225_RNA,-0.008761076256632805
CDC42SE2_RNA,-0.00876525603234768
ZNF735_RNA,-0.00877000018954277
ZNF296_RNA,-0.008770189248025417
HSPBP1_RNA,-0.008780378848314285
ZNF805_RNA,-0.00878523662686348
BTBD10_RNA,-0.008791483007371426
EXOC3_RNA,-0.008796131238341331
TMCO2_RNA,-0.008796150796115398
ZNF615_RNA,-0.008804733864963055
YWHAZ_RNA,-0.008818944916129112
STK4_RNA,-0.008819079026579857
RBM7_RNA,-0.008822835050523281
TMEM87B_RNA,-0.008824196644127369
C8orf44_RNA,-0.008827176876366138
COX16_RNA,-0.008831716142594814
RPN1_RNA,-0.008834023028612137
ADSL_RNA,-0.0088341711089015
NSL1_RNA,-0.00883975438773632
AMD1_RNA,-0.008860324509441853
NBAS_RNA,-0.008880415931344032
ZIM2_RNA,-0.008881263434886932
HBG2_RNA,-0.00888913031667471
GLO1_RNA,-0.008908126503229141
BACH2_RNA,-0.008913451805710793
TNFAIP8_RNA,-0.008913831785321236
ZNF44_RNA,-0.008915367536246777
FOXN2_RNA,-0.008926118724048138
SLC7A9_RNA,-0.008934535086154938
CCDC112_RNA,-0.008946502581238747
OR10G3_RNA,-0.008955860510468483
CDK19_RNA,-0.008960295468568802
BLZF1_RNA,-0.008962610736489296
STYX_RNA,-0.008965149521827698
CD164_RNA,-0.008965402841567993
DYNC1LI1_RNA,-0.008973857387900352
TIMM44_RNA,-0.008976884186267853
ZNF585B_RNA,-0.008976989425718784
TMEM86B_RNA,-0.008991900831460953
TRIP10_RNA,-0.008994128555059433
NPHP3_RNA,-0.009004929102957249
NR6A1_RNA,-0.009007841348648071
FRS3_RNA,-0.009020445868372917
KATNA1_RNA,-0.009024734608829021
KDM1B_RNA,-0.00903158076107502
ZNF507_RNA,-0.009041008539497852
HBS1L_RNA,-0.009044851176440716
MRPL30_RNA,-0.009045468643307686
HSD17B3_RNA,-0.009054213762283325
LPGAT1_RNA,-0.009063517674803734
LIMS1_RNA,-0.009065154939889908
ACTR5_RNA,-0.009071247652173042
RASA2_RNA,-0.009072543121874332
STX12_RNA,-0.009072571061551571
CAST_RNA,-0.0090777687728405
POLR3F_RNA,-0.009081268683075905
MIER1_RNA,-0.009125377051532269
RNF19B_RNA,-0.009132541716098785
ARPC5_RNA,-0.00913753267377615
GTF2H1_RNA,-0.009152458980679512
ZNF567_RNA,-0.009153024293482304
NIT2_RNA,-0.009222886525094509
FBXW7_RNA,-0.009230299852788448
ATG5_RNA,-0.009231245145201683
SPAST_RNA,-0.009251059964299202
CAPNS1_RNA,-0.009261995553970337
CDC42_RNA,-0.009278061799705029
CEP97_RNA,-0.009281660430133343
RSBN1_RNA,-0.009282960556447506
DHX40_RNA,-0.009307174943387508
PRKAR1A_RNA,-0.009307344444096088
ITIH3_RNA,-0.00930953212082386
LIN7C_RNA,-0.00931528676301241
SPRR3_RNA,-0.009323184378445148
AGAP1_RNA,-0.009331700392067432
INE1_RNA,-0.00933446642011404
NDUFA7_RNA,-0.00934580247849226
PDHX_RNA,-0.009350269101560116
ZNF8_RNA,-0.009350561536848545
CSDE1_RNA,-0.009353473782539368
TJP3_RNA,-0.009356176480650902
RAB22A_RNA,-0.009386150166392326
PIAS4_RNA,-0.009386518970131874
RNF220_RNA,-0.00939999520778656
TSNAX_RNA,-0.009406767785549164
CHSY1_RNA,-0.009441317990422249
ALG10B_RNA,-0.009446830488741398
CTNNBL1_RNA,-0.009449835866689682
PSKH2_RNA,-0.009464611299335957
ZNF586_RNA,-0.009482222609221935
TMEM123_RNA,-0.00948311761021614
ZNF791_RNA,-0.009485941380262375
ZNF490_RNA,-0.00949918944388628
ZNF841_RNA,-0.00951910950243473
ZNF284_RNA,-0.009534431621432304
CRIPT_RNA,-0.009536022320389748
EIF4E2_RNA,-0.00954611785709858
ZNHIT6_RNA,-0.009584536775946617
METTL6_RNA,-0.009605762548744678
ZNF836_RNA,-0.009612251073122025
ADAT2_RNA,-0.009612769819796085
ZNF737_RNA,-0.009614244103431702
OR51I1_RNA,-0.009641236625611782
ZYG11B_RNA,-0.0096607329323887825
ZC3H15_RNA,-0.00968481507152319
FARSA_RNA,-0.009697698056697845
SERAC1_RNA,-0.009704242460429668
ZNF234_RNA,-0.009705841541290283
ADH5_RNA,-0.009733482263982296
ZNF773_RNA,-0.00974480714648962
RTN4_RNA,-0.0097496984526515
CCDC117_RNA,-0.009758418425917625
ZNF776_RNA,-0.009767123498022556
DNAJA2_RNA,-0.009768464602530003
ZNF566_RNA,-0.009793072938919067
FEM1B_RNA,-0.009803643450140953
KATNAL1_RNA,-0.009810796007514
KCNK18_RNA,-0.009834443219006062
SEC22A_RNA,-0.00983490515500307
YWHAH_RNA,-0.00985440332442522
APPL1_RNA,-0.00985448993742466
MTCP1_RNA,-0.009917582385241985
MIR130B_RNA,-0.010003112256526947
UBXN4_RNA,-0.010016628541052341
RAP2B_RNA,-0.01004961971193552
ANAPC7_RNA,-0.010083964094519615
MIR199B_RNA,-0.010094155557453632
ZNF134_RNA,-0.010099973529577255
GOPC_RNA,-0.01011535245925188
BACH1_RNA,-0.010118234902620316
GLRX2_RNA,-0.010121782310307026
TADA1_RNA,-0.010123325511813164
RPF2_RNA,-0.010128394700586796
SGSM3_RNA,-0.010138372890651226
ZNF304_RNA,-0.010176777839660645
SH3GLB2_RNA,-0.010193142108619213
MTMR2_RNA,-0.01021481491625309
FZR1_RNA,-0.010234345681965351
GORASP2_RNA,-0.010249598883092403
C19orf12_RNA,-0.010250651277601719
SEC22B_RNA,-0.01025576051324606
ZNF766_RNA,-0.010257692076265812
RBM27_RNA,-0.010283621959388256
HACE1_RNA,-0.010297855362296104
ZNF101_RNA,-0.010310210287570953
TRIM23_RNA,-0.010310511104762554
STXBP3_RNA,-0.010313132777810097
RAB8A_RNA,-0.010313303209841251
YTHDC1_RNA,-0.010324078612029552
RPP21_RNA,-0.010346772149205208
SCAMP1_RNA,-0.010357952676713467
DTD1_RNA,-0.01041416171938181
ZNF121_RNA,-0.01042018923908472
BNIPL_RNA,-0.010436772368848324
COPA_RNA,-0.010438142344355583
TMEM68_RNA,-0.01045773271471262
ZNF420_RNA,-0.010471170768141747
DNAJC21_RNA,-0.010493631474673748
NSFL1C_RNA,-0.010529122315347195
OGG1_RNA,-0.010564543306827545
TMEM64_RNA,-0.010586720891296864
RAB6A_RNA,-0.010613727383315563
BAG4_RNA,-0.01063673198223114
MED15_RNA,-0.010643284767866135
ING5_RNA,-0.010661200620234013
POLR3C_RNA,-0.01067615207284689
CSTF1_RNA,-0.010683403350412846
RABGAP1L_RNA,-0.010684738866984844
ZNF74_RNA,-0.01069653406739235
LMAN2L_RNA,-0.010705298744142056
NMBR_RNA,-0.010708743706345558
PAFAH1B2_RNA,-0.010752995498478413
ZNF169_RNA,-0.010766934603452682
ZFP14_RNA,-0.010770452208817005
NCK1_RNA,-0.010776173323392868
DNAJB14_RNA,-0.010809735395014286
CDC40_RNA,-0.010828844271600246
ZNF527_RNA,-0.010831204243004322
RAB33B_RNA,-0.010834496468305588
ZNF417_RNA,-0.010859050787985325
C3orf38_RNA,-0.010869234800338745
FBXO28_RNA,-0.010897297412157059
LSM14A_RNA,-0.010898071341216564
USE1_RNA,-0.010911286808550358
RNF2_RNA,-0.010967382229864597
DYNC1I2_RNA,-0.010969603434205055
ZNF345_RNA,-0.011022718623280525
DPH3_RNA,-0.011036081239581108
ZZZ3_RNA,-0.011052015237510204
SNRNP48_RNA,-0.01107555441558361
ZNF583_RNA,-0.011092150583863258
TYW1_RNA,-0.011095236986875534
SNRPD3_RNA,-0.011118701659142971
ZNF562_RNA,-0.011127140372991562
FLCN_RNA,-0.011189005337655544
TMEM181_RNA,-0.011199559085071087
CRX_RNA,-0.011231952346861362
C11orf54_RNA,-0.011259355582296848
RAB3GAP1_RNA,-0.011276940815150738
ZNF569_RNA,-0.011295475997030735
ZFR_RNA,-0.011303754523396492
ZNF627_RNA,-0.011311524547636509
PIGL_RNA,-0.01133620087057352
MRPL42_RNA,-0.011371422559022903
PSMD13_RNA,-0.011431379243731499
TSPYL1_RNA,-0.011434015817940235
ZNF568_RNA,-0.011481537483632565
ARFIP1_RNA,-0.011550777591764927
MIR340_RNA,-0.011574777774512768
YIPF5_RNA,-0.011599893681704998
TTL_RNA,-0.011665104888379574
ANXA4_RNA,-0.01171274483203888
RIOK1_RNA,-0.011762622743844986
ZNF548_RNA,-0.011783451773226261
KPNA4_RNA,-0.011785497888922691
ARL5A_RNA,-0.011795246042311192
CDK17_RNA,-0.011799417436122894
ZNF571_RNA,-0.011907591484487057
ZNF264_RNA,-0.011908791959285736
ITCH_RNA,-0.011919308453798294
CISD2_RNA,-0.011955748312175274
GRPEL2_RNA,-0.012013742700219154
ZNF546_RNA,-0.012021183967590332
STAM2_RNA,-0.012027296237647533
ZNF317_RNA,-0.01208741869777441
WDFY1_RNA,-0.012133810669183731
DPPA2_RNA,-0.012145912274718285
SGTB_RNA,-0.012149464339017868
HSD3B1_RNA,-0.012214970774948597
ZNF622_RNA,-0.012242907658219337
ZNF429_RNA,-0.012245417572557926
RBM34_RNA,-0.012263376265764236
NRAS_RNA,-0.012265610508620739
CAPRIN1_RNA,-0.012325321324169636
LYSMD3_RNA,-0.012326174415647984
FIG4_RNA,-0.012328426353633404
ZNF207_RNA,-0.012353108264505863
GHRLOS_RNA,-0.012355539947748184
RBBP9_RNA,-0.012478213757276535
TMOD3_RNA,-0.012518794275820255
ZNF71_RNA,-0.012523959390819073
FIZ1_RNA,-0.012563536874949932
CAPZA1_RNA,-0.012609770521521568
ZBTB24_RNA,-0.012619290500879288
UBE2Q2_RNA,-0.012627476826310158
ZNF829_RNA,-0.012714439071714878
RALB_RNA,-0.012730838730931282
UBE2D3_RNA,-0.012731175869703293
SEC62_RNA,-0.012813927605748177
TTC4_RNA,-0.012881751172244549
MIER3_RNA,-0.012976664118468761
CRNKL1_RNA,-0.013035863637924194
SNORD12B_RNA,-0.01305727381259203
ZNF709_RNA,-0.013090251944959164
CRLF3_RNA,-0.013206607662141323
ITSN2_RNA,-0.013247956521809101
ZNF84_RNA,-0.013258973136544228
ZNF333_RNA,-0.013280227780342102
GPBP1_RNA,-0.013284444808959961
SIKE1_RNA,-0.013324178755283356
PSMF1_RNA,-0.013334200717508793
DEDD_RNA,-0.013421093113720417
C2orf69_RNA,-0.013642305508255959
TP53RK_RNA,-0.01374615728855133
SH3GL1_RNA,-0.013831491582095623
TMEM199_RNA,-0.013927346095442772
STX7_RNA,-0.013946352526545525
ZNF616_RNA,-0.01398060005158186
SLC35A3_RNA,-0.014122114516794682
UBE2W_RNA,-0.014282874763011932
ZNF143_RNA,-0.014362940564751625
ZNF260_RNA,-0.014370431192219257
ATG12_RNA,-0.014432407915592194
AGPS_RNA,-0.014491197653114796
YIPF1_RNA,-0.014651290141046047
DCAF17_RNA,-0.014658601023256779
CDKAL1_RNA,-0.014805217273533344
ZNF133_RNA,-0.014889267273247242
RNF11_RNA,-0.014979125931859016
CCNT2_RNA,-0.015044969506561756
ALPI_RNA,-0.01546338852494955
NUSAP1_RNA,-0.0156666561961174
GPBP1L1_RNA,-0.01598970964550972
UBA3_RNA,-0.01618778705596924
UTP6_RNA,-0.01669049821794033
SMURF2_RNA,-0.016922924667596817
DMAP1_RNA,-0.017288697883486748
RNF114_RNA,-0.017295774072408676
ATF2_RNA,-0.01773099973797798
TPM3_RNA,-0.017847010865807533
OLA1_RNA,-0.017940999940037727
ACTR3_RNA,-0.020426522940397263
CREB1_RNA,-0.021080229431390762
GTDC1_RNA,-0.021926576271653175
