ID,Description,setSize,enrichmentScore,NES,pvalue,p.adjust,qvalue,rank,leading_edge,core_enrichment,factor
GO:1905820,positive regulation of chromosome separation,32,-0.7747383309099546,-2.6912566301871474,1e-10,1.8834375000000002e-8,NA,815,"tags=53%, list=5%, signal=50%",9918/5359/332/3619/10592/64151/991/55143/11065/221150/23397/9700/9212/9787/8697/54892/220134,F9
GO:1905818,regulation of chromosome separation,71,-0.6544552738433207,-2.6723311094658757,1e-10,1.8834375000000002e-8,NA,2064,"tags=52%, list=14%, signal=45%",10459/5347/7517/23310/10051/9735/7272/11130/701/26271/4085/9918/9319/83540/5359/891/332/3619/10592/1063/64151/3550/991/55143/11065/221150/23397/9700/10403/9212/9787/699/8697/57405/147841/54892/220134,F9
GO:0051304,chromosome separation,76,-0.6371489520382227,-2.6407726166392225,1e-10,1.8834375000000002e-8,NA,2064,"tags=50%, list=14%, signal=43%",10459/5347/7517/23310/10051/9735/7272/11130/701/26271/4085/9918/9319/83540/5359/891/332/7156/3619/10592/1063/64151/3550/991/55143/11065/221150/23397/9700/10403/9212/9787/699/8697/57405/147841/54892/220134,F9
GO:0000070,mitotic sister chromatid segregation,169,-0.5600965165618706,-2.6084300220738528,1e-10,1.8834375000000002e-8,NA,2073,"tags=41%, list=14%, signal=36%",7283/10459/5347/7517/8243/91272/25936/23310/10051/81929/22919/9735/3304/7272/11130/9031/983/79003/29127/701/9493/26271/4085/3832/9918/3835/348235/9319/9928/79998/146909/24137/83540/113130/891/2491/332/3619/3833/10592/1063/64151/4605/3550/991/55143/11065/10615/64105/22974/11004/56992/84722/3796/221150/23397/9700/10403/9212/9787/699/81930/4751/8697/1062/57405/29128/147841/54892/220134,F9
GO:0051310,metaphase chromosome alignment,86,-0.6053966790708332,-2.554604255262866,1e-10,1.8834375000000002e-8,NA,1920,"tags=43%, list=13%, signal=38%",91272/25936/81929/22919/9735/7272/11130/983/79003/29127/3835/348235/9928/79980/79998/83540/113130/891/332/3619/3833/1063/55143/10615/11004/84722/221150/1894/10403/9212/81930/4751/8697/1062/57405/147841/220134,F9
GO:0051983,regulation of chromosome segregation,122,-0.5683738514568648,-2.5321561922485167,1e-10,1.8834375000000002e-8,NA,2064,"tags=39%, list=14%, signal=34%",10459/10460/5347/7517/8193/23310/10051/9735/51412/7272/11130/983/23137/701/26271/8110/4085/990/9918/9319/157313/83540/5359/891/332/3619/10592/1063/64151/3550/991/55143/4288/11065/11004/221150/23397/9700/10403/9212/9787/699/8697/1062/57405/147841/54892/220134,F9
GO:0000819,sister chromatid segregation,207,-0.5282240366950173,-2.511630728144952,1e-10,1.8834375000000002e-8,NA,2073,"tags=37%, list=14%, signal=33%",7283/10459/10460/5347/7517/8193/8243/91272/25936/23310/7155/10051/81929/22919/9735/51412/3304/7272/11130/9031/983/79003/29127/701/9493/26271/8110/4085/990/3832/9918/3835/348235/9319/9928/79998/146909/24137/83540/113130/891/2491/332/3619/3833/10592/1063/64151/4605/3550/991/55143/11065/10615/64105/22974/11004/56992/84722/3796/221150/23397/9700/10403/9212/7153/9787/699/81930/4751/8697/1062/57405/29128/147841/54892/220134,F9
GO:0051303,establishment of chromosome localization,92,-0.5868548604018831,-2.5056221784613144,1e-10,1.8834375000000002e-8,NA,2034,"tags=41%, list=14%, signal=36%",54820/91272/25936/81929/22919/9735/7272/11130/983/79003/29127/3835/348235/9928/79980/79998/83540/113130/891/332/3619/3833/1063/55143/10615/11004/84722/221150/1894/10403/9212/81930/4751/8697/1062/57405/147841/220134,F9
GO:0050000,chromosome localization,100,-0.5794039518115889,-2.5033188434618396,1e-10,1.8834375000000002e-8,NA,2034,"tags=41%, list=14%, signal=36%",54820/91272/25936/81929/56776/22919/9735/7272/11130/983/79003/29127/4928/3835/348235/9928/79980/79998/83540/113130/891/332/3619/3833/1063/55143/10615/11004/84722/221150/1894/10403/9212/9787/81930/4751/8697/1062/57405/147841/220134,F9
GO:0002181,cytoplasmic translation,150,0.5143311145238368,2.4758863679514884,1e-10,1.8834375000000002e-8,NA,3686,"tags=57%, list=25%, signal=44%",10642/6124/6223/6206/23521/6218/6137/51386/8669/6204/6161/6146/6142/6194/6141/3921/6205/6125/8894/6175/6222/208/6170/6210/6138/6168/6224/24140/6160/8664/6188/6158/6133/6176/8661/6217/6129/6234/6167/6122/6191/6201/6189/9349/6169/27335/6128/3646/28985/6202/7555/25873/6135/6227/8667/6232/6235/6156/6159/7311/6136/6130/6451/6171/6233/6228/51389/26986/8893/6187/6155/9045/6209/64506/55854/6230/4733/2197/1974/6165/6154/1936/6173/6152/6134/6144,F9
GO:0098813,nuclear chromosome segregation,264,-0.5036377318107622,-2.4754151701774276,1e-10,1.8834375000000002e-8,NA,2073,"tags=36%, list=14%, signal=31%",7283/10459/10460/5347/7517/898/8193/8243/91272/25936/23310/7155/10051/81929/56776/22919/9735/9985/2177/51412/3304/56158/27030/7272/11130/9031/983/79003/29127/701/10734/9493/26271/8110/4085/990/3832/55063/9918/3835/348235/9319/259266/9928/79980/79998/83990/146909/24137/83540/113130/891/2491/332/3619/3833/10592/1063/64151/4605/3550/6790/991/55143/9133/11065/84057/10615/64105/22974/11004/56992/84722/3796/221150/1894/23397/9700/10403/9212/7153/9787/699/9232/81930/4751/8697/9134/1062/57405/29128/147841/54892/220134,F9
GO:0007059,chromosome segregation,350,-0.49139018777864335,-2.474744482315582,1e-10,1.8834375000000002e-8,NA,2112,"tags=35%, list=14%, signal=30%",80254/10664/7283/10459/10460/54820/5347/7517/898/8193/8243/91272/9611/25936/23310/7155/10051/81929/56776/1654/22919/93323/9735/11339/9985/2177/79019/51412/3304/56158/27030/203068/29899/7272/11130/9031/55839/983/23137/79003/29127/701/10734/9493/26271/8110/4085/990/3832/55063/9918/3835/348235/9319/81624/259266/9928/79980/79998/83990/157313/146909/79172/24137/83540/5359/113130/891/2491/332/7156/3619/3833/10592/1063/64946/64151/4605/115106/8780/3550/6790/991/55143/4288/9133/55355/157570/6491/11065/84057/10615/64105/8841/22974/10982/11004/56992/84722/3796/221150/1894/23397/9700/10403/9212/7153/9787/699/672/9232/81930/4751/8697/9134/1062/57405/29128/147841/54892/220134,F9
GO:0140014,mitotic nuclear division,249,-0.5078198362343204,-2.4657544711430237,1e-10,1.8834375000000002e-8,NA,2073,"tags=36%, list=14%, signal=31%",7283/55512/10459/54820/5347/7517/8243/91272/9150/25936/23310/10051/81929/1027/22919/83987/9735/286151/3304/3553/7272/11130/9031/983/23363/79003/29127/701/9493/26271/9820/4085/137886/3832/9918/3835/348235/9319/9928/79998/157313/146909/24137/83540/113130/891/2491/332/1111/3619/3833/10592/1063/9088/64151/4605/3550/6790/991/55143/10040/4288/11065/10615/64105/22974/1906/11004/56992/84722/3796/221150/23397/9700/10403/9212/9787/699/54443/81930/4751/8697/995/1062/57405/29128/147841/54892/220134,F9
GO:0007088,regulation of mitotic nuclear division,111,-0.5566043892429179,-2.4513412214913446,1e-10,1.8834375000000002e-8,NA,1510,"tags=36%, list=10%, signal=33%",83987/9735/286151/3553/7272/11130/23363/701/26271/9820/4085/9319/157313/83540/891/332/1111/3619/1063/9088/3550/6790/991/55143/10040/4288/11065/1906/221150/9700/10403/9212/9787/699/4751/8697/995/57405/147841/220134,F9
GO:0000075,cell cycle checkpoint signaling,173,-0.5080763180978601,-2.375515511313626,1e-10,1.8834375000000002e-8,NA,2112,"tags=37%, list=14%, signal=32%",80254/10459/5888/7157/84126/5347/7517/4067/79858/57646/580/1027/60561/9735/4193/83666/5629/1017/2177/675/1407/144715/151636/7272/11130/983/641/835/701/4085/146956/990/9319/4436/51512/5932/83990/5810/1869/83540/25896/891/332/1111/3619/8914/1063/3550/991/55143/63967/51720/65975/9024/221150/10403/51514/9212/699/672/57405/79968/147841/220134,F9
GO:1902850,microtubule cytoskeleton organization involved in mitosis,145,-0.5174144625386549,-2.349655128847074,1e-10,1.8834375000000002e-8,NA,2259,"tags=37%, list=15%, signal=31%",55835/114327/29072/7283/10460/54820/5347/8243/23291/162282/22919/3304/29899/7272/983/2697/29127/9493/4085/137886/3832/79998/24137/83540/891/332/3619/3833/3925/64946/4605/4134/284403/6790/991/55143/6491/8841/9793/22974/2009/1058/56992/84722/3796/9700/10403/9212/9787/4751/1062/57405/29128,F9
GO:0007051,spindle organization,175,-0.4990408691750426,-2.3370976750109804,1e-10,1.8834375000000002e-8,NA,2310,"tags=36%, list=15%, signal=31%",1642/55835/153241/114327/80254/7283/128153/10460/5347/8243/9611/22919/93323/3304/203068/11076/29899/7272/29127/9493/26271/3832/348235/259266/79998/55722/24137/83540/891/332/3619/3833/3925/64946/55521/4605/4134/115106/284403/6790/991/55143/9133/6491/10615/8841/9793/22974/2009/10982/56992/84722/3796/221150/9700/10403/9212/9787/4751/1062/57405/29128/220134,F9
GO:0006261,DNA-templated DNA replication,133,-0.519594074518438,-2.3356610775875906,1e-10,1.8834375000000002e-8,NA,2446,"tags=40%, list=16%, signal=34%",5426/54962/80174/4174/5888/25939/898/9401/580/57523/10293/84515/79915/5983/91607/1017/675/23649/142/641/55388/26271/5984/5557/51053/146956/990/10721/5111/5427/4172/5932/4175/11169/7083/10926/8317/8914/5982/4173/9837/10714/51659/64710/9156/4171/2237/672/4176/79733/63901/9134/6240,F9
GO:0000280,nuclear division,368,-0.46095279388919336,-2.33310116908197,1e-10,1.8834375000000002e-8,NA,2073,"tags=33%, list=14%, signal=29%",7283/55512/10459/5888/54820/5347/7517/898/8243/91272/9150/25936/23310/7155/10051/81929/3306/7314/1027/56776/22919/83987/10635/9735/286151/9985/124817/2177/675/3304/56158/27030/4487/3553/7272/11130/9031/983/8438/23363/122402/79003/29127/701/10734/9493/26271/9820/4085/3622/4603/146956/137886/3832/55063/9918/4882/3835/348235/9319/259266/9928/79998/83990/5810/157313/146909/24137/83540/113130/891/2491/332/1111/3619/3833/10592/1063/9088/64151/4605/3550/6790/991/55143/10040/4288/9133/7589/11065/80010/84057/10615/64105/22974/1906/11004/56992/84722/3796/221150/23397/9700/10403/9212/7153/9787/699/54443/9232/81930/4751/8697/995/9134/1062/57405/29128/147841/54892/220134,F9
GO:0006260,DNA replication,234,-0.47824955679150405,-2.308484301518017,1e-10,1.8834375000000002e-8,NA,2609,"tags=38%, list=17%, signal=32%",8467/7270/27154/25942/6742/10036/5426/3060/93973/54962/80174/3399/1660/11201/4174/6418/5888/7157/25939/898/7465/2735/9401/2736/11198/580/57523/1027/10293/84515/79915/5983/91607/10535/1017/4678/675/23649/7126/142/983/56953/641/55388/26271/5984/5557/80119/51053/146956/990/10721/993/5928/5111/5427/4172/5932/8208/6749/4175/11169/7083/1111/114799/10926/8317/8914/5982/157570/4173/9837/80010/10714/51659/64710/9156/51514/4171/2237/672/4176/890/1956/79733/63901/9134/374393/6240,F9
GO:0010948,negative regulation of cell cycle process,270,-0.46371428610100474,-2.2791546668942293,1e-10,1.8834375000000002e-8,NA,2811,"tags=37%, list=19%, signal=31%",144455/324/546/678/1026/574506/11329/8467/26272/339345/57165/11170/6657/54962/79621/655/4869/80254/10459/5888/7157/84126/5347/7517/4067/7465/79858/57646/322/580/1027/60561/9735/286151/4193/83666/5629/91607/1017/2177/675/51339/1407/144715/151636/7272/11130/6347/596/9031/983/641/835/701/26271/4085/146956/990/9319/4436/51512/677/5932/5933/83990/5810/1869/83540/25896/891/332/1111/3619/8914/1063/55031/9088/3550/991/899/55143/10040/63967/2146/51720/65975/9024/10106/221150/9700/10403/51514/9212/699/672/79733/4751/57405/79968/147841/220134,F9
GO:1901988,negative regulation of cell cycle phase transition,233,-0.4713536835993278,-2.2725446793240973,1e-10,1.8834375000000002e-8,NA,2811,"tags=38%, list=19%, signal=32%",144455/324/678/1026/574506/11329/26272/57165/11170/6657/54962/79621/80254/10459/5888/7157/84126/5347/7517/4067/7465/79858/57646/322/580/1027/60561/9735/4193/83666/5629/91607/1017/2177/675/51339/1407/144715/151636/7272/11130/6347/596/983/641/835/701/26271/4085/146956/990/9319/4436/51512/677/5932/5933/83990/5810/1869/83540/25896/891/332/1111/3619/8914/1063/55031/9088/3550/991/55143/63967/2146/51720/65975/9024/10106/221150/10403/51514/9212/699/672/57405/79968/147841/220134,F9
GO:1901987,regulation of cell cycle phase transition,406,-0.44092285862205594,-2.2592561719066575,1e-10,1.8834375000000002e-8,NA,2909,"tags=35%, list=19%, signal=29%",4762/4330/5017/605/144455/324/7027/678/1026/574506/11329/26272/25942/5218/894/55781/57165/11170/5569/6657/54962/80174/1642/55835/79621/4869/80254/10459/5888/7157/84126/5347/7517/898/4067/7465/2735/8193/79858/255374/57646/3306/322/580/1027/637/60561/1654/79915/5515/56257/9735/4193/83666/5629/91607/1017/2177/675/51412/207/134353/51339/1031/1407/5721/144715/151636/7272/11130/6347/596/983/7564/641/835/701/26271/8110/4085/22976/146956/990/993/9319/4436/51512/9928/677/5932/5933/83990/5810/55626/1869/83540/113130/25896/891/332/1111/3619/10926/301/8317/8914/1063/55031/9088/3550/6790/991/55143/63967/6491/11065/1019/2146/51720/65975/9024/10106/221150/9700/10403/51514/9212/9787/699/672/1956/6241/54443/8697/995/9134/1062/57405/79968/147841/5129/220134/6240/7015,F9
GO:0048285,organelle fission,405,-0.4382296780152099,-2.2433613165971393,1e-10,1.8834375000000002e-8,NA,2201,"tags=32%, list=15%, signal=28%",655/1164/91137/54332/7283/55512/10459/5888/8546/54820/5347/7517/898/8243/91272/9150/25936/23310/7155/10051/81929/3306/7314/1027/56776/4137/22919/83987/10635/9735/286151/9985/124817/2177/675/3304/56158/27030/4487/3553/664/7272/11130/9031/983/8438/23363/122402/79003/29127/701/10734/9493/26271/9820/4085/3622/4603/146956/137886/3832/55063/9918/4882/3835/64423/348235/9319/259266/9928/79998/83990/5810/157313/146909/24137/83540/113130/891/2491/332/1111/3619/3833/10592/1063/9088/64151/4605/3550/6790/991/55143/10040/4288/9133/7589/11065/80010/84057/10615/64105/22974/1906/11004/56992/84722/3796/221150/23397/9700/10403/9212/7153/9787/699/54443/9232/81930/4751/8697/995/9134/1062/57405/29128/147841/54892/10928/220134,F9
GO:1901990,regulation of mitotic cell cycle phase transition,312,-0.43649833730275267,-2.180113705578116,1e-10,1.8834375000000002e-8,NA,2064,"tags=32%, list=14%, signal=29%",25942/894/55781/57165/11170/5569/80174/1642/55835/79621/10459/7157/5347/7517/898/7465/8193/79858/255374/3306/580/1027/637/60561/1654/79915/5515/56257/9735/4193/91607/1017/51412/207/134353/51339/1031/5721/7272/11130/6347/596/983/641/835/701/26271/8110/4085/990/993/9319/51512/9928/677/5932/5933/55626/1869/83540/113130/891/332/1111/3619/301/8317/1063/55031/9088/3550/6790/991/55143/63967/6491/11065/1019/2146/51720/10106/221150/9700/10403/51514/9212/9787/699/672/1956/6241/54443/8697/995/9134/1062/57405/147841/220134/6240/7015,F9
GO:0090068,positive regulation of cell cycle process,236,-0.4505963480403177,-2.1793605271877645,1e-10,1.8834375000000002e-8,NA,2360,"tags=33%, list=16%, signal=28%",80174/201161/6665/55835/153241/4869/55512/7517/898/2735/255374/23310/10051/3306/1654/79915/56257/10635/4193/207/134353/84440/4487/3553/29899/983/7564/23137/29127/9493/26271/4085/137886/990/993/9918/4882/9928/5359/113130/891/332/3619/10926/301/8317/10592/10733/64151/6790/991/55143/6491/11065/1019/10615/1906/2146/221150/1894/23397/9700/10403/51514/9212/9787/699/2237/1956/6241/79733/8697/995/9134/54892/220134/6240/7015,F9
GO:0045786,negative regulation of cell cycle,346,-0.4295350713330271,-2.1617332760565366,1e-10,1.8834375000000002e-8,NA,3485,"tags=40%, list=23%, signal=32%",1739/5884/407021/27243/388/4682/55055/5526/79027/57551/6494/51343/55544/91147/116/56984/5743/5017/2619/144455/324/11162/546/678/1026/574506/388324/11329/26524/8467/26272/3623/339345/57165/11170/6657/4221/54962/79621/1050/655/4869/80254/10459/5888/7157/84126/5347/7517/4067/7465/23368/79858/54475/57646/322/836/580/10527/247/1027/6839/60561/9735/286151/4193/83666/5629/91607/1017/2177/675/51339/1407/144715/151636/7272/11130/6347/596/9031/983/641/3225/835/701/25/26271/4085/51053/146956/990/4882/9319/4436/51512/90313/677/5932/5933/83990/5810/1869/83540/25896/891/332/1111/3619/8914/1063/55031/9088/3236/3550/991/899/55143/10040/63967/2146/51720/65975/9024/10106/221150/9700/10403/51514/9212/699/672/1956/79733/4751/57405/79968/147841/220134/1028,F9
GO:0045930,negative regulation of mitotic cell cycle,209,-0.45109587637026094,-2.1465926842288563,1e-10,1.8834375000000002e-8,NA,2064,"tags=31%, list=14%, signal=27%",10459/7157/5347/7517/7465/79858/54475/580/1027/60561/9735/4193/91607/1017/2177/51339/144715/7272/11130/6347/596/983/641/835/701/25/26271/4085/146956/990/9319/4436/51512/677/5932/5933/83540/891/332/1111/3619/1063/55031/9088/3550/991/55143/10040/63967/2146/51720/65975/9024/10106/221150/10403/51514/9212/699/672/1956/57405/147841/220134/1028,F9
GO:0045787,positive regulation of cell cycle,307,-0.4293056097305491,-2.1355226404861876,1e-10,1.8834375000000002e-8,NA,2924,"tags=36%, list=19%, signal=30%",3192/131870/4762/114821/5017/1845/9099/144455/7027/546/2290/25942/894/3552/80174/201161/6665/55835/6886/5641/7101/153241/4869/55512/23326/7517/898/2735/255374/23310/10051/3306/6733/1654/79915/56257/10635/429/4193/5629/675/207/4103/134353/84440/4487/3553/29899/983/7564/23137/3280/29127/25/9493/26271/4085/137886/990/993/9918/4882/9928/3955/6737/5359/113130/891/332/1111/3619/10926/301/8317/10592/10733/64151/6790/991/55143/5292/6491/11065/1019/6990/10615/1906/2146/84722/7042/221150/1894/23397/2263/9700/10403/51514/9212/9787/699/2237/1956/6241/79733/8697/995/9134/54892/220134/6240/22954/7015,F9
GO:0007346,regulation of mitotic cell cycle,459,-0.4069283581907706,-2.1074614193035366,1e-10,1.8834375000000002e-8,NA,2924,"tags=33%, list=19%, signal=28%",3192/4762/84632/5017/1845/2619/605/9099/144455/324/7027/678/1026/2290/1104/25942/26574/894/55781/57165/3552/11170/5569/54962/80174/1642/55835/6886/79621/5641/655/1164/55512/10459/23326/7157/5347/7517/898/7465/8193/79858/255374/54475/3306/580/1027/637/60561/1654/79915/5515/56257/246184/83987/429/9735/286151/4193/91607/1017/2177/675/51412/207/134353/51339/1031/5721/3553/144715/7272/11130/6347/596/983/641/23363/3280/835/701/25/7161/26271/9820/8110/4085/51053/146956/990/993/9319/4436/51512/9928/677/5932/5933/157313/55626/1869/83540/113130/891/332/1111/3619/301/8317/1063/55031/9088/3550/6790/991/55143/5292/10040/4288/63967/6491/11065/1019/6990/8841/1906/2146/51720/65975/9024/10106/221150/9700/10403/51514/9212/9787/699/672/1956/6241/54443/4751/8697/995/9134/1062/57405/147841/220134/6240/1028/7015,F9
GO:0044772,mitotic cell cycle phase transition,406,-0.4034077338381718,-2.0670314424546317,1e-10,1.8834375000000002e-8,NA,2870,"tags=33%, list=19%, signal=27%",1024/605/144455/324/7027/678/1026/1104/26524/25942/5218/894/55781/57165/11170/5426/5569/80174/1642/55835/79621/1164/10459/10460/23326/7157/5347/7517/898/7465/8193/9150/79858/6881/255374/3306/58480/580/1027/637/60561/1654/79915/5515/56257/25799/9735/4193/91607/1017/51412/207/645121/134353/51339/1031/5721/7272/11130/6347/596/983/641/23137/835/57663/701/26271/1033/8110/4085/8454/990/993/9319/51512/9928/677/5932/8493/5933/901/55626/1869/83540/113130/891/332/1111/3619/10926/301/8317/128239/1063/55031/9088/3550/6790/991/899/55143/2305/9133/63967/6491/11065/1019/2146/9833/51720/9024/10106/221150/9700/10403/51514/9212/9787/699/672/890/1956/6241/54443/8697/995/9134/1062/57405/147841/220134/6240/7015,F9
GO:0006281,DNA repair,500,-0.36483950699452095,-1.8982416100149548,1e-10,1.8834375000000002e-8,NA,2474,"tags=27%, list=16%, signal=24%",10036/5426/54799/4221/93973/1660/1642/4439/221120/79621/11201/4869/29072/4174/27097/10459/5888/8295/23326/7157/84126/5347/55120/7517/25939/8193/9401/6879/8243/117143/11198/6881/29089/57646/7155/10155/7913/580/57523/3146/125150/2188/56776/10293/84515/493861/5983/200558/10635/9985/83666/10535/1017/2177/675/51412/56158/10038/5395/27030/144715/151636/51444/55135/142/983/8438/641/23137/7398/25/7161/5984/8110/64858/80119/22976/146956/7516/55063/10721/5111/3835/10629/5427/9319/4436/4172/55170/5932/1643/83990/8208/5810/6749/55247/4175/2178/11169/113130/2956/7156/1111/8317/55215/8914/55031/1137/2305/5982/10902/63967/157570/4173/80010/4521/51720/54556/10714/51659/64710/3148/9156/51514/4171/2237/672/2139/4176/55775/1956/63901/9232/2176/29128/6240,F9
GO:1903046,meiotic cell cycle process,169,-0.47602374177550644,-2.21689402192524,1.6102234077151315e-10,2.9408534782724537e-8,NA,2739,"tags=41%, list=18%, signal=34%",546/2175/63979/339345/150365/29893/400629/1642/4439/1164/7283/5888/128153/5347/898/23310/7155/10051/3306/7314/56776/10635/286151/9985/124817/2177/675/56158/27030/4487/7272/11130/8438/122402/10734/26271/3622/4603/146956/55063/993/9918/4882/348235/9319/259266/83990/5810/83540/2956/3619/10592/9088/6790/991/9133/7589/80010/84057/1906/221150/23397/9700/10403/7153/9232/81930/995/9134/220134,F9
GO:0007093,mitotic cell cycle checkpoint signaling,130,-0.518125165406526,-2.3263098742219857,2.0918709955165972e-10,3.7081489676407444e-8,NA,2064,"tags=37%, list=14%, signal=32%",10459/7157/5347/7517/79858/580/1027/60561/9735/4193/1017/2177/144715/7272/11130/983/641/835/701/4085/146956/990/9319/4436/51512/5932/83540/891/332/1111/3619/1063/3550/991/55143/63967/51720/65975/9024/221150/10403/51514/9212/699/672/57405/147841/220134,F9
GO:0042254,ribosome biogenesis,261,0.40064753629247074,2.064219137536441,2.184929803166902e-10,3.762449121053405e-8,NA,4339,"tags=47%, list=29%, signal=34%",51013/54913/56915/10557/6223/6206/81875/9188/51388/55759/6218/23560/84128/84154/54512/10556/6194/1029/25879/9136/3921/6205/6125/118460/345630/23212/23481/84549/51335/51154/1662/6210/28987/8450/54552/10521/84294/10436/84946/56902/23160/6217/6129/2068/6234/6191/81887/6201/6189/10171/8568/6169/10438/63899/6202/22984/91582/57647/6135/10813/83743/6227/6232/51367/65083/55011/404672/6130/285855/10200/10969/2091/51068/79954/51406/6233/6228/23246/23016/6155/9045/4839/22868/6209/51547/51010/26609/6230/9790/2197/10360/705/11103/10885/79707/51187/83732/6165/6154/23195/8602/6152/27349/51065/6203/2971/55505/10775/7248/11224/5394/11056/57455/9875/55003/90459/8451/55272/29063/55646/90121/92856/10799,F9
GO:0061982,meiosis I cell cycle process,101,-0.5500062766542139,-2.3835146188556413,3.593211605260724e-10,5.8530503634882124e-8,NA,2448,"tags=45%, list=16%, signal=38%",150365/29893/400629/4439/1164/5888/5347/898/7155/3306/7314/56776/10635/9985/124817/2177/675/56158/27030/11130/8438/122402/10734/26271/3622/4603/146956/55063/993/9319/83990/2956/9088/6790/991/9133/7589/80010/84057/9700/10403/7153/9232/995/9134,F9
GO:0051783,regulation of nuclear division,135,-0.5111397081242522,-2.3062007586465945,3.592850883167421e-10,5.8530503634882124e-8,NA,1510,"tags=33%, list=10%, signal=30%",83987/10635/9735/286151/4487/3553/7272/11130/23363/701/26271/9820/4085/4882/9319/5810/157313/83540/891/332/1111/3619/1063/9088/3550/6790/991/55143/10040/4288/11065/1906/221150/9700/10403/9212/9787/699/4751/8697/995/57405/147841/220134,F9
GO:0008608,attachment of spindle microtubules to kinetochore,46,-0.6883628024529728,-2.594734645746343,3.9997120032319274e-10,6.343753748283901e-8,NA,1920,"tags=57%, list=13%, signal=49%",91272/25936/81929/22919/9735/983/79003/29127/348235/79980/83540/891/332/3619/55143/10615/11004/221150/1894/10403/9212/4751/1062/57405/147841/220134,F9
GO:0010965,regulation of mitotic sister chromatid separation,57,-0.6326337403041011,-2.4831589895841453,1.2543544901385985e-9,1.9384601312988035e-7,NA,2064,"tags=51%, list=14%, signal=44%",10459/5347/7517/9735/7272/11130/701/26271/4085/9319/83540/891/332/3619/1063/3550/991/55143/11065/221150/9700/10403/9212/9787/699/8697/57405/147841/220134,F9
GO:0007052,mitotic spindle organization,115,-0.5142576460198902,-2.2769790339145515,1.8331123879060603e-9,2.762042090477457e-7,NA,1360,"tags=30%, list=9%, signal=28%",3304/29899/7272/29127/9493/3832/79998/24137/83540/891/332/3619/3833/3925/64946/4605/4134/284403/6790/991/55143/6491/9793/22974/2009/56992/84722/3796/10403/9212/9787/4751/1062/57405/29128,F9
GO:0044784,metaphase/anaphase transition of cell cycle,93,-0.5480095721941001,-2.3457916163253314,2.0997467909665724e-9,3.013136645037031e-7,NA,2064,"tags=38%, list=14%, signal=33%",10459/10460/5347/7517/8193/9735/51412/7272/11130/701/26271/8110/4085/990/9319/83540/891/332/3619/1063/3550/991/55143/11065/221150/9700/10403/9212/9787/699/8697/1062/57405/147841/220134,F9
GO:0051321,meiotic cell cycle,230,-0.42476474714452556,-2.05309849277477,2.0986408154877703e-9,3.013136645037031e-7,NA,2448,"tags=34%, list=16%, signal=29%",150365/29893/400629/1642/4439/1164/7283/5888/128153/5347/898/8243/55329/56339/23310/7155/10051/3306/7314/56776/5515/246184/10635/286151/9985/124817/1017/2177/675/56158/27030/4487/7272/11130/8438/122402/10734/26271/3622/4603/146956/7516/55063/993/9918/4882/348235/9319/259266/5932/3955/83990/5810/83540/2956/7156/3619/10592/9088/6790/991/9133/7589/80010/84057/1906/9156/221150/23397/9700/10403/7153/9232/81930/4751/8697/995/9134/220134,F9
GO:1901991,negative regulation of mitotic cell cycle phase transition,165,-0.4657225181529355,-2.163251720749144,2.2730120745725755e-9,3.185917156616026e-7,NA,2064,"tags=32%, list=14%, signal=28%",10459/7157/5347/7517/7465/580/1027/60561/9735/4193/91607/1017/51339/7272/11130/6347/596/983/641/835/701/26271/4085/990/9319/51512/677/5932/5933/83540/891/332/1111/3619/1063/55031/9088/3550/991/55143/63967/2146/51720/10106/221150/10403/51514/9212/699/672/57405/147841/220134,F9
GO:0030071,regulation of mitotic metaphase/anaphase transition,87,-0.5610214703835481,-2.3815538617116285,2.606557372596055e-9,3.5157902940709955e-7,NA,2064,"tags=39%, list=14%, signal=34%",10459/5347/7517/8193/9735/51412/7272/11130/701/26271/8110/4085/990/9319/83540/891/332/3619/1063/3550/991/55143/11065/221150/9700/10403/9212/9787/699/8697/1062/57405/147841/220134,F9
GO:0007091,metaphase/anaphase transition of mitotic cell cycle,91,-0.5556573846869176,-2.3673250857329142,2.6250300851699817e-9,3.5157902940709955e-7,NA,2064,"tags=38%, list=14%, signal=33%",10459/10460/5347/7517/8193/9735/51412/7272/11130/701/26271/8110/4085/990/9319/83540/891/332/3619/1063/3550/991/55143/11065/221150/9700/10403/9212/9787/699/8697/1062/57405/147841/220134,F9
GO:0140013,meiotic nuclear division,148,-0.4723760504257505,-2.150717395672596,4.123610877251413e-9,5.402826686346579e-7,NA,2677,"tags=41%, list=18%, signal=34%",2175/63979/339345/150365/29893/400629/1642/4439/1164/5888/5347/898/7155/10051/3306/7314/56776/10635/286151/9985/124817/2177/675/56158/27030/4487/7272/11130/8438/122402/10734/26271/3622/4603/146956/55063/4882/348235/9319/259266/83990/5810/83540/3619/10592/6790/991/9133/7589/80010/84057/221150/23397/9700/10403/7153/9232/81930/9134/220134,F9
GO:1901970,positive regulation of mitotic sister chromatid separation,21,-0.8103116786307922,-2.480283421659733,4.839458102244605e-9,6.205832762176221e-7,NA,501,"tags=52%, list=3%, signal=51%",332/3619/991/55143/11065/221150/9700/9212/9787/8697/220134,F9
GO:1902099,regulation of metaphase/anaphase transition of cell cycle,89,-0.553128815472524,-2.3622708446511775,6.048425411302237e-9,7.594554157066371e-7,NA,2064,"tags=38%, list=14%, signal=33%",10459/5347/7517/8193/9735/51412/7272/11130/701/26271/8110/4085/990/9319/83540/891/332/3619/1063/3550/991/55143/11065/221150/9700/10403/9212/9787/699/8697/1062/57405/147841/220134,F9
GO:0051306,mitotic sister chromatid separation,60,-0.6112579504697819,-2.4155087110511073,7.823647109347124e-9,9.623085944496963e-7,NA,2064,"tags=48%, list=14%, signal=42%",10459/5347/7517/9735/7272/11130/701/26271/4085/9319/83540/891/332/3619/1063/3550/991/55143/11065/221150/9700/10403/9212/9787/699/8697/57405/147841/220134,F9
GO:0033045,regulation of sister chromatid segregation,100,-0.5248946424291168,-2.2678109894083933,1.030378605835818e-8,1.2420183714744951e-6,NA,2064,"tags=36%, list=14%, signal=31%",10459/10460/5347/7517/8193/9735/51412/7272/11130/983/701/26271/8110/4085/990/9319/83540/891/332/3619/1063/3550/991/55143/11065/221150/9700/10403/9212/9787/699/8697/1062/57405/147841/220134,F9
GO:0006275,regulation of DNA replication,111,-0.5036444803238795,-2.218100502717552,1.5163745804112545e-8,1.7919979600271823e-6,NA,2811,"tags=42%, list=19%, signal=35%",144455/546/1026/8467/7270/27154/6742/3060/93973/54962/80174/3399/1660/4174/7157/7465/2735/2736/1027/79915/5983/91607/1017/7126/983/641/26271/5984/51053/990/993/5111/4172/4175/114799/10926/8317/8914/5982/157570/4173/64710/4171/4176/890/1956/79733,F9
GO:0006302,double-strand break repair,249,-0.39399407305932455,-1.9130655754880959,1.7287622100254245e-8,2.003701892273699e-6,NA,2157,"tags=27%, list=14%, signal=24%",29072/4174/10459/5888/8295/7157/84126/5347/7517/25939/8193/9401/7155/7913/3146/125150/56776/84515/493861/200558/10635/9985/83666/2177/675/51412/10038/151636/51444/55135/142/8438/641/23137/25/8110/64858/146956/7516/55063/10721/9319/4436/4172/5932/83990/4175/113130/7156/1111/8317/8914/2305/10902/157570/4173/80010/51720/54556/51659/64710/3148/4171/2237/672/4176/55775/29128,F9
GO:0033044,regulation of chromosome organization,227,-0.40989400764862544,-1.9840399808755182,1.7928537940604445e-8,2.038779210717415e-6,NA,2074,"tags=28%, list=14%, signal=25%",10664/10459/10460/7157/5347/7517/8193/23310/10051/10155/167227/4137/493861/9735/26277/4931/1017/51412/7272/11130/9031/55135/142/983/23137/701/26271/3183/8110/4085/80119/990/9918/55226/9319/10923/83540/891/332/3619/10592/1063/64151/3550/991/55143/11065/221150/23397/9700/10403/9212/7153/9787/4171/699/2237/4751/8697/1062/57405/147841/54892/220134,F9
GO:2001251,negative regulation of chromosome organization,85,-0.5514463557995822,-2.315683425902663,1.9381960001876868e-8,2.1632420913205903e-6,NA,2064,"tags=44%, list=14%, signal=38%",10459/7157/5347/7517/167227/9735/26277/7272/11130/9031/142/701/26271/3183/4085/80119/55226/9319/10923/83540/891/332/3619/1063/3550/991/55143/221150/9700/10403/9212/7153/4171/699/57405/147841/220134,F9
GO:0007080,mitotic metaphase chromosome alignment,56,-0.6149367045216438,-2.408864464222436,2.1471009781905074e-8,2.3528322901007615e-6,NA,1920,"tags=46%, list=13%, signal=41%",91272/81929/22919/7272/983/79003/3835/348235/9928/79998/83540/113130/891/332/3619/3833/55143/11004/84722/221150/10403/9212/81930/8697/1062/220134,F9
GO:0051784,negative regulation of nuclear division,62,-0.6008753932252016,-2.3878541505236943,2.274122661437079e-8,2.447524514371656e-6,NA,2201,"tags=48%, list=15%, signal=41%",655/10459/5347/7517/9735/286151/7272/11130/701/26271/4085/9319/5810/83540/891/332/1111/3619/1063/3550/991/55143/10040/221150/10403/9212/699/57405/147841/220134,F9
GO:0045839,negative regulation of mitotic nuclear division,54,-0.6203114446485363,-2.406232871427372,2.91630192304535e-8,3.083605559683215e-6,NA,2201,"tags=52%, list=15%, signal=44%",655/10459/5347/7517/9735/7272/11130/701/26271/4085/9319/83540/891/332/1111/3619/1063/3550/991/55143/10040/221150/10403/9212/699/57405/147841/220134,F9
GO:0033046,negative regulation of sister chromatid segregation,46,-0.6440273976445479,-2.42761548927875,4.489310574021804e-8,4.435586037644166e-6,NA,2064,"tags=54%, list=14%, signal=47%",10459/5347/7517/9735/7272/11130/701/26271/4085/9319/83540/891/332/3619/1063/3550/991/55143/221150/10403/9212/699/57405/147841/220134,F9
GO:0033048,negative regulation of mitotic sister chromatid segregation,46,-0.6440273976445479,-2.42761548927875,4.489310574021804e-8,4.435586037644166e-6,NA,2064,"tags=54%, list=14%, signal=47%",10459/5347/7517/9735/7272/11130/701/26271/4085/9319/83540/891/332/3619/1063/3550/991/55143/221150/10403/9212/699/57405/147841/220134,F9
GO:0045841,negative regulation of mitotic metaphase/anaphase transition,46,-0.6440273976445479,-2.42761548927875,4.489310574021804e-8,4.435586037644166e-6,NA,2064,"tags=54%, list=14%, signal=47%",10459/5347/7517/9735/7272/11130/701/26271/4085/9319/83540/891/332/3619/1063/3550/991/55143/221150/10403/9212/699/57405/147841/220134,F9
GO:2000816,negative regulation of mitotic sister chromatid separation,46,-0.6440273976445479,-2.42761548927875,4.489310574021804e-8,4.435586037644166e-6,NA,2064,"tags=54%, list=14%, signal=47%",10459/5347/7517/9735/7272/11130/701/26271/4085/9319/83540/891/332/3619/1063/3550/991/55143/221150/10403/9212/699/57405/147841/220134,F9
GO:0006364,rRNA processing,189,0.406990240318919,2.001726226349526,4.91531012544627e-8,4.778157117107204e-6,NA,4339,"tags=49%, list=29%, signal=35%",51013/54913/56915/10557/6223/9188/55759/6218/23560/84128/84154/54512/10556/6194/1029/25879/9136/6125/118460/345630/23212/23481/84549/51154/1662/28987/10521/84294/10436/23160/6217/6129/2068/6234/81887/6201/10171/8568/10438/63899/6202/22984/57647/6135/10813/6227/6232/51367/65083/55011/404672/6130/285855/10200/10969/2091/79954/51406/23246/23016/6155/9045/4839/6209/51547/51010/6230/9790/10360/705/11103/10885/79707/83732/6165/6154/8602/55505/10775/11224/5394/11056/57455/9875/55003/90459/55272/29063/55646/90121/92856/10799,F9
GO:1901989,positive regulation of cell cycle phase transition,111,-0.4924184487993784,-2.168659940692518,5.296545737372337e-8,5.0670287554195364e-6,NA,2565,"tags=38%, list=17%, signal=32%",25942/894/80174/55835/4869/898/2735/255374/3306/1654/79915/56257/4193/207/134353/983/7564/26271/990/993/113130/891/332/301/8317/991/6491/11065/1019/2146/221150/9700/51514/9787/1956/6241/8697/995/9134/220134/6240/7015,F9
GO:0034508,centromere complex assembly,23,-0.7663590024385782,-2.4405523172834003,5.691567652218043e-8,5.35985597498721e-6,NA,2323,"tags=70%, list=15%, signal=59%",201161/23421/9735/11339/4678/55839/79003/79172/2491/1063/64946/55355/64105/1058/9787/1062,F9
GO:1901992,positive regulation of mitotic cell cycle phase transition,93,-0.5177137561045798,-2.2161083498305647,7.811119169574019e-8,7.242710036157325e-6,NA,1821,"tags=40%, list=12%, signal=35%",25942/894/80174/55835/898/255374/3306/1654/56257/4193/207/134353/983/26271/990/993/113130/891/332/301/8317/991/6491/11065/1019/221150/9700/51514/9787/1956/6241/8697/995/9134/220134/6240/7015,F9
GO:0007127,meiosis I,94,-0.5210173717659271,-2.2283445441411427,8.332300061753134e-8,7.608904920028202e-6,NA,2448,"tags=43%, list=16%, signal=36%",150365/29893/400629/4439/1164/5888/5347/898/7155/3306/7314/56776/10635/9985/124817/2177/675/56158/27030/11130/8438/122402/10734/26271/3622/4603/146956/55063/9319/83990/6790/9133/7589/80010/84057/9700/10403/7153/9232/9134,F9
GO:1902100,negative regulation of metaphase/anaphase transition of cell cycle,47,-0.6330437364700084,-2.392454967330042,8.848174380208834e-8,7.842345145517447e-6,NA,2064,"tags=53%, list=14%, signal=46%",10459/5347/7517/9735/7272/11130/701/26271/4085/9319/83540/891/332/3619/1063/3550/991/55143/221150/10403/9212/699/57405/147841/220134,F9
GO:1905819,negative regulation of chromosome separation,47,-0.6330437364700084,-2.392454967330042,8.848174380208834e-8,7.842345145517447e-6,NA,2064,"tags=53%, list=14%, signal=46%",10459/5347/7517/9735/7272/11130/701/26271/4085/9319/83540/891/332/3619/1063/3550/991/55143/221150/10403/9212/699/57405/147841/220134,F9
GO:0000725,recombinational repair,145,-0.44548119045384,-2.0229955668789734,9.046334679370495e-8,7.901776682980576e-6,NA,2157,"tags=29%, list=14%, signal=25%",29072/4174/10459/5888/8295/5347/7517/25939/9401/125150/84515/493861/10635/9985/675/51444/55135/142/8438/641/23137/25/7516/10721/4172/5932/4175/7156/1111/8317/8914/10902/4173/80010/54556/51659/64710/4171/2237/672/4176/29128,F9
GO:0051984,positive regulation of chromosome segregation,30,-0.717636840290196,-2.460322391018713,9.526794647382243e-8,8.20257019139611e-6,NA,1806,"tags=57%, list=12%, signal=50%",23310/10051/983/23137/990/9918/891/332/3619/10592/64151/55143/221150/23397/9212/54892/220134,F9
GO:0051985,negative regulation of chromosome segregation,48,-0.62519945852296,-2.391094335421028,1.0478421389696065e-7,8.894851509253265e-6,NA,2064,"tags=52%, list=14%, signal=45%",10459/5347/7517/9735/7272/11130/701/26271/4085/9319/83540/891/332/3619/1063/3550/991/55143/221150/10403/9212/699/57405/147841/220134,F9
GO:0048704,embryonic skeletal system morphogenesis,92,-0.5071223586995565,-2.165198100738343,1.1044807616963743e-7,9.2454243760334e-6,NA,2597,"tags=40%, list=17%, signal=33%",5156/9742/3214/145258/655/116039/29072/57453/257/3212/3207/5079/4522/4323/3225/3340/3235/3205/3237/3236/3227/4188/3213/6474/4838/3201/6664/3232/2263/3233/3199/3198/3200/6913/3221/3202/3204,F9
GO:0031577,spindle checkpoint signaling,45,-0.632997222828124,-2.368666925462194,1.1393159619725122e-7,9.406379866860728e-6,NA,2064,"tags=53%, list=14%, signal=46%",10459/5347/7517/9735/7272/11130/701/4085/9319/83540/891/332/3619/1063/3550/991/55143/221150/10403/9212/699/57405/147841/220134,F9
GO:0051225,spindle assembly,117,-0.46953293539748436,-2.0831778102711054,1.337522130161234e-7,1.0893575511461835e-5,NA,2310,"tags=34%, list=15%, signal=29%",1642/55835/80254/5347/8243/9611/22919/93323/3304/203068/29899/29127/9493/26271/3832/348235/259266/24137/332/3619/3833/4605/115106/6790/991/55143/9133/6491/10615/8841/22974/10982/56992/3796/221150/10403/9212/4751/29128/220134,F9
GO:0006310,DNA recombination,257,-0.3832750384383694,-1.8743055556353603,1.5055432046924072e-7,1.2098545192908185e-5,NA,2434,"tags=30%, list=16%, signal=25%",54799/93973/29893/400629/23075/4439/79605/29072/4174/10459/5888/8295/80762/5347/7517/25939/9401/7155/580/6830/3146/125150/84515/79915/493861/79725/200558/3838/10635/9985/124817/2177/675/5395/27030/51444/55135/142/8438/641/23137/25/80119/22976/146956/7516/55063/10721/9319/4436/4172/5932/83990/7037/4175/2956/7156/1111/8317/8914/3149/10902/4173/80010/84057/54556/51659/64710/3148/9156/7153/4171/2237/672/4176/29128,F9
GO:0033047,regulation of mitotic sister chromatid segregation,53,-0.6002220179235859,-2.3232570179750565,1.5308455943663576e-7,1.2140008417428996e-5,NA,2064,"tags=49%, list=14%, signal=42%",10459/5347/7517/9735/7272/11130/983/701/26271/4085/9319/83540/891/332/3619/1063/3550/991/55143/221150/10403/9212/699/57405/147841/220134,F9
GO:0007094,mitotic spindle assembly checkpoint signaling,44,-0.6443550422030084,-2.404593558058171,1.7014717078645599e-7,1.2980721497847725e-5,NA,2064,"tags=55%, list=14%, signal=47%",10459/5347/7517/9735/7272/11130/701/4085/9319/83540/891/332/3619/1063/3550/991/55143/221150/10403/9212/699/57405/147841/220134,F9
GO:0071173,spindle assembly checkpoint signaling,44,-0.6443550422030084,-2.404593558058171,1.7014717078645599e-7,1.2980721497847725e-5,NA,2064,"tags=55%, list=14%, signal=47%",10459/5347/7517/9735/7272/11130/701/4085/9319/83540/891/332/3619/1063/3550/991/55143/221150/10403/9212/699/57405/147841/220134,F9
GO:0071174,mitotic spindle checkpoint signaling,44,-0.6443550422030084,-2.404593558058171,1.7014717078645599e-7,1.2980721497847725e-5,NA,2064,"tags=55%, list=14%, signal=47%",10459/5347/7517/9735/7272/11130/701/4085/9319/83540/891/332/3619/1063/3550/991/55143/221150/10403/9212/699/57405/147841/220134,F9
GO:0048525,negative regulation of viral process,87,-0.5191185471651578,-2.2036746291404796,2.0947305603747732e-7,1.578117635922345e-5,NA,3701,"tags=55%, list=25%, signal=42%",54737/57169/117854/6590/3669/4061/9235/6732/55223/10107/51574/56829/27350/200315/131578/7538/5478/10410/200316/85363/10155/6733/6672/7706/388419/5629/5806/4057/684/4938/9636/60489/140564/9830/6772/4939/9582/64135/6737/5359/8638/10318/91543/4599/4940/11043/63901/22954,F9
GO:0045132,meiotic chromosome segregation,64,-0.5596550867154454,-2.2336805292973465,2.594659373376896e-7,1.9306187707830312e-5,NA,2386,"tags=50%, list=16%, signal=42%",29893/1642/4439/5347/898/10051/56776/9985/2177/56158/27030/7272/11130/10734/26271/55063/348235/9319/259266/83990/83540/10592/6790/9133/84057/221150/23397/9700/10403/9232/9134/220134,F9
GO:0051315,attachment of mitotic spindle microtubules to kinetochore,23,-0.7473151377944169,-2.379905090801495,2.6469327307159915e-7,1.9454955570762536e-5,NA,1920,"tags=70%, list=13%, signal=61%",91272/81929/22919/983/79003/348235/83540/332/3619/55143/11004/221150/10403/9212/1062/220134,F9
GO:0045071,negative regulation of viral genome replication,48,-0.6131171458985467,-2.3448851634820866,2.7131631437952163e-7,1.9466945556730678e-5,NA,3701,"tags=65%, list=25%, signal=49%",54737/57169/117854/6590/3669/6732/56829/27350/200315/10410/200316/10155/6733/388419/5629/4057/684/4938/9636/60489/140564/4939/9582/64135/5359/8638/10318/91543/4599/4940/63901,F9
GO:0000724,double-strand break repair via homologous recombination,143,-0.4487075921588587,-2.025022130710296,2.7100210142887944e-7,1.9466945556730678e-5,NA,2157,"tags=29%, list=14%, signal=25%",29072/4174/10459/5888/8295/5347/7517/25939/9401/125150/84515/493861/10635/9985/675/51444/55135/142/8438/641/23137/25/7516/10721/4172/5932/4175/7156/1111/8317/8914/10902/4173/80010/54556/51659/64710/4171/2237/672/4176/29128,F9
GO:0042274,ribosomal small subunit biogenesis,91,0.4908177912268469,2.1969419771536787,4.401257234171327e-7,3.120750276511834e-5,NA,4339,"tags=59%, list=29%, signal=42%",6223/6206/6218/84128/6194/25879/9136/3921/6205/23212/6210/28987/84294/10436/84946/56902/23160/6217/2068/6234/6191/6201/6189/10171/6202/91582/57647/6227/6232/65083/404672/2091/79954/51406/6233/6228/6209/6230/9790/2197/705/11103/10885/83732/8602/27349/51065/6203/5394/11056/55272/90121/92856/10799,F9
GO:0051383,kinetochore organization,17,-0.8030235724332145,-2.3347288883577466,4.481507489810434e-7,3.140702981521801e-5,NA,1782,"tags=71%, list=12%, signal=62%",10051/9735/79003/83540/10592/1063/64946/64105/1058/10403/9787/1062,F9
GO:0010639,negative regulation of organelle organization,322,-0.3511123682672501,-1.7618320834675667,4.990701731052854e-7,3.4573516474776496e-5,NA,1731,"tags=24%, list=12%, signal=22%",655/4869/91663/10459/7157/5347/7517/10677/84952/167227/2314/4133/4137/22919/9735/286151/26277/1496/4089/50944/207/5295/79929/119/664/7272/11130/9031/142/701/347240/26271/3183/4085/80119/9026/55226/9319/10449/375189/81624/24139/26586/10923/7037/5810/50848/83540/891/332/1111/3619/3925/1063/58526/4134/11075/3550/991/899/55143/10040/22974/822/8996/221150/9700/10403/9212/7153/4171/699/672/54961/57405/147841/220134/22954,F9
GO:0000082,G1/S transition of mitotic cell cycle,222,-0.38258352637386384,-1.8374572262721032,5.37764821236683e-7,3.6830779290835094e-5,NA,2870,"tags=32%, list=19%, signal=26%",1024/605/144455/324/7027/1026/1104/26524/894/57165/11170/5426/55835/7157/898/7465/8193/6881/255374/58480/1027/637/1654/5515/56257/25799/4193/91607/1017/51412/207/645121/134353/51339/1031/5721/6347/596/983/835/57663/1033/8110/8454/990/993/51512/9928/5932/5933/901/55626/1869/891/10926/301/8317/128239/899/9133/6491/1019/2146/10106/890/1956/6241/9134/6240/7015,F9
GO:0045931,positive regulation of mitotic cell cycle,124,-0.4605218664741792,-2.061615639590591,7.200086882796096e-7,4.875834117147423e-5,NA,2909,"tags=40%, list=19%, signal=32%",4762/1845/9099/7027/25942/894/80174/55835/6886/5641/23326/898/255374/3306/1654/56257/4193/675/207/134353/983/3280/25/26271/990/993/113130/891/332/301/8317/6790/991/6491/11065/1019/6990/221150/9700/51514/9787/1956/6241/8697/995/9134/220134/6240/7015,F9
GO:0048706,embryonic skeletal system development,129,-0.45052739176680884,-2.0235270635786513,8.175580353214496e-7,5.474913643202641e-5,NA,2788,"tags=37%, list=19%, signal=31%",5125/54903/579/5156/9742/3214/54799/145258/655/116039/29072/57453/257/3212/3207/3231/5079/4522/3223/4323/3225/9464/3340/10522/3235/3205/3222/3237/3236/3227/4188/3213/81031/6474/4838/3201/6664/3232/2263/3233/3199/3198/3200/6913/3221/3202/3204/3203,F9
GO:0051653,spindle localization,60,-0.560643816651054,-2.215496783112204,8.983548986769081e-7,5.949873598160137e-5,NA,2056,"tags=38%, list=14%, signal=33%",128153/54820/5347/23291/162282/56776/22919/29899/2697/4085/137886/348235/259266/79816/4134/10615/8841/1058/221150/9700/10403/3993/220134,F9
GO:0022613,ribonucleoprotein complex biogenesis,373,0.3137921341590447,1.696122757077886,9.429927035283477e-7,6.17762720017973e-5,NA,3700,"tags=34%, list=25%, signal=26%",51013/54913/56915/10557/6223/6206/81875/23521/9188/51388/55759/6218/23560/51386/8669/84128/84154/54512/10556/6194/1029/25879/8559/9136/3921/6205/6125/8894/118460/345630/54496/23212/23481/84549/51335/51154/1662/6210/28987/10291/8450/54552/11171/79760/10521/8664/84294/10436/84946/56902/8661/23160/6217/6129/2068/6234/6191/81887/6201/6189/10171/8568/6169/27335/10438/3646/63899/1653/28985/6202/22984/91582/57647/6135/83443/10813/83743/6227/8667/6232/51367/65083/55011/404672/6130/285855/10200/10969/2091/51068/79954/51406/6233/6228/26576/23246/23016/6155/9045/4839/22868/6209/6634/10856/51547/51010/26609/6230/6895/9790/2197/84844/10360/705/11103/10885/79707/51187/83732/6165/6154/23195/8602/6152/27349/26121/51065,F9
GO:0031570,DNA integrity checkpoint signaling,119,-0.4626337937108267,-2.0582000232505058,1.140790567200476e-6,7.341197674550026e-5,NA,2811,"tags=47%, list=19%, signal=39%",27339/8555/54465/81620/1763/7508/1112/9656/5884/57551/51343/55544/144455/1026/11329/26272/54962/79621/80254/5888/7157/84126/5347/4067/79858/57646/580/1027/60561/4193/83666/1017/2177/675/1407/144715/151636/983/641/835/146956/990/4436/51512/83990/5810/1869/25896/1111/8914/63967/51720/65975/51514/672/79968,F9
GO:0000077,DNA damage checkpoint signaling,113,-0.45891180408382193,-2.020720087588266,1.1449686102666374e-6,7.341197674550026e-5,NA,2811,"tags=37%, list=19%, signal=30%",144455/1026/11329/26272/54962/79621/80254/5888/7157/84126/5347/4067/79858/57646/580/1027/60561/4193/83666/1017/2177/675/1407/144715/151636/983/641/835/146956/4436/51512/83990/5810/1869/25896/1111/63967/51720/65975/51514/672/79968,F9
GO:0051293,establishment of spindle localization,56,-0.5626942352000243,-2.204217340466871,1.5838277634831681e-6,1.0048136768961109e-4,NA,2056,"tags=39%, list=14%, signal=34%",128153/54820/5347/23291/162282/56776/22919/29899/2697/4085/137886/348235/79816/4134/10615/8841/1058/221150/9700/10403/3993/220134,F9
GO:0050792,regulation of viral process,148,-0.4245385851058785,-1.9329145059291306,1.6223716061398693e-6,1.0185451739796867e-4,NA,3701,"tags=45%, list=25%, signal=34%",54737/57169/117854/6590/3669/4061/940/6780/7301/103/9235/10739/6732/55223/406919/10107/51574/56829/27350/200315/3956/131578/7538/1660/1642/5478/10410/6609/200316/85363/7155/10155/6733/3146/6672/7706/388419/1654/3838/5629/596/79720/5806/4057/684/4938/9636/60489/140564/9830/6772/4939/9582/64135/6737/5359/8638/10318/91543/4599/4940/55128/11043/7153/63901/7852/22954,F9
GO:0016072,rRNA metabolic process,223,0.36323250494040865,1.8437027862764621,1.7560116284716642e-6,1.0910806272988372e-4,NA,4339,"tags=46%, list=29%, signal=33%",51013/54913/56915/10557/6223/9188/55759/6218/23560/84128/84154/54512/9330/10556/6194/1029/25879/9136/6125/118460/345630/23212/23481/84549/51154/1662/28987/10521/84294/10436/10595/23160/6217/112495/6129/2068/6234/81887/6201/10171/8568/10438/63899/6202/22984/57647/4609/6135/10813/6227/6232/64768/51367/65083/55011/404672/6130/285855/10200/10969/2091/79954/51406/23246/23016/6155/9045/4839/6209/51547/51010/84172/6230/9790/10360/705/11103/10885/79707/83732/64425/6165/6154/2976/8602/2971/55505/10775/11224/115752/5394/11056/57455/9875/55003/90459/55272/29063/2074/55646/90121/92856/10799,F9
GO:0045740,positive regulation of DNA replication,40,-0.6199266568421536,-2.2623551163059665,2.4718538483390888e-6,1.5201901167285396e-4,NA,3900,"tags=68%, list=26%, signal=50%",11177/81620/1763/6416/2021/144455/546/1026/8467/27154/6742/80174/1660/7465/2735/2736/1027/79915/1017/7126/983/993/5111/10926/8317/1956/79733,F9
GO:0044839,cell cycle G2/M phase transition,137,-0.42711977078577795,-1.9245191985133359,2.6499886749431308e-6,1.6132809842305302e-4,NA,2565,"tags=34%, list=17%, signal=28%",25942/5218/5569/80174/79621/4869/23326/7157/5347/7465/3306/580/60561/79915/1017/983/641/26271/22976/990/993/9928/5932/8493/891/332/1111/8317/1063/55031/9088/6790/2305/9133/63967/1019/9833/51720/9024/10403/51514/9212/672/890/995/6240,F9
GO:0044843,cell cycle G1/S phase transition,247,-0.36646279909225576,-1.7740486613465722,2.953472061779915e-6,1.7800576116347547e-4,NA,2892,"tags=30%, list=19%, signal=25%",4330/1024/605/144455/324/7027/1026/574506/1104/26524/894/57165/11170/5426/6657/55835/7157/898/7465/2735/8193/6881/255374/322/58480/1027/637/1654/5515/56257/25799/4193/91607/1017/51412/207/645121/134353/51339/1031/5721/6347/596/983/835/57663/1033/8110/8454/990/993/51512/9928/5932/5933/901/55626/1869/891/10926/301/8317/128239/899/9133/6491/1019/2146/10106/890/1956/6241/9134/6240/7015,F9
GO:0051294,establishment of spindle orientation,41,-0.6071243529398221,-2.2336220921913443,3.1102367274877917e-6,1.8559798768880118e-4,NA,2034,"tags=46%, list=14%, signal=40%",3996/54820/5347/23291/162282/22919/29899/2697/4085/137886/348235/4134/10615/8841/1058/221150/10403/3993/220134,F9
GO:0090329,regulation of DNA-templated DNA replication,43,-0.6053836068700693,-2.240996150175662,3.379730121975373e-6,1.9970228867789778e-4,NA,2811,"tags=56%, list=19%, signal=46%",144455/546/6742/54962/80174/4174/5983/91607/1017/641/26271/5984/51053/5111/4172/4175/10926/8317/8914/5982/4173/4171/4176/79733,F9
GO:0010001,glial cell differentiation,247,-0.363409118337634,-1.7592657740566875,3.7410433080821167e-6,2.1890551473602833e-4,NA,3752,"tags=41%, list=25%, signal=31%",4781/56978/3265/1463/2896/7431/92737/388585/23230/6608/1462/3572/712/2596/7133/6659/6692/6662/9283/79152/5080/1267/128853/4919/54209/274/63827/3766/55553/6657/7097/80045/6886/20/7101/1404/2840/91137/10810/2065/5454/4067/4192/1605/1000/85414/84504/5354/4336/4821/6279/7080/56339/176/10893/4137/6280/57721/429/58158/728/9839/207/5453/1031/23512/11076/3553/116448/5764/664/4099/983/28999/3280/7846/25/30812/4152/7161/1840/10675/4118/5663/5803/10215/2670/406957/2064/60484/4763/4615/54468/6547/10397/6664/6900/1956/170825/7852/11221,F9
GO:0031109,microtubule polymerization or depolymerization,129,-0.4361854949885799,-1.9591109663465012,4.530100545849962e-6,2.6252803836382426e-4,NA,2259,"tags=32%, list=15%, signal=27%",55835/50861/122060/7283/54820/81551/1027/4133/4137/22919/93323/3304/79929/11076/7846/25/347240/26271/348235/81624/79998/24139/26586/146909/51673/3925/58526/4134/115106/11075/9793/22974/10982/11004/84722/3796/221150/9212/81930/124602/220134,F9
GO:1901976,regulation of cell cycle checkpoint,40,-0.6114866590549923,-2.231554259519682,4.651684057909809e-6,2.6700666492402304e-4,NA,2248,"tags=48%, list=15%, signal=41%",79621/5888/7517/580/5629/675/1407/11130/4085/891/332/3619/55143/221150/10403/9212/672/79968/220134,F9
GO:0048709,oligodendrocyte differentiation,103,-0.45701478491403946,-1.986253389458702,6.8832497351211495e-6,3.9137119012806764e-4,NA,2874,"tags=41%, list=19%, signal=33%",5080/1267/128853/3766/55553/7097/20/2840/10810/4067/4192/1605/85414/84504/5354/4336/4821/7080/429/58158/1031/23512/11076/116448/5764/664/4099/3280/30812/7161/4118/5803/10215/2064/4763/54468/6547/6664/6900/170825/7852/11221,F9
GO:1902101,positive regulation of metaphase/anaphase transition of cell cycle,18,-0.7511093290514524,-2.2104120396681504,6.970035739359939e-6,3.9260191963665753e-4,NA,368,"tags=39%, list=2%, signal=38%",991/11065/221150/9700/9787/8697/220134,F9
GO:0044786,cell cycle DNA replication,40,-0.6047132878995417,-2.2068355759156715,7.186922517552965e-6,4.010702038267752e-4,NA,2864,"tags=55%, list=19%, signal=45%",3978/144455/546/54962/80174/5888/79915/675/641/26271/51053/5111/4172/4175/7083/10926/8317/4173/9837/4171/2237/79733,F9
GO:0042063,gliogenesis,321,-0.33121292706431427,-1.6594663590229326,8.194448977677583e-6,4.5310040356387883e-4,NA,3752,"tags=39%, list=25%, signal=30%",4781/430/407006/56978/3265/1463/8851/2896/7431/92737/388585/23230/6608/5048/1462/3572/712/2596/22911/7133/6659/6692/1128/6662/1435/9283/79152/5080/1267/128853/9423/4919/2290/54209/274/63827/26228/57165/3766/5028/55553/6657/7097/80045/6886/20/7101/1404/2840/91137/10810/2065/7157/5454/4067/4192/1605/1000/85414/84504/5354/4336/4821/6279/7080/56339/176/928/10893/4137/6280/57721/27185/6833/429/58158/728/9839/207/5453/1031/23512/4147/11076/3553/116448/5764/664/6347/4099/4323/983/28999/3280/7846/25/4036/30812/4152/7161/1840/10675/4118/5663/5803/10215/2670/406957/2064/60484/4763/4615/54468/6547/10397/1464/6664/2146/6900/7042/1956/170825/7852/11221,F9
GO:0045069,regulation of viral genome replication,75,-0.513115979991127,-2.1186759243176048,8.466968837733331e-6,4.6391291986380717e-4,NA,3701,"tags=56%, list=25%, signal=42%",8519/5586/54737/57169/117854/6590/3669/940/6780/103/6732/56829/27350/200315/1642/5478/10410/200316/7155/10155/6733/388419/1654/5629/596/4057/684/4938/9636/60489/140564/4939/9582/64135/5359/8638/10318/91543/4599/4940/7153/63901,F9
GO:0048705,skeletal system morphogenesis,218,-0.36972963640945994,-1.7772806557025023,8.705139795520234e-6,4.72665563491896e-4,NA,2690,"tags=31%, list=18%, signal=26%",338773/579/5156/9350/9742/55553/64399/3214/145258/84159/655/116039/29072/8575/64651/55512/51141/54475/57453/26585/257/3037/3212/3207/5079/340260/4487/4522/4146/4323/9249/3225/4057/3340/4313/84314/2268/5663/389058/4882/7422/3235/3224/3205/8538/2261/285973/3237/3236/3227/4188/3213/6474/4838/3201/6664/3232/2263/3233/3199/3198/3200/6913/3221/7476/3202/3204,F9
GO:0045842,positive regulation of mitotic metaphase/anaphase transition,17,-0.7583893552581917,-2.2049583563022557,9.89413938354474e-6,5.324283755770014e-4,NA,368,"tags=41%, list=2%, signal=40%",991/11065/221150/9700/9787/8697/220134,F9
GO:1903900,regulation of viral life cycle,124,-0.4334125424670671,-1.940255481864129,1.0450467316451442e-5,5.573890842146268e-4,NA,3701,"tags=47%, list=25%, signal=36%",54737/57169/117854/6590/3669/4061/940/6780/7301/103/9235/10739/6732/55223/10107/56829/27350/200315/3956/131578/1642/5478/10410/6609/200316/85363/7155/10155/6733/3146/7706/388419/1654/3838/5629/596/79720/5806/4057/684/4938/9636/60489/140564/4939/9582/64135/6737/5359/8638/10318/91543/4599/4940/55128/11043/7153/63901,F9
GO:0051656,establishment of organelle localization,412,-0.31109395461025513,-1.5926315838451965,1.2731095970579586e-5,6.730729422340629e-4,NA,2924,"tags=26%, list=19%, signal=22%",3192/79789/3837/10652/5080/3800/324/8241/4139/9423/22871/26115/84823/2623/55781/10312/695/2922/3798/8120/3996/1113/10640/2294/153241/4869/55512/440279/8546/128153/10460/54820/5347/4067/10079/10972/91272/54732/25936/81929/23291/7314/162282/8938/4133/56776/4137/10814/22919/9735/84364/11314/29899/7272/11130/983/55930/2697/79003/7846/29127/4085/60412/2268/137886/5663/3835/348235/9928/23025/79980/79816/79998/83540/113130/891/6585/332/3619/26958/3833/3815/1063/4134/7345/55143/10615/8841/1058/11004/84722/221150/1894/9700/10403/9212/3993/357/81930/4751/8697/1062/57405/147841/6385/220134/4001,F9
GO:0045005,DNA-templated DNA replication maintenance of fidelity,46,-0.5713606721039067,-2.153703433482964,1.6399620925715538e-5,8.594827419068482e-4,NA,2739,"tags=46%, list=18%, signal=37%",546/5426/54962/5888/25939/580/10293/84515/91607/675/142/641/146956/10721/5111/5932/8914/64710/9156/672/63901,F9
GO:0071103,DNA conformation change,79,-0.4881964084574987,-2.0333588589061664,1.8338683569743266e-5,9.528210851279539e-4,NA,2333,"tags=47%, list=16%, signal=40%",84296/3181/116447/25913/57680/5985/57697/6742/1660/4174/5888/9401/7155/3146/84515/1654/5983/10146/641/25/5984/80119/10721/4172/83990/10923/4175/7156/3149/5982/4173/9837/51659/3148/7153/4171/4176,F9
GO:0000086,G2/M transition of mitotic cell cycle,122,-0.4224726842420605,-1.8821534817573728,1.8519907035778612e-5,9.540126470481854e-4,NA,2565,"tags=33%, list=17%, signal=27%",25942/5218/5569/80174/79621/23326/5347/7465/3306/580/60561/1017/983/641/26271/990/993/9928/5932/8493/891/332/1111/8317/1063/55031/9088/6790/2305/63967/1019/9833/51720/9024/51514/9212/672/890/995/6240,F9
GO:0051052,regulation of DNA metabolic process,428,-0.3035678107937081,-1.5614315078494194,1.9339909324248318e-5,9.878104533664798e-4,NA,2760,"tags=26%, list=18%, signal=22%",7027/50507/546/1026/2271/63979/8467/26272/7270/27154/6742/54799/3060/93973/54962/80174/3399/1660/4869/29072/4174/27097/10459/5888/8295/23326/7157/84126/80762/5347/7465/2735/8193/6879/2736/117143/6881/7155/10155/7913/580/6830/167227/3146/1027/56776/79915/493861/5983/200558/3838/10635/26277/91607/4931/1017/51412/207/5395/7126/55135/142/983/641/23137/9104/7398/25/26271/5984/3183/8110/80119/22976/51053/990/55063/10721/993/5111/10629/55226/4436/4172/7422/10923/7037/4175/2956/1111/114799/10926/8317/8914/2305/5982/10902/157570/4173/4772/51720/54556/64710/9212/4171/672/2139/4176/890/1956/79733/4751,F9
GO:0009060,aerobic respiration,145,0.37522108409657284,1.7962230707159146,2.4238469319005215e-5,0.001217377121547037,NA,3749,"tags=41%, list=25%, signal=31%",50/84275/55753/3419/23479/126328/158/1339/84701/1431/400916/65084/4190/4704/27069/4731/1327/57017/5160/6390/1347/1345/10105/4694/7385/7388/1349/1737/2395/9377/4696/4714/7381/4715/7386/9167/6472/9016/4700/89/374291/1340/8801/3416/5018/1537/1329/4723/4706/3091/55967/6622/48/125965/4710/3421/4713/4719/51103/6392,F9
GO:0042770,signal transduction in response to DNA damage,171,-0.38400800769619675,-1.7956144127283866,2.421696094170512e-5,0.001217377121547037,NA,3258,"tags=36%, list=22%, signal=29%",6659/57551/51343/55544/6591/56950/144455/546/1026/11329/26272/54962/8533/79621/80254/10459/5888/7157/84126/5347/4067/79858/57646/580/6672/1027/637/7471/60561/79915/4193/83666/1017/2177/675/1407/4487/144715/151636/983/641/835/25/22976/146956/4436/51512/8493/83990/5810/1869/25896/960/1111/2305/63967/10397/51720/65975/51514/672/79968,F9
GO:0035825,homologous recombination,49,-0.5477246055616259,-2.1077657484658094,2.4462854955426944e-5,0.001218492783606266,NA,2386,"tags=45%, list=16%, signal=38%",29893/400629/4439/5888/7155/580/10635/9985/124817/2177/27030/8438/146956/9319/5932/83990/80010/84057/64710/7153/672/29128,F9
GO:0032392,DNA geometric change,71,-0.4896134594284099,-1.9992340676851001,2.579920061384754e-5,0.0012745228040955665,NA,2333,"tags=51%, list=16%, signal=43%",10111/92675/1763/84296/3181/25913/57680/5985/57697/6742/1660/4174/5888/9401/3146/84515/1654/5983/10146/641/5984/80119/10721/4172/83990/10923/4175/3149/5982/4173/9837/51659/3148/7153/4171/4176,F9
GO:0140053,mitochondrial gene expression,144,0.3829115307229941,1.83467074817263,2.6514961965617573e-5,0.001299233136315261,NA,3471,"tags=35%, list=23%, signal=27%",55005/7818/6832/25821/54516/84275/64432/57038/51067/7019/55149/51095/80324/400916/118487/51335/84545/85476/60488/64975/54460/6183/26589/122704/79590/84340/63899/51318/29088/64978/64969/51649/6472/51021/29074/11222/22868/55037/64981/92170/60493/64963/5018/51258/28998/64976/54938/55168/9553/4528,F9
GO:0140694,non-membrane-bounded organelle assembly,366,-0.31271987575634747,-1.582319934088392,2.751977604996648e-5,0.0013375942762350642,NA,2183,"tags=22%, list=15%, signal=19%",200539/153241/4869/80254/219988/4076/5347/8243/9611/58529/2314/6624/116840/4137/1073/1654/22919/93323/9735/5587/5629/1017/70/4089/3304/10146/203068/29899/9662/23363/79003/29127/9493/26271/3832/348235/81624/259266/55722/54890/24137/1465/332/3619/3833/10733/1063/64946/4605/115106/284403/6790/991/55143/283/9133/6491/10615/64105/8841/22974/1906/10982/1058/56992/3796/221150/10403/9212/9787/672/54443/4751/1062/57472/29128/220134/2318/1482/4478,F9
GO:1902749,regulation of cell cycle G2/M phase transition,101,-0.44242662974327635,-1.9173060099950625,2.795323434977902e-5,0.0013477931474089454,NA,2565,"tags=36%, list=17%, signal=30%",25942/5569/80174/79621/4869/7157/5347/7465/3306/580/60561/79915/1017/983/641/26271/22976/990/993/9928/5932/891/1111/8317/1063/55031/9088/6790/63967/1019/51720/51514/9212/672/995/6240,F9
GO:0001501,skeletal system development,486,-0.29530704757542614,-1.5375651284050842,3.0303123232049796e-5,0.0014494993945997152,NA,2926,"tags=29%, list=19%, signal=24%",871/5636/4762/10743/4086/171023/54360/5125/54903/85477/338773/579/64764/63827/5156/79001/3623/11091/9350/2019/9742/55553/64399/3214/54799/23508/145258/10683/5052/7704/3952/84159/7045/1404/655/4094/116039/1298/55636/29072/2134/8575/64651/55512/51141/7157/8642/2121/4192/2736/54475/176/4773/57453/2487/7471/26585/7477/257/3037/3212/56975/3207/3231/1116/55151/3696/5079/340260/3226/25884/4487/4522/4146/3223/4323/3206/9249/7298/3225/2697/4057/9104/7398/4015/9464/3340/4313/3238/84314/10522/2268/5308/5663/389058/4318/4882/6949/7422/3235/124976/3224/54808/3205/3222/8538/960/60484/4090/2261/285973/3237/3236/9770/3227/4188/3213/81031/6474/4838/1906/3201/6664/5307/302/7042/3232/2263/3233/3199/3198/57045/3200/6913/3221/7476/3202/3204/3203,F9
GO:0019646,aerobic electron transport chain,72,0.47660896288214266,2.018654956595311,3.257003154417857e-5,0.0015456659851713723,NA,5080,"tags=61%, list=34%, signal=41%",23479/1339/84701/4704/4731/1327/57017/6390/1347/1345/4694/7385/7388/1349/9377/4696/4714/7381/4715/7386/9167/4700/374291/1340/1537/1329/4723/4706/6622/4710/4713/4719/51103/6392/4718/4711/4709/4728/4697/440567/4726/1337/4720/6391,F9
GO:0071459,"protein localization to chromosome, centromeric region",18,-0.7246816605954125,-2.1326390254395022,3.424384657852115e-5,0.0016124036197558357,NA,2074,"tags=67%, list=14%, signal=58%",55920/55055/10664/91272/9735/7272/983/23137/701/3550/1058/9212,F9
GO:0051255,spindle midzone assembly,12,-0.78327647726589,-2.0477190074150324,4.684432764286224e-5,0.002188610563593261,NA,1075,"tags=58%, list=7%, signal=54%",29127/9493/24137/332/3619/55143/9212,F9
GO:0019079,viral genome replication,113,-0.41708239145167103,-1.8365332054779797,4.9987099200621426e-5,0.0023174788221703487,NA,3733,"tags=45%, list=25%, signal=34%",407006/54737/57169/117854/6590/3669/940/6780/103/6732/7415/56829/27350/200315/53349/1642/5478/10410/9218/200316/7155/10155/7913/6733/388419/1654/8812/5629/5289/6347/596/23137/4057/3429/684/4938/9636/60489/140564/4939/9582/64135/5359/8638/10318/91543/4599/64710/4940/7153/63901,F9
GO:0007143,female meiotic nuclear division,31,-0.6025225954453787,-2.057744217358395,5.1380266235658634e-5,0.0023638844626130886,NA,2310,"tags=52%, list=15%, signal=44%",1642/5347/7314/56776/27030/7272/26271/348235/9319/6790/9133/221150/23397/10403/7153/220134,F9
GO:0010389,regulation of G2/M transition of mitotic cell cycle,90,-0.4570547845628854,-1.946361001691322,5.353157139360405e-5,0.0024442028847670573,NA,2565,"tags=36%, list=17%, signal=30%",25942/5569/80174/79621/5347/7465/3306/580/60561/1017/983/641/26271/990/993/9928/5932/891/1111/8317/1063/55031/9088/6790/63967/1019/51720/51514/9212/672/995/6240,F9
GO:0006119,oxidative phosphorylation,101,0.4119349074928387,1.8800975026647229,5.469070859097064e-5,0.0024783526366750383,NA,4100,"tags=48%, list=27%, signal=35%",84275/23479/126328/1339/84701/400916/65084/4704/27069/4731/1327/57017/6390/1347/1345/10105/4694/7385/7388/1349/2395/9377/4696/4714/7381/4715/7386/9167/6472/4700/89/374291/1340/1537/1329/4723/4706/55967/6622/125965/4710/4713/4719/51103/6392/4718/4711/4709,F9
GO:0007098,centrosome cycle,124,-0.41493530330470174,-1.8575385296263702,5.512789683424259e-5,0.0024795211508953736,NA,2259,"tags=29%, list=15%, signal=25%",55835/153241/4869/4957/80254/54820/5347/7517/10806/6566/116840/93323/1017/675/11190/983/9662/7846/137886/7516/3832/55226/55722/1111/57710/10733/115106/284403/6790/899/6491/9793/56992/10403/672/4751,F9
GO:0000727,double-strand break repair via break-induced replication,10,-0.8413222850809494,-2.1013785658205713,5.997583700979884e-5,0.0026775879233930195,NA,726,"tags=80%, list=5%, signal=76%",4174/4172/4175/8317/4173/51659/4171/4176,F9
GO:0051382,kinetochore assembly,13,-0.7896756139481471,-2.1196707355774063,6.180069389884246e-5,0.002738770456825908,NA,1498,"tags=62%, list=10%, signal=55%",9735/79003/1063/64946/64105/1058/9787/1062,F9
GO:0070507,regulation of microtubule cytoskeleton organization,149,-0.3803048710659432,-1.7320440068089047,6.279768359257832e-5,0.002762639700820946,NA,2934,"tags=32%, list=20%, signal=26%",6093/10297/3192/8480/324/5879/246176/1104/27124/11170/55835/50861/122060/10460/5347/81551/1027/4133/4137/22919/93323/3304/79929/11076/29899/25/348235/81624/2011/79998/24139/26586/3925/58526/55521/115106/11075/6491/10615/9793/22974/10982/84722/221150/9212/81930/220134,F9
GO:0044771,meiotic cell cycle phase transition,13,-0.7892127077260179,-2.1184281889480907,6.384364627954963e-5,0.0027682544491400797,NA,1233,"tags=62%, list=8%, signal=57%",7272/11130/993/9088/991/9133/10403/995,F9
GO:0000462,"maturation of SSU-rRNA from tricistronic rRNA transcript (SSU-rRNA, 5.8S rRNA, LSU-rRNA)",28,0.610124430280615,2.0844917452416634,6.384393038501262e-5,0.0027682544491400797,NA,4339,"tags=64%, list=29%, signal=46%",6223/25879/23212/84294/23160/6217/2068/10171/6202/57647/6227/404672/79954/9790/705/8602/90121/10799,F9
GO:2000045,regulation of G1/S transition of mitotic cell cycle,160,-0.37447268463590283,-1.736530455640747,6.828019945772841e-5,0.002939462586655208,NA,3485,"tags=34%, list=23%, signal=27%",1739/8289/407021/9275/79027/5777/55544/5720/605/144455/324/7027/1026/894/57165/11170/55835/7157/898/7465/8193/255374/1027/637/1654/5515/56257/4193/91607/1017/51412/207/134353/51339/1031/5721/6347/596/835/8110/990/51512/9928/5933/55626/1869/301/6491/2146/10106/1956/6241/9134/6240/7015,F9
GO:0031023,microtubule organizing center organization,136,-0.3976947849315005,-1.7907528846916034,8.032892338263981e-5,0.003433634193100497,NA,2259,"tags=28%, list=15%, signal=24%",55835/153241/4869/4957/80254/54820/5347/7517/10806/23291/6566/116840/93323/1017/675/11190/983/9662/7846/137886/7516/3832/55226/2302/55722/1111/57710/10733/115106/284403/6790/899/6491/9793/56992/10403/672/4751,F9
GO:0033260,nuclear DNA replication,37,-0.5791360918735715,-2.0732154171187753,8.27126536684721e-5,0.0034860780675516176,NA,2864,"tags=51%, list=19%, signal=42%",3978/546/54962/80174/5888/79915/675/641/51053/5111/4172/4175/7083/10926/8317/4173/9837/4171/2237,F9
GO:1902806,regulation of cell cycle G1/S phase transition,183,-0.35990790867631717,-1.6966625050421174,8.240647688132879e-5,0.0034860780675516176,NA,3485,"tags=33%, list=23%, signal=26%",1739/49860/8289/407021/9275/79027/5777/55544/5720/4330/605/144455/324/7027/1026/574506/894/57165/11170/6657/55835/7157/898/7465/2735/8193/255374/322/1027/637/1654/5515/56257/4193/91607/1017/51412/207/134353/51339/1031/5721/6347/596/835/8110/990/51512/9928/5933/55626/1869/301/6491/2146/10106/1956/6241/9134/6240/7015,F9
GO:0032508,DNA duplex unwinding,66,-0.46817113187386156,-1.8874726928834622,8.555904193192035e-5,0.003581002400858916,NA,3291,"tags=42%, list=22%, signal=33%",25913/57680/5985/57697/6742/1660/4174/5888/9401/84515/1654/5983/10146/641/5984/80119/10721/4172/83990/10923/4175/5982/4173/9837/51659/7153/4171/4176,F9
GO:0006268,DNA unwinding involved in DNA replication,19,-0.7062815316214258,-2.105789667114554,8.787981160457644e-5,0.0036527698244191876,NA,2557,"tags=63%, list=17%, signal=52%",6742/4174/5888/9401/641/4172/4175/4173/9837/51659/4171/4176,F9
GO:0000022,mitotic spindle elongation,10,-0.827940459306026,-2.0679546540169467,1.1436242271311905e-4,0.004720974806109373,NA,1075,"tags=70%, list=7%, signal=65%",29127/9493/24137/332/3619/55143/9212,F9
GO:0022616,DNA strand elongation,36,-0.567524182881597,-2.0149250587650247,1.1541548369574447e-4,0.004732034831525523,NA,4118,"tags=58%, list=27%, signal=42%",283899/5422/79913/10111/1763/125476/25913/3978/5426/93973/5983/5984/64858/5111/4172/4173/9837/10714/64710/4176/7015,F9
GO:0031110,regulation of microtubule polymerization or depolymerization,90,-0.4453175001108597,-1.896377950436254,1.1783838093032676e-4,0.00479872920180459,NA,1693,"tags=36%, list=11%, signal=32%",10297/324/5879/246176/27124/50861/122060/81551/1027/4133/4137/22919/93323/3304/79929/25/348235/81624/79998/24139/26586/3925/58526/115106/11075/9793/22974/10982/84722/221150/9212/220134,F9
GO:0050767,regulation of neurogenesis,355,-0.3040202775236167,-1.536349860082635,1.2288793879811338e-4,0.004970775886820331,NA,2672,"tags=26%, list=18%, signal=22%",2290/4038/54209/23013/274/63827/57165/5789/7143/1636/8553/7097/10683/7101/1404/655/55636/4076/9037/7157/4067/4192/1605/84504/4821/1630/176/8482/4133/4137/27185/6833/3196/429/1627/5629/51393/3553/50937/5764/4099/6092/3897/23363/3280/6696/4036/30812/4152/7161/9820/1523/644943/22938/4776/7516/5663/5803/80237/10215/259266/2670/7422/406957/1495/6585/60484/3815/4763/91584/284403/3213/6474/999/6664/2146/3148/56896/302/63950/1949/6281/1956/170825/7852/11221/1826/1002/7476/23440/22954,F9
GO:0051231,spindle elongation,12,-0.7644413544542242,-1.9984783623709304,1.2512172512028742e-4,0.0049884253067609755,NA,1075,"tags=67%, list=7%, signal=62%",29127/9493/3832/24137/332/3619/55143/9212,F9
GO:0032608,interferon-beta production,55,-0.5034487181274853,-1.9607427750893345,1.2580730821763202e-4,0.0049884253067609755,NA,1607,"tags=31%, list=11%, signal=28%",10293/1654/84282/7098/4938/9636/4939/64135/81844/54476/3659/8780/79671/3148/4940/91947/3665,F9
GO:0032648,regulation of interferon-beta production,55,-0.5034487181274853,-1.9607427750893345,1.2580730821763202e-4,0.0049884253067609755,NA,1607,"tags=31%, list=11%, signal=28%",10293/1654/84282/7098/4938/9636/4939/64135/81844/54476/3659/8780/79671/3148/4940/91947/3665,F9
GO:0042403,thyroid hormone metabolic process,25,0.62507582065965706,2.0860593713483904,1.3057951869852185e-4,0.005110407527246696,NA,1611,"tags=44%, list=11%, signal=39%",90527/2304/1735/1734/50506/53919/1513/7173/53905/7038/6528,F9
GO:0009314,response to radiation,382,-0.2967715735356208,-1.509860519426588,1.299604883944004e-4,0.005110407527246696,NA,2670,"tags=25%, list=18%, signal=21%",5603/63979/26272/94233/894/3552/7518/6506/8553/2235/4221/54962/2353/1642/8533/2916/5187/2793/4869/5888/6609/7157/1958/57282/8243/56339/57646/836/580/6833/4308/10635/6011/57010/3746/4193/1991/2177/123041/6507/54112/675/207/54437/5295/5995/1407/144715/1141/11190/596/142/8438/641/7846/3627/7398/4313/7287/22976/4776/63943/7516/993/4318/5111/5158/2779/4436/90313/8493/84152/1643/5810/25896/2956/55872/3815/7412/4763/55031/51720/10714/64710/358/1894/8787/51514/9212/2237/672/1956/3198/6240/22954,F9
GO:0007019,microtubule depolymerization,45,-0.5269333867708873,-1.9717775057361981,1.3303150235913013e-4,0.005143964671075738,NA,1287,"tags=36%, list=9%, signal=33%",81551/79929/347240/81624/26586/146909/3925/58526/11075/9793/22974/11004/3796/9212/81930/124602,F9
GO:0015980,energy derivation by oxidation of organic compounds,273,0.3054982434454439,1.5805397252944715,1.331439337461117e-4,0.005143964671075738,NA,3749,"tags=34%, list=25%, signal=26%",378884/11152/5255/50/5213/55847/93058/84275/55753/3419/23479/5834/137872/126328/158/1312/1339/84701/80219/9365/5504/8604/53632/1431/2108/400916/83733/4160/65084/4190/208/4704/27069/9572/4731/1327/57017/2992/5160/6390/2109/1347/5261/3052/1345/10105/4694/7385/64422/7388/1349/1737/2395/9377/4696/4714/7381/4715/7386/9167/6472/112609/9016/4700/89/374291/1340/8801/3416/5018/1537/8660/1329/4723/23710/4706/2931/3091/55967/6622/3481/48/5837/125965/4710/3421/84269/4713/4719/51103/10580/6392,F9
GO:0051988,regulation of attachment of spindle microtubules to kinetochore,22,-0.6607284763662186,-2.0534786698557963,1.4062078828022776e-4,0.005398226057101482,NA,1498,"tags=73%, list=10%, signal=66%",10524/55920/55055/3192/324/9735/983/29127/891/332/3619/55143/10615/1894/9212/4751,F9
GO:0090306,meiotic spindle assembly,12,-0.7594332078166756,-1.9853855690096038,1.4993873915543216e-4,0.005689908410457522,NA,962,"tags=67%, list=6%, signal=62%",26271/348235/259266/6790/9133/221150/10403/220134,F9
GO:0007292,female gamete generation,134,-0.3877782099243556,-1.7434382201034886,1.5010709096776936e-4,0.005689908410457522,NA,2310,"tags=29%, list=15%, signal=25%",1642/164091/3952/91746/8549/5347/4192/2661/56339/7314/56776/54937/84515/9985/675/207/27030/5764/7272/596/5806/340719/4313/26271/4882/348235/9319/259266/342977/6790/283/9133/1906/221150/23397/10403/7153/3625/220134,F9
GO:0031297,replication fork processing,40,-0.5578164564035037,-2.035690674333201,1.5256567576158565e-4,0.00574695829884423,NA,3976,"tags=55%, list=26%, signal=41%",54465/10111/1763/50485/57697/546/54962/5888/25939/580/10293/675/142/641/146956/10721/5111/5932/64710/9156/672/63901,F9
GO:0036297,interstrand cross-link repair,28,-0.6066500831659507,-2.0263935343737636,1.6624220090873256e-4,0.006223240651409509,NA,3047,"tags=61%, list=20%, signal=48%",57697/2187/7415/2175/5888/55120/7517/2188/84515/10635/2177/64858/55247/2178/55215/64710/2176,F9
GO:0071214,cellular response to abiotic stimulus,304,-0.3119007909324413,-1.5527230195964044,1.9061410969940708e-4,0.007048044412014273,NA,3819,"tags=35%, list=25%, signal=27%",4214/3753/7508/94241/3265/6416/5724/23230/231/8372/22890/388/79073/1408/6295/92241/6340/9020/6494/6662/23596/27113/6591/497189/5743/5105/3000/4814/1026/5603/63979/838/26272/94233/4761/894/9033/5064/1642/4869/5888/6609/7157/4790/89872/1958/1605/56339/57646/836/580/359/2203/1654/8740/4308/10635/429/6011/4193/123041/54112/675/3208/5295/5995/1407/3553/144715/664/142/4099/641/2697/835/3673/6513/7098/4313/51701/4776/993/4318/5111/2779/677/1643/5810/834/50848/3659/25896/2056/55872/1111/362/4615/55031/10714/64710/358/1894/8787/9212/672/1956/84329,F9
GO:0104004,cellular response to environmental stimulus,304,-0.3119007909324413,-1.5527230195964044,1.9061410969940708e-4,0.007048044412014273,NA,3819,"tags=35%, list=25%, signal=27%",4214/3753/7508/94241/3265/6416/5724/23230/231/8372/22890/388/79073/1408/6295/92241/6340/9020/6494/6662/23596/27113/6591/497189/5743/5105/3000/4814/1026/5603/63979/838/26272/94233/4761/894/9033/5064/1642/4869/5888/6609/7157/4790/89872/1958/1605/56339/57646/836/580/359/2203/1654/8740/4308/10635/429/6011/4193/123041/54112/675/3208/5295/5995/1407/3553/144715/664/142/4099/641/2697/835/3673/6513/7098/4313/51701/4776/993/4318/5111/2779/677/1643/5810/834/50848/3659/25896/2056/55872/1111/362/4615/55031/10714/64710/358/1894/8787/9212/672/1956/84329,F9
GO:0006720,isoprenoid metabolic process,100,0.40331260189858664,1.8369915284494376,2.1059300617091786e-4,0.0077392929767812315,NA,2493,"tags=31%, list=17%, signal=26%",23590/1592/1543/2224/8854/1545/1382/8608/121214/4598/1056/54884/112724/116150/1571/83875/2222/24/3422/127/158835/220/6715/55825/56603/54344/126/5264/1565/4597/125,F9
GO:0031099,regeneration,176,-0.355209258001464,-1.6689263681019508,2.1288605619369514e-4,0.007776147034420609,NA,2904,"tags=30%, list=19%, signal=25%",59352/2281/2348/4814/1026/3371/8324/4837/2623/4815/5653/7143/1636/6657/790/6665/4756/4192/83481/2735/1605/58529/5792/928/1027/7471/285/5738/4147/5764/596/4099/983/7298/2697/6696/9104/4313/10675/5111/2779/2670/1495/301/6790/1996/2146/133/1719/890/1956/11221/7476,F9
GO:0030258,lipid modification,167,0.342423435954951,1.659373977633114,2.1860020611981192e-4,0.00793676772460305,NA,3873,"tags=38%, list=26%, signal=29%",55613/51094/54677/1543/3032/347/1375/9896/3030/8526/1606/2327/55862/11001/5191/1571/26061/83752/2108/208/6484/1374/127/8821/8309/8898/9370/3636/2109/22908/22876/9108/83667/1891/23417/5465/8867/5264/1666/2329/79143/5728/9518/66036/1892/57704/1609/10903/619373/8660/6483/10478/3633/2326/55198/59344/114757/64840/27349/56898/28/51/10994/129642,F9
GO:1902600,proton transmembrane transport,148,0.35292945865208303,1.693677378744584,2.212239031170459e-4,0.007983930922673268,NA,4439,"tags=47%, list=30%, signal=34%",79400/479/6549/529/51606/26503/84701/3954/8604/389015/56848/83733/4704/27069/4731/480/1327/127124/90423/23545/526/6571/10479/10105/4694/7388/1349/11331/523/9377/4696/4714/4715/7386/9167/7352/528/9016/4700/374291/1340/6565/51382/9550/1537/6564/9114/84286/1329/4723/1182/55967/5250/1497/1528/4710/55002/4713/4719/4718/245973/54997/4711/10159/4709/476/477/4728/84679/10063,F9
GO:0006298,mismatch repair,27,-0.6062309533605457,-2.008674022893352,2.604050988902084e-4,0.009342032922686228,NA,2305,"tags=56%, list=15%, signal=47%",4439/79621/29072/3146/84515/10535/5395/27030/25/7161/5111/4436/2956/10714/9156,F9
GO:0007032,endosome organization,84,0.42129677282751615,1.860403683154338,2.7921146123925504e-4,0.00994684868853573,NA,2404,"tags=33%, list=16%, signal=28%",8027/51606/5873/51361/8674/92421/282679/55361/27183/8766/143187/10043/57617/9146/51534/55823/65977/9101/26276/137492/57403/8867/8724/523/51510/10015/54862/5869,F9
GO:0010038,response to metal ion,309,-0.306273520088007,-1.5272661587499243,2.805648377386882e-4,0.00994684868853573,NA,3091,"tags=33%, list=21%, signal=27%",288/169026/7057/3786/540/3184/673/4864/929/10235/2696/57817/5743/3778/847/4884/2742/10060/22871/254428/8437/8913/4761/9350/131034/3552/3766/7518/10312/4520/2235/8820/2353/9362/10242/23621/3726/3777/5641/1050/3707/29072/7018/27345/18/6263/55512/6609/9378/10369/6279/836/4773/1027/4137/359/2203/5515/6833/3746/4193/445/3208/107/241/3077/664/596/142/983/10768/1800/7846/10243/4776/3795/5111/4493/6556/7037/10165/5359/3815/7412/114/4494/1261/10628/10397/4521/1906/999/7036/358/1894/1956/3625/4499/84329/4129/84557/7015,F9
GO:0044774,mitotic DNA integrity checkpoint signaling,78,-0.4384990156496967,-1.8295428059381094,2.831974463337978e-4,0.009981467889203505,NA,3773,"tags=41%, list=25%, signal=31%",7508/1112/9656/5884/57551/51343/55544/144455/1026/54962/7157/5347/79858/1027/60561/4193/1017/2177/144715/983/641/835/146956/990/4436/51512/1111/63967/51720/65975/51514/672,F9
GO:0060623,regulation of chromosome condensation,11,-0.7700659828642704,-1.9802628878164878,2.8783418074933916e-4,0.01007438734018364,NA,2609,"tags=82%, list=17%, signal=68%",8467/23310/10051/9031/9918/10592/64151/23397/54892,F9
GO:0000281,mitotic cytokinesis,89,-0.43613309508280207,-1.8626122271743413,2.891768723829052e-4,0.01007438734018364,NA,3428,"tags=39%, list=23%, signal=31%",27243/288/55763/129531/388/9585/6093/4628/324/10640/114327/5347/116840/54902/55165/29127/9493/6242/9820/60412/79998/26586/24137/332/3619/128239/3925/55521/55143/1058/1894/9700/9212/10112/54443,F9
GO:0007076,mitotic chromosome condensation,17,-0.6869922872507552,-1.9973769067117855,3.003208687886453e-4,0.010311072038220927,NA,2609,"tags=59%, list=17%, signal=49%",8467/5347/23310/10051/9031/9918/113130/10592/64151/23397,F9
GO:0042771,intrinsic apoptotic signaling pathway in response to DNA damage by p53 class mediator,42,-0.5344257691049008,-1.9757124869770821,3.011031489508683e-4,0.010311072038220927,NA,3971,"tags=52%, list=26%, signal=39%",64782/23028/204851/10210/28996/25946/79073/27113/1026/7157/57646/23612/79915/675/596/7161/3190/3622/22938/80237/4436/960,F9
GO:0042445,hormone metabolic process,203,0.3242867163256777,1.6196078520404633,2.9769539540560957e-4,0.010311072038220927,NA,1668,"tags=23%, list=11%, signal=20%",3169/1592/90527/1543/2692/8854/2304/1735/1545/1646/1382/6716/8608/121214/6934/1511/10699/3292/1056/2672/6469/54884/8528/112724/1734/8879/2784/50506/83875/10269/53919/1513/3624/54361/654/127/15/158835/7173/53905/220/7038/6715/6528/10273/1586,F9
GO:0006271,DNA strand elongation involved in DNA replication,15,-0.7145622988014222,-2.0114916551981543,3.0873901656689606e-4,0.01051282515733719,NA,2864,"tags=67%, list=19%, signal=54%",3978/5426/5983/5984/5111/4172/4173/9837/10714/4176,F9
GO:0045333,cellular respiration,186,0.3277837086815034,1.6063808728447349,3.2378983434272615e-4,0.010963378267323654,NA,3749,"tags=37%, list=25%, signal=28%",50/55847/93058/84275/55753/3419/23479/126328/158/1339/84701/80219/8604/1431/2108/400916/83733/65084/4190/4704/27069/4731/1327/57017/5160/6390/2109/1347/3052/1345/10105/4694/7385/7388/1349/1737/2395/9377/4696/4714/7381/4715/7386/9167/6472/9016/4700/89/374291/1340/8801/3416/5018/1537/1329/4723/4706/3091/55967/6622/48/125965/4710/3421/84269/4713/4719/51103/6392,F9
GO:0007163,establishment or maintenance of cell polarity,205,-0.3384440940572756,-1.60382457156973,3.318138526199673e-4,0.011172302177321469,NA,3651,"tags=35%, list=24%, signal=27%",85302/388585/26086/7474/90410/5048/1739/29999/9638/117583/9585/6494/5590/81704/2319/6093/5080/9355/5879/29780/10312/51421/3996/6693/2294/54820/55083/5347/7465/5881/10806/58480/23291/83700/162282/6624/23286/7477/22919/26030/6425/889/29899/55742/399687/23150/2697/3280/25/4085/137886/348235/81624/2011/2302/1495/286204/57710/4134/10615/8841/9793/1058/11004/9024/221150/358/10403/3993/7476/220134/4478,F9
GO:0032728,positive regulation of interferon-beta production,37,-0.5510834325268442,-1.972791342941902,3.341262568331041e-4,0.01118766083296177,NA,1564,"tags=38%, list=10%, signal=34%",1654/84282/7098/4938/9636/4939/64135/81844/3659/8780/3148/4940/91947/3665,F9
GO:0030010,establishment of cell polarity,149,-0.36058671461317626,-1.64224049045212,3.427538474904941e-4,0.011413135021133745,NA,3825,"tags=40%, list=25%, signal=30%",5310/3764/10524/85302/388585/26086/7474/90410/5048/9638/117583/9585/6494/5590/81704/2319/6093/5080/10312/51421/3996/2294/54820/55083/5347/7465/10806/58480/23291/83700/162282/6624/23286/22919/26030/889/29899/399687/23150/2697/3280/25/4085/137886/348235/81624/2011/2302/286204/4134/10615/8841/1058/9024/221150/10403/3993/7476/220134/4478,F9
GO:0030174,regulation of DNA-templated DNA replication initiation,12,-0.739239146494246,-1.932592252208892,3.4708096927097586e-4,0.011493719790088853,NA,2151,"tags=67%, list=14%, signal=57%",4174/1017/51053/4172/4175/4173/4171/4176,F9
GO:0090231,regulation of spindle checkpoint,22,-0.6378309986498405,-1.9823155767457916,3.5488054161414385e-4,0.011506729035599475,NA,1219,"tags=45%, list=8%, signal=42%",11130/4085/891/332/3619/55143/221150/10403/9212/220134,F9
GO:0090266,regulation of mitotic cell cycle spindle assembly checkpoint,21,-0.6438410416312618,-1.9707333657593287,3.515885143264431e-4,0.011506729035599475,NA,913,"tags=43%, list=6%, signal=40%",4085/891/332/3619/55143/221150/10403/9212/220134,F9
GO:1903504,regulation of mitotic spindle checkpoint,21,-0.6438410416312618,-1.9707333657593287,3.515885143264431e-4,0.011506729035599475,NA,913,"tags=43%, list=6%, signal=40%",4085/891/332/3619/55143/221150/10403/9212/220134,F9
GO:0034341,response to type II interferon,104,-0.41251293801681754,-1.8030238894417332,3.5511060239281603e-4,0.011506729035599475,NA,4410,"tags=47%, list=29%, signal=34%",972/815/54625/3460/10241/7791/8519/7454/2597/5469/10435/7431/3594/7474/169026/2643/3593/5468/4210/115361/7097/10410/7294/7157/5771/6672/83666/445/4843/6347/684/7098/1612/58191/55647/1594/2634/6772/6556/965/6737/834/361/3659/5292/1906/51667/2635/6584,F9
GO:0032543,mitochondrial translation,117,0.3692080255041368,1.7153875333966768,3.590384042369133e-4,0.01157178856864105,NA,5735,"tags=60%, list=38%, signal=37%",55005/7818/54516/64432/57038/51067/118487/51335/84545/85476/60488/64975/54460/6183/26589/122704/79590/84340/63899/51318/29088/64978/64969/51649/6472/51021/29074/11222/22868/55037/64981/92170/64963/5018/51258/28998/64976/54938/55168/9553/4528/90480/64968/51642/6182/55278/54148/28977/51253/9801/26995/54998/219927/64960/10884/63931/7284/55052/64951/84769/23395/65080/64979/65993/708/51263/285367/283459/51073/56945,F9
GO:0006590,thyroid hormone generation,21,0.6203421867743831,2.0160879711869866,3.79890206542621e-4,0.012178714227831792,NA,1611,"tags=48%, list=11%, signal=43%",90527/2304/1734/50506/53919/1513/7173/53905/7038/6528,F9
GO:1904029,regulation of cyclin-dependent protein kinase activity,66,-0.44111685251676763,-1.778401009399326,3.9756756541975565e-4,0.012615077494915035,NA,2774,"tags=39%, list=18%, signal=32%",324/1026/388324/26524/894/4221/5347/10527/1027/8812/5629/207/1031/641/1033/990/993/9077/51191/9088/5292/84722/1956/995/9134/1028,F9
GO:0061564,axon development,478,-0.2785633114058171,-1.448130701279361,3.976878586417549e-4,0.012615077494915035,NA,4051,"tags=37%, list=27%, signal=28%",6683/64221/57556/1889/54915/81565/57689/5747/5062/57731/7976/1385/51265/10154/23390/4781/407006/56978/8851/333/2896/9723/2128/4858/6608/7474/5048/7504/5727/8636/8609/6616/2044/288/2596/22911/63973/9638/57154/2049/3676/673/214/2717/886/9706/8633/5459/27319/4762/59352/2281/5080/9355/3800/1267/4884/10716/4760/5879/2348/9423/4897/2290/22854/3371/4038/25942/4761/7143/3798/3996/4917/26257/2676/4756/4685/56956/128408/7101/655/54910/91137/64843/9037/23114/5454/4804/780/9378/1605/5354/2736/7080/23057/6277/284656/1630/10439/5881/7155/322/57216/836/63974/5792/57453/8482/4133/4137/7477/27185/84628/4218/3792/1496/58158/4089/10752/51393/54437/107/4147/116448/1141/5764/596/4099/6092/3897/2051/6696/25/4313/10939/10675/4684/79805/54413/5663/85449/5803/4882/1907/10215/5800/347733/2011/7422/2064/7869/3670/23242/1495/6585/1943/3925/90249/91584/7345/6474/1906/999/9201/1719/9024/56896/6900/2263/1949/3199/1951/1826/1002/7476/22954,F9
GO:0030261,chromosome condensation,29,-0.5866001879865077,-1.9882203346420657,4.1245178031235557e-4,0.013014905130589356,NA,1999,"tags=45%, list=13%, signal=39%",5347/23310/10051/9031/983/23137/9918/113130/10592/64151/23397/7153/54892,F9
GO:0006270,DNA replication initiation,27,-0.5941634039156944,-1.9686896358285144,4.297712727368956e-4,0.013490788858256613,NA,2151,"tags=52%, list=14%, signal=45%",4174/898/1017/23649/55388/5557/51053/990/4172/4175/4173/4171/4176/9134,F9
GO:0072662,protein localization to peroxisome,19,0.6491969405418918,2.0485572837150814,4.473357564129834e-4,0.01377841396510785,NA,1335,"tags=37%, list=9%, signal=34%",8504/5191/26061/83752/55670/5824/54469,F9
GO:0072663,establishment of protein localization to peroxisome,19,0.6491969405418918,2.0485572837150814,4.473357564129834e-4,0.01377841396510785,NA,1335,"tags=37%, list=9%, signal=34%",8504/5191/26061/83752/55670/5824/54469,F9
GO:0061640,cytoskeleton-dependent cytokinesis,100,-0.39898993370218583,-1.7238388110149832,4.4807850293033657e-4,0.01377841396510785,NA,3428,"tags=38%, list=23%, signal=30%",27243/288/55763/129531/388/9585/6093/4628/324/152015/10640/114327/5347/116840/56776/54902/55165/29127/9493/6242/9820/60412/79998/54784/26586/24137/332/3619/128239/3925/55521/55143/1058/1894/9700/9212/10112/54443,F9
GO:0030900,forebrain development,385,-0.285994335878753,-1.4552438472016513,4.4425703732401534e-4,0.01377841396510785,NA,3809,"tags=35%, list=25%, signal=26%",1385/2890/4781/84678/5914/56978/7531/8851/333/9723/388585/10395/6608/7474/5048/5455/2044/23603/22911/63973/9638/23287/2049/7301/886/3684/4967/5021/9513/4762/5080/9355/3737/1267/10716/4760/546/79048/2290/112840/63827/25942/6506/7143/6657/8820/2353/145258/22803/7101/29954/153241/114327/55636/29072/166614/23135/10460/54820/9037/5454/4192/6434/2735/57282/1000/2736/7080/56339/5881/7155/836/7314/63974/8482/7471/30062/7477/57721/27185/429/3746/5629/26153/5079/340260/5453/57688/4487/50937/1141/664/6092/84623/3280/7846/6513/4036/3340/5308/5663/10215/347733/259266/9928/84879/5992/3670/1869/6585/1943/64211/4763/91584/284403/6491/1996/999/9201/2146/5307/6900/358/63950/2263/1956/170825/57045/3625/7852/7476/6240/23440,F9
GO:0000959,mitochondrial RNA metabolic process,38,0.5241904574789656,1.9169391951277146,4.524069928893387e-4,0.013840898203776875,NA,1169,"tags=24%, list=8%, signal=22%",6832/25821/84275/51067/7019/51095/80324/400916/201626,F9
GO:0036293,response to decreased oxygen levels,294,-0.3060677908454937,-1.5157981215915348,4.568700131470947e-4,0.013906846309280503,NA,3002,"tags=30%, list=20%, signal=25%",5021/5743/3778/847/5105/8994/50809/665/3751/23409/5468/10060/54209/5230/57085/3552/1636/6657/7097/2353/23576/51129/3777/3952/54583/655/3291/18/7157/2168/1958/836/1027/3163/56776/6839/132864/285/4193/2023/9839/112399/4089/64344/207/10038/4843/101/1141/664/596/26608/4323/2030/3673/6513/58157/4313/3099/5328/10449/7422/677/134/83990/7037/54890/2056/114990/7412/4763/1137/6547/283/10397/768/1906/133/406992/7042/8996/358/2263/8614/890/7852/5163/84557/7015,F9
GO:1901978,positive regulation of cell cycle checkpoint,14,-0.7195786296472697,-1.9851946710908461,4.834212919359013e-4,0.01459136389405572,NA,1992,"tags=57%, list=13%, signal=50%",7517/5629/4085/332/3619/55143/10403/9212,F9
GO:0042776,proton motive force-driven mitochondrial ATP synthesis,43,0.49189142645863576,1.8860812198303036,4.841998969323285e-4,0.01459136389405572,NA,5359,"tags=63%, list=36%, signal=41%",126328/4704/4731/6390/4694/4696/4714/4715/4700/374291/4723/4706/55967/4710/4713/4719/6392/4718/4711/4709/4728/4726/4720/6391/4705/30968/51079,F9
GO:0006650,glycerophospholipid metabolic process,256,0.2888825042143144,1.489900232660467,5.367141755757318e-4,0.016093414607935,NA,3103,"tags=31%, list=21%, signal=25%",55613/57406/23761/80271/824/9896/5833/4952/3030/8526/204962/1606/5332/7376/56994/255189/93183/3612/8395/55361/51573/10908/23007/55697/57605/5279/8821/51099/255043/54872/256987/8898/57678/8398/3636/22908/51205/100137049/8678/22876/949/9108/54344/388121/8811/51365/23167/64600/8867/3949/11331/253430/79143/114882/5444/80157/55326/5728/5130/391013/3628/64419/660/66036/5297/254531/57515/9489/9488/1609/3357/10903/9588/5331/138429/26090/117283/80339/55500/3358,F9
GO:0044272,sulfur compound biosynthetic process,160,0.3331091839068034,1.6011675673651342,5.396704265683823e-4,0.016101948816473467,NA,3824,"tags=41%, list=25%, signal=31%",10678/4552/222537/10331/9955/6934/4507/10402/2328/9394/11001/55256/9469/23743/6785/635/9348/6484/60490/23205/2729/5160/51380/2194/197322/11019/10560/266722/166012/2182/56548/23417/23657/79993/2681/2678/1737/4357/11332/55454/2730/81616/494143/9375/55229/79369/6505/9953/26035/9435/6483/7358/80704/51144/2326/2181/10327/6622/64132/23181/9060/8509/27010/337876/53354,F9
GO:0007389,pattern specification process,428,-0.2790766231573919,-1.4354586257443946,5.719188522519525e-4,0.016980073509963143,NA,2930,"tags=29%, list=20%, signal=24%",10297/4762/55502/5080/9355/4086/55764/56917/5125/10716/324/4760/54903/2348/91851/2290/4038/1952/579/9350/2019/9742/64399/3214/4211/8553/4909/145258/441478/10683/7704/655/116039/4223/55897/2294/7157/8642/6434/2735/2736/4821/3170/7080/55329/6881/54475/54880/6493/64853/57216/57453/7471/26585/30062/7477/257/3212/121643/429/85407/3207/5100/340260/4089/8701/3226/4487/50937/3223/6092/3206/3225/2697/3280/9464/4036/3238/84314/5308/718/7516/5663/187/2246/57619/120237/3235/3955/2302/3224/3205/3670/23242/3222/286204/23237/4090/3237/3236/6910/6790/3227/4188/6491/3213/4838/1906/3201/3232/63950/2263/3233/3199/170825/3200/3221/7476/10660/1482/3202/3204/3203,F9
GO:0090232,positive regulation of spindle checkpoint,12,-0.7254612672812781,-1.8965727546685802,5.889844295674318e-4,0.017316142229282495,NA,913,"tags=58%, list=6%, signal=55%",7517/4085/332/3619/55143/10403/9212,F9
GO:0090267,positive regulation of mitotic cell cycle spindle assembly checkpoint,12,-0.7254612672812781,-1.8965727546685802,5.889844295674318e-4,0.017316142229282495,NA,913,"tags=58%, list=6%, signal=55%",7517/4085/332/3619/55143/10403/9212,F9
GO:0070486,leukocyte aggregation,12,-0.7246644386308427,-1.8944896062267362,5.973386795552624e-4,0.017476505930483333,NA,3728,"tags=83%, list=25%, signal=63%",5880/7535/6793/655/6279/6280/3037/3553/960/4478,F9
GO:0032239,regulation of nucleobase-containing compound transport,17,-0.6694092563992766,-1.9462556053165556,6.360157893139777e-4,0.018518198851185233,NA,3738,"tags=53%, list=25%, signal=40%",10657/8737/9972/55677/1660/29072/6830/134/54890,F9
GO:0051290,protein heterotetramerization,16,-0.6813735333018599,-1.9556060246352025,7.05846746037821e-4,0.02038379781800445,NA,3825,"tags=56%, list=25%, signal=42%",5310/2902/2904/3848/79869/7923/2892/6241/6240,F9
GO:0051960,regulation of nervous system development,421,-0.2789277260400949,-1.4314996444296828,7.068547774950938e-4,0.02038379781800445,NA,2729,"tags=25%, list=18%, signal=21%",9423/22871/2290/4038/54209/23013/94030/274/63827/57165/5789/7143/1636/8553/7097/10683/7101/1404/655/55636/10810/57555/4076/9037/7157/4067/4192/9378/1605/84504/3687/4821/1630/176/8482/4133/4137/27185/6833/3196/429/1627/5629/207/51393/11076/3553/50937/5764/26045/4099/6092/57633/3897/23363/3280/6696/3556/4036/30812/4152/1890/7161/9820/1523/644943/22938/4776/54413/7516/5663/5803/80237/10215/259266/9928/2670/7422/406957/1495/6585/60484/3815/4763/91584/284403/3213/6474/999/6664/2146/3148/56896/302/63950/1949/6281/1956/170825/7852/11221/1826/5129/1002/7476/23440/22954,F9
GO:0015986,proton motive force-driven ATP synthesis,45,0.4898640512634152,1.894328634265988,7.142728738023222e-4,0.020499631478126647,NA,5359,"tags=62%, list=36%, signal=40%",126328/4704/4731/6390/4694/523/4696/4714/4715/4700/374291/4723/4706/55967/4710/4713/4719/6392/4718/4711/4709/4728/4726/4720/6391/4705/30968/51079,F9
GO:0072520,seminiferous tubule development,15,-0.6918982794568906,-1.9476924793093018,7.68465538574824e-4,0.021642718696217124,NA,2758,"tags=67%, list=18%, signal=54%",367/546/2241/7314/9985/4089/3622/83990/3625/81930,F9
GO:0042773,ATP synthesis coupled electron transport,79,0.4118634439951742,1.7820627579684867,7.672076958839377e-4,0.021642718696217124,NA,4100,"tags=49%, list=27%, signal=36%",23479/1339/84701/4704/27069/4731/1327/57017/6390/1347/1345/4694/7385/7388/1349/9377/4696/4714/7381/4715/7386/9167/4700/374291/1340/1537/1329/4723/4706/55967/6622/4710/4713/4719/51103/6392/4718/4711/4709,F9
GO:0042775,mitochondrial ATP synthesis coupled electron transport,79,0.4118634439951742,1.7820627579684867,7.672076958839377e-4,0.021642718696217124,NA,4100,"tags=49%, list=27%, signal=36%",23479/1339/84701/4704/27069/4731/1327/57017/6390/1347/1345/4694/7385/7388/1349/9377/4696/4714/7381/4715/7386/9167/4700/374291/1340/1537/1329/4723/4706/55967/6622/4710/4713/4719/51103/6392/4718/4711/4709,F9
GO:0036294,cellular response to decreased oxygen levels,142,-0.3585537336520575,-1.6171852709024035,7.641651603058485e-4,0.021642718696217124,NA,2963,"tags=34%, list=20%, signal=27%",5743/5105/50809/665/3751/23409/5468/54209/5230/2353/23576/3777/54583/655/7157/2168/1027/56776/6839/132864/4193/2023/112399/64344/207/101/664/596/26608/2030/58157/10449/7422/677/83990/114990/6547/10397/1906/406992/8996/358/2263/8614/890/5163/84557/7015,F9
GO:0016032,viral process,384,-0.27837992994428,-1.4172325034938171,7.768382154315307e-4,0.02177676243909691,NA,3031,"tags=26%, list=20%, signal=22%",9235/10739/6732/55223/406919/10107/51574/7415/1234/56829/27350/5125/9972/1104/253832/200315/3956/941/942/53349/131578/7538/1660/1642/5478/10410/5702/9218/6609/10572/200316/7157/85363/1605/4340/9150/7155/3383/10155/7913/6733/3146/6672/7706/388419/2589/1654/9080/3838/8812/83666/5629/207/3304/5289/6347/596/79720/983/5806/4245/23137/3673/4057/3429/684/6614/4938/4684/2530/22938/1452/9636/60489/140564/155382/9830/6772/4939/9582/7037/64135/6737/50848/5359/821/8638/10318/91543/4599/64710/4940/55128/11043/7153/1949/1956/63901/7852/3665/22954,F9
GO:0022904,respiratory electron transport chain,98,0.38659246373772466,1.745826403722055,7.815145993036848e-4,0.02180642819445976,NA,4100,"tags=46%, list=27%, signal=34%",23479/1339/84701/8604/2108/83733/4190/4704/27069/4731/1327/57017/6390/2109/1347/3052/1345/4694/7385/7388/1349/9377/4696/4714/7381/4715/7386/9167/4700/374291/1340/1537/1329/4723/4706/55967/6622/4710/4713/4719/51103/6392/4718/4711/4709,F9
GO:0042552,myelination,144,-0.3577858356460072,-1.6187140768615442,9.481509325839982e-4,0.026334127514671693,NA,2514,"tags=31%, list=17%, signal=26%",3766/5653/81846/7097/94103/20/91137/10810/2065/23114/5454/1605/84504/5354/3687/4336/83700/928/8560/3792/4155/207/5453/11076/5764/4099/1890/10939/4118/5803/10215/9928/2064/5376/4359/7572/4763/54468/6547/10397/6900/83742/7852/5129,F9
GO:0042574,retinal metabolic process,13,0.7222604363602741,2.009925511601216,9.738554984572631e-4,0.026910212957168153,NA,1548,"tags=46%, list=10%, signal=41%",8854/1545/112724/83875/24/220,F9
GO:0021782,glial cell development,124,-0.3733640726893956,-1.671436836237295,9.778225713654928e-4,0.026910212957168153,NA,2681,"tags=32%, list=18%, signal=27%",4919/54209/3766/7097/20/91137/10810/2065/5454/4067/4192/1605/84504/5354/4336/4821/6279/4137/6280/429/728/9839/207/5453/11076/3553/116448/4099/10675/4118/5663/2670/406957/2064/4763/54468/10397/6664/6900/1956,F9
GO:0045840,positive regulation of mitotic nuclear division,44,-0.4978511099132823,-1.8578725909813323,9.822940991115559e-4,0.02691039334247885,NA,370,"tags=20%, list=2%, signal=20%",6790/991/11065/1906/221150/9700/9787/8697/220134,F9
GO:0000212,meiotic spindle organization,18,-0.6481019022530492,-1.907275269075824,0.0010399347129222845,0.028360572465079677,NA,962,"tags=67%, list=6%, signal=62%",546/1642/7283/26271/348235/259266/6790/9133/221150/9700/10403/220134,F9
GO:0046856,phosphatidylinositol dephosphorylation,25,0.5733835719690474,1.913547339618673,0.0010803818394008585,0.02933090696427466,NA,3261,"tags=52%, list=22%, signal=41%",55613/9896/8821/8898/3636/22908/22876/9108/8867/5728/66036/10903/3633,F9
GO:0010971,positive regulation of G2/M transition of mitotic cell cycle,27,-0.5698445964132619,-1.8881121651020596,0.0011032458406826666,0.029817321443024358,NA,2565,"tags=44%, list=17%, signal=37%",25942/80174/3306/983/26271/993/891/8317/1019/51514/995/6240,F9
GO:2000197,regulation of ribonucleoprotein complex localization,11,-0.7370369826504277,-1.8953271747729423,0.001146006006150496,0.030834724102986787,NA,2771,"tags=55%, list=18%, signal=45%",8241/55781/55677/29072/6830/54890,F9
GO:0090307,mitotic spindle assembly,63,-0.45046787296683244,-1.8031909232209022,0.0011602034643052167,0.030977615406581886,NA,1360,"tags=27%, list=9%, signal=25%",3304/29127/9493/3832/24137/332/3619/3833/4605/991/55143/22974/56992/3796/9212/4751/29128,F9
GO:0009411,response to UV,140,-0.3554225111830637,-1.6037769561045314,0.001161596330162188,0.030977615406581886,NA,2424,"tags=26%, list=16%, signal=22%",2235/4221/54962/1642/4869/6609/7157/56339/57646/836/4193/1991/675/207/5295/596/142/7398/4313/4776/993/4318/5111/4436/90313/1643/2956/55872/55031/10714/358/51514/9212/2237/1956/22954,F9
GO:0022900,electron transport chain,107,0.3688694162113493,1.688518003384771,0.0011674326886401344,0.030996109314687624,NA,3853,"tags=43%, list=26%, signal=32%",23479/1339/84701/8604/2108/83733/4190/4704/27069/4731/1327/57017/6390/2109/1347/3052/1345/4694/7385/2230/7388/1349/9377/4696/10954/4714/7381/4715/7386/9167/4700/374291/1340/1537/1329/4723/4706/10495/55967/6622/4710/4713/4719/51103/6392/4718,F9
GO:0048568,embryonic organ development,428,-0.2728564454014383,-1.4034645170568625,0.0011912851300306295,0.031490681924099144,NA,3034,"tags=28%, list=20%, signal=23%",497189/5459/65979/2020/9021/4762/5080/55764/144455/5125/4760/54903/2348/9423/2290/579/5156/2623/2019/9742/3214/5426/8820/145258/3726/3399/6665/125488/54583/6886/1050/655/116039/55897/2294/55636/29072/8575/51141/7157/6434/2735/64072/2736/6881/57216/10155/6768/51384/57453/2487/7471/7477/257/3212/7003/121643/3207/5629/5079/207/4487/2535/4522/4323/5456/7942/3225/2697/3280/9464/3340/80714/79805/5308/5663/7005/187/347733/7422/677/3235/3205/23242/5919/286204/3815/10733/91584/3237/3236/22846/3227/4188/6491/3213/6474/4838/1906/3201/6664/133/9132/7042/3232/2263/3233/1956/3199/79733/3198/3200/6913/3221/10660/1482/259236/5154/3202/3204,F9
GO:0051299,centrosome separation,15,-0.6771552886159117,-1.9061909851792103,0.0012637016961742026,0.032450957241606154,NA,2034,"tags=53%, list=14%, signal=46%",54820/116840/137886/3832/1111/6790/56992/4751,F9
GO:0071456,cellular response to hypoxia,135,-0.3619094902824784,-1.6328920015111865,0.0012416663592557237,0.032450957241606154,NA,2963,"tags=34%, list=20%, signal=28%",5743/5105/50809/665/3751/23409/5468/54209/5230/2353/23576/3777/54583/655/7157/2168/1027/56776/6839/132864/4193/2023/112399/64344/101/664/596/26608/2030/58157/10449/7422/677/83990/114990/6547/10397/1906/406992/8996/358/2263/8614/890/5163/7015,F9
GO:0007272,ensheathment of neurons,146,-0.3534793744334538,-1.6033474223492874,0.0012566519877294997,0.032450957241606154,NA,2514,"tags=30%, list=17%, signal=25%",3766/5653/81846/7097/94103/20/91137/10810/2065/23114/5454/1605/84504/5354/3687/4336/83700/928/8560/3792/4155/207/5453/11076/5764/4099/1890/10939/4118/5803/10215/9928/2064/5376/4359/7572/4763/54468/6547/10397/6900/83742/7852/5129,F9
GO:0008366,axon ensheathment,146,-0.3534793744334538,-1.6033474223492874,0.0012566519877294997,0.032450957241606154,NA,2514,"tags=30%, list=17%, signal=25%",3766/5653/81846/7097/94103/20/91137/10810/2065/23114/5454/1605/84504/5354/3687/4336/83700/928/8560/3792/4155/207/5453/11076/5764/4099/1890/10939/4118/5803/10215/9928/2064/5376/4359/7572/4763/54468/6547/10397/6900/83742/7852/5129,F9
GO:0001666,response to hypoxia,281,-0.30213894685905107,-1.492067748395161,0.0012653019664472284,0.032450957241606154,NA,2963,"tags=30%, list=20%, signal=24%",5743/3778/847/5105/8994/50809/665/3751/23409/5468/10060/54209/5230/57085/3552/1636/7097/2353/23576/51129/3777/3952/54583/655/3291/18/7157/2168/1958/836/1027/3163/56776/6839/132864/285/4193/2023/112399/4089/64344/4843/101/1141/664/596/26608/4323/2030/3673/6513/58157/4313/3099/5328/10449/7422/677/134/83990/7037/54890/2056/114990/7412/4763/1137/6547/283/10397/768/1906/133/406992/7042/8996/358/2263/8614/890/7852/5163/7015,F9
GO:0051054,positive regulation of DNA metabolic process,260,-0.30306920112318764,-1.4886128035944297,0.0012593429304984974,0.032450957241606154,NA,4018,"tags=35%, list=27%, signal=26%",23347/6602/6604/5155/79913/10111/11177/81620/7454/3320/1763/10524/6416/2021/125476/3181/8289/940/9275/3184/25913/1161/5985/2643/5558/2187/605/144455/50507/546/1026/2271/8467/26272/27154/6742/54799/93973/80174/1660/10459/5888/8295/7465/2735/8193/2736/7155/10155/3146/1027/56776/79915/5983/200558/10635/26277/4931/1017/51412/207/5395/7126/55135/142/983/7398/5984/8110/22976/55063/993/5111/4436/7422/7037/10926/8317/8914/2305/5982/10902/4772/51720/54556/9212/672/2139/890/1956/79733/4751,F9
GO:0051338,regulation of transferase activity,450,-0.26871945526457525,-1.3905493528379975,0.0012402170432596815,0.032450957241606154,NA,2665,"tags=24%, list=18%, signal=20%",2950/388324/54209/11329/26524/10114/894/11006/5569/4221/7538/3952/146850/5478/4869/2013/10459/6609/25937/5347/58533/4067/6879/64853/5771/51438/10527/1027/26585/4137/183/1654/5515/5983/9529/8812/26277/1116/1991/728/5629/207/1031/11314/3553/151636/407019/4878/4916/7564/641/7186/57561/4057/25/7098/26271/1033/5984/4085/2268/5663/990/993/1917/9479/5111/9077/5800/2246/2011/9928/5933/79706/2064/80829/2056/51191/116986/80725/4763/9088/114/6547/9770/7345/991/5292/10040/5982/63967/11065/22974/1906/2146/84722/7042/1894/1956/11221/995/9134/1062/91947/5154/1028,F9
GO:0065004,protein-DNA complex assembly,146,-0.3533278849506238,-1.6026602810636104,0.0012724587238605973,0.03249622342672805,NA,2807,"tags=31%, list=19%, signal=25%",50809/546/8467/219541/10036/201161/23421/4869/6418/5888/7157/6879/11198/6881/64754/3146/400569/9735/11339/4678/55839/55090/79003/6925/29028/51053/5928/9443/10629/2972/8208/6749/79172/2491/1063/64946/55355/55723/64105/1058/4676/3148/9787/4171/1062,F9
GO:0006123,"mitochondrial electron transport, cytochrome c to oxygen",17,0.65580474304363,1.9810517410605546,0.0012843648281290131,0.032524650500561185,NA,3251,"tags=59%, list=22%, signal=46%",1339/84701/1327/1347/1345/1349/9377/9167/1340/1329,F9
GO:0051607,defense response to virus,262,-0.3031050237896976,-1.4881601625646972,0.0012797624038515794,0.032524650500561185,NA,2802,"tags=29%, list=19%, signal=24%",56829/27350/665/9255/10060/8467/200315/25942/146857/29800/7097/1660/6693/10410/29072/8575/200316/85363/25939/3687/10155/3433/7706/81786/83666/91607/10964/10146/84282/3553/151636/664/596/4277/57663/4600/3627/3429/55601/684/2537/64108/7098/10417/4938/91351/9636/60489/140564/2634/6772/81030/4939/9582/64135/81844/6737/834/54476/3659/5359/81622/51191/8638/4615/3437/8780/91543/4599/90933/4940/11043/2635/3665/22954,F9
GO:1902751,positive regulation of cell cycle G2/M phase transition,30,-0.5585263519463789,-1.9148332589948938,0.0013157821177620112,0.032769499271700996,NA,2565,"tags=47%, list=17%, signal=39%",25942/80174/4869/3306/79915/983/26271/993/891/8317/1019/51514/995/6240,F9
GO:0007131,reciprocal meiotic recombination,41,-0.5007475478098735,-1.842259794032077,0.0013133033712547542,0.032769499271700996,NA,2386,"tags=41%, list=16%, signal=35%",29893/400629/4439/5888/7155/10635/9985/124817/2177/27030/8438/146956/9319/83990/80010/84057/7153,F9
GO:0140527,reciprocal homologous recombination,41,-0.5007475478098735,-1.842259794032077,0.0013133033712547542,0.032769499271700996,NA,2386,"tags=41%, list=16%, signal=35%",29893/400629/4439/5888/7155/10635/9985/124817/2177/27030/8438/146956/9319/83990/80010/84057/7153,F9
GO:0034340,response to type I interferon,68,-0.4335397329400493,-1.755048457251099,0.0013038607386102144,0.032769499271700996,NA,2341,"tags=35%, list=16%, signal=30%",25942/149095/10410/29072/6609/25939/56339/5771/6672/57663/3429/4938/9636/6772/81030/4939/64135/81844/8638/4615/4599/90933/4940/3665,F9
GO:0006636,unsaturated fatty acid biosynthetic process,41,-0.49830971544788655,-1.833290962203101,0.0014304117072265587,0.03547774221997724,NA,3111,"tags=49%, list=21%, signal=39%",9536/26063/5743/64834/27306/83401/3995/221955/54898/247/8560/873/9415/3553/50640/5742/1907/2171/3992/1906,F9
GO:0040001,establishment of mitotic spindle localization,37,-0.5148424500599316,-1.8430543698258541,0.0014855582346806346,0.03669450606729584,NA,3977,"tags=51%, list=26%, signal=38%",81565/10524/26086/5048/3837/5080/54820/5347/23291/162282/22919/29899/2697/4085/137886/8841/1058/9700/10403,F9
GO:0044773,mitotic DNA damage checkpoint signaling,75,-0.4324433710902133,-1.7855755709955128,0.0014930300069789287,0.036728538171681646,NA,3773,"tags=41%, list=25%, signal=31%",7508/1112/9656/5884/57551/51343/55544/144455/1026/54962/7157/5347/79858/1027/60561/4193/1017/2177/144715/983/641/835/146956/4436/51512/1111/63967/51720/65975/51514/672,F9
GO:0042255,ribosome assembly,46,0.46740172613268804,1.8142217995513705,0.0015212891008096828,0.03727158296983723,NA,3700,"tags=48%, list=25%, signal=36%",6223/51388/3921/6125/23212/51335/51154/6234/6169/57647/6135/6232/23246/4839/22868/6209/26609/2197/23195/6152/27349/51065,F9
GO:0071824,protein-DNA complex organization,165,-0.3385652571239992,-1.5726142638841851,0.0015355649794926713,0.03746902887207421,NA,4027,"tags=40%, list=27%, signal=30%",9442/6602/6604/7343/11177/29855/81620/5469/2959/5706/7067/9733/8289/54108/1105/6662/132660/144108/50809/546/8467/219541/10036/201161/23421/4869/29072/6418/5888/7157/6879/11198/6881/64754/6830/3146/4778/400569/9735/11339/4678/55839/55090/79003/6925/29028/51053/5928/9443/10629/2972/8208/6749/79172/2491/1063/64946/55355/55723/64105/1058/4676/3148/9787/4171/1062,F9
GO:0071248,cellular response to metal ion,161,-0.34235458992848006,-1.5871266182678443,0.0015608200018576292,0.037931702222564236,NA,2790,"tags=32%, list=19%, signal=27%",4884/2742/10060/22871/254428/8437/4761/9350/131034/3766/7518/4520/8820/2353/9362/23621/3726/3777/5641/1050/3707/7018/6263/55512/6609/9378/4773/1027/359/2203/3208/107/241/3077/664/142/1800/7846/4776/4493/6556/114/4494/1906/999/7036/358/1894/3625/4499/84329/84557,F9
GO:0008630,intrinsic apoptotic signaling pathway in response to DNA damage,94,-0.40478176023737644,-1.7312152643502192,0.0015933701700558782,0.03841296805970711,NA,3661,"tags=37%, list=24%, signal=28%",204851/10210/28996/57600/25946/79073/7133/10018/27113/6591/1026/7157/57646/637/23612/597/79915/675/5295/596/835/25/7161/3190/3622/22938/4776/80237/4436/1869/960/2956/55031/672/22954,F9
GO:0032886,regulation of microtubule-based process,228,-0.3084179169059558,-1.4941025672618442,0.0015890145202191851,0.03841296805970711,NA,2934,"tags=26%, list=20%, signal=22%",6093/10297/3192/8480/324/5879/246176/1104/27124/11170/55835/50861/153241/4869/122060/1729/10460/5347/7517/81551/1027/4133/4137/22919/93323/3304/8701/79929/11076/29899/9104/25/348235/55226/81624/2011/79998/24139/26586/2064/3925/10733/58526/55521/115106/284403/11075/6790/899/6491/10615/9793/22974/10982/84722/221150/9212/672/81930/220134,F9
GO:0007549,sex-chromosome dosage compensation,19,-0.6357341636774956,-1.8954515628214839,0.001632999262691893,0.03905589903271444,NA,2924,"tags=58%, list=19%, signal=47%",3192/29890/23013/91746/56339/23512/7503/3190/3930/8841/672,F9
GO:0009048,dosage compensation by inactivation of X chromosome,19,-0.6357341636774956,-1.8954515628214839,0.001632999262691893,0.03905589903271444,NA,2924,"tags=58%, list=19%, signal=47%",3192/29890/23013/91746/56339/23512/7503/3190/3930/8841/672,F9
GO:0009404,toxin metabolic process,14,0.6853306907317276,1.9432370423106278,0.001640057910753659,0.03906967995301305,NA,3563,"tags=71%, list=24%, signal=55%",1543/1545/2327/1374/400/5581/29104/57412/2326/54577,F9
GO:1902412,regulation of mitotic cytokinesis,16,-0.6616271398640817,-1.8989320211930576,0.0016646733051387458,0.03934504317674989,NA,666,"tags=38%, list=4%, signal=36%",79998/332/3619/55143/1894/9212,F9
GO:0031113,regulation of microtubule polymerization,58,-0.4544386172670974,-1.7977917304472752,0.0016617006742367121,0.03934504317674989,NA,1686,"tags=26%, list=11%, signal=23%",1027/4133/4137/22919/93323/3304/25/79998/24139/3925/115106/11075/9793/84722/220134,F9
GO:0035791,platelet-derived growth factor receptor-beta signaling pathway,15,-0.6701815027951868,-1.8865597899607434,0.0017098712813143036,0.04011529511637254,NA,1753,"tags=40%, list=12%, signal=35%",5771/4015/25/9026/3092/5154,F9
GO:0043154,negative regulation of cysteine-type endopeptidase activity involved in apoptotic process,40,-0.5000721930790246,-1.824959246465731,0.0017105742234789685,0.04011529511637254,NA,2001,"tags=35%, list=13%, signal=30%",2168/1654/207/1800/2537/114769/5329/4318/7422/960/332/55031/8996/358,F9
GO:1900087,positive regulation of G1/S transition of mitotic cell cycle,45,-0.47860642571434786,-1.7909386803282605,0.001794814018420276,0.04192769026751551,NA,2760,"tags=40%, list=18%, signal=33%",7027/894/55835/898/255374/1654/56257/4193/207/134353/990/301/6491/1956/6241/9134/6240/7015,F9
GO:0007144,female meiosis I,10,-0.7549673125013395,-1.8856889405144313,0.0018325860890119072,0.04248075522490294,NA,1744,"tags=70%, list=12%, signal=62%",7314/27030/26271/9319/6790/9133/10403,F9
GO:0032147,activation of protein kinase activity,58,-0.4529172206649989,-1.7917729764812678,0.0018262203601847745,0.04248075522490294,NA,1439,"tags=26%, list=10%, signal=23%",1116/4916/7186/25/7098/2246/2011/9928/80829/114/10040/63967/22974/7042/1894,F9
GO:0051445,regulation of meiotic cell cycle,60,-0.44719699362803733,-1.7671888485609017,0.0018758732173168114,0.04331757808723533,NA,1818,"tags=32%, list=12%, signal=28%",56339/246184/10635/286151/124817/4487/7272/11130/26271/993/4882/9319/259266/3955/5810/9088/991/8697/995,F9
GO:0006730,one-carbon metabolic process,36,-0.5119152767784072,-1.8174924527588678,0.0018833948465993993,0.043325270001735035,NA,1243,"tags=33%, list=8%, signal=31%",760/4522/7298/10768/767/761/771/94081/10840/6470/768/1719,F9
GO:0007056,spindle assembly involved in female meiosis,10,-0.75408089527462,-1.883474927889741,0.0018998351014796174,0.04353728576660705,NA,962,"tags=70%, list=6%, signal=66%",26271/348235/6790/9133/221150/10403/220134,F9
GO:0010257,NADH dehydrogenase complex assembly,47,0.4674522256521971,1.8328422784410292,0.001960264617108219,0.044583074895514094,NA,4328,"tags=55%, list=29%, signal=40%",57226/29078/126328/4704/9131/4694/84233/4696/4714/4715/25915/55863/4700/374291/5018/4706/55967/4710/4713/4719/51103/4718/617/4711/4709/4728,F9
GO:0032981,mitochondrial respiratory chain complex I assembly,47,0.4674522256521971,1.8328422784410292,0.001960264617108219,0.044583074895514094,NA,4328,"tags=55%, list=29%, signal=40%",57226/29078/126328/4704/9131/4694/84233/4696/4714/4715/25915/55863/4700/374291/5018/4706/55967/4710/4713/4719/51103/4718/617/4711/4709/4728,F9
GO:0019058,viral life cycle,276,-0.2959734446790291,-1.4622769246827976,0.002007290466168041,0.04548097608870219,NA,3758,"tags=34%, list=25%, signal=26%",950/407006/54737/57169/117854/6590/8673/3326/3669/4061/940/27243/6780/7301/4864/103/9235/10739/6732/55223/10107/7415/1234/56829/27350/5125/9972/200315/3956/941/942/53349/131578/1642/5478/10410/9218/6609/10572/200316/85363/1605/4340/7155/3383/10155/7913/6733/3146/7706/388419/1654/9080/3838/8812/5629/3304/5289/6347/596/79720/983/5806/23137/3673/4057/3429/684/6614/4938/4684/9636/60489/140564/155382/4939/9582/7037/64135/6737/50848/5359/8638/10318/91543/4599/64710/4940/55128/11043/7153/1949/1956/63901/7852,F9
GO:0098900,regulation of action potential,56,0.4315333590623781,1.7530750243558086,0.0020293226792553183,0.045807969242965554,NA,3286,"tags=36%, list=22%, signal=28%",388591/6869/781/2258/1269/1832/54795/1829/9096/775/148/2859/2257/488/808/5318/8514/3747/2702/6262,F9
GO:0070192,chromosome organization involved in meiotic cell cycle,44,-0.4815027067812938,-1.7968638888203081,0.0020417850772120032,0.045917308434166956,NA,2386,"tags=43%, list=16%, signal=36%",29893/4439/5888/898/23310/10051/9985/2177/56158/27030/10734/55063/9918/9319/83990/10592/84057/23397/9134,F9
GO:0042276,error-prone translesion synthesis,11,-0.7259564209835452,-1.866832960597328,0.002067957891515694,0.04616141560061144,NA,2177,"tags=55%, list=14%, signal=47%",11201/10459/7398/10721/5427/10714,F9
GO:0000132,establishment of mitotic spindle orientation,32,-0.5273813795187102,-1.8319974340238705,0.0020606555492749604,0.04616141560061144,NA,2034,"tags=53%, list=14%, signal=46%",81565/10524/26086/5048/5080/54820/5347/23291/162282/22919/29899/2697/4085/137886/8841/1058/10403,F9
GO:0000910,cytokinesis,157,-0.3335262809621513,-1.5351999179166305,0.002117827181132504,0.04710016391396901,NA,1671,"tags=20%, list=11%, signal=18%",116840/56776/54902/55165/675/5289/84440/29127/9493/6242/9820/60412/990/9928/79998/54784/26586/24137/332/3619/128239/3925/55521/6790/55143/1058/1894/9700/9212/79733/10112/54443,F9
GO:0048144,fibroblast proliferation,97,-0.38088359144798195,-1.6408060250020946,0.0022222271125967824,0.048967095834965814,NA,2733,"tags=33%, list=18%, signal=27%",1026/10060/2950/388324/26272/5156/1660/5052/79621/54331/1164/7157/4804/6277/7471/7477/183/11314/983/25/990/11285/1869/891/4763/1019/358/890/1956/79733/5154/22954,F9
GO:0032479,regulation of type I interferon production,114,-0.3682334224095243,-1.6248654258876707,0.002226146384400304,0.048967095834965814,NA,3328,"tags=32%, list=22%, signal=25%",7187/79132/26191/929/85364/56829/54739/9111/7097/1660/29072/23326/23547/10293/1654/3838/84868/10146/84282/6614/7098/4938/9636/6772/4939/64135/81844/6737/54476/3659/4615/8780/79671/3148/4940/91947/3665,F9
GO:0032606,type I interferon production,114,-0.3682334224095243,-1.6248654258876707,0.002226146384400304,0.048967095834965814,NA,3328,"tags=32%, list=22%, signal=25%",7187/79132/26191/929/85364/56829/54739/9111/7097/1660/29072/23326/23547/10293/1654/3838/84868/10146/84282/6614/7098/4938/9636/6772/4939/64135/81844/6737/54476/3659/4615/8780/79671/3148/4940/91947/3665,F9
